/*--------------------------------*- C++ -*----------------------------------*\
| =========                 |                                                 |
| \\      /  F ield         | OpenFOAM: The Open Source CFD Toolbox           |
|  \\    /   O peration     | Version:  2506                                  |
|   \\  /    A nd           | Website:  www.openfoam.com                      |
|    \\/     M anipulation  |                                                 |
\*---------------------------------------------------------------------------*/
FoamFile
{
    version     2.0;
    format      ascii;
    arch        "LSB;label=32;scalar=64";
    class       volScalarField;
    location    "84";
    object      k;
}
// * * * * * * * * * * * * * * * * * * * * * * * * * * * * * * * * * * * * * //

dimensions      [0 2 -2 0 0 0 0];

internalField   nonuniform List<scalar> 
69944
(
0.31206
0.310607
0.302026
0.290181
0.277656
0.265466
0.253966
0.243293
0.233494
0.224567
0.216476
0.209169
0.202588
0.196674
0.191376
0.186643
0.182433
0.178705
0.175422
0.172552
0.170065
0.167933
0.166134
0.164644
0.163445
0.162518
0.16185
0.161424
0.16123
0.161256
0.161493
0.161933
0.162567
0.163391
0.164397
0.165581
0.166943
0.168482
0.170197
0.172097
0.292411
0.281104
0.27107
0.26206
0.253957
0.246781
0.240487
0.234995
0.230243
0.226183
0.222772
0.219965
0.217721
0.216003
0.214786
0.214047
0.213767
0.213928
0.214516
0.215515
0.216912
0.218696
0.220855
0.223381
0.226265
0.229502
0.233087
0.237016
0.241287
0.245899
0.250851
0.256144
0.261782
0.267767
0.274104
0.2808
0.287857
0.295268
0.303037
0.311144
0.288147
0.276151
0.265177
0.254913
0.245281
0.236299
0.227964
0.220253
0.213144
0.206609
0.200614
0.195119
0.19008
0.185459
0.181221
0.177337
0.173781
0.170528
0.167558
0.164848
0.16238
0.160137
0.158103
0.156263
0.154606
0.153118
0.151789
0.15061
0.149573
0.148668
0.14789
0.147233
0.14669
0.146259
0.145931
0.145702
0.145569
0.145541
0.145617
0.145805
0.286595
0.273608
0.261537
0.250267
0.23976
0.229995
0.220944
0.21257
0.204833
0.19769
0.191093
0.184991
0.179336
0.174085
0.169202
0.164659
0.160429
0.156489
0.152815
0.149388
0.14619
0.143203
0.140412
0.137802
0.135361
0.133077
0.13094
0.128939
0.127066
0.125313
0.123673
0.12214
0.120704
0.119362
0.11811
0.116944
0.115861
0.114855
0.113923
0.113061
0.286003
0.272704
0.260401
0.248972
0.238346
0.228472
0.219299
0.210782
0.202879
0.195547
0.18874
0.182409
0.176504
0.170986
0.165823
0.16099
0.156462
0.152217
0.148233
0.144492
0.140974
0.137665
0.134547
0.131607
0.128833
0.126213
0.123736
0.121393
0.119176
0.117075
0.115082
0.113192
0.1114
0.109699
0.108086
0.106554
0.1051
0.103719
0.102409
0.101169
0.285725
0.272307
0.259933
0.248464
0.237809
0.227902
0.218687
0.210118
0.202153
0.194753
0.187875
0.181468
0.175483
0.169881
0.164631
0.159708
0.155089
0.150749
0.14667
0.142832
0.139216
0.135806
0.132589
0.129549
0.126675
0.123955
0.121379
0.118937
0.11662
0.114421
0.112332
0.110346
0.108456
0.106656
0.104942
0.103309
0.101751
0.100265
0.0988474
0.097497
0.285584
0.272114
0.259723
0.248265
0.23764
0.22777
0.218594
0.21006
0.202125
0.194749
0.187891
0.1815
0.175527
0.169931
0.164684
0.159761
0.155138
0.15079
0.146698
0.142842
0.139205
0.135771
0.132526
0.129457
0.126551
0.123797
0.121186
0.118706
0.11635
0.114109
0.111977
0.109946
0.10801
0.106164
0.104403
0.102722
0.101116
0.0995807
0.0981134
0.0967138
0.28551
0.272017
0.259628
0.248196
0.237614
0.227796
0.218676
0.210195
0.202308
0.194975
0.188163
0.181823
0.1759
0.170348
0.165141
0.160254
0.155665
0.151353
0.147297
0.143479
0.139882
0.136491
0.13329
0.130263
0.127398
0.124684
0.122109
0.119664
0.117341
0.115132
0.113029
0.111025
0.109115
0.107292
0.105552
0.103889
0.1023
0.100779
0.0993239
0.0979336
0.285474
0.271972
0.259592
0.248189
0.23765
0.227888
0.218828
0.210409
0.20258
0.195303
0.188555
0.182306
0.17649
0.171053
0.165956
0.161171
0.156673
0.152444
0.148464
0.144713
0.141171
0.137824
0.134657
0.131656
0.12881
0.126108
0.123539
0.121095
0.118767
0.116548
0.11443
0.112408
0.110475
0.108626
0.106856
0.10516
0.103533
0.101971
0.10047
0.0990283
0.285464
0.271962
0.259595
0.248218
0.237719
0.228006
0.219003
0.210645
0.202877
0.195648
0.188924
0.18268
0.176877
0.171482
0.166453
0.161748
0.157333
0.153178
0.14926
0.145558
0.142055
0.138734
0.135582
0.132586
0.129735
0.12702
0.12443
0.121957
0.119595
0.117335
0.115172
0.1131
0.111113
0.109206
0.107374
0.105613
0.103919
0.102286
0.10071
0.0991859
0.285475
0.271979
0.259627
0.248276
0.237812
0.228141
0.219185
0.210877
0.203161
0.195993
0.189313
0.183069
0.177232
0.171774
0.166659
0.161858
0.157342
0.153089
0.149075
0.145283
0.141695
0.138295
0.13507
0.132006
0.129093
0.126319
0.123675
0.121152
0.118741
0.116436
0.11423
0.112116
0.110088
0.108143
0.106274
0.104477
0.102747
0.101082
0.0994764
0.0979255
0.285508
0.272026
0.259693
0.24837
0.23794
0.22831
0.219398
0.211134
0.203465
0.196347
0.189745
0.183611
0.177903
0.172578
0.167594
0.162908
0.158496
0.154335
0.150403
0.146683
0.143158
0.139813
0.136635
0.133612
0.130731
0.127985
0.125362
0.122856
0.120458
0.118162
0.115961
0.11385
0.111823
0.109876
0.108003
0.106202
0.104468
0.102798
0.101192
0.0996453
0.28557
0.27211
0.259806
0.248519
0.238133
0.228553
0.219696
0.21149
0.203879
0.196813
0.190251
0.184152
0.178472
0.173169
0.168205
0.163551
0.159177
0.155062
0.151183
0.147521
0.14406
0.140781
0.137672
0.134719
0.13191
0.129235
0.126684
0.124249
0.121921
0.119694
0.117561
0.115516
0.113554
0.11167
0.109859
0.108118
0.106442
0.10483
0.103278
0.101783
0.285673
0.272252
0.259991
0.248756
0.238433
0.228926
0.220149
0.21203
0.204505
0.197519
0.191022
0.184969
0.179318
0.174032
0.169076
0.16442
0.16004
0.155909
0.152007
0.148311
0.144808
0.141482
0.138321
0.135313
0.132446
0.12971
0.127097
0.124599
0.122208
0.119918
0.117723
0.115616
0.113593
0.11165
0.109781
0.107984
0.106254
0.104588
0.102983
0.101434
0.285847
0.27249
0.2603
0.249144
0.238907
0.22949
0.220808
0.212787
0.205359
0.198467
0.192058
0.186083
0.1805
0.175273
0.170368
0.165759
0.161418
0.157323
0.153453
0.149792
0.146322
0.143027
0.139894
0.136914
0.134076
0.131369
0.128785
0.126314
0.123951
0.121688
0.119519
0.117437
0.115439
0.113519
0.111673
0.109897
0.108187
0.10654
0.104952
0.103419
0.286143
0.272894
0.260835
0.249838
0.239784
0.230567
0.222091
0.214271
0.207035
0.20032
0.194068
0.188231
0.182767
0.177641
0.172822
0.168284
0.164004
0.159961
0.156136
0.152511
0.149072
0.145805
0.142696
0.139732
0.136904
0.134204
0.131624
0.129156
0.126792
0.124528
0.122357
0.120273
0.118271
0.116348
0.114498
0.112719
0.111005
0.109355
0.107765
0.106232
0.286737
0.273676
0.261761
0.250878
0.240933
0.231838
0.223503
0.215841
0.208773
0.202231
0.196155
0.190494
0.185204
0.180246
0.175592
0.171212
0.167085
0.163188
0.159504
0.156015
0.152706
0.149564
0.146576
0.143733
0.141024
0.138439
0.13597
0.133611
0.131356
0.129198
0.127131
0.12515
0.12325
0.121427
0.119676
0.117993
0.116376
0.114819
0.113319
0.111871
0.287851
0.275625
0.264743
0.254794
0.245626
0.237172
0.229363
0.222129
0.215411
0.209158
0.203325
0.197871
0.192761
0.187962
0.18345
0.1792
0.175192
0.171407
0.167829
0.164442
0.161232
0.158186
0.155293
0.152543
0.149926
0.147432
0.145056
0.142786
0.140617
0.138547
0.13657
0.134681
0.132874
0.131145
0.12949
0.127906
0.126388
0.124934
0.123541
0.122212
0.290963
0.278456
0.267848
0.258673
0.250588
0.24339
0.236907
0.231007
0.225597
0.22061
0.215997
0.211714
0.20773
0.204017
0.200553
0.197319
0.194298
0.191475
0.188837
0.186372
0.184068
0.181915
0.179903
0.178025
0.176272
0.174637
0.173114
0.171697
0.170381
0.169157
0.16802
0.166968
0.165995
0.165098
0.164275
0.163523
0.162837
0.162216
0.161655
0.161144
0.308145
0.302835
0.29391
0.284208
0.274887
0.266197
0.258132
0.250639
0.243664
0.237158
0.231072
0.225366
0.220005
0.214956
0.210194
0.205695
0.201437
0.197402
0.193574
0.189937
0.186479
0.183187
0.18005
0.17706
0.174205
0.171479
0.168874
0.166382
0.163998
0.161715
0.159528
0.157433
0.155425
0.153498
0.15165
0.149876
0.148174
0.14654
0.144972
0.143472
0.312059
0.310607
0.302026
0.290181
0.277655
0.265466
0.253966
0.243293
0.233495
0.224569
0.216479
0.209172
0.20259
0.196676
0.191376
0.186642
0.182429
0.178697
0.175411
0.172536
0.170044
0.167907
0.166101
0.164605
0.163399
0.162464
0.161787
0.161353
0.161149
0.161164
0.16139
0.161818
0.162439
0.163249
0.164241
0.16541
0.166754
0.168269
0.16996
0.171838
0.292411
0.281103
0.271069
0.262059
0.253956
0.246781
0.240487
0.234996
0.230245
0.226188
0.222778
0.219972
0.217727
0.216008
0.214787
0.214043
0.213757
0.213912
0.214492
0.215483
0.21687
0.218643
0.220791
0.223304
0.226175
0.229398
0.232967
0.236879
0.241132
0.245724
0.250655
0.255926
0.261539
0.267498
0.273806
0.280469
0.287494
0.294885
0.302639
0.310727
0.288147
0.276151
0.265177
0.254912
0.245281
0.236299
0.227964
0.220255
0.213149
0.206617
0.200627
0.195136
0.190102
0.185485
0.18125
0.177369
0.173815
0.170565
0.167597
0.16489
0.162425
0.160185
0.158154
0.156318
0.154664
0.15318
0.151855
0.150681
0.149648
0.148749
0.147977
0.147326
0.146789
0.146363
0.146044
0.145826
0.145706
0.145681
0.145755
0.145942
0.286595
0.273608
0.261537
0.250267
0.23976
0.229995
0.220945
0.212572
0.204837
0.197697
0.191105
0.185008
0.179357
0.174108
0.169227
0.164685
0.160456
0.156516
0.152843
0.149417
0.146219
0.143232
0.140441
0.137832
0.135392
0.133109
0.130972
0.128971
0.127099
0.125346
0.123705
0.122172
0.120738
0.119397
0.118144
0.116976
0.115891
0.114883
0.11395
0.113086
0.286003
0.272704
0.260401
0.248971
0.238346
0.228472
0.219299
0.210783
0.202883
0.195555
0.188754
0.182429
0.176528
0.171013
0.165852
0.161019
0.156491
0.152246
0.148263
0.144521
0.141004
0.137694
0.134576
0.131636
0.128861
0.12624
0.123763
0.121419
0.1192
0.117098
0.115105
0.113214
0.11142
0.109717
0.108101
0.106567
0.105111
0.103728
0.102415
0.101172
0.285725
0.272307
0.259933
0.248464
0.237809
0.227902
0.218687
0.210118
0.202156
0.194761
0.18789
0.18149
0.17551
0.16991
0.164661
0.159738
0.155117
0.150777
0.146697
0.142857
0.13924
0.135829
0.13261
0.129568
0.126692
0.123969
0.121391
0.118946
0.116626
0.114424
0.112331
0.110342
0.10845
0.106648
0.104932
0.103296
0.101736
0.100248
0.0988291
0.0974776
0.285584
0.272114
0.259723
0.248265
0.23764
0.22777
0.218594
0.21006
0.202127
0.194758
0.187911
0.181531
0.175565
0.169973
0.164728
0.159807
0.155186
0.15084
0.146749
0.142894
0.139257
0.135823
0.132577
0.129507
0.126601
0.123847
0.121236
0.118757
0.116402
0.114163
0.112032
0.110004
0.108071
0.106228
0.104471
0.102793
0.101192
0.0996616
0.0981996
0.0968062
0.28551
0.272017
0.259628
0.248196
0.237614
0.227797
0.218676
0.210196
0.202311
0.194989
0.188197
0.181878
0.17597
0.170428
0.165225
0.160342
0.155757
0.151448
0.147395
0.14358
0.139988
0.136602
0.133407
0.130388
0.127533
0.124829
0.122265
0.119833
0.117524
0.115329
0.113241
0.111253
0.10936
0.107554
0.105832
0.104189
0.102619
0.101118
0.0996827
0.0983136
0.285474
0.271973
0.259593
0.248189
0.237651
0.227889
0.21883
0.210413
0.202589
0.19533
0.188625
0.182426
0.176661
0.171269
0.166211
0.161461
0.156998
0.152804
0.148859
0.145143
0.141637
0.138326
0.135193
0.132227
0.129415
0.126746
0.12421
0.121799
0.119503
0.117316
0.11523
0.113239
0.111337
0.109518
0.107777
0.106109
0.10451
0.102975
0.101499
0.100083
0.285464
0.271962
0.259595
0.248218
0.23772
0.228008
0.219006
0.210651
0.202892
0.195694
0.189017
0.182851
0.177172
0.17191
0.167017
0.162442
0.158146
0.154099
0.150276
0.146659
0.143229
0.139974
0.13688
0.133935
0.13113
0.128455
0.125901
0.123461
0.121127
0.118894
0.116754
0.114702
0.112734
0.110843
0.109026
0.107278
0.105595
0.103971
0.102403
0.100883
0.285475
0.271979
0.259627
0.248276
0.237812
0.228141
0.219185
0.210878
0.203171
0.196027
0.189419
0.183276
0.177592
0.172327
0.167419
0.162813
0.158468
0.154358
0.150462
0.146764
0.143249
0.139908
0.136734
0.133713
0.130836
0.128093
0.125477
0.122977
0.120588
0.118301
0.116111
0.114012
0.111998
0.110065
0.108207
0.10642
0.104699
0.103042
0.101444
0.0998989
0.285508
0.272026
0.259693
0.248369
0.237939
0.228308
0.219394
0.211129
0.203461
0.196358
0.189782
0.183697
0.178055
0.172807
0.167904
0.16331
0.159
0.15495
0.151135
0.147537
0.144135
0.140914
0.137859
0.134956
0.132194
0.129561
0.127049
0.124648
0.122351
0.12015
0.118039
0.116013
0.114066
0.112194
0.110392
0.108656
0.106984
0.105374
0.103824
0.102332
0.28557
0.27211
0.259806
0.248518
0.238131
0.22855
0.21969
0.211483
0.203871
0.196811
0.190262
0.184184
0.178532
0.173257
0.168321
0.163696
0.159357
0.155279
0.151441
0.147822
0.144405
0.141172
0.13811
0.135205
0.132445
0.12982
0.12732
0.124937
0.122662
0.120489
0.118411
0.116421
0.114515
0.112688
0.110935
0.109252
0.107636
0.106084
0.104594
0.103162
0.285673
0.272252
0.259991
0.248755
0.238432
0.228923
0.220145
0.212024
0.2045
0.197517
0.191026
0.184981
0.179339
0.174061
0.169114
0.164468
0.160097
0.155976
0.152084
0.1484
0.144907
0.141591
0.138441
0.135442
0.132586
0.129861
0.127259
0.124771
0.122392
0.120113
0.117929
0.115835
0.113825
0.111895
0.11004
0.108257
0.106542
0.104892
0.103304
0.101773
0.285847
0.272489
0.2603
0.249143
0.238905
0.229488
0.220806
0.212784
0.205357
0.198467
0.192061
0.18609
0.180511
0.175286
0.170384
0.165776
0.161437
0.157343
0.153475
0.149815
0.146346
0.143052
0.139921
0.136941
0.134102
0.131395
0.128811
0.12634
0.123977
0.121714
0.119545
0.117464
0.115467
0.113547
0.111702
0.109927
0.108219
0.106574
0.104988
0.103457
0.286143
0.272894
0.260834
0.249837
0.239783
0.230566
0.22209
0.214271
0.207037
0.200324
0.194076
0.188242
0.182781
0.177657
0.172839
0.168302
0.164023
0.159981
0.156156
0.152532
0.149094
0.145826
0.142718
0.139756
0.13693
0.134231
0.131651
0.129183
0.126821
0.124557
0.122387
0.120304
0.118303
0.116381
0.114533
0.112755
0.111043
0.109394
0.107806
0.106275
0.286737
0.273676
0.261761
0.250877
0.240932
0.231838
0.223503
0.215841
0.208774
0.202234
0.19616
0.1905
0.185211
0.180254
0.1756
0.171221
0.167093
0.163196
0.159511
0.156022
0.152713
0.14957
0.146583
0.143739
0.141029
0.138445
0.135976
0.133616
0.13136
0.129201
0.127133
0.125151
0.12325
0.121427
0.119675
0.117992
0.116374
0.114817
0.113317
0.111869
0.287851
0.275625
0.264743
0.254794
0.245626
0.237173
0.229364
0.222131
0.215413
0.209162
0.203331
0.197879
0.192769
0.187971
0.183459
0.179209
0.175201
0.171417
0.167838
0.164451
0.16124
0.158194
0.155301
0.152551
0.149933
0.14744
0.145063
0.142795
0.140628
0.138556
0.136577
0.134685
0.132876
0.131146
0.129489
0.127903
0.126383
0.124926
0.123532
0.1222
0.290963
0.278456
0.267848
0.258673
0.250588
0.24339
0.236908
0.231009
0.225599
0.220614
0.216001
0.211719
0.207735
0.204023
0.200558
0.197323
0.194302
0.191478
0.188839
0.186373
0.184068
0.181914
0.179902
0.178023
0.176269
0.174634
0.17311
0.171693
0.170375
0.169154
0.16802
0.16697
0.166
0.165107
0.164288
0.163539
0.162858
0.162241
0.161685
0.161179
0.308145
0.302835
0.293911
0.284208
0.274887
0.266197
0.258132
0.250639
0.243665
0.237158
0.231072
0.225367
0.220006
0.214957
0.210195
0.205695
0.201437
0.197403
0.193574
0.189938
0.186479
0.183188
0.180051
0.177061
0.174206
0.17148
0.168875
0.166384
0.164
0.161718
0.159532
0.157437
0.155429
0.153503
0.151656
0.149883
0.148181
0.146548
0.144981
0.143482
0.312059
0.310607
0.302025
0.290181
0.277655
0.265466
0.253967
0.243294
0.233497
0.224572
0.216484
0.209178
0.202596
0.19668
0.191378
0.18664
0.182421
0.178684
0.17539
0.172507
0.170006
0.167859
0.166042
0.164533
0.163313
0.162364
0.161671
0.16122
0.160998
0.160994
0.161199
0.161604
0.162202
0.162986
0.163951
0.165092
0.166405
0.167888
0.169544
0.171385
0.292411
0.281103
0.271069
0.262059
0.253956
0.246781
0.240489
0.235
0.230252
0.226197
0.222791
0.219988
0.217742
0.216019
0.214792
0.214039
0.213743
0.213885
0.214451
0.215425
0.216795
0.218549
0.220675
0.223166
0.226012
0.229207
0.232747
0.236628
0.240847
0.245402
0.250294
0.255524
0.261093
0.267004
0.273261
0.279869
0.286833
0.294158
0.301845
0.309877
0.288147
0.276151
0.265177
0.254912
0.245281
0.2363
0.227966
0.22026
0.213157
0.206633
0.200651
0.19517
0.190145
0.185534
0.181306
0.17743
0.173881
0.170636
0.167673
0.164971
0.162511
0.160276
0.158251
0.156421
0.154773
0.153296
0.151979
0.150813
0.149789
0.148899
0.148137
0.147496
0.146971
0.146556
0.146249
0.146045
0.145942
0.145938
0.146031
0.146223
0.286595
0.273608
0.261537
0.250266
0.239759
0.229995
0.220946
0.212575
0.204845
0.197711
0.191128
0.18504
0.179395
0.174151
0.169273
0.164734
0.160507
0.156568
0.152896
0.149471
0.146274
0.143288
0.140498
0.13789
0.135451
0.133168
0.131032
0.129033
0.127162
0.12541
0.12377
0.122236
0.120801
0.119461
0.11821
0.117043
0.115956
0.114946
0.114009
0.113143
0.286003
0.272704
0.260401
0.248971
0.238346
0.228471
0.219299
0.210786
0.20289
0.19557
0.188782
0.182468
0.176576
0.171066
0.165907
0.161076
0.156549
0.152305
0.148321
0.144578
0.14106
0.137749
0.13463
0.131689
0.128914
0.126292
0.123813
0.121467
0.119246
0.117142
0.115147
0.113256
0.11146
0.109754
0.108134
0.106594
0.105133
0.103745
0.102427
0.101179
0.285725
0.272307
0.259933
0.248464
0.237809
0.227901
0.218686
0.210119
0.202161
0.194777
0.187921
0.181536
0.175566
0.16997
0.164722
0.159799
0.155177
0.150835
0.146752
0.14291
0.139291
0.135878
0.132656
0.129611
0.126731
0.124004
0.12142
0.11897
0.116645
0.114436
0.112337
0.11034
0.10844
0.106632
0.104908
0.103265
0.101698
0.100203
0.0987767
0.097418
0.285584
0.272114
0.259723
0.248265
0.23764
0.227769
0.218593
0.21006
0.202132
0.194777
0.187954
0.1816
0.17565
0.170067
0.164828
0.159912
0.155293
0.150949
0.14686
0.143005
0.139367
0.135932
0.132685
0.129612
0.126703
0.123946
0.121332
0.118851
0.116494
0.114254
0.112123
0.110095
0.108163
0.106321
0.104565
0.102889
0.101289
0.0997622
0.0983033
0.0969134
0.28551
0.272017
0.259628
0.248197
0.237614
0.227797
0.218677
0.210197
0.202319
0.195021
0.188276
0.182003
0.176124
0.170597
0.165401
0.16052
0.155936
0.151629
0.147578
0.143766
0.140177
0.136798
0.133613
0.13061
0.127774
0.125093
0.122556
0.120153
0.117875
0.115714
0.113661
0.111711
0.109856
0.108091
0.10641
0.104809
0.103282
0.101826
0.100435
0.0991122
0.285474
0.271973
0.259593
0.24819
0.237652
0.227891
0.218833
0.21042
0.20261
0.195392
0.18881
0.182772
0.177172
0.171953
0.167048
0.16243
0.158092
0.154017
0.150189
0.146588
0.143198
0.139998
0.136975
0.134114
0.131404
0.128833
0.126393
0.124072
0.121863
0.119759
0.117752
0.115835
0.114003
0.11225
0.110572
0.108962
0.107417
0.105931
0.1045
0.103126
0.285464
0.271962
0.259595
0.248219
0.237721
0.22801
0.219011
0.210663
0.202932
0.19579
0.192253
0.185808
0.178382
0.173569
0.169078
0.164881
0.16094
0.157226
0.153714
0.150382
0.147211
0.14419
0.141304
0.138545
0.135901
0.133367
0.130933
0.128595
0.126345
0.124178
0.12209
0.120075
0.118131
0.116253
0.114437
0.11268
0.110978
0.109328
0.107725
0.106163
0.285475
0.27198
0.259627
0.248276
0.237812
0.228141
0.219185
0.210881
0.203199
0.196158
0.192771
0.186678
0.179353
0.175348
0.171585
0.16794
0.164354
0.160812
0.157323
0.153898
0.150551
0.14734
0.144263
0.141313
0.138483
0.135768
0.13316
0.130654
0.128245
0.125927
0.123696
0.121547
0.119476
0.117478
0.115551
0.113691
0.111895
0.11016
0.108483
0.106861
0.285508
0.272026
0.259693
0.248368
0.237937
0.228303
0.219386
0.211118
0.203459
0.196401
0.190028
0.184211
0.178899
0.174112
0.169687
0.165589
0.161787
0.158247
0.154935
0.151823
0.148885
0.1461
0.14345
0.140918
0.138493
0.136164
0.133923
0.131761
0.129674
0.127657
0.125706
0.123818
0.121989
0.120218
0.118503
0.116843
0.115236
0.113685
0.112192
0.110765
0.28557
0.27211
0.259805
0.248516
0.238128
0.228544
0.21968
0.211469
0.203859
0.196816
0.190309
0.184298
0.178729
0.173539
0.168683
0.164135
0.159878
0.155888
0.152145
0.148629
0.145322
0.142205
0.139264
0.136484
0.133853
0.131361
0.128996
0.126751
0.124617
0.122586
0.120651
0.118808
0.11705
0.115372
0.11377
0.112241
0.110781
0.109388
0.108061
0.106797
0.285673
0.272251
0.25999
0.248753
0.238428
0.228917
0.220136
0.212014
0.204492
0.197518
0.191044
0.185022
0.179405
0.174151
0.169227
0.164604
0.160257
0.156159
0.152291
0.148632
0.145165
0.141876
0.138753
0.135784
0.132958
0.130265
0.127698
0.125246
0.122905
0.120666
0.118525
0.116474
0.114511
0.112629
0.110825
0.109096
0.107437
0.105846
0.104319
0.102852
0.285847
0.272489
0.260299
0.249141
0.238902
0.229484
0.2208
0.212778
0.205354
0.19847
0.192072
0.18611
0.180539
0.175321
0.170425
0.165822
0.161487
0.157397
0.153532
0.149874
0.146408
0.143119
0.139992
0.137016
0.13418
0.131475
0.128894
0.126427
0.124068
0.12181
0.119646
0.11757
0.115579
0.113667
0.111829
0.110063
0.108364
0.106728
0.105153
0.103634
0.286142
0.272893
0.260834
0.249836
0.239781
0.230564
0.222088
0.21427
0.20704
0.200333
0.194092
0.188266
0.182811
0.177691
0.172877
0.168343
0.164066
0.160026
0.156203
0.152581
0.149143
0.145877
0.14277
0.13981
0.136988
0.134293
0.131716
0.129251
0.126891
0.12463
0.122462
0.120382
0.118385
0.116466
0.114622
0.112847
0.11114
0.109495
0.107912
0.106385
0.286737
0.273676
0.26176
0.250876
0.240931
0.231836
0.223502
0.215841
0.208776
0.202239
0.196169
0.190513
0.185226
0.180271
0.175617
0.171238
0.16711
0.163213
0.159528
0.156038
0.152728
0.149585
0.146597
0.143753
0.141043
0.138458
0.13599
0.133631
0.131375
0.129214
0.127145
0.125162
0.123261
0.121437
0.119685
0.118002
0.116384
0.114827
0.113328
0.11188
0.28785
0.275625
0.264743
0.254794
0.245626
0.237173
0.229365
0.222133
0.215419
0.209171
0.203343
0.197893
0.192786
0.18799
0.183478
0.179229
0.17522
0.171435
0.167856
0.164468
0.161258
0.158211
0.155318
0.152567
0.149949
0.147455
0.145078
0.14281
0.140645
0.138577
0.136598
0.134704
0.132892
0.131158
0.129498
0.127909
0.126385
0.124925
0.123527
0.122192
0.290963
0.278456
0.267847
0.258673
0.250588
0.24339
0.236909
0.231011
0.225604
0.22062
0.216009
0.211729
0.207746
0.204033
0.200568
0.197332
0.194309
0.191485
0.188844
0.186377
0.18407
0.181915
0.179902
0.178021
0.176266
0.17463
0.173105
0.171686
0.170368
0.169145
0.168012
0.166967
0.166003
0.165117
0.164304
0.163563
0.162889
0.162281
0.161733
0.161235
0.308145
0.302835
0.29391
0.284208
0.274887
0.266197
0.258132
0.250639
0.243665
0.237159
0.231074
0.225368
0.220007
0.214959
0.210197
0.205697
0.201439
0.197404
0.193576
0.189939
0.186481
0.18319
0.180054
0.177063
0.174209
0.171484
0.168879
0.166389
0.164006
0.161724
0.159539
0.157445
0.155438
0.153513
0.151667
0.149896
0.148196
0.146564
0.144999
0.143502
0.312059
0.310606
0.302025
0.290181
0.277655
0.265466
0.253967
0.243296
0.2335
0.224577
0.21649
0.209186
0.202604
0.196687
0.191381
0.186637
0.182413
0.178667
0.175363
0.17247
0.169956
0.167795
0.165963
0.164438
0.1632
0.162232
0.161518
0.161044
0.160797
0.160767
0.160944
0.161319
0.161885
0.162634
0.163563
0.164665
0.165937
0.167377
0.168987
0.170779
0.292411
0.281103
0.271069
0.262059
0.253957
0.246782
0.240491
0.235004
0.23026
0.22621
0.22281
0.220009
0.217762
0.216034
0.214799
0.214034
0.213724
0.213849
0.214396
0.215349
0.216695
0.218423
0.22052
0.222979
0.225792
0.22895
0.232451
0.236288
0.240461
0.244966
0.249805
0.254977
0.260484
0.26633
0.272516
0.279049
0.285933
0.293173
0.30077
0.308705
0.288147
0.276151
0.265177
0.254912
0.245281
0.236301
0.227969
0.220266
0.213169
0.206654
0.200684
0.195217
0.190203
0.185602
0.181382
0.177513
0.173971
0.170733
0.167776
0.165081
0.162628
0.1604
0.158383
0.156561
0.154922
0.153454
0.152148
0.150992
0.14998
0.149103
0.148354
0.147728
0.147218
0.146821
0.146531
0.146346
0.146263
0.146279
0.146394
0.146608
0.286595
0.273608
0.261537
0.250266
0.239759
0.229995
0.220947
0.21258
0.204855
0.197731
0.19116
0.185084
0.179449
0.174212
0.169338
0.164801
0.160576
0.156639
0.152968
0.149544
0.146348
0.143364
0.140575
0.137968
0.13553
0.133249
0.131114
0.129115
0.127245
0.125494
0.123855
0.122322
0.120888
0.119548
0.118297
0.11713
0.116042
0.115032
0.114096
0.113233
0.286003
0.272704
0.260401
0.248971
0.238345
0.228471
0.2193
0.210789
0.202899
0.195593
0.188821
0.182526
0.176646
0.171143
0.165989
0.16116
0.156634
0.152389
0.148405
0.144662
0.141142
0.13783
0.134709
0.131766
0.128988
0.126365
0.123884
0.121536
0.119313
0.117206
0.115208
0.113312
0.111512
0.109802
0.108178
0.106634
0.105167
0.103773
0.102448
0.101191
0.285725
0.272307
0.259933
0.248463
0.237808
0.2279
0.218686
0.21012
0.202169
0.194801
0.18797
0.181609
0.175653
0.170064
0.164818
0.159895
0.155271
0.150927
0.146842
0.142996
0.139373
0.135956
0.132729
0.129679
0.126793
0.12406
0.121469
0.119009
0.116674
0.114454
0.112343
0.110334
0.108421
0.106598
0.104861
0.103203
0.101622
0.100112
0.0986717
0.0972997
0.285584
0.272114
0.259723
0.248265
0.23764
0.227769
0.218592
0.21006
0.20214
0.194811
0.188031
0.181714
0.175784
0.170209
0.164975
0.16006
0.155441
0.151094
0.147001
0.143142
0.1395
0.13606
0.132807
0.129727
0.126809
0.124042
0.121417
0.118924
0.116556
0.114305
0.112164
0.110126
0.108186
0.106337
0.104575
0.102894
0.10129
0.09976
0.0982989
0.0969083
0.28551
0.272018
0.259629
0.248197
0.237615
0.227798
0.218677
0.210199
0.202332
0.195101
0.188486
0.182392
0.176617
0.171126
0.165949
0.161078
0.156498
0.152191
0.148137
0.14432
0.140722
0.137329
0.134128
0.13111
0.128269
0.125594
0.123073
0.120696
0.118453
0.116334
0.114331
0.112437
0.110643
0.108945
0.107334
0.105807
0.104357
0.102981
0.101673
0.100437
0.285474
0.271973
0.259594
0.248191
0.237654
0.227894
0.218839
0.210432
0.202641
0.198717
0.191592
0.185156
0.179214
0.173288
0.168756
0.164479
0.160496
0.1568
0.153367
0.150174
0.1472
0.144424
0.141828
0.139388
0.137082
0.134898
0.132822
0.130843
0.128951
0.127139
0.1254
0.123726
0.122113
0.120555
0.119049
0.117591
0.116177
0.114802
0.113464
0.112164
0.285464
0.271963
0.259596
0.24822
0.237723
0.228014
0.219019
0.210684
0.202975
0.199302
0.193014
0.188366
0.184324
0.188724
0.18542
0.182297
0.179297
0.176376
0.173512
0.170684
0.167882
0.165097
0.162327
0.159574
0.156844
0.154145
0.151483
0.148863
0.14629
0.143768
0.141299
0.138887
0.136533
0.134237
0.132001
0.129824
0.127705
0.125642
0.123633
0.121669
0.285475
0.27198
0.259627
0.248276
0.237812
0.22814
0.219184
0.210888
0.20325
0.199629
0.194207
0.191767
0.191285
0.210323
0.211863
0.210782
0.207912
0.203968
0.199408
0.194529
0.18953
0.18449
0.1795
0.174631
0.170046
0.165726
0.161653
0.157807
0.154172
0.150732
0.147473
0.14438
0.141442
0.138647
0.135986
0.133451
0.131033
0.128728
0.126538
0.124471
0.285508
0.272026
0.259692
0.248367
0.237934
0.228297
0.219374
0.211103
0.203468
0.196651
0.193393
0.187818
0.183514
0.179489
0.177137
0.175083
0.173236
0.171489
0.169775
0.168057
0.16631
0.164522
0.162686
0.160804
0.158883
0.15693
0.154954
0.152965
0.150973
0.148985
0.14701
0.145056
0.14313
0.141235
0.139379
0.137566
0.135801
0.13409
0.132448
0.13091
0.28557
0.27211
0.259804
0.248514
0.238123
0.228535
0.219665
0.211449
0.203848
0.196853
0.190588
0.184858
0.179519
0.174567
0.169938
0.165608
0.161548
0.157757
0.154222
0.150922
0.147838
0.144953
0.142249
0.139714
0.137336
0.135102
0.133002
0.131025
0.129165
0.127411
0.125758
0.124199
0.122728
0.121341
0.120032
0.118798
0.117636
0.116546
0.115527
0.114583
0.285673
0.272251
0.259989
0.248751
0.238424
0.228909
0.220125
0.212001
0.204484
0.197531
0.191098
0.185129
0.179568
0.174368
0.169497
0.164929
0.160636
0.156593
0.15278
0.149177
0.145769
0.142543
0.139486
0.136587
0.133835
0.13122
0.128734
0.126368
0.124116
0.121971
0.119926
0.117978
0.11612
0.114349
0.112661
0.111051
0.109517
0.108057
0.106667
0.105342
0.285847
0.272489
0.260298
0.249139
0.238899
0.229478
0.220793
0.212771
0.20535
0.198477
0.192095
0.186152
0.180598
0.175394
0.170511
0.165919
0.161594
0.157514
0.153658
0.150008
0.146549
0.143266
0.140146
0.137177
0.13435
0.131654
0.12908
0.126621
0.124271
0.122022
0.11987
0.117808
0.115831
0.113935
0.112115
0.110369
0.108691
0.107079
0.10553
0.104039
0.286142
0.272893
0.260833
0.249834
0.239779
0.230561
0.222085
0.21427
0.207045
0.200347
0.194118
0.188304
0.18286
0.177749
0.172941
0.168413
0.164141
0.160105
0.156286
0.152668
0.149234
0.145971
0.142867
0.13991
0.137091
0.1344
0.131828
0.129369
0.127016
0.12476
0.122597
0.120522
0.118529
0.116615
0.114776
0.113007
0.111305
0.109667
0.10809
0.106571
0.286737
0.273675
0.26176
0.250875
0.240929
0.231835
0.223501
0.215842
0.20878
0.202248
0.196183
0.190532
0.185249
0.180296
0.175643
0.171265
0.167137
0.16324
0.159555
0.156065
0.152755
0.149613
0.146625
0.143781
0.141071
0.138486
0.136019
0.13366
0.131405
0.129246
0.127179
0.125197
0.123297
0.121474
0.119723
0.11804
0.116423
0.114868
0.113371
0.111926
0.28785
0.275625
0.264743
0.254794
0.245626
0.237174
0.229367
0.222138
0.215426
0.209182
0.203359
0.197914
0.19281
0.188016
0.183505
0.179256
0.175249
0.171463
0.167884
0.164496
0.161285
0.158239
0.155345
0.152594
0.149976
0.147483
0.145106
0.142839
0.140674
0.138607
0.13663
0.13474
0.132931
0.1312
0.129541
0.127953
0.12643
0.12497
0.123571
0.122231
0.290963
0.278455
0.267847
0.258672
0.250588
0.243391
0.236911
0.231015
0.22561
0.220629
0.216021
0.211742
0.20776
0.204048
0.200582
0.197345
0.194321
0.191494
0.188852
0.186383
0.184075
0.181918
0.179903
0.178021
0.176265
0.174627
0.173101
0.171682
0.170362
0.169138
0.168005
0.166958
0.165994
0.165109
0.164299
0.163561
0.162892
0.162289
0.161747
0.161258
0.308145
0.302835
0.29391
0.284207
0.274886
0.266197
0.258132
0.25064
0.243666
0.23716
0.231075
0.225371
0.22001
0.214962
0.2102
0.2057
0.201442
0.197407
0.193579
0.189943
0.186485
0.183193
0.180058
0.177068
0.174215
0.17149
0.168887
0.166397
0.164015
0.161735
0.159552
0.15746
0.155454
0.153531
0.151687
0.149918
0.14822
0.14659
0.145028
0.143535
0.312059
0.310606
0.302025
0.29018
0.277655
0.265466
0.253968
0.243297
0.233503
0.224583
0.216498
0.209195
0.202613
0.196694
0.191384
0.186635
0.182403
0.178649
0.175335
0.172429
0.169902
0.167726
0.165877
0.164334
0.163076
0.162086
0.161349
0.16085
0.160576
0.160517
0.160663
0.161006
0.161536
0.162249
0.163138
0.164198
0.165425
0.166817
0.168376
0.170115
0.292411
0.281103
0.271069
0.262059
0.253957
0.246783
0.240493
0.235009
0.230269
0.226225
0.22283
0.220032
0.217785
0.216052
0.214807
0.21403
0.213703
0.21381
0.214335
0.215264
0.216584
0.218282
0.220348
0.222772
0.225546
0.228664
0.23212
0.235911
0.240032
0.244483
0.249263
0.254372
0.259812
0.265586
0.271696
0.278147
0.284944
0.292091
0.29959
0.307419
0.288147
0.276151
0.265177
0.254912
0.245281
0.236302
0.227972
0.220273
0.213183
0.206678
0.200722
0.195269
0.190269
0.185679
0.181468
0.177607
0.174073
0.170842
0.167892
0.165203
0.162757
0.160536
0.158526
0.156713
0.155082
0.153624
0.152327
0.151182
0.150181
0.149316
0.148581
0.147968
0.147474
0.147093
0.14682
0.146654
0.14659
0.146628
0.146766
0.147004
0.286595
0.273608
0.261537
0.250266
0.239759
0.229996
0.220949
0.212585
0.204866
0.197753
0.191196
0.185135
0.179512
0.174282
0.169413
0.164879
0.160656
0.15672
0.153051
0.149627
0.146432
0.143448
0.14066
0.138054
0.135616
0.133336
0.131202
0.129204
0.127335
0.125585
0.123947
0.122415
0.120983
0.119644
0.118394
0.117228
0.116143
0.115135
0.114201
0.113341
0.286003
0.272704
0.260401
0.248971
0.238345
0.228471
0.2193
0.210792
0.20291
0.195619
0.188869
0.182595
0.176731
0.171238
0.166089
0.161263
0.156738
0.152493
0.148507
0.144762
0.14124
0.137925
0.134801
0.131855
0.129075
0.126447
0.123963
0.121612
0.119386
0.117276
0.115274
0.113375
0.111572
0.109859
0.10823
0.106682
0.105211
0.103811
0.102481
0.101218
0.285725
0.272307
0.259933
0.248463
0.237808
0.227899
0.218685
0.210122
0.202179
0.194831
0.188034
0.181703
0.175763
0.170181
0.164938
0.160013
0.155388
0.151042
0.146954
0.143105
0.139479
0.136058
0.132827
0.129773
0.126882
0.124144
0.121547
0.119083
0.116741
0.114515
0.112395
0.110377
0.108454
0.106619
0.104868
0.103196
0.101599
0.100072
0.0986138
0.0972224
0.285584
0.272114
0.259723
0.248266
0.237639
0.227768
0.218591
0.210061
0.202151
0.194855
0.188137
0.181957
0.176049
0.170485
0.16525
0.160327
0.155696
0.151336
0.147229
0.143356
0.1397
0.136246
0.13298
0.129887
0.126956
0.124175
0.121534
0.119024
0.116636
0.114362
0.112195
0.11013
0.108158
0.106276
0.104478
0.102759
0.101115
0.0995418
0.0980359
0.0965973
0.28551
0.272018
0.259629
0.248198
0.237616
0.227799
0.218678
0.210202
0.202352
0.195202
0.18877
0.185357
0.176879
0.171532
0.166494
0.16176
0.157309
0.153116
0.149159
0.145421
0.141886
0.138541
0.135371
0.132365
0.129514
0.126807
0.124237
0.121794
0.119473
0.117265
0.115164
0.113165
0.111262
0.10945
0.107724
0.106079
0.104512
0.103017
0.101592
0.100238
0.285475
0.271973
0.259594
0.248192
0.237656
0.227898
0.218846
0.21045
0.202678
0.198811
0.192037
0.18648
0.180993
0.17662
0.172158
0.167864
0.163779
0.159912
0.156261
0.152818
0.149574
0.146519
0.143641
0.140955
0.138473
0.136167
0.134015
0.131997
0.130098
0.128305
0.126606
0.124993
0.123456
0.121991
0.120589
0.119248
0.117961
0.116725
0.115537
0.114401
0.285464
0.271963
0.259596
0.248221
0.237726
0.228019
0.21903
0.210694
0.206521
0.199553
0.195419
0.194497
0.193405
0.205113
0.312059
0.295297
0.280692
0.267861
0.256498
0.246351
0.237224
0.228956
0.221419
0.214486
0.20805
0.202053
0.196445
0.191185
0.186238
0.181573
0.177166
0.172995
0.169039
0.165282
0.161709
0.158306
0.15506
0.15196
0.148997
0.14616
0.285475
0.27198
0.259628
0.248276
0.237812
0.22814
0.219183
0.210878
0.206897
0.200551
0.208379
0.266248
0.394989
0.493821
0.465315
0.433995
0.406152
0.381462
0.359559
0.340085
0.322716
0.307174
0.293215
0.280629
0.269111
0.258534
0.248803
0.239834
0.231549
0.223881
0.216768
0.210157
0.204
0.198255
0.192883
0.187852
0.183133
0.178704
0.174554
0.170704
0.285508
0.272026
0.259692
0.248365
0.23793
0.228289
0.219359
0.211082
0.203573
0.200027
0.194685
0.192659
0.194177
0.196333
0.196357
0.196561
0.196632
0.196422
0.195875
0.19499
0.193754
0.192185
0.19034
0.188275
0.186038
0.183673
0.181216
0.178699
0.17615
0.17359
0.171037
0.168506
0.166009
0.163556
0.161153
0.158808
0.156525
0.154313
0.152186
0.150183
0.28557
0.27211
0.259803
0.248511
0.238118
0.228524
0.219648
0.211426
0.203842
0.197032
0.193755
0.187801
0.180114
0.176104
0.172427
0.169057
0.165942
0.163031
0.160294
0.15771
0.155301
0.153081
0.151029
0.149129
0.147366
0.145718
0.144173
0.142722
0.141359
0.140076
0.138867
0.137728
0.136654
0.135642
0.134688
0.133791
0.13295
0.132166
0.131448
0.130814
0.285673
0.27225
0.259988
0.248748
0.238418
0.228901
0.220112
0.211986
0.204479
0.197562
0.191296
0.185478
0.179986
0.174887
0.170136
0.1657
0.161549
0.157653
0.153988
0.150534
0.147274
0.144194
0.14128
0.138521
0.135907
0.133439
0.131107
0.128904
0.126822
0.124855
0.122997
0.121241
0.119584
0.118022
0.11655
0.115165
0.113865
0.112647
0.111508
0.110447
0.285847
0.272488
0.260296
0.249137
0.238894
0.229472
0.220785
0.212763
0.205349
0.198492
0.192137
0.186223
0.180697
0.175519
0.17066
0.166093
0.161794
0.157742
0.153916
0.150298
0.146873
0.143624
0.14054
0.137608
0.134819
0.132163
0.129631
0.127216
0.124912
0.122712
0.120609
0.1186
0.116679
0.114841
0.113084
0.111405
0.109798
0.108263
0.106795
0.105389
0.286142
0.272892
0.260832
0.249832
0.239776
0.230558
0.222082
0.21427
0.207052
0.200367
0.194154
0.188358
0.18293
0.177832
0.173036
0.168517
0.164254
0.160226
0.156415
0.152804
0.149377
0.146122
0.143026
0.140078
0.137267
0.134585
0.132022
0.129572
0.127227
0.124982
0.12283
0.120767
0.118786
0.116885
0.115059
0.113304
0.111616
0.109993
0.108431
0.106926
0.286737
0.273675
0.261759
0.250874
0.240928
0.231833
0.2235
0.215843
0.208785
0.202259
0.196201
0.190556
0.185278
0.180329
0.175678
0.1713
0.167174
0.163277
0.159593
0.156103
0.152795
0.149653
0.146667
0.143825
0.141117
0.138535
0.13607
0.133715
0.131463
0.129309
0.127246
0.125268
0.123373
0.121554
0.119809
0.118132
0.116521
0.114972
0.113482
0.112045
0.28785
0.275624
0.264742
0.254793
0.245625
0.237174
0.229369
0.222142
0.215435
0.209196
0.203378
0.197938
0.192838
0.188047
0.183539
0.179291
0.175284
0.171499
0.16792
0.164532
0.161321
0.158275
0.155381
0.152631
0.150014
0.147522
0.145146
0.14288
0.140717
0.138651
0.136677
0.134789
0.132983
0.131255
0.1296
0.128014
0.126495
0.125039
0.123643
0.122307
0.290962
0.278455
0.267847
0.258672
0.250588
0.243392
0.236913
0.231019
0.225617
0.220639
0.216034
0.211758
0.207777
0.204065
0.200598
0.19736
0.194334
0.191506
0.188863
0.186391
0.184082
0.181923
0.179907
0.178024
0.176266
0.174628
0.173101
0.171681
0.170361
0.169137
0.168004
0.166958
0.165994
0.16511
0.164301
0.163565
0.162897
0.162296
0.161756
0.161269
0.308145
0.302835
0.29391
0.284207
0.274886
0.266197
0.258132
0.25064
0.243667
0.237162
0.231078
0.225373
0.220013
0.214965
0.210203
0.205704
0.201446
0.197411
0.193583
0.189947
0.186489
0.183199
0.180064
0.177074
0.174222
0.171499
0.168896
0.166408
0.164027
0.161749
0.159567
0.157477
0.155474
0.153554
0.151712
0.149945
0.14825
0.146624
0.145065
0.143575
0.312059
0.310606
0.302025
0.29018
0.277655
0.265466
0.253969
0.243299
0.233506
0.224588
0.216505
0.209203
0.202622
0.196702
0.191388
0.186634
0.182395
0.178632
0.175308
0.172391
0.169851
0.167661
0.165797
0.164236
0.162959
0.161949
0.16119
0.160666
0.160367
0.160281
0.160397
0.160707
0.161204
0.161881
0.162731
0.16375
0.164934
0.16628
0.16779
0.169477
0.292411
0.281103
0.271069
0.262059
0.253957
0.246784
0.240496
0.235014
0.230278
0.226239
0.222849
0.220055
0.217808
0.216069
0.214815
0.214026
0.213684
0.213773
0.214278
0.215184
0.216478
0.218148
0.220183
0.222573
0.225311
0.228389
0.231802
0.235546
0.239617
0.244014
0.248736
0.253783
0.259156
0.264858
0.270892
0.277261
0.283971
0.291025
0.298426
0.306149
0.288147
0.276151
0.265177
0.254912
0.245281
0.236303
0.227974
0.220279
0.213195
0.2067
0.200758
0.195319
0.190332
0.185754
0.181551
0.177699
0.174172
0.170947
0.168004
0.165322
0.162882
0.160669
0.158667
0.156861
0.155239
0.153789
0.152502
0.151368
0.150378
0.149524
0.148801
0.148202
0.147722
0.147356
0.1471
0.146951
0.146906
0.146964
0.147124
0.147386
0.286595
0.273608
0.261536
0.250266
0.239759
0.229996
0.22095
0.212589
0.204877
0.197775
0.191232
0.185185
0.179573
0.17435
0.169486
0.164955
0.160734
0.1568
0.153131
0.149709
0.146514
0.143531
0.140743
0.138137
0.1357
0.13342
0.131286
0.129288
0.127419
0.125669
0.124031
0.122499
0.121067
0.119728
0.118478
0.117313
0.116228
0.11522
0.114287
0.113428
0.286003
0.272704
0.260401
0.24897
0.238345
0.22847
0.219301
0.210796
0.202921
0.195644
0.188917
0.182666
0.176818
0.171336
0.166194
0.161372
0.15685
0.152605
0.148619
0.144873
0.14135
0.138032
0.134906
0.131957
0.129173
0.126542
0.124054
0.121699
0.119468
0.117353
0.115347
0.113443
0.111634
0.109915
0.108281
0.106728
0.10525
0.103844
0.102508
0.101238
0.285725
0.272307
0.259933
0.248463
0.237807
0.227899
0.218684
0.210123
0.202189
0.194862
0.1881
0.181798
0.175874
0.1703
0.165058
0.160132
0.155503
0.151152
0.147058
0.143202
0.139568
0.136138
0.132898
0.129834
0.126933
0.124184
0.121577
0.1191
0.116747
0.114508
0.112377
0.110346
0.10841
0.106563
0.104798
0.103113
0.101502
0.0999614
0.0984887
0.097083
0.285584
0.272114
0.259724
0.248266
0.237639
0.227768
0.21859
0.210061
0.202161
0.194903
0.18826
0.182163
0.176301
0.170766
0.165546
0.160628
0.155994
0.151627
0.147508
0.143622
0.13995
0.136479
0.133193
0.130079
0.127125
0.12432
0.121655
0.119118
0.116703
0.114402
0.112206
0.11011
0.108108
0.106193
0.104362
0.102608
0.100928
0.0993179
0.097774
0.0962958
0.28551
0.272018
0.259629
0.248198
0.237617
0.227799
0.218678
0.210204
0.202375
0.195333
0.189101
0.185774
0.177423
0.172112
0.167101
0.16239
0.157957
0.153779
0.149835
0.146108
0.142582
0.139242
0.136076
0.133071
0.130218
0.127505
0.124924
0.122465
0.120123
0.117889
0.115757
0.113721
0.111776
0.109916
0.108137
0.106434
0.104803
0.10324
0.101741
0.100309
0.285475
0.271974
0.259595
0.248193
0.237658
0.227901
0.218853
0.210469
0.202744
0.198939
0.192663
0.188003
0.182891
0.180265
0.175693
0.171167
0.166799
0.162624
0.158655
0.15489
0.151323
0.147945
0.144747
0.14172
0.138857
0.136149
0.133589
0.131166
0.128873
0.126702
0.124645
0.122696
0.120846
0.119091
0.117424
0.11584
0.114333
0.112898
0.111527
0.110218
0.285465
0.271963
0.259597
0.248223
0.237728
0.228024
0.219041
0.210726
0.206623
0.200587
0.201559
0.209864
0.212577
0.233322
0.331151
0.311447
0.294482
0.279683
0.26664
0.255038
0.244637
0.235248
0.22672
0.218931
0.21178
0.205182
0.199068
0.193381
0.188073
0.183105
0.178443
0.174058
0.169924
0.166021
0.162331
0.158835
0.155521
0.152374
0.149382
0.146528
0.285476
0.27198
0.259628
0.248276
0.237811
0.228139
0.219183
0.210884
0.206996
0.202805
0.318965
0.69205
1.31553
0.814725
0.48292
0.437766
0.401447
0.371561
0.346528
0.325242
0.306908
0.290944
0.276911
0.264475
0.253368
0.243368
0.234317
0.226082
0.218555
0.211646
0.20528
0.199393
0.193931
0.18885
0.184109
0.179674
0.175516
0.171611
0.167935
0.164464
0.285508
0.272026
0.259691
0.248364
0.237927
0.228281
0.219344
0.211062
0.203599
0.200293
0.196658
0.200642
0.215071
0.22439
0.236101
0.242259
0.244599
0.244371
0.242424
0.239328
0.235479
0.231152
0.226542
0.221786
0.216982
0.212192
0.207464
0.202827
0.198303
0.193907
0.189648
0.185529
0.181553
0.177719
0.174026
0.17047
0.167049
0.16376
0.160603
0.157583
0.28557
0.272109
0.259802
0.248509
0.238113
0.228514
0.21963
0.211402
0.203838
0.197127
0.193985
0.188465
0.181299
0.179199
0.177643
0.176327
0.175091
0.173847
0.172566
0.171244
0.169889
0.16851
0.16712
0.165728
0.164342
0.162967
0.161608
0.160268
0.158948
0.15765
0.156375
0.155124
0.153895
0.152689
0.151507
0.150348
0.149214
0.148109
0.147042
0.146026
0.285673
0.27225
0.259986
0.248746
0.238413
0.228892
0.220099
0.211972
0.204476
0.197598
0.191409
0.185687
0.180333
0.175451
0.170974
0.166852
0.163038
0.159492
0.156181
0.153082
0.150174
0.147442
0.144873
0.142456
0.140181
0.138042
0.136031
0.134142
0.13237
0.130709
0.129156
0.127706
0.126355
0.1251
0.123938
0.122866
0.121884
0.120991
0.120186
0.119476
0.285846
0.272487
0.260295
0.249134
0.238891
0.229466
0.220777
0.212756
0.205348
0.198508
0.192178
0.186293
0.180797
0.175655
0.170833
0.166309
0.162059
0.15806
0.154292
0.150736
0.147376
0.144198
0.141189
0.138336
0.13563
0.133062
0.130622
0.128303
0.126099
0.124004
0.122011
0.120117
0.118316
0.116606
0.114982
0.113442
0.111982
0.110601
0.109296
0.108061
0.286142
0.272892
0.260831
0.249831
0.239774
0.230555
0.22208
0.21427
0.207059
0.200387
0.194192
0.188415
0.183006
0.177926
0.173147
0.168644
0.164397
0.160384
0.156589
0.152993
0.149583
0.146345
0.143266
0.140335
0.137543
0.134881
0.132339
0.129911
0.12759
0.125369
0.123244
0.121208
0.119257
0.117388
0.115595
0.113876
0.112227
0.110644
0.109125
0.107667
0.286737
0.273674
0.261758
0.250873
0.240926
0.231831
0.223499
0.215844
0.20879
0.202269
0.196219
0.190581
0.185308
0.180363
0.175716
0.171341
0.167216
0.163322
0.15964
0.156153
0.152847
0.149708
0.146726
0.143888
0.141185
0.138608
0.136149
0.1338
0.131556
0.129409
0.127354
0.125386
0.123501
0.121693
0.119959
0.118295
0.116698
0.115163
0.113687
0.112266
0.28785
0.275624
0.264742
0.254793
0.245625
0.237175
0.229371
0.222147
0.215443
0.209209
0.203397
0.197963
0.192867
0.188079
0.183573
0.179327
0.175321
0.171538
0.16796
0.164573
0.161364
0.158319
0.155427
0.152678
0.150063
0.147572
0.145199
0.142936
0.140776
0.138713
0.136743
0.134859
0.133057
0.131334
0.129684
0.128104
0.126591
0.125141
0.123752
0.122423
0.290962
0.278455
0.267846
0.258672
0.250588
0.243393
0.236915
0.231023
0.225623
0.220648
0.216046
0.211773
0.207794
0.204081
0.200615
0.197376
0.194349
0.191519
0.188874
0.186402
0.184091
0.181931
0.179914
0.17803
0.176272
0.174633
0.173106
0.171686
0.170367
0.169144
0.168012
0.166967
0.166006
0.165123
0.164317
0.163584
0.16292
0.162322
0.161787
0.161304
0.308144
0.302835
0.29391
0.284207
0.274886
0.266197
0.258132
0.250641
0.243668
0.237163
0.23108
0.225376
0.220016
0.214969
0.210207
0.205708
0.20145
0.197416
0.193588
0.189952
0.186495
0.183205
0.180071
0.177082
0.174231
0.171509
0.168908
0.166421
0.164042
0.161766
0.159586
0.157498
0.155498
0.15358
0.151741
0.149978
0.148286
0.146663
0.145107
0.143622
0.312059
0.310606
0.302025
0.29018
0.277654
0.265466
0.253969
0.2433
0.233509
0.224592
0.216511
0.20921
0.202629
0.196708
0.191392
0.186634
0.182389
0.17862
0.175288
0.172362
0.169812
0.167611
0.165735
0.164161
0.162869
0.161843
0.161067
0.160525
0.160206
0.160099
0.160193
0.160479
0.16095
0.161599
0.16242
0.163408
0.164559
0.165871
0.167345
0.168993
0.292411
0.281103
0.271069
0.262059
0.253957
0.246785
0.240498
0.235018
0.230285
0.22625
0.222864
0.220073
0.217825
0.216083
0.214822
0.214023
0.213669
0.213744
0.214232
0.21512
0.216394
0.218042
0.220053
0.222418
0.225127
0.228175
0.231555
0.235263
0.239296
0.243652
0.24833
0.253329
0.258652
0.2643
0.270276
0.276584
0.283229
0.290214
0.297541
0.305185
0.288147
0.276151
0.265177
0.254912
0.245282
0.236303
0.227977
0.220284
0.213205
0.206718
0.200786
0.195359
0.190382
0.185812
0.181617
0.17777
0.174248
0.171029
0.16809
0.165413
0.162978
0.16077
0.158773
0.156972
0.155356
0.153912
0.152631
0.151503
0.15052
0.149675
0.14896
0.14837
0.147899
0.147543
0.147298
0.147161
0.147128
0.147199
0.147373
0.147651
0.286595
0.273608
0.261536
0.250266
0.239759
0.229996
0.220951
0.212593
0.204885
0.197791
0.19126
0.185225
0.179621
0.174404
0.169544
0.165015
0.160794
0.15686
0.153192
0.149769
0.146575
0.143591
0.140803
0.138196
0.135759
0.133478
0.131343
0.129345
0.127475
0.125725
0.124086
0.122554
0.121121
0.119782
0.118532
0.117366
0.116281
0.115273
0.114341
0.113482
0.286003
0.272704
0.2604
0.24897
0.238344
0.22847
0.219301
0.210798
0.202929
0.195665
0.188956
0.182723
0.176889
0.171415
0.166278
0.161459
0.156937
0.152692
0.148704
0.144956
0.14143
0.13811
0.134981
0.13203
0.129243
0.126609
0.124117
0.121759
0.119524
0.117406
0.115396
0.113487
0.111674
0.109952
0.108313
0.106755
0.105272
0.103862
0.102521
0.101247
0.285725
0.272307
0.259933
0.248463
0.237807
0.227898
0.218684
0.210125
0.202197
0.194887
0.188153
0.181875
0.175962
0.170389
0.165144
0.160211
0.155575
0.151214
0.14711
0.143243
0.139597
0.136156
0.132904
0.129827
0.126914
0.124153
0.121532
0.119043
0.116677
0.114426
0.112282
0.110239
0.10829
0.106429
0.104652
0.102953
0.101329
0.0997752
0.0982891
0.0968698
0.285584
0.272115
0.259724
0.248266
0.237639
0.227767
0.218589
0.210061
0.202169
0.194944
0.188365
0.182341
0.176517
0.170996
0.165773
0.160845
0.1562
0.151823
0.147695
0.143799
0.140118
0.136636
0.133339
0.130214
0.127248
0.12443
0.12175
0.119198
0.116767
0.114448
0.112235
0.11012
0.108097
0.106162
0.104308
0.102532
0.100828
0.0991938
0.0976248
0.0961205
0.285511
0.272018
0.25963
0.248199
0.237617
0.2278
0.218679
0.210207
0.202398
0.195453
0.189373
0.186072
0.177722
0.172377
0.167272
0.162438
0.157873
0.153563
0.149494
0.14565
0.142014
0.138574
0.135314
0.132222
0.129287
0.126498
0.123846
0.12132
0.118913
0.116618
0.114427
0.112334
0.110334
0.10842
0.106587
0.104832
0.103148
0.101533
0.0999821
0.098498
0.285475
0.271974
0.259596
0.248194
0.23766
0.227904
0.218859
0.210486
0.202803
0.19906
0.193284
0.189366
0.184455
0.180988
0.176286
0.171769
0.167453
0.163334
0.159407
0.155664
0.152096
0.148695
0.145452
0.142359
0.139407
0.13659
0.133899
0.13133
0.128874
0.126528
0.124285
0.122139
0.120087
0.118124
0.116244
0.114445
0.112721
0.111067
0.109479
0.107957
0.285465
0.271964
0.259598
0.248224
0.23773
0.228027
0.21905
0.210754
0.206705
0.201641
0.208112
0.218311
0.215026
0.226009
0.263505
0.255631
0.24778
0.240152
0.232839
0.225877
0.219273
0.213018
0.207098
0.201496
0.196191
0.191164
0.186395
0.181867
0.177563
0.173468
0.169568
0.165852
0.162308
0.158925
0.155696
0.15261
0.149662
0.146843
0.144148
0.141568
0.285476
0.27198
0.259628
0.248277
0.237811
0.228138
0.219183
0.210889
0.207066
0.203728
0.350869
0.494991
0.525108
0.469775
0.358901
0.328421
0.3038
0.283455
0.266339
0.251717
0.239062
0.227981
0.218182
0.209441
0.20159
0.194522
0.188115
0.182274
0.176918
0.171984
0.167416
0.163173
0.159218
0.15552
0.152054
0.148797
0.14573
0.142837
0.140105
0.137527
0.285508
0.272026
0.259691
0.248363
0.237924
0.228275
0.219332
0.211049
0.20362
0.200468
0.197441
0.200407
0.21147
0.22038
0.227867
0.231093
0.231328
0.22952
0.226352
0.222302
0.217701
0.212784
0.207716
0.202607
0.197539
0.192564
0.187718
0.183024
0.178496
0.174139
0.169955
0.165944
0.162101
0.158423
0.154902
0.151534
0.148311
0.145227
0.142276
0.139443
0.28557
0.272109
0.259802
0.248507
0.238109
0.228506
0.219617
0.211385
0.203839
0.197206
0.19415
0.188846
0.181808
0.18005
0.178788
0.177779
0.176857
0.175914
0.174896
0.173784
0.17257
0.171258
0.169856
0.168373
0.166822
0.165212
0.163556
0.161862
0.16014
0.158398
0.156642
0.154878
0.153112
0.151348
0.149591
0.147844
0.146111
0.144398
0.142713
0.141054
0.285673
0.272249
0.259985
0.248744
0.238409
0.228885
0.220089
0.211961
0.204474
0.197629
0.191506
0.185858
0.180582
0.175787
0.17141
0.167414
0.16376
0.160405
0.157315
0.154461
0.151821
0.149372
0.147098
0.144984
0.143016
0.141184
0.139477
0.137886
0.136403
0.13502
0.133731
0.13253
0.13141
0.130368
0.129399
0.128499
0.127665
0.126897
0.126192
0.12555
0.285846
0.272487
0.260294
0.249133
0.238888
0.229461
0.220771
0.21275
0.205348
0.198521
0.192213
0.186351
0.180879
0.175757
0.170954
0.16645
0.162223
0.158253
0.154518
0.151001
0.147687
0.144561
0.14161
0.138822
0.136188
0.133699
0.131345
0.12912
0.127018
0.125031
0.123156
0.121386
0.119718
0.118147
0.116671
0.115287
0.113991
0.112782
0.111656
0.110606
0.286142
0.272892
0.26083
0.24983
0.239772
0.230552
0.222078
0.214271
0.207065
0.200403
0.194223
0.188462
0.183069
0.178004
0.173237
0.168745
0.164508
0.160507
0.156722
0.153139
0.149742
0.146518
0.143455
0.140542
0.13777
0.135128
0.13261
0.130208
0.127916
0.125726
0.123634
0.121636
0.119725
0.117898
0.116153
0.114484
0.112889
0.111365
0.109908
0.108517
0.286736
0.273674
0.261757
0.250872
0.240925
0.23183
0.223498
0.215845
0.208794
0.202278
0.196233
0.190601
0.185333
0.180392
0.175747
0.171373
0.16725
0.163357
0.159676
0.156191
0.152886
0.14975
0.14677
0.143935
0.141235
0.138662
0.136207
0.133864
0.131625
0.129484
0.127436
0.125476
0.123599
0.121801
0.120078
0.118425
0.11684
0.115319
0.113857
0.11245
0.28785
0.275624
0.264741
0.254793
0.245625
0.237175
0.229373
0.22215
0.215449
0.20922
0.203412
0.197982
0.19289
0.188106
0.183602
0.179357
0.175352
0.17157
0.167993
0.164607
0.161399
0.158355
0.155465
0.152717
0.150104
0.147616
0.145245
0.142985
0.140828
0.138769
0.136802
0.134923
0.133126
0.131407
0.129763
0.128189
0.126683
0.12524
0.123858
0.122537
0.290962
0.278454
0.267846
0.258672
0.250588
0.243393
0.236917
0.231026
0.225628
0.220656
0.216056
0.211785
0.207807
0.204095
0.200628
0.197388
0.19436
0.19153
0.188884
0.18641
0.184098
0.181938
0.17992
0.178035
0.176277
0.174638
0.173111
0.171691
0.170372
0.16915
0.168019
0.166976
0.166016
0.165135
0.164331
0.1636
0.162939
0.162345
0.161812
0.161333
0.308144
0.302835
0.29391
0.284207
0.274886
0.266197
0.258133
0.250641
0.243669
0.237164
0.231081
0.225378
0.220019
0.214972
0.21021
0.205711
0.201454
0.19742
0.193592
0.189957
0.1865
0.183211
0.180077
0.17709
0.174239
0.171518
0.168918
0.166432
0.164055
0.16178
0.159602
0.157516
0.155518
0.153602
0.151766
0.150005
0.148316
0.146696
0.145143
0.143661
0.312059
0.310606
0.302024
0.29018
0.277654
0.265466
0.253969
0.243301
0.23351
0.224594
0.216514
0.209214
0.202633
0.196711
0.191394
0.186633
0.182386
0.178613
0.175278
0.172347
0.169792
0.167584
0.165701
0.16412
0.162821
0.161786
0.161
0.160449
0.160119
0.16
0.160081
0.160354
0.160811
0.161445
0.16225
0.163221
0.164354
0.165646
0.167099
0.168726
0.292411
0.281103
0.271069
0.262059
0.253957
0.246785
0.240499
0.23502
0.230289
0.226256
0.222872
0.220082
0.217834
0.21609
0.214825
0.214021
0.21366
0.213728
0.214208
0.215086
0.216349
0.217985
0.219982
0.222332
0.225026
0.228057
0.231418
0.235107
0.239118
0.243451
0.248104
0.253077
0.258371
0.263988
0.269932
0.276205
0.282812
0.289758
0.297043
0.304642
0.288147
0.276151
0.265177
0.254912
0.245282
0.236304
0.227978
0.220286
0.21321
0.206728
0.200801
0.195381
0.19041
0.185844
0.181653
0.177809
0.174291
0.171074
0.168138
0.165463
0.163031
0.160826
0.158831
0.157034
0.155421
0.153981
0.152703
0.151579
0.150601
0.14976
0.14905
0.148465
0.148
0.14765
0.147411
0.14728
0.147254
0.147333
0.147515
0.147801
0.286595
0.273608
0.261536
0.250266
0.239759
0.229996
0.220952
0.212595
0.20489
0.197801
0.191275
0.185247
0.179648
0.174434
0.169575
0.165047
0.160827
0.156893
0.153225
0.149803
0.146608
0.143624
0.140836
0.138229
0.135791
0.13351
0.131375
0.129377
0.127506
0.125755
0.124116
0.122583
0.121149
0.11981
0.118559
0.117393
0.116307
0.115299
0.114366
0.113507
0.286003
0.272704
0.2604
0.24897
0.238344
0.22847
0.219301
0.2108
0.202934
0.195676
0.188977
0.182754
0.176928
0.171458
0.166324
0.161506
0.156985
0.15274
0.148753
0.145004
0.141477
0.138156
0.135026
0.132074
0.129285
0.12665
0.124157
0.121797
0.11956
0.11744
0.115428
0.113517
0.111702
0.109976
0.108335
0.106774
0.105289
0.103876
0.102532
0.101254
0.285725
0.272307
0.259933
0.248463
0.237807
0.227898
0.218683
0.210125
0.202201
0.194901
0.188183
0.181917
0.176009
0.170436
0.165188
0.160252
0.155611
0.151246
0.147137
0.143265
0.139613
0.136165
0.132907
0.129823
0.126903
0.124134
0.121506
0.119009
0.116635
0.114376
0.112224
0.110172
0.108214
0.106345
0.104559
0.102851
0.101218
0.0996549
0.0981597
0.0967314
0.285584
0.272115
0.259724
0.248266
0.237639
0.227767
0.218589
0.210062
0.202174
0.194966
0.188423
0.182441
0.176638
0.171124
0.1659
0.160968
0.156321
0.151942
0.147813
0.143916
0.140234
0.136751
0.133452
0.130324
0.127355
0.124533
0.121849
0.119292
0.116855
0.114529
0.112307
0.110183
0.108151
0.106205
0.104341
0.102552
0.100836
0.0991874
0.0976043
0.0960855
0.285511
0.272018
0.25963
0.248199
0.237617
0.2278
0.218679
0.210208
0.202411
0.195521
0.189522
0.186235
0.177874
0.172508
0.16737
0.162493
0.157879
0.153514
0.149386
0.145481
0.141783
0.138279
0.134955
0.131799
0.128799
0.125945
0.123227
0.120637
0.118166
0.115806
0.113551
0.111394
0.109329
0.107352
0.105456
0.103637
0.10189
0.100212
0.0985992
0.0970541
0.285475
0.271974
0.259596
0.248195
0.237661
0.227906
0.218862
0.210496
0.202837
0.199133
0.193655
0.190061
0.185086
0.18116
0.176203
0.171535
0.167149
0.163029
0.159154
0.155503
0.152058
0.1488
0.145714
0.142785
0.140001
0.137351
0.134823
0.132409
0.1301
0.12789
0.12577
0.123735
0.12178
0.119899
0.118087
0.116341
0.114656
0.113029
0.111456
0.109937
0.285465
0.271964
0.259598
0.248224
0.237731
0.228029
0.219056
0.210769
0.206753
0.202253
0.21163
0.222583
0.215053
0.220066
0.244962
0.234416
0.225069
0.21671
0.209177
0.20234
0.196097
0.190364
0.185074
0.180172
0.17561
0.17135
0.167361
0.163612
0.160082
0.156748
0.153594
0.150603
0.147761
0.145056
0.142478
0.140018
0.137667
0.135419
0.133273
0.131234
0.285476
0.27198
0.259628
0.248277
0.237811
0.228138
0.219184
0.210893
0.207107
0.204238
0.357794
0.520105
0.553471
0.462123
0.350244
0.318958
0.293597
0.272611
0.25496
0.239911
0.226928
0.215611
0.205656
0.196828
0.188943
0.181856
0.175447
0.169622
0.164302
0.159426
0.154939
0.150794
0.146954
0.143384
0.140057
0.136947
0.134033
0.131298
0.128726
0.126307
0.285509
0.272025
0.259691
0.248362
0.237922
0.228272
0.219326
0.211043
0.203631
0.200554
0.197718
0.200138
0.209328
0.218565
0.225295
0.227658
0.227054
0.224478
0.220626
0.215975
0.210851
0.20548
0.200018
0.194571
0.189212
0.183987
0.178927
0.174051
0.169369
0.164884
0.160595
0.156501
0.152594
0.148869
0.145318
0.141934
0.138707
0.13563
0.132695
0.129882
0.28557
0.272109
0.259801
0.248506
0.238106
0.228502
0.219609
0.211375
0.203839
0.197248
0.194232
0.18899
0.181957
0.180283
0.179136
0.178225
0.177344
0.176372
0.175257
0.173986
0.172561
0.170995
0.169304
0.167506
0.165619
0.163659
0.161641
0.15958
0.157486
0.155371
0.153244
0.151113
0.148983
0.146863
0.144755
0.142666
0.140599
0.138561
0.136558
0.134578
0.285673
0.272249
0.259985
0.248742
0.238407
0.228882
0.220084
0.211955
0.204473
0.197645
0.191559
0.185951
0.18071
0.175954
0.171627
0.167698
0.164126
0.160863
0.157872
0.155119
0.152578
0.150226
0.148043
0.146012
0.144118
0.14235
0.140695
0.139144
0.137688
0.136319
0.13503
0.133814
0.132665
0.131578
0.130548
0.12957
0.128643
0.127763
0.126929
0.126133
0.285846
0.272487
0.260294
0.249132
0.238886
0.229459
0.220768
0.212747
0.205348
0.198529
0.192232
0.186383
0.180922
0.17581
0.171017
0.166525
0.162314
0.158362
0.15465
0.151159
0.147873
0.144779
0.141863
0.139114
0.136523
0.134079
0.131775
0.129604
0.127558
0.125631
0.123819
0.122116
0.120517
0.11902
0.117619
0.116312
0.115096
0.113968
0.112925
0.111958
0.286142
0.272891
0.26083
0.249829
0.239771
0.230551
0.222077
0.214271
0.207069
0.200412
0.19424
0.188488
0.183104
0.178046
0.173286
0.1688
0.16457
0.160575
0.156798
0.153222
0.149834
0.146619
0.143566
0.140664
0.137904
0.135276
0.132773
0.130387
0.128113
0.125943
0.123873
0.121898
0.120013
0.118215
0.1165
0.114865
0.113307
0.111823
0.110409
0.109063
0.286736
0.273674
0.261757
0.250871
0.240924
0.23183
0.223498
0.215845
0.208796
0.202283
0.196241
0.190612
0.185347
0.180408
0.175764
0.171391
0.167269
0.163377
0.159697
0.156212
0.15291
0.149775
0.146796
0.143963
0.141265
0.138695
0.136243
0.133902
0.131667
0.12953
0.127487
0.125532
0.12366
0.121868
0.120151
0.118506
0.116929
0.115416
0.113965
0.112568
0.28785
0.275624
0.264741
0.254792
0.245625
0.237175
0.229374
0.222152
0.215453
0.209225
0.20342
0.197993
0.192903
0.18812
0.183617
0.179374
0.17537
0.171588
0.168012
0.164627
0.161419
0.158376
0.155487
0.152741
0.150128
0.147642
0.145272
0.143014
0.140859
0.138802
0.136838
0.134961
0.133167
0.131451
0.12981
0.12824
0.126738
0.125299
0.123922
0.122606
0.290962
0.278454
0.267846
0.258671
0.250588
0.243394
0.236918
0.231028
0.225631
0.22066
0.216061
0.211791
0.207814
0.204102
0.200635
0.197395
0.194367
0.191536
0.188889
0.186415
0.184103
0.181942
0.179923
0.178038
0.17628
0.174641
0.173114
0.171694
0.170376
0.169154
0.168024
0.166981
0.166022
0.165142
0.16434
0.16361
0.162951
0.162358
0.161827
0.16135
0.308144
0.302834
0.293909
0.284207
0.274886
0.266197
0.258133
0.250641
0.243669
0.237165
0.231082
0.225379
0.22002
0.214973
0.210212
0.205713
0.201456
0.197422
0.193595
0.18996
0.186503
0.183214
0.180081
0.177094
0.174244
0.171523
0.168924
0.166439
0.164063
0.161789
0.159612
0.157527
0.15553
0.153615
0.15178
0.150021
0.148333
0.146715
0.145164
0.143684
0.312059
0.310606
0.302024
0.29018
0.277654
0.265466
0.253969
0.243301
0.23351
0.224594
0.216514
0.209214
0.202633
0.196711
0.191394
0.186633
0.182386
0.178613
0.175278
0.172347
0.169792
0.167584
0.165701
0.16412
0.162821
0.161786
0.161
0.160449
0.160119
0.16
0.160081
0.160354
0.160811
0.161445
0.16225
0.163221
0.164354
0.165647
0.1671
0.168726
0.292411
0.281103
0.271069
0.262059
0.253957
0.246785
0.240499
0.23502
0.230289
0.226256
0.222872
0.220082
0.217834
0.21609
0.214825
0.214021
0.21366
0.213728
0.214208
0.215086
0.216349
0.217985
0.219983
0.222333
0.225026
0.228057
0.231419
0.235107
0.239119
0.243451
0.248104
0.253077
0.258372
0.263989
0.269933
0.276206
0.282813
0.289759
0.297044
0.304643
0.288147
0.276151
0.265177
0.254912
0.245282
0.236304
0.227978
0.220286
0.21321
0.206728
0.200801
0.195381
0.19041
0.185844
0.181653
0.177809
0.174291
0.171074
0.168138
0.165463
0.163031
0.160826
0.158831
0.157034
0.155421
0.15398
0.152703
0.151579
0.150601
0.14976
0.14905
0.148465
0.147999
0.147649
0.14741
0.147279
0.147254
0.147333
0.147515
0.147801
0.286595
0.273608
0.261536
0.250266
0.239759
0.229996
0.220952
0.212595
0.20489
0.197801
0.191275
0.185246
0.179648
0.174434
0.169575
0.165047
0.160827
0.156893
0.153225
0.149802
0.146608
0.143624
0.140836
0.138229
0.135791
0.13351
0.131375
0.129377
0.127506
0.125755
0.124116
0.122583
0.121149
0.11981
0.118559
0.117393
0.116307
0.115299
0.114366
0.113507
0.286003
0.272704
0.2604
0.24897
0.238344
0.22847
0.219301
0.2108
0.202934
0.195676
0.188977
0.182754
0.176927
0.171458
0.166324
0.161506
0.156985
0.15274
0.148752
0.145004
0.141477
0.138156
0.135026
0.132073
0.129285
0.12665
0.124157
0.121797
0.11956
0.11744
0.115427
0.113517
0.111702
0.109976
0.108335
0.106774
0.105289
0.103876
0.102532
0.101254
0.285725
0.272307
0.259933
0.248463
0.237807
0.227898
0.218683
0.210125
0.202201
0.194901
0.188183
0.181917
0.176008
0.170436
0.165188
0.160251
0.155611
0.151246
0.147137
0.143265
0.139613
0.136165
0.132906
0.129823
0.126903
0.124134
0.121506
0.119009
0.116635
0.114376
0.112224
0.110172
0.108214
0.106345
0.104559
0.102852
0.101218
0.0996551
0.0981599
0.0967316
0.285584
0.272115
0.259724
0.248266
0.237639
0.227767
0.218589
0.210062
0.202174
0.194966
0.188423
0.182441
0.176637
0.171124
0.165899
0.160968
0.156321
0.151942
0.147812
0.143915
0.140233
0.13675
0.133451
0.130323
0.127354
0.124533
0.121848
0.119291
0.116854
0.114528
0.112306
0.110183
0.108151
0.106205
0.10434
0.102552
0.100835
0.0991869
0.0976038
0.0960851
0.285511
0.272018
0.25963
0.248199
0.237617
0.2278
0.218679
0.210208
0.202411
0.195521
0.189521
0.186239
0.177873
0.172507
0.167369
0.162492
0.157878
0.153513
0.149386
0.14548
0.141783
0.138278
0.134955
0.131799
0.128799
0.125945
0.123228
0.120637
0.118166
0.115807
0.113552
0.111395
0.109331
0.107353
0.105457
0.103638
0.101892
0.100214
0.0986017
0.0970568
0.285475
0.271974
0.259596
0.248195
0.237661
0.227906
0.218862
0.210496
0.202837
0.199139
0.193728
0.190209
0.185224
0.181155
0.176198
0.171529
0.167143
0.163021
0.159145
0.155493
0.152046
0.148787
0.145699
0.142769
0.139983
0.137331
0.134801
0.132386
0.130076
0.127864
0.125743
0.123707
0.121751
0.119868
0.118056
0.116309
0.114624
0.112996
0.111422
0.109903
0.285465
0.271964
0.259598
0.248224
0.237731
0.228029
0.219056
0.210769
0.206757
0.202358
0.212479
0.223797
0.215504
0.219506
0.244996
0.234456
0.225114
0.216759
0.209228
0.202392
0.19615
0.190417
0.185128
0.180225
0.175662
0.171402
0.167411
0.163662
0.16013
0.156795
0.153639
0.150646
0.147803
0.145096
0.142517
0.140055
0.137702
0.135454
0.133305
0.131265
0.285476
0.27198
0.259628
0.248277
0.237811
0.228138
0.219184
0.210893
0.207115
0.204354
0.361525
0.525493
0.555533
0.461068
0.350295
0.319005
0.293642
0.272653
0.255001
0.239951
0.226968
0.21565
0.205695
0.196866
0.188981
0.181893
0.175484
0.169658
0.16434
0.159465
0.15498
0.150836
0.146997
0.143428
0.140101
0.136992
0.134079
0.131343
0.128771
0.126353
0.285509
0.272025
0.259691
0.248362
0.237922
0.228272
0.219326
0.211043
0.203631
0.200572
0.197787
0.200176
0.209226
0.218593
0.225328
0.227694
0.227091
0.224515
0.220662
0.21601
0.210884
0.205511
0.200047
0.194599
0.189237
0.18401
0.178949
0.174071
0.169387
0.164901
0.160612
0.156516
0.152609
0.148883
0.145332
0.141947
0.13872
0.135643
0.132707
0.129894
0.28557
0.272109
0.259801
0.248506
0.238106
0.228502
0.219609
0.211375
0.203839
0.197248
0.194244
0.189023
0.181957
0.180287
0.179141
0.178233
0.177355
0.176385
0.175273
0.174004
0.172581
0.171017
0.169327
0.16753
0.165644
0.163684
0.161667
0.159606
0.157512
0.155398
0.15327
0.151138
0.149009
0.146887
0.144779
0.142689
0.140622
0.138583
0.136579
0.134599
0.285673
0.272249
0.259985
0.248742
0.238407
0.228882
0.220084
0.211955
0.204473
0.197645
0.191559
0.18595
0.180709
0.175954
0.171627
0.167699
0.164127
0.160864
0.157873
0.155121
0.152581
0.15023
0.148047
0.146017
0.144124
0.142356
0.140702
0.139152
0.137697
0.136329
0.135041
0.133825
0.132677
0.131591
0.130561
0.129585
0.128658
0.127779
0.126945
0.126149
0.285846
0.272487
0.260294
0.249132
0.238886
0.229459
0.220768
0.212747
0.205348
0.198529
0.192232
0.186383
0.180922
0.17581
0.171016
0.166525
0.162314
0.158362
0.15465
0.151159
0.147873
0.144779
0.141863
0.139115
0.136523
0.13408
0.131776
0.129604
0.127558
0.125632
0.12382
0.122117
0.120518
0.119021
0.11762
0.116313
0.115097
0.11397
0.112927
0.11196
0.286142
0.272891
0.26083
0.249829
0.239771
0.230551
0.222077
0.214271
0.207069
0.200412
0.19424
0.188488
0.183104
0.178046
0.173286
0.1688
0.16457
0.160575
0.156798
0.153222
0.149833
0.146619
0.143566
0.140664
0.137903
0.135276
0.132772
0.130387
0.128112
0.125942
0.123872
0.121897
0.120013
0.118215
0.1165
0.114864
0.113306
0.111822
0.110407
0.109062
0.286736
0.273674
0.261757
0.250871
0.240924
0.23183
0.223498
0.215845
0.208796
0.202283
0.196241
0.190612
0.185347
0.180407
0.175764
0.171391
0.167269
0.163377
0.159697
0.156212
0.152909
0.149775
0.146796
0.143963
0.141265
0.138694
0.136243
0.133902
0.131667
0.12953
0.127487
0.125532
0.12366
0.121868
0.120151
0.118506
0.116929
0.115416
0.113964
0.112568
0.28785
0.275624
0.264741
0.254792
0.245625
0.237175
0.229374
0.222152
0.215453
0.209225
0.20342
0.197993
0.192903
0.18812
0.183617
0.179374
0.17537
0.171588
0.168012
0.164627
0.161419
0.158376
0.155487
0.15274
0.150128
0.147641
0.145272
0.143014
0.140859
0.138802
0.136838
0.134961
0.133167
0.131451
0.12981
0.12824
0.126738
0.125299
0.123921
0.122606
0.290962
0.278454
0.267846
0.258671
0.250588
0.243394
0.236918
0.231028
0.225631
0.22066
0.216061
0.211791
0.207814
0.204102
0.200635
0.197395
0.194367
0.191536
0.188889
0.186415
0.184103
0.181942
0.179923
0.178038
0.17628
0.174641
0.173114
0.171694
0.170376
0.169154
0.168024
0.166981
0.166022
0.165143
0.16434
0.16361
0.162951
0.162358
0.161827
0.16135
0.308144
0.302834
0.293909
0.284207
0.274886
0.266197
0.258133
0.250641
0.243669
0.237165
0.231082
0.225379
0.22002
0.214973
0.210212
0.205713
0.201456
0.197422
0.193595
0.18996
0.186503
0.183214
0.180081
0.177094
0.174244
0.171523
0.168924
0.166439
0.164063
0.161789
0.159612
0.157527
0.15553
0.153615
0.15178
0.150021
0.148333
0.146715
0.145164
0.143683
0.312059
0.310606
0.302025
0.29018
0.277654
0.265466
0.253969
0.2433
0.233509
0.224592
0.216511
0.20921
0.202629
0.196708
0.191392
0.186634
0.182389
0.17862
0.175288
0.172362
0.169812
0.167611
0.165735
0.164161
0.16287
0.161844
0.161067
0.160526
0.160207
0.160099
0.160193
0.16048
0.160951
0.1616
0.162421
0.163409
0.16456
0.165872
0.167346
0.168994
0.292411
0.281103
0.271069
0.262059
0.253957
0.246785
0.240498
0.235018
0.230285
0.22625
0.222864
0.220073
0.217825
0.216083
0.214822
0.214023
0.213669
0.213744
0.214232
0.21512
0.216395
0.218043
0.220054
0.222418
0.225128
0.228175
0.231555
0.235264
0.239297
0.243653
0.248331
0.253331
0.258654
0.264302
0.270278
0.276586
0.283231
0.290216
0.297544
0.305188
0.288147
0.276151
0.265177
0.254912
0.245282
0.236303
0.227977
0.220284
0.213205
0.206718
0.200786
0.195359
0.190382
0.185812
0.181617
0.17777
0.174248
0.171029
0.16809
0.165413
0.162978
0.16077
0.158772
0.156972
0.155355
0.153912
0.152631
0.151503
0.15052
0.149674
0.148959
0.148369
0.147899
0.147543
0.147297
0.14716
0.147127
0.147198
0.147372
0.147649
0.286595
0.273608
0.261536
0.250266
0.239759
0.229996
0.220951
0.212593
0.204885
0.197791
0.19126
0.185225
0.179621
0.174404
0.169543
0.165015
0.160794
0.15686
0.153192
0.149769
0.146574
0.143591
0.140803
0.138196
0.135758
0.133478
0.131343
0.129345
0.127475
0.125724
0.124086
0.122554
0.121121
0.119782
0.118531
0.117366
0.116281
0.115273
0.114341
0.113482
0.286003
0.272704
0.2604
0.24897
0.238344
0.22847
0.219301
0.210798
0.202929
0.195665
0.188956
0.182723
0.176889
0.171415
0.166278
0.161459
0.156936
0.152691
0.148704
0.144956
0.14143
0.13811
0.134981
0.132029
0.129242
0.126608
0.124117
0.121759
0.119524
0.117405
0.115395
0.113487
0.111674
0.109951
0.108313
0.106755
0.105272
0.103862
0.102521
0.101247
0.285725
0.272307
0.259933
0.248463
0.237807
0.227898
0.218684
0.210125
0.202197
0.194887
0.188153
0.181875
0.175961
0.170389
0.165143
0.160211
0.155574
0.151214
0.147109
0.143243
0.139597
0.136156
0.132903
0.129827
0.126914
0.124152
0.121532
0.119043
0.116677
0.114426
0.112282
0.110239
0.10829
0.106429
0.104652
0.102954
0.101329
0.0997755
0.0982895
0.0968702
0.285584
0.272115
0.259724
0.248266
0.237639
0.227767
0.218589
0.210061
0.202169
0.194943
0.188365
0.182341
0.176516
0.170995
0.165771
0.160843
0.156199
0.151822
0.147694
0.143797
0.140116
0.136634
0.133338
0.130212
0.127246
0.124428
0.121748
0.119197
0.116766
0.114447
0.112233
0.110118
0.108096
0.106161
0.104307
0.102531
0.100828
0.099193
0.0976241
0.0961198
0.28551
0.272018
0.25963
0.248199
0.237617
0.2278
0.218679
0.210207
0.202398
0.195452
0.189372
0.186082
0.177719
0.172374
0.167269
0.162435
0.15787
0.153561
0.149492
0.145648
0.142013
0.138573
0.135313
0.132222
0.129287
0.126499
0.123846
0.121321
0.118914
0.116619
0.114429
0.112336
0.110336
0.108422
0.10659
0.104834
0.103151
0.101536
0.0999855
0.0985015
0.285475
0.271974
0.259595
0.248194
0.23766
0.227904
0.218859
0.210486
0.202803
0.199078
0.1935
0.189835
0.18494
0.18097
0.176264
0.171745
0.167425
0.163303
0.159374
0.155629
0.15206
0.148657
0.145413
0.142319
0.139367
0.13655
0.13386
0.13129
0.128836
0.12649
0.124248
0.122104
0.120053
0.118091
0.116213
0.114415
0.112692
0.111041
0.109454
0.107933
0.285465
0.271964
0.259598
0.248224
0.23773
0.228027
0.21905
0.210753
0.206716
0.201956
0.210928
0.222149
0.21533
0.2221
0.26352
0.255603
0.247722
0.240072
0.232745
0.225774
0.219163
0.212906
0.206985
0.201384
0.196081
0.191057
0.186292
0.181767
0.177467
0.173376
0.169481
0.16577
0.16223
0.158851
0.155626
0.152545
0.1496
0.146786
0.144094
0.141518
0.285476
0.27198
0.259628
0.248277
0.237811
0.228138
0.219183
0.210889
0.207088
0.204079
0.356255
0.515902
0.543611
0.458547
0.359242
0.328694
0.30402
0.283632
0.266481
0.251832
0.239153
0.228054
0.21824
0.209485
0.201637
0.19457
0.188165
0.182325
0.176968
0.172032
0.167463
0.163219
0.159263
0.155564
0.152097
0.14884
0.145773
0.14288
0.140149
0.137572
0.285508
0.272026
0.259691
0.248363
0.237924
0.228275
0.219332
0.211049
0.20362
0.200521
0.19765
0.200422
0.210671
0.220492
0.227999
0.231231
0.231466
0.229653
0.226479
0.222421
0.217812
0.212888
0.207812
0.202697
0.197622
0.192642
0.187792
0.183095
0.178563
0.174203
0.170016
0.166002
0.162157
0.158476
0.154954
0.151584
0.14836
0.145274
0.142321
0.139487
0.28557
0.272109
0.259802
0.248507
0.238109
0.228506
0.219617
0.211385
0.203839
0.197207
0.194185
0.188943
0.18181
0.180059
0.178803
0.177799
0.176882
0.175942
0.174927
0.173817
0.172605
0.171294
0.169892
0.168411
0.16686
0.165251
0.163596
0.161903
0.160181
0.158439
0.156684
0.154921
0.153156
0.151393
0.149636
0.14789
0.146158
0.144446
0.142762
0.141104
0.285673
0.272249
0.259985
0.248744
0.238409
0.228885
0.220089
0.211961
0.204474
0.197629
0.191506
0.185857
0.180582
0.175787
0.171411
0.167416
0.163762
0.160407
0.157318
0.154464
0.151824
0.149375
0.147101
0.144986
0.143019
0.141186
0.139479
0.137887
0.136404
0.135021
0.133732
0.13253
0.131411
0.130368
0.129399
0.128499
0.127666
0.126898
0.126193
0.125552
0.285846
0.272487
0.260294
0.249133
0.238888
0.229461
0.220771
0.21275
0.205348
0.198521
0.192213
0.186351
0.180879
0.175757
0.170954
0.16645
0.162223
0.158253
0.154518
0.151002
0.147687
0.144561
0.14161
0.138823
0.136189
0.133699
0.131345
0.129121
0.127018
0.125031
0.123155
0.121385
0.119717
0.118146
0.116669
0.115284
0.113988
0.112779
0.111652
0.110602
0.286142
0.272892
0.26083
0.24983
0.239772
0.230552
0.222078
0.214271
0.207065
0.200403
0.194223
0.188462
0.183069
0.178004
0.173237
0.168745
0.164508
0.160506
0.156722
0.153139
0.149742
0.146518
0.143455
0.140542
0.137769
0.135128
0.13261
0.130208
0.127915
0.125725
0.123634
0.121635
0.119724
0.117897
0.116151
0.114482
0.112887
0.111363
0.109906
0.108514
0.286736
0.273674
0.261757
0.250872
0.240925
0.23183
0.223498
0.215845
0.208794
0.202278
0.196233
0.190601
0.185333
0.180392
0.175747
0.171373
0.16725
0.163357
0.159676
0.156191
0.152886
0.14975
0.14677
0.143935
0.141235
0.138662
0.136207
0.133864
0.131625
0.129484
0.127436
0.125476
0.123599
0.121801
0.120078
0.118425
0.11684
0.115318
0.113857
0.11245
0.28785
0.275624
0.264742
0.254793
0.245625
0.237175
0.229373
0.22215
0.215449
0.209219
0.203412
0.197982
0.19289
0.188105
0.183602
0.179357
0.175352
0.17157
0.167993
0.164607
0.161399
0.158355
0.155464
0.152717
0.150104
0.147616
0.145245
0.142984
0.140828
0.138769
0.136802
0.134923
0.133126
0.131407
0.129763
0.128189
0.126682
0.125239
0.123857
0.122537
0.290962
0.278454
0.267846
0.258672
0.250588
0.243393
0.236917
0.231026
0.225628
0.220656
0.216056
0.211785
0.207807
0.204095
0.200628
0.197388
0.19436
0.19153
0.188884
0.18641
0.184098
0.181938
0.17992
0.178035
0.176277
0.174638
0.173111
0.171691
0.170373
0.16915
0.168019
0.166976
0.166016
0.165136
0.164332
0.163601
0.16294
0.162345
0.161813
0.161333
0.308144
0.302835
0.29391
0.284207
0.274886
0.266197
0.258133
0.250641
0.243669
0.237164
0.231081
0.225378
0.220019
0.214972
0.21021
0.205711
0.201454
0.197419
0.193592
0.189957
0.1865
0.183211
0.180077
0.17709
0.174239
0.171518
0.168918
0.166432
0.164055
0.16178
0.159602
0.157516
0.155518
0.153602
0.151766
0.150004
0.148315
0.146695
0.145143
0.143661
0.312059
0.310606
0.302025
0.29018
0.277655
0.265466
0.253969
0.243299
0.233506
0.224588
0.216505
0.209203
0.202622
0.196702
0.191388
0.186634
0.182395
0.178632
0.175308
0.172391
0.169851
0.167661
0.165797
0.164236
0.16296
0.16195
0.16119
0.160667
0.160368
0.160281
0.160398
0.160708
0.161205
0.161882
0.162732
0.163751
0.164935
0.166282
0.167792
0.169479
0.292411
0.281103
0.271069
0.262059
0.253957
0.246784
0.240496
0.235014
0.230278
0.226239
0.222849
0.220055
0.217807
0.216069
0.214815
0.214026
0.213684
0.213773
0.214278
0.215184
0.216478
0.218148
0.220183
0.222574
0.225312
0.22839
0.231803
0.235547
0.239619
0.244016
0.248738
0.253785
0.259159
0.264861
0.270894
0.277264
0.283974
0.291029
0.29843
0.306154
0.288147
0.276151
0.265177
0.254912
0.245281
0.236303
0.227974
0.220279
0.213195
0.2067
0.200758
0.195319
0.190332
0.185754
0.181551
0.177698
0.174171
0.170947
0.168003
0.165321
0.162882
0.160669
0.158666
0.15686
0.155238
0.153789
0.152501
0.151367
0.150377
0.149523
0.1488
0.148201
0.147721
0.147355
0.147099
0.14695
0.146905
0.146963
0.147122
0.147384
0.286595
0.273608
0.261536
0.250266
0.239759
0.229996
0.22095
0.212589
0.204877
0.197775
0.191232
0.185185
0.179573
0.17435
0.169486
0.164955
0.160734
0.1568
0.153131
0.149708
0.146514
0.143531
0.140743
0.138137
0.1357
0.133419
0.131286
0.129288
0.127419
0.125669
0.124031
0.122499
0.121066
0.119728
0.118478
0.117312
0.116227
0.11522
0.114287
0.113428
0.286003
0.272704
0.260401
0.24897
0.238345
0.22847
0.219301
0.210796
0.202921
0.195644
0.188917
0.182666
0.176818
0.171336
0.166194
0.161372
0.156849
0.152605
0.148619
0.144873
0.141349
0.138032
0.134906
0.131957
0.129173
0.126542
0.124054
0.121699
0.119468
0.117353
0.115347
0.113442
0.111634
0.109915
0.108281
0.106727
0.10525
0.103844
0.102507
0.101238
0.285725
0.272307
0.259933
0.248463
0.237807
0.227899
0.218684
0.210123
0.202189
0.194862
0.188099
0.181798
0.175874
0.170299
0.165057
0.160131
0.155503
0.151151
0.147057
0.143202
0.139567
0.136138
0.132898
0.129834
0.126933
0.124184
0.121576
0.1191
0.116747
0.114508
0.112377
0.110346
0.10841
0.106562
0.104798
0.103113
0.101502
0.0999612
0.0984885
0.0970829
0.285584
0.272114
0.259723
0.248266
0.237639
0.227768
0.21859
0.210061
0.202161
0.194902
0.18826
0.182162
0.1763
0.170765
0.165545
0.160626
0.155992
0.151625
0.147506
0.14362
0.139948
0.136477
0.133191
0.130077
0.127124
0.124319
0.121653
0.119117
0.116703
0.114401
0.112206
0.11011
0.108108
0.106193
0.104362
0.102608
0.100929
0.0993185
0.0977748
0.0962967
0.28551
0.272018
0.259629
0.248198
0.237617
0.227799
0.218678
0.210204
0.202375
0.195333
0.1891
0.185794
0.177419
0.172107
0.167095
0.162383
0.15795
0.153771
0.149827
0.146099
0.142573
0.139233
0.136066
0.133062
0.130208
0.127495
0.124913
0.122455
0.120113
0.117879
0.115747
0.113711
0.111766
0.109906
0.108127
0.106424
0.104793
0.10323
0.101731
0.100299
0.285475
0.271974
0.259595
0.248193
0.237658
0.227901
0.218853
0.210469
0.202744
0.198964
0.192984
0.188813
0.183897
0.180223
0.17565
0.171125
0.166758
0.162586
0.158619
0.154857
0.151292
0.147917
0.144721
0.141697
0.138837
0.136133
0.133576
0.131157
0.128868
0.1267
0.124646
0.1227
0.120853
0.119101
0.117437
0.115856
0.114351
0.112919
0.11155
0.110243
0.285465
0.271963
0.259597
0.248223
0.237728
0.228024
0.219041
0.210726
0.20664
0.201082
0.206534
0.217181
0.215782
0.231396
0.329996
0.310404
0.293542
0.278836
0.265877
0.254353
0.244021
0.234695
0.226225
0.218488
0.211383
0.204827
0.19875
0.193097
0.187819
0.182879
0.178241
0.173878
0.169765
0.165881
0.162207
0.158727
0.155426
0.152292
0.149311
0.146468
0.285476
0.27198
0.259628
0.248276
0.237811
0.228139
0.219183
0.210884
0.207033
0.203436
0.347959
0.491662
0.55633
0.564273
0.48114
0.436339
0.400281
0.370595
0.34572
0.324561
0.306332
0.290456
0.276498
0.264127
0.253065
0.243107
0.234091
0.225888
0.21839
0.211506
0.205163
0.199297
0.193855
0.18879
0.184065
0.179645
0.1755
0.171607
0.167942
0.164481
0.285508
0.272026
0.259691
0.248364
0.237927
0.228281
0.219344
0.211062
0.203599
0.200394
0.197204
0.200946
0.21471
0.224241
0.235745
0.241785
0.244064
0.243812
0.241862
0.238779
0.23495
0.230648
0.226066
0.22134
0.216563
0.211801
0.207098
0.202485
0.197984
0.193609
0.189369
0.185269
0.18131
0.177493
0.173815
0.170273
0.166866
0.163589
0.160444
0.157436
0.28557
0.272109
0.259802
0.248509
0.238113
0.228514
0.219631
0.211403
0.203838
0.197127
0.19405
0.188687
0.181297
0.179185
0.177605
0.176263
0.175003
0.173737
0.172438
0.171101
0.169733
0.168346
0.166949
0.165553
0.164165
0.162789
0.16143
0.160091
0.158774
0.157479
0.156207
0.15496
0.153735
0.152535
0.151357
0.150204
0.149075
0.147976
0.146915
0.145904
0.285673
0.27225
0.259986
0.248746
0.238413
0.228892
0.220099
0.211972
0.204476
0.197598
0.191409
0.185686
0.180331
0.175448
0.17097
0.166845
0.163028
0.159478
0.156163
0.15306
0.150148
0.147412
0.144839
0.142418
0.14014
0.137997
0.135983
0.134091
0.132316
0.130652
0.129096
0.127643
0.12629
0.125032
0.123868
0.122794
0.12181
0.120914
0.120108
0.119396
0.285846
0.272487
0.260295
0.249134
0.238891
0.229466
0.220777
0.212756
0.205348
0.198508
0.192178
0.186292
0.180797
0.175654
0.170833
0.166308
0.162058
0.158058
0.15429
0.150733
0.147373
0.144195
0.141185
0.138332
0.135625
0.133056
0.130615
0.128296
0.126091
0.123995
0.122002
0.120107
0.118305
0.116594
0.114969
0.113427
0.111967
0.110585
0.109278
0.108042
0.286142
0.272892
0.260831
0.249831
0.239774
0.230555
0.22208
0.21427
0.207059
0.200387
0.194192
0.188415
0.183005
0.177926
0.173146
0.168643
0.164396
0.160383
0.156588
0.152992
0.149582
0.146344
0.143265
0.140334
0.137542
0.134879
0.132337
0.129909
0.127588
0.125367
0.123241
0.121205
0.119255
0.117385
0.115592
0.113872
0.112223
0.11064
0.109121
0.107662
0.286737
0.273674
0.261758
0.250873
0.240926
0.231831
0.223499
0.215844
0.20879
0.202269
0.196219
0.190581
0.185308
0.180363
0.175716
0.171341
0.167216
0.163322
0.159639
0.156153
0.152847
0.149708
0.146726
0.143888
0.141185
0.138608
0.136148
0.1338
0.131555
0.129409
0.127354
0.125386
0.1235
0.121692
0.119959
0.118295
0.116697
0.115162
0.113687
0.112265
0.28785
0.275624
0.264742
0.254793
0.245625
0.237175
0.229371
0.222147
0.215443
0.209209
0.203397
0.197962
0.192867
0.188079
0.183573
0.179327
0.175321
0.171538
0.16796
0.164573
0.161363
0.158318
0.155427
0.152678
0.150062
0.147572
0.145199
0.142936
0.140776
0.138713
0.136743
0.134859
0.133057
0.131333
0.129684
0.128104
0.126591
0.125141
0.123752
0.122423
0.290962
0.278455
0.267846
0.258672
0.250588
0.243393
0.236915
0.231023
0.225623
0.220648
0.216046
0.211773
0.207793
0.204081
0.200615
0.197376
0.194349
0.191519
0.188874
0.186402
0.184091
0.181931
0.179914
0.17803
0.176272
0.174633
0.173107
0.171686
0.170367
0.169144
0.168012
0.166968
0.166006
0.165124
0.164318
0.163585
0.162921
0.162323
0.161787
0.161305
0.308144
0.302835
0.29391
0.284207
0.274886
0.266197
0.258132
0.250641
0.243668
0.237163
0.23108
0.225376
0.220016
0.214969
0.210207
0.205708
0.20145
0.197416
0.193588
0.189952
0.186495
0.183205
0.180071
0.177082
0.174231
0.171509
0.168908
0.166421
0.164042
0.161766
0.159586
0.157498
0.155497
0.15358
0.151741
0.149977
0.148285
0.146663
0.145107
0.143621
0.312059
0.310606
0.302025
0.29018
0.277655
0.265466
0.253968
0.243297
0.233503
0.224583
0.216498
0.209195
0.202613
0.196694
0.191384
0.186635
0.182403
0.178649
0.175335
0.172429
0.169902
0.167726
0.165877
0.164334
0.163076
0.162087
0.161349
0.16085
0.160577
0.160518
0.160664
0.161006
0.161537
0.16225
0.163139
0.164199
0.165426
0.166819
0.168378
0.170118
0.292411
0.281103
0.271069
0.262059
0.253957
0.246783
0.240493
0.235009
0.230269
0.226225
0.22283
0.220032
0.217785
0.216052
0.214807
0.21403
0.213703
0.21381
0.214335
0.215264
0.216584
0.218282
0.220348
0.222772
0.225547
0.228665
0.232121
0.235912
0.240034
0.244485
0.249265
0.254374
0.259815
0.265588
0.271699
0.27815
0.284948
0.292095
0.299595
0.307425
0.288147
0.276151
0.265177
0.254912
0.245281
0.236302
0.227972
0.220273
0.213183
0.206678
0.200722
0.195269
0.190269
0.185679
0.181468
0.177607
0.174073
0.170841
0.167891
0.165202
0.162756
0.160536
0.158526
0.156712
0.155082
0.153623
0.152326
0.151181
0.15018
0.149315
0.148579
0.147967
0.147472
0.147091
0.146819
0.146652
0.146588
0.146626
0.146764
0.147002
0.286595
0.273608
0.261537
0.250266
0.239759
0.229996
0.220949
0.212585
0.204866
0.197753
0.191196
0.185135
0.179512
0.174281
0.169413
0.164879
0.160656
0.15672
0.15305
0.149627
0.146432
0.143448
0.14066
0.138054
0.135616
0.133336
0.131202
0.129204
0.127334
0.125585
0.123947
0.122415
0.120982
0.119643
0.118393
0.117228
0.116143
0.115134
0.114201
0.113341
0.286003
0.272704
0.260401
0.248971
0.238345
0.228471
0.2193
0.210792
0.20291
0.195619
0.188869
0.182595
0.176731
0.171237
0.166088
0.161262
0.156737
0.152492
0.148507
0.144761
0.141239
0.137924
0.1348
0.131855
0.129074
0.126447
0.123963
0.121612
0.119385
0.117275
0.115274
0.113374
0.111571
0.109858
0.10823
0.106682
0.10521
0.103811
0.10248
0.101217
0.285725
0.272307
0.259933
0.248463
0.237808
0.227899
0.218685
0.210122
0.202179
0.194831
0.188034
0.181703
0.175762
0.170181
0.164937
0.160013
0.155388
0.151041
0.146953
0.143104
0.139478
0.136057
0.132826
0.129772
0.126882
0.124143
0.121547
0.119082
0.11674
0.114514
0.112395
0.110376
0.108453
0.106618
0.104867
0.103195
0.101598
0.100071
0.0986128
0.0972215
0.285584
0.272114
0.259723
0.248266
0.237639
0.227768
0.218591
0.210061
0.202151
0.194855
0.188137
0.181957
0.176048
0.170483
0.165248
0.160326
0.155694
0.151335
0.147227
0.143354
0.139698
0.136245
0.132978
0.129886
0.126955
0.124174
0.121533
0.119023
0.116634
0.114361
0.112194
0.110128
0.108157
0.106275
0.104477
0.102758
0.101114
0.0995407
0.0980348
0.0965962
0.28551
0.272018
0.259629
0.248198
0.237616
0.227799
0.218678
0.210202
0.202352
0.195201
0.188769
0.18544
0.176875
0.171526
0.166487
0.161752
0.1573
0.153105
0.149147
0.145408
0.141872
0.138526
0.135355
0.132349
0.129497
0.12679
0.12422
0.121777
0.119455
0.117247
0.115146
0.113147
0.111244
0.109432
0.107706
0.106062
0.104494
0.103
0.101575
0.100221
0.285475
0.271973
0.259594
0.248192
0.237656
0.227898
0.218846
0.210449
0.202677
0.198833
0.192299
0.187192
0.181911
0.176581
0.172116
0.167821
0.163735
0.159868
0.156218
0.152776
0.149532
0.146477
0.143599
0.140923
0.13845
0.136151
0.134005
0.131993
0.130099
0.12831
0.126615
0.125005
0.123472
0.122008
0.120609
0.119269
0.117983
0.116749
0.115561
0.114425
0.285464
0.271963
0.259596
0.248221
0.237726
0.228019
0.21903
0.210694
0.206556
0.199892
0.199304
0.206759
0.209518
0.223201
0.310732
0.294221
0.279817
0.267151
0.255922
0.245887
0.236852
0.228661
0.22119
0.214304
0.207907
0.201942
0.19636
0.191121
0.186192
0.181542
0.177147
0.172985
0.169037
0.165287
0.161719
0.158319
0.155076
0.151979
0.149017
0.146181
0.285475
0.27198
0.259628
0.248276
0.237812
0.22814
0.219183
0.210878
0.206958
0.202394
0.309607
0.777917
1.39219
0.855108
0.461931
0.431111
0.403674
0.379317
0.35769
0.338446
0.321273
0.305896
0.29208
0.279592
0.26816
0.257658
0.247996
0.239087
0.230856
0.223237
0.216168
0.209597
0.203476
0.197762
0.192419
0.187414
0.182719
0.17831
0.17418
0.170347
0.285508
0.272026
0.259692
0.248365
0.23793
0.228289
0.219359
0.211082
0.203573
0.200151
0.195743
0.199122
0.206655
0.196167
0.196193
0.196388
0.196446
0.196222
0.195663
0.194766
0.193517
0.191937
0.190083
0.188011
0.185769
0.183401
0.180942
0.178424
0.175874
0.173315
0.170763
0.168234
0.16574
0.16329
0.16089
0.158548
0.15627
0.154062
0.151939
0.14994
0.28557
0.27211
0.259803
0.248511
0.238118
0.228525
0.219648
0.211426
0.203843
0.197033
0.193831
0.188125
0.180109
0.17609
0.172404
0.169025
0.165899
0.162979
0.160231
0.157637
0.155223
0.152998
0.150941
0.149036
0.147267
0.145613
0.144062
0.142607
0.141238
0.139951
0.138738
0.137595
0.136517
0.135501
0.134544
0.133644
0.132799
0.132013
0.131292
0.130655
0.285673
0.27225
0.259988
0.248748
0.238418
0.228901
0.220112
0.211986
0.204479
0.197563
0.191296
0.185478
0.179985
0.174885
0.170132
0.165696
0.161543
0.157646
0.153979
0.150524
0.147263
0.144181
0.141266
0.138506
0.135891
0.133422
0.13109
0.128886
0.126803
0.124835
0.122975
0.121219
0.11956
0.117996
0.116523
0.115136
0.113834
0.112614
0.111473
0.11041
0.285847
0.272488
0.260296
0.249137
0.238895
0.229472
0.220785
0.212763
0.205349
0.198492
0.192137
0.186223
0.180696
0.175519
0.170659
0.166092
0.161793
0.157741
0.153915
0.150297
0.146871
0.143622
0.140538
0.137606
0.134816
0.132159
0.129628
0.127213
0.124908
0.122707
0.120604
0.118595
0.116673
0.114835
0.113078
0.111398
0.109791
0.108256
0.106787
0.105381
0.286142
0.272892
0.260832
0.249832
0.239776
0.230558
0.222083
0.21427
0.207052
0.200367
0.194154
0.188358
0.182929
0.177832
0.173035
0.168516
0.164253
0.160225
0.156414
0.152803
0.149377
0.146122
0.143026
0.140077
0.137266
0.134584
0.132021
0.129571
0.127226
0.124981
0.122829
0.120766
0.118785
0.116884
0.115058
0.113302
0.111615
0.109992
0.108429
0.106925
0.286737
0.273675
0.261759
0.250874
0.240928
0.231833
0.2235
0.215843
0.208785
0.202259
0.196201
0.190556
0.185278
0.180328
0.175678
0.1713
0.167174
0.163277
0.159592
0.156103
0.152794
0.149653
0.146667
0.143825
0.141117
0.138535
0.13607
0.133715
0.131463
0.129309
0.127246
0.125268
0.123373
0.121554
0.119809
0.118132
0.116521
0.114972
0.113482
0.112045
0.28785
0.275624
0.264742
0.254793
0.245625
0.237174
0.229369
0.222142
0.215435
0.209196
0.203378
0.197938
0.192838
0.188047
0.183539
0.179291
0.175283
0.171499
0.16792
0.164532
0.161321
0.158274
0.155381
0.152631
0.150014
0.147521
0.145146
0.14288
0.140717
0.138651
0.136677
0.134789
0.132983
0.131255
0.1296
0.128014
0.126495
0.125039
0.123643
0.122307
0.290962
0.278455
0.267847
0.258672
0.250588
0.243392
0.236913
0.231019
0.225617
0.220639
0.216033
0.211758
0.207777
0.204064
0.200598
0.19736
0.194334
0.191506
0.188863
0.186391
0.184082
0.181923
0.179907
0.178024
0.176267
0.174628
0.173101
0.171681
0.170361
0.169137
0.168004
0.166958
0.165995
0.165111
0.164302
0.163566
0.162898
0.162297
0.161757
0.16127
0.308145
0.302835
0.29391
0.284207
0.274886
0.266197
0.258132
0.25064
0.243667
0.237162
0.231078
0.225373
0.220013
0.214965
0.210203
0.205704
0.201446
0.197411
0.193583
0.189947
0.186489
0.183199
0.180064
0.177074
0.174222
0.171498
0.168896
0.166408
0.164027
0.161749
0.159567
0.157477
0.155474
0.153553
0.151712
0.149945
0.14825
0.146624
0.145065
0.143575
0.312059
0.310606
0.302025
0.290181
0.277655
0.265466
0.253967
0.243296
0.2335
0.224577
0.21649
0.209186
0.202604
0.196687
0.191381
0.186637
0.182413
0.178667
0.175363
0.17247
0.169956
0.167795
0.165963
0.164438
0.163201
0.162232
0.161518
0.161044
0.160798
0.160768
0.160944
0.16132
0.161885
0.162636
0.163564
0.164666
0.165939
0.167379
0.168988
0.170781
0.292411
0.281103
0.271069
0.262059
0.253957
0.246782
0.240491
0.235004
0.23026
0.22621
0.222809
0.220009
0.217762
0.216034
0.214799
0.214034
0.213724
0.213849
0.214396
0.215349
0.216696
0.218423
0.220521
0.22298
0.225792
0.228951
0.232452
0.236289
0.240462
0.244968
0.249807
0.254979
0.260487
0.266332
0.272519
0.279052
0.285937
0.293177
0.300775
0.30871
0.288147
0.276151
0.265177
0.254912
0.245281
0.236301
0.227969
0.220266
0.213169
0.206654
0.200684
0.195216
0.190203
0.185602
0.181382
0.177513
0.173971
0.170733
0.167776
0.16508
0.162627
0.1604
0.158382
0.15656
0.154921
0.153453
0.152147
0.150991
0.149979
0.149102
0.148353
0.147726
0.147217
0.146819
0.146529
0.146344
0.146261
0.146277
0.146392
0.146605
0.286595
0.273608
0.261537
0.250266
0.239759
0.229995
0.220947
0.21258
0.204855
0.197731
0.19116
0.185084
0.179449
0.174211
0.169338
0.164801
0.160576
0.156639
0.152968
0.149544
0.146348
0.143363
0.140575
0.137968
0.135529
0.133248
0.131113
0.129115
0.127245
0.125494
0.123855
0.122322
0.120888
0.119548
0.118296
0.117129
0.116042
0.115032
0.114096
0.113233
0.286003
0.272704
0.260401
0.248971
0.238345
0.228471
0.2193
0.210789
0.202899
0.195593
0.188821
0.182525
0.176646
0.171143
0.165989
0.16116
0.156634
0.152389
0.148405
0.144662
0.141142
0.137829
0.134708
0.131766
0.128988
0.126364
0.123883
0.121535
0.119312
0.117205
0.115207
0.113311
0.111511
0.109801
0.108177
0.106633
0.105166
0.103772
0.102447
0.101191
0.285725
0.272307
0.259933
0.248463
0.237808
0.2279
0.218686
0.21012
0.202169
0.194801
0.18797
0.181609
0.175653
0.170063
0.164818
0.159894
0.155271
0.150927
0.146841
0.142996
0.139373
0.135955
0.132729
0.129679
0.126793
0.12406
0.121468
0.119009
0.116673
0.114454
0.112342
0.110333
0.10842
0.106598
0.10486
0.103202
0.101621
0.100111
0.0986708
0.0972988
0.285584
0.272114
0.259723
0.248265
0.23764
0.227769
0.218592
0.21006
0.20214
0.194811
0.18803
0.181713
0.175783
0.170208
0.164974
0.160059
0.155439
0.151093
0.146999
0.14314
0.139498
0.136058
0.132804
0.129725
0.126807
0.12404
0.121414
0.118921
0.116553
0.114302
0.11216
0.110123
0.108182
0.106333
0.104571
0.10289
0.101286
0.0997552
0.0982939
0.096903
0.28551
0.272018
0.259629
0.248197
0.237615
0.227798
0.218677
0.210199
0.202332
0.195101
0.188485
0.182391
0.176614
0.171123
0.165945
0.161074
0.156494
0.152186
0.148132
0.144314
0.140716
0.137323
0.134121
0.131103
0.128262
0.125586
0.123065
0.120687
0.118443
0.116323
0.11432
0.112424
0.11063
0.10893
0.107319
0.10579
0.10434
0.102962
0.101653
0.100416
0.285474
0.271973
0.259594
0.248191
0.237654
0.227894
0.218839
0.210432
0.202641
0.198746
0.191778
0.185572
0.179792
0.173269
0.168731
0.164449
0.16046
0.156758
0.153319
0.15012
0.14714
0.144359
0.141757
0.139312
0.137002
0.134814
0.132734
0.130752
0.128858
0.127043
0.125301
0.123626
0.122011
0.120452
0.118945
0.117486
0.11607
0.114695
0.113357
0.112056
0.285464
0.271963
0.259596
0.24822
0.237723
0.228014
0.219019
0.210684
0.202975
0.199423
0.193992
0.191466
0.188125
0.188553
0.185233
0.182096
0.179082
0.176151
0.173278
0.170444
0.167638
0.16485
0.162079
0.159326
0.156598
0.153902
0.151243
0.148627
0.146058
0.14354
0.141077
0.138669
0.13632
0.134029
0.131797
0.129624
0.127509
0.125451
0.123446
0.121485
0.285475
0.27198
0.259627
0.248276
0.237812
0.22814
0.219184
0.210888
0.20325
0.199936
0.198033
0.220412
0.238475
0.209967
0.211357
0.21019
0.207277
0.203317
0.198756
0.193887
0.188904
0.183878
0.178906
0.174077
0.169529
0.165241
0.161196
0.157375
0.153763
0.150342
0.147099
0.144022
0.141097
0.138314
0.135663
0.133137
0.130727
0.128429
0.126245
0.124183
0.285508
0.272026
0.259692
0.248367
0.237934
0.228297
0.219374
0.211103
0.203468
0.196652
0.193712
0.18967
0.187971
0.179444
0.177075
0.175005
0.173142
0.171381
0.169653
0.167923
0.166165
0.164366
0.162521
0.160631
0.158702
0.156743
0.154761
0.152767
0.15077
0.148779
0.146802
0.144845
0.142916
0.14102
0.139163
0.137349
0.135582
0.133872
0.132229
0.13069
0.28557
0.27211
0.259804
0.248514
0.238123
0.228535
0.219666
0.21145
0.203848
0.196853
0.190588
0.184857
0.179516
0.174561
0.16993
0.165597
0.161534
0.157741
0.154204
0.150901
0.147814
0.144926
0.14222
0.139682
0.137301
0.135064
0.13296
0.130981
0.129117
0.127361
0.125705
0.124143
0.122669
0.121278
0.119966
0.118729
0.117564
0.116471
0.115449
0.114502
0.285673
0.272251
0.259989
0.248751
0.238424
0.228909
0.220125
0.212001
0.204484
0.197531
0.191098
0.185129
0.179568
0.174367
0.169496
0.164927
0.160633
0.15659
0.152776
0.149174
0.145765
0.142539
0.139482
0.136582
0.133829
0.131214
0.128727
0.126361
0.124108
0.121963
0.119918
0.117969
0.116111
0.114339
0.112649
0.111039
0.109504
0.108043
0.106652
0.105327
0.285847
0.272489
0.260298
0.249139
0.238899
0.229478
0.220793
0.212771
0.205351
0.198477
0.192095
0.186152
0.180597
0.175394
0.17051
0.165918
0.161594
0.157513
0.153657
0.150008
0.146548
0.143265
0.140145
0.137177
0.134349
0.131653
0.12908
0.126621
0.12427
0.122022
0.119869
0.117807
0.11583
0.113934
0.112114
0.110367
0.10869
0.107078
0.105529
0.104037
0.286142
0.272893
0.260833
0.249834
0.239779
0.230561
0.222085
0.21427
0.207045
0.200347
0.194118
0.188304
0.18286
0.177748
0.172941
0.168413
0.164141
0.160105
0.156286
0.152667
0.149233
0.145971
0.142867
0.13991
0.13709
0.134399
0.131828
0.129369
0.127015
0.12476
0.122597
0.120522
0.118529
0.116615
0.114775
0.113007
0.111305
0.109667
0.10809
0.106571
0.286737
0.273675
0.26176
0.250875
0.24093
0.231835
0.223501
0.215842
0.20878
0.202248
0.196183
0.190532
0.185249
0.180296
0.175643
0.171265
0.167137
0.16324
0.159555
0.156065
0.152755
0.149613
0.146625
0.143781
0.141071
0.138487
0.136019
0.133661
0.131405
0.129247
0.127179
0.125198
0.123298
0.121474
0.119723
0.118041
0.116424
0.114869
0.113371
0.111927
0.28785
0.275625
0.264743
0.254794
0.245626
0.237174
0.229367
0.222138
0.215426
0.209182
0.203359
0.197914
0.19281
0.188015
0.183505
0.179256
0.175248
0.171463
0.167884
0.164496
0.161285
0.158238
0.155345
0.152594
0.149976
0.147483
0.145106
0.142839
0.140674
0.138607
0.13663
0.13474
0.132931
0.1312
0.129542
0.127953
0.12643
0.12497
0.123571
0.122231
0.290963
0.278455
0.267847
0.258672
0.250588
0.243391
0.236911
0.231015
0.22561
0.220629
0.21602
0.211742
0.20776
0.204047
0.200582
0.197345
0.19432
0.191494
0.188852
0.186383
0.184075
0.181918
0.179903
0.178022
0.176265
0.174628
0.173102
0.171682
0.170363
0.169139
0.168006
0.166959
0.165995
0.16511
0.1643
0.163563
0.162894
0.16229
0.161748
0.161259
0.308145
0.302835
0.29391
0.284208
0.274887
0.266197
0.258132
0.25064
0.243666
0.23716
0.231076
0.225371
0.22001
0.214962
0.2102
0.2057
0.201442
0.197407
0.193579
0.189943
0.186485
0.183193
0.180058
0.177068
0.174215
0.17149
0.168886
0.166397
0.164015
0.161735
0.159551
0.157459
0.155454
0.153531
0.151687
0.149917
0.148219
0.14659
0.145027
0.143534
0.312059
0.310607
0.302025
0.290181
0.277655
0.265466
0.253967
0.243294
0.233497
0.224572
0.216484
0.209178
0.202596
0.19668
0.191378
0.18664
0.182422
0.178684
0.17539
0.172507
0.170006
0.167859
0.166042
0.164533
0.163313
0.162365
0.161672
0.16122
0.160998
0.160994
0.161199
0.161604
0.162202
0.162987
0.163952
0.165093
0.166406
0.16789
0.169545
0.171387
0.292411
0.281103
0.271069
0.262059
0.253956
0.246781
0.240489
0.235
0.230252
0.226197
0.222791
0.219988
0.217742
0.216019
0.214792
0.214039
0.213742
0.213885
0.214451
0.215426
0.216796
0.218549
0.220676
0.223166
0.226012
0.229208
0.232748
0.236629
0.240848
0.245404
0.250296
0.255526
0.261095
0.267006
0.273263
0.279872
0.286836
0.294162
0.30185
0.309881
0.288147
0.276151
0.265177
0.254912
0.245281
0.2363
0.227966
0.22026
0.213157
0.206633
0.200651
0.19517
0.190145
0.185534
0.181305
0.17743
0.173881
0.170636
0.167673
0.16497
0.16251
0.160276
0.15825
0.15642
0.154772
0.153295
0.151978
0.150812
0.149788
0.148898
0.148135
0.147494
0.146969
0.146555
0.146247
0.146043
0.14594
0.145935
0.146029
0.14622
0.286595
0.273608
0.261537
0.250266
0.239759
0.229995
0.220946
0.212575
0.204845
0.197712
0.191128
0.18504
0.179395
0.174151
0.169273
0.164734
0.160506
0.156568
0.152896
0.14947
0.146273
0.143288
0.140498
0.13789
0.13545
0.133168
0.131032
0.129033
0.127161
0.125409
0.123769
0.122235
0.120801
0.11946
0.118209
0.117043
0.115956
0.114945
0.114008
0.113143
0.286003
0.272704
0.260401
0.248971
0.238346
0.228471
0.219299
0.210786
0.20289
0.19557
0.188782
0.182468
0.176576
0.171066
0.165907
0.161076
0.156549
0.152304
0.14832
0.144578
0.14106
0.137749
0.13463
0.131689
0.128913
0.126291
0.123812
0.121467
0.119246
0.117141
0.115147
0.113255
0.111459
0.109753
0.108133
0.106594
0.105132
0.103744
0.102426
0.101178
0.285725
0.272307
0.259933
0.248464
0.237809
0.227901
0.218686
0.210119
0.202161
0.194777
0.187921
0.181536
0.175566
0.16997
0.164722
0.159799
0.155177
0.150835
0.146752
0.14291
0.139291
0.135878
0.132656
0.129611
0.126731
0.124004
0.12142
0.11897
0.116644
0.114436
0.112337
0.11034
0.10844
0.106631
0.104907
0.103264
0.101697
0.100202
0.0987757
0.0974168
0.285584
0.272114
0.259723
0.248265
0.23764
0.227769
0.218593
0.21006
0.202132
0.194777
0.187954
0.181599
0.175649
0.170066
0.164828
0.159911
0.155292
0.150948
0.146858
0.143003
0.139366
0.13593
0.132683
0.12961
0.1267
0.123944
0.121329
0.118848
0.116491
0.114251
0.11212
0.110091
0.108159
0.106317
0.10456
0.102884
0.101284
0.0997566
0.0982974
0.0969071
0.28551
0.272017
0.259628
0.248197
0.237614
0.227797
0.218677
0.210197
0.202319
0.195021
0.188276
0.182002
0.176123
0.170595
0.165399
0.160518
0.155934
0.151627
0.147576
0.143763
0.140174
0.136794
0.133609
0.130605
0.127769
0.125087
0.12255
0.120146
0.117867
0.115704
0.113651
0.111699
0.109843
0.108077
0.106396
0.104793
0.103265
0.101807
0.100416
0.0990917
0.285474
0.271973
0.259593
0.24819
0.237652
0.227891
0.218833
0.21042
0.20261
0.195392
0.188809
0.18277
0.177168
0.171946
0.167038
0.162418
0.158077
0.153999
0.150168
0.146565
0.143172
0.13997
0.136944
0.134081
0.131369
0.128796
0.126353
0.124031
0.12182
0.119714
0.117705
0.115787
0.113954
0.1122
0.11052
0.108909
0.107363
0.105877
0.104446
0.10307
0.285464
0.271962
0.259595
0.248219
0.237721
0.22801
0.219011
0.210663
0.202932
0.19579
0.192359
0.186206
0.178371
0.173551
0.169054
0.16485
0.160903
0.157183
0.153665
0.150328
0.147154
0.144128
0.141239
0.138477
0.135832
0.133296
0.130862
0.128522
0.126272
0.124105
0.122017
0.120004
0.11806
0.116183
0.114368
0.112612
0.110912
0.109263
0.107661
0.1061
0.285475
0.27198
0.259627
0.248276
0.237812
0.228141
0.219185
0.210881
0.2032
0.196158
0.193021
0.187849
0.179336
0.17531
0.171528
0.167866
0.164267
0.160716
0.15722
0.153791
0.150443
0.147236
0.144162
0.141216
0.138389
0.135676
0.133071
0.130567
0.128161
0.125845
0.123616
0.121468
0.119399
0.117403
0.115477
0.113618
0.111823
0.110089
0.108413
0.106792
0.285508
0.272026
0.259693
0.248368
0.237937
0.228304
0.219386
0.211118
0.203459
0.196401
0.190027
0.184209
0.178892
0.1741
0.169667
0.165562
0.161753
0.158205
0.154885
0.151765
0.14882
0.146028
0.143371
0.140834
0.138403
0.136069
0.133822
0.131657
0.129566
0.127545
0.125591
0.1237
0.121869
0.120096
0.11838
0.116718
0.11511
0.113557
0.112063
0.110634
0.28557
0.27211
0.259805
0.248516
0.238128
0.228544
0.21968
0.211469
0.20386
0.196817
0.190309
0.184297
0.178728
0.173537
0.16868
0.164132
0.159874
0.155884
0.15214
0.148624
0.145315
0.142198
0.139255
0.136475
0.133843
0.131349
0.128984
0.126737
0.124602
0.122569
0.120634
0.118789
0.117029
0.11535
0.113747
0.112216
0.110754
0.109359
0.10803
0.106765
0.285673
0.272251
0.25999
0.248753
0.238428
0.228917
0.220136
0.212015
0.204492
0.197519
0.191044
0.185022
0.179405
0.174151
0.169226
0.164603
0.160256
0.156158
0.15229
0.14863
0.145163
0.141874
0.138751
0.135781
0.132955
0.130263
0.127695
0.125243
0.122901
0.120663
0.118521
0.11647
0.114506
0.112624
0.11082
0.10909
0.107431
0.105839
0.104312
0.102845
0.285847
0.272489
0.260299
0.249141
0.238902
0.229484
0.2208
0.212778
0.205354
0.19847
0.192072
0.18611
0.180539
0.175321
0.170425
0.165822
0.161487
0.157397
0.153532
0.149875
0.146408
0.143119
0.139992
0.137016
0.13418
0.131476
0.128894
0.126428
0.124069
0.12181
0.119646
0.117571
0.11558
0.113668
0.11183
0.110064
0.108365
0.106729
0.105154
0.103635
0.286142
0.272893
0.260834
0.249836
0.239781
0.230564
0.222088
0.214271
0.20704
0.200333
0.194092
0.188266
0.182811
0.177691
0.172877
0.168343
0.164066
0.160026
0.156203
0.152581
0.149143
0.145877
0.14277
0.13981
0.136988
0.134293
0.131717
0.129251
0.126891
0.12463
0.122462
0.120382
0.118385
0.116467
0.114622
0.112848
0.11114
0.109496
0.107912
0.106386
0.286737
0.273676
0.26176
0.250876
0.240931
0.231836
0.223502
0.215841
0.208777
0.202239
0.196169
0.190513
0.185226
0.180271
0.175617
0.171238
0.16711
0.163213
0.159528
0.156038
0.152728
0.149585
0.146597
0.143753
0.141043
0.138458
0.13599
0.133632
0.131375
0.129215
0.127146
0.125163
0.123262
0.121438
0.119686
0.118003
0.116385
0.114828
0.113329
0.111882
0.28785
0.275625
0.264743
0.254794
0.245626
0.237173
0.229365
0.222134
0.215419
0.20917
0.203343
0.197893
0.192786
0.187989
0.183478
0.179228
0.17522
0.171435
0.167856
0.164468
0.161257
0.158211
0.155318
0.152567
0.149949
0.147455
0.145078
0.14281
0.140645
0.138577
0.136598
0.134704
0.132893
0.131159
0.129499
0.127909
0.126386
0.124926
0.123528
0.122193
0.290963
0.278456
0.267847
0.258673
0.250588
0.243391
0.236909
0.231011
0.225604
0.22062
0.216009
0.211729
0.207746
0.204033
0.200568
0.197332
0.194309
0.191484
0.188844
0.186377
0.184071
0.181915
0.179902
0.178022
0.176267
0.17463
0.173106
0.171687
0.170369
0.169146
0.168013
0.166968
0.166004
0.165118
0.164305
0.163563
0.16289
0.162281
0.161733
0.161235
0.308145
0.302835
0.29391
0.284208
0.274887
0.266197
0.258132
0.250639
0.243665
0.237159
0.231074
0.225368
0.220007
0.214959
0.210197
0.205697
0.201439
0.197404
0.193576
0.189939
0.186481
0.18319
0.180054
0.177063
0.174209
0.171484
0.168879
0.166389
0.164006
0.161724
0.159539
0.157445
0.155438
0.153513
0.151667
0.149895
0.148195
0.146564
0.144998
0.143502
0.312059
0.310607
0.302026
0.290181
0.277655
0.265466
0.253967
0.243293
0.233495
0.224569
0.216479
0.209172
0.20259
0.196676
0.191376
0.186642
0.182429
0.178697
0.175411
0.172536
0.170044
0.167907
0.166101
0.164605
0.163399
0.162465
0.161787
0.161353
0.161149
0.161165
0.161391
0.161818
0.16244
0.16325
0.164241
0.165411
0.166755
0.16827
0.169961
0.17184
0.292411
0.281103
0.271069
0.262059
0.253956
0.246781
0.240487
0.234996
0.230245
0.226188
0.222778
0.219972
0.217727
0.216008
0.214787
0.214043
0.213757
0.213912
0.214492
0.215483
0.216871
0.218644
0.220791
0.223305
0.226176
0.229399
0.232968
0.23688
0.241133
0.245725
0.250656
0.255927
0.261541
0.2675
0.273809
0.280472
0.287497
0.294889
0.302642
0.310731
0.288147
0.276151
0.265177
0.254912
0.245281
0.236299
0.227965
0.220256
0.213149
0.206617
0.200627
0.195136
0.190102
0.185485
0.18125
0.177368
0.173815
0.170565
0.167597
0.16489
0.162425
0.160184
0.158153
0.156317
0.154663
0.153179
0.151855
0.15068
0.149647
0.148748
0.147976
0.147324
0.146788
0.146362
0.146042
0.145824
0.145704
0.145678
0.145753
0.14594
0.286595
0.273608
0.261537
0.250267
0.23976
0.229995
0.220945
0.212572
0.204837
0.197697
0.191105
0.185008
0.179356
0.174108
0.169227
0.164685
0.160456
0.156516
0.152843
0.149416
0.146218
0.143232
0.140441
0.137832
0.135392
0.133108
0.130971
0.128971
0.127098
0.125345
0.123705
0.122171
0.120738
0.119397
0.118144
0.116976
0.11589
0.114883
0.113949
0.113085
0.286003
0.272704
0.260401
0.248971
0.238346
0.228472
0.219299
0.210784
0.202883
0.195555
0.188754
0.182429
0.176528
0.171013
0.165852
0.161019
0.156491
0.152246
0.148262
0.144521
0.141003
0.137693
0.134575
0.131635
0.128861
0.12624
0.123762
0.121418
0.1192
0.117098
0.115105
0.113214
0.111419
0.109716
0.1081
0.106566
0.10511
0.103727
0.102414
0.101171
0.285725
0.272307
0.259933
0.248464
0.237809
0.227902
0.218687
0.210118
0.202156
0.194761
0.18789
0.18149
0.17551
0.16991
0.164661
0.159738
0.155117
0.150777
0.146697
0.142857
0.13924
0.135829
0.13261
0.129568
0.126691
0.123969
0.12139
0.118946
0.116626
0.114423
0.112331
0.110342
0.108449
0.106647
0.104931
0.103295
0.101735
0.100247
0.0988277
0.0974761
0.285584
0.272114
0.259723
0.248265
0.23764
0.22777
0.218594
0.21006
0.202127
0.194758
0.187911
0.181531
0.175564
0.169972
0.164728
0.159807
0.155185
0.150839
0.146748
0.142892
0.139255
0.135821
0.132575
0.129505
0.126599
0.123845
0.121234
0.118755
0.116399
0.11416
0.112029
0.11
0.108067
0.106224
0.104467
0.102789
0.101187
0.0996567
0.0981944
0.0968006
0.28551
0.272017
0.259628
0.248196
0.237614
0.227797
0.218676
0.210196
0.202311
0.194989
0.188196
0.181878
0.17597
0.170427
0.165224
0.160341
0.155755
0.151446
0.147393
0.143578
0.139986
0.136599
0.133404
0.130385
0.127529
0.124824
0.12226
0.119828
0.117518
0.115322
0.113233
0.111245
0.109351
0.107545
0.105823
0.104178
0.102607
0.101106
0.0996703
0.0983006
0.285474
0.271973
0.259593
0.248189
0.237651
0.227889
0.21883
0.210413
0.202589
0.19533
0.188624
0.182426
0.176659
0.171266
0.166207
0.161456
0.156992
0.152797
0.148851
0.145134
0.141628
0.138315
0.135182
0.132214
0.129401
0.126732
0.124195
0.121783
0.119487
0.117299
0.115212
0.11322
0.111317
0.109498
0.107756
0.106088
0.104488
0.102953
0.101477
0.10006
0.285464
0.271962
0.259595
0.248218
0.23772
0.228008
0.219006
0.210651
0.202892
0.195694
0.189017
0.182851
0.177171
0.171906
0.167011
0.162434
0.158135
0.154086
0.150261
0.146641
0.14321
0.139953
0.136857
0.133912
0.131105
0.128429
0.125875
0.123434
0.1211
0.118866
0.116726
0.114674
0.112705
0.110815
0.108998
0.10725
0.105566
0.103943
0.102374
0.100855
0.285475
0.271979
0.259627
0.248276
0.237812
0.228141
0.219185
0.210878
0.203171
0.196027
0.189419
0.183275
0.17759
0.172322
0.167411
0.162802
0.158455
0.154342
0.150445
0.146745
0.143228
0.139888
0.136712
0.133691
0.130814
0.128071
0.125454
0.122955
0.120565
0.118279
0.116089
0.11399
0.111976
0.110042
0.108184
0.106397
0.104677
0.10302
0.101421
0.0998766
0.285508
0.272026
0.259693
0.248369
0.237939
0.228308
0.219394
0.211129
0.203462
0.196359
0.189782
0.183696
0.178053
0.172804
0.167898
0.163303
0.158991
0.154939
0.151123
0.147522
0.144118
0.140895
0.137838
0.134934
0.13217
0.129535
0.127021
0.124619
0.12232
0.120117
0.118006
0.115978
0.11403
0.112156
0.110353
0.108617
0.106944
0.105333
0.103782
0.102289
0.28557
0.27211
0.259806
0.248518
0.238131
0.22855
0.219691
0.211483
0.203872
0.196811
0.190262
0.184184
0.178532
0.173256
0.16832
0.163695
0.159355
0.155277
0.151438
0.147818
0.1444
0.141167
0.138104
0.135199
0.132438
0.129813
0.127312
0.124928
0.122653
0.120479
0.118399
0.116409
0.114502
0.112674
0.11092
0.109237
0.10762
0.106067
0.104576
0.103144
0.285673
0.272252
0.259991
0.248755
0.238432
0.228923
0.220145
0.212025
0.2045
0.197518
0.191027
0.184981
0.179339
0.174061
0.169114
0.164468
0.160096
0.155976
0.152084
0.148399
0.144906
0.141591
0.13844
0.135441
0.132585
0.12986
0.127257
0.12477
0.12239
0.120111
0.117928
0.115833
0.113823
0.111893
0.110038
0.108255
0.10654
0.10489
0.103302
0.10177
0.285847
0.272489
0.2603
0.249143
0.238905
0.229488
0.220806
0.212784
0.205357
0.198468
0.192062
0.18609
0.180511
0.175286
0.170384
0.165776
0.161437
0.157343
0.153475
0.149815
0.146346
0.143053
0.139922
0.136941
0.134103
0.131396
0.128812
0.126342
0.123978
0.121715
0.119546
0.117466
0.115468
0.113549
0.111704
0.109929
0.10822
0.106575
0.104989
0.103458
0.286143
0.272894
0.260834
0.249837
0.239783
0.230566
0.22209
0.214271
0.207037
0.200324
0.194076
0.188242
0.182781
0.177656
0.172839
0.168302
0.164023
0.159981
0.156156
0.152532
0.149094
0.145826
0.142718
0.139757
0.13693
0.134231
0.131651
0.129184
0.126821
0.124558
0.122387
0.120304
0.118304
0.116382
0.114534
0.112756
0.111044
0.109396
0.107807
0.106276
0.286737
0.273676
0.261761
0.250877
0.240932
0.231838
0.223503
0.215841
0.208774
0.202234
0.19616
0.1905
0.185211
0.180254
0.1756
0.17122
0.167093
0.163196
0.159511
0.156022
0.152713
0.149571
0.146583
0.143739
0.14103
0.138446
0.135977
0.133617
0.131361
0.129202
0.127134
0.125152
0.123252
0.121428
0.119676
0.117993
0.116375
0.114819
0.113319
0.111871
0.287851
0.275625
0.264743
0.254794
0.245626
0.237173
0.229364
0.222131
0.215413
0.209162
0.203331
0.197878
0.192769
0.187971
0.183459
0.179209
0.175201
0.171416
0.167838
0.16445
0.16124
0.158194
0.155301
0.152551
0.149933
0.14744
0.145063
0.142795
0.140628
0.138556
0.136577
0.134686
0.132877
0.131147
0.12949
0.127904
0.126384
0.124928
0.123534
0.122203
0.290963
0.278456
0.267848
0.258673
0.250588
0.24339
0.236908
0.231009
0.225599
0.220613
0.216001
0.211719
0.207735
0.204022
0.200558
0.197323
0.194301
0.191478
0.188839
0.186373
0.184068
0.181915
0.179903
0.178024
0.17627
0.174635
0.173111
0.171693
0.170376
0.169155
0.168021
0.166971
0.166001
0.165108
0.164288
0.163539
0.162858
0.162241
0.161684
0.161178
0.308145
0.302835
0.293911
0.284208
0.274887
0.266197
0.258132
0.250639
0.243665
0.237158
0.231072
0.225367
0.220006
0.214957
0.210195
0.205695
0.201437
0.197403
0.193574
0.189938
0.186479
0.183188
0.180051
0.177061
0.174206
0.17148
0.168875
0.166384
0.164
0.161718
0.159531
0.157437
0.155429
0.153503
0.151655
0.149883
0.148181
0.146548
0.144981
0.143482
0.31206
0.310607
0.302026
0.290181
0.277656
0.265466
0.253966
0.243293
0.233494
0.224567
0.216477
0.209169
0.202588
0.196674
0.191376
0.186643
0.182433
0.178705
0.175422
0.172552
0.170065
0.167933
0.166134
0.164644
0.163445
0.162519
0.16185
0.161424
0.16123
0.161257
0.161494
0.161933
0.162568
0.163391
0.164398
0.165582
0.166944
0.168484
0.170198
0.172098
0.292411
0.281104
0.27107
0.26206
0.253957
0.246781
0.240487
0.234995
0.230243
0.226184
0.222772
0.219965
0.217721
0.216003
0.214786
0.214047
0.213767
0.213928
0.214516
0.215515
0.216912
0.218696
0.220855
0.223381
0.226265
0.229503
0.233088
0.237017
0.241288
0.2459
0.250852
0.256146
0.261784
0.267769
0.274106
0.280802
0.287859
0.295271
0.303039
0.311147
0.288147
0.276151
0.265177
0.254913
0.245281
0.236299
0.227964
0.220253
0.213144
0.206609
0.200614
0.195119
0.19008
0.185459
0.181221
0.177337
0.17378
0.170528
0.167557
0.164847
0.162379
0.160136
0.158102
0.156263
0.154605
0.153117
0.151788
0.150609
0.149572
0.148667
0.147889
0.147231
0.146689
0.146257
0.145929
0.1457
0.145567
0.145539
0.145615
0.145803
0.286595
0.273608
0.261537
0.250267
0.23976
0.229995
0.220944
0.21257
0.204833
0.19769
0.191093
0.184991
0.179336
0.174085
0.169202
0.164659
0.160429
0.156489
0.152815
0.149388
0.14619
0.143203
0.140411
0.137802
0.135361
0.133077
0.130939
0.128938
0.127065
0.125312
0.123673
0.122139
0.120704
0.119361
0.118109
0.116944
0.11586
0.114854
0.113923
0.113061
0.286003
0.272704
0.260401
0.248972
0.238346
0.228472
0.219299
0.210782
0.202879
0.195547
0.18874
0.182409
0.176504
0.170986
0.165823
0.16099
0.156462
0.152217
0.148233
0.144491
0.140974
0.137664
0.134547
0.131607
0.128833
0.126212
0.123736
0.121393
0.119175
0.117074
0.115081
0.113191
0.111399
0.109699
0.108085
0.106553
0.105099
0.103719
0.102408
0.101168
0.285725
0.272307
0.259933
0.248464
0.237809
0.227902
0.218687
0.210118
0.202153
0.194753
0.187875
0.181468
0.175483
0.169881
0.164631
0.159708
0.155089
0.150749
0.14667
0.142832
0.139216
0.135806
0.132588
0.129549
0.126675
0.123955
0.121379
0.118937
0.11662
0.114421
0.112331
0.110345
0.108455
0.106655
0.104941
0.103308
0.10175
0.100264
0.0988458
0.0974953
0.285584
0.272114
0.259723
0.248265
0.23764
0.22777
0.218594
0.21006
0.202125
0.194749
0.187891
0.1815
0.175527
0.169931
0.164684
0.159761
0.155137
0.15079
0.146698
0.142842
0.139204
0.13577
0.132525
0.129455
0.126549
0.123796
0.121184
0.118704
0.116347
0.114106
0.111974
0.109943
0.108007
0.106161
0.104399
0.102718
0.101111
0.0995761
0.0981086
0.0967086
0.28551
0.272017
0.259628
0.248196
0.237614
0.227796
0.218676
0.210195
0.202308
0.194975
0.188163
0.181823
0.175899
0.170348
0.16514
0.160253
0.155664
0.151352
0.147295
0.143477
0.13988
0.136489
0.133287
0.130259
0.127394
0.124679
0.122104
0.119659
0.117336
0.115126
0.113022
0.111018
0.109107
0.107284
0.105543
0.10388
0.10229
0.100769
0.099313
0.0979222
0.285474
0.271972
0.259592
0.248189
0.23765
0.227888
0.218828
0.210409
0.20258
0.195303
0.188555
0.182305
0.176489
0.171051
0.165954
0.161168
0.15667
0.15244
0.148459
0.144707
0.141165
0.137818
0.13465
0.131649
0.128802
0.126099
0.12353
0.121085
0.118757
0.116537
0.114419
0.112396
0.110463
0.108613
0.106843
0.105146
0.103519
0.101956
0.100455
0.0990131
0.285464
0.271962
0.259595
0.248218
0.237719
0.228006
0.219003
0.210645
0.202877
0.195648
0.188924
0.18268
0.176877
0.171481
0.166451
0.161745
0.157329
0.153173
0.149254
0.145552
0.142047
0.138726
0.135573
0.132576
0.129725
0.127009
0.124419
0.121946
0.119583
0.117323
0.11516
0.113087
0.1111
0.109193
0.107362
0.105601
0.103906
0.102274
0.100698
0.0991738
0.285475
0.271979
0.259627
0.248276
0.237812
0.228141
0.219185
0.210877
0.203161
0.195993
0.189313
0.183069
0.177232
0.171773
0.166657
0.161856
0.15734
0.153086
0.149073
0.14528
0.141692
0.138292
0.135067
0.132003
0.12909
0.126316
0.123672
0.121149
0.118738
0.116433
0.114226
0.112112
0.110085
0.108139
0.10627
0.104473
0.102744
0.101079
0.0994729
0.0979219
0.285508
0.272026
0.259693
0.24837
0.23794
0.22831
0.219398
0.211134
0.203465
0.196348
0.189745
0.183611
0.177902
0.172576
0.16759
0.162904
0.158491
0.154329
0.150396
0.146676
0.14315
0.139804
0.136625
0.133601
0.13072
0.127972
0.125349
0.122842
0.120444
0.118147
0.115946
0.113835
0.111807
0.109859
0.107986
0.106184
0.10445
0.10278
0.101173
0.0996263
0.28557
0.27211
0.259806
0.248519
0.238133
0.228553
0.219696
0.21149
0.203879
0.196813
0.190251
0.184152
0.178472
0.173169
0.168205
0.16355
0.159176
0.15506
0.15118
0.147519
0.144056
0.140778
0.137668
0.134715
0.131905
0.12923
0.126678
0.124243
0.121914
0.119687
0.117553
0.115508
0.113545
0.11166
0.109849
0.108107
0.106431
0.104818
0.103265
0.10177
0.285673
0.272252
0.259991
0.248756
0.238433
0.228926
0.220149
0.21203
0.204505
0.197519
0.191022
0.184969
0.179319
0.174032
0.169076
0.164421
0.16004
0.155909
0.152007
0.148311
0.144808
0.141482
0.138321
0.135312
0.132445
0.12971
0.127097
0.124599
0.122208
0.119918
0.117722
0.115615
0.113593
0.111649
0.109781
0.107983
0.106253
0.104587
0.102982
0.101433
0.285847
0.27249
0.2603
0.249144
0.238907
0.22949
0.220809
0.212787
0.205359
0.198467
0.192058
0.186083
0.1805
0.175273
0.170369
0.165759
0.161418
0.157323
0.153454
0.149793
0.146323
0.143028
0.139895
0.136915
0.134077
0.13137
0.128786
0.126316
0.123952
0.121689
0.11952
0.117439
0.115441
0.113521
0.111675
0.109899
0.108189
0.106542
0.104954
0.103421
0.286143
0.272894
0.260835
0.249838
0.239784
0.230567
0.222091
0.214271
0.207036
0.20032
0.194068
0.188231
0.182767
0.177641
0.172822
0.168284
0.164004
0.159961
0.156136
0.152512
0.149072
0.145805
0.142696
0.139733
0.136905
0.134205
0.131624
0.129156
0.126793
0.124529
0.122357
0.120273
0.118272
0.116349
0.114499
0.11272
0.111007
0.109357
0.107767
0.106234
0.286737
0.273676
0.261761
0.250878
0.240933
0.231838
0.223503
0.215841
0.208773
0.202231
0.196155
0.190494
0.185203
0.180246
0.175592
0.171212
0.167085
0.163188
0.159504
0.156015
0.152706
0.149564
0.146577
0.143734
0.141025
0.13844
0.135971
0.133612
0.131357
0.129199
0.127132
0.125151
0.123251
0.121428
0.119677
0.117995
0.116377
0.114821
0.113321
0.111873
0.287851
0.275625
0.264743
0.254794
0.245626
0.237172
0.229363
0.222129
0.215411
0.209158
0.203325
0.197871
0.19276
0.187962
0.183449
0.1792
0.175192
0.171407
0.167829
0.164442
0.161232
0.158186
0.155293
0.152543
0.149926
0.147433
0.145056
0.142786
0.140618
0.138548
0.136571
0.134681
0.132875
0.131146
0.129492
0.127908
0.12639
0.124936
0.123544
0.122215
0.290963
0.278456
0.267848
0.258673
0.250588
0.24339
0.236907
0.231007
0.225597
0.22061
0.215996
0.211714
0.20773
0.204017
0.200553
0.197319
0.194298
0.191475
0.188837
0.186372
0.184068
0.181915
0.179904
0.178025
0.176272
0.174638
0.173115
0.171698
0.170382
0.169158
0.168021
0.166968
0.165995
0.165099
0.164275
0.163523
0.162837
0.162216
0.161655
0.161143
0.308145
0.302835
0.29391
0.284208
0.274887
0.266197
0.258132
0.250639
0.243664
0.237158
0.231072
0.225366
0.220005
0.214956
0.210194
0.205695
0.201437
0.197402
0.193574
0.189937
0.186479
0.183187
0.18005
0.17706
0.174205
0.171479
0.168874
0.166382
0.163998
0.161715
0.159528
0.157433
0.155424
0.153498
0.15165
0.149876
0.148173
0.146539
0.144971
0.143471
0.207893
0.34697
0.571071
0.206552
0.216123
0.387505
0.427053
0.659843
0.201933
0.213458
0.347983
0.486816
0.203511
0.212434
0.217679
0.389667
0.430443
0.21094
0.22202
0.395396
0.446088
0.490486
0.203584
0.21132
0.356299
0.510422
0.204217
0.211019
0.222633
0.397271
0.449602
0.21248
0.223937
0.397942
0.453659
0.5146
0.204196
0.210733
0.361611
0.519708
0.204406
0.210768
0.223936
0.397918
0.453649
0.211621
0.222614
0.397286
0.449604
0.519695
0.204406
0.210768
0.357836
0.514606
0.204196
0.210736
0.221997
0.395389
0.446084
0.208095
0.217634
0.389665
0.430522
0.510428
0.204218
0.211023
0.350807
0.490599
0.203584
0.211326
0.216072
0.387514
0.427146
0.201545
0.20783
0.346946
0.570859
0.486947
0.203513
0.21244
0.318948
0.659884
0.201934
0.213453
0.194123
0.208444
0.2548
0.199315
0.204618
0.341364
0.65779
0.258172
0.197125
0.196783
0.30962
0.756596
0.200641
0.211589
0.200071
0.202693
0.318838
0.201084
0.202685
0.203421
0.361121
0.213033
0.601848
1.16686
0.217244
0.217422
0.421225
0.444614
0.258489
0.200878
0.200384
0.203437
0.270656
0.201193
0.201509
0.271528
0.237153
0.335929
0.2726
0.240573
1.54115
0.219646
0.266062
0.491507
0.503915
0.216951
0.253975
0.203852
0.203876
0.363362
0.201958
0.205428
0.204264
0.369138
0.216954
0.424485
0.439449
0.222174
0.218087
0.440493
0.454245
0.273362
0.201459
0.201714
0.20408
0.276965
0.201624
0.202218
0.271205
0.246793
0.352905
0.270825
0.247388
0.504455
0.215188
0.246972
0.515891
0.54474
0.214375
0.243779
0.205991
0.204507
0.371002
0.202358
0.206484
0.204629
0.372382
0.21792
0.444025
0.459456
0.223798
0.218563
0.448198
0.464914
0.277924
0.201754
0.202284
0.204354
0.279298
0.201807
0.202445
0.27253
0.249221
0.360653
0.27241
0.249464
0.552634
0.213942
0.242254
0.525504
0.562893
0.213746
0.24162
0.206483
0.204629
0.372358
0.202252
0.205987
0.204506
0.371016
0.218563
0.448188
0.464909
0.222563
0.217905
0.444028
0.459504
0.279217
0.201807
0.202445
0.204238
0.277967
0.201754
0.202283
0.272537
0.249911
0.361078
0.272835
0.249662
0.562883
0.213747
0.241619
0.52011
0.55262
0.213947
0.242296
0.205422
0.204262
0.369129
0.201639
0.203843
0.203874
0.363359
0.218066
0.440493
0.454338
0.218259
0.216894
0.424584
0.439998
0.276917
0.201623
0.202218
0.203727
0.273297
0.201458
0.201713
0.271255
0.248811
0.354067
0.272172
0.247972
0.544776
0.214382
0.243835
0.495122
0.504956
0.215198
0.247117
0.202677
0.20342
0.361126
0.200586
0.200065
0.202691
0.318815
0.217334
0.421342
0.445375
0.209768
0.21285
0.601437
1.14981
0.270626
0.201192
0.201509
0.202804
0.258483
0.200878
0.200384
0.271261
0.245589
0.34082
0.270363
0.243254
0.504684
0.216958
0.254167
0.692147
1.47293
0.219598
0.265938
0.204559
0.341341
0.657916
0.195414
0.194102
0.208429
0.254543
0.75715
0.200643
0.211596
0.208372
0.2581
0.197126
0.196787
0.276663
0.239659
0.374667
0.265998
0.247835
0.279403
0.295741
1.29012
0.432567
0.272502
0.288199
0.281742
0.380624
0.255464
0.252474
0.286531
0.283494
0.434177
0.290499
0.288278
0.28844
0.278012
1.20963
0.320567
0.493615
0.282387
0.309974
0.271268
0.340842
0.245593
0.243259
0.270367
0.277034
0.49571
0.299951
0.305237
0.275153
0.293391
0.258783
0.391378
0.290525
0.260417
0.295519
0.292755
0.43813
0.292088
0.296025
0.295832
0.392463
0.263692
0.262546
0.297565
0.297727
0.441118
0.299253
0.297393
0.29974
0.275574
0.294702
0.500609
0.27519
0.290383
0.271256
0.354072
0.248815
0.247976
0.272176
0.275604
0.503982
0.291814
0.290674
0.27646
0.300115
0.265198
0.397293
0.299384
0.265625
0.302347
0.300368
0.451704
0.301392
0.301457
0.300536
0.397642
0.265979
0.265921
0.300679
0.302741
0.453082
0.301995
0.301722
0.302957
0.27673
0.29207
0.517283
0.276683
0.292114
0.272549
0.361169
0.249912
0.249666
0.272846
0.276737
0.51896
0.292341
0.292069
0.277024
0.300532
0.265978
0.397617
0.300678
0.26592
0.302735
0.301995
0.453078
0.302955
0.301715
0.300109
0.397314
0.265187
0.265622
0.299368
0.302339
0.451706
0.300348
0.301449
0.301373
0.276721
0.292314
0.518957
0.277009
0.292039
0.272539
0.360725
0.249219
0.249464
0.272415
0.276741
0.517289
0.292083
0.292131
0.27669
0.295808
0.263678
0.392466
0.297545
0.26253
0.297698
0.29923
0.441145
0.299718
0.297361
0.293364
0.39138
0.258764
0.260398
0.290492
0.295488
0.438163
0.292692
0.295989
0.292045
0.275604
0.291811
0.50403
0.276456
0.290673
0.271205
0.352884
0.246788
0.247385
0.270819
0.275574
0.500661
0.294677
0.290382
0.275182
0.281706
0.255446
0.380595
0.286497
0.252455
0.283439
0.290428
0.434357
0.288395
0.288155
0.276624
0.374639
0.239629
0.247814
0.265939
0.279341
0.432732
0.295559
1.29665
0.288039
0.27242
0.277023
0.299921
0.495965
0.275146
0.305171
0.27152
0.335911
0.237152
0.24057
0.272594
0.277997
0.493865
1.21954
0.320456
0.309871
0.282374
0.196556
0.200274
0.202766
0.199893
0.198579
0.202115
0.311418
0.194301
0.258569
0.311507
0.206853
0.210022
0.680101
1.20475
0.202052
0.200048
0.198172
0.202394
0.250643
0.200421
0.199551
0.365045
0.199046
0.211616
0.777199
1.59987
0.217688
0.257758
0.302595
0.275582
0.327342
0.29991
0.277999
0.332993
0.498476
0.320898
0.384147
1.13488
0.391879
0.497257
0.903131
0.28912
0.453999
0.555186
0.605974
0.273842
0.400502
0.198495
0.194265
0.192037
0.197204
0.199042
0.19451
0.192437
0.312936
0.291969
0.351428
0.29212
0.312558
0.302622
0.505747
0.297914
0.355662
0.450125
0.361737
0.463486
0.507988
0.26491
0.362841
0.54354
0.502014
0.261406
0.35819
0.198823
0.194624
0.192629
0.19765
0.198975
0.194735
0.19278
0.318705
0.297045
0.358997
0.297065
0.318607
0.298675
0.522984
0.29864
0.359333
0.479631
0.357913
0.483828
0.508879
0.25957
0.355474
0.555534
0.50769
0.258913
0.353663
0.198835
0.194769
0.192827
0.197786
0.19892
0.194808
0.192877
0.320347
0.298617
0.361403
0.298469
0.320541
0.298017
0.524717
0.298297
0.358224
0.486337
0.349472
0.48562
0.507679
0.25891
0.353661
0.553483
0.508963
0.259633
0.355589
0.198921
0.194808
0.192877
0.197718
0.198836
0.194769
0.192827
0.316522
0.295803
0.355375
0.295384
0.317305
0.298423
0.509128
0.297715
0.355502
0.475698
0.357947
0.466385
0.502243
0.261493
0.358417
0.525716
0.508715
0.265138
0.363328
0.198977
0.194735
0.19278
0.197441
0.198825
0.194624
0.192629
0.308115
0.289152
0.346212
0.287972
0.309982
0.310137
0.500764
0.315445
0.382595
0.448224
0.374064
0.487581
0.606927
0.274152
0.401413
1.27544
0.892096
0.288927
0.452198
0.199043
0.19451
0.192437
0.196658
0.198492
0.194265
0.192037
0.198574
0.202115
0.311395
0.199553
0.196553
0.200273
0.20276
0.209832
0.679997
1.17836
0.194463
0.194221
0.258264
0.310341
0.25064
0.200421
0.199551
0.200551
0.20205
0.200048
0.198173
0.230714
0.269299
0.240674
0.23364
0.2932
0.215919
1.4864
0.217671
0.257227
0.266102
0.364434
0.199049
0.211487
0.300715
0.265292
0.360118
0.294196
0.269279
0.367111
0.425431
0.517152
0.440042
0.386965
0.402783
0.441733
0.317023
0.385855
0.284119
0.282997
0.31907
0.361174
0.426469
0.369346
0.446172
0.368805
0.44494
0.362345
0.487948
0.571407
0.500506
0.480464
0.586226
0.234936
0.256341
0.208799
0.213503
0.235321
0.251247
0.209188
0.308138
0.346222
0.289181
0.287993
0.310019
0.513383
0.486611
0.635901
0.624802
0.524394
0.233731
0.213023
0.246041
0.209172
0.24923
0.209155
0.232646
0.322597
0.286791
0.390124
0.287209
0.321444
0.369104
0.374362
0.45005
0.434694
0.375889
0.367526
0.453782
0.327092
0.393874
0.291477
0.291115
0.327783
0.378664
0.444973
0.385463
0.464881
0.385268
0.463752
0.379051
0.483192
0.625996
0.496312
0.573861
0.523779
0.230802
0.24378
0.208589
0.21087
0.231676
0.24209
0.208433
0.316554
0.355407
0.295834
0.29541
0.31734
0.490169
0.508878
0.589502
0.585149
0.492982
0.230701
0.210826
0.242596
0.208749
0.242077
0.208433
0.23084
0.329357
0.292758
0.396122
0.29286
0.329015
0.38279
0.389342
0.468407
0.450163
0.389419
0.38267
0.468622
0.330776
0.397745
0.2941
0.294062
0.33084
0.385462
0.453642
0.39205
0.472197
0.392095
0.472148
0.385451
0.497033
0.592482
0.515379
0.594965
0.495363
0.23068
0.242552
0.208557
0.210636
0.230881
0.242355
0.208522
0.320413
0.361491
0.298665
0.298519
0.320605
0.501273
0.519669
0.601204
0.600688
0.501606
0.230662
0.210586
0.242433
0.20871
0.242232
0.208506
0.230836
0.33077
0.294096
0.397719
0.294058
0.330836
0.385459
0.392044
0.472187
0.453637
0.392094
0.385446
0.472141
0.329348
0.396138
0.292753
0.292855
0.329008
0.382787
0.450167
0.389347
0.468409
0.389423
0.46862
0.382667
0.501104
0.60099
0.519663
0.600464
0.501444
0.230659
0.242426
0.20871
0.210586
0.230833
0.242225
0.208506
0.318704
0.359001
0.297066
0.297061
0.318636
0.497068
0.515396
0.592559
0.595023
0.495427
0.230684
0.210638
0.242558
0.208558
0.242362
0.208524
0.230885
0.32708
0.291466
0.39387
0.291107
0.327767
0.378664
0.385468
0.464867
0.444986
0.385282
0.379046
0.463757
0.322576
0.390122
0.286775
0.287193
0.321422
0.369131
0.434753
0.374443
0.450091
0.375956
0.453811
0.367559
0.490087
0.589467
0.508897
0.585032
0.492943
0.230705
0.242599
0.208752
0.210831
0.230842
0.242082
0.208436
0.312893
0.351378
0.291922
0.292085
0.3125
0.483093
0.496398
0.625781
0.573725
0.52363
0.230806
0.210876
0.243778
0.208592
0.242095
0.208436
0.231681
0.317003
0.284105
0.385867
0.282982
0.319052
0.361221
0.369444
0.446219
0.426601
0.368916
0.362387
0.445
0.300694
0.360092
0.265277
0.269263
0.294178
0.366968
0.439996
0.425161
0.517094
0.402556
0.386705
0.44174
0.513307
0.635698
0.486801
0.624673
0.52427
0.233732
0.246036
0.209176
0.213025
0.23265
0.249199
0.209158
0.302582
0.327324
0.275574
0.27799
0.299896
0.48789
0.500598
0.57129
0.586105
0.480398
0.234932
0.2135
0.256245
0.208801
0.251196
0.20919
0.235317
0.229789
0.255956
0.227422
0.238299
0.210985
0.285591
0.288176
1.20932
0.264328
0.233062
0.38199
0.275498
0.308437
0.230712
0.269302
0.24066
0.233638
0.293309
0.215918
1.11076
0.32356
0.280974
0.250752
0.435747
0.317722
0.288424
0.229205
0.34737
0.236009
0.215355
0.211869
0.212487
0.214181
0.353763
0.242893
0.240261
0.218777
0.217095
0.21626
0.221001
0.303257
0.428176
0.292584
0.313754
1.05735
0.326102
0.495602
0.429178
0.291769
0.291123
0.306573
0.436412
0.483323
0.299076
0.227885
0.264133
0.23135
0.209736
0.220153
0.208436
0.223484
0.267725
0.237028
0.234622
0.211336
0.229709
0.226714
0.21252
0.314424
0.357677
0.311735
0.352513
0.305093
0.330937
0.282938
0.281111
0.308866
0.316523
0.359625
0.353566
0.321046
0.413533
1.19616
0.817026
0.808679
0.414833
0.50847
0.724503
0.500462
0.310185
0.315565
0.38271
0.447841
0.487156
0.374136
0.412857
0.656225
0.451397
0.651119
0.497308
0.698454
0.401111
0.245913
0.365218
0.247399
0.224898
0.218348
0.223613
0.218772
0.366278
0.250409
0.249355
0.226617
0.219867
0.219497
0.227541
0.293512
0.432406
0.296429
0.29983
0.438859
0.298798
0.450691
0.435373
0.299224
0.297548
0.300009
0.462215
0.453635
0.300923
0.238572
0.274719
0.239108
0.213805
0.231619
0.213433
0.232195
0.275741
0.240639
0.239996
0.214532
0.233372
0.232814
0.215047
0.323827
0.360627
0.323382
0.361422
0.31361
0.352115
0.293389
0.292981
0.314437
0.324446
0.363388
0.361976
0.325416
0.380275
0.453588
0.61587
0.52299
0.386209
0.467656
0.606648
0.509074
0.298425
0.297716
0.355472
0.475662
0.466281
0.357917
0.380252
0.53021
0.480367
0.607879
0.470375
0.606418
0.382578
0.251771
0.371878
0.252174
0.229084
0.220517
0.228721
0.220681
0.372193
0.252484
0.252433
0.229304
0.220991
0.220917
0.229346
0.300186
0.446194
0.301246
0.302264
0.466288
0.301357
0.469973
0.447611
0.301738
0.301474
0.302286
0.472457
0.47176
0.302525
0.241184
0.278631
0.241377
0.215602
0.233914
0.215461
0.234155
0.279046
0.241875
0.241678
0.21585
0.234481
0.234351
0.21601
0.329976
0.368723
0.329821
0.369262
0.319312
0.360137
0.297908
0.297612
0.319744
0.330642
0.370768
0.370106
0.331124
0.384176
0.484302
0.609636
0.558676
0.382503
0.488825
0.612781
0.524719
0.298048
0.298331
0.358277
0.486343
0.485617
0.349521
0.383026
0.561896
0.491401
0.592635
0.490632
0.611905
0.373649
0.252483
0.372169
0.252432
0.229302
0.22099
0.229345
0.220915
0.371899
0.251761
0.252171
0.229082
0.220514
0.220679
0.228712
0.301738
0.447609
0.301467
0.30228
0.472451
0.302527
0.471763
0.446197
0.300167
0.301239
0.30226
0.466298
0.46998
0.301342
0.241874
0.278963
0.241675
0.215849
0.23448
0.21601
0.23435
0.278702
0.241181
0.241376
0.2156
0.23391
0.234153
0.215458
0.331759
0.37177
0.331963
0.371546
0.320119
0.361159
0.298283
0.298241
0.320112
0.331528
0.371179
0.371291
0.331498
0.382967
0.491394
0.592539
0.561888
0.373592
0.490633
0.611849
0.522992
0.29869
0.298659
0.359359
0.479637
0.483835
0.357956
0.384206
0.558675
0.484309
0.60984
0.488832
0.612913
0.382559
0.250395
0.36628
0.24934
0.226603
0.219862
0.227529
0.219492
0.365219
0.245896
0.247381
0.224882
0.218343
0.218767
0.223597
0.299203
0.435407
0.297515
0.299979
0.46225
0.300906
0.453742
0.432449
0.293442
0.296392
0.299794
0.439186
0.450826
0.298708
0.240635
0.275734
0.239991
0.214528
0.233368
0.215044
0.232809
0.274699
0.238566
0.239103
0.213801
0.231614
0.23219
0.213429
0.327555
0.367232
0.328486
0.365824
0.315795
0.354529
0.294435
0.294555
0.315423
0.326848
0.364349
0.365115
0.326386
0.380303
0.480402
0.608106
0.530341
0.382623
0.470485
0.606791
0.505808
0.302586
0.297913
0.355696
0.450449
0.463617
0.361688
0.380333
0.523202
0.453934
0.616822
0.467795
0.60715
0.3862
0.242876
0.353733
0.240244
0.218763
0.21709
0.220985
0.216255
0.347339
0.229182
0.23599
0.215343
0.211863
0.214174
0.212477
0.291688
0.429404
0.290967
0.306278
0.436794
0.298962
0.483672
0.428381
0.303094
0.292374
0.313342
1.03445
0.495767
0.32598
0.237022
0.267716
0.234616
0.211332
0.229697
0.212517
0.226703
0.264126
0.227884
0.231346
0.209733
0.220147
0.223475
0.208434
0.318595
0.358537
0.320946
0.354984
0.306266
0.344274
0.286405
0.284859
0.31165
0.316988
0.360866
0.353633
0.323506
0.41292
0.451803
0.652384
0.655871
0.401081
0.497704
0.701779
0.498771
0.332875
0.320749
0.383968
1.10973
0.497525
0.391003
0.413539
0.804638
1.16384
0.81582
0.508711
0.728637
0.413658
0.229767
0.255898
0.227372
0.238286
0.210966
0.285406
0.288108
1.21835
0.264269
0.232984
0.381677
0.275374
0.308227
1.12286
0.32354
0.280966
0.250777
0.435153
0.317564
0.28862
0.302358
0.30335
0.296951
0.307342
0.304195
0.366479
0.275936
0.272933
0.308971
0.305829
0.314682
0.311254
0.310665
0.34246
0.478306
0.309441
0.349348
0.311275
0.426421
0.359639
0.432664
0.369455
0.450993
0.384756
0.352892
0.444226
0.343497
0.319594
0.436241
0.31497
0.341783
0.429967
0.31514
0.384541
0.279584
0.280946
0.312443
0.31941
0.327707
0.325543
0.321596
0.317317
0.319249
0.314316
0.322602
0.35673
0.427481
0.365489
0.452705
0.365299
0.354135
0.445287
0.350952
0.432081
0.333198
0.33107
0.430397
0.352246
0.347124
0.324365
0.438116
0.345178
0.328082
0.429777
0.338419
0.279303
0.30683
0.289584
0.306265
0.29161
0.339844
0.468804
0.365169
0.462635
0.358804
0.363898
0.387464
0.308967
0.316125
0.364028
0.3938
0.305352
0.493481
0.491485
0.613888
0.593975
0.509793
0.336518
0.27981
0.309262
0.295742
0.339911
0.305448
0.292801
0.473979
0.366973
0.360237
0.489782
0.366836
0.300945
0.313559
0.404695
0.397763
0.303556
0.371509
0.306284
0.344297
0.286421
0.284875
0.311669
0.318618
0.358595
0.320987
0.355015
0.317008
0.360894
0.323526
0.35366
0.335778
0.306856
0.287551
0.274485
0.339782
0.302614
0.28463
0.509289
0.488818
0.616272
0.618369
0.513141
0.492641
0.363894
0.360084
0.50313
0.370579
0.415771
0.301407
0.293223
0.408183
0.293898
0.374199
0.488881
0.366986
0.49368
0.358719
0.368097
0.297332
0.404449
0.301378
0.404305
0.371937
0.293756
0.33792
0.275036
0.304073
0.284939
0.303466
0.28506
0.339685
0.325438
0.331421
0.324089
0.333173
0.323505
0.390268
0.288784
0.288277
0.324574
0.326506
0.336139
0.334972
0.327674
0.358687
0.436038
0.337175
0.357193
0.339076
0.439265
0.371757
0.436689
0.378664
0.457151
0.378545
0.372178
0.455802
0.361163
0.342133
0.442461
0.340995
0.361802
0.441244
0.326492
0.393228
0.290179
0.290442
0.325762
0.330559
0.341587
0.340738
0.331332
0.329836
0.338413
0.32898
0.339438
0.376556
0.443107
0.38245
0.46023
0.383099
0.375835
0.461889
0.36779
0.449695
0.347969
0.347135
0.448648
0.368319
0.365868
0.344653
0.445436
0.365125
0.345717
0.446872
0.327626
0.275125
0.305906
0.28165
0.305383
0.281109
0.328539
0.465112
0.365683
0.366329
0.503463
0.35054
0.407972
0.289715
0.289364
0.37009
0.371138
0.285437
0.482796
0.498552
0.578806
0.573995
0.485837
0.327695
0.274774
0.305157
0.283287
0.304564
0.336508
0.280894
0.464591
0.368374
0.36683
0.467337
0.35042
0.286193
0.289672
0.37392
0.370172
0.285557
0.352011
0.315822
0.35456
0.294446
0.294576
0.315434
0.327589
0.367265
0.328521
0.365868
0.326877
0.364363
0.326397
0.365154
0.329842
0.306944
0.281748
0.275568
0.329729
0.306852
0.281745
0.488991
0.506724
0.580653
0.583621
0.487311
0.471393
0.372295
0.370778
0.473929
0.354508
0.379405
0.291277
0.287427
0.377368
0.286876
0.355738
0.470269
0.369263
0.468771
0.37013
0.353701
0.286376
0.375028
0.290762
0.376681
0.353166
0.286429
0.330641
0.275938
0.308024
0.282688
0.307493
0.282141
0.331386
0.332943
0.343673
0.332661
0.343808
0.329687
0.396624
0.293469
0.293269
0.330148
0.333335
0.345023
0.34446
0.333871
0.371667
0.453025
0.350281
0.371529
0.350452
0.453154
0.383656
0.451209
0.390353
0.470341
0.390324
0.383814
0.469731
0.372437
0.351689
0.454811
0.351151
0.3727
0.454216
0.330633
0.397577
0.293887
0.293915
0.330482
0.334574
0.34611
0.346063
0.334635
0.334415
0.345637
0.334224
0.345836
0.385089
0.453176
0.391713
0.471628
0.391704
0.385048
0.471697
0.374166
0.456525
0.352869
0.352825
0.456473
0.374183
0.373833
0.352389
0.455991
0.373755
0.35258
0.456057
0.332957
0.276351
0.309424
0.283007
0.309056
0.282605
0.333419
0.477724
0.373709
0.374271
0.476202
0.357132
0.380473
0.287689
0.291612
0.380783
0.357119
0.287233
0.498469
0.516601
0.598474
0.59673
0.499678
0.332448
0.276278
0.30916
0.282942
0.308709
0.332739
0.282506
0.479101
0.37581
0.375096
0.480209
0.357732
0.287758
0.291756
0.382148
0.381292
0.287359
0.358374
0.320187
0.361248
0.298335
0.298292
0.320181
0.331833
0.371864
0.332034
0.371645
0.331603
0.37128
0.331574
0.371391
0.333785
0.309827
0.283019
0.276622
0.333883
0.309692
0.282904
0.500816
0.519091
0.599641
0.600043
0.50058
0.481705
0.376902
0.376677
0.482011
0.35911
0.383653
0.292059
0.288075
0.383105
0.287789
0.359398
0.481277
0.376296
0.481061
0.376435
0.35883
0.287765
0.382435
0.291921
0.382705
0.358848
0.287651
0.334039
0.276758
0.310129
0.28332
0.309906
0.28304
0.33428
0.334568
0.346106
0.334631
0.346057
0.330626
0.397552
0.293881
0.29391
0.330473
0.334408
0.345629
0.345828
0.334215
0.374161
0.456515
0.352865
0.374178
0.35282
0.456465
0.385084
0.453168
0.391714
0.471621
0.391701
0.385045
0.471687
0.373826
0.352381
0.455984
0.352573
0.373749
0.456047
0.329681
0.396647
0.293467
0.293266
0.330144
0.332931
0.34366
0.343794
0.332651
0.333327
0.345016
0.333866
0.344451
0.383656
0.451215
0.390355
0.470343
0.390331
0.383812
0.469735
0.371659
0.453026
0.350268
0.350439
0.453152
0.371521
0.372434
0.351681
0.454812
0.372695
0.351143
0.454218
0.333721
0.276606
0.30978
0.282997
0.309645
0.282883
0.333819
0.481545
0.376805
0.376576
0.481858
0.359031
0.383566
0.288051
0.29203
0.383012
0.359322
0.287764
0.500644
0.519082
0.599408
0.599816
0.500405
0.333976
0.276742
0.310084
0.2833
0.30986
0.334219
0.283019
0.481116
0.376193
0.376333
0.480897
0.358751
0.287738
0.291892
0.38234
0.382612
0.287625
0.358767
0.319368
0.360212
0.297946
0.297653
0.319792
0.329978
0.368765
0.329853
0.369273
0.330704
0.370826
0.331175
0.370187
0.333009
0.309454
0.283021
0.276365
0.333458
0.309095
0.282624
0.498604
0.516613
0.59854
0.596904
0.499747
0.477754
0.373751
0.374284
0.476265
0.357144
0.380507
0.291619
0.2877
0.380806
0.287238
0.357148
0.479229
0.375867
0.480279
0.375179
0.357797
0.287774
0.382184
0.291782
0.381367
0.358415
0.287382
0.332453
0.276281
0.309179
0.282951
0.308712
0.282509
0.332762
0.330545
0.341564
0.331313
0.340721
0.326476
0.393224
0.29017
0.290431
0.325749
0.329816
0.338396
0.339416
0.328965
0.36778
0.449679
0.347947
0.368307
0.347119
0.44865
0.376559
0.443123
0.382479
0.460245
0.383121
0.375843
0.461893
0.36586
0.344638
0.445446
0.345696
0.36512
0.446873
0.323483
0.390267
0.28877
0.288262
0.324556
0.325415
0.3314
0.33315
0.324064
0.326481
0.336117
0.327655
0.334949
0.371776
0.436738
0.378703
0.457166
0.378599
0.37219
0.455824
0.35869
0.436065
0.337159
0.339057
0.439285
0.3572
0.361162
0.342113
0.442469
0.361797
0.340975
0.441257
0.329818
0.275565
0.306937
0.281748
0.306835
0.281741
0.329717
0.471319
0.372264
0.370733
0.47389
0.354472
0.379391
0.287422
0.291269
0.377326
0.355716
0.286869
0.488918
0.506754
0.580589
0.583515
0.487273
0.330612
0.275933
0.308006
0.282683
0.307473
0.331363
0.282135
0.470202
0.369248
0.370089
0.468737
0.35367
0.286375
0.290757
0.375009
0.376645
0.286423
0.35315
0.313574
0.352078
0.293371
0.292952
0.314417
0.323781
0.360549
0.32332
0.361364
0.324407
0.363366
0.325396
0.361928
0.327599
0.305896
0.28165
0.275123
0.328525
0.305363
0.281105
0.482705
0.498623
0.578742
0.573872
0.485797
0.46502
0.365603
0.366271
0.503325
0.350496
0.407867
0.289351
0.289697
0.370042
0.285427
0.371068
0.464507
0.368353
0.4673
0.366782
0.350384
0.286193
0.373902
0.289666
0.370131
0.351993
0.285552
0.327659
0.274769
0.305122
0.283274
0.304538
0.280886
0.336458
0.319387
0.327688
0.321578
0.325519
0.315113
0.384519
0.279566
0.280928
0.312419
0.317286
0.319222
0.322574
0.314288
0.350965
0.432116
0.333183
0.352257
0.33105
0.43044
0.356779
0.427636
0.365599
0.452777
0.365412
0.354198
0.445349
0.347136
0.32434
0.438164
0.328059
0.345187
0.429817
0.304173
0.366451
0.275919
0.272916
0.308947
0.302333
0.303297
0.296929
0.307303
0.305804
0.314653
0.310638
0.311221
0.359602
0.432703
0.369494
0.451064
0.384684
0.352906
0.444275
0.342382
0.478179
0.309366
0.349193
0.31123
0.426421
0.343474
0.319567
0.436288
0.341782
0.314933
0.43
0.335752
0.274478
0.306835
0.287531
0.302596
0.284617
0.339754
0.492574
0.363833
0.360052
0.503017
0.370539
0.41568
0.293203
0.301374
0.408127
0.37414
0.293879
0.509219
0.489038
0.616169
0.618249
0.513083
0.337889
0.27503
0.304045
0.284926
0.303445
0.339642
0.285049
0.488819
0.366956
0.35869
0.493628
0.368063
0.297297
0.301334
0.404389
0.404252
0.293732
0.371903
0.305077
0.33092
0.282926
0.281099
0.308851
0.314408
0.357642
0.311716
0.352486
0.316505
0.359599
0.321028
0.353538
0.338387
0.306807
0.289558
0.279284
0.339814
0.306243
0.291576
0.493423
0.491638
0.613785
0.593862
0.509733
0.468751
0.365129
0.462575
0.358774
0.363857
0.387203
0.316004
0.308923
0.393531
0.363984
0.305299
0.473928
0.366944
0.489729
0.360207
0.366797
0.300895
0.404624
0.313457
0.397577
0.371473
0.303502
0.336484
0.279792
0.309239
0.295719
0.339874
0.305427
0.292772
0.193218
0.193562
0.190932
0.195743
0.197194
0.193938
0.191502
0.190194
0.195686
0.194673
0.192987
0.190747
0.196932
0.196214
0.230287
0.20423
0.21606
0.203209
0.222732
0.207116
0.222406
0.315545
0.333134
0.287119
0.321181
0.335628
0.314379
0.288296
0.612785
0.513734
0.631752
0.848253
0.746301
0.820673
0.547076
0.215423
0.190264
0.189087
0.200943
0.213582
0.190852
0.189878
0.191165
0.197932
0.19742
0.193502
0.191515
0.198711
0.198318
0.250228
0.213685
0.236536
0.209174
0.246687
0.215373
0.239544
0.334155
0.368822
0.306011
0.351164
0.334104
0.369166
0.305994
0.671273
0.501263
0.614509
0.800232
0.457023
0.85887
0.46266
0.211434
0.191107
0.190136
0.200418
0.210271
0.191277
0.190295
0.191714
0.19919
0.198875
0.193729
0.19183
0.199441
0.199159
0.256196
0.218452
0.243801
0.212045
0.255325
0.219091
0.244463
0.341328
0.377116
0.311199
0.358615
0.34088
0.378014
0.311427
0.636489
0.521079
0.639365
0.836306
0.481011
0.832649
0.482278
0.20937
0.191311
0.190266
0.200175
0.209288
0.191361
0.190311
0.191829
0.199439
0.199157
0.193654
0.191712
0.199186
0.198869
0.256769
0.219629
0.245169
0.212352
0.257042
0.21944
0.244959
0.343995
0.381427
0.313544
0.36158
0.344026
0.381485
0.313505
0.646286
0.525463
0.64564
0.84293
0.486203
0.843263
0.486224
0.209291
0.191361
0.190312
0.200141
0.209389
0.191311
0.190268
0.191512
0.198704
0.198307
0.193282
0.19116
0.197924
0.197406
0.25232
0.217701
0.242555
0.210205
0.253913
0.216597
0.241289
0.339057
0.375382
0.309936
0.35597
0.339353
0.375012
0.30977
0.633192
0.514268
0.627987
0.822094
0.476966
0.828955
0.475471
0.210298
0.191278
0.190298
0.200411
0.211491
0.191107
0.190139
0.190741
0.196923
0.196196
0.192661
0.190189
0.195677
0.194654
0.236453
0.211841
0.232642
0.205108
0.242159
0.209575
0.227612
0.330137
0.365686
0.303093
0.347306
0.330986
0.364786
0.302596
0.685932
0.491907
0.677189
0.889022
0.454123
0.882838
0.455331
0.213646
0.190851
0.18988
0.200628
0.215391
0.190261
0.189083
0.267097
0.29437
0.278094
0.276534
0.255659
0.359087
0.33757
1.13293
0.483499
0.396293
0.308896
0.376957
0.544971
0.197194
0.193938
0.191501
0.194685
0.193217
0.193562
0.190932
0.350134
0.429589
0.503762
0.551262
0.501138
0.486781
0.46467
0.457433
0.236519
0.205125
0.21187
0.232687
0.209606
0.227655
0.242224
0.386491
0.381956
0.427033
0.38404
0.436194
0.436193
0.382034
0.383902
0.619089
0.576675
0.542447
0.225048
0.21364
0.204706
0.202513
0.224176
0.214995
0.205291
0.330178
0.347335
0.365717
0.303132
0.33103
0.364819
0.302633
0.486706
0.473689
0.473617
0.225066
0.202984
0.216394
0.206024
0.215763
0.205617
0.224991
0.390049
0.387351
0.387993
0.439725
0.432674
0.38593
0.441982
0.38947
0.25235
0.210219
0.217719
0.242571
0.216619
0.241308
0.253938
0.394778
0.399129
0.446015
0.401909
0.455187
0.455112
0.399183
0.401846
0.477471
0.493497
0.480241
0.224682
0.216776
0.205904
0.203743
0.225053
0.216785
0.20596
0.339135
0.356024
0.375429
0.31
0.339417
0.375072
0.309843
0.510312
0.495873
0.49578
0.2247
0.203875
0.217305
0.206398
0.216955
0.206037
0.224935
0.397837
0.40319
0.405442
0.458707
0.450762
0.402542
0.45986
0.406116
0.256777
0.212356
0.21963
0.245172
0.219446
0.244964
0.257045
0.397931
0.405869
0.453658
0.408927
0.462701
0.462699
0.405873
0.408922
0.499902
0.516234
0.501349
0.22491
0.21746
0.206305
0.204239
0.225042
0.217438
0.20631
0.344125
0.361667
0.38152
0.313667
0.344155
0.38158
0.313629
0.519706
0.504596
0.504594
0.224921
0.204266
0.217655
0.206504
0.217485
0.206319
0.225105
0.397905
0.405863
0.408919
0.462691
0.453651
0.405865
0.462691
0.408916
0.256182
0.212038
0.218438
0.243788
0.219081
0.244454
0.255306
0.397849
0.403189
0.450763
0.405443
0.458708
0.45986
0.402541
0.406118
0.504584
0.519697
0.504585
0.22492
0.217655
0.206504
0.204266
0.225103
0.217484
0.206319
0.341391
0.358655
0.377159
0.311265
0.340946
0.378056
0.311492
0.516241
0.499906
0.501353
0.224912
0.204239
0.217461
0.206305
0.217438
0.206311
0.225044
0.394767
0.399132
0.401908
0.455179
0.446028
0.399179
0.455123
0.401853
0.250191
0.209159
0.213657
0.236493
0.215348
0.239522
0.246626
0.390048
0.387402
0.432743
0.388069
0.439788
0.442035
0.385985
0.389541
0.495874
0.510331
0.495794
0.224702
0.217306
0.2064
0.203875
0.224936
0.216956
0.206039
0.334061
0.351103
0.368753
0.305917
0.334006
0.369099
0.305902
0.493596
0.477564
0.480321
0.224685
0.203744
0.216777
0.205906
0.216786
0.205962
0.225058
0.386497
0.382027
0.384131
0.436266
0.427133
0.382101
0.436267
0.383999
0.230223
0.203193
0.204204
0.216027
0.207086
0.222366
0.222675
0.35011
0.429267
0.500915
0.503146
0.551167
0.486641
0.456989
0.464227
0.473795
0.486848
0.473729
0.22507
0.216396
0.206027
0.202985
0.224995
0.215765
0.205619
0.315531
0.321164
0.333115
0.28711
0.314365
0.335608
0.288288
0.576632
0.619063
0.542349
0.225051
0.202514
0.213643
0.204709
0.214997
0.205294
0.22418
0.258354
0.287571
0.261929
0.318209
0.23805
0.361903
0.446325
0.629792
0.409561
0.415445
0.54793
0.443823
0.514413
0.267102
0.294382
0.278096
0.276536
0.25566
0.358994
0.567812
0.480085
0.485072
0.612107
0.538892
0.587827
0.25344
0.206789
0.230581
0.222216
0.208034
0.235024
0.20394
0.253252
0.33161
0.256314
0.233104
0.236687
0.232006
0.237051
0.359401
0.269014
0.268084
0.240662
0.244391
0.244206
0.241133
0.464995
0.447007
0.440171
0.478739
0.682048
0.504722
0.545406
0.420715
0.373271
0.373814
0.379182
0.409308
0.40976
0.377154
0.245987
0.260033
0.247074
0.230326
0.232747
0.229925
0.233152
0.270101
0.259622
0.258707
0.242238
0.244017
0.243869
0.242754
0.283123
0.272201
0.297651
0.263005
0.296689
0.263049
0.28414
0.323146
0.334408
0.352333
0.29415
0.293508
0.350247
0.324874
0.281127
0.271203
0.29793
0.261505
0.281831
0.295469
0.260751
0.268871
0.219335
0.260907
0.312492
0.229236
0.322634
0.228643
0.491678
0.686177
0.67735
0.889222
0.453888
0.883145
0.454961
0.218256
0.254225
0.258287
0.308497
0.224351
0.226673
0.29859
0.271458
0.363962
0.27178
0.243133
0.245971
0.24305
0.246032
0.367653
0.275522
0.275269
0.245576
0.24806
0.248009
0.245606
0.37765
0.428916
0.379014
0.381759
0.413636
0.416721
0.380621
0.439366
0.387819
0.387779
0.38982
0.429509
0.428802
0.389765
0.261896
0.273584
0.262118
0.244919
0.246136
0.244786
0.246187
0.276779
0.264942
0.264723
0.246921
0.248314
0.248285
0.246943
0.287397
0.270762
0.299489
0.264982
0.299071
0.264507
0.287843
0.335814
0.352655
0.371416
0.307482
0.307281
0.371068
0.336156
0.286938
0.270514
0.29865
0.264514
0.286995
0.298469
0.26428
0.250965
0.214472
0.249097
0.286377
0.221524
0.288708
0.22053
0.514245
0.633228
0.628119
0.822275
0.476944
0.828981
0.475434
0.214352
0.249549
0.249021
0.285954
0.219949
0.220202
0.285808
0.276644
0.370857
0.276719
0.246383
0.248866
0.246373
0.248852
0.372215
0.277742
0.277716
0.246932
0.249443
0.24944
0.246934
0.391754
0.444695
0.391844
0.393825
0.434083
0.434627
0.393697
0.448191
0.394333
0.394411
0.39628
0.437955
0.437997
0.396178
0.265721
0.278158
0.265757
0.247572
0.248959
0.247558
0.248975
0.279281
0.266795
0.266733
0.248221
0.249653
0.249655
0.248219
0.290886
0.272168
0.302924
0.266538
0.302577
0.266207
0.291213
0.34301
0.360596
0.380411
0.312832
0.31273
0.380333
0.343145
0.29063
0.272101
0.302648
0.266332
0.29085
0.302267
0.266142
0.249428
0.213754
0.249148
0.284597
0.219241
0.285116
0.218929
0.525469
0.646526
0.645891
0.843284
0.486211
0.843605
0.486223
0.213614
0.248912
0.24887
0.283528
0.218791
0.218661
0.282895
0.27774
0.372191
0.277713
0.246931
0.249442
0.246933
0.249439
0.370873
0.276639
0.276714
0.246379
0.248862
0.248848
0.246369
0.394328
0.448186
0.394411
0.396282
0.437951
0.437999
0.396173
0.444701
0.391767
0.391855
0.393842
0.434093
0.43464
0.393717
0.266782
0.2792
0.26672
0.24822
0.249653
0.248218
0.249654
0.278155
0.265723
0.265752
0.247569
0.248955
0.248971
0.247554
0.29145
0.272445
0.303278
0.266571
0.303155
0.266512
0.291534
0.343641
0.361215
0.380897
0.313207
0.313215
0.381049
0.343596
0.291663
0.272592
0.303582
0.266874
0.291857
0.303368
0.266667
0.248903
0.213615
0.24886
0.283512
0.218792
0.282879
0.218663
0.521097
0.636569
0.63943
0.836419
0.481018
0.832742
0.482293
0.213759
0.249436
0.249156
0.284617
0.219252
0.218938
0.285144
0.275513
0.367647
0.275262
0.245571
0.248055
0.2456
0.248004
0.363961
0.271444
0.271766
0.243122
0.245964
0.246026
0.243039
0.387835
0.439383
0.387807
0.389861
0.429535
0.42884
0.38979
0.42899
0.377774
0.379119
0.381899
0.413812
0.416865
0.380786
0.264929
0.276746
0.264711
0.246916
0.248309
0.246939
0.24828
0.273537
0.261876
0.262103
0.244913
0.24613
0.246181
0.244778
0.288812
0.271267
0.300492
0.265099
0.300419
0.265179
0.288761
0.33747
0.354301
0.372725
0.308541
0.308552
0.373001
0.337389
0.289401
0.27165
0.30153
0.26609
0.289879
0.301035
0.265583
0.249554
0.214361
0.249027
0.285992
0.219964
0.285834
0.220223
0.501363
0.671025
0.614352
0.80004
0.457208
0.858564
0.462798
0.214483
0.250959
0.249104
0.286423
0.221552
0.220555
0.288744
0.269001
0.359408
0.268069
0.240651
0.244385
0.241122
0.2442
0.331583
0.253239
0.2563
0.233094
0.236681
0.231997
0.237044
0.373422
0.420885
0.373984
0.379413
0.409546
0.410062
0.377356
0.446907
0.464773
0.439979
0.478666
0.678365
0.504651
0.544444
0.259603
0.270082
0.25869
0.242224
0.244004
0.24274
0.243856
0.260028
0.24598
0.247067
0.230319
0.23274
0.229918
0.233144
0.282983
0.269101
0.298674
0.263662
0.294974
0.262131
0.285904
0.32909
0.341584
0.357374
0.297828
0.297966
0.35848
0.328997
0.284124
0.269983
0.296689
0.263869
0.285019
0.295951
0.26333
0.254211
0.218253
0.258215
0.308433
0.224378
0.298611
0.226691
0.513891
0.612596
0.631553
0.845459
0.745339
0.814353
0.546884
0.219312
0.268691
0.260792
0.312306
0.229127
0.228622
0.320688
0.258339
0.287552
0.261901
0.318193
0.238035
0.361933
0.446034
0.630221
0.409281
0.41519
0.547773
0.443526
0.514303
0.567707
0.480009
0.484827
0.611645
0.538833
0.587432
0.25344
0.206795
0.230592
0.222237
0.208053
0.235107
0.203947
0.276311
0.275574
0.269438
0.294016
0.268476
0.292028
0.278696
0.258836
0.247757
0.250121
0.24185
0.255114
0.251023
0.252649
0.339766
0.351523
0.335561
0.354355
0.371902
0.270793
0.270185
0.258873
0.278582
0.265663
0.262675
0.285648
0.263773
0.259024
0.247069
0.258253
0.255931
0.258169
0.266179
0.348459
0.361872
0.362357
0.34906
0.373911
1.08334
0.368042
0.377341
0.368319
0.385604
0.431886
0.388738
0.441078
0.389736
0.385252
0.440225
0.379641
0.373869
0.374618
0.378807
0.285784
0.27469
0.30009
0.282699
0.284198
0.275
0.301901
0.38167
0.275709
0.268237
0.255348
0.267257
0.267333
0.267138
0.276774
0.36114
0.374148
0.374034
0.361285
0.272713
0.264012
0.263232
0.252632
0.264398
0.271308
0.264224
0.355256
0.365941
0.35367
0.367753
0.28904
0.286015
0.278286
0.306664
0.278153
0.305564
0.290152
0.385016
0.434686
0.388979
0.442839
0.387331
0.386519
0.443841
0.391454
0.386362
0.386266
0.391567
0.384287
0.377474
0.382034
0.379528
1.07158
0.492182
0.480117
0.478827
0.282993
0.298688
0.263666
0.269104
0.285915
0.294986
0.262134
0.329107
0.341605
0.3574
0.297838
0.297976
0.329015
0.358506
0.284137
0.269987
0.296712
0.263872
0.285038
0.295967
0.263333
0.496829
0.482137
0.483154
0.296399
0.293112
0.284211
0.314166
0.284195
0.313876
0.296707
0.280755
0.271673
0.270905
0.258822
0.271834
0.270961
0.280402
0.365478
0.377718
0.364703
0.378689
0.390795
0.294653
0.291067
0.282235
0.311218
0.282332
0.294162
0.311845
0.282335
0.272668
0.260374
0.273574
0.273387
0.272639
0.282621
0.368051
0.381535
0.381505
0.368114
0.396647
0.390023
0.395222
0.39122
0.392072
0.438152
0.394459
0.447277
0.394451
0.392061
0.447309
0.399963
0.394268
0.394274
0.399954
0.299321
0.286677
0.316881
0.296088
0.299087
0.286696
0.317141
0.392861
0.286018
0.276879
0.263674
0.276188
0.276772
0.276184
0.286162
0.37244
0.386387
0.386278
0.37256
0.284953
0.274981
0.275634
0.262566
0.275719
0.28477
0.274998
0.3704
0.38368
0.370092
0.384054
0.300503
0.297432
0.287959
0.318627
0.28797
0.318515
0.300647
0.395841
0.442299
0.397681
0.45029
0.398422
0.395158
0.451428
0.405459
0.399508
0.399411
0.405558
0.402902
0.39656
0.402341
0.397017
0.500573
0.486651
0.486656
0.288825
0.300499
0.265101
0.27127
0.288768
0.300434
0.265182
0.337486
0.354313
0.372733
0.308547
0.308562
0.337397
0.373018
0.289417
0.271654
0.301548
0.266094
0.289897
0.301054
0.265587
0.505642
0.489991
0.491442
0.303229
0.300077
0.290238
0.321654
0.290264
0.321655
0.303266
0.287961
0.278429
0.27786
0.265194
0.278438
0.277845
0.287761
0.375201
0.38867
0.374653
0.389285
0.397158
0.302745
0.299502
0.289772
0.320611
0.289749
0.302393
0.321076
0.288398
0.278297
0.265622
0.278912
0.27886
0.278307
0.288454
0.375863
0.39002
0.389942
0.375948
0.408904
0.401969
0.408137
0.402664
0.404136
0.451706
0.4071
0.460774
0.407087
0.404148
0.460767
0.409564
0.403382
0.403316
0.40963
0.303755
0.290638
0.322203
0.30057
0.30372
0.290621
0.322231
0.397723
0.288979
0.279399
0.265977
0.278697
0.279385
0.278698
0.288995
0.37693
0.391111
0.391102
0.376939
0.288878
0.27864
0.279282
0.26592
0.279288
0.288848
0.278631
0.376613
0.390726
0.376575
0.39076
0.303872
0.300681
0.290701
0.322376
0.290706
0.322381
0.303879
0.405447
0.453186
0.408429
0.462119
0.408498
0.405389
0.462211
0.410904
0.404575
0.404568
0.410911
0.410519
0.404169
0.410477
0.404203
0.517286
0.502331
0.50233
0.291484
0.30332
0.26658
0.272457
0.291568
0.303196
0.266521
0.343773
0.361305
0.380996
0.313333
0.313341
0.34373
0.381147
0.291696
0.272603
0.303621
0.266881
0.291889
0.303408
0.266676
0.519114
0.503906
0.504029
0.303751
0.300567
0.290636
0.322199
0.290619
0.322228
0.303716
0.288977
0.279398
0.278696
0.265976
0.279383
0.278697
0.288993
0.376922
0.391103
0.376931
0.391094
0.397698
0.30387
0.300679
0.290699
0.322373
0.290705
0.303877
0.322378
0.288875
0.278639
0.265918
0.279279
0.279286
0.27863
0.288844
0.376603
0.390716
0.39075
0.376566
0.410896
0.404566
0.410902
0.40456
0.405443
0.453182
0.408427
0.462115
0.408496
0.405385
0.462205
0.410509
0.404159
0.404193
0.410468
0.303224
0.290234
0.321648
0.300071
0.303261
0.29026
0.321648
0.39718
0.28795
0.278419
0.265183
0.277849
0.278428
0.277834
0.28775
0.375194
0.388665
0.389278
0.374649
0.288393
0.278294
0.278908
0.265619
0.278856
0.288449
0.278304
0.375863
0.390019
0.375947
0.389942
0.302733
0.299487
0.28976
0.320596
0.289737
0.321062
0.30238
0.404137
0.451711
0.407101
0.460776
0.40709
0.404147
0.460772
0.408897
0.401964
0.402657
0.408131
0.409564
0.403381
0.409629
0.403317
0.51911
0.503902
0.504024
0.290914
0.302952
0.266543
0.272178
0.291237
0.302612
0.266213
0.343124
0.36067
0.380486
0.312938
0.31284
0.343252
0.380412
0.29063
0.272102
0.302664
0.266334
0.290863
0.302269
0.266142
0.517296
0.502336
0.502339
0.299302
0.296065
0.286659
0.316858
0.286678
0.317119
0.299067
0.286001
0.276865
0.276173
0.263659
0.276758
0.276168
0.286146
0.372431
0.38637
0.372544
0.38627
0.392862
0.300485
0.297412
0.287943
0.318608
0.287954
0.300629
0.318495
0.284936
0.274964
0.26255
0.275618
0.275704
0.274981
0.284751
0.370387
0.383672
0.384042
0.370083
0.405454
0.399489
0.40554
0.399406
0.395856
0.442321
0.397705
0.450311
0.398445
0.395175
0.451444
0.402893
0.396555
0.397006
0.402336
0.296374
0.284191
0.314139
0.293084
0.296683
0.284174
0.313849
0.390796
0.280732
0.271654
0.258804
0.270886
0.271815
0.270942
0.280379
0.365462
0.377709
0.378676
0.364691
0.282312
0.272649
0.273555
0.260356
0.273368
0.282599
0.27262
0.368036
0.381521
0.3681
0.381492
0.294627
0.291035
0.282213
0.311188
0.28231
0.311816
0.294136
0.392095
0.438186
0.39449
0.447303
0.394485
0.392082
0.447333
0.396641
0.390018
0.39121
0.39522
0.399951
0.394258
0.399945
0.394261
0.505673
0.490029
0.491467
0.28738
0.299479
0.264981
0.270759
0.287833
0.299052
0.264504
0.335782
0.352633
0.371394
0.307456
0.307253
0.336127
0.371042
0.286916
0.27051
0.298619
0.264509
0.286967
0.298445
0.264277
0.500626
0.486693
0.486696
0.285749
0.282665
0.274668
0.300046
0.274978
0.301861
0.28416
0.275679
0.268218
0.267237
0.255329
0.267307
0.267118
0.27675
0.361123
0.374142
0.361275
0.374019
0.381642
0.289005
0.285981
0.278264
0.306632
0.27813
0.290124
0.305525
0.272682
0.263992
0.252614
0.263202
0.264372
0.264205
0.271274
0.355236
0.365926
0.367736
0.353651
0.391446
0.38636
0.391569
0.386253
0.385122
0.434865
0.389135
0.442972
0.387481
0.38663
0.443972
0.38428
0.377464
0.379515
0.382028
0.276274
0.269414
0.293971
0.275533
0.278659
0.268452
0.29198
0.371871
0.258806
0.247732
0.241824
0.25009
0.251
0.255083
0.252622
0.339745
0.351496
0.335538
0.354334
0.263742
0.259002
0.258226
0.247049
0.255905
0.266147
0.258148
0.348438
0.361857
0.349042
0.362338
0.270756
0.270137
0.258832
0.278532
0.265624
0.262644
0.285599
0.385686
0.432036
0.388868
0.441203
0.389853
0.385343
0.440341
0.373872
1.09283
0.367999
0.377258
0.368295
0.37963
0.373857
0.3788
0.374604
0.497076
0.48234
0.483349
0.283114
0.297638
0.263001
0.272191
0.284131
0.296674
0.263045
0.32313
0.334385
0.352312
0.294143
0.293499
0.32486
0.350222
0.28112
0.271196
0.297915
0.261503
0.281823
0.295455
0.260749
0.492414
0.480314
0.47901
1.08313
0.221038
0.223499
0.208286
0.207144
0.207483
0.203682
0.207821
0.296114
0.409037
1.06545
0.278845
0.320788
0.296825
0.46605
0.220955
0.220378
0.214658
0.212384
0.205707
0.203203
0.207813
0.337214
0.484465
1.16269
0.308585
0.395057
0.374506
0.549976
0.349748
0.36006
0.360713
0.363109
0.347656
0.363111
0.318031
0.32514
0.291283
0.342358
0.339503
0.290873
0.319359
0.353208
0.370217
0.371421
0.367554
0.366735
0.356384
0.395856
0.328041
0.408285
0.587135
0.346717
0.545056
0.339526
0.500106
0.662785
0.640821
0.856571
0.469174
0.503426
0.875417
0.324915
0.419993
0.413614
0.590731
0.330615
0.336673
0.609156
0.633845
0.338009
0.386863
1.36724
1.35246
0.344074
0.654778
0.903368
0.791076
1.35908
0.712739
0.87115
0.56863
0.938349
0.630337
0.354413
0.388457
1.31429
0.588663
1.34694
0.346818
0.908397
0.467881
0.770311
0.661432
0.516626
0.890537
0.929405
0.373533
0.403139
0.388378
0.373346
0.403586
0.388593
0.334209
0.351163
0.306258
0.369592
0.369235
0.30604
0.334566
0.373655
0.389341
0.404281
0.403759
0.388775
0.374138
0.419998
0.296425
0.381862
0.557774
0.311519
0.608954
0.304309
0.5035
0.62045
0.614832
0.800375
0.46717
0.465018
0.804944
0.2972
0.388132
0.383073
0.562268
0.305951
0.304986
0.569679
0.616127
0.312613
0.353639
1.28653
1.27354
0.311353
0.625469
0.848614
0.451096
0.750176
0.457683
0.908742
0.456807
0.771034
0.612489
0.318508
0.352083
1.32687
0.663339
1.26958
0.310587
0.847766
0.461517
0.784647
0.459753
0.459219
0.773988
0.853307
0.383155
0.413979
0.398449
0.382411
0.415041
0.399244
0.341744
0.35909
0.31184
0.378559
0.378582
0.311772
0.341806
0.383723
0.400032
0.41593
0.415816
0.399873
0.383821
0.389497
0.298256
0.390019
0.58997
0.306524
0.58828
0.306198
0.522293
0.643253
0.641281
0.838492
0.483824
0.483306
0.841087
0.298398
0.391516
0.390516
0.592601
0.306297
0.306281
0.591232
0.653182
0.31378
0.358407
1.33795
1.33126
0.313665
0.653097
0.883421
0.475628
0.816684
0.482122
0.87959
0.477039
0.824301
0.650598
0.313792
0.35827
1.32054
0.647309
1.32761
0.313588
0.885231
0.478549
0.828333
0.483103
0.478035
0.826019
0.88761
0.38672
0.419477
0.403178
0.386717
0.419537
0.403178
0.343906
0.361465
0.313467
0.381282
0.38135
0.313445
0.34392
0.386586
0.40301
0.419284
0.419362
0.403029
0.386567
0.392721
0.297802
0.391995
0.580778
0.302974
0.569134
0.303107
0.524864
0.644278
0.644865
0.842774
0.485524
0.485687
0.84183
0.297816
0.391545
0.39145
0.591708
0.30563
0.303432
0.589392
0.644157
0.312987
0.349828
1.33916
1.32009
0.309682
0.650997
0.894581
0.480928
0.831621
0.486389
0.89495
0.480962
0.832084
0.630959
0.309161
0.349336
1.30912
0.616274
1.31078
0.309266
0.893437
0.480262
0.831469
0.48595
0.480443
0.831176
0.888405
0.380101
0.411858
0.396451
0.380547
0.411347
0.395917
0.338794
0.355623
0.309551
0.374302
0.374596
0.309584
0.338683
0.379695
0.395202
0.410418
0.410798
0.395461
0.379466
0.38849
0.297914
0.385983
0.579516
0.306411
0.584856
0.305774
0.512126
0.622477
0.626293
0.82041
0.470428
0.473387
0.814742
0.29746
0.386604
0.385279
0.57774
0.305498
0.305522
0.57397
0.635308
0.312225
0.356412
1.29256
1.30204
0.312728
0.630974
0.868995
0.471561
0.810906
0.473065
0.876432
0.469988
0.803573
0.636757
0.313735
0.356462
1.31632
0.643908
1.30366
0.312935
0.867882
0.46478
0.7883
0.471159
0.46789
0.80079
0.862258
0.368801
0.399479
0.384923
0.369967
0.398208
0.383506
0.329466
0.34675
0.301727
0.363454
0.364092
0.302017
0.329092
0.368114
0.382442
0.396756
0.397347
0.382682
0.367977
0.429832
0.312457
0.421732
0.635497
0.319075
0.628146
0.324145
0.494499
0.664283
0.669597
0.881617
0.46548
0.45857
0.875612
0.312042
0.415756
0.416994
0.625995
0.326184
0.323875
0.610969
0.672511
0.334166
0.388309
1.36724
1.39463
0.333023
0.657425
0.941114
0.448301
0.748139
0.4528
0.931163
0.449808
0.752948
0.682299
0.326723
0.389504
1.34993
0.680693
1.40076
0.333373
0.936697
0.462132
0.76765
0.456077
0.453231
0.755421
0.927339
0.221022
0.208283
0.223491
0.207476
0.207132
0.203677
0.207816
0.296039
1.03898
0.408744
0.320653
0.278611
0.296042
0.462558
0.220956
0.214655
0.220377
0.205707
0.212383
0.203202
0.207811
0.358158
0.308257
0.294406
0.453397
0.38129
0.359438
0.290234
0.298697
0.295097
0.302461
0.292978
0.300579
0.291975
0.278142
0.268681
0.278503
0.26613
0.276931
0.269878
0.279636
0.354936
0.28777
0.296626
0.288401
0.29552
0.286122
0.290669
0.297986
0.280548
0.283308
0.2682
0.273869
0.27223
0.281951
0.282207
0.407021
0.543447
0.414239
0.464534
0.482569
0.434007
0.394736
0.404452
0.458486
0.408342
0.440763
0.453153
0.422748
0.395463
0.389639
0.382697
0.445573
0.447484
0.455615
0.384171
0.384634
0.310016
0.311243
0.321036
0.317716
0.309635
0.311836
0.321488
0.386472
0.300077
0.291685
0.28383
0.299817
0.300546
0.291222
0.299449
0.299478
0.298522
0.290291
0.28319
0.290625
0.299136
0.298784
0.310621
0.318433
0.313117
0.322612
0.311106
0.312477
0.322104
0.381067
0.426432
0.382528
0.435486
0.435514
0.383066
0.38055
0.381204
0.449293
0.446166
0.381638
0.449277
0.381192
0.381731
0.38025
0.380587
0.448324
0.445299
0.448483
0.379821
0.380875
0.483584
0.514753
0.509745
0.535888
0.574525
0.538097
0.524969
0.481303
0.499278
0.481455
0.505369
0.506868
0.547724
0.579393
0.541889
0.329495
0.34677
0.301746
0.363467
0.364116
0.302041
0.329113
0.368844
0.399521
0.384978
0.370015
0.398249
0.383554
0.368147
0.382468
0.396777
0.397379
0.367999
0.38272
0.54318
0.517422
0.547777
0.486138
0.473111
0.472928
0.635712
0.592411
0.590514
0.580509
0.630923
0.585829
0.521322
0.554879
0.552097
0.314381
0.316557
0.326344
0.322148
0.316129
0.326075
0.314646
0.303534
0.294338
0.286907
0.302655
0.3033
0.294556
0.302828
0.389611
0.30367
0.303167
0.287053
0.294967
0.294703
0.302961
0.303932
0.314255
0.321941
0.315585
0.325573
0.313967
0.316001
0.325951
0.386437
0.453051
0.385431
0.452273
0.385053
0.455385
0.386771
0.388789
0.434369
0.391237
0.443854
0.443611
0.391
0.388948
0.387787
0.388002
0.453693
0.457128
0.456954
0.387989
0.387865
0.319304
0.320877
0.331037
0.327344
0.319123
0.321108
0.331235
0.394362
0.308655
0.299794
0.291358
0.307821
0.308885
0.299571
0.307667
0.308409
0.307379
0.299166
0.291203
0.299331
0.30824
0.307496
0.319558
0.327575
0.321512
0.331764
0.319802
0.321287
0.331502
0.398702
0.445486
0.401131
0.454051
0.454536
0.401458
0.398409
0.397721
0.468594
0.464796
0.397466
0.468517
0.39777
0.397414
0.39724
0.396674
0.467433
0.464175
0.467899
0.396974
0.396918
0.508213
0.492508
0.517145
0.604419
0.586599
0.568961
0.495719
0.482645
0.482232
0.538675
0.582064
0.547225
0.513205
0.552208
0.538328
0.33885
0.355662
0.309597
0.374338
0.374641
0.309634
0.338732
0.380176
0.411914
0.396513
0.380607
0.411416
0.395997
0.379754
0.395255
0.410463
0.410854
0.379515
0.395526
0.516295
0.490623
0.516833
0.509607
0.494479
0.495102
0.587438
0.551897
0.550108
0.548171
0.585939
0.548821
0.491608
0.519508
0.517949
0.321793
0.323075
0.333581
0.329415
0.3231
0.333867
0.321543
0.31082
0.301255
0.292949
0.309205
0.310413
0.301637
0.309444
0.397366
0.31078
0.309335
0.292958
0.301422
0.301616
0.309446
0.310562
0.321854
0.329307
0.322757
0.333465
0.321412
0.323043
0.333954
0.401599
0.472211
0.40051
0.46952
0.400955
0.473384
0.401155
0.403334
0.450976
0.4058
0.459166
0.460044
0.406255
0.402844
0.40175
0.400698
0.469609
0.472533
0.473502
0.401293
0.401204
0.323252
0.32442
0.335382
0.330802
0.323242
0.324442
0.33539
0.397792
0.312237
0.303044
0.294097
0.31071
0.312245
0.303036
0.310704
0.312187
0.310663
0.302978
0.294068
0.302988
0.312177
0.310671
0.323304
0.330825
0.324483
0.335457
0.323313
0.324469
0.335446
0.405857
0.453621
0.408932
0.46267
0.462645
0.408924
0.405868
0.404169
0.476182
0.472192
0.40359
0.476178
0.404172
0.403586
0.40414
0.403564
0.476139
0.47212
0.476111
0.404154
0.403547
0.523933
0.496547
0.523353
0.59344
0.554639
0.555507
0.516483
0.500488
0.501551
0.556795
0.594136
0.556101
0.496104
0.522047
0.522845
0.344036
0.361552
0.313591
0.381378
0.381445
0.313569
0.344051
0.386844
0.419585
0.403309
0.386839
0.419647
0.40331
0.38671
0.403144
0.419395
0.419473
0.386692
0.403162
0.528553
0.501217
0.528492
0.519641
0.504557
0.504528
0.601009
0.562339
0.562172
0.561905
0.600627
0.561841
0.501479
0.528928
0.528784
0.323244
0.324414
0.335373
0.330797
0.324437
0.335382
0.323234
0.31223
0.303037
0.294093
0.310705
0.312238
0.303029
0.310699
0.397766
0.31218
0.310658
0.294064
0.30297
0.302981
0.310666
0.31217
0.323296
0.33082
0.324479
0.33545
0.323306
0.324465
0.335438
0.404162
0.476171
0.403582
0.472184
0.404164
0.476169
0.403579
0.405852
0.453614
0.408929
0.462664
0.462638
0.40892
0.405863
0.404134
0.403558
0.472112
0.476132
0.476103
0.403541
0.404148
0.321783
0.323068
0.333578
0.329406
0.32154
0.323091
0.333857
0.397358
0.310814
0.301252
0.292943
0.309201
0.31041
0.301631
0.309437
0.310771
0.30933
0.301419
0.292951
0.301607
0.310559
0.309439
0.321849
0.329298
0.322751
0.333463
0.321409
0.323035
0.333949
0.403335
0.450984
0.405803
0.459168
0.46005
0.406259
0.402844
0.401595
0.472212
0.469516
0.400506
0.473382
0.400952
0.401151
0.401749
0.400694
0.472534
0.469613
0.473507
0.401202
0.40129
0.528369
0.50105
0.528311
0.600789
0.562145
0.561973
0.519634
0.50455
0.50452
0.561702
0.600405
0.561641
0.501312
0.528752
0.528603
0.341735
0.359078
0.311842
0.378564
0.378569
0.311767
0.34181
0.383209
0.414027
0.39851
0.382469
0.415085
0.399299
0.383712
0.400039
0.415935
0.415801
0.383825
0.399861
0.523973
0.496535
0.523342
0.516491
0.5005
0.501558
0.593475
0.55471
0.555544
0.556842
0.594123
0.55609
0.496142
0.522115
0.522881
0.319291
0.320866
0.331027
0.327329
0.321095
0.331222
0.319113
0.308644
0.299782
0.29135
0.30781
0.308872
0.299561
0.307658
0.394354
0.308397
0.30737
0.291192
0.299156
0.299319
0.307485
0.30823
0.319547
0.327564
0.321499
0.33175
0.319789
0.321277
0.331492
0.397721
0.468583
0.397455
0.464805
0.397761
0.468527
0.397411
0.398706
0.445493
0.401142
0.45406
0.454539
0.401466
0.398415
0.397238
0.396671
0.464172
0.467441
0.467899
0.396913
0.396974
0.314365
0.316538
0.326329
0.322126
0.314631
0.316109
0.326059
0.389611
0.303519
0.294321
0.286892
0.302638
0.303284
0.29454
0.302811
0.303654
0.303151
0.294952
0.287037
0.294687
0.303917
0.302945
0.314238
0.32192
0.315565
0.325557
0.313951
0.315982
0.325935
0.388835
0.434432
0.391296
0.4439
0.44366
0.391063
0.38899
0.386469
0.453103
0.452306
0.385455
0.455427
0.385088
0.386793
0.387816
0.388018
0.457165
0.453721
0.456992
0.38789
0.388007
0.516204
0.490528
0.516728
0.587326
0.551862
0.550003
0.509627
0.494493
0.495117
0.548068
0.585809
0.548705
0.491518
0.51947
0.517853
0.33414
0.35112
0.30619
0.369537
0.369186
0.305974
0.334493
0.373444
0.403057
0.388278
0.373252
0.403507
0.388498
0.37359
0.389263
0.404214
0.403701
0.374065
0.388703
0.508104
0.492394
0.517019
0.49581
0.482715
0.482306
0.604232
0.586412
0.568798
0.538553
0.581905
0.547084
0.513076
0.552042
0.538184
0.310001
0.311224
0.321021
0.317694
0.311816
0.321474
0.309621
0.300061
0.291672
0.283814
0.299802
0.300533
0.291206
0.299432
0.386479
0.299463
0.298506
0.283175
0.290276
0.29061
0.298767
0.299122
0.310605
0.318408
0.313101
0.322599
0.311093
0.312456
0.322088
0.381249
0.449352
0.381669
0.446209
0.381235
0.449335
0.381761
0.381145
0.426546
0.382645
0.435584
0.4356
0.383174
0.380635
0.380301
0.380626
0.445351
0.4484
0.448552
0.38091
0.379876
0.290216
0.295077
0.298675
0.302442
0.291956
0.292959
0.300561
0.354911
0.278125
0.268665
0.266115
0.278487
0.269861
0.276915
0.279619
0.28053
0.283291
0.27385
0.268184
0.272212
0.282189
0.281934
0.287753
0.296605
0.288384
0.295505
0.286107
0.290651
0.297969
0.40426
0.458363
0.408189
0.440744
0.453077
0.422485
0.395348
0.406783
0.543411
0.413982
0.464428
0.482454
0.433673
0.394566
0.389509
0.382652
0.447486
0.445529
0.455558
0.384562
0.384085
0.543093
0.517334
0.547673
0.635539
0.592242
0.590371
0.4863
0.47326
0.473055
0.580403
0.630771
0.585705
0.52122
0.554736
0.551977
0.318018
0.325122
0.291275
0.342337
0.339483
0.290865
0.319346
0.349725
0.360038
0.36069
0.347635
0.363083
0.363086
0.353185
0.370194
0.371396
0.367528
0.356364
0.366711
0.514684
0.483524
0.509675
0.524997
0.481342
0.499253
0.574393
0.535801
0.538007
0.547638
0.579262
0.541799
0.481391
0.505296
0.506795
0.300428
0.29114
0.274317
0.440511
0.30741
0.37792
0.583821
0.309607
0.37057
0.383547
0.459132
0.321406
0.502329
0.358202
0.308275
0.294406
0.453107
0.381164
0.359525
0.366877
0.462471
0.461913
0.480042
0.561668
0.37842
0.386778
0.31053
0.364216
0.34395
0.3209
0.386429
0.306594
0.309383
0.295859
0.341481
0.331529
0.276725
0.301447
0.291251
0.339389
0.261915
0.259529
0.235402
0.240503
0.236452
0.239579
0.357951
0.26515
0.266191
0.239148
0.24297
0.238814
0.243157
0.434015
0.388442
0.413495
0.44632
0.436582
0.469764
0.411801
0.421903
0.377179
0.372565
0.381379
0.424063
0.391931
0.414019
0.263401
0.25156
0.250219
0.23374
0.237008
0.236686
0.23448
0.267948
0.254786
0.2549
0.238236
0.240461
0.2407
0.237757
0.379746
0.313289
0.343677
0.332901
0.3422
0.332689
0.380623
0.413476
0.379404
0.382253
0.410408
0.391189
0.408007
0.348369
0.355572
0.389857
0.347001
0.409485
0.378082
0.311339
0.338841
0.333698
0.33977
0.376879
0.332748
0.41935
0.390003
0.386411
0.423558
0.392871
0.345403
0.353282
0.412807
0.345722
0.394113
0.411213
0.321905
0.332419
0.293195
0.346387
0.321554
0.292926
0.348034
0.364647
0.384132
0.382266
0.378948
0.381228
0.367597
0.362132
0.374139
0.376192
0.360322
0.376177
0.37843
0.38505
0.346647
0.334469
0.31737
0.33561
0.383299
0.347792
0.402176
0.425206
0.357352
0.352638
0.350301
0.421639
0.405595
0.434166
0.403383
0.39959
0.438675
0.430365
0.394043
0.427572
0.39642
0.398906
0.346672
0.355025
0.415686
0.348017
0.396859
0.418093
0.388112
0.319385
0.339952
0.352818
0.337797
0.35034
0.391374
0.494234
0.664411
0.669746
0.881791
0.465046
0.875745
0.458136
0.429941
0.312513
0.421799
0.635616
0.319132
0.628373
0.324223
0.415828
0.312119
0.417059
0.6261
0.326384
0.611035
0.323972
0.672625
0.334387
1.3673
0.388322
0.657496
1.39476
0.33312
0.941318
0.448036
0.452174
0.747347
0.931488
0.449391
0.751499
0.936877
0.461667
0.766256
0.455419
0.927472
0.452748
0.753925
0.682428
0.326783
0.389534
1.3504
0.68095
1.40093
0.333455
0.364082
0.273198
0.272796
0.243987
0.246621
0.244147
0.246546
0.367047
0.274477
0.274666
0.245154
0.247504
0.245134
0.247543
0.430914
0.381378
0.381508
0.384013
0.420749
0.419809
0.3837
0.437495
0.38507
0.385666
0.387804
0.424713
0.387218
0.426319
0.274499
0.263097
0.262835
0.245552
0.246893
0.246847
0.24559
0.275916
0.263902
0.264033
0.24631
0.247616
0.247652
0.24628
0.39371
0.323505
0.354357
0.342303
0.353946
0.341871
0.394306
0.446176
0.409825
0.410086
0.445835
0.407562
0.42709
0.354009
0.360662
0.354009
0.407512
0.427183
0.393476
0.323363
0.353865
0.341722
0.353801
0.341704
0.393457
0.446569
0.411032
0.41035
0.447438
0.407857
0.354706
0.360887
0.428359
0.354202
0.408534
0.427567
0.33562
0.352438
0.30707
0.370391
0.335453
0.307137
0.370775
0.375778
0.406743
0.391722
0.391141
0.406225
0.37626
0.375459
0.39041
0.405291
0.375143
0.390763
0.405796
0.395668
0.35534
0.342924
0.324641
0.34316
0.395429
0.355462
0.410492
0.43142
0.36274
0.356616
0.356022
0.430513
0.411264
0.449925
0.413786
0.413073
0.45084
0.449315
0.412199
0.448805
0.412609
0.409968
0.355306
0.362273
0.42957
0.355575
0.409689
0.429903
0.396133
0.325064
0.344086
0.356311
0.343594
0.355853
0.396807
0.51209
0.622555
0.626414
0.820577
0.470359
0.814857
0.473334
0.388501
0.297922
0.386027
0.579607
0.306406
0.584856
0.305778
0.386625
0.297466
0.385317
0.577823
0.305495
0.574018
0.305523
0.635408
0.312218
1.29269
0.356398
0.631033
1.30226
0.312725
0.869184
0.471536
0.473006
0.810836
0.876451
0.469947
0.803449
0.868057
0.464707
0.78809
0.47108
0.862378
0.467834
0.80063
0.636867
0.313725
0.356452
1.31626
0.643907
1.30388
0.312936
0.371297
0.277186
0.277051
0.246554
0.249048
0.246564
0.24903
0.372072
0.277564
0.277586
0.246842
0.249335
0.24684
0.24934
0.44573
0.392658
0.39274
0.394692
0.435761
0.435555
0.394534
0.447719
0.394069
0.394025
0.39591
0.437462
0.395974
0.437526
0.27854
0.26625
0.266108
0.24784
0.249264
0.249254
0.247846
0.279074
0.26654
0.266553
0.248075
0.249497
0.249504
0.248068
0.404773
0.329973
0.36237
0.349384
0.362338
0.349337
0.404938
0.460951
0.421359
0.422232
0.45994
0.419352
0.439551
0.361861
0.369134
0.362247
0.418695
0.440256
0.404375
0.330041
0.36182
0.349026
0.362214
0.34935
0.403752
0.461837
0.423191
0.422951
0.462208
0.419786
0.362359
0.369153
0.441038
0.362269
0.420006
0.440745
0.342721
0.360197
0.312527
0.379813
0.342735
0.312525
0.379882
0.385467
0.418187
0.401959
0.4018
0.41807
0.385603
0.385043
0.401352
0.41743
0.385063
0.401339
0.417512
0.406197
0.363392
0.350165
0.330644
0.350161
0.406224
0.363333
0.421828
0.443279
0.370545
0.363814
0.363623
0.443003
0.422065
0.464504
0.425337
0.425144
0.464752
0.463885
0.424629
0.463872
0.424628
0.421331
0.363196
0.370108
0.442465
0.363194
0.421349
0.44246
0.406661
0.331035
0.350725
0.363891
0.350578
0.363729
0.406873
0.524872
0.644538
0.645119
0.843128
0.48552
0.842177
0.485688
0.392812
0.297835
0.392093
0.58099
0.303005
0.569315
0.303141
0.391645
0.297849
0.391548
0.591916
0.305664
0.589587
0.303466
0.644391
0.313023
1.33963
0.34988
0.651225
1.32056
0.309717
0.894955
0.480935
0.486388
0.831643
0.895309
0.480961
0.832083
0.893809
0.480258
0.831464
0.485949
0.888765
0.480443
0.831174
0.631199
0.309193
0.34939
1.30958
0.616478
1.31127
0.309301
0.372048
0.277559
0.277582
0.24684
0.249333
0.246838
0.249338
0.371319
0.277182
0.277047
0.246551
0.249045
0.24656
0.249027
0.447712
0.394074
0.394025
0.395912
0.437468
0.437528
0.395981
0.445737
0.392664
0.392753
0.394709
0.435765
0.394543
0.435566
0.278991
0.266525
0.266538
0.248073
0.249495
0.249503
0.248066
0.278615
0.266257
0.266115
0.247837
0.249261
0.249251
0.247843
0.407936
0.331772
0.364731
0.351446
0.364697
0.351446
0.407952
0.466394
0.426711
0.426707
0.466408
0.423394
0.444785
0.364802
0.37171
0.364755
0.423439
0.444731
0.408114
0.331954
0.364915
0.351659
0.364864
0.351628
0.408154
0.466184
0.426515
0.426536
0.466163
0.423201
0.364583
0.371531
0.444537
0.364574
0.423218
0.444518
0.343581
0.361144
0.313236
0.381003
0.343657
0.313177
0.380978
0.386255
0.418788
0.402554
0.402661
0.418971
0.386153
0.386178
0.402669
0.418938
0.386253
0.402582
0.41889
0.407466
0.364428
0.351197
0.331469
0.351101
0.407586
0.364326
0.422789
0.443991
0.371232
0.364235
0.364288
0.444056
0.422724
0.465665
0.425997
0.426113
0.465533
0.465575
0.426133
0.465708
0.42603
0.422694
0.364325
0.371148
0.444111
0.364202
0.422827
0.44396
0.407559
0.331546
0.351132
0.364394
0.351183
0.364417
0.407495
0.522306
0.643317
0.641474
0.838743
0.483829
0.84115
0.483317
0.389532
0.298266
0.390046
0.590048
0.306543
0.588347
0.306214
0.391551
0.298428
0.390596
0.592762
0.306316
0.591278
0.306315
0.653363
0.313799
1.33798
0.358472
0.653148
1.33162
0.313702
0.883546
0.475636
0.482145
0.816704
0.879686
0.477056
0.824362
0.885494
0.478555
0.828358
0.483119
0.887675
0.478047
0.826062
0.650692
0.313814
0.358314
1.32068
0.647382
1.32784
0.313608
0.367044
0.274469
0.274657
0.245149
0.247498
0.245129
0.247537
0.364078
0.273184
0.272782
0.243976
0.246614
0.244137
0.246539
0.437516
0.385119
0.385705
0.387857
0.424779
0.426373
0.387285
0.430976
0.381442
0.381593
0.384128
0.420835
0.383789
0.419921
0.275891
0.263894
0.264022
0.246305
0.24761
0.247646
0.246274
0.274459
0.263087
0.262822
0.245546
0.246887
0.246841
0.245584
0.400528
0.32771
0.359138
0.346442
0.359237
0.346631
0.400337
0.456517
0.419158
0.418505
0.457357
0.415805
0.43723
0.36036
0.366576
0.359784
0.416523
0.436377
0.401058
0.328173
0.360112
0.347576
0.359692
0.347112
0.401682
0.455856
0.417672
0.417975
0.455483
0.415223
0.359072
0.36606
0.435461
0.359287
0.415003
0.435725
0.337511
0.354344
0.308721
0.373348
0.337755
0.30858
0.373092
0.377926
0.408348
0.393277
0.393491
0.408705
0.377733
0.378035
0.394049
0.409252
0.378382
0.393636
0.408873
0.398669
0.358118
0.345701
0.326595
0.345347
0.399135
0.357795
0.413002
0.433095
0.364472
0.357629
0.357746
0.433248
0.412872
0.453096
0.41547
0.415715
0.452791
0.453377
0.416414
0.454016
0.415913
0.413222
0.358327
0.364649
0.434144
0.357902
0.413754
0.433521
0.398486
0.326476
0.345103
0.357639
0.345209
0.357677
0.398372
0.503583
0.620375
0.614694
0.800203
0.467253
0.80484
0.465131
0.419877
0.29641
0.381812
0.55768
0.311475
0.60873
0.304303
0.388112
0.297193
0.383031
0.562181
0.305957
0.56963
0.304985
0.616026
0.312624
1.28641
0.353671
0.625412
1.27335
0.311357
0.848417
0.451304
0.457908
0.750856
0.908423
0.456961
0.771438
0.847587
0.461609
0.7849
0.459948
0.853203
0.459345
0.774349
0.612382
0.31846
0.352117
1.32643
0.663086
1.2694
0.310589
0.357926
0.265134
0.266176
0.239139
0.242964
0.238804
0.243151
0.339359
0.261901
0.259515
0.235393
0.240496
0.236443
0.239571
0.422103
0.377323
0.372737
0.38161
0.42445
0.414393
0.392106
0.434031
0.388476
0.41336
0.446101
0.436856
0.411808
0.469704
0.267939
0.254773
0.254886
0.238223
0.240449
0.240688
0.237744
0.263394
0.251549
0.25021
0.23373
0.236998
0.236677
0.23447
0.387317
0.318929
0.34841
0.336393
0.348662
0.336911
0.386913
0.43956
0.406204
0.404464
0.441769
0.402381
0.423831
0.351737
0.357002
0.350275
0.404275
0.421665
0.388526
0.320023
0.350882
0.33933
0.349721
0.338077
0.390201
0.438217
0.403054
0.403436
0.437639
0.401034
0.348399
0.355733
0.41945
0.349053
0.400518
0.420122
0.328477
0.343188
0.299754
0.361382
0.327538
0.298693
0.360898
0.372078
0.389506
0.386805
0.386534
0.390065
0.372319
0.371547
0.382059
0.395323
0.367722
0.385672
0.395684
0.389481
0.347033
0.334919
0.318699
0.336829
0.385814
0.350634
0.406708
0.427781
0.358583
0.354362
0.352353
0.425411
0.408669
0.442553
0.407809
0.407388
0.443274
0.440496
0.402538
0.436918
0.406019
0.402738
0.347023
0.3552
0.418256
0.348831
0.399391
0.421281
0.393297
0.322059
0.342115
0.356461
0.340351
0.354853
0.394903
0.50031
0.662656
0.640657
0.855838
0.469536
0.875284
0.503635
0.395692
0.327751
0.407482
0.593148
0.34557
0.596851
0.339028
0.419908
0.324722
0.413128
0.5931
0.330371
0.609102
0.336197
0.636955
0.337737
1.36716
0.386263
0.654725
1.35278
0.343522
0.900183
0.78912
0.708124
1.35678
0.56805
0.945349
0.90749
0.468251
0.771792
0.658342
0.929253
0.516644
0.896659
0.637973
0.353523
0.3876
1.31137
0.641016
1.34796
0.34621
0.300362
0.291117
0.274284
0.440476
0.377805
0.307325
0.584075
0.309509
0.37032
0.383319
0.459271
0.321271
0.50189
0.366826
0.462396
0.461623
0.477686
0.378282
0.561399
0.386673
0.310509
0.364172
0.343949
0.32099
0.386543
0.306618
0.309363
0.295845
0.341444
0.331528
0.27673
0.301441
0.29126
0.317224
0.300942
0.312635
0.300579
0.31065
0.30013
0.319084
0.317353
0.318503
0.299115
0.304369
0.313601
0.300615
0.322133
0.343238
0.357929
0.345094
0.35661
0.314287
0.298982
0.304442
0.296927
0.307836
0.310413
0.298357
0.320637
0.303126
0.306962
0.3273
0.302799
0.322239
0.325518
0.297552
0.298784
0.307129
0.30573
0.296556
0.300133
0.308382
0.368515
0.289673
0.282157
0.275247
0.290782
0.281107
0.289932
0.290741
0.287519
0.287301
0.278155
0.27347
0.286657
0.279009
0.287995
0.299755
0.307624
0.303363
0.311867
0.302017
0.310636
0.300886
0.325383
0.317316
0.303996
0.307347
0.305569
0.323584
0.31887
0.325807
0.327918
0.314053
0.31019
0.309473
0.328988
0.326821
0.350246
0.36165
0.349435
0.363333
0.325776
0.306592
0.31209
0.331589
0.307513
0.326312
0.330505
0.327834
0.309491
0.3092
0.322507
0.308214
0.3212
0.32914
0.378464
0.445703
0.395714
0.438604
0.383353
0.386093
0.417099
0.373918
0.369816
0.369079
0.374644
0.376841
0.380547
0.42728
0.410301
0.379286
0.378182
0.410004
0.388891
0.432059
0.397442
0.437577
0.389155
0.395209
0.43903
0.383462
0.453633
0.386697
0.450479
0.386605
0.383452
0.452946
0.384224
0.383938
0.447687
0.448188
0.383003
0.386348
0.45085
0.379689
0.373179
0.375013
0.37781
0.385068
0.419456
0.38917
0.435914
0.38888
0.38487
0.419194
0.384403
0.38432
0.414069
0.433926
0.381643
0.387606
0.417678
0.306868
0.309332
0.314259
0.318847
0.307505
0.30848
0.318172
0.383261
0.295496
0.286293
0.279839
0.294742
0.286735
0.295036
0.295084
0.296459
0.296348
0.288292
0.28057
0.297073
0.287686
0.295871
0.305889
0.31342
0.306933
0.316411
0.305323
0.307726
0.317171
0.339759
0.318861
0.332135
0.320113
0.332665
0.339152
0.319534
0.360201
0.372229
0.359542
0.373019
0.337935
0.338941
0.327473
0.322509
0.322215
0.338838
0.338117
0.337069
0.320332
0.337129
0.326304
0.336495
0.321037
0.337815
0.340524
0.321061
0.333832
0.321045
0.333326
0.32068
0.340984
0.336144
0.316544
0.316427
0.329865
0.315862
0.329181
0.336793
0.332527
0.331566
0.314443
0.320667
0.331203
0.315692
0.332932
0.356656
0.36961
0.356993
0.369277
0.334966
0.315398
0.313264
0.327125
0.33374
0.314436
0.328119
0.333794
0.317645
0.322208
0.334604
0.317182
0.334145
0.334354
0.382428
0.431984
0.381391
0.43639
0.379322
0.384428
0.441034
0.384444
0.455413
0.389292
0.454401
0.385953
0.387271
0.456806
0.382006
0.379622
0.449034
0.450167
0.37857
0.383691
0.453692
0.385448
0.41649
0.432061
0.381932
0.382014
0.416451
0.385485
0.390329
0.384239
0.385182
0.389217
0.384432
0.380754
0.431078
0.414414
0.381128
0.383579
0.415371
0.386104
0.42226
0.391737
0.440063
0.387596
0.388582
0.422854
0.386119
0.381593
0.381214
0.386598
0.382751
0.379609
0.434266
0.412492
0.38346
0.381414
0.414827
0.492174
0.464879
0.398545
0.544535
0.540615
0.396671
0.495139
0.458141
0.43023
0.374592
0.362361
0.456371
0.431839
0.371704
0.489769
0.46333
0.53486
0.399159
0.537513
0.487673
0.397612
0.46015
0.369013
0.35957
0.435583
0.433653
0.36908
0.462517
0.520852
0.49935
0.527176
0.490886
0.476034
0.477127
0.608599
0.572988
0.567878
0.554567
0.601674
0.561511
0.504885
0.538065
0.533073
0.50296
0.402202
0.549467
0.479596
0.406492
0.499083
0.554334
0.473674
0.448953
0.364872
0.38001
0.445297
0.37712
0.477433
0.469351
0.371168
0.362192
0.438655
0.441452
0.373999
0.465965
0.507258
0.484914
0.413757
0.563115
0.410528
0.559413
0.510073
0.328493
0.343207
0.299767
0.361407
0.327557
0.298703
0.360922
0.372104
0.389539
0.386834
0.372345
0.390098
0.386563
0.371571
0.382089
0.395355
0.367749
0.395715
0.385699
0.387359
0.318956
0.348436
0.336419
0.348696
0.386946
0.336943
0.439627
0.406269
0.40452
0.44185
0.40244
0.423913
0.351791
0.357049
0.404347
0.350319
0.421731
0.388579
0.320058
0.350931
0.339379
0.349763
0.390266
0.338117
0.438271
0.403085
0.403481
0.437679
0.401082
0.348427
0.419493
0.355771
0.400555
0.349088
0.420177
0.389513
0.318718
0.347058
0.334942
0.336852
0.350658
0.385845
0.406742
0.427821
0.354389
0.35861
0.408704
0.352378
0.42545
0.442593
0.407842
0.443315
0.407422
0.393328
0.322079
0.342138
0.356486
0.394935
0.340373
0.354878
0.440537
0.402572
0.406051
0.436958
0.402773
0.347048
0.355226
0.418294
0.348856
0.399425
0.42132
0.538514
0.50805
0.536555
0.494149
0.474763
0.48011
0.614812
0.575524
0.573632
0.575053
0.614369
0.572176
0.51095
0.540946
0.538822
0.506502
0.561682
0.407955
0.496366
0.564684
0.504741
0.410561
0.473006
0.447825
0.362322
0.376593
0.445339
0.374759
0.475814
0.470909
0.371637
0.442657
0.360988
0.443538
0.469802
0.373026
0.50939
0.500005
0.570577
0.416481
0.567592
0.413516
0.513014
0.504893
0.55855
0.488161
0.40529
0.405432
0.559557
0.502856
0.474986
0.45103
0.380731
0.363392
0.479001
0.448285
0.374679
0.510196
0.491545
0.415004
0.56702
0.513417
0.409809
0.564479
0.47072
0.369885
0.360006
0.441355
0.444046
0.370728
0.468367
0.344962
0.337792
0.325042
0.325384
0.337537
0.325087
0.345188
0.34184
0.342232
0.325771
0.332225
0.341201
0.326454
0.343049
0.365921
0.379194
0.365932
0.379227
0.344714
0.324628
0.336901
0.323901
0.337383
0.344127
0.324489
0.342231
0.327396
0.332938
0.343653
0.32713
0.342297
0.34362
0.31586
0.317475
0.327367
0.323908
0.315636
0.317827
0.327615
0.390766
0.305361
0.296609
0.288644
0.30487
0.296368
0.304687
0.305604
0.3051
0.304273
0.295898
0.288391
0.30489
0.296106
0.304427
0.316122
0.3242
0.318429
0.328143
0.318071
0.327883
0.316372
0.346657
0.338878
0.326718
0.326902
0.327082
0.346369
0.339146
0.34421
0.345998
0.335919
0.330146
0.329903
0.345918
0.344313
0.367581
0.380704
0.367328
0.380991
0.343784
0.328961
0.335364
0.345104
0.329334
0.343541
0.345395
0.347008
0.327338
0.3279
0.339696
0.327636
0.339438
0.347244
0.390535
0.42046
0.385709
0.438009
0.387004
0.38918
0.422169
0.397386
0.391791
0.391859
0.397332
0.391448
0.388061
0.439246
0.423215
0.388088
0.391421
0.42324
0.391594
0.437517
0.393462
0.445846
0.39109
0.394019
0.446639
0.390951
0.460595
0.390927
0.457197
0.39097
0.390918
0.460635
0.390397
0.389985
0.459163
0.456507
0.389937
0.390406
0.459936
0.399395
0.393388
0.393724
0.398981
0.394144
0.426226
0.390887
0.442504
0.390926
0.394132
0.426261
0.393584
0.389955
0.42513
0.441846
0.393175
0.390345
0.425639
0.318151
0.320279
0.32619
0.330223
0.318345
0.319999
0.330021
0.392738
0.307213
0.297999
0.290264
0.30634
0.298159
0.307047
0.30646
0.307304
0.306666
0.298445
0.290338
0.307494
0.298257
0.306529
0.318063
0.326071
0.319664
0.329715
0.317877
0.319933
0.329934
0.350745
0.331351
0.342769
0.330804
0.342978
0.350531
0.331576
0.372005
0.385621
0.371837
0.385801
0.34817
0.350606
0.341423
0.335003
0.334843
0.350486
0.3483
0.347785
0.334163
0.349846
0.340985
0.347622
0.334396
0.350031
0.351076
0.331149
0.343534
0.332166
0.343269
0.332009
0.351319
0.34942
0.329553
0.330425
0.341904
0.330187
0.341707
0.349605
0.346325
0.347953
0.332067
0.338798
0.346051
0.332408
0.348297
0.37068
0.38441
0.370739
0.38438
0.349259
0.329296
0.329499
0.341348
0.348975
0.329811
0.341601
0.346572
0.333052
0.339224
0.348729
0.332825
0.346664
0.348647
0.396523
0.443091
0.399176
0.452187
0.396538
0.399134
0.452192
0.394533
0.463706
0.393784
0.461245
0.393894
0.394381
0.464819
0.395192
0.394967
0.465529
0.461923
0.395181
0.394989
0.465553
0.399939
0.432936
0.449608
0.3971
0.39704
0.432848
0.400025
0.404936
0.3987
0.3989
0.404692
0.399429
0.396299
0.449008
0.431972
0.396526
0.399189
0.432274
0.397229
0.429063
0.393607
0.446295
0.396671
0.394159
0.429777
0.40331
0.397387
0.397388
0.403307
0.397706
0.394691
0.446904
0.430298
0.394713
0.397703
0.430323
0.513364
0.396796
0.474738
0.567068
0.568503
0.40017
0.514657
0.479249
0.451037
0.365686
0.377797
0.451194
0.479062
0.375798
0.479976
0.373561
0.365773
0.452648
0.45171
0.373306
0.481094
0.516213
0.495052
0.572212
0.417514
0.582113
0.516389
0.409761
0.507992
0.483483
0.508833
0.499713
0.484847
0.485857
0.576883
0.542748
0.541078
0.538631
0.575216
0.539652
0.484534
0.511515
0.510051
0.51682
0.396986
0.568257
0.465189
0.397515
0.516202
0.568856
0.483868
0.456136
0.367675
0.375897
0.455072
0.375166
0.485115
0.483005
0.374131
0.367189
0.453939
0.454349
0.374623
0.482498
0.517849
0.466137
0.398938
0.571847
0.398131
0.57009
0.519306
0.337548
0.354367
0.308759
0.373382
0.337798
0.308614
0.373121
0.377949
0.408359
0.393289
0.377742
0.40873
0.393517
0.378073
0.394099
0.409296
0.378427
0.408909
0.393678
0.400593
0.327747
0.35918
0.346481
0.359285
0.40039
0.346675
0.456622
0.419223
0.418593
0.457426
0.415885
0.437281
0.360395
0.366633
0.416574
0.35984
0.436464
0.401136
0.328218
0.360156
0.347612
0.35975
0.401732
0.347165
0.455942
0.417731
0.418048
0.455554
0.415292
0.359114
0.435525
0.36611
0.415061
0.359335
0.435801
0.398711
0.326623
0.358157
0.345736
0.345378
0.357829
0.399186
0.413034
0.433117
0.357642
0.364497
0.412891
0.357768
0.433285
0.453136
0.415484
0.452812
0.415747
0.398515
0.326492
0.345116
0.357651
0.398388
0.345229
0.357699
0.453434
0.41647
0.41596
0.454082
0.413268
0.358365
0.364684
0.434204
0.357935
0.41381
0.433572
0.515032
0.488092
0.514018
0.506666
0.49238
0.492363
0.58127
0.54442
0.544849
0.546792
0.58225
0.545625
0.487562
0.513068
0.513387
0.525369
0.578486
0.401524
0.471793
0.579088
0.524895
0.401822
0.491372
0.462697
0.371587
0.379825
0.461725
0.379049
0.492534
0.490493
0.37821
0.460638
0.371049
0.460966
0.4901
0.378486
0.526394
0.472688
0.582088
0.403366
0.580354
0.402461
0.527789
0.522196
0.576541
0.469447
0.400862
0.400278
0.575278
0.523225
0.487261
0.457927
0.37673
0.369418
0.48702
0.458127
0.376874
0.521653
0.468985
0.399856
0.574203
0.521358
0.400002
0.574577
0.4877
0.377618
0.369618
0.459226
0.458482
0.377096
0.488576
0.353639
0.345422
0.333115
0.333899
0.345759
0.334193
0.353254
0.350593
0.352604
0.336799
0.344023
0.350122
0.337122
0.3531
0.375266
0.388686
0.37471
0.389344
0.353713
0.33296
0.34533
0.333716
0.34586
0.353178
0.334024
0.350691
0.336952
0.344192
0.352711
0.337299
0.350268
0.353221
0.32231
0.323415
0.334228
0.329926
0.322159
0.323603
0.334393
0.396872
0.311455
0.302349
0.293431
0.310026
0.302277
0.309973
0.311528
0.311289
0.309777
0.301983
0.293333
0.311148
0.302117
0.309862
0.322485
0.329986
0.323804
0.334663
0.323676
0.33458
0.322562
0.354142
0.346103
0.33439
0.333603
0.33466
0.35395
0.346281
0.351273
0.353915
0.344852
0.338093
0.337915
0.353812
0.351366
0.375645
0.389497
0.375448
0.3897
0.35109
0.337519
0.344728
0.353397
0.337792
0.350897
0.353612
0.354343
0.333691
0.334959
0.346566
0.334781
0.346479
0.354439
0.403434
0.436046
0.399981
0.454009
0.400622
0.402742
0.436909
0.408964
0.401963
0.40272
0.408155
0.403532
0.400119
0.454081
0.43612
0.400746
0.402844
0.436977
0.40393
0.451427
0.406781
0.460227
0.403799
0.406913
0.460453
0.402526
0.474241
0.402045
0.470318
0.402025
0.402538
0.47423
0.40228
0.401623
0.473649
0.469968
0.402145
0.401766
0.473885
0.409292
0.402842
0.403051
0.409066
0.404185
0.4377
0.401478
0.454776
0.401446
0.404239
0.437654
0.403918
0.401017
0.437125
0.454442
0.403724
0.401176
0.437342
0.323039
0.324277
0.330572
0.335199
0.323069
0.324223
0.335166
0.397518
0.312016
0.302779
0.293909
0.310469
0.302818
0.311977
0.310499
0.311983
0.310506
0.30282
0.293899
0.312013
0.30279
0.310483
0.323076
0.330562
0.324165
0.335163
0.323035
0.324234
0.335208
0.355265
0.33577
0.347334
0.334596
0.347342
0.355259
0.335782
0.376868
0.391048
0.376873
0.391036
0.352228
0.354903
0.346087
0.339058
0.339037
0.354892
0.352238
0.352175
0.339008
0.354846
0.346065
0.352175
0.339014
0.354841
0.355322
0.334619
0.347411
0.335824
0.3474
0.335807
0.355333
0.355022
0.334354
0.335587
0.347139
0.335532
0.347108
0.355053
0.351942
0.354516
0.3386
0.345705
0.351898
0.33867
0.354563
0.376623
0.39078
0.376633
0.390778
0.355043
0.334305
0.335383
0.347099
0.354994
0.335456
0.347147
0.35195
0.338806
0.345782
0.354615
0.338751
0.351969
0.354597
0.405489
0.453231
0.408511
0.462207
0.405466
0.408531
0.46226
0.403742
0.475594
0.403128
0.471696
0.403693
0.403169
0.475674
0.403795
0.403197
0.475669
0.471743
0.40377
0.403221
0.475722
0.405588
0.43927
0.456519
0.402923
0.402918
0.439263
0.405595
0.410835
0.404514
0.404498
0.410853
0.405531
0.402886
0.456448
0.439217
0.402869
0.405546
0.439195
0.405194
0.438771
0.402474
0.456047
0.405152
0.402511
0.438819
0.410551
0.404219
0.404229
0.410538
0.405233
0.402541
0.456092
0.438837
0.402561
0.405221
0.438861
0.53246
0.405675
0.477305
0.58844
0.587625
0.405487
0.533081
0.496065
0.465157
0.374144
0.381231
0.465925
0.495224
0.381676
0.496715
0.381786
0.374139
0.466868
0.466485
0.381652
0.497204
0.531701
0.47691
0.585574
0.404935
0.586679
0.53076
0.405436
0.525456
0.498529
0.525541
0.516905
0.501685
0.50196
0.597792
0.559964
0.559364
0.55843
0.596877
0.558543
0.499206
0.52681
0.526281
0.534962
0.406616
0.590559
0.479143
0.406633
0.534905
0.590641
0.499577
0.469338
0.37555
0.383368
0.469017
0.383073
0.499956
0.4989
0.382615
0.37511
0.468401
0.468413
0.382628
0.498867
0.535728
0.479776
0.407455
0.592123
0.407111
0.591565
0.536179
0.343714
0.361234
0.313362
0.3811
0.343789
0.313303
0.381076
0.386383
0.418903
0.402691
0.386281
0.419085
0.402797
0.386305
0.402803
0.419051
0.386379
0.419004
0.402717
0.408061
0.331845
0.364828
0.351533
0.364793
0.408077
0.351532
0.466559
0.426853
0.426851
0.466571
0.423525
0.444925
0.364893
0.371806
0.423568
0.364848
0.444872
0.408238
0.332027
0.365009
0.351743
0.364959
0.408276
0.351714
0.46635
0.426661
0.42668
0.46633
0.423332
0.364677
0.444681
0.371628
0.423351
0.364668
0.44466
0.407594
0.331545
0.364526
0.351285
0.351189
0.364425
0.407713
0.422926
0.444139
0.364332
0.371333
0.422861
0.364385
0.444204
0.465836
0.426146
0.465706
0.426262
0.407688
0.331623
0.351221
0.364493
0.407624
0.351273
0.364516
0.465745
0.426281
0.426178
0.465877
0.42283
0.36442
0.371248
0.444256
0.364299
0.422962
0.444106
0.52805
0.500541
0.527745
0.519169
0.504014
0.504083
0.599692
0.561026
0.561077
0.561342
0.599622
0.560992
0.500632
0.527783
0.527835
0.538095
0.594447
0.408449
0.481652
0.594401
0.538127
0.408399
0.501929
0.471166
0.376829
0.384462
0.471104
0.38437
0.502005
0.501656
0.384242
0.470887
0.376653
0.470864
0.501683
0.384204
0.538407
0.481894
0.594909
0.408679
0.594785
0.40857
0.538502
0.5373
0.593737
0.481023
0.408188
0.407962
0.593445
0.537534
0.501063
0.470279
0.383842
0.376354
0.500994
0.470346
0.383898
0.537406
0.481115
0.407995
0.593492
0.537338
0.408048
0.593562
0.500959
0.384011
0.376266
0.470417
0.470246
0.383813
0.501159
0.355257
0.347325
0.334591
0.335764
0.347334
0.335777
0.35525
0.352222
0.354896
0.339054
0.346083
0.352231
0.339033
0.354886
0.37686
0.391039
0.376865
0.391028
0.355314
0.334615
0.347403
0.33582
0.347392
0.355325
0.335803
0.352168
0.339002
0.34606
0.354839
0.339009
0.352168
0.354834
0.32303
0.324271
0.33519
0.330564
0.32306
0.324216
0.335157
0.397492
0.312007
0.30277
0.293903
0.310463
0.30281
0.310492
0.311968
0.311975
0.3105
0.302812
0.293894
0.312004
0.302781
0.310477
0.323066
0.330554
0.324157
0.335154
0.324227
0.335199
0.323025
0.355013
0.347129
0.33558
0.334346
0.335524
0.355043
0.347098
0.351933
0.354507
0.345697
0.338591
0.338661
0.354554
0.351889
0.376613
0.39077
0.376623
0.390769
0.351941
0.338799
0.345774
0.354606
0.338743
0.351959
0.354589
0.355033
0.334297
0.335374
0.347089
0.335447
0.347137
0.354984
0.405581
0.43926
0.402914
0.45651
0.402911
0.405586
0.439254
0.410827
0.404506
0.40449
0.410844
0.405523
0.402879
0.456439
0.439209
0.402862
0.405539
0.439186
0.405484
0.453226
0.408505
0.462198
0.40546
0.408527
0.462254
0.403736
0.475589
0.403122
0.471688
0.403162
0.403688
0.475667
0.403789
0.403189
0.475659
0.471735
0.403762
0.403214
0.475715
0.410542
0.404209
0.404219
0.410528
0.405186
0.438764
0.402466
0.456039
0.402504
0.405144
0.43881
0.405224
0.402532
0.438826
0.456084
0.405211
0.402553
0.438852
0.322309
0.32341
0.329922
0.334228
0.322158
0.323599
0.334393
0.396896
0.311454
0.302348
0.293428
0.310023
0.302277
0.311528
0.30997
0.311288
0.309774
0.301982
0.29333
0.311147
0.302116
0.309859
0.322484
0.329981
0.323801
0.334663
0.322562
0.323672
0.33458
0.353629
0.333886
0.345418
0.333105
0.34575
0.353249
0.334183
0.375258
0.388681
0.374704
0.389337
0.350585
0.352598
0.344008
0.336787
0.337107
0.353091
0.350117
0.350682
0.336939
0.352704
0.34418
0.350262
0.337288
0.353212
0.353705
0.332948
0.345328
0.333705
0.345853
0.33401
0.353175
0.354142
0.333597
0.334382
0.346102
0.334653
0.346281
0.353948
0.351272
0.353912
0.338087
0.344846
0.351365
0.337909
0.35381
0.375645
0.389495
0.375446
0.3897
0.354343
0.333686
0.334953
0.346566
0.354438
0.334775
0.346478
0.351089
0.337511
0.344721
0.353393
0.337785
0.350895
0.353609
0.403933
0.451434
0.406786
0.460232
0.403802
0.406918
0.460459
0.402526
0.474244
0.402044
0.470322
0.402537
0.402025
0.474235
0.402281
0.401623
0.473653
0.469973
0.402146
0.401767
0.473891
0.403428
0.436045
0.454003
0.399975
0.400617
0.436903
0.402737
0.408959
0.401957
0.402715
0.40815
0.403528
0.400115
0.454082
0.436117
0.400742
0.402839
0.436975
0.404185
0.4377
0.401476
0.454779
0.404237
0.401446
0.437655
0.409292
0.402841
0.403051
0.409065
0.403918
0.401017
0.454446
0.437126
0.401176
0.403723
0.437344
0.537904
0.408332
0.481494
0.594222
0.594178
0.408283
0.537935
0.501759
0.471014
0.37673
0.384363
0.470949
0.501837
0.384267
0.501485
0.384137
0.376554
0.470731
0.470709
0.384101
0.501511
0.538217
0.481737
0.594691
0.408567
0.594564
0.538315
0.408455
0.527864
0.500368
0.527557
0.519164
0.504005
0.504077
0.59946
0.560817
0.560867
0.561138
0.599393
0.560785
0.500457
0.527593
0.527644
0.537103
0.408069
0.593509
0.48086
0.407843
0.537338
0.593215
0.500884
0.470117
0.376251
0.383736
0.470185
0.383791
0.500815
0.500782
0.383906
0.376164
0.470259
0.470086
0.383708
0.500983
0.537206
0.480951
0.407875
0.593258
0.407928
0.593329
0.537138
0.342839
0.360275
0.31264
0.379894
0.342852
0.31264
0.379965
0.385571
0.418269
0.402056
0.385697
0.41816
0.40191
0.385152
0.401465
0.417521
0.38517
0.417606
0.401455
0.404761
0.329968
0.362375
0.349389
0.36233
0.404947
0.349331
0.461011
0.421424
0.422288
0.460012
0.419396
0.439611
0.361902
0.369167
0.418753
0.36228
0.440302
0.40442
0.33007
0.361863
0.349063
0.362251
0.403806
0.349383
0.46182
0.4232
0.422937
0.46222
0.419775
0.362367
0.441053
0.369146
0.420018
0.362263
0.440732
0.406303
0.330707
0.363473
0.350238
0.350234
0.363415
0.406329
0.421933
0.443363
0.363872
0.370623
0.422148
0.363698
0.443116
0.464639
0.425438
0.464863
0.425263
0.406762
0.331093
0.350782
0.363957
0.406954
0.350647
0.363807
0.464025
0.424751
0.424753
0.464011
0.421442
0.363275
0.370191
0.442583
0.363274
0.421459
0.442579
0.525602
0.498665
0.525687
0.516917
0.501694
0.501969
0.597945
0.560031
0.559506
0.558588
0.597052
0.558703
0.49933
0.526878
0.526414
0.532446
0.588475
0.405693
0.477294
0.587604
0.533106
0.405483
0.496116
0.465219
0.374177
0.381274
0.465973
0.381709
0.495288
0.496699
0.381801
0.466886
0.374133
0.466471
0.497228
0.381647
0.531752
0.476948
0.585656
0.404982
0.58673
0.405471
0.530832
0.535117
0.590736
0.479272
0.406712
0.40673
0.59082
0.535059
0.499709
0.469424
0.383423
0.375629
0.500044
0.469138
0.383154
0.535872
0.479895
0.407512
0.592223
0.53627
0.407201
0.59173
0.499041
0.382701
0.375195
0.468528
0.468542
0.382715
0.499007
0.350731
0.342758
0.330786
0.331335
0.342965
0.331557
0.35052
0.348161
0.350588
0.33498
0.34141
0.348284
0.33483
0.350476
0.371992
0.38561
0.371826
0.385789
0.351066
0.331138
0.343519
0.332144
0.34326
0.351303
0.331998
0.347771
0.334146
0.340965
0.349834
0.334376
0.347611
0.350016
0.318141
0.320265
0.33021
0.326178
0.318332
0.319988
0.330011
0.392736
0.307201
0.297989
0.290253
0.306331
0.298147
0.306449
0.307038
0.307295
0.306654
0.298433
0.290329
0.307481
0.298247
0.306519
0.318051
0.326055
0.319652
0.329705
0.31992
0.329922
0.317868
0.34941
0.341891
0.330403
0.329539
0.330172
0.349589
0.341696
0.346312
0.347942
0.338777
0.332049
0.332387
0.348283
0.34604
0.370672
0.384396
0.370725
0.384373
0.346563
0.33303
0.339208
0.348713
0.332808
0.346649
0.348637
0.349246
0.329276
0.329483
0.341337
0.32979
0.341589
0.348964
0.399934
0.43292
0.397086
0.449613
0.397036
0.40001
0.432849
0.404925
0.398689
0.39889
0.404682
0.39942
0.396293
0.449001
0.43197
0.396518
0.399181
0.432266
0.396536
0.443114
0.399191
0.452198
0.396546
0.399154
0.452209
0.394539
0.463724
0.393788
0.461252
0.394383
0.393902
0.464831
0.395198
0.394964
0.465537
0.461931
0.395183
0.394992
0.465567
0.403304
0.397373
0.397382
0.403295
0.397223
0.429067
0.393607
0.446296
0.394157
0.396668
0.429774
0.397702
0.394685
0.430295
0.446908
0.397695
0.394713
0.430324
0.315845
0.317455
0.323888
0.327351
0.31562
0.317809
0.3276
0.390763
0.305347
0.296595
0.28863
0.304855
0.296353
0.30559
0.304671
0.305085
0.304256
0.295882
0.288375
0.304874
0.296091
0.304411
0.316108
0.324178
0.318412
0.328129
0.316358
0.318052
0.327868
0.344944
0.32536
0.337776
0.325017
0.337521
0.345172
0.325061
0.365907
0.379181
0.365917
0.379214
0.341823
0.342218
0.332203
0.325747
0.326429
0.343033
0.341186
0.342215
0.327372
0.343637
0.332915
0.34228
0.327104
0.343605
0.344697
0.324604
0.336885
0.323877
0.337366
0.324463
0.344111
0.34664
0.32688
0.326693
0.338861
0.327058
0.339131
0.346352
0.344194
0.345982
0.330124
0.335894
0.344297
0.329877
0.345902
0.367565
0.380693
0.367315
0.380976
0.346991
0.327313
0.327878
0.339681
0.347228
0.32761
0.339424
0.343768
0.328937
0.335341
0.345088
0.32931
0.343524
0.345379
0.391624
0.437561
0.39351
0.445884
0.391124
0.394062
0.446672
0.390963
0.460616
0.390931
0.457207
0.390927
0.390975
0.460651
0.390413
0.389998
0.459193
0.456526
0.389958
0.390415
0.459962
0.390537
0.420477
0.438031
0.385723
0.387014
0.422181
0.389185
0.397379
0.391781
0.391849
0.397325
0.391449
0.388067
0.439263
0.423225
0.388096
0.39142
0.423249
0.394137
0.426229
0.390886
0.442507
0.394127
0.390924
0.426259
0.399384
0.39338
0.39371
0.398975
0.393578
0.389959
0.441858
0.425136
0.390346
0.393174
0.425642
0.525264
0.401469
0.471703
0.578376
0.578956
0.401762
0.524799
0.491268
0.462644
0.37153
0.379796
0.461632
0.492482
0.378991
0.490397
0.378163
0.370997
0.460566
0.460882
0.378433
0.490018
0.526281
0.4726
0.582023
0.403337
0.580225
0.527734
0.402397
0.514951
0.48802
0.513938
0.506699
0.492403
0.49239
0.581186
0.544366
0.544777
0.546701
0.58215
0.545534
0.487508
0.513023
0.513325
0.522119
0.400812
0.576438
0.469382
0.400236
0.523138
0.575182
0.487211
0.457901
0.369392
0.376714
0.458083
0.376847
0.486985
0.487636
0.377576
0.369583
0.459157
0.458426
0.37706
0.488497
0.521591
0.468936
0.399836
0.574149
0.39997
0.574504
0.521319
0.33556
0.352396
0.307015
0.37035
0.335395
0.307081
0.370727
0.375742
0.406715
0.391692
0.376231
0.40619
0.391102
0.375397
0.390349
0.405241
0.375087
0.405737
0.390697
0.39364
0.323459
0.354298
0.342249
0.353889
0.394229
0.341819
0.446059
0.409715
0.409983
0.445704
0.407469
0.426975
0.353933
0.360592
0.407407
0.35394
0.427083
0.393388
0.323304
0.353787
0.341651
0.353729
0.393358
0.341639
0.446476
0.410946
0.41027
0.447337
0.40778
0.354649
0.428272
0.36083
0.408454
0.354147
0.427484
0.395605
0.324603
0.355291
0.34288
0.343117
0.355414
0.395369
0.41045
0.431385
0.356595
0.362711
0.411234
0.355993
0.430469
0.44987
0.413753
0.450802
0.413029
0.396094
0.325041
0.344066
0.356287
0.396778
0.343566
0.355824
0.449229
0.412131
0.412536
0.448725
0.409899
0.355259
0.362227
0.429499
0.355529
0.409626
0.429831
0.507892
0.483406
0.50875
0.49978
0.484903
0.485911
0.576806
0.542694
0.541008
0.538521
0.575113
0.53956
0.484477
0.511469
0.509989
0.513244
0.566929
0.396728
0.474632
0.568353
0.514539
0.400099
0.479127
0.450913
0.365616
0.377714
0.451085
0.375725
0.478925
0.479871
0.373501
0.452551
0.365714
0.451617
0.480989
0.373245
0.516076
0.494933
0.57204
0.417413
0.581946
0.409676
0.516233
0.516723
0.568133
0.465116
0.396928
0.397461
0.568744
0.516102
0.483814
0.456096
0.375875
0.367645
0.485069
0.455024
0.375136
0.517786
0.466084
0.398913
0.571785
0.519254
0.398097
0.57001
0.482918
0.374081
0.367142
0.453862
0.45427
0.374575
0.482411
0.339743
0.33212
0.320087
0.318836
0.33265
0.319507
0.339137
0.337915
0.33893
0.322489
0.327448
0.338104
0.322186
0.338821
0.360186
0.37222
0.35953
0.373007
0.340505
0.321032
0.333819
0.321025
0.333309
0.340971
0.320649
0.337053
0.320307
0.326281
0.337115
0.321011
0.336479
0.337801
0.306849
0.309308
0.318825
0.314238
0.307483
0.30846
0.318153
0.383236
0.295475
0.286272
0.279821
0.294722
0.286714
0.295065
0.295015
0.29644
0.296329
0.288271
0.280553
0.297051
0.287667
0.295853
0.305867
0.313395
0.306911
0.31639
0.307703
0.317149
0.305302
0.336124
0.329842
0.316396
0.31652
0.315838
0.336769
0.329162
0.332504
0.331547
0.320639
0.314414
0.315663
0.332911
0.331181
0.35664
0.369591
0.356972
0.369265
0.333775
0.317614
0.322185
0.334583
0.317157
0.334121
0.334338
0.334943
0.31537
0.313235
0.327104
0.314407
0.328098
0.333719
0.385451
0.416513
0.38195
0.432087
0.382029
0.385495
0.416465
0.390326
0.384234
0.385174
0.389217
0.38444
0.380776
0.431111
0.414441
0.381147
0.383589
0.415392
0.382528
0.432159
0.38152
0.436503
0.379415
0.384569
0.441162
0.384512
0.455509
0.389338
0.454468
0.387313
0.386025
0.456897
0.382069
0.379661
0.449116
0.450235
0.378628
0.383732
0.453782
0.386116
0.38158
0.381207
0.38659
0.386108
0.422288
0.391763
0.440108
0.388604
0.387603
0.42288
0.382759
0.37963
0.412514
0.434312
0.381421
0.383483
0.414854
0.29753
0.298764
0.305707
0.307109
0.296536
0.300112
0.30836
0.368484
0.289651
0.282136
0.275231
0.290764
0.281087
0.29072
0.289914
0.287497
0.287283
0.278134
0.273453
0.286636
0.278988
0.287976
0.299734
0.307601
0.303341
0.311846
0.300865
0.301995
0.310615
0.317205
0.300916
0.300549
0.312616
0.310632
0.319064
0.300098
0.343217
0.357911
0.345073
0.35659
0.31733
0.318472
0.299076
0.304321
0.313579
0.300576
0.322105
0.314269
0.298956
0.304428
0.296898
0.307819
0.310397
0.298325
0.320614
0.303091
0.327276
0.306919
0.322217
0.302761
0.325493
0.325361
0.30732
0.303968
0.317297
0.305539
0.318848
0.323564
0.325785
0.327898
0.31016
0.314023
0.326799
0.309442
0.328965
0.350227
0.361636
0.349418
0.363317
0.327811
0.309463
0.309171
0.322486
0.329119
0.308185
0.321178
0.325754
0.30656
0.312058
0.33157
0.307481
0.326292
0.330484
0.38892
0.432157
0.397422
0.437621
0.389139
0.395251
0.439114
0.383518
0.453728
0.386735
0.450549
0.383513
0.386641
0.453036
0.38425
0.383939
0.447741
0.448251
0.382998
0.386367
0.450928
0.378383
0.445538
0.395522
0.438494
0.383244
0.385939
0.417001
0.373895
0.3698
0.36906
0.374629
0.376805
0.380529
0.427239
0.410294
0.379241
0.378164
0.409969
0.385071
0.419482
0.389194
0.43596
0.384875
0.388904
0.41922
0.379681
0.37317
0.375001
0.377803
0.384405
0.384331
0.433968
0.414086
0.387624
0.381643
0.417702
0.506413
0.40791
0.496287
0.561586
0.564572
0.410507
0.504668
0.472917
0.447731
0.362273
0.376527
0.445263
0.475707
0.374705
0.470834
0.371602
0.360948
0.442608
0.443474
0.372982
0.469744
0.509285
0.499915
0.570434
0.416398
0.567474
0.512884
0.41345
0.538433
0.507992
0.536485
0.494387
0.474936
0.480297
0.614707
0.57544
0.573545
0.574958
0.614264
0.572088
0.510886
0.540876
0.538749
0.504831
0.405251
0.558463
0.48811
0.405396
0.502792
0.559479
0.474933
0.450986
0.363363
0.380698
0.448239
0.374648
0.478949
0.470668
0.369853
0.359978
0.441311
0.444002
0.370697
0.468314
0.510134
0.491487
0.414966
0.566942
0.409773
0.564396
0.513355
0.321887
0.332395
0.293188
0.346366
0.32154
0.292916
0.348008
0.364623
0.384105
0.382242
0.367575
0.381196
0.378921
0.362105
0.374114
0.376164
0.3603
0.378398
0.376148
0.379716
0.313272
0.343656
0.332881
0.342178
0.380597
0.332667
0.413443
0.379378
0.410376
0.382226
0.391156
0.40797
0.348339
0.355541
0.389824
0.346974
0.40945
0.378052
0.311321
0.338817
0.333673
0.376847
0.339747
0.332725
0.419316
0.389976
0.386384
0.423527
0.39284
0.345379
0.412773
0.353254
0.394084
0.345697
0.411179
0.385017
0.317352
0.346623
0.334446
0.335587
0.347768
0.38327
0.402143
0.425168
0.352613
0.357325
0.405563
0.350276
0.421603
0.434129
0.403354
0.438638
0.399559
0.388083
0.319367
0.33993
0.352795
0.391345
0.337775
0.350317
0.430324
0.394013
0.396387
0.427537
0.39887
0.346647
0.354997
0.41565
0.347991
0.396827
0.418054
0.520782
0.499287
0.527104
0.491081
0.476142
0.477276
0.608496
0.572906
0.567795
0.554482
0.601563
0.561423
0.504827
0.537996
0.533005
0.492119
0.464825
0.544464
0.398506
0.540546
0.495084
0.396632
0.458095
0.430189
0.37455
0.362327
0.456323
0.431799
0.371667
0.489714
0.463271
0.534791
0.399112
0.537441
0.487617
0.39757
0.460104
0.36898
0.435543
0.359539
0.433614
0.462471
0.369046
0.5029
0.549395
0.479539
0.402163
0.406453
0.554256
0.499025
0.473625
0.448912
0.379977
0.364844
0.477384
0.445255
0.377087
0.5072
0.484863
0.413719
0.563039
0.510014
0.410491
0.559338
0.4693
0.371134
0.362162
0.438612
0.441409
0.373965
0.465915
0.190501
0.194045
0.192362
0.193997
0.192515
0.196685
0.20336
0.192691
0.193526
0.191228
0.198036
0.210628
0.194904
0.194172
0.189125
0.193292
0.191136
0.192301
0.189621
0.194389
0.192859
0.225784
0.219537
0.202978
0.2258
0.208938
0.246052
0.21197
0.510185
0.215954
0.303738
1.49369
0.957669
0.276314
0.381571
0.19332
0.188628
0.186668
0.199131
0.212001
0.189423
0.187813
0.235774
0.892311
0.581033
0.215872
0.234042
0.433825
0.434419
0.604967
0.696128
0.703112
0.616246
0.794102
0.22947
0.401301
0.344232
0.215348
0.226668
0.399698
0.327675
0.498118
0.528865
0.479477
0.525274
0.482442
0.225409
0.403672
0.326882
0.215504
0.225082
0.406576
0.327177
0.521871
0.557124
0.503843
0.554911
0.505585
0.225082
0.40658
0.327192
0.215039
0.225407
0.40373
0.326934
0.525494
0.561436
0.509194
0.561435
0.509195
0.226655
0.399807
0.327808
0.214967
0.229407
0.401773
0.344494
0.51579
0.550118
0.499866
0.550308
0.499737
0.233843
0.434541
0.434022
0.212376
0.235357
0.883252
0.576962
0.491548
0.521897
0.476481
0.52205
0.476392
0.189616
0.194383
0.192844
0.192035
0.189121
0.193287
0.191126
0.201143
0.209426
0.214595
0.206915
0.197829
0.19857
0.203117
0.324697
0.277745
0.307308
0.301657
0.303873
0.318178
0.273808
0.608087
0.815751
0.622036
0.810731
0.568003
0.758268
0.691014
0.939285
0.275596
0.380109
0.394045
0.510145
0.215753
0.302482
0.211877
0.189419
0.187803
0.192655
0.19327
0.188624
0.18666
0.192503
0.196677
0.203296
0.193011
0.190495
0.194041
0.192353
0.210599
0.194904
0.19417
0.194205
0.192686
0.193526
0.191225
0.219153
0.201913
0.219656
0.222982
0.205256
0.209873
0.235126
0.231324
0.216121
0.236307
0.273072
0.210356
0.248794
0.251241
0.201164
0.20945
0.214642
0.20695
0.197837
0.198587
0.203134
0.335151
0.579494
0.647521
0.529304
0.601338
0.688271
0.698646
0.643181
0.245845
0.236589
0.234874
0.317611
0.220246
0.279349
0.27093
0.324713
0.27775
0.30732
0.301666
0.303886
0.318193
0.273812
0.722002
0.767668
0.75604
0.209874
0.202989
0.219385
0.212696
0.19923
0.20549
0.200942
0.266938
0.322034
0.268861
0.248995
0.24901
0.249193
0.248741
0.360148
0.298224
0.297488
0.25946
0.25972
0.259609
0.259569
0.319576
0.350153
1.10597
0.743321
0.334535
0.327702
0.507287
0.310749
0.603521
0.295788
0.440716
0.315007
0.494152
0.299723
0.341932
0.415888
0.243154
0.264604
0.352666
0.402964
0.242032
0.491378
0.521636
0.476313
0.521818
0.476204
0.33695
0.259696
0.373997
0.234709
0.388194
0.238636
0.32241
0.300997
0.363845
0.301392
0.261399
0.261588
0.261356
0.261628
0.368546
0.308167
0.307772
0.264144
0.264667
0.264623
0.264182
0.299022
0.292973
0.443027
0.443848
0.298858
0.290494
0.455466
0.299002
0.447599
0.289253
0.467398
0.289864
0.458287
0.299546
0.306839
0.350256
0.230248
0.245689
0.308919
0.349469
0.228966
0.515767
0.550082
0.499854
0.550286
0.499713
0.306529
0.244861
0.34729
0.227637
0.348837
0.228316
0.305847
0.309932
0.371691
0.310604
0.265158
0.26566
0.265134
0.265676
0.372371
0.312308
0.312295
0.265733
0.26642
0.266422
0.265732
0.300667
0.289278
0.471393
0.462088
0.299873
0.289612
0.475363
0.30065
0.464261
0.289602
0.477887
0.289525
0.47715
0.300861
0.304291
0.345741
0.226516
0.241574
0.304931
0.344792
0.226028
0.525503
0.561445
0.509203
0.561446
0.509203
0.302876
0.240949
0.341798
0.225991
0.341875
0.225654
0.302469
0.312298
0.372347
0.312283
0.265731
0.266414
0.265729
0.266415
0.371704
0.309929
0.3106
0.265154
0.265658
0.265674
0.265129
0.300645
0.289605
0.477881
0.464279
0.300863
0.289525
0.477152
0.300664
0.462119
0.289275
0.471401
0.289615
0.47537
0.29986
0.302857
0.341769
0.225992
0.240955
0.302447
0.341861
0.225658
0.52188
0.557135
0.503847
0.554923
0.505593
0.304319
0.241604
0.345839
0.226537
0.344867
0.226043
0.304975
0.308152
0.368537
0.307758
0.264136
0.264658
0.264175
0.264613
0.363842
0.300978
0.301374
0.26139
0.261578
0.261618
0.261347
0.298976
0.289251
0.467434
0.4478
0.299532
0.289854
0.4584
0.298989
0.444135
0.2929
0.443375
0.290477
0.455608
0.29877
0.306595
0.34741
0.227667
0.24494
0.305889
0.349005
0.228357
0.498234
0.529033
0.479615
0.525466
0.482563
0.306918
0.245798
0.350609
0.230318
0.349721
0.229021
0.309013
0.298209
0.360153
0.297472
0.259451
0.259712
0.25956
0.2596
0.322009
0.266916
0.268839
0.248987
0.249003
0.249185
0.248733
0.310423
0.29568
0.441122
0.603789
0.299608
0.314624
0.494465
0.319118
0.74148
0.349212
1.07996
0.327136
0.507416
0.334406
0.337202
0.374531
0.234794
0.259973
0.322502
0.389205
0.238739
0.605014
0.697492
0.703841
0.7958
0.616732
0.342184
0.264883
0.415416
0.243012
0.404376
0.242093
0.350423
0.335123
0.578809
0.647792
0.528778
0.601024
0.688985
0.699591
0.643041
0.219101
0.222962
0.201901
0.219607
0.209851
0.235081
0.205228
0.231211
0.272838
0.215998
0.236183
0.248526
0.251118
0.210294
0.722432
0.768825
0.757147
0.209878
0.202993
0.219393
0.212704
0.199231
0.205494
0.200946
0.22579
0.225799
0.219516
0.202979
0.246042
0.211971
0.208939
0.245866
0.317474
0.236545
0.234906
0.279363
0.271022
0.220255
0.24681
0.277624
0.232525
0.231375
0.226858
0.220485
0.227065
0.482877
0.573279
0.778842
0.47227
0.518381
0.49963
0.704475
0.239833
0.242109
0.227028
0.234498
0.224466
0.22273
0.223528
0.607516
0.622177
0.816194
0.812326
0.56752
0.742217
0.697198
1.21984
0.761645
0.416177
0.385273
0.963647
0.548859
0.565193
0.26667
0.213909
0.226531
0.241907
0.321329
0.277923
0.221375
0.497262
0.532437
0.483648
0.484834
0.530781
0.50567
0.538185
0.490003
0.48989
0.538406
0.522992
0.558511
0.506766
0.506767
0.558514
0.5249
0.560768
0.508439
0.508636
0.5605
0.510919
0.544242
0.493173
0.494954
0.541995
0.501919
0.533512
0.485008
0.486038
0.532313
0.246796
0.232519
0.277602
0.226849
0.231363
0.220477
0.227057
0.482652
0.772694
0.572934
0.518277
0.472052
0.499298
0.697567
0.23983
0.227024
0.242105
0.234495
0.224462
0.222726
0.223524
0.295277
0.256624
0.276891
0.267836
0.264837
0.285303
0.252415
0.256666
0.252792
0.253931
0.230189
0.238844
0.302509
0.243271
0.284569
0.389474
0.288794
0.274144
0.353479
0.322014
0.263213
1.18364
0.754825
0.416496
0.387943
0.945792
0.543699
0.567834
0.26665
0.226411
0.213933
0.319927
0.242099
0.277428
0.22133
0.238051
0.239177
0.244999
0.233868
0.224373
0.227568
0.231748
0.346814
0.329683
0.331251
0.349235
0.247519
0.263298
0.253373
0.240553
0.248118
0.239462
0.248064
0.248874
0.274986
0.226394
0.250844
0.234158
0.236355
0.301445
0.263895
0.320666
0.25996
0.264948
0.246779
0.281658
0.3128
1.06921
0.366827
0.387497
0.418305
1.2217
0.372739
1.10273
0.361043
0.459336
0.324839
0.357038
0.386718
0.308897
0.411428
0.33388
0.348842
0.275804
0.331498
0.291354
0.308804
0.372851
0.295289
0.256624
0.276895
0.26783
0.264833
0.285298
0.252411
0.256662
0.252796
0.253952
0.230187
0.238842
0.243263
0.302476
0.284577
0.389591
0.288772
0.27421
0.263198
0.353521
0.322072
0.965173
0.996654
0.910512
0.461101
0.48052
0.391196
0.440861
0.499612
0.463441
0.407608
0.413351
0.420167
0.324164
0.351616
0.450497
0.368815
0.363382
0.344943
0.285898
0.284315
0.254421
0.254779
0.254693
0.254519
0.354816
0.291018
0.291777
0.257501
0.257508
0.257418
0.257578
0.480902
0.760983
0.548348
0.715953
0.516207
0.572211
0.508281
0.45535
0.446102
0.435953
0.668429
0.502654
0.490228
0.412753
0.375395
0.414117
0.44124
0.367001
0.376023
0.415243
0.37172
0.378443
0.43349
0.414495
0.444613
0.394227
0.382215
0.419441
1.18163
0.414527
1.22047
0.591588
1.25312
0.597238
1.04522
1.08725
1.47082
1.38002
0.7518
1.59309
0.952066
1.0821
1.26224
0.415506
1.42881
0.610278
1.61037
1.26685
0.605959
0.971791
0.779463
0.698899
0.630238
0.905364
0.92865
0.772635
0.501625
0.533045
0.484688
0.531858
0.485698
0.974365
1.21959
0.590944
0.421164
1.01895
1.22857
0.597537
0.682344
0.482743
0.456528
0.752155
0.493496
0.75899
0.670027
0.689724
0.774655
0.579993
0.459784
0.503608
0.739992
0.760979
0.967145
0.422235
1.20256
0.573671
1.23026
0.597937
0.948027
0.364639
0.303998
0.303586
0.262294
0.262677
0.262342
0.262625
0.366707
0.305458
0.30575
0.263376
0.263731
0.263345
0.263761
0.37502
0.418037
0.367572
0.445414
0.421888
0.374307
0.366981
0.376815
0.426195
0.366601
0.447557
0.424809
0.367742
0.376255
0.381499
0.435542
0.459897
0.369721
0.370075
0.434552
0.381321
0.379774
0.430005
0.368672
0.457901
0.379299
0.368998
0.43212
0.910088
0.378176
1.1707
0.530175
1.15861
0.529178
0.909903
0.671442
0.485832
0.753268
0.461589
0.767443
0.667988
0.495567
0.910487
0.37625
1.19038
0.533354
1.15657
0.935831
0.523428
0.673754
0.778767
0.463608
0.505141
0.770056
0.499351
0.678424
0.510881
0.544182
0.493116
0.541917
0.494913
0.915024
1.17647
0.531393
0.381239
0.911928
1.18509
0.531305
0.691131
0.52283
0.477471
0.802992
0.518921
0.795243
0.697642
0.688146
0.781293
0.509064
0.47557
0.516014
0.680331
0.792463
0.916234
0.381064
1.19667
0.533156
1.18723
0.531016
0.921078
0.371752
0.3115
0.31138
0.265249
0.265924
0.265258
0.265918
0.372266
0.31196
0.312026
0.265595
0.266272
0.265588
0.266275
0.385019
0.440079
0.372452
0.468448
0.440907
0.384832
0.372813
0.385813
0.442125
0.37309
0.469399
0.441852
0.373394
0.385584
0.387152
0.444407
0.472506
0.374222
0.374352
0.444455
0.387036
0.386822
0.443866
0.374155
0.472072
0.386894
0.374121
0.443976
0.932206
0.38305
1.2145
0.538458
1.21022
0.537039
0.937776
0.71034
0.528095
0.808587
0.487066
0.817163
0.703107
0.531839
0.930624
0.38294
1.20177
0.534669
1.20753
0.926242
0.535908
0.712394
0.823152
0.488035
0.534187
0.819142
0.533026
0.717024
0.524903
0.560769
0.508437
0.560496
0.508638
0.941717
1.21693
0.535275
0.373451
0.942279
1.21921
0.518684
0.700005
0.537612
0.491458
0.810668
0.537696
0.810568
0.699801
0.70151
0.82632
0.536545
0.491014
0.537195
0.719828
0.810432
0.936775
0.373316
1.20979
0.515506
1.21391
0.514916
0.935123
0.372243
0.311946
0.312012
0.265592
0.266264
0.265585
0.266268
0.371774
0.311503
0.311383
0.265246
0.265924
0.265255
0.265918
0.387155
0.444402
0.374218
0.472507
0.444457
0.387031
0.374356
0.386825
0.443872
0.374167
0.472074
0.443978
0.374126
0.386903
0.385037
0.440089
0.468471
0.372476
0.372834
0.440922
0.384853
0.385832
0.442131
0.373102
0.469416
0.385594
0.373416
0.441864
0.941598
0.373392
1.21662
0.53519
1.21888
0.518589
0.942201
0.700007
0.537602
0.810649
0.491458
0.810576
0.699786
0.537695
0.936644
0.373254
1.20946
0.515405
1.21357
0.934974
0.514816
0.701516
0.826333
0.491015
0.536539
0.810439
0.537194
0.719824
0.523003
0.558527
0.506769
0.558521
0.506778
0.932399
1.21453
0.538558
0.383131
0.937864
1.2105
0.537212
0.710379
0.528087
0.48709
0.808619
0.531862
0.817234
0.703113
0.712415
0.823187
0.534187
0.488052
0.533038
0.717036
0.819195
0.930795
0.382999
1.2019
0.534813
1.20773
0.536047
0.926391
0.366709
0.305445
0.305736
0.263368
0.263723
0.263338
0.263754
0.364639
0.303984
0.303571
0.262286
0.262668
0.262334
0.262615
0.381541
0.43557
0.369751
0.459959
0.434594
0.381347
0.370124
0.379828
0.430078
0.368747
0.457982
0.432179
0.369058
0.379368
0.375156
0.418241
0.445646
0.367731
0.367117
0.422049
0.374468
0.376931
0.426291
0.366693
0.447759
0.376343
0.367865
0.424938
0.91527
0.381267
1.17653
0.531593
1.18506
0.531455
0.912304
0.691206
0.522865
0.803076
0.477533
0.795378
0.697686
0.518985
0.916403
0.381086
1.19676
0.533291
1.18717
0.921252
0.531138
0.688253
0.781517
0.475652
0.509192
0.792636
0.516106
0.680483
0.505734
0.538283
0.490064
0.538493
0.489958
0.910816
1.17081
0.530435
0.378244
0.910397
1.15876
0.529497
0.671784
0.486276
0.461827
0.753977
0.495871
0.767867
0.668574
0.674053
0.779035
0.50532
0.463816
0.499607
0.678624
0.770438
0.911338
0.376324
1.19065
0.533764
1.15675
0.523818
0.937208
0.354787
0.29099
0.291749
0.257494
0.257501
0.257411
0.25757
0.344913
0.285869
0.284287
0.254411
0.254771
0.254684
0.25451
0.37561
0.414384
0.367178
0.441833
0.415607
0.371909
0.37621
0.378643
0.433911
0.414421
0.445229
0.419867
0.382358
0.394333
0.48073
0.754114
0.710576
0.54894
0.516226
0.508413
0.570654
0.45508
0.446385
0.435707
0.664616
0.412693
0.490192
0.50226
0.97759
0.421327
1.22107
0.592697
1.22965
0.598843
1.02393
0.683523
0.483311
0.752969
0.457191
0.760439
0.670744
0.494337
0.969913
0.422336
1.2029
0.574163
1.23127
0.949706
0.598768
0.690988
0.776136
0.460478
0.58007
0.762469
0.5045
0.74126
0.497539
0.532822
0.48392
0.531199
0.485053
1.19312
1.22212
0.593817
0.414032
1.05125
1.25953
0.59969
1.0881
1.41545
0.745764
1.38676
1.57888
1.06329
0.960012
0.972181
0.781063
0.629376
0.694798
0.917523
0.773809
0.912215
1.27779
0.414628
1.4457
0.609214
1.65544
1.27495
0.607283
0.23803
0.239147
0.244972
0.233848
0.224354
0.227554
0.231723
0.346764
0.329646
0.331192
0.349153
0.247478
0.263254
0.253338
0.240526
0.248082
0.239427
0.248024
0.248812
0.27496
0.226378
0.250809
0.234132
0.301331
0.236326
0.263804
0.320456
0.259874
0.264861
0.312606
0.281504
0.246731
1.07614
0.366732
0.387332
0.418076
1.22705
0.372573
1.08703
0.360743
0.458662
0.324569
0.356779
0.386335
0.308677
0.41116
0.333631
0.348579
0.275651
0.331289
0.308585
0.291181
0.372704
0.98041
1.05287
0.910934
0.460723
0.479782
0.390797
0.440311
0.499159
0.46298
0.407462
0.41307
0.419857
0.324163
0.351399
0.363219
0.450185
0.368769
0.617182
0.662697
0.668762
0.545125
0.61782
0.513372
0.550284
0.57098
0.623512
0.686486
0.676778
0.750779
0.838442
0.739681
0.744079
0.725496
0.868965
0.684433
0.655191
0.840081
0.77803
0.721666
0.829332
0.729713
0.656161
0.533089
0.626078
0.587892
0.570318
0.6036
0.683124
0.645577
0.724368
0.696134
0.500502
0.531774
0.48562
0.484778
0.532988
0.622443
0.664632
0.672134
0.714512
0.807197
0.721651
0.545609
0.466474
0.547931
0.459169
0.541879
0.468936
0.551638
0.772827
0.829245
0.744288
0.548864
0.472284
0.556824
0.461764
0.471434
0.550367
0.555103
0.63755
0.688429
0.689626
0.52217
0.557581
0.504979
0.505956
0.556412
0.638372
0.691803
0.690614
0.750981
0.834928
0.74963
0.576491
0.490496
0.581533
0.482362
0.574061
0.492
0.584068
0.747236
0.833878
0.748539
0.577052
0.491688
0.583638
0.482864
0.492447
0.575894
0.584722
0.646049
0.699829
0.699556
0.525437
0.561383
0.509178
0.509153
0.561407
0.645598
0.699058
0.699039
0.762175
0.842421
0.762124
0.581224
0.495727
0.589083
0.486204
0.581226
0.495728
0.589082
0.762922
0.862471
0.762642
0.581177
0.495733
0.589063
0.486215
0.495717
0.581199
0.589047
0.630715
0.684777
0.681891
0.515082
0.549297
0.498244
0.499073
0.548223
0.628937
0.678642
0.679796
0.736765
0.823349
0.738067
0.569002
0.486475
0.576638
0.476802
0.569245
0.486334
0.576359
0.74349
0.825699
0.740358
0.568109
0.484951
0.574148
0.476166
0.485691
0.566906
0.575425
0.688508
0.741711
0.74668
0.491152
0.521797
0.477079
0.476175
0.523156
0.68409
0.736823
0.743486
0.79618
0.895609
0.80151
0.538593
0.463529
0.544927
0.454036
0.53874
0.463449
0.544817
0.793317
0.895133
0.801987
0.538755
0.464509
0.547244
0.454313
0.463535
0.540509
0.54522
0.351631
0.355148
0.341586
0.336871
0.343417
0.350026
0.286978
0.28757
0.255421
0.300552
0.303943
0.260777
0.275529
0.329986
0.348628
0.330111
0.327441
0.342976
0.323453
0.393256
0.358141
0.33655
0.619888
0.40274
0.527547
0.355484
0.861111
1.44109
0.737843
0.862222
0.734771
1.06634
0.363578
1.27432
0.647636
0.549364
0.399094
0.895712
0.36322
0.261747
0.27093
0.269691
0.265769
0.255085
0.258164
0.266592
0.281036
0.287629
0.278563
0.273811
0.283386
0.275859
0.28232
0.266862
0.271659
0.251554
0.291338
0.263075
0.278224
0.280764
0.318578
0.272083
0.324984
0.29384
0.256935
0.24567
0.244602
0.253953
0.249984
0.255105
0.268611
0.337909
0.343968
0.316162
0.650445
0.459961
0.489285
0.561484
0.746113
0.724834
0.526443
0.629102
0.629842
0.548855
0.532028
0.619047
0.648554
0.528144
0.609284
0.658371
0.479235
0.524977
0.631111
0.583852
0.501036
0.351651
0.35517
0.341607
0.336892
0.343435
0.350049
0.286986
0.287584
0.255424
0.30056
0.303959
0.260783
0.27553
0.330004
0.348633
0.33013
0.327459
0.342997
0.323458
0.534428
0.557087
0.5279
0.504565
0.47813
0.502206
0.477756
0.50135
0.548193
0.493775
0.570498
0.66309
0.654155
0.601239
0.650512
0.636849
0.532583
0.51895
0.613008
0.511049
0.591902
0.580426
0.602476
0.614296
0.326944
0.274527
0.272018
0.249784
0.250369
0.24993
0.250229
0.360132
0.296277
0.296853
0.259192
0.259264
0.259321
0.259128
0.490957
0.521487
0.476813
0.475955
0.522786
0.688722
0.741975
0.746913
0.684279
0.736998
0.743689
0.796367
0.895847
0.801728
0.538274
0.463323
0.544607
0.453774
0.538459
0.463219
0.544451
0.7936
0.895411
0.802239
0.538374
0.464183
0.546719
0.453996
0.46326
0.540055
0.544782
0.363393
0.302041
0.301595
0.261498
0.261804
0.261751
0.261549
0.368142
0.307081
0.30738
0.264048
0.264475
0.264506
0.264019
0.515058
0.549261
0.498216
0.499049
0.548181
0.630834
0.684811
0.682023
0.629084
0.678795
0.67996
0.736929
0.823534
0.73824
0.568959
0.486457
0.576605
0.476773
0.569216
0.486306
0.57631
0.743519
0.825831
0.740492
0.568065
0.484917
0.574088
0.476131
0.48566
0.566854
0.575376
0.371428
0.310079
0.310486
0.26507
0.265643
0.265684
0.264989
0.372237
0.312201
0.312218
0.265725
0.266412
0.266413
0.265722
0.525444
0.56139
0.509179
0.50916
0.561408
0.646294
0.7001
0.699833
0.645846
0.699342
0.699319
0.7625
0.84277
0.762444
0.581234
0.495736
0.589095
0.486211
0.581238
0.495735
0.589092
0.763232
0.862818
0.762959
0.581183
0.495733
0.589063
0.486218
0.495721
0.581199
0.589053
0.372213
0.312188
0.312206
0.265723
0.266406
0.266407
0.26572
0.371418
0.310079
0.310472
0.265065
0.265638
0.265679
0.264984
0.522182
0.557602
0.504992
0.505969
0.556433
0.637586
0.688514
0.689662
0.638363
0.691882
0.690605
0.751072
0.834925
0.749625
0.576502
0.490502
0.581555
0.482372
0.574079
0.492009
0.584079
0.747325
0.833914
0.748576
0.577075
0.491704
0.583667
0.482881
0.492462
0.575922
0.584749
0.368136
0.307067
0.307365
0.26404
0.264466
0.264497
0.264011
0.363391
0.302024
0.301578
0.26149
0.261794
0.261741
0.261541
0.500608
0.531929
0.485723
0.48489
0.533131
0.645361
0.724102
0.695882
0.622264
0.664452
0.671926
0.714326
0.806965
0.721434
0.545809
0.466639
0.548193
0.459336
0.542111
0.469084
0.551864
0.772544
0.828966
0.744025
0.549046
0.472407
0.557014
0.461912
0.471568
0.550537
0.555306
0.360139
0.296262
0.296837
0.259184
0.259255
0.259312
0.25912
0.326919
0.274502
0.271994
0.249775
0.250361
0.249922
0.250221
0.545237
0.618795
0.513573
0.55057
0.571638
0.61693
0.662355
0.668133
0.623272
0.686126
0.676227
0.749316
0.833313
0.737985
0.746689
0.725987
0.873518
0.683163
0.842985
0.6551
0.782175
0.719512
0.831421
0.727475
0.65838
0.533144
0.628557
0.587784
0.570572
0.604965
0.690517
0.261731
0.270914
0.269675
0.265753
0.25507
0.258148
0.266573
0.281019
0.287613
0.278548
0.273795
0.283366
0.27584
0.282302
0.266843
0.271642
0.25153
0.29128
0.263063
0.278194
0.280716
0.318548
0.271991
0.325003
0.29372
0.256922
0.245658
0.244585
0.253931
0.249973
0.255092
0.268575
0.337734
0.344023
0.316023
0.650863
0.459605
0.488871
0.561228
0.747809
0.726077
0.526182
0.629577
0.630216
0.548817
0.532072
0.61974
0.64901
0.528188
0.609768
0.65999
0.479382
0.525071
0.63204
0.584238
0.501208
0.534334
0.556997
0.527797
0.504482
0.478034
0.502107
0.477626
0.501115
0.549447
0.493669
0.572152
0.663194
0.653256
0.600788
0.650771
0.636259
0.532536
0.518784
0.615256
0.510954
0.593959
0.581045
0.601821
0.613994
0.393271
0.335794
0.350864
0.544957
0.402016
0.471623
0.351505
0.863491
1.4467
0.865317
0.784423
0.919036
0.748856
1.21815
0.358691
1.30938
0.58766
0.488196
0.398882
0.84621
0.360762
0.365272
0.39901
0.36211
0.369651
0.407364
0.412926
0.372263
0.403287
0.362354
0.361565
0.369919
0.426005
0.419372
0.371291
0.383834
0.465427
0.569278
0.400931
0.457916
0.385759
0.398267
0.382743
0.443039
0.565483
0.396602
0.450184
0.384411
0.396224
0.497054
0.538552
0.496071
0.547628
0.489193
0.657389
0.719858
0.712297
0.649667
0.696625
0.705642
0.760366
0.8637
0.768589
0.552625
0.475221
0.473076
0.557469
0.56168
0.477785
0.549553
0.560498
0.500262
0.587863
0.489297
0.57217
0.572069
0.489529
0.780928
0.869572
0.774751
0.364956
0.420941
0.365719
0.376132
0.444355
0.441275
0.376422
0.363857
0.417661
0.364236
0.374284
0.432452
0.373239
0.437357
0.389823
0.472281
0.40394
0.604076
0.388154
0.477654
0.406368
0.392214
0.486786
0.606656
0.410918
0.482491
0.409282
0.393426
0.454963
0.768443
0.423174
0.646559
0.426289
0.450815
0.785246
0.513357
0.615523
1.36436
0.902368
0.891212
0.611601
0.517169
0.50829
0.870647
0.600113
1.36122
0.502813
0.885564
0.606245
0.458935
0.648727
0.43152
0.80293
0.429516
0.790819
0.461743
0.760022
0.890422
0.683794
1.17628
0.766978
1.16123
0.668948
0.797155
0.866513
0.861295
0.722745
0.778176
0.882346
0.781002
0.841801
1.0325
1.27975
1.20205
0.949556
1.28674
0.870836
0.847071
0.884804
0.970897
1.14682
0.864869
0.949892
1.1571
0.69594
0.622022
0.620477
0.603029
0.681659
0.629066
0.670718
0.75926
1.30326
1.10075
0.671912
1.29009
0.663605
0.796615
0.441335
0.612664
0.762579
0.419595
0.416039
0.446198
0.736996
0.482411
0.562565
0.803144
1.32812
0.475784
0.831231
0.573983
0.436682
0.608715
0.411688
0.701879
0.433504
0.412866
0.729345
0.48965
0.865335
0.592851
1.33212
0.496641
0.839263
0.583932
0.590912
0.642429
1.18108
0.917975
0.612069
1.18849
0.629009
0.532245
0.472479
0.474779
0.537787
0.544452
0.484068
0.522761
0.569565
0.539211
0.796857
1.31643
1.31586
0.561813
0.553935
0.551308
0.57849
0.495541
0.541678
0.558548
0.577823
0.510677
0.583114
1.3077
0.812935
0.634137
1.31419
0.624866
0.576251
0.577375
0.921152
0.589648
1.19362
0.60032
1.19068
0.56345
0.361176
0.400347
0.353823
0.366846
0.453096
0.430593
0.376303
0.381677
0.342119
0.343515
0.356436
0.413883
0.412359
0.355653
0.372516
0.44971
0.555471
0.389327
0.447279
0.372601
0.388006
0.382942
0.493243
0.573083
0.413228
0.465933
0.398051
0.39543
0.504775
0.537084
0.487753
0.535458
0.489029
0.61823
0.672502
0.669876
0.616284
0.6654
0.667366
0.714966
0.80165
0.716551
0.556042
0.476701
0.466958
0.563225
0.562801
0.476543
0.556373
0.5548
0.474547
0.559571
0.466074
0.553002
0.561467
0.475674
0.719594
0.803229
0.718407
0.343535
0.387361
0.343278
0.358194
0.424936
0.423695
0.358094
0.341974
0.385351
0.342363
0.357004
0.416813
0.356028
0.42063
0.375039
0.453579
0.391359
0.565538
0.373635
0.457767
0.393459
0.376363
0.461546
0.56847
0.3954
0.460615
0.395119
0.376399
0.440683
0.763975
0.409854
0.619997
0.412425
0.43788
0.764708
0.495113
0.584671
1.27758
0.868954
0.862132
0.583659
0.49576
0.493317
0.858965
0.578855
1.27579
0.490181
0.860261
0.582061
0.442531
0.622411
0.414746
0.773245
0.414259
0.766646
0.443094
0.555341
0.85517
0.587282
1.09273
0.585796
1.09108
0.55799
0.509658
0.448431
0.525375
0.453152
0.52871
0.506558
0.450547
0.541967
0.519643
1.26209
0.759962
1.21453
0.537606
0.524212
0.552245
0.876035
0.577727
1.15033
0.581067
1.1062
0.547958
0.51278
0.533712
0.455777
0.454397
0.531979
0.514572
0.45319
0.544738
1.20143
0.763988
0.52972
1.20022
0.547571
0.526405
0.432468
0.60986
0.765543
0.407183
0.404987
0.435131
0.766058
0.489971
0.599046
0.91115
1.27251
0.862855
0.512119
0.574169
0.441331
0.626021
0.431801
0.822881
0.414485
0.777732
0.460769
0.481985
0.856733
0.573344
1.26267
0.486177
0.851794
0.567184
0.563084
0.591259
1.09654
0.849731
0.592782
1.09702
0.560584
0.520139
0.459399
0.461217
0.539892
0.539412
0.459004
0.520688
0.553749
0.536662
0.782001
1.21283
1.20507
0.535489
0.554637
0.518931
0.536339
0.460327
0.456857
0.538155
0.517134
0.458089
0.552537
1.20454
0.780173
0.531544
1.20422
0.549893
0.534571
0.56447
0.850496
0.595036
1.10442
0.595214
1.09792
0.565216
0.346304
0.389705
0.346188
0.355106
0.412151
0.412708
0.355121
0.389592
0.34617
0.345995
0.354993
0.413633
0.412864
0.355273
0.379289
0.474577
0.590151
0.404103
0.472972
0.379903
0.403183
0.37906
0.470629
0.588055
0.40204
0.472018
0.402632
0.378769
0.522618
0.558102
0.506111
0.557693
0.506432
0.642481
0.69614
0.695274
0.641463
0.693913
0.694134
0.753222
0.838777
0.75358
0.578066
0.493327
0.48381
0.585827
0.585807
0.493323
0.578079
0.577642
0.492761
0.584922
0.483562
0.577194
0.585391
0.49304
0.756051
0.840052
0.754911
0.34695
0.391204
0.346904
0.356134
0.416217
0.415637
0.356187
0.346532
0.390565
0.346495
0.355676
0.41438
0.355654
0.414701
0.380719
0.476108
0.404933
0.591132
0.380516
0.477073
0.405268
0.381395
0.479671
0.593232
0.405896
0.478628
0.406025
0.381468
0.458399
0.782615
0.428337
0.652413
0.428857
0.457661
0.783322
0.514671
0.60861
1.3353
0.890524
0.888353
0.607208
0.515418
0.512932
0.884083
0.603694
1.33184
0.511822
0.885179
0.605016
0.459603
0.654393
0.429712
0.787692
0.429773
0.78621
0.459809
0.588467
0.881738
0.619071
1.14038
0.62063
1.13857
0.587518
0.539699
0.474024
0.557223
0.476952
0.559578
0.537458
0.475413
0.576345
0.554097
1.25444
0.82403
1.25572
0.573205
0.557574
0.587557
0.881144
0.616729
1.13645
0.619297
1.13795
0.584507
0.54044
0.559418
0.477486
0.475631
0.560284
0.539758
0.475979
0.577171
1.25789
0.82529
0.557754
1.25623
0.576366
0.55826
0.455021
0.649921
0.779476
0.427309
0.426122
0.456464
0.777376
0.50716
0.596995
0.873362
1.32251
0.875642
0.505735
0.598522
0.454003
0.647979
0.424448
0.773104
0.425314
0.774993
0.452909
0.50848
0.88074
0.602081
1.32505
0.510337
0.878146
0.599962
0.589381
0.620913
1.14225
0.885637
0.62108
1.14235
0.588866
0.541596
0.47715
0.478515
0.561419
0.561395
0.477099
0.54163
0.578558
0.559823
0.828167
1.26045
1.26025
0.559737
0.578549
0.541306
0.560592
0.478301
0.476615
0.561046
0.540858
0.476906
0.57818
1.25967
0.827563
0.558774
1.25944
0.577601
0.559508
0.589831
0.886627
0.621586
1.14384
0.621904
1.14328
0.589774
0.346797
0.39246
0.346705
0.353386
0.408158
0.407858
0.353467
0.392028
0.346579
0.346457
0.353175
0.407256
0.407371
0.353391
0.368459
0.453721
0.570898
0.385126
0.453335
0.36908
0.383673
0.368485
0.453682
0.575398
0.383264
0.453482
0.383425
0.368515
0.524953
0.560826
0.508603
0.560724
0.508685
0.64433
0.697248
0.697243
0.644302
0.698096
0.697219
0.760997
0.838028
0.764455
0.58052
0.495019
0.485709
0.58802
0.588374
0.495206
0.580203
0.580579
0.495178
0.588323
0.485743
0.580474
0.58843
0.495247
0.757632
0.84159
0.75955
0.346987
0.391291
0.346708
0.35546
0.416339
0.415472
0.356068
0.346399
0.390942
0.346361
0.354082
0.406884
0.353407
0.410329
0.374247
0.455017
0.387553
0.559189
0.369968
0.468629
0.393403
0.379473
0.479972
0.581646
0.40474
0.480023
0.401507
0.38106
0.440187
0.759966
0.407359
0.620508
0.413729
0.433618
0.746808
0.507028
0.607938
1.34558
0.88976
0.887343
0.600736
0.514056
0.489297
0.857855
0.572109
1.31027
0.481626
0.848096
0.579606
0.45293
0.644616
0.42823
0.786282
0.423954
0.782776
0.458285
0.592869
0.893911
0.625445
1.15923
0.625304
1.15811
0.59295
0.544403
0.479545
0.564407
0.48093
0.564416
0.544389
0.479551
0.581411
0.562221
1.28372
0.831759
1.30982
0.581365
0.562265
0.592876
0.914804
0.625345
1.15906
0.625402
1.18308
0.59283
0.544432
0.564422
0.480964
0.479599
0.564412
0.544442
0.479609
0.581424
1.28387
0.831821
0.562382
1.2827
0.581496
0.562339
0.426809
0.618619
0.747267
0.403785
0.401701
0.42928
0.737518
0.475032
0.56656
0.837051
1.33097
0.849736
0.473286
0.570292
0.426798
0.624474
0.400972
0.735291
0.401412
0.745823
0.425962
0.47408
0.845887
0.568477
1.30893
0.476647
0.838576
0.566922
0.592489
0.624472
1.15799
0.887205
0.624827
1.14718
0.592206
0.54394
0.478895
0.480468
0.563473
0.563826
0.479132
0.543585
0.581078
0.561633
0.832464
1.26098
1.26315
0.562191
0.580638
0.543945
0.56375
0.480488
0.479092
0.563859
0.543831
0.479138
0.581101
1.28236
0.832273
0.561847
1.26803
0.580821
0.562121
0.592412
0.888539
0.624347
1.14445
0.624539
1.14541
0.592011
0.345436
0.387508
0.344947
0.35364
0.410902
0.409464
0.354282
0.386464
0.34416
0.344225
0.352811
0.407051
0.408009
0.352621
0.375394
0.462126
0.580065
0.396763
0.46384
0.374883
0.397626
0.376639
0.468536
0.583287
0.400705
0.466113
0.399254
0.377698
0.512023
0.545641
0.496217
0.545899
0.496065
0.623434
0.674476
0.673306
0.624676
0.676746
0.674848
0.734841
0.818832
0.73306
0.562514
0.479926
0.47183
0.566942
0.569475
0.481472
0.560069
0.564115
0.48289
0.571689
0.473143
0.564485
0.571221
0.482699
0.728911
0.818875
0.732857
0.343821
0.384355
0.343256
0.352476
0.41786
0.406201
0.355822
0.343585
0.384541
0.343355
0.351933
0.405945
0.352089
0.404755
0.373737
0.46052
0.395798
0.577781
0.374167
0.458898
0.394992
0.373811
0.462088
0.578553
0.395103
0.460108
0.394633
0.375525
0.44341
0.757844
0.416879
0.634758
0.415833
0.444385
0.759056
0.497075
0.586602
1.30233
0.8749
0.869958
0.588345
0.496668
0.495399
0.856708
0.586971
1.30313
0.49602
0.861278
0.586634
0.444016
0.636019
0.414989
0.779854
0.415338
0.772218
0.443672
0.578406
0.870754
0.608358
1.12436
0.609321
1.12645
0.576763
0.532755
0.469908
0.552654
0.471346
0.552342
0.533115
0.469629
0.568352
0.550495
1.25131
0.809246
1.24629
0.56892
0.549725
0.579421
0.872555
0.610845
1.13325
0.611037
1.12841
0.579881
0.531946
0.550244
0.470719
0.468179
0.551479
0.530719
0.468992
0.567464
1.24223
0.80789
0.547004
1.2443
0.565704
0.549071
0.44698
0.638202
0.759176
0.418017
0.4192
0.44555
0.761855
0.501336
0.595013
0.869567
1.31028
0.864521
0.503826
0.592228
0.449173
0.641216
0.422909
0.769496
0.421133
0.765142
0.451236
0.498774
0.858062
0.587688
1.30665
0.497065
0.86108
0.58948
0.573556
0.60496
1.12312
0.865843
0.604951
1.12061
0.574374
0.526242
0.462675
0.466185
0.543348
0.545716
0.464177
0.523972
0.560936
0.539069
0.795492
1.22199
1.23761
0.542664
0.557691
0.527913
0.54794
0.467552
0.466053
0.547415
0.528519
0.465606
0.562578
1.24102
0.797882
0.545283
1.24148
0.563542
0.543978
0.571724
0.8665
0.599834
1.11379
0.602161
1.12209
0.568597
0.366542
0.430274
0.368271
0.385475
0.46614
0.467805
0.383212
0.426348
0.365762
0.367136
0.38409
0.456605
0.463148
0.381835
0.4073
0.504584
0.634763
0.426903
0.512011
0.404169
0.430356
0.408763
0.511726
0.638945
0.425807
0.516496
0.431374
0.405076
0.499607
0.531766
0.479755
0.526648
0.484346
0.66348
0.72296
0.721764
0.664268
0.729063
0.723199
0.788991
0.875733
0.783152
0.551014
0.473609
0.465245
0.556922
0.557493
0.474014
0.550056
0.549256
0.467575
0.551334
0.461544
0.544444
0.555695
0.471156
0.782754
0.873902
0.781426
0.363681
0.413634
0.361869
0.37498
0.44329
0.442379
0.375911
0.363239
0.413561
0.361311
0.37558
0.449842
0.378498
0.444274
0.395758
0.496645
0.42156
0.616853
0.399807
0.489913
0.416294
0.393832
0.486993
0.612311
0.411876
0.486928
0.412977
0.393792
0.473898
0.83811
0.445842
0.663608
0.439559
0.481717
0.819321
0.526229
0.619548
1.37292
0.904257
0.913154
0.626403
0.52064
0.534654
0.938672
0.648055
1.37771
0.544569
0.918947
0.636481
0.46766
0.658056
0.432891
0.805139
0.435008
0.813551
0.464007
0.545897
0.949762
0.578017
1.20412
0.573925
1.20529
0.548854
0.503991
0.445788
0.522674
0.448202
0.522579
0.504101
0.445689
0.535451
0.518293
1.28109
0.747321
1.31781
0.535602
0.518104
0.545634
0.947078
0.573656
1.16913
0.57473
1.2008
0.545623
0.504655
0.525029
0.448654
0.447756
0.523125
0.506469
0.446345
0.535777
1.32473
0.747846
0.521214
1.32334
0.538462
0.518522
0.492962
0.687762
0.846762
0.451788
0.455413
0.488778
0.862782
0.553838
0.630284
0.930871
1.40098
0.963283
0.537077
0.653842
0.4915
0.692041
0.447363
0.840906
0.455364
0.865506
0.480165
0.558001
0.947072
0.657992
1.40766
0.553302
0.963017
0.662247
0.555312
0.580334
1.20069
0.927433
0.586187
1.19107
0.551292
0.515711
0.463961
0.460754
0.534878
0.534185
0.460717
0.51763
0.545779
0.535234
0.761356
1.31418
1.31173
0.528323
0.550699
0.513051
0.528687
0.456218
0.451521
0.532171
0.509906
0.455092
0.544304
1.32185
0.760169
0.522981
1.31275
0.540615
0.526699
0.556732
0.927729
0.58901
1.19172
0.586569
1.19017
0.560497
0.373994
0.40477
0.397599
0.368304
0.404687
0.347597
0.386382
0.383293
0.357823
0.346566
0.400983
0.334596
0.331845
0.373077
0.370404
0.307128
0.332205
0.330695
0.365863
0.300647
0.314967
0.317843
0.324764
0.326407
0.360426
0.434081
0.444283
0.401771
0.386244
0.37305
0.407489
0.360182
0.397022
0.378443
0.359557
0.338254
0.400116
0.344007
0.380899
0.393687
0.313345
0.294538
0.307441
0.307378
0.307513
0.298043
0.316023
0.296438
0.291922
0.302999
0.29941
0.289065
0.29141
0.292725
0.300487
0.281174
0.285867
0.302967
0.290363
0.29077
0.314071
0.345658
0.380282
0.427345
0.372519
0.363846
0.313365
0.311295
0.297129
0.33054
0.300705
0.319704
0.326654
0.352984
0.403099
0.378062
0.53944
0.431937
0.4137
0.466896
0.739636
0.491702
0.731091
0.492389
0.709042
0.393805
0.500779
0.406766
0.418108
0.879288
0.509225
0.711867
0.45023
0.503384
0.544285
0.432076
0.794899
0.37402
0.404803
0.397628
0.368329
0.404728
0.347633
0.38642
0.383337
0.35788
0.346608
0.401029
0.334621
0.331874
0.373113
0.370446
0.307147
0.332234
0.330727
0.365923
0.300664
0.314953
0.317846
0.3248
0.326444
0.360476
0.433755
0.443903
0.401796
0.386271
0.373091
0.40731
0.360205
0.397101
0.378501
0.359649
0.338293
0.400244
0.344062
0.380977
0.393739
0.427034
0.376776
0.453231
0.447731
0.367725
0.422207
0.377083
0.530973
0.400679
0.484333
0.478254
0.46048
0.523044
0.399824
0.463703
0.461912
0.484583
0.418178
0.503927
0.406503
0.458096
0.692535
0.502825
0.463614
0.773296
0.484881
0.54874
0.529327
0.512275
0.433839
0.373401
0.396691
0.416979
0.411792
0.385989
0.434892
0.341375
0.280153
0.281529
0.25327
0.253224
0.253073
0.253399
0.35655
0.294172
0.293197
0.257808
0.258012
0.257932
0.25789
0.499321
0.5313
0.47944
0.526212
0.484007
0.66361
0.723098
0.721903
0.664399
0.729221
0.723342
0.789159
0.875886
0.783305
0.550454
0.47322
0.556279
0.464794
0.549499
0.473606
0.55686
0.782906
0.874043
0.781575
0.548696
0.46719
0.550733
0.461083
0.543917
0.470745
0.555062
0.366617
0.430364
0.36834
0.385556
0.466277
0.467919
0.383301
0.426422
0.365817
0.367194
0.384158
0.456688
0.463241
0.3819
0.407381
0.504681
0.634917
0.426986
0.512124
0.404244
0.430448
0.40886
0.511894
0.63913
0.425936
0.516636
0.405184
0.431488
0.363734
0.413703
0.361922
0.37504
0.443394
0.37597
0.442467
0.413623
0.363291
0.361362
0.375641
0.449922
0.444353
0.37856
0.395827
0.496736
0.616938
0.421637
0.490001
0.399876
0.416372
0.393899
0.487108
0.612386
0.411964
0.393856
0.487024
0.413057
0.47399
0.663696
0.838235
0.445927
0.439649
0.819442
0.481802
0.526326
0.619604
0.904448
1.37296
0.520813
0.913271
0.626373
0.467777
0.658137
0.433019
0.805325
0.464174
0.43511
0.813672
0.534716
0.938801
1.37777
0.648016
0.919066
0.544627
0.636426
0.545335
0.950014
0.577297
1.20433
0.573357
0.548142
1.20559
0.503589
0.445489
0.52235
0.447904
0.522202
0.503759
0.445346
0.534957
0.517896
1.2815
0.746281
0.535211
1.31817
0.517591
0.545141
0.947367
0.57325
1.16951
0.57423
0.545228
1.20114
0.504172
0.524484
0.448294
0.447284
0.522671
0.445937
0.505893
0.535215
1.32493
0.520494
0.74669
0.537752
1.32366
0.517948
0.554537
0.927587
0.579557
1.20087
0.585349
1.19119
0.550531
0.515083
0.463479
0.534275
0.460265
0.517034
0.460195
0.533564
0.545069
0.534635
1.31418
0.759937
0.550079
1.3118
0.527629
0.555994
0.927878
0.588194
1.19177
0.55984
0.585773
1.19029
0.512386
0.528068
0.45571
0.450988
0.454533
0.531526
0.509261
0.543554
1.32202
0.758714
0.522231
1.31284
0.539862
0.52597
0.493086
0.687939
0.846909
0.45188
0.455522
0.488875
0.863009
0.554036
0.630518
0.931241
1.4014
0.5373
0.963599
0.654046
0.491666
0.692252
0.44752
0.84124
0.480353
0.455502
0.865785
0.558134
0.947227
0.658008
1.40801
0.553385
0.963278
0.662356
0.364623
0.302888
0.303261
0.262173
0.262444
0.262136
0.262481
0.366556
0.306247
0.305915
0.263444
0.263891
0.263478
0.263853
0.511985
0.545586
0.496176
0.545839
0.496025
0.623533
0.674575
0.673424
0.624793
0.676887
0.674983
0.734992
0.818992
0.733205
0.562442
0.479863
0.566839
0.471772
0.559976
0.48142
0.569395
0.729015
0.819017
0.732985
0.564049
0.482842
0.57161
0.47309
0.564414
0.482652
0.571147
0.345444
0.387544
0.344968
0.353662
0.41091
0.409502
0.354287
0.386508
0.344189
0.344252
0.352839
0.407099
0.408057
0.352652
0.375426
0.46219
0.580153
0.3968
0.463904
0.374917
0.397659
0.376662
0.468543
0.58335
0.400704
0.466161
0.377701
0.399276
0.343834
0.384381
0.343272
0.352493
0.417888
0.355836
0.406231
0.384576
0.34361
0.343379
0.351958
0.405987
0.404795
0.352115
0.373765
0.460577
0.57786
0.39583
0.458952
0.374196
0.395022
0.373831
0.462121
0.578621
0.395119
0.375541
0.460152
0.394655
0.443442
0.634853
0.757958
0.416913
0.415865
0.759165
0.444421
0.497097
0.586598
0.874972
1.30251
0.496677
0.870073
0.588361
0.444039
0.636102
0.415006
0.779921
0.443686
0.415361
0.77232
0.495431
0.856839
1.30334
0.587004
0.861404
0.496056
0.586663
0.578349
0.870942
0.608279
1.12459
0.609261
0.576696
1.12666
0.532709
0.46988
0.552625
0.471314
0.552294
0.533084
0.469595
0.568299
0.550464
1.25129
0.809146
0.568887
1.24646
0.549678
0.579366
0.872693
0.610807
1.13324
0.610971
0.579847
1.12857
0.531897
0.550187
0.47068
0.468134
0.551431
0.468949
0.530665
0.567409
1.24248
0.546946
0.807783
0.565641
1.24453
0.549019
0.57347
0.86601
0.604865
1.12334
0.604853
1.12082
0.574286
0.526162
0.462595
0.543251
0.466119
0.523875
0.464104
0.545638
0.560846
0.538965
1.22215
0.795317
0.557582
1.23782
0.54258
0.57163
0.866649
0.599705
1.11394
0.568484
0.602061
1.12228
0.52784
0.547866
0.467493
0.465991
0.465541
0.547343
0.528445
0.562495
1.24126
0.797725
0.545204
1.24171
0.563458
0.543902
0.447015
0.638305
0.759301
0.418056
0.419235
0.445591
0.761965
0.501349
0.594962
0.869528
1.31042
0.503801
0.86461
0.592236
0.449192
0.641291
0.422903
0.769468
0.451223
0.421155
0.765222
0.498808
0.858204
0.587732
1.30684
0.497106
0.861203
0.589507
0.371487
0.310882
0.311121
0.265206
0.265864
0.265189
0.265869
0.372023
0.312024
0.311973
0.265602
0.266287
0.265604
0.266287
0.524957
0.560829
0.508607
0.560727
0.508689
0.64459
0.697543
0.697537
0.644559
0.698383
0.69751
0.761325
0.838369
0.76477
0.580519
0.495016
0.588015
0.485707
0.580198
0.495205
0.588371
0.757947
0.841934
0.759864
0.58058
0.495181
0.588325
0.485744
0.580476
0.495249
0.58843
0.346863
0.392554
0.346772
0.353456
0.408257
0.407961
0.353535
0.392124
0.346649
0.346525
0.353247
0.407364
0.407475
0.353464
0.368539
0.453857
0.571092
0.385218
0.453466
0.369163
0.383762
0.368563
0.453805
0.575594
0.383346
0.453611
0.36859
0.383511
0.347058
0.391391
0.34678
0.355536
0.416452
0.356144
0.415586
0.391041
0.346468
0.346432
0.354157
0.406989
0.410437
0.35348
0.374332
0.455149
0.559377
0.387644
0.468766
0.37005
0.393497
0.379562
0.480118
0.581842
0.404838
0.381148
0.480172
0.401609
0.440305
0.620732
0.760246
0.407461
0.413834
0.747114
0.433733
0.50718
0.608113
0.890075
1.34606
0.5142
0.88766
0.600921
0.453058
0.644842
0.42834
0.78656
0.458407
0.424067
0.783052
0.489439
0.858173
1.31075
0.572282
0.848448
0.481764
0.579782
0.592875
0.894277
0.62544
1.15969
0.625312
0.592949
1.15858
0.544411
0.479552
0.564419
0.480936
0.564425
0.544399
0.479558
0.581419
0.562232
1.28421
0.831769
0.581378
1.31029
0.562274
0.592884
0.915166
0.625362
1.15951
0.625409
0.592843
1.18352
0.544436
0.564421
0.480966
0.479599
0.564416
0.479609
0.544441
0.581429
1.28438
0.562383
0.831827
0.581496
1.2832
0.562342
0.592487
0.887564
0.624476
1.15845
0.624822
1.14762
0.592208
0.543936
0.478892
0.563468
0.480464
0.543581
0.479128
0.563823
0.581075
0.561633
1.26146
0.832455
0.580635
1.26363
0.562195
0.592409
0.888899
0.624337
1.14489
0.592007
0.624537
1.14586
0.543944
0.563751
0.480487
0.479092
0.479137
0.563859
0.543832
0.581099
1.28286
0.832264
0.561848
1.26851
0.580822
0.56212
0.426918
0.618838
0.747562
0.403887
0.401798
0.429395
0.737789
0.475158
0.566718
0.837343
1.33142
0.473406
0.850033
0.570453
0.426904
0.624693
0.401062
0.735543
0.426062
0.401506
0.746085
0.474209
0.846222
0.56865
1.3094
0.476784
0.838887
0.567086
0.371999
0.312011
0.31196
0.265599
0.26628
0.265601
0.266279
0.371509
0.310884
0.311123
0.265203
0.265864
0.265186
0.265869
0.522632
0.55812
0.50612
0.557708
0.506445
0.642649
0.696202
0.695459
0.641656
0.694129
0.69435
0.753454
0.839026
0.75381
0.578084
0.493332
0.585838
0.48382
0.578089
0.493333
0.585828
0.756112
0.84026
0.755106
0.577664
0.492771
0.584942
0.483576
0.577212
0.493053
0.585414
0.346331
0.389729
0.34621
0.355129
0.412191
0.412735
0.355149
0.389598
0.346189
0.346003
0.355003
0.413668
0.412872
0.355296
0.379301
0.474624
0.590165
0.40414
0.472981
0.379933
0.403199
0.379086
0.470676
0.588091
0.402078
0.472047
0.378802
0.40266
0.346979
0.39127
0.346949
0.356182
0.416253
0.356215
0.415712
0.390646
0.346591
0.346553
0.355738
0.41447
0.414793
0.355716
0.380792
0.476221
0.59129
0.405016
0.477188
0.380589
0.405351
0.381452
0.479709
0.593367
0.405927
0.381498
0.478721
0.40609
0.458505
0.652592
0.782844
0.42843
0.428949
0.78355
0.457768
0.514774
0.608657
0.890582
1.33559
0.515458
0.888571
0.607341
0.459686
0.654544
0.429744
0.787752
0.459844
0.429846
0.786403
0.513061
0.884342
1.33219
0.603863
0.885437
0.511953
0.605183
0.588497
0.881735
0.619103
1.14056
0.620669
0.587547
1.13857
0.53971
0.474032
0.557241
0.476963
0.559588
0.537473
0.475425
0.576357
0.554103
1.25457
0.824053
0.573218
1.25576
0.557584
0.58757
0.881182
0.616757
1.13657
0.619311
0.584523
1.13799
0.540464
0.559443
0.477503
0.475649
0.560311
0.475997
0.539782
0.577197
1.25809
0.55778
0.825337
0.576394
1.25623
0.558281
0.589405
0.885898
0.620942
1.14258
0.621106
1.14267
0.588888
0.541612
0.477156
0.561429
0.478525
0.54164
0.477109
0.561413
0.578578
0.559832
1.26051
0.828208
0.57856
1.26054
0.559762
0.589852
0.886845
0.621598
1.1439
0.589785
0.621931
1.14355
0.541325
0.560611
0.478314
0.476629
0.47692
0.561067
0.540875
0.578203
1.26002
0.827607
0.558791
1.25978
0.577622
0.559529
0.455046
0.649931
0.779613
0.427355
0.426141
0.456522
0.777398
0.507206
0.597073
0.873471
1.32257
0.505797
0.875696
0.598593
0.454039
0.648015
0.42449
0.773201
0.452958
0.425345
0.775043
0.508516
0.880901
0.602188
1.32508
0.510414
0.878172
0.600018
0.366554
0.306232
0.305902
0.263436
0.263882
0.26347
0.263844
0.364621
0.30287
0.303245
0.262164
0.262434
0.262127
0.262471
0.504853
0.5372
0.487838
0.535575
0.48911
0.618141
0.672411
0.669772
0.616166
0.66524
0.667233
0.714802
0.801507
0.716414
0.556159
0.476775
0.563343
0.467048
0.556478
0.476625
0.562934
0.719502
0.803119
0.718299
0.554937
0.474649
0.559729
0.466182
0.553143
0.475772
0.561619
0.361097
0.400251
0.353754
0.36677
0.452949
0.430479
0.37621
0.381616
0.342084
0.343469
0.356386
0.413823
0.412286
0.355616
0.372464
0.449645
0.555352
0.389288
0.447199
0.372562
0.387953
0.382857
0.493071
0.572913
0.413102
0.465804
0.39532
0.397959
0.343522
0.387337
0.343264
0.358178
0.424906
0.35808
0.423662
0.385316
0.341946
0.34234
0.356979
0.416761
0.420587
0.355997
0.375014
0.453522
0.56547
0.391327
0.457721
0.373603
0.393434
0.376345
0.461513
0.568414
0.395383
0.376384
0.460578
0.3951
0.440663
0.619918
0.763861
0.409823
0.412401
0.764627
0.437853
0.495104
0.584679
0.868888
1.27747
0.495752
0.862059
0.583669
0.442515
0.622347
0.41473
0.773185
0.44308
0.414241
0.766577
0.493306
0.858843
1.27566
0.578859
0.860175
0.490164
0.582071
0.555582
0.854928
0.587519
1.09251
0.586058
0.558215
1.0908
0.509891
0.448668
0.525635
0.45334
0.528936
0.506832
0.450759
0.542233
0.519977
1.26169
0.760476
0.537931
1.21419
0.524475
0.552516
0.875748
0.578072
1.14995
0.581352
0.548286
1.10587
0.512986
0.533901
0.455941
0.45457
0.532178
0.453374
0.514765
0.544974
1.2012
0.529935
0.764429
0.547791
1.19993
0.52664
0.563261
0.849587
0.591468
1.09634
0.592969
1.09686
0.560778
0.520273
0.459502
0.540006
0.461318
0.520805
0.459118
0.539543
0.553906
0.536791
1.2127
0.782298
0.554769
1.20493
0.535647
0.564631
0.85038
0.59518
1.1043
0.565352
0.59539
1.09779
0.519082
0.536496
0.460448
0.456999
0.458223
0.538303
0.517296
0.552709
1.20433
0.780487
0.531731
1.20406
0.550082
0.534738
0.432419
0.60972
0.765427
0.407146
0.404935
0.435098
0.765898
0.489869
0.598864
0.910798
1.27221
0.511932
0.862626
0.574092
0.441226
0.62583
0.431653
0.82256
0.460601
0.414384
0.777518
0.481949
0.85661
0.57335
1.26242
0.486155
0.85162
0.567178
0.356522
0.294144
0.29317
0.257801
0.258005
0.257925
0.257882
0.341345
0.280124
0.281501
0.25326
0.253215
0.253063
0.253389
0.497292
0.538943
0.496249
0.548107
0.489368
0.657258
0.719718
0.712156
0.649523
0.696395
0.705497
0.759802
0.863512
0.768323
0.553177
0.475553
0.558113
0.473437
0.550093
0.478107
0.562382
0.780764
0.869439
0.774559
0.561109
0.500505
0.589174
0.489481
0.573029
0.489743
0.572896
0.365274
0.398127
0.361968
0.369836
0.41308
0.373119
0.414779
0.40223
0.362235
0.36141
0.36984
0.42442
0.418645
0.371151
0.38435
0.463967
0.589067
0.400619
0.463684
0.385579
0.399568
0.384599
0.469161
0.595208
0.430296
0.389261
0.463688
0.402831
0.364905
0.420802
0.365673
0.376086
0.444206
0.376369
0.441005
0.417388
0.363786
0.364182
0.37423
0.431398
0.436812
0.37316
0.389751
0.47089
0.604249
0.403601
0.476971
0.388021
0.406164
0.392158
0.486609
0.60667
0.41082
0.393371
0.482152
0.409143
0.454298
0.646796
0.770162
0.422596
0.425884
0.785165
0.449856
0.512799
0.61529
0.902157
1.36428
0.516857
0.890888
0.611045
0.458521
0.648766
0.431348
0.802741
0.461491
0.429249
0.790595
0.507339
0.871383
1.36115
0.598162
0.885274
0.50137
0.605128
0.758203
0.88649
0.686575
1.17469
0.743559
0.67071
1.16147
0.801521
0.861991
0.866123
0.721283
0.886111
0.783585
0.778648
0.845114
1.03165
1.1564
1.20524
0.948575
1.301
0.873494
0.850146
0.884946
0.971524
0.969246
0.944791
0.881044
1.17418
0.699568
0.624306
0.61984
0.601737
0.686501
0.669161
0.630697
0.760369
1.30233
0.673323
1.12133
0.665259
1.29053
0.800635
0.5916
0.917673
0.644451
1.18067
0.613047
1.18845
0.630715
0.532786
0.472836
0.538363
0.475115
0.523298
0.48433
0.545068
0.570218
0.539771
1.31644
0.799002
0.554504
1.31601
0.562386
0.578083
0.921004
0.590417
1.19356
0.564056
0.601258
1.19071
0.551832
0.579707
0.495625
0.541296
0.510573
0.559244
0.578748
0.583731
1.30763
0.815515
0.635535
1.31432
0.626514
0.576773
0.444728
0.642612
0.767226
0.419353
0.419454
0.44557
0.764345
0.502202
0.597564
0.774104
1.34838
0.514314
0.857864
0.589395
0.456234
0.66398
0.44691
0.685068
0.468119
0.431287
0.756303
0.492167
0.867922
0.590404
1.34319
0.495324
0.860204
0.584145
0.313298
0.294494
0.307411
0.307334
0.307431
0.297988
0.315951
0.296421
0.291891
0.302979
0.299379
0.28904
0.291387
0.292688
0.300432
0.281143
0.302901
0.285826
0.29032
0.290714
0.313991
0.345575
0.427299
0.380268
0.372451
0.363758
0.352783
0.403026
0.377904
0.313295
0.311215
0.297066
0.33045
0.30064
0.319618
0.326556
0.539527
0.43162
0.413394
0.466472
0.741515
0.491411
0.7334
0.492284
0.71211
0.393738
0.499216
0.40654
0.417886
0.892263
0.508732
0.714562
0.450371
0.502348
0.544387
0.431941
0.800105
0.426989
0.376722
0.45318
0.447679
0.367649
0.422163
0.377002
0.530897
0.40062
0.484273
0.478192
0.460386
0.522969
0.399738
0.463641
0.461776
0.417943
0.484197
0.503851
0.406354
0.457815
0.711731
0.464134
0.501183
0.779174
0.485538
0.433789
0.373284
0.396499
0.416801
0.411743
0.385845
0.434685
0.549734
0.528798
0.513129
0.195976
0.199356
0.196267
0.199424
0.196324
0.199652
0.197415
0.191396
0.18953
0.188341
0.22047
0.251177
0.194023
0.196436
0.204194
0.323021
0.358766
0.209733
0.224689
0.903453
0.578469
0.237695
0.340757
0.283763
0.346836
0.299329
0.254068
0.432098
0.224173
0.888163
0.572517
0.193315
0.203915
0.321639
0.356799
0.778809
0.768899
0.873437
0.848194
0.769934
0.196323
0.199651
0.197413
0.199302
0.195975
0.199356
0.196266
0.250829
0.194017
0.19635
0.19175
0.191355
0.18952
0.188312
0.200434
0.210616
0.203548
0.200458
0.199854
0.199491
0.201894
0.258492
0.306524
0.24473
0.253499
0.244226
0.243224
0.243973
0.349615
1.11249
0.329877
0.304186
0.680592
0.315324
0.469901
0.767691
0.778489
0.87039
0.836927
0.772877
0.400282
0.238854
0.34932
0.296245
0.242987
0.353304
0.230733
0.804262
0.935276
1.07235
0.959467
0.90798
0.814629
0.88298
0.534517
0.475564
0.51813
0.540156
0.49454
0.543417
0.521286
0.507625
0.446436
0.495078
0.453452
0.504136
0.448884
0.499255
0.517975
0.457902
0.510831
0.462687
0.457346
0.509743
0.518708
0.53778
0.472798
0.527376
0.481862
0.535293
0.474352
0.530457
0.539677
0.476135
0.532578
0.48368
0.476014
0.532445
0.539746
0.542418
0.478555
0.534965
0.486371
0.542405
0.478565
0.534992
0.542023
0.477887
0.534309
0.486018
0.478116
0.534822
0.541626
0.530736
0.468736
0.523825
0.475122
0.531219
0.468374
0.523105
0.524263
0.461068
0.513253
0.468935
0.462776
0.516491
0.52169
0.501909
0.44404
0.493662
0.448445
0.502062
0.443959
0.493503
0.513375
0.467015
0.513212
0.471918
0.460922
0.505937
0.516657
0.258471
0.244724
0.306504
0.244219
0.253478
0.243217
0.243967
0.21061
0.200428
0.203539
0.200455
0.199852
0.201891
0.199489
0.348328
1.08366
0.329686
0.303138
0.670005
0.313764
0.466158
0.39854
0.238557
0.347409
0.295707
0.242576
0.351658
0.230581
0.340521
0.237736
0.283989
0.34734
0.298922
0.430757
0.25404
0.501488
0.44372
0.44797
0.49329
0.501715
0.443581
0.493027
0.512744
0.466537
0.512668
0.471317
0.516076
0.460414
0.505291
0.530691
0.468705
0.475077
0.523796
0.531189
0.468337
0.523061
0.524186
0.460982
0.513156
0.468867
0.521594
0.462738
0.516417
0.542426
0.478562
0.486377
0.534975
0.542415
0.478572
0.535
0.542025
0.477883
0.53431
0.486059
0.541623
0.478163
0.534835
0.53779
0.472807
0.48188
0.527381
0.535306
0.474366
0.530467
0.539698
0.476141
0.532585
0.483741
0.539755
0.476076
0.532476
0.507862
0.446696
0.453731
0.495391
0.504418
0.449114
0.499506
0.518114
0.458013
0.510951
0.462879
0.518826
0.457513
0.509897
0.808465
0.92783
0.945383
1.0592
0.912008
0.810267
0.883519
0.535043
0.475868
0.518607
0.539798
0.521801
0.494701
0.543759
0.507411
0.482076
0.548741
0.692811
0.534544
0.569886
0.533232
0.324074
0.366942
0.387475
0.464985
0.331543
0.345748
0.404557
0.506707
0.391484
0.356395
0.515081
0.820702
0.366619
0.427123
0.71778
0.813815
0.548622
0.603354
0.62181
0.986323
0.554352
0.2341
0.219031
0.223626
0.213811
0.213533
0.21236
0.216332
0.834678
0.557044
0.528402
0.501969
0.832606
0.518238
0.729027
0.508252
0.484077
0.551155
0.688499
0.536617
0.538581
0.583287
0.323422
0.366488
0.386211
0.443508
0.330654
0.403165
0.34308
0.471952
0.354759
0.390291
0.508433
0.425177
0.749733
0.36342
0.743071
0.551576
0.862602
0.606494
0.56009
0.639426
1.10984
0.897006
0.991943
1.36769
1.31643
0.990772
1.31683
0.898583
0.878867
1.30044
0.971384
1.35555
0.975829
0.873831
1.30374
1.28685
1.253
1.81642
1.33641
1.23236
1.30352
1.8113
0.715426
0.884395
0.622267
0.666073
0.632295
0.721725
0.804972
0.9269
1.82326
0.979196
0.858918
0.895885
1.82092
0.888623
0.820515
0.910842
1.26011
1.31897
0.922875
0.807855
1.2652
0.861426
1.2943
0.966932
1.34136
0.960255
0.868602
1.28861
0.737202
0.707297
0.776186
1.82693
0.71275
1.83036
0.731921
0.551532
0.56581
0.567358
0.624364
0.587025
0.519597
0.560221
0.81313
1.82788
0.85827
0.815695
0.787253
1.83056
0.842291
0.855031
0.938983
1.2823
1.23867
0.936695
1.2347
0.857075
0.847019
1.22635
0.927954
1.27349
0.92916
0.845676
1.22618
0.713831
0.687011
1.75181
0.7528
0.689119
1.7303
0.711548
0.510354
0.455513
0.452735
0.504342
0.512543
0.451279
0.50137
0.729866
1.67465
0.769355
0.705001
0.703529
1.66938
0.731414
0.865314
0.969224
1.2809
1.30544
0.94707
1.25987
0.886457
0.835985
1.22212
0.923396
1.264
0.918056
0.840959
1.21652
0.744946
0.717608
0.784097
1.68485
0.717143
1.67788
0.745433
0.516918
0.461941
0.455082
0.506152
0.514817
0.45653
0.508906
0.736655
1.67449
0.776042
0.707859
0.709696
1.67164
0.734712
0.896252
0.980924
1.33774
1.28983
0.980172
1.28963
0.897041
0.887953
1.2832
0.97277
1.33019
0.97166
0.888958
1.28211
0.781257
0.747631
1.71385
0.819182
0.749819
1.71357
0.779001
0.538473
0.48233
0.47455
0.53064
0.537862
0.474878
0.531068
0.786776
1.71452
0.824814
0.754444
0.75493
1.71457
0.786233
0.877769
0.961903
1.27252
1.3202
0.961452
1.27211
0.878147
0.886115
1.2795
0.969373
1.32805
0.969842
0.885636
1.28001
0.790541
0.758189
0.828462
1.71348
0.758328
1.71445
0.790365
0.53942
0.483542
0.475566
0.531598
0.538915
0.475846
0.532261
0.788574
1.71616
0.826553
0.756107
0.756565
1.71543
0.788121
0.899081
0.980819
1.34089
1.29098
0.983216
1.29293
0.896461
0.850642
1.271
0.946827
1.31399
0.937306
0.858527
1.26509
0.794613
0.761288
1.77133
0.831722
0.761391
1.77235
0.794507
0.542459
0.486472
0.478564
0.535071
0.542468
0.478636
0.535071
0.794918
1.77058
0.832106
0.761764
0.761772
1.77095
0.794883
0.843591
0.934317
1.26014
1.30971
0.934349
1.26071
0.843571
0.84727
1.2618
0.935071
1.311
0.93684
0.846267
1.26201
0.794284
0.761197
0.832107
1.71397
0.761742
1.71408
0.793741
0.54201
0.485984
0.478118
0.534581
0.541889
0.47811
0.534751
0.79419
1.76945
0.831599
0.760891
0.761293
1.76198
0.793832
0.864511
0.942594
1.29575
1.2447
0.946728
1.2477
0.860492
0.862826
1.25419
0.945847
1.30264
0.946569
0.862176
1.25482
0.772327
0.742025
1.71067
0.81056
0.741746
1.70983
0.772606
0.530008
0.474556
0.466773
0.520637
0.528588
0.46778
0.522512
0.766604
1.70245
0.805047
0.735349
0.736647
1.70238
0.765261
0.8744
0.958449
1.26822
1.31571
0.958076
1.26773
0.874709
0.863358
1.25587
0.946963
1.30365
0.94693
0.863351
1.25579
0.751743
0.721201
0.790559
1.6951
0.723223
1.69586
0.749612
0.525773
0.470178
0.464751
0.518948
0.526567
0.464121
0.517736
0.761742
1.70136
0.800306
0.732636
0.732238
1.70155
0.762131
0.9024
0.992843
1.36772
1.31644
0.995287
1.31673
0.899736
0.930882
1.34278
1.03056
1.38922
1.0232
0.938185
1.33757
0.708867
0.685195
1.7742
0.747592
0.684818
1.79348
0.7093
0.502521
0.449013
0.446525
0.496824
0.504648
0.444625
0.494009
0.711938
1.83298
0.750822
0.689783
0.687899
1.83321
0.714006
0.928043
0.991574
1.30376
1.37073
1.01326
1.32367
0.908026
0.951771
1.34908
1.03755
1.40512
1.04362
0.945497
1.35346
0.726322
0.704503
0.764476
1.82379
0.701308
1.82105
0.729423
0.511014
0.465988
0.450136
0.499022
0.507579
0.455109
0.503685
0.718548
1.83068
0.757261
0.692061
0.69374
1.82765
0.716638
0.234088
0.21902
0.223615
0.213805
0.213527
0.212353
0.216326
0.824172
0.557545
0.528115
0.50155
0.813782
0.722232
0.517674
0.902509
0.992863
1.31653
1.36776
0.99524
0.899935
1.3168
0.930918
1.34291
1.38929
1.03053
1.02315
1.33765
0.938228
0.502029
0.448494
0.446011
0.496158
0.44419
0.504045
0.493476
0.708069
0.684515
1.77466
0.746737
0.684085
0.708564
1.79392
0.710649
1.83309
0.688542
0.749436
0.686714
0.71266
1.83336
0.725009
0.703303
1.82344
0.763094
0.700118
0.728109
1.82078
0.510343
0.465321
0.449574
0.498325
0.454521
0.506923
0.502996
0.71712
1.83073
0.755761
0.690775
0.692438
1.82761
0.715233
0.928422
0.991929
1.30422
1.37121
1.01363
0.908395
1.32413
0.951877
1.34924
1.03757
1.40532
1.04369
0.94558
1.35365
0.864573
0.942632
1.24483
1.29592
0.946788
0.860535
1.24786
0.862922
1.2544
1.30281
0.945958
0.946666
1.25499
0.862282
0.529959
0.4745
0.466724
0.520583
0.467733
0.528534
0.522463
0.772248
0.74196
1.71064
0.810481
0.741673
0.772535
1.70986
0.766492
1.70277
0.735233
0.804941
0.736542
0.765134
1.70267
0.751557
0.721007
1.6953
0.79038
0.723051
0.7494
1.69612
0.525702
0.4701
0.464684
0.518874
0.464054
0.526494
0.517666
0.761582
1.70167
0.800149
0.732486
0.732092
1.70182
0.761967
0.874364
0.95837
1.26817
1.3157
0.958033
0.874646
1.26773
0.863474
1.25608
0.947084
1.30385
0.947043
0.863467
1.25597
0.899397
0.981134
1.29143
1.34137
0.983558
0.896751
1.29339
0.850964
1.27146
1.31448
0.94715
0.937654
1.26557
0.858821
0.542462
0.486471
0.478563
0.535073
0.478636
0.542468
0.535074
0.794633
0.761308
1.77195
0.83174
0.761407
0.79453
1.77302
0.794916
1.77123
0.761761
0.832103
0.761768
0.794882
1.7716
0.794276
0.76119
1.71459
0.832099
0.761733
0.793735
1.71468
0.542009
0.485985
0.478117
0.534582
0.478109
0.54189
0.534752
0.794185
1.77009
0.831594
0.760889
0.761287
1.76261
0.793833
0.843888
0.934624
1.26058
1.3102
0.93468
0.843845
1.26119
0.847568
1.26228
0.935417
1.31149
0.937169
0.846582
1.26248
0.896337
0.980962
1.28986
1.33783
0.980266
0.897084
1.28972
0.888215
1.28356
1.33055
0.973052
0.97195
1.28246
0.889213
0.538497
0.482353
0.47457
0.530664
0.474897
0.537887
0.531087
0.781314
0.747652
1.71401
0.819234
0.74987
0.779026
1.71376
0.786847
1.71478
0.754502
0.824892
0.754998
0.786295
1.71477
0.79057
0.758212
1.7135
0.82849
0.758356
0.790388
1.71454
0.53944
0.48356
0.47558
0.531613
0.475861
0.538932
0.532279
0.788615
1.7166
0.826593
0.756148
0.756603
1.71586
0.788166
0.877868
0.962034
1.27266
1.32037
0.961584
0.878261
1.27228
0.886256
1.27973
0.969569
1.32824
0.970002
0.885809
1.28019
0.854991
0.938951
1.23856
1.2822
0.936666
0.857036
1.2346
0.846952
1.22617
1.27331
0.927886
0.929102
1.22599
0.8456
0.510563
0.455763
0.452922
0.504547
0.45148
0.512738
0.501593
0.714436
0.687593
1.75135
0.753442
0.689675
0.712179
1.72988
0.730289
1.67439
0.705376
0.769764
0.703909
0.731827
1.66914
0.745199
0.717843
1.68469
0.784351
0.717375
0.74569
1.67773
0.51707
0.462118
0.455238
0.506328
0.456676
0.514982
0.509064
0.737017
1.67424
0.776399
0.708192
0.710027
1.67137
0.735077
0.865032
0.9689
1.28048
1.30505
0.946806
0.886118
1.2595
0.835912
1.22194
0.923338
1.26383
0.917999
0.84089
1.21635
0.896605
0.991875
1.31632
1.3676
0.9906
0.898322
1.31672
0.877402
1.30069
1.35561
0.970064
0.97476
1.30372
0.872144
0.719767
0.874092
0.620306
0.666346
0.718901
0.633673
0.807476
1.28475
1.25067
1.77502
1.33565
1.23084
1.29895
1.83245
0.935539
1.82539
0.864467
0.988803
0.904101
0.894509
1.82372
0.738704
0.708561
1.82734
0.777821
0.714131
0.733302
1.83091
0.551971
0.564929
0.566439
0.624772
0.519328
0.588067
0.560387
0.817095
1.82987
0.8629
0.820611
0.790973
1.83209
0.847529
0.878042
0.959604
1.24745
1.33949
0.969149
0.86788
1.28203
0.860981
1.29528
0.965873
1.34375
0.95978
0.867332
1.29106
0.656815
0.592175
0.641585
0.797321
0.930176
0.909316
0.865434
0.813709
0.787524
0.876892
0.671496
0.663036
0.74584
0.628365
0.690916
0.673172
0.71527
0.796738
0.702393
0.561835
0.639234
0.637386
0.618938
0.676002
0.767467
0.68826
0.766696
0.683076
0.717545
0.769677
0.789099
0.659028
0.713165
0.735613
0.777623
0.692459
0.288728
0.249614
0.245385
0.237306
0.235973
0.237844
0.235649
0.65463
0.591655
0.6384
0.671263
0.664696
0.725929
0.622817
0.693065
0.667341
0.79665
0.930544
0.90878
0.860071
0.806089
0.78247
0.872459
0.71265
0.797841
0.70324
0.561168
0.637437
0.634596
0.616295
0.693333
0.741251
0.673223
0.782337
0.675197
0.721502
0.739035
0.651312
0.790735
0.713222
0.735124
0.682318
0.755964
1.48763
1.4707
1.79524
0.959099
1.36678
1.98368
1.36517
1.45792
0.596183
1.71086
0.41527
0.998656
1.54204
0.538791
0.288698
0.24959
0.245374
0.237297
0.235964
0.237835
0.23564
1.41666
1.47765
1.76393
0.891446
1.22852
1.81575
1.22929
1.45521
0.596824
1.75783
0.414911
1.03163
1.56251
0.541648
0.737878
1.22714
0.734966
0.83321
1.11163
1.12588
0.83257
0.726642
1.23039
0.731069
0.834916
1.17796
0.837334
1.1462
1.1066
1.21574
0.904472
1.11472
1.43655
1.31508
1.27706
1.1136
0.68666
0.828369
0.944032
0.987303
1.11271
0.812041
0.694892
1.35917
0.706485
0.852402
1.45544
0.852421
1.3725
0.721552
1.32299
0.714613
0.846728
1.22403
0.841994
1.28811
0.539732
0.80858
0.565713
0.609626
0.764735
0.792255
0.582596
0.825348
0.647278
0.581186
0.651735
0.896673
0.833954
0.71663
0.74161
1.22109
0.748846
0.837389
1.10211
0.833022
1.09624
1.22296
0.771912
0.759587
0.844077
1.09118
1.09289
0.852517
0.516559
0.753993
0.516241
0.542447
0.712785
0.715144
0.542756
0.519316
0.75487
0.516604
0.543289
0.720108
0.545679
0.717469
0.534741
0.766771
0.526875
0.558518
0.747803
0.567199
0.736923
0.765384
0.521028
0.525117
0.553327
0.724212
0.729584
0.549224
0.744198
1.22869
0.773239
0.846927
1.06967
1.08478
0.82007
0.782267
1.2319
0.785561
0.859741
1.09104
0.858905
1.09101
0.692139
1.16298
0.691203
0.76611
1.02383
1.02198
0.766708
0.687131
1.16126
0.69004
0.765572
1.01998
0.76309
1.02123
0.518184
0.759219
0.522893
0.549183
0.712274
0.545326
0.714032
0.762125
0.528553
0.525018
0.553303
0.718937
0.716736
0.556497
0.707958
1.15969
0.680972
0.760551
1.0488
0.786149
1.02992
0.681012
1.15407
0.674199
0.752736
1.01811
0.757794
1.01971
0.535709
0.777463
0.534423
0.56467
0.727368
0.726906
0.565951
0.775871
0.530309
0.53352
0.562638
0.721918
0.725055
0.559754
0.694289
1.18451
0.696455
0.770363
1.02794
0.76844
1.03051
1.18533
0.694222
0.694298
0.768459
1.03097
1.03039
0.768467
0.549798
0.801123
0.548939
0.582355
0.748183
0.746677
0.58323
0.546084
0.799613
0.548299
0.581069
0.741823
0.578992
0.744736
0.537886
0.787133
0.541684
0.572503
0.729977
0.569144
0.73365
0.789217
0.544416
0.542975
0.575046
0.738491
0.736267
0.576496
0.702894
1.1929
0.699748
0.773696
1.03967
1.03706
0.77689
0.694742
1.19035
0.696721
0.770919
1.03271
0.76893
1.03483
0.719315
1.21293
0.717586
0.791992
1.05859
1.05653
0.793676
0.713457
1.21083
0.715079
0.789726
1.05294
0.78805
1.0545
0.553301
0.816013
0.556978
0.591309
0.754343
0.587852
0.75929
0.817613
0.557211
0.557655
0.592713
0.761526
0.761532
0.592366
0.705342
1.20586
0.707289
0.782311
1.04533
0.779857
1.04922
0.711539
1.20738
0.709055
0.783971
1.05082
0.786166
1.05044
0.55933
0.822169
0.559212
0.594768
0.767742
0.766732
0.594928
0.821131
0.558197
0.559
0.594368
0.763599
0.765387
0.593524
0.7191
1.22376
0.711822
0.789181
1.06251
0.79392
1.06723
1.21301
0.675682
0.686498
0.766174
1.05467
1.06213
0.751986
0.561632
0.810658
0.561676
0.597337
0.752425
0.75242
0.597293
0.561797
0.810614
0.561756
0.597481
0.752825
0.597545
0.752482
0.5611
0.824974
0.561702
0.597691
0.770848
0.597074
0.768979
0.81856
0.561293
0.561597
0.59746
0.754087
0.759961
0.597096
0.669486
1.22558
0.675016
0.750266
1.04478
1.05484
0.744081
0.67132
1.21011
0.67014
0.745034
1.04747
0.746326
1.04524
0.718912
1.22348
0.71162
0.789003
1.06234
1.06707
0.793755
0.675484
1.2127
0.686298
0.765984
1.05447
0.751791
1.06195
0.561622
0.810654
0.561667
0.597326
0.75241
0.59728
0.752412
0.810614
0.561795
0.561753
0.597476
0.752828
0.752483
0.597541
0.669299
1.22526
0.674829
0.750078
1.04455
0.743892
1.05462
0.671123
1.20979
0.669953
0.744851
1.04725
0.746132
1.04503
0.561098
0.824988
0.561695
0.59769
0.770855
0.76899
0.597066
0.818577
0.561292
0.561597
0.597456
0.754093
0.759971
0.597091
0.719382
1.21316
0.717759
0.792191
1.05867
0.793763
1.05672
1.2111
0.713679
0.715297
0.789973
1.05319
1.05475
0.788306
0.553304
0.816048
0.556986
0.5913
0.754371
0.759302
0.587845
0.557237
0.817668
0.557673
0.592725
0.761583
0.592387
0.76157
0.559338
0.82222
0.559238
0.594777
0.767768
0.59493
0.766768
0.821185
0.558213
0.559018
0.594378
0.763634
0.765425
0.593533
0.705475
1.20592
0.707392
0.782456
1.0455
1.04933
0.780038
0.711696
1.20744
0.70915
0.784109
1.05102
0.786365
1.05057
0.69436
1.18451
0.696499
0.770528
1.02821
1.03075
0.768642
0.69423
1.18531
0.694322
0.768589
1.03113
0.768574
1.03057
0.549827
0.801233
0.548984
0.582392
0.748252
0.583255
0.746763
0.799733
0.54614
0.548349
0.58111
0.741922
0.744833
0.579039
0.703001
1.19287
0.699775
0.77379
1.03983
0.77706
1.03717
0.694732
1.1903
0.696739
0.771015
1.0328
0.769002
1.03493
0.537987
0.787323
0.541765
0.572581
0.730153
0.733811
0.56924
0.789385
0.544492
0.543048
0.575113
0.738631
0.736402
0.576565
0.692228
1.16312
0.691305
0.766394
1.02421
0.766958
1.02242
1.16142
0.687247
0.690153
0.765891
1.02053
1.02174
0.763434
0.518522
0.75975
0.523154
0.549462
0.712899
0.714532
0.545679
0.528766
0.762596
0.525251
0.553539
0.719319
0.556714
0.717158
0.535836
0.777772
0.534581
0.564821
0.7276
0.566082
0.727175
0.7762
0.530495
0.533684
0.562804
0.722254
0.725345
0.559938
0.70795
1.15989
0.681052
0.760986
1.0498
1.03075
0.786578
0.681143
1.15425
0.674333
0.753157
1.01874
0.758181
1.0204
0.742305
1.22234
0.749513
0.839321
1.10589
1.09947
0.835223
0.772403
1.22417
0.760179
0.845733
1.09366
0.853917
1.09572
0.516957
0.755055
0.516761
0.543007
0.713556
0.543212
0.716057
0.756042
0.52004
0.517182
0.543964
0.721363
0.718557
0.54645
0.744156
1.22927
0.773268
0.847555
1.0709
0.820555
1.08627
0.782623
1.2326
0.785745
0.860608
1.09319
0.860038
1.09282
0.535316
0.76821
0.527555
0.559173
0.749293
0.738327
0.567739
0.766848
0.521777
0.525836
0.554072
0.725554
0.730967
0.550022
0.738531
1.22969
0.735456
0.835908
1.11623
0.835055
1.13164
1.23351
0.726082
0.731178
0.837711
1.18843
1.15374
0.840018
1.1004
1.22197
0.906376
1.10733
1.44073
1.29429
1.2841
0.687789
1.13668
0.832086
0.943594
0.995176
0.811835
1.12619
0.540271
0.81099
0.566207
0.60986
0.766474
0.583034
0.794445
0.828296
0.648388
0.581617
0.651777
0.901624
0.837084
0.716496
0.727666
1.3833
0.720592
0.866569
1.50567
0.880635
1.41045
0.720523
1.34556
0.715839
0.851775
1.23925
0.844713
1.31369
0.369451
0.409625
0.395244
0.377759
0.375334
0.3848
0.411425
0.46819
0.445814
0.394096
0.400724
0.626107
0.467649
0.449507
0.395709
0.385989
0.381016
0.393992
0.428367
0.41995
0.402843
0.409518
0.593064
0.452946
0.44651
0.458461
0.442532
0.423327
0.939521
0.925775
0.948649
0.920208
0.866199
0.887753
0.950682
1.10607
1.07721
1.01298
1.03231
1.59286
1.36382
0.952451
1.03359
0.906081
1.01115
1.00416
0.991333
0.821787
0.981541
0.793025
0.738634
0.894984
0.787568
0.835854
0.83194
0.848227
0.725921
0.783963
0.792462
0.768143
0.909557
1.02969
1.48145
0.77425
1.12636
1.42447
0.898972
0.870679
0.604206
0.754312
0.525773
0.52639
1.19334
0.598834
0.735794
0.455686
0.680614
0.47852
0.481261
0.64816
0.459659
0.686391
0.479105
0.61937
0.634519
0.466978
0.457753
0.67359
0.491317
0.517397
1.1459
0.666887
0.563368
0.574191
0.723606
0.523788
0.369274
0.403859
0.394935
0.376467
0.374978
0.383248
0.408721
0.438408
0.399382
0.388232
0.395899
0.51304
0.450058
0.406254
0.395147
0.385268
0.380521
0.392005
0.425037
0.415887
0.400677
0.405695
0.48522
0.443792
0.435451
0.436228
0.419836
0.417481
0.947521
0.923264
0.948693
0.931133
0.862658
0.888499
0.956184
1.11318
1.27801
1.01313
1.09679
1.68238
1.65894
1.27271
1.03949
1.14305
1.01522
1.03466
0.845599
0.999938
1.12082
1.06116
0.806008
0.813824
0.89932
0.904101
1.09359
0.933568
0.861944
0.854447
0.750891
0.81213
0.792294
0.924588
0.835178
1.17542
1.83785
0.95933
1.37461
1.81304
1.21347
1.02443
0.550021
0.791905
0.471066
0.468989
1.29198
0.534206
0.735991
0.413039
0.692185
0.432831
0.435771
0.562842
0.418231
0.659449
0.446137
0.533165
0.552094
0.449664
0.429585
0.646902
0.465852
0.473505
1.22031
0.585118
0.516936
0.518524
0.705496
0.487694
0.895186
1.36676
1.31281
0.986514
0.989684
0.891326
1.31556
0.753002
1.03977
0.900892
0.674158
0.672235
1.03869
0.755124
0.75014
0.665
1.03076
0.896819
0.74568
0.669248
1.03555
0.730921
1.01312
0.645961
0.874648
0.650697
0.725675
1.01664
0.882781
1.35821
1.30948
0.983422
0.979121
0.88757
1.30643
0.735782
0.660522
0.879905
1.02565
0.655537
0.741056
1.02075
1.0744
1.17034
1.06769
1.05799
1.16526
1.06223
1.01344
0.862678
1.0247
0.84206
0.868377
1.05329
0.983907
1.27959
1.4495
1.28164
1.29393
1.44944
1.19102
1.24127
1.80751
1.10565
1.14239
1.15392
1.80854
1.09477
0.93632
0.959387
1.15203
0.938281
1.10809
1.14004
1.17925
1.28407
1.45205
1.14171
1.45036
1.04087
1.15006
1.04493
1.05325
1.15366
1.0494
0.854671
0.926955
0.734395
0.76386
0.887371
0.894299
0.734143
0.914278
1.46734
1.2982
1.46323
0.878218
0.99501
1.04588
1.8086
1.0097
0.958753
1.04839
1.81549
0.982559
1.29372
1.45485
1.03343
1.45887
0.796971
0.681155
0.797755
0.661491
0.825608
0.682329
0.768681
0.668486
0.951075
0.583946
0.813617
0.656692
0.961216
0.59356
0.830288
1.32371
1.27518
0.940835
0.931891
1.27039
0.839878
0.67872
0.610828
0.822739
0.978275
0.970137
0.602459
0.688362
0.712564
1.0074
0.640636
0.856587
0.719909
1.00014
0.63362
0.854556
1.33602
1.27946
0.947072
0.95393
1.28322
0.84699
0.705036
0.618572
0.84769
0.985793
0.992727
0.626249
0.696758
1.08055
1.18338
1.08343
1.1863
1.08983
1.08716
0.651335
0.686742
0.564002
0.563884
0.557225
0.659568
0.679119
0.745689
0.785293
1.83195
0.731765
0.721256
1.83177
0.756172
0.731544
1.47938
1.31795
1.48155
0.726724
0.739666
1.48093
1.31715
1.48168
0.749453
0.643972
0.55677
0.546324
0.668427
0.549755
0.672105
0.639793
0.684831
0.700426
0.590658
0.57761
0.711499
0.673005
0.586706
0.804319
1.47326
1.31018
1.47711
0.831762
0.787302
0.830743
1.83161
0.746588
0.762374
1.83111
0.771467
0.779117
1.31248
1.47975
1.47845
0.76449
0.706552
0.610873
0.754935
0.623783
0.728543
0.733544
0.607261
1.09833
1.19434
1.09805
1.09269
1.19249
1.09499
0.852677
1.27883
1.2303
0.933588
0.934194
0.852146
1.23138
0.729522
0.995704
0.865754
0.654893
0.65327
0.992487
0.731208
0.727365
0.650822
0.98858
0.862787
0.72689
0.651247
0.989441
0.720826
0.98355
0.643931
0.857739
0.644782
0.719422
0.983715
0.849809
1.2754
1.2285
0.932049
0.931537
0.850417
1.22819
0.724081
0.648711
0.860081
0.986652
0.64797
0.724864
0.986277
1.00675
1.08319
1.00449
1.01117
1.08819
1.00947
0.625475
0.658669
0.541124
0.533454
0.53245
0.657043
0.62711
0.709133
1.416
1.24611
1.39799
0.707005
0.717826
0.756884
1.69196
0.695054
0.69261
0.720419
1.70771
0.713223
1.22597
1.36482
0.715606
1.37789
0.622222
0.538355
0.529035
0.65181
0.529951
0.653236
0.620757
1.06846
1.13665
1.05773
1.02785
1.11583
1.03526
0.631948
0.662526
0.545455
0.535975
0.664023
0.63043
0.536862
0.724878
1.35011
1.19253
1.34348
0.72625
0.727027
0.766649
1.67717
0.698638
0.700998
0.724513
1.67208
0.722061
1.19648
1.35105
0.719783
1.34668
0.634102
0.54716
0.667358
0.538965
0.666529
0.538427
0.634983
0.740172
1.03094
0.893819
0.686284
1.01161
0.669471
0.759273
0.846224
1.28483
1.22639
0.917741
0.928298
1.23868
0.836028
0.721313
0.641611
0.87293
0.979962
0.990875
0.650582
0.711791
0.710977
0.978673
0.640774
0.852944
0.714984
0.972443
0.638416
0.832038
1.26207
1.21579
0.911541
0.914066
1.21499
0.829352
0.707274
0.633482
0.851938
0.969761
0.970062
0.63558
0.704688
1.00541
1.09583
1.00617
1.09625
1.00769
1.00684
0.643846
0.676716
0.544916
0.553914
0.545187
0.643372
0.677123
0.743762
0.783016
1.67223
0.715236
0.716122
1.67374
0.742821
0.739416
1.3596
1.20834
1.35431
0.73982
0.738243
1.35043
1.20605
1.35149
0.737434
0.644694
0.554549
0.545915
0.678287
0.545747
0.678151
0.644914
0.641041
0.674873
0.55219
0.543841
0.674144
0.641816
0.543372
0.7314
1.35113
1.20346
1.34937
0.729649
0.739434
0.778641
1.67122
0.713501
0.712163
1.67128
0.74082
0.734185
1.20368
1.34967
1.34935
0.735409
0.638866
0.550439
0.670533
0.541073
0.63771
0.671626
0.541774
1.01382
1.10073
1.01106
1.00864
1.09885
1.0095
0.893592
1.33474
1.28723
0.977624
0.977318
0.89383
1.28664
0.763148
1.03384
0.890207
0.679742
0.6794
1.03343
0.763756
0.761086
0.678279
1.03094
0.888002
0.761271
0.677973
1.03062
0.755779
1.02603
0.674414
0.883271
0.67378
0.756491
1.02519
0.890623
1.33248
1.28375
0.974005
0.974358
0.890289
1.28444
0.758264
0.67563
0.885631
1.02737
0.675848
0.758084
1.0278
1.04361
1.13992
1.04316
1.04175
1.13893
1.04213
0.674094
0.710905
0.576134
0.56716
0.566858
0.710425
0.674608
0.774822
1.4019
1.25477
1.40213
0.772838
0.785147
0.822849
1.71379
0.754287
0.753286
0.786147
1.71427
0.778703
1.2555
1.40284
0.779554
1.40275
0.671079
0.573805
0.563928
0.70578
0.564686
0.706986
0.669794
1.03949
1.13683
1.0399
1.04109
1.13764
1.04075
0.675699
0.71206
0.577178
0.567928
0.71204
0.675641
0.567992
0.780075
1.40463
1.25743
1.40421
0.77954
0.787667
0.8256
1.71406
0.755451
0.755699
0.787433
1.71375
0.780988
1.25654
1.40323
0.780836
1.40345
0.67497
0.57659
0.710761
0.567246
0.711194
0.567442
0.674577
0.745274
1.01403
0.873095
0.66472
1.01385
0.664598
0.74541
0.880792
1.32312
1.27443
0.963908
0.964474
1.27509
0.880257
0.748199
0.666965
0.876085
1.01659
1.017
0.667204
0.747915
0.753668
1.02235
0.671715
0.881152
0.753401
1.02268
0.67196
0.882446
1.32456
1.27703
0.966593
0.966097
1.27648
0.88291
0.750205
0.669158
0.877733
1.01935
1.01901
0.668919
0.750445
1.04551
1.14234
1.04568
1.14218
1.04581
1.0456
0.677532
0.714077
0.569338
0.57853
0.569352
0.677563
0.713985
0.790317
0.828262
1.71474
0.758064
0.758138
1.71422
0.790254
0.783755
1.40599
1.26079
1.40649
0.783572
0.783519
1.40622
1.26025
1.40613
0.783503
0.677695
0.578629
0.569368
0.714041
0.569424
0.7142
0.677562
0.677073
0.713414
0.57824
0.569026
0.713498
0.677023
0.569045
0.781839
1.40628
1.25964
1.4061
0.781476
0.789543
0.827472
1.71425
0.757482
0.757432
1.71474
0.789561
0.782804
1.25934
1.40561
1.40562
0.782785
0.676327
0.577684
0.712523
0.56839
0.676129
0.71264
0.568535
1.04761
1.14404
1.0477
1.04681
1.14335
1.04693
0.881551
1.33177
1.29787
0.987313
0.966647
0.900643
1.28331
0.764047
1.03398
0.890876
0.677558
0.679021
1.03535
0.762081
0.746218
0.674565
1.03309
0.876045
0.760589
0.66365
1.0209
0.714805
0.996978
0.6403
0.855318
0.640335
0.717851
0.992381
0.879942
1.33317
1.26153
0.934868
0.967337
0.847895
1.28442
0.74009
0.635986
0.874675
0.989717
0.65978
0.712426
1.01543
1.0576
1.15898
1.05734
1.05658
1.15854
1.05693
0.681321
0.718384
0.581406
0.572012
0.572017
0.718336
0.68134
0.788027
1.43995
1.2845
1.44081
0.787937
0.794628
0.831746
1.80505
0.761432
0.761419
0.794627
1.80678
0.788031
1.31107
1.46859
0.788043
1.46999
0.681312
0.581395
0.571967
0.718311
0.572002
0.718334
0.68127
1.05751
1.15972
1.05804
1.07987
1.18417
1.08074
0.681452
0.718355
0.581495
0.572053
0.718454
0.681341
0.572119
0.788274
1.44002
1.28364
1.43983
0.788255
0.79486
0.832025
1.77014
0.761489
0.761692
0.794654
1.77056
0.78823
1.28319
1.43887
0.788051
1.43939
0.681451
0.581503
0.718476
0.572119
0.718438
0.572144
0.681448
0.697996
0.979716
0.837365
0.61885
0.980102
0.618919
0.697963
0.854771
1.33239
1.28131
0.946197
0.947608
1.2827
0.853561
0.70559
0.624227
0.85051
0.995252
0.996354
0.624432
0.704941
0.704263
0.985232
0.628793
0.843688
0.705281
0.984206
0.626443
0.843779
1.30902
1.25993
0.934853
0.933908
1.26005
0.844384
0.699804
0.620907
0.839486
0.98045
0.980949
0.621724
0.699582
1.05657
1.15612
1.0553
1.14748
1.04831
1.04811
0.681081
0.717798
0.571806
0.581163
0.57188
0.680958
0.717926
0.794932
0.832695
1.72903
0.762071
0.762305
1.71765
0.794721
0.787437
1.40641
1.26041
1.40577
0.786986
0.788097
1.41092
1.26176
1.40773
0.787903
0.680535
0.580761
0.571335
0.717084
0.571517
0.717294
0.680257
0.680873
0.717897
0.581041
0.571791
0.717737
0.681002
0.571743
0.787483
1.43837
1.27969
1.43454
0.787166
0.794447
0.831954
1.74087
0.761907
0.761614
1.74997
0.79466
0.787695
1.26924
1.41961
1.4225
0.787893
0.680744
0.580931
0.717452
0.571504
0.680557
0.717625
0.571609
1.04828
1.14398
1.04793
1.0486
1.1448
1.04843
0.867406
1.30132
1.25431
0.947759
0.950245
0.86441
1.25338
0.737418
1.00121
0.87785
0.657778
0.660509
1.00408
0.734206
0.73833
0.655417
1.00338
0.877756
0.73394
0.660125
1.00692
0.729758
0.995754
0.649935
0.857118
0.650109
0.729327
0.996527
0.861891
1.30142
1.25525
0.946781
0.945743
0.862885
1.2535
0.728989
0.650886
0.8567
0.999581
0.649332
0.730479
0.996091
1.02772
1.12485
1.02821
1.02974
1.12571
1.02906
0.663806
0.69894
0.568395
0.55927
0.559386
0.699045
0.663628
0.766065
1.39886
1.25019
1.39768
0.766284
0.771439
0.809763
1.70584
0.74055
0.740988
0.770976
1.70664
0.765181
1.24733
1.39374
0.764811
1.39484
0.664441
0.568859
0.559925
0.699826
0.559797
0.699813
0.664561
1.03626
1.13223
1.03537
1.03168
1.12936
1.03252
0.662124
0.69754
0.567347
0.558487
0.697271
0.66245
0.558282
0.760525
1.38984
1.24268
1.3902
0.759354
0.76877
0.807075
1.70369
0.739253
0.738566
0.769457
1.70331
0.762692
1.24355
1.39178
0.763264
1.39103
0.660445
0.566039
0.694685
0.556623
0.69534
0.557079
0.659706
0.741714
1.00989
0.869247
0.661764
1.00938
0.661378
0.742154
0.870329
1.31108
1.26239
0.953325
0.953953
1.26306
0.869753
0.737858
0.657326
0.865008
1.00413
1.00484
0.657871
0.737196
0.730759
0.9972
0.651174
0.858193
0.730561
0.997299
0.651405
0.865798
1.30613
1.25872
0.949918
0.949334
1.2583
0.866338
0.733195
0.654264
0.86068
1.00044
0.99991
0.65366
0.733861
1.02652
1.12249
1.02598
1.12122
1.02469
1.02494
0.652527
0.68762
0.552056
0.560539
0.551538
0.653393
0.686806
0.755223
0.793787
1.70765
0.727776
0.726295
1.69754
0.756757
0.746104
1.36878
1.22318
1.36971
0.744187
0.749618
1.38578
1.22489
1.37136
0.750966
0.649754
0.558309
0.548704
0.682413
0.549487
0.683617
0.648475
0.656021
0.690014
0.562808
0.553555
0.690502
0.655457
0.553895
0.755819
1.38871
1.24045
1.38827
0.756114
0.760454
0.799087
1.70616
0.730049
0.731098
1.70137
0.759363
0.754534
1.23959
1.38977
1.38757
0.753606
0.656962
0.563507
0.691677
0.554644
0.657104
0.69161
0.554529
1.023
1.11546
1.02408
1.02639
1.11922
1.02707
0.905698
1.36979
1.32156
1.00345
0.998377
0.910784
1.3187
0.75992
1.04113
0.906057
0.676001
0.678449
1.04269
0.757016
0.763644
0.686281
1.04951
0.909291
0.76873
0.681822
1.04568
0.78936
1.07451
0.71186
0.932557
0.705437
0.79653
1.06834
0.923587
1.38293
1.32625
1.00906
1.01614
0.916537
1.33123
0.781691
0.691905
0.924685
1.05511
0.698071
0.774779
1.06091
1.11227
1.20595
1.11485
1.11685
1.20669
1.11678
0.61819
0.649045
0.535243
0.527109
0.526948
0.648701
0.618448
0.704145
1.43572
1.29551
1.45218
0.70453
0.708436
0.747167
1.82161
0.684737
0.684527
0.708611
1.80974
0.70366
1.30884
1.47714
0.703853
1.46664
0.618481
0.535482
0.527295
0.64928
0.527112
0.649165
0.618677
1.08775
1.18122
1.09693
1.11355
1.19357
1.10857
0.619708
0.64934
0.536286
0.527484
0.650368
0.618806
0.527971
0.70706
1.48729
1.32592
1.48796
0.7091
0.710189
0.749043
1.82848
0.685235
0.686301
0.70905
1.83194
0.705323
1.32577
1.48366
0.704226
1.487
0.621162
0.537453
0.653818
0.530109
0.651954
0.529106
0.622804
0.79608
1.05235
0.945449
0.70411
1.06995
0.717995
0.779015
0.942746
1.3882
1.35197
1.04245
1.02955
1.34023
0.954004
0.80812
0.733718
0.956491
1.09343
1.08398
0.727312
0.816896
0.810526
1.08231
0.71935
0.952912
0.804286
1.08808
0.724834
0.957021
1.4088
1.35756
1.04787
1.04808
1.35781
0.957793
0.816622
0.733147
0.960505
1.09613
1.09456
0.731033
0.81837
1.1081
1.19731
1.10439
1.19403
1.09753
1.1008
0.632662
0.662745
0.537167
0.546854
0.538441
0.631322
0.663464
0.72458
0.762641
1.8197
0.697954
0.699373
1.81931
0.723237
0.721433
1.47691
1.3127
1.47506
0.724393
0.719879
1.47425
1.31096
1.47353
0.718626
0.63429
0.548368
0.542857
0.666416
0.540266
0.66428
0.637174
0.628774
0.661609
0.543446
0.53565
0.66057
0.629929
0.534731
0.713772
1.4848
1.31872
1.48171
0.711853
0.720671
0.759092
1.8212
0.696657
0.695528
1.82419
0.721878
0.716045
1.31556
1.47557
1.47849
0.717259
0.626732
0.541585
0.656553
0.532101
0.62517
0.658287
0.53305
1.09683
1.19089
1.09695
1.09669
1.18906
1.09499
0.760088
1.04132
0.676246
0.906207
0.757271
0.678622
1.04285
0.905785
1.36984
1.32162
1.00336
0.998323
0.91082
1.31876
0.763791
0.686393
0.909434
1.04963
0.681981
0.768823
1.04583
0.789445
1.07465
0.932683
0.711954
0.70554
1.06847
0.796608
0.923609
1.38301
1.32633
1.009
1.01607
0.916578
1.33133
0.781757
0.692018
0.924796
1.05523
0.698158
0.774873
1.06102
1.11247
1.20619
1.11508
1.11714
1.20697
1.11705
0.617537
0.534779
0.648294
0.526613
0.526485
0.648004
0.617742
0.703367
1.43615
1.29591
0.703815
1.45259
0.707565
0.746215
1.82198
0.68385
0.683714
0.707657
1.81015
0.617891
0.535067
0.526907
0.64869
0.526697
0.618127
0.648537
0.702821
1.30922
1.47751
0.702931
1.46705
1.08812
1.1816
1.09729
1.11388
1.19393
1.10892
0.618855
0.535686
0.648497
0.526923
0.649462
0.527369
0.618015
0.705808
1.48747
1.32615
0.707792
1.48818
0.709038
0.747785
1.82878
0.684249
0.68523
0.707986
1.83222
0.620204
0.536777
0.652743
0.529402
0.650929
0.528434
0.621799
0.704213
1.32606
1.48398
0.703196
1.48729
1.10828
1.19748
1.10456
1.09768
1.19417
1.10096
0.631661
0.546176
0.661616
0.536475
0.537777
0.662349
0.630296
0.720146
1.47681
1.31273
0.723118
1.475
0.723245
0.761255
1.81954
0.69672
0.698159
1.81909
0.721879
0.633312
0.547723
0.542263
0.665314
0.539637
0.636219
0.66318
0.718573
1.31102
1.47425
1.47351
0.717291
1.09692
1.19098
1.09706
1.09682
1.18915
1.09511
0.627703
0.66045
0.542678
0.534919
0.659408
0.628872
0.533974
0.712373
1.48494
1.31886
1.48181
0.710482
0.719259
0.757598
1.82109
0.695394
0.694243
1.82416
0.720486
0.714658
1.31567
1.4756
1.47855
0.71589
0.625652
0.540818
0.655416
0.531356
0.624114
0.657118
0.532291
0.79643
1.05277
0.704425
0.945818
0.77936
1.07037
0.71831
0.943093
1.38866
1.35237
1.04275
1.02989
1.34067
0.954319
0.808439
0.73398
0.956835
1.09379
1.08438
0.727597
0.817188
0.81065
1.08248
0.71947
0.953084
0.804397
1.08828
0.724963
0.957209
1.40911
1.3579
1.04809
1.04824
1.35812
0.958033
0.816805
0.733353
0.960724
1.09644
1.09481
0.731207
0.818596
0.737465
1.0013
0.657813
0.877933
0.734241
0.660554
1.00418
0.867481
1.30146
1.25449
0.947847
0.950314
0.864498
1.25352
0.7384
0.655483
0.877869
1.00352
0.660188
0.734013
1.00705
0.729845
0.995909
0.857249
0.650013
0.650187
0.996683
0.729413
0.861994
1.30165
1.25545
0.946885
0.945852
0.862985
1.25373
0.729068
0.65096
0.856822
0.999731
0.649404
0.730561
0.996236
1.02793
1.12508
1.02842
1.02994
1.12595
1.02928
0.663724
0.568341
0.698853
0.559219
0.559335
0.698953
0.663551
0.765989
1.39884
1.25022
0.766215
1.39771
0.77133
0.809659
1.70605
0.740455
0.74089
0.770873
1.70679
0.664385
0.568823
0.559893
0.699768
0.559762
0.66451
0.699751
0.765073
1.24746
1.39392
0.764709
1.39498
1.03626
1.13226
1.0354
1.03183
1.12949
1.03265
0.662042
0.567291
0.697449
0.558434
0.697179
0.558229
0.662368
0.760415
1.39011
1.24293
0.759228
1.39048
0.768651
0.806958
1.70398
0.739152
0.738461
0.769347
1.70367
0.660355
0.565977
0.69458
0.556562
0.695239
0.557019
0.659611
0.762573
1.2438
1.39202
0.763156
1.39131
1.02672
1.1227
1.02618
1.02489
1.12144
1.02513
0.652386
0.560448
0.687473
0.551969
0.551447
0.686651
0.65326
0.745921
1.36895
1.22335
0.743979
1.3699
0.755028
0.793599
1.70791
0.727613
0.726123
1.69772
0.756577
0.649609
0.558201
0.548598
0.682239
0.549382
0.648317
0.683455
0.749425
1.22508
1.386
1.37155
0.750789
1.02313
1.11561
1.02422
1.02657
1.1194
1.02724
0.655905
0.68988
0.562728
0.553476
0.690375
0.655337
0.553817
0.755656
1.38897
1.24069
1.38853
0.755952
0.760293
0.798932
1.70645
0.729903
0.730953
1.70169
0.759201
0.75438
1.23981
1.39002
1.3878
0.753447
0.656838
0.563421
0.691541
0.554563
0.656982
0.691471
0.554447
0.741697
1.00984
0.661726
0.869244
0.742105
1.00937
0.661368
0.870369
1.31117
1.26253
0.953387
0.953983
1.26314
0.869816
0.737883
0.657378
0.865066
1.00424
1.00491
0.6579
0.73725
0.73085
0.997368
0.651262
0.858331
0.730657
0.997461
0.651489
0.865906
1.30638
1.2589
0.950008
0.949453
1.25855
0.866427
0.73329
0.654335
0.860823
1.00058
1.00008
0.653746
0.733936
0.764316
1.03434
0.677776
0.891208
0.762327
0.679254
1.03573
0.881845
1.33223
1.29834
0.987659
0.96696
0.900959
1.28376
0.746476
0.674782
0.876375
1.03347
0.663883
0.760849
1.02128
0.715079
0.997349
0.855658
0.640515
0.640575
0.992768
0.718098
0.880225
1.33364
1.26199
0.935213
0.967654
0.848221
1.28488
0.740319
0.636242
0.874976
0.990109
0.659974
0.71271
1.01579
1.05803
1.15945
1.05777
1.057
1.15899
1.05736
0.681334
0.581416
0.718395
0.57202
0.572027
0.718349
0.681351
0.788047
1.44048
1.28501
0.78796
1.44138
0.794644
0.83176
1.80566
0.76144
0.761431
0.794639
1.80741
0.681327
0.581407
0.571979
0.71833
0.572013
0.681288
0.71835
0.788047
1.31156
1.46911
0.788056
1.47052
1.05792
1.16019
1.05847
1.08028
1.18462
1.08116
0.681453
0.581498
0.718363
0.572057
0.718455
0.572121
0.681348
0.788273
1.44057
1.28414
0.788254
1.44038
0.79486
0.832023
1.77077
0.761493
0.76169
0.794661
1.7712
0.681451
0.581504
0.718475
0.572119
0.718437
0.572144
0.681447
0.788231
1.28368
1.43941
0.788059
1.43993
1.057
1.15657
1.05572
1.04872
1.14792
1.04852
0.681072
0.581158
0.717792
0.571805
0.571874
0.717915
0.680953
0.787428
1.40693
1.26089
0.78698
1.4063
0.794918
0.83268
1.72961
0.762063
0.76229
1.71824
0.794714
0.680528
0.580757
0.571333
0.717076
0.571513
0.680252
0.717286
0.788084
1.26224
1.41143
1.40825
0.787895
1.04869
1.14443
1.04835
1.04902
1.14525
1.04884
0.680871
0.71789
0.58104
0.571789
0.717733
0.680996
0.571742
0.787479
1.43892
1.28018
1.43508
0.787168
0.794443
0.831947
1.74146
0.761896
0.761608
1.75057
0.794651
0.787691
1.26971
1.42013
1.42302
0.787885
0.680741
0.580931
0.717453
0.571505
0.680559
0.717621
0.57161
0.698235
0.980061
0.61904
0.837681
0.698184
0.980477
0.619124
0.855057
1.33285
1.28175
0.946506
0.947928
1.28315
0.85384
0.705823
0.624428
0.850811
0.995595
0.996706
0.624633
0.705172
0.704512
0.985622
0.629025
0.844009
0.705546
0.984578
0.626661
0.844076
1.3095
1.26038
0.935168
0.934236
1.26051
0.84467
0.700052
0.621115
0.839804
0.980812
0.981319
0.621941
0.69982
0.763223
1.0339
0.679786
0.890289
0.763803
0.679467
1.03352
0.89379
1.33501
1.28752
0.97786
0.977536
0.894043
1.28691
0.761258
0.67844
0.888207
1.03118
0.678123
0.761455
1.03085
0.756003
1.02633
0.883533
0.674605
0.673974
1.02549
0.756708
0.890881
1.33284
1.2841
0.974286
0.974643
0.890545
1.28478
0.758484
0.67582
0.885892
1.02766
0.676041
0.758304
1.0281
1.04377
1.14006
1.0433
1.04175
1.13896
1.04216
0.674097
0.576144
0.710929
0.567171
0.566866
0.710429
0.674628
0.774876
1.40204
1.25487
0.772865
1.40224
0.785152
0.822852
1.71383
0.754311
0.75329
0.786174
1.71426
0.671123
0.573822
0.563939
0.705806
0.564702
0.669815
0.707039
0.778711
1.25555
1.40288
0.779581
1.40281
1.0396
1.13694
1.04001
1.04113
1.13769
1.04079
0.675745
0.577205
0.712106
0.567953
0.712094
0.568018
0.675681
0.780139
1.40485
1.25759
0.779601
1.40439
0.787724
0.825645
1.71406
0.755497
0.755749
0.787485
1.7138
0.675017
0.576622
0.710811
0.567273
0.711245
0.567473
0.67462
0.781049
1.25657
1.40324
0.780888
1.4035
1.04581
1.14266
1.04598
1.0461
1.1425
1.0459
0.677559
0.578548
0.714111
0.569359
0.569367
0.714017
0.677595
0.783783
1.40603
1.26087
0.783594
1.40658
0.790354
0.828298
1.71509
0.758103
0.758173
1.71453
0.790295
0.677715
0.578641
0.569378
0.714061
0.569435
0.677579
0.714222
0.783556
1.26051
1.40653
1.40641
0.783542
1.04768
1.14412
1.04778
1.04706
1.1436
1.04717
0.677105
0.713454
0.578262
0.569048
0.713533
0.677057
0.569065
0.78188
1.40666
1.25999
1.40648
0.78152
0.789588
0.827515
1.71467
0.757524
0.757474
1.71517
0.789605
0.782847
1.25969
1.40597
1.40599
0.782831
0.676357
0.577704
0.71256
0.568409
0.676162
0.712675
0.568554
0.745356
1.01415
0.664804
0.873195
0.745508
1.01394
0.664679
0.88087
1.32313
1.27449
0.963984
0.964543
1.27511
0.880323
0.748272
0.667015
0.876144
1.01665
1.01708
0.667256
0.747973
0.753786
1.02253
0.671836
0.881285
0.753544
1.02283
0.672059
0.882521
1.32464
1.27706
0.966644
0.966185
1.27655
0.882953
0.750266
0.669187
0.877785
1.01938
1.01908
0.668967
0.750481
0.729485
0.995623
0.654858
0.865689
0.731174
0.653234
0.992406
0.852641
1.27872
1.23019
0.933556
0.93417
0.852102
1.23128
0.72733
0.650781
0.86272
0.988491
0.651211
0.726848
0.989361
0.72077
0.983408
0.85763
0.643863
0.644726
0.983588
0.719353
0.849758
1.27527
1.22837
0.932012
0.931499
0.850369
1.22807
0.724028
0.648666
0.859984
0.98655
0.647917
0.724819
0.986163
1.00653
1.08295
1.00425
1.0109
1.08792
1.00921
0.625853
0.541396
0.659073
0.533717
0.532719
0.657454
0.627482
0.709718
1.41558
1.24572
0.707616
1.39758
0.718321
0.757417
1.69158
0.6955
0.693066
0.720908
1.70725
0.622668
0.538664
0.52936
0.652311
0.530259
0.621225
0.653713
0.713711
1.22561
1.36446
0.716088
1.3775
1.0681
1.13627
1.05737
1.02753
1.11549
1.03493
0.632276
0.545687
0.662889
0.536208
0.664379
0.537092
0.630764
0.725296
1.34986
1.19229
0.726655
1.34323
0.72745
0.76707
1.67682
0.699043
0.701387
0.724957
1.67174
0.634416
0.547384
0.667696
0.539182
0.66687
0.538646
0.635293
0.722476
1.1962
1.35074
0.720219
1.34638
1.00522
1.09564
1.00599
1.00754
1.09607
1.00667
0.644063
0.554067
0.67696
0.545072
0.545336
0.677359
0.643597
0.739671
1.35946
1.20821
0.740073
1.35417
0.744073
0.78332
1.67208
0.71551
0.716405
1.67359
0.743122
0.644895
0.554687
0.546046
0.678497
0.545882
0.645106
0.67837
0.73854
1.20591
1.35028
1.35136
0.737729
1.0137
1.10061
1.01095
1.00851
1.09872
1.00938
0.64128
0.675139
0.552364
0.54401
0.674406
0.642058
0.543542
0.731751
1.3509
1.20326
1.34916
0.730006
0.739753
0.778953
1.67103
0.713793
0.712451
1.67111
0.741142
0.734502
1.20349
1.3495
1.34916
0.735726
0.639137
0.550623
0.670828
0.541259
0.637983
0.67192
0.541955
0.739899
1.03055
0.685989
0.893493
0.758953
1.01125
0.669211
0.846005
1.28446
1.22609
0.917598
0.928091
1.23831
0.835869
0.72111
0.641458
0.872666
0.979709
0.990581
0.650387
0.711637
0.7109
0.978531
0.640709
0.852802
0.71492
0.972284
0.638339
0.831945
1.26183
1.21555
0.911448
0.913987
1.21474
0.829246
0.70719
0.633383
0.851778
0.969564
0.969883
0.635495
0.704588
0.752561
1.03954
0.673874
0.900629
0.754818
0.671842
1.03841
0.894666
1.36667
1.31269
0.986092
0.989425
0.890597
1.31544
0.749595
0.664391
0.896547
1.03037
0.668782
0.744949
1.03523
0.729767
1.01307
0.874843
0.645634
0.65005
1.01631
0.724579
0.881538
1.35817
1.30935
0.982833
0.978266
0.886632
1.30631
0.734682
0.659825
0.879661
1.02521
0.654747
0.740164
1.02026
1.07233
1.16846
1.06549
1.05801
1.16282
1.05928
1.00979
0.861478
1.02492
0.845159
0.868869
1.0456
0.985443
1.27703
1.37235
1.25919
1.28793
1.44906
1.18956
1.24155
1.82713
1.10843
1.14248
1.15687
1.84546
1.09241
0.936529
0.960225
1.14211
0.939167
1.10285
1.1353
1.17653
1.31627
1.46492
1.14508
1.47965
0.862456
0.735219
0.94852
0.76662
0.895843
0.735874
0.911451
0.922027
1.46739
1.29696
0.883584
1.46317
1.00738
1.05884
1.81607
1.02839
0.970042
1.07016
1.81978
0.802198
0.682966
0.801795
0.663053
0.831012
0.684442
0.772377
0.99405
1.29209
1.45662
1.05573
1.45882
1.07993
1.18305
1.08289
1.08969
1.18634
1.08708
0.652439
0.564458
0.68818
0.564608
0.55777
0.680364
0.660843
0.732983
1.4795
1.31801
0.728055
1.48175
0.747328
0.787108
1.83283
0.733536
0.722774
1.83243
0.75808
0.645031
0.557357
0.54687
0.669534
0.550322
0.640775
0.673297
0.741209
1.31722
1.48127
1.48191
0.751242
1.09823
1.19432
1.09798
1.09263
1.19247
1.09489
0.686797
0.702007
0.591534
0.578171
0.713649
0.674417
0.587546
0.80798
1.47379
1.31016
1.47755
0.836613
0.790353
0.834303
1.83264
0.748676
0.765258
1.83248
0.773693
0.781925
1.31268
1.48013
1.47898
0.766539
0.709123
0.612051
0.758727
0.62536
0.732001
0.736378
0.608347
0.745013
0.929216
0.682274
0.806441
0.737748
0.966277
0.687511
0.877298
1.35082
1.29722
0.960911
0.968017
1.29838
0.86687
0.744355
0.666764
0.839989
1.00327
0.994096
0.687449
0.728621
0.713883
1.00852
0.641698
0.861789
0.719719
1.00329
0.636668
0.85774
1.34151
1.29147
0.953511
0.956191
1.2891
0.855237
0.711626
0.635099
0.859961
1.00182
1.00107
0.636063
0.709618
0.360036
0.311445
0.33358
0.596187
0.261567
0.441085
0.483507
0.360931
0.593083
0.310879
0.333217
0.439633
0.484897
0.261429
0.987142
1.11672
0.967091
0.941628
1.11801
1.1379
0.989502
0.997533
1.14854
0.968197
0.972236
1.15068
1.27782
1.00076
0.406879
0.525319
0.865004
1.36769
0.449353
0.722686
0.48778
0.905395
0.616139
1.2299
1.6522
0.675315
1.23109
0.837167
0.406675
0.53346
0.930838
1.43491
0.452464
0.490611
0.764849
0.850362
0.614212
1.10889
1.58546
0.663368
1.14266
0.840106
1.33137
1.70168
1.38086
1.39837
1.47458
1.36135
1.63352
0.875581
1.06761
0.795582
0.998485
1.1147
0.796973
0.955448
0.946666
1.20643
0.856396
0.84682
1.2375
0.933079
1.16905
1.33734
1.82448
1.39062
1.40122
1.47532
1.36196
1.83783
0.932315
1.11031
0.829212
1.20003
1.30679
0.974726
0.901808
0.897912
1.25457
0.79426
0.775568
1.30419
0.879368
1.24858
1.21569
1.61956
1.75231
1.63737
1.94404
2.22368
1.90468
2.22565
1.49248
2.04294
2.29517
1.84816
2.47858
1.74749
0.678557
1.53199
1.52466
0.845072
0.649681
0.812303
1.61284
1.47154
0.576057
0.604635
0.731412
1.27972
1.47977
0.667469
1.19671
1.61593
1.65457
1.57703
1.56257
1.92206
1.79907
1.88303
1.24092
1.61555
1.8136
1.64217
2.06302
1.51027
0.730588
1.57967
1.43863
0.889656
0.716447
0.871929
1.61934
1.36626
0.63399
0.670589
0.804505
1.32602
1.47046
0.737565
1.29349
1.37029
1.3805
1.02234
1.22872
1.0225
1.21568
1.17472
1.18485
1.02258
1.04341
1.21801
1.18066
1.03003
1.0893
1.18759
1.06873
1.19712
1.20149
1.40534
1.50793
1.47833
1.53305
1.39365
1.42937
1.57782
1.37471
0.986217
1.14208
1.38165
1.18064
1.03033
1.11551
1.08954
1.05828
1.15722
0.996328
1.16023
1.15119
1.18711
1.49209
1.38378
1.26444
1.35796
1.18527
1.04441
1.05879
0.846644
1.3172
0.975444
0.896446
0.681184
0.73228
0.732234
0.744764
0.872593
0.6867
0.838794
1.20538
0.903799
1.13554
0.920201
1.13852
0.828738
0.733745
0.740968
0.695634
0.842399
0.855201
0.691711
0.734677
0.764214
1.04913
0.867816
1.07237
0.832048
0.96633
0.796225
0.704588
0.681522
0.813969
0.700348
0.76856
0.723659
0.664331
1.45055
1.38255
1.38475
1.27716
1.45355
1.02196
1.23336
1.18603
1.18877
1.02149
1.04482
1.22894
1.21548
1.04229
1.21194
1.24406
1.09603
1.23547
1.2637
1.44467
1.54808
1.56569
1.86983
1.43213
1.50484
1.86371
1.41417
1.27648
1.46129
1.44333
1.45914
1.03565
1.13973
1.03088
1.1346
1.00624
1.02221
0.968308
1.03212
0.943758
1.23058
1.34608
1.25068
1.20068
1.35585
1.1466
1.36374
1.49758
1.41901
1.83609
1.72914
1.69645
1.57942
1.45694
1.33479
1.37317
1.12571
1.49928
1.23192
0.939393
0.573972
0.643925
0.628752
0.77763
0.924416
0.563187
0.75142
1.30088
0.803397
1.23323
0.854146
1.24523
0.707089
0.611076
0.761049
0.540142
0.872946
0.905183
0.552251
0.588877
0.622148
1.07744
0.735784
1.13994
0.693913
0.98722
0.651076
0.565748
0.532097
0.81797
0.652174
0.734662
0.571883
0.531489
0.988874
1.1182
0.966726
1.19456
1.06326
1.06678
1.03743
1.21522
1.29517
1.13921
1.4373
1.3043
1.3125
1.24039
0.759593
1.0139
0.797689
0.768905
0.765107
0.690309
0.865336
0.853608
1.19918
0.88405
0.792316
0.79461
0.729125
0.917732
0.901402
0.847841
0.795801
0.876051
0.943849
0.875013
0.882945
1.09814
1.02091
1.03415
1.07558
1.16575
1.06836
1.09167
0.186404
0.190839
0.189465
0.191483
0.188846
0.209087
0.226962
0.196553
0.199626
0.19631
0.199937
0.197824
0.199717
0.196798
0.191396
0.187918
0.188287
0.238844
0.244368
0.20449
0.214099
0.195357
0.199062
0.19589
0.198833
0.195458
0.199159
0.196342
0.18386
0.189862
0.186346
0.187201
0.184706
0.192627
0.191465
0.202845
0.206734
0.203137
0.206556
0.202935
0.206766
0.203216
0.203288
0.206923
0.2032
0.206958
0.203447
0.206927
0.203292
0.19695
0.199956
0.196546
0.200151
0.197484
0.199988
0.196728
0.196093
0.184915
0.183495
0.206784
0.214271
0.187028
0.186827
0.195651
0.199347
0.196979
0.198964
0.195771
0.199474
0.197587
0.185638
0.194356
0.193169
0.188823
0.186613
0.196224
0.194939
0.203126
0.20684
0.203473
0.20664
0.203239
0.206872
0.203641
0.242564
0.213147
0.251374
0.259339
0.211722
0.249138
0.215039
0.203623
0.206941
0.203413
0.207033
0.203775
0.206947
0.203495
0.202867
0.205533
0.202429
0.202914
0.202696
0.206464
0.202413
1.05434
0.942028
0.887972
0.88049
1.23161
1.03826
0.936846
0.197916
0.200024
0.196857
0.200394
0.19825
0.200053
0.196963
0.231674
0.189268
0.190542
0.214606
0.231103
0.190362
0.191943
0.195944
0.19964
0.198114
0.199078
0.196028
0.199723
0.1985
0.187188
0.19721
0.19552
0.189841
0.187697
0.19825
0.196491
0.203419
0.206941
0.203855
0.206716
0.203494
0.206963
0.20396
0.26534
0.22013
0.267661
0.270926
0.21884
0.26877
0.220366
0.203909
0.206961
0.203569
0.207088
0.204009
0.206966
0.203617
0.204218
0.209216
0.202985
0.203795
0.204122
0.20967
0.202986
0.648497
0.527661
0.64175
0.604929
0.50973
0.61355
0.503536
0.198446
0.200071
0.197011
0.200521
0.198609
0.200088
0.197064
0.225918
0.190464
0.191876
0.210624
0.224821
0.19061
0.192009
0.196125
0.199813
0.198764
0.199139
0.196154
0.199841
0.19889
0.187886
0.198698
0.196774
0.19021
0.188037
0.199031
0.197128
0.203594
0.207002
0.204077
0.206757
0.203619
0.207009
0.204112
0.271821
0.223319
0.272386
0.274436
0.222068
0.273836
0.222748
0.204082
0.206975
0.203657
0.207115
0.204116
0.206977
0.203673
0.204896
0.211021
0.203306
0.204266
0.204858
0.21122
0.203303
0.650321
0.557693
0.652809
0.614292
0.522898
0.612167
0.52644
0.198685
0.200096
0.19708
0.200572
0.198738
0.200102
0.197099
0.223397
0.190422
0.19172
0.209221
0.223353
0.190485
0.191826
0.196154
0.199841
0.19889
0.199133
0.196124
0.199813
0.198762
0.188036
0.199029
0.197126
0.190057
0.187882
0.198691
0.196763
0.203619
0.207009
0.204112
0.206753
0.203594
0.207002
0.204077
0.273089
0.223567
0.272968
0.274831
0.223114
0.274957
0.222896
0.204116
0.206977
0.203673
0.207107
0.204082
0.206975
0.203656
0.204989
0.21148
0.20338
0.204325
0.205051
0.211373
0.203357
0.640823
0.55868
0.65144
0.613366
0.524037
0.604274
0.527067
0.198738
0.200102
0.197099
0.200554
0.198685
0.200096
0.19708
0.223361
0.190488
0.19183
0.209353
0.223438
0.190427
0.19173
0.196027
0.199723
0.198498
0.19906
0.195943
0.199639
0.198111
0.187689
0.198238
0.196476
0.189357
0.187177
0.197192
0.195493
0.203494
0.206963
0.203959
0.206705
0.203419
0.206941
0.203855
0.270464
0.220958
0.269645
0.272173
0.221864
0.272883
0.220835
0.204009
0.206966
0.203617
0.207066
0.203909
0.206961
0.203569
0.204496
0.2106
0.203206
0.203974
0.204702
0.210144
0.203143
0.644733
0.535553
0.642606
0.604966
0.514329
0.607137
0.508305
0.198609
0.200088
0.197064
0.200468
0.198446
0.200071
0.197011
0.224898
0.19062
0.192028
0.211548
0.226055
0.190477
0.191903
0.19577
0.199473
0.197584
0.198939
0.19565
0.199346
0.196976
0.186599
0.196201
0.194904
0.187993
0.185624
0.194327
0.19311
0.203238
0.206872
0.20364
0.206623
0.203125
0.20684
0.203472
0.261298
0.214909
0.257671
0.263127
0.218258
0.266112
0.216377
0.203775
0.206947
0.203494
0.206996
0.203622
0.206941
0.203413
0.203378
0.208415
0.202793
0.203221
0.2038
0.207451
0.202666
0.694958
0.676965
0.760863
0.742915
0.558445
0.662041
0.694686
0.19825
0.200053
0.196963
0.200293
0.197916
0.200024
0.196857
0.231278
0.190373
0.191967
0.215081
0.231471
0.189261
0.190519
0.195457
0.199159
0.19634
0.198811
0.195356
0.199062
0.195889
0.184694
0.192601
0.191404
0.186474
0.183851
0.189849
0.18632
0.202934
0.206766
0.203216
0.206521
0.202845
0.206734
0.203136
0.229396
0.208567
0.202026
0.23882
0.220606
0.226037
0.203415
0.203447
0.206927
0.203292
0.206897
0.203288
0.206923
0.2032
0.203903
0.202132
0.201971
0.201208
0.201924
0.202071
0.201907
1.01187
1.28763
1.08361
0.976041
0.875575
0.876662
1.03275
0.197484
0.199988
0.196729
0.200028
0.19695
0.199956
0.196546
0.214021
0.187005
0.186787
0.194099
0.195989
0.184899
0.18347
0.188809
0.208955
0.22653
0.188353
0.186382
0.190818
0.189428
0.197824
0.199717
0.196798
0.199629
0.196553
0.199626
0.19631
0.243898
0.204246
0.213668
0.191199
0.191274
0.187851
0.188173
0.238378
0.206186
0.236667
0.21131
0.229693
0.209635
0.245771
0.245408
0.21364
0.214835
0.257872
0.212223
0.253049
0.250956
0.25917
0.216626
0.262581
0.219617
0.255726
0.218609
0.265577
0.261483
0.220776
0.221159
0.26913
0.21988
0.26794
0.262972
0.265289
0.221857
0.270633
0.223381
0.264441
0.22261
0.271351
0.265909
0.22372
0.223186
0.272182
0.222971
0.272
0.26615
0.2659
0.223185
0.272179
0.223711
0.266147
0.222963
0.271991
0.265273
0.223368
0.221839
0.270609
0.222599
0.271334
0.264419
0.261445
0.221138
0.269096
0.220745
0.262942
0.219853
0.267897
0.259122
0.219581
0.21659
0.262493
0.218578
0.265519
0.255651
0.245315
0.214794
0.257764
0.213582
0.250871
0.21218
0.25292
0.238281
0.211247
0.206144
0.236506
0.20959
0.245621
0.229599
0.202834
0.22444
0.219235
0.21053
0.200511
0.199409
0.215622
0.207722
0.200758
0.210935
0.202288
0.19972
0.201569
0.199859
0.204192
0.202447
0.204499
0.202831
0.20355
0.202528
0.205215
0.202033
0.216566
0.213985
0.203483
0.2008
0.200634
0.204132
0.205296
0.203246
0.203034
0.20709
0.202916
0.206388
0.205903
0.555749
0.526323
0.498031
0.543854
0.648482
0.565827
0.607989
0.214984
0.261428
0.257843
0.263364
0.218334
0.216473
0.266262
0.421159
0.386778
0.386607
0.390255
0.41797
0.417835
0.390487
0.205416
0.200695
0.206272
0.201399
0.199989
0.201189
0.200067
0.20338
0.203222
0.208419
0.202793
0.207455
0.202667
0.203801
0.201142
0.207744
0.207103
0.2019
0.200565
0.20041
0.202156
0.262434
0.24402
0.249354
0.236922
0.261812
0.244598
0.24892
0.265155
0.252371
0.240301
0.248402
0.247833
0.252073
0.266049
1.20621
1.53473
1.52088
1.31783
1.49965
1.27736
1.25525
0.613862
0.522358
0.503517
0.5924
0.612036
0.514116
0.60179
0.218959
0.204334
0.220686
0.205652
0.201593
0.205236
0.201701
0.207206
0.203452
0.208194
0.203946
0.206884
0.2035
0.208536
0.205086
0.223466
0.222273
0.206353
0.202268
0.202181
0.206655
0.207839
0.204188
0.203792
0.209489
0.203749
0.209177
0.208088
0.390638
0.426729
0.392172
0.395926
0.421191
0.423437
0.394328
0.220991
0.270497
0.269689
0.272222
0.22189
0.220869
0.272915
0.440412
0.404933
0.404859
0.409317
0.43777
0.437654
0.409446
0.208196
0.201826
0.208295
0.202549
0.200816
0.202508
0.200855
0.204498
0.203975
0.210604
0.203207
0.210148
0.203144
0.204703
0.201991
0.208837
0.208555
0.202785
0.201109
0.201012
0.202918
0.270927
0.255349
0.256321
0.246731
0.255319
0.270959
0.256178
0.27134
0.256889
0.247126
0.255995
0.255802
0.256475
0.271691
0.603165
0.506148
0.586865
0.510177
0.589188
0.599228
0.513695
0.627703
0.541441
0.5467
0.617221
0.613046
0.543417
0.63173
0.224552
0.206189
0.22518
0.207361
0.202675
0.207205
0.202723
0.208698
0.204014
0.210065
0.204538
0.208574
0.204036
0.210202
0.206424
0.225833
0.225636
0.207577
0.202894
0.202879
0.207627
0.208897
0.204617
0.20412
0.210474
0.204118
0.21041
0.208934
0.408617
0.445218
0.409335
0.414064
0.441383
0.442609
0.413277
0.223576
0.273092
0.272977
0.27484
0.223115
0.222905
0.27496
0.448197
0.412222
0.412217
0.417101
0.445705
0.445701
0.417109
0.209012
0.202312
0.209008
0.203076
0.201223
0.203079
0.201231
0.20499
0.204326
0.21148
0.20338
0.211375
0.203357
0.205051
0.202357
0.209209
0.209086
0.203153
0.201316
0.201279
0.20321
0.274191
0.258364
0.258459
0.249192
0.258286
0.274329
0.258366
0.274393
0.25871
0.249324
0.258626
0.25849
0.258455
0.274638
0.643881
0.554251
0.625038
0.555814
0.629297
0.639627
0.557362
0.640483
0.562936
0.563794
0.625148
0.625296
0.563908
0.640317
0.225831
0.206422
0.225631
0.207575
0.202893
0.207626
0.202878
0.208895
0.204119
0.210473
0.204616
0.208934
0.204117
0.210409
0.206185
0.22454
0.225171
0.207358
0.202673
0.202721
0.207202
0.208696
0.204537
0.204013
0.210062
0.204035
0.210199
0.208572
0.412214
0.448189
0.41221
0.417094
0.445714
0.445694
0.417101
0.223306
0.271797
0.27237
0.274422
0.222048
0.222736
0.273812
0.445221
0.408621
0.409342
0.414073
0.44137
0.442614
0.413284
0.209209
0.202356
0.209086
0.203152
0.201316
0.20321
0.201279
0.204895
0.204265
0.211018
0.203306
0.211218
0.203303
0.204857
0.202312
0.209011
0.209008
0.203075
0.201222
0.20123
0.203079
0.275081
0.259178
0.259097
0.249833
0.259083
0.275234
0.258946
0.274875
0.258808
0.249647
0.258928
0.258876
0.258776
0.274939
0.640482
0.563783
0.625137
0.562934
0.625296
0.640305
0.563906
0.643888
0.555825
0.554238
0.625015
0.629301
0.557376
0.639606
0.223451
0.205079
0.222255
0.206347
0.202265
0.20665
0.202178
0.207835
0.203791
0.209485
0.204187
0.208084
0.203748
0.209172
0.204325
0.218938
0.220666
0.205645
0.201589
0.201697
0.20523
0.207201
0.203945
0.20345
0.208189
0.203498
0.208531
0.206879
0.404938
0.440428
0.404871
0.409334
0.437791
0.437673
0.409456
0.220089
0.26524
0.267597
0.270861
0.218782
0.220322
0.268652
0.426816
0.390742
0.39227
0.396051
0.4213
0.423545
0.394457
0.208837
0.201991
0.208554
0.202784
0.201109
0.202918
0.201012
0.204217
0.203794
0.209212
0.202984
0.209666
0.202985
0.204121
0.201826
0.208196
0.208295
0.202548
0.200816
0.200854
0.202507
0.273177
0.257692
0.25816
0.248576
0.257499
0.273532
0.257753
0.27261
0.257189
0.248035
0.256877
0.256884
0.257287
0.272563
0.627747
0.546735
0.617245
0.541499
0.613091
0.631756
0.543472
0.603473
0.510535
0.506596
0.587384
0.589525
0.514022
0.599685
0.216545
0.202025
0.213964
0.203477
0.200796
0.204126
0.20063
0.205292
0.203033
0.207085
0.203244
0.205899
0.202915
0.206384
0.200751
0.207707
0.210917
0.202282
0.199717
0.199856
0.201564
0.204188
0.20283
0.202446
0.204496
0.202527
0.205211
0.203547
0.386902
0.421288
0.386742
0.390423
0.418128
0.417997
0.390646
0.213058
0.242304
0.251153
0.259039
0.211591
0.21492
0.248711
0.525953
0.554989
0.497441
0.543179
0.64769
0.565281
0.607069
0.207744
0.201141
0.207103
0.201899
0.200565
0.202156
0.200409
0.202865
0.202913
0.205531
0.202428
0.206461
0.202413
0.202695
0.200695
0.205418
0.206273
0.201398
0.199989
0.200066
0.201189
0.268536
0.253637
0.255435
0.245239
0.253298
0.269136
0.254956
0.267007
0.254089
0.243132
0.251497
0.251117
0.253313
0.268536
0.614887
0.504199
0.593229
0.523346
0.613226
0.602515
0.51501
1.19167
1.28732
1.46802
1.47588
1.25773
1.46403
1.2275
0.202798
0.224296
0.219155
0.210467
0.200466
0.199381
0.215502
0.319906
0.27907
0.281493
0.308305
0.282453
0.306814
0.317432
0.328611
0.331364
0.288331
0.294888
0.318362
0.342469
0.287339
0.314128
0.275431
0.280493
0.291515
0.30503
0.281261
0.299845
0.332773
0.284144
0.291692
0.33642
0.346263
0.286298
0.326475
0.321819
0.284221
0.314293
0.284698
0.3213
0.285297
0.315974
0.328347
0.328998
0.290071
0.289057
0.331074
0.288507
0.327203
0.325972
0.285638
0.333724
0.288803
0.330126
0.327376
0.28654
0.325323
0.28777
0.288427
0.320754
0.287833
0.319866
0.32519
0.268546
0.253647
0.245244
0.255439
0.253307
0.26915
0.254959
0.267015
0.254093
0.251504
0.243136
0.251124
0.268543
0.253317
0.332558
0.295039
0.295089
0.328914
0.294527
0.328736
0.332295
0.331464
0.332466
0.291757
0.29395
0.332358
0.331356
0.292923
0.330266
0.292984
0.291584
0.325731
0.329895
0.292651
0.326432
0.333615
0.295225
0.29532
0.333507
0.334302
0.294576
0.333032
0.335276
0.296985
0.331923
0.298178
0.335271
0.297539
0.332156
0.337283
0.336899
0.29882
0.298825
0.3374
0.298449
0.336879
0.33572
0.296848
0.336149
0.298077
0.335923
0.335866
0.29748
0.336876
0.299489
0.29901
0.333739
0.2987
0.333717
0.336642
0.273188
0.257701
0.24858
0.258163
0.257506
0.273545
0.257757
0.27262
0.257192
0.256883
0.248039
0.256891
0.272569
0.257291
0.340075
0.302254
0.301503
0.337108
0.301374
0.337175
0.339877
0.33944
0.339086
0.300097
0.300858
0.339348
0.339101
0.300529
0.339314
0.301652
0.300464
0.335953
0.33888
0.300821
0.336478
0.340224
0.301181
0.301242
0.339796
0.340123
0.301012
0.339941
0.340525
0.301849
0.337757
0.302831
0.340562
0.301976
0.33777
0.340805
0.340558
0.301983
0.301753
0.340658
0.301752
0.340719
0.340576
0.301487
0.340512
0.301904
0.340426
0.340645
0.301644
0.34074
0.302959
0.302099
0.337934
0.302102
0.337959
0.340681
0.275102
0.259188
0.249835
0.259101
0.259093
0.275254
0.258951
0.274896
0.258814
0.258939
0.24965
0.258887
0.274961
0.258781
0.340521
0.302826
0.301842
0.337753
0.301972
0.337766
0.340559
0.340804
0.340555
0.301752
0.301979
0.340658
0.340716
0.301748
0.340738
0.302956
0.302097
0.337931
0.340678
0.302098
0.337956
0.340573
0.30148
0.3019
0.340512
0.340424
0.301639
0.340644
0.340071
0.301495
0.337101
0.302244
0.339872
0.301364
0.337168
0.33943
0.339081
0.300842
0.300077
0.339341
0.300512
0.339092
0.340221
0.301173
0.339793
0.30123
0.340124
0.339937
0.301
0.339301
0.301636
0.300444
0.335938
0.300804
0.336463
0.338868
0.274189
0.258365
0.24919
0.258459
0.258284
0.274336
0.258365
0.274409
0.258712
0.258632
0.249324
0.258496
0.274653
0.258457
0.335257
0.298152
0.296954
0.331898
0.297512
0.332133
0.335253
0.337272
0.33689
0.298802
0.298794
0.337395
0.336866
0.298423
0.336859
0.299464
0.298987
0.333718
0.336624
0.298674
0.333697
0.335708
0.296816
0.29805
0.336145
0.335917
0.297452
0.335854
0.332537
0.295055
0.328886
0.295005
0.332273
0.29449
0.328707
0.331448
0.332459
0.293897
0.2917
0.332353
0.292874
0.331337
0.333603
0.29519
0.333501
0.295278
0.334301
0.333018
0.294535
0.330241
0.292944
0.291534
0.325698
0.292606
0.326401
0.329868
0.270911
0.255337
0.246726
0.256316
0.255308
0.270939
0.256175
0.271327
0.256887
0.255988
0.247122
0.255793
0.271683
0.256471
0.321773
0.284648
0.284148
0.31424
0.285234
0.315927
0.32124
0.328317
0.328986
0.288995
0.289991
0.331054
0.32718
0.288438
0.325285
0.287722
0.288373
0.320718
0.325159
0.287775
0.319823
0.325927
0.285542
0.288705
0.333638
0.330083
0.286461
0.327305
0.319812
0.281405
0.308246
0.279
0.317352
0.282348
0.306749
0.328497
0.331284
0.294626
0.288126
0.342355
0.318279
0.287147
0.332625
0.284025
0.336265
0.291486
0.346046
0.326364
0.286148
0.314017
0.275347
0.280354
0.291442
0.304952
0.281128
0.299773
0.262431
0.244019
0.236921
0.249353
0.244597
0.261809
0.24892
0.265149
0.252369
0.248398
0.240299
0.247829
0.266043
0.252071
0.203911
0.197858
0.198754
0.200481
0.200166
0.19927
0.198541
0.201954
0.202836
0.202147
0.201173
0.201857
0.201662
0.202166
0.224461
0.28718
0.254375
0.27284
0.274915
0.221483
0.378526
0.28058
0.235675
0.281543
0.479475
0.220485
0.288562
0.389666
0.229641
0.202099
0.208697
0.220812
0.239266
0.226377
0.203521
0.635888
0.69854
0.725647
0.685278
0.6856
0.721831
0.73436
0.199885
0.211065
0.203718
0.200382
0.199796
0.199527
0.202185
0.203905
0.202133
0.201972
0.201208
0.201924
0.202071
0.201908
0.203288
0.198659
0.199469
0.20094
0.200356
0.199706
0.199167
0.214761
0.204172
0.232663
0.259
0.202368
0.225694
0.21029
0.275251
0.2535
0.206697
0.225735
0.237853
0.296701
0.218034
1.59782
1.83282
1.8936
1.90406
1.54574
1.76135
1.54656
0.30518
0.301825
0.290317
0.326007
0.32449
0.289803
0.306067
0.302565
0.299581
0.321042
0.287551
0.302268
0.321733
0.28736
0.406315
0.363195
0.384869
0.4523
0.364379
0.450599
0.407318
1.02576
1.07012
1.161
1.08668
1.02332
1.10359
1.08057
0.39788
0.375857
0.390359
0.430761
0.373289
0.396761
0.434729
0.491683
0.487769
0.494601
0.505734
0.493776
0.502004
0.486345
0.676921
0.693111
0.757955
0.740595
0.557173
0.695229
0.660164
0.317845
0.302362
0.312714
0.33704
0.336724
0.302252
0.318036
0.317726
0.312582
0.336648
0.302082
0.317774
0.336601
0.302122
0.384211
0.336208
0.355516
0.426031
0.336058
0.425784
0.384373
0.453835
0.447477
0.455848
0.451095
0.453021
0.448251
0.456845
0.382113
0.342637
0.353812
0.435056
0.336138
0.394078
0.42067
0.465965
0.460154
0.469842
0.4631
0.459835
0.469502
0.466227
0.535399
0.644529
0.642276
0.604636
0.51423
0.508102
0.606936
0.324177
0.307742
0.318715
0.344153
0.344146
0.307757
0.324177
0.324132
0.31877
0.343781
0.307682
0.323972
0.344073
0.307778
0.393579
0.338898
0.359095
0.437421
0.338723
0.437076
0.393659
0.482356
0.475822
0.48588
0.4804
0.481758
0.476391
0.486662
0.390529
0.337997
0.357831
0.432617
0.337885
0.390076
0.433162
0.485799
0.479705
0.490359
0.483679
0.47957
0.490247
0.485884
0.558678
0.640901
0.651491
0.613403
0.524036
0.527058
0.604337
0.325938
0.309256
0.320377
0.346238
0.346206
0.309291
0.325968
0.326099
0.320557
0.346419
0.30943
0.326139
0.346372
0.309459
0.388287
0.33792
0.355716
0.436153
0.336085
0.43115
0.392337
0.488218
0.482174
0.492795
0.48621
0.48829
0.48205
0.492702
0.373787
0.331076
0.349489
0.414004
0.330966
0.373411
0.414981
0.487695
0.481481
0.492088
0.485723
0.481534
0.492218
0.487601
0.557705
0.650478
0.652944
0.614413
0.52293
0.526462
0.612312
0.321918
0.305799
0.31666
0.341389
0.341459
0.305892
0.321892
0.322349
0.317117
0.342207
0.306408
0.322533
0.341899
0.306333
0.385243
0.335898
0.356279
0.426606
0.336499
0.42773
0.384566
0.477766
0.471852
0.482154
0.475356
0.477985
0.471573
0.481864
0.388267
0.338016
0.357456
0.43184
0.337613
0.389354
0.430542
0.469684
0.463132
0.472528
0.467242
0.46379
0.473395
0.469
0.527972
0.649485
0.642331
0.605516
0.510527
0.503941
0.614578
0.313313
0.297887
0.308301
0.331751
0.331833
0.297982
0.313344
0.314338
0.309368
0.333664
0.299381
0.314822
0.332825
0.299074
0.410385
0.360758
0.383678
0.45413
0.360976
0.458
0.40786
0.450856
0.445441
0.454126
0.447782
0.45116
0.445047
0.453763
0.420279
0.353041
0.383317
0.454532
0.359853
0.409629
0.469526
0.474678
0.478796
0.486561
0.480763
0.473507
0.481142
0.478856
0.93317
1.04922
0.889285
0.879554
1.19409
0.92695
1.02901
0.2039
0.198752
0.197854
0.200163
0.200474
0.199267
0.198539
0.201953
0.202834
0.202145
0.201172
0.201856
0.201661
0.202164
0.635393
0.725034
0.698848
0.685442
0.685398
0.722355
0.73459
0.28683
0.224232
0.254028
0.272085
0.274243
0.377356
0.221239
0.279619
0.476944
0.235054
0.280712
0.28729
0.388289
0.220224
0.20329
0.199469
0.19866
0.200356
0.200941
0.199706
0.199167
0.211062
0.199885
0.203719
0.200382
0.199796
0.202184
0.199527
0.236992
0.243498
0.255238
0.248852
0.229045
0.233689
0.240596
0.249485
0.251562
0.251272
0.231218
0.265352
0.240043
0.238517
1.47292
1.69399
1.75359
1.70167
1.42315
1.59517
1.40105
0.204187
0.214813
0.232828
0.258937
0.20235
0.210266
0.225735
0.275058
0.225545
0.253038
0.206632
0.295424
0.217952
0.237737
0.313339
0.297909
0.308326
0.331775
0.313367
0.331863
0.298005
0.314373
0.309401
0.333706
0.299414
0.314858
0.332863
0.299105
0.321954
0.305827
0.316693
0.341426
0.321925
0.341501
0.305921
0.322393
0.317158
0.342248
0.306442
0.322571
0.341951
0.30637
0.326009
0.309314
0.320443
0.346323
0.326039
0.34629
0.309349
0.326169
0.320622
0.346501
0.309487
0.326209
0.346456
0.309516
0.324171
0.307739
0.31871
0.344154
0.324176
0.344139
0.307753
0.324162
0.318797
0.343819
0.307707
0.324003
0.344107
0.307802
0.317801
0.302323
0.312671
0.336987
0.31799
0.336674
0.302213
0.317666
0.312526
0.336578
0.302029
0.317712
0.336535
0.30207
0.305167
0.290306
0.301812
0.32599
0.306054
0.324473
0.289792
0.302551
0.299568
0.321023
0.287541
0.302255
0.321715
0.28735
0.238202
0.236671
0.221216
0.236697
0.22932
0.228836
0.248688
0.228455
0.216285
0.216383
0.216384
0.220247
0.222878
0.222299
0.313154
0.280368
0.300227
0.285896
0.28346
0.297112
0.274925
0.272281
0.274055
0.287013
0.272631
0.256657
0.264894
0.257965
0.236991
0.243496
0.255237
0.248847
0.229042
0.233687
0.240593
0.249472
0.251549
0.251251
0.231209
0.238504
0.265335
0.240035
0.305785
0.262886
0.267016
0.261769
0.286342
0.282809
0.275865
0.329319
0.304809
0.27425
0.333945
0.354623
0.30849
0.289557
0.234707
0.230569
0.236535
0.22195
0.219852
0.221153
0.220301
0.235405
0.241642
0.240493
0.22547
0.224974
0.224484
0.226231
0.219905
0.222525
0.209424
0.211623
0.219059
0.209701
0.222465
0.221846
0.225307
0.211971
0.213681
0.211256
0.22268
0.224667
0.248956
0.24284
0.248696
0.232572
0.231295
0.23127
0.232658
0.245862
0.240331
0.246205
0.230263
0.228904
0.230108
0.228937
0.226398
0.228534
0.217062
0.21578
0.215408
0.228454
0.226813
0.225003
0.227515
0.21388
0.216289
0.224749
0.214085
0.227588
0.428202
0.395987
0.398226
0.407661
0.427538
0.429114
0.403734
0.896318
0.922744
0.806158
0.741319
0.858261
0.768046
0.809628
0.467116
0.544222
0.490379
0.491711
0.49112
0.532874
0.468158
0.429219
0.393971
0.392015
0.39739
0.427568
0.399869
0.426895
0.423706
0.436855
0.423741
0.418793
0.423396
0.425045
0.418125
0.453984
0.463393
0.444951
0.44157
0.476637
0.454627
0.452292
0.30998
0.293139
0.329412
0.305734
0.309476
0.330377
0.293486
0.312064
0.307687
0.33464
0.295995
0.332726
0.295364
0.313179
1.17058
1.01573
0.936309
1.23213
1.35355
1.23463
1.44156
1.20876
1.39671
0.717562
0.798804
1.36332
1.24587
0.708731
0.965585
1.03502
0.739679
0.858106
1.04102
0.953949
0.7994
0.52099
0.560141
0.551508
0.593938
0.561071
0.6111
0.555081
1.07684
0.66396
0.757622
0.989291
1.10229
0.681822
0.98597
0.410489
0.360949
0.45419
0.383735
0.361107
0.408014
0.458008
0.450498
0.44508
0.447373
0.453767
0.45082
0.444667
0.453379
0.47419
0.478349
0.48615
0.480247
0.478427
0.472991
0.480652
0.420396
0.353114
0.38339
0.454667
0.359932
0.409757
0.469643
0.642188
0.56605
0.611689
0.731345
0.653285
0.54579
0.697464
0.451659
0.492584
0.492338
0.491921
0.469991
0.47036
0.491942
0.878036
0.809571
0.674607
0.620167
0.828759
0.64403
0.861221
0.514941
0.477682
0.505823
0.518428
0.52921
0.508878
0.532079
0.894988
0.651559
0.907314
0.687746
0.856776
0.928416
0.650524
0.251964
0.245931
0.252055
0.235437
0.234067
0.23541
0.234076
0.247372
0.253573
0.253463
0.236762
0.235434
0.235423
0.236795
0.228629
0.229906
0.217434
0.218359
0.228567
0.217481
0.229928
0.229439
0.230397
0.218391
0.218758
0.218263
0.22958
0.230368
0.256492
0.250398
0.256437
0.239502
0.23823
0.238227
0.239513
0.25543
0.249366
0.255477
0.238572
0.237252
0.238561
0.237257
0.230845
0.231603
0.219859
0.219573
0.219569
0.231586
0.230856
0.230484
0.23118
0.219231
0.219503
0.230475
0.219237
0.231192
0.432404
0.397276
0.397248
0.40129
0.429448
0.429375
0.401399
0.426851
0.441678
0.428544
0.422732
0.425929
0.428424
0.421375
0.436773
0.450136
0.436404
0.428965
0.434626
0.434835
0.428926
0.436619
0.400565
0.401377
0.405673
0.432415
0.404759
0.433736
0.447145
0.46175
0.446889
0.438044
0.444339
0.444335
0.438073
0.440244
0.455875
0.441443
0.433558
0.437874
0.439861
0.432569
0.318987
0.303121
0.337987
0.313786
0.318947
0.338081
0.303241
0.319373
0.314208
0.338802
0.30376
0.338464
0.303655
0.319574
0.494272
0.457179
0.498643
0.497949
0.472842
0.475862
0.494564
0.815239
0.784186
0.582474
0.604695
0.770329
0.83174
0.57205
0.60847
0.518068
0.526088
0.597892
0.594097
0.521011
0.612408
0.51065
0.466801
0.509456
0.511591
0.489153
0.48834
0.512658
0.815312
0.576432
0.606424
0.768662
0.769333
0.575751
0.81468
0.38524
0.335878
0.426584
0.356254
0.336481
0.384557
0.427718
0.477736
0.471818
0.475319
0.482124
0.477956
0.471538
0.481832
0.469596
0.463034
0.472435
0.467141
0.468911
0.463694
0.473304
0.388264
0.337995
0.357437
0.431804
0.337601
0.389333
0.430531
0.622541
0.535829
0.532655
0.602616
0.607889
0.538365
0.61717
0.479719
0.524015
0.523209
0.527547
0.504166
0.503555
0.528293
0.818962
0.775979
0.605742
0.578472
0.772961
0.576374
0.821951
0.512875
0.473251
0.516356
0.518809
0.492717
0.495325
0.515907
0.816958
0.576929
0.769621
0.60663
0.771079
0.816148
0.576999
0.257826
0.251773
0.257846
0.240749
0.239485
0.240738
0.239487
0.252172
0.258248
0.258222
0.241111
0.239864
0.239865
0.241115
0.231532
0.232308
0.22019
0.220519
0.231527
0.220192
0.232312
0.231687
0.232491
0.220337
0.220679
0.220337
0.231689
0.232487
0.258629
0.252484
0.258623
0.24141
0.24014
0.240141
0.24141
0.258545
0.252434
0.258551
0.241359
0.240096
0.241357
0.240097
0.232008
0.232831
0.220991
0.220629
0.22063
0.23283
0.232008
0.231932
0.232747
0.220559
0.220918
0.231931
0.220561
0.232748
0.446198
0.410312
0.410296
0.415054
0.443651
0.443619
0.415103
0.451554
0.468134
0.45251
0.443409
0.448696
0.450296
0.442635
0.454307
0.469881
0.454227
0.44471
0.451253
0.451378
0.44466
0.447734
0.411723
0.411809
0.416704
0.445097
0.416582
0.445248
0.45672
0.472502
0.456737
0.446948
0.45355
0.453632
0.446916
0.456105
0.472156
0.456298
0.446647
0.453139
0.453471
0.446493
0.324881
0.308311
0.34505
0.319335
0.324932
0.344989
0.308342
0.325228
0.319704
0.345489
0.308678
0.345366
0.308677
0.32531
0.527501
0.486796
0.5308
0.535656
0.509047
0.511452
0.532817
0.831527
0.782447
0.580149
0.610974
0.78514
0.828925
0.581373
0.646289
0.557667
0.559911
0.633964
0.631768
0.558931
0.64849
0.533013
0.488676
0.53286
0.538508
0.5141
0.513985
0.538666
0.833863
0.583495
0.611435
0.789946
0.78708
0.582173
0.836885
0.388372
0.337965
0.436249
0.355774
0.336133
0.392417
0.431254
0.488225
0.482181
0.486217
0.492802
0.488297
0.482057
0.492709
0.487692
0.481479
0.492088
0.485718
0.487601
0.481528
0.492214
0.373856
0.331117
0.34954
0.414087
0.331009
0.373477
0.415067
0.643048
0.562524
0.56303
0.63629
0.628099
0.563391
0.650975
0.491443
0.535376
0.535408
0.541506
0.517051
0.517103
0.541472
0.821941
0.77811
0.59225
0.562194
0.777252
0.561613
0.823091
0.534729
0.491145
0.535305
0.541308
0.516263
0.516788
0.540737
0.833951
0.581443
0.795971
0.597698
0.787423
0.84274
0.566281
0.258628
0.252483
0.258621
0.241409
0.24014
0.241409
0.240141
0.252432
0.258543
0.258549
0.241358
0.240095
0.240096
0.241356
0.232007
0.23283
0.220628
0.22099
0.232007
0.220629
0.232829
0.23193
0.232745
0.220558
0.220916
0.220559
0.231929
0.232746
0.257817
0.251763
0.257837
0.24074
0.239476
0.239477
0.240729
0.258245
0.252169
0.258219
0.241108
0.239862
0.241112
0.239862
0.231528
0.232305
0.220516
0.220187
0.220189
0.232309
0.231524
0.231684
0.232488
0.220334
0.220676
0.231686
0.220334
0.232484
0.44773
0.411723
0.411809
0.416705
0.445113
0.445247
0.416582
0.456714
0.472497
0.456731
0.446944
0.453543
0.453628
0.44691
0.456109
0.472122
0.456263
0.446658
0.453152
0.453487
0.446503
0.446204
0.410314
0.4103
0.41506
0.443637
0.415108
0.443626
0.451565
0.468154
0.452526
0.443437
0.448727
0.450337
0.44266
0.454313
0.469936
0.454277
0.444725
0.451269
0.451401
0.444672
0.325654
0.309029
0.345958
0.320096
0.325711
0.345876
0.309035
0.325725
0.320168
0.34595
0.309048
0.345961
0.309095
0.325732
0.535367
0.491437
0.5354
0.541497
0.517043
0.517094
0.541462
0.821827
0.778004
0.562094
0.592159
0.777161
0.82296
0.561516
0.64305
0.562522
0.563024
0.636275
0.628102
0.563388
0.650963
0.534727
0.491109
0.53529
0.541311
0.516262
0.516796
0.540731
0.833846
0.581373
0.597621
0.79591
0.787338
0.566194
0.842667
0.393638
0.338921
0.437455
0.359143
0.338761
0.393688
0.437153
0.482364
0.47583
0.480411
0.485883
0.481762
0.476402
0.48667
0.485802
0.479712
0.490364
0.483681
0.48589
0.479573
0.490248
0.390565
0.33803
0.35787
0.432675
0.337916
0.390119
0.433212
0.646292
0.557674
0.559911
0.633959
0.631769
0.558939
0.648489
0.486815
0.527505
0.530809
0.535657
0.50905
0.511465
0.532813
0.831694
0.782584
0.611171
0.580329
0.78529
0.581546
0.829081
0.53302
0.488732
0.532893
0.538518
0.514103
0.513997
0.538667
0.834064
0.583614
0.790055
0.611645
0.787252
0.837012
0.582369
0.25648
0.250384
0.256425
0.23949
0.238217
0.239501
0.238215
0.249351
0.255416
0.255463
0.238559
0.237238
0.237243
0.238547
0.230841
0.231598
0.219569
0.219854
0.230852
0.219564
0.231581
0.230479
0.231174
0.219227
0.219498
0.219233
0.23047
0.231187
0.251946
0.245913
0.252037
0.235421
0.23405
0.23406
0.235394
0.253556
0.247355
0.253446
0.236746
0.235418
0.236779
0.235407
0.228618
0.2299
0.218354
0.217424
0.217472
0.229923
0.228557
0.229429
0.230392
0.218382
0.218753
0.22957
0.218253
0.230362
0.436648
0.400601
0.401411
0.405718
0.432471
0.433775
0.404805
0.447177
0.461797
0.446926
0.438094
0.444392
0.444403
0.438117
0.440334
0.455948
0.441495
0.433665
0.438017
0.439993
0.432681
0.43245
0.397322
0.397299
0.401356
0.429487
0.40146
0.429433
0.427114
0.441963
0.428784
0.423008
0.426312
0.428769
0.421672
0.436889
0.450333
0.436567
0.429121
0.434802
0.435048
0.429066
0.320843
0.305027
0.340428
0.315631
0.320988
0.340186
0.304954
0.320743
0.315519
0.340056
0.304772
0.340082
0.304845
0.320744
0.524044
0.479767
0.523252
0.527586
0.504204
0.503604
0.528322
0.819159
0.776158
0.578659
0.605974
0.773159
0.822138
0.576558
0.622616
0.535924
0.532776
0.602734
0.607967
0.538454
0.617278
0.512972
0.47333
0.516431
0.518898
0.492835
0.495438
0.516006
0.817237
0.577224
0.60693
0.769996
0.771361
0.577231
0.816523
0.384221
0.336232
0.426056
0.355551
0.336081
0.384383
0.42581
0.454104
0.447779
0.4514
0.456151
0.453304
0.448539
0.45713
0.466076
0.460279
0.469961
0.463229
0.46634
0.459956
0.469619
0.382063
0.342583
0.353807
0.43496
0.336119
0.393979
0.420639
0.6087
0.518338
0.526285
0.598078
0.594347
0.521261
0.612584
0.457474
0.494596
0.4989
0.498241
0.473232
0.476199
0.494915
0.816134
0.785448
0.605483
0.583176
0.771243
0.572656
0.832972
0.510772
0.467001
0.509615
0.511752
0.489311
0.488531
0.512792
0.816011
0.576825
0.769204
0.607035
0.770033
0.815223
0.576231
0.248938
0.242823
0.248679
0.232556
0.231279
0.232642
0.231254
0.240314
0.245841
0.246188
0.230247
0.228888
0.228922
0.230088
0.226388
0.228528
0.21577
0.217057
0.226803
0.215398
0.228448
0.224994
0.22751
0.213871
0.216284
0.214076
0.22474
0.227583
0.234687
0.230545
0.236519
0.221936
0.219834
0.221139
0.220282
0.241624
0.235386
0.240475
0.225454
0.224956
0.226213
0.224466
0.219897
0.22252
0.211617
0.209419
0.219051
0.209695
0.222459
0.221838
0.2253
0.211964
0.213674
0.222672
0.211248
0.22466
0.429448
0.394175
0.392214
0.397647
0.427867
0.427186
0.400124
0.424028
0.437327
0.424117
0.419194
0.42383
0.425565
0.418481
0.454406
0.463943
0.445414
0.442063
0.477044
0.455171
0.452736
0.428381
0.396154
0.39837
0.407835
0.427776
0.403951
0.429325
0.884284
0.909319
0.797768
0.737942
0.855276
0.766516
0.804742
0.467333
0.543637
0.49037
0.49179
0.49134
0.532839
0.468413
0.313441
0.29554
0.330247
0.30764
0.311389
0.333449
0.296268
0.316168
0.310611
0.338432
0.299113
0.337184
0.298573
0.316951
0.492968
0.452166
0.492832
0.492462
0.470483
0.470936
0.492393
0.880513
0.811381
0.621071
0.676366
0.831316
0.862988
0.645355
0.643302
0.566935
0.611672
0.731793
0.654553
0.546634
0.698099
0.515463
0.478312
0.506472
0.519052
0.52961
0.509546
0.532508
0.898396
0.654177
0.690294
0.911793
0.860318
0.652498
0.93293
0.405965
0.362944
0.452133
0.384588
0.364036
0.407083
0.450269
1.01024
1.05314
1.06449
1.13193
1.00691
1.08061
1.06022
0.492
0.488057
0.494879
0.505989
0.486634
0.4941
0.502274
0.397456
0.375133
0.388648
0.432346
0.39886
0.371657
0.433563
0.959344
1.02254
0.736627
0.855604
1.03189
0.943315
0.798044
0.997726
1.1437
0.93371
1.20535
1.30709
1.20129
1.38148
1.21789
1.40151
0.80209
0.716269
1.24863
1.37982
0.711575
0.521446
0.559544
0.551724
0.593395
0.56092
0.609875
0.555202
1.08336
0.667344
0.994134
0.761879
1.10599
0.991668
0.685494
0.238161
0.236626
0.221177
0.236652
0.228804
0.248621
0.229289
0.228428
0.21627
0.216358
0.21637
0.220232
0.222276
0.222857
0.313085
0.280303
0.300156
0.285807
0.283386
0.297022
0.274863
0.272221
0.27399
0.286944
0.272553
0.256617
0.26485
0.257897
0.305812
0.262907
0.26705
0.261812
0.282825
0.275902
0.286397
0.329365
0.304993
0.274339
0.334164
0.354739
0.289633
0.308597
0.329196
0.3229
0.319993
0.309155
0.329319
0.324971
0.318383
0.330626
0.319266
0.311186
0.328653
0.327454
0.319294
0.331336
0.334303
0.330069
0.318574
0.327661
0.331501
0.326226
0.333086
0.335029
0.322556
0.316378
0.332757
0.332502
0.324286
0.334943
0.345859
0.341822
0.332947
0.341862
0.341748
0.341425
0.346021
0.344818
0.33954
0.339802
0.331965
0.340647
0.343714
0.340755
0.338687
0.333522
0.332494
0.326152
0.33648
0.335201
0.334743
0.340513
0.336651
0.327622
0.337157
0.336855
0.33593
0.34107
0.346396
0.362608
0.377386
0.341778
0.375365
0.341814
0.34634
0.352544
0.360284
0.381858
0.388451
0.35672
0.382126
0.355929
0.3488
0.363838
0.375456
0.346345
0.375347
0.351614
0.34465
0.350548
0.385775
0.390556
0.355427
0.355253
0.38316
0.350546
0.346663
0.380711
0.343332
0.368144
0.342811
0.347494
0.382661
0.351879
0.35693
0.403657
0.39594
0.357301
0.39472
0.351481
0.350642
0.389364
0.356388
0.400607
0.355993
0.351464
0.391782
0.347848
0.370573
0.343849
0.386596
0.34405
0.385424
0.347489
0.313459
0.295557
0.307657
0.330269
0.311408
0.33347
0.296284
0.316187
0.310629
0.338454
0.299129
0.31697
0.337206
0.298589
0.346149
0.386187
0.341747
0.371527
0.387887
0.345758
0.341922
0.352745
0.358107
0.415359
0.40377
0.402795
0.359366
0.351905
0.351403
0.397047
0.411757
0.357168
0.39966
0.358144
0.350744
0.347655
0.373655
0.39138
0.343395
0.390444
0.343503
0.34726
0.342979
0.383459
0.367568
0.339674
0.339311
0.382443
0.343683
0.349386
0.356526
0.402814
0.395895
0.35466
0.351288
0.394111
0.347476
0.393841
0.401816
0.354907
0.353421
0.392159
0.348588
0.345731
0.370903
0.34382
0.386807
0.347384
0.342801
0.385172
0.350883
0.345274
0.346049
0.338158
0.34957
0.346303
0.347357
0.351607
0.348311
0.338808
0.347023
0.346997
0.347858
0.351733
0.354467
0.349638
0.341888
0.351546
0.349565
0.351162
0.354611
0.353941
0.350272
0.341456
0.348634
0.348995
0.35094
0.353431
0.360202
0.354815
0.34778
0.357919
0.35469
0.357642
0.360381
0.359742
0.357002
0.353977
0.347426
0.354201
0.359424
0.357423
0.357519
0.351792
0.354277
0.345122
0.35693
0.352227
0.354936
0.357925
0.355513
0.345479
0.352723
0.352641
0.355156
0.358074
0.332413
0.360579
0.352259
0.329488
0.362325
0.3301
0.331558
0.344315
0.353683
0.389987
0.398557
0.34799
0.384858
0.348341
0.334661
0.365521
0.370961
0.336443
0.337932
0.366918
0.33353
0.341741
0.366104
0.387809
0.340503
0.378604
0.344281
0.339232
0.331519
0.360222
0.329413
0.350686
0.329465
0.331419
0.360716
0.334325
0.337528
0.37295
0.367891
0.33718
0.367112
0.334635
0.333489
0.365145
0.336161
0.371474
0.336338
0.333345
0.365922
0.332356
0.351655
0.330476
0.362342
0.330329
0.361764
0.332595
0.320869
0.305051
0.315657
0.340462
0.321016
0.340216
0.304978
0.320757
0.315533
0.340067
0.304783
0.320754
0.3401
0.304857
0.33464
0.365121
0.332548
0.354606
0.365281
0.334652
0.332527
0.3374
0.340661
0.378603
0.372824
0.372145
0.340263
0.337718
0.3367
0.37104
0.377679
0.33951
0.371271
0.339559
0.336686
0.335339
0.355395
0.366653
0.333365
0.366113
0.333236
0.335569
0.333737
0.364338
0.353447
0.331766
0.331675
0.363925
0.333896
0.335551
0.338441
0.375417
0.36901
0.338373
0.335638
0.36927
0.335752
0.3703
0.376034
0.338861
0.338613
0.369757
0.33597
0.333585
0.353224
0.331619
0.36346
0.333672
0.331559
0.363586
0.36337
0.356995
0.360472
0.350673
0.362737
0.357545
0.360951
0.363449
0.360763
0.350819
0.357078
0.357666
0.361008
0.362853
0.364103
0.358383
0.351512
0.36202
0.358275
0.361794
0.364242
0.363911
0.361449
0.351431
0.357827
0.358061
0.361795
0.363627
0.365463
0.359495
0.352843
0.363316
0.359483
0.363283
0.365482
0.365421
0.363263
0.35944
0.352829
0.359433
0.365422
0.363286
0.365073
0.359064
0.362795
0.352468
0.364993
0.359117
0.362919
0.365116
0.363011
0.35252
0.359184
0.359167
0.362923
0.365149
0.336392
0.368107
0.356997
0.33434
0.367893
0.334296
0.336468
0.338689
0.341648
0.380592
0.374023
0.341504
0.374117
0.33883
0.338432
0.374239
0.38045
0.341406
0.341272
0.373966
0.338536
0.336664
0.357194
0.367969
0.334659
0.368055
0.336783
0.334584
0.336917
0.36871
0.334845
0.35773
0.334814
0.336958
0.368701
0.339401
0.342314
0.38187
0.375617
0.34222
0.37536
0.339501
0.338954
0.374802
0.341823
0.38129
0.341781
0.338997
0.374795
0.337366
0.358243
0.335315
0.369452
0.335265
0.369244
0.337447
0.325727
0.309089
0.320164
0.346044
0.325783
0.345963
0.309095
0.325799
0.320236
0.346038
0.309109
0.325806
0.346048
0.309156
0.337971
0.370239
0.335917
0.359068
0.370169
0.33803
0.335878
0.340231
0.342969
0.383435
0.376911
0.376742
0.342871
0.340318
0.339975
0.376494
0.383061
0.342689
0.37642
0.342607
0.340045
0.338216
0.359331
0.370577
0.336161
0.370456
0.336118
0.338285
0.337703
0.369947
0.358732
0.335663
0.33562
0.369769
0.337775
0.339794
0.342605
0.382352
0.376001
0.342474
0.339878
0.375953
0.33969
0.376173
0.382288
0.342442
0.342332
0.375894
0.339791
0.337803
0.358829
0.335765
0.369896
0.337869
0.335722
0.369856
0.365457
0.359489
0.363311
0.352838
0.365475
0.359477
0.363279
0.365414
0.363259
0.352825
0.359433
0.359426
0.363282
0.365415
0.365064
0.359055
0.35246
0.362788
0.359108
0.362913
0.364985
0.365107
0.363004
0.352513
0.359175
0.359158
0.362916
0.36514
0.36336
0.356987
0.350658
0.360459
0.357535
0.360939
0.362728
0.363439
0.360751
0.35707
0.350807
0.357657
0.362845
0.360995
0.364099
0.358379
0.362013
0.351505
0.364238
0.358273
0.361787
0.363908
0.361442
0.351424
0.357823
0.358058
0.361789
0.363622
0.337906
0.370153
0.358989
0.335854
0.370084
0.335814
0.337965
0.340166
0.342905
0.383345
0.376827
0.342805
0.376655
0.340254
0.339909
0.376405
0.382969
0.342621
0.34254
0.376331
0.339979
0.338152
0.359254
0.370496
0.336099
0.370373
0.338222
0.336056
0.337636
0.369861
0.335598
0.358652
0.335555
0.337709
0.369682
0.339726
0.342536
0.382257
0.375909
0.342405
0.375861
0.33981
0.339623
0.376083
0.342373
0.382194
0.342264
0.339723
0.375804
0.337736
0.358748
0.335699
0.369808
0.335656
0.369768
0.337803
0.324942
0.308359
0.319391
0.345121
0.324992
0.345061
0.308391
0.325285
0.319756
0.345549
0.308722
0.325363
0.345435
0.308722
0.336398
0.368123
0.334348
0.357
0.367896
0.336478
0.334302
0.338711
0.341674
0.380617
0.374055
0.374141
0.341526
0.338856
0.338438
0.374259
0.380455
0.341422
0.37397
0.341279
0.338548
0.336686
0.357219
0.368
0.334683
0.36808
0.334607
0.336808
0.336971
0.36878
0.357795
0.334899
0.334867
0.368771
0.337013
0.339443
0.342345
0.381932
0.375655
0.342263
0.339534
0.375419
0.339009
0.374875
0.381366
0.34188
0.341838
0.374868
0.339053
0.337407
0.358295
0.335351
0.369492
0.337482
0.335304
0.369301
0.360191
0.354796
0.357899
0.347766
0.360362
0.35468
0.357627
0.359727
0.356987
0.347407
0.353965
0.354186
0.357406
0.359411
0.357506
0.351782
0.345104
0.354262
0.352213
0.354921
0.356919
0.357915
0.355495
0.345465
0.352706
0.352631
0.355142
0.358059
0.350873
0.345263
0.338139
0.346038
0.34629
0.347345
0.349562
0.351597
0.348298
0.347009
0.338789
0.346984
0.351722
0.347845
0.354453
0.349622
0.35153
0.341866
0.354597
0.34955
0.351144
0.353928
0.350256
0.341436
0.34862
0.34898
0.350925
0.353419
0.334611
0.365081
0.354568
0.332519
0.36524
0.332498
0.334623
0.337377
0.340649
0.378568
0.372806
0.34024
0.372109
0.337703
0.336672
0.370999
0.377636
0.339481
0.339531
0.371229
0.336657
0.335315
0.355363
0.366632
0.333345
0.366077
0.335552
0.333212
0.333713
0.364304
0.331742
0.353417
0.331651
0.333872
0.363892
0.335536
0.338429
0.375393
0.368991
0.338358
0.369246
0.335626
0.335729
0.370265
0.338837
0.376
0.338589
0.335945
0.369723
0.333571
0.353205
0.331607
0.363442
0.331545
0.363564
0.33366
0.318948
0.303088
0.313751
0.337944
0.31891
0.338036
0.303208
0.31935
0.314186
0.33878
0.303741
0.319553
0.338438
0.303635
0.332374
0.360532
0.329452
0.35221
0.362271
0.331524
0.330062
0.344257
0.353612
0.3899
0.398464
0.384778
0.347927
0.348278
0.334621
0.365474
0.370902
0.336409
0.366862
0.337889
0.333496
0.341687
0.366039
0.387728
0.340449
0.378531
0.33918
0.344223
0.331494
0.360183
0.350653
0.329386
0.329439
0.360682
0.331393
0.334311
0.337515
0.372927
0.367872
0.337166
0.334621
0.36709
0.333465
0.365106
0.371441
0.336135
0.336315
0.365888
0.333319
0.332342
0.351634
0.330462
0.362324
0.332581
0.330314
0.361742
0.34585
0.341813
0.341854
0.332927
0.346015
0.341735
0.341414
0.344812
0.339527
0.331946
0.339791
0.340636
0.340745
0.343707
0.338676
0.333506
0.326128
0.332477
0.335184
0.334728
0.33647
0.340507
0.336637
0.327602
0.337141
0.336843
0.335918
0.341059
0.32914
0.322849
0.31989
0.309093
0.329237
0.324932
0.3183
0.330584
0.319215
0.328625
0.311133
0.327421
0.331302
0.319231
0.334286
0.33005
0.327641
0.318545
0.333072
0.331479
0.326202
0.335011
0.322519
0.316345
0.332736
0.332481
0.324256
0.334921
0.34611
0.386142
0.371484
0.341714
0.387838
0.341888
0.345721
0.352691
0.358042
0.415284
0.403691
0.359306
0.402729
0.351847
0.351358
0.396998
0.411695
0.35712
0.358094
0.399606
0.350701
0.347607
0.373602
0.391311
0.343349
0.390383
0.347208
0.343458
0.342947
0.383419
0.339645
0.367536
0.339282
0.34365
0.382407
0.349345
0.356479
0.402759
0.395848
0.354614
0.394065
0.351245
0.347437
0.393795
0.354862
0.401766
0.353377
0.348549
0.392117
0.345696
0.370868
0.343788
0.386767
0.34277
0.385132
0.347347
0.309963
0.293126
0.305718
0.329393
0.30946
0.330356
0.293473
0.312047
0.307672
0.334621
0.295981
0.313163
0.332706
0.29535
0.346341
0.377329
0.362568
0.341734
0.375306
0.34628
0.341773
0.352471
0.360211
0.388093
0.381748
0.381996
0.356608
0.355869
0.350473
0.385663
0.390211
0.355329
0.383032
0.355141
0.35047
0.348747
0.363794
0.375396
0.346303
0.375285
0.351564
0.344607
0.346616
0.38066
0.368106
0.34329
0.342772
0.382612
0.347441
0.35183
0.356879
0.403568
0.395887
0.35725
0.351435
0.39466
0.350587
0.389275
0.400477
0.356317
0.355934
0.391707
0.351402
0.347806
0.370536
0.343815
0.386555
0.34745
0.344014
0.385381
0.315336
0.280336
0.29502
0.293043
0.293119
0.312903
0.279526
0.280717
0.284056
0.265601
0.292004
0.302632
0.268888
0.273454
1.0834
1.16217
1.0996
1.10686
1.14112
1.09047
1.16779
0.38215
0.429896
0.398924
0.397945
0.400148
0.425505
0.386655
0.630821
0.690445
0.556129
0.60469
0.577994
0.628637
0.71167
0.315354
0.280344
0.295032
0.293055
0.29313
0.312922
0.279533
0.28072
0.284063
0.265601
0.292003
0.30265
0.268891
0.273447
0.263178
0.253817
0.26438
0.242994
0.239919
0.242768
0.240049
0.255582
0.268326
0.266737
0.244234
0.241469
0.241282
0.244539
0.285978
0.268812
0.285518
0.253924
0.250482
0.254003
0.250435
0.284577
0.268215
0.284919
0.253458
0.249911
0.25341
0.249934
0.473358
0.430352
0.451884
0.485089
0.462983
0.499564
0.454859
0.420634
0.38554
0.386028
0.389863
0.417529
0.417379
0.389477
0.264957
0.246004
0.283505
0.279633
0.243958
0.250473
0.252886
0.263369
0.241979
0.273753
0.277429
0.2431
0.249259
0.247737
0.291023
0.316608
0.295041
0.257896
0.268162
0.270423
0.256036
0.30125
0.319412
0.297642
0.259518
0.275297
0.27267
0.262077
0.255533
0.236821
0.264902
0.237506
0.267065
0.2423
0.241248
0.256097
0.240288
0.270212
0.238656
0.267696
0.243591
0.245551
0.286666
0.306461
0.283909
0.251055
0.264675
0.253248
0.262301
0.279082
0.304979
0.282854
0.249476
0.257433
0.260145
0.247816
0.288568
0.271537
0.288793
0.256069
0.252541
0.25604
0.252551
0.271674
0.289218
0.288952
0.256168
0.252663
0.252645
0.256204
0.294006
0.275445
0.293784
0.259001
0.255408
0.259023
0.2554
0.293379
0.275327
0.293545
0.258942
0.255351
0.258924
0.255358
0.428489
0.394047
0.393732
0.397559
0.425836
0.425271
0.398011
0.439921
0.404168
0.404538
0.409058
0.436594
0.437211
0.408604
0.248621
0.235207
0.260285
0.257416
0.234007
0.237547
0.239048
0.24868
0.233576
0.258304
0.25788
0.233378
0.23706
0.237314
0.270104
0.285949
0.269642
0.24261
0.251061
0.250747
0.242911
0.272282
0.28455
0.26876
0.242921
0.253025
0.244727
0.250893
0.249226
0.233473
0.258373
0.233273
0.258079
0.236794
0.23702
0.248907
0.233452
0.258009
0.233217
0.257828
0.236805
0.23708
0.269727
0.285806
0.269604
0.24226
0.250545
0.242556
0.250208
0.269958
0.285734
0.269745
0.242162
0.250059
0.249928
0.242374
0.295428
0.276765
0.295798
0.259926
0.256257
0.259911
0.256262
0.27678
0.295602
0.295785
0.2599
0.256256
0.256267
0.259865
0.297195
0.277741
0.297188
0.260541
0.256882
0.26054
0.256883
0.29713
0.277721
0.297141
0.260535
0.256877
0.260533
0.256878
0.445455
0.409038
0.409463
0.414174
0.442173
0.442845
0.413831
0.448174
0.412241
0.412238
0.417143
0.445705
0.445698
0.417133
0.249066
0.233392
0.258113
0.257706
0.233071
0.23642
0.236821
0.248953
0.232979
0.257694
0.25757
0.232829
0.23614
0.236297
0.269003
0.284407
0.268884
0.24122
0.24872
0.24851
0.241393
0.269499
0.284585
0.269043
0.241538
0.249481
0.242021
0.248889
0.248664
0.232942
0.256752
0.232736
0.256534
0.235752
0.236004
0.248565
0.232849
0.257133
0.232626
0.256579
0.235699
0.236028
0.268177
0.282137
0.267299
0.240549
0.248163
0.240975
0.24767
0.26755
0.282409
0.267261
0.240591
0.248322
0.247837
0.240921
0.297189
0.277738
0.297181
0.260539
0.256881
0.260539
0.256882
0.277718
0.297123
0.297134
0.260533
0.256876
0.256877
0.260531
0.295425
0.276759
0.295792
0.259921
0.256253
0.259907
0.256258
0.295598
0.276774
0.295776
0.259895
0.256252
0.25986
0.256263
0.448169
0.412239
0.412235
0.417141
0.44572
0.445694
0.417131
0.445465
0.409045
0.409471
0.414185
0.442164
0.442857
0.413841
0.248654
0.232939
0.256742
0.256522
0.232732
0.235747
0.236
0.248556
0.232846
0.257121
0.256568
0.232623
0.235696
0.236025
0.268164
0.282123
0.267287
0.240546
0.24816
0.247668
0.240971
0.267537
0.282391
0.267247
0.240586
0.248316
0.240917
0.247831
0.249073
0.233398
0.258125
0.233077
0.257717
0.236429
0.23683
0.248964
0.232985
0.257705
0.232835
0.257586
0.236148
0.236304
0.269018
0.284439
0.268906
0.241232
0.248733
0.241403
0.248528
0.269518
0.284611
0.26906
0.24155
0.2495
0.248907
0.242034
0.293993
0.275437
0.293774
0.258994
0.255402
0.259016
0.255394
0.275318
0.293369
0.293532
0.258935
0.255345
0.255352
0.258918
0.288551
0.271522
0.288777
0.256058
0.25253
0.256029
0.25254
0.289203
0.27166
0.288936
0.256157
0.252651
0.256193
0.252633
0.439933
0.404187
0.404554
0.409081
0.436633
0.437229
0.408629
0.428569
0.394129
0.393819
0.397667
0.425914
0.42537
0.398115
0.24923
0.233479
0.258381
0.258086
0.233278
0.236802
0.237029
0.248913
0.23346
0.25802
0.257837
0.233225
0.236816
0.237091
0.269748
0.285837
0.269621
0.242278
0.250577
0.250237
0.242575
0.269973
0.285759
0.269759
0.242176
0.25008
0.242387
0.24995
0.248623
0.235212
0.260279
0.234014
0.257422
0.237558
0.239055
0.248685
0.233585
0.258317
0.233385
0.25789
0.237072
0.237328
0.270129
0.286001
0.269666
0.242631
0.2511
0.242934
0.250788
0.272286
0.284601
0.26878
0.242943
0.253065
0.250938
0.244743
0.285965
0.268798
0.285502
0.253913
0.250471
0.253992
0.250424
0.268201
0.284563
0.284904
0.253446
0.2499
0.249923
0.253399
0.263161
0.253804
0.264363
0.242984
0.239909
0.242758
0.240039
0.268308
0.255568
0.266719
0.244223
0.241458
0.244529
0.241272
0.420781
0.385699
0.386176
0.390054
0.417755
0.417566
0.389678
0.473147
0.430148
0.451531
0.484641
0.462846
0.499257
0.454615
0.255509
0.236822
0.264882
0.267028
0.2375
0.242292
0.24125
0.256056
0.240258
0.270088
0.267629
0.238641
0.243569
0.245503
0.286547
0.30645
0.283852
0.25104
0.264679
0.26233
0.253199
0.279069
0.305018
0.28283
0.249476
0.257472
0.247828
0.260182
0.264695
0.245876
0.282552
0.243854
0.279203
0.250249
0.252501
0.26319
0.241928
0.273535
0.243022
0.277057
0.249106
0.247647
0.290782
0.316224
0.294628
0.257707
0.268113
0.255933
0.270285
0.29956
0.318727
0.297085
0.259229
0.274717
0.272391
0.261546
0.226808
0.217556
0.213055
0.220583
0.215204
0.213042
0.211342
0.218731
0.206914
0.215461
0.211742
0.206772
0.204749
0.215144
0.509555
0.341264
0.411349
0.435849
0.438613
0.358644
0.562365
0.933213
0.885085
1.00373
0.853584
0.906874
0.852168
0.89707
0.450587
0.448326
0.779975
0.372414
0.36107
0.479868
0.606219
0.228055
0.219631
0.224538
0.215136
0.212411
0.214992
0.212581
1.1063
1.19759
1.127
1.13578
1.17118
1.11323
1.20444
0.379951
0.426838
0.396415
0.394886
0.397039
0.421225
0.382756
0.631278
0.560518
0.694021
0.616383
0.585225
0.630963
0.724872
0.47624
0.540904
0.580628
0.494799
0.535511
0.478282
0.491377
0.454786
0.508714
0.553727
0.464149
0.516341
0.452652
0.467935
0.485071
0.543067
0.499502
0.596179
0.483488
0.547495
0.5022
0.498933
0.560188
0.609665
0.516213
0.558667
0.515934
0.499421
0.405084
0.386173
0.4458
0.36756
0.366265
0.403497
0.448385
0.900279
0.98285
0.978767
0.694471
0.756119
0.676774
0.69397
0.660523
0.711551
0.737711
0.875261
0.948474
0.953046
0.399591
0.388848
0.442668
0.369737
0.370823
0.401786
0.438836
0.987645
0.911209
0.990844
0.5837
0.623462
0.626562
0.643462
0.611749
0.595388
0.608434
0.927816
1.00807
1.00714
0.461912
0.506785
0.557695
0.481063
0.507607
0.462219
0.480276
0.502977
0.557753
0.603505
0.524221
0.554011
0.518212
0.506309
0.466482
0.511339
0.485441
0.561916
0.466234
0.510223
0.486015
0.474621
0.516023
0.569721
0.495023
0.516811
0.494762
0.474783
0.383065
0.354863
0.422567
0.33449
0.335463
0.381294
0.424641
0.847796
0.920963
0.921004
0.460078
0.457081
0.454597
0.463855
0.460533
0.454118
0.463262
0.905404
0.984671
0.97731
0.37654
0.349915
0.4194
0.333358
0.331791
0.379018
0.415708
0.919464
0.848593
0.92002
0.463149
0.460454
0.456736
0.465804
0.462549
0.457282
0.466552
0.852188
0.925792
0.923943
0.490985
0.525857
0.591392
0.515002
0.527514
0.490818
0.515326
0.486523
0.526034
0.586892
0.510429
0.524316
0.510138
0.486676
0.49237
0.528195
0.517097
0.59093
0.492603
0.526379
0.516605
0.495743
0.52645
0.592411
0.519188
0.527637
0.519701
0.495463
0.392707
0.358524
0.435389
0.338261
0.3383
0.39234
0.435914
0.883068
0.956754
0.956352
0.484203
0.482097
0.478047
0.488571
0.484163
0.47804
0.488592
0.880012
0.952744
0.953162
0.390919
0.357808
0.434697
0.338144
0.337773
0.391745
0.433673
0.958615
0.885479
0.958829
0.485214
0.483167
0.479041
0.489536
0.485137
0.479069
0.48964
0.887594
0.960896
0.960923
0.467742
0.540892
0.576116
0.485183
0.538566
0.468734
0.483058
0.466061
0.535582
0.569158
0.479266
0.535585
0.479342
0.466018
0.47321
0.545947
0.49078
0.598497
0.471686
0.549728
0.493821
0.494931
0.525481
0.588546
0.518117
0.524541
0.517735
0.495194
0.379622
0.350699
0.416265
0.331632
0.332428
0.376232
0.419835
0.894276
0.968573
0.968328
0.488374
0.486395
0.482209
0.49285
0.488331
0.482222
0.492878
0.895145
0.968751
0.969117
0.373426
0.349009
0.414819
0.331076
0.330699
0.37454
0.413897
0.967565
0.893228
0.966794
0.487837
0.485842
0.481773
0.492412
0.487891
0.481666
0.492344
0.888249
0.961639
0.961449
0.477492
0.52
0.578549
0.500173
0.518651
0.477547
0.500104
0.484407
0.523027
0.585903
0.507756
0.524476
0.507844
0.484349
0.475902
0.518213
0.498425
0.578531
0.475879
0.519331
0.498431
0.476365
0.51825
0.577395
0.496467
0.521188
0.497822
0.47562
0.385038
0.356103
0.427651
0.336694
0.336343
0.385505
0.4273
0.8695
0.941547
0.942052
0.475876
0.473576
0.469455
0.479347
0.47544
0.469862
0.479882
0.875856
0.949541
0.948807
0.386872
0.356743
0.428122
0.336809
0.337019
0.386111
0.428989
0.940392
0.867348
0.939848
0.473383
0.470836
0.467519
0.477545
0.473602
0.467253
0.477257
0.862883
0.934789
0.935595
0.520464
0.5757
0.63525
0.540088
0.57654
0.519306
0.541638
0.52598
0.576854
0.631669
0.540401
0.579345
0.544668
0.523554
0.510762
0.568887
0.532905
0.625497
0.512179
0.567499
0.530706
0.499906
0.558544
0.610575
0.516864
0.559768
0.517176
0.499533
0.41421
0.38532
0.470294
0.363621
0.361446
0.419374
0.463656
0.943823
1.02156
1.02422
0.453314
0.45089
0.449251
0.458217
0.454609
0.447731
0.456566
0.933791
1.0052
1.01134
0.424378
0.388463
0.475287
0.364455
0.363664
0.423375
0.476041
1.01712
0.933556
1.0137
0.458853
0.457793
0.452581
0.46122
0.457657
0.453808
0.462826
0.928942
1.00652
1.00728
0.226794
0.213042
0.217541
0.215194
0.220571
0.213033
0.21133
0.218727
0.206911
0.215456
0.211737
0.206768
0.204746
0.215139
0.916666
0.881614
0.98403
0.847403
0.890266
0.847129
0.893591
0.509041
0.340953
0.410957
0.43488
0.437713
0.56137
0.358138
0.449474
0.7633
0.446846
0.371932
0.60357
0.478807
0.360566
0.228052
0.21963
0.224536
0.215134
0.212409
0.21499
0.21258
0.321568
0.322849
0.333654
0.350952
0.320535
0.331279
0.333922
0.375143
0.324554
0.333282
0.35081
0.35215
0.337696
0.366102
0.364061
0.380909
0.359056
0.362901
0.387652
0.380148
0.368967
0.375068
0.348114
0.354013
0.356743
0.362713
0.372421
0.34955
0.352465
0.348781
0.357306
0.340469
0.361549
0.342001
0.350473
0.362171
0.384492
0.37179
0.373159
0.373337
0.371662
0.36163
0.276539
0.26144
0.27552
0.248485
0.245296
0.245173
0.248679
0.272585
0.259893
0.273434
0.247301
0.243949
0.247157
0.244029
0.280607
0.265322
0.281058
0.251376
0.24784
0.251314
0.247868
0.282609
0.265934
0.282009
0.251757
0.248301
0.251851
0.248245
0.430505
0.412796
0.407611
0.420746
0.442595
0.429977
0.4346
0.426314
0.384953
0.388085
0.392715
0.418932
0.389346
0.423493
0.520563
0.575812
0.635378
0.540189
0.576654
0.519404
0.541741
0.526156
0.577054
0.631889
0.540595
0.579541
0.523734
0.544855
0.51085
0.568988
0.625598
0.532996
0.567599
0.512268
0.530795
0.499997
0.558643
0.610631
0.51696
0.499627
0.559868
0.517259
0.414275
0.385348
0.470276
0.363687
0.361538
0.419429
0.463631
0.944028
1.02177
1.02443
0.452772
0.4503
0.448662
0.457606
0.454036
0.447173
0.455991
0.934109
1.00555
1.01167
0.933732
1.0173
1.01389
0.458224
0.457106
0.451958
0.460579
0.45705
0.453159
0.46216
0.929082
1.00664
1.00742
0.424465
0.388509
0.475298
0.364522
0.36373
0.423437
0.476106
0.290855
0.273103
0.290613
0.257251
0.25377
0.253755
0.257283
0.290135
0.272871
0.290348
0.257081
0.25357
0.257057
0.25358
0.292214
0.274534
0.292377
0.258373
0.25484
0.258354
0.254847
0.292671
0.274598
0.292482
0.258411
0.254882
0.258432
0.254874
0.431799
0.396291
0.396908
0.401019
0.427864
0.400296
0.428809
0.437444
0.402167
0.402096
0.406407
0.434707
0.406567
0.43459
0.477557
0.520076
0.57864
0.500241
0.518727
0.477612
0.500171
0.484413
0.52303
0.585909
0.507753
0.524481
0.484351
0.507848
0.475959
0.518281
0.578614
0.498486
0.519398
0.475937
0.498491
0.476399
0.518288
0.577447
0.4965
0.475651
0.52123
0.497858
0.385043
0.356088
0.427652
0.336686
0.336335
0.385512
0.427298
0.869688
0.941748
0.942247
0.475828
0.47352
0.4694
0.479296
0.475391
0.469809
0.479833
0.875877
0.949553
0.948831
0.867527
0.940578
0.940029
0.473314
0.470757
0.467444
0.477474
0.473534
0.467178
0.477186
0.862999
0.934916
0.935729
0.386878
0.356729
0.428129
0.336804
0.337011
0.386123
0.428988
0.29651
0.277161
0.296438
0.260095
0.256466
0.256465
0.260101
0.296147
0.277091
0.29628
0.260069
0.256445
0.260058
0.256447
0.29693
0.277579
0.29697
0.260421
0.256771
0.260416
0.256773
0.296976
0.277576
0.296945
0.260425
0.256776
0.260426
0.256776
0.445952
0.410033
0.410174
0.414993
0.443192
0.414813
0.443419
0.447773
0.411805
0.411823
0.41669
0.44523
0.416692
0.445272
0.467884
0.54108
0.576318
0.485338
0.538746
0.468878
0.483209
0.466192
0.535746
0.56935
0.479399
0.535758
0.466146
0.47948
0.473354
0.546128
0.598712
0.490931
0.549917
0.471827
0.493978
0.495082
0.525645
0.588744
0.518276
0.495344
0.524709
0.517894
0.379699
0.35075
0.416356
0.331677
0.332472
0.376306
0.419929
0.894648
0.968973
0.968726
0.488374
0.486394
0.482209
0.492851
0.488332
0.48222
0.492878
0.895509
0.969135
0.96951
0.893598
0.967963
0.967188
0.487837
0.48584
0.481771
0.492412
0.487891
0.481664
0.492343
0.888611
0.962024
0.961837
0.373497
0.349061
0.414911
0.331122
0.330743
0.374614
0.413985
0.296921
0.277574
0.296962
0.260419
0.256769
0.256771
0.260413
0.296968
0.277572
0.296937
0.260422
0.256774
0.260424
0.256774
0.296509
0.277158
0.296437
0.260092
0.256463
0.260098
0.256461
0.296146
0.277088
0.296279
0.260065
0.256441
0.260055
0.256444
0.447769
0.411801
0.41182
0.416688
0.445242
0.416689
0.445269
0.44596
0.410041
0.410181
0.415003
0.443183
0.414822
0.443428
0.491036
0.525918
0.591466
0.515066
0.527575
0.490872
0.515384
0.486573
0.526092
0.586957
0.510484
0.524371
0.486726
0.510191
0.492489
0.528331
0.591089
0.517227
0.526512
0.492722
0.516735
0.495784
0.52649
0.592464
0.519227
0.4955
0.527684
0.519746
0.392786
0.358588
0.435491
0.338313
0.338351
0.392419
0.436015
0.883181
0.956896
0.956476
0.484223
0.48212
0.478069
0.488592
0.484183
0.478063
0.488612
0.880104
0.952848
0.953266
0.885744
0.958898
0.959111
0.485228
0.483183
0.479056
0.48955
0.48515
0.479084
0.489653
0.887659
0.960967
0.960992
0.390948
0.357842
0.434763
0.338177
0.337799
0.391793
0.433715
0.292204
0.274524
0.292365
0.258366
0.254834
0.25484
0.258347
0.292658
0.274589
0.292471
0.258405
0.254875
0.258425
0.254868
0.290841
0.273089
0.290599
0.25724
0.253759
0.257272
0.253743
0.29012
0.272857
0.290333
0.25707
0.253559
0.257046
0.253568
0.437473
0.402192
0.402126
0.406445
0.434751
0.4066
0.434625
0.431855
0.39636
0.396971
0.4011
0.427926
0.400382
0.428878
0.461845
0.506706
0.557599
0.480998
0.507527
0.462155
0.480207
0.502797
0.557552
0.603282
0.524029
0.553812
0.506128
0.518022
0.466426
0.511267
0.561833
0.48538
0.510152
0.466175
0.485958
0.474588
0.515982
0.569672
0.494989
0.47475
0.516772
0.494727
0.383075
0.354899
0.422594
0.334507
0.335484
0.381301
0.424669
0.847578
0.920757
0.920777
0.460274
0.45731
0.454809
0.464061
0.460728
0.454333
0.463471
0.905085
0.984333
0.976972
0.848421
0.919277
0.91984
0.46331
0.46064
0.456917
0.465981
0.462715
0.457457
0.466722
0.852087
0.925683
0.923834
0.376533
0.349942
0.419426
0.333374
0.3318
0.379022
0.415726
0.280586
0.265306
0.281037
0.251365
0.247829
0.247857
0.251303
0.282588
0.265919
0.28199
0.251747
0.24829
0.25184
0.248234
0.276519
0.261426
0.275499
0.248474
0.245286
0.248669
0.245163
0.272565
0.259879
0.273413
0.24729
0.243938
0.247146
0.244019
0.426538
0.385129
0.388278
0.392959
0.419199
0.389574
0.423773
0.430602
0.41275
0.407645
0.42079
0.442594
0.429908
0.434706
0.47597
0.542538
0.590493
0.495452
0.537855
0.477791
0.493003
0.484175
0.543328
0.597433
0.498984
0.547245
0.48258
0.501675
0.498788
0.56005
0.609587
0.516088
0.499285
0.558529
0.515777
0.404549
0.385759
0.444705
0.366969
0.365813
0.402692
0.447764
0.897487
0.980214
0.976204
0.691481
0.750291
0.673261
0.690371
0.657774
0.707455
0.73344
0.910251
0.986819
0.99006
0.58254
0.621367
0.624334
0.641103
0.610094
0.593892
0.606802
0.92769
1.00794
1.00703
0.398306
0.387812
0.44092
0.368985
0.36996
0.400632
0.436636
0.321483
0.322734
0.333514
0.350721
0.320415
0.331129
0.333786
0.374896
0.324447
0.333108
0.350672
0.351936
0.337557
0.365898
0.364064
0.380837
0.359022
0.362883
0.387665
0.369033
0.380105
0.375014
0.348073
0.353972
0.356703
0.36267
0.372376
0.349508
0.352448
0.348775
0.35729
0.340484
0.361518
0.341988
0.350501
0.362174
0.384555
0.371791
0.373392
0.371785
0.373304
0.361717
1.01701
1.10492
1.36652
0.863144
0.98194
0.869324
1.04827
1.26964
0.559644
0.749996
0.519283
0.998329
0.551679
0.595039
0.444709
0.70152
0.617878
0.502315
0.880696
0.533576
0.468098
0.456738
0.446299
0.366397
0.377217
0.469651
0.378522
0.363101
0.421931
0.565166
0.449601
0.384372
0.481354
0.38994
0.439283
0.347048
0.384623
0.391555
0.282818
0.285667
0.30481
0.301009
0.350213
0.401271
0.397508
0.291431
0.288707
0.309117
0.312383
0.379953
0.334898
0.378406
0.278533
0.275955
0.293174
0.296056
0.332339
0.36151
0.375105
0.26882
0.272996
0.289365
0.283309
0.458733
0.3664
0.450002
0.365395
0.465463
0.358528
0.361016
0.364624
0.452054
0.471969
0.365892
0.468291
0.358124
0.356566
0.485736
0.464867
0.367302
0.367663
0.483132
0.358082
0.357747
0.366429
0.475464
0.462924
0.36676
0.480703
0.35775
0.357521
0.306484
0.342389
0.342057
0.26087
0.260565
0.273438
0.273674
0.304469
0.344204
0.339315
0.262852
0.260502
0.273079
0.275665
0.342355
0.30631
0.342038
0.260232
0.259858
0.272536
0.272992
0.305929
0.341344
0.341367
0.259375
0.259364
0.271795
0.271674
0.49068
0.369825
0.473805
0.370256
0.493354
0.360176
0.359623
0.370469
0.47473
0.494958
0.370765
0.494357
0.360421
0.360224
0.498056
0.477952
0.371532
0.371658
0.498164
0.361158
0.36107
0.371466
0.49717
0.477512
0.371461
0.497665
0.361082
0.360968
0.304073
0.339829
0.339598
0.257646
0.257412
0.269299
0.269508
0.304308
0.340415
0.339848
0.258558
0.257862
0.269829
0.270618
0.338079
0.300903
0.334543
0.256928
0.256388
0.267912
0.268659
0.301791
0.336443
0.335666
0.257456
0.256803
0.268714
0.269501
0.498048
0.371528
0.477954
0.371663
0.498168
0.361162
0.361068
0.371477
0.477515
0.497176
0.371466
0.497671
0.361089
0.360981
0.490699
0.473829
0.36985
0.370278
0.493392
0.360202
0.359651
0.370482
0.494972
0.474748
0.370787
0.494386
0.360446
0.36024
0.300885
0.338055
0.334517
0.256925
0.256385
0.267908
0.268655
0.301769
0.336411
0.335634
0.25745
0.256796
0.268705
0.269492
0.339875
0.30412
0.339673
0.257664
0.257437
0.269336
0.269532
0.304347
0.340489
0.339915
0.258586
0.257888
0.269867
0.27066
0.485796
0.367334
0.464932
0.367715
0.483226
0.358139
0.357784
0.366507
0.463009
0.475627
0.366821
0.480827
0.357817
0.357604
0.459217
0.450247
0.366561
0.365534
0.46582
0.358669
0.361175
0.364718
0.472189
0.452269
0.36602
0.468597
0.358255
0.356667
0.306361
0.342472
0.34213
0.260281
0.259901
0.2726
0.273069
0.305972
0.341419
0.341444
0.259407
0.259398
0.271847
0.271722
0.342533
0.306579
0.342231
0.260932
0.260634
0.273548
0.273769
0.304573
0.344411
0.339518
0.262929
0.260581
0.273209
0.2758
0.457339
0.366576
0.446926
0.3774
0.470464
0.37869
0.36328
0.421827
0.450252
0.565427
0.384507
0.482223
0.390048
0.439143
1.24381
0.743743
0.560452
0.519615
0.987166
0.552632
0.59643
0.444447
0.61747
0.696921
0.502447
0.873765
0.533971
0.467852
0.335106
0.380673
0.378939
0.278661
0.276076
0.293444
0.296385
0.332506
0.361742
0.375481
0.268905
0.273099
0.289571
0.283466
0.385517
0.346934
0.392371
0.282926
0.285694
0.30517
0.301388
0.349538
0.398664
0.397765
0.29093
0.288574
0.309338
0.312095
0.25616
0.244372
0.234264
0.252743
0.237381
0.236494
0.233077
0.235912
0.243306
0.24452
0.229579
0.223908
0.225813
0.227799
0.654325
0.577523
0.672721
0.69589
0.594374
0.689129
0.599287
0.735913
0.748623
0.702654
0.796177
0.73225
0.711023
0.773539
1.26419
1.38464
1.2048
1.59287
1.44348
1.62779
1.35326
1.46167
0.683468
1.44828
1.30581
0.694494
1.33446
0.621492
0.243565
0.261871
0.281975
0.24105
0.251209
0.276547
0.248578
0.300164
0.27504
0.312496
0.261116
0.293457
0.258339
0.272077
0.256143
0.234252
0.244358
0.237371
0.252728
0.236483
0.233066
0.235901
0.243289
0.244508
0.22957
0.223899
0.225803
0.227789
0.654085
0.577471
0.673279
0.696715
0.593456
0.688944
0.599332
1.21039
1.32909
1.16134
1.4691
1.24355
1.42874
1.27922
1.45252
0.679602
1.45667
1.31969
0.695229
1.33437
0.623713
0.2435
0.281601
0.261992
0.276341
0.250931
0.24108
0.248649
0.299292
0.27439
0.312769
0.293753
0.260623
0.25811
0.271345
0.864126
0.632975
0.724702
0.676812
0.644419
0.729507
0.611614
0.571945
0.573433
0.521448
0.52276
0.614542
0.555971
0.56398
0.437396
0.426233
0.424472
0.419887
0.429893
0.426082
0.421677
0.45597
0.430316
0.435945
0.431361
0.433193
0.445525
0.425363
1.07003
1.22256
1.06926
1.1356
1.17465
1.17774
1.13599
1.06252
1.24295
1.06404
1.14259
1.23564
1.14497
1.21859
1.2568
1.35153
1.22641
1.23382
1.44857
1.27763
1.40743
0.939931
0.690375
0.854056
1.03025
0.909169
1.06885
0.864701
0.993405
0.856886
0.894332
0.893737
0.991442
1.03364
0.854705
1.0503
1.41271
1.05784
1.19688
1.5299
1.19936
1.49508
1.06301
1.28042
1.06045
1.15425
1.25877
1.15112
1.28193
0.705233
0.786139
0.710926
0.707528
0.815151
0.821998
0.701271
0.587829
0.646095
0.569758
0.652627
0.780532
0.682127
0.740159
0.872473
0.815076
0.78626
0.784045
0.94503
0.911848
0.81399
1.07018
1.21915
1.07239
1.13673
1.17205
1.1348
1.17092
1.22698
1.10256
1.09603
1.15281
1.16919
1.16939
1.15801
0.45216
0.495785
0.492771
0.493137
0.476221
0.471911
0.496524
0.683683
0.752666
0.683302
0.681674
0.786087
0.786988
0.682036
0.687513
0.757281
0.685855
0.683613
0.793314
0.685186
0.791872
0.701126
0.770934
0.697943
0.693992
0.809614
0.697454
0.805976
0.471496
0.497927
0.50336
0.509336
0.483542
0.494542
0.502012
0.762587
0.68945
0.690898
0.687995
0.794935
0.796497
0.686666
1.06189
1.21367
1.08251
1.13832
1.14996
1.1578
1.1193
1.10817
1.23151
1.11353
1.16638
1.16912
1.16176
1.1694
0.443702
0.431988
0.430981
0.424747
0.430889
0.430021
0.425278
0.449413
0.434591
0.435614
0.428543
0.433002
0.43451
0.427784
0.461167
0.445568
0.446258
0.437656
0.443125
0.444087
0.437189
0.457119
0.443308
0.442845
0.434731
0.441055
0.44081
0.434883
1.01165
1.16728
1.0094
1.06577
1.12495
1.12247
1.06756
1.00116
1.1589
1.0024
1.06002
1.11511
1.05862
1.11569
0.685839
0.754598
0.687879
0.686043
0.78627
0.684092
0.787247
0.459212
0.503904
0.500696
0.501622
0.481506
0.479308
0.504286
0.76621
0.702956
0.701498
0.699497
0.797124
0.796052
0.700984
1.04113
1.17853
1.02039
1.08155
1.14207
1.10098
1.1337
0.997397
1.15379
0.992585
1.05211
1.11398
1.05583
1.11275
0.715017
0.77877
0.714572
0.712718
0.80749
0.807612
0.713179
0.466031
0.505659
0.508621
0.50985
0.484582
0.486793
0.507351
0.772026
0.705553
0.707406
0.705373
0.799301
0.801412
0.703528
1.01518
1.17846
1.01881
1.07322
1.13004
1.07049
1.13169
1.1854
1.01823
1.01879
1.07252
1.13851
1.1386
1.07225
0.479131
0.520584
0.522616
0.526449
0.50102
0.502553
0.524695
0.738339
0.802625
0.738056
0.736335
0.831928
0.831513
0.736631
0.73173
0.796694
0.733108
0.731265
0.823707
0.729859
0.82538
0.71804
0.783352
0.720091
0.718081
0.809591
0.716032
0.811725
0.474491
0.518927
0.517586
0.521049
0.498458
0.497443
0.522266
0.791909
0.729206
0.728764
0.726914
0.820915
0.820217
0.727396
1.03104
1.19636
1.03049
1.08421
1.14885
1.14858
1.0851
1.01945
1.18776
1.01968
1.074
1.14081
1.0734
1.14169
0.468547
0.452914
0.452993
0.443664
0.450234
0.450388
0.4436
0.469738
0.453912
0.454064
0.444684
0.451186
0.451439
0.444571
0.472595
0.456742
0.45681
0.447056
0.453726
0.453777
0.447032
0.472111
0.456297
0.456283
0.446618
0.453258
0.453396
0.44656
1.05395
1.21447
1.05335
1.10784
1.16684
1.16678
1.10856
1.04614
1.20983
1.04529
1.1005
1.16222
1.10093
1.16231
0.743569
0.811082
0.745861
0.743987
0.837478
0.741626
0.840331
0.487254
0.531021
0.531408
0.536751
0.512094
0.512279
0.536448
0.817654
0.750515
0.750981
0.749357
0.846841
0.847342
0.748912
1.03487
1.20273
1.03486
1.08995
1.15429
1.08922
1.15608
1.04283
1.20826
1.04318
1.09801
1.15985
1.0978
1.16069
0.754348
0.823007
0.75447
0.753208
0.854252
0.854011
0.753117
0.488537
0.531964
0.532684
0.538198
0.513195
0.51374
0.537529
0.8197
0.752076
0.752619
0.751061
0.848998
0.849758
0.750474
1.05457
1.21842
1.05654
1.11178
1.17033
1.10947
1.17187
1.21856
1.02027
1.01379
1.0739
1.17723
1.18106
1.07425
0.491544
0.535491
0.535493
0.541625
0.517183
0.51723
0.541612
0.75527
0.810733
0.755407
0.753385
0.836017
0.836201
0.753253
0.755952
0.81064
0.755899
0.753789
0.8364
0.753823
0.836246
0.757182
0.827271
0.757763
0.756528
0.85757
0.755894
0.858622
0.49107
0.535019
0.535207
0.541246
0.516647
0.516757
0.54109
0.812448
0.755308
0.755995
0.75407
0.836359
0.839479
0.753355
1.00747
1.21058
1.0077
1.06196
1.17075
1.1717
1.06152
1.00929
1.21275
1.01051
1.06513
1.17504
1.06499
1.17323
0.472597
0.456744
0.456812
0.447059
0.453732
0.453781
0.447036
0.472113
0.456299
0.456285
0.446624
0.453264
0.453406
0.446564
0.468571
0.452933
0.453012
0.443693
0.450271
0.45043
0.443627
0.469756
0.453927
0.454079
0.444707
0.451219
0.451469
0.444595
1.05426
1.21813
1.05622
1.11151
1.17011
1.17166
1.1092
1.01995
1.21824
1.01345
1.07359
1.17698
1.07394
1.18082
0.755253
0.810723
0.755396
0.753373
0.836001
0.753236
0.836194
0.491546
0.53549
0.535491
0.541623
0.517183
0.517231
0.541609
0.810649
0.755958
0.755907
0.753793
0.836413
0.836262
0.753825
1.00716
1.21023
1.00736
1.06163
1.17049
1.06122
1.17142
1.00895
1.21242
1.01019
1.06482
1.17478
1.06467
1.17297
0.757189
0.827287
0.757774
0.756532
0.857587
0.858647
0.75589
0.491069
0.535018
0.535205
0.541243
0.516647
0.516757
0.541088
0.812461
0.755315
0.756004
0.754075
0.836374
0.839499
0.753358
1.05399
1.21456
1.05345
1.10796
1.16689
1.10863
1.16686
1.21011
1.04644
1.0456
1.10082
1.16246
1.16254
1.10124
0.487277
0.531044
0.531426
0.536766
0.51212
0.512302
0.536468
0.743587
0.811138
0.745904
0.744013
0.837513
0.840386
0.741626
0.750572
0.817736
0.751045
0.749409
0.846918
0.748956
0.847434
0.754374
0.823046
0.754497
0.753226
0.854296
0.753134
0.854055
0.488556
0.531978
0.532701
0.53821
0.513211
0.513756
0.53754
0.819751
0.752116
0.752656
0.751087
0.849055
0.849815
0.750501
1.03502
1.20287
1.03502
1.09014
1.1544
1.15621
1.08941
1.04306
1.20842
1.04337
1.09822
1.16004
1.09805
1.16086
0.461225
0.445619
0.446308
0.437719
0.443212
0.444167
0.437256
0.457203
0.443378
0.442917
0.434824
0.44116
0.44093
0.434969
0.443961
0.432182
0.431189
0.424993
0.431174
0.430345
0.425506
0.449596
0.434753
0.435767
0.428726
0.43326
0.434742
0.427979
1.0152
1.17847
1.01881
1.07332
1.13022
1.13181
1.07064
1.01816
1.18538
1.01874
1.07257
1.13857
1.07227
1.13868
0.7384
0.80272
0.738128
0.73639
0.832017
0.736675
0.831615
0.47919
0.520638
0.522665
0.526494
0.501084
0.502612
0.524745
0.796814
0.731838
0.733202
0.731332
0.823849
0.825497
0.729942
1.03115
1.19643
1.03057
1.08434
1.14897
1.08525
1.14868
1.01937
1.18769
1.0196
1.07399
1.14084
1.0734
1.14168
0.718219
0.783546
0.720246
0.718203
0.809824
0.811918
0.716178
0.474573
0.519
0.517656
0.521122
0.498547
0.497535
0.522339
0.79208
0.729345
0.728904
0.727029
0.821093
0.820398
0.72751
1.0117
1.16742
1.00946
1.06598
1.12519
1.06774
1.12275
1.15904
1.00121
1.00245
1.06029
1.11549
1.11605
1.05889
0.459479
0.504113
0.500926
0.501873
0.481778
0.479604
0.504516
0.686391
0.755262
0.688398
0.686498
0.787018
0.787938
0.684583
0.703303
0.766639
0.701847
0.699795
0.797567
0.70128
0.796501
0.715235
0.779046
0.714793
0.712903
0.807769
0.713364
0.807905
0.466219
0.50584
0.508782
0.510026
0.484812
0.487004
0.507546
0.772403
0.705862
0.707713
0.705635
0.799699
0.801798
0.703792
1.04104
1.17878
1.02035
1.08192
1.14282
1.13439
1.10136
0.997463
1.15399
0.992657
1.05243
1.1144
1.05613
1.1132
0.437902
0.426712
0.424894
0.420332
0.43049
0.426621
0.422161
0.456595
0.430832
0.436492
0.431909
0.433798
0.446151
0.42588
0.853581
0.629959
0.719184
0.674723
0.644011
0.728453
0.610386
0.570768
0.571892
0.5209
0.522406
0.614263
0.555753
0.563318
1.07094
1.22053
1.07313
1.13881
1.17474
1.17341
1.137
1.10305
1.22811
1.09656
1.15424
1.17105
1.15935
1.17133
0.684325
0.753546
0.683994
0.682301
0.78694
0.682611
0.787911
0.45271
0.496472
0.493321
0.493781
0.476978
0.47258
0.497264
0.75867
0.688679
0.686973
0.684628
0.794789
0.793284
0.68624
1.0618
1.21408
1.08243
1.1388
1.15083
1.11973
1.15878
1.10858
1.23244
1.11387
1.16749
1.17087
1.16298
1.17104
0.702203
0.772373
0.699013
0.694865
0.811172
0.807478
0.69832
0.472188
0.498642
0.504053
0.510073
0.484362
0.49533
0.502797
0.764081
0.69065
0.692102
0.689057
0.796447
0.798011
0.687735
1.07085
1.22442
1.07008
1.13827
1.17767
1.13845
1.18114
1.24794
1.06395
1.06528
1.14772
1.24623
1.22703
1.151
0.926462
0.689971
0.854381
1.01753
0.897637
1.04865
0.858076
1.256
1.35774
1.22619
1.23455
1.46439
1.27754
1.42044
0.862222
1.0047
0.902311
0.900967
0.999998
0.85942
1.04595
0.706372
0.78793
0.712175
0.70853
0.816854
0.702184
0.823919
0.58665
0.64596
0.569767
0.650981
0.774184
0.679057
0.736597
0.877681
0.819745
0.789782
0.787088
0.95232
0.917426
0.818047
1.09403
1.44012
1.09932
1.24527
1.56733
1.25183
1.53434
1.06507
1.29143
1.06356
1.16371
1.27169
1.15849
1.29892
0.809946
0.717684
0.795413
0.720336
0.816261
0.789409
0.679929
0.880871
0.917581
0.836231
0.852111
0.82091
0.886118
0.916096
0.583988
0.563991
0.5783
0.541483
0.557394
0.561179
0.598118
0.393478
0.400238
0.406555
0.385571
0.415647
0.386905
0.387758
0.726831
0.961796
0.799917
0.747495
0.698041
0.78517
0.857478
0.510238
0.460845
0.449336
0.448012
0.536795
0.502451
0.45811
0.449969
0.475519
0.456499
0.45822
0.450999
0.456318
0.457144
0.941892
0.860978
0.936173
0.954818
0.976022
0.883158
0.945174
0.934647
0.896513
1.01037
0.477143
0.497797
0.507404
0.46635
0.475689
0.465558
0.522042
0.387777
0.397202
0.39863
0.384874
0.409802
0.383615
0.379722
0.602963
0.949038
0.733704
0.63528
0.588474
0.659884
0.82627
0.470531
0.576539
0.526972
0.482512
0.533073
0.468396
0.486118
0.460195
0.557266
0.524872
0.47715
0.517811
0.462575
0.473156
0.489177
0.59895
0.552833
0.508621
0.548789
0.490729
0.50601
0.49574
0.610513
0.554165
0.511971
0.557521
0.494473
0.513827
0.563042
0.703305
0.593509
0.774054
0.598166
0.559083
0.708291
0.567061
0.607203
0.77944
0.718053
0.602715
0.570891
0.712777
0.580403
0.732969
0.801476
0.619607
0.618054
0.732386
0.581377
0.577685
0.611282
0.722593
0.79679
0.574432
0.615125
0.727947
0.839848
0.771436
0.907709
0.738886
0.870138
0.750879
0.871832
0.894018
0.968146
0.972582
0.778441
0.683841
0.680733
0.784762
0.695018
0.809681
0.757567
1.06456
1.08258
0.984912
0.98449
0.952534
1.05364
1.083
0.987973
0.850696
0.913664
0.943222
0.884186
0.979724
0.956023
0.994298
0.861656
0.864035
1.00857
0.970525
0.877955
1.03591
0.881179
0.96264
0.958465
1.08741
0.941684
0.966717
1.13769
1.09878
0.958708
1.12632
0.776815
0.737085
0.663734
0.701333
0.767789
0.68852
0.747534
0.831888
0.775582
0.864262
0.753812
0.821332
0.872594
0.739913
0.549336
0.69924
0.588401
0.753336
0.554674
0.691064
0.582072
0.543682
0.56896
0.677368
0.745048
0.68461
0.537994
0.575571
0.518992
0.645991
0.539465
0.712113
0.512378
0.655244
0.547355
0.52565
0.562177
0.670745
0.720911
0.66279
0.531947
0.554969
0.677876
0.604553
0.691203
0.597147
0.610392
0.700961
0.669715
0.915508
0.997627
0.994968
0.698606
0.617167
0.640756
0.741591
0.714653
0.629527
0.722472
0.62128
0.604009
0.544023
0.541002
0.54511
0.609022
0.616548
0.629069
0.561038
0.552597
0.626422
0.553064
0.617066
0.637998
0.686093
0.699402
0.62644
0.611606
0.675578
0.70897
0.607063
0.664266
0.57491
0.640038
0.589106
0.65352
0.651526
0.585792
0.650478
0.591677
0.677615
0.572634
0.65631
0.587283
0.67079
0.923171
1.00071
1.00303
0.644091
0.565807
0.578931
0.660801
0.581171
0.664072
0.641259
0.459278
0.55578
0.505842
0.476376
0.505157
0.4589
0.477233
0.477787
0.576734
0.523988
0.49104
0.526769
0.475553
0.494921
0.470624
0.56623
0.513484
0.490466
0.514795
0.470695
0.490212
0.47348
0.567541
0.516649
0.493388
0.515165
0.473568
0.493291
0.550056
0.683684
0.591155
0.761773
0.591654
0.549795
0.681866
0.553439
0.595708
0.764312
0.684896
0.594924
0.554098
0.68475
0.558401
0.69132
0.770074
0.60195
0.600341
0.688962
0.559656
0.556678
0.597977
0.686611
0.767237
0.556417
0.598413
0.686653
0.636272
0.5722
0.655047
0.555837
0.635509
0.572479
0.656216
0.855226
0.928902
0.927861
0.63881
0.557728
0.574685
0.659359
0.574659
0.658762
0.639116
0.597528
0.584238
0.522615
0.520806
0.523666
0.58571
0.596088
0.600368
0.527093
0.522946
0.589944
0.525953
0.588294
0.60198
0.630579
0.568654
0.65105
0.551596
0.631465
0.568266
0.649741
0.878046
0.94769
0.952607
0.62655
0.548497
0.564415
0.644639
0.564709
0.645781
0.625783
0.608325
0.596903
0.532561
0.528979
0.595949
0.531918
0.609225
0.606409
0.52942
0.592601
0.527564
0.594163
0.604897
0.530451
0.550755
0.691369
0.589283
0.765666
0.549425
0.698035
0.58857
0.548562
0.584408
0.697025
0.766277
0.697914
0.546756
0.586268
0.5833
0.750839
0.807788
0.635076
0.738168
0.620623
0.595379
0.564099
0.593464
0.709309
0.786834
0.717306
0.556811
0.601657
0.64556
0.580013
0.666586
0.562875
0.580014
0.666069
0.645811
0.848956
0.921172
0.920421
0.64298
0.560929
0.577651
0.662672
0.642485
0.577779
0.663493
0.618067
0.605592
0.536382
0.539463
0.539233
0.605297
0.618327
0.61734
0.538372
0.535894
0.604103
0.53872
0.604642
0.61684
0.612781
0.59906
0.534503
0.53249
0.600288
0.611608
0.535336
0.614697
0.537393
0.602905
0.533906
0.602053
0.615499
0.536822
0.64777
0.581675
0.668498
0.56449
0.647744
0.581518
0.668724
0.851176
0.921997
0.922734
0.648859
0.565229
0.582228
0.669807
0.582441
0.669791
0.648727
0.489097
0.588629
0.526794
0.513445
0.525006
0.489269
0.513096
0.488179
0.589424
0.524953
0.511833
0.526606
0.488017
0.512132
0.493542
0.592579
0.52635
0.5176
0.527936
0.493343
0.517995
0.494774
0.59158
0.528358
0.519456
0.52669
0.495045
0.518881
0.583182
0.719198
0.619329
0.781684
0.618715
0.583776
0.718175
0.584736
0.620204
0.783897
0.719404
0.620498
0.584374
0.720106
0.586719
0.722635
0.787448
0.623297
0.623127
0.722525
0.586749
0.585904
0.622493
0.721923
0.785692
0.586392
0.622075
0.721229
0.679015
0.606674
0.702469
0.588376
0.679179
0.606483
0.702367
0.882103
0.954972
0.955351
0.678204
0.587756
0.605523
0.701102
0.605829
0.701519
0.677807
0.642296
0.62694
0.557088
0.55514
0.557992
0.628352
0.640969
0.644974
0.560427
0.557097
0.631436
0.560037
0.630824
0.645528
0.677875
0.605661
0.701302
0.587437
0.678027
0.605656
0.700972
0.880765
0.954338
0.953975
0.674533
0.584921
0.602622
0.696614
0.60287
0.697527
0.673938
0.645917
0.631542
0.560568
0.557915
0.631861
0.560744
0.645568
0.646555
0.561148
0.63229
0.55839
0.632436
0.646454
0.561253
0.58183
0.716328
0.616886
0.780033
0.581525
0.717013
0.617156
0.579341
0.614692
0.714801
0.776776
0.714041
0.579639
0.614421
0.575943
0.71125
0.772672
0.610744
0.710659
0.610598
0.576114
0.578117
0.612722
0.712643
0.775556
0.713313
0.577848
0.612967
0.680356
0.607461
0.703666
0.589467
0.607614
0.703783
0.680198
0.885415
0.958985
0.958765
0.679506
0.58885
0.607019
0.702894
0.679567
0.606902
0.702915
0.648379
0.634061
0.559828
0.562657
0.562688
0.634146
0.648279
0.648254
0.562594
0.559784
0.634036
0.562632
0.634058
0.648255
0.647176
0.632792
0.561641
0.559004
0.633075
0.646938
0.561835
0.647831
0.56233
0.63368
0.55946
0.633672
0.647815
0.562312
0.68072
0.608027
0.704358
0.589732
0.680889
0.607856
0.704217
0.886775
0.959987
0.960123
0.680964
0.589871
0.607912
0.704286
0.60806
0.70445
0.680786
0.466712
0.572303
0.536187
0.480107
0.536935
0.466228
0.481043
0.46645
0.574656
0.539937
0.48071
0.53943
0.466643
0.480349
0.48603
0.605825
0.506641
0.495623
0.553505
0.479383
0.508257
0.493152
0.578865
0.520454
0.514702
0.519005
0.493788
0.51281
0.559589
0.703422
0.589189
0.759282
0.590866
0.55707
0.70448
0.573673
0.585836
0.776013
0.685783
0.606953
0.554563
0.717641
0.585421
0.720817
0.78734
0.621018
0.62215
0.721663
0.584585
0.574859
0.617493
0.716873
0.773013
0.581126
0.609267
0.70896
0.685013
0.611343
0.708608
0.592917
0.684938
0.611394
0.708687
0.89414
0.967768
0.968039
0.684968
0.592905
0.611424
0.708721
0.611349
0.708656
0.685042
0.651787
0.637207
0.565109
0.562234
0.565136
0.637256
0.651744
0.651798
0.565152
0.562256
0.637289
0.565154
0.637282
0.651808
0.684931
0.611384
0.708651
0.592836
0.68499
0.611327
0.708587
0.915069
0.989689
0.990295
0.68494
0.592833
0.611341
0.708587
0.611337
0.708592
0.684935
0.651928
0.637425
0.565265
0.562425
0.637476
0.565302
0.651893
0.651925
0.56521
0.637344
0.562379
0.637446
0.651827
0.565265
0.544444
0.690493
0.578701
0.743931
0.547605
0.686281
0.575724
0.540294
0.57004
0.679063
0.738842
0.680737
0.53901
0.571171
0.537113
0.676481
0.735547
0.567897
0.676703
0.567989
0.536997
0.540256
0.572153
0.685861
0.746176
0.685813
0.540524
0.572065
0.684236
0.610868
0.708092
0.59238
0.610727
0.70792
0.684399
0.886546
0.960656
0.960213
0.684181
0.592299
0.610592
0.707688
0.684042
0.610693
0.707838
0.651019
0.636294
0.5619
0.56453
0.564757
0.636661
0.650695
0.651513
0.565037
0.562225
0.637055
0.565095
0.637112
0.65143
0.651251
0.636713
0.564698
0.561925
0.636859
0.651096
0.564795
0.651369
0.564987
0.637046
0.562079
0.636991
0.651454
0.564943
0.684383
0.610729
0.707962
0.5925
0.684247
0.610842
0.708087
0.888769
0.961849
0.961895
0.683749
0.592047
0.61035
0.707329
0.610309
0.707443
0.683719
0.479354
0.580912
0.519613
0.502198
0.520895
0.479347
0.502167
0.481767
0.582216
0.522632
0.504952
0.521134
0.481812
0.504886
0.474236
0.576923
0.518868
0.496749
0.517717
0.474232
0.49675
0.475169
0.579126
0.52011
0.497433
0.520836
0.475161
0.497494
0.562986
0.697684
0.596901
0.757917
0.59684
0.563112
0.69772
0.561742
0.596822
0.756763
0.696816
0.595755
0.561904
0.696581
0.564907
0.697556
0.783838
0.604884
0.607684
0.701585
0.562283
0.564788
0.602163
0.699645
0.783961
0.563678
0.607089
0.702268
0.666008
0.59604
0.688383
0.578376
0.665998
0.596154
0.688243
0.870208
0.94344
0.942821
0.664078
0.576936
0.594513
0.685836
0.59452
0.686284
0.663851
0.636152
0.622682
0.553313
0.550273
0.553132
0.622487
0.636321
0.635616
0.552591
0.54992
0.62177
0.552756
0.622013
0.635406
0.667328
0.597257
0.689832
0.579355
0.667446
0.597059
0.689821
0.873137
0.945311
0.946027
0.668121
0.579894
0.597552
0.690552
0.597723
0.690613
0.667973
0.632559
0.618284
0.54992
0.547653
0.619123
0.55048
0.63178
0.634033
0.551884
0.620893
0.548723
0.620476
0.634403
0.551603
0.564671
0.698895
0.598224
0.759222
0.564479
0.698813
0.598455
0.566694
0.601097
0.70109
0.76162
0.701027
0.567094
0.600585
0.57324
0.707835
0.769403
0.607966
0.70793
0.607665
0.573446
0.570159
0.603985
0.704171
0.765358
0.704139
0.569859
0.604402
0.659768
0.591178
0.681333
0.573632
0.59109
0.681632
0.659668
0.866348
0.938335
0.938809
0.660889
0.574423
0.591823
0.682724
0.660734
0.592035
0.68276
0.62274
0.608389
0.54012
0.542035
0.542961
0.609759
0.621434
0.62519
0.545497
0.541936
0.612971
0.544871
0.612011
0.626092
0.629324
0.61624
0.548088
0.545051
0.616014
0.629511
0.54791
0.628504
0.546887
0.614611
0.54448
0.615264
0.627902
0.547316
0.656899
0.589077
0.678876
0.571466
0.657218
0.589011
0.678286
0.866115
0.939019
0.938793
0.653662
0.569014
0.586031
0.674113
0.586239
0.675027
0.653082
0.526981
0.643065
0.581399
0.54668
0.583043
0.52726
0.547742
0.530605
0.63788
0.586004
0.55069
0.585103
0.531367
0.549172
0.504761
0.617365
0.560765
0.522469
0.562242
0.503447
0.524486
0.499901
0.612223
0.559368
0.519179
0.557972
0.500738
0.51797
0.603862
0.761082
0.652573
0.832572
0.647059
0.60824
0.757006
0.59739
0.634811
0.824525
0.745619
0.640085
0.59322
0.74947
0.583823
0.734823
0.806803
0.621272
0.623145
0.735596
0.582697
0.586059
0.629722
0.74055
0.810048
0.588798
0.626027
0.738161
0.623898
0.561956
0.641923
0.54649
0.622896
0.562787
0.642947
0.946784
1.02874
1.02696
0.625349
0.547754
0.565349
0.646333
0.564026
0.644505
0.627045
0.594168
0.582775
0.521091
0.51804
0.520868
0.582549
0.594367
0.593982
0.520898
0.517958
0.582625
0.520755
0.582414
0.594228
0.622306
0.561895
0.641724
0.545294
0.622812
0.561351
0.6413
0.946221
1.02601
1.02307
0.622937
0.545639
0.561637
0.641841
0.561917
0.641849
0.622772
0.596862
0.586481
0.523928
0.520122
0.585083
0.522895
0.598398
0.595495
0.521299
0.583058
0.519031
0.583835
0.594644
0.521792
0.618449
0.769279
0.659738
0.852031
0.615023
0.77292
0.664296
0.624288
0.672365
0.781878
0.860296
0.780991
0.625613
0.670395
0.619135
0.767266
0.852505
0.651339
0.77622
0.66242
0.610457
0.624919
0.674306
0.785908
0.86092
0.782672
0.628377
0.669675
0.63418
0.572586
0.654512
0.55446
0.571572
0.653419
0.635301
0.930338
1.0071
1.01016
0.631596
0.552326
0.567952
0.649204
0.629948
0.569242
0.650937
0.610284
0.600779
0.532097
0.537292
0.534421
0.597554
0.613486
0.608233
0.530955
0.529771
0.593809
0.532325
0.595391
0.606624
0.601991
0.588344
0.525786
0.524005
0.589641
0.600523
0.526759
0.603862
0.529378
0.592369
0.5256
0.591243
0.605094
0.528378
0.637274
0.573793
0.655698
0.557576
0.636518
0.574629
0.656394
0.925502
1.00667
1.00479
0.637629
0.558635
0.576739
0.65892
0.57507
0.656961
0.639444
0.527097
0.643215
0.581534
0.546807
0.583176
0.527378
0.547864
0.530754
0.638073
0.586168
0.550844
0.585271
0.531512
0.549334
0.504844
0.617454
0.560857
0.522552
0.562336
0.503529
0.524568
0.499984
0.612298
0.559462
0.51926
0.558064
0.500823
0.518053
0.603967
0.761205
0.832696
0.652672
0.647166
0.757128
0.608341
0.597484
0.634927
0.745737
0.824637
0.593329
0.640179
0.74958
0.583962
0.73498
0.621491
0.806952
0.58288
0.623304
0.735725
0.586194
0.629836
0.740664
0.810194
0.588906
0.626179
0.738297
0.623114
0.561381
0.545894
0.641122
0.622162
0.562181
0.642089
0.947034
1.02901
1.02722
0.624462
0.547074
0.564621
0.64531
0.563326
0.643531
0.626111
0.59361
0.582269
0.520701
0.517613
0.52045
0.582002
0.59385
0.593367
0.520397
0.517484
0.581968
0.520289
0.581809
0.593561
0.621693
0.561391
0.54483
0.641013
0.622165
0.560876
0.640634
0.946519
1.02632
1.02339
0.622396
0.545223
0.56123
0.641278
0.622254
0.561489
0.641253
0.595964
0.585559
0.52322
0.519441
0.584206
0.522223
0.597454
0.594687
0.520736
0.518411
0.582326
0.58304
0.521184
0.593898
0.633143
0.571772
0.653392
0.553677
0.634263
0.570758
0.652299
0.930498
1.00725
1.01031
0.630569
0.551548
0.567168
0.648118
0.628949
0.568437
0.649817
0.609383
0.599911
0.536708
0.531463
0.533798
0.59667
0.61261
0.607308
0.530269
0.529097
0.592885
0.531663
0.594486
0.605675
0.636272
0.556859
0.573013
0.654608
0.635511
0.573858
0.655313
0.925649
1.00682
1.00493
0.636654
0.557947
0.575999
0.657859
0.638468
0.574322
0.655902
0.600984
0.587383
0.525043
0.523244
0.588664
0.599536
0.526004
0.602866
0.528655
0.59142
0.524847
0.590278
0.604116
0.52763
0.618573
0.769421
0.65986
0.852189
0.615142
0.77307
0.664422
0.624441
0.672551
0.782083
0.860493
0.781174
0.625784
0.670558
0.61939
0.767571
0.651627
0.852834
0.610721
0.776517
0.662702
0.625148
0.67454
0.786159
0.861222
0.782941
0.628589
0.669929
0.479419
0.581003
0.519687
0.502263
0.52097
0.47941
0.502235
0.481812
0.582273
0.522685
0.505001
0.521185
0.481859
0.504928
0.47429
0.577002
0.518933
0.496806
0.517782
0.474287
0.496807
0.475212
0.579192
0.520165
0.497481
0.520889
0.475206
0.49754
0.563055
0.69779
0.75803
0.596974
0.596913
0.697827
0.563182
0.561807
0.596891
0.696917
0.756871
0.561969
0.595822
0.696682
0.56495
0.697616
0.60492
0.783914
0.56232
0.607729
0.701651
0.564842
0.602224
0.699735
0.784063
0.563736
0.607148
0.702356
0.665924
0.595979
0.578318
0.688295
0.665917
0.596091
0.688153
0.870402
0.943636
0.943032
0.663989
0.576872
0.594441
0.685734
0.594452
0.686187
0.663757
0.6361
0.622637
0.553282
0.550238
0.553097
0.622435
0.636275
0.635543
0.552543
0.549872
0.621703
0.552707
0.621945
0.635336
0.667249
0.597196
0.579299
0.689747
0.667367
0.597001
0.689733
0.873274
0.945456
0.94616
0.668065
0.579856
0.597515
0.690496
0.667921
0.597681
0.690553
0.632474
0.618202
0.549861
0.547596
0.61904
0.550422
0.631694
0.633961
0.551832
0.548672
0.620822
0.620408
0.551552
0.634329
0.659658
0.591085
0.681203
0.573553
0.659548
0.591007
0.681509
0.86651
0.938512
0.938991
0.66076
0.57433
0.59173
0.682593
0.660613
0.591934
0.682625
0.622605
0.60825
0.541932
0.540018
0.542858
0.609627
0.62129
0.625063
0.545413
0.541845
0.612855
0.544781
0.61189
0.625971
0.656756
0.571371
0.588977
0.678733
0.657086
0.588906
0.678133
0.866268
0.939179
0.938947
0.653519
0.568902
0.58591
0.673944
0.652926
0.586123
0.674873
0.629211
0.616133
0.548008
0.544973
0.615906
0.629399
0.54783
0.628397
0.54681
0.614506
0.544403
0.615161
0.627793
0.547239
0.564748
0.699012
0.598305
0.759344
0.564558
0.698927
0.598533
0.566772
0.601166
0.701195
0.761745
0.701144
0.567163
0.600665
0.573239
0.707818
0.607939
0.769403
0.573428
0.707934
0.60766
0.570196
0.604036
0.704248
0.765414
0.704196
0.56991
0.604435
0.466851
0.572505
0.536362
0.480251
0.537116
0.466365
0.481191
0.466586
0.574845
0.540114
0.480853
0.539601
0.466779
0.48049
0.486173
0.606018
0.506797
0.495776
0.553675
0.479524
0.508407
0.493305
0.57906
0.520622
0.514866
0.51917
0.493945
0.512972
0.559785
0.70368
0.75958
0.589384
0.59108
0.704751
0.557252
0.573842
0.586059
0.686053
0.776275
0.554762
0.607132
0.717881
0.585611
0.721072
0.621216
0.787628
0.58477
0.622356
0.721925
0.575057
0.61769
0.717125
0.773308
0.581312
0.60948
0.709226
0.685015
0.611349
0.59292
0.708615
0.684945
0.611396
0.708689
0.894509
0.968161
0.968433
0.684968
0.592905
0.611422
0.708719
0.611349
0.708655
0.685039
0.651801
0.637221
0.56512
0.562245
0.565148
0.637269
0.65176
0.65181
0.56516
0.562265
0.637297
0.565164
0.637292
0.651817
0.684944
0.611392
0.592847
0.708662
0.685001
0.611338
0.708601
0.915433
0.990073
0.990684
0.684954
0.592845
0.611356
0.708606
0.684953
0.611348
0.708607
0.651928
0.637424
0.565266
0.562425
0.637474
0.565303
0.651893
0.651927
0.565213
0.562382
0.637348
0.637447
0.565268
0.651833
0.684233
0.610865
0.708086
0.592379
0.684393
0.610726
0.707917
0.886905
0.96104
0.960598
0.684179
0.592299
0.610594
0.70769
0.684044
0.610692
0.707835
0.651014
0.636291
0.56453
0.561897
0.564754
0.636656
0.650692
0.651504
0.565038
0.562214
0.637051
0.565086
0.637101
0.651426
0.684374
0.592496
0.610725
0.707955
0.684241
0.610836
0.708077
0.889131
0.962234
0.962282
0.683742
0.592043
0.610343
0.707321
0.68371
0.610305
0.707435
0.651249
0.636714
0.5647
0.561926
0.636856
0.651098
0.564795
0.651367
0.564986
0.637041
0.562078
0.636988
0.651449
0.564942
0.544627
0.690762
0.578909
0.744214
0.547796
0.68654
0.575921
0.540474
0.570227
0.679309
0.739121
0.680993
0.539183
0.571365
0.53728
0.676709
0.568067
0.735819
0.537154
0.676948
0.568171
0.540424
0.572336
0.686102
0.746439
0.686051
0.540695
0.572245
0.489111
0.588646
0.526807
0.513459
0.525019
0.489281
0.513114
0.48821
0.589463
0.524985
0.511865
0.526641
0.488047
0.512167
0.493663
0.592741
0.526483
0.517729
0.528073
0.493463
0.518126
0.494872
0.591709
0.528471
0.519563
0.526797
0.495144
0.518985
0.583341
0.719405
0.781916
0.6195
0.618888
0.718384
0.583932
0.584895
0.620375
0.719611
0.784128
0.58453
0.620671
0.720315
0.586774
0.722692
0.623341
0.787523
0.58679
0.623187
0.722592
0.586029
0.622636
0.722097
0.785876
0.586524
0.622211
0.721396
0.679057
0.606707
0.588404
0.702515
0.679223
0.606512
0.702417
0.882113
0.954971
0.955365
0.678253
0.587791
0.605555
0.70115
0.605867
0.701569
0.677851
0.642331
0.626955
0.557096
0.555153
0.558006
0.628383
0.640986
0.644978
0.560438
0.557103
0.631453
0.560044
0.63083
0.645545
0.67789
0.605676
0.587449
0.701325
0.678049
0.605673
0.700982
0.880808
0.954377
0.954012
0.674571
0.58494
0.602643
0.696642
0.673966
0.602889
0.697575
0.645959
0.631581
0.560595
0.557943
0.631902
0.560773
0.645608
0.646595
0.561171
0.558414
0.632322
0.632474
0.561278
0.646488
0.68039
0.607486
0.703705
0.589491
0.680234
0.607641
0.703817
0.885675
0.959263
0.959044
0.679537
0.588871
0.607044
0.70293
0.6796
0.606925
0.702949
0.648397
0.634076
0.562667
0.559837
0.562697
0.634163
0.648294
0.648277
0.562617
0.559794
0.634065
0.562644
0.634079
0.648284
0.680748
0.589752
0.608051
0.704391
0.680919
0.607877
0.704248
0.886992
0.96022
0.960353
0.680984
0.589884
0.607925
0.704305
0.680803
0.608075
0.704472
0.647203
0.63282
0.561659
0.559021
0.633101
0.646966
0.561853
0.647859
0.56235
0.63371
0.559478
0.633699
0.647846
0.562332
0.581906
0.716447
0.61699
0.780149
0.581616
0.717116
0.617241
0.579372
0.614715
0.714817
0.776818
0.714073
0.579658
0.614459
0.576007
0.711336
0.610818
0.772764
0.576182
0.710742
0.610669
0.578159
0.612766
0.712687
0.775609
0.713361
0.577887
0.613014
0.459199
0.555666
0.505742
0.47629
0.505059
0.458818
0.477153
0.477652
0.576558
0.523837
0.490905
0.526615
0.475422
0.494778
0.470577
0.566159
0.513426
0.490418
0.514737
0.47065
0.490163
0.473443
0.567487
0.516603
0.493349
0.515119
0.47353
0.493253
0.549997
0.683578
0.761672
0.591087
0.591596
0.681772
0.549728
0.553385
0.595662
0.68482
0.764221
0.55405
0.59487
0.684664
0.558364
0.691265
0.601915
0.770013
0.55962
0.600305
0.688905
0.556639
0.597935
0.686547
0.767173
0.556375
0.598375
0.686594
0.636589
0.572453
0.556074
0.655397
0.635833
0.572726
0.656559
0.854988
0.928647
0.92761
0.639116
0.557957
0.57492
0.659685
0.574899
0.659092
0.639417
0.597943
0.58467
0.522942
0.521117
0.523973
0.586111
0.596529
0.600724
0.527354
0.52322
0.59028
0.526222
0.588646
0.602327
0.630949
0.568936
0.551872
0.651441
0.631827
0.568555
0.650138
0.877756
0.947389
0.952299
0.626965
0.548811
0.564755
0.645117
0.626221
0.565034
0.646235
0.608616
0.597181
0.532776
0.529197
0.596231
0.532135
0.609513
0.606713
0.529652
0.527793
0.592903
0.594457
0.530679
0.605209
0.6458
0.580198
0.666843
0.563053
0.646049
0.580201
0.666325
0.848804
0.921023
0.920264
0.643234
0.561118
0.577854
0.662956
0.642747
0.577976
0.663773
0.618253
0.605763
0.539591
0.536515
0.539366
0.605476
0.618504
0.617542
0.538527
0.53604
0.604306
0.538866
0.604837
0.617049
0.64798
0.564645
0.581844
0.668733
0.647962
0.581679
0.668952
0.851058
0.921876
0.922613
0.649053
0.565372
0.58237
0.670009
0.648913
0.582592
0.670002
0.61303
0.599305
0.534689
0.532669
0.600527
0.611861
0.535515
0.61492
0.53756
0.603121
0.534074
0.602269
0.615723
0.53699
0.550676
0.691256
0.589215
0.765532
0.549356
0.697905
0.588492
0.548475
0.584309
0.696872
0.766129
0.697773
0.546658
0.586182
0.583066
0.750544
0.634804
0.807487
0.59513
0.737887
0.620376
0.563922
0.593313
0.709104
0.78659
0.717076
0.556661
0.601472
0.477066
0.598045
0.529503
0.49687
0.542549
0.475885
0.496073
0.483298
0.652297
0.530506
0.503333
0.536383
0.478171
0.524394
0.488674
0.599401
0.552494
0.508222
0.548593
0.490225
0.505574
0.495478
0.61046
0.553962
0.511695
0.557284
0.494195
0.513597
0.562977
0.706158
0.774905
0.5937
0.597875
0.709951
0.559565
0.566659
0.606663
0.718276
0.779526
0.570468
0.602151
0.713318
0.580126
0.732831
0.619364
0.801242
0.581175
0.617718
0.732224
0.577366
0.610781
0.722547
0.796586
0.574026
0.614738
0.72787
0.843527
0.76382
0.738373
0.933061
0.896854
0.748708
0.879071
0.88901
0.966533
0.968776
0.781312
0.685273
0.682813
0.788369
0.696304
0.814116
0.760573
1.0634
1.08338
0.985955
0.984495
0.953357
1.05382
1.08085
0.986776
0.853519
0.915076
0.945606
0.885457
0.980249
0.957981
0.964555
0.859275
0.862852
1.00632
0.955832
0.864128
1.02294
0.809257
1.09344
0.943722
1.05838
0.939492
0.950852
1.12129
1.06223
0.948941
1.11655
1.0711
1.1881
1.07395
0.781824
0.740397
0.665203
0.703762
0.772757
0.690826
0.750917
0.838911
0.779189
0.756439
0.875383
0.827895
0.742194
0.886173
0.679451
0.605344
0.692624
0.598063
0.670914
0.611407
0.702867
0.915263
0.997384
0.994769
0.700754
0.618444
0.642667
0.745007
0.717513
0.630985
0.725019
0.622245
0.604897
0.541543
0.544613
0.545676
0.609983
0.617444
0.630077
0.561612
0.553144
0.627567
0.553597
0.618071
0.639152
0.651515
0.573247
0.592466
0.678935
0.657454
0.588024
0.671952
0.922981
1.00058
1.00288
0.645108
0.566426
0.579633
0.661855
0.642218
0.581905
0.665198
0.688422
0.702456
0.627923
0.612552
0.677842
0.712122
0.608064
0.666076
0.575432
0.641317
0.589907
0.655321
0.652809
0.586596
0.554455
0.70596
0.590406
0.761558
0.557234
0.70207
0.58645
0.558759
0.588768
0.709646
0.762913
0.707532
0.560356
0.58837
0.38175
0.457936
0.38209
0.357934
0.385829
0.363968
0.379577
1.28028
0.567485
0.863784
0.525048
0.601182
1.10411
0.548461
0.390337
0.291779
0.336996
0.312531
0.368005
0.288515
0.307165
0.817958
0.809622
0.819039
0.826388
0.845159
0.865889
0.83342
0.930766
0.908542
0.903671
0.957401
1.00317
0.962919
1.00179
0.998388
1.01159
0.954479
0.994409
1.1304
1.06754
1.04494
0.949459
1.01937
0.906474
0.957644
0.956857
1.02559
0.895062
0.893502
0.921994
0.944468
0.903277
0.915963
0.939523
0.975129
0.80643
0.836128
0.827785
0.883614
0.857913
0.89598
0.844601
0.84451
0.93506
0.883191
0.918749
0.923897
0.986474
0.871148
0.526536
0.536062
0.531362
0.523016
0.53036
0.518926
0.525651
0.477394
0.475807
0.477603
0.483769
0.480667
0.484481
0.480263
0.523237
0.517677
0.521526
0.508974
0.506274
0.512352
0.50459
0.504156
0.5221
0.522267
0.531904
0.507927
0.51629
0.516446
0.493295
0.48895
0.488454
0.495034
0.507256
0.496981
0.50383
0.53854
0.533187
0.530547
0.519344
0.5368
0.524185
0.529048
0.522739
0.512473
0.519154
0.513893
0.521824
0.509495
0.506633
0.507213
0.497454
0.504428
0.496998
0.503716
0.488461
0.489172
0.449787
0.446704
0.450098
0.451747
0.446269
0.451155
0.446814
0.497256
0.496132
0.498144
0.480929
0.477283
0.480043
0.478333
0.455491
0.452468
0.450525
0.459409
0.449709
0.458426
0.456287
0.504515
0.494044
0.500655
0.494461
0.501325
0.486242
0.485559
0.452354
0.448505
0.452024
0.453519
0.449031
0.44841
0.4541
0.501244
0.498139
0.500306
0.482931
0.481272
0.480196
0.483841
0.507494
0.514725
0.51811
0.50766
0.514961
0.499322
0.499089
0.457733
0.46151
0.461403
0.463438
0.458328
0.458079
0.463622
0.510527
0.512568
0.512321
0.494486
0.492485
0.492152
0.49476
0.465606
0.462824
0.459421
0.468917
0.459542
0.469145
0.465403
0.460933
0.457409
0.461043
0.463077
0.457672
0.45777
0.462911
0.511579
0.510099
0.511886
0.494084
0.49144
0.49175
0.493807
0.518605
0.508245
0.515599
0.508086
0.515417
0.499729
0.499946
0.537654
0.526938
0.534764
0.526769
0.534525
0.518357
0.518616
0.476337
0.472945
0.476526
0.479156
0.473587
0.478754
0.473949
0.529015
0.528249
0.529711
0.511631
0.508929
0.510978
0.509758
0.483651
0.481485
0.477802
0.488328
0.477496
0.487948
0.483941
0.535563
0.52457
0.532068
0.524821
0.532567
0.516581
0.516119
0.478001
0.474191
0.477882
0.480477
0.475343
0.475107
0.48068
0.531902
0.530019
0.531559
0.513289
0.511771
0.511346
0.513632
0.528762
0.536678
0.53971
0.528799
0.536728
0.520495
0.520452
0.47603
0.479796
0.479747
0.482482
0.477185
0.477062
0.482545
0.532517
0.533964
0.533923
0.515561
0.513856
0.513759
0.515641
0.485774
0.483664
0.47956
0.490193
0.479561
0.490215
0.485733
0.479682
0.476029
0.479734
0.482463
0.477048
0.477058
0.482411
0.533848
0.532494
0.533901
0.515549
0.513704
0.513739
0.515507
0.539738
0.528859
0.536771
0.528798
0.53675
0.520499
0.520568
0.542421
0.531495
0.539337
0.531453
0.539331
0.523048
0.523102
0.482193
0.478449
0.482146
0.484884
0.479625
0.484941
0.479507
0.536416
0.534926
0.536396
0.518017
0.516255
0.518081
0.516177
0.48823
0.48623
0.482199
0.492822
0.482067
0.492717
0.488311
0.542409
0.531485
0.539319
0.531439
0.539316
0.523033
0.523087
0.482202
0.478459
0.482154
0.484894
0.479642
0.479519
0.484956
0.536436
0.534945
0.536411
0.518034
0.516282
0.516199
0.518101
0.53109
0.539023
0.54203
0.531076
0.539029
0.522754
0.522764
0.477848
0.481522
0.481532
0.484316
0.478947
0.478952
0.484261
0.534513
0.535729
0.535896
0.517526
0.515595
0.515755
0.517401
0.487971
0.48598
0.481811
0.492507
0.481794
0.492495
0.487957
0.481768
0.47812
0.481811
0.484593
0.479222
0.479218
0.484561
0.5362
0.53481
0.536198
0.517817
0.516064
0.516046
0.517828
0.541699
0.530716
0.538587
0.530757
0.538714
0.522452
0.522367
0.530805
0.520024
0.527634
0.520079
0.52775
0.51177
0.511687
0.472374
0.468584
0.472283
0.474752
0.469574
0.474904
0.469355
0.525332
0.523579
0.525135
0.507017
0.50529
0.507239
0.505013
0.477474
0.475108
0.471344
0.481518
0.471319
0.481569
0.477432
0.531143
0.520504
0.528211
0.52038
0.528072
0.512067
0.512239
0.472
0.468318
0.471999
0.474463
0.469135
0.469095
0.474436
0.524676
0.523267
0.524821
0.506715
0.504595
0.504708
0.506615
0.51371
0.521165
0.524054
0.513485
0.52079
0.505041
0.505402
0.461267
0.464571
0.464808
0.466994
0.461394
0.461835
0.466516
0.514178
0.51513
0.515887
0.498152
0.495027
0.495934
0.497412
0.471038
0.468419
0.465388
0.475252
0.464996
0.47473
0.471426
0.466379
0.46264
0.466271
0.468393
0.463372
0.463105
0.468643
0.518164
0.515855
0.517649
0.499779
0.498087
0.49749
0.500261
0.521996
0.511231
0.518344
0.511549
0.5189
0.503291
0.502744
0.501865
0.491746
0.498692
0.491745
0.498618
0.483422
0.483494
0.447482
0.443823
0.447348
0.44888
0.444072
0.449106
0.443749
0.49568
0.493379
0.495437
0.478068
0.475737
0.478363
0.4754
0.450848
0.44795
0.445534
0.454165
0.445121
0.453816
0.451122
0.501947
0.491968
0.498866
0.491777
0.498677
0.48346
0.483708
0.447378
0.443762
0.447256
0.448821
0.444056
0.443742
0.449018
0.495504
0.493354
0.495395
0.478037
0.475606
0.475395
0.478181
0.503984
0.51014
0.513744
0.504224
0.510816
0.497012
0.496397
0.465018
0.468151
0.466541
0.46997
0.472027
0.468317
0.472907
0.509951
0.513104
0.510534
0.496021
0.500162
0.496112
0.499066
0.470704
0.474697
0.466596
0.474162
0.468468
0.476379
0.469181
0.462958
0.46143
0.463448
0.466573
0.462982
0.464102
0.465616
0.507248
0.507251
0.508228
0.493197
0.491068
0.492662
0.492138
0.515605
0.507333
0.514688
0.506297
0.512829
0.499366
0.501421
1.2504
0.568181
0.84072
0.524487
0.602226
1.05358
0.547955
0.387395
0.291072
0.3368
0.311597
0.366715
0.287297
0.305829
0.381054
0.452251
0.379653
0.357497
0.384953
0.363488
0.378869
0.501456
0.491325
0.498253
0.491336
0.4982
0.483005
0.483058
0.447173
0.443497
0.447032
0.448544
0.443731
0.448783
0.443395
0.450451
0.447504
0.445092
0.453714
0.444703
0.453395
0.450701
0.495318
0.492981
0.495054
0.477686
0.475364
0.478001
0.475003
0.501592
0.491619
0.498513
0.491421
0.498308
0.483091
0.483354
0.447011
0.443394
0.446899
0.448446
0.443645
0.44335
0.448625
0.495047
0.49291
0.494966
0.47761
0.475135
0.474955
0.477728
0.513116
0.503361
0.509506
0.503579
0.510186
0.496369
0.495774
0.467686
0.464519
0.466057
0.469484
0.471562
0.472461
0.467807
0.512552
0.509367
0.509949
0.495452
0.499666
0.49854
0.495558
0.470119
0.47406
0.466025
0.473585
0.467842
0.47578
0.468632
0.515014
0.50675
0.514123
0.505702
0.512241
0.498781
0.500864
0.462454
0.460841
0.462885
0.466001
0.462443
0.463492
0.46509
0.50661
0.506611
0.507595
0.492559
0.490441
0.492027
0.491516
0.530759
0.519979
0.52759
0.520034
0.527705
0.511726
0.511643
0.472346
0.468553
0.472254
0.474723
0.469541
0.474875
0.469322
0.477437
0.475066
0.471302
0.481478
0.471278
0.48153
0.477393
0.525302
0.523546
0.525103
0.506984
0.50526
0.507208
0.50498
0.531112
0.520473
0.528181
0.520349
0.528041
0.512035
0.512208
0.471964
0.468282
0.471963
0.474427
0.469095
0.469056
0.474399
0.524632
0.523223
0.524777
0.506673
0.504552
0.504666
0.506572
0.523971
0.513644
0.52109
0.513387
0.520703
0.504939
0.505337
0.464489
0.461181
0.464726
0.466909
0.461303
0.466432
0.461743
0.515034
0.514082
0.515791
0.498056
0.494931
0.497317
0.495838
0.470922
0.468285
0.465331
0.47519
0.464862
0.474611
0.471372
0.5219
0.511136
0.518249
0.511452
0.518804
0.503196
0.502649
0.466338
0.462515
0.466158
0.468279
0.463326
0.462973
0.468596
0.51809
0.515761
0.517558
0.499675
0.498018
0.497384
0.500195
0.54243
0.531504
0.539345
0.531461
0.539339
0.523056
0.52311
0.4822
0.478456
0.482153
0.484892
0.479632
0.484948
0.479513
0.488237
0.486237
0.482205
0.492829
0.482073
0.492724
0.488317
0.536426
0.534936
0.536406
0.518027
0.516264
0.51809
0.516186
0.54242
0.531495
0.539329
0.531449
0.539326
0.523042
0.523096
0.482209
0.478465
0.482161
0.484901
0.479649
0.479526
0.484962
0.536445
0.534953
0.536419
0.518041
0.516289
0.516206
0.518109
0.542022
0.531107
0.539029
0.53105
0.539016
0.522723
0.522785
0.481519
0.477844
0.481528
0.484313
0.478944
0.484259
0.478947
0.535728
0.53451
0.535893
0.517522
0.515595
0.5174
0.515751
0.487919
0.485921
0.481858
0.492545
0.481731
0.492443
0.487997
0.541696
0.530713
0.538586
0.530753
0.538711
0.522449
0.522365
0.481808
0.478061
0.481761
0.484542
0.479271
0.479154
0.484601
0.53621
0.534788
0.536181
0.517782
0.51609
0.516008
0.517852
0.537664
0.52695
0.534775
0.526779
0.534533
0.518367
0.518628
0.476344
0.472955
0.476534
0.479164
0.473596
0.478759
0.47396
0.48366
0.4815
0.477819
0.488341
0.477511
0.487958
0.483953
0.529022
0.52826
0.529723
0.511642
0.508934
0.510985
0.509767
0.535578
0.524583
0.532078
0.524835
0.53258
0.516594
0.516129
0.478013
0.474204
0.477893
0.480487
0.475358
0.475121
0.480692
0.531912
0.530025
0.531566
0.513298
0.511782
0.511354
0.513644
0.539722
0.528798
0.536703
0.528793
0.536734
0.520484
0.520492
0.479802
0.476035
0.479752
0.482485
0.477191
0.482551
0.477067
0.533972
0.532523
0.53393
0.515567
0.513862
0.515648
0.513762
0.485741
0.483628
0.479625
0.490248
0.47952
0.490183
0.485789
0.539747
0.528868
0.53678
0.528806
0.536758
0.520506
0.520576
0.479736
0.475987
0.4797
0.482429
0.477113
0.477015
0.482466
0.533876
0.532492
0.533903
0.515534
0.513748
0.513723
0.51555
0.507452
0.497694
0.504668
0.49724
0.50396
0.48871
0.489417
0.450038
0.446959
0.450343
0.452003
0.446551
0.451421
0.447085
0.455736
0.452752
0.450787
0.459663
0.449975
0.458687
0.456528
0.497558
0.496424
0.49843
0.481216
0.477596
0.480345
0.478626
0.504792
0.494328
0.500947
0.494738
0.501607
0.486524
0.485852
0.452574
0.448736
0.452245
0.453751
0.449277
0.448659
0.454329
0.50149
0.4984
0.500558
0.483187
0.481528
0.48046
0.484091
0.518243
0.507646
0.514869
0.507781
0.515093
0.499444
0.499246
0.461616
0.457842
0.461507
0.463545
0.458446
0.463731
0.458194
0.512687
0.51065
0.512442
0.494605
0.492606
0.494879
0.492273
0.46571
0.462948
0.459607
0.46909
0.459651
0.469261
0.465569
0.518723
0.508363
0.515717
0.508203
0.515536
0.499846
0.500064
0.461087
0.457492
0.461128
0.463172
0.45785
0.457865
0.46307
0.511728
0.510233
0.512017
0.494208
0.491606
0.491878
0.493969
0.822622
0.811934
0.822652
0.828856
0.849181
0.865836
0.833732
0.922366
0.901469
0.89724
0.947215
0.991889
0.951417
0.988449
0.938997
1.00151
0.896084
0.945919
0.943848
1.00908
0.887296
0.99452
1.00561
0.953572
0.9858
1.10529
1.05144
1.03089
0.896899
0.921782
0.946097
0.90381
0.917981
0.936226
0.969355
0.803188
0.83126
0.824158
0.877286
0.850953
0.887535
0.839603
0.846964
0.934113
0.885434
0.914993
0.918234
0.977382
0.868948
0.531865
0.527014
0.536546
0.523489
0.530829
0.519326
0.526025
0.476115
0.477789
0.477981
0.484121
0.480962
0.480562
0.484849
0.518161
0.523733
0.522039
0.509433
0.506672
0.505021
0.512757
0.504252
0.522043
0.522121
0.531675
0.507988
0.516297
0.516384
0.523272
0.512969
0.519651
0.514429
0.522348
0.509999
0.507097
0.493481
0.489161
0.488673
0.495198
0.507276
0.497125
0.503904
0.53896
0.533577
0.530978
0.519659
0.536883
0.524406
0.529288
0.55582
0.448938
0.477353
0.461203
0.473307
0.434905
0.519312
0.605188
0.553995
0.513532
0.493701
0.647664
0.544923
0.531473
0.708429
0.738612
0.760339
0.736679
0.641891
0.689041
0.67749
0.710212
0.922599
0.720048
0.717882
0.74157
0.684435
0.818154
0.626382
0.655876
0.678586
0.581944
0.618174
0.605089
0.711666
0.892916
1.05423
0.946307
0.902332
0.908
0.841772
0.980419
0.960735
0.768588
0.855046
0.82603
0.767285
0.881583
0.74347
0.604536
0.66155
0.599803
0.586758
0.621225
0.577629
0.63722
0.415551
0.422899
0.405812
0.399145
0.432874
0.408416
0.412037
0.506871
0.440083
0.460451
0.449099
0.461886
0.428941
0.497373
0.545439
0.516262
0.48846
0.47654
0.601959
0.519079
0.506569
0.7268
0.792091
0.811452
0.753738
0.666374
0.69433
0.719576
0.744039
1.0472
0.779731
0.729294
0.751133
0.697106
0.84793
0.641674
0.670902
0.587753
0.695596
0.628547
0.624104
0.740137
1.01602
1.27237
1.12852
1.02972
0.98871
0.918647
1.133
0.701044
0.718958
0.737931
0.701267
0.711311
0.716471
0.749582
0.756173
0.820088
0.829473
0.872108
0.811572
0.772776
0.804598
0.615495
0.635639
0.62847
0.658425
0.646859
0.634577
0.67152
0.649163
0.698695
0.674182
0.684014
0.678652
0.654408
0.717491
0.641867
0.630264
0.638421
0.641116
0.655974
0.658948
0.638477
0.712341
0.695608
0.688821
0.717453
0.774601
0.75863
0.730332
0.766932
0.755768
0.728936
0.74267
0.840191
0.789568
0.78042
0.555589
0.544942
0.552166
0.549322
0.559607
0.552222
0.543785
0.553469
0.587466
0.54675
0.555146
0.538643
0.563001
0.574903
0.562101
0.554307
0.550594
0.564564
0.595536
0.585016
0.572386
0.60826
0.599676
0.588927
0.586675
0.632369
0.609874
0.602639
0.579413
0.583104
0.596426
0.574332
0.582627
0.577298
0.59366
0.516926
0.525261
0.522328
0.536247
0.531552
0.526111
0.542519
0.554616
0.574201
0.565263
0.560068
0.556522
0.547598
0.573261
0.510713
0.50009
0.506871
0.50046
0.507504
0.492139
0.491537
0.459019
0.456199
0.452648
0.461437
0.458377
0.453189
0.462227
0.456289
0.45255
0.456145
0.457873
0.452978
0.458179
0.452636
0.506234
0.50367
0.505679
0.488063
0.486137
0.4886
0.485484
0.512306
0.502214
0.509366
0.501948
0.508952
0.493481
0.493893
0.454742
0.451456
0.454982
0.45677
0.451261
0.456306
0.451637
0.503488
0.502368
0.504326
0.486807
0.483357
0.486031
0.484277
0.516712
0.506521
0.513776
0.506286
0.513413
0.49785
0.498215
0.464242
0.4614
0.45868
0.468157
0.464643
0.45826
0.467626
0.458569
0.455251
0.458784
0.460729
0.455208
0.460302
0.455579
0.508145
0.506994
0.508844
0.491231
0.48801
0.490554
0.488824
0.515107
0.504467
0.511429
0.504779
0.511948
0.496485
0.49597
0.460095
0.456375
0.459976
0.461862
0.456909
0.462126
0.456616
0.510703
0.5083
0.510209
0.492508
0.49064
0.492987
0.490054
0.538522
0.527579
0.535421
0.527611
0.5355
0.519266
0.519219
0.484466
0.482264
0.478285
0.488844
0.484463
0.47822
0.488842
0.478185
0.474559
0.478237
0.480933
0.475565
0.480881
0.47557
0.532052
0.530705
0.532113
0.513821
0.511965
0.513789
0.511998
0.537895
0.527016
0.534877
0.527014
0.53493
0.518753
0.518733
0.47855
0.474807
0.478534
0.481212
0.475844
0.481214
0.475776
0.532531
0.531172
0.532626
0.514267
0.512339
0.514212
0.512398
0.539406
0.528541
0.536451
0.528506
0.536418
0.520215
0.52026
0.485549
0.483461
0.479419
0.49004
0.485574
0.479368
0.489977
0.47919
0.475523
0.479196
0.481914
0.476571
0.481868
0.476563
0.533034
0.531783
0.533189
0.514899
0.512937
0.514778
0.513084
0.538982
0.52806
0.53589
0.528108
0.536008
0.519833
0.519746
0.4795
0.47584
0.47953
0.482248
0.476896
0.482242
0.476871
0.533646
0.532178
0.533588
0.515273
0.513542
0.515334
0.51346
0.542465
0.531547
0.539391
0.531501
0.539393
0.523119
0.523167
0.488329
0.486353
0.482291
0.492914
0.488393
0.482175
0.492832
0.482209
0.478578
0.482262
0.48502
0.479645
0.484969
0.47966
0.536506
0.5351
0.53654
0.518181
0.516344
0.518155
0.516365
0.542492
0.531527
0.539396
0.531546
0.539431
0.52317
0.523144
0.482266
0.478534
0.482223
0.484978
0.479724
0.485028
0.479612
0.536503
0.535048
0.536493
0.518126
0.516371
0.518179
0.516311
0.542022
0.531063
0.538988
0.531077
0.538997
0.52273
0.522723
0.487938
0.485939
0.481786
0.492467
0.487928
0.481764
0.492447
0.481754
0.478019
0.481713
0.484478
0.479207
0.484522
0.479101
0.535992
0.534579
0.535998
0.517631
0.515879
0.517671
0.515834
0.541899
0.530984
0.538852
0.530939
0.538863
0.522593
0.522635
0.481764
0.478116
0.481807
0.484576
0.479206
0.484544
0.4792
0.536145
0.534726
0.536138
0.517767
0.515998
0.517774
0.515974
0.529904
0.51935
0.526969
0.519197
0.526776
0.510846
0.511068
0.47661
0.474206
0.47078
0.48095
0.476863
0.470495
0.480619
0.470343
0.466934
0.470533
0.472936
0.467396
0.472613
0.467688
0.522322
0.521212
0.522792
0.504844
0.502231
0.504379
0.502795
0.528778
0.517953
0.525382
0.518169
0.525727
0.509901
0.509549
0.471395
0.467627
0.471289
0.473678
0.468562
0.473855
0.468341
0.524056
0.522167
0.523782
0.50574
0.504019
0.506027
0.503669
0.52593
0.515156
0.522553
0.515338
0.522832
0.507015
0.506738
0.47296
0.470472
0.466646
0.476469
0.47266
0.466889
0.476825
0.468365
0.464605
0.468274
0.470565
0.465422
0.470718
0.465214
0.520552
0.518687
0.520345
0.502349
0.500491
0.502581
0.500204
0.526487
0.515964
0.523503
0.51583
0.523357
0.507488
0.50767
0.467718
0.464227
0.467863
0.470149
0.464663
0.469917
0.464845
0.519464
0.518181
0.519837
0.501878
0.499315
0.501527
0.499728
0.502673
0.492426
0.49926
0.492467
0.499524
0.484273
0.484103
0.451954
0.449291
0.446138
0.454714
0.451689
0.446295
0.455085
0.449895
0.445951
0.449407
0.451089
0.447173
0.452002
0.446097
0.498601
0.495698
0.49768
0.480359
0.479198
0.481377
0.477878
0.504241
0.494403
0.501613
0.494074
0.50092
0.485691
0.486385
0.447999
0.444614
0.44808
0.449785
0.444696
0.449611
0.444757
0.496035
0.494433
0.496384
0.479014
0.476132
0.478738
0.476513
0.510617
0.501096
0.507923
0.500706
0.507197
0.492543
0.493456
0.462208
0.462029
0.460746
0.469468
0.464535
0.457649
0.466449
0.45332
0.450491
0.45374
0.456001
0.450621
0.455188
0.451399
0.50093
0.500124
0.501816
0.484976
0.48176
0.484012
0.483062
0.50796
0.49753
0.504183
0.497808
0.504843
0.489838
0.489205
0.457897
0.453992
0.45705
0.459242
0.457141
0.460852
0.45499
0.505062
0.50232
0.504021
0.487662
0.487874
0.489109
0.485887
0.941134
0.758974
0.839159
0.820404
0.76588
0.877926
0.740393
0.491935
0.502166
0.498757
0.491963
0.498995
0.48375
0.483605
0.45146
0.448742
0.445649
0.454216
0.451221
0.445782
0.454555
0.445453
0.44939
0.448916
0.450575
0.446621
0.451464
0.445571
0.497957
0.495068
0.497068
0.47976
0.478546
0.480745
0.477261
0.447575
0.444169
0.447646
0.449322
0.444234
0.449167
0.444278
0.503654
0.493807
0.500988
0.493492
0.500322
0.485103
0.485771
0.495518
0.49386
0.495833
0.478473
0.475607
0.478228
0.475951
0.500425
0.509942
0.507248
0.500032
0.506513
0.491863
0.492783
0.461581
0.461344
0.460105
0.468829
0.46392
0.456997
0.465791
0.449918
0.452767
0.453178
0.455407
0.450029
0.454611
0.450789
0.500249
0.499411
0.501121
0.484288
0.481076
0.483343
0.482357
0.457321
0.453402
0.456472
0.458641
0.456526
0.460259
0.454369
0.507296
0.496878
0.503515
0.497147
0.504163
0.489164
0.488547
0.504383
0.501614
0.503328
0.486975
0.487196
0.488435
0.485191
0.519301
0.529856
0.52692
0.519148
0.526728
0.510798
0.511018
0.476563
0.474152
0.470727
0.480901
0.476815
0.470442
0.480571
0.466885
0.470298
0.470488
0.47289
0.467344
0.472566
0.467637
0.522268
0.52116
0.522739
0.504792
0.502177
0.504325
0.502743
0.471351
0.46758
0.471246
0.473633
0.468512
0.47381
0.468291
0.528724
0.517899
0.525329
0.518115
0.525673
0.509847
0.509495
0.524007
0.52212
0.523735
0.505692
0.50397
0.505977
0.503621
0.515084
0.525857
0.522482
0.515263
0.522759
0.506941
0.506667
0.47289
0.47039
0.466572
0.476402
0.472594
0.466811
0.476751
0.464538
0.468302
0.46821
0.470499
0.465351
0.470652
0.465142
0.520478
0.518614
0.520273
0.502277
0.500418
0.502508
0.500131
0.467654
0.464157
0.467797
0.470082
0.464593
0.469853
0.464771
0.526415
0.51589
0.52343
0.515757
0.523284
0.507415
0.507597
0.519394
0.518107
0.519763
0.501804
0.499245
0.501458
0.499653
0.531549
0.542468
0.539394
0.531504
0.539396
0.523121
0.523169
0.488329
0.486352
0.48229
0.492913
0.488393
0.482174
0.492832
0.478577
0.482209
0.482261
0.48502
0.479644
0.484969
0.479659
0.536507
0.5351
0.536539
0.518181
0.516345
0.518155
0.516365
0.482267
0.478533
0.482223
0.484978
0.479723
0.485028
0.479611
0.542492
0.531527
0.539397
0.531546
0.53943
0.52317
0.523145
0.536506
0.53505
0.536496
0.518127
0.516372
0.518181
0.516312
0.531062
0.542021
0.538988
0.531076
0.538996
0.522729
0.522723
0.487937
0.485938
0.481787
0.492469
0.48793
0.481762
0.492447
0.478019
0.481754
0.481713
0.484478
0.479206
0.484522
0.4791
0.535993
0.53458
0.535999
0.517631
0.51588
0.517672
0.515834
0.481764
0.478114
0.481806
0.484575
0.479206
0.484545
0.479198
0.5419
0.530985
0.538852
0.53094
0.538864
0.522593
0.522636
0.536146
0.534726
0.536138
0.517766
0.516
0.517775
0.515973
0.527602
0.538547
0.535442
0.527635
0.535524
0.51929
0.51924
0.484485
0.482287
0.478306
0.488863
0.484481
0.478241
0.488862
0.47458
0.478204
0.478256
0.480952
0.475586
0.480901
0.475591
0.532076
0.53073
0.532138
0.513845
0.511988
0.513812
0.512021
0.478568
0.474827
0.478553
0.481231
0.475864
0.481231
0.475797
0.537919
0.527041
0.534901
0.527038
0.534954
0.518776
0.518757
0.532551
0.531195
0.532649
0.51429
0.512358
0.514233
0.51242
0.52856
0.539425
0.53647
0.528525
0.536436
0.520232
0.520278
0.485563
0.483477
0.479436
0.490056
0.48559
0.479384
0.489991
0.475537
0.479203
0.479209
0.481928
0.476586
0.481881
0.476578
0.533049
0.531799
0.533205
0.514914
0.512951
0.514793
0.513099
0.479515
0.475855
0.479544
0.482262
0.476912
0.482257
0.476886
0.538999
0.528077
0.535907
0.528125
0.536025
0.519849
0.519761
0.533664
0.532195
0.533605
0.515289
0.513559
0.515351
0.513476
0.500301
0.510922
0.507084
0.500671
0.507716
0.492353
0.491753
0.459228
0.456441
0.452881
0.461664
0.458591
0.453416
0.462448
0.452737
0.456467
0.456323
0.458059
0.453177
0.458365
0.452836
0.506434
0.503876
0.505881
0.488267
0.486345
0.488803
0.485694
0.454934
0.451655
0.455172
0.456969
0.451479
0.456508
0.45185
0.512501
0.502412
0.509563
0.502145
0.50915
0.493681
0.494093
0.503705
0.502587
0.504541
0.487026
0.483585
0.486253
0.484501
0.506675
0.516865
0.51393
0.506439
0.513566
0.498005
0.498371
0.464394
0.461578
0.458847
0.468318
0.464796
0.458427
0.467787
0.455404
0.458718
0.458931
0.460882
0.455377
0.460459
0.455743
0.508317
0.507164
0.509011
0.491401
0.488189
0.490727
0.488997
0.460234
0.456521
0.460114
0.462006
0.457066
0.462271
0.456772
0.51527
0.504633
0.511596
0.504944
0.512114
0.496652
0.496139
0.510859
0.50846
0.510365
0.492666
0.490802
0.493145
0.490216
0.721726
0.704402
0.742311
0.703286
0.714304
0.717219
0.751134
0.752038
0.812218
0.822131
0.864317
0.806576
0.767146
0.798677
0.633639
0.613819
0.626877
0.656281
0.644172
0.632433
0.668589
0.649891
0.699896
0.675912
0.683604
0.677002
0.65358
0.715964
0.710396
0.692878
0.686678
0.714513
0.769947
0.755585
0.726309
0.643853
0.630939
0.639513
0.642219
0.657979
0.65939
0.638389
0.770702
0.757347
0.731357
0.742107
0.837542
0.789367
0.778247
0.545265
0.556145
0.552523
0.549733
0.560133
0.552464
0.543928
0.552883
0.58626
0.546121
0.55446
0.538151
0.562204
0.573999
0.553672
0.561385
0.550062
0.56376
0.59403
0.583901
0.571374
0.609014
0.599889
0.58938
0.586434
0.631414
0.609565
0.601953
0.516712
0.524995
0.52213
0.535889
0.531112
0.525769
0.542024
0.5802
0.583729
0.597401
0.574852
0.58327
0.577447
0.593878
0.554883
0.574503
0.565703
0.560082
0.556287
0.54756
0.572988
0.779319
0.821689
0.749755
0.817267
0.767881
0.765742
0.824618
1.34818
1.55438
1.51834
1.38815
1.4015
1.48129
1.63502
1.15847
1.31012
1.49437
1.61636
1.17724
1.28112
1.47838
1.49489
1.55695
1.49516
1.80464
1.53883
1.71943
1.80089
1.04387
1.57984
1.4767
1.2016
1.02936
1.19929
1.62876
1.12905
0.70486
0.75176
0.873339
1.20066
0.7959
1.39419
1.3454
1.57605
1.5296
1.3888
1.39907
1.47811
1.66269
1.10339
1.09406
1.23548
1.37825
1.05567
1.16918
1.27048
1.31807
1.33735
1.22499
1.49117
1.40893
1.51097
1.58707
1.08545
1.60655
1.45342
1.25068
1.07097
1.24535
1.64405
1.11424
0.822465
0.871578
0.994232
1.21486
0.918508
1.35202
1.2247
1.06755
1.06955
1.13779
1.18774
1.13707
1.18276
1.23513
1.06664
1.06416
1.13878
1.19531
1.13891
1.20435
1.10994
1.03728
1.06558
1.10037
1.2142
1.11689
1.16511
1.25603
1.09746
1.13758
1.14209
1.26044
1.09622
1.30655
0.958885
0.946197
0.98995
1.01634
0.954793
1.02323
0.962702
1.05949
1.00605
0.954862
0.953151
1.1567
1.0063
1.10046
0.734975
0.721776
0.768393
0.775144
0.709213
0.751429
0.737511
0.869132
0.777178
0.822048
0.830844
0.872889
0.883976
0.811957
1.37908
1.06183
1.05847
1.18748
1.40587
1.44164
1.18132
1.30256
1.05907
1.06085
1.16239
1.35099
1.31736
1.16838
0.59624
0.545462
0.601669
0.594711
0.542284
0.5495
0.588347
0.796126
0.730367
0.719578
0.71599
0.845595
0.832951
0.727518
0.554948
0.620184
0.610127
0.60363
0.57309
0.560094
0.615066
0.844308
0.745135
0.761467
0.759405
0.863174
0.882756
0.741953
0.697269
0.620995
0.671756
0.67058
0.666932
0.698833
0.635892
0.634204
0.596523
0.648912
0.646479
0.589979
0.629661
0.608737
1.21985
1.07935
1.07471
1.13753
1.16972
1.14141
1.16973
1.22502
1.08393
1.09035
1.14931
1.1694
1.14408
1.16975
0.575056
0.516238
0.574749
0.566504
0.515971
0.515656
0.566819
0.753254
0.683158
0.683006
0.681264
0.789025
0.681443
0.788177
0.516122
0.57469
0.574561
0.566255
0.515696
0.515499
0.566413
0.578065
0.518155
0.576784
0.568303
0.519073
0.517675
0.569632
0.755919
0.683588
0.684502
0.68257
0.790025
0.681689
0.790893
0.5171
0.575039
0.575701
0.567351
0.516
0.516623
0.566668
0.59195
0.531174
0.588638
0.580169
0.536856
0.532471
0.583963
0.768479
0.694548
0.69594
0.692292
0.801041
0.802834
0.690743
0.528506
0.584789
0.586366
0.577895
0.527391
0.529525
0.576033
0.764205
0.693374
0.692379
0.688981
0.799282
0.798078
0.689988
0.579701
0.522154
0.580885
0.57229
0.520734
0.571038
0.522151
0.583406
0.52382
0.582316
0.573523
0.525589
0.574809
0.52387
1.22255
1.11033
1.09795
1.15191
1.16744
1.16351
1.16294
1.23267
1.11611
1.11686
1.16876
1.16929
1.1699
1.16811
1.1644
1.00628
1.00705
1.06382
1.11908
1.06301
1.1203
1.16057
1.00492
1.00434
1.06132
1.11771
1.06202
1.11694
0.576836
0.519446
0.578359
0.570032
0.517572
0.518857
0.568529
0.757065
0.693494
0.691079
0.689172
0.790642
0.691561
0.788786
0.521498
0.582512
0.580787
0.572415
0.522386
0.520912
0.574171
0.764211
0.696789
0.699122
0.697091
0.792761
0.694784
0.794688
0.589422
0.527706
0.588389
0.58006
0.528285
0.527357
0.581152
0.585015
0.526298
0.586655
0.5783
0.52454
0.576635
0.525891
1.16736
0.993403
1.00352
1.06625
1.11971
1.12581
1.05603
1.15308
0.987667
0.989485
1.05049
1.11508
1.11334
1.05011
0.59806
0.535372
0.597719
0.589536
0.535796
0.53541
0.589925
0.778199
0.712727
0.713635
0.711725
0.806563
0.807356
0.710816
0.534881
0.596494
0.597087
0.588884
0.534394
0.53488
0.588269
0.774431
0.711118
0.70974
0.707754
0.805172
0.803622
0.70917
0.591436
0.531363
0.592743
0.584456
0.530052
0.583121
0.531166
0.595364
0.532753
0.594432
0.586144
0.533439
0.587133
0.532595
1.18227
1.01993
1.02215
1.07626
1.13668
1.07374
1.13492
1.18428
1.01907
1.01811
1.07211
1.13778
1.07279
1.1375
0.614883
0.549526
0.614645
0.606581
0.550419
0.550102
0.606865
0.801612
0.73686
0.737336
0.735586
0.829901
0.735106
0.830515
0.549162
0.613893
0.614181
0.606102
0.549479
0.549709
0.6058
0.610367
0.546823
0.61129
0.603147
0.546452
0.547242
0.602189
0.798791
0.735669
0.734939
0.73314
0.828404
0.733914
0.827484
0.547879
0.61308
0.612601
0.604459
0.548811
0.548328
0.604995
0.600492
0.53906
0.601955
0.593714
0.537914
0.539159
0.592218
0.786488
0.724444
0.722956
0.720932
0.815305
0.81471
0.72248
0.540838
0.605156
0.604106
0.595831
0.541891
0.540952
0.596952
0.790433
0.726551
0.727654
0.725709
0.817213
0.818641
0.724584
0.60845
0.544125
0.608167
0.600016
0.5448
0.600351
0.544456
0.606713
0.543546
0.607438
0.599253
0.543215
0.598494
0.543829
1.19351
1.02588
1.02672
1.08092
1.146
1.1466
1.07979
1.18999
1.02271
1.022
1.07609
1.14402
1.14366
1.07701
1.21279
1.0509
1.05068
1.10574
1.16505
1.1057
1.16523
1.21135
1.04754
1.04783
1.10282
1.16328
1.1027
1.16362
0.618906
0.554492
0.620448
0.612311
0.553859
0.555149
0.610698
0.814793
0.75022
0.749148
0.747264
0.845428
0.748412
0.844048
0.556405
0.623505
0.622809
0.614633
0.557743
0.557084
0.615407
0.817938
0.751336
0.751656
0.749916
0.847072
0.749565
0.847517
0.623703
0.55736
0.623999
0.615995
0.558055
0.558193
0.615729
0.624325
0.557805
0.624518
0.616449
0.558448
0.616239
0.558602
1.20591
1.03765
1.03796
1.0931
1.15962
1.15931
1.09321
1.20708
1.04015
1.0399
1.09538
1.16067
1.16051
1.09537
0.626213
0.559311
0.626283
0.618331
0.560292
0.560235
0.618299
0.822353
0.754114
0.75426
0.752911
0.852745
0.853108
0.752739
0.559267
0.626151
0.626206
0.618257
0.560131
0.56018
0.618198
0.820972
0.753566
0.753476
0.752007
0.851477
0.851235
0.752139
0.624877
0.558463
0.625219
0.617228
0.559035
0.616865
0.559311
0.625839
0.558915
0.625796
0.617816
0.559907
0.617901
0.559786
1.21608
1.06105
1.04251
1.10137
1.17678
1.11814
1.17289
1.22275
1.01445
1.04033
1.0944
1.1758
1.07878
1.17717
0.628917
0.56163
0.628971
0.620774
0.562503
0.562471
0.620746
0.810687
0.755443
0.755441
0.753388
0.836065
0.75338
0.836132
0.561651
0.629
0.629
0.620805
0.562544
0.562494
0.620816
0.629184
0.561835
0.629236
0.621067
0.562662
0.5627
0.620999
0.8106
0.755524
0.755771
0.753667
0.835974
0.753437
0.836136
0.561782
0.629076
0.629185
0.620987
0.562637
0.562628
0.620915
0.628318
0.561399
0.628725
0.620735
0.562037
0.562368
0.620296
0.826569
0.757736
0.758213
0.756916
0.854671
0.857606
0.756441
0.561703
0.629062
0.629126
0.621083
0.5627
0.56265
0.621071
0.816301
0.75722
0.756587
0.754921
0.847135
0.843267
0.755622
0.628555
0.561366
0.628726
0.620581
0.562208
0.620459
0.56224
0.628984
0.561535
0.628906
0.620832
0.562531
0.620895
0.562466
1.22652
1.02039
1.0217
1.076
1.18318
1.18389
1.07479
1.21104
1.00829
1.00762
1.06237
1.17085
1.17221
1.06271
1.21579
1.06072
1.04221
1.10111
1.17658
1.11786
1.17269
1.22245
1.01412
1.04002
1.09411
1.17559
1.07849
1.17695
0.628904
0.561619
0.628958
0.62076
0.562492
0.56246
0.620733
0.81068
0.755439
0.755435
0.75338
0.836066
0.753374
0.836131
0.561641
0.628992
0.628989
0.620793
0.562535
0.562484
0.620806
0.810608
0.755526
0.755778
0.753671
0.83598
0.753436
0.83615
0.629183
0.561834
0.629237
0.621065
0.562659
0.562699
0.620996
0.629073
0.56178
0.629184
0.620984
0.562633
0.62091
0.562625
1.22619
1.02008
1.02138
1.07569
1.18293
1.18363
1.07449
1.21071
1.00798
1.0073
1.06206
1.1706
1.17196
1.06241
0.628318
0.561401
0.628729
0.620734
0.562032
0.562368
0.620291
0.826591
0.757747
0.758231
0.756927
0.854694
0.857634
0.756446
0.561717
0.629063
0.629138
0.621093
0.56269
0.562666
0.621068
0.816313
0.757232
0.756597
0.754927
0.84716
0.843288
0.755629
0.628555
0.561365
0.628728
0.62058
0.562206
0.620456
0.562238
0.628987
0.561535
0.628908
0.620832
0.562529
0.620895
0.562465
1.213
1.05115
1.05091
1.10598
1.16525
1.10596
1.16541
1.21162
1.04784
1.04813
1.10313
1.1635
1.10301
1.16385
0.618915
0.554501
0.620471
0.612323
0.553857
0.555153
0.610699
0.814814
0.75024
0.749151
0.747249
0.845466
0.748416
0.844075
0.556408
0.623517
0.622812
0.614631
0.557747
0.557082
0.615413
0.623739
0.557387
0.624036
0.616027
0.558078
0.558217
0.61576
0.817998
0.751377
0.751703
0.749946
0.847131
0.749591
0.847576
0.557828
0.624351
0.624551
0.616476
0.558463
0.558622
0.616258
0.626226
0.559318
0.626297
0.618341
0.560297
0.560239
0.618308
0.822399
0.754154
0.754294
0.752934
0.852803
0.85316
0.752769
0.559273
0.626179
0.626223
0.618268
0.560157
0.560182
0.618223
0.821025
0.753608
0.753516
0.752035
0.851537
0.851293
0.75217
0.6249
0.558479
0.625242
0.617246
0.559048
0.616882
0.559324
0.625866
0.558932
0.62582
0.617834
0.559924
0.617922
0.5598
1.20595
1.03774
1.03804
1.09321
1.15969
1.15937
1.09333
1.20718
1.04023
1.04001
1.09552
1.16075
1.16061
1.09548
1.18232
1.0199
1.02215
1.07637
1.1368
1.07382
1.13508
1.18424
1.01902
1.01805
1.07214
1.13786
1.07284
1.13757
0.614924
0.54956
0.614694
0.606622
0.550445
0.550133
0.606898
0.801726
0.736948
0.737425
0.735652
0.830016
0.735172
0.830631
0.549207
0.613953
0.614241
0.606154
0.549521
0.549751
0.605852
0.798917
0.735762
0.735037
0.733218
0.828528
0.733987
0.827623
0.610443
0.546877
0.611364
0.603211
0.546504
0.547292
0.602255
0.613144
0.547927
0.612663
0.604512
0.548856
0.605051
0.548372
1.19351
1.02585
1.02672
1.08097
1.14604
1.14666
1.07982
1.18991
1.02266
1.02192
1.07609
1.14404
1.14369
1.07702
0.600621
0.539159
0.602076
0.593823
0.53801
0.539252
0.592334
0.786687
0.724593
0.723114
0.72106
0.815502
0.81492
0.7226
0.540928
0.605262
0.604218
0.595931
0.541966
0.541038
0.597046
0.790596
0.726685
0.727782
0.725807
0.817389
0.818806
0.724689
0.608549
0.544199
0.608265
0.600103
0.544872
0.60044
0.544527
0.606809
0.543622
0.607533
0.599338
0.543283
0.598578
0.5439
1.16454
1.00634
1.00711
1.06404
1.11938
1.06324
1.12059
1.16073
1.00498
1.0044
1.06158
1.11804
1.06227
1.1173
0.577254
0.519756
0.578741
0.570396
0.517907
0.519164
0.568928
0.757629
0.693907
0.691508
0.689545
0.791198
0.691915
0.789389
0.521771
0.582831
0.581124
0.572732
0.522641
0.52118
0.57447
0.589684
0.527921
0.588655
0.580307
0.528492
0.527567
0.581397
0.764658
0.697163
0.699482
0.697397
0.793257
0.695104
0.795158
0.526524
0.585301
0.586932
0.57856
0.524768
0.526112
0.576903
0.598221
0.535503
0.597887
0.589692
0.535918
0.535538
0.590073
0.77851
0.712983
0.713893
0.711946
0.806884
0.807674
0.711033
0.535026
0.596686
0.597269
0.589053
0.534548
0.53502
0.588448
0.774763
0.711388
0.710006
0.707977
0.805514
0.803972
0.709398
0.591668
0.53154
0.592966
0.584662
0.530233
0.583337
0.531339
0.595568
0.532919
0.594637
0.586335
0.533599
0.587321
0.532756
1.16756
0.993428
1.0035
1.06658
1.12026
1.12641
1.05638
1.15325
0.98772
0.989545
1.05082
1.11557
1.11379
1.05045
1.22113
1.08003
1.0754
1.13941
1.17192
1.14321
1.17202
1.2262
1.08454
1.09094
1.15088
1.1715
1.14573
1.17179
0.575544
0.516669
0.575277
0.567014
0.516367
0.516087
0.567287
0.75423
0.684001
0.68378
0.681964
0.790127
0.682211
0.789192
0.5166
0.57533
0.57515
0.566824
0.516217
0.515978
0.567033
0.757196
0.684524
0.685522
0.6835
0.79123
0.682542
0.79221
0.578955
0.518841
0.577631
0.569119
0.519794
0.518361
0.570487
0.57575
0.517728
0.576474
0.568101
0.51658
0.567357
0.517253
1.22305
1.11036
1.09793
1.1525
1.16865
1.1646
1.16362
1.23347
1.11624
1.11708
1.16971
1.17064
1.17139
1.16893
0.592757
0.531788
0.589462
0.580923
0.537375
0.533041
0.584694
0.769905
0.695667
0.697036
0.693201
0.802522
0.804304
0.691683
0.529167
0.585657
0.587216
0.578683
0.528043
0.530151
0.576842
0.765696
0.694527
0.693563
0.690011
0.800777
0.799601
0.690975
0.580622
0.522912
0.581818
0.573177
0.521476
0.571918
0.522898
0.584302
0.524565
0.583231
0.574387
0.526282
0.575648
0.524597
1.22685
1.06847
1.07044
1.1408
1.19231
1.14038
1.18667
1.23904
1.06766
1.06522
1.14312
1.20083
1.14274
1.21114
1.1114
1.03452
1.06605
1.10026
1.19747
1.10835
1.1653
1.26149
1.1007
1.13838
1.14265
1.27199
1.0997
1.31646
0.958967
0.949063
0.991337
1.01725
0.954514
1.01959
0.965682
0.738048
0.723949
0.773119
0.77938
0.709737
0.752824
0.740162
1.07419
1.02286
0.965464
0.962655
1.18103
1.02135
1.11624
0.77967
0.878623
0.828124
0.836334
0.8751
0.813544
0.892117
0.597065
0.546023
0.602561
0.595509
0.542766
0.549981
0.589094
0.798148
0.731991
0.720961
0.717106
0.848191
0.835125
0.728832
0.555447
0.621228
0.611053
0.604442
0.57342
0.560483
0.615953
0.848329
0.747085
0.764182
0.761712
0.866384
0.887085
0.743571
0.700054
0.621737
0.673818
0.672314
0.667487
0.701169
0.636245
0.635375
0.597194
0.650572
0.647887
0.590219
0.630657
0.609126
1.40813
1.08168
1.09092
1.22675
1.4382
1.47942
1.20844
1.31763
1.0693
1.06667
1.17522
1.38259
1.33915
1.18716
1.15815
1.05057
1.15123
1.17487
1.1773
1.09154
1.20683
1.19695
1.27556
1.20168
1.37046
1.14843
1.2733
1.24676
0.782776
0.867977
0.758765
1.01705
1.19237
1.12857
1.12908
1.01345
1.0161
1.19251
1.09084
1.007
0.991623
1.15111
0.994421
1.16098
1.08364
0.845058
0.743084
0.755018
0.950186
0.940161
1.04904
0.994401
0.987637
0.939069
0.976113
0.828575
0.801828
0.815818
0.804287
0.80837
0.801161
0.840841
0.719616
0.767956
0.710578
0.878294
0.92316
0.818619
0.83332
0.816142
0.881726
0.897472
1.04421
1.18547
1.22488
1.01601
1.04849
1.14756
1.12302
1.10517
1.25479
1.3725
1.38041
1.22947
1.23285
1.26557
0.959036
0.969999
0.865075
0.925523
0.92919
0.919247
1.03893
0.60082
0.606047
0.650486
0.595842
0.575927
0.626095
0.617053
0.678337
0.715078
0.68054
0.622894
0.656717
0.733501
0.642194
0.457071
0.544235
0.478498
0.46419
0.512408
0.456827
0.464767
0.444429
0.475668
0.459181
0.45728
0.45445
0.447354
0.453534
1.16106
1.05189
1.15804
1.17541
1.20547
1.10139
1.20754
1.23393
1.38778
1.4099
1.54353
1.20843
1.32201
1.35052
1.03278
1.21881
1.17923
1.173
1.01484
1.02968
1.21188
1.16302
1.01654
1.01498
1.20502
1.01564
1.20933
1.15485
0.851252
0.920427
0.927497
1.0893
0.992237
1.2008
1.08583
1.1344
0.998667
1.11866
0.787629
0.883145
0.867318
0.935777
0.871341
0.86943
0.834547
0.890493
0.877691
0.910354
0.960414
0.870045
0.950422
1.00964
0.96243
1.00967
0.904778
1.22599
1.41349
1.48563
1.25585
1.27809
1.35918
1.34912
1.36602
1.56505
1.7842
1.71977
1.58465
1.5101
1.53452
1.11126
1.09517
1.0178
1.13271
1.12668
1.04975
1.21378
0.639085
0.531844
0.506444
0.500725
0.679845
0.62927
0.524151
0.498508
0.670273
0.513093
0.61657
0.626836
0.518385
0.496414
0.491609
0.509378
0.604176
0.609112
0.57748
0.492875
0.508961
0.559769
0.635274
0.609532
0.523854
0.551708
0.66955
0.529469
0.984113
1.03522
0.98958
1.03942
0.990122
1.04776
1.04086
1.04715
1.1492
1.14883
1.07682
1.06876
1.08843
1.1623
0.977012
0.997311
0.972366
1.01891
0.982495
1.00869
1.02756
0.953803
0.985212
0.953958
0.962968
0.999243
1.01408
0.999122
1.10337
1.14104
1.1314
1.07448
1.0919
1.15946
1.0873
1.15625
1.05291
1.0699
1.07822
1.11016
1.14778
1.05144
0.996424
0.996
0.996365
1.04813
1.03146
1.0433
1.0426
0.997183
1.05109
1.00024
1.05876
1.00399
1.06868
1.05577
1.06317
1.18944
1.20863
1.10289
1.10288
1.12624
1.21704
0.983232
1.00332
0.97731
1.03343
0.992207
1.02415
1.04966
0.972028
1.0452
0.981625
0.984327
1.0345
1.04981
1.04406
1.13237
1.17214
1.17285
1.09885
1.11559
1.19657
1.11713
1.25145
1.14701
1.13316
1.13075
1.20627
1.2194
1.11849
1.00789
1.00872
1.01032
1.06966
1.04884
1.06086
1.06288
0.561129
0.639668
1.05982
0.543065
0.623917
0.588945
0.825485
1.32943
0.831648
1.48054
0.966278
1.49622
1.18697
1.1568
0.60976
0.694055
1.14466
0.577318
0.684456
0.633772
0.909288
1.10679
0.806111
1.36103
0.902357
1.28728
1.077
1.09581
0.935928
0.86698
0.883407
0.865856
0.924322
0.906739
0.936278
0.965651
0.99609
1.06646
1.03168
1.02941
0.968014
0.996197
0.785178
0.821605
0.818402
0.849348
0.813242
0.798359
0.854664
1.07312
0.913621
0.976619
0.901516
0.890136
0.837782
0.959263
1.01592
1.11469
1.00941
0.955305
1.05351
0.992155
1.01393
0.82657
0.774714
0.84378
0.810784
0.892699
0.853245
0.798424
0.956889
0.923014
0.922302
0.941204
0.995008
0.993598
0.94332
1.0295
0.928778
0.943241
0.921419
1.04784
0.990808
1.0028
1.02344
1.04808
1.12483
1.06479
1.07171
1.00895
1.07627
0.855386
0.826918
0.858615
0.904922
0.853043
0.895176
0.85648
1.31082
1.08709
1.17184
1.03444
1.01765
0.945083
1.11407
1.15243
1.34613
1.18235
1.07186
1.18253
1.08643
1.16581
0.977699
0.945589
0.947602
0.980621
1.02034
1.02361
0.97461
0.936437
0.849537
0.985477
0.896625
1.04662
0.960858
0.887401
1.2027
1.37037
1.37263
1.29122
1.29659
1.44946
1.59925
1.61945
1.73107
1.52025
1.67834
1.97829
1.97762
1.78376
1.64576
1.8658
1.49665
1.77806
2.17441
1.92088
2.25878
1.75778
2.26677
2.14931
2.69185
2.74175
2.98782
2.39547
1.54477
1.606
1.49742
1.65438
1.61962
1.66969
1.75138
2.18357
1.89806
1.89473
2.09704
2.2656
2.65565
2.04199
1.50168
0.959801
1.00895
1.18865
1.76377
1.68395
1.15324
1.27431
0.875362
0.810176
0.965611
1.76021
1.58288
1.05417
1.20038
1.33109
1.31181
1.28789
1.28854
1.43096
1.49163
1.59012
1.62221
1.4776
1.6365
1.89143
1.87136
1.78115
1.45363
1.60566
1.42589
1.67795
1.75326
1.65591
1.90422
1.46813
1.89158
1.54436
1.94292
2.2598
2.52807
1.92283
1.31907
1.3454
1.26348
1.40072
1.35943
1.44588
1.48033
1.59963
1.52011
1.43517
1.58527
1.81796
1.86176
1.6654
1.44737
1.03028
1.05567
1.23283
1.70126
1.67174
1.21016
1.22142
0.980078
0.93062
1.07609
1.62478
1.48647
1.13933
0.813401
0.782787
0.852401
0.832884
0.754606
0.790996
0.776358
1.04282
0.926793
0.939296
0.89934
0.961053
0.900443
0.974282
0.793439
0.849182
0.850892
0.831358
0.800621
0.789053
0.844907
0.777242
0.772779
0.755384
0.799571
0.751426
0.808416
0.782527
0.803388
0.816798
0.733022
0.829079
0.766592
0.787956
0.863017
0.749036
0.695258
0.711801
0.708449
0.7265
0.707809
0.749286
0.820885
0.90316
0.831366
0.857213
0.853563
0.818012
0.877475
0.92384
0.87474
0.991408
0.936642
0.819923
0.86113
0.853279
1.25588
1.07497
1.10294
1.02906
1.07329
0.989855
1.13751
0.869042
0.970894
0.97206
0.93424
0.861047
0.859364
0.918719
0.832559
0.792024
0.790052
0.831725
0.78515
0.839936
0.831673
0.898374
0.866658
0.765778
0.89846
0.816452
0.851453
0.97197
0.830622
0.743584
0.763268
0.744182
0.775492
0.767549
0.806822
0.899085
0.966837
0.873155
0.927873
0.900106
0.87769
0.973853
0.182312
0.18808
0.187135
0.188196
0.187223
0.210017
0.213093
0.185528
0.187102
0.184273
0.189678
0.188674
0.187541
0.185024
0.201793
0.194943
0.197153
0.196349
0.197931
0.19634
0.199616
0.482002
0.323496
0.338903
0.870762
0.796436
0.393818
0.401113
0.746168
0.471317
0.47798
0.56361
0.531561
0.411082
0.414518
0.200529
0.204079
0.203991
0.194596
0.194404
0.19468
0.194822
0.44023
0.367767
0.367726
0.458291
0.423897
0.36174
0.359989
0.200044
0.203043
0.202539
0.195198
0.194932
0.195093
0.19541
0.424869
0.358851
0.356734
0.461062
0.423709
0.357306
0.355301
0.199956
0.202325
0.202083
0.19522
0.195052
0.195102
0.195305
0.423714
0.357309
0.355308
0.462205
0.424966
0.358968
0.35685
0.199957
0.202297
0.20204
0.195243
0.195062
0.195079
0.195319
0.424165
0.361982
0.36024
0.470488
0.440926
0.368277
0.36824
0.200206
0.202794
0.202662
0.195259
0.195056
0.195187
0.195434
0.531925
0.411903
0.415213
0.805833
0.738874
0.468742
0.475063
0.200921
0.204005
0.204252
0.195144
0.194911
0.195211
0.195493
0.783171
0.392347
0.399595
0.493639
0.481644
0.322069
0.337342
0.202174
0.196832
0.193589
0.198915
0.193685
0.192678
0.192495
0.18712
0.209713
0.212708
0.184291
0.182269
0.188021
0.187048
0.211001
0.230339
0.219843
0.201749
0.199106
0.201645
0.204564
0.188654
0.187539
0.185018
0.187815
0.18552
0.187101
0.184271
0.203694
0.197975
0.196552
0.197519
0.199126
0.199791
0.197761
0.209672
0.206147
0.196384
0.200454
0.201598
0.218704
0.198559
0.261976
0.21272
0.252545
0.215965
0.252445
0.215971
0.2575
0.265027
0.216667
0.21834
0.258457
0.217032
0.258875
0.267101
0.270791
0.21831
0.258396
0.21764
0.26902
0.219421
0.258462
0.271801
0.217527
0.220384
0.25831
0.219589
0.258576
0.272274
0.273568
0.220367
0.258541
0.218401
0.273036
0.220954
0.258687
0.273902
0.218389
0.221211
0.258835
0.221019
0.258869
0.273998
0.273894
0.22121
0.258834
0.218382
0.273996
0.221011
0.258865
0.273556
0.218391
0.220349
0.258528
0.220944
0.25868
0.273014
0.271754
0.22036
0.25829
0.217498
0.272244
0.219556
0.258544
0.270728
0.217598
0.218249
0.258297
0.219377
0.258407
0.268898
0.264765
0.218255
0.258297
0.216547
0.266946
0.216921
0.25862
0.261643
0.215805
0.212561
0.251994
0.215829
0.257107
0.251932
0.201769
0.196343
0.194934
0.197146
0.196328
0.199604
0.197918
0.2037
0.197519
0.197976
0.196553
0.199792
0.197762
0.199129
0.209688
0.200464
0.206171
0.196387
0.218765
0.198561
0.201607
0.20961
0.242542
0.243664
0.228902
0.204599
0.20427
0.231002
0.481098
0.288531
0.468053
0.519657
0.312332
0.535111
0.31289
0.28138
0.416251
0.43861
0.47734
0.293352
0.303513
0.445821
0.390983
0.263707
0.389025
0.415667
0.283054
0.419195
0.281585
0.262709
0.386487
0.388164
0.414529
0.27896
0.280528
0.412809
0.385179
0.258719
0.384057
0.410529
0.276923
0.411761
0.275876
0.257928
0.380821
0.38138
0.408182
0.276202
0.275042
0.407018
0.38079
0.257936
0.381372
0.408179
0.276198
0.406986
0.275054
0.258765
0.385314
0.384157
0.410645
0.27701
0.275939
0.411921
0.38666
0.262829
0.38841
0.414833
0.27908
0.413022
0.280694
0.263878
0.39152
0.389396
0.416128
0.283375
0.281822
0.419882
0.417079
0.281827
0.440019
0.478987
0.29379
0.446885
0.304132
0.288954
0.479403
0.469556
0.520964
0.312011
0.313385
0.532463
0.209449
0.241933
0.243118
0.228494
0.204437
0.204135
0.230501
0.235126
0.219026
0.222314
0.219565
0.222884
0.229647
0.228231
0.245528
0.253686
0.244303
0.236979
0.241452
0.237755
0.239943
0.243165
0.252857
0.243862
0.236522
0.238567
0.236184
0.239319
0.246777
0.239472
0.239754
0.233265
0.234431
0.233091
0.234856
0.241614
0.247483
0.24066
0.23436
0.237191
0.234983
0.235979
0.237888
0.24207
0.236947
0.231596
0.233179
0.232048
0.232307
0.236485
0.241751
0.236283
0.230739
0.231659
0.230805
0.23153
0.2423
0.236736
0.236538
0.230681
0.231583
0.230768
0.23143
0.236399
0.242011
0.236349
0.230587
0.231561
0.230708
0.231362
0.236735
0.242266
0.236573
0.230664
0.231571
0.230796
0.23133
0.236558
0.24214
0.236405
0.230449
0.231224
0.230522
0.2311
0.242206
0.236705
0.236562
0.230568
0.231305
0.230654
0.231148
0.236497
0.242051
0.236396
0.23041
0.231165
0.230494
0.23101
0.2367
0.242199
0.236557
0.230565
0.231302
0.230651
0.231145
0.236492
0.242044
0.236392
0.230407
0.231162
0.230492
0.231008
0.242271
0.236739
0.236577
0.230668
0.231576
0.2308
0.231335
0.236563
0.242148
0.236411
0.230453
0.231229
0.230526
0.231105
0.236738
0.242302
0.23654
0.230684
0.231587
0.230771
0.231434
0.236403
0.242015
0.236353
0.230591
0.231567
0.230713
0.231368
0.242072
0.23789
0.236951
0.231602
0.233185
0.232053
0.232313
0.23649
0.241755
0.236287
0.230744
0.231666
0.230811
0.231536
0.239472
0.246766
0.239752
0.233268
0.234434
0.233094
0.234855
0.241604
0.247466
0.240655
0.234359
0.237178
0.23498
0.235973
0.253601
0.245504
0.244279
0.236967
0.241406
0.239902
0.237742
0.243146
0.252786
0.243838
0.236509
0.238542
0.236174
0.239284
0.271897
0.244853
0.240803
0.245231
0.254169
0.252857
0.260455
0.23512
0.219024
0.22231
0.219564
0.222883
0.228225
0.229643
0.344247
0.302377
0.355949
0.369276
0.310515
0.357133
0.310198
0.297358
0.346305
0.359335
0.372838
0.297595
0.3037
0.35744
0.386456
0.305374
0.321737
0.387519
0.312408
0.406882
0.371908
1.00712
1.02238
0.970073
0.936254
1.00882
0.971654
0.975718
0.38269
0.318151
0.326792
0.385985
0.370225
0.318435
0.404134
0.484769
0.50519
0.491649
0.48984
0.492576
0.482648
0.502535
0.329933
0.291524
0.332855
0.335346
0.293174
0.293249
0.331525
0.339586
0.291092
0.333638
0.338131
0.294541
0.346674
0.293739
0.344713
0.300256
0.372842
0.30348
0.356531
0.298651
0.352304
0.431973
0.435883
0.431511
0.425778
0.429611
0.426278
0.429185
0.472823
0.474572
0.465774
0.461667
0.479216
0.469678
0.469602
0.339222
0.296388
0.300223
0.33868
0.296773
0.346604
0.334274
0.413708
0.515065
0.51305
0.576402
0.44726
0.44796
0.57763
1.23884
1.14996
1.18315
1.27005
1.25392
1.21377
1.31503
0.415123
0.48434
0.491756
0.565254
0.449482
0.451509
0.559407
0.504873
0.519678
0.514631
0.530324
0.521495
0.517548
0.536075
0.517805
0.414905
0.522783
0.585071
0.446364
0.448754
0.580008
0.450916
0.457513
0.457091
0.46206
0.455943
0.462428
0.455566
0.495493
0.488854
0.488686
0.498591
0.50928
0.507161
0.498818
0.413397
0.513047
0.532869
0.591258
0.429715
0.444915
0.568531
0.332531
0.294647
0.332231
0.332641
0.294433
0.295426
0.33317
0.295704
0.332948
0.333851
0.333877
0.296845
0.296155
0.332907
0.334529
0.298715
0.299164
0.336383
0.297945
0.337575
0.333522
0.434598
0.439752
0.435307
0.429521
0.432057
0.428897
0.432947
0.333879
0.296848
0.299498
0.338577
0.297803
0.334685
0.337245
0.445805
0.450298
0.445484
0.438376
0.442329
0.438682
0.442035
0.335851
0.298754
0.336377
0.335829
0.299185
0.298703
0.335313
0.335309
0.298244
0.335063
0.334717
0.297752
0.334963
0.298424
0.334944
0.299213
0.337725
0.300754
0.33515
0.299977
0.337607
0.456925
0.461859
0.456643
0.448691
0.452929
0.448963
0.452647
0.448909
0.45448
0.449562
0.442398
0.445291
0.441769
0.44616
0.335738
0.30045
0.300336
0.337776
0.299863
0.338204
0.33527
0.380103
0.479485
0.479235
0.531676
0.406792
0.406646
0.531889
0.459511
0.454731
0.46067
0.465677
0.458178
0.464464
0.459348
0.376694
0.489125
0.472133
0.523947
0.412752
0.401867
0.542408
0.474347
0.46722
0.473944
0.479767
0.473011
0.480207
0.472564
0.480434
0.381352
0.482098
0.534878
0.406987
0.408266
0.53301
0.479968
0.487244
0.48689
0.493428
0.486367
0.493829
0.485936
0.476873
0.471423
0.477919
0.483895
0.475728
0.482737
0.476876
0.382048
0.485569
0.484104
0.53649
0.409102
0.408438
0.538287
0.337941
0.300703
0.33816
0.337482
0.300031
0.300553
0.337287
0.300993
0.338554
0.338884
0.338131
0.301026
0.300742
0.337821
0.337778
0.302043
0.301838
0.339928
0.301663
0.340151
0.337519
0.461109
0.467046
0.461681
0.453652
0.456995
0.453092
0.457773
0.337274
0.301064
0.302008
0.33943
0.301676
0.337059
0.339744
0.46449
0.469835
0.464367
0.455936
0.460176
0.456032
0.460092
0.339286
0.301714
0.33939
0.338616
0.301471
0.30143
0.338517
0.339256
0.301671
0.339172
0.338424
0.301224
0.338498
0.301428
0.338097
0.302141
0.340515
0.302584
0.338134
0.302401
0.340523
0.466967
0.472352
0.466866
0.458329
0.462588
0.458403
0.462534
0.466288
0.471873
0.466352
0.457877
0.461942
0.457789
0.462101
0.338238
0.302392
0.302438
0.340549
0.302323
0.340632
0.338148
0.383873
0.492184
0.491665
0.545191
0.410781
0.410479
0.545846
0.490975
0.485268
0.491947
0.498705
0.490337
0.497602
0.491419
0.38239
0.486441
0.487073
0.540138
0.40892
0.408881
0.539215
0.495824
0.488664
0.495693
0.502669
0.495197
0.502827
0.495018
0.491067
0.379957
0.485419
0.538876
0.409539
0.405883
0.54478
0.491275
0.498327
0.498225
0.505322
0.497863
0.50544
0.497729
0.497574
0.490789
0.497749
0.504833
0.497035
0.504615
0.497237
0.373825
0.46632
0.468038
0.518677
0.399013
0.399485
0.51624
0.339283
0.30171
0.339391
0.338617
0.301471
0.301426
0.338514
0.301667
0.339258
0.339171
0.338424
0.301217
0.301425
0.338501
0.338098
0.302134
0.302583
0.34052
0.302399
0.340525
0.338138
0.466961
0.472346
0.46686
0.458323
0.462582
0.458397
0.462528
0.338239
0.302393
0.302433
0.340547
0.302318
0.338146
0.340634
0.466292
0.47188
0.466359
0.457885
0.461948
0.457795
0.462109
0.337939
0.300688
0.338155
0.33748
0.300012
0.300539
0.337288
0.338553
0.300982
0.338887
0.338135
0.301019
0.337822
0.300731
0.337784
0.302037
0.339932
0.301829
0.337521
0.301653
0.340159
0.461119
0.46706
0.461694
0.453669
0.457009
0.453106
0.457792
0.464497
0.469839
0.464372
0.455945
0.460184
0.456041
0.460102
0.337275
0.301046
0.301998
0.339437
0.301664
0.339749
0.337063
0.379892
0.490961
0.485303
0.538755
0.409476
0.405812
0.544671
0.498319
0.491268
0.498217
0.505314
0.497856
0.505433
0.497721
0.373767
0.466219
0.467935
0.518561
0.398948
0.399418
0.516126
0.497573
0.490794
0.497752
0.504835
0.497035
0.504613
0.497242
0.492228
0.383933
0.491766
0.545318
0.410818
0.410555
0.545903
0.485279
0.490977
0.491954
0.498712
0.490342
0.497603
0.49143
0.495829
0.488666
0.495693
0.502668
0.495203
0.502832
0.495019
0.382442
0.486527
0.487147
0.54024
0.408999
0.408949
0.539338
0.335846
0.298728
0.336377
0.335834
0.299164
0.298678
0.335311
0.298217
0.335312
0.335063
0.334723
0.297719
0.298398
0.334972
0.334957
0.29918
0.300732
0.337749
0.299953
0.337627
0.335166
0.45696
0.461898
0.45668
0.448731
0.452968
0.449
0.45269
0.335748
0.300431
0.300315
0.337783
0.29984
0.335273
0.338221
0.44901
0.454584
0.449661
0.442502
0.445404
0.441876
0.446271
0.332533
0.294589
0.332236
0.332653
0.294355
0.295363
0.33318
0.332951
0.295659
0.33386
0.333894
0.296807
0.332917
0.296108
0.334556
0.298677
0.336411
0.299118
0.333541
0.297897
0.337614
0.434903
0.440061
0.435598
0.429821
0.432393
0.42921
0.433266
0.445933
0.450433
0.445611
0.438516
0.442472
0.438817
0.442185
0.3339
0.296762
0.29943
0.338605
0.297736
0.337278
0.334703
0.381395
0.480495
0.482142
0.534976
0.407072
0.408338
0.533132
0.487275
0.480007
0.486924
0.493463
0.486403
0.493861
0.485976
0.38208
0.485635
0.484137
0.536559
0.40917
0.40849
0.538394
0.476972
0.471529
0.478015
0.483996
0.475842
0.482841
0.476986
0.479553
0.380164
0.479311
0.531831
0.406888
0.406749
0.53203
0.455054
0.459834
0.460972
0.466
0.458542
0.46481
0.459689
0.474472
0.467358
0.474068
0.479901
0.473156
0.48034
0.472711
0.376733
0.489108
0.472183
0.524137
0.412817
0.401979
0.542544
0.329931
0.291428
0.332845
0.335341
0.293082
0.293139
0.331529
0.290971
0.339476
0.333593
0.338077
0.294347
0.293593
0.346535
0.344645
0.30001
0.30327
0.37259
0.29847
0.352235
0.356349
0.432333
0.436294
0.431892
0.426169
0.430001
0.426645
0.429605
0.339219
0.296282
0.30008
0.338702
0.296643
0.334286
0.346602
0.473217
0.475036
0.466251
0.462136
0.479581
0.47006
0.470075
0.344182
0.302041
0.355839
0.369183
0.310373
0.357098
0.309817
0.346091
0.297084
0.359034
0.372585
0.297327
0.357177
0.303353
0.38625
0.305027
0.387127
0.321347
0.371582
0.311983
0.406727
0.987886
1.00293
0.953544
0.924228
0.993968
0.957994
0.962539
0.48497
0.50533
0.491895
0.490009
0.492752
0.48284
0.502653
0.382634
0.318023
0.326505
0.386023
0.370229
0.318105
0.404081
0.415021
0.518103
0.523103
0.585969
0.446883
0.449255
0.580996
0.457895
0.451353
0.457502
0.462502
0.456372
0.462836
0.45603
0.413383
0.512996
0.532864
0.591454
0.42977
0.445005
0.568654
0.495887
0.489367
0.489178
0.499092
0.509636
0.507536
0.499323
0.515285
0.413612
0.51312
0.57745
0.447817
0.448532
0.578666
1.12183
1.20106
1.15209
1.23021
1.21547
1.18013
1.26857
0.505134
0.519848
0.514838
0.530451
0.5217
0.517795
0.53613
0.413252
0.485385
0.490047
0.563377
0.447627
0.449595
0.559513
0.271808
0.244802
0.240678
0.245161
0.252797
0.260373
0.254089
0.20895
0.215386
0.208875
0.195538
0.197013
0.195548
0.197146
0.200923
0.203995
0.204248
0.195142
0.19491
0.195207
0.195487
0.214991
0.20808
0.208836
0.196082
0.197913
0.197679
0.196376
0.206579
0.210622
0.205903
0.195768
0.197414
0.196119
0.197009
0.200202
0.202786
0.202652
0.195257
0.195053
0.195183
0.19543
0.210539
0.205875
0.205913
0.195811
0.197232
0.197002
0.196075
0.205193
0.208953
0.204874
0.195601
0.196847
0.195832
0.196573
0.199956
0.202295
0.202037
0.195243
0.195062
0.195078
0.195317
0.208817
0.205117
0.204783
0.195539
0.196863
0.196477
0.195844
0.205119
0.208823
0.204787
0.195541
0.196866
0.195846
0.196481
0.199958
0.202331
0.202087
0.195221
0.195053
0.195104
0.195308
0.208966
0.205205
0.204882
0.195605
0.196856
0.19658
0.195838
0.20589
0.210576
0.205934
0.19582
0.197245
0.196083
0.197018
0.200049
0.203056
0.20255
0.195201
0.194935
0.195098
0.195416
0.210667
0.20661
0.205928
0.195779
0.197437
0.197028
0.196131
0.20811
0.215063
0.208864
0.19609
0.197937
0.196388
0.197699
0.200521
0.204049
0.20398
0.194595
0.194403
0.194679
0.194817
0.215439
0.208913
0.208884
0.195539
0.197002
0.197156
0.19554
0.606307
0.609852
0.547513
0.550625
0.600998
0.617933
0.551317
0.241441
0.238238
0.249099
0.233754
0.238912
0.232523
0.235635
0.241447
0.238226
0.249186
0.23376
0.238942
0.232537
0.235653
0.210788
0.211356
0.21404
0.208339
0.204533
0.206746
0.205789
0.326102
0.29142
0.303884
0.309116
0.339135
0.321628
0.299075
1.0195
1.05773
1.01075
0.989873
1.02302
0.987315
1.02947
0.312164
0.372422
0.35244
0.334672
0.315713
0.307145
0.347141
0.459337
0.601664
0.528479
0.485434
0.401112
0.421666
0.511001
0.612611
0.552347
0.616142
0.556797
0.606689
0.625246
0.557014
0.340351
0.339333
0.350436
0.344508
0.338021
0.34131
0.349146
0.336835
0.332969
0.346851
0.340582
0.333611
0.336642
0.346877
0.331431
0.3243
0.331846
0.343328
0.325064
0.343782
0.331019
0.334195
0.329963
0.345733
0.335158
0.328885
0.334593
0.345415
0.538854
0.664976
0.517271
0.639143
0.520452
0.535552
0.669656
0.377485
0.348765
0.339481
0.358002
0.350227
0.358249
0.377751
0.377295
0.35895
0.342345
0.354306
0.352645
0.358974
0.376625
0.553775
0.656476
0.534682
0.687912
0.534609
0.688774
0.554135
0.527763
0.623907
0.663594
0.512964
0.508893
0.531894
0.658333
0.374991
0.364221
0.361176
0.35166
0.36131
0.375389
0.36008
0.500517
0.596943
0.479151
0.618976
0.494866
0.483966
0.627343
0.375041
0.359299
0.348166
0.356866
0.358245
0.358943
0.376092
0.313019
0.305633
0.330147
0.309027
0.304463
0.325117
0.315588
0.306787
0.299011
0.31977
0.303662
0.298717
0.307119
0.31894
0.309095
0.300423
0.305831
0.322692
0.300376
0.322598
0.309145
0.308297
0.299689
0.320946
0.305373
0.29985
0.308001
0.321662
0.526125
0.647139
0.506944
0.616369
0.507804
0.525322
0.647077
0.356163
0.32247
0.312416
0.337563
0.322284
0.337382
0.356345
0.355033
0.335191
0.311932
0.321003
0.32176
0.336305
0.353599
0.534808
0.624394
0.517658
0.65629
0.516947
0.65451
0.535804
0.521309
0.611851
0.646148
0.502579
0.501407
0.522022
0.647457
0.356126
0.328844
0.345765
0.314662
0.323651
0.338446
0.365699
0.554541
0.65563
0.544137
0.698873
0.536113
0.688581
0.56458
0.350217
0.333693
0.309666
0.32015
0.318953
0.33239
0.351892
0.310935
0.300946
0.325597
0.306417
0.300883
0.32567
0.310929
0.31067
0.30054
0.325848
0.306053
0.300471
0.310798
0.325561
0.311283
0.30079
0.306335
0.326276
0.300796
0.326433
0.311243
0.310971
0.300656
0.326108
0.306179
0.300603
0.310988
0.326093
0.559733
0.684305
0.542522
0.651952
0.541922
0.560317
0.683235
0.363972
0.324166
0.313768
0.343434
0.324042
0.343617
0.36387
0.363364
0.343119
0.313575
0.323788
0.323748
0.343183
0.363176
0.562804
0.65391
0.544172
0.686171
0.544736
0.686301
0.562709
0.558477
0.65153
0.681683
0.540273
0.540639
0.558148
0.682443
0.36188
0.323792
0.342057
0.313664
0.323639
0.342246
0.361571
0.552939
0.646458
0.535296
0.677733
0.535011
0.677037
0.553151
0.362099
0.34276
0.313374
0.32371
0.323426
0.342308
0.362715
0.307381
0.299263
0.318462
0.302912
0.299227
0.318461
0.307406
0.307262
0.29919
0.319068
0.302805
0.29906
0.307608
0.31843
0.310148
0.300343
0.304983
0.325398
0.300119
0.323966
0.310719
0.30863
0.299309
0.319799
0.303759
0.299408
0.307946
0.32116
0.537459
0.674582
0.513737
0.649843
0.517129
0.534495
0.677534
0.359637
0.323318
0.312014
0.342311
0.322013
0.340078
0.362627
0.353529
0.333566
0.310185
0.318926
0.319469
0.335692
0.350812
0.56124
0.650783
0.542388
0.684138
0.542254
0.684592
0.560733
0.522783
0.62559
0.661554
0.506098
0.503273
0.525858
0.656676
0.348454
0.318373
0.331506
0.309048
0.318243
0.331558
0.348317
0.516214
0.616411
0.497656
0.646688
0.497762
0.646883
0.5161
0.348372
0.332438
0.308926
0.318442
0.318071
0.331561
0.349396
0.310414
0.30075
0.32517
0.306234
0.300664
0.324746
0.31061
0.309738
0.300223
0.323669
0.305819
0.300232
0.309658
0.323895
0.309084
0.300096
0.305654
0.322585
0.300133
0.322724
0.309071
0.309041
0.299868
0.323114
0.305312
0.299778
0.309167
0.32282
0.540484
0.665563
0.52249
0.635597
0.52245
0.540587
0.665678
0.357001
0.322078
0.312594
0.337587
0.322608
0.338016
0.356445
0.357117
0.33878
0.312399
0.322793
0.322434
0.338307
0.357647
0.540635
0.634654
0.519796
0.662347
0.521831
0.666215
0.538216
0.54215
0.636357
0.666681
0.52417
0.524182
0.542031
0.66648
0.360097
0.323823
0.341518
0.313481
0.323511
0.34087
0.360949
0.550368
0.644364
0.532445
0.674446
0.532459
0.674671
0.550483
0.358893
0.339413
0.313037
0.322916
0.323044
0.339834
0.3583
0.324725
0.312865
0.338785
0.321306
0.313883
0.341798
0.323342
0.326503
0.316448
0.342982
0.323603
0.316216
0.326307
0.343273
0.326603
0.319269
0.325423
0.34045
0.318754
0.340304
0.326927
0.32445
0.316204
0.341259
0.323179
0.315817
0.32526
0.339522
0.572335
0.708461
0.553618
0.672493
0.551027
0.575636
0.706353
0.378283
0.345542
0.333448
0.356168
0.34514
0.356533
0.377015
0.380345
0.359751
0.331986
0.346089
0.344566
0.357101
0.384121
0.555558
0.655911
0.535657
0.689597
0.535775
0.689114
0.555141
0.584624
0.681332
0.716784
0.56063
0.562231
0.582297
0.718073
0.38542
0.337937
0.355928
0.330213
0.342898
0.360841
0.378108
0.586089
0.685507
0.558947
0.714741
0.56425
0.721388
0.579222
0.388017
0.362059
0.332732
0.346609
0.345908
0.362633
0.387159
0.210777
0.211346
0.21403
0.208332
0.204526
0.205781
0.206739
0.32604
0.303802
0.291321
0.339087
0.309023
0.321528
0.298932
0.995899
1.03165
0.986736
0.973273
1.00638
0.971474
1.01239
0.312063
0.372406
0.352409
0.334555
0.315375
0.306921
0.346989
0.59579
0.456824
0.52484
0.483822
0.400633
0.4208
0.509081
0.324783
0.312916
0.338858
0.321368
0.313938
0.323401
0.341869
0.326566
0.316518
0.343053
0.323672
0.316279
0.326371
0.343343
0.326724
0.319438
0.340594
0.325585
0.3189
0.327057
0.34043
0.324537
0.316294
0.341343
0.323297
0.31592
0.32534
0.339616
0.572434
0.672598
0.708579
0.55371
0.551119
0.706468
0.575733
0.378416
0.34576
0.356329
0.333617
0.345301
0.377186
0.356667
0.555676
0.655976
0.535778
0.689717
0.555293
0.535869
0.689214
0.38044
0.359838
0.332111
0.346177
0.344684
0.357201
0.384203
0.584741
0.681474
0.716919
0.560735
0.562341
0.582409
0.718216
0.385523
0.338004
0.356018
0.330282
0.342972
0.378217
0.360927
0.58632
0.685755
0.559171
0.715021
0.579466
0.564462
0.721658
0.388104
0.362136
0.332804
0.346688
0.345979
0.362712
0.387236
0.310417
0.30075
0.325167
0.306231
0.300665
0.31061
0.32475
0.309747
0.300229
0.32368
0.305821
0.300237
0.309668
0.323905
0.309086
0.300096
0.322587
0.305651
0.300133
0.309074
0.322727
0.309049
0.299872
0.323123
0.305313
0.299783
0.309174
0.322829
0.540552
0.635696
0.665667
0.522557
0.522516
0.665783
0.540656
0.357003
0.322063
0.337588
0.312586
0.322593
0.356442
0.338019
0.540678
0.634718
0.519831
0.662409
0.538252
0.521872
0.666282
0.357125
0.33879
0.312397
0.322788
0.322429
0.338316
0.357657
0.542225
0.636465
0.666796
0.524245
0.524255
0.542107
0.666593
0.360099
0.323807
0.341512
0.313476
0.323502
0.360937
0.340874
0.55037
0.644373
0.532439
0.67444
0.550472
0.532464
0.67468
0.358902
0.339426
0.313036
0.322913
0.323038
0.339844
0.358313
0.307417
0.299294
0.318503
0.302944
0.299258
0.307441
0.318504
0.3073
0.299223
0.319113
0.302838
0.299093
0.307646
0.318474
0.310189
0.300377
0.325446
0.305017
0.300153
0.31076
0.324015
0.308669
0.299342
0.319845
0.303792
0.299441
0.307985
0.321206
0.537641
0.650085
0.674829
0.5139
0.5173
0.677789
0.534667
0.359708
0.323356
0.342369
0.312051
0.322053
0.362695
0.340138
0.56142
0.651013
0.542558
0.684381
0.56091
0.542425
0.684838
0.353594
0.333619
0.31022
0.318965
0.319507
0.335747
0.350874
0.522955
0.62582
0.661809
0.506265
0.503434
0.526037
0.656921
0.348512
0.31841
0.331553
0.309081
0.31828
0.348372
0.331607
0.516371
0.616628
0.497797
0.646905
0.516249
0.497909
0.647115
0.348432
0.332492
0.308961
0.318482
0.31811
0.331612
0.349458
0.310953
0.300962
0.32562
0.306436
0.300899
0.310948
0.32569
0.310681
0.300551
0.325868
0.306067
0.300482
0.310812
0.325575
0.311307
0.300809
0.326298
0.306358
0.300816
0.311263
0.326464
0.311008
0.300687
0.326153
0.306212
0.300634
0.311024
0.326137
0.559881
0.652133
0.684498
0.542661
0.542061
0.683428
0.560464
0.364019
0.324187
0.343457
0.313794
0.324073
0.363895
0.343656
0.562854
0.653966
0.544211
0.686225
0.562749
0.544784
0.686361
0.363427
0.343172
0.313613
0.323832
0.323791
0.343236
0.36324
0.558545
0.651614
0.681788
0.540344
0.540702
0.558229
0.682535
0.361908
0.323819
0.342084
0.313686
0.323665
0.361605
0.34227
0.552998
0.646528
0.535355
0.677812
0.553213
0.535067
0.677112
0.362121
0.342786
0.31339
0.323736
0.323446
0.342325
0.36275
0.312977
0.305593
0.330086
0.308993
0.304428
0.315539
0.32507
0.306767
0.298998
0.319755
0.303648
0.298701
0.307102
0.318919
0.309094
0.300425
0.32269
0.305835
0.300376
0.309144
0.322596
0.30829
0.299684
0.320937
0.305375
0.299847
0.307993
0.321656
0.526064
0.616275
0.647035
0.506878
0.507743
0.646981
0.525255
0.356165
0.322489
0.337563
0.312425
0.322302
0.356348
0.337382
0.53477
0.624337
0.517621
0.656234
0.535768
0.51691
0.654451
0.355034
0.335184
0.31194
0.321012
0.321773
0.336301
0.353596
0.521233
0.611736
0.646038
0.502509
0.501333
0.521952
0.647336
0.356072
0.328792
0.345689
0.314631
0.323628
0.365609
0.338393
0.55432
0.655381
0.543925
0.698601
0.56435
0.535906
0.688317
0.3502
0.33368
0.309657
0.320157
0.318955
0.332369
0.351884
0.340513
0.338332
0.35464
0.343432
0.341746
0.337689
0.349595
0.336682
0.332614
0.346554
0.339868
0.333305
0.336386
0.346672
0.331272
0.324096
0.34316
0.331545
0.324827
0.330869
0.343588
0.33401
0.329599
0.345461
0.334785
0.328593
0.334384
0.345191
0.538872
0.640767
0.668618
0.517377
0.520291
0.671824
0.536073
0.377183
0.348491
0.357803
0.339132
0.349867
0.377522
0.358005
0.55354
0.656417
0.534542
0.687825
0.553966
0.534414
0.688679
0.376884
0.358578
0.341911
0.353732
0.35219
0.358672
0.376075
0.533027
0.635824
0.671767
0.515178
0.513103
0.534679
0.671024
0.374378
0.358872
0.347407
0.35619
0.357462
0.358731
0.375373
0.43706
0.255244
0.294912
0.394411
0.469709
0.42807
0.268666
0.196834
0.202209
0.193591
0.198936
0.192678
0.193693
0.192499
0.206532
0.205714
0.201938
0.195347
0.194212
0.192624
0.193221
0.411393
0.746354
0.393024
0.871366
0.76338
0.400333
0.420702
0.546379
0.322044
0.352544
0.446726
0.576002
0.358774
0.323931
0.308519
0.396309
0.303266
0.399012
0.387892
0.29897
0.306368
0.397803
0.299889
0.301274
0.388489
0.387482
0.295971
0.294048
0.299972
0.40468
0.299796
0.391937
0.392772
0.293401
0.293756
0.406267
0.299828
0.299931
0.394585
0.394251
0.29343
0.293306
0.29983
0.406287
0.299938
0.394592
0.394275
0.293439
0.293309
0.404721
0.299988
0.29981
0.392006
0.392823
0.29342
0.293778
0.299914
0.397981
0.301305
0.388619
0.387688
0.296013
0.294081
0.396606
0.308529
0.303298
0.399579
0.388246
0.299017
0.306389
0.32198
0.546531
0.352198
0.447518
0.575785
0.358344
0.323853
0.742977
0.410438
0.392266
0.861843
0.759013
0.399446
0.419406
0.434241
0.294066
0.254576
0.466034
0.392894
0.42666
0.267876
0.206455
0.205593
0.201874
0.195316
0.194194
0.19261
0.193194
0.969247
1.16795
0.875384
0.782368
1.08994
0.911255
0.972103
0.564239
0.499054
0.555424
0.545896
0.607852
0.582314
0.538692
0.441313
0.448657
0.423813
0.425839
0.449575
0.431569
0.429695
0.470235
0.484191
0.519029
0.458509
0.494301
0.47973
0.504245
0.446134
0.451325
0.426036
0.428686
0.453724
0.433455
0.431611
0.454892
0.434633
0.46403
0.434888
0.463687
0.440162
0.44004
0.466888
0.476874
0.444349
0.444356
0.476556
0.450178
0.450206
0.460836
0.437698
0.467566
0.439949
0.469719
0.445223
0.443369
0.473519
0.481718
0.448588
0.45043
0.48358
0.456456
0.454858
0.475284
0.451282
0.485512
0.451429
0.485522
0.457628
0.457509
0.477945
0.488292
0.453569
0.45367
0.488378
0.460037
0.459918
0.477622
0.453157
0.487605
0.453554
0.488051
0.4599
0.459511
0.477939
0.488285
0.453562
0.453666
0.488371
0.460032
0.459911
0.477598
0.453171
0.48761
0.453571
0.488062
0.459917
0.459525
0.47354
0.481731
0.448621
0.450475
0.483604
0.456499
0.45489
0.47533
0.4513
0.485521
0.451455
0.485537
0.457653
0.457528
0.466939
0.47692
0.444404
0.44443
0.476615
0.450253
0.450266
0.460922
0.437848
0.4677
0.440088
0.469845
0.445371
0.443525
0.446437
0.451728
0.426435
0.429044
0.454087
0.433836
0.432027
0.455092
0.434817
0.464208
0.435113
0.463895
0.440395
0.440242
0.441817
0.449159
0.424262
0.426378
0.450148
0.432133
0.430195
0.470813
0.484553
0.519366
0.459046
0.494897
0.480249
0.50458
0.953866
1.14502
0.873121
0.781326
1.07169
0.906573
0.96636
0.563395
0.499236
0.555297
0.545824
0.606818
0.581997
0.538729
1.2682
1.22931
1.27245
1.33712
1.27964
1.34347
1.28491
0.475282
0.446803
0.416166
0.546088
0.462628
0.521791
0.442645
1.46629
1.32263
0.901428
1.08866
1.43571
1.28585
1.03538
0.714715
0.628841
0.760559
0.832863
0.621141
0.694854
0.763199
1.11768
0.629796
0.502967
0.943885
1.18145
0.847155
0.561142
0.245724
0.236492
0.251141
0.237958
0.25782
0.24276
0.23919
0.262996
0.290673
0.272727
0.249907
0.252348
0.244672
0.260861
1.22507
1.19222
1.22809
1.28428
1.23766
1.29242
1.24113
0.47834
0.446148
0.418326
0.547753
0.467312
0.525035
0.443959
1.40742
1.26232
0.881421
1.08397
1.39234
1.21332
1.02556
0.710307
0.615703
0.742388
0.809462
0.612255
0.679356
0.752445
1.16848
0.63169
0.505905
0.98574
1.21483
0.563517
0.893572
0.290799
0.262557
0.272678
0.250031
0.252319
0.260454
0.244859
0.834809
0.739346
0.722135
0.705473
0.775987
0.740842
0.792593
0.577537
0.641904
0.537384
0.537443
0.624602
0.52714
0.587905
0.754609
0.684631
0.715695
0.706155
0.704609
0.740375
0.67672
0.571447
0.607012
0.613034
0.602217
0.671502
0.654587
0.605742
0.559997
0.497763
0.521788
0.579999
0.612948
0.510594
0.540929
0.460157
0.453196
0.448018
0.474532
0.456214
0.477134
0.461264
0.466282
0.469456
0.453099
0.42703
0.506058
0.440595
0.445071
0.630618
0.63618
0.603296
0.599837
0.660406
0.624599
0.631453
0.506986
0.48541
0.54266
0.5103
0.489895
0.514008
0.543951
0.493561
0.478008
0.476996
0.563738
0.525853
0.465485
0.517649
0.419775
0.414116
0.412127
0.412281
0.419758
0.415254
0.414926
0.439142
0.436086
0.434336
0.428764
0.434711
0.432614
0.430609
0.391994
0.397459
0.36888
0.367896
0.399998
0.369238
0.390743
0.393883
0.375078
0.40618
0.373168
0.401836
0.395815
0.373085
0.413525
0.414671
0.421587
0.413006
0.420523
0.416289
0.417342
0.445324
0.433379
0.43092
0.430016
0.439721
0.436786
0.443653
0.415787
0.454349
0.406906
0.402631
0.431485
0.427563
0.397874
0.446284
0.439645
0.440803
0.434963
0.437904
0.439537
0.43392
0.405308
0.380255
0.388905
0.409623
0.422159
0.385238
0.398984
0.417557
0.421265
0.426019
0.419517
0.429652
0.425399
0.421566
0.911753
1.17301
0.993397
1.12272
0.920295
1.12671
0.975841
0.414546
0.507326
0.510401
0.57498
0.450817
0.449797
0.573624
0.900818
1.07649
1.07094
0.947024
1.09412
0.955622
0.897165
1.05427
1.23891
1.03199
1.00076
1.16219
1.1707
0.905179
0.802642
0.73373
0.787124
0.844294
0.793313
0.850428
0.781185
1.23991
1.42072
1.56938
1.51227
1.36043
1.4551
1.34506
0.954046
1.36548
1.23735
1.0244
0.939096
1.32322
1.05384
0.414876
0.503316
0.498168
0.569219
0.452859
0.452107
0.571595
0.978011
1.48753
1.53647
1.11434
0.986413
1.43092
1.09056
0.707969
0.92841
0.872139
0.884495
0.853517
0.791931
0.771973
0.655101
0.679802
0.638149
0.673503
0.737898
0.689596
0.721931
0.650555
0.819185
0.763101
0.648369
0.799769
0.701183
0.612323
0.893991
0.984892
1.02587
0.928686
1.03243
0.927054
0.899372
0.417521
0.537161
0.529589
0.591993
0.455851
0.451995
0.599551
0.893369
1.00115
1.05408
0.934818
0.891558
1.04185
0.932723
0.552885
0.565013
0.696356
0.677216
0.55982
0.556002
0.692922
0.454319
0.462064
0.460122
0.465471
0.462024
0.459326
0.467888
0.551711
0.67356
0.558641
0.686617
0.558856
0.68972
0.552075
0.567022
0.570794
0.701425
0.70206
0.710149
0.581611
0.560856
0.462013
0.465074
0.467118
0.473601
0.465168
0.468189
0.47086
0.575464
0.717481
0.738408
0.616453
0.589092
0.721945
0.593735
0.900698
1.02206
0.926458
0.963153
0.901094
1.02009
0.925238
0.420558
0.542624
0.542495
0.603048
0.456819
0.454031
0.604492
0.888233
0.957715
1.00335
0.893284
1.01461
0.913851
0.864365
0.423316
0.418654
0.416132
0.416669
0.424475
0.419533
0.418559
0.39431
0.399256
0.369079
0.367622
0.400614
0.3934
0.369226
0.444841
0.440702
0.440264
0.433752
0.437763
0.437276
0.43423
0.419562
0.421511
0.427856
0.419355
0.427173
0.421919
0.422298
0.395422
0.368913
0.367265
0.401522
0.401433
0.369099
0.395495
0.432435
0.426074
0.4235
0.432225
0.423513
0.426195
0.426171
0.397922
0.403304
0.366939
0.368996
0.40381
0.369249
0.397631
0.448191
0.442976
0.443472
0.436837
0.439839
0.440452
0.436416
0.42249
0.425183
0.430667
0.431365
0.422772
0.425597
0.425066
0.398028
0.369977
0.367819
0.403097
0.40393
0.370071
0.397549
0.44241
0.435458
0.432532
0.432523
0.442255
0.435426
0.435445
0.460387
0.454847
0.455256
0.447549
0.451038
0.45148
0.447247
0.404748
0.410238
0.369809
0.372644
0.410379
0.37271
0.404659
0.404699
0.372971
0.409735
0.370231
0.41038
0.404368
0.373096
0.431764
0.434776
0.441161
0.431929
0.44159
0.434919
0.434597
0.43615
0.427436
0.430419
0.427794
0.436945
0.430717
0.430034
0.401699
0.406063
0.37136
0.369075
0.407484
0.400929
0.371691
0.457586
0.452779
0.452523
0.444947
0.449027
0.448805
0.445172
0.402398
0.3717
0.369072
0.408036
0.408063
0.371757
0.402371
0.429294
0.43197
0.438747
0.429248
0.438473
0.432065
0.43216
0.810648
0.959621
0.837028
0.910672
0.80833
0.960258
0.839198
0.379556
0.476328
0.47836
0.531028
0.404788
0.406177
0.529057
0.810256
0.909762
0.960968
0.838038
0.960148
0.837902
0.810694
0.563561
0.68888
0.669699
0.575241
0.571345
0.687259
0.567268
0.46089
0.468028
0.46732
0.472709
0.466593
0.465869
0.47348
0.558997
0.668425
0.562011
0.68496
0.565998
0.554806
0.685597
0.800997
0.958981
0.91417
0.834725
0.804607
0.962265
0.833084
0.373306
0.47244
0.467676
0.519699
0.402474
0.399047
0.524806
0.809961
0.92344
0.987542
0.866122
0.833947
0.972134
0.843458
0.574283
0.691362
0.579714
0.676496
0.694086
0.570972
0.583135
0.464453
0.469941
0.470828
0.476406
0.468653
0.469564
0.475438
0.576704
0.677927
0.69587
0.588094
0.695578
0.586248
0.578327
0.811616
0.913755
0.966617
0.838552
0.96592
0.837722
0.811961
0.381067
0.481439
0.48137
0.533937
0.407877
0.407845
0.533932
0.813546
0.91358
0.963925
0.838144
0.811674
0.965705
0.839747
0.595342
0.60452
0.708841
0.693927
0.606923
0.592971
0.711597
0.478088
0.484146
0.484785
0.491169
0.483237
0.483907
0.490468
0.596869
0.695821
0.610122
0.715105
0.608891
0.713478
0.597976
0.588435
0.601312
0.685855
0.705743
0.70357
0.599372
0.590218
0.475201
0.482345
0.481998
0.488255
0.481313
0.480924
0.488641
0.585507
0.683558
0.697982
0.592038
0.581782
0.70122
0.595816
0.814144
0.968169
0.838261
0.91807
0.81211
0.969863
0.840409
0.381326
0.481635
0.482512
0.534913
0.407446
0.407748
0.53388
0.816301
0.91896
0.973468
0.845234
0.971404
0.841822
0.819586
0.446973
0.440404
0.437196
0.43747
0.447609
0.440688
0.440155
0.409278
0.413899
0.375602
0.372836
0.415089
0.408662
0.375902
0.468399
0.462999
0.462989
0.45467
0.458884
0.458808
0.454761
0.437842
0.440924
0.448075
0.437877
0.44811
0.441003
0.440943
0.409386
0.375897
0.372854
0.414948
0.41515
0.375935
0.409272
0.449367
0.44211
0.438957
0.449346
0.438982
0.442085
0.44204
0.410128
0.415645
0.373129
0.376252
0.415801
0.376283
0.410046
0.469455
0.463982
0.464005
0.455695
0.459768
0.459856
0.45566
0.438799
0.441919
0.449045
0.449172
0.438842
0.442001
0.441922
0.410251
0.376552
0.373441
0.415789
0.41595
0.376582
0.410186
0.451737
0.444412
0.441196
0.441211
0.451749
0.444332
0.444304
0.472517
0.466991
0.467028
0.458438
0.462684
0.462656
0.458492
0.411928
0.417479
0.374237
0.377466
0.417564
0.377474
0.411897
0.412049
0.377596
0.417648
0.374373
0.4177
0.412036
0.377607
0.44127
0.444465
0.4518
0.44128
0.451818
0.444426
0.444409
0.45117
0.44074
0.443931
0.440795
0.451298
0.443993
0.443886
0.411755
0.417216
0.37739
0.374242
0.417465
0.411647
0.377451
0.471977
0.466562
0.466469
0.457952
0.462212
0.462165
0.458019
0.411699
0.377333
0.374141
0.417259
0.417398
0.377349
0.411632
0.440794
0.443981
0.451312
0.44082
0.451332
0.443984
0.443933
0.83209
0.985336
0.855444
0.933992
0.830373
0.98683
0.857359
0.383208
0.489674
0.490319
0.543814
0.409571
0.409788
0.542984
0.834005
0.935509
0.990608
0.860857
0.988603
0.858836
0.835728
0.608405
0.727939
0.710082
0.621091
0.621416
0.727725
0.60812
0.487026
0.493961
0.49397
0.50087
0.49336
0.493309
0.50087
0.606742
0.707781
0.6154
0.72083
0.619323
0.602882
0.725477
0.826835
0.983489
0.930846
0.854171
0.82875
0.983639
0.852499
0.382413
0.488894
0.487679
0.540768
0.409527
0.408897
0.542206
0.82558
0.930377
0.979
0.848387
0.822719
0.982786
0.85178
0.610337
0.729989
0.622482
0.714229
0.731813
0.609352
0.623453
0.488137
0.494921
0.495059
0.501993
0.494335
0.494452
0.501841
0.610839
0.715745
0.734394
0.624621
0.733241
0.624229
0.611096
0.816105
0.950457
0.993745
0.829906
1.00114
0.84923
0.799293
0.373861
0.468021
0.471951
0.524257
0.398392
0.399194
0.518163
0.834536
0.948074
0.994802
0.862837
0.836838
1.0013
0.86291
0.613853
0.627926
0.717698
0.699777
0.627989
0.613927
0.717387
0.491461
0.498387
0.498409
0.505521
0.497923
0.497925
0.505498
0.613681
0.699751
0.627827
0.717374
0.627837
0.71735
0.613626
0.613944
0.627692
0.707664
0.719076
0.725273
0.62784
0.613508
0.490907
0.497946
0.497871
0.504957
0.49748
0.497354
0.50506
0.614196
0.717785
0.737313
0.627125
0.613422
0.73512
0.628237
0.791718
0.987217
0.823595
0.935236
0.793156
0.985293
0.82193
0.373161
0.467013
0.466333
0.516442
0.398717
0.398586
0.517119
0.796899
0.941257
0.984963
0.820828
0.992849
0.826874
0.790618
0.451732
0.444407
0.441191
0.441206
0.451744
0.444327
0.444299
0.411923
0.417472
0.377461
0.374233
0.417561
0.411891
0.37747
0.472519
0.466993
0.46703
0.458441
0.462687
0.462659
0.458494
0.441273
0.444467
0.451802
0.441282
0.45182
0.44443
0.444413
0.412052
0.3776
0.374377
0.417654
0.417704
0.37761
0.41204
0.451176
0.443937
0.440748
0.451306
0.440803
0.444003
0.443896
0.411766
0.417229
0.374254
0.377401
0.417479
0.377462
0.411658
0.471979
0.466564
0.466472
0.457955
0.462215
0.462169
0.458022
0.440797
0.443984
0.451314
0.451334
0.440823
0.44399
0.443937
0.411705
0.377337
0.374147
0.417264
0.417408
0.377354
0.411635
0.446984
0.440416
0.437213
0.437488
0.447624
0.440712
0.440177
0.468421
0.46302
0.46301
0.454694
0.458909
0.458832
0.454785
0.409307
0.413929
0.372861
0.375625
0.415125
0.375927
0.408688
0.409414
0.375917
0.414979
0.372876
0.415186
0.409297
0.375956
0.437862
0.440939
0.448093
0.437897
0.448128
0.441029
0.440967
0.449373
0.438965
0.442116
0.43899
0.449353
0.442097
0.44205
0.410144
0.41566
0.376264
0.373144
0.415822
0.410057
0.376296
0.469471
0.463998
0.464022
0.455714
0.459789
0.459876
0.45568
0.410273
0.376573
0.373463
0.41582
0.415978
0.376602
0.410211
0.438816
0.441931
0.449059
0.438858
0.449186
0.442021
0.441943
0.815933
0.993592
0.829745
0.950351
0.799111
1.00101
0.849082
0.373803
0.467915
0.471843
0.524138
0.398326
0.39913
0.518044
0.834386
0.947992
0.99469
0.862728
1.00119
0.862792
0.8367
0.613848
0.717701
0.699777
0.627918
0.627983
0.717387
0.613921
0.491462
0.498386
0.49841
0.505521
0.497923
0.497926
0.505497
0.613669
0.699743
0.627812
0.717359
0.627825
0.613613
0.717342
0.791546
0.98705
0.935109
0.823428
0.792973
0.98513
0.821773
0.373102
0.466905
0.46623
0.516328
0.398648
0.39852
0.516999
0.796718
0.94111
0.984779
0.820654
0.790434
0.992669
0.826702
0.613938
0.719082
0.627683
0.707674
0.725283
0.613502
0.627831
0.490909
0.497946
0.497871
0.504958
0.497482
0.497356
0.50506
0.614191
0.717787
0.737315
0.6271
0.735127
0.628224
0.613406
0.832351
0.93418
0.985557
0.855724
0.987044
0.857628
0.830645
0.383287
0.489808
0.490449
0.543975
0.409672
0.409886
0.543151
0.834217
0.935668
0.990698
0.860971
0.835829
0.988782
0.859055
0.608407
0.62109
0.727989
0.710099
0.621399
0.608135
0.727755
0.48705
0.493983
0.493992
0.500892
0.493385
0.493333
0.500893
0.606719
0.707776
0.615356
0.720851
0.619277
0.725482
0.60286
0.61034
0.62247
0.71425
0.730018
0.731844
0.623442
0.609354
0.488153
0.494935
0.495072
0.502007
0.494352
0.494469
0.501855
0.610842
0.715766
0.734414
0.624604
0.611091
0.733271
0.62422
0.827
0.983676
0.854418
0.930977
0.828978
0.983772
0.852687
0.382459
0.488989
0.487744
0.540865
0.409606
0.40896
0.542332
0.825757
0.930492
0.979163
0.848619
0.982901
0.851979
0.822926
0.442442
0.435487
0.432565
0.432559
0.44229
0.435471
0.435485
0.404792
0.410281
0.372673
0.369845
0.410437
0.404695
0.372743
0.460446
0.454906
0.455313
0.447609
0.451105
0.451544
0.44731
0.431815
0.434818
0.44121
0.431979
0.441638
0.434979
0.434659
0.404755
0.373018
0.370278
0.40981
0.410447
0.373141
0.404429
0.436235
0.430492
0.427522
0.437028
0.427879
0.430817
0.430138
0.401793
0.406182
0.369149
0.371432
0.407594
0.371763
0.401029
0.457669
0.452856
0.452601
0.445029
0.449112
0.448892
0.445254
0.429363
0.432031
0.438813
0.438543
0.429319
0.432151
0.432241
0.402481
0.371757
0.369137
0.408124
0.408165
0.371818
0.402446
0.423561
0.418851
0.416364
0.416893
0.424702
0.419797
0.418839
0.445078
0.440921
0.440486
0.433984
0.438005
0.437525
0.434457
0.394543
0.399546
0.367775
0.369236
0.400879
0.36938
0.39365
0.395638
0.369048
0.401746
0.36741
0.401689
0.395691
0.36924
0.419744
0.421677
0.428041
0.419546
0.427368
0.42215
0.422514
0.432545
0.423611
0.426174
0.42363
0.432344
0.426339
0.426303
0.398063
0.403446
0.369086
0.367043
0.403983
0.397754
0.369348
0.448382
0.443165
0.443652
0.437027
0.440053
0.440655
0.436615
0.398189
0.370097
0.367938
0.403305
0.404116
0.370188
0.397725
0.42264
0.425308
0.430818
0.422917
0.431509
0.425769
0.425249
0.811833
0.966834
0.83882
0.914028
0.812152
0.966163
0.838018
0.381098
0.481461
0.481401
0.534016
0.407927
0.407902
0.533998
0.813813
0.913912
0.964269
0.838547
0.966009
0.840106
0.811981
0.595371
0.708931
0.693994
0.604529
0.606928
0.711683
0.593006
0.478146
0.484201
0.484836
0.491223
0.483301
0.483968
0.490525
0.596895
0.695881
0.610115
0.715165
0.608894
0.597991
0.713554
0.814302
0.968308
0.918244
0.838465
0.81225
0.970019
0.84062
0.381353
0.48165
0.482536
0.534973
0.407489
0.407795
0.533935
0.81645
0.919116
0.973641
0.845481
0.819798
0.971546
0.842016
0.58849
0.70587
0.601342
0.685963
0.703696
0.590276
0.599399
0.475284
0.482419
0.482073
0.488334
0.481398
0.481011
0.488719
0.585574
0.683685
0.698151
0.592094
0.701369
0.595853
0.581867
0.811144
0.911335
0.960292
0.837738
0.960874
0.839857
0.808864
0.379623
0.476417
0.478443
0.5312
0.404909
0.406292
0.529244
0.81069
0.910341
0.961429
0.838547
0.811078
0.960686
0.838472
0.563792
0.575407
0.689252
0.670087
0.571533
0.567479
0.687676
0.461134
0.468245
0.467541
0.472946
0.466844
0.466127
0.473711
0.559275
0.668887
0.562324
0.685577
0.566228
0.686094
0.555165
0.574442
0.579856
0.676749
0.691688
0.694366
0.583256
0.571151
0.464651
0.470129
0.471009
0.476598
0.468872
0.469772
0.475639
0.576849
0.678158
0.696091
0.588188
0.578452
0.695835
0.586359
0.801662
0.959762
0.835543
0.915118
0.805216
0.963133
0.833979
0.373378
0.472537
0.467773
0.519918
0.402609
0.399186
0.525013
0.810711
0.924585
0.988803
0.867301
0.973174
0.844509
0.834757
0.420082
0.414398
0.41242
0.412596
0.420102
0.415634
0.415268
0.39232
0.397774
0.368073
0.369077
0.400381
0.391024
0.369432
0.439705
0.436644
0.434866
0.429291
0.435295
0.433172
0.431159
0.413917
0.415014
0.422026
0.413377
0.420923
0.41672
0.417807
0.394219
0.375269
0.373361
0.406579
0.402212
0.373281
0.39617
0.445756
0.431354
0.433823
0.440193
0.430469
0.437283
0.444121
0.41604
0.454436
0.402633
0.406876
0.43173
0.397907
0.427735
0.446933
0.440228
0.441412
0.435563
0.438506
0.440174
0.434488
0.418004
0.421708
0.426508
0.430168
0.419985
0.425937
0.422074
0.40566
0.38041
0.389025
0.409991
0.422516
0.385377
0.399321
0.825355
0.735074
0.717131
0.701675
0.769135
0.736586
0.787216
0.748031
0.680081
0.710251
0.701705
0.700335
0.735171
0.672961
0.577586
0.642045
0.537764
0.537853
0.62474
0.527265
0.587961
0.560021
0.497696
0.579954
0.52207
0.613106
0.540853
0.510661
0.570266
0.604787
0.610503
0.600836
0.667652
0.652289
0.60413
0.460426
0.448305
0.453417
0.45645
0.474652
0.477267
0.46153
0.466131
0.469349
0.426824
0.452886
0.505831
0.445048
0.440436
0.627986
0.633159
0.601296
0.598024
0.657374
0.622433
0.628923
0.493134
0.477809
0.476864
0.563553
0.525466
0.465243
0.517308
0.506654
0.485227
0.541734
0.489705
0.509888
0.513611
0.543231
0.896527
1.02883
0.931621
0.988618
0.901559
1.03584
0.93042
0.417712
0.537461
0.529968
0.592828
0.456256
0.452488
0.600229
0.896397
1.00547
1.05868
0.939423
1.04577
0.93678
0.894999
0.553587
0.697589
0.678237
0.565715
0.560461
0.693992
0.556791
0.454944
0.462714
0.460733
0.466127
0.462719
0.459988
0.468579
0.552295
0.674428
0.559063
0.687377
0.559392
0.552547
0.690625
0.902169
1.02462
0.965509
0.928871
0.902881
1.02228
0.927296
0.420605
0.542834
0.542588
0.603389
0.457108
0.454219
0.605009
0.889389
0.959706
1.0049
0.894707
0.865328
1.01645
0.915516
0.567725
0.70339
0.571454
0.702726
0.711539
0.561648
0.58211
0.462739
0.465753
0.467823
0.474351
0.465899
0.468949
0.471585
0.576021
0.718759
0.73991
0.61627
0.723366
0.593981
0.58944
0.916933
1.13157
1.18472
1.00146
1.13543
0.983102
0.925797
0.414294
0.506454
0.51014
0.575828
0.451268
0.450338
0.574015
0.905344
1.0837
1.0765
0.952559
0.901242
1.10097
0.961845
1.04538
1.23887
0.989463
1.03701
1.14504
0.899539
1.17797
0.79495
0.728987
0.781163
0.836143
0.785827
0.840735
0.775021
1.22093
1.41553
1.52021
1.50705
1.33149
1.41924
1.34638
0.706387
0.864402
0.885092
0.931661
0.855866
0.767659
0.788354
0.652315
0.676558
0.635919
0.6705
0.732439
0.685806
0.717548
0.649943
0.82015
0.764767
0.64749
0.612365
0.801669
0.698879
0.963082
1.3897
1.25383
1.03395
0.9455
1.34956
1.06674
0.413673
0.501516
0.495559
0.567668
0.452447
0.451116
0.571025
0.994466
1.52091
1.58569
1.14276
1.0131
1.46841
1.10979
0.376639
0.364775
0.362264
0.373266
0.375548
0.36437
0.372501
0.343414
0.353036
0.344521
0.345094
0.352688
0.344507
0.353676
0.342528
0.343031
0.352669
0.346622
0.344022
0.340999
0.349876
0.908926
0.791798
0.849001
0.837683
0.910585
0.816558
0.86672
0.368569
0.363249
0.376687
0.376698
0.361152
0.371387
0.363788
0.475511
0.615189
0.490232
0.485774
0.580043
0.471911
0.60718
0.37133
0.361643
0.354056
0.371913
0.372273
0.35916
0.364608
0.542418
0.641813
0.527018
0.67769
0.524029
0.545662
0.673009
0.551308
0.652852
0.530003
0.680855
0.532201
0.548704
0.685089
0.693867
0.696222
0.709113
0.78573
0.752492
0.766839
0.962933
0.990451
0.981688
0.881527
0.876817
0.896289
0.522619
0.61974
0.499419
0.646234
0.503841
0.653254
0.517575
0.506433
0.60096
0.494203
0.640828
0.489312
0.633189
0.512024
0.634456
0.655632
0.64566
0.622414
0.616597
0.627513
0.592096
0.599393
0.601523
0.610462
0.596717
0.606704
0.52985
0.620015
0.512328
0.650435
0.511872
0.530412
0.65035
0.533103
0.622174
0.515154
0.652392
0.515205
0.53295
0.652311
0.588145
0.597136
0.597423
0.594862
0.585083
0.594842
0.576966
0.586493
0.586454
0.59069
0.581767
0.590665
0.518454
0.610628
0.496819
0.645813
0.498207
0.646654
0.516813
0.534552
0.631196
0.50959
0.659799
0.514833
0.666651
0.528157
0.590508
0.600613
0.60046
0.602818
0.593585
0.603094
0.595914
0.605159
0.605627
0.604841
0.594365
0.604459
0.561166
0.653451
0.542904
0.684066
0.543387
0.560765
0.684851
0.562101
0.65316
0.544787
0.686224
0.544087
0.562641
0.685373
0.619601
0.629925
0.630309
0.631323
0.62012
0.631017
0.616399
0.627135
0.627182
0.630184
0.619727
0.630326
0.556117
0.648911
0.538634
0.680632
0.538252
0.679773
0.556451
0.555025
0.648845
0.536843
0.678707
0.537167
0.679434
0.554737
0.620501
0.631618
0.631392
0.631986
0.621473
0.632224
0.621921
0.632498
0.632712
0.632687
0.621525
0.632437
0.551321
0.65893
0.51607
0.653306
0.532039
0.533732
0.687569
0.552409
0.640273
0.538234
0.67945
0.534726
0.557351
0.673508
0.625288
0.63638
0.636273
0.636284
0.625406
0.636348
0.625357
0.636315
0.636311
0.63636
0.62532
0.636289
0.519141
0.620511
0.499064
0.649262
0.500276
0.651153
0.517857
0.518684
0.623845
0.499962
0.655622
0.499555
0.655249
0.519046
0.62466
0.635442
0.635568
0.635738
0.624579
0.635561
0.624086
0.635197
0.635071
0.635537
0.624795
0.635693
0.539171
0.634394
0.520873
0.665106
0.520927
0.539178
0.664865
0.540501
0.636141
0.521689
0.666954
0.521704
0.540301
0.667268
0.607772
0.618486
0.61829
0.61989
0.609943
0.620186
0.611458
0.621463
0.621822
0.621357
0.610409
0.621009
0.544146
0.638483
0.526443
0.668431
0.526301
0.6685
0.544434
0.547353
0.640758
0.529318
0.67133
0.529349
0.671109
0.547176
0.605702
0.615394
0.615805
0.614954
0.604256
0.614665
0.599243
0.609541
0.609482
0.612504
0.60281
0.612686
0.566137
0.663679
0.542276
0.696795
0.544693
0.563015
0.698819
0.55724
0.658756
0.538528
0.692094
0.537177
0.559101
0.691255
0.576095
0.587203
0.585665
0.58339
0.575503
0.584496
0.57484
0.583087
0.583706
0.583616
0.573401
0.582827
0.590269
0.690151
0.567407
0.724351
0.568
0.72597
0.590691
0.591057
0.690766
0.571114
0.728743
0.5687
0.72651
0.593926
0.582308
0.590019
0.591564
0.595361
0.584402
0.59416
0.587029
0.598207
0.596782
0.59631
0.588138
0.597163
0.566227
0.663774
0.542364
0.696901
0.544775
0.563115
0.698921
0.557357
0.658836
0.538613
0.692194
0.537273
0.559199
0.691369
0.575409
0.586448
0.584939
0.582791
0.574904
0.583869
0.574414
0.582659
0.583258
0.583093
0.572928
0.582331
0.581499
0.5892
0.59072
0.594492
0.583587
0.593302
0.597355
0.586253
0.595954
0.59547
0.587313
0.596311
0.590411
0.690315
0.567551
0.724539
0.568131
0.726141
0.590847
0.591264
0.690989
0.571289
0.728972
0.568889
0.726753
0.594118
0.539235
0.634488
0.520936
0.665206
0.52099
0.539242
0.664964
0.540554
0.636222
0.521744
0.667042
0.521755
0.540358
0.667354
0.607709
0.618405
0.618218
0.619824
0.609868
0.620113
0.611411
0.621421
0.621776
0.621289
0.610351
0.620944
0.605595
0.615293
0.615694
0.614853
0.604172
0.614576
0.609408
0.599128
0.609358
0.612396
0.602696
0.612569
0.544222
0.638593
0.526512
0.668537
0.526374
0.668615
0.544503
0.547393
0.640824
0.52937
0.671408
0.529392
0.671172
0.547228
0.551484
0.659148
0.516237
0.653552
0.532197
0.533914
0.687797
0.552594
0.640502
0.538407
0.679689
0.534901
0.55753
0.673755
0.62529
0.636376
0.636274
0.636291
0.625407
0.63635
0.625367
0.636331
0.636323
0.636368
0.625334
0.636302
0.624657
0.635445
0.635565
0.635734
0.62458
0.63556
0.635188
0.624083
0.635066
0.635533
0.624787
0.635685
0.519311
0.620739
0.499218
0.649495
0.500435
0.651396
0.51802
0.518842
0.624058
0.500114
0.655853
0.499706
0.655476
0.519206
0.561315
0.653633
0.543042
0.684257
0.543527
0.560912
0.685046
0.562218
0.653306
0.544902
0.686385
0.544198
0.562764
0.685529
0.619643
0.62996
0.63035
0.631361
0.62015
0.631051
0.616422
0.627162
0.627207
0.6302
0.619746
0.630345
0.620523
0.631647
0.631417
0.632014
0.621503
0.632254
0.632513
0.621938
0.632729
0.632714
0.621546
0.632461
0.556142
0.648929
0.538648
0.680643
0.538272
0.679796
0.556467
0.555063
0.648885
0.536876
0.678746
0.537203
0.679476
0.554772
0.529795
0.61993
0.512278
0.650356
0.511818
0.530362
0.650263
0.533062
0.622112
0.515112
0.652326
0.515164
0.532907
0.652248
0.588392
0.597386
0.597679
0.595132
0.585336
0.595107
0.577289
0.586852
0.586793
0.590991
0.582069
0.590977
0.590707
0.60083
0.60067
0.603015
0.593781
0.603296
0.605312
0.596069
0.605787
0.605023
0.59453
0.604633
0.518368
0.610497
0.496728
0.645667
0.498122
0.646518
0.516717
0.534385
0.630993
0.509448
0.659602
0.514677
0.666435
0.52801
0.542078
0.642421
0.52666
0.678098
0.523637
0.545299
0.673841
0.551035
0.652846
0.529687
0.680934
0.531963
0.548353
0.68511
0.696157
0.699162
0.711476
0.762516
0.75229
0.764856
0.898149
0.969719
1.0174
0.636102
0.657939
0.647501
0.623508
0.617783
0.628859
0.600222
0.592923
0.602405
0.611485
0.597557
0.607623
0.538789
0.644567
0.519941
0.680339
0.518164
0.679254
0.54112
0.653163
0.658515
0.65805
0.704424
0.646928
0.670743
0.662968
0.66236
0.64054
0.695711
0.732541
0.685734
0.641457
0.664986
0.210993
0.230458
0.219866
0.201766
0.19911
0.201666
0.204599
0.401267
0.734887
0.890153
0.369288
0.769402
0.417099
0.386053
0.341585
0.366963
0.367365
0.336844
0.33427
0.351721
0.356147
0.29405
0.299003
0.323261
0.276074
0.28446
0.301054
0.285112
0.320885
0.445307
0.346244
0.309513
0.318255
0.337956
0.301513
0.405896
0.437622
0.407092
0.397985
0.418175
0.399762
0.417613
0.39954
0.876423
0.722462
0.366925
0.414642
0.757625
0.38282
1.18558
0.900294
1.04137
0.915483
1.14305
0.997462
1.00465
0.814046
0.377607
0.487263
0.542892
0.986953
0.510254
0.39769
0.312635
0.317386
0.26179
0.339051
0.274643
0.291496
0.273916
1.16077
0.897707
1.02002
0.912737
1.11909
0.992468
0.99872
0.794301
0.377124
0.486282
0.536431
0.951041
0.509411
0.397025
0.312905
0.316802
0.261314
0.338962
0.273509
0.289689
0.272897
0.320592
0.448809
0.34712
0.309903
0.318192
0.338439
0.301454
0.404891
0.435255
0.405785
0.398045
0.417409
0.399088
0.417002
0.613872
0.655171
0.597888
0.579081
0.613333
0.574214
0.623761
0.419195
0.427871
0.407842
0.400966
0.4392
0.410151
0.415514
0.465569
0.475003
0.5952
0.467359
0.452075
0.499819
0.496899
0.734717
0.706729
0.662166
0.752926
0.686167
0.636749
0.673907
0.778919
0.808378
0.767293
0.766302
0.803374
0.770171
0.807432
0.607281
0.562062
0.571318
0.552679
0.573297
0.571719
0.606944
0.632615
0.650568
0.61104
0.594448
0.633752
0.598881
0.651669
0.615209
0.676338
0.674263
0.687256
0.617786
0.630231
0.667589
0.602763
0.557094
0.569772
0.578238
0.603779
0.567485
0.589961
0.891052
0.812066
0.828703
0.807889
0.847815
0.882253
0.846117
0.642499
0.547095
0.593831
0.580427
0.554696
0.619305
0.544782
0.88193
0.805636
0.851731
0.831968
0.79754
0.781605
0.851863
0.564474
0.544034
0.511995
0.552773
0.604328
0.535168
0.529712
0.7623
0.722135
0.761739
0.757016
0.818817
0.802993
0.745736
0.540084
0.586689
0.546033
0.549838
0.590099
0.551046
0.589659
0.456521
0.468601
0.463557
0.566645
0.44791
0.487896
0.483261
0.661889
0.608736
0.571631
0.678485
0.617347
0.560758
0.589449
0.604221
0.566129
0.556417
0.573156
0.579016
0.609019
0.566629
0.821632
0.885583
0.8344
0.814505
0.834927
0.801145
0.85735
0.644367
0.658254
0.598615
0.615449
0.641191
0.604332
0.664009
0.614556
0.568083
0.576808
0.584719
0.612634
0.572263
0.607271
0.638702
0.706528
0.713103
0.694798
0.634719
0.682106
0.639177
0.877743
0.805115
0.816405
0.80197
0.840631
0.866296
0.840584
0.64251
0.547375
0.593831
0.580293
0.55503
0.619131
0.545017
0.862597
0.790502
0.836129
0.823157
0.789458
0.774007
0.842682
0.751196
0.716763
0.753799
0.750283
0.804107
0.796999
0.741582
0.564101
0.543917
0.511452
0.552058
0.603975
0.534994
0.529089
1.90623
1.69296
1.78831
2.30948
2.00305
2.32695
1.93059
1.02041
1.0011
1.07102
1.1369
1.00303
1.06846
1.06331
2.27561
2.17518
1.94874
1.8828
2.29825
2.30351
1.80261
1.62982
1.12011
0.989652
0.946617
1.82758
1.72847
1.08179
0.414465
0.425267
0.442563
0.486518
0.435264
0.437269
0.460471
0.858683
1.70842
1.4237
0.895108
1.60307
0.974357
0.781272
1.80211
1.67169
1.7039
1.99763
1.85335
2.02353
1.79789
0.950301
0.891647
0.955225
1.00072
0.924911
0.98424
0.939211
1.84603
1.90571
1.76222
1.68027
1.91942
1.97385
1.58551
1.67925
1.15712
1.02856
0.996937
1.83564
1.73287
1.12926
0.416928
0.432656
0.447904
0.491249
0.435566
0.439487
0.467264
0.922107
1.68844
1.45792
0.953076
1.58575
1.03288
0.848627
0.878188
0.71791
0.742408
0.854253
0.839511
0.868443
0.693964
0.660833
0.658898
0.648278
0.653683
0.68129
0.661686
0.666218
0.654228
0.685003
0.671211
0.663864
0.664041
0.669215
0.655524
0.623821
0.650617
0.644126
0.663166
0.637609
0.631314
0.63718
1.05724
1.04011
1.05537
1.0049
1.01227
1.02443
0.936045
0.899361
0.935827
0.95649
1.01089
0.877922
0.954852
0.918533
0.948944
0.995164
0.486644
0.585204
0.475025
0.590227
0.475869
0.607838
0.485307
0.477719
0.508891
0.468656
0.569384
0.464298
0.54696
0.480711
0.490567
0.528123
0.572503
0.502113
0.487618
0.545775
0.507091
0.464557
0.401949
0.579649
0.336602
0.34861
0.390904
0.360095
0.476925
0.506613
0.586464
0.393576
0.388277
0.433289
0.436014
0.468892
0.403054
0.596429
0.336562
0.349148
0.392208
0.360134
0.471638
0.503972
0.582424
0.392584
0.387512
0.432492
0.434925
0.492287
0.597564
0.5141
0.550139
0.58953
0.519407
0.67502
0.66126
1.01378
0.727136
0.758556
0.677109
0.629535
0.861108
1.14948
0.772041
1.05088
0.89288
1.25285
1.04708
0.913162
0.684397
0.726752
0.778918
0.882335
0.714598
0.760653
0.853765
1.4271
1.36898
1.57168
1.07632
1.25008
1.38291
1.18501
0.501858
0.63322
0.53386
0.577429
0.61063
0.533182
0.724658
0.767751
1.07156
0.841663
0.836737
0.779512
0.722934
0.940958
1.00228
0.762558
0.976759
0.854751
1.11715
0.985338
0.887718
0.667859
0.712956
0.745139
0.841667
0.710041
0.742349
0.830467
1.18363
1.26329
1.34242
0.994357
1.07218
1.18351
1.10533
0.319598
0.336011
0.311018
0.340858
0.314626
0.302835
0.315056
0.319578
0.335621
0.31072
0.340079
0.314171
0.30249
0.314322
0.871751
0.953674
0.918651
0.896774
0.88701
0.932126
0.860316
0.968948
0.87925
0.917186
0.887626
0.888378
0.928398
0.853474
0.820386
0.840074
0.867318
0.847379
0.795017
0.809205
0.821676
0.80606
0.762127
0.746837
0.753436
0.773682
0.766229
0.785371
0.876696
0.930755
0.829544
0.841916
0.903498
0.905909
0.815006
0.837535
0.836599
0.756026
0.795318
0.868368
0.780085
0.8103
0.846887
0.839021
0.794935
0.825891
0.874136
0.817443
0.80307
0.469185
0.475319
0.47967
0.478279
0.466268
0.473839
0.468133
0.523733
0.524881
0.507939
0.506705
0.542082
0.521274
0.524419
0.482998
0.507057
0.494348
0.493524
0.490719
0.482329
0.507314
0.494639
0.492646
0.505816
0.485256
0.484528
0.494917
0.507772
0.490204
0.49232
0.500002
0.483395
0.482976
0.501973
0.490223
0.506436
0.538909
0.519612
0.516026
0.519571
0.505166
0.523112
0.479408
0.467422
0.470831
0.475884
0.474684
0.469609
0.480671
0.423443
0.427785
0.427375
0.422856
0.42108
0.423376
0.420654
0.436217
0.432284
0.431721
0.426186
0.430412
0.429704
0.426879
0.423455
0.427932
0.427471
0.423125
0.421249
0.420774
0.423756
0.421201
0.418367
0.421654
0.418312
0.417955
0.421783
0.420906
0.424053
0.427628
0.423286
0.422329
0.424377
0.427386
0.422087
0.424559
0.428696
0.423632
0.424084
0.427983
0.425228
0.422758
0.420785
0.417896
0.417891
0.420678
0.421137
0.417607
0.420364
0.45099
0.463113
0.457879
0.45465
0.452597
0.460776
0.448902
0.466788
0.456817
0.459119
0.454362
0.457542
0.46131
0.451802
0.445527
0.450642
0.451987
0.448214
0.442655
0.443108
0.446789
0.447259
0.440883
0.446391
0.442589
0.441561
0.448132
0.445603
0.46096
0.478283
0.466857
0.468914
0.469018
0.468627
0.460819
0.453517
0.456494
0.450576
0.458462
0.460356
0.453298
0.450791
0.454088
0.451823
0.449169
0.46099
0.460245
0.448126
0.455004
1.09002
1.22949
1.29692
1.15647
1.19771
1.26071
1.33284
1.0827
1.02693
1.10433
1.18678
1.07506
1.14455
1.10639
1.00323
0.990717
1.00957
1.06785
1.09252
1.16263
1.07287
0.52757
0.511404
0.526397
0.519442
0.535047
0.530554
0.519885
0.538582
0.550089
0.531172
0.549198
0.58287
0.557377
0.571994
0.538881
0.548783
0.563574
0.533176
0.547907
0.546315
0.565562
0.451139
0.457549
0.457173
0.462128
0.456426
0.455764
0.462635
0.492239
0.475052
0.493222
0.474659
0.492892
0.476533
0.476891
0.492182
0.474879
0.493045
0.474644
0.49279
0.476481
0.476851
0.510856
0.503949
0.519731
0.498751
0.514458
0.504813
0.511569
0.48151
0.479795
0.482853
0.491933
0.485206
0.490575
0.487597
0.507576
0.492183
0.508197
0.494436
0.510722
0.499831
0.496511
0.427085
0.430631
0.431105
0.426546
0.424197
0.426202
0.424273
0.440743
0.437085
0.436328
0.430333
0.434559
0.433748
0.431083
0.428199
0.432762
0.432168
0.427426
0.425735
0.425272
0.428077
0.425469
0.422567
0.425569
0.422575
0.422231
0.425129
0.425982
0.427945
0.430182
0.426964
0.42514
0.427119
0.431269
0.425972
0.428791
0.432847
0.427363
0.427804
0.432146
0.426797
0.429419
0.424614
0.421113
0.421705
0.423723
0.424082
0.421334
0.424296
0.436616
0.441243
0.440977
0.435338
0.433396
0.435633
0.433161
0.450173
0.445286
0.445343
0.438352
0.442112
0.442047
0.438463
0.436431
0.440759
0.440826
0.435263
0.433168
0.433024
0.435405
0.432764
0.42924
0.431958
0.428951
0.429166
0.431827
0.432846
0.436422
0.440275
0.434548
0.433672
0.436584
0.440127
0.433563
0.436473
0.440235
0.433834
0.434692
0.440195
0.43368
0.436544
0.432729
0.429262
0.428893
0.431851
0.432886
0.429142
0.431739
0.447018
0.451996
0.451767
0.445452
0.443351
0.445697
0.443167
0.461707
0.456527
0.456486
0.44863
0.45264
0.452604
0.448693
0.44685
0.451658
0.4516
0.445367
0.443141
0.443051
0.44545
0.442539
0.438678
0.440963
0.43804
0.438652
0.442555
0.440951
0.44662
0.450853
0.444272
0.443193
0.446759
0.450711
0.44312
0.446607
0.450692
0.443178
0.444314
0.450705
0.446613
0.443149
0.442557
0.438762
0.43804
0.44099
0.44268
0.438673
0.440935
0.440455
0.444511
0.444937
0.439256
0.436845
0.438876
0.436979
0.455335
0.45081
0.450388
0.443083
0.447302
0.446868
0.443472
0.441261
0.446078
0.44575
0.439949
0.437947
0.437709
0.440281
0.437463
0.433907
0.436633
0.433479
0.433757
0.436489
0.437688
0.440626
0.443429
0.438871
0.437069
0.439854
0.444448
0.437837
0.441311
0.445518
0.438729
0.439593
0.445184
0.438506
0.441597
0.436802
0.432859
0.432837
0.435349
0.436292
0.433096
0.435858
0.495458
0.476886
0.494918
0.478076
0.496153
0.479981
0.478756
0.456064
0.46335
0.462215
0.467302
0.461931
0.460796
0.468506
0.497377
0.481082
0.49945
0.479863
0.498093
0.481817
0.483111
0.510292
0.492754
0.51212
0.492367
0.511718
0.495064
0.495495
0.46696
0.47333
0.473587
0.479389
0.472118
0.472285
0.479116
0.509855
0.491611
0.510819
0.491956
0.511241
0.494611
0.494256
0.479723
0.48652
0.486587
0.493112
0.48567
0.485684
0.493039
0.523717
0.506009
0.5261
0.50568
0.525758
0.509078
0.509456
0.523388
0.505226
0.525221
0.505356
0.525403
0.508724
0.508598
0.51395
0.49512
0.514316
0.496187
0.515488
0.499015
0.497855
0.47257
0.479924
0.479231
0.485276
0.47885
0.478112
0.486052
0.515585
0.498442
0.518014
0.497701
0.517149
0.500577
0.501408
0.451728
0.456279
0.456638
0.450264
0.447719
0.449922
0.447848
0.467807
0.462654
0.462399
0.454231
0.458607
0.458371
0.454442
0.452399
0.457538
0.457333
0.450844
0.448582
0.448448
0.451024
0.448058
0.444093
0.446436
0.443369
0.444028
0.446367
0.448159
0.451765
0.455135
0.449597
0.447618
0.451085
0.456045
0.448293
0.452322
0.456799
0.448938
0.450188
0.456644
0.448839
0.452456
0.447523
0.443284
0.442857
0.445422
0.447074
0.4435
0.445855
0.454238
0.45936
0.459242
0.452549
0.450263
0.452652
0.450169
0.469852
0.464385
0.464397
0.455958
0.460204
0.460122
0.456049
0.454252
0.459238
0.459287
0.452561
0.450254
0.450167
0.452655
0.449556
0.445504
0.44766
0.444695
0.445479
0.447634
0.449583
0.453807
0.458142
0.451281
0.449998
0.453823
0.458142
0.449995
0.453853
0.458216
0.450095
0.451356
0.458194
0.450061
0.453883
0.449511
0.44546
0.444645
0.447597
0.449534
0.445435
0.447578
0.456656
0.461803
0.461698
0.454916
0.452619
0.455004
0.452532
0.472381
0.467001
0.466889
0.458362
0.462646
0.462574
0.45845
0.456671
0.461827
0.461717
0.454943
0.452641
0.452552
0.455038
0.451878
0.447781
0.449893
0.446936
0.44776
0.451896
0.449878
0.456192
0.460555
0.453601
0.452286
0.456187
0.460584
0.452298
0.45623
0.460622
0.452348
0.453668
0.460633
0.456241
0.452349
0.451845
0.447746
0.446907
0.449853
0.451853
0.44773
0.449843
0.456098
0.461155
0.461162
0.454435
0.452038
0.45441
0.45201
0.472028
0.466611
0.466498
0.457998
0.462302
0.462227
0.458084
0.456233
0.461413
0.461303
0.454554
0.452218
0.452132
0.454646
0.45156
0.447449
0.449626
0.446635
0.447429
0.449612
0.451578
0.455818
0.459999
0.453372
0.451869
0.455657
0.460233
0.452023
0.455932
0.460354
0.452136
0.453506
0.460359
0.452139
0.455945
0.451451
0.447284
0.446532
0.449423
0.451353
0.447323
0.449508
0.528544
0.509614
0.529564
0.510621
0.530729
0.514196
0.513071
0.486356
0.493699
0.49324
0.500062
0.493069
0.492581
0.500586
0.530273
0.512678
0.533086
0.512176
0.53248
0.515792
0.51637
0.532934
0.514862
0.535445
0.514752
0.535338
0.518574
0.518715
0.488645
0.495645
0.495654
0.502628
0.495043
0.494999
0.502633
0.532905
0.514691
0.535264
0.514722
0.5353
0.518532
0.518516
0.4913
0.49836
0.498243
0.505348
0.497911
0.497763
0.505477
0.535323
0.51728
0.537865
0.517196
0.537789
0.5211
0.521208
0.535343
0.517312
0.537897
0.517217
0.537814
0.521126
0.521241
0.534967
0.516599
0.537165
0.516801
0.53744
0.520708
0.520471
0.490996
0.498101
0.497982
0.505073
0.49763
0.497453
0.505229
0.535241
0.517151
0.53782
0.517056
0.537714
0.520966
0.521104
0.456651
0.461797
0.461693
0.45491
0.452613
0.454998
0.452527
0.472375
0.466996
0.466883
0.458357
0.462641
0.462569
0.458445
0.456665
0.461822
0.461711
0.454937
0.452636
0.452546
0.455034
0.451873
0.447776
0.449888
0.446931
0.447755
0.449872
0.451891
0.456186
0.460548
0.453593
0.452279
0.45618
0.460577
0.452291
0.456225
0.460617
0.452343
0.453662
0.460627
0.452343
0.456236
0.451839
0.44774
0.446901
0.449846
0.451847
0.447724
0.449836
0.456104
0.461159
0.461169
0.454442
0.452044
0.454416
0.452017
0.472082
0.466563
0.466565
0.458007
0.462312
0.462237
0.458094
0.456283
0.461346
0.461387
0.454563
0.452226
0.45214
0.454655
0.45157
0.44746
0.449639
0.446647
0.44744
0.449625
0.451589
0.455829
0.460007
0.453386
0.451881
0.455665
0.460243
0.452036
0.455943
0.460366
0.45215
0.453521
0.46037
0.452153
0.455956
0.451461
0.447293
0.446543
0.449435
0.451362
0.447333
0.44952
0.45174
0.456289
0.45665
0.45028
0.447732
0.449936
0.447862
0.467824
0.462673
0.462417
0.454251
0.458632
0.458393
0.454465
0.452414
0.457555
0.45735
0.450863
0.448599
0.448464
0.451044
0.448083
0.444119
0.446468
0.443398
0.444052
0.448186
0.446399
0.451789
0.455155
0.449632
0.447647
0.451105
0.45607
0.448325
0.452348
0.45683
0.448975
0.450227
0.456672
0.452485
0.448875
0.447546
0.443305
0.442882
0.44545
0.447094
0.443522
0.445884
0.454243
0.459367
0.459247
0.452557
0.45027
0.452659
0.450176
0.46982
0.464452
0.464352
0.455968
0.460218
0.460133
0.456062
0.454218
0.459322
0.459223
0.45257
0.450263
0.450175
0.452666
0.449568
0.445518
0.447678
0.44471
0.445492
0.447651
0.449597
0.453818
0.458153
0.451298
0.450013
0.453834
0.458154
0.450011
0.453867
0.458233
0.450115
0.451376
0.458208
0.450079
0.453899
0.449521
0.44547
0.444657
0.447611
0.449545
0.445445
0.447592
0.535313
0.517272
0.537856
0.517187
0.537779
0.521091
0.521199
0.491293
0.498353
0.498236
0.50534
0.497905
0.497756
0.50547
0.535335
0.517304
0.537889
0.51721
0.537805
0.521117
0.521233
0.534969
0.516597
0.537161
0.516803
0.537441
0.520709
0.520467
0.491051
0.498065
0.498033
0.505122
0.4976
0.497502
0.505195
0.535266
0.517123
0.537802
0.517096
0.537741
0.521005
0.521076
0.48637
0.493712
0.493249
0.50007
0.493088
0.492595
0.5006
0.528553
0.509616
0.529564
0.510629
0.530734
0.5142
0.51307
0.530277
0.512689
0.533093
0.512183
0.532482
0.515797
0.516379
0.532938
0.514867
0.535451
0.514754
0.53534
0.518574
0.518719
0.488615
0.495699
0.495625
0.502601
0.495094
0.494974
0.502684
0.532901
0.514736
0.535299
0.514704
0.535293
0.518512
0.518561
0.44705
0.452029
0.451801
0.445489
0.443385
0.445732
0.443202
0.46175
0.456571
0.456527
0.448674
0.452692
0.452651
0.448741
0.446886
0.451699
0.451639
0.445408
0.443181
0.443089
0.445494
0.442587
0.438725
0.441018
0.438089
0.438698
0.441003
0.442606
0.446665
0.450898
0.444329
0.443242
0.446802
0.450759
0.443172
0.446657
0.450751
0.44324
0.444376
0.450759
0.443207
0.446668
0.4426
0.438802
0.438084
0.441036
0.442721
0.438714
0.440982
0.440543
0.444606
0.44503
0.439354
0.436937
0.438976
0.43707
0.455471
0.450866
0.45053
0.443184
0.447409
0.446975
0.443574
0.441383
0.44611
0.445905
0.440044
0.438036
0.437797
0.440376
0.437569
0.43401
0.436746
0.433586
0.43386
0.436603
0.437795
0.440741
0.443555
0.439007
0.437201
0.439973
0.44457
0.437965
0.441423
0.445637
0.438854
0.439726
0.445302
0.43863
0.44171
0.436912
0.432967
0.432948
0.435469
0.436405
0.433203
0.435976
0.427343
0.430914
0.431378
0.426827
0.424466
0.426493
0.424535
0.441035
0.437355
0.436601
0.430617
0.434856
0.434052
0.431362
0.428438
0.433015
0.432423
0.42769
0.42598
0.425517
0.428338
0.425758
0.42284
0.425875
0.422853
0.422504
0.426269
0.425437
0.428268
0.430544
0.427327
0.425503
0.427458
0.431611
0.426317
0.429099
0.43317
0.427691
0.428153
0.432474
0.429723
0.427129
0.424919
0.421409
0.421997
0.424058
0.424398
0.421623
0.424618
0.43673
0.441364
0.441095
0.435467
0.433514
0.435759
0.43328
0.450301
0.445482
0.44545
0.438503
0.442287
0.442209
0.438625
0.436524
0.440959
0.440905
0.435403
0.433303
0.433153
0.435554
0.432922
0.429394
0.432138
0.429104
0.429315
0.431997
0.433012
0.436577
0.440434
0.434731
0.433838
0.436734
0.440294
0.433735
0.436641
0.440429
0.434032
0.43489
0.440375
0.433866
0.436723
0.432874
0.429397
0.429034
0.432006
0.433028
0.429278
0.431897
0.52375
0.506039
0.526128
0.505713
0.52579
0.509111
0.509484
0.479768
0.486562
0.486627
0.493154
0.48572
0.48573
0.493084
0.523431
0.505269
0.525263
0.505397
0.525444
0.508764
0.508639
0.514045
0.495218
0.514413
0.496284
0.515583
0.499111
0.497953
0.472704
0.479993
0.479351
0.485399
0.478938
0.478245
0.48613
0.515681
0.498514
0.518089
0.497809
0.517247
0.500685
0.501482
0.456367
0.463619
0.462492
0.467598
0.462241
0.461116
0.468792
0.495757
0.477212
0.495253
0.478379
0.496461
0.480292
0.479093
0.497645
0.481345
0.499712
0.480136
0.498368
0.482099
0.483382
0.510417
0.492878
0.512243
0.492491
0.511845
0.495192
0.49562
0.4671
0.47351
0.473715
0.479531
0.472322
0.472439
0.479305
0.509991
0.491782
0.510982
0.492089
0.51138
0.494748
0.49443
0.423771
0.428124
0.427727
0.423217
0.421404
0.42372
0.420986
0.436661
0.432723
0.432136
0.426609
0.43089
0.430157
0.427325
0.423818
0.428339
0.427858
0.423519
0.42163
0.421141
0.424171
0.421624
0.418775
0.422108
0.41873
0.418354
0.421357
0.422223
0.424473
0.428044
0.423754
0.422744
0.424769
0.427836
0.422534
0.425009
0.4292
0.424125
0.424581
0.428463
0.423235
0.425699
0.421176
0.418248
0.418276
0.421068
0.421507
0.417971
0.420784
0.451437
0.463518
0.458341
0.455108
0.453014
0.461175
0.449347
0.467381
0.457337
0.459712
0.454903
0.458096
0.461871
0.452332
0.44606
0.45111
0.452571
0.448732
0.443141
0.443603
0.447295
0.447795
0.441388
0.446915
0.443086
0.442075
0.448665
0.446127
0.461456
0.478691
0.46734
0.469353
0.469443
0.469126
0.461315
0.454074
0.45706
0.451118
0.45901
0.460927
0.453849
0.451337
0.454575
0.452276
0.449632
0.461443
0.460685
0.448602
0.455495
0.860261
0.938676
0.904886
0.885922
0.876298
0.919838
0.850466
0.952935
0.867681
0.90362
0.877367
0.878324
0.91692
0.844461
0.811344
0.83018
0.856086
0.838393
0.7878
0.801433
0.813662
0.800037
0.757243
0.744173
0.749821
0.768507
0.779908
0.763219
0.869085
0.922029
0.827109
0.838233
0.895278
0.89781
0.811951
0.830834
0.830269
0.753966
0.793414
0.86117
0.804348
0.777639
0.839919
0.83239
0.790483
0.821563
0.866599
0.81127
0.799358
0.469479
0.475503
0.479969
0.478486
0.466499
0.474045
0.468374
0.523525
0.524563
0.507885
0.50662
0.541553
0.521099
0.524046
0.483078
0.506898
0.494368
0.493521
0.490676
0.482397
0.507104
0.494702
0.492659
0.505858
0.485385
0.48463
0.495042
0.507678
0.490415
0.492537
0.500207
0.483638
0.483203
0.502152
0.490463
0.506453
0.538631
0.519616
0.516104
0.519536
0.505274
0.522921
0.479643
0.467665
0.471082
0.476133
0.474917
0.46986
0.480928
0.492652
0.475438
0.493618
0.475074
0.493321
0.476965
0.477289
0.451613
0.458031
0.457622
0.46261
0.456961
0.456268
0.463152
0.49264
0.475372
0.493559
0.475101
0.493264
0.476956
0.477362
0.511429
0.504412
0.520216
0.499289
0.515013
0.505325
0.511981
0.482155
0.4804
0.483464
0.49256
0.485863
0.491219
0.48824
0.508214
0.492816
0.508848
0.495066
0.511352
0.500447
0.497147
1.05985
1.00983
1.08086
1.15557
1.05315
1.1168
1.08311
1.07612
1.19086
1.25179
1.13064
1.17275
1.22444
1.28147
0.997224
0.98026
1.00234
1.05166
1.07913
1.13771
1.05626
0.528026
0.511769
0.526817
0.519779
0.53543
0.530787
0.520198
0.538382
0.549661
0.531064
0.548962
0.58199
0.557011
0.571329
0.539196
0.548677
0.5636
0.533283
0.548112
0.546266
0.565202
0.655942
0.641958
0.62671
0.630458
0.654419
0.622555
0.648487
0.650537
0.661582
0.670254
0.695242
0.647995
0.667409
0.672642
0.593293
0.551273
0.557262
0.577547
0.590381
0.553579
0.578288
0.624049
0.571584
0.594448
0.6647
0.639834
0.568741
0.642617
0.607861
0.597292
0.569543
0.585361
0.568013
0.59083
0.620236
0.633903
0.628552
0.649681
0.620383
0.634185
0.650434
0.617709
0.68286
0.662193
0.705277
0.69718
0.683248
0.679317
0.672101
0.975385
0.923975
0.96528
0.951815
0.923035
0.954162
0.917442
0.917728
0.941327
0.872175
0.894617
0.916202
0.946299
0.879188
1.04007
0.968548
0.999057
0.990156
0.99259
1.02573
0.962091
0.890872
0.872101
0.861666
0.854686
0.893458
0.867337
0.865833
0.916043
0.936048
0.957773
0.95405
0.905024
0.916821
0.932477
0.89872
0.857736
0.872064
0.864333
0.871123
0.870344
0.89638
0.926189
0.901243
0.933555
0.879777
0.951916
0.884834
0.916281
0.682653
0.660113
0.708842
0.656339
0.613072
0.577913
0.573526
0.660282
0.640419
0.627718
0.626432
0.618588
0.65203
0.653207
0.598678
0.555904
0.561925
0.582112
0.595492
0.558775
0.582886
0.6531
0.666335
0.673238
0.697689
0.651911
0.671477
0.674107
0.631806
0.580528
0.604666
0.676664
0.649173
0.576873
0.652813
0.614102
0.604345
0.576075
0.594091
0.575343
0.595644
0.628782
0.63527
0.629899
0.623001
0.652271
0.637388
0.618627
0.651532
0.691452
0.66372
0.708265
0.708806
0.687877
0.6793
0.680327
0.955186
0.906945
0.94422
0.936012
0.909011
0.939233
0.902763
0.909327
0.932152
0.86777
0.891104
0.907372
0.93761
0.874604
1.01834
0.950081
0.977488
0.974055
0.977505
1.00981
0.94675
0.882885
0.864257
0.856318
0.84816
0.885079
0.859817
0.859899
0.897263
0.918593
0.936144
0.937763
0.889357
0.90028
0.916963
0.891799
0.8529
0.866263
0.859746
0.864793
0.866121
0.890415
0.918798
0.898179
0.926997
0.875688
0.944289
0.881185
0.909845
0.674601
0.65295
0.707496
0.608639
0.654939
0.576739
0.572126
0.910329
0.65839
0.867383
0.746331
0.98129
0.837518
0.762971
0.593209
0.630344
0.763971
0.568463
0.676903
0.635115
0.694474
0.441802
0.431594
0.45574
0.426988
0.451338
0.434351
0.439066
0.462833
0.435038
0.463495
0.44939
0.476328
0.460627
0.44732
0.448111
0.431037
0.458052
0.430126
0.456588
0.435396
0.436175
0.454144
0.432966
0.460794
0.43462
0.462515
0.439667
0.438354
0.466299
0.443055
0.474572
0.444153
0.475759
0.449838
0.448889
0.462073
0.441093
0.472149
0.440828
0.471518
0.446474
0.446761
0.473909
0.450294
0.483961
0.450478
0.484056
0.456608
0.456471
0.475138
0.451218
0.484973
0.451518
0.485353
0.457703
0.457407
0.478042
0.453759
0.488423
0.453825
0.488499
0.4602
0.460107
0.47758
0.453301
0.487917
0.453463
0.488036
0.459807
0.459655
0.478045
0.453765
0.488426
0.45383
0.488502
0.460205
0.460113
0.477582
0.453307
0.487921
0.453474
0.488041
0.459817
0.459662
0.473934
0.450333
0.48399
0.450523
0.484088
0.456653
0.456513
0.475157
0.451253
0.484995
0.451551
0.485375
0.457737
0.457441
0.46636
0.443147
0.474649
0.444238
0.47583
0.449927
0.448984
0.462162
0.441204
0.472251
0.440956
0.471628
0.446606
0.44688
0.448388
0.431334
0.45835
0.430464
0.456913
0.435746
0.436496
0.454338
0.433238
0.461048
0.434862
0.462748
0.439925
0.438635
0.442339
0.432203
0.456438
0.427541
0.451975
0.434953
0.439707
0.463479
0.435652
0.464243
0.450012
0.477051
0.461272
0.447986
0.898009
0.658209
0.858917
0.745655
0.968265
0.834222
0.760935
0.591722
0.630221
0.759008
0.568287
0.674355
0.634362
0.693276
1.29012
1.41098
1.34231
1.31573
1.49584
1.41652
1.3949
1.22839
1.22967
1.25976
1.32382
1.25373
1.28466
1.28564
1.39596
1.30954
1.62071
1.31906
1.5654
1.42758
1.4152
1.23346
1.3304
1.25201
1.24289
1.36638
1.32421
1.32527
1.18925
1.17411
1.2133
1.26617
1.1984
1.23704
1.21293
1.25613
1.17673
1.37321
1.22049
1.37399
1.2993
1.25409
0.809882
0.818326
0.768846
0.75467
0.838098
0.799973
0.789935
0.644848
0.656811
0.678977
0.672718
0.629477
0.640997
0.65126
0.697669
0.772332
0.730871
0.720991
0.718316
0.760453
0.691411
0.699954
0.697768
0.695623
0.659678
0.733431
0.674854
0.669718
0.685473
0.681862
0.665864
0.631705
0.711914
0.650438
0.660302
0.726515
0.794181
0.712833
0.697508
0.764861
0.753554
0.682704
0.658916
0.621898
0.620947
0.620578
0.632098
0.635574
0.640204
0.594252
0.552422
0.56962
0.568078
0.569528
0.551744
0.590676
0.557746
0.604575
0.578472
0.576801
0.572997
0.602411
0.556807
0.527399
0.535516
0.547198
0.546713
0.521729
0.535691
0.527075
0.546586
0.524238
0.532919
0.528079
0.536173
0.529513
0.541909
0.592571
0.643469
0.592101
0.598507
0.612669
0.620268
0.578013
0.564604
0.564958
0.544083
0.569885
0.549793
0.583484
0.555808
0.573736
0.571575
0.553149
0.58184
0.596569
0.556888
0.564828
0.437519
0.432901
0.432922
0.427384
0.430972
0.427487
0.43106
0.425481
0.431062
0.429772
0.425406
0.423794
0.422797
0.426914
0.424369
0.428609
0.428523
0.424191
0.421992
0.424436
0.421706
0.422389
0.419302
0.422678
0.41958
0.422599
0.422375
0.419072
0.427149
0.432928
0.427769
0.42771
0.430932
0.42587
0.428872
0.425859
0.429373
0.424625
0.426209
0.425947
0.429475
0.4245
0.423536
0.421019
0.420678
0.42509
0.423588
0.420128
0.424917
0.450961
0.449092
0.444977
0.439132
0.44962
0.443734
0.444161
0.430589
0.434861
0.435528
0.430974
0.427716
0.430469
0.427789
0.434211
0.442396
0.439367
0.434772
0.433544
0.438329
0.431366
0.432748
0.430801
0.436692
0.42924
0.436361
0.432951
0.428622
0.433188
0.436096
0.434862
0.430998
0.437758
0.432107
0.432037
0.437342
0.447977
0.441278
0.439658
0.442055
0.442364
0.43635
0.428921
0.424786
0.425484
0.428515
0.428356
0.429004
0.424935
0.870053
0.938557
0.860673
0.926417
0.995299
1.01029
0.922215
0.731278
0.711202
0.723695
0.759748
0.774221
0.811869
0.752862
0.793294
0.901606
0.917393
0.829404
0.844236
0.890414
0.974209
0.614982
0.57534
0.600372
0.630951
0.613015
0.599909
0.64599
0.615835
0.661344
0.674967
0.625075
0.638266
0.654371
0.697788
0.587483
0.570442
0.583768
0.591864
0.606182
0.616654
0.58964
0.452564
0.458042
0.458516
0.463785
0.456793
0.463033
0.457525
0.494482
0.478786
0.496941
0.47721
0.495295
0.479379
0.481391
0.493238
0.475339
0.493397
0.475801
0.494046
0.47792
0.477221
0.466725
0.47485
0.471132
0.477901
0.478989
0.482549
0.473183
0.499266
0.481344
0.499034
0.483005
0.500816
0.48617
0.483923
0.501603
0.488682
0.505643
0.486113
0.503269
0.48949
0.492879
0.444246
0.439198
0.439627
0.433369
0.436457
0.433074
0.436922
0.431808
0.436274
0.435969
0.430786
0.428953
0.42862
0.431225
0.43111
0.435006
0.43528
0.430334
0.428089
0.430207
0.428067
0.42819
0.424705
0.42744
0.424896
0.427974
0.424772
0.427617
0.432006
0.435863
0.430626
0.429889
0.435518
0.42962
0.432337
0.431691
0.434674
0.429105
0.430411
0.43132
0.435201
0.429387
0.428518
0.425329
0.425201
0.42811
0.425123
0.427881
0.428809
0.448892
0.444566
0.444184
0.437355
0.441449
0.437796
0.440974
0.434744
0.438708
0.439028
0.433779
0.431485
0.433554
0.431524
0.435469
0.440018
0.439766
0.434327
0.432417
0.434714
0.432132
0.432013
0.428683
0.431565
0.428462
0.432296
0.428497
0.431311
0.435128
0.438011
0.433655
0.432162
0.438737
0.434588
0.432661
0.435636
0.439672
0.433466
0.434167
0.435986
0.439281
0.433147
0.431516
0.427856
0.427984
0.430512
0.431176
0.427994
0.430839
0.460838
0.455937
0.455676
0.447906
0.452095
0.44814
0.451845
0.445727
0.45013
0.450446
0.444304
0.441952
0.441983
0.444141
0.446138
0.451053
0.45084
0.44467
0.442534
0.444879
0.442373
0.441966
0.438191
0.440662
0.437617
0.442085
0.440595
0.438108
0.445665
0.449173
0.443621
0.442102
0.449706
0.442472
0.44527
0.446002
0.450237
0.442897
0.443977
0.44615
0.450074
0.442795
0.441644
0.437679
0.437315
0.440056
0.440298
0.43779
0.441389
0.457349
0.45208
0.452292
0.444797
0.448514
0.444722
0.448669
0.443184
0.447998
0.447784
0.441769
0.439681
0.441984
0.439508
0.442935
0.447381
0.447562
0.441591
0.439345
0.441588
0.439289
0.438976
0.435176
0.437675
0.434779
0.438898
0.437757
0.435191
0.443009
0.447078
0.441008
0.439951
0.446973
0.443119
0.439891
0.442913
0.446664
0.439734
0.44096
0.442772
0.446873
0.43984
0.439071
0.435368
0.434851
0.437863
0.439174
0.437813
0.435287
0.460033
0.46536
0.466289
0.471612
0.464059
0.470603
0.464938
0.503122
0.486126
0.504982
0.485368
0.50412
0.487615
0.488444
0.50183
0.483121
0.501551
0.484173
0.502768
0.486346
0.485228
0.46539
0.472546
0.471904
0.477546
0.471265
0.478259
0.470579
0.506625
0.487958
0.506766
0.4889
0.507807
0.491332
0.490323
0.507913
0.490801
0.509926
0.490114
0.509141
0.492607
0.493369
0.478727
0.485932
0.485536
0.49197
0.485041
0.492414
0.484606
0.521257
0.502691
0.522415
0.503355
0.52315
0.506582
0.505864
0.522206
0.504639
0.524597
0.504229
0.524131
0.507501
0.507966
0.474832
0.481145
0.481551
0.487774
0.48015
0.48733
0.480522
0.518613
0.500966
0.520757
0.500628
0.520397
0.503735
0.504118
0.518093
0.499665
0.519284
0.500133
0.519833
0.503189
0.50269
0.46845
0.463093
0.463011
0.454719
0.45894
0.454812
0.458857
0.452927
0.457888
0.457918
0.451288
0.448991
0.448899
0.451387
0.452941
0.458
0.457913
0.451335
0.449035
0.451434
0.448941
0.44841
0.444398
0.446644
0.443654
0.448444
0.444365
0.446624
0.452622
0.456928
0.450269
0.448965
0.456932
0.448969
0.452636
0.452673
0.457017
0.449084
0.450346
0.452711
0.456984
0.449042
0.448356
0.444333
0.443589
0.446568
0.444309
0.446555
0.448378
0.46966
0.464239
0.464212
0.455802
0.460067
0.455909
0.459967
0.453892
0.458904
0.458886
0.452293
0.449935
0.452306
0.449886
0.454073
0.459086
0.459106
0.452401
0.450096
0.452509
0.45
0.449468
0.445421
0.44768
0.44467
0.449503
0.44539
0.447661
0.45368
0.457857
0.451339
0.449931
0.458017
0.453572
0.45003
0.453771
0.458147
0.450132
0.451451
0.453807
0.458123
0.450121
0.449384
0.445293
0.444596
0.447532
0.449323
0.44531
0.447585
0.472491
0.467086
0.466987
0.458457
0.462735
0.458534
0.462678
0.456772
0.4618
0.461863
0.455011
0.452688
0.452611
0.455083
0.456748
0.461907
0.461805
0.455029
0.452715
0.455117
0.452629
0.451985
0.447877
0.450012
0.447046
0.451996
0.450002
0.44786
0.456328
0.460688
0.453788
0.452441
0.460735
0.452464
0.456307
0.456347
0.460736
0.45248
0.453829
0.456347
0.460762
0.452493
0.451966
0.447852
0.447028
0.44998
0.449981
0.447842
0.451964
0.472063
0.466565
0.466561
0.458002
0.46231
0.4581
0.462223
0.456236
0.461389
0.46129
0.454526
0.452207
0.454608
0.452125
0.456301
0.461356
0.461394
0.454568
0.452247
0.454669
0.452157
0.451541
0.447443
0.449581
0.446604
0.451568
0.44956
0.447417
0.45584
0.46021
0.453313
0.451969
0.460243
0.455831
0.451985
0.455901
0.460328
0.452076
0.453398
0.455929
0.460313
0.452057
0.451484
0.447378
0.446551
0.449511
0.45149
0.449502
0.447364
0.487188
0.494214
0.494213
0.501107
0.493535
0.501113
0.493466
0.531089
0.512909
0.533355
0.512945
0.533425
0.516682
0.516651
0.53152
0.513245
0.533716
0.51331
0.533827
0.517019
0.516963
0.488427
0.495493
0.495399
0.502349
0.494894
0.502475
0.494756
0.532179
0.513869
0.534302
0.51405
0.534529
0.517809
0.517621
0.532577
0.514532
0.535082
0.514429
0.534949
0.518211
0.518345
0.491425
0.498454
0.498364
0.505472
0.498023
0.505584
0.49789
0.535515
0.517373
0.537972
0.517394
0.538001
0.521314
0.521293
0.535459
0.517404
0.537996
0.517339
0.537935
0.521251
0.521345
0.491003
0.498019
0.497976
0.505079
0.497543
0.505132
0.497468
0.535011
0.516918
0.53752
0.516871
0.537479
0.520773
0.520854
0.535163
0.517052
0.537697
0.51701
0.537652
0.520932
0.520983
0.472493
0.467089
0.46699
0.45846
0.462738
0.458536
0.46268
0.456774
0.461802
0.461865
0.455013
0.45269
0.452613
0.455086
0.45675
0.461909
0.461807
0.455031
0.452717
0.45512
0.452631
0.451988
0.44788
0.450016
0.44705
0.451999
0.447863
0.450006
0.456331
0.460691
0.453794
0.452446
0.460739
0.45247
0.456311
0.45635
0.46074
0.452485
0.453834
0.45635
0.460765
0.452498
0.45197
0.447856
0.447033
0.449985
0.447846
0.449986
0.451967
0.472066
0.466566
0.466564
0.458006
0.462316
0.458105
0.462227
0.456238
0.461391
0.461293
0.454529
0.45221
0.45461
0.452127
0.456304
0.461358
0.461397
0.454572
0.452251
0.454674
0.45216
0.451546
0.447449
0.449588
0.44661
0.451575
0.447423
0.449566
0.455844
0.460213
0.45332
0.451974
0.460247
0.455835
0.45199
0.455906
0.460335
0.452085
0.453406
0.455935
0.460318
0.452064
0.451488
0.447382
0.446555
0.449515
0.451493
0.447368
0.449506
0.468473
0.463115
0.463033
0.454744
0.458968
0.454838
0.458884
0.452945
0.457909
0.457938
0.45131
0.449011
0.448918
0.451409
0.45296
0.45802
0.457934
0.451358
0.449056
0.451458
0.448962
0.448437
0.444426
0.446676
0.443683
0.448473
0.446656
0.444392
0.45265
0.456957
0.450306
0.448999
0.456961
0.449002
0.452664
0.452703
0.457051
0.449121
0.450385
0.452742
0.457016
0.449078
0.448382
0.444358
0.443616
0.446598
0.446585
0.444334
0.448405
0.469677
0.464257
0.464228
0.45582
0.460087
0.455928
0.459986
0.453907
0.458919
0.458901
0.45231
0.449951
0.452324
0.449901
0.454087
0.459102
0.459121
0.452418
0.450112
0.452527
0.450016
0.449489
0.445441
0.447705
0.444693
0.449524
0.447686
0.445411
0.453704
0.457882
0.451371
0.449961
0.458041
0.453596
0.450059
0.453794
0.458171
0.45016
0.451482
0.453829
0.458147
0.450149
0.449407
0.445315
0.44462
0.447558
0.449346
0.447612
0.445331
0.491427
0.498455
0.498365
0.505472
0.498025
0.505585
0.497892
0.535515
0.517371
0.53797
0.517394
0.538001
0.521313
0.521292
0.535457
0.517403
0.537994
0.517338
0.537933
0.52125
0.521344
0.491005
0.498017
0.497977
0.505079
0.497543
0.505128
0.497469
0.53501
0.516917
0.537519
0.516871
0.537478
0.520773
0.520853
0.535163
0.517049
0.537694
0.517011
0.537651
0.520932
0.520979
0.487212
0.494233
0.494234
0.501129
0.493559
0.501133
0.493491
0.531113
0.512931
0.533377
0.512967
0.533449
0.516703
0.516672
0.531542
0.513263
0.533733
0.513332
0.533847
0.51704
0.51698
0.488444
0.495509
0.495413
0.502363
0.494913
0.502491
0.494772
0.532194
0.513883
0.534315
0.514064
0.534543
0.517822
0.517634
0.532593
0.514548
0.535098
0.514444
0.534963
0.518224
0.518361
0.460895
0.455993
0.455731
0.447965
0.452158
0.4482
0.451907
0.445778
0.450184
0.450499
0.44436
0.442006
0.442036
0.4442
0.446187
0.451106
0.450892
0.444725
0.442586
0.444935
0.442424
0.442029
0.438253
0.440731
0.437681
0.442149
0.438169
0.440663
0.445733
0.449248
0.443705
0.442182
0.449779
0.442551
0.445341
0.446068
0.450307
0.442972
0.444057
0.446216
0.450144
0.44287
0.441709
0.437744
0.437382
0.440129
0.437853
0.44037
0.441457
0.457434
0.452159
0.452373
0.444884
0.448611
0.444812
0.448761
0.443254
0.448071
0.447858
0.441846
0.439753
0.44206
0.43958
0.443008
0.447456
0.447639
0.441672
0.439422
0.441672
0.439365
0.439068
0.435267
0.437774
0.434871
0.438993
0.435279
0.437855
0.4431
0.447173
0.441117
0.44005
0.447069
0.443209
0.439992
0.443009
0.446771
0.439845
0.441074
0.442873
0.446975
0.439946
0.439157
0.435451
0.434937
0.437954
0.439259
0.435369
0.437905
0.444495
0.43944
0.43986
0.433612
0.43673
0.433328
0.437183
0.432002
0.436479
0.436176
0.431001
0.429152
0.428819
0.431437
0.431315
0.435231
0.435498
0.43056
0.428304
0.430442
0.428277
0.428442
0.42495
0.42772
0.425139
0.428236
0.427887
0.42501
0.432261
0.436128
0.43092
0.430159
0.43579
0.429897
0.432587
0.43196
0.434974
0.42941
0.430719
0.431601
0.435487
0.429678
0.428756
0.425553
0.42543
0.428362
0.428136
0.425347
0.429044
0.449076
0.444739
0.444357
0.437536
0.441642
0.437977
0.441168
0.434903
0.438883
0.439197
0.433956
0.431653
0.433738
0.431687
0.435621
0.44018
0.439927
0.434495
0.432574
0.434882
0.432288
0.432201
0.428862
0.431768
0.428644
0.432485
0.431515
0.428675
0.435338
0.438247
0.4339
0.432404
0.438961
0.434809
0.432893
0.435837
0.439885
0.433686
0.434401
0.436186
0.439495
0.433367
0.431714
0.428048
0.428177
0.430734
0.431382
0.431053
0.428182
0.478785
0.485983
0.485585
0.492021
0.485101
0.492467
0.484664
0.521309
0.502745
0.522468
0.503407
0.5232
0.506633
0.505917
0.522253
0.504689
0.524644
0.504277
0.524177
0.507548
0.508015
0.474918
0.481216
0.481628
0.487854
0.480236
0.487405
0.480611
0.518686
0.501039
0.520829
0.500702
0.52047
0.503808
0.504191
0.518167
0.499735
0.519352
0.500208
0.519906
0.503264
0.502759
0.46029
0.465602
0.466523
0.471862
0.464339
0.470861
0.465209
0.503333
0.48634
0.505194
0.485585
0.504336
0.487837
0.488662
0.502054
0.483357
0.501786
0.484403
0.502996
0.486583
0.485471
0.465579
0.472716
0.472074
0.477727
0.471462
0.478439
0.470778
0.506799
0.488143
0.50695
0.489078
0.507984
0.491514
0.490513
0.508075
0.490967
0.51009
0.49028
0.509305
0.492777
0.493537
0.43805
0.433378
0.433418
0.42788
0.431478
0.427963
0.43159
0.425946
0.43158
0.430268
0.425901
0.424273
0.423261
0.427429
0.424797
0.429057
0.428984
0.424653
0.422415
0.424884
0.422135
0.422877
0.419748
0.423165
0.420059
0.42307
0.419528
0.422891
0.427694
0.433526
0.428351
0.428284
0.431507
0.426434
0.429437
0.42638
0.429901
0.425143
0.426771
0.426446
0.430027
0.425043
0.424051
0.421516
0.421183
0.425628
0.420614
0.424127
0.425448
0.451607
0.449697
0.445594
0.439741
0.450245
0.444336
0.444802
0.431116
0.435409
0.436095
0.431534
0.428226
0.431006
0.42831
0.434757
0.44297
0.439947
0.435347
0.434091
0.438904
0.43191
0.433343
0.431367
0.437287
0.429821
0.436954
0.429186
0.433564
0.433804
0.436709
0.435504
0.431585
0.438409
0.432689
0.432665
0.437968
0.448617
0.441897
0.440302
0.442673
0.443019
0.436984
0.4295
0.42531
0.426046
0.429073
0.428907
0.425476
0.429606
0.801372
0.809523
0.761661
0.748913
0.829944
0.792911
0.783304
0.64142
0.653034
0.674584
0.669011
0.626631
0.637963
0.647989
0.692774
0.765204
0.724887
0.716074
0.71348
0.754523
0.687189
0.696681
0.694504
0.693844
0.657886
0.729419
0.668326
0.672063
0.682628
0.679328
0.665374
0.631061
0.708804
0.649692
0.657915
0.722835
0.789155
0.711408
0.696783
0.760268
0.749557
0.681659
0.656412
0.619959
0.619641
0.619665
0.634557
0.630018
0.638012
0.592655
0.551558
0.568505
0.566936
0.568449
0.550825
0.589264
0.556632
0.602356
0.577064
0.575335
0.571534
0.600408
0.555652
0.52681
0.53482
0.546387
0.545838
0.521139
0.534934
0.52645
0.545922
0.523731
0.532606
0.527709
0.535587
0.541581
0.528981
0.591392
0.641698
0.591843
0.598085
0.611376
0.618668
0.577642
0.563822
0.564262
0.543814
0.569677
0.549145
0.582613
0.555532
0.572693
0.570491
0.55255
0.581286
0.595197
0.564344
0.556005
0.45315
0.458571
0.459083
0.464391
0.457374
0.4636
0.458142
0.495131
0.479462
0.49765
0.477848
0.495968
0.480041
0.482089
0.493832
0.475883
0.493967
0.476387
0.494662
0.478529
0.477785
0.467443
0.475515
0.471824
0.478635
0.479698
0.483245
0.473932
0.499995
0.482049
0.499769
0.483731
0.501563
0.486916
0.484651
0.502319
0.489369
0.506339
0.486824
0.503997
0.490215
0.493568
0.859794
0.927021
0.852359
0.914867
0.978547
0.993844
0.909497
0.73153
0.708531
0.722323
0.756738
0.772997
0.806811
0.748854
0.793514
0.895587
0.914364
0.825092
0.842397
0.883176
0.963623
0.613292
0.574408
0.59906
0.629105
0.611483
0.59868
0.643679
0.615681
0.659587
0.674034
0.623842
0.637584
0.652416
0.694964
0.587545
0.56997
0.583547
0.591221
0.605868
0.615498
0.588855
0.441458
0.41121
0.40949
0.398525
0.406112
0.392275
0.41775
0.998123
0.779699
0.965828
0.899336
1.06207
0.943924
0.859245
0.976339
0.778454
0.935174
0.896599
1.03506
0.939893
0.856092
0.437433
0.4064
0.406884
0.397339
0.405213
0.390881
0.415993
0.662812
0.586832
0.622088
0.588282
0.631826
0.602627
0.575233
0.689928
0.608347
0.637434
0.601127
0.607981
0.582171
0.63368
0.553847
0.574303
0.592591
0.569377
0.537759
0.542337
0.557229
0.702099
0.744533
0.732062
0.728996
0.706893
0.738033
0.697578
0.846392
0.841426
0.784862
0.906275
0.843805
0.793394
0.845422
0.699879
0.775178
0.736927
0.726298
0.781673
0.74567
0.704744
0.729184
0.749989
0.773439
0.749023
0.705716
0.728316
0.714515
0.758804
0.779256
0.721503
0.753258
0.72977
0.751795
0.792624
0.725216
0.69643
0.687077
0.702431
0.707755
0.724284
0.693445
0.869752
0.783364
0.820748
0.787614
0.781204
0.753518
0.828485
0.620024
0.652301
0.643154
0.639633
0.626542
0.650865
0.619179
0.649539
0.657015
0.643791
0.689509
0.667824
0.64246
0.671724
0.649407
0.71157
0.677682
0.65453
0.637989
0.620064
0.677912
0.613439
0.58733
0.597822
0.582727
0.616245
0.589509
0.594608
0.629739
0.625442
0.631354
0.615677
0.646551
0.628628
0.614569
0.615682
0.624924
0.645786
0.631953
0.596412
0.606298
0.609499
0.680712
0.707553
0.673765
0.664998
0.703098
0.676426
0.691416
0.925265
0.924914
0.892927
0.881753
0.947845
0.918542
0.904652
0.794103
0.783856
0.82307
0.811716
0.762391
0.769514
0.789261
0.835467
0.889967
0.862939
0.858938
0.854808
0.887766
0.836291
0.813585
0.832719
0.845559
0.811214
0.851481
0.822897
0.804038
0.801561
0.771962
0.814094
0.756172
0.760151
0.82081
0.799455
0.829357
0.884604
0.8638
0.853102
0.867346
0.849337
0.837577
0.782223
0.745757
0.76733
0.747693
0.751044
0.784327
0.763605
0.593534
0.520915
0.542732
0.534709
0.570417
0.537437
0.519872
0.629217
0.57041
0.586325
0.547421
0.563362
0.544379
0.570576
0.522513
0.543092
0.551469
0.526591
0.510662
0.510689
0.525625
0.745608
0.78223
0.787905
0.774694
0.736948
0.768496
0.738034
0.950452
0.931585
0.862177
0.977498
0.905759
0.847607
0.90502
0.751335
0.86005
0.80142
0.773996
0.838864
0.794471
0.74762
0.741601
0.766412
0.793385
0.768669
0.713798
0.737833
0.729165
0.780193
0.795524
0.731642
0.763918
0.767925
0.740193
0.814351
0.747189
0.711876
0.699442
0.713618
0.740242
0.718757
0.714705
0.908241
0.8059
0.84876
0.810446
0.796215
0.765303
0.855194
0.639062
0.671462
0.670707
0.661035
0.640188
0.667007
0.635478
0.66413
0.670901
0.657266
0.703791
0.680492
0.655061
0.687059
0.62441
0.592378
0.604718
0.589167
0.623433
0.595622
0.603695
0.668325
0.754537
0.716013
0.67851
0.648003
0.632252
0.703074
0.641979
0.635267
0.643269
0.625702
0.657632
0.639922
0.624802
0.642053
0.644495
0.678694
0.654534
0.612059
0.620298
0.630586
0.704297
0.745751
0.70667
0.68876
0.724465
0.695149
0.717436
0.905944
0.906781
0.875691
0.870112
0.934178
0.904385
0.893389
0.784054
0.771782
0.810511
0.803146
0.754882
0.762112
0.780926
0.819673
0.873016
0.846452
0.846637
0.83993
0.873153
0.822988
0.808422
0.826652
0.840467
0.805797
0.84531
0.798536
0.818093
0.797798
0.769143
0.812336
0.754397
0.757318
0.817294
0.797056
0.824428
0.878742
0.859323
0.849971
0.861296
0.84462
0.833341
0.778335
0.742349
0.76363
0.74537
0.748044
0.759553
0.781257
1.092
1.18261
1.13715
1.19972
1.20678
1.24535
1.13723
1.43899
1.09977
1.41832
1.19988
1.5592
1.29706
1.18968
1.52778
1.29233
1.67465
1.26901
1.66917
1.36509
1.39854
1.02727
1.10497
1.03334
1.07337
1.13849
1.14621
1.05796
1.18406
0.953135
1.18921
1.02794
1.29833
1.10711
1.025
1.24041
1.12391
1.37743
1.08527
1.37077
1.16936
1.20728
0.683424
0.636563
0.587775
0.684975
0.601802
0.613727
0.751419
1.42359
1.46218
1.56821
1.16718
1.25701
1.37585
1.26848
0.928121
0.949689
1.05401
1.148
0.878382
1.00416
1.00732
1.04123
0.982587
1.05803
1.15351
1.01971
1.12163
1.04279
0.753139
0.7183
0.640743
0.748564
0.674215
0.675208
0.829249
1.16496
1.20607
1.2871
1.02617
1.05558
1.1444
1.09541
0.879624
0.874493
0.930692
1.01028
0.857596
0.958222
0.926445
0.955203
0.900587
0.941173
1.0125
0.943378
1.01137
0.949122
0.183934
0.186471
0.183678
0.187857
0.185696
0.187006
0.184397
0.188393
0.1921
0.189122
0.191779
0.188675
0.192635
0.190001
0.190447
0.193296
0.190106
0.193713
0.191292
0.193361
0.19035
0.178292
0.184247
0.182105
0.181926
0.179289
0.187435
0.185734
0.201211
0.197208
0.211729
0.218445
0.194683
0.20381
0.198158
0.206191
0.36479
0.368567
0.223732
0.222824
0.549946
0.527979
0.376817
0.601637
0.585052
0.626474
0.423695
0.415024
0.635176
0.185125
0.187425
0.184478
0.188126
0.18561
0.187567
0.184722
0.180313
0.18998
0.18843
0.183913
0.181297
0.191261
0.18933
0.230488
0.551737
0.526199
0.231618
0.228818
0.435158
0.432403
0.186089
0.18772
0.184945
0.188688
0.186386
0.187818
0.18509
0.1818
0.192079
0.189833
0.184949
0.182238
0.192667
0.1902
0.222721
0.340725
0.337691
0.22211
0.217903
0.315928
0.306179
0.186584
0.187924
0.18523
0.188943
0.186695
0.187974
0.185296
0.182332
0.193046
0.190445
0.185225
0.18245
0.193231
0.190572
0.21518
0.312571
0.300044
0.219504
0.214392
0.312266
0.299087
0.186739
0.188022
0.185354
0.189023
0.186778
0.18804
0.185377
0.182448
0.193228
0.190569
0.185081
0.182327
0.193037
0.190436
0.214395
0.312284
0.299109
0.220067
0.215184
0.312634
0.300117
0.186778
0.18804
0.185377
0.18899
0.18674
0.188022
0.185354
0.182229
0.19265
0.190183
0.184442
0.181787
0.192053
0.189806
0.217893
0.316084
0.306358
0.225934
0.222636
0.340973
0.337911
0.186696
0.187974
0.185296
0.188846
0.186585
0.187924
0.18523
0.18128
0.191223
0.189287
0.182874
0.180294
0.189926
0.188365
0.228581
0.434463
0.431506
0.232921
0.230111
0.547846
0.522592
0.186386
0.187818
0.185089
0.188464
0.186087
0.18772
0.184944
0.179271
0.18738
0.185666
0.180982
0.178279
0.184213
0.182064
0.222273
0.545275
0.524233
0.204748
0.205749
0.362887
0.366733
0.185608
0.187566
0.184721
0.1878
0.185122
0.187424
0.184477
0.188673
0.192632
0.189996
0.191591
0.188392
0.192099
0.189119
0.191291
0.193361
0.19035
0.193393
0.190446
0.193296
0.190106
0.185679
0.187003
0.184388
0.186676
0.183928
0.186469
0.183675
0.204445
0.194319
0.199524
0.196613
0.198516
0.196381
0.207302
1.15338
1.06992
1.02821
0.65909
0.719407
0.687475
0.693488
0.466115
0.444192
0.458774
0.395152
0.380395
0.39921
0.380088
0.442242
0.440025
0.444708
0.371968
0.372445
0.368953
0.374219
0.453031
0.460661
0.459378
0.371661
0.366872
0.367124
0.371446
0.466131
0.460947
0.467601
0.374327
0.369044
0.369539
0.37383
0.464995
0.47163
0.471759
0.375634
0.370651
0.370725
0.375528
0.471624
0.465003
0.471766
0.37564
0.37065
0.370731
0.375526
0.461003
0.46617
0.467649
0.374364
0.369086
0.36958
0.373869
0.46074
0.453152
0.459485
0.371738
0.366936
0.367206
0.371503
0.440466
0.44273
0.445101
0.372179
0.372709
0.369183
0.374461
0.444854
0.467033
0.459576
0.395461
0.380728
0.399557
0.380385
1.05812
1.13761
1.01782
0.65937
0.717987
0.686964
0.693337
0.204399
0.196582
0.194306
0.199484
0.196361
0.207222
0.198492
0.197461
0.196928
0.198565
0.198565
0.197845
0.19818
0.197979
1.18302
0.720404
1.1557
0.691478
1.11161
0.637679
0.671981
0.197241
0.198421
0.197218
0.195506
0.194948
0.195615
0.194763
0.198892
0.197886
0.19773
0.196025
0.195424
0.195264
0.196113
0.197924
0.198588
0.197815
0.196219
0.195577
0.196327
0.195375
0.198753
0.198142
0.197987
0.196396
0.195663
0.195521
0.196471
0.198114
0.198704
0.198037
0.196454
0.195685
0.196526
0.195558
0.198736
0.198205
0.198087
0.196508
0.195718
0.195592
0.196575
0.198205
0.198737
0.198088
0.196509
0.195719
0.196576
0.195592
0.198705
0.198114
0.198038
0.196455
0.195686
0.195558
0.196526
0.198143
0.198755
0.197988
0.196397
0.195665
0.196472
0.195522
0.19859
0.197925
0.197816
0.196219
0.195579
0.195377
0.196328
0.197887
0.198891
0.19773
0.196026
0.195426
0.196114
0.195265
0.19842
0.19724
0.197218
0.195506
0.194948
0.194763
0.195615
0.196925
0.197458
0.19856
0.198563
0.197844
0.197977
0.198178
1.16016
0.717904
1.11587
0.69053
1.07616
0.636801
0.668865
0.197159
0.20114
0.211584
0.218179
0.194632
0.198082
0.203691
0.196129
0.195555
0.19536
0.194004
0.194705
0.194416
0.193311
0.196129
0.195555
0.195361
0.194004
0.194705
0.194417
0.193312
0.316184
0.289514
0.304836
0.315442
0.306446
0.295248
0.332892
0.462983
0.524172
0.511367
0.479138
0.432494
0.483442
0.435412
0.31596
0.30387
0.288975
0.315132
0.294566
0.332626
0.306201
0.519351
0.459779
0.507159
0.476322
0.430372
0.480346
0.433377
0.374987
0.363525
0.365206
0.350118
0.377963
0.359692
0.36068
0.600412
0.376601
0.59155
0.632048
0.4224
0.633772
0.414794
0.328963
0.394868
0.416028
0.420511
0.32384
0.334313
0.400941
1.07398
1.15439
1.04553
1.01446
1.12842
1.05344
1.08179
0.912056
0.687886
0.853373
0.606945
0.563219
0.633197
0.539815
0.335195
0.394155
0.413711
0.421963
0.341819
0.341455
0.411987
0.519772
0.503477
0.520314
0.516186
0.536264
0.530676
0.514962
0.379896
0.30609
0.355608
0.356181
0.313722
0.375861
0.307693
0.51369
0.566364
0.494594
0.423423
0.48955
0.4334
0.472201
0.440214
0.445358
0.433189
0.432873
0.445065
0.436942
0.437038
0.483839
0.489324
0.506308
0.478245
0.493936
0.487206
0.500084
0.301757
0.340141
0.349465
0.343322
0.299565
0.302451
0.335113
0.298576
0.336805
0.338097
0.328829
0.297436
0.297254
0.327851
0.444106
0.447724
0.435478
0.436609
0.44881
0.440489
0.439329
0.442604
0.449501
0.447866
0.371048
0.365973
0.367475
0.369841
0.299206
0.339649
0.337987
0.329944
0.298152
0.33167
0.298106
0.455047
0.446339
0.460696
0.446076
0.460326
0.450663
0.450866
0.337945
0.299641
0.337847
0.328042
0.297263
0.328055
0.297746
0.450319
0.45354
0.456507
0.371177
0.366605
0.366807
0.370803
0.467001
0.473076
0.457337
0.457063
0.472689
0.462161
0.462413
0.459322
0.449195
0.463504
0.450297
0.464628
0.454915
0.453702
0.299047
0.337887
0.338298
0.327822
0.297412
0.297048
0.327625
0.300246
0.339916
0.340111
0.329007
0.298321
0.297933
0.329005
0.472341
0.4771
0.461359
0.462364
0.478143
0.467588
0.46647
0.461861
0.468795
0.468591
0.374605
0.369614
0.369749
0.374427
0.300503
0.339422
0.339782
0.329
0.297665
0.328593
0.298233
0.475223
0.464807
0.481291
0.464748
0.481155
0.470151
0.470202
0.340462
0.300957
0.340502
0.329458
0.298287
0.329306
0.298579
0.46461
0.471069
0.471312
0.375504
0.370498
0.370653
0.375402
0.477793
0.483898
0.467279
0.467261
0.483817
0.472746
0.472747
0.477326
0.466591
0.483102
0.466834
0.483334
0.472314
0.472018
0.300765
0.340506
0.340582
0.329402
0.298461
0.298356
0.329373
0.300957
0.340468
0.340504
0.329462
0.298283
0.298579
0.329312
0.477786
0.483892
0.467273
0.467254
0.48381
0.472739
0.472741
0.464625
0.471085
0.471323
0.375515
0.370516
0.370666
0.375419
0.300761
0.340504
0.340584
0.329403
0.298463
0.329374
0.298353
0.477332
0.466596
0.483103
0.466842
0.48334
0.472322
0.472022
0.339921
0.300239
0.340122
0.329018
0.29832
0.329013
0.297929
0.461905
0.468819
0.468629
0.374638
0.36964
0.369784
0.374451
0.472355
0.477108
0.461373
0.462383
0.478157
0.467607
0.466482
0.475227
0.464816
0.481299
0.464758
0.48116
0.470161
0.470211
0.300495
0.339431
0.339789
0.32901
0.297655
0.298227
0.328603
0.299623
0.337974
0.33787
0.328067
0.297241
0.297732
0.328084
0.467041
0.473114
0.457377
0.457108
0.472732
0.462208
0.462453
0.450484
0.453719
0.456652
0.371273
0.366728
0.366912
0.370918
0.299031
0.337897
0.338319
0.327844
0.297401
0.327639
0.297036
0.459431
0.449315
0.463623
0.450414
0.464744
0.455035
0.453827
0.336839
0.298534
0.338142
0.32887
0.297407
0.327886
0.297216
0.442952
0.449757
0.448182
0.371231
0.366138
0.36767
0.369994
0.444431
0.448094
0.435837
0.436946
0.449159
0.440843
0.439703
0.455192
0.44649
0.460848
0.446237
0.460483
0.450832
0.451025
0.29914
0.339682
0.338027
0.329975
0.298065
0.298042
0.331693
0.305864
0.379614
0.355537
0.356046
0.313367
0.307451
0.375557
0.440654
0.445793
0.433603
0.433323
0.445536
0.437416
0.437475
0.514633
0.566717
0.495411
0.423652
0.489603
0.433686
0.472218
0.30161
0.340169
0.34946
0.3433
0.299449
0.335125
0.302298
0.484292
0.489669
0.506588
0.478718
0.494395
0.487672
0.50039
0.394455
0.32848
0.415886
0.420072
0.323337
0.400469
0.333743
0.905848
0.686649
0.848538
0.606946
0.563015
0.632872
0.539621
1.0517
1.12584
1.02971
1.00023
1.10345
1.03841
1.06531
0.519808
0.503635
0.520425
0.516248
0.536192
0.530657
0.515098
0.33476
0.394214
0.413653
0.42181
0.341378
0.340871
0.412055
0.624285
0.558144
0.637118
0.648646
0.549064
0.631543
0.56107
0.617383
0.551512
0.628723
0.63912
0.543753
0.624021
0.55398
0.245946
0.236606
0.25126
0.258053
0.238076
0.243041
0.239379
0.488622
0.503059
0.509764
0.539402
0.487728
0.499419
0.527332
0.509143
0.537105
0.533078
0.561253
0.526569
0.517416
0.5681
0.473192
0.448295
0.463556
0.482273
0.465444
0.454206
0.499182
0.41897
0.423464
0.431241
0.450178
0.416706
0.427089
0.435934
0.385096
0.374777
0.38456
0.388614
0.373631
0.389803
0.372447
0.372158
0.382207
0.382614
0.386479
0.368442
0.36925
0.385675
0.380222
0.387685
0.389681
0.397033
0.377598
0.380798
0.393122
0.390838
0.404258
0.400361
0.408454
0.398061
0.415925
0.39208
1.35988
1.41797
1.65686
1.39552
1.32
1.48491
1.56437
1.14651
1.07034
1.24762
0.996711
1.1627
1.26263
0.964101
0.6441
0.59542
0.705249
0.631542
0.657
0.698015
0.592324
0.717995
0.908986
0.854311
0.80244
0.741743
0.822178
0.78695
0.502471
0.477796
0.483996
0.511541
0.478276
0.512167
0.502398
0.504229
0.520366
0.486192
0.485689
0.480388
0.513838
0.508685
0.5393
0.554058
0.543987
0.589558
0.527061
0.559465
0.560234
0.525979
0.528671
0.521541
0.49473
0.508405
0.543193
0.515942
0.386973
0.37507
0.386952
0.390146
0.370657
0.370747
0.390168
0.374431
0.38544
0.385777
0.389054
0.370327
0.388511
0.370503
0.389202
0.376846
0.389358
0.392538
0.372096
0.372163
0.39227
0.376348
0.389041
0.389145
0.392342
0.371349
0.371506
0.392148
0.395467
0.381518
0.395566
0.398781
0.37594
0.398599
0.376
0.38134
0.395532
0.395567
0.398786
0.375684
0.375719
0.39872
0.379796
0.393422
0.393436
0.396627
0.374441
0.374473
0.396599
0.379417
0.392531
0.392782
0.395969
0.374037
0.395517
0.374255
0.5088
0.48055
0.514858
0.48875
0.483823
0.518518
0.505099
0.512885
0.526781
0.493046
0.490074
0.487526
0.523397
0.516003
0.524424
0.498681
0.504088
0.538129
0.497671
0.536561
0.525765
0.522338
0.530874
0.49336
0.50184
0.495872
0.519454
0.533948
0.542583
0.515087
0.522065
0.557967
0.514357
0.55688
0.543509
0.541277
0.553136
0.520667
0.511476
0.513214
0.55528
0.53926
0.532528
0.502331
0.511982
0.541984
0.50525
0.529257
0.545427
0.535117
0.550172
0.514747
0.508813
0.507608
0.548484
0.536603
0.39982
0.385033
0.399855
0.403183
0.379128
0.37915
0.403114
0.384925
0.399539
0.399734
0.40307
0.378884
0.402706
0.379067
0.400712
0.385792
0.400728
0.40404
0.379863
0.37985
0.404012
0.385585
0.400566
0.400591
0.403899
0.379591
0.3796
0.403849
0.402416
0.38713
0.402417
0.405744
0.381032
0.405742
0.38101
0.387018
0.402303
0.402309
0.405627
0.380906
0.380889
0.405614
0.386815
0.40203
0.402048
0.405389
0.380734
0.38073
0.405353
0.386889
0.402077
0.402108
0.405452
0.380805
0.405393
0.380816
0.551555
0.520102
0.563134
0.530863
0.522817
0.566566
0.548338
0.552836
0.567804
0.532018
0.523562
0.523744
0.56811
0.552565
0.55486
0.525736
0.534011
0.570594
0.5256
0.570291
0.55507
0.554478
0.569022
0.524682
0.533632
0.525302
0.553705
0.569824
0.558301
0.528977
0.537657
0.574047
0.529041
0.574066
0.558259
0.558433
0.574151
0.537813
0.529097
0.529168
0.574247
0.5584
0.55803
0.528008
0.537283
0.572951
0.528649
0.557321
0.573832
0.557998
0.573667
0.537233
0.528534
0.52865
0.573709
0.557841
0.402419
0.387132
0.402419
0.405747
0.381035
0.381013
0.405745
0.387013
0.402298
0.402304
0.405622
0.380901
0.405608
0.380884
0.402033
0.386819
0.402051
0.405393
0.380737
0.380734
0.405356
0.386898
0.402086
0.402116
0.405462
0.380814
0.380825
0.405404
0.399841
0.385052
0.399876
0.403207
0.379146
0.403137
0.37917
0.384947
0.399561
0.399757
0.403096
0.378905
0.379089
0.402731
0.38581
0.400732
0.400747
0.404061
0.379883
0.379868
0.404034
0.385596
0.400576
0.400603
0.403912
0.379602
0.40386
0.379611
0.558291
0.528968
0.574035
0.537648
0.529032
0.574056
0.558248
0.55843
0.574146
0.537813
0.529096
0.529169
0.574244
0.558397
0.558031
0.528005
0.537287
0.572938
0.528655
0.573829
0.557312
0.557994
0.573662
0.528534
0.537232
0.52865
0.557838
0.573704
0.551549
0.5201
0.530867
0.563112
0.522825
0.566552
0.548325
0.552848
0.567818
0.532038
0.523586
0.523765
0.568117
0.552583
0.554866
0.525738
0.534019
0.570588
0.52561
0.555068
0.570293
0.554486
0.569026
0.533645
0.524696
0.525316
0.569828
0.553713
0.395515
0.381559
0.395612
0.398832
0.375984
0.376041
0.398653
0.381368
0.395562
0.395599
0.398824
0.375711
0.398753
0.375748
0.393484
0.379852
0.3935
0.396699
0.374495
0.37453
0.396668
0.379485
0.392611
0.39286
0.396054
0.374106
0.374323
0.395606
0.387135
0.37521
0.387122
0.390337
0.370789
0.390347
0.370884
0.37459
0.385639
0.38597
0.389266
0.370482
0.370654
0.388732
0.37696
0.38934
0.389492
0.392684
0.372211
0.372275
0.392426
0.376439
0.389144
0.389252
0.392465
0.371435
0.392261
0.3716
0.542619
0.515124
0.557989
0.522113
0.514406
0.556912
0.543534
0.54132
0.553182
0.520726
0.511541
0.513273
0.555319
0.53931
0.532618
0.502455
0.512098
0.542088
0.505364
0.545516
0.529359
0.535191
0.550242
0.508904
0.514844
0.507704
0.536676
0.548556
0.509116
0.480972
0.489132
0.515265
0.484184
0.518853
0.505483
0.513156
0.527038
0.493376
0.490364
0.487844
0.523679
0.516249
0.524596
0.498851
0.504298
0.538278
0.497874
0.525909
0.536738
0.522526
0.531092
0.502074
0.493607
0.496095
0.534144
0.519664
0.385379
0.374992
0.384836
0.388917
0.37383
0.372648
0.390116
0.372356
0.382443
0.382865
0.386763
0.36862
0.385932
0.369441
0.387964
0.38042
0.389968
0.397344
0.377771
0.380963
0.393425
0.390965
0.40446
0.40058
0.40868
0.398099
0.392159
0.416109
0.48844
0.5029
0.509709
0.539414
0.487463
0.527248
0.499295
0.508992
0.537064
0.533039
0.561286
0.526756
0.517233
0.568154
0.448032
0.472877
0.463246
0.48184
0.465093
0.453867
0.498757
0.418882
0.423479
0.431217
0.450062
0.416571
0.435906
0.426903
0.50307
0.478329
0.512073
0.484656
0.478902
0.512808
0.502894
0.50494
0.521213
0.486958
0.486498
0.48111
0.514602
0.509494
0.539903
0.554309
0.54458
0.589586
0.527686
0.560766
0.559768
0.526746
0.529545
0.495588
0.522337
0.509207
0.516782
0.543937
1.32184
1.36703
1.56553
1.35233
1.28114
1.43653
1.4869
1.12643
1.05386
1.21741
0.981441
1.13721
1.23528
0.952462
0.642416
0.594912
0.702455
0.630691
0.655036
0.592051
0.695157
0.714317
0.898758
0.796567
0.84564
0.737264
0.78133
0.815336
0.371955
0.36704
0.378837
0.378885
0.366269
0.376023
0.367188
0.240573
0.243045
0.230311
0.204707
0.211257
0.207451
0.20923
0.294736
0.287265
0.298892
0.312696
0.287054
0.297793
0.309124
0.423237
0.432095
0.42303
0.417307
0.427537
0.42551
0.419775
0.240351
0.242765
0.230193
0.204647
0.211141
0.207384
0.209105
1.10462
1.16283
1.06077
1.06926
1.15034
1.1074
1.10057
0.381726
0.324642
0.354083
0.338472
0.395592
0.376995
0.332471
0.624445
0.503158
0.62197
0.397538
0.51749
0.524563
0.432176
1.07685
1.1322
1.04354
1.05199
1.12129
1.09026
1.08306
0.381724
0.324161
0.353905
0.337862
0.395533
0.376677
0.331538
0.617859
0.498378
0.614362
0.39703
0.515495
0.521441
0.43069
0.340996
0.366428
0.365853
0.336631
0.33406
0.351374
0.355794
0.294446
0.299151
0.323865
0.276226
0.284766
0.301411
0.285397
0.294756
0.286908
0.3125
0.29886
0.287082
0.297647
0.30913
0.422009
0.430734
0.421795
0.416449
0.426439
0.424595
0.418727
0.394632
0.378283
0.37917
0.378112
0.388095
0.390795
0.376787
0.529452
0.498086
0.508214
0.496219
0.502808
0.48974
0.512762
0.43887
0.434707
0.416968
0.453531
0.432297
0.419092
0.472104
0.548105
0.537511
0.526243
0.543378
0.576373
0.568239
0.535232
0.513896
0.511829
0.525584
0.549187
0.506672
0.525573
0.526088
0.389193
0.375931
0.374577
0.374202
0.385063
0.386432
0.37337
0.492617
0.5191
0.500114
0.487348
0.495902
0.483914
0.50216
0.432953
0.431724
0.415578
0.450264
0.429624
0.416506
0.464646
0.54802
0.537539
0.526266
0.543272
0.57637
0.568153
0.535368
0.51361
0.511373
0.525233
0.548825
0.506174
0.525341
0.525538
1.43625
1.7561
1.68684
1.69314
1.46629
1.40941
1.73378
1.68856
1.44695
1.27519
1.62831
1.36016
1.75921
1.56398
1.37367
1.60154
1.54389
1.48928
1.36385
1.32107
1.53026
1.45677
1.30668
1.144
1.43683
1.23295
1.53232
1.36263
0.448702
0.465864
0.474177
0.424888
0.424703
0.449448
0.448515
0.445873
0.464137
0.471099
0.424087
0.42389
0.448413
0.447626
0.409783
0.399122
0.426503
0.402564
0.438503
0.425292
0.416626
0.539584
0.535812
0.510167
0.543183
0.519271
0.523914
0.561503
1.23731
0.803226
0.706974
0.649433
1.15028
0.999092
0.721381
0.941022
0.869969
0.950335
0.903283
1.00051
0.952484
0.906563
0.674931
0.629162
0.683856
0.704434
0.627638
0.691558
0.645628
1.58343
1.63717
1.56092
1.27984
1.37743
1.28101
1.36837
0.415424
0.401221
0.426187
0.407004
0.444473
0.429815
0.418246
0.552687
0.551494
0.518648
0.553155
0.53229
0.534059
0.577895
1.31594
0.868391
0.775317
0.704546
1.24327
1.09232
0.783915
0.855007
0.837637
0.889951
0.851299
0.906672
0.897141
0.873018
0.667178
0.626267
0.671201
0.691767
0.627159
0.684013
0.644777
1.49411
1.48065
1.38074
1.1743
1.35631
1.24
1.2716
0.198249
0.215326
0.200089
0.19813
0.195179
0.199378
0.195347
0.198196
0.215109
0.199989
0.198086
0.195149
0.199307
0.195297
0.34563
0.339391
0.368791
0.325751
0.342873
0.322745
0.33781
0.344457
0.442261
0.350022
0.370976
0.379722
0.345846
0.318348
0.345147
0.339172
0.368031
0.326348
0.342663
0.322306
0.337205
0.344004
0.440103
0.349133
0.370094
0.378616
0.34448
0.317437
0.458934
0.471199
0.502173
0.474437
0.4336
0.432502
0.457695
0.746893
0.749472
0.740339
0.718166
0.722201
0.689636
0.706554
0.397656
0.368877
0.367885
0.396186
0.368709
0.388177
0.425848
0.471831
0.532705
0.493624
0.452623
0.444671
0.441076
0.46264
0.600349
0.650426
0.581076
0.634566
0.605145
0.584559
0.5729
0.73318
0.736988
0.733253
0.711445
0.711709
0.684149
0.700573
0.45683
0.469412
0.499417
0.472953
0.432326
0.43135
0.456509
0.396728
0.368321
0.395557
0.367415
0.368202
0.38756
0.42448
0.599223
0.645255
0.578778
0.601714
0.633228
0.583325
0.571792
0.470702
0.531763
0.492587
0.451607
0.443875
0.440223
0.461364
0.658822
0.548382
0.640568
0.667863
0.571351
0.559946
0.682017
0.795124
0.733981
0.788223
0.774811
0.838355
0.808567
0.76409
0.533232
0.593228
0.629149
0.645789
0.53075
0.545047
0.619352
0.477181
0.464722
0.517917
0.526949
0.454244
0.476494
0.494588
0.659696
0.689365
0.736909
0.65038
0.691403
0.676496
0.718062
0.488657
0.57756
0.536839
0.561245
0.514405
0.50042
0.59094
0.443932
0.439071
0.451918
0.43676
0.449068
0.44109
0.443808
0.397881
0.368793
0.400868
0.392738
0.366263
0.369162
0.389741
0.408068
0.373455
0.402843
0.397194
0.37896
0.40248
0.374237
0.461841
0.407458
0.43567
0.442223
0.429969
0.464657
0.413039
0.451873
0.442262
0.455015
0.444531
0.458226
0.450003
0.446874
0.392679
0.411805
0.426225
0.423772
0.387162
0.397037
0.411168
0.399357
0.366286
0.400671
0.390185
0.365701
0.389894
0.365339
0.449362
0.441606
0.455
0.44113
0.454417
0.445443
0.445849
0.365774
0.401385
0.401347
0.390353
0.364216
0.364694
0.390087
0.402886
0.36503
0.403454
0.39084
0.36306
0.363515
0.390322
0.452832
0.443593
0.457074
0.444389
0.457914
0.448722
0.447846
0.365913
0.402765
0.403623
0.391302
0.364464
0.364382
0.390958
0.465452
0.455255
0.470387
0.45584
0.471025
0.460794
0.460132
0.409509
0.367401
0.409666
0.395226
0.365311
0.365407
0.395071
0.409008
0.36782
0.40971
0.395411
0.365679
0.394994
0.365798
0.405434
0.366863
0.406971
0.393441
0.364615
0.392499
0.365026
0.462583
0.453296
0.468439
0.453092
0.468127
0.458002
0.458174
0.366842
0.407446
0.40748
0.393829
0.364937
0.365017
0.39375
0.413005
0.370265
0.414321
0.399152
0.367643
0.39825
0.368092
0.473739
0.463484
0.479692
0.463434
0.479637
0.468787
0.468818
0.37029
0.414143
0.414361
0.399208
0.368133
0.368148
0.399066
0.414783
0.370505
0.414954
0.399603
0.368289
0.368307
0.399478
0.474828
0.464357
0.480613
0.464508
0.480735
0.469878
0.469698
0.370809
0.414939
0.415123
0.399841
0.368571
0.368585
0.399706
0.47796
0.467382
0.483964
0.467393
0.48399
0.472893
0.472851
0.416573
0.371539
0.416672
0.401087
0.3693
0.369277
0.401003
0.416746
0.371676
0.416813
0.401231
0.369419
0.401159
0.369412
0.41631
0.371561
0.4166
0.40105
0.369222
0.40082
0.369301
0.477426
0.466909
0.483526
0.466895
0.483438
0.472378
0.472387
0.371471
0.416374
0.416525
0.40097
0.369252
0.369235
0.400867
0.416566
0.371536
0.416669
0.401084
0.369297
0.400997
0.369274
0.477962
0.467384
0.483965
0.467396
0.483992
0.472896
0.472853
0.37168
0.416752
0.416817
0.401236
0.369424
0.369416
0.401165
0.416323
0.371574
0.416614
0.401065
0.369235
0.369314
0.400835
0.477429
0.466912
0.483529
0.466898
0.48344
0.472382
0.47239
0.371478
0.416379
0.416536
0.40098
0.369258
0.369243
0.400874
0.473762
0.46351
0.479718
0.463461
0.479661
0.468815
0.468845
0.413036
0.370292
0.41436
0.39919
0.36767
0.36812
0.398284
0.414175
0.370314
0.4144
0.399245
0.368156
0.3991
0.368174
0.414799
0.370521
0.414977
0.399625
0.368304
0.399495
0.368324
0.474845
0.464379
0.480632
0.464529
0.480754
0.469899
0.46972
0.370831
0.414971
0.415153
0.39987
0.368595
0.368608
0.399737
0.409555
0.36744
0.409728
0.395284
0.365344
0.395118
0.365449
0.465513
0.455326
0.470456
0.455907
0.471091
0.460864
0.460204
0.367869
0.409087
0.40978
0.39548
0.365734
0.365849
0.39507
0.405558
0.366939
0.407086
0.39355
0.364696
0.365104
0.392616
0.46267
0.453386
0.468528
0.453184
0.468219
0.458097
0.458267
0.36691
0.407537
0.407587
0.393929
0.365
0.365088
0.39384
0.449615
0.441863
0.455262
0.441395
0.454687
0.445722
0.446119
0.399653
0.366441
0.400942
0.390433
0.365864
0.365495
0.390158
0.401615
0.365923
0.40161
0.39059
0.364358
0.390304
0.364846
0.403032
0.365139
0.403635
0.391006
0.363157
0.390465
0.363629
0.453035
0.443822
0.457304
0.444605
0.458132
0.448949
0.448085
0.366036
0.40298
0.403815
0.391484
0.364595
0.364508
0.391155
0.398204
0.368995
0.401258
0.39308
0.366443
0.390044
0.369366
0.444529
0.439686
0.452579
0.437349
0.449707
0.441708
0.444444
0.373647
0.408468
0.403223
0.397532
0.379139
0.374429
0.40282
0.461882
0.407439
0.435901
0.442331
0.42984
0.413002
0.464617
0.45256
0.442898
0.455711
0.445205
0.458951
0.450699
0.44754
0.392784
0.412175
0.426567
0.42403
0.387291
0.397125
0.411473
0.78736
0.729203
0.781064
0.768901
0.829321
0.801998
0.758929
0.659014
0.54906
0.640785
0.668451
0.572371
0.560879
0.682621
0.593252
0.533741
0.629399
0.646411
0.531284
0.619761
0.545789
0.477033
0.464508
0.517679
0.526607
0.453978
0.494336
0.476301
0.656439
0.68587
0.731507
0.647871
0.687554
0.673693
0.714161
0.488645
0.577457
0.536477
0.560908
0.514708
0.500542
0.591061
0.397415
0.381811
0.39788
0.391433
0.379941
0.393322
0.378341
0.453522
0.44041
0.438876
0.420406
0.430096
0.420953
0.430378
0.38291
0.399988
0.399991
0.391654
0.377402
0.378477
0.388459
0.385
0.40351
0.378728
0.383833
0.391606
0.375707
0.397154
0.378999
0.386273
0.371717
0.387565
0.376555
0.377585
0.390804
0.658396
0.564837
0.632405
0.662211
0.578406
0.680216
0.575133
0.914699
0.816487
0.898615
0.872581
0.95067
0.89482
0.837959
0.552627
0.563002
0.616694
0.628172
0.532232
0.561186
0.588752
0.658439
0.565266
0.632247
0.662299
0.579275
0.680431
0.575654
0.890864
0.807639
0.870887
0.8628
0.921489
0.884134
0.828048
0.552564
0.56242
0.616358
0.627639
0.531692
0.561175
0.587877
0.396523
0.381068
0.396869
0.391716
0.379359
0.392689
0.378624
0.441894
0.434672
0.428873
0.415436
0.427367
0.417964
0.425266
0.381073
0.396139
0.397637
0.390606
0.375975
0.377478
0.386972
0.385174
0.402961
0.377985
0.382844
0.391139
0.37488
0.397112
0.378956
0.385932
0.371092
0.386524
0.376208
0.376746
0.390596
0.460733
0.479313
0.496576
0.474012
0.448306
0.440578
0.467509
0.573212
0.5781
0.55597
0.521577
0.5569
0.529182
0.54343
0.520056
0.553727
0.538147
0.5143
0.516142
0.507647
0.529863
0.484531
0.487582
0.477361
0.495069
0.479284
0.499484
0.480487
0.449774
0.406511
0.406218
0.444689
0.451939
0.410241
0.444292
0.446295
0.423135
0.438885
0.413007
0.415739
0.440816
0.442564
0.489573
0.520348
0.503553
0.485808
0.494249
0.510358
0.483374
0.567756
0.572929
0.551203
0.517808
0.552191
0.525063
0.539256
0.457855
0.476465
0.493026
0.471453
0.446292
0.438584
0.465186
0.549286
0.516631
0.53405
0.510801
0.512946
0.526193
0.504349
0.481642
0.485532
0.475818
0.493339
0.496981
0.476305
0.478912
0.448264
0.405653
0.405699
0.443673
0.450338
0.409387
0.443219
0.444878
0.42214
0.437718
0.412364
0.41484
0.439511
0.441433
0.486722
0.517149
0.501721
0.48422
0.491379
0.507483
0.481786
1.02135
0.924905
1.0215
0.968791
1.07483
1.00757
0.962712
0.957644
0.84601
0.934495
0.965134
0.893656
0.985367
0.86409
0.863796
0.811982
0.898556
0.92909
0.798671
0.830063
0.894089
0.540676
0.560316
0.586128
0.536894
0.55917
0.552996
0.579115
0.502467
0.509977
0.514494
0.528683
0.507128
0.514143
0.520061
0.555118
0.527296
0.533638
0.54934
0.558527
0.538492
0.572826
0.440649
0.434173
0.446231
0.433472
0.445445
0.437465
0.43827
0.430647
0.423864
0.430525
0.434071
0.424085
0.433972
0.42435
0.431953
0.42479
0.431206
0.434762
0.426543
0.435606
0.42532
0.474885
0.463857
0.477785
0.468896
0.484196
0.477122
0.470491
0.487907
0.472965
0.476809
0.486107
0.491834
0.498851
0.479102
0.462491
0.463543
0.467555
0.475962
0.462377
0.468813
0.469407
0.445099
0.438298
0.450943
0.437453
0.44999
0.441567
0.442335
0.433001
0.427193
0.434299
0.437565
0.4261
0.436226
0.427155
0.435981
0.428053
0.435235
0.438682
0.428715
0.428151
0.439361
0.454943
0.446112
0.460131
0.446108
0.460215
0.450663
0.450618
0.443614
0.434594
0.443497
0.447143
0.434465
0.447203
0.434452
0.443576
0.434762
0.443576
0.447228
0.434747
0.434627
0.447163
0.46686
0.457028
0.472551
0.457031
0.472557
0.462118
0.462079
0.454549
0.444295
0.454417
0.458361
0.444154
0.458468
0.444092
0.454377
0.444348
0.454417
0.458378
0.444158
0.458286
0.444152
0.460217
0.451524
0.466263
0.451059
0.465649
0.455835
0.456295
0.446651
0.438871
0.447895
0.451551
0.437386
0.450178
0.438585
0.449072
0.439653
0.448702
0.452495
0.439803
0.43949
0.45286
0.473143
0.463249
0.479428
0.463001
0.479048
0.46835
0.468601
0.458785
0.449678
0.459922
0.463992
0.448297
0.462718
0.449431
0.460741
0.450319
0.460574
0.464756
0.450312
0.45018
0.464915
0.475235
0.464845
0.481221
0.464784
0.481179
0.470197
0.470235
0.462044
0.451341
0.462071
0.466216
0.451106
0.46617
0.45115
0.462132
0.451424
0.462127
0.466294
0.451256
0.45125
0.466263
0.477829
0.467348
0.483962
0.467309
0.483869
0.472807
0.472824
0.464504
0.45366
0.464571
0.468782
0.453378
0.468684
0.45346
0.464586
0.453743
0.464631
0.468864
0.453491
0.468779
0.453564
0.477491
0.467023
0.483652
0.466971
0.483513
0.472472
0.472523
0.463922
0.453464
0.464238
0.46846
0.45296
0.468079
0.453281
0.464349
0.453619
0.464381
0.468629
0.453415
0.453466
0.468579
0.477823
0.467344
0.483957
0.467303
0.483863
0.472801
0.472819
0.464497
0.453652
0.464564
0.468774
0.45337
0.468676
0.453453
0.464581
0.453737
0.464624
0.468857
0.453487
0.453557
0.468774
0.477535
0.467034
0.483636
0.466981
0.48355
0.472483
0.472534
0.463931
0.453479
0.464249
0.468472
0.452974
0.468087
0.453297
0.464362
0.453636
0.464393
0.468642
0.453433
0.453483
0.468594
0.47316
0.463276
0.47945
0.463024
0.479066
0.468373
0.468628
0.458806
0.449715
0.459948
0.46402
0.44833
0.46274
0.449469
0.460775
0.45036
0.460605
0.46479
0.450359
0.464953
0.450223
0.475213
0.46486
0.48126
0.464795
0.481166
0.470209
0.47025
0.462056
0.45136
0.462085
0.466231
0.451124
0.466183
0.45117
0.462151
0.451445
0.462143
0.466312
0.451283
0.451272
0.466284
0.466906
0.457083
0.472604
0.457081
0.472606
0.46217
0.462136
0.454595
0.444355
0.454469
0.458418
0.444211
0.458518
0.444155
0.454441
0.444414
0.454474
0.45844
0.444234
0.444222
0.458355
0.460349
0.451637
0.466362
0.451172
0.46578
0.455952
0.456413
0.446786
0.439014
0.448025
0.451689
0.43754
0.450322
0.438733
0.449199
0.439793
0.448828
0.45263
0.439947
0.439635
0.452996
0.445411
0.438613
0.451266
0.437776
0.450322
0.441905
0.442666
0.433386
0.427569
0.43466
0.437951
0.426505
0.436634
0.42754
0.436322
0.428416
0.435583
0.439052
0.429081
0.439725
0.42852
0.455089
0.4463
0.460337
0.446281
0.46038
0.450847
0.450816
0.443783
0.434787
0.443676
0.447335
0.434654
0.447384
0.434652
0.443784
0.43497
0.443768
0.447436
0.434979
0.434843
0.447386
0.441122
0.434682
0.446765
0.433954
0.445954
0.437973
0.438801
0.431088
0.424349
0.431003
0.434578
0.424543
0.434442
0.424842
0.432488
0.425303
0.431714
0.435303
0.427088
0.425845
0.43617
0.475479
0.464435
0.478402
0.46947
0.484795
0.477694
0.471088
0.488291
0.47342
0.477302
0.4866
0.492133
0.499206
0.479521
0.463073
0.464073
0.468132
0.476543
0.462899
0.469307
0.470012
1.00288
0.913883
1.00402
0.95625
1.05388
0.99414
0.950881
0.948571
0.844189
0.926048
0.95647
0.892119
0.976085
0.862885
0.85719
0.810601
0.891006
0.921282
0.798092
0.88729
0.829196
0.540302
0.55964
0.585029
0.536625
0.558655
0.552633
0.578281
0.502667
0.510131
0.51463
0.528771
0.507279
0.514335
0.520158
0.554763
0.527325
0.533547
0.549207
0.558402
0.538485
0.572397
0.680509
0.722301
0.690278
0.70948
0.735423
0.694416
0.748023
0.586047
0.700438
0.666554
0.684153
0.641825
0.593215
0.724208
0.738965
0.73847
0.798697
0.71288
0.738758
0.771528
0.769266
0.674794
0.718294
0.684454
0.701709
0.729911
0.687616
0.741921
0.576284
0.686611
0.655567
0.671469
0.627286
0.582618
0.708443
0.732421
0.723475
0.775187
0.705122
0.727835
0.760932
0.750898
0.593212
0.57917
0.596331
0.574308
0.56716
0.566672
0.573245
0.638321
0.624611
0.620864
0.59803
0.614038
0.603791
0.609158
0.608909
0.630495
0.613457
0.585216
0.591276
0.582352
0.595817
0.585659
0.606634
0.6032
0.585671
0.581233
0.575695
0.59244
0.578734
0.55484
0.570373
0.551902
0.551732
0.544348
0.561683
0.588577
0.56697
0.573771
0.548242
0.551528
0.543831
0.557352
0.596317
0.601829
0.586183
0.562526
0.581203
0.5721
0.572019
0.54356
0.553913
0.558744
0.538512
0.531103
0.531975
0.535835
0.48055
0.46028
0.470743
0.457314
0.459203
0.466755
0.452858
0.477102
0.461587
0.467391
0.450305
0.450557
0.445988
0.456164
0.493788
0.492002
0.481424
0.464732
0.483289
0.475721
0.471435
0.446933
0.45359
0.457464
0.443871
0.43817
0.43947
0.441046
0.504319
0.496666
0.509831
0.4931
0.485473
0.487109
0.489573
0.550436
0.549419
0.537557
0.517013
0.536467
0.527938
0.525171
0.515133
0.535072
0.522641
0.501816
0.50318
0.496606
0.509737
0.511897
0.534099
0.524576
0.508024
0.509469
0.517992
0.50238
0.39594
0.39133
0.39498
0.382583
0.384598
0.383491
0.383966
0.397514
0.396264
0.396188
0.380286
0.379418
0.380372
0.37944
0.398368
0.398685
0.39721
0.381577
0.382096
0.382656
0.3809
0.390512
0.394269
0.394085
0.381511
0.383244
0.383032
0.381691
0.397709
0.393614
0.397551
0.38571
0.386806
0.386628
0.385781
0.403936
0.403628
0.401733
0.387094
0.389062
0.388768
0.387145
0.400128
0.402145
0.400182
0.385237
0.384728
0.385123
0.385033
0.394841
0.400396
0.398903
0.38725
0.388898
0.387982
0.388611
0.421853
0.416215
0.423287
0.41113
0.408855
0.409315
0.409882
0.444239
0.446298
0.437616
0.4229
0.43456
0.429976
0.426597
0.426879
0.435188
0.429435
0.414207
0.414213
0.412097
0.417115
0.423424
0.437587
0.430785
0.418901
0.420518
0.424699
0.416754
0.412043
0.402882
0.408125
0.396731
0.398431
0.396309
0.399994
0.411283
0.406868
0.407923
0.393418
0.39315
0.39256
0.394426
0.417447
0.41632
0.412445
0.398231
0.404252
0.402237
0.399722
0.399005
0.403537
0.404023
0.392489
0.392253
0.39207
0.392312
0.39785
0.39396
0.397411
0.383849
0.386125
0.385849
0.384169
0.399702
0.398374
0.398746
0.381833
0.380576
0.381848
0.380569
0.399689
0.400161
0.399228
0.382056
0.381011
0.382363
0.380735
0.393438
0.396675
0.396908
0.383544
0.38554
0.383585
0.385444
0.398907
0.395264
0.398789
0.384557
0.386942
0.386735
0.384784
0.401328
0.400757
0.400536
0.382342
0.380955
0.382541
0.380786
0.400642
0.401401
0.400573
0.38255
0.381264
0.382776
0.381047
0.395281
0.39902
0.398786
0.384424
0.386874
0.386674
0.384643
0.401532
0.397704
0.40126
0.385894
0.388684
0.386176
0.38846
0.403231
0.402764
0.40267
0.383126
0.381382
0.383283
0.381244
0.403203
0.403502
0.402907
0.383449
0.381914
0.383755
0.381605
0.397509
0.401165
0.401051
0.385624
0.38838
0.388229
0.385789
0.401605
0.39781
0.401345
0.386292
0.388955
0.38877
0.386501
0.403369
0.40252
0.402725
0.383813
0.382059
0.383835
0.382062
0.403286
0.403666
0.403018
0.383941
0.382359
0.384145
0.382171
0.397535
0.400953
0.40106
0.386133
0.388659
0.386187
0.388565
0.408481
0.404645
0.408368
0.391196
0.394396
0.391345
0.394268
0.410155
0.409908
0.409826
0.388061
0.385928
0.38822
0.38577
0.410032
0.410259
0.409915
0.388189
0.386069
0.388347
0.385915
0.404578
0.408375
0.408293
0.391092
0.394308
0.394184
0.391239
0.408426
0.404593
0.408314
0.391327
0.394454
0.394342
0.391448
0.410005
0.409431
0.409641
0.388224
0.385929
0.388195
0.385988
0.409997
0.410271
0.409887
0.388378
0.386262
0.3885
0.386145
0.404392
0.407962
0.408089
0.391175
0.394225
0.394179
0.391178
0.405362
0.40153
0.405155
0.38902
0.391968
0.391812
0.389203
0.406693
0.405727
0.406238
0.385935
0.383643
0.385747
0.383884
0.406985
0.407245
0.406759
0.386318
0.384463
0.386509
0.384274
0.401062
0.404318
0.404664
0.38864
0.391387
0.388521
0.391405
0.406052
0.402301
0.405972
0.389511
0.392503
0.392375
0.389647
0.407974
0.407607
0.407533
0.386622
0.384616
0.386748
0.3845
0.407629
0.408028
0.407573
0.386731
0.384744
0.386863
0.384627
0.402276
0.406031
0.405944
0.389429
0.39244
0.389559
0.392319
0.413152
0.409192
0.413061
0.395115
0.398449
0.398348
0.395228
0.414509
0.413718
0.414211
0.391586
0.388925
0.391396
0.389169
0.414752
0.41499
0.414658
0.391942
0.38966
0.392061
0.389542
0.408806
0.412308
0.412647
0.394776
0.397968
0.394651
0.398001
0.413251
0.409297
0.413155
0.395211
0.398559
0.398449
0.395336
0.414954
0.414654
0.414647
0.391932
0.389599
0.392022
0.389517
0.414832
0.415046
0.414732
0.392028
0.389739
0.392155
0.38962
0.409225
0.413101
0.413076
0.395126
0.39846
0.398374
0.395216
0.413987
0.410059
0.413919
0.39577
0.399173
0.39588
0.399077
0.415644
0.415397
0.415388
0.392426
0.390047
0.392524
0.389953
0.415533
0.415733
0.415466
0.39251
0.390157
0.392625
0.390046
0.410002
0.413876
0.413852
0.3957
0.399104
0.399018
0.395794
0.414108
0.410197
0.414073
0.395978
0.399337
0.399257
0.396058
0.415844
0.415532
0.415567
0.392698
0.390289
0.392758
0.390244
0.415665
0.415944
0.415647
0.392744
0.390369
0.392822
0.390298
0.410156
0.414007
0.414013
0.395942
0.399301
0.39601
0.399226
0.415804
0.41188
0.415776
0.397305
0.400778
0.397393
0.400694
0.417487
0.417262
0.417258
0.393915
0.391468
0.394006
0.391382
0.41733
0.417563
0.417318
0.39396
0.391521
0.394051
0.391437
0.411854
0.415754
0.415732
0.397271
0.400756
0.400672
0.397361
0.415931
0.412006
0.415912
0.397434
0.400898
0.400819
0.397514
0.41766
0.417424
0.417423
0.394063
0.391606
0.394145
0.391533
0.417461
0.417716
0.417463
0.394093
0.391645
0.394174
0.391572
0.411994
0.415905
0.415886
0.397414
0.40089
0.400808
0.397498
0.415651
0.411711
0.41563
0.3972
0.400638
0.400561
0.397278
0.417346
0.416999
0.417094
0.393802
0.391291
0.393826
0.391287
0.417204
0.417473
0.417201
0.393884
0.391452
0.393963
0.39138
0.411641
0.415492
0.415542
0.39713
0.400555
0.39717
0.400497
0.415595
0.411641
0.415546
0.39712
0.400576
0.400487
0.397217
0.417277
0.417024
0.417029
0.393736
0.391302
0.393822
0.391222
0.417144
0.417364
0.417103
0.3938
0.391387
0.3939
0.391295
0.411593
0.415499
0.415485
0.397067
0.400524
0.397151
0.400443
0.4158
0.411874
0.41577
0.3973
0.400773
0.400689
0.397389
0.41748
0.417255
0.417251
0.393909
0.391462
0.394
0.391377
0.417326
0.417558
0.417312
0.393956
0.391518
0.394047
0.391433
0.411847
0.415747
0.415726
0.397266
0.40075
0.397355
0.400666
0.415933
0.412009
0.415915
0.397437
0.400901
0.400822
0.397517
0.417665
0.417429
0.417428
0.394067
0.391611
0.39415
0.391538
0.417465
0.417721
0.417468
0.394097
0.391649
0.394177
0.391576
0.411998
0.41591
0.415891
0.397418
0.400894
0.400812
0.397502
0.415662
0.411722
0.415641
0.397211
0.400649
0.397289
0.400571
0.417359
0.417011
0.417107
0.393814
0.391303
0.393838
0.391299
0.417217
0.417487
0.417214
0.393896
0.391464
0.393975
0.391392
0.411652
0.415504
0.415554
0.397142
0.400566
0.400508
0.397181
0.415602
0.411645
0.415551
0.397126
0.400581
0.400492
0.397223
0.417283
0.417028
0.417034
0.393741
0.391306
0.393826
0.391227
0.417152
0.41737
0.417109
0.393807
0.391394
0.393907
0.391301
0.411596
0.415502
0.415488
0.397071
0.400528
0.397155
0.400446
0.413184
0.40922
0.413091
0.395142
0.398476
0.395256
0.398375
0.414542
0.413747
0.414242
0.391614
0.388952
0.391423
0.389197
0.414786
0.415024
0.41469
0.391971
0.38969
0.392091
0.389571
0.408833
0.412335
0.412676
0.394802
0.397994
0.398027
0.394676
0.413282
0.409324
0.413184
0.395237
0.398585
0.398474
0.395362
0.414985
0.414683
0.414676
0.391958
0.389625
0.392047
0.389543
0.414866
0.41508
0.414764
0.392054
0.389768
0.392183
0.389647
0.409249
0.413128
0.413102
0.395151
0.398484
0.398397
0.39524
0.414005
0.410074
0.413935
0.395785
0.399189
0.399091
0.395896
0.41566
0.415411
0.415403
0.392439
0.390061
0.392537
0.389967
0.415553
0.415752
0.415483
0.392525
0.390175
0.392643
0.390063
0.410014
0.413889
0.413865
0.395712
0.399116
0.395806
0.39903
0.414133
0.41022
0.414098
0.396001
0.399359
0.399279
0.39608
0.415873
0.415561
0.415594
0.392723
0.390315
0.392783
0.390269
0.415691
0.415972
0.415673
0.392767
0.390393
0.392846
0.390322
0.41018
0.414034
0.414039
0.395966
0.399325
0.396034
0.399249
0.40853
0.404686
0.408412
0.391235
0.394436
0.394307
0.391387
0.410201
0.409949
0.40987
0.388098
0.385963
0.388255
0.385807
0.410086
0.410311
0.409963
0.38823
0.386115
0.388392
0.385958
0.404614
0.408413
0.408333
0.391127
0.394342
0.391273
0.394219
0.408486
0.404648
0.408372
0.391379
0.394506
0.394394
0.391501
0.410076
0.409502
0.409709
0.388282
0.38599
0.388254
0.386047
0.410061
0.410339
0.40995
0.388432
0.386317
0.388555
0.386201
0.404452
0.408028
0.408154
0.39123
0.394281
0.394235
0.391236
0.405462
0.401622
0.405255
0.389107
0.392055
0.389289
0.391898
0.406806
0.405841
0.406347
0.386026
0.383737
0.38584
0.383975
0.407091
0.407356
0.406865
0.386406
0.384552
0.386597
0.384362
0.401161
0.404425
0.404768
0.388729
0.391478
0.391495
0.388613
0.406142
0.40238
0.406056
0.389584
0.392579
0.392448
0.389724
0.408065
0.407691
0.407619
0.386693
0.384687
0.386819
0.384572
0.407725
0.408122
0.407662
0.386806
0.384825
0.386942
0.384705
0.402352
0.40611
0.406024
0.389499
0.392509
0.389628
0.392389
0.398097
0.394193
0.39766
0.384051
0.386332
0.384371
0.386056
0.399976
0.398654
0.399012
0.382043
0.380788
0.382062
0.380778
0.399947
0.40043
0.399489
0.382256
0.381209
0.382563
0.380934
0.39368
0.396943
0.397164
0.383756
0.385759
0.38566
0.383801
0.399141
0.395472
0.399009
0.384743
0.387134
0.386923
0.384975
0.401559
0.400974
0.400759
0.382517
0.381127
0.382713
0.380961
0.400889
0.401642
0.400805
0.382736
0.381456
0.382968
0.381234
0.395479
0.399227
0.398997
0.384598
0.38705
0.38685
0.384815
0.401686
0.397838
0.401404
0.386016
0.388811
0.388582
0.386305
0.403379
0.402901
0.402811
0.383241
0.381494
0.383395
0.381359
0.403368
0.403662
0.40306
0.383574
0.382048
0.383887
0.381731
0.397633
0.401295
0.401183
0.385737
0.388492
0.385899
0.388342
0.401776
0.39797
0.401516
0.386437
0.389101
0.388915
0.386646
0.403566
0.402719
0.402915
0.383968
0.382218
0.383994
0.382217
0.403466
0.403853
0.403198
0.384087
0.382505
0.384291
0.382317
0.397704
0.401142
0.401239
0.386286
0.388816
0.386345
0.38872
0.396294
0.391643
0.395313
0.382853
0.384881
0.384242
0.383769
0.397851
0.396572
0.396512
0.380531
0.379649
0.380607
0.379682
0.39874
0.399046
0.39756
0.381845
0.38237
0.382933
0.381166
0.3908
0.394565
0.394393
0.381757
0.383492
0.38193
0.383284
0.398064
0.39395
0.397907
0.385989
0.387097
0.386918
0.386059
0.404327
0.404022
0.402117
0.387372
0.389329
0.389045
0.387416
0.400496
0.402525
0.400553
0.385508
0.384992
0.385393
0.385298
0.395189
0.400776
0.399271
0.387536
0.389198
0.388281
0.388899
0.422112
0.416471
0.423549
0.411274
0.409037
0.410026
0.409499
0.444405
0.446428
0.437811
0.42295
0.434503
0.429967
0.426608
0.427136
0.435427
0.429692
0.414311
0.414295
0.412207
0.417188
0.423634
0.437747
0.430995
0.418996
0.420631
0.416892
0.42475
0.412409
0.403231
0.408492
0.396993
0.398711
0.396594
0.400244
0.411667
0.407233
0.408303
0.393665
0.393377
0.3928
0.394659
0.417813
0.416696
0.412822
0.398472
0.404449
0.402459
0.399945
0.399348
0.403891
0.404389
0.392752
0.39253
0.392326
0.392594
0.593284
0.579225
0.596416
0.574221
0.567109
0.566645
0.573117
0.638495
0.624715
0.620993
0.598026
0.614208
0.60396
0.609155
0.609011
0.63066
0.613578
0.585082
0.591028
0.582159
0.595655
0.585728
0.60671
0.603296
0.58568
0.58135
0.57572
0.592592
0.578777
0.554864
0.57041
0.551741
0.55166
0.544279
0.561544
0.588607
0.566911
0.57377
0.547928
0.551082
0.54345
0.556996
0.596408
0.601935
0.586244
0.562323
0.581257
0.572075
0.571839
0.54351
0.553845
0.558719
0.538268
0.530911
0.531824
0.535535
0.48037
0.460165
0.470629
0.457111
0.459001
0.452703
0.46648
0.476983
0.461524
0.467311
0.450098
0.450305
0.44578
0.455907
0.493581
0.491843
0.481264
0.464466
0.482882
0.475371
0.471119
0.446912
0.453564
0.457419
0.443725
0.438078
0.440895
0.439385
0.503902
0.496252
0.509438
0.492605
0.485004
0.486658
0.489059
0.550142
0.549193
0.537226
0.516499
0.535958
0.527462
0.524629
0.514729
0.534726
0.52227
0.501285
0.502609
0.49606
0.509177
0.511496
0.533823
0.524209
0.507541
0.509048
0.517546
0.501938
0.404764
0.38929
0.381754
0.376314
0.355335
0.351109
0.366914
0.414503
0.405758
0.414252
0.409325
0.404763
0.412183
0.402495
0.434731
0.42698
0.424967
0.419897
0.431404
0.428377
0.422717
0.406573
0.416794
0.41558
0.411662
0.405918
0.404023
0.414213
0.404304
0.399145
0.396528
0.404234
0.397259
0.406895
0.402491
0.41118
0.422458
0.412166
0.415765
0.41911
0.415094
0.409229
0.403821
0.400586
0.397444
0.405656
0.407795
0.397452
0.402906
0.412155
0.422534
0.411115
0.415758
0.420318
0.414699
0.409355
0.96835
0.911962
0.975
1.0032
0.917683
0.998513
0.931059
1.08178
1.02345
1.08067
1.06103
1.1246
1.09632
1.05464
0.919316
0.950702
0.975703
0.999961
0.934713
0.938783
0.969385
0.680401
0.723147
0.855
0.739841
0.57519
0.743432
0.630263
0.958962
0.90936
0.966196
0.994458
0.915933
0.989061
0.929295
1.05858
1.00867
1.05609
1.04534
1.09985
1.08087
1.04016
0.916893
0.944197
0.96805
0.992413
0.932794
0.937068
0.963007
0.672406
0.721869
0.834802
0.728613
0.573639
0.740024
0.626765
0.407296
0.391014
0.383451
0.377515
0.356244
0.351954
0.367991
0.413386
0.40475
0.413134
0.408525
0.403812
0.411183
0.401692
0.433084
0.425012
0.423516
0.418943
0.429573
0.42734
0.421132
0.405425
0.415176
0.414293
0.410757
0.404739
0.403046
0.412843
0.40464
0.399228
0.396706
0.404067
0.397522
0.406768
0.402597
0.410792
0.421663
0.411432
0.415314
0.418698
0.414337
0.40884
0.403419
0.399903
0.396934
0.404947
0.407073
0.396968
0.402483
0.412428
0.421951
0.410728
0.415594
0.420416
0.414352
0.409334
0.560933
0.560007
0.565822
0.541659
0.533976
0.519892
0.539451
0.482136
0.470436
0.488512
0.479166
0.465143
0.47629
0.465444
0.529221
0.494597
0.489969
0.516741
0.51054
0.50016
0.48448
0.626586
0.637341
0.622023
0.600171
0.615621
0.605821
0.611294
0.610401
0.591584
0.606732
0.589212
0.586716
0.595627
0.581112
0.584703
0.593168
0.600299
0.589894
0.576928
0.577946
0.585579
0.630156
0.606204
0.615416
0.601532
0.603295
0.594667
0.61199
0.578474
0.558806
0.568777
0.553407
0.560615
0.569879
0.549769
0.570756
0.543629
0.560361
0.547299
0.539007
0.534525
0.555316
0.591669
0.58951
0.579029
0.559721
0.5868
0.578604
0.566946
0.538739
0.535769
0.549849
0.538972
0.527595
0.531802
0.530542
0.477616
0.465861
0.482324
0.471896
0.461066
0.471508
0.460244
0.538586
0.541972
0.538636
0.519432
0.519635
0.504493
0.521209
0.51239
0.481707
0.480976
0.499145
0.499213
0.487255
0.474567
0.626591
0.637306
0.621979
0.599727
0.615183
0.605495
0.610826
0.610404
0.591567
0.606697
0.588867
0.586638
0.595434
0.580953
0.584606
0.593004
0.600184
0.589487
0.576862
0.577693
0.585544
0.630077
0.606028
0.61531
0.601338
0.603317
0.594661
0.611969
0.578103
0.558414
0.568362
0.552988
0.560287
0.569582
0.549402
0.570134
0.542907
0.559746
0.546466
0.538212
0.533789
0.554329
0.591305
0.589063
0.578595
0.559198
0.586487
0.578314
0.566266
0.538164
0.535089
0.549254
0.538277
0.526978
0.531213
0.529864
0.429217
0.492953
0.455295
0.384255
0.403737
0.384407
0.420188
0.453325
0.506173
0.484793
0.411645
0.424451
0.44675
0.443165
0.433042
0.500303
0.460955
0.385597
0.405813
0.385872
0.42294
0.448572
0.499651
0.478161
0.41093
0.422558
0.444437
0.441935
0.566603
0.561015
0.632003
0.583171
0.560467
0.541115
0.593515
1.00774
1.25584
1.05493
0.966117
1.09099
1.13798
1.03063
0.823558
0.790037
0.850332
0.88874
0.794403
0.81873
0.852519
0.972704
0.830593
0.941342
0.903605
1.04263
0.956305
0.868586
0.687253
0.727461
0.710415
0.734255
0.697977
0.751483
0.704055
0.795016
0.667637
0.762611
0.728916
0.838514
0.756675
0.691286
0.787797
0.754899
0.820798
0.74711
0.833046
0.77804
0.786518
0.589176
0.594456
0.675593
0.623216
0.587213
0.563434
0.621469
0.904411
1.0849
0.969065
0.900095
0.973149
1.03332
0.956232
0.806942
0.778294
0.827181
0.862904
0.784467
0.805018
0.835139
0.920726
0.811312
0.893743
0.871003
0.973474
0.915549
0.843946
0.672184
0.711535
0.694272
0.717313
0.680009
0.733894
0.687979
0.748385
0.660389
0.753279
0.702921
0.789234
0.73035
0.687561
0.744059
0.73082
0.781327
0.718912
0.783724
0.747811
0.759692
0.714574
0.673455
0.672078
0.695928
0.696266
0.673018
0.657206
0.706499
0.641635
0.682251
0.649439
0.615753
0.60816
0.662886
0.711559
0.693064
0.693942
0.663363
0.673262
0.675755
0.664095
0.65586
0.675652
0.675399
0.650383
0.644176
0.654273
0.638746
0.632697
0.625648
0.657921
0.635497
0.602179
0.603425
0.619963
0.61091
0.599136
0.579471
0.574359
0.5777
0.609756
0.597838
0.621384
0.581587
0.62404
0.573091
0.578596
0.630365
0.617746
0.703709
0.664955
0.667905
0.687292
0.689977
0.667925
0.652184
0.697771
0.635327
0.674743
0.644506
0.611125
0.604142
0.657595
0.708794
0.691669
0.691475
0.660427
0.672045
0.672729
0.662852
0.627819
0.620247
0.651691
0.630698
0.598834
0.599857
0.61508
0.654192
0.674235
0.673313
0.64779
0.642893
0.636966
0.653009
0.60812
0.578059
0.597834
0.57316
0.575994
0.595128
0.608447
0.618613
0.579073
0.622729
0.571813
0.576515
0.627496
0.616443
0.852766
0.875397
0.958761
0.825587
0.899893
0.861264
0.911442
0.704433
0.681956
0.738236
0.765808
0.673417
0.698741
0.729194
0.822442
0.713553
0.780631
0.809927
0.763747
0.851427
0.730582
0.620441
0.58869
0.616893
0.614172
0.649139
0.638186
0.60867
0.666467
0.60679
0.633532
0.656389
0.646173
0.690668
0.621895
0.581302
0.58422
0.602995
0.624257
0.581105
0.599764
0.598801
0.442111
0.434719
0.44654
0.435036
0.447281
0.439401
0.438687
0.436884
0.429189
0.434639
0.438773
0.433295
0.430455
0.441427
0.432654
0.427408
0.432994
0.437053
0.427749
0.436306
0.428572
0.457062
0.455865
0.470494
0.44966
0.463637
0.455394
0.462561
0.440115
0.437382
0.442418
0.447875
0.436827
0.444714
0.43998
0.453949
0.442738
0.447554
0.453438
0.453268
0.460775
0.445746
0.448787
0.440133
0.453019
0.440767
0.453753
0.444946
0.444242
0.439075
0.430801
0.438737
0.442278
0.430989
0.430801
0.442552
0.437731
0.430596
0.438399
0.441861
0.430082
0.441104
0.430538
0.45354
0.445442
0.459309
0.444949
0.458728
0.449428
0.44989
0.441116
0.433731
0.442007
0.445517
0.432791
0.444534
0.433553
0.443019
0.434273
0.442604
0.446227
0.43451
0.446611
0.434181
0.46593
0.456485
0.471931
0.456232
0.471576
0.461275
0.461514
0.452696
0.443653
0.453363
0.457241
0.442798
0.443417
0.456483
0.453939
0.444043
0.453771
0.457722
0.443992
0.457871
0.443872
0.462344
0.452714
0.467546
0.452956
0.467864
0.457823
0.457515
0.450663
0.441067
0.450575
0.454436
0.440931
0.454491
0.440905
0.450185
0.441021
0.450465
0.454313
0.440637
0.453954
0.440848
0.47381
0.463548
0.479805
0.463484
0.479721
0.468835
0.468881
0.460811
0.450361
0.460844
0.464987
0.450138
0.450198
0.464926
0.460919
0.450441
0.460898
0.465053
0.450333
0.465051
0.45029
0.475032
0.46471
0.481068
0.464628
0.480956
0.470029
0.4701
0.46173
0.451421
0.461949
0.466095
0.451037
0.465839
0.451236
0.462077
0.451555
0.462073
0.466253
0.451374
0.466233
0.451402
0.477945
0.467445
0.484071
0.467419
0.483979
0.47292
0.472932
0.464649
0.453861
0.464737
0.468966
0.453572
0.453674
0.468837
0.46471
0.453916
0.464771
0.46901
0.453658
0.468919
0.453742
0.47751
0.467023
0.483598
0.466959
0.483544
0.472466
0.472503
0.464171
0.453395
0.464241
0.468457
0.453134
0.468367
0.453214
0.46431
0.453491
0.464318
0.468562
0.453302
0.468514
0.453333
0.477948
0.467448
0.484074
0.467422
0.483982
0.472923
0.472935
0.464653
0.453867
0.464741
0.468971
0.453579
0.453681
0.468841
0.464714
0.453922
0.464775
0.469014
0.453664
0.468924
0.453748
0.477513
0.46703
0.483601
0.466963
0.483547
0.47247
0.472509
0.464176
0.453402
0.464245
0.468463
0.453141
0.468372
0.453221
0.464318
0.453499
0.464324
0.468568
0.453315
0.468523
0.453341
0.473834
0.463577
0.479832
0.463512
0.479748
0.468864
0.468912
0.460843
0.4504
0.460876
0.465023
0.450179
0.450239
0.464961
0.460956
0.450483
0.460931
0.46509
0.450379
0.465091
0.450335
0.475049
0.464731
0.481088
0.464648
0.480974
0.47005
0.470122
0.461757
0.451454
0.461975
0.466124
0.451073
0.465868
0.451271
0.462103
0.451588
0.462099
0.466281
0.451408
0.466262
0.451436
0.465989
0.456551
0.471995
0.456297
0.471638
0.461342
0.461582
0.452777
0.44374
0.45344
0.457324
0.442894
0.443508
0.45657
0.454013
0.444128
0.453845
0.457801
0.44408
0.457951
0.44396
0.462433
0.452817
0.467642
0.453053
0.46796
0.457924
0.457621
0.450763
0.441182
0.450678
0.454547
0.441045
0.454598
0.441024
0.4503
0.441141
0.450574
0.45443
0.44077
0.454077
0.440972
0.449052
0.440425
0.453313
0.441045
0.454038
0.445239
0.444546
0.439356
0.431108
0.439028
0.442588
0.431294
0.431115
0.442852
0.438051
0.430917
0.438703
0.442187
0.430428
0.441443
0.43087
0.453736
0.445647
0.459516
0.445156
0.458936
0.449645
0.450105
0.441369
0.433987
0.442246
0.445773
0.433069
0.444803
0.433818
0.443245
0.434518
0.442832
0.44647
0.434759
0.446853
0.434432
0.442677
0.435254
0.447114
0.435599
0.447883
0.439987
0.439249
0.437512
0.429781
0.435243
0.439412
0.433903
0.431054
0.442082
0.43321
0.427982
0.433576
0.437664
0.42831
0.436896
0.429148
0.457738
0.456512
0.471162
0.450331
0.464355
0.456089
0.463214
0.440758
0.43803
0.443098
0.448583
0.437444
0.445393
0.440621
0.454606
0.443382
0.448232
0.454147
0.453865
0.461444
0.446384
0.842847
0.866249
0.944581
0.818115
0.888471
0.853074
0.901435
0.701798
0.68172
0.73494
0.762364
0.673461
0.698763
0.726882
0.817105
0.713142
0.776394
0.805523
0.763448
0.845851
0.730487
0.618359
0.587456
0.615114
0.612501
0.64655
0.636246
0.607291
0.664577
0.606655
0.632158
0.654987
0.64622
0.688767
0.621893
0.580568
0.58409
0.602049
0.623243
0.580901
0.599002
0.59866
0.443813
0.430207
0.431537
0.417503
0.432388
0.424124
0.426197
0.424708
0.412474
0.425286
0.411639
0.406121
0.413031
0.40481
0.419552
0.409701
0.420194
0.410356
0.408075
0.416075
0.404569
0.399562
0.399159
0.39483
0.404974
0.406069
0.395302
0.398864
0.40352
0.409916
0.401065
0.412777
0.403377
0.411266
0.405354
0.397165
0.392688
0.393178
0.39647
0.397649
0.392173
0.39882
0.404657
0.419767
0.411446
0.409827
0.412774
0.410882
0.403599
0.960187
0.976327
1.03779
0.927999
0.99812
0.952283
1.00468
0.785619
0.828815
0.83906
0.857004
0.792607
0.800575
0.843755
0.904366
0.869119
0.871538
0.894751
0.917339
0.927702
0.885619
0.937515
0.963065
1.0128
0.916802
0.970811
0.940809
0.991623
0.782713
0.827606
0.835721
0.853749
0.791506
0.797491
0.843006
0.898684
0.866976
0.866984
0.890326
0.915551
0.922129
0.884348
0.437696
0.426783
0.426639
0.413478
0.428974
0.421054
0.421499
0.419265
0.406592
0.417269
0.407058
0.402584
0.409779
0.400599
0.416598
0.406734
0.416368
0.406962
0.405531
0.413295
0.401722
0.398175
0.398018
0.393515
0.403613
0.40476
0.394126
0.397248
0.401719
0.408786
0.399992
0.411082
0.402125
0.409385
0.40374
0.395481
0.391268
0.391586
0.395232
0.396303
0.390606
0.397161
0.403009
0.417984
0.409864
0.407788
0.411248
0.408963
0.401754
0.182871
0.186219
0.1835
0.18621
0.183353
0.187379
0.185097
0.195162
0.198894
0.195403
0.198747
0.195225
0.198975
0.195615
0.182215
0.186199
0.18346
0.185576
0.182706
0.187733
0.185554
0.190658
0.19369
0.190461
0.193831
0.190867
0.19371
0.190552
0.1911
0.193812
0.190675
0.19405
0.191239
0.193831
0.190724
0.191367
0.193914
0.190815
0.194185
0.191435
0.193925
0.19084
0.191484
0.193968
0.190886
0.194244
0.191507
0.193972
0.190895
0.191507
0.193972
0.190895
0.194232
0.191484
0.193968
0.190886
0.191434
0.193925
0.19084
0.19415
0.191366
0.193914
0.190815
0.191239
0.193831
0.190724
0.193985
0.191099
0.193812
0.190675
0.190866
0.19371
0.190552
0.193755
0.190658
0.19369
0.190461
0.195224
0.198975
0.195614
0.198717
0.195162
0.198894
0.195403
0.182701
0.187722
0.185536
0.185154
0.182212
0.186195
0.183453
0.183348
0.187371
0.185082
0.185806
0.182868
0.186217
0.183495
0.22107
0.194595
0.206156
0.198866
0.205706
0.198846
0.21837
0.22075
0.198741
0.194529
0.205958
0.198743
0.218042
0.205541
0.369558
0.37832
0.366752
0.382834
0.369368
0.383134
0.367102
0.367241
0.36468
0.375565
0.380405
0.36741
0.380218
0.364735
0.388007
0.394894
0.395441
0.414739
0.397632
0.411048
0.403397
0.390715
0.39762
0.398637
0.418382
0.400391
0.41416
0.405902
0.241123
0.456081
0.304003
0.334313
0.488659
0.314801
0.245962
0.277759
0.247417
0.271251
0.278224
0.265494
0.293801
0.259627
0.453249
0.240344
0.302409
0.332718
0.485407
0.312827
0.245044
0.31316
0.320799
0.34117
0.357687
0.30965
0.340522
0.31996
0.96987
0.618279
0.903675
0.551617
0.478587
0.589912
0.44789
0.535392
0.474541
0.431529
0.487344
0.545398
0.491154
0.4323
0.311927
0.320428
0.340875
0.357047
0.308388
0.31849
0.33987
0.940243
0.609613
0.878276
0.548608
0.475501
0.58525
0.445748
0.530004
0.470577
0.429289
0.483951
0.539486
0.487454
0.429916
0.277939
0.247446
0.271292
0.278484
0.265766
0.293984
0.259729
0.311523
0.328476
0.324752
0.341805
0.324238
0.345195
0.32496
0.543322
0.659525
0.587395
0.461801
0.487397
0.494883
0.461117
0.284193
0.29088
0.31104
0.331274
0.270985
0.299091
0.305309
0.441442
0.450227
0.435464
0.451095
0.433935
0.442561
0.443548
0.439375
0.679767
0.595895
0.435962
0.417448
0.48778
0.387009
0.540298
0.660637
0.58585
0.461232
0.486081
0.459877
0.494798
0.328223
0.311438
0.324746
0.341796
0.323626
0.344889
0.324816
0.439943
0.448659
0.434318
0.449443
0.432958
0.441512
0.442351
0.44067
0.699718
0.613062
0.439236
0.417519
0.38707
0.493159
0.284105
0.291165
0.311231
0.331528
0.270634
0.298738
0.305566
0.593787
0.649936
0.903769
0.587836
0.551916
0.781807
0.644261
0.904291
0.64696
0.860706
0.771545
0.731385
0.980717
0.809468
1.14276
1.43055
1.34905
1.13341
1.05844
1.21367
0.987746
0.974193
0.770704
1.07502
0.855913
0.804719
0.960265
1.06894
0.629542
0.680969
0.982094
0.612936
0.570861
0.846712
0.688809
0.873552
0.636537
0.840552
0.752608
0.714014
0.946432
0.793972
1.05981
1.29109
1.20785
1.06134
1.02031
1.13674
0.955544
0.929985
0.768756
1.06933
0.837673
0.785966
0.940982
1.02678
0.203426
0.221297
0.201879
0.201994
0.200463
0.1955
0.19583
0.203209
0.220978
0.201722
0.201845
0.200359
0.195426
0.195728
0.287537
0.30524
0.302817
0.28879
0.285315
0.305405
0.297826
0.264898
0.297126
0.282782
0.267893
0.252262
0.24931
0.276252
0.268592
0.302306
0.289959
0.282785
0.2565
0.254139
0.290871
0.367458
0.360013
0.375909
0.353032
0.36558
0.350323
0.35724
0.404652
0.34419
0.377538
0.364844
0.395171
0.343422
0.361982
0.244294
0.24162
0.236672
0.248837
0.239696
0.234273
0.237156
0.293257
0.247356
0.259188
0.254579
0.271351
0.245244
0.240632
0.287272
0.30535
0.302529
0.288513
0.285047
0.305037
0.297509
0.264338
0.29665
0.282375
0.267414
0.251741
0.248893
0.275736
0.268083
0.301847
0.289584
0.282316
0.255984
0.253742
0.290178
0.366507
0.359227
0.374948
0.352397
0.364788
0.349558
0.356413
0.403117
0.343666
0.376633
0.364017
0.394049
0.342758
0.361093
0.244332
0.241701
0.236833
0.248898
0.239865
0.234445
0.237303
0.292915
0.247241
0.259006
0.254178
0.270788
0.245224
0.240721
0.458473
0.462641
0.478852
0.452304
0.436602
0.443502
0.438682
0.387338
0.369776
0.363933
0.364233
0.369305
0.373487
0.379723
0.457364
0.461475
0.477768
0.451271
0.435641
0.442474
0.43776
0.386565
0.369208
0.363408
0.363761
0.36877
0.372848
0.37912
1.22177
1.2139
1.1532
0.954679
1.04753
0.995081
1.01246
1.11222
0.931697
1.04823
0.881895
0.846539
0.921587
0.806057
0.585285
0.688846
0.646592
0.609927
0.581508
0.637257
0.56019
0.821117
0.777388
0.725329
0.668811
0.770395
0.733608
0.701582
0.453227
0.458789
0.454499
0.431603
0.428105
0.431309
0.429185
0.462144
0.462702
0.457108
0.435415
0.443694
0.435928
0.441457
0.540824
0.527152
0.510147
0.49035
0.535588
0.519772
0.500755
0.500744
0.472457
0.488043
0.46766
0.455817
0.474741
0.451788
0.455468
0.460855
0.457944
0.431933
0.428757
0.429769
0.430345
0.463863
0.462454
0.460808
0.433611
0.431932
0.431382
0.434354
0.468748
0.471518
0.468318
0.437964
0.435131
0.435294
0.437837
0.46518
0.470144
0.467077
0.437538
0.433744
0.436262
0.434822
0.482157
0.485348
0.481797
0.447548
0.444523
0.444488
0.44758
0.484475
0.479645
0.480973
0.447245
0.44325
0.444153
0.446268
0.472224
0.477861
0.474607
0.44278
0.438012
0.440881
0.439776
0.47991
0.477237
0.4765
0.444002
0.441388
0.441075
0.444314
0.487032
0.492876
0.489148
0.453726
0.44882
0.450481
0.452019
0.493454
0.489547
0.489649
0.453898
0.450628
0.450754
0.453755
0.491136
0.494937
0.491147
0.454845
0.451553
0.451647
0.454721
0.490553
0.494778
0.490984
0.45494
0.451458
0.454626
0.451737
0.494081
0.498142
0.494183
0.457252
0.453937
0.454039
0.457122
0.498287
0.494211
0.494311
0.457417
0.454103
0.454212
0.457305
0.493297
0.497761
0.49383
0.457111
0.453455
0.456674
0.453898
0.497745
0.493694
0.493822
0.457028
0.453711
0.453819
0.456873
0.494073
0.498135
0.494176
0.457247
0.45393
0.454034
0.457115
0.498291
0.494214
0.494315
0.457422
0.45411
0.454218
0.457312
0.493302
0.497775
0.493842
0.45713
0.45347
0.453917
0.456689
0.493698
0.497753
0.493828
0.45704
0.45372
0.456881
0.453832
0.487048
0.492907
0.489174
0.453772
0.448857
0.450528
0.452054
0.493494
0.489579
0.489684
0.453946
0.450674
0.450803
0.4538
0.491146
0.494956
0.491163
0.454872
0.451575
0.454741
0.451675
0.494806
0.490578
0.491008
0.454975
0.451497
0.451774
0.454664
0.482209
0.485421
0.481861
0.447628
0.444591
0.444571
0.447644
0.484563
0.479729
0.481051
0.447339
0.443355
0.44425
0.44637
0.47237
0.478014
0.474744
0.442935
0.438182
0.439935
0.441046
0.477348
0.480044
0.47662
0.444141
0.441519
0.444441
0.441218
0.455911
0.461289
0.458338
0.432327
0.429199
0.430173
0.430779
0.464249
0.462778
0.461162
0.433974
0.432275
0.43175
0.434688
0.468945
0.471769
0.468548
0.438208
0.435352
0.438049
0.435544
0.470426
0.465458
0.467331
0.437807
0.434044
0.4351
0.436556
0.453773
0.459464
0.455122
0.432185
0.428638
0.431899
0.429702
0.462901
0.463456
0.457798
0.436034
0.444358
0.436562
0.442115
0.541117
0.527796
0.510748
0.490848
0.535844
0.501249
0.520065
0.473254
0.501548
0.488802
0.468301
0.456503
0.452462
0.475371
1.19752
1.19254
1.13331
0.949598
1.0411
0.989823
1.00634
1.09598
0.921846
1.03351
0.878173
0.843911
0.917567
0.803625
0.584992
0.68712
0.64522
0.609494
0.581436
0.560151
0.636719
0.773628
0.815185
0.722156
0.667873
0.768694
0.700541
0.7321
0.368516
0.359412
0.359322
0.364426
0.359615
0.367659
0.368111
0.373912
0.367997
0.361307
0.371211
0.379775
0.364631
0.368008
1.23357
1.24384
1.19389
1.03125
1.07608
1.06237
1.04154
1.18833
1.03515
1.12445
0.979292
0.928926
1.01502
0.894842
1.20673
1.20849
1.16464
1.02535
1.06914
1.05508
1.03514
1.14281
0.99394
1.08836
0.973506
0.918445
1.00647
0.888201
0.36854
0.359065
0.358791
0.363885
0.359632
0.367315
0.367474
0.374291
0.367616
0.360792
0.370596
0.379362
0.364869
0.367356
0.394264
0.379738
0.383528
0.371131
0.366964
0.368513
0.37129
0.397172
0.407264
0.397451
0.383979
0.384871
0.38478
0.38317
0.378025
0.391354
0.381206
0.374646
0.376399
0.373091
0.379548
0.393954
0.400795
0.391905
0.382831
0.385639
0.383587
0.384807
0.364938
0.366999
0.361744
0.352712
0.354641
0.355098
0.350589
0.348494
0.355962
0.350475
0.342635
0.339091
0.34119
0.341502
0.339989
0.336527
0.337222
0.330944
0.3278
0.330427
0.328674
0.343017
0.344563
0.34194
0.335202
0.33406
0.33607
0.332529
0.336539
0.335067
0.335144
0.329187
0.32598
0.329152
0.326031
0.336173
0.337421
0.336103
0.329943
0.32679
0.330042
0.326605
0.336724
0.338251
0.336572
0.33037
0.327605
0.330527
0.327294
0.335665
0.33746
0.335767
0.329736
0.326666
0.329676
0.326762
0.33657
0.337754
0.336594
0.330404
0.326974
0.330429
0.326921
0.336409
0.337609
0.336404
0.330328
0.326987
0.330348
0.326945
0.337774
0.336666
0.336662
0.330517
0.327075
0.330545
0.327023
0.33712
0.338165
0.337105
0.330827
0.327301
0.33088
0.327208
0.339887
0.338884
0.338862
0.332517
0.3289
0.332557
0.32883
0.339131
0.340104
0.339109
0.332674
0.328982
0.332723
0.328902
0.338405
0.339484
0.338437
0.332038
0.328355
0.332052
0.328332
0.338667
0.33969
0.338635
0.332311
0.32873
0.332355
0.328652
0.339494
0.34048
0.339476
0.333019
0.329314
0.333063
0.329243
0.339475
0.340468
0.339446
0.333039
0.329386
0.333083
0.32931
0.340492
0.339516
0.339487
0.333053
0.329376
0.333101
0.329294
0.339604
0.34058
0.339577
0.33312
0.329425
0.333169
0.329344
0.340485
0.339499
0.339481
0.333023
0.329317
0.333066
0.329245
0.339476
0.340471
0.339447
0.33304
0.329387
0.333084
0.329312
0.339514
0.34049
0.339484
0.333051
0.329375
0.3331
0.329294
0.339605
0.340581
0.339578
0.333121
0.329425
0.33317
0.329344
0.338888
0.339892
0.338866
0.332521
0.328902
0.33256
0.328833
0.339138
0.340112
0.339116
0.332679
0.328987
0.332728
0.328907
0.339492
0.33841
0.338443
0.332041
0.328357
0.332055
0.328334
0.33867
0.339695
0.338638
0.332312
0.328732
0.332357
0.328654
0.337779
0.33659
0.336615
0.330417
0.326986
0.330442
0.326933
0.336425
0.337631
0.336421
0.330339
0.326997
0.330359
0.326956
0.336672
0.337784
0.336669
0.330521
0.327077
0.330547
0.327027
0.337134
0.338181
0.337119
0.330836
0.32731
0.330889
0.327216
0.33509
0.336572
0.33517
0.329204
0.325992
0.329167
0.326046
0.336207
0.33746
0.336137
0.329966
0.326807
0.330064
0.326624
0.338282
0.336748
0.336598
0.33038
0.327604
0.330536
0.327298
0.335693
0.337497
0.335797
0.329751
0.326674
0.32969
0.326772
0.366794
0.364721
0.361554
0.352521
0.354399
0.354887
0.350381
0.348428
0.355871
0.350397
0.342544
0.338994
0.341108
0.341389
0.336546
0.34002
0.337246
0.330948
0.327789
0.330427
0.328669
0.343017
0.344575
0.341947
0.33519
0.334026
0.336052
0.332506
0.379377
0.393886
0.383169
0.370801
0.366602
0.368173
0.37094
0.396994
0.407018
0.397175
0.383732
0.384565
0.384531
0.382871
0.378044
0.391364
0.381212
0.374546
0.376456
0.373122
0.379357
0.393901
0.400761
0.391864
0.38268
0.385392
0.383441
0.384555
0.362754
0.366707
0.359398
0.356323
0.365013
0.359111
0.360641
0.352845
0.340663
0.343984
0.341975
0.343663
0.338983
0.348606
0.362728
0.366675
0.359367
0.356297
0.365015
0.359094
0.360617
0.352713
0.340532
0.343859
0.341844
0.34348
0.338839
0.348464
0.426395
0.43758
0.412895
0.421791
0.4005
0.393117
0.404599
0.34174
0.371006
0.360316
0.335195
0.349037
0.33818
0.329354
0.347293
0.327941
0.33508
0.323491
0.327493
0.319212
0.333814
0.7779
0.762622
0.849356
0.807514
0.723876
0.785276
0.741807
0.369551
0.403973
0.434322
0.432709
0.383674
0.411966
0.386102
0.544629
0.449271
0.494438
0.468026
0.542653
0.488421
0.454886
0.763712
0.754757
0.826483
0.791582
0.717251
0.776441
0.734355
0.368904
0.403334
0.432834
0.431072
0.383164
0.4113
0.384857
0.543677
0.448515
0.49353
0.466612
0.540991
0.486555
0.454136
0.429216
0.441201
0.415189
0.424875
0.40244
0.395289
0.407221
0.342193
0.372292
0.361013
0.335899
0.349873
0.338676
0.329901
0.347953
0.328385
0.335637
0.323926
0.327824
0.319511
0.334433
0.454505
0.484038
0.426598
0.470125
0.433206
0.418819
0.441431
0.360427
0.360208
0.337268
0.360104
0.346194
0.347768
0.376295
0.4694
0.497119
0.440618
0.486632
0.440841
0.451969
0.452625
0.415516
0.392805
0.409693
0.422581
0.400963
0.401637
0.427592
0.396865
0.397819
0.404131
0.417806
0.397759
0.40878
0.40804
0.458932
0.489386
0.429348
0.475457
0.436947
0.422111
0.444725
0.361233
0.36135
0.337697
0.360719
0.347057
0.377377
0.348256
0.456461
0.492563
0.438181
0.472701
0.435607
0.446645
0.450541
0.414867
0.391668
0.409477
0.422181
0.399852
0.400343
0.426825
0.396579
0.396615
0.403824
0.417402
0.396934
0.408506
0.406671
0.334896
0.312257
0.31862
0.32103
0.33296
0.31731
0.309994
0.333444
0.327658
0.321996
0.315263
0.332555
0.324958
0.328303
0.355012
0.332398
0.342417
0.327948
0.328265
0.322227
0.337158
0.334653
0.312672
0.318954
0.32169
0.332993
0.316931
0.309931
0.332696
0.327312
0.32188
0.314482
0.332137
0.324588
0.327324
0.354193
0.331729
0.34173
0.327296
0.327645
0.321658
0.33644
0.589663
0.646476
0.570273
0.536915
0.60527
0.544699
0.58356
0.404388
0.444262
0.453351
0.454449
0.395413
0.403751
0.443437
0.529559
0.487704
0.498501
0.502385
0.523098
0.538114
0.489088
0.583512
0.639136
0.564998
0.532402
0.598405
0.53975
0.57769
0.403487
0.443285
0.451649
0.452631
0.394832
0.40277
0.442472
0.526058
0.486122
0.495565
0.499343
0.521034
0.534316
0.487508
0.444858
0.460247
0.440268
0.455369
0.437091
0.446007
0.449319
0.429944
0.422957
0.427172
0.435279
0.431051
0.437472
0.429556
0.430486
0.422854
0.428562
0.436835
0.431412
0.438539
0.429471
0.442979
0.456885
0.438165
0.453211
0.435937
0.444704
0.446924
0.42911
0.422439
0.426715
0.434758
0.430208
0.436595
0.428961
0.429663
0.422547
0.428475
0.43655
0.430393
0.437475
0.42901
0.356485
0.340508
0.345067
0.346525
0.355289
0.343826
0.338273
0.343487
0.334842
0.33761
0.334303
0.336096
0.340271
0.331255
0.372712
0.360716
0.362912
0.349506
0.356673
0.356323
0.350592
0.326477
0.330352
0.331947
0.32859
0.323585
0.323758
0.327035
0.343017
0.351507
0.35296
0.342966
0.338344
0.337002
0.343825
0.326815
0.321727
0.322573
0.327483
0.321047
0.326556
0.328078
0.332982
0.336789
0.339963
0.332993
0.339212
0.331624
0.334419
0.355763
0.340163
0.344636
0.346038
0.354674
0.343102
0.337743
0.343481
0.33496
0.337783
0.334113
0.335676
0.339926
0.331064
0.372003
0.360115
0.362379
0.349023
0.356121
0.355756
0.350163
0.326997
0.330846
0.3323
0.328577
0.323921
0.32401
0.327095
0.34286
0.351091
0.352612
0.342544
0.338168
0.336757
0.343527
0.326223
0.321204
0.322091
0.326989
0.32052
0.326018
0.327495
0.332349
0.336192
0.339277
0.33244
0.338529
0.331061
0.333783
0.394241
0.407476
0.401051
0.389608
0.393565
0.387394
0.399168
0.368515
0.392823
0.388558
0.377622
0.362531
0.380497
0.36309
0.377036
0.36845
0.383362
0.374537
0.366379
0.371619
0.364288
0.416885
0.413785
0.407616
0.393423
0.409829
0.404574
0.397289
0.520297
0.508519
0.516474
0.50241
0.507124
0.482472
0.486197
0.507316
0.488107
0.488137
0.495672
0.497627
0.479101
0.47772
0.464233
0.454645
0.474138
0.458792
0.448475
0.455375
0.446113
0.490744
0.458088
0.482814
0.462671
0.446001
0.445477
0.466405
0.393375
0.406397
0.400092
0.38835
0.392718
0.398209
0.386413
0.368016
0.392027
0.387803
0.376342
0.36179
0.378988
0.362341
0.3764
0.367968
0.382658
0.373518
0.365876
0.370862
0.363599
0.415655
0.412658
0.406567
0.391834
0.408583
0.403458
0.395693
0.51934
0.507315
0.515295
0.501261
0.506007
0.481215
0.484755
0.506326
0.486998
0.487078
0.49455
0.496552
0.477975
0.476648
0.463094
0.45358
0.472913
0.457458
0.447403
0.454222
0.44488
0.489365
0.456931
0.481514
0.461135
0.444845
0.44431
0.464673
0.655618
0.625045
0.675472
0.672677
0.620702
0.631181
0.635341
0.647634
0.602069
0.656613
0.664632
0.608032
0.61852
0.611905
0.603425
0.560562
0.606425
0.567885
0.61803
0.576727
0.568598
0.61738
0.591288
0.644988
0.582185
0.632657
0.591164
0.600427
0.486602
0.456651
0.485574
0.496307
0.463467
0.469399
0.461575
0.502689
0.492277
0.529178
0.513156
0.479913
0.486663
0.499382
0.563415
0.545951
0.590844
0.534999
0.576096
0.543006
0.55403
0.547533
0.511808
0.547714
0.519442
0.559679
0.527222
0.518825
0.398087
0.378667
0.398338
0.398717
0.378804
0.378283
0.378028
0.399421
0.381786
0.401816
0.400206
0.380487
0.38011
0.381498
0.405504
0.389766
0.410169
0.387618
0.407214
0.387939
0.390302
0.403433
0.384631
0.403951
0.385141
0.40488
0.385211
0.384497
0.450578
0.440211
0.469817
0.457456
0.431542
0.435466
0.444728
0.440528
0.417255
0.440326
0.446409
0.42095
0.42407
0.419654
0.41409
0.394292
0.414237
0.395998
0.417206
0.397252
0.395145
0.41971
0.406929
0.430601
0.401967
0.423392
0.403698
0.409031
0.39982
0.379478
0.39955
0.399899
0.379438
0.3785
0.378603
0.400249
0.379774
0.400684
0.400335
0.379536
0.378576
0.378758
0.401229
0.379477
0.401193
0.37934
0.401078
0.378199
0.378301
0.401339
0.379875
0.401249
0.379656
0.401213
0.378534
0.378761
0.402837
0.37956
0.402373
0.402333
0.379438
0.378053
0.378157
0.403144
0.380154
0.403002
0.402686
0.379843
0.378481
0.378778
0.403076
0.380383
0.402402
0.380389
0.402686
0.379073
0.379072
0.403372
0.380648
0.403222
0.380474
0.402991
0.379153
0.379305
0.409425
0.383691
0.408628
0.408521
0.383531
0.381866
0.382022
0.409549
0.383846
0.408799
0.408675
0.383694
0.382038
0.382172
0.409321
0.383725
0.408162
0.383797
0.408468
0.382147
0.382062
0.409603
0.384074
0.408888
0.383957
0.408768
0.382314
0.382426
0.406142
0.381615
0.404745
0.40544
0.381878
0.380334
0.380066
0.406724
0.382475
0.406328
0.40607
0.382283
0.380764
0.380949
0.407396
0.382551
0.406728
0.382441
0.406669
0.380887
0.380989
0.407465
0.382693
0.406774
0.382585
0.406762
0.381037
0.381124
0.413701
0.386512
0.411985
0.412679
0.386783
0.385
0.384714
0.414215
0.387306
0.413377
0.413246
0.387183
0.38543
0.385553
0.414158
0.38723
0.413169
0.387148
0.41316
0.385396
0.385476
0.414259
0.387372
0.413395
0.387258
0.413284
0.38551
0.385604
0.414787
0.387617
0.413748
0.41372
0.38752
0.385734
0.38583
0.414888
0.387732
0.413924
0.413845
0.387622
0.385842
0.385935
0.415009
0.387866
0.413917
0.387826
0.413969
0.386043
0.386069
0.415124
0.387957
0.414119
0.387886
0.414098
0.386104
0.386174
0.41659
0.388975
0.415495
0.415484
0.388888
0.387067
0.387146
0.416681
0.389034
0.415606
0.415593
0.38895
0.38713
0.387204
0.41677
0.389112
0.415666
0.389041
0.41567
0.387219
0.387277
0.416839
0.38916
0.415752
0.389085
0.415751
0.387263
0.387333
0.416469
0.388801
0.415228
0.415377
0.388806
0.386986
0.386965
0.416614
0.388985
0.415556
0.41554
0.38891
0.387095
0.387168
0.4164
0.38883
0.415315
0.388749
0.415309
0.386938
0.387017
0.416498
0.388917
0.415469
0.388827
0.415428
0.38702
0.387095
0.416584
0.388969
0.415488
0.415477
0.388883
0.387062
0.387141
0.416676
0.38903
0.415603
0.415588
0.388946
0.387126
0.387201
0.416775
0.389117
0.415672
0.389046
0.415677
0.387224
0.387282
0.416844
0.389164
0.415756
0.389089
0.415756
0.387267
0.387336
0.416483
0.388814
0.415243
0.415392
0.388819
0.387
0.386978
0.416629
0.388997
0.415572
0.415556
0.388923
0.387108
0.387182
0.416406
0.388835
0.415321
0.388754
0.415317
0.386944
0.387022
0.416505
0.388925
0.415481
0.388834
0.415437
0.387028
0.387103
0.413736
0.386539
0.412018
0.412716
0.386813
0.385029
0.384742
0.414252
0.387337
0.413418
0.413285
0.387213
0.385461
0.385585
0.414191
0.387256
0.413204
0.387175
0.413195
0.385423
0.385503
0.414295
0.387402
0.413435
0.387286
0.413323
0.385539
0.385634
0.414804
0.387631
0.413765
0.413739
0.387534
0.385748
0.385844
0.414908
0.387751
0.413949
0.413867
0.38764
0.38586
0.385955
0.41504
0.387892
0.41395
0.387852
0.414001
0.38607
0.386095
0.415154
0.387982
0.41415
0.387911
0.414129
0.386129
0.386199
0.409475
0.383728
0.408675
0.408573
0.383569
0.381905
0.382059
0.409604
0.383894
0.408864
0.408733
0.383739
0.382083
0.382221
0.409395
0.383788
0.408244
0.383858
0.408545
0.382209
0.382124
0.409674
0.384131
0.408962
0.384014
0.408843
0.38237
0.382484
0.40626
0.381711
0.404873
0.405563
0.381972
0.380428
0.380161
0.406839
0.382565
0.406447
0.40619
0.382373
0.380854
0.38104
0.407491
0.382623
0.406823
0.382515
0.406768
0.380961
0.381062
0.407563
0.382776
0.406885
0.382665
0.406865
0.381118
0.381208
0.4001
0.37969
0.399851
0.400187
0.379648
0.378709
0.378812
0.400525
0.379973
0.400962
0.400617
0.379735
0.378772
0.378955
0.401468
0.37965
0.40143
0.379516
0.401322
0.378375
0.378474
0.401588
0.380069
0.401517
0.379844
0.401471
0.378723
0.378953
0.402991
0.379674
0.402525
0.402493
0.379556
0.378171
0.378271
0.40331
0.380292
0.403188
0.40286
0.379973
0.378613
0.378916
0.40328
0.380545
0.402623
0.380546
0.402897
0.379231
0.379233
0.403566
0.380797
0.403421
0.380622
0.403191
0.379301
0.379454
0.398434
0.378897
0.398669
0.399071
0.379048
0.378525
0.378257
0.399792
0.38206
0.402211
0.400586
0.380754
0.380377
0.381768
0.4059
0.390025
0.410567
0.387884
0.407616
0.3882
0.390552
0.403819
0.384891
0.404339
0.385403
0.405271
0.385468
0.384755
0.450712
0.440109
0.469815
0.457564
0.431516
0.435414
0.444593
0.440746
0.417314
0.440546
0.446599
0.420998
0.424093
0.419696
0.414475
0.394509
0.414611
0.396221
0.417589
0.397464
0.395356
0.420082
0.407105
0.430924
0.402175
0.42376
0.403893
0.409188
0.655873
0.625267
0.675737
0.67304
0.620938
0.631619
0.635655
0.647867
0.602043
0.656942
0.664964
0.607924
0.618521
0.612051
0.603541
0.560346
0.606553
0.567778
0.618247
0.576639
0.568555
0.617582
0.591474
0.645348
0.582248
0.632987
0.591422
0.600677
0.486438
0.456362
0.485437
0.496156
0.463168
0.469071
0.461264
0.502467
0.491827
0.528941
0.512951
0.479551
0.48628
0.498913
0.563193
0.545646
0.590829
0.534615
0.57595
0.542631
0.553742
0.547228
0.51124
0.547389
0.518903
0.559427
0.526712
0.518281
0.652725
0.626964
0.674293
0.668096
0.623684
0.634896
0.637708
0.644654
0.612288
0.645547
0.659015
0.622429
0.632078
0.620881
0.581361
0.543956
0.574127
0.563468
0.592401
0.570844
0.548997
0.600284
0.595339
0.629014
0.575615
0.611448
0.584141
0.603608
0.652718
0.626644
0.674396
0.668137
0.623238
0.634515
0.637541
0.644616
0.612324
0.64541
0.659027
0.622543
0.632289
0.620865
0.580774
0.543093
0.573626
0.562549
0.591864
0.569911
0.547997
0.599833
0.594976
0.628692
0.574788
0.611011
0.583157
0.602953
0.407668
0.38833
0.379542
0.404513
0.389335
0.382516
0.375486
0.385752
0.368904
0.375931
0.367322
0.369216
0.362664
0.375675
0.357748
0.36192
0.366626
0.359568
0.352408
0.353851
0.356722
0.731141
0.702035
0.625648
0.756473
0.676595
0.691026
0.637417
0.728313
0.681647
0.736112
0.687566
0.744361
0.698962
0.689277
0.586194
0.629291
0.638629
0.646719
0.577717
0.592066
0.633938
0.721219
0.693182
0.620298
0.745338
0.670732
0.684401
0.631264
0.725283
0.680449
0.734904
0.684385
0.741045
0.695527
0.688073
0.583203
0.62794
0.635535
0.643272
0.575993
0.588565
0.6325
0.409903
0.390308
0.380988
0.407117
0.390995
0.384288
0.376982
0.387225
0.369991
0.377201
0.368698
0.370523
0.363836
0.377315
0.358708
0.36291
0.367724
0.360728
0.353375
0.354855
0.357775
0.396286
0.396661
0.377206
0.392758
0.385928
0.385502
0.407581
0.457099
0.465866
0.440994
0.471484
0.436077
0.446412
0.449963
0.417329
0.420234
0.419815
0.428674
0.417747
0.425688
0.427774
0.427361
0.416965
0.418511
0.427448
0.431165
0.43525
0.425147
0.398016
0.399051
0.378722
0.394263
0.387942
0.387169
0.409619
0.44969
0.460272
0.43723
0.462758
0.431089
0.441142
0.445854
0.416341
0.418506
0.417936
0.426785
0.417225
0.424892
0.42602
0.425376
0.414849
0.416322
0.424998
0.429127
0.433098
0.422965
0.265791
0.270602
0.269312
0.281498
0.276773
0.276015
0.283777
0.193424
0.192504
0.194274
0.191875
0.19206
0.191267
0.190718
0.270523
0.265734
0.269356
0.281532
0.276527
0.275988
0.283677
0.279488
0.2854
0.288996
0.302494
0.283195
0.295626
0.285936
0.279257
0.285249
0.288854
0.302319
0.282831
0.285522
0.295436
0.270904
0.233161
0.332085
0.366577
0.220913
0.290618
0.241681
0.192713
0.197753
0.195736
0.190709
0.188927
0.189721
0.19051
0.232843
0.270003
0.33026
0.36445
0.220633
0.241236
0.289254
0.19342
0.19249
0.194259
0.191874
0.192058
0.191262
0.190714
0.197674
0.192685
0.195693
0.190697
0.188911
0.190487
0.189713
0.196646
0.194398
0.200738
0.192869
0.193688
0.193938
0.19194
0.213038
0.195129
0.206259
0.194689
0.19089
0.196134
0.191204
0.333898
0.351397
0.335907
0.327857
0.33522
0.337357
0.326883
0.196643
0.194377
0.200714
0.192865
0.193684
0.193922
0.19193
0.212831
0.195081
0.20617
0.194646
0.190856
0.196044
0.191185
0.333993
0.351878
0.335947
0.32762
0.335196
0.33725
0.326663
0.368064
0.373324
0.385495
0.363263
0.345221
0.348917
0.355858
0.368912
0.37456
0.386749
0.363315
0.345414
0.348917
0.356221
0.255826
0.258407
0.255077
0.249408
0.248624
0.24799
0.249797
0.245738
0.252312
0.2478
0.242316
0.240209
0.242191
0.241075
0.269827
0.270637
0.269611
0.263047
0.259177
0.259155
0.26307
0.267494
0.269266
0.267832
0.261201
0.257514
0.261054
0.257727
0.273943
0.274277
0.273842
0.266994
0.262346
0.262311
0.267012
0.273337
0.273982
0.273432
0.266504
0.261899
0.266499
0.261895
0.274419
0.274873
0.274445
0.267505
0.262784
0.262748
0.267521
0.27455
0.274886
0.274507
0.2676
0.262856
0.267619
0.262814
0.271394
0.272405
0.271554
0.264714
0.260469
0.26049
0.264692
0.272207
0.272712
0.27208
0.265358
0.260946
0.265353
0.260965
0.260728
0.263983
0.261344
0.2551
0.252489
0.253048
0.254752
0.264214
0.265961
0.264022
0.257873
0.254998
0.257827
0.255114
0.23418
0.235743
0.23236
0.22942
0.231245
0.230249
0.229854
0.260936
0.264195
0.261538
0.255269
0.252674
0.254929
0.253218
0.264356
0.266125
0.264171
0.258004
0.255122
0.257953
0.255246
0.271442
0.272448
0.271599
0.264755
0.26051
0.264734
0.260527
0.27224
0.272746
0.272114
0.265389
0.260974
0.265383
0.260994
0.274429
0.27488
0.274453
0.267513
0.262792
0.26753
0.262755
0.274553
0.27489
0.274511
0.267603
0.262859
0.267622
0.262817
0.273928
0.274262
0.273826
0.26698
0.262333
0.266998
0.262298
0.273314
0.273961
0.27341
0.266483
0.261879
0.266478
0.261876
0.269762
0.270565
0.269542
0.262986
0.259122
0.263012
0.259096
0.267384
0.269161
0.26773
0.261109
0.257418
0.260957
0.25764
0.255563
0.258073
0.254797
0.249177
0.248394
0.249575
0.247745
0.245396
0.251907
0.247465
0.242044
0.239911
0.240799
0.241903
0.304284
0.285151
0.313887
0.289403
0.254713
0.256616
0.284624
0.315126
0.288689
0.328507
0.304503
0.259637
0.262949
0.297663
0.444277
0.407424
0.386232
0.415519
0.397614
0.359708
0.371146
0.400881
0.367451
0.386265
0.375345
0.396621
0.36457
0.372269
0.234527
0.236164
0.23269
0.229689
0.231553
0.230523
0.230153
0.303757
0.284045
0.313087
0.288581
0.254092
0.25591
0.284054
0.442241
0.40465
0.384181
0.414002
0.396291
0.357908
0.369
0.314571
0.287694
0.327845
0.303369
0.258989
0.262162
0.296753
0.399307
0.366508
0.385141
0.374242
0.395345
0.363661
0.371261
0.674528
0.541523
0.673517
0.56737
0.703355
0.556527
0.646404
0.697606
0.738647
0.583471
0.58293
0.72718
0.571654
0.710348
0.583294
0.524727
0.640388
0.517715
0.510144
0.615535
0.606477
0.545985
0.462195
0.527683
0.490503
0.48446
0.565977
0.510551
0.398887
0.378832
0.408506
0.372941
0.400887
0.405246
0.373714
0.393564
0.39065
0.364698
0.366207
0.394619
0.367676
0.390124
0.430227
0.388912
0.420921
0.400865
0.399269
0.437444
0.41575
0.451406
0.435231
0.490247
0.420868
0.476931
0.417591
0.46152
0.389536
0.36122
0.388294
0.359051
0.388716
0.361711
0.389224
0.389597
0.389414
0.36323
0.360163
0.388997
0.389571
0.362642
0.390096
0.361066
0.388631
0.357874
0.360906
0.389818
0.38875
0.389584
0.359573
0.387674
0.356934
0.359986
0.388183
0.389066
0.393728
0.36153
0.391446
0.358118
0.39179
0.393318
0.361611
0.393534
0.391483
0.361173
0.357773
0.391589
0.361239
0.393394
0.392294
0.361037
0.390534
0.357767
0.361089
0.390555
0.392242
0.391918
0.360765
0.389357
0.357752
0.390983
0.361094
0.390176
0.397411
0.363761
0.395239
0.360133
0.395327
0.363752
0.397284
0.397335
0.39432
0.363236
0.359958
0.395207
0.396393
0.363637
0.397982
0.364084
0.395725
0.360395
0.364079
0.397849
0.395819
0.397746
0.363842
0.39552
0.360183
0.363836
0.395587
0.397633
0.399347
0.364858
0.397108
0.361123
0.39716
0.399274
0.36484
0.399202
0.396976
0.364754
0.361003
0.39701
0.364713
0.399126
0.399099
0.364742
0.396883
0.36101
0.364702
0.396919
0.399011
0.399166
0.364667
0.396745
0.361011
0.398921
0.364731
0.396971
0.399352
0.364863
0.397115
0.361128
0.397166
0.364845
0.399281
0.399199
0.396971
0.364752
0.361001
0.397007
0.399121
0.364711
0.399111
0.364749
0.396893
0.361019
0.364711
0.399019
0.396931
0.399182
0.36468
0.396762
0.361025
0.364744
0.396989
0.398937
0.39745
0.363786
0.395278
0.36016
0.395368
0.39732
0.36378
0.397375
0.394359
0.363264
0.359987
0.395249
0.363666
0.396429
0.398013
0.364109
0.39576
0.360419
0.364103
0.395853
0.397883
0.39777
0.363858
0.395541
0.360202
0.397652
0.363855
0.395613
0.393802
0.361587
0.391532
0.358173
0.39187
0.361665
0.393398
0.393597
0.391539
0.36121
0.357818
0.391656
0.393445
0.361283
0.3924
0.361104
0.390636
0.357839
0.361162
0.392338
0.390667
0.392033
0.36085
0.389488
0.357832
0.361175
0.390298
0.391107
0.389783
0.361363
0.388532
0.359198
0.388971
0.389452
0.361863
0.389855
0.389704
0.363393
0.360317
0.389267
0.362798
0.389848
0.390287
0.361199
0.388846
0.358002
0.361035
0.388952
0.390025
0.389759
0.359674
0.387835
0.357048
0.389218
0.360102
0.388366
0.39924
0.379007
0.408873
0.373124
0.401258
0.373902
0.4056
0.393922
0.390985
0.364879
0.366402
0.394988
0.390442
0.367878
0.430489
0.389028
0.421254
0.400927
0.399343
0.416065
0.437711
0.451515
0.43509
0.490211
0.420803
0.417534
0.461638
0.476887
0.675534
0.542262
0.674638
0.568572
0.704316
0.647204
0.557497
0.698607
0.739356
0.584693
0.584353
0.728471
0.57284
0.711257
0.583027
0.525178
0.640954
0.517773
0.510215
0.606339
0.615702
0.545662
0.461926
0.527458
0.490338
0.5103
0.484276
0.565692
0.685316
0.732761
0.590004
0.596319
0.708689
0.706515
0.585971
0.649147
0.540329
0.579555
0.624965
0.670286
0.570503
0.606408
0.6855
0.733527
0.591026
0.596505
0.708953
0.707022
0.586572
0.648677
0.539804
0.579556
0.623916
0.669844
0.570521
0.605489
0.311941
0.318474
0.323447
0.314473
0.305568
0.30711
0.311855
0.52217
0.682289
0.650945
0.537135
0.453979
0.551256
0.442111
0.919384
0.835925
0.786367
0.800644
0.771096
0.649266
0.670049
0.516565
0.670945
0.641615
0.533389
0.451579
0.546739
0.440186
0.891969
0.817066
0.771539
0.793357
0.766048
0.644559
0.663866
0.312358
0.318887
0.323924
0.314782
0.305978
0.307476
0.312128
0.53348
0.511993
0.483149
0.426516
0.478122
0.447651
0.449788
0.485791
0.522344
0.497305
0.465585
0.478099
0.481513
0.463702
0.544025
0.547287
0.514289
0.465178
0.487651
0.463957
0.484693
0.544944
0.523192
0.491222
0.429516
0.484054
0.451716
0.454062
0.483637
0.517708
0.493443
0.464201
0.476741
0.479796
0.462585
0.538254
0.539841
0.507111
0.462782
0.487041
0.462899
0.482254
0.310168
0.319349
0.317705
0.310473
0.310078
0.30577
0.317481
0.317592
0.323187
0.329908
0.318853
0.310345
0.310729
0.315715
0.316359
0.32644
0.315912
0.311401
0.319597
0.310988
0.32353
0.310165
0.319032
0.31761
0.309747
0.309769
0.305316
0.317144
0.317139
0.322628
0.329343
0.318255
0.309857
0.310295
0.315193
0.315332
0.325948
0.314891
0.310846
0.319181
0.310163
0.322217
0.310678
0.321044
0.313884
0.311057
0.313678
0.316402
0.309932
0.324588
0.329714
0.322849
0.329729
0.323152
0.319987
0.324847
0.320756
0.310402
0.31362
0.310668
0.313342
0.315865
0.309649
0.324346
0.329443
0.322605
0.329346
0.322857
0.319571
0.324243
0.40387
0.402616
0.413039
0.367463
0.372872
0.374313
0.368223
0.416283
0.424729
0.424692
0.386937
0.384432
0.385987
0.389219
0.400994
0.402483
0.41027
0.380847
0.384893
0.389771
0.38534
0.409591
0.422848
0.418282
0.389395
0.388535
0.392271
0.393196
0.371815
0.3869
0.376996
0.355368
0.350114
0.349938
0.356071
0.360675
0.35917
0.365365
0.33825
0.341323
0.34115
0.337634
0.341973
0.34166
0.343896
0.32597
0.327082
0.325672
0.32441
0.346534
0.352356
0.348616
0.33292
0.330849
0.329468
0.331977
0.337023
0.337117
0.33735
0.323273
0.323307
0.320956
0.320956
0.337832
0.338519
0.338112
0.324057
0.32378
0.321374
0.321733
0.339106
0.340715
0.3399
0.325345
0.324859
0.322783
0.32344
0.338308
0.33866
0.339054
0.324227
0.324336
0.322231
0.322132
0.337946
0.338035
0.337956
0.323961
0.323858
0.321261
0.321417
0.337851
0.337933
0.337909
0.324028
0.323949
0.32139
0.321514
0.337881
0.33782
0.33778
0.323958
0.323867
0.321186
0.321322
0.338214
0.338221
0.338055
0.324107
0.323965
0.321227
0.321413
0.339852
0.339697
0.339581
0.325558
0.325449
0.322608
0.322757
0.34003
0.339862
0.339715
0.325567
0.325452
0.32256
0.322703
0.339475
0.339227
0.339227
0.325008
0.324957
0.322122
0.322202
0.339702
0.339619
0.339488
0.325442
0.325321
0.322512
0.322678
0.340401
0.340193
0.340076
0.325876
0.325774
0.322872
0.323001
0.340416
0.34027
0.340123
0.325999
0.325885
0.323013
0.323165
0.340414
0.340249
0.340093
0.325956
0.325836
0.322942
0.323097
0.340499
0.340317
0.340174
0.325986
0.32587
0.322964
0.323109
0.340407
0.3402
0.340083
0.325879
0.325776
0.322875
0.323004
0.340419
0.340273
0.340128
0.326001
0.325887
0.323016
0.323168
0.340413
0.340248
0.340093
0.325955
0.325836
0.322942
0.323097
0.3405
0.340319
0.340175
0.325985
0.32587
0.322963
0.323109
0.339859
0.339704
0.33959
0.325561
0.325454
0.322612
0.32276
0.34004
0.339874
0.339727
0.325572
0.325457
0.322565
0.322707
0.339485
0.339238
0.339239
0.32501
0.32496
0.322125
0.322205
0.33971
0.339628
0.339499
0.325445
0.325324
0.322515
0.322681
0.337975
0.338067
0.33799
0.323972
0.32387
0.321274
0.321427
0.337877
0.337961
0.33794
0.324038
0.32396
0.321401
0.321524
0.337895
0.337833
0.337798
0.323961
0.323871
0.321191
0.321325
0.338233
0.338246
0.338079
0.324116
0.323974
0.321236
0.321422
0.337064
0.337156
0.337396
0.323284
0.323323
0.32097
0.320966
0.337877
0.338568
0.338163
0.324072
0.323798
0.32139
0.321746
0.339143
0.340751
0.339942
0.325338
0.324858
0.322778
0.323426
0.338351
0.338706
0.339101
0.324232
0.324341
0.322232
0.322134
0.371596
0.386586
0.376762
0.35509
0.349882
0.349686
0.355762
0.360571
0.359096
0.365244
0.338135
0.341184
0.34099
0.337506
0.342011
0.341694
0.343938
0.325952
0.327068
0.32565
0.324385
0.34655
0.352347
0.348636
0.332871
0.330816
0.329429
0.331915
0.403481
0.402183
0.412636
0.367066
0.372481
0.373881
0.367798
0.41606
0.424592
0.424487
0.386544
0.384057
0.385546
0.388745
0.401025
0.402565
0.410334
0.380921
0.384791
0.389744
0.385434
0.409562
0.422784
0.418264
0.389026
0.388189
0.391865
0.392725
0.374362
0.390818
0.382308
0.371234
0.365951
0.371298
0.37704
0.361479
0.361447
0.370029
0.349116
0.355367
0.361753
0.354665
0.374327
0.39083
0.382268
0.371245
0.365917
0.371253
0.377061
0.361338
0.361239
0.369876
0.348874
0.3552
0.361556
0.354354
0.336999
0.353256
0.340252
0.345584
0.332991
0.343553
0.348215
0.367729
0.358432
0.335442
0.380449
0.346629
0.356264
0.342077
0.33597
0.352718
0.339752
0.343608
0.331909
0.341672
0.34762
0.366776
0.35744
0.334759
0.379361
0.345835
0.355383
0.341331
0.349603
0.349489
0.341386
0.356
0.346503
0.352981
0.346966
0.382473
0.385232
0.363924
0.392059
0.363541
0.370964
0.370392
0.342162
0.346252
0.345626
0.352095
0.348328
0.347608
0.35179
0.349418
0.348731
0.340757
0.355635
0.346015
0.352359
0.346295
0.381598
0.384202
0.363243
0.39103
0.362871
0.370179
0.369594
0.341523
0.345506
0.344887
0.351292
0.347613
0.346923
0.350987
0.396343
0.362551
0.370582
0.399311
0.383008
0.385194
0.363104
0.419469
0.41492
0.442298
0.424647
0.400993
0.404505
0.419853
0.514386
0.525618
0.556187
0.490752
0.519659
0.534601
0.495364
0.498259
0.447472
0.474029
0.470469
0.505599
0.474649
0.449725
0.395509
0.361756
0.369812
0.398434
0.381497
0.383792
0.362205
0.41828
0.413567
0.440707
0.42341
0.39939
0.402921
0.418416
0.513082
0.52436
0.555197
0.489036
0.517994
0.533243
0.493332
0.496787
0.44629
0.47247
0.468512
0.504018
0.472468
0.448491
0.329913
0.330906
0.32873
0.325038
0.328036
0.320058
0.322671
0.326083
0.321534
0.319475
0.321927
0.324912
0.318123
0.317357
0.314785
0.319448
0.319459
0.314128
0.313135
0.311688
0.315934
0.328988
0.324164
0.324225
0.317474
0.323236
0.319733
0.32126
0.329451
0.330084
0.327672
0.324197
0.327524
0.319259
0.321593
0.325905
0.321406
0.319116
0.321321
0.324711
0.317593
0.317062
0.313864
0.318622
0.318543
0.313133
0.312272
0.310851
0.314927
0.328038
0.323255
0.323298
0.316288
0.321874
0.31854
0.319874
0.181741
0.181601
0.179064
0.188009
0.18768
0.18266
0.180478
0.187627
0.182649
0.180462
0.183498
0.181716
0.181596
0.179057
0.253424
0.266333
0.264656
0.263294
0.27802
0.272497
0.252507
0.26606
0.253153
0.264309
0.262905
0.277714
0.272049
0.252199
0.203359
0.203744
0.199958
0.197233
0.199977
0.198295
0.197643
0.203343
0.20375
0.199957
0.19723
0.199966
0.198289
0.197642
0.437529
0.443579
0.346489
0.348287
0.452233
0.345354
0.427534
0.432776
0.326272
0.338909
0.420602
0.444216
0.337152
0.410801
0.34487
0.335378
0.299741
0.297887
0.346668
0.301349
0.335111
0.360328
0.314773
0.389961
0.307025
0.36485
0.382881
0.307691
0.328053
0.32925
0.295693
0.292129
0.326234
0.330392
0.295224
0.326414
0.294012
0.2907
0.322639
0.323996
0.294045
0.325253
0.324549
0.320912
0.28909
0.293295
0.321168
0.293041
0.324323
0.324999
0.293572
0.322091
0.290012
0.321867
0.3251
0.293877
0.325497
0.321487
0.293411
0.289643
0.32184
0.325102
0.293873
0.3254
0.293886
0.289301
0.321695
0.321636
0.293542
0.325425
0.325734
0.321906
0.289487
0.293938
0.321886
0.293829
0.325724
0.325836
0.293819
0.321851
0.289744
0.322043
0.325661
0.294074
0.325735
0.321908
0.29394
0.289484
0.321888
0.325725
0.293827
0.325841
0.293817
0.289747
0.32186
0.322051
0.294075
0.325668
0.32551
0.321506
0.289644
0.293405
0.321857
0.293871
0.325117
0.325414
0.293888
0.321709
0.289302
0.321653
0.325436
0.293541
0.324577
0.320937
0.293289
0.289089
0.321203
0.324342
0.293036
0.325032
0.293558
0.290008
0.322136
0.321907
0.293868
0.325137
0.328093
0.329296
0.292077
0.295613
0.326286
0.295167
0.330426
0.326464
0.29399
0.322692
0.290674
0.324055
0.325296
0.294014
0.344855
0.335413
0.297774
0.299591
0.346659
0.335134
0.301197
0.36019
0.3144
0.30677
0.389621
0.364709
0.307438
0.382563
0.43744
0.443594
0.347442
0.345783
0.451866
0.344632
0.427588
0.432267
0.32573
0.420041
0.338216
0.443596
0.410292
0.336513
0.243244
0.241394
0.247942
0.262606
0.242418
0.254422
0.249882
0.427996
0.344508
0.411476
0.392705
0.342357
0.409109
0.337808
0.427771
0.343538
0.411344
0.392276
0.34074
0.408557
0.336508
0.24333
0.241452
0.24809
0.262769
0.242468
0.2546
0.250002
0.192191
0.192374
0.191552
0.191577
0.191414
0.190128
0.190439
0.194684
0.194071
0.194622
0.193308
0.193402
0.192307
0.19211
0.196014
0.196075
0.19578
0.194895
0.194845
0.193667
0.193769
0.197362
0.196897
0.197136
0.196058
0.196085
0.194966
0.194896
0.198113
0.197999
0.197777
0.196946
0.196918
0.195735
0.195793
0.198752
0.198373
0.198466
0.197483
0.19748
0.19631
0.19631
0.198987
0.19874
0.198664
0.197757
0.197742
0.196549
0.196578
0.198985
0.198738
0.19866
0.197755
0.19774
0.196546
0.196576
0.198745
0.198364
0.198459
0.197476
0.197474
0.196304
0.196303
0.1981
0.197986
0.197762
0.196935
0.196906
0.195723
0.195782
0.197345
0.196875
0.197116
0.196042
0.19607
0.19495
0.194878
0.19599
0.196048
0.19575
0.194876
0.194825
0.193645
0.193748
0.194656
0.194033
0.194585
0.193286
0.193381
0.192283
0.192085
0.192336
0.192168
0.191519
0.191559
0.191396
0.190108
0.190417
0.228047
0.223371
0.224372
0.221489
0.220499
0.222488
0.22045
0.260079
0.258974
0.271186
0.247286
0.254201
0.259452
0.246588
0.229379
0.222719
0.227383
0.22585
0.225003
0.226065
0.234279
0.223641
0.228428
0.224664
0.221724
0.220736
0.220669
0.222753
0.259778
0.258543
0.270832
0.246996
0.253858
0.258995
0.246262
0.229051
0.222486
0.227072
0.225534
0.224738
0.225795
0.23383
0.26119
0.264451
0.263827
0.247804
0.246941
0.24609
0.24713
0.256093
0.255683
0.259663
0.239649
0.242103
0.242075
0.239364
0.26581
0.2665
0.267159
0.250885
0.251548
0.250059
0.24937
0.267171
0.267666
0.267956
0.252777
0.25295
0.250904
0.250679
0.27055
0.270276
0.270122
0.255697
0.255679
0.252539
0.252546
0.269511
0.268979
0.269392
0.254425
0.254643
0.251849
0.251682
0.272007
0.271003
0.271144
0.256652
0.256649
0.253129
0.253171
0.272138
0.271207
0.271133
0.256924
0.256951
0.253286
0.253253
0.273393
0.27225
0.272074
0.257999
0.257943
0.253987
0.254063
0.273182
0.271816
0.271927
0.257622
0.257598
0.253704
0.253757
0.273938
0.272522
0.272536
0.258355
0.258296
0.254255
0.254341
0.273908
0.272584
0.27247
0.258398
0.258331
0.254267
0.254362
0.273932
0.272515
0.27253
0.258348
0.258289
0.25425
0.254334
0.273904
0.272582
0.272467
0.258396
0.258328
0.254265
0.25436
0.27338
0.27224
0.272063
0.257988
0.257932
0.253977
0.254054
0.273163
0.271796
0.271911
0.257603
0.257582
0.25369
0.25374
0.271966
0.270957
0.271106
0.256614
0.256616
0.253099
0.253135
0.272107
0.27118
0.271104
0.256899
0.256925
0.253263
0.25323
0.270478
0.270215
0.27005
0.255646
0.255622
0.252483
0.252498
0.269407
0.268853
0.269287
0.254331
0.25456
0.251769
0.251587
0.265585
0.266213
0.266921
0.25069
0.251374
0.249881
0.249164
0.266998
0.267506
0.267772
0.252653
0.252815
0.250766
0.250556
0.260807
0.264086
0.263394
0.247562
0.246678
0.245809
0.246876
0.255623
0.255082
0.259125
0.239324
0.241793
0.241744
0.239012
0.239698
0.247807
0.243087
0.232491
0.230623
0.231157
0.233423
0.23918
0.247161
0.242472
0.23215
0.230292
0.230795
0.233048
0.502314
0.575897
0.559079
0.501103
0.469248
0.461744
0.514162
0.442611
0.390389
0.401872
0.428886
0.420384
0.452771
0.393523
0.501447
0.573616
0.557166
0.498956
0.468445
0.460977
0.511662
0.440749
0.38982
0.399951
0.428161
0.419699
0.450622
0.391963
0.309032
0.305265
0.301528
0.307394
0.302498
0.312529
0.306283
0.308306
0.304929
0.301079
0.30702
0.30202
0.312167
0.305651
0.423365
0.394309
0.421822
0.379288
0.40911
0.376201
0.388872
0.333027
0.32106
0.330736
0.338376
0.321617
0.33941
0.325995
0.421525
0.393002
0.420328
0.378225
0.407794
0.37515
0.387674
0.332318
0.319843
0.329147
0.336523
0.320537
0.338604
0.324597
0.328099
0.326684
0.335174
0.317685
0.322176
0.327769
0.32168
0.336776
0.349477
0.336408
0.344037
0.330245
0.34284
0.335606
0.327779
0.326247
0.334814
0.317279
0.321489
0.32693
0.32112
0.336473
0.349151
0.335913
0.343697
0.32945
0.342224
0.334625
0.289981
0.293382
0.288345
0.293497
0.288508
0.283077
0.28414
0.289541
0.292903
0.2879
0.292923
0.288076
0.282612
0.283601
0.333932
0.340667
0.332898
0.337401
0.33706
0.325961
0.329654
0.333838
0.327406
0.337112
0.338686
0.325421
0.329838
0.331118
0.332792
0.339367
0.331641
0.335965
0.335605
0.324595
0.328004
0.33285
0.325855
0.335944
0.337651
0.323823
0.328033
0.329404
0.189675
0.192743
0.189554
0.193022
0.190287
0.192881
0.189868
0.182232
0.185602
0.182588
0.185441
0.182353
0.185759
0.182836
0.182719
0.186114
0.18321
0.185796
0.182755
0.186167
0.183278
0.255824
0.215176
0.259219
0.260582
0.211996
0.258303
0.214189
0.183057
0.186426
0.183518
0.186083
0.183075
0.186453
0.183542
0.255469
0.215357
0.254724
0.251274
0.21296
0.252758
0.212957
0.183241
0.186592
0.183668
0.186239
0.183248
0.186602
0.18368
0.253499
0.215427
0.253501
0.248638
0.212163
0.24877
0.21244
0.183247
0.186602
0.183679
0.186234
0.18324
0.186591
0.183668
0.253483
0.215344
0.253545
0.248543
0.212448
0.248462
0.212306
0.183073
0.186451
0.18354
0.18607
0.183055
0.186425
0.183515
0.253591
0.214966
0.254197
0.25013
0.212541
0.249208
0.212362
0.182753
0.186165
0.183275
0.185772
0.182717
0.186111
0.183206
0.256609
0.215391
0.258437
0.258164
0.214048
0.255078
0.214034
0.182351
0.185756
0.182833
0.185356
0.18223
0.1856
0.182586
0.245451
0.204088
0.232957
0.209085
0.248119
0.234748
0.203657
0.192405
0.190628
0.192271
0.190971
0.191384
0.190515
0.189667
0.190284
0.192881
0.189867
0.192771
0.189674
0.192743
0.189553
0.197319
0.199707
0.196789
0.195739
0.197331
0.195309
0.196417
0.215516
0.256771
0.258709
0.258456
0.214138
0.214161
0.255244
0.214993
0.253604
0.254221
0.250148
0.212557
0.212386
0.249216
0.21535
0.253483
0.253548
0.248544
0.212448
0.212311
0.248461
0.215419
0.253491
0.253497
0.248638
0.212151
0.212433
0.248766
0.215317
0.255375
0.254675
0.251231
0.212903
0.212919
0.252668
0.215006
0.255177
0.258776
0.260086
0.211782
0.214011
0.257565
0.19729
0.19968
0.196773
0.195728
0.197304
0.195291
0.196404
0.246183
0.204273
0.233545
0.209322
0.248949
0.235398
0.203863
0.372982
0.329358
0.312788
0.368013
0.388891
0.354033
0.324834
0.372246
0.327496
0.311366
0.366971
0.388032
0.323163
0.353207
0.192429
0.190651
0.192311
0.190985
0.1914
0.190539
0.189684
0.191982
0.190141
0.190868
0.188765
0.188052
0.187503
0.189205
0.193664
0.193854
0.194306
0.191113
0.189605
0.190809
0.190007
0.194738
0.195577
0.195311
0.192396
0.191447
0.191222
0.192562
0.196265
0.195757
0.196515
0.193747
0.192445
0.193625
0.19261
0.196249
0.197315
0.19707
0.194446
0.193362
0.193245
0.194537
0.197635
0.196872
0.197738
0.195018
0.193796
0.195012
0.193804
0.197013
0.198002
0.197904
0.195228
0.194048
0.193987
0.195274
0.198
0.197009
0.1979
0.195225
0.194045
0.195272
0.193983
0.196864
0.197625
0.19773
0.195011
0.193787
0.193797
0.195004
0.197301
0.196232
0.197054
0.194432
0.193348
0.194525
0.193229
0.195733
0.19624
0.196493
0.193729
0.192423
0.192591
0.193605
0.195546
0.194698
0.195275
0.192371
0.19142
0.192538
0.191194
0.193802
0.193615
0.194261
0.191086
0.189573
0.189976
0.19078
0.191932
0.19009
0.190826
0.188742
0.188022
0.189179
0.187476
0.243465
0.228188
0.21981
0.226831
0.228045
0.228884
0.239
0.242753
0.227836
0.219527
0.226455
0.227607
0.228494
0.238417
0.231953
0.231242
0.235228
0.220782
0.223637
0.224444
0.220885
0.231483
0.230769
0.234671
0.220524
0.223339
0.224116
0.220606
0.215219
0.214063
0.212868
0.212868
0.212316
0.210847
0.210181
0.215014
0.212685
0.213858
0.212152
0.212695
0.210698
0.210026
0.362157
0.365747
0.3554
0.353305
0.361923
0.355712
0.36202
0.361468
0.362883
0.352967
0.351277
0.36056
0.354692
0.359718
0.311381
0.298863
0.297553
0.303773
0.301062
0.2867
0.289291
0.310791
0.298246
0.296843
0.303029
0.300229
0.286073
0.288581
0.189041
0.192363
0.189238
0.19236
0.189267
0.192654
0.189885
0.189266
0.192653
0.189882
0.192253
0.18904
0.192363
0.189237
0.189719
0.191831
0.192108
0.189663
0.187199
0.188364
0.188931
0.190361
0.188683
0.189586
0.189488
0.189765
0.188516
0.188034
0.190344
0.188666
0.189563
0.189477
0.189753
0.1885
0.188022
0.189689
0.191755
0.19205
0.18963
0.187174
0.188344
0.188889
0.287166
0.333259
0.324134
0.291748
0.257135
0.257003
0.29378
0.285966
0.331765
0.322971
0.29074
0.256312
0.25623
0.292609
0.223457
0.215175
0.213216
0.216151
0.213506
0.209809
0.209481
0.223087
0.213013
0.214937
0.215883
0.213284
0.209642
0.209302
0.176453
0.180724
0.178159
0.179799
0.177038
0.183177
0.180799
0.205836
0.19832
0.219873
0.220891
0.192448
0.20541
0.197679
0.177029
0.183154
0.180772
0.17921
0.176448
0.180714
0.178146
0.198179
0.205618
0.2195
0.220487
0.19235
0.197526
0.205175
0.187465
0.187844
0.18873
0.187187
0.185201
0.186546
0.185938
0.187807
0.187443
0.188699
0.187168
0.185184
0.185917
0.186532
)
;

boundaryField
{
    inlet
    {
        type            fixedValue;
        value           uniform 0.3;
    }
    outlet
    {
        type            zeroGradient;
    }
    top
    {
        type            zeroGradient;
    }
    bottom
    {
        type            zeroGradient;
    }
    front
    {
        type            zeroGradient;
    }
    back
    {
        type            zeroGradient;
    }
    wing
    {
        type            kqRWallFunction;
        value           nonuniform List<scalar> 
7556
(
1.29665
1.08334
1.09283
0.453397
0.453107
0.434081
0.444283
0.433755
0.443903
0.359087
0.361903
0.358994
0.587827
0.361933
0.587432
0.38129
0.440511
0.37792
0.381164
0.561668
0.440476
0.377805
0.561399
0.910512
0.272083
0.324984
0.337909
0.343968
0.548193
0.654155
0.613008
0.580426
0.602476
0.271991
0.325003
0.337734
0.344023
0.549447
0.653256
0.615256
0.581045
0.601821
0.407489
0.427345
0.352984
0.403099
0.40731
0.463614
0.773296
0.54874
0.529327
0.427299
0.352783
0.403026
0.464134
0.549734
0.528798
0.663036
0.639234
0.766696
0.664696
0.637437
0.935777
0.877691
0.69205
0.494991
0.520105
0.525493
0.515902
0.491662
0.777917
0.34697
0.387505
0.659843
0.486816
0.389667
0.395396
0.490486
0.510422
0.397271
0.397942
0.5146
0.519708
0.397918
0.397286
0.519695
0.514606
0.395389
0.389665
0.510428
0.490599
0.387514
0.346946
0.486947
0.659884
0.341364
0.756596
0.491507
0.515891
0.525504
0.52011
0.495122
0.692147
0.341341
0.75715
0.374667
0.380624
0.493615
0.49571
0.391378
0.392463
0.500609
0.503982
0.397293
0.397642
0.517283
0.51896
0.397617
0.397314
0.518957
0.517289
0.392466
0.39138
0.50403
0.500661
0.380595
0.374639
0.495965
0.493865
0.777199
0.498476
0.505747
0.522984
0.524717
0.509128
0.500764
0.360118
0.517152
0.441733
0.385855
0.446172
0.44494
0.487948
0.571407
0.500506
0.480464
0.586226
0.513383
0.486611
0.635901
0.624802
0.524394
0.390124
0.45005
0.453782
0.393874
0.464881
0.463752
0.483192
0.625996
0.496312
0.573861
0.523779
0.490169
0.508878
0.589502
0.585149
0.492982
0.396122
0.468407
0.468622
0.397745
0.472197
0.472148
0.497033
0.592482
0.515379
0.594965
0.495363
0.501273
0.519669
0.601204
0.600688
0.501606
0.397719
0.472187
0.472141
0.396138
0.468409
0.46862
0.501104
0.60099
0.519663
0.600464
0.501444
0.497068
0.515396
0.592559
0.595023
0.495427
0.39387
0.464867
0.463757
0.390122
0.450091
0.453811
0.490087
0.589467
0.508897
0.585032
0.492943
0.483093
0.496398
0.625781
0.573725
0.52363
0.385867
0.446219
0.445
0.360092
0.517094
0.44174
0.513307
0.635698
0.486801
0.624673
0.52427
0.48789
0.500598
0.57129
0.586105
0.480398
1.11076
0.500462
0.509074
0.524719
0.522992
0.505808
0.498771
1.21835
0.366479
0.478306
0.426421
0.450993
0.444226
0.436241
0.429967
0.384541
0.452705
0.445287
0.432081
0.430397
0.438116
0.429777
0.493481
0.491485
0.613888
0.593975
0.509793
0.509289
0.488818
0.616272
0.618369
0.513141
0.390268
0.436038
0.439265
0.457151
0.455802
0.442461
0.441244
0.393228
0.46023
0.461889
0.449695
0.448648
0.445436
0.446872
0.482796
0.498552
0.578806
0.573995
0.485837
0.488991
0.506724
0.580653
0.583621
0.487311
0.396624
0.453025
0.453154
0.470341
0.469731
0.454811
0.454216
0.397577
0.471628
0.471697
0.456525
0.456473
0.455991
0.456057
0.498469
0.516601
0.598474
0.59673
0.499678
0.500816
0.519091
0.599641
0.600043
0.50058
0.397552
0.456515
0.456465
0.471621
0.471687
0.455984
0.456047
0.396647
0.470343
0.469735
0.453026
0.453152
0.454812
0.454218
0.500644
0.519082
0.599408
0.599816
0.500405
0.498604
0.516613
0.59854
0.596904
0.499747
0.393224
0.449679
0.44865
0.460245
0.461893
0.445446
0.446873
0.390267
0.457166
0.455824
0.436065
0.439285
0.442469
0.441257
0.488918
0.506754
0.580589
0.583515
0.487273
0.482705
0.498623
0.578742
0.573872
0.485797
0.384519
0.432116
0.43044
0.452777
0.445349
0.438164
0.429817
0.366451
0.451064
0.444275
0.478179
0.426421
0.436288
0.43
0.509219
0.489038
0.616169
0.618249
0.513083
0.493423
0.491638
0.613785
0.593862
0.509733
0.333134
0.335628
0.612785
0.513734
0.631752
0.848253
0.820673
0.368822
0.369166
0.671273
0.501263
0.614509
0.800232
0.85887
0.377116
0.378014
0.636489
0.521079
0.639365
0.836306
0.832649
0.381427
0.381485
0.646286
0.525463
0.64564
0.84293
0.843263
0.375382
0.375012
0.633192
0.514268
0.627987
0.822094
0.828955
0.365686
0.364786
0.685932
0.491907
0.677189
0.889022
0.882838
0.350134
0.386491
0.619089
0.576675
0.486706
0.473689
0.390049
0.394778
0.477471
0.493497
0.510312
0.495873
0.397837
0.397931
0.499902
0.516234
0.519706
0.504596
0.397905
0.397849
0.504584
0.519697
0.516241
0.499906
0.394767
0.390048
0.495874
0.510331
0.493596
0.477564
0.386497
0.35011
0.473795
0.486848
0.576632
0.619063
0.629792
0.567812
0.480085
0.352333
0.350247
0.491678
0.686177
0.67735
0.889222
0.883145
0.371416
0.371068
0.514245
0.633228
0.628119
0.822275
0.828981
0.380411
0.380333
0.525469
0.646526
0.645891
0.843284
0.843605
0.380897
0.381049
0.521097
0.636569
0.63943
0.836419
0.832742
0.372725
0.373001
0.501363
0.671025
0.614352
0.80004
0.858564
0.357374
0.35848
0.513891
0.612596
0.631553
0.845459
0.814353
0.630221
0.567707
0.480009
0.339766
0.371902
0.348459
0.34906
0.373911
0.379641
0.38167
0.36114
0.361285
0.355256
0.391454
0.384287
1.07158
0.492182
0.480117
0.478827
0.496829
0.482137
0.483154
0.365478
0.390795
0.368051
0.396647
0.399963
0.392861
0.37244
0.37256
0.3704
0.370092
0.405459
0.402902
0.500573
0.486651
0.486656
0.505642
0.489991
0.375201
0.374653
0.397158
0.375863
0.408904
0.409564
0.397723
0.37693
0.376939
0.376613
0.410904
0.410519
0.517286
0.502331
0.50233
0.519114
0.503906
0.504029
0.376922
0.397698
0.376603
0.410896
0.410509
0.39718
0.375194
0.374649
0.375863
0.375947
0.408897
0.409564
0.51911
0.503902
0.504024
0.517296
0.502336
0.372431
0.372544
0.392862
0.370387
0.405454
0.402893
0.390796
0.365462
0.364691
0.368036
0.396641
0.399951
0.505673
0.490029
0.491467
0.500626
0.486693
0.486696
0.361123
0.381642
0.355236
0.391446
0.38428
0.371871
0.339745
0.335538
0.348438
0.349042
0.373872
0.37963
0.497076
0.48234
0.492414
0.480314
1.08313
0.36006
0.363109
0.342358
0.339503
0.500106
0.662785
0.640821
0.856571
0.875417
1.36724
1.35246
0.903368
1.35908
0.87115
0.938349
0.908397
0.890537
0.929405
0.403139
0.369592
0.369235
0.5035
0.62045
0.614832
0.800375
0.804944
1.28653
1.27354
0.848614
0.750176
0.908742
0.771034
0.847766
0.784647
0.773988
0.853307
0.378559
0.378582
0.415816
0.522293
0.643253
0.641281
0.838492
0.841087
1.33795
1.33126
0.883421
0.816684
0.87959
0.824301
0.885231
0.88761
0.419477
0.381282
0.38135
0.419284
0.419362
0.524864
0.644278
0.644865
0.842774
0.84183
1.33916
1.32009
0.894581
0.831621
0.89495
0.832084
0.893437
0.831469
0.831176
0.888405
0.374302
0.374596
0.410418
0.410798
0.512126
0.622477
0.626293
0.82041
0.814742
1.29256
1.30204
0.868995
0.810906
0.876432
0.803573
0.867882
0.862258
0.363454
0.364092
0.494499
0.664283
0.669597
0.881617
0.875612
1.36724
1.39463
0.941114
0.748139
0.931163
0.752948
0.936697
0.927339
0.290234
0.302461
0.300579
0.291975
0.354936
0.543447
0.464534
0.482569
0.445573
0.447484
0.455615
0.310016
0.321036
0.309635
0.321488
0.386472
0.449293
0.446166
0.449277
0.448324
0.445299
0.448483
0.483584
0.514753
0.535888
0.574525
0.524969
0.481303
0.481455
0.505369
0.547724
0.579393
0.54318
0.517422
0.486138
0.473111
0.472928
0.635712
0.592411
0.580509
0.630923
0.521322
0.554879
0.314381
0.326344
0.326075
0.314646
0.389611
0.453051
0.452273
0.455385
0.453693
0.457128
0.456954
0.319304
0.331037
0.319123
0.331235
0.394362
0.468594
0.464796
0.468517
0.467433
0.464175
0.467899
0.508213
0.492508
0.604419
0.586599
0.495719
0.482645
0.538675
0.582064
0.513205
0.552208
0.516295
0.490623
0.509607
0.494479
0.495102
0.587438
0.551897
0.548171
0.585939
0.491608
0.519508
0.321793
0.333581
0.333867
0.321543
0.397366
0.472211
0.46952
0.473384
0.469609
0.472533
0.473502
0.323252
0.335382
0.323242
0.33539
0.397792
0.476182
0.472192
0.476178
0.476139
0.47212
0.476111
0.523933
0.496547
0.59344
0.554639
0.516483
0.500488
0.556795
0.594136
0.496104
0.522047
0.528553
0.501217
0.519641
0.504557
0.504528
0.601009
0.562339
0.561905
0.600627
0.501479
0.528928
0.323244
0.335373
0.335382
0.323234
0.397766
0.476171
0.472184
0.476169
0.472112
0.476132
0.476103
0.321783
0.333578
0.32154
0.333857
0.397358
0.472212
0.469516
0.473382
0.472534
0.469613
0.473507
0.528369
0.50105
0.600789
0.562145
0.519634
0.50455
0.561702
0.600405
0.501312
0.528752
0.523973
0.496535
0.516491
0.5005
0.501558
0.593475
0.55471
0.556842
0.594123
0.496142
0.522115
0.319291
0.331027
0.331222
0.319113
0.394354
0.468583
0.464805
0.468527
0.464172
0.467441
0.467899
0.314365
0.326329
0.314631
0.326059
0.389611
0.453103
0.452306
0.455427
0.457165
0.453721
0.456992
0.516204
0.490528
0.587326
0.551862
0.509627
0.494493
0.548068
0.585809
0.491518
0.51947
0.508104
0.492394
0.49581
0.482715
0.482306
0.604232
0.586412
0.538553
0.581905
0.513076
0.552042
0.310001
0.321021
0.321474
0.309621
0.386479
0.449352
0.446209
0.449335
0.445351
0.4484
0.448552
0.290216
0.302442
0.291956
0.300561
0.354911
0.543411
0.464428
0.482454
0.447486
0.445529
0.455558
0.543093
0.517334
0.635539
0.592242
0.4863
0.47326
0.580403
0.630771
0.52122
0.554736
0.514684
0.483524
0.524997
0.481342
0.499253
0.574393
0.535801
0.547638
0.579262
0.481391
0.505296
0.583821
0.413476
0.346387
0.348034
0.434166
0.430365
0.494234
0.664411
0.669746
0.881791
0.875745
1.3673
1.39476
0.941318
0.747347
0.931488
0.751499
0.936877
0.766256
0.927472
0.753925
0.370391
0.370775
0.449925
0.51209
0.622555
0.626414
0.820577
0.814857
1.29269
1.30226
0.869184
0.810836
0.876451
0.803449
0.868057
0.862378
0.80063
0.460951
0.379813
0.379882
0.41743
0.417512
0.464504
0.463885
0.524872
0.644538
0.645119
0.843128
0.842177
1.33963
1.32056
0.894955
0.831643
0.895309
0.832083
0.893809
0.831464
0.888765
0.831174
0.381003
0.380978
0.465575
0.522306
0.643317
0.641474
0.838743
0.84115
1.33798
1.33162
0.883546
0.816704
0.879686
0.824362
0.885494
0.828358
0.887675
0.826062
0.373348
0.373092
0.409252
0.503583
0.620375
0.614694
0.800203
0.80484
1.28641
1.27335
0.848417
0.750856
0.908423
0.771438
0.847587
0.853203
0.774349
0.361382
0.360898
0.395684
0.442553
0.440496
0.50031
0.662656
0.640657
0.855838
0.875284
1.36716
1.35278
0.900183
1.35678
0.945349
0.90749
0.771792
0.929253
0.896659
0.584075
0.317224
0.312635
0.31065
0.319084
0.343238
0.297552
0.307129
0.296556
0.308382
0.368515
0.325383
0.317316
0.323584
0.31887
0.350246
0.349435
0.445703
0.438604
0.373918
0.42728
0.410004
0.453633
0.450479
0.452946
0.447687
0.448188
0.45085
0.379689
0.419456
0.435914
0.419194
0.433926
0.306868
0.318847
0.307505
0.318172
0.383261
0.339759
0.332135
0.332665
0.339152
0.360201
0.359542
0.336144
0.329865
0.329181
0.336793
0.356656
0.356993
0.455413
0.454401
0.456806
0.449034
0.450167
0.453692
0.41649
0.432061
0.416451
0.390329
0.431078
0.440063
0.386119
0.434266
0.492174
0.540615
0.495139
0.520852
0.49935
0.490886
0.476034
0.608599
0.572988
0.554567
0.601674
0.504885
0.538065
0.50296
0.499083
0.439627
0.438271
0.440537
0.538514
0.50805
0.494149
0.474763
0.614812
0.575524
0.575053
0.614369
0.51095
0.540946
0.506502
0.561682
0.564684
0.504741
0.504893
0.559557
0.502856
0.344962
0.337792
0.337537
0.345188
0.365921
0.365932
0.31586
0.327367
0.315636
0.327615
0.390766
0.346657
0.338878
0.346369
0.339146
0.367581
0.438009
0.422169
0.397386
0.439246
0.460595
0.457197
0.460635
0.459163
0.456507
0.459936
0.399395
0.442504
0.441846
0.425639
0.318151
0.330223
0.318345
0.330021
0.392738
0.350745
0.342769
0.342978
0.350531
0.372005
0.34942
0.341904
0.341707
0.349605
0.37068
0.463706
0.461245
0.464819
0.465529
0.461923
0.465553
0.432936
0.449608
0.404936
0.449008
0.431972
0.432274
0.446295
0.40331
0.446904
0.513364
0.514657
0.507992
0.483483
0.499713
0.484847
0.485857
0.576883
0.542748
0.538631
0.575216
0.484534
0.511515
0.51682
0.516202
0.456622
0.453136
0.453434
0.515032
0.488092
0.506666
0.49238
0.58127
0.54442
0.546792
0.58225
0.487562
0.513068
0.525369
0.579088
0.524895
0.522196
0.576541
0.575278
0.523225
0.353639
0.345422
0.345759
0.353254
0.375266
0.32231
0.334228
0.322159
0.334393
0.396872
0.354142
0.346103
0.35395
0.346281
0.375645
0.375448
0.436046
0.454009
0.408964
0.454081
0.436977
0.474241
0.470318
0.47423
0.473649
0.469968
0.473885
0.409292
0.4377
0.454776
0.437654
0.454442
0.323039
0.335199
0.323069
0.335166
0.397518
0.355265
0.347334
0.347342
0.355259
0.376868
0.376873
0.355022
0.347139
0.347108
0.355053
0.376623
0.376633
0.475594
0.471696
0.475674
0.475669
0.471743
0.475722
0.43927
0.456519
0.439263
0.410835
0.456448
0.456047
0.410551
0.456092
0.53246
0.587625
0.533081
0.525456
0.498529
0.516905
0.501685
0.597792
0.559964
0.55843
0.596877
0.499206
0.52681
0.534962
0.534905
0.466559
0.46635
0.465745
0.52805
0.500541
0.519169
0.504014
0.599692
0.561026
0.561342
0.599622
0.500632
0.527783
0.538095
0.594447
0.594401
0.538127
0.5373
0.593445
0.537534
0.355257
0.347325
0.347334
0.35525
0.37686
0.376865
0.32303
0.33519
0.32306
0.335157
0.397492
0.355013
0.347129
0.355043
0.347098
0.376613
0.45651
0.439254
0.410827
0.456439
0.475589
0.471688
0.475667
0.475659
0.471735
0.475715
0.410542
0.456039
0.456084
0.438852
0.322309
0.334228
0.322158
0.334393
0.396896
0.353629
0.345418
0.34575
0.353249
0.375258
0.354142
0.346102
0.346281
0.353948
0.375645
0.474244
0.470322
0.474235
0.473653
0.469973
0.473891
0.436045
0.454003
0.408959
0.454082
0.436117
0.436975
0.454779
0.409292
0.454446
0.537904
0.537935
0.527864
0.500368
0.519164
0.504005
0.504077
0.59946
0.560817
0.561138
0.599393
0.500457
0.527593
0.537103
0.537338
0.461011
0.464639
0.464025
0.525602
0.498665
0.516917
0.501694
0.597945
0.560031
0.558588
0.597052
0.49933
0.526878
0.532446
0.587604
0.533106
0.535117
0.590736
0.59082
0.535059
0.350731
0.342758
0.342965
0.35052
0.371992
0.318141
0.33021
0.318332
0.330011
0.392736
0.34941
0.341891
0.349589
0.341696
0.370672
0.370725
0.43292
0.449613
0.404925
0.449001
0.432266
0.463724
0.461252
0.464831
0.465537
0.461931
0.465567
0.403304
0.429067
0.446296
0.429774
0.446908
0.315845
0.327351
0.31562
0.3276
0.390763
0.344944
0.337776
0.337521
0.345172
0.365907
0.365917
0.34664
0.338861
0.339131
0.346352
0.367565
0.367315
0.460616
0.457207
0.460651
0.459193
0.456526
0.459962
0.420477
0.438031
0.422181
0.397379
0.439263
0.442507
0.399384
0.441858
0.525264
0.578956
0.524799
0.514951
0.48802
0.506699
0.492403
0.581186
0.544366
0.546701
0.58215
0.487508
0.513023
0.522119
0.523138
0.446059
0.446476
0.449229
0.507892
0.483406
0.49978
0.484903
0.576806
0.542694
0.538521
0.575113
0.484477
0.511469
0.513244
0.566929
0.568353
0.514539
0.516723
0.568744
0.516102
0.339743
0.33212
0.33265
0.339137
0.360186
0.35953
0.306849
0.318825
0.307483
0.318153
0.383236
0.336124
0.329842
0.336769
0.329162
0.35664
0.432087
0.416465
0.390326
0.431111
0.455509
0.454468
0.456897
0.449116
0.450235
0.453782
0.386116
0.440108
0.434312
0.414854
0.29753
0.307109
0.296536
0.30836
0.368484
0.317205
0.312616
0.310632
0.319064
0.343217
0.325361
0.317297
0.318848
0.323564
0.350227
0.453728
0.450549
0.453036
0.447741
0.448251
0.450928
0.445538
0.438494
0.373895
0.427239
0.410294
0.409969
0.43596
0.379681
0.433968
0.506413
0.504668
0.538433
0.507992
0.494387
0.474936
0.480297
0.614707
0.57544
0.574958
0.614264
0.510886
0.540876
0.504831
0.502792
0.413443
0.434129
0.430324
0.520782
0.499287
0.491081
0.476142
0.608496
0.572906
0.554482
0.601563
0.504827
0.537996
0.492119
0.540546
0.495084
0.5029
0.549395
0.554256
0.499025
0.604967
0.794102
0.498118
0.528865
0.525274
0.521871
0.525494
0.561436
0.561435
0.51579
0.550118
0.491548
0.521897
0.324697
0.318178
0.608087
0.810731
0.335151
0.722002
0.767668
0.491378
0.515767
0.550286
0.525503
0.561445
0.561446
0.52188
0.554923
0.498234
0.529033
0.605014
0.697492
0.335123
0.722432
0.768825
0.757147
0.607516
0.812326
0.497262
0.530781
0.50567
0.538185
0.538406
0.522992
0.5249
0.560768
0.5605
0.510919
0.544242
0.501919
0.533512
0.329683
0.331251
1.06921
0.418305
0.965173
0.996654
0.501625
0.510881
0.524903
0.560769
0.560496
0.523003
0.505734
0.538493
0.497539
0.532822
0.531199
0.329646
0.331192
1.07614
0.418076
1.22705
0.98041
0.617182
0.662697
0.545125
0.61782
0.57098
0.623512
0.686486
0.750779
0.838442
0.744079
0.868965
0.840081
0.77803
0.721666
0.829332
0.645577
0.724368
0.500502
0.531774
0.532988
0.622443
0.664632
0.714512
0.807197
0.545609
0.547931
0.541879
0.551638
0.772827
0.829245
0.63755
0.688429
0.52217
0.556412
0.638372
0.691803
0.750981
0.834928
0.576491
0.581533
0.574061
0.584068
0.747236
0.833878
0.646049
0.699829
0.525437
0.645598
0.699058
0.762175
0.842421
0.581224
0.589083
0.581226
0.589082
0.762922
0.862471
0.630715
0.684777
0.515082
0.628937
0.678642
0.736765
0.823349
0.569002
0.576638
0.569245
0.576359
0.74349
0.825699
0.688508
0.741711
0.491152
0.68409
0.736823
0.79618
0.895609
0.538593
0.544927
0.53874
0.544817
0.793317
0.895133
0.343417
0.303943
1.44109
0.266862
0.278224
0.318578
0.650445
0.746113
0.724834
0.658371
0.631111
0.534428
0.557087
0.504565
0.47813
0.477756
0.66309
0.650512
0.532583
0.490957
0.522786
0.688722
0.741975
0.684279
0.736998
0.796367
0.895847
0.538274
0.544607
0.538459
0.544451
0.7936
0.895411
0.515058
0.630834
0.684811
0.629084
0.678795
0.736929
0.823534
0.568959
0.576605
0.569216
0.57631
0.743519
0.825831
0.525444
0.646294
0.7001
0.645846
0.699342
0.7625
0.84277
0.581234
0.589095
0.581238
0.589092
0.763232
0.862818
0.522182
0.556433
0.637586
0.688514
0.638363
0.691882
0.751072
0.834925
0.576502
0.581555
0.574079
0.584079
0.747325
0.833914
0.500608
0.533131
0.645361
0.724102
0.622264
0.664452
0.714326
0.806965
0.545809
0.548193
0.542111
0.551864
0.772544
0.828966
0.545237
0.618795
0.61693
0.662355
0.623272
0.686126
0.749316
0.833313
0.746689
0.873518
0.842985
0.782175
0.719512
0.831421
0.266843
0.278194
0.318548
0.650863
0.747809
0.726077
0.65999
0.63204
0.534334
0.556997
0.504482
0.478034
0.477626
0.663194
0.650771
0.532536
1.4467
0.865317
0.497054
0.657389
0.719858
0.649667
0.696625
0.760366
0.8637
0.552625
0.557469
0.56168
0.549553
0.780928
0.869572
1.36436
1.36122
0.890422
1.17628
0.766978
1.16123
1.27975
1.20205
1.28674
0.884804
1.14682
1.1571
1.30326
1.10075
1.29009
1.18108
0.917975
1.18849
1.31643
1.31586
1.3077
0.812935
1.31419
0.921152
1.19362
0.60032
1.19068
0.504775
0.537084
0.61823
0.672502
0.616284
0.6654
0.714966
0.80165
0.556042
0.563225
0.562801
0.556373
0.719594
0.803229
1.27758
1.27579
0.85517
1.09273
0.585796
1.09108
1.26209
0.759962
1.21453
0.876035
1.15033
0.581067
1.1062
1.20143
0.763988
1.20022
1.09654
0.849731
0.592782
1.09702
0.782001
1.21283
1.20507
1.20454
0.780173
1.20422
0.850496
1.10442
1.09792
0.522618
0.558102
0.557693
0.642481
0.69614
0.641463
0.693913
0.753222
0.838777
0.578066
0.585827
0.585807
0.578079
0.756051
0.840052
1.3353
1.33184
0.881738
0.619071
1.14038
1.13857
1.25444
0.82403
1.25572
0.881144
1.13645
1.13795
1.25789
0.82529
1.25623
0.620913
1.14225
0.885637
1.14235
1.26045
1.26025
1.25967
1.25944
0.886627
0.621586
1.14384
0.621904
1.14328
0.524953
0.64433
0.697248
0.644302
0.698096
0.760997
0.838028
0.58052
0.58802
0.588374
0.580203
0.757632
0.84159
1.34558
1.31027
0.893911
0.625445
1.15923
0.625304
1.15811
1.28372
0.831759
1.30982
0.914804
0.625345
1.15906
1.18308
1.28387
0.831821
1.2827
0.624472
1.15799
0.887205
1.14718
1.26098
1.26315
1.28236
0.832273
1.26803
0.888539
0.624347
1.14445
1.14541
0.512023
0.545641
0.623434
0.674476
0.624676
0.676746
0.734841
0.818832
0.562514
0.566942
0.569475
0.560069
0.728911
0.818875
1.30233
1.30313
0.870754
1.12436
1.12645
1.25131
0.809246
1.24629
0.872555
1.13325
0.611037
1.12841
1.24223
0.80789
1.2443
1.12312
0.865843
0.604951
1.12061
0.795492
1.22199
1.23761
1.24102
1.24148
0.8665
1.11379
1.12209
0.499607
0.526648
0.66348
0.72296
0.664268
0.729063
0.788991
0.875733
0.551014
0.556922
0.557493
0.550056
0.782754
0.873902
1.37292
1.37771
0.949762
0.578017
1.20412
0.573925
1.20529
1.28109
0.747321
1.31781
0.947078
1.16913
1.2008
1.32473
0.747846
1.32334
1.20069
0.927433
0.586187
1.19107
0.761356
1.31418
1.31173
1.32185
0.760169
1.31275
0.927729
1.19172
0.586569
1.19017
0.300487
0.290363
0.345658
0.53944
0.739636
0.731091
0.711867
0.794899
0.463703
0.503927
0.692535
0.499321
0.66361
0.723098
0.664399
0.729221
0.789159
0.875886
0.550454
0.556279
0.549499
0.55686
0.782906
0.874043
1.37296
1.37777
0.950014
1.20433
0.573357
1.20559
1.2815
0.746281
1.31817
0.947367
0.57325
1.16951
0.57423
1.20114
1.32493
0.74669
1.32366
0.927587
0.579557
1.20087
1.19119
1.31418
1.3118
0.927878
0.588194
1.19177
1.19029
1.32202
1.31284
0.511985
0.545586
0.623533
0.674575
0.624793
0.676887
0.734992
0.818992
0.562442
0.566839
0.559976
0.569395
0.729015
0.819017
1.30251
1.30334
0.870942
1.12459
1.12666
1.25129
0.809146
1.24646
0.872693
0.610807
1.13324
1.12857
1.24248
0.807783
1.24453
0.86601
1.12334
0.604853
1.12082
1.22215
0.795317
1.23782
0.866649
1.11394
0.602061
1.12228
1.24126
0.797725
1.24171
0.524957
0.64459
0.697543
0.644559
0.698383
0.761325
0.838369
0.580519
0.588015
0.580198
0.588371
0.757947
0.841934
1.34606
1.31075
0.894277
0.62544
1.15969
0.625312
1.15858
1.28421
0.831769
1.31029
0.915166
1.15951
1.18352
1.28438
0.831827
1.2832
0.887564
1.15845
0.624822
1.14762
1.26146
0.832455
1.26363
0.888899
1.14489
1.14586
1.28286
0.832264
1.26851
0.522632
0.55812
0.557708
0.642649
0.696202
0.641656
0.694129
0.753454
0.839026
0.578084
0.585838
0.578089
0.585828
0.756112
0.84026
1.33559
1.33219
0.881735
1.14056
1.13857
1.25457
0.824053
1.25576
0.881182
1.13657
0.619311
1.13799
1.25809
0.825337
1.25623
0.885898
0.620942
1.14258
1.14267
1.26051
1.26054
0.886845
0.621598
1.1439
0.621931
1.14355
1.26002
1.25978
0.504853
0.5372
0.618141
0.672411
0.616166
0.66524
0.714802
0.801507
0.556159
0.563343
0.556478
0.562934
0.719502
0.803119
1.27747
1.27566
0.854928
0.587519
1.09251
1.0908
1.26169
0.760476
1.21419
0.875748
0.578072
1.14995
0.581352
1.10587
1.2012
0.764429
1.19993
0.849587
0.591468
1.09634
1.09686
1.2127
1.20493
0.85038
0.59518
1.1043
1.09779
1.20433
0.780487
1.20406
0.497292
0.657258
0.719718
0.649523
0.696395
0.759802
0.863512
0.553177
0.558113
0.550093
0.562382
0.780764
0.869439
1.36428
1.36115
0.88649
1.17469
0.743559
1.16147
1.1564
1.20524
1.301
0.884946
0.969246
1.17418
1.30233
1.12133
1.29053
0.917673
1.18067
0.613047
1.18845
1.31644
1.31601
0.921004
1.19356
1.19071
1.30763
1.31432
0.300432
0.29032
0.345575
0.741515
0.714562
0.800105
0.463641
0.503851
0.768899
0.767691
0.87039
0.836927
1.36769
1.35555
1.28685
1.33641
0.9269
1.82326
0.979196
0.737202
0.81313
1.82788
0.85827
1.2823
1.27349
0.713831
1.75181
0.7528
0.729866
0.769355
0.744946
0.736655
1.67449
0.776042
1.33774
1.33019
0.781257
0.819182
0.786776
1.71452
0.824814
0.790541
0.788574
1.71616
0.826553
1.34089
1.31399
0.794613
1.77133
0.831722
0.794918
0.832106
0.794284
0.79419
1.76945
0.831599
1.29575
1.30264
0.772327
0.81056
0.766604
1.70245
0.805047
0.751743
0.761742
1.70136
0.800306
1.36772
1.38922
0.708867
1.7742
0.747592
0.711938
0.750822
0.726322
0.718548
1.83068
0.757261
1.36776
1.38929
0.708069
0.746737
0.710649
1.83309
0.749436
0.725009
0.71712
1.83073
0.755761
1.29592
1.30281
0.772248
0.810481
0.766492
1.70277
0.804941
0.751557
0.761582
1.70167
0.800149
1.34137
1.31448
0.794633
0.83174
0.794916
1.77123
0.832103
0.794276
0.794185
1.77009
0.831594
1.33783
1.33055
0.781314
0.819234
0.786847
1.71478
0.824892
0.79057
0.788615
1.7166
0.826593
1.2822
1.27331
0.714436
0.753442
0.730289
1.67439
0.769764
0.745199
0.737017
1.67424
0.776399
1.3676
1.35561
1.28475
1.33565
0.935539
0.988803
0.738704
0.817095
1.82987
0.8629
0.656815
0.592175
0.930176
0.909316
0.865434
0.876892
0.671496
0.74584
0.71527
0.796738
0.561835
0.767467
0.65463
0.591655
0.671263
0.725929
0.930544
0.90878
0.860071
0.872459
0.71265
0.797841
0.561168
0.741251
1.07721
1.59286
0.952451
0.906081
0.821787
0.787568
1.48145
0.898972
1.27801
1.68238
1.27271
1.14305
0.845599
0.999938
1.12082
0.806008
1.09359
1.83785
1.21347
1.36676
1.35821
1.0744
1.17034
1.05799
1.16526
1.0247
1.05329
1.27959
1.4495
1.28164
1.19102
1.24127
1.17925
1.28407
1.45205
1.04087
1.15006
1.05325
1.15366
0.926955
0.887371
0.914278
1.46734
1.2982
0.99501
1.04588
0.982559
1.29372
1.45485
1.08055
1.18338
1.1863
1.08983
0.686742
0.679119
0.745689
0.785293
0.731544
1.47938
1.31795
0.739666
1.48093
1.31715
0.700426
0.711499
0.804319
1.47326
1.31018
0.787302
0.830743
0.779117
1.31248
1.47975
1.09833
1.19434
1.09269
1.19249
1.27883
1.2754
1.00675
1.08319
1.01117
1.08819
0.658669
0.657043
0.709133
1.416
1.24611
0.717826
0.756884
0.713223
1.22597
1.36482
1.06846
1.13665
1.02785
1.11583
0.662526
0.664023
0.724878
1.35011
1.19253
0.727027
0.766649
1.67717
0.722061
1.19648
1.35105
1.00541
1.09583
1.09625
1.00769
0.676716
0.677123
0.743762
0.783016
0.739416
1.3596
1.20834
0.738243
1.35043
1.20605
0.674873
0.674144
0.7314
1.35113
1.20346
0.739434
0.778641
0.734185
1.20368
1.34967
1.01382
1.10073
1.00864
1.09885
1.33474
1.33248
1.04361
1.13992
1.04175
1.13893
0.710905
0.710425
0.774822
1.4019
1.25477
0.785147
0.822849
0.778703
1.2555
1.40284
1.03949
1.13683
1.04109
1.13764
0.71206
0.71204
0.780075
1.40463
1.25743
0.787667
0.8256
1.71406
0.780988
1.25654
1.40323
1.04551
1.14234
1.14218
1.04581
0.714077
0.713985
0.790317
0.828262
0.783755
1.40599
1.26079
0.783519
1.40622
1.26025
0.713414
0.713498
0.781839
1.40628
1.25964
0.789543
0.827472
0.782804
1.25934
1.40561
1.04761
1.14404
1.04681
1.14335
1.33177
1.33317
1.0576
1.15898
1.05658
1.15854
0.718384
0.718336
0.788027
1.43995
1.2845
0.794628
0.831746
0.788031
1.31107
1.46859
1.05751
1.15972
1.07987
1.18417
0.718355
0.718454
0.788274
1.44002
1.28364
0.79486
0.832025
1.77014
0.78823
1.28319
1.43887
1.05657
1.15612
1.14748
1.04831
0.717798
0.717926
0.794932
0.832695
0.787437
1.40641
1.26041
0.788097
1.41092
1.26176
0.717897
0.717737
0.787483
1.43837
1.27969
0.794447
0.831954
0.787695
1.26924
1.41961
1.04828
1.14398
1.0486
1.1448
1.30132
1.30142
1.02772
1.12485
1.02974
1.12571
0.69894
0.699045
0.766065
1.39886
1.25019
0.771439
0.809763
0.765181
1.24733
1.39374
1.03626
1.13223
1.03168
1.12936
0.69754
0.697271
0.760525
1.38984
1.24268
0.76877
0.807075
0.762692
1.24355
1.39178
1.02652
1.12249
1.12122
1.02469
0.68762
0.686806
0.755223
0.793787
0.746104
1.36878
1.22318
0.749618
1.38578
1.22489
0.690014
0.690502
0.755819
1.38871
1.24045
0.760454
0.799087
0.754534
1.23959
1.38977
1.023
1.11546
1.02639
1.11922
1.36979
1.38293
1.11227
1.20595
1.11685
1.20669
0.649045
0.648701
0.704145
1.43572
1.29551
0.708436
0.747167
0.70366
1.30884
1.47714
1.08775
1.18122
1.11355
1.19357
0.64934
0.650368
0.70706
1.48729
1.32592
0.710189
0.749043
1.82848
0.705323
1.32577
1.48366
1.1081
1.19731
1.19403
1.09753
0.662745
0.663464
0.72458
0.762641
0.721433
1.47691
1.3127
0.719879
1.47425
1.31096
0.661609
0.66057
0.713772
1.4848
1.31872
0.720671
0.759092
0.716045
1.31556
1.47557
1.09683
1.19089
1.09669
1.18906
1.36984
1.38301
1.11247
1.20619
1.11714
1.20697
0.648294
0.648004
0.703367
1.43615
1.29591
0.707565
0.746215
0.702821
1.30922
1.47751
1.08812
1.1816
1.11388
1.19393
0.648497
0.649462
0.705808
1.48747
1.32615
0.709038
0.747785
1.82878
0.704213
1.32606
1.48398
1.10828
1.19748
1.09768
1.19417
0.661616
0.662349
0.720146
1.47681
1.31273
0.723245
0.761255
0.718573
1.31102
1.47425
1.09692
1.19098
1.09682
1.18915
0.66045
0.659408
0.712373
1.48494
1.31886
0.719259
0.757598
0.714658
1.31567
1.4756
1.30146
1.30165
1.02793
1.12508
1.02994
1.12595
0.698853
0.698953
0.765989
1.39884
1.25022
0.77133
0.809659
0.765073
1.24746
1.39392
1.03626
1.13226
1.03183
1.12949
0.697449
0.697179
0.760415
1.39011
1.24293
0.768651
0.806958
0.762573
1.2438
1.39202
1.02672
1.1227
1.02489
1.12144
0.687473
0.686651
0.745921
1.36895
1.22335
0.755028
0.793599
0.749425
1.22508
1.386
1.02313
1.11561
1.02657
1.1194
0.68988
0.690375
0.755656
1.38897
1.24069
0.760293
0.798932
0.75438
1.23981
1.39002
1.33223
1.33364
1.05803
1.15945
1.057
1.15899
0.718395
0.718349
0.788047
1.44048
1.28501
0.794644
0.83176
0.788047
1.31156
1.46911
1.05792
1.16019
1.08028
1.18462
0.718363
0.718455
0.788273
1.44057
1.28414
0.79486
0.832023
1.77077
0.788231
1.28368
1.43941
1.057
1.15657
1.04872
1.14792
0.717792
0.717915
0.787428
1.40693
1.26089
0.794918
0.83268
1.72961
0.788084
1.26224
1.41143
1.04869
1.14443
1.04902
1.14525
0.71789
0.717733
0.787479
1.43892
1.28018
0.794443
0.831947
1.74146
0.787691
1.26971
1.42013
1.33501
1.33284
1.04377
1.14006
1.04175
1.13896
0.710929
0.710429
0.774876
1.40204
1.25487
0.785152
0.822852
0.778711
1.25555
1.40288
1.0396
1.13694
1.04113
1.13769
0.712106
0.712094
0.780139
1.40485
1.25759
0.787724
0.825645
1.71406
0.781049
1.25657
1.40324
1.04581
1.14266
1.0461
1.1425
0.714111
0.714017
0.783783
1.40603
1.26087
0.790354
0.828298
1.71509
0.783556
1.26051
1.40653
1.04768
1.14412
1.04706
1.1436
0.713454
0.713533
0.78188
1.40666
1.25999
0.789588
0.827515
1.71467
0.782847
1.25969
1.40597
1.27872
1.27527
1.00653
1.08295
1.0109
1.08792
0.659073
0.657454
0.709718
1.41558
1.24572
0.718321
0.757417
0.713711
1.22561
1.36446
1.0681
1.13627
1.02753
1.11549
0.662889
0.664379
0.725296
1.34986
1.19229
0.72745
0.76707
1.67682
0.722476
1.1962
1.35074
1.00522
1.09564
1.00754
1.09607
0.67696
0.677359
0.739671
1.35946
1.20821
0.744073
0.78332
0.73854
1.20591
1.35028
1.0137
1.10061
1.00851
1.09872
0.675139
0.674406
0.731751
1.3509
1.20326
0.739753
0.778953
0.734502
1.20349
1.3495
1.36667
1.35817
1.07233
1.16846
1.05801
1.16282
1.02492
1.0456
1.27703
1.37235
1.25919
1.18956
1.24155
1.17653
1.31627
1.46492
0.94852
0.895843
0.922027
1.46739
1.29696
1.00738
1.05884
0.99405
1.29209
1.45662
1.07993
1.18305
1.08969
1.18634
0.68818
0.680364
0.732983
1.4795
1.31801
0.747328
0.787108
0.741209
1.31722
1.48127
1.09823
1.19432
1.09263
1.19247
0.702007
0.713649
0.80798
1.47379
1.31016
0.790353
0.834303
0.781925
1.31268
1.48013
1.39837
1.47458
1.82448
1.40122
1.47532
1.29349
1.3805
1.02234
1.18759
1.19712
1.40534
1.50793
1.37471
0.986217
1.14208
1.08954
0.996328
1.04441
1.05879
0.846644
1.45055
1.38475
1.27716
1.24406
1.23547
1.44467
1.54808
1.86983
1.41417
1.27648
1.46129
1.03565
1.13973
1.1346
1.00624
0.968308
1.03212
1.25068
1.1466
1.33479
1.37317
1.12571
0.900279
0.98285
0.875261
0.948474
0.987645
0.911209
0.927816
1.00807
0.847796
0.920963
0.905404
0.984671
0.919464
0.848593
0.852188
0.925792
0.883068
0.956754
0.880012
0.952744
0.958615
0.885479
0.887594
0.960896
0.894276
0.968573
0.895145
0.968751
0.967565
0.893228
0.888249
0.961639
0.8695
0.941547
0.875856
0.949541
0.940392
0.867348
0.862883
0.934789
0.943823
1.02156
0.933791
1.0052
1.01712
0.933556
0.928942
1.00652
0.944028
1.02177
0.934109
1.00555
0.933732
1.0173
0.929082
1.00664
0.869688
0.941748
0.875877
0.949553
0.867527
0.940578
0.862999
0.934916
0.894648
0.968973
0.895509
0.969135
0.893598
0.967963
0.888611
0.962024
0.883181
0.956896
0.880104
0.952848
0.885744
0.958898
0.887659
0.960967
0.847578
0.920757
0.905085
0.984333
0.848421
0.919277
0.852087
0.925683
0.897487
0.980214
0.910251
0.986819
0.92769
1.00794
0.941892
0.860978
0.839848
0.894018
0.968146
0.994298
0.970525
0.881179
0.96264
1.08741
0.915508
0.997627
0.698606
0.714653
0.923171
1.00071
0.644091
0.636272
0.855226
0.928902
0.630579
0.631465
0.878046
0.94769
0.62655
0.848956
0.921172
0.64298
0.642485
0.851176
0.921997
0.648859
0.679015
0.882103
0.954972
0.677875
0.678027
0.880765
0.954338
0.674533
0.885415
0.958985
0.679506
0.679567
0.886775
0.959987
0.680964
0.685013
0.89414
0.967768
0.684931
0.68499
0.915069
0.989689
0.68494
0.886546
0.960656
0.684181
0.684042
0.888769
0.961849
0.683749
0.666008
0.870208
0.94344
0.667328
0.667446
0.873137
0.945311
0.668121
0.866348
0.938335
0.660889
0.660734
0.866115
0.939019
0.653662
0.623898
0.946784
1.02874
0.622306
0.622812
0.946221
1.02601
0.622937
0.930338
1.0071
0.631596
0.629948
0.925502
1.00667
0.637629
0.623114
0.947034
1.02901
0.621693
0.622165
0.946519
1.02632
0.622396
0.930498
1.00725
0.630569
0.628949
0.636272
0.925649
1.00682
0.636654
0.638468
0.665924
0.870402
0.943636
0.667249
0.667367
0.873274
0.945456
0.668065
0.86651
0.938512
0.66076
0.660613
0.656756
0.866268
0.939179
0.653519
0.652926
0.685015
0.894509
0.968161
0.684944
0.685001
0.915433
0.990073
0.684954
0.886905
0.96104
0.684179
0.684044
0.684374
0.889131
0.962234
0.683742
0.68371
0.679057
0.882113
0.954971
0.67789
0.678049
0.880808
0.954377
0.674571
0.885675
0.959263
0.679537
0.6796
0.680748
0.886992
0.96022
0.680984
0.680803
0.636589
0.854988
0.928647
0.630949
0.631827
0.877756
0.947389
0.626965
0.848804
0.921023
0.643234
0.642747
0.64798
0.851058
0.921876
0.649053
0.648913
0.843527
0.88901
0.966533
0.964555
1.00632
0.955832
1.02294
1.09344
1.0711
1.1881
0.670914
0.915263
0.997384
0.922981
1.00058
0.782776
0.867977
1.09084
1.15111
1.16098
1.08364
0.845058
0.950186
1.04904
0.987637
0.976113
0.719616
0.767956
1.16302
0.851252
0.920427
1.0893
1.1344
0.787629
0.883145
0.696222
0.78573
0.962933
0.990451
0.881527
0.655632
0.622414
0.592096
0.599393
0.610462
0.597136
0.594862
0.576966
0.586493
0.59069
0.581767
0.600613
0.602818
0.595914
0.605159
0.604841
0.594365
0.619601
0.629925
0.631323
0.616399
0.627135
0.630184
0.619727
0.620501
0.631618
0.631986
0.621921
0.632498
0.632687
0.621525
0.63638
0.636284
0.625357
0.636315
0.63636
0.635442
0.635738
0.624086
0.635197
0.635537
0.618486
0.61989
0.611458
0.621463
0.621357
0.615394
0.614954
0.599243
0.609541
0.612504
0.587203
0.58339
0.57484
0.583087
0.583616
0.573401
0.590019
0.595361
0.587029
0.598207
0.59631
0.588138
0.575409
0.586448
0.582791
0.574414
0.582659
0.583093
0.5892
0.594492
0.597355
0.586253
0.59547
0.618405
0.619824
0.621421
0.621289
0.615293
0.614853
0.609408
0.612396
0.636376
0.636291
0.625367
0.636331
0.636368
0.625334
0.635445
0.635734
0.635188
0.624083
0.635533
0.624787
0.619643
0.62996
0.631361
0.616422
0.627162
0.6302
0.619746
0.620523
0.631647
0.632014
0.632513
0.621938
0.632714
0.621546
0.588392
0.597386
0.595132
0.577289
0.586852
0.590991
0.60083
0.603015
0.605312
0.596069
0.605023
0.699162
0.762516
0.898149
0.969719
0.657939
0.623508
0.617783
0.600222
0.611485
0.597557
1.05724
1.01227
0.936045
1.20963
0.351523
0.361872
0.368042
0.373869
0.374148
0.365941
0.386362
0.377474
0.377718
0.381535
0.390023
0.394268
0.386387
0.38368
0.399508
0.39656
0.38867
0.39002
0.401969
0.403382
0.391111
0.390726
0.404575
0.404169
0.391103
0.390716
0.404566
0.404159
0.388665
0.390019
0.401964
0.403381
0.38637
0.383672
0.399489
0.396555
0.377709
0.381521
0.390018
0.394258
0.374142
0.365926
0.38636
0.377464
0.351496
0.361857
0.367999
0.373857
1.21954
0.360713
0.370217
0.371421
0.388378
0.389341
0.404281
0.413979
0.398449
0.400032
0.41593
0.403178
0.40301
0.411858
0.396451
0.395202
0.399479
0.384923
0.382442
0.396756
1.12286
0.384978
0.382468
0.396513
0.395255
0.410463
0.403309
0.403144
0.39851
0.400039
0.415935
0.388278
0.389263
0.36069
0.370194
0.371396
0.346814
0.366827
0.379404
0.390003
0.384132
0.382266
0.374139
0.376192
0.403383
0.394043
0.409825
0.411032
0.406743
0.391722
0.39041
0.405291
0.413786
0.412199
0.421359
0.423191
0.418187
0.401959
0.401352
0.425337
0.424629
0.426711
0.426515
0.418788
0.402554
0.402669
0.418938
0.425997
0.426133
0.419158
0.417672
0.408348
0.393277
0.394049
0.41547
0.416414
0.406204
0.403054
0.389506
0.386805
0.382059
0.395323
0.407809
0.402538
0.346764
0.366732
0.357929
0.36165
0.369816
0.373179
0.372229
0.36961
0.384239
0.381593
0.389539
0.386834
0.382089
0.406269
0.403085
0.407842
0.402572
0.379194
0.380704
0.391791
0.393388
0.385621
0.38441
0.3987
0.397387
0.408359
0.393289
0.394099
0.409296
0.419223
0.417731
0.415484
0.41647
0.388686
0.389497
0.401963
0.402842
0.391048
0.39078
0.404514
0.404219
0.418903
0.402691
0.402803
0.426853
0.426661
0.426146
0.426281
0.391039
0.39077
0.404506
0.404209
0.388681
0.389495
0.401957
0.402841
0.418269
0.402056
0.401465
0.417521
0.421424
0.4232
0.425438
0.424751
0.38561
0.384396
0.398689
0.397373
0.379181
0.380693
0.391781
0.39338
0.406715
0.391692
0.390349
0.409715
0.410946
0.413753
0.412131
0.37222
0.369591
0.384234
0.38158
0.357911
0.361636
0.3698
0.37317
0.384105
0.382242
0.374114
0.376164
0.379378
0.389976
0.403354
0.394013
0.351631
0.355148
0.278142
0.268681
0.266938
0.276931
0.269878
0.268861
0.300077
0.291685
0.298224
0.365717
0.364819
0.300546
0.291222
0.297488
0.542447
0.473617
0.303534
0.294338
0.300997
0.3033
0.294556
0.301392
0.308655
0.299794
0.308167
0.375429
0.375072
0.308885
0.299571
0.307772
0.480241
0.49578
0.31082
0.301255
0.309932
0.310413
0.301637
0.310604
0.312237
0.303044
0.312308
0.38152
0.38158
0.312245
0.303036
0.312295
0.501349
0.504594
0.31223
0.303037
0.312298
0.312238
0.303029
0.312283
0.310814
0.301252
0.309929
0.377159
0.378056
0.31041
0.301631
0.3106
0.504585
0.501353
0.308644
0.299782
0.308152
0.308872
0.299561
0.307758
0.303519
0.294321
0.300978
0.368753
0.369099
0.303284
0.29454
0.301374
0.495794
0.480321
0.300061
0.291672
0.298209
0.300533
0.291206
0.297472
0.278125
0.268665
0.266916
0.333115
0.335608
0.269861
0.268839
0.276915
0.473729
0.542349
0.35517
0.391189
0.408007
0.389857
0.409485
0.402176
0.425206
0.421639
0.405595
0.446176
0.407562
0.42709
0.445835
0.407512
0.427183
0.410492
0.43142
0.430513
0.411264
0.419352
0.439551
0.418695
0.440256
0.421828
0.443279
0.443003
0.422065
0.466394
0.423394
0.444785
0.466408
0.423439
0.444731
0.422789
0.465665
0.443991
0.444056
0.422724
0.456517
0.415805
0.43723
0.416523
0.436377
0.413002
0.453096
0.433095
0.433248
0.412872
0.43956
0.402381
0.423831
0.441769
0.404275
0.421665
0.406708
0.427781
0.425411
0.408669
0.335561
0.354355
0.289673
0.282157
0.285898
0.281107
0.284315
0.290741
0.362357
0.377341
0.368319
0.417099
0.374618
0.378807
0.295496
0.286293
0.291018
0.3574
0.286735
0.291777
0.295036
0.358506
0.374034
0.35367
0.367753
0.391567
0.386266
0.382034
0.42226
0.379528
0.422854
0.458141
0.43023
0.456371
0.431839
0.473674
0.448953
0.445297
0.477433
0.40244
0.423913
0.404347
0.421731
0.406742
0.442593
0.427821
0.408704
0.42545
0.473006
0.447825
0.445339
0.475814
0.474986
0.45103
0.479001
0.448285
0.364703
0.378689
0.305361
0.296609
0.303998
0.296368
0.303586
0.305604
0.381505
0.368114
0.395222
0.42046
0.39122
0.394274
0.399954
0.426226
0.426261
0.307213
0.297999
0.305458
0.372733
0.298159
0.30575
0.307047
0.373018
0.386278
0.384054
0.405558
0.399411
0.432848
0.402341
0.429063
0.397017
0.429777
0.479249
0.451037
0.451194
0.479062
0.483868
0.456136
0.455072
0.485115
0.415885
0.437281
0.457426
0.416574
0.436464
0.413034
0.433117
0.412891
0.433285
0.491442
0.491372
0.462697
0.461725
0.492534
0.487261
0.457927
0.48702
0.458127
0.389285
0.311455
0.302349
0.3115
0.302277
0.31138
0.311528
0.389942
0.375948
0.408137
0.402664
0.436909
0.403316
0.40963
0.312016
0.302779
0.31196
0.380996
0.302818
0.312026
0.311977
0.381147
0.391102
0.376575
0.39076
0.410911
0.404568
0.410477
0.438771
0.404203
0.438819
0.496065
0.465157
0.465925
0.495224
0.499577
0.469338
0.469017
0.499956
0.423525
0.444925
0.423568
0.444872
0.422926
0.465836
0.444139
0.422861
0.444204
0.501929
0.471166
0.471104
0.502005
0.501063
0.470279
0.500994
0.470346
0.376931
0.391094
0.312007
0.30277
0.311946
0.30281
0.312012
0.311968
0.39075
0.376566
0.410902
0.43926
0.40456
0.404193
0.410468
0.438764
0.43881
0.311454
0.302348
0.311503
0.380486
0.302277
0.311383
0.311528
0.380412
0.389278
0.389942
0.408131
0.402657
0.436903
0.409629
0.4377
0.403317
0.437655
0.501759
0.471014
0.470949
0.501837
0.500884
0.470117
0.470185
0.500815
0.419396
0.439611
0.460012
0.418753
0.440302
0.421933
0.443363
0.422148
0.443116
0.502339
0.496116
0.465219
0.465973
0.495288
0.499709
0.469424
0.500044
0.469138
0.38627
0.307201
0.297989
0.305445
0.298147
0.305736
0.307038
0.384042
0.370083
0.40554
0.399406
0.432849
0.397006
0.402336
0.305347
0.296595
0.303984
0.371394
0.296353
0.303571
0.30559
0.371042
0.378676
0.3681
0.381492
0.39522
0.39121
0.399945
0.426229
0.394261
0.426259
0.491268
0.462644
0.461632
0.492482
0.487211
0.457901
0.458083
0.486985
0.407469
0.426975
0.407407
0.427083
0.41045
0.44987
0.431385
0.411234
0.430469
0.479127
0.450913
0.451085
0.478925
0.483814
0.456096
0.485069
0.455024
0.361275
0.374019
0.295475
0.286272
0.29099
0.286714
0.291749
0.295015
0.367736
0.353651
0.391569
0.416513
0.386253
0.379515
0.382028
0.422288
0.42288
0.289651
0.282136
0.285869
0.352312
0.281087
0.284287
0.29072
0.350222
0.354334
0.362338
0.377258
0.368295
0.417001
0.3788
0.419482
0.374604
0.41922
0.472917
0.447731
0.445263
0.475707
0.483349
0.474933
0.450986
0.448239
0.478949
0.391156
0.40797
0.410376
0.389824
0.40945
0.402143
0.425168
0.405563
0.421603
0.47901
0.458095
0.430189
0.456323
0.431799
0.473625
0.448912
0.477384
0.445255
0.363111
0.367554
0.366735
0.770311
1.31429
1.81642
1.34694
1.82693
0.403586
0.388593
0.403759
0.388775
1.32687
1.26958
1.67465
1.68485
0.415041
0.399244
0.399873
0.828333
0.826019
1.32054
1.71385
1.32761
1.71348
0.419537
0.403178
0.403029
1.30912
1.31078
1.77058
1.71397
0.411347
0.395917
0.395461
0.7883
0.80079
1.31632
1.71067
1.30366
1.6951
0.398208
0.383506
0.397347
0.382682
0.76765
0.755421
1.34993
1.40076
1.83298
1.82379
0.373994
0.28777
0.29552
0.286122
0.297986
0.280548
0.273869
0.274527
0.27223
0.272018
0.282207
0.299478
0.290291
0.296277
0.363467
0.364116
0.290625
0.296853
0.299136
0.310621
0.399521
0.322612
0.311106
0.322104
0.396777
0.509745
0.544535
0.538097
0.499278
0.506868
0.53486
0.541889
0.398249
0.383554
0.397379
0.38272
0.547777
0.590514
0.585829
0.552097
0.314255
0.325573
0.313967
0.325951
0.30367
0.294967
0.302041
0.294703
0.301595
0.303932
0.308409
0.299166
0.307081
0.374338
0.374641
0.299331
0.30738
0.30824
0.319558
0.411914
0.331764
0.319802
0.331502
0.517145
0.567068
0.568503
0.568961
0.482232
0.547225
0.538328
0.411416
0.395997
0.410854
0.395526
0.516833
0.578486
0.550108
0.548821
0.517949
0.582088
0.580354
0.321854
0.333465
0.321412
0.333954
0.31078
0.301422
0.310079
0.301616
0.310486
0.310562
0.312187
0.302978
0.312201
0.381378
0.381445
0.302988
0.312218
0.312177
0.323304
0.419585
0.335457
0.323313
0.335446
0.419395
0.523353
0.58844
0.555507
0.501551
0.556101
0.522845
0.585574
0.419647
0.40331
0.419473
0.403162
0.528492
0.562172
0.561841
0.528784
0.323296
0.33545
0.323306
0.335438
0.31218
0.30297
0.312188
0.302981
0.312206
0.31217
0.310771
0.301419
0.310079
0.378564
0.378569
0.301607
0.310472
0.310559
0.321849
0.414027
0.333463
0.321409
0.333949
0.528311
0.594222
0.594178
0.561973
0.50452
0.561641
0.528603
0.415085
0.399299
0.415801
0.399861
0.523342
0.588475
0.555544
0.55609
0.522881
0.585656
0.58673
0.319547
0.33175
0.319789
0.331492
0.308397
0.299156
0.307067
0.299319
0.307365
0.30823
0.303654
0.294952
0.302024
0.369537
0.369186
0.294687
0.301578
0.303917
0.314238
0.403057
0.325557
0.313951
0.325935
0.404214
0.516728
0.578376
0.550003
0.495117
0.548705
0.517853
0.582023
0.403507
0.388498
0.403701
0.388703
0.517019
0.568798
0.547084
0.538184
0.310605
0.322599
0.311093
0.322088
0.299463
0.290276
0.296262
0.29061
0.296837
0.299122
0.28053
0.27385
0.274502
0.342337
0.339483
0.272212
0.271994
0.282189
0.287753
0.360038
0.295505
0.286107
0.297969
0.547673
0.561586
0.564572
0.590371
0.473055
0.585705
0.551977
0.363083
0.363086
0.367528
0.366711
0.509675
0.544464
0.538007
0.541799
0.506795
0.534791
0.537441
0.37402
0.410408
0.382253
0.41935
0.392871
0.412807
0.423558
0.394113
0.411213
0.386411
0.378948
0.381228
0.376177
0.37843
0.398906
0.415686
0.396859
0.418093
0.438675
0.39959
0.427572
0.39642
1.3504
1.77466
1.40093
1.82344
0.410086
0.446569
0.407857
0.428359
0.447438
0.408534
0.427567
0.41035
0.391141
0.406225
0.390763
0.405796
0.449315
0.409968
0.42957
0.409689
0.429903
0.45084
0.413073
0.448805
0.412609
0.78809
1.31626
1.71064
1.30388
1.6953
0.45994
0.422232
0.461837
0.419786
0.441038
0.462208
0.420006
0.440745
0.422951
0.4018
0.41807
0.401339
0.421331
0.442465
0.421349
0.44246
0.464752
0.425144
0.463872
0.424628
1.30958
1.77195
1.31127
1.71459
0.426707
0.466184
0.423201
0.444537
0.466163
0.423218
0.444518
0.426536
0.402661
0.418971
0.402582
0.41889
0.422694
0.444111
0.422827
0.44396
0.465533
0.426113
0.465708
0.42603
1.32068
1.71401
1.32784
1.7135
0.457357
0.418505
0.455856
0.415223
0.435461
0.455483
0.415003
0.435725
0.417975
0.393491
0.408705
0.393636
0.408873
0.453377
0.413222
0.434144
0.413754
0.433521
0.452791
0.415715
0.454016
0.415913
0.7849
1.32643
1.75135
1.2694
1.68469
0.404464
0.438217
0.401034
0.41945
0.437639
0.400518
0.420122
0.403436
0.386534
0.390065
0.385672
0.402738
0.418256
0.399391
0.421281
0.443274
0.407388
0.436918
0.406019
1.31137
1.77502
0.641016
0.971524
0.809257
0.943722
1.34796
1.82539
1.82734
0.314287
0.304442
0.307836
0.310413
0.35661
0.345094
0.287519
0.278155
0.280153
0.286657
0.279009
0.281529
0.299755
0.311867
0.310636
0.300886
0.363333
0.327834
0.322507
0.3212
0.32914
0.369079
0.374644
0.410301
0.375013
0.37781
0.414069
0.417678
0.296459
0.288292
0.294172
0.361407
0.297073
0.287686
0.293197
0.360922
0.305889
0.316411
0.305323
0.317171
0.395355
0.340524
0.333832
0.333326
0.340984
0.373019
0.334966
0.327125
0.33374
0.328119
0.369277
0.385182
0.389217
0.414414
0.415371
0.381214
0.386598
0.412492
0.414827
0.489769
0.537513
0.487673
0.46015
0.435583
0.433653
0.462517
0.527176
0.549467
0.554334
0.477127
0.567878
0.561511
0.533073
0.469351
0.438655
0.441452
0.465965
0.507258
0.563115
0.559413
0.510073
0.390098
0.386563
0.395715
0.385699
0.44185
0.40452
0.401082
0.419493
0.437679
0.400555
0.420177
0.403481
0.443315
0.407422
0.402773
0.418294
0.436958
0.399425
0.42132
0.406051
0.536555
0.55855
0.48011
0.573632
0.572176
0.538822
0.50939
0.570577
0.567592
0.513014
0.470909
0.442657
0.443538
0.469802
0.510196
0.56702
0.513417
0.564479
0.47072
0.441355
0.444046
0.468367
0.344714
0.336901
0.337383
0.344127
0.379227
0.3051
0.295898
0.302888
0.30489
0.296106
0.303261
0.316122
0.328143
0.327883
0.316372
0.380991
0.367328
0.347008
0.339696
0.339438
0.347244
0.391859
0.397332
0.423215
0.42324
0.393724
0.398981
0.42513
0.307304
0.298445
0.306247
0.373382
0.307494
0.298257
0.305915
0.373121
0.318063
0.329715
0.317877
0.329934
0.351076
0.343534
0.343269
0.351319
0.385801
0.371837
0.349259
0.341348
0.348975
0.341601
0.38438
0.370739
0.3989
0.404692
0.397388
0.403307
0.430298
0.430323
0.516213
0.572212
0.582113
0.516389
0.479976
0.452648
0.45171
0.481094
0.508833
0.568257
0.568856
0.541078
0.539652
0.510051
0.483005
0.453939
0.454349
0.482498
0.517849
0.571847
0.57009
0.519306
0.40873
0.393517
0.408909
0.393678
0.418593
0.455942
0.415292
0.435525
0.415061
0.435801
0.418048
0.455554
0.452812
0.415747
0.413268
0.434204
0.41381
0.433572
0.41596
0.454082
0.514018
0.492363
0.544849
0.545625
0.513387
0.574203
0.574577
0.526394
0.527789
0.490493
0.460638
0.460966
0.4901
0.521653
0.521358
0.4877
0.459226
0.458482
0.488576
0.353713
0.34533
0.34586
0.353178
0.389344
0.37471
0.311289
0.301983
0.310882
0.311148
0.302117
0.311121
0.322485
0.334663
0.33458
0.322562
0.3897
0.354343
0.346566
0.346479
0.354439
0.40272
0.408155
0.43612
0.403051
0.409066
0.437125
0.437342
0.311983
0.30282
0.312024
0.3811
0.312013
0.30279
0.311973
0.381076
0.323076
0.335163
0.323035
0.335208
0.419051
0.355322
0.347411
0.3474
0.355333
0.391036
0.355043
0.347099
0.354994
0.347147
0.390778
0.404498
0.410853
0.439217
0.439195
0.404229
0.410538
0.438837
0.438861
0.531701
0.586679
0.53076
0.496715
0.466868
0.466485
0.497204
0.525541
0.590559
0.590641
0.50196
0.559364
0.558543
0.526281
0.4989
0.468401
0.468413
0.498867
0.535728
0.592123
0.591565
0.536179
0.419085
0.402797
0.419004
0.402717
0.466571
0.426851
0.423332
0.444681
0.46633
0.423351
0.44466
0.42668
0.465706
0.426262
0.42283
0.444256
0.465877
0.422962
0.444106
0.426178
0.527745
0.593737
0.504083
0.561077
0.560992
0.527835
0.538407
0.594909
0.594785
0.538502
0.501656
0.470887
0.470864
0.501683
0.537406
0.593492
0.537338
0.593562
0.500959
0.470417
0.470246
0.501159
0.355314
0.347403
0.347392
0.355325
0.391028
0.311975
0.302812
0.312011
0.312004
0.302781
0.31196
0.323066
0.335154
0.335199
0.323025
0.390769
0.376623
0.355033
0.347089
0.347137
0.354984
0.40449
0.410844
0.439209
0.439186
0.404219
0.410528
0.438826
0.311288
0.301982
0.310884
0.379894
0.311147
0.302116
0.311123
0.379965
0.322484
0.334663
0.322562
0.33458
0.353705
0.345328
0.345853
0.353175
0.389337
0.374704
0.354343
0.346566
0.354438
0.346478
0.3897
0.375446
0.402715
0.40815
0.403051
0.409065
0.437126
0.437344
0.538217
0.594691
0.594564
0.538315
0.501485
0.470731
0.470709
0.501511
0.527557
0.593509
0.593215
0.560867
0.560785
0.527644
0.500782
0.470259
0.470086
0.500983
0.537206
0.593258
0.593329
0.537138
0.41816
0.40191
0.417606
0.401455
0.422288
0.46182
0.419775
0.441053
0.420018
0.440732
0.422937
0.46222
0.464863
0.425263
0.421442
0.442583
0.421459
0.442579
0.424753
0.464011
0.525687
0.501969
0.559506
0.558703
0.526414
0.592223
0.59173
0.531752
0.530832
0.496699
0.466886
0.466471
0.497228
0.535872
0.53627
0.499041
0.468528
0.468542
0.499007
0.351066
0.343519
0.34326
0.351303
0.385789
0.371826
0.307295
0.298433
0.306232
0.307481
0.298247
0.305902
0.318051
0.329705
0.329922
0.317868
0.384373
0.349246
0.341337
0.341589
0.348964
0.39889
0.404682
0.43197
0.397382
0.403295
0.430295
0.430324
0.305085
0.295882
0.30287
0.37035
0.304874
0.296091
0.303245
0.370727
0.316108
0.328129
0.316358
0.327868
0.405241
0.344697
0.336885
0.337366
0.344111
0.379214
0.346991
0.339681
0.347228
0.339424
0.380976
0.391849
0.397325
0.423225
0.423249
0.39371
0.398975
0.425136
0.425642
0.526281
0.580225
0.527734
0.490397
0.460566
0.460882
0.490018
0.513938
0.576438
0.575182
0.49239
0.544777
0.545534
0.513325
0.487636
0.459157
0.458426
0.488497
0.521591
0.574149
0.574504
0.521319
0.40619
0.391102
0.405737
0.390697
0.445704
0.409983
0.40778
0.428272
0.447337
0.408454
0.427484
0.41027
0.450802
0.413029
0.409899
0.429499
0.448725
0.409626
0.429831
0.412536
0.50875
0.568133
0.485911
0.541008
0.53956
0.509989
0.516076
0.57204
0.581946
0.516233
0.479871
0.452551
0.451617
0.480989
0.517786
0.571785
0.519254
0.57001
0.482918
0.453862
0.45427
0.482411
0.340505
0.333819
0.333309
0.340971
0.373007
0.29644
0.288271
0.294144
0.297051
0.287667
0.29317
0.305867
0.31639
0.317149
0.305302
0.369265
0.356972
0.334943
0.327104
0.328098
0.333719
0.385174
0.389217
0.414441
0.415392
0.381207
0.38659
0.412514
0.287497
0.278134
0.280124
0.346366
0.286636
0.278988
0.281501
0.348008
0.299734
0.311846
0.300865
0.310615
0.314269
0.304428
0.307819
0.310397
0.35659
0.345073
0.327811
0.322486
0.329119
0.321178
0.363317
0.349418
0.36906
0.374629
0.375001
0.377803
0.414086
0.417702
0.509285
0.570434
0.567474
0.512884
0.470834
0.442608
0.443474
0.469744
0.536485
0.558463
0.559479
0.573545
0.572088
0.538749
0.470668
0.441311
0.444002
0.468314
0.510134
0.566942
0.564396
0.513355
0.381196
0.378921
0.378398
0.376148
0.382226
0.419316
0.39284
0.412773
0.394084
0.411179
0.386384
0.423527
0.438638
0.399559
0.39887
0.41565
0.396827
0.418054
0.396387
0.427537
0.527104
0.477276
0.567795
0.561423
0.533005
0.563039
0.559338
0.489714
0.487617
0.460104
0.435543
0.433614
0.462471
0.5072
0.510014
0.4693
0.438612
0.441409
0.465915
0.696128
0.554911
0.557124
0.550308
0.52205
0.261747
0.258492
0.324713
0.269691
0.265769
0.318193
0.258164
0.253499
0.75604
0.521818
0.521636
0.550082
0.557135
0.525466
0.7958
0.261731
0.258471
0.269675
0.265753
0.258148
0.253478
0.532437
0.558514
0.558511
0.541995
0.532313
0.404687
0.40477
0.386382
0.397599
0.383293
1.05287
0.400983
0.349235
0.387497
1.10273
0.372739
0.404728
0.38642
0.397628
0.383337
0.401029
0.427034
0.453231
0.447731
0.422207
0.531858
0.533045
0.541917
0.544182
0.558521
0.558527
0.538283
0.349153
0.387332
0.539527
1.08703
0.372573
0.7334
0.426989
0.45318
0.910934
0.447679
0.422163
0.668762
0.676778
0.739681
0.656161
0.626078
0.683794
0.693867
0.6036
0.683124
0.752492
0.729713
0.970897
0.864869
0.876817
0.696134
0.672134
0.721651
0.548864
0.556824
0.587282
0.588145
0.550367
0.555103
0.585083
0.744288
0.577727
0.689626
0.557581
0.690614
0.74963
0.577052
0.583638
0.575894
0.584722
0.62063
0.62012
0.748539
0.616729
0.619297
0.699556
0.561407
0.561383
0.699039
0.762124
0.581177
0.589063
0.625288
0.581199
0.589047
0.625406
0.762642
0.625402
0.62532
0.681891
0.548223
0.549297
0.679796
0.738067
0.568109
0.574148
0.608358
0.607772
0.566906
0.575425
0.609321
0.609943
0.740358
0.610845
0.610409
0.74668
0.523156
0.521797
0.743486
0.80151
0.538755
0.547244
0.576095
0.540509
0.54522
0.575503
0.801987
0.573656
0.57473
0.350026
0.327441
0.342976
1.27432
1.70168
0.647636
0.351651
0.287629
0.278563
0.273811
0.28232
0.256935
0.303959
0.249984
0.245385
0.327459
0.343435
0.350049
0.342997
0.5279
0.530973
0.502206
0.523044
0.493775
0.511049
0.521487
0.746913
0.743689
0.801728
0.538374
0.546719
0.577297
0.540055
0.544782
0.574904
0.802239
0.572928
0.548181
0.549261
0.682023
0.67996
0.73824
0.568065
0.574088
0.608279
0.607709
0.566854
0.575376
0.609261
0.609868
0.740492
0.611411
0.610971
0.610351
0.561408
0.56139
0.699833
0.699319
0.762444
0.581183
0.589063
0.62529
0.581199
0.589053
0.625407
0.762959
0.625362
0.625409
0.557602
0.689662
0.690605
0.749625
0.577075
0.583667
0.619103
0.575922
0.584749
0.620669
0.62015
0.748576
0.616757
0.531929
0.695882
0.671926
0.721434
0.549046
0.557014
0.550537
0.555306
0.586058
0.585336
0.744025
0.582069
0.571638
0.668133
0.676227
0.737985
0.65838
0.628557
0.686575
0.696157
0.604965
0.690517
0.75229
0.727475
0.881044
0.287613
0.278548
0.273795
0.282302
0.256922
0.249973
0.245374
0.527797
0.502107
0.522969
0.493669
0.510954
1.30938
0.547628
0.538552
0.712297
0.705642
0.768589
0.560498
0.587863
0.642429
0.634456
0.57217
0.572069
0.612069
0.616597
0.774751
0.589648
0.596717
0.796857
1.32812
1.80751
1.33212
1.8086
1.83195
1.83161
0.535458
0.669876
0.667366
0.716551
0.5548
0.559571
0.591259
0.590508
0.553002
0.561467
0.593585
0.718407
0.595036
0.595214
1.27251
1.69196
1.26267
1.67223
1.67122
0.695274
0.694134
0.75358
0.577642
0.584922
0.577194
0.585391
0.62108
0.621473
0.754911
0.828167
0.827563
1.32251
1.71379
1.32505
1.71474
1.71425
0.560724
0.560826
0.697243
0.697219
0.764455
0.580579
0.588323
0.62466
0.580474
0.58843
0.624827
0.624579
0.75955
0.624539
0.624795
0.832464
1.33097
1.80505
1.30893
1.72903
1.74087
0.545899
0.673306
0.674848
0.73306
0.564115
0.571689
0.60496
0.605702
0.564485
0.571221
0.604256
0.732857
0.599834
0.602161
0.60281
0.797882
1.31028
1.70584
1.30665
1.70369
1.70765
1.70616
0.531766
0.721764
0.723199
0.783152
0.549256
0.551334
0.580334
0.582308
0.544444
0.555695
0.584402
0.781426
0.58901
1.40098
1.82161
1.40766
1.8197
1.8212
0.368304
0.386244
0.378443
0.711731
0.393687
0.360182
0.296438
0.302999
0.29941
0.29141
0.363846
0.404803
0.368329
0.386271
0.378501
0.393739
0.360205
0.484333
0.478254
0.433839
0.411792
0.526212
0.5313
0.721903
0.723342
0.783305
0.548696
0.550733
0.581499
0.543917
0.555062
0.585349
0.583587
0.781575
0.585773
0.587313
0.759937
0.758714
1.4014
1.82198
1.40801
1.81954
1.82109
0.545839
0.673424
0.674983
0.733205
0.564049
0.57161
0.604865
0.605595
0.564414
0.571147
0.604172
0.732985
0.599705
0.599128
0.602696
1.31042
1.70605
1.30684
1.70398
1.70791
1.70645
0.560727
0.560829
0.697537
0.69751
0.76477
0.58058
0.588325
0.624476
0.624657
0.580476
0.58843
0.62458
0.759864
0.624337
0.624537
1.33142
1.80566
1.3094
0.695459
0.69435
0.75381
0.577664
0.584942
0.577212
0.585414
0.621106
0.621503
0.755106
0.828208
0.827607
1.32257
1.71383
1.32508
0.535575
0.669772
0.667233
0.716414
0.554937
0.559729
0.590707
0.553143
0.561619
0.592969
0.593781
0.718299
0.59539
0.59453
0.782298
1.27221
1.69158
1.26242
1.67208
1.67103
0.548107
0.538943
0.712156
0.705497
0.768323
0.561109
0.589174
0.644451
0.636102
0.573029
0.572896
0.774559
0.590417
0.592923
0.601258
0.799002
0.815515
1.34838
1.82713
1.34319
1.81607
1.83283
1.83264
0.296421
0.302979
0.299379
0.291387
0.363758
0.530897
0.484273
0.478192
0.779174
0.433789
0.411743
0.873437
0.848194
0.776186
1.30352
1.8113
1.31897
1.82092
0.888623
1.34136
1.83036
0.731921
1.83056
0.842291
0.784097
0.711548
1.7303
1.30544
1.66938
0.731414
1.264
1.67788
0.745433
1.67164
0.734712
0.828462
0.779001
1.71357
1.3202
1.71457
0.786233
1.32805
1.71445
0.790365
1.71543
0.788121
0.832107
0.794507
1.77235
1.30971
1.77095
0.794883
1.311
1.71408
0.793741
1.76198
0.793832
0.790559
0.772606
1.70983
1.31571
1.70238
0.765261
1.30365
1.69586
0.749612
1.70155
0.762131
0.764476
0.7093
1.79348
1.37073
1.83321
0.714006
1.40512
1.82105
0.729423
1.82765
0.716638
0.763094
0.708564
1.79392
1.37121
1.83336
0.71266
1.40532
0.728109
1.82078
1.82761
0.715233
0.79038
0.772535
1.70986
1.3157
1.70267
0.765134
1.30385
0.7494
1.69612
1.70182
0.761967
0.832099
0.79453
1.77302
1.3102
1.7716
0.794882
1.31149
0.793735
1.71468
1.76261
0.793833
0.82849
0.779026
1.71376
1.32037
1.71477
0.786295
1.32824
0.790388
1.71454
1.71586
0.788166
0.784351
0.712179
1.72988
1.30505
1.66914
0.731827
1.26383
0.74569
1.67773
1.67137
0.735077
0.777821
1.29895
1.83245
1.33949
1.82372
0.894509
1.34375
0.733302
1.83091
1.83209
0.847529
0.641585
1.03359
0.702393
0.991333
0.618938
0.683076
0.769677
0.777623
0.6384
1.03949
1.04011
0.70324
1.0049
0.616295
0.675197
0.739035
0.755964
0.904101
0.817267
0.899361
1.19334
1.53305
0.64816
0.743084
0.755018
0.894984
0.61937
0.717684
0.679929
1.1459
1.38378
1.29198
1.22031
1.72914
1.06769
0.778441
0.784762
0.809681
0.757567
1.06223
0.907709
0.870138
0.871832
1.44944
1.29393
1.15203
1.14004
1.80854
1.32371
1.15392
1.45036
1.14171
1.04493
1.13769
1.09878
1.12632
1.0494
1.00857
1.03591
1.46323
0.878218
0.797755
0.825608
1.81549
1.33602
1.04839
1.45887
1.03343
1.08343
0.741591
0.722472
1.08716
0.677876
0.691203
0.700961
0.669715
1.83177
0.756172
1.48155
0.726724
0.668427
0.672105
1.48168
0.749453
1.47711
0.831762
0.754935
0.733544
1.83111
0.771467
1.47845
0.76449
1.09805
0.660801
0.664072
0.641259
1.09499
0.650478
0.677615
0.65631
0.67079
1.00449
0.63881
0.659359
0.658762
0.639116
1.00947
0.655047
0.635509
0.656216
1.39799
0.707005
0.65181
0.653236
1.70771
1.28483
0.720419
1.37789
0.715606
1.05773
0.644639
0.645781
0.625783
1.03526
0.65105
0.649741
1.34348
0.72625
0.667358
0.666529
1.67208
1.26207
0.724513
1.34668
0.719783
1.00617
0.662672
0.663493
1.00684
0.64556
0.666586
0.666069
0.645811
1.67374
0.742821
1.35431
0.73982
0.678287
0.678151
1.35149
0.737434
1.34937
0.729649
0.670533
0.671626
1.67128
0.74082
1.34935
0.735409
1.01106
0.669807
0.669791
0.648727
1.0095
0.64777
0.668498
0.647744
0.668724
1.04316
0.678204
0.701102
0.701519
0.677807
1.04213
0.702469
0.679179
0.702367
1.40213
0.772838
0.70578
0.706986
1.71427
1.32312
0.786147
1.40275
0.779554
1.0399
0.696614
0.697527
0.673938
1.04075
0.701302
0.700972
1.40421
0.77954
0.710761
0.711194
1.71375
1.32456
0.787433
1.40345
0.780836
1.04568
0.702894
0.702915
1.0456
0.680356
0.703666
0.703783
0.680198
1.71422
0.790254
1.40649
0.783572
0.714041
0.7142
1.40613
0.783503
1.4061
0.781476
0.712523
0.71264
1.71474
0.789561
1.40562
0.782785
1.0477
0.704286
0.70445
0.680786
1.04693
0.68072
0.704358
0.680889
0.704217
1.05734
0.684968
0.708721
0.708656
0.685042
1.05693
0.708608
0.684938
0.708687
1.44081
0.787937
0.718311
0.718334
1.80678
1.33239
0.794627
1.46999
0.788043
1.05804
0.708587
0.708592
0.684935
1.08074
0.708651
0.708587
1.43983
0.788255
0.718476
0.718438
1.77056
1.30902
0.794654
1.43939
0.788051
1.0553
0.707688
0.707838
1.04811
0.684236
0.708092
0.70792
0.684399
1.71765
0.794721
1.40577
0.786986
0.717084
0.717294
1.40773
0.787903
1.43454
0.787166
0.717452
0.717625
1.74997
0.79466
1.4225
0.787893
1.04793
0.707329
0.707443
0.683719
1.04843
0.684383
0.707962
0.684247
0.708087
1.02821
0.664078
0.685836
0.686284
0.663851
1.02906
0.688383
0.665998
0.688243
1.39768
0.766284
0.699826
0.699813
1.70664
1.31108
0.770976
1.39484
0.764811
1.03537
0.690552
0.690613
0.667973
1.03252
0.689832
0.689821
1.3902
0.759354
0.694685
0.69534
1.70331
1.30613
0.769457
1.39103
0.763264
1.02598
0.682724
0.68276
1.02494
0.659768
0.681333
0.681632
0.659668
1.69754
0.756757
1.36971
0.744187
0.682413
0.683617
1.37136
0.750966
1.38827
0.756114
0.691677
0.69161
1.70137
0.759363
1.38757
0.753606
1.02408
0.674113
0.675027
0.653082
1.02707
0.656899
0.678876
0.657218
0.678286
1.11485
0.625349
0.646333
0.644505
0.627045
1.11678
0.641923
0.622896
0.642947
1.45218
0.70453
0.64928
0.649165
1.80974
1.3882
0.708611
1.46664
0.703853
1.09693
0.641841
0.641849
0.622772
1.10857
0.641724
0.6413
1.48796
0.7091
0.653818
0.651954
1.83194
1.4088
0.70905
1.487
0.704226
1.10439
0.649204
0.650937
1.1008
0.63418
0.654512
0.653419
0.635301
1.81931
0.723237
1.47506
0.724393
0.666416
0.66428
1.47353
0.718626
1.48171
0.711853
0.656553
0.658287
1.82419
0.721878
1.47849
0.717259
1.09695
0.65892
0.656961
0.639444
1.09499
0.637274
0.655698
0.636518
0.656394
1.11508
0.624462
0.64531
0.643531
0.626111
1.11705
0.641122
0.622162
0.642089
1.45259
0.703815
0.64869
0.648537
1.81015
1.38866
0.707657
1.46705
0.702931
1.09729
0.641278
0.622254
0.641253
1.10892
0.641013
0.640634
1.48818
0.707792
0.652743
0.650929
1.83222
1.40911
0.707986
1.48729
0.703196
1.10456
0.648118
0.649817
1.10096
0.633143
0.653392
0.634263
0.652299
1.475
0.723118
0.665314
0.66318
1.81909
0.721879
1.47351
0.717291
1.09706
0.657859
0.655902
1.09511
0.654608
0.635511
0.655313
1.48181
0.710482
0.655416
0.657118
1.82416
0.720486
1.47855
0.71589
1.02842
0.663989
0.685734
0.686187
0.663757
1.02928
0.688295
0.665917
0.688153
1.39771
0.766215
0.699768
0.699751
1.70679
1.31117
0.770873
1.39498
0.764709
1.0354
0.690496
0.667921
0.690553
1.03265
0.689747
0.689733
1.39048
0.759228
0.69458
0.695239
1.70367
1.30638
0.769347
1.39131
0.763156
1.02618
0.682593
0.682625
1.02513
0.659658
0.681203
0.659548
0.681509
1.3699
0.743979
0.682239
0.683455
1.69772
0.756577
1.37155
0.750789
1.02422
0.673944
0.674873
1.02724
0.678733
0.657086
0.678133
1.38853
0.755952
0.691541
0.691471
1.70169
0.759201
1.3878
0.753447
1.05777
0.684968
0.708719
0.708655
0.685039
1.05736
0.708615
0.684945
0.708689
1.44138
0.78796
0.71833
0.71835
1.80741
1.33285
0.794639
1.47052
0.788056
1.05847
0.708606
0.684953
0.708607
1.08116
0.708662
0.708601
1.44038
0.788254
0.718475
0.718437
1.7712
1.3095
0.794661
1.43993
0.788059
1.05572
0.70769
0.707835
1.04852
0.684233
0.708086
0.684393
0.707917
1.4063
0.78698
0.717076
0.717286
1.71824
0.794714
1.40825
0.787895
1.04835
0.707321
0.707435
1.04884
0.707955
0.684241
0.708077
1.43508
0.787168
0.717453
0.717621
1.75057
0.794651
1.42302
0.787885
1.0433
0.678253
0.70115
0.701569
0.677851
1.04216
0.702515
0.679223
0.702417
1.40224
0.772865
0.705806
0.707039
1.71426
1.32313
0.786174
1.40281
0.779581
1.04001
0.696642
0.673966
0.697575
1.04079
0.701325
0.700982
1.40439
0.779601
0.710811
0.711245
1.7138
1.32464
0.787485
1.4035
0.780888
1.04598
0.70293
0.702949
1.0459
0.68039
0.703705
0.680234
0.703817
1.40658
0.783594
0.714061
0.714222
1.71453
0.790295
1.40641
0.783542
1.04778
0.704305
0.704472
1.04717
0.704391
0.680919
0.704248
1.40648
0.78152
0.71256
0.712675
1.71517
0.789605
1.40599
0.782831
1.00425
0.639116
0.659685
0.659092
0.639417
1.00921
0.655397
0.635833
0.656559
1.39758
0.707616
0.652311
0.653713
1.70725
1.28446
0.720908
1.3775
0.716088
1.05737
0.645117
0.626221
0.646235
1.03493
0.651441
0.650138
1.34323
0.726655
0.667696
0.66687
1.67174
1.26183
0.724957
1.34638
0.720219
1.00599
0.662956
0.663773
1.00667
0.6458
0.666843
0.646049
0.666325
1.35417
0.740073
0.678497
0.67837
1.67359
0.743122
1.35136
0.737729
1.01095
0.670009
0.670002
1.00938
0.668733
0.647962
0.668952
1.34916
0.730006
0.670828
0.67192
1.67111
0.741142
1.34916
0.735726
1.06549
0.781312
0.788369
0.814116
0.760573
1.05928
0.933061
0.896854
0.879071
1.44906
1.28793
1.14211
1.1353
1.84546
1.35082
1.15687
1.47965
1.14508
1.46317
0.883584
0.801795
0.831012
1.81978
1.34151
1.07016
1.45882
1.05573
1.08289
0.700754
0.745007
0.717513
0.725019
1.08708
0.679451
0.692624
0.702867
1.48175
0.728055
0.669534
0.673297
1.83243
0.75808
1.48191
0.751242
1.09798
0.645108
0.661855
0.642218
0.665198
1.09489
0.651515
0.678935
0.657454
0.671952
1.47755
0.836613
0.758727
0.736378
1.83248
0.773693
1.47898
0.766539
1.38086
1.63352
1.2375
1.39062
1.83783
1.30419
1.37029
1.21568
1.22872
1.21801
1.57782
1.20538
1.42937
1.18064
1.38165
1.35796
1.3172
1.38255
1.23336
1.45355
1.22894
1.86371
1.30088
1.50484
1.45914
1.44333
1.21881
1.17923
1.03088
1.173
1.21188
1.02221
1.20502
1.20933
1.15485
0.943758
1.2008
1.11866
1.57942
1.49928
0.978767
0.953046
0.990844
1.00714
0.921004
0.97731
0.92002
0.923943
0.956352
0.953162
0.958829
0.960923
0.968328
0.969117
0.966794
0.961449
0.942052
0.948807
0.939848
0.935595
1.02422
1.01134
1.0137
1.00728
1.02443
1.01167
1.01389
1.00742
0.942247
0.948831
0.940029
0.935729
0.968726
0.96951
0.967188
0.961837
0.956476
0.953266
0.959111
0.960992
0.920777
0.976972
0.91984
0.923834
0.976204
0.99006
1.00703
0.936173
0.972582
0.958465
0.994968
1.00303
0.927861
0.952607
0.920421
0.922734
0.955351
0.953975
0.958765
0.960123
0.968039
0.990295
0.960213
0.961895
0.942821
0.946027
0.938809
0.938793
1.02696
1.02307
1.01016
1.00479
1.02722
1.02339
1.01031
1.00493
0.943032
0.94616
0.938991
0.938947
0.968433
0.990684
0.960598
0.962282
0.955365
0.954012
0.959044
0.960353
0.92761
0.952299
0.920264
0.922613
0.968776
1.05838
1.12129
1.06223
1.11655
1.07395
0.994769
1.00288
1.19237
1.12857
0.758765
1.12908
1.19251
0.710578
0.927497
0.867318
0.709113
0.766839
0.981688
0.896289
0.64566
0.627513
0.601523
0.606704
0.597423
0.594842
0.586454
0.590665
0.60046
0.603094
0.605627
0.604459
0.630309
0.631017
0.627182
0.630326
0.631392
0.632224
0.632712
0.632437
0.636273
0.636348
0.636311
0.636289
0.635568
0.635561
0.635071
0.635693
0.61829
0.620186
0.621822
0.621009
0.615805
0.614665
0.609482
0.612686
0.585665
0.584496
0.583706
0.582827
0.591564
0.59416
0.596782
0.597163
0.584939
0.583869
0.583258
0.582331
0.59072
0.593302
0.595954
0.596311
0.618218
0.620113
0.621776
0.620944
0.615694
0.614576
0.609358
0.612569
0.636274
0.63635
0.636323
0.636302
0.635565
0.63556
0.635066
0.635685
0.63035
0.631051
0.627207
0.630345
0.631417
0.632254
0.632729
0.632461
0.597679
0.595107
0.586793
0.590977
0.60067
0.603296
0.605787
0.604633
0.711476
0.764856
1.0174
0.647501
0.628859
0.602405
0.607623
1.05537
1.02443
0.935827
1.29012
1.20932
1.2217
0.29384
0.316162
0.570498
0.636849
0.591902
0.614296
0.29372
0.316023
0.572152
0.636259
0.593959
0.613994
0.709042
0.378062
0.484881
0.512275
0.71211
0.377904
0.485538
0.513129
0.676002
0.717545
0.693333
0.721502
0.779319
0.765742
0.824618
0.809946
0.789409
0.875013
0.960414
1.00967
1.06836
0.878188
0.868443
0.908926
0.816558
0.401771
0.401796
1.08334
1.08334
1.09283
1.09283
0.842774
0.843128
1.2217
0.965173
0.910512
1.22705
0.98041
0.910934
0.842421
0.84277
0.838028
0.838369
1.20932
1.21835
0.84293
0.843263
0.843284
0.843605
)
;
    }
}


// ************************************************************************* //
