/*---------------------------------------------------------------------------*\
| =========                 |                                                 |
| \\      /  F ield         | OpenFOAM: The Open Source CFD Toolbox           |
|  \\    /   O peration     | Version:  2506                                  |
|   \\  /    A nd           | Website:  www.openfoam.com                      |
|    \\/     M anipulation  |                                                 |
\*---------------------------------------------------------------------------*/
Build  : _615aae61-20250627 OPENFOAM=2506 version=2506
Arch   : "LSB;label=32;scalar=64"
Exec   : simpleFoam
Date   : Aug 14 2025
Time   : 08:35:25
Host   : 44c79399d298
PID    : 7868
I/O    : uncollated
Case   : /case/of_case
nProcs : 1
trapFpe: Floating point exception trapping enabled (FOAM_SIGFPE).
fileModificationChecking : Monitoring run-time modified files using timeStampMaster (fileModificationSkew 5, maxFileModificationPolls 20)
allowSystemOperations : Allowing user-supplied system call operations

// * * * * * * * * * * * * * * * * * * * * * * * * * * * * * * * * * * * * * //
Create time

Create mesh for time = 0


SIMPLE: convergence criteria
    field p	 tolerance 0.0001
    field U	 tolerance 0.0001
    field "(k|omega)"	 tolerance 0.0001

Reading field p

Reading field U

Reading/calculating face flux field phi

Selecting incompressible transport model Newtonian
Selecting turbulence model type RAS
Selecting RAS turbulence model kOmegaSST
Selecting patchDistMethod meshWave
No MRF models present

No finite volume options present

Starting time loop

--> FOAM Warning : 
    From void Foam::timeControl::read(const Foam::dictionary&)
    in file db/functionObjects/timeControl/timeControl.C at line 131
    Reading "system/controlDict/functions/forceCoeffs" at line 45 to 57
    Found deprecated 'outputControl'
    Use 'writeControl' with 'writeInterval'
    This keyword is 108 months old.

--> FOAM IOWarning :
    Found [v1612] 'functionObjectLibs' entry instead of 'libs' in dictionary "system/controlDict/functions/forceCoeffs"

    This keyword is 102 months old.

forceCoeffs forceCoeffs:
    rho: rhoInf
    Freestream density (rhoInf) set to 1.2
    Not including porosity effects
    magUInf: 69.44
    lRef   : 1
    Aref   : 0.4
    rhoInf : 1.2
    Selecting all coefficients
    - Drag force: Cd
    - Drag force front: Cd(f)
    - Drag force rear: Cd(r)
    - Lift force: Cl
    - Lift force front: Cl(f)
    - Lift force rear: Cl(r)
    - Pitch moment: CmPitch
    - Roll moment: CmRoll
    - Yaw moment: CmYaw
    - Side force: Cs
    - Side force front: Cs(f)
    - Side force rear: Cs(r)


Sampled surface:
    wingSurf -> vtk
        sampledPatch: wingSurf : patches:(wing)

Time = 1

smoothSolver:  Solving for Ux, Initial residual = 1, Final residual = 0.0473725, No Iterations 2
smoothSolver:  Solving for Uy, Initial residual = 1, Final residual = 0.0490307, No Iterations 2
smoothSolver:  Solving for Uz, Initial residual = 1, Final residual = 0.03822, No Iterations 2
GAMG:  Solving for p, Initial residual = 1, Final residual = 0.0390805, No Iterations 2
time step continuity errors : sum local = 0.00294341, global = -0.000215023, cumulative = -0.000215023
smoothSolver:  Solving for omega, Initial residual = 0.98217, Final residual = 0.00511535, No Iterations 1
smoothSolver:  Solving for k, Initial residual = 1, Final residual = 0.00519173, No Iterations 1
ExecutionTime = 0.04 s  ClockTime = 0 s

forceCoeffs forceCoeffs write:
    Coefficient	Total	Pressure	Viscous	Internal
    Cd:	0.0161567	0.0158711	0.000285578	0
    Cd(f):	0.008103	0.00796021	0.000142793	0
    Cd(r):	0.0080537	0.00791091	0.000142785	0
    Cl:	-0.0119217	-0.0119224	6.54468e-07	0
    Cl(f):	-0.00428283	-0.00428375	9.23173e-07	0
    Cl(r):	-0.0076389	-0.00763863	-2.68705e-07	0
    CmPitch:	0.00167803	0.00167744	5.95939e-07	0
    CmRoll:	2.46529e-05	2.4649e-05	3.83664e-09	0
    CmYaw:	1.11451e-06	1.11073e-06	3.77226e-09	0
    Cs:	1.23358e-06	1.23425e-06	-6.60759e-10	0
    Cs(f):	1.7313e-06	1.72786e-06	3.44188e-09	0
    Cs(r):	-4.97714e-07	-4.93611e-07	-4.10264e-09	0

Time = 2

smoothSolver:  Solving for Ux, Initial residual = 0.589208, Final residual = 0.0544892, No Iterations 1
smoothSolver:  Solving for Uy, Initial residual = 0.431541, Final residual = 0.0144265, No Iterations 2
smoothSolver:  Solving for Uz, Initial residual = 0.526102, Final residual = 0.0197678, No Iterations 2
GAMG:  Solving for p, Initial residual = 0.653852, Final residual = 0.058705, No Iterations 1
time step continuity errors : sum local = 0.00761291, global = -0.000406801, cumulative = -0.000621824
smoothSolver:  Solving for omega, Initial residual = 0.779924, Final residual = 0.00576493, No Iterations 1
smoothSolver:  Solving for k, Initial residual = 0.677192, Final residual = 0.00451616, No Iterations 1
ExecutionTime = 0.05 s  ClockTime = 0 s

forceCoeffs forceCoeffs write:
    Coefficient	Total	Pressure	Viscous	Internal
    Cd:	0.029131	0.0288403	0.000290767	0
    Cd(f):	0.0145826	0.0144372	0.00014539	0
    Cd(r):	0.0145484	0.0144031	0.000145377	0
    Cl:	-0.0113041	-0.0113041	5.98836e-08	0
    Cl(f):	-0.00443793	-0.00443866	7.32785e-07	0
    Cl(r):	-0.00686613	-0.00686545	-6.72901e-07	0
    CmPitch:	0.0012141	0.0012134	7.02843e-07	0
    CmRoll:	1.70896e-05	1.70834e-05	6.21287e-09	0
    CmYaw:	1.27809e-05	1.27657e-05	1.5202e-08	0
    Cs:	-6.65164e-06	-6.64318e-06	-8.46526e-09	0
    Cs(f):	9.45508e-06	9.44411e-06	1.09694e-08	0
    Cs(r):	-1.61067e-05	-1.60873e-05	-1.94346e-08	0

Time = 3

smoothSolver:  Solving for Ux, Initial residual = 0.154715, Final residual = 0.00448582, No Iterations 2
smoothSolver:  Solving for Uy, Initial residual = 0.195907, Final residual = 0.00644357, No Iterations 2
smoothSolver:  Solving for Uz, Initial residual = 0.228892, Final residual = 0.00998428, No Iterations 2
GAMG:  Solving for p, Initial residual = 0.57953, Final residual = 0.0538807, No Iterations 1
time step continuity errors : sum local = 0.00920868, global = -0.000653004, cumulative = -0.00127483
smoothSolver:  Solving for omega, Initial residual = 0.538195, Final residual = 0.0049342, No Iterations 1
smoothSolver:  Solving for k, Initial residual = 0.464614, Final residual = 0.00383054, No Iterations 1
ExecutionTime = 0.06 s  ClockTime = 0 s

forceCoeffs forceCoeffs write:
    Coefficient	Total	Pressure	Viscous	Internal
    Cd:	0.0395363	0.0392519	0.00028442	0
    Cd(f):	0.0197487	0.0196064	0.000142223	0
    Cd(r):	0.0197877	0.0196455	0.000142197	0
    Cl:	-0.00798036	-0.0079803	-6.61409e-08	0
    Cl(f):	-0.00363772	-0.00363837	6.46836e-07	0
    Cl(r):	-0.00434264	-0.00434193	-7.12977e-07	0
    CmPitch:	0.000352457	0.000351778	6.79907e-07	0
    CmRoll:	-1.94986e-05	-1.95116e-05	1.30951e-08	0
    CmYaw:	1.52829e-05	1.52417e-05	4.11687e-08	0
    Cs:	-2.0601e-05	-2.05804e-05	-2.0638e-08	0
    Cs(f):	4.98237e-06	4.95152e-06	3.08497e-08	0
    Cs(r):	-2.55834e-05	-2.55319e-05	-5.14877e-08	0

Time = 4

smoothSolver:  Solving for Ux, Initial residual = 0.134542, Final residual = 0.00344384, No Iterations 2
smoothSolver:  Solving for Uy, Initial residual = 0.139254, Final residual = 0.00408713, No Iterations 2
smoothSolver:  Solving for Uz, Initial residual = 0.165659, Final residual = 0.00701441, No Iterations 2
GAMG:  Solving for p, Initial residual = 0.427974, Final residual = 0.0409407, No Iterations 1
time step continuity errors : sum local = 0.00904195, global = -0.000618815, cumulative = -0.00189364
smoothSolver:  Solving for omega, Initial residual = 0.366034, Final residual = 0.00371829, No Iterations 1
smoothSolver:  Solving for k, Initial residual = 0.329993, Final residual = 0.00311746, No Iterations 1
ExecutionTime = 0.08 s  ClockTime = 0 s

forceCoeffs forceCoeffs write:
    Coefficient	Total	Pressure	Viscous	Internal
    Cd:	0.0458409	0.0455636	0.000277297	0
    Cd(f):	0.0228678	0.0227291	0.000138668	0
    Cd(r):	0.0229731	0.0228344	0.000138629	0
    Cl:	-0.00443777	-0.00443748	-2.84627e-07	0
    Cl(f):	-0.00266829	-0.00266883	5.40252e-07	0
    Cl(r):	-0.00176947	-0.00176865	-8.2488e-07	0
    CmPitch:	-0.000449408	-0.000450091	6.82566e-07	0
    CmRoll:	-5.26281e-05	-5.26478e-05	1.97398e-08	0
    CmYaw:	1.17386e-05	1.1693e-05	4.56064e-08	0
    Cs:	-3.10098e-05	-3.09735e-05	-3.62887e-08	0
    Cs(f):	-3.76625e-06	-3.79371e-06	2.74621e-08	0
    Cs(r):	-2.72435e-05	-2.71798e-05	-6.37507e-08	0

Time = 5

smoothSolver:  Solving for Ux, Initial residual = 0.12772, Final residual = 0.00449892, No Iterations 2
smoothSolver:  Solving for Uy, Initial residual = 0.119617, Final residual = 0.00284126, No Iterations 2
smoothSolver:  Solving for Uz, Initial residual = 0.141678, Final residual = 0.00464709, No Iterations 2
GAMG:  Solving for p, Initial residual = 0.312342, Final residual = 0.0312313, No Iterations 1
time step continuity errors : sum local = 0.00855259, global = -0.000124606, cumulative = -0.00201825
smoothSolver:  Solving for omega, Initial residual = 0.250242, Final residual = 0.00259959, No Iterations 1
smoothSolver:  Solving for k, Initial residual = 0.236463, Final residual = 0.00238519, No Iterations 1
ExecutionTime = 0.09 s  ClockTime = 0 s

forceCoeffs forceCoeffs write:
    Coefficient	Total	Pressure	Viscous	Internal
    Cd:	0.0481662	0.0478954	0.000270791	0
    Cd(f):	0.0240101	0.0238747	0.000135418	0
    Cd(r):	0.024156	0.0240207	0.000135373	0
    Cl:	-0.00114129	-0.00114079	-4.96708e-07	0
    Cl(f):	-0.00169601	-0.00169646	4.48881e-07	0
    Cl(r):	0.000554726	0.000555672	-9.45589e-07	0
    CmPitch:	-0.00112537	-0.00112607	6.97235e-07	0
    CmRoll:	-7.29542e-05	-7.29767e-05	2.2499e-08	0
    CmYaw:	2.63062e-06	2.59098e-06	3.96421e-08	0
    Cs:	-3.28049e-05	-3.27557e-05	-4.91719e-08	0
    Cs(f):	-1.37718e-05	-1.37869e-05	1.50562e-08	0
    Cs(r):	-1.90331e-05	-1.89688e-05	-6.4228e-08	0

Time = 6

smoothSolver:  Solving for Ux, Initial residual = 0.0811651, Final residual = 0.00298892, No Iterations 2
smoothSolver:  Solving for Uy, Initial residual = 0.0935771, Final residual = 0.00148065, No Iterations 2
smoothSolver:  Solving for Uz, Initial residual = 0.107728, Final residual = 0.00243613, No Iterations 2
GAMG:  Solving for p, Initial residual = 0.254648, Final residual = 0.00551881, No Iterations 2
time step continuity errors : sum local = 0.00172114, global = 0.000698643, cumulative = -0.00131961
smoothSolver:  Solving for omega, Initial residual = 0.174628, Final residual = 0.00176615, No Iterations 1
smoothSolver:  Solving for k, Initial residual = 0.171545, Final residual = 0.00172281, No Iterations 1
ExecutionTime = 0.1 s  ClockTime = 0 s

forceCoeffs forceCoeffs write:
    Coefficient	Total	Pressure	Viscous	Internal
    Cd:	0.0472054	0.046941	0.000264453	0
    Cd(f):	0.0235426	0.0234103	0.000132248	0
    Cd(r):	0.0236628	0.0235306	0.000132206	0
    Cl:	0.00188951	0.00189013	-6.15977e-07	0
    Cl(f):	-0.000752004	-0.0007524	3.95998e-07	0
    Cl(r):	0.00264152	0.00264253	-1.01197e-06	0
    CmPitch:	-0.00169676	-0.00169746	7.03987e-07	0
    CmRoll:	-6.01328e-05	-6.01537e-05	2.08636e-08	0
    CmYaw:	-1.04118e-05	-1.04349e-05	2.30761e-08	0
    Cs:	-2.31155e-05	-2.30633e-05	-5.21802e-08	0
    Cs(f):	-2.19696e-05	-2.19666e-05	-3.01401e-09	0
    Cs(r):	-1.14593e-06	-1.09676e-06	-4.91662e-08	0

Time = 7

smoothSolver:  Solving for Ux, Initial residual = 0.0602018, Final residual = 0.00260764, No Iterations 2
smoothSolver:  Solving for Uy, Initial residual = 0.0857551, Final residual = 0.00127712, No Iterations 2
smoothSolver:  Solving for Uz, Initial residual = 0.0939806, Final residual = 0.00147395, No Iterations 2
GAMG:  Solving for p, Initial residual = 0.239551, Final residual = 0.021614, No Iterations 1
time step continuity errors : sum local = 0.00739073, global = 0.000916231, cumulative = -0.000403374
smoothSolver:  Solving for omega, Initial residual = 0.124369, Final residual = 0.00116714, No Iterations 1
smoothSolver:  Solving for k, Initial residual = 0.126749, Final residual = 0.00126547, No Iterations 1
ExecutionTime = 0.11 s  ClockTime = 0 s

forceCoeffs forceCoeffs write:
    Coefficient	Total	Pressure	Viscous	Internal
    Cd:	0.0447682	0.04451	0.000258172	0
    Cd(f):	0.0223287	0.0221996	0.000129102	0
    Cd(r):	0.0224395	0.0223104	0.000129071	0
    Cl:	0.00443738	0.00443801	-6.2256e-07	0
    Cl(f):	7.18917e-05	7.15077e-05	3.8403e-07	0
    Cl(r):	0.00436549	0.0043665	-1.00659e-06	0
    CmPitch:	-0.0021468	-0.0021475	6.9531e-07	0
    CmRoll:	-5.54142e-05	-5.54296e-05	1.54291e-08	0
    CmYaw:	-1.92662e-05	-1.92697e-05	3.55562e-09	0
    Cs:	-8.97366e-06	-8.92891e-06	-4.4751e-08	0
    Cs(f):	-2.3753e-05	-2.37342e-05	-1.88199e-08	0
    Cs(r):	1.47794e-05	1.48053e-05	-2.59311e-08	0

Time = 8

smoothSolver:  Solving for Ux, Initial residual = 0.0392776, Final residual = 0.0011575, No Iterations 2
smoothSolver:  Solving for Uy, Initial residual = 0.0782445, Final residual = 0.00194902, No Iterations 2
smoothSolver:  Solving for Uz, Initial residual = 0.0921875, Final residual = 0.00240882, No Iterations 2
GAMG:  Solving for p, Initial residual = 0.239737, Final residual = 0.019173, No Iterations 1
time step continuity errors : sum local = 0.00692783, global = 0.000666488, cumulative = 0.000263114
smoothSolver:  Solving for omega, Initial residual = 0.0902441, Final residual = 0.000767474, No Iterations 1
smoothSolver:  Solving for k, Initial residual = 0.0950942, Final residual = 0.000900114, No Iterations 1
ExecutionTime = 0.13 s  ClockTime = 0 s

forceCoeffs forceCoeffs write:
    Coefficient	Total	Pressure	Viscous	Internal
    Cd:	0.0419677	0.0417168	0.000250888	0
    Cd(f):	0.0209394	0.020814	0.000125453	0
    Cd(r):	0.0210283	0.0209028	0.000125435	0
    Cl:	0.00646198	0.00646255	-5.67674e-07	0
    Cl(f):	0.000743641	0.000743249	3.91215e-07	0
    Cl(r):	0.00571834	0.0057193	-9.58889e-07	0
    CmPitch:	-0.00248735	-0.00248802	6.75052e-07	0
    CmRoll:	-4.44055e-05	-4.44145e-05	9.06438e-09	0
    CmYaw:	-2.5784e-05	-2.57708e-05	-1.32308e-08	0
    Cs:	5.21559e-06	5.24296e-06	-2.73742e-08	0
    Cs(f):	-2.31762e-05	-2.31493e-05	-2.69179e-08	0
    Cs(r):	2.83918e-05	2.83923e-05	-4.5628e-10	0

Time = 9

smoothSolver:  Solving for Ux, Initial residual = 0.0353432, Final residual = 0.00349192, No Iterations 1
smoothSolver:  Solving for Uy, Initial residual = 0.0774029, Final residual = 0.00226171, No Iterations 2
smoothSolver:  Solving for Uz, Initial residual = 0.0977338, Final residual = 0.0030424, No Iterations 2
GAMG:  Solving for p, Initial residual = 0.232791, Final residual = 0.016319, No Iterations 1
time step continuity errors : sum local = 0.00602445, global = -5.78967e-05, cumulative = 0.000205217
smoothSolver:  Solving for omega, Initial residual = 0.0665871, Final residual = 0.0005134, No Iterations 1
smoothSolver:  Solving for k, Initial residual = 0.0724013, Final residual = 0.000685468, No Iterations 1
ExecutionTime = 0.15 s  ClockTime = 0 s

forceCoeffs forceCoeffs write:
    Coefficient	Total	Pressure	Viscous	Internal
    Cd:	0.0395194	0.0392755	0.000243895	0
    Cd(f):	0.0197288	0.0196069	0.000121951	0
    Cd(r):	0.0197905	0.0196686	0.000121944	0
    Cl:	0.00799784	0.00799833	-4.92382e-07	0
    Cl(f):	0.00126501	0.0012646	4.05346e-07	0
    Cl(r):	0.00673283	0.00673373	-8.97728e-07	0
    CmPitch:	-0.00273391	-0.00273456	6.51537e-07	0
    CmRoll:	-3.08353e-05	-3.08389e-05	3.5612e-09	0
    CmYaw:	-2.67084e-05	-2.66796e-05	-2.87595e-08	0
    Cs:	1.57036e-05	1.57103e-05	-6.71774e-09	0
    Cs(f):	-1.88566e-05	-1.88245e-05	-3.21184e-08	0
    Cs(r):	3.45602e-05	3.45348e-05	2.54007e-08	0

Time = 10

smoothSolver:  Solving for Ux, Initial residual = 0.0326648, Final residual = 0.00246966, No Iterations 1
smoothSolver:  Solving for Uy, Initial residual = 0.0753528, Final residual = 0.00206161, No Iterations 2
smoothSolver:  Solving for Uz, Initial residual = 0.101492, Final residual = 0.00299849, No Iterations 2
GAMG:  Solving for p, Initial residual = 0.211158, Final residual = 0.0146565, No Iterations 1
time step continuity errors : sum local = 0.00542565, global = -0.00084156, cumulative = -0.000636343
smoothSolver:  Solving for omega, Initial residual = 0.0497661, Final residual = 0.000353651, No Iterations 1
smoothSolver:  Solving for k, Initial residual = 0.0558546, Final residual = 0.000548771, No Iterations 1
ExecutionTime = 0.16 s  ClockTime = 0 s

forceCoeffs forceCoeffs write:
    Coefficient	Total	Pressure	Viscous	Internal
    Cd:	0.0377501	0.0375122	0.000237911	0
    Cd(f):	0.0188584	0.0187394	0.000118956	0
    Cd(r):	0.0188917	0.0187727	0.000118955	0
    Cl:	0.0091525	0.00915292	-4.21529e-07	0
    Cl(f):	0.00166537	0.00166495	4.19852e-07	0
    Cl(r):	0.00748712	0.00748797	-8.41381e-07	0
    CmPitch:	-0.00291088	-0.00291151	6.30617e-07	0
    CmRoll:	-1.66581e-05	-1.66583e-05	1.71954e-10	0
    CmYaw:	-2.272e-05	-2.26819e-05	-3.81555e-08	0
    Cs:	2.12896e-05	2.1277e-05	1.26332e-08	0
    Cs(f):	-1.20752e-05	-1.20434e-05	-3.18389e-08	0
    Cs(r):	3.33648e-05	3.33203e-05	4.44721e-08	0

Time = 11

smoothSolver:  Solving for Ux, Initial residual = 0.0310309, Final residual = 0.0019011, No Iterations 1
smoothSolver:  Solving for Uy, Initial residual = 0.0786435, Final residual = 0.00557876, No Iterations 1
smoothSolver:  Solving for Uz, Initial residual = 0.105833, Final residual = 0.00903635, No Iterations 1
GAMG:  Solving for p, Initial residual = 0.193143, Final residual = 0.0154199, No Iterations 1
time step continuity errors : sum local = 0.00558609, global = -0.00135261, cumulative = -0.00198896
smoothSolver:  Solving for omega, Initial residual = 0.0375796, Final residual = 0.000253082, No Iterations 1
smoothSolver:  Solving for k, Initial residual = 0.0435526, Final residual = 0.000452228, No Iterations 1
ExecutionTime = 0.17 s  ClockTime = 0 s

forceCoeffs forceCoeffs write:
    Coefficient	Total	Pressure	Viscous	Internal
    Cd:	0.0367602	0.036527	0.000233129	0
    Cd(f):	0.0183763	0.0182598	0.000116564	0
    Cd(r):	0.0183838	0.0182673	0.000116565	0
    Cl:	0.0100073	0.0100077	-3.65931e-07	0
    Cl(f):	0.00196776	0.00196733	4.31458e-07	0
    Cl(r):	0.00803954	0.00804034	-7.97389e-07	0
    CmPitch:	-0.00303589	-0.00303651	6.14423e-07	0
    CmRoll:	-3.75964e-06	-3.75897e-06	-6.68707e-10	0
    CmYaw:	-1.56729e-05	-1.56327e-05	-4.0166e-08	0
    Cs:	2.19935e-05	2.19662e-05	2.72638e-08	0
    Cs(f):	-4.67618e-06	-4.64965e-06	-2.65341e-08	0
    Cs(r):	2.66696e-05	2.66158e-05	5.37979e-08	0

Time = 12

smoothSolver:  Solving for Ux, Initial residual = 0.0296054, Final residual = 0.00189821, No Iterations 1
smoothSolver:  Solving for Uy, Initial residual = 0.0743856, Final residual = 0.00517339, No Iterations 1
smoothSolver:  Solving for Uz, Initial residual = 0.106386, Final residual = 0.00890671, No Iterations 1
GAMG:  Solving for p, Initial residual = 0.200016, Final residual = 0.0175814, No Iterations 1
time step continuity errors : sum local = 0.0061929, global = -0.0014312, cumulative = -0.00342015
smoothSolver:  Solving for omega, Initial residual = 0.0285541, Final residual = 0.000187344, No Iterations 1
smoothSolver:  Solving for k, Initial residual = 0.0342453, Final residual = 0.000375942, No Iterations 1
ExecutionTime = 0.18 s  ClockTime = 0 s

forceCoeffs forceCoeffs write:
    Coefficient	Total	Pressure	Viscous	Internal
    Cd:	0.0364713	0.0362418	0.000229502	0
    Cd(f):	0.0182418	0.0181271	0.000114751	0
    Cd(r):	0.0182295	0.0181147	0.000114751	0
    Cl:	0.0106424	0.0106427	-3.07386e-07	0
    Cl(f):	0.00219679	0.00219635	4.46472e-07	0
    Cl(r):	0.0084456	0.00844635	-7.53858e-07	0
    CmPitch:	-0.0031244	-0.003125	6.00165e-07	0
    CmRoll:	6.17501e-06	6.17501e-06	-3.8327e-12	0
    CmYaw:	-7.43934e-06	-7.40334e-06	-3.60065e-08	0
    Cs:	1.83851e-05	1.83491e-05	3.59877e-08	0
    Cs(f):	1.75319e-06	1.7712e-06	-1.80126e-08	0
    Cs(r):	1.66319e-05	1.65779e-05	5.40003e-08	0

Time = 13

smoothSolver:  Solving for Ux, Initial residual = 0.0301491, Final residual = 0.00187628, No Iterations 1
smoothSolver:  Solving for Uy, Initial residual = 0.0700716, Final residual = 0.00486004, No Iterations 1
smoothSolver:  Solving for Uz, Initial residual = 0.103717, Final residual = 0.00823156, No Iterations 1
GAMG:  Solving for p, Initial residual = 0.201118, Final residual = 0.0165073, No Iterations 1
time step continuity errors : sum local = 0.00574435, global = -0.0011859, cumulative = -0.00460606
smoothSolver:  Solving for omega, Initial residual = 0.0217573, Final residual = 0.000141742, No Iterations 1
smoothSolver:  Solving for k, Initial residual = 0.0270126, Final residual = 0.000307987, No Iterations 1
ExecutionTime = 0.19 s  ClockTime = 0 s

forceCoeffs forceCoeffs write:
    Coefficient	Total	Pressure	Viscous	Internal
    Cd:	0.0367142	0.0364873	0.000226916	0
    Cd(f):	0.0183695	0.018256	0.00011346	0
    Cd(r):	0.0183448	0.0182313	0.000113456	0
    Cl:	0.0111231	0.0111233	-2.44031e-07	0
    Cl(f):	0.00237291	0.00237245	4.65331e-07	0
    Cl(r):	0.00875018	0.00875089	-7.09362e-07	0
    CmPitch:	-0.00318863	-0.00318922	5.87347e-07	0
    CmRoll:	1.23582e-05	1.23566e-05	1.65645e-09	0
    CmYaw:	2.39922e-07	2.67536e-07	-2.76136e-08	0
    Cs:	1.17922e-05	1.17539e-05	3.82536e-08	0
    Cs(f):	6.13601e-06	6.1445e-06	-8.48677e-09	0
    Cs(r):	5.65617e-06	5.60943e-06	4.67404e-08	0

Time = 14

smoothSolver:  Solving for Ux, Initial residual = 0.0296994, Final residual = 0.00165373, No Iterations 1
smoothSolver:  Solving for Uy, Initial residual = 0.0692669, Final residual = 0.00511479, No Iterations 1
smoothSolver:  Solving for Uz, Initial residual = 0.0993359, Final residual = 0.00750272, No Iterations 1
GAMG:  Solving for p, Initial residual = 0.195679, Final residual = 0.0135401, No Iterations 1
time step continuity errors : sum local = 0.00476038, global = -0.000784844, cumulative = -0.0053909
smoothSolver:  Solving for omega, Initial residual = 0.0165545, Final residual = 0.000107562, No Iterations 1
smoothSolver:  Solving for k, Initial residual = 0.0213626, Final residual = 0.000245076, No Iterations 1
ExecutionTime = 0.21 s  ClockTime = 0 s

forceCoeffs forceCoeffs write:
    Coefficient	Total	Pressure	Viscous	Internal
    Cd:	0.037255	0.0370298	0.000225221	0
    Cd(f):	0.0186423	0.0185297	0.000112614	0
    Cd(r):	0.0186127	0.0185001	0.000112607	0
    Cl:	0.0115005	0.0115007	-1.79131e-07	0
    Cl(f):	0.00251232	0.00251183	4.86585e-07	0
    Cl(r):	0.00898819	0.00898886	-6.65717e-07	0
    CmPitch:	-0.00323794	-0.00323852	5.76151e-07	0
    CmRoll:	1.48265e-05	1.48227e-05	3.75642e-09	0
    CmYaw:	5.87622e-06	5.89329e-06	-1.70748e-08	0
    Cs:	4.13505e-06	4.1005e-06	3.45505e-08	0
    Cs(f):	7.94374e-06	7.94354e-06	2.00486e-10	0
    Cs(r):	-3.80869e-06	-3.84304e-06	3.435e-08	0

Time = 15

smoothSolver:  Solving for Ux, Initial residual = 0.0282029, Final residual = 0.00147238, No Iterations 1
smoothSolver:  Solving for Uy, Initial residual = 0.0649839, Final residual = 0.00527125, No Iterations 1
smoothSolver:  Solving for Uz, Initial residual = 0.0956418, Final residual = 0.00717679, No Iterations 1
GAMG:  Solving for p, Initial residual = 0.189903, Final residual = 0.0110236, No Iterations 1
time step continuity errors : sum local = 0.00386637, global = -0.000301908, cumulative = -0.00569281
smoothSolver:  Solving for omega, Initial residual = 0.0125536, Final residual = 8.01991e-05, No Iterations 1
smoothSolver:  Solving for k, Initial residual = 0.0168655, Final residual = 0.000186577, No Iterations 1
ExecutionTime = 0.22 s  ClockTime = 0 s

forceCoeffs forceCoeffs write:
    Coefficient	Total	Pressure	Viscous	Internal
    Cd:	0.0378566	0.0376323	0.000224228	0
    Cd(f):	0.0189428	0.0188306	0.00011212	0
    Cd(r):	0.0189138	0.0188017	0.000112108	0
    Cl:	0.0118116	0.0118117	-1.17505e-07	0
    Cl(f):	0.00262703	0.00262652	5.08102e-07	0
    Cl(r):	0.0091846	0.00918522	-6.25607e-07	0
    CmPitch:	-0.00327878	-0.00327935	5.66854e-07	0
    CmRoll:	1.44662e-05	1.44605e-05	5.77417e-09	0
    CmYaw:	8.80028e-06	8.80689e-06	-6.61548e-09	0
    Cs:	-2.64046e-06	-2.66691e-06	2.64496e-08	0
    Cs(f):	7.48005e-06	7.47344e-06	6.6093e-09	0
    Cs(r):	-1.01205e-05	-1.01403e-05	1.98403e-08	0

Time = 16

smoothSolver:  Solving for Ux, Initial residual = 0.0257828, Final residual = 0.00129736, No Iterations 1
smoothSolver:  Solving for Uy, Initial residual = 0.0606472, Final residual = 0.00464475, No Iterations 1
smoothSolver:  Solving for Uz, Initial residual = 0.0904035, Final residual = 0.00588383, No Iterations 1
GAMG:  Solving for p, Initial residual = 0.180259, Final residual = 0.0096978, No Iterations 1
time step continuity errors : sum local = 0.00336838, global = 0.000269289, cumulative = -0.00542352
smoothSolver:  Solving for omega, Initial residual = 0.00946582, Final residual = 5.75015e-05, No Iterations 1
smoothSolver:  Solving for k, Initial residual = 0.0132823, Final residual = 0.000134736, No Iterations 1
ExecutionTime = 0.23 s  ClockTime = 0 s

forceCoeffs forceCoeffs write:
    Coefficient	Total	Pressure	Viscous	Internal
    Cd:	0.0383608	0.0381371	0.000223722	0
    Cd(f):	0.0191929	0.0190811	0.000111868	0
    Cd(r):	0.0191679	0.0190561	0.000111854	0
    Cl:	0.0120778	0.0120779	-6.32123e-08	0
    Cl(f):	0.00272433	0.0027238	5.27925e-07	0
    Cl(r):	0.00935349	0.00935408	-5.91137e-07	0
    CmPitch:	-0.00331458	-0.00331514	5.59531e-07	0
    CmRoll:	1.25099e-05	1.25026e-05	7.34208e-09	0
    CmYaw:	9.18705e-06	9.18515e-06	1.90148e-09	0
    Cs:	-7.3495e-06	-7.36567e-06	1.61695e-08	0
    Cs(f):	5.5123e-06	5.50231e-06	9.98622e-09	0
    Cs(r):	-1.28618e-05	-1.2868e-05	6.18327e-09	0

Time = 17

smoothSolver:  Solving for Ux, Initial residual = 0.0235433, Final residual = 0.00109327, No Iterations 1
smoothSolver:  Solving for Uy, Initial residual = 0.0560891, Final residual = 0.00339339, No Iterations 1
smoothSolver:  Solving for Uz, Initial residual = 0.0851391, Final residual = 0.00420316, No Iterations 1
GAMG:  Solving for p, Initial residual = 0.1684, Final residual = 0.0100445, No Iterations 1
time step continuity errors : sum local = 0.00341896, global = 0.000788812, cumulative = -0.00463471
smoothSolver:  Solving for omega, Initial residual = 0.00707825, Final residual = 3.8895e-05, No Iterations 1
smoothSolver:  Solving for k, Initial residual = 0.010417, Final residual = 9.17547e-05, No Iterations 1
ExecutionTime = 0.24 s  ClockTime = 0 s

forceCoeffs forceCoeffs write:
    Coefficient	Total	Pressure	Viscous	Internal
    Cd:	0.0386962	0.0384727	0.00022352	0
    Cd(f):	0.0193581	0.0192463	0.000111768	0
    Cd(r):	0.0193381	0.0192264	0.000111752	0
    Cl:	0.0123101	0.0123101	-1.85028e-08	0
    Cl(f):	0.00280826	0.00280771	5.44826e-07	0
    Cl(r):	0.00950184	0.0095024	-5.63329e-07	0
    CmPitch:	-0.00334679	-0.00334734	5.54077e-07	0
    CmRoll:	9.96495e-06	9.95665e-06	8.30424e-09	0
    CmYaw:	7.65179e-06	7.64418e-06	7.60703e-09	0
    Cs:	-9.60872e-06	-9.61462e-06	5.89653e-09	0
    Cs(f):	2.84743e-06	2.83687e-06	1.05553e-08	0
    Cs(r):	-1.24561e-05	-1.24515e-05	-4.65877e-09	0

Time = 18

smoothSolver:  Solving for Ux, Initial residual = 0.0207243, Final residual = 0.000867416, No Iterations 1
smoothSolver:  Solving for Uy, Initial residual = 0.0521907, Final residual = 0.00206178, No Iterations 1
smoothSolver:  Solving for Uz, Initial residual = 0.0791597, Final residual = 0.00337104, No Iterations 1
GAMG:  Solving for p, Initial residual = 0.152657, Final residual = 0.0108285, No Iterations 1
time step continuity errors : sum local = 0.00368473, global = 0.00117218, cumulative = -0.00346253
smoothSolver:  Solving for omega, Initial residual = 0.00524056, Final residual = 2.4427e-05, No Iterations 1
smoothSolver:  Solving for k, Initial residual = 0.00812119, Final residual = 5.8573e-05, No Iterations 1
ExecutionTime = 0.25 s  ClockTime = 0 s

forceCoeffs forceCoeffs write:
    Coefficient	Total	Pressure	Viscous	Internal
    Cd:	0.0388469	0.0386234	0.000223495	0
    Cd(f):	0.0194309	0.0193192	0.000111756	0
    Cd(r):	0.019416	0.0193042	0.000111739	0
    Cl:	0.0125133	0.0125133	1.64072e-08	0
    Cl(f):	0.00288083	0.00288028	5.58433e-07	0
    Cl(r):	0.00963246	0.009633	-5.42026e-07	0
    CmPitch:	-0.00337581	-0.00337636	5.5023e-07	0
    CmRoll:	7.4806e-06	7.47191e-06	8.68318e-09	0
    CmYaw:	4.96382e-06	4.95339e-06	1.04284e-08	0
    Cs:	-9.55425e-06	-9.5516e-06	-2.65822e-09	0
    Cs(f):	1.86691e-07	1.77591e-07	9.09928e-09	0
    Cs(r):	-9.74094e-06	-9.72919e-06	-1.17575e-08	0

Time = 19

smoothSolver:  Solving for Ux, Initial residual = 0.017438, Final residual = 0.000811656, No Iterations 1
smoothSolver:  Solving for Uy, Initial residual = 0.0489924, Final residual = 0.0018903, No Iterations 1
smoothSolver:  Solving for Uz, Initial residual = 0.0738946, Final residual = 0.00311857, No Iterations 1
GAMG:  Solving for p, Initial residual = 0.141176, Final residual = 0.0103502, No Iterations 1
time step continuity errors : sum local = 0.00354454, global = 0.00129834, cumulative = -0.00216419
smoothSolver:  Solving for omega, Initial residual = 0.00384089, Final residual = 1.40744e-05, No Iterations 1
smoothSolver:  Solving for k, Initial residual = 0.00628306, Final residual = 3.49112e-05, No Iterations 1
ExecutionTime = 0.26 s  ClockTime = 0 s

forceCoeffs forceCoeffs write:
    Coefficient	Total	Pressure	Viscous	Internal
    Cd:	0.0388339	0.0386103	0.000223555	0
    Cd(f):	0.0194224	0.0193106	0.000111786	0
    Cd(r):	0.0194115	0.0192997	0.000111769	0
    Cl:	0.0126886	0.0126886	4.26497e-08	0
    Cl(f):	0.00294286	0.00294229	5.68937e-07	0
    Cl(r):	0.00974576	0.00974629	-5.26287e-07	0
    CmPitch:	-0.00340145	-0.003402	5.47612e-07	0
    CmRoll:	5.46005e-06	5.45144e-06	8.60926e-09	0
    CmYaw:	1.91199e-06	1.9013e-06	1.06865e-08	0
    Cs:	-7.65959e-06	-7.65117e-06	-8.42841e-09	0
    Cs(f):	-1.91781e-06	-1.92428e-06	6.47229e-09	0
    Cs(r):	-5.74179e-06	-5.72688e-06	-1.49007e-08	0

Time = 20

smoothSolver:  Solving for Ux, Initial residual = 0.0144824, Final residual = 0.00079075, No Iterations 1
smoothSolver:  Solving for Uy, Initial residual = 0.0464237, Final residual = 0.00178212, No Iterations 1
smoothSolver:  Solving for Uz, Initial residual = 0.0683333, Final residual = 0.00297887, No Iterations 1
GAMG:  Solving for p, Initial residual = 0.134851, Final residual = 0.00905594, No Iterations 1
time step continuity errors : sum local = 0.00312417, global = 0.00115272, cumulative = -0.00101148
smoothSolver:  Solving for omega, Initial residual = 0.00278598, Final residual = 7.80755e-06, No Iterations 1
smoothSolver:  Solving for k, Initial residual = 0.00481939, Final residual = 1.91655e-05, No Iterations 1
ExecutionTime = 0.27 s  ClockTime = 0 s

forceCoeffs forceCoeffs write:
    Coefficient	Total	Pressure	Viscous	Internal
    Cd:	0.0387068	0.0384831	0.000223634	0
    Cd(f):	0.0193575	0.0192457	0.000111825	0
    Cd(r):	0.0193493	0.0192374	0.000111809	0
    Cl:	0.0128342	0.0128342	6.18216e-08	0
    Cl(f):	0.00299408	0.0029935	5.76749e-07	0
    Cl(r):	0.00984013	0.00984065	-5.14928e-07	0
    CmPitch:	-0.00342303	-0.00342357	5.45838e-07	0
    CmRoll:	4.12521e-06	4.11696e-06	8.25772e-09	0
    CmYaw:	-7.8014e-07	-7.89108e-07	8.96819e-09	0
    Cs:	-4.66325e-06	-4.6522e-06	-1.10514e-08	0
    Cs(f):	-3.11177e-06	-3.11521e-06	3.44248e-09	0
    Cs(r):	-1.55149e-06	-1.53699e-06	-1.44939e-08	0

Time = 21

smoothSolver:  Solving for Ux, Initial residual = 0.0129372, Final residual = 0.000660657, No Iterations 1
smoothSolver:  Solving for Uy, Initial residual = 0.0432682, Final residual = 0.00184808, No Iterations 1
smoothSolver:  Solving for Uz, Initial residual = 0.0614703, Final residual = 0.00273049, No Iterations 1
GAMG:  Solving for p, Initial residual = 0.127825, Final residual = 0.00765718, No Iterations 1
time step continuity errors : sum local = 0.00264719, global = 0.000778237, cumulative = -0.000233238
smoothSolver:  Solving for omega, Initial residual = 0.00200109, Final residual = 5.02947e-06, No Iterations 1
smoothSolver:  Solving for k, Initial residual = 0.00366997, Final residual = 1.06452e-05, No Iterations 1
ExecutionTime = 0.29 s  ClockTime = 0 s

forceCoeffs forceCoeffs write:
    Coefficient	Total	Pressure	Viscous	Internal
    Cd:	0.0385313	0.0383076	0.000223691	0
    Cd(f):	0.0192691	0.0191573	0.000111853	0
    Cd(r):	0.0192621	0.0191503	0.000111838	0
    Cl:	0.0129482	0.0129481	7.53854e-08	0
    Cl(f):	0.00303417	0.00303359	5.82306e-07	0
    Cl(r):	0.00991405	0.00991456	-5.06921e-07	0
    CmPitch:	-0.00343994	-0.00344048	5.44613e-07	0
    CmRoll:	3.50462e-06	3.49682e-06	7.79979e-09	0
    CmYaw:	-2.62411e-06	-2.63024e-06	6.12509e-09	0
    Cs:	-1.41449e-06	-1.40365e-06	-1.08393e-08	0
    Cs(f):	-3.33136e-06	-3.33207e-06	7.05424e-10	0
    Cs(r):	1.91687e-06	1.92841e-06	-1.15448e-08	0

Time = 22

smoothSolver:  Solving for Ux, Initial residual = 0.0129956, Final residual = 0.000481617, No Iterations 1
smoothSolver:  Solving for Uy, Initial residual = 0.0391951, Final residual = 0.00178795, No Iterations 1
smoothSolver:  Solving for Uz, Initial residual = 0.0559197, Final residual = 0.00256716, No Iterations 1
GAMG:  Solving for p, Initial residual = 0.119676, Final residual = 0.00652966, No Iterations 1
time step continuity errors : sum local = 0.0022459, global = 0.000234194, cumulative = 9.56381e-07
smoothSolver:  Solving for omega, Initial residual = 0.00142763, Final residual = 4.41784e-06, No Iterations 1
smoothSolver:  Solving for k, Initial residual = 0.00278091, Final residual = 7.20493e-06, No Iterations 1
ExecutionTime = 0.3 s  ClockTime = 0 s

forceCoeffs forceCoeffs write:
    Coefficient	Total	Pressure	Viscous	Internal
    Cd:	0.0383638	0.0381401	0.000223712	0
    Cd(f):	0.0191853	0.0190735	0.000111864	0
    Cd(r):	0.0191785	0.0190666	0.000111849	0
    Cl:	0.0130319	0.0130318	8.45246e-08	0
    Cl(f):	0.00306374	0.00306315	5.86028e-07	0
    Cl(r):	0.00996812	0.00996862	-5.01504e-07	0
    CmPitch:	-0.00345219	-0.00345274	5.43766e-07	0
    CmRoll:	3.43276e-06	3.42539e-06	7.37252e-09	0
    CmYaw:	-3.45622e-06	-3.45933e-06	3.10581e-09	0
    Cs:	1.41989e-06	1.42848e-06	-8.58942e-09	0
    Cs(f):	-2.74628e-06	-2.74509e-06	-1.1889e-09	0
    Cs(r):	4.16616e-06	4.17357e-06	-7.40052e-09	0

Time = 23

smoothSolver:  Solving for Ux, Initial residual = 0.0124275, Final residual = 0.000415347, No Iterations 1
smoothSolver:  Solving for Uy, Initial residual = 0.0347404, Final residual = 0.00160573, No Iterations 1
smoothSolver:  Solving for Uz, Initial residual = 0.0517572, Final residual = 0.00213537, No Iterations 1
GAMG:  Solving for p, Initial residual = 0.1119, Final residual = 0.00589186, No Iterations 1
time step continuity errors : sum local = 0.00199696, global = -0.000356635, cumulative = -0.000355678
smoothSolver:  Solving for omega, Initial residual = 0.00100828, Final residual = 3.73819e-06, No Iterations 1
smoothSolver:  Solving for k, Initial residual = 0.00209505, Final residual = 5.41249e-06, No Iterations 1
ExecutionTime = 0.31 s  ClockTime = 0 s

forceCoeffs forceCoeffs write:
    Coefficient	Total	Pressure	Viscous	Internal
    Cd:	0.0382379	0.0380142	0.000223702	0
    Cd(f):	0.0191226	0.0190108	0.000111858	0
    Cd(r):	0.0191152	0.0190034	0.000111844	0
    Cl:	0.0130884	0.0130883	9.01922e-08	0
    Cl(f):	0.00308399	0.0030834	5.88304e-07	0
    Cl(r):	0.0100044	0.0100049	-4.98111e-07	0
    CmPitch:	-0.00346022	-0.00346076	5.43207e-07	0
    CmRoll:	3.6992e-06	3.69214e-06	7.05959e-09	0
    CmYaw:	-3.3748e-06	-3.37541e-06	6.14535e-10	0
    Cs:	3.46351e-06	3.46879e-06	-5.27301e-09	0
    Cs(f):	-1.64304e-06	-1.64102e-06	-2.02197e-09	0
    Cs(r):	5.10655e-06	5.1098e-06	-3.25104e-09	0

Time = 24

smoothSolver:  Solving for Ux, Initial residual = 0.010958, Final residual = 0.000375918, No Iterations 1
smoothSolver:  Solving for Uy, Initial residual = 0.031362, Final residual = 0.00123331, No Iterations 1
smoothSolver:  Solving for Uz, Initial residual = 0.0486851, Final residual = 0.00169952, No Iterations 1
GAMG:  Solving for p, Initial residual = 0.104875, Final residual = 0.0058864, No Iterations 1
time step continuity errors : sum local = 0.00195331, global = -0.000790404, cumulative = -0.00114608
smoothSolver:  Solving for omega, Initial residual = 0.000704717, Final residual = 2.75319e-06, No Iterations 1
smoothSolver:  Solving for k, Initial residual = 0.0015674, Final residual = 4.13123e-06, No Iterations 1
ExecutionTime = 0.32 s  ClockTime = 0 s

forceCoeffs forceCoeffs write:
    Coefficient	Total	Pressure	Viscous	Internal
    Cd:	0.0381675	0.0379439	0.000223668	0
    Cd(f):	0.0190879	0.0189761	0.000111841	0
    Cd(r):	0.0190796	0.0189678	0.000111827	0
    Cl:	0.0131219	0.0131218	9.30878e-08	0
    Cl(f):	0.00309632	0.00309573	5.8943e-07	0
    Cl(r):	0.0100256	0.010026	-4.96342e-07	0
    CmPitch:	-0.00346462	-0.00346516	5.42886e-07	0
    CmRoll:	4.12515e-06	4.11826e-06	6.89048e-09	0
    CmYaw:	-2.59819e-06	-2.59717e-06	-1.02125e-09	0
    Cs:	4.55603e-06	4.55782e-06	-1.79029e-09	0
    Cs(f):	-3.2018e-07	-3.18264e-07	-1.9164e-09	0
    Cs(r):	4.87621e-06	4.87608e-06	1.26107e-10	0

Time = 25

smoothSolver:  Solving for Ux, Initial residual = 0.00877594, Final residual = 0.000344701, No Iterations 1
smoothSolver:  Solving for Uy, Initial residual = 0.0286349, Final residual = 0.000805474, No Iterations 1
smoothSolver:  Solving for Uz, Initial residual = 0.0452017, Final residual = 0.00125653, No Iterations 1
GAMG:  Solving for p, Initial residual = 0.0963562, Final residual = 0.00565457, No Iterations 1
time step continuity errors : sum local = 0.00182647, global = -0.000908886, cumulative = -0.00205497
smoothSolver:  Solving for omega, Initial residual = 0.00048749, Final residual = 1.7624e-06, No Iterations 1
smoothSolver:  Solving for k, Initial residual = 0.0011649, Final residual = 3.74358e-06, No Iterations 1
ExecutionTime = 0.33 s  ClockTime = 0 s

forceCoeffs forceCoeffs write:
    Coefficient	Total	Pressure	Viscous	Internal
    Cd:	0.0381558	0.0379322	0.000223615	0
    Cd(f):	0.0190825	0.0189707	0.000111815	0
    Cd(r):	0.0190733	0.0189615	0.000111801	0
    Cl:	0.0131368	0.0131368	9.37383e-08	0
    Cl(f):	0.0031023	0.00310171	5.8964e-07	0
    Cl(r):	0.0100345	0.010035	-4.95901e-07	0
    CmPitch:	-0.00346613	-0.00346667	5.4277e-07	0
    CmRoll:	4.5788e-06	4.57195e-06	6.85494e-09	0
    CmYaw:	-1.39781e-06	-1.39608e-06	-1.72246e-09	0
    Cs:	4.67169e-06	4.67055e-06	1.14249e-09	0
    Cs(f):	9.38041e-07	9.39192e-07	-1.15122e-09	0
    Cs(r):	3.73365e-06	3.73136e-06	2.29371e-09	0

Time = 26

smoothSolver:  Solving for Ux, Initial residual = 0.00706938, Final residual = 0.000319367, No Iterations 1
smoothSolver:  Solving for Uy, Initial residual = 0.0264477, Final residual = 0.000603791, No Iterations 1
smoothSolver:  Solving for Uz, Initial residual = 0.0413778, Final residual = 0.00105351, No Iterations 1
GAMG:  Solving for p, Initial residual = 0.0898602, Final residual = 0.00543447, No Iterations 1
time step continuity errors : sum local = 0.00169423, global = -0.000826855, cumulative = -0.00288182
smoothSolver:  Solving for omega, Initial residual = 0.000334125, Final residual = 1.30731e-06, No Iterations 1
smoothSolver:  Solving for k, Initial residual = 0.000861296, Final residual = 3.96593e-06, No Iterations 1
ExecutionTime = 0.34 s  ClockTime = 0 s

forceCoeffs forceCoeffs write:
    Coefficient	Total	Pressure	Viscous	Internal
    Cd:	0.0381917	0.0379682	0.000223559	0
    Cd(f):	0.0191008	0.018989	0.000111787	0
    Cd(r):	0.0190909	0.0189791	0.000111773	0
    Cl:	0.0131398	0.0131397	9.2714e-08	0
    Cl(f):	0.00310408	0.0031035	5.892e-07	0
    Cl(r):	0.0100357	0.0100362	-4.96486e-07	0
    CmPitch:	-0.00346582	-0.00346637	5.42843e-07	0
    CmRoll:	4.93882e-06	4.9319e-06	6.91975e-09	0
    CmYaw:	-1.13572e-07	-1.12041e-07	-1.5303e-09	0
    Cs:	4.00018e-06	3.9971e-06	3.07338e-09	0
    Cs(f):	1.88652e-06	1.88651e-06	6.39395e-12	0
    Cs(r):	2.11366e-06	2.11059e-06	3.06698e-09	0

Time = 27

smoothSolver:  Solving for Ux, Initial residual = 0.00796712, Final residual = 0.000292339, No Iterations 1
smoothSolver:  Solving for Uy, Initial residual = 0.0241495, Final residual = 0.00061292, No Iterations 1
smoothSolver:  Solving for Uz, Initial residual = 0.0368649, Final residual = 0.00109968, No Iterations 1
GAMG:  Solving for p, Initial residual = 0.0840502, Final residual = 0.00515669, No Iterations 1
time step continuity errors : sum local = 0.00155854, global = -0.000572772, cumulative = -0.0034546
smoothSolver:  Solving for omega, Initial residual = 0.000229101, Final residual = 1.62389e-06, No Iterations 1
smoothSolver:  Solving for k, Initial residual = 0.00063508, Final residual = 4.17451e-06, No Iterations 1
ExecutionTime = 0.35 s  ClockTime = 0 s

forceCoeffs forceCoeffs write:
    Coefficient	Total	Pressure	Viscous	Internal
    Cd:	0.0382499	0.0380264	0.000223517	0
    Cd(f):	0.0191301	0.0190183	0.000111765	0
    Cd(r):	0.0191198	0.0190081	0.000111751	0
    Cl:	0.0131368	0.0131367	9.07701e-08	0
    Cl(f):	0.00310369	0.00310311	5.88446e-07	0
    Cl(r):	0.0100331	0.0100336	-4.97676e-07	0
    CmPitch:	-0.00346473	-0.00346527	5.43061e-07	0
    CmRoll:	5.14678e-06	5.13974e-06	7.04117e-09	0
    CmYaw:	9.4307e-07	9.43751e-07	-6.81447e-10	0
    Cs:	2.91173e-06	2.90784e-06	3.89471e-09	0
    Cs(f):	2.39894e-06	2.39767e-06	1.26591e-09	0
    Cs(r):	5.12797e-07	5.10168e-07	2.6288e-09	0

Time = 28

smoothSolver:  Solving for Ux, Initial residual = 0.00831098, Final residual = 0.000232206, No Iterations 1
smoothSolver:  Solving for Uy, Initial residual = 0.0213417, Final residual = 0.000621892, No Iterations 1
smoothSolver:  Solving for Uz, Initial residual = 0.0323149, Final residual = 0.00103592, No Iterations 1
GAMG:  Solving for p, Initial residual = 0.0783101, Final residual = 0.00446712, No Iterations 1
time step continuity errors : sum local = 0.00132812, global = -0.000150888, cumulative = -0.00360548
smoothSolver:  Solving for omega, Initial residual = 0.000158069, Final residual = 1.75162e-06, No Iterations 1
smoothSolver:  Solving for k, Initial residual = 0.000468083, Final residual = 3.8838e-06, No Iterations 1
ExecutionTime = 0.37 s  ClockTime = 0 s

forceCoeffs forceCoeffs write:
    Coefficient	Total	Pressure	Viscous	Internal
    Cd:	0.0383097	0.0380862	0.000223491	0
    Cd(f):	0.0191601	0.0190483	0.000111752	0
    Cd(r):	0.0191496	0.0190379	0.000111738	0
    Cl:	0.013132	0.0131319	8.86887e-08	0
    Cl(f):	0.0031025	0.00310191	5.87673e-07	0
    Cl(r):	0.0100295	0.01003	-4.98984e-07	0
    CmPitch:	-0.00346349	-0.00346403	5.43328e-07	0
    CmRoll:	5.2248e-06	5.21763e-06	7.17368e-09	0
    CmYaw:	1.62479e-06	1.62439e-06	3.99504e-10	0
    Cs:	1.69961e-06	1.69583e-06	3.77866e-09	0
    Cs(f):	2.4746e-06	2.47231e-06	2.28884e-09	0
    Cs(r):	-7.7499e-07	-7.7648e-07	1.48983e-09	0

Time = 29

smoothSolver:  Solving for Ux, Initial residual = 0.00771993, Final residual = 0.000170912, No Iterations 1
smoothSolver:  Solving for Uy, Initial residual = 0.0182981, Final residual = 0.000571994, No Iterations 1
smoothSolver:  Solving for Uz, Initial residual = 0.0283489, Final residual = 0.000927985, No Iterations 1
GAMG:  Solving for p, Initial residual = 0.072027, Final residual = 0.00373257, No Iterations 1
time step continuity errors : sum local = 0.00110258, global = 0.000282889, cumulative = -0.00332259
smoothSolver:  Solving for omega, Initial residual = 0.000108378, Final residual = 1.52369e-06, No Iterations 1
smoothSolver:  Solving for k, Initial residual = 0.000343365, Final residual = 3.08462e-06, No Iterations 1
ExecutionTime = 0.39 s  ClockTime = 0 s

forceCoeffs forceCoeffs write:
    Coefficient	Total	Pressure	Viscous	Internal
    Cd:	0.038359	0.0381355	0.000223478	0
    Cd(f):	0.0191847	0.019073	0.000111746	0
    Cd(r):	0.0191743	0.0190626	0.000111732	0
    Cl:	0.0131283	0.0131282	8.71637e-08	0
    Cl(f):	0.00310156	0.00310098	5.87125e-07	0
    Cl(r):	0.0100267	0.0100272	-4.99961e-07	0
    CmPitch:	-0.00346259	-0.00346314	5.43543e-07	0
    CmRoll:	5.20903e-06	5.20175e-06	7.28413e-09	0
    CmYaw:	1.90928e-06	1.9079e-06	1.38527e-09	0
    Cs:	5.70319e-07	5.6731e-07	3.00948e-09	0
    Cs(f):	2.19444e-06	2.19155e-06	2.89001e-09	0
    Cs(r):	-1.62412e-06	-1.62424e-06	1.19469e-10	0

Time = 30

smoothSolver:  Solving for Ux, Initial residual = 0.00662347, Final residual = 0.000124396, No Iterations 1
smoothSolver:  Solving for Uy, Initial residual = 0.0156762, Final residual = 0.000504367, No Iterations 1
smoothSolver:  Solving for Uz, Initial residual = 0.0252597, Final residual = 0.000744492, No Iterations 1
GAMG:  Solving for p, Initial residual = 0.0655832, Final residual = 0.00328214, No Iterations 1
time step continuity errors : sum local = 0.000970092, global = 0.000518993, cumulative = -0.0028036
smoothSolver:  Solving for omega, Initial residual = 7.35286e-05, Final residual = 9.97219e-07, No Iterations 1
smoothSolver:  Solving for k, Initial residual = 0.000249498, Final residual = 2.00679e-06, No Iterations 1
ExecutionTime = 0.4 s  ClockTime = 0 s

forceCoeffs forceCoeffs write:
    Coefficient	Total	Pressure	Viscous	Internal
    Cd:	0.0383914	0.0381679	0.000223479	0
    Cd(f):	0.0192008	0.0190891	0.000111747	0
    Cd(r):	0.0191906	0.0190788	0.000111732	0
    Cl:	0.0131279	0.0131279	8.67547e-08	0
    Cl(f):	0.00310163	0.00310104	5.87006e-07	0
    Cl(r):	0.0100263	0.0100268	-5.00252e-07	0
    CmPitch:	-0.00346234	-0.00346289	5.43629e-07	0
    CmRoll:	5.12913e-06	5.12178e-06	7.35635e-09	0
    CmYaw:	1.8328e-06	1.83067e-06	2.12927e-09	0
    Cs:	-3.21403e-07	-3.23293e-07	1.88949e-09	0
    Cs(f):	1.6721e-06	1.66902e-06	3.07401e-09	0
    Cs(r):	-1.9935e-06	-1.99231e-06	-1.18453e-09	0

Time = 31

smoothSolver:  Solving for Ux, Initial residual = 0.00500918, Final residual = 0.000123458, No Iterations 1
smoothSolver:  Solving for Uy, Initial residual = 0.013873, Final residual = 0.000408316, No Iterations 1
smoothSolver:  Solving for Uz, Initial residual = 0.0228179, Final residual = 0.000625882, No Iterations 1
GAMG:  Solving for p, Initial residual = 0.0582503, Final residual = 0.00295012, No Iterations 1
time step continuity errors : sum local = 0.000881333, global = 0.000504209, cumulative = -0.00229939
smoothSolver:  Solving for omega, Initial residual = 5.00322e-05, Final residual = 5.95147e-07, No Iterations 1
smoothSolver:  Solving for k, Initial residual = 0.0001799, Final residual = 1.26268e-06, No Iterations 1
ExecutionTime = 0.41 s  ClockTime = 0 s

forceCoeffs forceCoeffs write:
    Coefficient	Total	Pressure	Viscous	Internal
    Cd:	0.0384015	0.038178	0.000223494	0
    Cd(f):	0.0192057	0.019094	0.000111754	0
    Cd(r):	0.0191957	0.019084	0.000111739	0
    Cl:	0.0131314	0.0131313	8.769e-08	0
    Cl(f):	0.00310289	0.0031023	5.87399e-07	0
    Cl(r):	0.0100285	0.010029	-4.99709e-07	0
    CmPitch:	-0.00346281	-0.00346335	5.43554e-07	0
    CmRoll:	5.00167e-06	4.99428e-06	7.38904e-09	0
    CmYaw:	1.46428e-06	1.46172e-06	2.56566e-09	0
    Cs:	-8.24364e-07	-8.2508e-07	7.15984e-10	0
    Cs(f):	1.0521e-06	1.04918e-06	2.92365e-09	0
    Cs(r):	-1.87646e-06	-1.87426e-06	-2.20767e-09	0

Time = 32

smoothSolver:  Solving for Ux, Initial residual = 0.00422374, Final residual = 0.000118969, No Iterations 1
smoothSolver:  Solving for Uy, Initial residual = 0.0128287, Final residual = 0.000288907, No Iterations 1
smoothSolver:  Solving for Uz, Initial residual = 0.0207644, Final residual = 0.000479622, No Iterations 1
GAMG:  Solving for p, Initial residual = 0.0507197, Final residual = 0.00281728, No Iterations 1
time step continuity errors : sum local = 0.000857772, global = 0.000453319, cumulative = -0.00184607
smoothSolver:  Solving for omega, Initial residual = 3.4261e-05, Final residual = 3.56785e-07, No Iterations 1
smoothSolver:  Solving for k, Initial residual = 0.000129156, Final residual = 8.93426e-07, No Iterations 1
ExecutionTime = 0.42 s  ClockTime = 0 s

forceCoeffs forceCoeffs write:
    Coefficient	Total	Pressure	Viscous	Internal
    Cd:	0.0383918	0.0381682	0.000223513	0
    Cd(f):	0.0192007	0.019089	0.000111764	0
    Cd(r):	0.019191	0.0190793	0.000111749	0
    Cl:	0.0131375	0.0131374	8.97212e-08	0
    Cl(f):	0.00310498	0.00310439	5.88188e-07	0
    Cl(r):	0.0100325	0.010033	-4.98467e-07	0
    CmPitch:	-0.00346375	-0.00346429	5.43327e-07	0
    CmRoll:	4.86156e-06	4.85417e-06	7.38758e-09	0
    CmYaw:	9.62713e-07	9.60097e-07	2.61578e-09	0
    Cs:	-9.00281e-07	-9.00029e-07	-2.52553e-10	0
    Cs(f):	5.12572e-07	5.10083e-07	2.48951e-09	0
    Cs(r):	-1.41285e-06	-1.41011e-06	-2.74206e-09	0

Time = 33

smoothSolver:  Solving for Ux, Initial residual = 0.00462555, Final residual = 0.000102447, No Iterations 1
smoothSolver:  Solving for Uy, Initial residual = 0.011502, Final residual = 0.000215175, No Iterations 1
smoothSolver:  Solving for Uz, Initial residual = 0.0186041, Final residual = 0.00038937, No Iterations 1
GAMG:  Solving for p, Initial residual = 0.044492, Final residual = 0.0027397, No Iterations 1
time step continuity errors : sum local = 0.000841689, global = 0.000242968, cumulative = -0.00160311
smoothSolver:  Solving for omega, Initial residual = 2.45318e-05, Final residual = 4.70574e-07, No Iterations 1
smoothSolver:  Solving for k, Initial residual = 9.31094e-05, Final residual = 1.10344e-06, No Iterations 1
ExecutionTime = 0.43 s  ClockTime = 0 s

forceCoeffs forceCoeffs write:
    Coefficient	Total	Pressure	Viscous	Internal
    Cd:	0.0383729	0.0381493	0.000223528	0
    Cd(f):	0.0191912	0.0190794	0.000111771	0
    Cd(r):	0.0191817	0.0190699	0.000111757	0
    Cl:	0.0131449	0.0131448	9.22585e-08	0
    Cl(f):	0.00310753	0.00310694	5.89134e-07	0
    Cl(r):	0.0100374	0.0100379	-4.96876e-07	0
    CmPitch:	-0.00346493	-0.00346547	5.43005e-07	0
    CmRoll:	4.74518e-06	4.73782e-06	7.36193e-09	0
    CmYaw:	4.96713e-07	4.94383e-07	2.33067e-09	0
    Cs:	-6.68913e-07	-6.68038e-07	-8.75152e-10	0
    Cs(f):	1.62257e-07	1.60364e-07	1.89309e-09	0
    Cs(r):	-8.3117e-07	-8.28402e-07	-2.76825e-09	0

Time = 34

smoothSolver:  Solving for Ux, Initial residual = 0.00446132, Final residual = 8.6568e-05, No Iterations 1
smoothSolver:  Solving for Uy, Initial residual = 0.0100344, Final residual = 0.00020824, No Iterations 1
smoothSolver:  Solving for Uz, Initial residual = 0.0165585, Final residual = 0.000391008, No Iterations 1
GAMG:  Solving for p, Initial residual = 0.0399403, Final residual = 0.00241194, No Iterations 1
time step continuity errors : sum local = 0.000740213, global = -3.50994e-05, cumulative = -0.00163821
smoothSolver:  Solving for omega, Initial residual = 1.75153e-05, Final residual = 5.07061e-07, No Iterations 1
smoothSolver:  Solving for k, Initial residual = 6.64924e-05, Final residual = 1.06148e-06, No Iterations 1
ExecutionTime = 0.44 s  ClockTime = 0 s

forceCoeffs forceCoeffs write:
    Coefficient	Total	Pressure	Viscous	Internal
    Cd:	0.0383518	0.0381283	0.000223538	0
    Cd(f):	0.0191806	0.0190688	0.000111776	0
    Cd(r):	0.0191712	0.0190595	0.000111762	0
    Cl:	0.0131524	0.0131523	9.46941e-08	0
    Cl(f):	0.0031101	0.00310951	5.90028e-07	0
    Cl(r):	0.0100423	0.0100428	-4.95334e-07	0
    CmPitch:	-0.00346612	-0.00346666	5.42681e-07	0
    CmRoll:	4.65559e-06	4.64826e-06	7.32623e-09	0
    CmYaw:	1.42396e-07	1.40467e-07	1.92913e-09	0
    Cs:	-2.43787e-07	-2.42653e-07	-1.13331e-09	0
    Cs(f):	2.0503e-08	1.91405e-08	1.36248e-09	0
    Cs(r):	-2.6429e-07	-2.61794e-07	-2.49579e-09	0

Time = 35

smoothSolver:  Solving for Ux, Initial residual = 0.00399337, Final residual = 7.32605e-05, No Iterations 1
smoothSolver:  Solving for Uy, Initial residual = 0.00872976, Final residual = 0.000201903, No Iterations 1
smoothSolver:  Solving for Uz, Initial residual = 0.0146494, Final residual = 0.000357083, No Iterations 1
GAMG:  Solving for p, Initial residual = 0.0362824, Final residual = 0.00204362, No Iterations 1
time step continuity errors : sum local = 0.000623792, global = -0.000248351, cumulative = -0.00188656
smoothSolver:  Solving for omega, Initial residual = 1.26437e-05, Final residual = 4.23578e-07, No Iterations 1
smoothSolver:  Solving for k, Initial residual = 4.73508e-05, Final residual = 8.17081e-07, No Iterations 1
ExecutionTime = 0.45 s  ClockTime = 0 s

forceCoeffs forceCoeffs write:
    Coefficient	Total	Pressure	Viscous	Internal
    Cd:	0.0383328	0.0381092	0.000223544	0
    Cd(f):	0.019171	0.0190592	0.000111779	0
    Cd(r):	0.0191618	0.01905	0.000111765	0
    Cl:	0.0131585	0.0131585	9.64946e-08	0
    Cl(f):	0.0031122	0.00311161	5.90685e-07	0
    Cl(r):	0.0100463	0.0100468	-4.9419e-07	0
    CmPitch:	-0.00346707	-0.00346761	5.42437e-07	0
    CmRoll:	4.59312e-06	4.58583e-06	7.29145e-09	0
    CmYaw:	-6.88543e-08	-7.04058e-08	1.55149e-09	0
    Cs:	2.73239e-07	2.7431e-07	-1.07055e-09	0
    Cs(f):	6.77654e-08	6.67492e-08	1.01622e-09	0
    Cs(r):	2.05474e-07	2.07561e-07	-2.08677e-09	0

Time = 36

smoothSolver:  Solving for Ux, Initial residual = 0.0033031, Final residual = 5.59149e-05, No Iterations 1
smoothSolver:  Solving for Uy, Initial residual = 0.00769541, Final residual = 0.000185023, No Iterations 1
smoothSolver:  Solving for Uz, Initial residual = 0.0132256, Final residual = 0.000307512, No Iterations 1
GAMG:  Solving for p, Initial residual = 0.0330122, Final residual = 0.00167407, No Iterations 1
time step continuity errors : sum local = 0.000506606, global = -0.000302685, cumulative = -0.00218924
smoothSolver:  Solving for omega, Initial residual = 1.02707e-05, Final residual = 2.52649e-07, No Iterations 1
smoothSolver:  Solving for k, Initial residual = 3.4583e-05, Final residual = 5.05438e-07, No Iterations 1
ExecutionTime = 0.46 s  ClockTime = 0 s

forceCoeffs forceCoeffs write:
    Coefficient	Total	Pressure	Viscous	Internal
    Cd:	0.0383188	0.0380953	0.000223545	0
    Cd(f):	0.019164	0.0190522	0.00011178	0
    Cd(r):	0.0191548	0.0190431	0.000111765	0
    Cl:	0.0131624	0.0131623	9.7332e-08	0
    Cl(f):	0.00311355	0.00311296	5.90983e-07	0
    Cl(r):	0.0100489	0.0100493	-4.93651e-07	0
    CmPitch:	-0.00346765	-0.00346819	5.42317e-07	0
    CmRoll:	4.55958e-06	4.55232e-06	7.26379e-09	0
    CmYaw:	-1.23703e-07	-1.24947e-07	1.24359e-09	0
    Cs:	7.84828e-07	7.85589e-07	-7.61186e-10	0
    Cs(f):	2.68711e-07	2.67848e-07	8.63001e-10	0
    Cs(r):	5.16117e-07	5.17741e-07	-1.62419e-09	0

Time = 37

smoothSolver:  Solving for Ux, Initial residual = 0.002541, Final residual = 4.41739e-05, No Iterations 1
smoothSolver:  Solving for Uy, Initial residual = 0.00703061, Final residual = 0.000174429, No Iterations 1
smoothSolver:  Solving for Uz, Initial residual = 0.0121762, Final residual = 0.000272113, No Iterations 1
GAMG:  Solving for p, Initial residual = 0.0299477, Final residual = 0.00157201, No Iterations 1
time step continuity errors : sum local = 0.00046894, global = -0.000273244, cumulative = -0.00246248
smoothSolver:  Solving for omega, Initial residual = 8.09409e-06, Final residual = 1.53993e-07, No Iterations 1
smoothSolver:  Solving for k, Initial residual = 2.50517e-05, Final residual = 3.24147e-07, No Iterations 1
ExecutionTime = 0.48 s  ClockTime = 0 s

forceCoeffs forceCoeffs write:
    Coefficient	Total	Pressure	Viscous	Internal
    Cd:	0.0383133	0.0380898	0.00022354	0
    Cd(f):	0.0191612	0.0190495	0.000111777	0
    Cd(r):	0.0191521	0.0190403	0.000111763	0
    Cl:	0.0131637	0.0131636	9.72142e-08	0
    Cl(f):	0.00311405	0.00311346	5.90927e-07	0
    Cl(r):	0.0100497	0.0100502	-4.93712e-07	0
    CmPitch:	-0.0034678	-0.00346835	5.42319e-07	0
    CmRoll:	4.56583e-06	4.55858e-06	7.24533e-09	0
    CmYaw:	-2.60996e-08	-2.71386e-08	1.03903e-09	0
    Cs:	1.16124e-06	1.16155e-06	-3.12096e-10	0
    Cs(f):	5.54519e-07	5.53636e-07	8.82979e-10	0
    Cs(r):	6.06718e-07	6.07913e-07	-1.19507e-09	0

Time = 38

smoothSolver:  Solving for Ux, Initial residual = 0.00263953, Final residual = 4.14337e-05, No Iterations 1
smoothSolver:  Solving for Uy, Initial residual = 0.00628394, Final residual = 0.000138323, No Iterations 1
smoothSolver:  Solving for Uz, Initial residual = 0.0110985, Final residual = 0.000230845, No Iterations 1
GAMG:  Solving for p, Initial residual = 0.0272678, Final residual = 0.00159179, No Iterations 1
time step continuity errors : sum local = 0.000467037, global = -0.000215278, cumulative = -0.00267776
smoothSolver:  Solving for omega, Initial residual = 7.04839e-06, Final residual = 1.30733e-07, No Iterations 1
smoothSolver:  Solving for k, Initial residual = 1.90502e-05, Final residual = 2.84772e-07, No Iterations 1
ExecutionTime = 0.49 s  ClockTime = 0 s

forceCoeffs forceCoeffs write:
    Coefficient	Total	Pressure	Viscous	Internal
    Cd:	0.0383157	0.0380921	0.000223534	0
    Cd(f):	0.0191624	0.0190507	0.000111774	0
    Cd(r):	0.0191532	0.0190415	0.00011176	0
    Cl:	0.0131627	0.0131626	9.64305e-08	0
    Cl(f):	0.00311374	0.00311315	5.90631e-07	0
    Cl(r):	0.0100489	0.0100494	-4.942e-07	0
    CmPitch:	-0.00346759	-0.00346813	5.42415e-07	0
    CmRoll:	4.60256e-06	4.59532e-06	7.23748e-09	0
    CmYaw:	1.57737e-07	1.5674e-07	9.97058e-10	0
    Cs:	1.32483e-06	1.32468e-06	1.46215e-10	0
    Cs(f):	8.20151e-07	8.19081e-07	1.07017e-09	0
    Cs(r):	5.04678e-07	5.05602e-07	-9.2395e-10	0

Time = 39

smoothSolver:  Solving for Ux, Initial residual = 0.00244532, Final residual = 3.52582e-05, No Iterations 1
smoothSolver:  Solving for Uy, Initial residual = 0.00531476, Final residual = 8.49214e-05, No Iterations 1
smoothSolver:  Solving for Uz, Initial residual = 0.00986576, Final residual = 0.000173634, No Iterations 1
GAMG:  Solving for p, Initial residual = 0.0245965, Final residual = 0.00163095, No Iterations 1
time step continuity errors : sum local = 0.00047426, global = -7.56038e-05, cumulative = -0.00275337
smoothSolver:  Solving for omega, Initial residual = 5.92105e-06, Final residual = 1.55684e-07, No Iterations 1
smoothSolver:  Solving for k, Initial residual = 1.45778e-05, Final residual = 3.45553e-07, No Iterations 1
ExecutionTime = 0.5 s  ClockTime = 0 s

forceCoeffs forceCoeffs write:
    Coefficient	Total	Pressure	Viscous	Internal
    Cd:	0.0383221	0.0380986	0.000223529	0
    Cd(f):	0.0191657	0.0190539	0.000111772	0
    Cd(r):	0.0191564	0.0190447	0.000111757	0
    Cl:	0.0131601	0.0131601	9.53568e-08	0
    Cl(f):	0.00311292	0.00311233	5.90239e-07	0
    Cl(r):	0.0100472	0.0100477	-4.94882e-07	0
    CmPitch:	-0.00346715	-0.00346769	5.4256e-07	0
    CmRoll:	4.64779e-06	4.64055e-06	7.23969e-09	0
    CmYaw:	3.52942e-07	3.51846e-07	1.096e-09	0
    Cs:	1.30768e-06	1.30717e-06	5.09575e-10	0
    Cs(f):	1.00678e-06	1.00543e-06	1.35078e-09	0
    Cs(r):	3.009e-07	3.01741e-07	-8.4121e-10	0

Time = 40

smoothSolver:  Solving for Ux, Initial residual = 0.00218097, Final residual = 3.23191e-05, No Iterations 1
smoothSolver:  Solving for Uy, Initial residual = 0.0045288, Final residual = 7.26783e-05, No Iterations 1
smoothSolver:  Solving for Uz, Initial residual = 0.00871242, Final residual = 0.000149575, No Iterations 1
GAMG:  Solving for p, Initial residual = 0.0218987, Final residual = 0.0014854, No Iterations 1
time step continuity errors : sum local = 0.000430288, global = 5.21215e-05, cumulative = -0.00270125
smoothSolver:  Solving for omega, Initial residual = 4.31551e-06, Final residual = 1.54495e-07, No Iterations 1
smoothSolver:  Solving for k, Initial residual = 1.05497e-05, Final residual = 3.25953e-07, No Iterations 1
ExecutionTime = 0.51 s  ClockTime = 0 s

forceCoeffs forceCoeffs write:
    Coefficient	Total	Pressure	Viscous	Internal
    Cd:	0.0383301	0.0381066	0.000223525	0
    Cd(f):	0.0191697	0.019058	0.00011177	0
    Cd(r):	0.0191603	0.0190486	0.000111755	0
    Cl:	0.0131572	0.0131571	9.43574e-08	0
    Cl(f):	0.00311193	0.00311134	5.89876e-07	0
    Cl(r):	0.0100453	0.0100457	-4.95519e-07	0
    CmPitch:	-0.00346666	-0.0034672	5.42698e-07	0
    CmRoll:	4.69376e-06	4.68651e-06	7.24849e-09	0
    CmYaw:	5.1952e-07	5.18281e-07	1.23896e-09	0
    Cs:	1.1607e-06	1.15997e-06	7.29525e-10	0
    Cs(f):	1.09987e-06	1.09826e-06	1.60372e-09	0
    Cs(r):	6.08282e-08	6.17024e-08	-8.74194e-10	0

Time = 41

smoothSolver:  Solving for Ux, Initial residual = 0.00193798, Final residual = 2.89359e-05, No Iterations 1
smoothSolver:  Solving for Uy, Initial residual = 0.00405451, Final residual = 7.11409e-05, No Iterations 1
smoothSolver:  Solving for Uz, Initial residual = 0.00784357, Final residual = 0.000138949, No Iterations 1
GAMG:  Solving for p, Initial residual = 0.0194028, Final residual = 0.00123141, No Iterations 1
time step continuity errors : sum local = 0.000356246, global = 0.000131235, cumulative = -0.00257001
smoothSolver:  Solving for omega, Initial residual = 3.27798e-06, Final residual = 1.27509e-07, No Iterations 1
smoothSolver:  Solving for k, Initial residual = 7.62837e-06, Final residual = 2.55119e-07, No Iterations 1
ExecutionTime = 0.52 s  ClockTime = 0 s

forceCoeffs forceCoeffs write:
    Coefficient	Total	Pressure	Viscous	Internal
    Cd:	0.0383377	0.0381142	0.000223522	0
    Cd(f):	0.0191736	0.0190618	0.000111768	0
    Cd(r):	0.0191641	0.0190524	0.000111754	0
    Cl:	0.0131546	0.0131545	9.3699e-08	0
    Cl(f):	0.00311104	0.00311045	5.89638e-07	0
    Cl(r):	0.0100435	0.010044	-4.95939e-07	0
    CmPitch:	-0.00346624	-0.00346678	5.42789e-07	0
    CmRoll:	4.73296e-06	4.7257e-06	7.26025e-09	0
    CmYaw:	6.32379e-07	6.31003e-07	1.37601e-09	0
    Cs:	9.38876e-07	9.38079e-07	7.96798e-10	0
    Cs(f):	1.10182e-06	1.10004e-06	1.77441e-09	0
    Cs(r):	-1.62942e-07	-1.61964e-07	-9.77611e-10	0

Time = 42

smoothSolver:  Solving for Ux, Initial residual = 0.00164742, Final residual = 2.30016e-05, No Iterations 1
smoothSolver:  Solving for Uy, Initial residual = 0.00377305, Final residual = 7.02312e-05, No Iterations 1
smoothSolver:  Solving for Uz, Initial residual = 0.0071836, Final residual = 0.000122635, No Iterations 1
GAMG:  Solving for p, Initial residual = 0.0172422, Final residual = 0.000986524, No Iterations 1
time step continuity errors : sum local = 0.000285625, global = 0.00015509, cumulative = -0.00241492
smoothSolver:  Solving for omega, Initial residual = 3.14163e-06, Final residual = 8.56991e-08, No Iterations 1
smoothSolver:  Solving for k, Initial residual = 6.21933e-06, Final residual = 1.70018e-07, No Iterations 1
ExecutionTime = 0.53 s  ClockTime = 0 s

forceCoeffs forceCoeffs write:
    Coefficient	Total	Pressure	Viscous	Internal
    Cd:	0.0383435	0.03812	0.000223522	0
    Cd(f):	0.0191765	0.0190647	0.000111768	0
    Cd(r):	0.019167	0.0190552	0.000111753	0
    Cl:	0.0131528	0.0131527	9.34768e-08	0
    Cl(f):	0.00311042	0.00310983	5.8956e-07	0
    Cl(r):	0.0100423	0.0100428	-4.96083e-07	0
    CmPitch:	-0.00346596	-0.0034665	5.42821e-07	0
    CmRoll:	4.75782e-06	4.75055e-06	7.27205e-09	0
    CmYaw:	6.77353e-07	6.75862e-07	1.49145e-09	0
    Cs:	7.01436e-07	7.00707e-07	7.28296e-10	0
    Cs(f):	1.02807e-06	1.02622e-06	1.8556e-09	0
    Cs(r):	-3.26635e-07	-3.25508e-07	-1.1273e-09	0

Time = 43

smoothSolver:  Solving for Ux, Initial residual = 0.00146908, Final residual = 1.63959e-05, No Iterations 1
smoothSolver:  Solving for Uy, Initial residual = 0.00343635, Final residual = 6.83246e-05, No Iterations 1
smoothSolver:  Solving for Uz, Initial residual = 0.00659869, Final residual = 0.000111821, No Iterations 1
GAMG:  Solving for p, Initial residual = 0.0154859, Final residual = 0.000890399, No Iterations 1
time step continuity errors : sum local = 0.000258593, global = 0.000143243, cumulative = -0.00227168
smoothSolver:  Solving for omega, Initial residual = 3.04548e-06, Final residual = 6.34859e-08, No Iterations 1
smoothSolver:  Solving for k, Initial residual = 5.30101e-06, Final residual = 1.17786e-07, No Iterations 1
ExecutionTime = 0.54 s  ClockTime = 0 s

forceCoeffs forceCoeffs write:
    Coefficient	Total	Pressure	Viscous	Internal
    Cd:	0.0383463	0.0381228	0.000223523	0
    Cd(f):	0.0191779	0.0190662	0.000111769	0
    Cd(r):	0.0191684	0.0190566	0.000111754	0
    Cl:	0.013152	0.013152	9.36156e-08	0
    Cl(f):	0.00311016	0.00310957	5.89614e-07	0
    Cl(r):	0.0100419	0.0100424	-4.95998e-07	0
    CmPitch:	-0.00346586	-0.0034664	5.42806e-07	0
    CmRoll:	4.76147e-06	4.75419e-06	7.28182e-09	0
    CmYaw:	6.54704e-07	6.53129e-07	1.57463e-09	0
    Cs:	5.14424e-07	5.13859e-07	5.64489e-10	0
    Cs(f):	9.11915e-07	9.10058e-07	1.85688e-09	0
    Cs(r):	-3.97492e-07	-3.96199e-07	-1.29239e-09	0

Time = 44

smoothSolver:  Solving for Ux, Initial residual = 0.00146094, Final residual = 1.52457e-05, No Iterations 1
smoothSolver:  Solving for Uy, Initial residual = 0.00295812, Final residual = 5.24739e-05, No Iterations 1
smoothSolver:  Solving for Uz, Initial residual = 0.00595771, Final residual = 9.67534e-05, No Iterations 1
GAMG:  Solving for p, Initial residual = 0.0139532, Final residual = 0.000895024, No Iterations 1
time step continuity errors : sum local = 0.000261057, global = 0.000108263, cumulative = -0.00216341
smoothSolver:  Solving for omega, Initial residual = 2.99588e-06, Final residual = 5.54191e-08, No Iterations 1
smoothSolver:  Solving for k, Initial residual = 4.66915e-06, Final residual = 9.62089e-08, No Iterations 1
ExecutionTime = 0.56 s  ClockTime = 0 s

forceCoeffs forceCoeffs write:
    Coefficient	Total	Pressure	Viscous	Internal
    Cd:	0.0383461	0.0381225	0.000223526	0
    Cd(f):	0.0191778	0.019066	0.00011177	0
    Cd(r):	0.0191683	0.0190565	0.000111756	0
    Cl:	0.0131525	0.0131524	9.39552e-08	0
    Cl(f):	0.00311029	0.0031097	5.89741e-07	0
    Cl(r):	0.0100422	0.0100427	-4.95785e-07	0
    CmPitch:	-0.00346594	-0.00346649	5.42763e-07	0
    CmRoll:	4.74742e-06	4.74014e-06	7.28785e-09	0
    CmYaw:	5.87967e-07	5.86357e-07	1.61002e-09	0
    Cs:	4.23094e-07	4.22728e-07	3.65438e-10	0
    Cs(f):	7.99514e-07	7.97721e-07	1.79274e-09	0
    Cs(r):	-3.7642e-07	-3.74993e-07	-1.4273e-09	0

Time = 45

smoothSolver:  Solving for Ux, Initial residual = 0.00136605, Final residual = 1.40455e-05, No Iterations 1
smoothSolver:  Solving for Uy, Initial residual = 0.00252997, Final residual = 2.84708e-05, No Iterations 1
smoothSolver:  Solving for Uz, Initial residual = 0.00527728, Final residual = 7.1334e-05, No Iterations 1
GAMG:  Solving for p, Initial residual = 0.0124783, Final residual = 0.000910606, No Iterations 1
time step continuity errors : sum local = 0.00026634, global = 5.46963e-05, cumulative = -0.00210872
smoothSolver:  Solving for omega, Initial residual = 2.73441e-06, Final residual = 6.42171e-08, No Iterations 1
smoothSolver:  Solving for k, Initial residual = 4.05752e-06, Final residual = 1.18461e-07, No Iterations 1
ExecutionTime = 0.57 s  ClockTime = 0 s

forceCoeffs forceCoeffs write:
    Coefficient	Total	Pressure	Viscous	Internal
    Cd:	0.0383437	0.0381202	0.000223528	0
    Cd(f):	0.0191766	0.0190648	0.000111771	0
    Cd(r):	0.0191671	0.0190554	0.000111757	0
    Cl:	0.0131536	0.0131535	9.43374e-08	0
    Cl(f):	0.00311066	0.00311007	5.8988e-07	0
    Cl(r):	0.0100429	0.0100434	-4.95542e-07	0
    CmPitch:	-0.00346614	-0.00346668	5.42711e-07	0
    CmRoll:	4.72664e-06	4.71935e-06	7.28929e-09	0
    CmYaw:	5.0876e-07	5.07163e-07	1.5974e-09	0
    Cs:	4.23579e-07	4.23387e-07	1.91247e-10	0
    Cs(f):	7.20549e-07	7.18856e-07	1.69302e-09	0
    Cs(r):	-2.96971e-07	-2.95469e-07	-1.50178e-09	0

Time = 46

smoothSolver:  Solving for Ux, Initial residual = 0.00123784, Final residual = 1.37272e-05, No Iterations 1
smoothSolver:  Solving for Uy, Initial residual = 0.00227722, Final residual = 2.31472e-05, No Iterations 1
smoothSolver:  Solving for Uz, Initial residual = 0.00472782, Final residual = 5.34002e-05, No Iterations 1
GAMG:  Solving for p, Initial residual = 0.011036, Final residual = 0.00085378, No Iterations 1
time step continuity errors : sum local = 0.00024995, global = 6.53705e-06, cumulative = -0.00210218
smoothSolver:  Solving for omega, Initial residual = 2.05779e-06, Final residual = 6.35943e-08, No Iterations 1
smoothSolver:  Solving for k, Initial residual = 3.11291e-06, Final residual = 1.23463e-07, No Iterations 1
ExecutionTime = 0.58 s  ClockTime = 1 s

forceCoeffs forceCoeffs write:
    Coefficient	Total	Pressure	Viscous	Internal
    Cd:	0.0383405	0.038117	0.000223529	0
    Cd(f):	0.019175	0.0190632	0.000111772	0
    Cd(r):	0.0191655	0.0190538	0.000111757	0
    Cl:	0.0131549	0.0131548	9.46421e-08	0
    Cl(f):	0.00311111	0.00311052	5.89989e-07	0
    Cl(r):	0.0100438	0.0100443	-4.95347e-07	0
    CmPitch:	-0.00346635	-0.00346689	5.42668e-07	0
    CmRoll:	4.70768e-06	4.70039e-06	7.28679e-09	0
    CmYaw:	4.40814e-07	4.39257e-07	1.55646e-09	0
    Cs:	4.86014e-07	4.85935e-07	7.94897e-11	0
    Cs(f):	6.83821e-07	6.82225e-07	1.59621e-09	0
    Cs(r):	-1.97807e-07	-1.9629e-07	-1.51672e-09	0

Time = 47

smoothSolver:  Solving for Ux, Initial residual = 0.00111236, Final residual = 1.17088e-05, No Iterations 1
smoothSolver:  Solving for Uy, Initial residual = 0.00208729, Final residual = 2.43366e-05, No Iterations 1
smoothSolver:  Solving for Uz, Initial residual = 0.00430443, Final residual = 5.01401e-05, No Iterations 1
GAMG:  Solving for p, Initial residual = 0.00976153, Final residual = 0.00073254, No Iterations 1
time step continuity errors : sum local = 0.000214361, global = -3.12688e-05, cumulative = -0.00213345
smoothSolver:  Solving for omega, Initial residual = 1.35829e-06, Final residual = 4.83287e-08, No Iterations 1
smoothSolver:  Solving for k, Initial residual = 2.10391e-06, Final residual = 1.03857e-07, No Iterations 1
ExecutionTime = 0.59 s  ClockTime = 1 s

forceCoeffs forceCoeffs write:
    Coefficient	Total	Pressure	Viscous	Internal
    Cd:	0.0383374	0.0381139	0.00022353	0
    Cd(f):	0.0191734	0.0190616	0.000111772	0
    Cd(r):	0.019164	0.0190523	0.000111758	0
    Cl:	0.013156	0.0131559	9.48112e-08	0
    Cl(f):	0.00311148	0.00311089	5.90047e-07	0
    Cl(r):	0.0100445	0.010045	-4.95236e-07	0
    CmPitch:	-0.00346653	-0.00346707	5.42642e-07	0
    CmRoll:	4.69563e-06	4.68834e-06	7.28192e-09	0
    CmYaw:	3.97342e-07	3.95837e-07	1.50548e-09	0
    Cs:	5.73692e-07	5.73652e-07	4.09327e-11	0
    Cs(f):	6.84188e-07	6.82662e-07	1.52595e-09	0
    Cs(r):	-1.10496e-07	-1.09011e-07	-1.48501e-09	0

Time = 48

smoothSolver:  Solving for Ux, Initial residual = 0.00101802, Final residual = 8.94959e-06, No Iterations 1
smoothSolver:  Solving for Uy, Initial residual = 0.00187344, Final residual = 2.60379e-05, No Iterations 1
smoothSolver:  Solving for Uz, Initial residual = 0.00392532, Final residual = 4.60589e-05, No Iterations 1
GAMG:  Solving for p, Initial residual = 0.00872536, Final residual = 0.000610997, No Iterations 1
time step continuity errors : sum local = 0.0001786, global = -5.41285e-05, cumulative = -0.00218758
smoothSolver:  Solving for omega, Initial residual = 1.3998e-06, Final residual = 4.01495e-08, No Iterations 1
smoothSolver:  Solving for k, Initial residual = 1.91536e-06, Final residual = 7.60825e-08, No Iterations 1
ExecutionTime = 0.6 s  ClockTime = 1 s

forceCoeffs forceCoeffs write:
    Coefficient	Total	Pressure	Viscous	Internal
    Cd:	0.0383351	0.0381116	0.000223529	0
    Cd(f):	0.0191722	0.0190605	0.000111772	0
    Cd(r):	0.0191629	0.0190511	0.000111757	0
    Cl:	0.0131567	0.0131566	9.48476e-08	0
    Cl(f):	0.00311171	0.00311112	5.90058e-07	0
    Cl(r):	0.010045	0.0100455	-4.9521e-07	0
    CmPitch:	-0.00346663	-0.00346717	5.42634e-07	0
    CmRoll:	4.69175e-06	4.68448e-06	7.27656e-09	0
    CmYaw:	3.80994e-07	3.79538e-07	1.45679e-09	0
    Cs:	6.55764e-07	6.55698e-07	6.51059e-11	0
    Cs(f):	7.08876e-07	7.07387e-07	1.48934e-09	0
    Cs(r):	-5.31126e-08	-5.16883e-08	-1.42423e-09	0

Time = 49

smoothSolver:  Solving for Ux, Initial residual = 0.000965513, Final residual = 6.64828e-06, No Iterations 1
smoothSolver:  Solving for Uy, Initial residual = 0.00164674, Final residual = 2.25844e-05, No Iterations 1
smoothSolver:  Solving for Uz, Initial residual = 0.00351247, Final residual = 4.19557e-05, No Iterations 1
GAMG:  Solving for p, Initial residual = 0.00789916, Final residual = 0.000544694, No Iterations 1
time step continuity errors : sum local = 0.00015894, global = -6.3253e-05, cumulative = -0.00225083
smoothSolver:  Solving for omega, Initial residual = 1.94933e-06, Final residual = 5.01855e-08, No Iterations 1
smoothSolver:  Solving for k, Initial residual = 2.43025e-06, Final residual = 7.08251e-08, No Iterations 1
ExecutionTime = 0.61 s  ClockTime = 1 s

forceCoeffs forceCoeffs write:
    Coefficient	Total	Pressure	Viscous	Internal
    Cd:	0.0383338	0.0381102	0.000223528	0
    Cd(f):	0.0191716	0.0190598	0.000111771	0
    Cd(r):	0.0191622	0.0190504	0.000111757	0
    Cl:	0.0131568	0.0131567	9.47922e-08	0
    Cl(f):	0.00311177	0.00311118	5.90036e-07	0
    Cl(r):	0.0100451	0.0100456	-4.95243e-07	0
    CmPitch:	-0.00346664	-0.00346718	5.42639e-07	0
    CmRoll:	4.69526e-06	4.68799e-06	7.27221e-09	0
    CmYaw:	3.8794e-07	3.86524e-07	1.41591e-09	0
    Cs:	7.14439e-07	7.14309e-07	1.29463e-10	0
    Cs(f):	7.45159e-07	7.43678e-07	1.48064e-09	0
    Cs(r):	-3.07204e-08	-2.93692e-08	-1.35118e-09	0

Time = 50

smoothSolver:  Solving for Ux, Initial residual = 0.000971433, Final residual = 6.7332e-06, No Iterations 1
smoothSolver:  Solving for Uy, Initial residual = 0.00150294, Final residual = 1.63727e-05, No Iterations 1
smoothSolver:  Solving for Uz, Initial residual = 0.0031607, Final residual = 3.48186e-05, No Iterations 1
GAMG:  Solving for p, Initial residual = 0.0072498, Final residual = 0.000654239, No Iterations 1
time step continuity errors : sum local = 0.000190355, global = -4.8334e-05, cumulative = -0.00229916
smoothSolver:  Solving for omega, Initial residual = 1.96929e-06, Final residual = 4.41943e-08, No Iterations 1
smoothSolver:  Solving for k, Initial residual = 2.42499e-06, Final residual = 5.89547e-08, No Iterations 1
ExecutionTime = 0.64 s  ClockTime = 1 s

forceCoeffs forceCoeffs write:
    Coefficient	Total	Pressure	Viscous	Internal
    Cd:	0.0383337	0.0381102	0.000223527	0
    Cd(f):	0.0191716	0.0190598	0.000111771	0
    Cd(r):	0.0191622	0.0190504	0.000111756	0
    Cl:	0.0131564	0.0131563	9.469e-08	0
    Cl(f):	0.00311164	0.00311105	5.89997e-07	0
    Cl(r):	0.0100448	0.0100453	-4.95307e-07	0
    CmPitch:	-0.00346657	-0.00346711	5.42652e-07	0
    CmRoll:	4.70393e-06	4.69666e-06	7.26977e-09	0
    CmYaw:	4.09604e-07	4.08217e-07	1.38716e-09	0
    Cs:	7.34969e-07	7.34764e-07	2.05132e-10	0
    Cs(f):	7.77088e-07	7.75599e-07	1.48973e-09	0
    Cs(r):	-4.21194e-08	-4.08348e-08	-1.2846e-09	0

Time = 51

smoothSolver:  Solving for Ux, Initial residual = 0.00100221, Final residual = 7.79713e-06, No Iterations 1
smoothSolver:  Solving for Uy, Initial residual = 0.00143593, Final residual = 1.03402e-05, No Iterations 1
smoothSolver:  Solving for Uz, Initial residual = 0.00286522, Final residual = 2.33723e-05, No Iterations 1
GAMG:  Solving for p, Initial residual = 0.00671896, Final residual = 0.00055386, No Iterations 1
time step continuity errors : sum local = 0.000160436, global = -2.74235e-05, cumulative = -0.00232659
smoothSolver:  Solving for omega, Initial residual = 1.53857e-06, Final residual = 4.52253e-08, No Iterations 1
smoothSolver:  Solving for k, Initial residual = 1.94776e-06, Final residual = 6.93083e-08, No Iterations 1
ExecutionTime = 0.65 s  ClockTime = 1 s

forceCoeffs forceCoeffs write:
    Coefficient	Total	Pressure	Viscous	Internal
    Cd:	0.0383348	0.0381113	0.000223526	0
    Cd(f):	0.0191721	0.0190604	0.00011177	0
    Cd(r):	0.0191627	0.0190509	0.000111756	0
    Cl:	0.0131558	0.0131557	9.45678e-08	0
    Cl(f):	0.00311142	0.00311083	5.89952e-07	0
    Cl(r):	0.0100443	0.0100448	-4.95385e-07	0
    CmPitch:	-0.00346646	-0.003467	5.42668e-07	0
    CmRoll:	4.71013e-06	4.70286e-06	7.26969e-09	0
    CmYaw:	4.33586e-07	4.32205e-07	1.38061e-09	0
    Cs:	7.26218e-07	7.25955e-07	2.6307e-10	0
    Cs(f):	7.96695e-07	7.95183e-07	1.51215e-09	0
    Cs(r):	-7.04768e-08	-6.92278e-08	-1.24908e-09	0

Time = 52

smoothSolver:  Solving for Ux, Initial residual = 0.00087697, Final residual = 6.18342e-06, No Iterations 1
smoothSolver:  Solving for Uy, Initial residual = 0.00128804, Final residual = 8.99451e-06, No Iterations 1
smoothSolver:  Solving for Uz, Initial residual = 0.00260333, Final residual = 1.70825e-05, No Iterations 1
GAMG:  Solving for p, Initial residual = 0.00592118, Final residual = 0.000455936, No Iterations 1
time step continuity errors : sum local = 0.000131779, global = -4.66671e-06, cumulative = -0.00233125
smoothSolver:  Solving for omega, Initial residual = 1.23953e-06, Final residual = 4.12479e-08, No Iterations 1
smoothSolver:  Solving for k, Initial residual = 1.62373e-06, Final residual = 7.0436e-08, No Iterations 1
ExecutionTime = 0.66 s  ClockTime = 1 s

forceCoeffs forceCoeffs write:
    Coefficient	Total	Pressure	Viscous	Internal
    Cd:	0.0383362	0.0381127	0.000223526	0
    Cd(f):	0.0191728	0.019061	0.00011177	0
    Cd(r):	0.0191634	0.0190516	0.000111756	0
    Cl:	0.0131552	0.0131551	9.44563e-08	0
    Cl(f):	0.00311122	0.00311063	5.89914e-07	0
    Cl(r):	0.0100439	0.0100444	-4.95458e-07	0
    CmPitch:	-0.00346636	-0.0034669	5.42686e-07	0
    CmRoll:	4.71215e-06	4.70488e-06	7.27142e-09	0
    CmYaw:	4.53755e-07	4.52357e-07	1.39747e-09	0
    Cs:	7.12346e-07	7.12055e-07	2.90626e-10	0
    Cs(f):	8.09927e-07	8.08385e-07	1.54278e-09	0
    Cs(r):	-9.75816e-08	-9.63295e-08	-1.25216e-09	0

Time = 53

smoothSolver:  Solving for Ux, Initial residual = 0.000828152, Final residual = 4.677e-06, No Iterations 1
smoothSolver:  Solving for Uy, Initial residual = 0.00111219, Final residual = 8.32604e-06, No Iterations 1
smoothSolver:  Solving for Uz, Initial residual = 0.00235324, Final residual = 1.77246e-05, No Iterations 1
GAMG:  Solving for p, Initial residual = 0.00517644, Final residual = 0.000391501, No Iterations 1
time step continuity errors : sum local = 0.000113096, global = 2.37287e-05, cumulative = -0.00230753
smoothSolver:  Solving for omega, Initial residual = 9.20936e-07, Final residual = 9.20936e-07, No Iterations 0
smoothSolver:  Solving for k, Initial residual = 1.1949e-06, Final residual = 4.8293e-08, No Iterations 1
ExecutionTime = 0.67 s  ClockTime = 1 s

forceCoeffs forceCoeffs write:
    Coefficient	Total	Pressure	Viscous	Internal
    Cd:	0.0383375	0.038114	0.000223526	0
    Cd(f):	0.0191735	0.0190617	0.000111771	0
    Cd(r):	0.019164	0.0190523	0.000111756	0
    Cl:	0.0131547	0.0131547	9.43797e-08	0
    Cl(f):	0.00311108	0.00311049	5.89889e-07	0
    Cl(r):	0.0100437	0.0100442	-4.95509e-07	0
    CmPitch:	-0.0034663	-0.00346684	5.42699e-07	0
    CmRoll:	4.712e-06	4.70472e-06	7.27386e-09	0
    CmYaw:	4.67901e-07	4.66476e-07	1.42495e-09	0
    Cs:	6.98535e-07	6.98242e-07	2.9291e-10	0
    Cs(f):	8.17168e-07	8.15597e-07	1.5714e-09	0
    Cs(r):	-1.18634e-07	-1.17355e-07	-1.27849e-09	0

Time = 54

smoothSolver:  Solving for Ux, Initial residual = 0.000818588, Final residual = 5.39226e-06, No Iterations 1
smoothSolver:  Solving for Uy, Initial residual = 0.00100465, Final residual = 9.28269e-06, No Iterations 1
smoothSolver:  Solving for Uz, Initial residual = 0.00209982, Final residual = 1.88731e-05, No Iterations 1
GAMG:  Solving for p, Initial residual = 0.00470235, Final residual = 0.00042587, No Iterations 1
time step continuity errors : sum local = 0.000123056, global = 3.40236e-05, cumulative = -0.0022735
smoothSolver:  Solving for omega, Initial residual = 2.07589e-06, Final residual = 3.32004e-08, No Iterations 1
smoothSolver:  Solving for k, Initial residual = 2.03912e-06, Final residual = 4.20266e-08, No Iterations 1
ExecutionTime = 0.68 s  ClockTime = 1 s

forceCoeffs forceCoeffs write:
    Coefficient	Total	Pressure	Viscous	Internal
    Cd:	0.0383386	0.0381151	0.000223527	0
    Cd(f):	0.019174	0.0190622	0.000111771	0
    Cd(r):	0.0191646	0.0190528	0.000111756	0
    Cl:	0.0131546	0.0131545	9.43492e-08	0
    Cl(f):	0.00311102	0.00311043	5.89879e-07	0
    Cl(r):	0.0100436	0.0100441	-4.9553e-07	0
    CmPitch:	-0.00346628	-0.00346682	5.42705e-07	0
    CmRoll:	4.71059e-06	4.70332e-06	7.27614e-09	0
    CmYaw:	4.76211e-07	4.74756e-07	1.45454e-09	0
    Cs:	6.86454e-07	6.86176e-07	2.78141e-10	0
    Cs(f):	8.19438e-07	8.17844e-07	1.59361e-09	0
    Cs(r):	-1.32984e-07	-1.31669e-07	-1.31547e-09	0

Time = 55

smoothSolver:  Solving for Ux, Initial residual = 0.000778954, Final residual = 6.74e-06, No Iterations 1
smoothSolver:  Solving for Uy, Initial residual = 0.00100282, Final residual = 9.76778e-06, No Iterations 1
smoothSolver:  Solving for Uz, Initial residual = 0.00190308, Final residual = 1.74941e-05, No Iterations 1
GAMG:  Solving for p, Initial residual = 0.00445024, Final residual = 0.000155064, No Iterations 2
time step continuity errors : sum local = 4.49116e-05, global = 6.99588e-06, cumulative = -0.00226651
smoothSolver:  Solving for omega, Initial residual = 1.13309e-06, Final residual = 2.25295e-08, No Iterations 1
smoothSolver:  Solving for k, Initial residual = 1.42081e-06, Final residual = 2.49408e-08, No Iterations 1
ExecutionTime = 0.69 s  ClockTime = 1 s

forceCoeffs forceCoeffs write:
    Coefficient	Total	Pressure	Viscous	Internal
    Cd:	0.0383387	0.0381152	0.000223528	0
    Cd(f):	0.0191741	0.0190623	0.000111771	0
    Cd(r):	0.0191646	0.0190529	0.000111757	0
    Cl:	0.0131547	0.0131546	9.43665e-08	0
    Cl(f):	0.00311105	0.00311046	5.89887e-07	0
    Cl(r):	0.0100437	0.0100442	-4.9552e-07	0
    CmPitch:	-0.00346631	-0.00346685	5.42703e-07	0
    CmRoll:	4.70966e-06	4.70238e-06	7.27773e-09	0
    CmYaw:	4.7913e-07	4.77654e-07	1.47617e-09	0
    Cs:	6.8467e-07	6.8441e-07	2.60085e-10	0
    Cs(f):	8.21465e-07	8.19858e-07	1.60621e-09	0
    Cs(r):	-1.36795e-07	-1.35449e-07	-1.34613e-09	0

Time = 56

smoothSolver:  Solving for Ux, Initial residual = 0.000818096, Final residual = 3.22132e-06, No Iterations 1
smoothSolver:  Solving for Uy, Initial residual = 0.000863576, Final residual = 5.949e-06, No Iterations 1
smoothSolver:  Solving for Uz, Initial residual = 0.00176776, Final residual = 1.12245e-05, No Iterations 1
GAMG:  Solving for p, Initial residual = 0.00379412, Final residual = 0.000313902, No Iterations 1
time step continuity errors : sum local = 9.14496e-05, global = -1.22199e-05, cumulative = -0.00227873
smoothSolver:  Solving for omega, Initial residual = 1.29266e-06, Final residual = 2.21464e-08, No Iterations 1
smoothSolver:  Solving for k, Initial residual = 1.53103e-06, Final residual = 3.0202e-08, No Iterations 1
ExecutionTime = 0.7 s  ClockTime = 1 s

forceCoeffs forceCoeffs write:
    Coefficient	Total	Pressure	Viscous	Internal
    Cd:	0.0383386	0.0381151	0.000223528	0
    Cd(f):	0.019174	0.0190622	0.000111771	0
    Cd(r):	0.0191646	0.0190528	0.000111757	0
    Cl:	0.013155	0.0131549	9.4413e-08	0
    Cl(f):	0.00311114	0.00311055	5.89904e-07	0
    Cl(r):	0.0100438	0.0100443	-4.95491e-07	0
    CmPitch:	-0.00346635	-0.00346689	5.42697e-07	0
    CmRoll:	4.71208e-06	4.7048e-06	7.27789e-09	0
    CmYaw:	4.76681e-07	4.752e-07	1.48156e-09	0
    Cs:	6.7143e-07	6.71181e-07	2.49307e-10	0
    Cs(f):	8.12397e-07	8.1079e-07	1.60621e-09	0
    Cs(r):	-1.40966e-07	-1.39609e-07	-1.3569e-09	0

Time = 57

smoothSolver:  Solving for Ux, Initial residual = 0.000767562, Final residual = 2.60714e-06, No Iterations 1
smoothSolver:  Solving for Uy, Initial residual = 0.000765104, Final residual = 3.65095e-06, No Iterations 1
smoothSolver:  Solving for Uz, Initial residual = 0.001554, Final residual = 7.64169e-06, No Iterations 1
GAMG:  Solving for p, Initial residual = 0.00338916, Final residual = 0.000319742, No Iterations 1
time step continuity errors : sum local = 9.31494e-05, global = -4.16353e-05, cumulative = -0.00232036
smoothSolver:  Solving for omega, Initial residual = 9.34709e-07, Final residual = 9.34709e-07, No Iterations 0
smoothSolver:  Solving for k, Initial residual = 1.22728e-06, Final residual = 2.43675e-08, No Iterations 1
ExecutionTime = 0.71 s  ClockTime = 1 s

forceCoeffs forceCoeffs write:
    Coefficient	Total	Pressure	Viscous	Internal
    Cd:	0.038338	0.0381145	0.000223528	0
    Cd(f):	0.0191737	0.019062	0.000111771	0
    Cd(r):	0.0191643	0.0190526	0.000111757	0
    Cl:	0.0131553	0.0131552	9.44732e-08	0
    Cl(f):	0.00311125	0.00311066	5.89924e-07	0
    Cl(r):	0.010044	0.0100445	-4.95451e-07	0
    CmPitch:	-0.0034664	-0.00346694	5.42688e-07	0
    CmRoll:	4.71404e-06	4.70676e-06	7.27749e-09	0
    CmYaw:	4.71001e-07	4.69524e-07	1.47742e-09	0
    Cs:	6.5817e-07	6.57929e-07	2.40971e-10	0
    Cs(f):	8.00086e-07	7.98488e-07	1.5979e-09	0
    Cs(r):	-1.41917e-07	-1.4056e-07	-1.35693e-09	0

Time = 58

smoothSolver:  Solving for Ux, Initial residual = 0.000692002, Final residual = 3.99031e-06, No Iterations 1
smoothSolver:  Solving for Uy, Initial residual = 0.000713704, Final residual = 4.45807e-06, No Iterations 1
smoothSolver:  Solving for Uz, Initial residual = 0.00141972, Final residual = 8.9411e-06, No Iterations 1
GAMG:  Solving for p, Initial residual = 0.00312239, Final residual = 0.00014353, No Iterations 2
time step continuity errors : sum local = 4.17439e-05, global = -8.01458e-06, cumulative = -0.00232838
smoothSolver:  Solving for omega, Initial residual = 5.44256e-07, Final residual = 5.44256e-07, No Iterations 0
smoothSolver:  Solving for k, Initial residual = 1.04014e-06, Final residual = 1.97682e-08, No Iterations 1
ExecutionTime = 0.73 s  ClockTime = 1 s

forceCoeffs forceCoeffs write:
    Coefficient	Total	Pressure	Viscous	Internal
    Cd:	0.0383376	0.038114	0.000223528	0
    Cd(f):	0.0191735	0.0190617	0.000111771	0
    Cd(r):	0.0191641	0.0190523	0.000111757	0
    Cl:	0.0131554	0.0131553	9.45195e-08	0
    Cl(f):	0.00311129	0.0031107	5.8994e-07	0
    Cl(r):	0.0100441	0.0100446	-4.95421e-07	0
    CmPitch:	-0.00346642	-0.00346696	5.42681e-07	0
    CmRoll:	4.71457e-06	4.70729e-06	7.27673e-09	0
    CmYaw:	4.58424e-07	4.56957e-07	1.46698e-09	0
    Cs:	6.39736e-07	6.39503e-07	2.33497e-10	0
    Cs(f):	7.78292e-07	7.76709e-07	1.58372e-09	0
    Cs(r):	-1.38556e-07	-1.37206e-07	-1.35023e-09	0

Time = 59

smoothSolver:  Solving for Ux, Initial residual = 0.00060461, Final residual = 3.51101e-06, No Iterations 1
smoothSolver:  Solving for Uy, Initial residual = 0.000649049, Final residual = 5.62745e-06, No Iterations 1
smoothSolver:  Solving for Uz, Initial residual = 0.00130323, Final residual = 9.6928e-06, No Iterations 1
GAMG:  Solving for p, Initial residual = 0.00273184, Final residual = 0.000246726, No Iterations 1
time step continuity errors : sum local = 7.13138e-05, global = -5.91612e-06, cumulative = -0.00233429
smoothSolver:  Solving for omega, Initial residual = 8.56105e-07, Final residual = 8.56105e-07, No Iterations 0
smoothSolver:  Solving for k, Initial residual = 9.94424e-07, Final residual = 9.94424e-07, No Iterations 0
ExecutionTime = 0.74 s  ClockTime = 1 s

forceCoeffs forceCoeffs write:
    Coefficient	Total	Pressure	Viscous	Internal
    Cd:	0.0383371	0.0381136	0.000223528	0
    Cd(f):	0.0191733	0.0190615	0.000111771	0
    Cd(r):	0.0191638	0.0190521	0.000111757	0
    Cl:	0.0131554	0.0131553	9.45393e-08	0
    Cl(f):	0.0031113	0.00311071	5.89947e-07	0
    Cl(r):	0.0100441	0.0100446	-4.95408e-07	0
    CmPitch:	-0.00346642	-0.00346696	5.42677e-07	0
    CmRoll:	4.71231e-06	4.70504e-06	7.27614e-09	0
    CmYaw:	4.50779e-07	4.49318e-07	1.46118e-09	0
    Cs:	6.43419e-07	6.43196e-07	2.22937e-10	0
    Cs(f):	7.72489e-07	7.70916e-07	1.57265e-09	0
    Cs(r):	-1.29069e-07	-1.2772e-07	-1.34971e-09	0

Time = 60

smoothSolver:  Solving for Ux, Initial residual = 0.000615807, Final residual = 2.13808e-06, No Iterations 1
smoothSolver:  Solving for Uy, Initial residual = 0.000620204, Final residual = 5.15786e-06, No Iterations 1
smoothSolver:  Solving for Uz, Initial residual = 0.00113501, Final residual = 8.40777e-06, No Iterations 1
GAMG:  Solving for p, Initial residual = 0.00251699, Final residual = 0.000228875, No Iterations 1
time step continuity errors : sum local = 6.6116e-05, global = 2.60618e-05, cumulative = -0.00230823
smoothSolver:  Solving for omega, Initial residual = 9.11248e-07, Final residual = 9.11248e-07, No Iterations 0
smoothSolver:  Solving for k, Initial residual = 1.14224e-06, Final residual = 1.99324e-08, No Iterations 1
ExecutionTime = 0.75 s  ClockTime = 1 s

forceCoeffs forceCoeffs write:
    Coefficient	Total	Pressure	Viscous	Internal
    Cd:	0.0383369	0.0381134	0.000223528	0
    Cd(f):	0.0191732	0.0190614	0.000111771	0
    Cd(r):	0.0191637	0.019052	0.000111757	0
    Cl:	0.0131554	0.0131553	9.4529e-08	0
    Cl(f):	0.00311128	0.00311069	5.89944e-07	0
    Cl(r):	0.0100441	0.0100446	-4.95415e-07	0
    CmPitch:	-0.00346641	-0.00346695	5.42679e-07	0
    CmRoll:	4.71009e-06	4.70282e-06	7.27555e-09	0
    CmYaw:	4.45137e-07	4.43684e-07	1.45305e-09	0
    Cs:	6.52159e-07	6.51939e-07	2.19789e-10	0
    Cs(f):	7.71216e-07	7.69653e-07	1.56295e-09	0
    Cs(r):	-1.19057e-07	-1.17714e-07	-1.34316e-09	0

Time = 61

smoothSolver:  Solving for Ux, Initial residual = 0.000524129, Final residual = 1.23195e-06, No Iterations 1
smoothSolver:  Solving for Uy, Initial residual = 0.000546946, Final residual = 3.44189e-06, No Iterations 1
smoothSolver:  Solving for Uz, Initial residual = 0.00102203, Final residual = 5.67497e-06, No Iterations 1
GAMG:  Solving for p, Initial residual = 0.00231428, Final residual = 9.38706e-05, No Iterations 2
time step continuity errors : sum local = 2.71253e-05, global = -1.64467e-06, cumulative = -0.00230988
smoothSolver:  Solving for omega, Initial residual = 6.46178e-07, Final residual = 6.46178e-07, No Iterations 0
smoothSolver:  Solving for k, Initial residual = 6.00459e-07, Final residual = 6.00459e-07, No Iterations 0
ExecutionTime = 0.76 s  ClockTime = 1 s

forceCoeffs forceCoeffs write:
    Coefficient	Total	Pressure	Viscous	Internal
    Cd:	0.038337	0.0381134	0.000223528	0
    Cd(f):	0.0191732	0.0190614	0.000111771	0
    Cd(r):	0.0191638	0.019052	0.000111757	0
    Cl:	0.0131553	0.0131552	9.45091e-08	0
    Cl(f):	0.00311127	0.00311068	5.89937e-07	0
    Cl(r):	0.0100441	0.0100446	-4.95428e-07	0
    CmPitch:	-0.0034664	-0.00346695	5.42683e-07	0
    CmRoll:	4.70977e-06	4.7025e-06	7.27512e-09	0
    CmYaw:	4.46609e-07	4.45159e-07	1.4503e-09	0
    Cs:	6.6897e-07	6.68748e-07	2.21696e-10	0
    Cs(f):	7.81094e-07	7.79533e-07	1.56115e-09	0
    Cs(r):	-1.12124e-07	-1.10785e-07	-1.33946e-09	0

Time = 62

smoothSolver:  Solving for Ux, Initial residual = 0.00042901, Final residual = 1.83743e-06, No Iterations 1
smoothSolver:  Solving for Uy, Initial residual = 0.000484129, Final residual = 3.82633e-06, No Iterations 1
smoothSolver:  Solving for Uz, Initial residual = 0.000955982, Final residual = 6.33947e-06, No Iterations 1
GAMG:  Solving for p, Initial residual = 0.00202754, Final residual = 0.000198838, No Iterations 1
time step continuity errors : sum local = 5.76783e-05, global = 1.94533e-05, cumulative = -0.00229042
smoothSolver:  Solving for omega, Initial residual = 8.89643e-07, Final residual = 8.89643e-07, No Iterations 0
smoothSolver:  Solving for k, Initial residual = 6.86327e-07, Final residual = 6.86327e-07, No Iterations 0
ExecutionTime = 0.77 s  ClockTime = 1 s

forceCoeffs forceCoeffs write:
    Coefficient	Total	Pressure	Viscous	Internal
    Cd:	0.0383371	0.0381136	0.000223528	0
    Cd(f):	0.0191733	0.0190615	0.000111771	0
    Cd(r):	0.0191639	0.0190521	0.000111757	0
    Cl:	0.0131553	0.0131552	9.44959e-08	0
    Cl(f):	0.00311126	0.00311067	5.89932e-07	0
    Cl(r):	0.0100441	0.0100446	-4.95436e-07	0
    CmPitch:	-0.0034664	-0.00346694	5.42684e-07	0
    CmRoll:	4.70827e-06	4.701e-06	7.27499e-09	0
    CmYaw:	4.48194e-07	4.46746e-07	1.44825e-09	0
    Cs:	6.75592e-07	6.75363e-07	2.28871e-10	0
    Cs(f):	7.8599e-07	7.84428e-07	1.56269e-09	0
    Cs(r):	-1.10398e-07	-1.09064e-07	-1.33382e-09	0

Time = 63

smoothSolver:  Solving for Ux, Initial residual = 0.000447739, Final residual = 2.1385e-06, No Iterations 1
smoothSolver:  Solving for Uy, Initial residual = 0.000464654, Final residual = 4.02583e-06, No Iterations 1
smoothSolver:  Solving for Uz, Initial residual = 0.00084714, Final residual = 6.42724e-06, No Iterations 1
GAMG:  Solving for p, Initial residual = 0.00188027, Final residual = 5.80116e-05, No Iterations 2
time step continuity errors : sum local = 1.6835e-05, global = 4.19183e-06, cumulative = -0.00228623
smoothSolver:  Solving for omega, Initial residual = 5.95254e-07, Final residual = 5.95254e-07, No Iterations 0
smoothSolver:  Solving for k, Initial residual = 4.74329e-07, Final residual = 4.74329e-07, No Iterations 0
ExecutionTime = 0.78 s  ClockTime = 1 s

forceCoeffs forceCoeffs write:
    Coefficient	Total	Pressure	Viscous	Internal
    Cd:	0.0383373	0.0381137	0.000223528	0
    Cd(f):	0.0191733	0.0190616	0.000111771	0
    Cd(r):	0.0191639	0.0190522	0.000111757	0
    Cl:	0.0131553	0.0131552	9.44982e-08	0
    Cl(f):	0.00311127	0.00311068	5.89933e-07	0
    Cl(r):	0.0100441	0.0100446	-4.95435e-07	0
    CmPitch:	-0.0034664	-0.00346695	5.42684e-07	0
    CmRoll:	4.70808e-06	4.7008e-06	7.27508e-09	0
    CmYaw:	4.53826e-07	4.52377e-07	1.44956e-09	0
    Cs:	6.82928e-07	6.82693e-07	2.34713e-10	0
    Cs(f):	7.9529e-07	7.93723e-07	1.56691e-09	0
    Cs(r):	-1.12362e-07	-1.1103e-07	-1.3322e-09	0

Time = 64

smoothSolver:  Solving for Ux, Initial residual = 0.00038032, Final residual = 1.56882e-06, No Iterations 1
smoothSolver:  Solving for Uy, Initial residual = 0.000430204, Final residual = 2.69009e-06, No Iterations 1
smoothSolver:  Solving for Uz, Initial residual = 0.000796347, Final residual = 4.54692e-06, No Iterations 1
GAMG:  Solving for p, Initial residual = 0.0016243, Final residual = 0.000158553, No Iterations 1
time step continuity errors : sum local = 4.60454e-05, global = -1.45862e-05, cumulative = -0.00230082
smoothSolver:  Solving for omega, Initial residual = 6.75414e-07, Final residual = 6.75414e-07, No Iterations 0
smoothSolver:  Solving for k, Initial residual = 6.45333e-07, Final residual = 6.45333e-07, No Iterations 0
ExecutionTime = 0.79 s  ClockTime = 1 s

forceCoeffs forceCoeffs write:
    Coefficient	Total	Pressure	Viscous	Internal
    Cd:	0.0383374	0.0381139	0.000223528	0
    Cd(f):	0.0191734	0.0190616	0.000111771	0
    Cd(r):	0.019164	0.0190522	0.000111757	0
    Cl:	0.0131554	0.0131553	9.45091e-08	0
    Cl(f):	0.00311128	0.00311069	5.89937e-07	0
    Cl(r):	0.0100441	0.0100446	-4.95427e-07	0
    CmPitch:	-0.00346641	-0.00346695	5.42682e-07	0
    CmRoll:	4.70948e-06	4.70221e-06	7.2752e-09	0
    CmYaw:	4.57639e-07	4.56188e-07	1.4511e-09	0
    Cs:	6.80667e-07	6.80424e-07	2.42118e-10	0
    Cs(f):	7.97973e-07	7.96401e-07	1.57216e-09	0
    Cs(r):	-1.17306e-07	-1.15976e-07	-1.33004e-09	0

Time = 65

smoothSolver:  Solving for Ux, Initial residual = 0.000357796, Final residual = 6.69533e-07, No Iterations 1
smoothSolver:  Solving for Uy, Initial residual = 0.000391322, Final residual = 2.16667e-06, No Iterations 1
smoothSolver:  Solving for Uz, Initial residual = 0.000671666, Final residual = 3.53866e-06, No Iterations 1
GAMG:  Solving for p, Initial residual = 0.00150493, Final residual = 5.50767e-05, No Iterations 2
time step continuity errors : sum local = 1.59916e-05, global = 2.30674e-06, cumulative = -0.00229851
smoothSolver:  Solving for omega, Initial residual = 5.37751e-07, Final residual = 5.37751e-07, No Iterations 0
smoothSolver:  Solving for k, Initial residual = 3.51147e-07, Final residual = 3.51147e-07, No Iterations 0
ExecutionTime = 0.81 s  ClockTime = 1 s

forceCoeffs forceCoeffs write:
    Coefficient	Total	Pressure	Viscous	Internal
    Cd:	0.0383374	0.0381139	0.000223527	0
    Cd(f):	0.0191734	0.0190617	0.000111771	0
    Cd(r):	0.019164	0.0190523	0.000111756	0
    Cl:	0.0131554	0.0131553	9.45227e-08	0
    Cl(f):	0.00311129	0.0031107	5.89941e-07	0
    Cl(r):	0.0100441	0.0100446	-4.95418e-07	0
    CmPitch:	-0.00346641	-0.00346695	5.4268e-07	0
    CmRoll:	4.70955e-06	4.70228e-06	7.27538e-09	0
    CmYaw:	4.58591e-07	4.57139e-07	1.45182e-09	0
    Cs:	6.72003e-07	6.71757e-07	2.45802e-10	0
    Cs(f):	7.94592e-07	7.93017e-07	1.57472e-09	0
    Cs(r):	-1.22589e-07	-1.2126e-07	-1.32892e-09	0

Time = 66

smoothSolver:  Solving for Ux, Initial residual = 0.000303526, Final residual = 9.30283e-07, No Iterations 1
smoothSolver:  Solving for Uy, Initial residual = 0.000337055, Final residual = 2.40225e-06, No Iterations 1
smoothSolver:  Solving for Uz, Initial residual = 0.000625337, Final residual = 3.26229e-06, No Iterations 1
GAMG:  Solving for p, Initial residual = 0.00133962, Final residual = 3.38347e-05, No Iterations 2
time step continuity errors : sum local = 9.79834e-06, global = 4.50104e-08, cumulative = -0.00229846
smoothSolver:  Solving for omega, Initial residual = 5.38546e-07, Final residual = 5.38546e-07, No Iterations 0
smoothSolver:  Solving for k, Initial residual = 3.63568e-07, Final residual = 3.63568e-07, No Iterations 0
ExecutionTime = 0.82 s  ClockTime = 1 s

forceCoeffs forceCoeffs write:
    Coefficient	Total	Pressure	Viscous	Internal
    Cd:	0.0383374	0.0381139	0.000223528	0
    Cd(f):	0.0191734	0.0190617	0.000111771	0
    Cd(r):	0.019164	0.0190523	0.000111756	0
    Cl:	0.0131554	0.0131553	9.45301e-08	0
    Cl(f):	0.00311129	0.0031107	5.89944e-07	0
    Cl(r):	0.0100441	0.0100446	-4.95414e-07	0
    CmPitch:	-0.00346641	-0.00346695	5.42679e-07	0
    CmRoll:	4.70965e-06	4.70238e-06	7.27552e-09	0
    CmYaw:	4.58141e-07	4.56688e-07	1.45288e-09	0
    Cs:	6.66635e-07	6.66391e-07	2.44211e-10	0
    Cs(f):	7.91458e-07	7.89883e-07	1.57498e-09	0
    Cs(r):	-1.24823e-07	-1.23492e-07	-1.33077e-09	0

Time = 67

smoothSolver:  Solving for Ux, Initial residual = 0.000340848, Final residual = 9.8886e-07, No Iterations 1
smoothSolver:  Solving for Uy, Initial residual = 0.000320317, Final residual = 2.37626e-06, No Iterations 1
smoothSolver:  Solving for Uz, Initial residual = 0.000587143, Final residual = 3.51913e-06, No Iterations 1
GAMG:  Solving for p, Initial residual = 0.00119549, Final residual = 2.71855e-05, No Iterations 2
time step continuity errors : sum local = 7.8627e-06, global = 2.3454e-06, cumulative = -0.00229612
smoothSolver:  Solving for omega, Initial residual = 5.16386e-07, Final residual = 5.16386e-07, No Iterations 0
smoothSolver:  Solving for k, Initial residual = 3.66202e-07, Final residual = 3.66202e-07, No Iterations 0
ExecutionTime = 0.83 s  ClockTime = 1 s

forceCoeffs forceCoeffs write:
    Coefficient	Total	Pressure	Viscous	Internal
    Cd:	0.0383374	0.0381139	0.000223528	0
    Cd(f):	0.0191734	0.0190617	0.000111771	0
    Cd(r):	0.019164	0.0190523	0.000111757	0
    Cl:	0.0131554	0.0131553	9.45276e-08	0
    Cl(f):	0.00311128	0.00311069	5.89943e-07	0
    Cl(r):	0.0100441	0.0100446	-4.95415e-07	0
    CmPitch:	-0.0034664	-0.00346695	5.42679e-07	0
    CmRoll:	4.70962e-06	4.70235e-06	7.27558e-09	0
    CmYaw:	4.57242e-07	4.55788e-07	1.45359e-09	0
    Cs:	6.658e-07	6.65559e-07	2.41076e-10	0
    Cs(f):	7.90142e-07	7.88567e-07	1.57413e-09	0
    Cs(r):	-1.24342e-07	-1.23009e-07	-1.33306e-09	0

Time = 68

smoothSolver:  Solving for Ux, Initial residual = 0.000264291, Final residual = 6.27909e-07, No Iterations 1
smoothSolver:  Solving for Uy, Initial residual = 0.000304985, Final residual = 1.25746e-06, No Iterations 1
smoothSolver:  Solving for Uz, Initial residual = 0.000532525, Final residual = 2.20452e-06, No Iterations 1
GAMG:  Solving for p, Initial residual = 0.00108032, Final residual = 3.53298e-05, No Iterations 2
time step continuity errors : sum local = 1.02248e-05, global = 3.3109e-07, cumulative = -0.00229579
smoothSolver:  Solving for omega, Initial residual = 5.05377e-07, Final residual = 5.05377e-07, No Iterations 0
smoothSolver:  Solving for k, Initial residual = 3.77024e-07, Final residual = 3.77024e-07, No Iterations 0
ExecutionTime = 0.85 s  ClockTime = 1 s

forceCoeffs forceCoeffs write:
    Coefficient	Total	Pressure	Viscous	Internal
    Cd:	0.0383374	0.0381139	0.000223528	0
    Cd(f):	0.0191734	0.0190616	0.000111771	0
    Cd(r):	0.019164	0.0190522	0.000111757	0
    Cl:	0.0131553	0.0131552	9.45196e-08	0
    Cl(f):	0.00311127	0.00311068	5.8994e-07	0
    Cl(r):	0.0100441	0.0100446	-4.95421e-07	0
    CmPitch:	-0.0034664	-0.00346694	5.42681e-07	0
    CmRoll:	4.70976e-06	4.70248e-06	7.2756e-09	0
    CmYaw:	4.56726e-07	4.55272e-07	1.45414e-09	0
    Cs:	6.67904e-07	6.67665e-07	2.39004e-10	0
    Cs(f):	7.90678e-07	7.89104e-07	1.57364e-09	0
    Cs(r):	-1.22774e-07	-1.21439e-07	-1.33464e-09	0

Time = 69

smoothSolver:  Solving for Ux, Initial residual = 0.000219084, Final residual = 4.68877e-07, No Iterations 1
smoothSolver:  Solving for Uy, Initial residual = 0.000274145, Final residual = 7.69491e-07, No Iterations 1
smoothSolver:  Solving for Uz, Initial residual = 0.000456962, Final residual = 1.24076e-06, No Iterations 1
GAMG:  Solving for p, Initial residual = 0.000961708, Final residual = 2.33779e-05, No Iterations 2
time step continuity errors : sum local = 6.77766e-06, global = 3.93419e-06, cumulative = -0.00229185
smoothSolver:  Solving for omega, Initial residual = 5.00246e-07, Final residual = 5.00246e-07, No Iterations 0
smoothSolver:  Solving for k, Initial residual = 3.73633e-07, Final residual = 3.73633e-07, No Iterations 0
ExecutionTime = 0.86 s  ClockTime = 1 s

forceCoeffs forceCoeffs write:
    Coefficient	Total	Pressure	Viscous	Internal
    Cd:	0.0383374	0.0381138	0.000223528	0
    Cd(f):	0.0191734	0.0190616	0.000111771	0
    Cd(r):	0.019164	0.0190522	0.000111757	0
    Cl:	0.0131553	0.0131552	9.45123e-08	0
    Cl(f):	0.00311126	0.00311067	5.89938e-07	0
    Cl(r):	0.0100441	0.0100446	-4.95425e-07	0
    CmPitch:	-0.0034664	-0.00346694	5.42682e-07	0
    CmRoll:	4.71004e-06	4.70276e-06	7.27558e-09	0
    CmYaw:	4.56383e-07	4.54929e-07	1.45425e-09	0
    Cs:	6.69426e-07	6.69188e-07	2.38663e-10	0
    Cs(f):	7.91096e-07	7.89522e-07	1.57358e-09	0
    Cs(r):	-1.2167e-07	-1.20335e-07	-1.33492e-09	0

Time = 70

smoothSolver:  Solving for Ux, Initial residual = 0.000227352, Final residual = 4.31521e-07, No Iterations 1
smoothSolver:  Solving for Uy, Initial residual = 0.000227297, Final residual = 9.55835e-07, No Iterations 1
smoothSolver:  Solving for Uz, Initial residual = 0.000393205, Final residual = 1.29288e-06, No Iterations 1
GAMG:  Solving for p, Initial residual = 0.00083438, Final residual = 1.59124e-05, No Iterations 2
time step continuity errors : sum local = 4.61689e-06, global = -3.2968e-08, cumulative = -0.00229189
smoothSolver:  Solving for omega, Initial residual = 5.10005e-07, Final residual = 5.10005e-07, No Iterations 0
smoothSolver:  Solving for k, Initial residual = 3.7654e-07, Final residual = 3.7654e-07, No Iterations 0
ExecutionTime = 0.87 s  ClockTime = 1 s

forceCoeffs forceCoeffs write:
    Coefficient	Total	Pressure	Viscous	Internal
    Cd:	0.0383373	0.0381138	0.000223528	0
    Cd(f):	0.0191734	0.0190616	0.000111771	0
    Cd(r):	0.019164	0.0190522	0.000111757	0
    Cl:	0.0131553	0.0131552	9.45096e-08	0
    Cl(f):	0.00311126	0.00311067	5.89937e-07	0
    Cl(r):	0.0100441	0.0100446	-4.95427e-07	0
    CmPitch:	-0.0034664	-0.00346694	5.42682e-07	0
    CmRoll:	4.71028e-06	4.703e-06	7.27556e-09	0
    CmYaw:	4.56041e-07	4.54587e-07	1.45398e-09	0
    Cs:	6.69318e-07	6.69079e-07	2.38885e-10	0
    Cs(f):	7.907e-07	7.89126e-07	1.57343e-09	0
    Cs(r):	-1.21382e-07	-1.20047e-07	-1.33454e-09	0

Time = 71

smoothSolver:  Solving for Ux, Initial residual = 0.000193157, Final residual = 2.79945e-07, No Iterations 1
smoothSolver:  Solving for Uy, Initial residual = 0.000202512, Final residual = 7.23797e-07, No Iterations 1
smoothSolver:  Solving for Uz, Initial residual = 0.000354956, Final residual = 1.06471e-06, No Iterations 1
GAMG:  Solving for p, Initial residual = 0.00073729, Final residual = 2.49745e-05, No Iterations 2
time step continuity errors : sum local = 7.24306e-06, global = 1.56428e-06, cumulative = -0.00229032
smoothSolver:  Solving for omega, Initial residual = 5.30686e-07, Final residual = 5.30686e-07, No Iterations 0
smoothSolver:  Solving for k, Initial residual = 3.87668e-07, Final residual = 3.87668e-07, No Iterations 0
ExecutionTime = 0.89 s  ClockTime = 1 s

forceCoeffs forceCoeffs write:
    Coefficient	Total	Pressure	Viscous	Internal
    Cd:	0.0383373	0.0381138	0.000223528	0
    Cd(f):	0.0191734	0.0190616	0.000111771	0
    Cd(r):	0.019164	0.0190522	0.000111757	0
    Cl:	0.0131553	0.0131552	9.45106e-08	0
    Cl(f):	0.00311126	0.00311067	5.89937e-07	0
    Cl(r):	0.0100441	0.0100446	-4.95427e-07	0
    CmPitch:	-0.0034664	-0.00346694	5.42682e-07	0
    CmRoll:	4.71032e-06	4.70305e-06	7.27555e-09	0
    CmYaw:	4.55659e-07	4.54205e-07	1.45355e-09	0
    Cs:	6.68376e-07	6.68137e-07	2.38754e-10	0
    Cs(f):	7.89847e-07	7.88274e-07	1.57293e-09	0
    Cs(r):	-1.21471e-07	-1.20137e-07	-1.33417e-09	0

Time = 72

smoothSolver:  Solving for Ux, Initial residual = 0.000169808, Final residual = 2.95278e-07, No Iterations 1
smoothSolver:  Solving for Uy, Initial residual = 0.000201028, Final residual = 4.78711e-07, No Iterations 1
smoothSolver:  Solving for Uz, Initial residual = 0.000331895, Final residual = 6.66077e-07, No Iterations 1
GAMG:  Solving for p, Initial residual = 0.000663394, Final residual = 2.03936e-05, No Iterations 2
time step continuity errors : sum local = 5.90789e-06, global = -4.03057e-06, cumulative = -0.00229435
smoothSolver:  Solving for omega, Initial residual = 5.19262e-07, Final residual = 5.19262e-07, No Iterations 0
smoothSolver:  Solving for k, Initial residual = 3.90139e-07, Final residual = 3.90139e-07, No Iterations 0
ExecutionTime = 0.9 s  ClockTime = 1 s

forceCoeffs forceCoeffs write:
    Coefficient	Total	Pressure	Viscous	Internal
    Cd:	0.0383373	0.0381138	0.000223528	0
    Cd(f):	0.0191734	0.0190616	0.000111771	0
    Cd(r):	0.019164	0.0190522	0.000111757	0
    Cl:	0.0131553	0.0131552	9.45119e-08	0
    Cl(f):	0.00311127	0.00311068	5.89938e-07	0
    Cl(r):	0.0100441	0.0100446	-4.95426e-07	0
    CmPitch:	-0.0034664	-0.00346694	5.42682e-07	0
    CmRoll:	4.71014e-06	4.70286e-06	7.27556e-09	0
    CmYaw:	4.5531e-07	4.53857e-07	1.45311e-09	0
    Cs:	6.67742e-07	6.67504e-07	2.38187e-10	0
    Cs(f):	7.89181e-07	7.87609e-07	1.57221e-09	0
    Cs(r):	-1.21439e-07	-1.20105e-07	-1.33402e-09	0

Time = 73

smoothSolver:  Solving for Ux, Initial residual = 0.000154878, Final residual = 2.9138e-07, No Iterations 1
smoothSolver:  Solving for Uy, Initial residual = 0.00019051, Final residual = 3.16907e-07, No Iterations 1
smoothSolver:  Solving for Uz, Initial residual = 0.000290795, Final residual = 4.5405e-07, No Iterations 1
GAMG:  Solving for p, Initial residual = 0.000594665, Final residual = 1.63234e-05, No Iterations 2
time step continuity errors : sum local = 4.72659e-06, global = -6.84598e-07, cumulative = -0.00229504
smoothSolver:  Solving for omega, Initial residual = 5.11857e-07, Final residual = 5.11857e-07, No Iterations 0
smoothSolver:  Solving for k, Initial residual = 3.74937e-07, Final residual = 3.74937e-07, No Iterations 0
ExecutionTime = 0.92 s  ClockTime = 1 s

forceCoeffs forceCoeffs write:
    Coefficient	Total	Pressure	Viscous	Internal
    Cd:	0.0383373	0.0381138	0.000223528	0
    Cd(f):	0.0191734	0.0190616	0.000111771	0
    Cd(r):	0.019164	0.0190522	0.000111757	0
    Cl:	0.0131553	0.0131552	9.4512e-08	0
    Cl(f):	0.00311127	0.00311068	5.89938e-07	0
    Cl(r):	0.0100441	0.0100446	-4.95426e-07	0
    CmPitch:	-0.0034664	-0.00346694	5.42682e-07	0
    CmRoll:	4.70991e-06	4.70263e-06	7.27557e-09	0
    CmYaw:	4.55273e-07	4.5382e-07	1.45291e-09	0
    Cs:	6.68292e-07	6.68054e-07	2.37641e-10	0
    Cs(f):	7.89418e-07	7.87847e-07	1.57173e-09	0
    Cs(r):	-1.21127e-07	-1.19793e-07	-1.33409e-09	0

Time = 74

smoothSolver:  Solving for Ux, Initial residual = 0.000142164, Final residual = 2.44103e-07, No Iterations 1
smoothSolver:  Solving for Uy, Initial residual = 0.000162035, Final residual = 2.68491e-07, No Iterations 1
smoothSolver:  Solving for Uz, Initial residual = 0.000238821, Final residual = 4.33141e-07, No Iterations 1
GAMG:  Solving for p, Initial residual = 0.000528932, Final residual = 2.5438e-05, No Iterations 2
time step continuity errors : sum local = 7.3684e-06, global = -2.67304e-06, cumulative = -0.00229771
smoothSolver:  Solving for omega, Initial residual = 5.12714e-07, Final residual = 5.12714e-07, No Iterations 0
smoothSolver:  Solving for k, Initial residual = 3.86956e-07, Final residual = 3.86956e-07, No Iterations 0
ExecutionTime = 0.93 s  ClockTime = 1 s

forceCoeffs forceCoeffs write:
    Coefficient	Total	Pressure	Viscous	Internal
    Cd:	0.0383373	0.0381138	0.000223528	0
    Cd(f):	0.0191734	0.0190616	0.000111771	0
    Cd(r):	0.019164	0.0190522	0.000111757	0
    Cl:	0.0131553	0.0131552	9.45109e-08	0
    Cl(f):	0.00311127	0.00311068	5.89937e-07	0
    Cl(r):	0.0100441	0.0100446	-4.95426e-07	0
    CmPitch:	-0.0034664	-0.00346694	5.42682e-07	0
    CmRoll:	4.70978e-06	4.7025e-06	7.27557e-09	0
    CmYaw:	4.55454e-07	4.54001e-07	1.45286e-09	0
    Cs:	6.69217e-07	6.68979e-07	2.37665e-10	0
    Cs(f):	7.90062e-07	7.8849e-07	1.5717e-09	0
    Cs(r):	-1.20845e-07	-1.19511e-07	-1.33403e-09	0

Time = 75

smoothSolver:  Solving for Ux, Initial residual = 0.000140221, Final residual = 2.22946e-07, No Iterations 1
smoothSolver:  Solving for Uy, Initial residual = 0.000131663, Final residual = 3.43245e-07, No Iterations 1
smoothSolver:  Solving for Uz, Initial residual = 0.000207199, Final residual = 4.91361e-07, No Iterations 1
GAMG:  Solving for p, Initial residual = 0.000453184, Final residual = 1.21086e-05, No Iterations 2
time step continuity errors : sum local = 3.51033e-06, global = -8.74151e-07, cumulative = -0.00229859
smoothSolver:  Solving for omega, Initial residual = 5.11017e-07, Final residual = 5.11017e-07, No Iterations 0
smoothSolver:  Solving for k, Initial residual = 3.71873e-07, Final residual = 3.71873e-07, No Iterations 0
ExecutionTime = 0.94 s  ClockTime = 1 s

forceCoeffs forceCoeffs write:
    Coefficient	Total	Pressure	Viscous	Internal
    Cd:	0.0383373	0.0381138	0.000223528	0
    Cd(f):	0.0191734	0.0190616	0.000111771	0
    Cd(r):	0.019164	0.0190522	0.000111757	0
    Cl:	0.0131553	0.0131552	9.45106e-08	0
    Cl(f):	0.00311126	0.00311067	5.89937e-07	0
    Cl(r):	0.0100441	0.0100446	-4.95426e-07	0
    CmPitch:	-0.0034664	-0.00346694	5.42682e-07	0
    CmRoll:	4.70981e-06	4.70253e-06	7.27558e-09	0
    CmYaw:	4.55803e-07	4.5435e-07	1.45295e-09	0
    Cs:	6.69991e-07	6.69753e-07	2.38166e-10	0
    Cs(f):	7.90798e-07	7.89226e-07	1.57204e-09	0
    Cs(r):	-1.20807e-07	-1.19473e-07	-1.33387e-09	0

Time = 76

smoothSolver:  Solving for Ux, Initial residual = 0.000122436, Final residual = 1.70953e-07, No Iterations 1
smoothSolver:  Solving for Uy, Initial residual = 0.000115563, Final residual = 3.03368e-07, No Iterations 1
smoothSolver:  Solving for Uz, Initial residual = 0.000190266, Final residual = 4.22596e-07, No Iterations 1
GAMG:  Solving for p, Initial residual = 0.000390118, Final residual = 8.94804e-06, No Iterations 2
time step continuity errors : sum local = 2.59542e-06, global = 6.00758e-08, cumulative = -0.00229853
smoothSolver:  Solving for omega, Initial residual = 5.1478e-07, Final residual = 5.1478e-07, No Iterations 0
smoothSolver:  Solving for k, Initial residual = 3.61633e-07, Final residual = 3.61633e-07, No Iterations 0
ExecutionTime = 0.95 s  ClockTime = 1 s

forceCoeffs forceCoeffs write:
    Coefficient	Total	Pressure	Viscous	Internal
    Cd:	0.0383374	0.0381138	0.000223528	0
    Cd(f):	0.0191734	0.0190616	0.000111771	0
    Cd(r):	0.019164	0.0190522	0.000111757	0
    Cl:	0.0131553	0.0131552	9.45117e-08	0
    Cl(f):	0.00311126	0.00311067	5.89937e-07	0
    Cl(r):	0.0100441	0.0100446	-4.95426e-07	0
    CmPitch:	-0.0034664	-0.00346694	5.42682e-07	0
    CmRoll:	4.70991e-06	4.70263e-06	7.27558e-09	0
    CmYaw:	4.55996e-07	4.54543e-07	1.453e-09	0
    Cs:	6.69793e-07	6.69554e-07	2.38816e-10	0
    Cs(f):	7.90892e-07	7.8932e-07	1.5724e-09	0
    Cs(r):	-1.211e-07	-1.19766e-07	-1.33359e-09	0

Time = 77

smoothSolver:  Solving for Ux, Initial residual = 0.000115734, Final residual = 1.81849e-07, No Iterations 1
smoothSolver:  Solving for Uy, Initial residual = 0.000113832, Final residual = 1.85939e-07, No Iterations 1
smoothSolver:  Solving for Uz, Initial residual = 0.000170546, Final residual = 3.02856e-07, No Iterations 1
GAMG:  Solving for p, Initial residual = 0.000344635, Final residual = 2.27861e-05, No Iterations 2
time step continuity errors : sum local = 6.60705e-06, global = 2.22421e-06, cumulative = -0.0022963
smoothSolver:  Solving for omega, Initial residual = 5.27784e-07, Final residual = 5.27784e-07, No Iterations 0
smoothSolver:  Solving for k, Initial residual = 3.62816e-07, Final residual = 3.62816e-07, No Iterations 0
ExecutionTime = 0.96 s  ClockTime = 1 s

forceCoeffs forceCoeffs write:
    Coefficient	Total	Pressure	Viscous	Internal
    Cd:	0.0383373	0.0381138	0.000223528	0
    Cd(f):	0.0191734	0.0190616	0.000111771	0
    Cd(r):	0.019164	0.0190522	0.000111757	0
    Cl:	0.0131553	0.0131552	9.45134e-08	0
    Cl(f):	0.00311126	0.00311067	5.89938e-07	0
    Cl(r):	0.0100441	0.0100446	-4.95425e-07	0
    CmPitch:	-0.0034664	-0.00346694	5.42681e-07	0
    CmRoll:	4.70996e-06	4.70268e-06	7.27558e-09	0
    CmYaw:	4.55988e-07	4.54535e-07	1.453e-09	0
    Cs:	6.69122e-07	6.68883e-07	2.39043e-10	0
    Cs(f):	7.90549e-07	7.88977e-07	1.57252e-09	0
    Cs(r):	-1.21427e-07	-1.20093e-07	-1.33348e-09	0

Time = 78

smoothSolver:  Solving for Ux, Initial residual = 0.000111658, Final residual = 1.72683e-07, No Iterations 1
smoothSolver:  Solving for Uy, Initial residual = 0.000110044, Final residual = 2.84909e-07, No Iterations 1
smoothSolver:  Solving for Uz, Initial residual = 0.000141583, Final residual = 3.82713e-07, No Iterations 1
GAMG:  Solving for p, Initial residual = 0.000310007, Final residual = 1.66245e-05, No Iterations 2
time step continuity errors : sum local = 4.81656e-06, global = 2.14159e-06, cumulative = -0.00229416
smoothSolver:  Solving for omega, Initial residual = 5.19929e-07, Final residual = 5.19929e-07, No Iterations 0
smoothSolver:  Solving for k, Initial residual = 3.60215e-07, Final residual = 3.60215e-07, No Iterations 0
ExecutionTime = 0.97 s  ClockTime = 1 s

forceCoeffs forceCoeffs write:
    Coefficient	Total	Pressure	Viscous	Internal
    Cd:	0.0383373	0.0381138	0.000223528	0
    Cd(f):	0.0191734	0.0190616	0.000111771	0
    Cd(r):	0.019164	0.0190522	0.000111757	0
    Cl:	0.0131553	0.0131552	9.45139e-08	0
    Cl(f):	0.00311126	0.00311067	5.89938e-07	0
    Cl(r):	0.0100441	0.0100446	-4.95424e-07	0
    CmPitch:	-0.0034664	-0.00346694	5.42681e-07	0
    CmRoll:	4.70994e-06	4.70266e-06	7.27557e-09	0
    CmYaw:	4.55884e-07	4.54431e-07	1.45299e-09	0
    Cs:	6.6867e-07	6.68432e-07	2.38815e-10	0
    Cs(f):	7.90219e-07	7.88647e-07	1.5724e-09	0
    Cs(r):	-1.21548e-07	-1.20215e-07	-1.33359e-09	0

Time = 79

smoothSolver:  Solving for Ux, Initial residual = 9.64584e-05, Final residual = 1.44064e-07, No Iterations 1
smoothSolver:  Solving for Uy, Initial residual = 8.75329e-05, Final residual = 2.68697e-07, No Iterations 1
smoothSolver:  Solving for Uz, Initial residual = 0.000116656, Final residual = 3.46515e-07, No Iterations 1
GAMG:  Solving for p, Initial residual = 0.000271763, Final residual = 7.10176e-06, No Iterations 2
time step continuity errors : sum local = 2.05628e-06, global = -3.08467e-07, cumulative = -0.00229447
smoothSolver:  Solving for omega, Initial residual = 5.1722e-07, Final residual = 5.1722e-07, No Iterations 0
smoothSolver:  Solving for k, Initial residual = 3.66438e-07, Final residual = 3.66438e-07, No Iterations 0
ExecutionTime = 0.99 s  ClockTime = 1 s

forceCoeffs forceCoeffs write:
    Coefficient	Total	Pressure	Viscous	Internal
    Cd:	0.0383374	0.0381138	0.000223528	0
    Cd(f):	0.0191734	0.0190616	0.000111771	0
    Cd(r):	0.019164	0.0190522	0.000111757	0
    Cl:	0.0131553	0.0131552	9.45127e-08	0
    Cl(f):	0.00311127	0.00311068	5.89938e-07	0
    Cl(r):	0.0100441	0.0100446	-4.95425e-07	0
    CmPitch:	-0.0034664	-0.00346694	5.42681e-07	0
    CmRoll:	4.70987e-06	4.7026e-06	7.27557e-09	0
    CmYaw:	4.5579e-07	4.54337e-07	1.45301e-09	0
    Cs:	6.68684e-07	6.68446e-07	2.38454e-10	0
    Cs(f):	7.90132e-07	7.8856e-07	1.57223e-09	0
    Cs(r):	-1.21448e-07	-1.20114e-07	-1.33378e-09	0

Time = 80

smoothSolver:  Solving for Ux, Initial residual = 8.13939e-05, Final residual = 1.05848e-07, No Iterations 1
smoothSolver:  Solving for Uy, Initial residual = 6.42208e-05, Final residual = 1.31479e-07, No Iterations 1
smoothSolver:  Solving for Uz, Initial residual = 0.000101165, Final residual = 1.90743e-07, No Iterations 1
GAMG:  Solving for p, Initial residual = 0.000214532, Final residual = 9.52444e-06, No Iterations 2
time step continuity errors : sum local = 2.75805e-06, global = 4.98261e-07, cumulative = -0.00229397
smoothSolver:  Solving for omega, Initial residual = 5.23727e-07, Final residual = 5.23727e-07, No Iterations 0
smoothSolver:  Solving for k, Initial residual = 3.79712e-07, Final residual = 3.79712e-07, No Iterations 0
ExecutionTime = 1 s  ClockTime = 1 s

forceCoeffs forceCoeffs write:
    Coefficient	Total	Pressure	Viscous	Internal
    Cd:	0.0383374	0.0381138	0.000223528	0
    Cd(f):	0.0191734	0.0190616	0.000111771	0
    Cd(r):	0.019164	0.0190522	0.000111757	0
    Cl:	0.0131553	0.0131552	9.45106e-08	0
    Cl(f):	0.00311127	0.00311068	5.89937e-07	0
    Cl(r):	0.0100441	0.0100446	-4.95426e-07	0
    CmPitch:	-0.0034664	-0.00346694	5.42682e-07	0
    CmRoll:	4.70984e-06	4.70257e-06	7.27557e-09	0
    CmYaw:	4.55806e-07	4.54353e-07	1.45306e-09	0
    Cs:	6.69077e-07	6.68839e-07	2.38263e-10	0
    Cs(f):	7.90345e-07	7.88773e-07	1.57219e-09	0
    Cs(r):	-1.21268e-07	-1.19934e-07	-1.33393e-09	0

Time = 81

smoothSolver:  Solving for Ux, Initial residual = 7.85837e-05, Final residual = 1.2737e-07, No Iterations 1
smoothSolver:  Solving for Uy, Initial residual = 5.99801e-05, Final residual = 1.69515e-07, No Iterations 1
smoothSolver:  Solving for Uz, Initial residual = 9.2089e-05, Final residual = 2.34099e-07, No Iterations 1
GAMG:  Solving for p, Initial residual = 0.000185434, Final residual = 1.38972e-05, No Iterations 2
time step continuity errors : sum local = 4.02651e-06, global = -1.43755e-06, cumulative = -0.00229541
smoothSolver:  Solving for omega, Initial residual = 5.09915e-07, Final residual = 5.09915e-07, No Iterations 0
smoothSolver:  Solving for k, Initial residual = 3.84289e-07, Final residual = 3.84289e-07, No Iterations 0
ExecutionTime = 1.01 s  ClockTime = 1 s

forceCoeffs forceCoeffs write:
    Coefficient	Total	Pressure	Viscous	Internal
    Cd:	0.0383374	0.0381138	0.000223528	0
    Cd(f):	0.0191734	0.0190616	0.000111771	0
    Cd(r):	0.019164	0.0190522	0.000111757	0
    Cl:	0.0131553	0.0131552	9.45092e-08	0
    Cl(f):	0.00311127	0.00311068	5.89937e-07	0
    Cl(r):	0.0100441	0.0100446	-4.95427e-07	0
    CmPitch:	-0.0034664	-0.00346694	5.42682e-07	0
    CmRoll:	4.70989e-06	4.70262e-06	7.27556e-09	0
    CmYaw:	4.55905e-07	4.54452e-07	1.45312e-09	0
    Cs:	6.69408e-07	6.69169e-07	2.38381e-10	0
    Cs(f):	7.90609e-07	7.89036e-07	1.57231e-09	0
    Cs(r):	-1.21201e-07	-1.19867e-07	-1.33393e-09	0

Time = 82

smoothSolver:  Solving for Ux, Initial residual = 6.41357e-05, Final residual = 1.00356e-07, No Iterations 1
smoothSolver:  Solving for Uy, Initial residual = 5.84856e-05, Final residual = 2.06718e-07, No Iterations 1
smoothSolver:  Solving for Uz, Initial residual = 7.97456e-05, Final residual = 2.83398e-07, No Iterations 1
GAMG:  Solving for p, Initial residual = 0.000170904, Final residual = 5.23726e-06, No Iterations 2
time step continuity errors : sum local = 1.5183e-06, global = -4.31824e-07, cumulative = -0.00229584
smoothSolver:  Solving for omega, Initial residual = 5.12524e-07, Final residual = 5.12524e-07, No Iterations 0
smoothSolver:  Solving for k, Initial residual = 3.72256e-07, Final residual = 3.72256e-07, No Iterations 0
ExecutionTime = 1.02 s  ClockTime = 1 s

forceCoeffs forceCoeffs write:
    Coefficient	Total	Pressure	Viscous	Internal
    Cd:	0.0383374	0.0381138	0.000223528	0
    Cd(f):	0.0191734	0.0190616	0.000111771	0
    Cd(r):	0.019164	0.0190522	0.000111757	0
    Cl:	0.0131553	0.0131552	9.45095e-08	0
    Cl(f):	0.00311126	0.00311068	5.89937e-07	0
    Cl(r):	0.0100441	0.0100446	-4.95427e-07	0
    CmPitch:	-0.0034664	-0.00346694	5.42682e-07	0
    CmRoll:	4.70996e-06	4.70268e-06	7.27556e-09	0
    CmYaw:	4.55956e-07	4.54503e-07	1.45313e-09	0
    Cs:	6.69311e-07	6.69072e-07	2.38659e-10	0
    Cs(f):	7.90612e-07	7.89039e-07	1.57246e-09	0
    Cs(r):	-1.21301e-07	-1.19967e-07	-1.3338e-09	0

Time = 83

smoothSolver:  Solving for Ux, Initial residual = 5.9041e-05, Final residual = 7.52668e-08, No Iterations 1
smoothSolver:  Solving for Uy, Initial residual = 5.23576e-05, Final residual = 1.27636e-07, No Iterations 1
smoothSolver:  Solving for Uz, Initial residual = 6.43613e-05, Final residual = 1.71916e-07, No Iterations 1
GAMG:  Solving for p, Initial residual = 0.000140994, Final residual = 5.94968e-06, No Iterations 2
time step continuity errors : sum local = 1.72521e-06, global = -8.88525e-07, cumulative = -0.00229673
smoothSolver:  Solving for omega, Initial residual = 5.08692e-07, Final residual = 5.08692e-07, No Iterations 0
smoothSolver:  Solving for k, Initial residual = 3.67023e-07, Final residual = 3.67023e-07, No Iterations 0
ExecutionTime = 1.04 s  ClockTime = 1 s

forceCoeffs forceCoeffs write:
    Coefficient	Total	Pressure	Viscous	Internal
    Cd:	0.0383374	0.0381138	0.000223528	0
    Cd(f):	0.0191734	0.0190616	0.000111771	0
    Cd(r):	0.019164	0.0190522	0.000111757	0
    Cl:	0.0131553	0.0131552	9.45111e-08	0
    Cl(f):	0.00311126	0.00311068	5.89937e-07	0
    Cl(r):	0.0100441	0.0100446	-4.95426e-07	0
    CmPitch:	-0.0034664	-0.00346694	5.42682e-07	0
    CmRoll:	4.71e-06	4.70272e-06	7.27556e-09	0
    CmYaw:	4.55924e-07	4.54471e-07	1.4531e-09	0
    Cs:	6.68954e-07	6.68715e-07	2.38821e-10	0
    Cs(f):	7.90401e-07	7.88828e-07	1.57251e-09	0
    Cs(r):	-1.21447e-07	-1.20113e-07	-1.33369e-09	0

Time = 84

smoothSolver:  Solving for Ux, Initial residual = 4.80781e-05, Final residual = 7.96362e-08, No Iterations 1
smoothSolver:  Solving for Uy, Initial residual = 3.65634e-05, Final residual = 8.0426e-08, No Iterations 1
smoothSolver:  Solving for Uz, Initial residual = 5.46804e-05, Final residual = 1.10916e-07, No Iterations 1
GAMG:  Solving for p, Initial residual = 0.00011219, Final residual = 7.08302e-06, No Iterations 2
time step continuity errors : sum local = 2.05337e-06, global = -1.49243e-06, cumulative = -0.00229822
smoothSolver:  Solving for omega, Initial residual = 5.05679e-07, Final residual = 5.05679e-07, No Iterations 0
smoothSolver:  Solving for k, Initial residual = 3.62591e-07, Final residual = 3.62591e-07, No Iterations 0
ExecutionTime = 1.05 s  ClockTime = 1 s

forceCoeffs forceCoeffs write:
    Coefficient	Total	Pressure	Viscous	Internal
    Cd:	0.0383373	0.0381138	0.000223528	0
    Cd(f):	0.0191734	0.0190616	0.000111771	0
    Cd(r):	0.019164	0.0190522	0.000111757	0
    Cl:	0.0131553	0.0131552	9.4513e-08	0
    Cl(f):	0.00311127	0.00311068	5.89938e-07	0
    Cl(r):	0.0100441	0.0100446	-4.95425e-07	0
    CmPitch:	-0.0034664	-0.00346694	5.42681e-07	0
    CmRoll:	4.70997e-06	4.70269e-06	7.27556e-09	0
    CmYaw:	4.55797e-07	4.54344e-07	1.45303e-09	0
    Cs:	6.68578e-07	6.68339e-07	2.3876e-10	0
    Cs(f):	7.90086e-07	7.88513e-07	1.57241e-09	0
    Cs(r):	-1.21508e-07	-1.20174e-07	-1.33365e-09	0

Time = 85

smoothSolver:  Solving for Ux, Initial residual = 3.31063e-05, Final residual = 6.58306e-08, No Iterations 1
smoothSolver:  Solving for Uy, Initial residual = 2.54465e-05, Final residual = 1.15257e-07, No Iterations 1
smoothSolver:  Solving for Uz, Initial residual = 4.77497e-05, Final residual = 1.6921e-07, No Iterations 1
GAMG:  Solving for p, Initial residual = 9.1191e-05, Final residual = 6.60128e-06, No Iterations 2
time step continuity errors : sum local = 1.91288e-06, global = 5.75993e-07, cumulative = -0.00229764
smoothSolver:  Solving for omega, Initial residual = 5.15573e-07, Final residual = 5.15573e-07, No Iterations 0
smoothSolver:  Solving for k, Initial residual = 3.60382e-07, Final residual = 3.60382e-07, No Iterations 0
ExecutionTime = 1.06 s  ClockTime = 1 s


SIMPLE solution converged in 85 iterations

forceCoeffs forceCoeffs write:
    Coefficient	Total	Pressure	Viscous	Internal
    Cd:	0.0383373	0.0381138	0.000223528	0
    Cd(f):	0.0191734	0.0190616	0.000111771	0
    Cd(r):	0.019164	0.0190522	0.000111757	0
    Cl:	0.0131553	0.0131552	9.45139e-08	0
    Cl(f):	0.00311127	0.00311068	5.89938e-07	0
    Cl(r):	0.0100441	0.0100446	-4.95424e-07	0
    CmPitch:	-0.0034664	-0.00346694	5.42681e-07	0
    CmRoll:	4.70989e-06	4.70262e-06	7.27557e-09	0
    CmYaw:	4.55703e-07	4.5425e-07	1.45299e-09	0
    Cs:	6.68602e-07	6.68363e-07	2.38534e-10	0
    Cs(f):	7.90004e-07	7.88432e-07	1.57226e-09	0
    Cs(r):	-1.21402e-07	-1.20069e-07	-1.33373e-09	0

End

