/*--------------------------------*- C++ -*----------------------------------*\
| =========                 |                                                 |
| \\      /  F ield         | OpenFOAM: The Open Source CFD Toolbox           |
|  \\    /   O peration     | Version:  2506                                  |
|   \\  /    A nd           | Website:  www.openfoam.com                      |
|    \\/     M anipulation  |                                                 |
\*---------------------------------------------------------------------------*/
FoamFile
{
    version     2.0;
    format      ascii;
    arch        "LSB;label=32;scalar=64";
    class       volScalarField;
    location    "87";
    object      k;
}
// * * * * * * * * * * * * * * * * * * * * * * * * * * * * * * * * * * * * * //

dimensions      [0 2 -2 0 0 0 0];

internalField   nonuniform List<scalar> 
69920
(
0.297174
0.285583
0.270155
0.253642
0.23775
0.223074
0.209737
0.197715
0.186933
0.177291
0.168683
0.161002
0.15415
0.148038
0.142588
0.13773
0.133405
0.129559
0.126146
0.123126
0.120462
0.118122
0.116079
0.114307
0.112786
0.111497
0.110421
0.109545
0.108855
0.108341
0.10799
0.107796
0.107749
0.107844
0.108074
0.108433
0.108919
0.109526
0.110256
0.111115
0.284148
0.266879
0.251538
0.237874
0.22571
0.214954
0.205477
0.197135
0.189806
0.183388
0.177791
0.172935
0.168746
0.165162
0.162133
0.159614
0.157565
0.155953
0.154748
0.153921
0.153451
0.153316
0.153497
0.153979
0.154748
0.155793
0.157103
0.158671
0.160488
0.162551
0.164853
0.167394
0.170169
0.173178
0.17642
0.179896
0.183607
0.187554
0.191735
0.196137
0.281326
0.263964
0.248431
0.234354
0.221554
0.209935
0.199398
0.189846
0.18119
0.173345
0.166236
0.159787
0.153928
0.1486
0.143749
0.139329
0.1353
0.131625
0.128272
0.125211
0.122418
0.119868
0.117541
0.115418
0.113483
0.111722
0.110121
0.108669
0.107355
0.106169
0.105105
0.104154
0.103309
0.102565
0.101917
0.10136
0.100891
0.100506
0.100201
0.0999784
0.280293
0.262382
0.246294
0.231748
0.218571
0.206626
0.195794
0.185963
0.177032
0.16891
0.161511
0.154756
0.148572
0.1429
0.137687
0.132888
0.128464
0.124379
0.120603
0.117107
0.113865
0.110856
0.108059
0.105456
0.103032
0.100772
0.0986622
0.0966922
0.094851
0.0931293
0.0915186
0.0900115
0.0886012
0.0872815
0.0860461
0.0848898
0.0838079
0.0827974
0.0818538
0.0809728
0.279897
0.261826
0.245674
0.231136
0.218
0.206098
0.195292
0.185462
0.176504
0.168329
0.160851
0.153993
0.147687
0.141872
0.136501
0.131532
0.126927
0.122654
0.118682
0.114983
0.111535
0.108314
0.105302
0.10248
0.0998336
0.0973482
0.0950111
0.0928109
0.0907375
0.0887818
0.0869352
0.0851898
0.0835387
0.0819756
0.0804955
0.0790932
0.0777639
0.0765032
0.0753074
0.0741744
0.279711
0.261584
0.245434
0.230935
0.217849
0.205997
0.195229
0.185425
0.176482
0.168309
0.160825
0.153951
0.147618
0.141769
0.136357
0.131341
0.126685
0.122355
0.118323
0.114561
0.111046
0.107756
0.104673
0.101778
0.0990577
0.0964972
0.0940844
0.091808
0.089658
0.0876251
0.0857009
0.0838781
0.0821495
0.0805087
0.07895
0.0774681
0.0760581
0.0747158
0.0734372
0.0722196
0.279616
0.261468
0.245335
0.230883
0.217863
0.206082
0.195388
0.185652
0.176769
0.16865
0.161211
0.154373
0.148068
0.142237
0.136837
0.131827
0.127171
0.122836
0.118793
0.115015
0.111479
0.108165
0.105054
0.102129
0.0993755
0.0967803
0.0943312
0.092017
0.0898276
0.0877538
0.0857873
0.0839208
0.0821475
0.0804611
0.0788561
0.0773273
0.07587
0.0744797
0.0731526
0.0718864
0.279566
0.261411
0.245297
0.230888
0.217928
0.206217
0.195593
0.185925
0.177105
0.169043
0.161657
0.154869
0.148606
0.142811
0.137439
0.132452
0.127814
0.123494
0.119462
0.115694
0.112166
0.108859
0.105755
0.102836
0.100088
0.0974971
0.0950503
0.0927368
0.0905468
0.0884712
0.0865021
0.084632
0.0828541
0.0811624
0.0795513
0.0780155
0.0765505
0.0751517
0.0738154
0.0725392
0.279542
0.261386
0.245291
0.23092
0.218012
0.206363
0.195805
0.186204
0.177447
0.169443
0.162118
0.155398
0.149202
0.143472
0.13816
0.133226
0.128633
0.124352
0.120355
0.116617
0.113117
0.109832
0.106745
0.103838
0.101097
0.0985093
0.0960623
0.0937456
0.0915496
0.0894656
0.0874856
0.0856025
0.0838098
0.0821014
0.0804718
0.078916
0.0774293
0.0760072
0.0746456
0.0733425
0.279535
0.261384
0.245307
0.230969
0.218107
0.206512
0.196013
0.186473
0.177776
0.169824
0.16254
0.155852
0.14969
0.144002
0.138737
0.133852
0.129309
0.125076
0.121122
0.11742
0.113947
0.110683
0.10761
0.104712
0.101974
0.0993854
0.0969331
0.0946073
0.0923986
0.0902988
0.0883001
0.0863957
0.0845792
0.0828448
0.0811873
0.0796017
0.0780834
0.076628
0.0752312
0.0738888
0.279543
0.261399
0.245342
0.231036
0.218216
0.206669
0.196223
0.186736
0.178092
0.170195
0.162954
0.156291
0.150145
0.144466
0.139204
0.134317
0.129765
0.125517
0.121544
0.11782
0.114323
0.111034
0.107933
0.105007
0.10224
0.0996204
0.097137
0.0947796
0.092539
0.0904068
0.0883756
0.0864384
0.084589
0.0828216
0.0811312
0.0795128
0.077962
0.0764749
0.0750477
0.0736765
0.279565
0.261435
0.245401
0.231129
0.218352
0.206854
0.196461
0.187027
0.178435
0.17059
0.163407
0.156808
0.15073
0.145115
0.139912
0.135076
0.13057
0.126359
0.122416
0.118718
0.115243
0.111972
0.108887
0.105973
0.103217
0.100606
0.0981291
0.0957766
0.0935392
0.0914088
0.089378
0.0874401
0.085589
0.083819
0.082125
0.0805024
0.0789471
0.0774552
0.0760238
0.0746493
0.279607
0.261497
0.245494
0.231264
0.218539
0.2071
0.196769
0.187398
0.178869
0.171079
0.163946
0.157392
0.151353
0.145772
0.140599
0.135791
0.131312
0.127131
0.123219
0.11955
0.116102
0.112858
0.1098
0.106913
0.104182
0.101595
0.0991421
0.0968119
0.0945961
0.0924863
0.0904753
0.0885564
0.0867235
0.0849711
0.0832941
0.0816879
0.0801485
0.0786721
0.0772552
0.0758941
0.279678
0.261599
0.245641
0.231469
0.218812
0.20745
0.1972
0.187913
0.179464
0.17175
0.164682
0.158184
0.152191
0.146649
0.141508
0.136727
0.13227
0.128105
0.124204
0.120542
0.117098
0.113852
0.110787
0.107889
0.105145
0.102543
0.100073
0.0977255
0.0954907
0.0933612
0.09133
0.0893904
0.0875367
0.0857633
0.0840654
0.0824384
0.0808782
0.0793811
0.0779435
0.0765616
0.279795
0.261769
0.245879
0.231789
0.219224
0.207956
0.197801
0.188606
0.180247
0.172615
0.165622
0.159192
0.153259
0.147769
0.142675
0.137935
0.133514
0.129381
0.125508
0.121872
0.118452
0.115229
0.112187
0.109311
0.106586
0.104003
0.101551
0.0992201
0.097002
0.0948887
0.092873
0.0909485
0.0891093
0.0873499
0.0856655
0.0840516
0.0825039
0.0810186
0.0795921
0.0782202
0.279995
0.262055
0.246284
0.232341
0.219939
0.208843
0.19886
0.189829
0.18162
0.174125
0.167252
0.160925
0.155081
0.149666
0.144636
0.13995
0.135575
0.13148
0.12764
0.124031
0.120635
0.117431
0.114405
0.111541
0.108829
0.106255
0.103808
0.101481
0.0992648
0.0971525
0.095137
0.0932121
0.0913721
0.0896117
0.0879261
0.0863109
0.084762
0.0832757
0.0818489
0.0804788
0.280397
0.262608
0.246986
0.233182
0.220914
0.209955
0.200113
0.191224
0.183156
0.175798
0.169058
0.162858
0.157135
0.151835
0.146913
0.142329
0.13805
0.134046
0.130291
0.126764
0.123444
0.120314
0.117359
0.114563
0.111916
0.109405
0.107022
0.104756
0.1026
0.100546
0.0985873
0.0967188
0.0949343
0.0932287
0.0915972
0.0900355
0.0885393
0.0871048
0.0857282
0.0844043
0.281148
0.263964
0.249105
0.235995
0.224303
0.213817
0.204358
0.195777
0.187956
0.180796
0.174218
0.168152
0.162541
0.157337
0.152496
0.147985
0.14377
0.139824
0.136124
0.132648
0.129377
0.126294
0.123384
0.120633
0.11803
0.115564
0.113225
0.111004
0.108893
0.106884
0.10497
0.103146
0.101408
0.0997491
0.0981659
0.0966536
0.0952084
0.0938267
0.0925059
0.0912459
0.283239
0.266019
0.251525
0.239086
0.228233
0.218662
0.210131
0.202455
0.195499
0.189159
0.183356
0.178023
0.173109
0.168567
0.16436
0.160457
0.15683
0.153453
0.150307
0.147371
0.14463
0.142067
0.13967
0.137427
0.135326
0.133358
0.131514
0.129786
0.128167
0.12665
0.125229
0.1239
0.122654
0.121489
0.120399
0.119381
0.118432
0.117547
0.116723
0.115952
0.294644
0.282321
0.269032
0.256317
0.244708
0.234199
0.224659
0.215959
0.207992
0.200666
0.193905
0.187644
0.181829
0.176412
0.171355
0.166623
0.162184
0.158015
0.15409
0.15039
0.146897
0.143594
0.140468
0.137504
0.134693
0.132022
0.129483
0.127067
0.124765
0.122572
0.120479
0.118482
0.116574
0.11475
0.113007
0.111339
0.109742
0.108213
0.10675
0.105351
0.297174
0.285582
0.270155
0.253642
0.23775
0.223074
0.209737
0.197715
0.186933
0.177292
0.168684
0.161004
0.154152
0.148039
0.142588
0.137729
0.133403
0.129556
0.126141
0.123119
0.120452
0.11811
0.116064
0.11429
0.112766
0.111473
0.110393
0.109513
0.108819
0.1083
0.107945
0.107745
0.107693
0.107782
0.108005
0.108358
0.108836
0.109436
0.110158
0.111008
0.284148
0.266878
0.251537
0.237874
0.225709
0.214954
0.205477
0.197135
0.189806
0.183389
0.177794
0.172937
0.168748
0.165163
0.162132
0.15961
0.157559
0.155944
0.154734
0.153904
0.15343
0.15329
0.153466
0.153943
0.154706
0.155744
0.157048
0.158608
0.160417
0.162471
0.164765
0.167295
0.17006
0.173058
0.176288
0.179752
0.183449
0.187381
0.191546
0.195931
0.281326
0.263964
0.248431
0.234353
0.221554
0.209935
0.199399
0.189847
0.181192
0.173349
0.166242
0.159795
0.153938
0.148611
0.143761
0.139342
0.135314
0.13164
0.128287
0.125228
0.122435
0.119886
0.11756
0.115438
0.113505
0.111745
0.110146
0.108695
0.107383
0.106199
0.105137
0.104188
0.103346
0.102605
0.101959
0.101405
0.100939
0.100557
0.100257
0.100037
0.280293
0.262382
0.246294
0.231748
0.218571
0.206626
0.195794
0.185964
0.177034
0.168914
0.161517
0.154763
0.148582
0.14291
0.137697
0.132898
0.128474
0.12439
0.120613
0.117117
0.113875
0.110866
0.108069
0.105466
0.103042
0.100782
0.0986725
0.0967025
0.0948614
0.0931398
0.0915291
0.0900219
0.0886112
0.0872909
0.0860556
0.0848998
0.0838185
0.0828077
0.0818637
0.0809834
0.279897
0.261826
0.245674
0.231136
0.218
0.206098
0.195292
0.185462
0.176506
0.168333
0.160858
0.154003
0.147698
0.141884
0.136513
0.131544
0.126939
0.122666
0.118693
0.114994
0.111545
0.108324
0.105311
0.10249
0.0998428
0.097357
0.0950196
0.092819
0.090745
0.0887885
0.0869412
0.0851954
0.0835438
0.0819804
0.0804992
0.0790956
0.077765
0.0765031
0.0753062
0.0741722
0.279711
0.261584
0.245434
0.230935
0.217849
0.205996
0.195229
0.185425
0.176483
0.168314
0.160833
0.153962
0.147631
0.141782
0.13637
0.131353
0.126696
0.122366
0.118332
0.114569
0.111054
0.107763
0.104679
0.101784
0.0990622
0.0965005
0.0940864
0.0918085
0.089657
0.0876226
0.0856968
0.0838722
0.082142
0.0804998
0.0789397
0.0774565
0.0760454
0.0747019
0.0734223
0.0722039
0.279616
0.261468
0.245335
0.230883
0.217863
0.206082
0.195388
0.185652
0.176771
0.168655
0.161221
0.154389
0.148086
0.142256
0.136856
0.131846
0.127189
0.122854
0.11881
0.115032
0.111496
0.108182
0.10507
0.102144
0.0993898
0.0967936
0.0943436
0.0920287
0.0898388
0.0877647
0.0857982
0.0839317
0.0821587
0.0804728
0.0788684
0.0773403
0.0758839
0.0744948
0.073169
0.0719045
0.279566
0.261411
0.245297
0.230888
0.217928
0.206217
0.195593
0.185926
0.177107
0.16905
0.161674
0.154896
0.148638
0.142845
0.137473
0.132486
0.127849
0.123529
0.119498
0.11573
0.112203
0.108896
0.105792
0.102875
0.100129
0.0975401
0.0950962
0.092786
0.0905997
0.0885284
0.0865638
0.0846986
0.0829261
0.0812401
0.079635
0.0781057
0.0766473
0.0752555
0.0739264
0.072658
0.279542
0.261386
0.245291
0.23092
0.218013
0.206363
0.195806
0.186205
0.177451
0.169457
0.162151
0.15545
0.149271
0.143554
0.138253
0.133329
0.128748
0.124477
0.12049
0.116764
0.113275
0.110003
0.106928
0.104033
0.101305
0.0987296
0.0962952
0.0939912
0.0918079
0.0897366
0.0877694
0.0858991
0.084119
0.0824232
0.0808063
0.079263
0.0777886
0.0763787
0.0750291
0.0737379
0.279535
0.261384
0.245307
0.230969
0.218107
0.206512
0.196014
0.186475
0.177781
0.169844
0.16258
0.155922
0.149802
0.144158
0.138939
0.134098
0.129598
0.125403
0.121484
0.117814
0.114369
0.111131
0.108082
0.105206
0.102488
0.099917
0.0974811
0.0951702
0.0929752
0.0908879
0.0889006
0.0870066
0.0851996
0.0834739
0.0818242
0.0802457
0.0787337
0.0772839
0.0758918
0.074553
0.279543
0.261399
0.245342
0.231036
0.218215
0.206668
0.196221
0.186734
0.178092
0.170204
0.163
0.156373
0.150271
0.144647
0.13945
0.134626
0.130133
0.125937
0.122009
0.118324
0.114859
0.111596
0.108518
0.10561
0.102858
0.10025
0.0977757
0.095426
0.0931919
0.0910652
0.0890385
0.087105
0.0852587
0.0834937
0.0818051
0.0801881
0.0786382
0.0771515
0.0757242
0.0743523
0.279565
0.261435
0.245401
0.231128
0.218351
0.206852
0.196457
0.187021
0.178429
0.170588
0.163413
0.156829
0.15077
0.145177
0.139995
0.135182
0.130699
0.126513
0.122597
0.118927
0.115481
0.112238
0.109182
0.106297
0.103569
0.100986
0.0985368
0.0962107
0.093999
0.0918935
0.0898868
0.0879722
0.0861434
0.0843949
0.0827217
0.0811191
0.079583
0.0781098
0.0766965
0.0753396
0.279607
0.261497
0.245494
0.231264
0.218538
0.207098
0.196765
0.187393
0.178862
0.171074
0.163944
0.157395
0.151364
0.14579
0.140623
0.135823
0.131352
0.12718
0.123276
0.119616
0.116178
0.112944
0.109895
0.107017
0.104296
0.101719
0.099276
0.0969559
0.0947502
0.0926508
0.0906504
0.0887423
0.0869204
0.0851792
0.0835137
0.0819193
0.080392
0.078928
0.0775239
0.0761759
0.279678
0.261599
0.24564
0.231468
0.218811
0.207447
0.197197
0.187909
0.17946
0.171747
0.16468
0.158184
0.152193
0.146653
0.141514
0.136736
0.132282
0.128119
0.12422
0.120561
0.11712
0.113876
0.110813
0.107917
0.105175
0.102575
0.100107
0.0977612
0.0955282
0.0934006
0.0913712
0.0894336
0.0875818
0.0858105
0.0841147
0.08249
0.0809323
0.0794377
0.0780028
0.0766237
0.279795
0.261768
0.245879
0.231789
0.219223
0.207954
0.197799
0.188604
0.180244
0.172614
0.165622
0.159192
0.15326
0.147771
0.142677
0.137938
0.133517
0.129384
0.125511
0.121875
0.118454
0.115231
0.112189
0.109313
0.106589
0.104005
0.101553
0.0992213
0.0970027
0.094889
0.0928729
0.0909481
0.0891086
0.087349
0.0856644
0.0840503
0.0825025
0.0810172
0.0795908
0.0782191
0.279995
0.262055
0.246283
0.23234
0.219938
0.208842
0.198859
0.189829
0.181621
0.174126
0.167254
0.160928
0.155085
0.149671
0.144641
0.139955
0.13558
0.131486
0.127646
0.124037
0.12064
0.117437
0.11441
0.111547
0.108835
0.106261
0.103815
0.101488
0.0992724
0.0971601
0.0951447
0.0932199
0.09138
0.0896198
0.0879344
0.0863195
0.0847709
0.083285
0.0818585
0.0804888
0.280397
0.262607
0.246985
0.233181
0.220914
0.209955
0.200112
0.191224
0.183157
0.175799
0.169059
0.16286
0.157137
0.151837
0.146915
0.142331
0.138051
0.134047
0.130293
0.126765
0.123445
0.120315
0.117359
0.114563
0.111916
0.109405
0.107021
0.104756
0.1026
0.100545
0.0985867
0.0967177
0.0949329
0.093227
0.0915952
0.0900332
0.0885369
0.0871023
0.0857255
0.0844016
0.281148
0.263964
0.249105
0.235995
0.224303
0.213817
0.204358
0.195778
0.187957
0.180798
0.17422
0.168155
0.162545
0.15734
0.1525
0.147988
0.143773
0.139827
0.136127
0.132651
0.129379
0.126296
0.123386
0.120636
0.118033
0.115566
0.113227
0.111006
0.108895
0.106886
0.104973
0.10315
0.101411
0.0997514
0.0981674
0.0966544
0.0952084
0.0938258
0.0925042
0.0912434
0.283239
0.266019
0.251525
0.239085
0.228233
0.218661
0.210131
0.202455
0.195499
0.18916
0.183357
0.178025
0.17311
0.168568
0.164362
0.160458
0.15683
0.153454
0.150307
0.147371
0.144629
0.142066
0.139669
0.137425
0.135324
0.133356
0.131511
0.129783
0.128164
0.126647
0.125226
0.123896
0.122652
0.121488
0.1204
0.119384
0.118436
0.117553
0.116731
0.115961
0.294644
0.282321
0.269032
0.256317
0.244708
0.234199
0.224659
0.215959
0.207992
0.200666
0.193905
0.187644
0.181829
0.176413
0.171355
0.166623
0.162184
0.158015
0.15409
0.15039
0.146897
0.143594
0.140468
0.137504
0.134693
0.132022
0.129483
0.127067
0.124766
0.122572
0.12048
0.118483
0.116575
0.114752
0.113008
0.111341
0.109744
0.108216
0.106752
0.105354
0.297174
0.285582
0.270155
0.253642
0.23775
0.223074
0.209737
0.197716
0.186934
0.177294
0.168687
0.161007
0.154155
0.148042
0.142589
0.137728
0.133399
0.129549
0.126132
0.123105
0.120435
0.118088
0.116037
0.114258
0.112727
0.111428
0.110342
0.109454
0.108752
0.108224
0.10786
0.107651
0.107589
0.107666
0.107878
0.108218
0.108683
0.10927
0.109977
0.110811
0.284148
0.266878
0.251537
0.237874
0.225709
0.214954
0.205477
0.197136
0.189809
0.183394
0.177799
0.172944
0.168753
0.165167
0.162132
0.159606
0.157549
0.155928
0.154713
0.153875
0.153393
0.153244
0.153411
0.153877
0.15463
0.155657
0.156947
0.158494
0.160289
0.162328
0.164605
0.167118
0.169864
0.172842
0.176051
0.179492
0.183165
0.187071
0.19121
0.195565
0.281326
0.263964
0.248431
0.234353
0.221554
0.209935
0.1994
0.18985
0.181196
0.173357
0.166254
0.159811
0.153957
0.148633
0.143785
0.139367
0.13534
0.131668
0.128317
0.125259
0.122467
0.11992
0.117596
0.115476
0.113545
0.111788
0.110191
0.108743
0.107434
0.106254
0.105195
0.10425
0.103412
0.102675
0.102035
0.101486
0.101025
0.100648
0.100353
0.100139
0.280293
0.262382
0.246294
0.231748
0.218571
0.206627
0.195795
0.185966
0.177038
0.168921
0.161528
0.154779
0.148599
0.142929
0.137717
0.132918
0.128494
0.12441
0.120633
0.117136
0.113894
0.110885
0.108088
0.105485
0.103061
0.100801
0.0986916
0.0967217
0.0948808
0.0931593
0.0915488
0.0900417
0.088631
0.0873104
0.0860743
0.0849178
0.0838363
0.0828259
0.0818828
0.0810036
0.279897
0.261826
0.245674
0.231136
0.218
0.206098
0.195292
0.185464
0.17651
0.168341
0.160872
0.154023
0.147721
0.141908
0.136537
0.131568
0.126963
0.122689
0.118715
0.115016
0.111566
0.108343
0.10533
0.102507
0.0998588
0.0973722
0.0950338
0.0928324
0.0907576
0.0888001
0.0869514
0.0852042
0.0835515
0.0819872
0.0805052
0.0791005
0.0777683
0.0765044
0.0753051
0.0741686
0.279711
0.261584
0.245434
0.230935
0.217849
0.205996
0.195229
0.185426
0.176487
0.168322
0.16085
0.153986
0.147658
0.141809
0.136396
0.131378
0.12672
0.122387
0.118352
0.114588
0.11107
0.107778
0.104692
0.101795
0.0990722
0.0965087
0.0940924
0.0918122
0.0896581
0.0876208
0.0856922
0.0838646
0.0821311
0.0804855
0.0789222
0.0774358
0.0760216
0.0746752
0.0733925
0.0721711
0.279616
0.261468
0.245335
0.230883
0.217863
0.206082
0.195388
0.185653
0.176774
0.168666
0.161245
0.154424
0.148126
0.142298
0.136898
0.131888
0.127231
0.122895
0.11885
0.115071
0.111533
0.108217
0.105104
0.102176
0.0994203
0.0968219
0.0943696
0.0920525
0.0898606
0.087785
0.0858174
0.0839502
0.0821766
0.0804904
0.0788858
0.0773577
0.0759015
0.0745126
0.0731872
0.071923
0.279566
0.261411
0.245297
0.230889
0.217929
0.206217
0.195593
0.185926
0.177112
0.169068
0.161715
0.154955
0.148704
0.142912
0.13754
0.132551
0.127912
0.123591
0.119559
0.115791
0.112264
0.108957
0.105854
0.102938
0.100195
0.0976103
0.0951724
0.0928695
0.0906916
0.0886294
0.0866748
0.0848203
0.0830591
0.0813851
0.0797926
0.0782763
0.0768316
0.075454
0.0741394
0.0728862
0.279542
0.261387
0.245292
0.230921
0.218013
0.206364
0.195807
0.186208
0.177461
0.169487
0.162246
0.155613
0.149489
0.143825
0.138569
0.133682
0.129133
0.124894
0.120938
0.117242
0.113784
0.110543
0.107501
0.104639
0.101944
0.0994012
0.0969992
0.0947273
0.0925757
0.0905356
0.0885992
0.0867591
0.0850087
0.083342
0.0817534
0.0802378
0.0787903
0.0774065
0.0760819
0.074815
0.279535
0.261384
0.245307
0.230969
0.218108
0.206513
0.196015
0.186478
0.177796
0.169891
0.165984
0.158862
0.150016
0.144536
0.139459
0.134749
0.130371
0.126294
0.122488
0.118926
0.115584
0.112442
0.109484
0.106691
0.104052
0.101552
0.0991811
0.0969294
0.0947878
0.0927483
0.0908037
0.0889473
0.0871731
0.0854757
0.08385
0.0822914
0.0807954
0.0793578
0.0779741
0.0766396
0.279543
0.261399
0.245342
0.231035
0.218215
0.206666
0.196218
0.18673
0.178097
0.170267
0.166516
0.1596
0.150655
0.145395
0.140574
0.136102
0.131919
0.127984
0.124269
0.120753
0.11742
0.114256
0.111249
0.108389
0.105667
0.103074
0.100608
0.0982602
0.0960232
0.0938893
0.0918516
0.0899039
0.0880405
0.0862561
0.0845458
0.0829053
0.0813303
0.0798173
0.0783631
0.0769628
0.279565
0.261435
0.2454
0.231127
0.218349
0.206848
0.19645
0.18701
0.178419
0.170593
0.163549
0.15708
0.151117
0.145625
0.140544
0.135827
0.131444
0.127361
0.123551
0.119987
0.116646
0.113508
0.110554
0.107768
0.105135
0.102643
0.100279
0.0980347
0.0958995
0.0938656
0.0919259
0.0900735
0.0883028
0.0866083
0.0849853
0.0834295
0.0819373
0.0805056
0.0791325
0.0778165
0.279607
0.261497
0.245493
0.231263
0.218535
0.207093
0.196757
0.187382
0.17885
0.171067
0.163951
0.157424
0.151418
0.145868
0.140722
0.13594
0.131487
0.127333
0.123449
0.11981
0.116395
0.113184
0.110161
0.10731
0.104616
0.102068
0.0996547
0.0973653
0.0951912
0.0931242
0.0911569
0.0892827
0.0874955
0.0857898
0.0841607
0.0826036
0.0811145
0.0796898
0.0783263
0.0770204
0.279678
0.261599
0.24564
0.231467
0.218808
0.207444
0.197191
0.187901
0.179452
0.171742
0.164681
0.158191
0.152207
0.146673
0.14154
0.136768
0.13232
0.128163
0.12427
0.120616
0.117179
0.113942
0.110885
0.107995
0.105259
0.102665
0.100204
0.0978643
0.0956384
0.0935183
0.0914969
0.0895676
0.0877247
0.0859627
0.0842768
0.0826624
0.0811156
0.0796326
0.0782099
0.0768437
0.279795
0.261768
0.245878
0.231788
0.219221
0.207951
0.197795
0.1886
0.180241
0.172612
0.165623
0.159196
0.153266
0.147778
0.142685
0.137946
0.133526
0.129393
0.12552
0.121885
0.118464
0.115242
0.1122
0.109324
0.106602
0.104019
0.101568
0.0992367
0.0970188
0.0949058
0.0928907
0.090967
0.0891287
0.0873705
0.0856874
0.084075
0.0825291
0.0810459
0.0796216
0.0782524
0.279995
0.262055
0.246283
0.232339
0.219937
0.208841
0.198857
0.189828
0.181621
0.174129
0.16726
0.160937
0.155095
0.149683
0.144653
0.139968
0.135593
0.131499
0.127659
0.124051
0.120654
0.117451
0.114425
0.111562
0.108849
0.106276
0.103831
0.101506
0.0992913
0.0971799
0.0951651
0.093241
0.0914019
0.0896425
0.0879581
0.0863442
0.0847967
0.083312
0.0818868
0.0805183
0.280397
0.262607
0.246985
0.233181
0.220913
0.209954
0.200112
0.191224
0.183157
0.175801
0.169062
0.162864
0.157142
0.151842
0.14692
0.142335
0.138056
0.134051
0.130296
0.126768
0.123448
0.120317
0.117361
0.114565
0.111917
0.109406
0.107022
0.104756
0.1026
0.100546
0.0985885
0.0967196
0.0949344
0.0932283
0.0915964
0.0900344
0.0885381
0.0871037
0.0857272
0.0844037
0.281148
0.263964
0.249105
0.235994
0.224303
0.213817
0.204359
0.195779
0.187959
0.180802
0.174225
0.168161
0.162551
0.157347
0.152507
0.147995
0.14378
0.139834
0.136133
0.132657
0.129385
0.126302
0.123391
0.12064
0.118037
0.115571
0.113232
0.11101
0.108899
0.106891
0.104979
0.103156
0.101419
0.0997604
0.0981763
0.0966625
0.0952153
0.0938315
0.0925086
0.0912465
0.283239
0.266019
0.251524
0.239085
0.228233
0.218662
0.210131
0.202457
0.195501
0.189163
0.183361
0.178029
0.173114
0.168572
0.164365
0.160461
0.156833
0.153455
0.150308
0.147371
0.144629
0.142065
0.139667
0.137423
0.135321
0.133353
0.131508
0.12978
0.12816
0.126643
0.125222
0.123892
0.122647
0.121484
0.120397
0.119383
0.118439
0.117559
0.11674
0.115974
0.294644
0.282321
0.269032
0.256317
0.244708
0.234199
0.224659
0.215959
0.207992
0.200666
0.193905
0.187644
0.181829
0.176413
0.171356
0.166623
0.162185
0.158015
0.15409
0.15039
0.146897
0.143594
0.140468
0.137505
0.134693
0.132023
0.129484
0.127068
0.124767
0.122574
0.120482
0.118485
0.116578
0.114755
0.113012
0.111345
0.109749
0.108221
0.106758
0.105361
0.297174
0.285582
0.270155
0.253642
0.23775
0.223074
0.209738
0.197717
0.186936
0.177296
0.16869
0.161011
0.154159
0.148045
0.142591
0.137727
0.133395
0.129541
0.126119
0.123088
0.120412
0.118059
0.116002
0.114215
0.112677
0.111369
0.110273
0.109376
0.108663
0.108124
0.107747
0.107525
0.107449
0.107511
0.107707
0.108031
0.108478
0.109045
0.109732
0.110545
0.284148
0.266878
0.251537
0.237874
0.225709
0.214954
0.205479
0.197139
0.189813
0.1834
0.177808
0.172953
0.168762
0.165172
0.162133
0.159601
0.157537
0.155908
0.154684
0.153837
0.153343
0.153183
0.153337
0.15379
0.154528
0.155539
0.156812
0.158341
0.160116
0.162133
0.164388
0.166876
0.169596
0.172545
0.175725
0.179133
0.182772
0.186642
0.190742
0.195056
0.281326
0.263963
0.248431
0.234353
0.221554
0.209936
0.199401
0.189853
0.181202
0.173367
0.166269
0.159832
0.153984
0.148663
0.143817
0.139402
0.135377
0.131706
0.128357
0.125301
0.122512
0.119967
0.117646
0.115529
0.113601
0.111847
0.110254
0.10881
0.107505
0.10633
0.105277
0.104338
0.103506
0.102776
0.102142
0.101601
0.101148
0.10078
0.100495
0.100291
0.280293
0.262382
0.246294
0.231748
0.218571
0.206627
0.195796
0.185968
0.177043
0.168931
0.161544
0.1548
0.148624
0.142956
0.137744
0.132946
0.128522
0.124437
0.12066
0.117163
0.113921
0.110911
0.108114
0.105511
0.103087
0.100827
0.0987172
0.0967473
0.0949063
0.0931848
0.0915744
0.0900673
0.0886566
0.0873361
0.0861
0.0849433
0.0838614
0.0828503
0.0819063
0.0810269
0.279897
0.261826
0.245674
0.231136
0.218
0.206098
0.195293
0.185465
0.176515
0.168353
0.160893
0.154052
0.147754
0.141944
0.136573
0.131604
0.126998
0.122723
0.118748
0.115047
0.111596
0.108372
0.105357
0.102532
0.0998832
0.097395
0.0950552
0.0928523
0.0907761
0.0888172
0.0869671
0.0852183
0.0835637
0.0819971
0.0805128
0.0791056
0.0777709
0.0765044
0.0753023
0.074162
0.279711
0.261584
0.245434
0.230935
0.217849
0.205996
0.195229
0.185427
0.176492
0.168336
0.160876
0.154023
0.1477
0.141852
0.136438
0.131418
0.126757
0.122423
0.118385
0.114618
0.111098
0.107803
0.104714
0.101814
0.0990878
0.096521
0.0941012
0.0918171
0.0896585
0.0876162
0.085682
0.0838484
0.0821086
0.0804565
0.0788863
0.0773929
0.0759716
0.0746181
0.0733287
0.0721011
0.279616
0.261469
0.245335
0.230883
0.217863
0.206082
0.195387
0.185653
0.17678
0.168685
0.161286
0.154482
0.14819
0.142362
0.13696
0.131948
0.127288
0.122948
0.118899
0.115116
0.111575
0.108255
0.105138
0.102206
0.0994452
0.0968418
0.0943837
0.0920601
0.0898613
0.0877784
0.0858037
0.0839298
0.0821499
0.0804578
0.0788479
0.077315
0.0758544
0.0744617
0.0731329
0.0718662
0.279566
0.261411
0.245298
0.230889
0.217929
0.206218
0.195594
0.185928
0.177119
0.169114
0.161828
0.15515
0.148939
0.143149
0.137773
0.13278
0.128135
0.123808
0.119769
0.115994
0.11246
0.109146
0.106035
0.10311
0.100357
0.0977634
0.0953195
0.0930143
0.0908375
0.0887803
0.0868337
0.08499
0.0832424
0.0815843
0.08001
0.0785141
0.0770915
0.0757377
0.0744488
0.0732238
0.279542
0.261387
0.245292
0.230921
0.218014
0.206365
0.195809
0.186214
0.177476
0.17311
0.165225
0.158096
0.151561
0.143894
0.138806
0.134071
0.129659
0.125545
0.121716
0.118151
0.114825
0.111718
0.108811
0.106088
0.103532
0.101128
0.0988623
0.0967222
0.0946979
0.09278
0.0909603
0.0892313
0.0875863
0.0860192
0.0845243
0.0830967
0.0817314
0.080424
0.0791699
0.077968
0.279535
0.261384
0.245307
0.23097
0.218108
0.206513
0.196017
0.186484
0.177815
0.173691
0.166293
0.159977
0.154137
0.149645
0.144831
0.140364
0.136227
0.132391
0.128806
0.12544
0.122267
0.119265
0.116416
0.113705
0.111118
0.108646
0.106279
0.104009
0.10183
0.0997358
0.0977225
0.0957851
0.09392
0.0921237
0.0903928
0.0887243
0.0871149
0.0855613
0.08406
0.0826051
0.279543
0.261399
0.245342
0.231035
0.218213
0.206664
0.196213
0.186725
0.178118
0.174029
0.167024
0.161502
0.156717
0.155941
0.153798
0.150926
0.147575
0.143957
0.140214
0.13644
0.132703
0.129046
0.125498
0.122075
0.118787
0.115638
0.112623
0.109739
0.106983
0.104351
0.10184
0.0994424
0.0971666
0.0950049
0.0929494
0.0909928
0.0891287
0.0873518
0.085659
0.08405
0.279565
0.261435
0.2454
0.231126
0.218346
0.206842
0.196439
0.186994
0.17841
0.170762
0.167068
0.160325
0.154359
0.146885
0.142374
0.138236
0.134424
0.130891
0.127602
0.124522
0.12162
0.118876
0.116272
0.113792
0.111426
0.109162
0.106993
0.104911
0.102912
0.10099
0.0991407
0.0973612
0.0956478
0.0939979
0.0924089
0.0908786
0.0894053
0.0879882
0.0866281
0.0853317
0.279607
0.261497
0.245493
0.231261
0.218532
0.207086
0.196746
0.187366
0.178835
0.171072
0.164109
0.157715
0.151782
0.146273
0.141168
0.136428
0.13202
0.127908
0.124062
0.120461
0.117087
0.113921
0.110943
0.108141
0.105499
0.103006
0.10065
0.0984213
0.0963112
0.0943111
0.0924139
0.0906126
0.0889014
0.0872746
0.0857273
0.0842551
0.082854
0.0815207
0.0802522
0.0790459
0.279678
0.261598
0.245639
0.231465
0.218805
0.207438
0.197183
0.187891
0.179443
0.171741
0.164695
0.158225
0.15226
0.146742
0.141625
0.136867
0.132432
0.128288
0.124406
0.120763
0.117338
0.114111
0.111068
0.108192
0.10547
0.102892
0.100446
0.0981231
0.0959148
0.0938134
0.0918119
0.0899037
0.0880831
0.0863446
0.0846835
0.0830954
0.0815762
0.0801222
0.07873
0.0773957
0.279795
0.261768
0.245877
0.231786
0.219218
0.207948
0.19779
0.188594
0.180236
0.172612
0.165628
0.159206
0.153281
0.147797
0.142707
0.137971
0.133553
0.129422
0.125551
0.121917
0.118498
0.115276
0.112235
0.10936
0.106638
0.104057
0.101607
0.0992787
0.0970626
0.0949513
0.0929376
0.0910154
0.0891791
0.0874234
0.0857433
0.0841344
0.0825925
0.0811136
0.0796943
0.0783306
0.279995
0.262054
0.246282
0.232338
0.219936
0.208839
0.198855
0.189826
0.181622
0.174134
0.16727
0.16095
0.155112
0.149702
0.144675
0.139992
0.135618
0.131525
0.127686
0.124079
0.120683
0.11748
0.114454
0.111592
0.10888
0.106308
0.103864
0.101539
0.0993264
0.0972172
0.0952051
0.0932837
0.0914469
0.0896896
0.0880071
0.086395
0.0848493
0.0833664
0.0819431
0.0805766
0.280397
0.262607
0.246985
0.23318
0.220912
0.209953
0.200111
0.191224
0.183158
0.175804
0.169067
0.16287
0.157149
0.15185
0.146927
0.142343
0.138063
0.134058
0.130302
0.126774
0.123453
0.120322
0.117366
0.11457
0.111922
0.109411
0.107028
0.104762
0.102606
0.100553
0.0985949
0.0967266
0.0949424
0.093237
0.0916058
0.0900445
0.088549
0.0871156
0.0857404
0.0844191
0.281148
0.263964
0.249105
0.235994
0.224303
0.213817
0.204359
0.195781
0.187962
0.180807
0.174232
0.168169
0.16256
0.157357
0.152517
0.148005
0.14379
0.139844
0.136143
0.132666
0.129394
0.126311
0.1234
0.120649
0.118046
0.11558
0.113241
0.11102
0.108909
0.106901
0.104989
0.103167
0.101431
0.0997731
0.0981907
0.0966788
0.0952336
0.0938515
0.0925293
0.0912656
0.283239
0.266019
0.251524
0.239085
0.228233
0.218662
0.210132
0.202458
0.195504
0.189167
0.183365
0.178034
0.173119
0.168577
0.164369
0.160465
0.156836
0.153458
0.15031
0.147372
0.144629
0.142065
0.139666
0.137421
0.135319
0.13335
0.131506
0.129777
0.128157
0.12664
0.125219
0.123889
0.122644
0.121481
0.120394
0.119381
0.118436
0.117556
0.116738
0.115974
0.294643
0.282321
0.269032
0.256316
0.244708
0.234199
0.224659
0.215959
0.207992
0.200666
0.193906
0.187645
0.18183
0.176414
0.171356
0.166623
0.162185
0.158015
0.15409
0.15039
0.146897
0.143595
0.140468
0.137505
0.134694
0.132024
0.129486
0.12707
0.124769
0.122577
0.120485
0.118489
0.116583
0.114761
0.113019
0.111352
0.109757
0.10823
0.106769
0.105372
0.297174
0.285582
0.270154
0.253641
0.23775
0.223074
0.209738
0.197718
0.186938
0.177299
0.168694
0.161016
0.154164
0.148049
0.142592
0.137727
0.133391
0.129533
0.126106
0.12307
0.120387
0.118028
0.115963
0.114168
0.112621
0.111303
0.110198
0.109289
0.108565
0.108013
0.107623
0.107387
0.107295
0.107341
0.10752
0.107825
0.108253
0.1088
0.109465
0.110255
0.284148
0.266878
0.251537
0.237874
0.225709
0.214955
0.20548
0.197141
0.189818
0.183407
0.177817
0.172963
0.168771
0.165178
0.162134
0.159595
0.157524
0.155886
0.154652
0.153794
0.153289
0.153115
0.153255
0.153693
0.154414
0.155408
0.156662
0.15817
0.159924
0.161918
0.164148
0.16661
0.169301
0.172221
0.175368
0.178743
0.182345
0.186177
0.190236
0.194506
0.281326
0.263963
0.248431
0.234353
0.221554
0.209936
0.199402
0.189856
0.181208
0.173379
0.166287
0.159856
0.154013
0.148696
0.143854
0.139441
0.135418
0.131749
0.128402
0.125348
0.122562
0.120019
0.117699
0.115585
0.11366
0.111909
0.110319
0.108879
0.107578
0.106408
0.105359
0.104425
0.103598
0.102874
0.102247
0.101712
0.101267
0.100907
0.100631
0.100435
0.280293
0.262382
0.246294
0.231748
0.218571
0.206627
0.195797
0.18597
0.177049
0.168942
0.161562
0.154825
0.148653
0.142987
0.137776
0.132978
0.128554
0.124468
0.120691
0.117193
0.11395
0.11094
0.108142
0.105539
0.103114
0.100854
0.0987438
0.0967736
0.0949324
0.0932107
0.0916001
0.0900929
0.0886822
0.0873617
0.0861258
0.0849693
0.0838878
0.0828771
0.0819338
0.0810551
0.279897
0.261826
0.245674
0.231136
0.218
0.206098
0.195293
0.185467
0.176521
0.168367
0.160918
0.154087
0.147795
0.141987
0.136618
0.131648
0.127041
0.122764
0.118788
0.115085
0.111631
0.108405
0.105388
0.102561
0.0999097
0.0974193
0.0950774
0.0928724
0.0907941
0.0888332
0.0869811
0.0852303
0.0835738
0.0820053
0.0805191
0.0791101
0.0777734
0.0765049
0.0753008
0.074158
0.279711
0.261584
0.245434
0.230935
0.217849
0.205996
0.195229
0.185429
0.176497
0.168353
0.16091
0.154071
0.147753
0.141906
0.13649
0.131467
0.126803
0.122466
0.118425
0.114655
0.111132
0.107834
0.104742
0.101839
0.0991098
0.0965399
0.094117
0.0918297
0.0896679
0.0876223
0.0856846
0.0838472
0.0821032
0.0804464
0.0788709
0.0773716
0.0759438
0.0745834
0.0732865
0.0720507
0.279616
0.261469
0.245336
0.230883
0.217863
0.206082
0.195387
0.185654
0.176786
0.16871
0.161343
0.154614
0.148326
0.142496
0.137088
0.132067
0.127398
0.123049
0.11899
0.115197
0.111647
0.108319
0.105193
0.102254
0.099486
0.0968753
0.09441
0.0920788
0.0898719
0.0877802
0.0857956
0.0839107
0.0821188
0.0804137
0.0787899
0.0772421
0.0757656
0.0743562
0.0730099
0.0717242
0.279566
0.261412
0.245298
0.230889
0.217929
0.206218
0.195594
0.185929
0.177129
0.169165
0.161972
0.158275
0.148928
0.143199
0.13788
0.132942
0.128351
0.124073
0.120079
0.116342
0.112839
0.109552
0.106461
0.103551
0.100808
0.0982177
0.0957701
0.0934544
0.0912614
0.0891824
0.0872099
0.0853366
0.0835562
0.0818628
0.0802509
0.0787156
0.0772521
0.0758563
0.0745242
0.0732547
0.279542
0.261387
0.245292
0.230922
0.218015
0.206367
0.195813
0.186222
0.177494
0.173161
0.165456
0.158806
0.152422
0.145222
0.14013
0.135367
0.130919
0.126765
0.122882
0.119249
0.115847
0.112657
0.109662
0.106847
0.104218
0.101756
0.0994457
0.0972728
0.0952247
0.0932906
0.091461
0.0897277
0.0880833
0.0865212
0.0850356
0.0836211
0.082273
0.0809865
0.0797572
0.0785838
0.279535
0.261384
0.245308
0.23097
0.218109
0.206515
0.19602
0.186484
0.181731
0.173601
0.168213
0.163559
0.158772
0.158059
0.197274
0.187162
0.178267
0.170371
0.163301
0.156921
0.151124
0.145824
0.140952
0.136453
0.132263
0.128347
0.124679
0.121236
0.117998
0.114947
0.112067
0.109346
0.10677
0.104328
0.102011
0.0998092
0.0977142
0.095718
0.0938136
0.0919939
0.279543
0.261399
0.245342
0.231034
0.218212
0.206661
0.196208
0.18671
0.182184
0.174396
0.175724
0.196927
0.233258
0.277584
0.276103
0.259518
0.244384
0.230651
0.218221
0.206974
0.196786
0.187545
0.179147
0.171498
0.164516
0.158127
0.152268
0.146882
0.141919
0.137337
0.133096
0.129164
0.125498
0.122073
0.118868
0.115863
0.11304
0.110387
0.107894
0.105567
0.279565
0.261435
0.245399
0.231125
0.218342
0.206835
0.196425
0.186972
0.178507
0.17446
0.167548
0.16335
0.157621
0.15227
0.148596
0.145318
0.142304
0.139467
0.136754
0.134134
0.13159
0.12911
0.126688
0.12431
0.12198
0.119699
0.117473
0.115302
0.11319
0.111138
0.109147
0.107218
0.105351
0.103545
0.101799
0.100114
0.0984885
0.0969224
0.0954186
0.0939876
0.279607
0.261496
0.245492
0.231259
0.218528
0.207079
0.196733
0.187346
0.178824
0.171199
0.167508
0.16066
0.151697
0.146481
0.141673
0.137237
0.133129
0.129305
0.125734
0.122389
0.119248
0.116293
0.113514
0.110907
0.108458
0.106155
0.103986
0.101942
0.100012
0.0981885
0.0964642
0.0948329
0.093289
0.0918273
0.0904433
0.089133
0.0878928
0.0867203
0.0856139
0.0845762
0.279677
0.261598
0.245638
0.231463
0.218802
0.207432
0.197173
0.187879
0.179436
0.171749
0.16482
0.158436
0.152471
0.146965
0.141867
0.137134
0.132728
0.128614
0.124765
0.121155
0.117764
0.114572
0.111563
0.108721
0.106035
0.103493
0.101083
0.098798
0.0966295
0.0945701
0.0926126
0.0907509
0.088979
0.0872917
0.0856843
0.0841525
0.0826924
0.0813004
0.0799728
0.0787063
0.279795
0.261768
0.245877
0.231785
0.219216
0.207944
0.197784
0.188588
0.180233
0.172615
0.165642
0.159232
0.153316
0.147839
0.142755
0.138025
0.133613
0.129488
0.125624
0.121997
0.118585
0.115372
0.112339
0.109472
0.106759
0.104187
0.101747
0.0994276
0.0972218
0.0951215
0.0931199
0.0912105
0.0893877
0.0876461
0.0859811
0.0843881
0.0828632
0.0814027
0.0800027
0.0786599
0.279995
0.262054
0.246282
0.232337
0.219934
0.208837
0.198853
0.189825
0.181624
0.174141
0.167284
0.160971
0.155138
0.149732
0.144709
0.140028
0.135657
0.131566
0.127729
0.124123
0.120729
0.117528
0.114505
0.111644
0.108935
0.106365
0.103923
0.101602
0.099392
0.0972859
0.0952769
0.0933587
0.0915256
0.0897723
0.0880942
0.0864868
0.084946
0.083468
0.0820495
0.080687
0.280397
0.262607
0.246984
0.233179
0.220911
0.209952
0.20011
0.191224
0.18316
0.175808
0.169073
0.162878
0.157158
0.15186
0.146938
0.142353
0.138072
0.134067
0.130312
0.126783
0.123462
0.120331
0.117375
0.11458
0.111932
0.109422
0.107039
0.104774
0.10262
0.100567
0.0986111
0.0967445
0.094962
0.0932584
0.0916292
0.0900698
0.0885763
0.0871449
0.0857718
0.084453
0.281148
0.263963
0.249105
0.235994
0.224303
0.213817
0.20436
0.195783
0.187966
0.180812
0.17424
0.168179
0.162572
0.157369
0.152529
0.148018
0.143802
0.139856
0.136155
0.132678
0.129406
0.126322
0.123412
0.120661
0.118058
0.115592
0.113253
0.111033
0.108923
0.106915
0.105004
0.103184
0.101448
0.0997921
0.098211
0.0967008
0.0952572
0.0938769
0.0925566
0.0912949
0.283239
0.266018
0.251524
0.239085
0.228233
0.218662
0.210133
0.20246
0.195507
0.189171
0.18337
0.17804
0.173125
0.168583
0.164375
0.16047
0.15684
0.153461
0.150312
0.147374
0.14463
0.142065
0.139666
0.137421
0.135318
0.133349
0.131504
0.129775
0.128156
0.126638
0.125218
0.123888
0.122644
0.121481
0.120395
0.119382
0.118438
0.11756
0.116743
0.11598
0.294643
0.282321
0.269031
0.256316
0.244708
0.234199
0.224659
0.215959
0.207992
0.200667
0.193906
0.187646
0.181831
0.176414
0.171357
0.166624
0.162186
0.158016
0.154091
0.150391
0.146898
0.143596
0.140469
0.137507
0.134696
0.132026
0.129488
0.127073
0.124773
0.122581
0.12049
0.118494
0.116589
0.114768
0.113026
0.111361
0.109767
0.108241
0.106781
0.105386
0.297174
0.285582
0.270154
0.253641
0.23775
0.223074
0.209739
0.197719
0.18694
0.177302
0.168698
0.16102
0.154168
0.148052
0.142594
0.137726
0.133387
0.129525
0.126094
0.123052
0.120364
0.117998
0.115926
0.114123
0.112568
0.111242
0.110126
0.109207
0.108472
0.107907
0.107504
0.107254
0.107147
0.107178
0.10734
0.107627
0.108035
0.108562
0.109206
0.109973
0.284148
0.266878
0.251537
0.237874
0.22571
0.214955
0.205481
0.197144
0.189822
0.183413
0.177826
0.172973
0.16878
0.165184
0.162135
0.15959
0.157512
0.155866
0.154622
0.153753
0.153236
0.15305
0.153177
0.1536
0.154305
0.155281
0.156518
0.158005
0.159738
0.161709
0.163914
0.166349
0.169012
0.171901
0.175015
0.178355
0.18192
0.185712
0.189729
0.193954
0.281326
0.263963
0.248431
0.234353
0.221554
0.209937
0.199404
0.189859
0.181214
0.173389
0.166304
0.15988
0.154042
0.148729
0.143889
0.139479
0.135458
0.131792
0.128447
0.125395
0.12261
0.120069
0.117753
0.115641
0.113719
0.111971
0.110385
0.108948
0.107652
0.106485
0.105441
0.104512
0.103691
0.102973
0.102352
0.101825
0.101387
0.101035
0.100767
0.100582
0.280293
0.262382
0.246293
0.231748
0.218571
0.206627
0.195797
0.185973
0.177055
0.168953
0.16158
0.154849
0.148682
0.143018
0.137808
0.13301
0.128585
0.124499
0.120721
0.117223
0.113979
0.110969
0.10817
0.105567
0.103141
0.10088
0.0987696
0.0967987
0.0949569
0.0932346
0.0916235
0.0901158
0.0887045
0.0873835
0.0861471
0.0849902
0.0839083
0.0828973
0.0819539
0.0810753
0.279897
0.261826
0.245674
0.231136
0.217999
0.206098
0.195293
0.185469
0.176527
0.16838
0.160942
0.154122
0.147837
0.142032
0.136665
0.131695
0.127088
0.122811
0.118833
0.115129
0.111673
0.108445
0.105426
0.102597
0.0999434
0.0974507
0.0951063
0.0928988
0.0908179
0.0888543
0.0869994
0.0852458
0.0835864
0.082015
0.0805258
0.0791136
0.0777737
0.0765021
0.0752948
0.0741487
0.279711
0.261584
0.245435
0.230935
0.217849
0.205996
0.195229
0.18543
0.176503
0.168369
0.160945
0.15412
0.147806
0.14196
0.136543
0.131518
0.12685
0.122509
0.118464
0.114689
0.111161
0.107858
0.104761
0.101852
0.0991168
0.0965408
0.0941116
0.0918179
0.0896497
0.0875975
0.0856532
0.0838091
0.0820584
0.0803947
0.0788124
0.0773062
0.0758715
0.074504
0.0732002
0.0719575
0.279616
0.261469
0.245336
0.230883
0.217863
0.206082
0.195387
0.185654
0.176792
0.168736
0.161407
0.154717
0.148445
0.142625
0.137221
0.132198
0.127525
0.123171
0.119106
0.115306
0.111749
0.108412
0.105277
0.102328
0.0995502
0.0969289
0.0944525
0.0921099
0.0898911
0.0877873
0.0857901
0.0838923
0.082087
0.0803681
0.07873
0.0771675
0.075676
0.074251
0.0728887
0.0715864
0.279567
0.261412
0.245298
0.230889
0.21793
0.206218
0.195595
0.185931
0.177141
0.169231
0.162139
0.158491
0.149175
0.143453
0.138137
0.133199
0.128606
0.124324
0.120324
0.116581
0.113072
0.109777
0.106679
0.103761
0.101009
0.0984095
0.0959518
0.0936248
0.0914193
0.0893265
0.0873386
0.0854487
0.08365
0.0819369
0.0803036
0.0787454
0.0772574
0.0758354
0.0744755
0.0731768
0.279542
0.261387
0.245292
0.230922
0.218016
0.206368
0.195816
0.18623
0.177523
0.173222
0.165763
0.15953
0.153268
0.146784
0.14162
0.136747
0.132175
0.127893
0.123883
0.120123
0.116595
0.11328
0.110162
0.107225
0.104457
0.101845
0.0993789
0.0970474
0.0948414
0.0927524
0.0907723
0.088894
0.0871108
0.0854166
0.0838056
0.0822726
0.0808127
0.0794207
0.0780915
0.0768211
0.279535
0.261384
0.245308
0.23097
0.218109
0.206516
0.196023
0.186494
0.181779
0.174108
0.171469
0.171289
0.167511
0.170996
0.209548
0.197189
0.186476
0.17708
0.168758
0.161326
0.154639
0.148583
0.143067
0.138017
0.133373
0.129083
0.125105
0.121404
0.11795
0.114718
0.111687
0.108836
0.106151
0.103617
0.101222
0.0989538
0.0968036
0.0947622
0.0928207
0.0909699
0.279543
0.261399
0.245342
0.231034
0.218211
0.206658
0.196202
0.1867
0.182215
0.176607
0.279789
0.619159
0.780846
0.493418
0.308125
0.280171
0.257218
0.238019
0.221718
0.207702
0.19552
0.184829
0.175369
0.166937
0.159373
0.152548
0.146358
0.140718
0.135558
0.130818
0.126451
0.122413
0.11867
0.115192
0.111951
0.108927
0.106098
0.103446
0.100956
0.0986114
0.279565
0.261434
0.245399
0.231123
0.218339
0.206828
0.196412
0.18695
0.178502
0.174574
0.168649
0.166767
0.16406
0.162807
0.165103
0.165267
0.163997
0.16179
0.158988
0.155821
0.152445
0.148968
0.145465
0.141985
0.138563
0.135222
0.131977
0.128835
0.125803
0.12288
0.120068
0.117363
0.114765
0.112269
0.109871
0.107568
0.105356
0.103231
0.101193
0.0992407
0.279607
0.261496
0.245491
0.231257
0.218524
0.207071
0.19672
0.187328
0.17881
0.17123
0.16759
0.160872
0.152037
0.14738
0.143265
0.139525
0.136062
0.132815
0.129749
0.126844
0.124085
0.121463
0.11897
0.116601
0.114349
0.11221
0.110176
0.108244
0.106408
0.104663
0.103005
0.101429
0.0999298
0.0985044
0.0971486
0.0958589
0.0946323
0.0934667
0.0923612
0.0913169
0.279677
0.261598
0.245637
0.231461
0.218798
0.207426
0.197165
0.187868
0.179428
0.171756
0.164859
0.158509
0.152584
0.147137
0.142114
0.137466
0.133152
0.129134
0.125382
0.121869
0.118574
0.115478
0.112564
0.109817
0.107225
0.104776
0.10246
0.100268
0.0981931
0.096227
0.0943635
0.0925967
0.0909212
0.0893323
0.0878255
0.0863971
0.0850435
0.0837618
0.0825489
0.0814036
0.279795
0.261767
0.245876
0.231783
0.219213
0.20794
0.197779
0.188583
0.180229
0.172618
0.165654
0.159252
0.153345
0.147877
0.142803
0.138083
0.133683
0.129571
0.12572
0.122107
0.118711
0.115514
0.112499
0.10965
0.106957
0.104406
0.101987
0.0996919
0.0975108
0.0954367
0.0934624
0.0915819
0.0897893
0.0880794
0.0864477
0.0848898
0.0834017
0.0819799
0.0806205
0.0793198
0.279995
0.262054
0.246281
0.232336
0.219933
0.208835
0.198851
0.189825
0.181626
0.174149
0.167298
0.160992
0.155166
0.149766
0.144748
0.140073
0.135706
0.13162
0.127788
0.124187
0.120797
0.117601
0.114582
0.111727
0.109023
0.106458
0.104023
0.101708
0.0995049
0.097406
0.0954047
0.0934946
0.0916701
0.0899259
0.0882575
0.0866603
0.0851304
0.0836639
0.0822573
0.0809079
0.280396
0.262607
0.246984
0.233179
0.22091
0.209951
0.200109
0.191223
0.183161
0.175811
0.16908
0.162887
0.157168
0.151871
0.146949
0.142365
0.138085
0.13408
0.130324
0.126796
0.123476
0.120346
0.117391
0.114596
0.11195
0.109442
0.107061
0.104798
0.102646
0.100596
0.0986428
0.0967795
0.0950005
0.0933009
0.0916758
0.0901209
0.0886322
0.0872059
0.0858381
0.0845248
0.281147
0.263963
0.249105
0.235994
0.224302
0.213817
0.204361
0.195785
0.18797
0.180818
0.174248
0.168189
0.162583
0.157381
0.152542
0.148031
0.143816
0.13987
0.136169
0.132692
0.129421
0.126337
0.123427
0.120677
0.118074
0.115609
0.113271
0.111052
0.108942
0.106936
0.105027
0.103208
0.101474
0.0998196
0.0982406
0.0967326
0.0952914
0.0939135
0.0925959
0.0913372
0.283239
0.266018
0.251524
0.239085
0.228233
0.218663
0.210134
0.202462
0.195509
0.189175
0.183375
0.178046
0.173131
0.168589
0.16438
0.160475
0.156844
0.153465
0.150315
0.147376
0.144632
0.142066
0.139667
0.137421
0.135319
0.133349
0.131505
0.129776
0.128157
0.12664
0.12522
0.123891
0.122648
0.121487
0.120402
0.119391
0.118449
0.117572
0.116757
0.115997
0.294643
0.282321
0.269031
0.256316
0.244708
0.234199
0.224659
0.21596
0.207993
0.200667
0.193907
0.187647
0.181832
0.176415
0.171358
0.166625
0.162187
0.158017
0.154092
0.150392
0.146899
0.143597
0.140471
0.137509
0.134698
0.132028
0.129491
0.127076
0.124777
0.122585
0.120495
0.118501
0.116596
0.114776
0.113036
0.111371
0.109778
0.108254
0.106795
0.105401
0.297174
0.285582
0.270154
0.253641
0.23775
0.223074
0.209739
0.197719
0.186941
0.177304
0.168701
0.161024
0.154172
0.148055
0.142596
0.137726
0.133384
0.129519
0.126084
0.123039
0.120346
0.117975
0.115898
0.114089
0.112527
0.111194
0.110071
0.109144
0.108399
0.107826
0.107413
0.107152
0.107034
0.107053
0.107202
0.107476
0.10787
0.108381
0.109009
0.10976
0.284148
0.266878
0.251537
0.237874
0.22571
0.214956
0.205482
0.197145
0.189825
0.183419
0.177833
0.172981
0.168788
0.165189
0.162136
0.159587
0.157502
0.155849
0.154598
0.153721
0.153195
0.152999
0.153115
0.153527
0.15422
0.155183
0.156405
0.157877
0.159593
0.161547
0.163733
0.166148
0.16879
0.171656
0.174747
0.178061
0.181599
0.185362
0.189348
0.19354
0.281326
0.263963
0.248431
0.234353
0.221554
0.209937
0.199405
0.189861
0.181219
0.173398
0.166318
0.159898
0.154065
0.148755
0.143917
0.139509
0.13549
0.131825
0.128481
0.12543
0.122647
0.120108
0.117792
0.115683
0.113762
0.112016
0.110432
0.108998
0.107704
0.10654
0.105499
0.104573
0.103756
0.103041
0.102424
0.101901
0.101468
0.101121
0.100859
0.100679
0.280293
0.262382
0.246293
0.231748
0.218571
0.206627
0.195798
0.185975
0.177059
0.168962
0.161594
0.154868
0.148704
0.143042
0.137833
0.133035
0.128609
0.124523
0.120744
0.117245
0.114001
0.110989
0.10819
0.105585
0.103159
0.100897
0.0987857
0.0968141
0.0949716
0.0932486
0.0916368
0.0901284
0.0887165
0.087395
0.086158
0.0850006
0.0839183
0.082907
0.0819634
0.0810846
0.279897
0.261826
0.245674
0.231136
0.217999
0.206098
0.195294
0.185471
0.176532
0.168391
0.160962
0.15415
0.14787
0.142069
0.136702
0.131733
0.127125
0.122846
0.118867
0.11516
0.111703
0.108473
0.105452
0.102621
0.0999653
0.0974706
0.0951242
0.0929147
0.0908318
0.0888661
0.0870092
0.0852535
0.083592
0.0820184
0.0805269
0.0791125
0.0777704
0.0764965
0.0752869
0.0741384
0.279711
0.261584
0.245435
0.230935
0.217849
0.205995
0.195229
0.185431
0.176508
0.168383
0.160973
0.154159
0.147849
0.142002
0.136581
0.131552
0.126879
0.122532
0.118482
0.114701
0.111167
0.107858
0.104754
0.101839
0.0990979
0.0965156
0.0940802
0.0917804
0.089606
0.0875477
0.0855973
0.0837471
0.0819903
0.0803205
0.0787321
0.0772198
0.0757789
0.0744053
0.0730953
0.0718464
0.279616
0.261469
0.245336
0.230883
0.217863
0.206082
0.195387
0.185655
0.176797
0.168758
0.161461
0.154805
0.148547
0.14273
0.137322
0.132292
0.127612
0.123251
0.119181
0.115376
0.111812
0.10847
0.105331
0.102376
0.0995924
0.0969654
0.0944829
0.0921339
0.0899085
0.0877976
0.0857932
0.0838876
0.0820743
0.080347
0.0787002
0.0771286
0.0756275
0.0741927
0.0728204
0.0715077
0.279567
0.261412
0.245298
0.23089
0.21793
0.206219
0.195595
0.185932
0.177152
0.16929
0.162277
0.158636
0.149314
0.143574
0.138216
0.133225
0.128574
0.124233
0.120176
0.116379
0.11282
0.109478
0.106335
0.103376
0.100584
0.0979478
0.0954547
0.093094
0.090856
0.088732
0.086714
0.0847946
0.0829672
0.0812257
0.0795646
0.0779788
0.0764635
0.0750144
0.0736278
0.0723023
0.279542
0.261387
0.245293
0.230922
0.218016
0.20637
0.195818
0.186238
0.177549
0.173279
0.166067
0.160193
0.153998
0.147215
0.141976
0.137089
0.132524
0.128255
0.124255
0.120501
0.116973
0.113652
0.110521
0.107565
0.104771
0.102127
0.099622
0.0972453
0.0949883
0.0928428
0.0908014
0.0888572
0.087004
0.0852361
0.0835483
0.0819357
0.0803937
0.0789179
0.0775038
0.076149
0.279535
0.261384
0.245308
0.230971
0.21811
0.206517
0.196025
0.186503
0.181815
0.174616
0.174864
0.176014
0.16962
0.170263
0.189557
0.180912
0.173014
0.165795
0.159183
0.153109
0.147512
0.142339
0.137544
0.133088
0.128934
0.125054
0.121422
0.118013
0.114808
0.111789
0.108941
0.106249
0.103702
0.101288
0.0989973
0.0968214
0.0947521
0.0927822
0.0909046
0.0891133
0.279543
0.261399
0.245342
0.231034
0.21821
0.206656
0.196198
0.186693
0.182233
0.177035
0.323994
0.5166
0.480046
0.391319
0.278585
0.253283
0.232531
0.215188
0.200473
0.18783
0.176844
0.167206
0.158678
0.151074
0.144248
0.138084
0.132489
0.127384
0.122707
0.118404
0.114433
0.110754
0.107337
0.104154
0.101181
0.0984001
0.0957943
0.0933482
0.091048
0.0888835
0.279565
0.261434
0.245399
0.231122
0.218337
0.206823
0.196401
0.186935
0.178497
0.174642
0.16904
0.166823
0.16381
0.164156
0.166632
0.166864
0.165533
0.163145
0.160069
0.156562
0.152805
0.148925
0.145009
0.141118
0.137293
0.133561
0.12994
0.126441
0.123068
0.119824
0.116708
0.113718
0.110851
0.108103
0.105469
0.102945
0.100526
0.0982072
0.0959851
0.0938519
0.279607
0.261496
0.245491
0.231256
0.218521
0.207065
0.196709
0.187313
0.1788
0.171255
0.167645
0.160981
0.152173
0.147709
0.143818
0.140324
0.137116
0.134116
0.131282
0.128586
0.126008
0.123538
0.121167
0.118887
0.116694
0.114583
0.11255
0.110591
0.108704
0.106884
0.105129
0.103436
0.101802
0.100224
0.0987
0.0972274
0.0958044
0.0944299
0.0931041
0.0918241
0.279677
0.261598
0.245637
0.23146
0.218796
0.207422
0.197158
0.18786
0.179423
0.171763
0.164892
0.158569
0.152664
0.147241
0.142245
0.137633
0.133365
0.129403
0.125715
0.122275
0.119058
0.116044
0.113216
0.110559
0.10806
0.105706
0.103487
0.101393
0.0994161
0.0975488
0.0957839
0.0941152
0.0925369
0.0910439
0.0896316
0.0882956
0.0870322
0.0858383
0.0847101
0.0836457
0.279795
0.261767
0.245875
0.231782
0.219211
0.207937
0.197775
0.188578
0.180227
0.172621
0.165664
0.15927
0.153369
0.147906
0.142836
0.138119
0.133723
0.129616
0.125771
0.122165
0.118777
0.115589
0.112584
0.109748
0.107069
0.104533
0.102132
0.0998559
0.0976959
0.0956448
0.0936957
0.0918424
0.0900792
0.0884011
0.0868034
0.0852819
0.0838327
0.0824523
0.0811367
0.0798817
0.279995
0.262054
0.246281
0.232336
0.219931
0.208833
0.19885
0.189824
0.181628
0.174155
0.16731
0.16101
0.155189
0.149795
0.14478
0.140108
0.135745
0.131661
0.127832
0.124234
0.120847
0.117654
0.11464
0.111789
0.10909
0.106531
0.104101
0.101793
0.0995969
0.0975058
0.0955129
0.0936119
0.0917973
0.0900638
0.0884068
0.0868219
0.0853052
0.0838528
0.0824611
0.0811275
0.280396
0.262606
0.246983
0.233178
0.220909
0.20995
0.200108
0.191223
0.183162
0.175814
0.169085
0.162894
0.157177
0.15188
0.146959
0.142374
0.138094
0.134089
0.130334
0.126806
0.123486
0.120356
0.117401
0.114607
0.111962
0.109455
0.107075
0.104814
0.102663
0.100615
0.0986641
0.0968031
0.0950268
0.09333
0.0917081
0.0901566
0.0886717
0.0872493
0.0858858
0.0845768
0.281147
0.263963
0.249104
0.235994
0.224302
0.213818
0.204362
0.195786
0.187972
0.180823
0.174254
0.168197
0.162592
0.157391
0.152553
0.148042
0.143827
0.139881
0.136181
0.132704
0.129433
0.126349
0.123439
0.12069
0.118088
0.115623
0.113286
0.111067
0.108959
0.106954
0.105046
0.103229
0.101496
0.099844
0.098267
0.0967611
0.0953222
0.0939468
0.0926317
0.0913758
0.283239
0.266018
0.251524
0.239085
0.228233
0.218663
0.210135
0.202463
0.195512
0.189178
0.183379
0.17805
0.173136
0.168593
0.164385
0.160479
0.156847
0.153467
0.150317
0.147378
0.144633
0.142067
0.139668
0.137422
0.135319
0.13335
0.131505
0.129777
0.128158
0.126642
0.125222
0.123894
0.122652
0.121491
0.120408
0.119397
0.118456
0.117581
0.116768
0.116009
0.294643
0.282321
0.269031
0.256316
0.244708
0.234199
0.224659
0.21596
0.207993
0.200668
0.193907
0.187647
0.181832
0.176416
0.171359
0.166626
0.162187
0.158017
0.154093
0.150393
0.1469
0.143598
0.140472
0.13751
0.1347
0.132031
0.129493
0.127079
0.12478
0.122589
0.1205
0.118506
0.116602
0.114782
0.113043
0.11138
0.109788
0.108264
0.106806
0.105414
0.297174
0.285582
0.270154
0.253641
0.23775
0.223074
0.209739
0.19772
0.186942
0.177305
0.168703
0.161026
0.154174
0.148057
0.142597
0.137726
0.133383
0.129516
0.126079
0.123031
0.120336
0.117963
0.115882
0.11407
0.112505
0.111167
0.11004
0.109109
0.10836
0.107781
0.107363
0.107095
0.106971
0.106983
0.107125
0.107391
0.107777
0.10828
0.108899
0.10964
0.284148
0.266878
0.251537
0.237874
0.22571
0.214956
0.205482
0.197146
0.189827
0.183421
0.177837
0.172986
0.168792
0.165192
0.162137
0.159584
0.157497
0.15584
0.154584
0.153703
0.153172
0.152971
0.153081
0.153486
0.154173
0.155128
0.156342
0.157806
0.159513
0.161456
0.163631
0.166035
0.168664
0.171518
0.174594
0.177893
0.181415
0.185161
0.189129
0.193301
0.281326
0.263963
0.248431
0.234353
0.221554
0.209937
0.199405
0.189862
0.181222
0.173403
0.166325
0.159909
0.154077
0.148769
0.143933
0.139525
0.135507
0.131843
0.1285
0.12545
0.122667
0.120129
0.117815
0.115706
0.113787
0.112042
0.110459
0.109027
0.107734
0.106572
0.105533
0.104609
0.103794
0.103082
0.102468
0.101947
0.101517
0.101173
0.100914
0.100738
0.280293
0.262382
0.246293
0.231748
0.218571
0.206627
0.195798
0.185976
0.177062
0.168966
0.161602
0.154879
0.148717
0.143055
0.137846
0.133048
0.128623
0.124536
0.120756
0.117257
0.114012
0.111
0.108201
0.105596
0.103169
0.100907
0.0987953
0.0968233
0.0949803
0.0932569
0.0916446
0.0901358
0.0887235
0.0874015
0.0861641
0.0850063
0.0839235
0.0829118
0.081968
0.0810889
0.279897
0.261826
0.245674
0.231136
0.217999
0.206098
0.195294
0.185472
0.176534
0.168397
0.160973
0.154166
0.147889
0.142089
0.136723
0.131754
0.127145
0.122866
0.118886
0.115179
0.111721
0.108491
0.105468
0.102637
0.09998
0.0974844
0.0951371
0.0929266
0.0908426
0.0888758
0.0870178
0.0852609
0.0835982
0.0820234
0.0805307
0.0791149
0.0777715
0.0764961
0.0752852
0.0741353
0.279711
0.261584
0.245435
0.230935
0.217849
0.205995
0.195229
0.185431
0.17651
0.168391
0.160989
0.15418
0.147872
0.142024
0.136601
0.131569
0.126894
0.122545
0.118492
0.114708
0.111171
0.107859
0.104752
0.101834
0.0990886
0.0965028
0.0940638
0.0917603
0.0895821
0.08752
0.0855657
0.0837116
0.0819508
0.080277
0.0786845
0.0771682
0.0757232
0.0743454
0.0730313
0.0717784
0.279616
0.261469
0.245336
0.230883
0.217863
0.206082
0.195387
0.185655
0.176799
0.16877
0.161491
0.154854
0.148604
0.142789
0.137378
0.132346
0.127664
0.123301
0.119228
0.115422
0.111857
0.108514
0.105372
0.102417
0.0996308
0.0970016
0.0945168
0.0921652
0.0899369
0.087823
0.0858151
0.0839059
0.0820887
0.0803572
0.0787059
0.0771296
0.0756235
0.0741835
0.0728059
0.0714878
0.279567
0.261412
0.245298
0.23089
0.21793
0.206219
0.195595
0.185933
0.177159
0.169324
0.162351
0.158715
0.149386
0.143633
0.138259
0.13325
0.128579
0.124218
0.120139
0.116319
0.112736
0.10937
0.106204
0.103219
0.100403
0.0977422
0.0952241
0.0928385
0.0905754
0.0884262
0.0863829
0.0844381
0.0825852
0.0808182
0.0791315
0.0775199
0.0759788
0.0745039
0.0730916
0.0717408
0.279542
0.261387
0.245293
0.230923
0.218017
0.20637
0.19582
0.186242
0.177564
0.173314
0.166247
0.160529
0.154299
0.147355
0.142006
0.13704
0.132424
0.128125
0.124113
0.120362
0.116849
0.113553
0.110454
0.107535
0.104783
0.102183
0.0997234
0.0973931
0.0951823
0.0930822
0.0910847
0.0891824
0.0873689
0.0856379
0.083984
0.0824021
0.0808874
0.0794356
0.0780425
0.0767064
0.279536
0.261384
0.245308
0.230971
0.21811
0.206517
0.196027
0.186508
0.181837
0.174901
0.17661
0.178242
0.170079
0.16887
0.186366
0.176814
0.16834
0.160761
0.153935
0.147747
0.142106
0.13694
0.132188
0.1278
0.123733
0.119953
0.116428
0.113134
0.110047
0.107148
0.10442
0.101849
0.0994199
0.0971224
0.0949457
0.0928808
0.0909195
0.0890548
0.0872809
0.0855965
0.279543
0.261399
0.245341
0.231033
0.218209
0.206654
0.196196
0.18669
0.182245
0.177248
0.334576
0.549253
0.509102
0.399223
0.279737
0.25384
0.232591
0.214833
0.199772
0.186839
0.175612
0.165772
0.157077
0.149335
0.142396
0.136141
0.130472
0.125309
0.120587
0.116251
0.112256
0.108561
0.105135
0.101948
0.0989771
0.0962001
0.0935989
0.0911571
0.0888608
0.0866977
0.279565
0.261434
0.245398
0.231122
0.218335
0.20682
0.196396
0.186927
0.178494
0.17467
0.169129
0.166699
0.163165
0.163414
0.165973
0.166155
0.164714
0.162193
0.158979
0.15534
0.151459
0.147464
0.143442
0.139454
0.13554
0.131727
0.128031
0.124463
0.121028
0.117726
0.114558
0.111521
0.10861
0.105823
0.103153
0.100597
0.0981491
0.0958046
0.0935592
0.091403
0.279607
0.261496
0.24549
0.231255
0.218519
0.207062
0.196704
0.187305
0.178795
0.171266
0.167668
0.161009
0.15219
0.147732
0.143882
0.140446
0.137293
0.134338
0.131531
0.128846
0.126264
0.123775
0.121372
0.119049
0.116803
0.114631
0.112529
0.110496
0.108529
0.106625
0.104781
0.102996
0.101266
0.0995907
0.0979664
0.0963917
0.0948649
0.093385
0.0919523
0.0905606
0.279677
0.261597
0.245636
0.231459
0.218794
0.207419
0.197154
0.187855
0.179419
0.171766
0.16491
0.158601
0.152703
0.147286
0.142298
0.1377
0.133449
0.129508
0.125844
0.122429
0.119239
0.116254
0.113454
0.110825
0.108352
0.106024
0.10383
0.10176
0.0998056
0.0979589
0.0962128
0.094561
0.0929976
0.0915173
0.0901153
0.0887871
0.0875289
0.0863371
0.0852082
0.0841385
0.279795
0.261767
0.245875
0.231782
0.21921
0.207935
0.197773
0.188576
0.180225
0.172622
0.16567
0.159279
0.153381
0.14792
0.142851
0.138136
0.133742
0.129638
0.125796
0.122194
0.118811
0.115628
0.112629
0.109799
0.107126
0.104599
0.102206
0.0999389
0.097789
0.0957487
0.0938114
0.0919707
0.0902211
0.0885575
0.0869753
0.0854703
0.0840387
0.0826768
0.0813807
0.0801462
0.279995
0.262053
0.246281
0.232335
0.219931
0.208833
0.198849
0.189824
0.181629
0.174159
0.167317
0.16102
0.155202
0.14981
0.144797
0.140127
0.135765
0.131683
0.127856
0.12426
0.120875
0.117685
0.114672
0.111824
0.109128
0.106571
0.104145
0.101841
0.0996484
0.0975616
0.0955733
0.0936774
0.0918682
0.0901407
0.0884901
0.0869121
0.0854028
0.0839584
0.0825753
0.081251
0.280396
0.262606
0.246983
0.233178
0.220909
0.20995
0.200108
0.191223
0.183163
0.175816
0.169087
0.162897
0.157181
0.151885
0.146964
0.14238
0.1381
0.134094
0.130339
0.126811
0.123492
0.120362
0.117408
0.114614
0.11197
0.109463
0.107084
0.104823
0.102673
0.100627
0.0986769
0.0968172
0.0950424
0.0933473
0.0917272
0.0901777
0.0886949
0.0872748
0.0859137
0.0846074
0.281147
0.263963
0.249104
0.235993
0.224302
0.213818
0.204362
0.195787
0.187974
0.180825
0.174258
0.168201
0.162597
0.157397
0.152559
0.148048
0.143833
0.139888
0.136187
0.132711
0.129439
0.126356
0.123447
0.120697
0.118096
0.115632
0.113295
0.111077
0.108969
0.106965
0.105058
0.103241
0.10151
0.0998584
0.0982826
0.0967778
0.0953403
0.0939663
0.0926527
0.0913985
0.283238
0.266018
0.251523
0.239084
0.228233
0.218663
0.210135
0.202464
0.195513
0.189179
0.183381
0.178053
0.173139
0.168596
0.164387
0.160481
0.156849
0.153469
0.150319
0.147379
0.144634
0.142068
0.139668
0.137422
0.13532
0.13335
0.131506
0.129777
0.128159
0.126643
0.125224
0.123896
0.122654
0.121494
0.120411
0.119401
0.118461
0.117587
0.116774
0.116016
0.294643
0.282321
0.269031
0.256316
0.244708
0.234199
0.224659
0.21596
0.207993
0.200668
0.193908
0.187648
0.181833
0.176417
0.171359
0.166626
0.162188
0.158018
0.154093
0.150394
0.146901
0.143599
0.140473
0.137511
0.134701
0.132032
0.129495
0.127081
0.124782
0.122592
0.120503
0.118509
0.116605
0.114787
0.113048
0.111385
0.109793
0.10827
0.106813
0.105421
0.297174
0.285582
0.270154
0.253641
0.23775
0.223074
0.209739
0.19772
0.186942
0.177305
0.168703
0.161026
0.154174
0.148057
0.142597
0.137726
0.133383
0.129516
0.126079
0.123031
0.120336
0.117962
0.115882
0.11407
0.112505
0.111167
0.11004
0.109108
0.108359
0.10778
0.107362
0.107095
0.10697
0.106982
0.107124
0.10739
0.107776
0.108279
0.108897
0.109638
0.284148
0.266878
0.251537
0.237874
0.22571
0.214956
0.205482
0.197147
0.189827
0.183422
0.177837
0.172986
0.168792
0.165192
0.162137
0.159584
0.157497
0.15584
0.154584
0.153703
0.153172
0.152971
0.153081
0.153486
0.154172
0.155127
0.156341
0.157805
0.159511
0.161455
0.16363
0.166033
0.168662
0.171516
0.174591
0.17789
0.181412
0.185158
0.189125
0.193297
0.281326
0.263963
0.248431
0.234353
0.221554
0.209937
0.199405
0.189863
0.181222
0.173403
0.166325
0.159909
0.154078
0.148769
0.143933
0.139526
0.135507
0.131843
0.1285
0.12545
0.122668
0.120129
0.117815
0.115706
0.113787
0.112042
0.11046
0.109027
0.107735
0.106573
0.105534
0.10461
0.103795
0.103083
0.102469
0.101948
0.101518
0.101174
0.100915
0.100739
0.280293
0.262382
0.246293
0.231748
0.218571
0.206627
0.195798
0.185976
0.177062
0.168966
0.161602
0.154879
0.148717
0.143055
0.137846
0.133048
0.128623
0.124536
0.120756
0.117257
0.114013
0.111001
0.108201
0.105596
0.103169
0.100907
0.0987954
0.0968234
0.0949804
0.093257
0.0916447
0.0901359
0.0887236
0.0874016
0.0861643
0.0850065
0.0839237
0.0829121
0.0819682
0.0810892
0.279897
0.261826
0.245674
0.231136
0.217999
0.206098
0.195294
0.185472
0.176534
0.168397
0.160973
0.154166
0.147889
0.142089
0.136723
0.131754
0.127146
0.122866
0.118886
0.115179
0.111721
0.108491
0.105468
0.102637
0.0999801
0.0974845
0.0951372
0.0929267
0.0908427
0.0888759
0.0870179
0.085261
0.0835983
0.0820234
0.0805307
0.079115
0.0777715
0.0764962
0.0752852
0.0741354
0.279711
0.261584
0.245435
0.230935
0.217849
0.205995
0.195229
0.185431
0.17651
0.168391
0.160989
0.15418
0.147872
0.142024
0.136601
0.131569
0.126894
0.122545
0.118492
0.114708
0.111171
0.107859
0.104752
0.101834
0.0990885
0.0965027
0.0940636
0.0917601
0.0895819
0.0875198
0.0855655
0.0837113
0.0819505
0.0802767
0.0786842
0.0771678
0.0757228
0.074345
0.0730308
0.0717779
0.279616
0.261469
0.245336
0.230883
0.217863
0.206082
0.195387
0.185655
0.1768
0.16877
0.161492
0.154855
0.148604
0.142789
0.137378
0.132346
0.127664
0.123301
0.119229
0.115422
0.111857
0.108514
0.105372
0.102416
0.0996307
0.0970015
0.0945167
0.0921651
0.0899368
0.0878229
0.085815
0.0839058
0.0820886
0.0803571
0.0787057
0.0771294
0.0756233
0.0741833
0.0728057
0.0714875
0.279567
0.261412
0.245298
0.23089
0.21793
0.206219
0.195595
0.185933
0.177159
0.169324
0.162352
0.158717
0.149386
0.143633
0.138259
0.13325
0.128579
0.124217
0.120138
0.116319
0.112736
0.10937
0.106203
0.103218
0.100402
0.0977408
0.0952226
0.0928367
0.0905735
0.0884241
0.0863806
0.0844356
0.0825826
0.0808154
0.0791284
0.0775167
0.0759753
0.0745002
0.0730877
0.0717367
0.279542
0.261387
0.245293
0.230923
0.218017
0.20637
0.19582
0.186242
0.177565
0.173317
0.166282
0.1606
0.154361
0.147355
0.142006
0.137039
0.132423
0.128123
0.12411
0.120359
0.116846
0.113549
0.11045
0.107532
0.10478
0.10218
0.0997202
0.0973901
0.0951796
0.0930798
0.0910826
0.0891808
0.0873676
0.0856371
0.0839837
0.0824023
0.0808882
0.0794369
0.0780445
0.0767089
0.279536
0.261384
0.245308
0.230971
0.21811
0.206517
0.196027
0.186508
0.181838
0.17495
0.177024
0.178833
0.170307
0.168698
0.186387
0.176852
0.168398
0.16084
0.154035
0.147869
0.14225
0.137105
0.132374
0.128005
0.123958
0.120196
0.116688
0.11341
0.110338
0.107454
0.104739
0.102179
0.0997617
0.0974743
0.0953069
0.0932504
0.0912967
0.0894388
0.0876711
0.0859925
0.279543
0.261399
0.245341
0.231033
0.218209
0.206654
0.196196
0.18669
0.182248
0.177298
0.336615
0.554773
0.535197
0.404218
0.279739
0.253845
0.2326
0.214848
0.199792
0.186866
0.175645
0.165814
0.157126
0.149393
0.142463
0.136217
0.130556
0.125402
0.120689
0.116362
0.112375
0.10869
0.105272
0.102094
0.0991311
0.0963622
0.0937688
0.0913347
0.0890457
0.0868896
0.279565
0.261434
0.245398
0.231122
0.218335
0.20682
0.196396
0.186927
0.178494
0.174677
0.169152
0.166685
0.162703
0.16342
0.165982
0.166163
0.164721
0.1622
0.158987
0.155348
0.151467
0.147473
0.143453
0.139467
0.135555
0.131744
0.128052
0.124487
0.121055
0.117757
0.114593
0.111559
0.108653
0.10587
0.103205
0.100653
0.0982101
0.0958703
0.0936297
0.0914785
0.279607
0.261496
0.24549
0.231255
0.218519
0.207062
0.196704
0.187305
0.178795
0.171266
0.167673
0.161017
0.152191
0.147734
0.143885
0.14045
0.137298
0.134343
0.131537
0.128851
0.12627
0.12378
0.121377
0.119053
0.116807
0.114634
0.112532
0.110499
0.108531
0.106627
0.104784
0.102999
0.101269
0.0995942
0.0979705
0.0963965
0.0948705
0.0933916
0.09196
0.0905697
0.279677
0.261597
0.245636
0.231459
0.218794
0.207419
0.197154
0.187855
0.17942
0.171766
0.16491
0.158601
0.152703
0.147286
0.142299
0.137701
0.13345
0.12951
0.125846
0.122431
0.119241
0.116256
0.113456
0.110827
0.108354
0.106026
0.103832
0.101762
0.0998077
0.0979608
0.0962146
0.0945627
0.0929991
0.0915186
0.0901163
0.0887879
0.0875295
0.0863376
0.0852084
0.0841386
0.279795
0.261767
0.245875
0.231782
0.21921
0.207935
0.197773
0.188576
0.180225
0.172622
0.16567
0.159279
0.153381
0.14792
0.142851
0.138137
0.133742
0.129638
0.125797
0.122195
0.118811
0.115628
0.112629
0.1098
0.107127
0.104599
0.102207
0.0999396
0.0977897
0.0957495
0.0938122
0.0919716
0.090222
0.0885585
0.0869763
0.0854713
0.0840397
0.0826778
0.0813817
0.0801473
0.279995
0.262053
0.246281
0.232335
0.219931
0.208833
0.198849
0.189824
0.181629
0.174159
0.167317
0.16102
0.155202
0.14981
0.144797
0.140127
0.135765
0.131684
0.127856
0.12426
0.120875
0.117685
0.114673
0.111824
0.109128
0.106572
0.104146
0.101841
0.0996487
0.0975619
0.0955737
0.0936778
0.0918686
0.0901411
0.0884906
0.0869126
0.0854033
0.083959
0.0825759
0.0812516
0.280396
0.262606
0.246983
0.233178
0.220909
0.20995
0.200108
0.191223
0.183163
0.175816
0.169087
0.162897
0.157181
0.151885
0.146964
0.14238
0.1381
0.134095
0.130339
0.126811
0.123492
0.120362
0.117408
0.114614
0.11197
0.109463
0.107084
0.104823
0.102674
0.100627
0.098677
0.0968174
0.0950425
0.0933474
0.0917273
0.0901779
0.088695
0.087275
0.0859139
0.0846076
0.281147
0.263963
0.249104
0.235993
0.224302
0.213818
0.204362
0.195787
0.187974
0.180825
0.174258
0.168201
0.162597
0.157397
0.152559
0.148048
0.143833
0.139888
0.136187
0.132711
0.129439
0.126356
0.123447
0.120697
0.118096
0.115632
0.113295
0.111077
0.108969
0.106965
0.105058
0.103241
0.10151
0.0998585
0.0982827
0.096778
0.0953404
0.0939664
0.0926528
0.0913987
0.283238
0.266018
0.251523
0.239084
0.228233
0.218663
0.210135
0.202464
0.195513
0.189179
0.183381
0.178053
0.173139
0.168596
0.164387
0.160481
0.156849
0.153469
0.150319
0.147379
0.144634
0.142068
0.139668
0.137422
0.13532
0.13335
0.131506
0.129777
0.128159
0.126643
0.125224
0.123896
0.122654
0.121494
0.120411
0.119401
0.118461
0.117587
0.116774
0.116016
0.294643
0.282321
0.269031
0.256316
0.244708
0.234199
0.224659
0.21596
0.207993
0.200668
0.193908
0.187648
0.181833
0.176417
0.171359
0.166626
0.162188
0.158018
0.154093
0.150394
0.146901
0.143599
0.140473
0.137511
0.134701
0.132032
0.129495
0.127081
0.124782
0.122592
0.120503
0.118509
0.116605
0.114787
0.113048
0.111385
0.109793
0.10827
0.106813
0.105421
0.297174
0.285582
0.270154
0.253641
0.23775
0.223074
0.209739
0.19772
0.186941
0.177304
0.168701
0.161024
0.154172
0.148055
0.142596
0.137726
0.133384
0.129519
0.126084
0.123038
0.120346
0.117974
0.115897
0.114088
0.112526
0.111192
0.110069
0.109142
0.108397
0.107824
0.107411
0.107149
0.107031
0.10705
0.107198
0.107472
0.107866
0.108376
0.109004
0.109754
0.284148
0.266878
0.251537
0.237874
0.22571
0.214956
0.205482
0.197146
0.189825
0.183419
0.177833
0.172981
0.168788
0.165189
0.162136
0.159586
0.157502
0.155849
0.154597
0.15372
0.153194
0.152998
0.153114
0.153525
0.154218
0.15518
0.156402
0.157874
0.15959
0.161543
0.163728
0.166143
0.168784
0.17165
0.17474
0.178053
0.181591
0.185353
0.189338
0.193529
0.281326
0.263963
0.248431
0.234353
0.221554
0.209937
0.199405
0.189861
0.181219
0.173398
0.166318
0.159899
0.154065
0.148755
0.143918
0.13951
0.135491
0.131825
0.128482
0.125431
0.122648
0.120109
0.117793
0.115684
0.113763
0.112017
0.110433
0.108999
0.107705
0.106542
0.105501
0.104575
0.103758
0.103043
0.102427
0.101904
0.10147
0.101124
0.100862
0.100682
0.280293
0.262382
0.246293
0.231748
0.218571
0.206627
0.195798
0.185975
0.177059
0.168962
0.161594
0.154868
0.148705
0.143042
0.137833
0.133035
0.12861
0.124523
0.120744
0.117245
0.114001
0.110989
0.10819
0.105586
0.103159
0.100897
0.0987862
0.0968146
0.0949721
0.0932491
0.0916373
0.0901289
0.0887171
0.0873956
0.0861587
0.0850013
0.083919
0.0829077
0.0819642
0.0810854
0.279897
0.261826
0.245674
0.231136
0.217999
0.206098
0.195294
0.185471
0.176532
0.168391
0.160963
0.154151
0.147871
0.142069
0.136703
0.131733
0.127125
0.122847
0.118867
0.115161
0.111703
0.108474
0.105452
0.102621
0.0999656
0.0974708
0.0951244
0.0929149
0.090832
0.0888663
0.0870094
0.0852536
0.0835921
0.0820185
0.0805271
0.0791126
0.0777705
0.0764966
0.075287
0.0741386
0.279711
0.261584
0.245435
0.230935
0.217849
0.205995
0.195229
0.185431
0.176508
0.168383
0.160974
0.154159
0.147849
0.142002
0.136582
0.131552
0.126879
0.122532
0.118482
0.114701
0.111167
0.107858
0.104754
0.101839
0.0990975
0.0965152
0.0940797
0.0917799
0.0896054
0.0875471
0.0855966
0.0837463
0.0819894
0.0803196
0.0787311
0.0772187
0.0757778
0.0744041
0.0730941
0.0718451
0.279616
0.261469
0.245336
0.230883
0.217863
0.206082
0.195387
0.185655
0.176797
0.168758
0.161462
0.154806
0.148548
0.142731
0.137322
0.132293
0.127613
0.123251
0.119181
0.115375
0.111812
0.10847
0.10533
0.102376
0.0995916
0.0969644
0.0944818
0.0921327
0.0899072
0.0877963
0.0857917
0.0838861
0.0820727
0.0803453
0.0786983
0.0771266
0.0756254
0.0741906
0.0728182
0.0715054
0.279567
0.261412
0.245298
0.23089
0.21793
0.206219
0.195595
0.185932
0.177152
0.169291
0.162278
0.158642
0.149315
0.143574
0.138215
0.133224
0.128572
0.124231
0.120174
0.116377
0.112817
0.109475
0.106332
0.103371
0.100579
0.0979426
0.095449
0.0930878
0.0908494
0.0887249
0.0867064
0.0847865
0.0829586
0.0812166
0.0795551
0.0779688
0.0764529
0.0750034
0.0736163
0.0722903
0.279542
0.261387
0.245293
0.230922
0.218016
0.20637
0.195818
0.186238
0.17755
0.173288
0.166174
0.160425
0.154231
0.147217
0.141974
0.137083
0.132516
0.128244
0.124243
0.120488
0.11696
0.113639
0.110509
0.107554
0.104762
0.102119
0.099615
0.09724
0.0949847
0.0928411
0.0908015
0.0888592
0.087008
0.0852421
0.0835563
0.0819457
0.0804057
0.0789319
0.0775198
0.076167
0.279535
0.261384
0.245308
0.230971
0.21811
0.206517
0.196026
0.186503
0.181821
0.174768
0.17629
0.178058
0.170179
0.169368
0.190136
0.181719
0.174003
0.166931
0.160437
0.154458
0.148937
0.143823
0.139074
0.134652
0.130523
0.12666
0.123038
0.119633
0.116428
0.113405
0.110548
0.107846
0.105285
0.102855
0.100547
0.0983527
0.0962636
0.0942729
0.0923739
0.0905608
0.279543
0.261399
0.245342
0.231034
0.21821
0.206656
0.196198
0.186693
0.182244
0.17719
0.333105
0.544769
0.502815
0.394142
0.278707
0.25346
0.232768
0.215485
0.200831
0.188245
0.177314
0.167728
0.159247
0.151686
0.144901
0.138774
0.133212
0.128138
0.123489
0.119212
0.115263
0.111604
0.108206
0.105039
0.102081
0.0993164
0.0967258
0.0942937
0.0920068
0.089855
0.279565
0.261434
0.245399
0.231122
0.218337
0.206823
0.196401
0.186935
0.178497
0.174667
0.16913
0.166837
0.163576
0.164202
0.166703
0.166953
0.165637
0.163262
0.160198
0.156703
0.152959
0.149092
0.145189
0.141311
0.137499
0.133781
0.130174
0.126688
0.123329
0.120099
0.116996
0.11402
0.111166
0.10843
0.105809
0.103297
0.10089
0.0985835
0.0963732
0.0942517
0.279607
0.261496
0.245491
0.231256
0.218521
0.207065
0.19671
0.187313
0.1788
0.171255
0.167659
0.161009
0.152176
0.147717
0.143832
0.140345
0.137143
0.134151
0.131324
0.128634
0.126063
0.1236
0.121234
0.118959
0.116771
0.114665
0.112636
0.110682
0.108798
0.106982
0.105231
0.103541
0.10191
0.100336
0.0988148
0.0973453
0.0959253
0.0945539
0.0932311
0.0919544
0.279677
0.261598
0.245637
0.23146
0.218796
0.207422
0.197158
0.18786
0.179423
0.171763
0.164892
0.15857
0.152665
0.147242
0.142247
0.137636
0.133369
0.129409
0.125723
0.122283
0.119068
0.116056
0.11323
0.110575
0.108077
0.105725
0.103508
0.101416
0.0994413
0.097576
0.0958131
0.0941463
0.09257
0.091079
0.0896685
0.0883344
0.0870729
0.0858807
0.0847544
0.0836917
0.279795
0.261767
0.245875
0.231782
0.219211
0.207937
0.197775
0.188578
0.180227
0.172621
0.165664
0.15927
0.153369
0.147907
0.142836
0.13812
0.133724
0.129616
0.125772
0.122166
0.118778
0.11559
0.112586
0.109751
0.107071
0.104536
0.102135
0.0998594
0.0976999
0.0956492
0.0937005
0.0918477
0.0900851
0.0884075
0.0868104
0.0852895
0.083841
0.0824613
0.0811463
0.0798922
0.279995
0.262054
0.246281
0.232336
0.219931
0.208833
0.19885
0.189824
0.181628
0.174155
0.16731
0.16101
0.155189
0.149795
0.14478
0.140108
0.135745
0.131661
0.127832
0.124234
0.120848
0.117655
0.11464
0.11179
0.109091
0.106532
0.104102
0.101794
0.0995979
0.0975069
0.0955141
0.0936133
0.0917988
0.0900654
0.0884085
0.0868238
0.0853072
0.083855
0.0824636
0.0811302
0.280396
0.262606
0.246983
0.233178
0.220909
0.20995
0.200108
0.191223
0.183162
0.175814
0.169085
0.162894
0.157177
0.15188
0.146959
0.142375
0.138094
0.134089
0.130334
0.126806
0.123486
0.120356
0.117401
0.114608
0.111962
0.109455
0.107075
0.104814
0.102663
0.100616
0.0986644
0.0968034
0.0950271
0.0933303
0.0917084
0.0901571
0.0886721
0.0872498
0.0858863
0.0845774
0.281147
0.263963
0.249104
0.235994
0.224302
0.213818
0.204362
0.195786
0.187972
0.180823
0.174254
0.168197
0.162592
0.157391
0.152553
0.148042
0.143827
0.139881
0.136181
0.132704
0.129433
0.126349
0.12344
0.12069
0.118088
0.115623
0.113286
0.111067
0.108959
0.106955
0.105046
0.103229
0.101497
0.0998442
0.0982672
0.0967613
0.0953224
0.093947
0.092632
0.0913761
0.283239
0.266018
0.251524
0.239085
0.228233
0.218663
0.210135
0.202463
0.195512
0.189178
0.183379
0.17805
0.173136
0.168593
0.164385
0.160479
0.156848
0.153468
0.150317
0.147378
0.144633
0.142067
0.139668
0.137422
0.135319
0.13335
0.131505
0.129777
0.128158
0.126642
0.125222
0.123894
0.122652
0.121491
0.120408
0.119398
0.118457
0.117581
0.116768
0.116009
0.294643
0.282321
0.269031
0.256316
0.244708
0.234199
0.224659
0.21596
0.207993
0.200668
0.193907
0.187647
0.181832
0.176416
0.171359
0.166626
0.162187
0.158017
0.154093
0.150393
0.1469
0.143598
0.140472
0.13751
0.1347
0.132031
0.129493
0.127079
0.12478
0.122589
0.1205
0.118506
0.116602
0.114782
0.113043
0.11138
0.109788
0.108264
0.106806
0.105414
0.297174
0.285582
0.270154
0.253641
0.23775
0.223074
0.209739
0.197719
0.18694
0.177302
0.168698
0.16102
0.154168
0.148052
0.142594
0.137726
0.133387
0.129525
0.126093
0.123052
0.120363
0.117997
0.115925
0.114122
0.112566
0.111239
0.110124
0.109205
0.108468
0.107904
0.107501
0.10725
0.107143
0.107173
0.107334
0.107621
0.108029
0.108554
0.109197
0.109964
0.284148
0.266878
0.251537
0.237874
0.22571
0.214955
0.205481
0.197144
0.189822
0.183414
0.177826
0.172974
0.16878
0.165184
0.162135
0.15959
0.157511
0.155865
0.15462
0.153751
0.153234
0.153048
0.153174
0.153597
0.154302
0.155277
0.156513
0.158
0.159732
0.161702
0.163906
0.166341
0.169003
0.171891
0.175004
0.178343
0.181907
0.185698
0.189714
0.193937
0.281326
0.263963
0.248431
0.234353
0.221554
0.209937
0.199404
0.189859
0.181215
0.17339
0.166305
0.159881
0.154043
0.14873
0.14389
0.13948
0.13546
0.131793
0.128448
0.125396
0.122611
0.120071
0.117754
0.115643
0.113721
0.111973
0.110387
0.10895
0.107654
0.106488
0.105444
0.104515
0.103694
0.102977
0.102356
0.101829
0.101391
0.10104
0.100772
0.100587
0.280293
0.262382
0.246293
0.231748
0.218571
0.206627
0.195798
0.185973
0.177055
0.168953
0.161581
0.154849
0.148682
0.143018
0.137809
0.133011
0.128586
0.1245
0.120722
0.117223
0.11398
0.110969
0.108171
0.105567
0.103142
0.100881
0.0987703
0.0967995
0.0949577
0.0932355
0.0916243
0.0901166
0.0887054
0.0873845
0.0861481
0.0849912
0.0839094
0.0828985
0.0819551
0.0810766
0.279897
0.261826
0.245674
0.231136
0.217999
0.206098
0.195294
0.185469
0.176527
0.16838
0.160943
0.154122
0.147837
0.142033
0.136665
0.131696
0.127089
0.122811
0.118834
0.115129
0.111674
0.108446
0.105426
0.102597
0.0999437
0.097451
0.0951066
0.0928991
0.0908182
0.0888546
0.0869997
0.0852461
0.0835867
0.0820153
0.080526
0.0791138
0.077774
0.0765023
0.075295
0.074149
0.279711
0.261584
0.245435
0.230935
0.217849
0.205996
0.195229
0.18543
0.176503
0.16837
0.160945
0.15412
0.147807
0.141961
0.136543
0.131518
0.126851
0.122509
0.118464
0.114689
0.111161
0.107858
0.10476
0.101852
0.0991161
0.09654
0.0941107
0.091817
0.0896486
0.0875964
0.085652
0.0838078
0.0820569
0.0803932
0.0788107
0.0773045
0.0758697
0.0745021
0.0731981
0.0719554
0.279616
0.261469
0.245336
0.230883
0.217863
0.206082
0.195387
0.185655
0.176792
0.168736
0.161408
0.154718
0.148447
0.142626
0.137221
0.132199
0.127526
0.123171
0.119106
0.115306
0.111748
0.108411
0.105276
0.102327
0.099549
0.0969276
0.094451
0.0921083
0.0898894
0.0877854
0.0857881
0.0838901
0.0820847
0.0803656
0.0787274
0.0771647
0.075673
0.0742478
0.0728854
0.0715829
0.279567
0.261412
0.245298
0.230889
0.21793
0.206218
0.195595
0.185931
0.177141
0.169232
0.162141
0.158502
0.149176
0.143453
0.138135
0.133197
0.128603
0.124319
0.120318
0.116574
0.113064
0.109769
0.10667
0.103751
0.100998
0.0983982
0.0959398
0.0936122
0.0914061
0.0893128
0.0873244
0.0854339
0.0836348
0.0819211
0.0802874
0.0787286
0.0772401
0.0758177
0.0744573
0.0731581
0.279542
0.261387
0.245292
0.230922
0.218016
0.206368
0.195816
0.18623
0.177524
0.173234
0.165924
0.159934
0.153745
0.146782
0.141619
0.136748
0.132179
0.127901
0.123893
0.120137
0.116612
0.1133
0.110185
0.107252
0.104486
0.101876
0.099412
0.0970825
0.0948786
0.0927917
0.0908137
0.0889376
0.0871566
0.0854647
0.0838561
0.0823256
0.0808681
0.0794787
0.0781519
0.0768843
0.279535
0.261384
0.245308
0.23097
0.218109
0.206516
0.196023
0.186495
0.181788
0.174356
0.174097
0.175456
0.169815
0.171531
0.214936
0.202316
0.191354
0.181722
0.173179
0.165539
0.158658
0.152421
0.146737
0.14153
0.13674
0.132314
0.128209
0.124389
0.120824
0.117487
0.114357
0.111414
0.108642
0.106026
0.103552
0.101211
0.098991
0.0968832
0.0948788
0.0929681
0.279543
0.261399
0.245342
0.231034
0.218211
0.206658
0.196202
0.186701
0.182232
0.176922
0.320637
0.511203
0.480203
0.413321
0.313932
0.285977
0.262961
0.24366
0.22724
0.213094
0.200778
0.189954
0.180364
0.171805
0.164119
0.157177
0.150876
0.145129
0.139867
0.135032
0.130572
0.126447
0.122621
0.119064
0.115749
0.112652
0.109751
0.107029
0.10447
0.10206
0.279565
0.261434
0.245399
0.231123
0.218339
0.206828
0.196412
0.186951
0.178502
0.174628
0.168957
0.167049
0.16467
0.1631
0.165752
0.166199
0.16515
0.163116
0.160446
0.15738
0.15408
0.150659
0.147195
0.143742
0.140337
0.137006
0.133764
0.13062
0.127582
0.124651
0.121829
0.119113
0.116501
0.113991
0.111579
0.109261
0.107034
0.104894
0.10284
0.100874
0.279607
0.261496
0.245491
0.231257
0.218524
0.207071
0.19672
0.187328
0.17881
0.17123
0.167617
0.160949
0.152043
0.147402
0.143315
0.139607
0.136178
0.132966
0.129933
0.127058
0.124327
0.12173
0.119261
0.116912
0.114678
0.112554
0.110535
0.108615
0.10679
0.105055
0.103405
0.101835
0.100343
0.0989231
0.0975721
0.0962865
0.0950635
0.0939011
0.0927983
0.0917569
0.279677
0.261598
0.245637
0.231461
0.218798
0.207426
0.197165
0.187868
0.179428
0.171756
0.164859
0.15851
0.152585
0.14714
0.142119
0.137474
0.133163
0.129148
0.1254
0.121892
0.118601
0.115509
0.112599
0.109856
0.107267
0.104821
0.102509
0.100321
0.0982487
0.0962857
0.0944253
0.0926616
0.0909891
0.0894031
0.0878993
0.0864738
0.0851231
0.0838443
0.0826344
0.0814922
0.279795
0.261767
0.245876
0.231783
0.219213
0.20794
0.197779
0.188583
0.180229
0.172618
0.165654
0.159253
0.153345
0.147878
0.142804
0.138084
0.133684
0.129572
0.125722
0.12211
0.118714
0.115518
0.112503
0.109655
0.106962
0.104412
0.101994
0.0996986
0.0975182
0.0954447
0.0934711
0.0915913
0.0897994
0.0880903
0.0864594
0.0849022
0.083415
0.0819941
0.0806356
0.0793359
0.279995
0.262054
0.246281
0.232336
0.219933
0.208835
0.198851
0.189825
0.181626
0.174149
0.167298
0.160992
0.155166
0.149767
0.144749
0.140073
0.135707
0.13162
0.127788
0.124187
0.120798
0.117602
0.114583
0.111728
0.109024
0.10646
0.104025
0.10171
0.0995065
0.0974078
0.0954066
0.0934966
0.0916723
0.0899283
0.08826
0.086663
0.0851332
0.083667
0.0822606
0.0809114
0.280397
0.262607
0.246984
0.233179
0.22091
0.209951
0.200109
0.191223
0.183161
0.175811
0.16908
0.162887
0.157168
0.151871
0.146949
0.142365
0.138085
0.13408
0.130324
0.126797
0.123476
0.120346
0.117391
0.114597
0.111951
0.109442
0.107061
0.104798
0.102646
0.100597
0.0986433
0.09678
0.0950011
0.0933015
0.0916764
0.0901216
0.088633
0.0872067
0.085839
0.0845257
0.281147
0.263963
0.249105
0.235994
0.224302
0.213817
0.204361
0.195785
0.18797
0.180818
0.174248
0.168189
0.162583
0.157381
0.152542
0.148031
0.143816
0.13987
0.136169
0.132693
0.129421
0.126337
0.123427
0.120677
0.118075
0.115609
0.113271
0.111052
0.108943
0.106937
0.105027
0.103208
0.101474
0.0998199
0.0982409
0.0967329
0.0952917
0.0939139
0.0925963
0.0913376
0.283239
0.266018
0.251524
0.239085
0.228233
0.218663
0.210134
0.202462
0.195509
0.189175
0.183375
0.178046
0.173131
0.168589
0.16438
0.160475
0.156844
0.153465
0.150315
0.147376
0.144632
0.142066
0.139667
0.137421
0.135319
0.133349
0.131505
0.129776
0.128157
0.12664
0.12522
0.123891
0.122649
0.121487
0.120402
0.119391
0.118449
0.117572
0.116757
0.115997
0.294643
0.282321
0.269031
0.256316
0.244708
0.234199
0.224659
0.21596
0.207992
0.200667
0.193907
0.187647
0.181832
0.176415
0.171358
0.166625
0.162187
0.158017
0.154092
0.150392
0.146899
0.143597
0.140471
0.137509
0.134698
0.132028
0.129491
0.127076
0.124777
0.122585
0.120495
0.118501
0.116596
0.114776
0.113036
0.111371
0.109778
0.108254
0.106795
0.105401
0.297174
0.285582
0.270154
0.253641
0.23775
0.223074
0.209738
0.197718
0.186938
0.1773
0.168694
0.161016
0.154164
0.148049
0.142592
0.137727
0.133391
0.129533
0.126106
0.123069
0.120386
0.118026
0.115961
0.114166
0.112619
0.111301
0.110195
0.109286
0.108561
0.108009
0.107618
0.107381
0.107289
0.107334
0.107512
0.107817
0.108244
0.10879
0.109454
0.110244
0.284148
0.266878
0.251537
0.237874
0.22571
0.214955
0.20548
0.197141
0.189818
0.183407
0.177817
0.172964
0.168771
0.165178
0.162134
0.159595
0.157523
0.155885
0.15465
0.153792
0.153286
0.153112
0.153252
0.153689
0.15441
0.155402
0.156656
0.158163
0.159916
0.161909
0.164138
0.166599
0.169289
0.172208
0.175354
0.178727
0.182328
0.186158
0.190215
0.194484
0.281326
0.263963
0.248431
0.234353
0.221554
0.209936
0.199403
0.189856
0.181209
0.173379
0.166288
0.159857
0.154014
0.148698
0.143855
0.139442
0.13542
0.131751
0.128404
0.12535
0.122563
0.120021
0.117701
0.115588
0.113662
0.111912
0.110322
0.108882
0.107582
0.106411
0.105363
0.104429
0.103602
0.102879
0.102252
0.101718
0.101273
0.100913
0.100637
0.100442
0.280293
0.262382
0.246294
0.231748
0.218571
0.206627
0.195797
0.185971
0.17705
0.168943
0.161563
0.154825
0.148654
0.142988
0.137777
0.132979
0.128555
0.124469
0.120692
0.117194
0.113951
0.110941
0.108143
0.10554
0.103115
0.100855
0.0987449
0.0967747
0.0949335
0.0932119
0.0916014
0.0900942
0.0886836
0.0873632
0.0861273
0.0849709
0.0838894
0.0828788
0.0819356
0.081057
0.279897
0.261826
0.245674
0.231136
0.218
0.206098
0.195293
0.185468
0.176522
0.168367
0.160918
0.154087
0.147796
0.141988
0.136619
0.131649
0.127042
0.122765
0.118789
0.115086
0.111632
0.108406
0.105388
0.102562
0.0999102
0.0974198
0.0950779
0.0928729
0.0907945
0.0888336
0.0869815
0.0852307
0.0835742
0.0820057
0.0805195
0.0791104
0.0777737
0.0765052
0.075301
0.0741583
0.279711
0.261584
0.245434
0.230935
0.217849
0.205996
0.195229
0.185429
0.176498
0.168353
0.160911
0.154072
0.147754
0.141907
0.136491
0.131468
0.126804
0.122466
0.118425
0.114655
0.111132
0.107834
0.104742
0.101839
0.0991094
0.0965394
0.0941164
0.091829
0.0896671
0.0876214
0.0856836
0.0838461
0.082102
0.0804451
0.0788695
0.0773701
0.0759423
0.0745817
0.0732847
0.0720489
0.279616
0.261469
0.245336
0.230883
0.217863
0.206082
0.195387
0.185654
0.176786
0.16871
0.161344
0.154615
0.148327
0.142497
0.137089
0.132068
0.127399
0.123049
0.11899
0.115197
0.111647
0.108318
0.105193
0.102253
0.0994848
0.0968739
0.0944083
0.0920769
0.0898698
0.0877779
0.0857931
0.083908
0.0821159
0.0804106
0.0787865
0.0772384
0.0757617
0.074352
0.0730055
0.0717195
0.279566
0.261412
0.245298
0.230889
0.217929
0.206218
0.195594
0.185929
0.17713
0.169166
0.161975
0.158329
0.14893
0.143201
0.137881
0.132942
0.128351
0.124072
0.120077
0.116339
0.112836
0.109548
0.106457
0.103547
0.100803
0.0982123
0.0957642
0.0934481
0.0912545
0.0891751
0.087202
0.0853282
0.0835472
0.0818533
0.0802408
0.0787049
0.0772409
0.0758445
0.0745118
0.0732417
0.279542
0.261387
0.245292
0.230922
0.218015
0.206367
0.195813
0.186222
0.177494
0.173172
0.165587
0.15915
0.152833
0.145221
0.140132
0.135371
0.130924
0.126772
0.122891
0.11926
0.115859
0.11267
0.109677
0.106865
0.10423
0.101766
0.0994563
0.0972852
0.0952401
0.0933101
0.0914855
0.0897577
0.0881192
0.0865634
0.0850843
0.0836765
0.0823351
0.0810554
0.0798329
0.0786665
0.279535
0.261384
0.245308
0.23097
0.218109
0.206515
0.19602
0.186485
0.181752
0.173769
0.170307
0.169778
0.166164
0.166038
0.200495
0.190228
0.18119
0.173161
0.165971
0.159481
0.153584
0.148193
0.143239
0.138664
0.134411
0.130436
0.126712
0.123215
0.119926
0.116827
0.113901
0.111135
0.108516
0.106034
0.103678
0.101438
0.0993057
0.0972734
0.095334
0.09348
0.279543
0.261399
0.245342
0.231035
0.218212
0.206661
0.196208
0.18671
0.182214
0.176412
0.273261
0.692159
0.856473
0.514369
0.276074
0.260216
0.245641
0.232335
0.220229
0.209224
0.199217
0.190108
0.181802
0.174215
0.167271
0.160902
0.155048
0.149655
0.144676
0.14007
0.135801
0.13183
0.128119
0.124647
0.121392
0.118334
0.115458
0.112752
0.110206
0.107827
0.279565
0.261435
0.245399
0.231125
0.218343
0.206835
0.196426
0.186972
0.178508
0.174523
0.168159
0.166059
0.161528
0.152405
0.148745
0.145497
0.142522
0.139731
0.137066
0.134496
0.131999
0.129566
0.127188
0.124851
0.122557
0.120311
0.118114
0.115971
0.113883
0.111852
0.10988
0.107967
0.106113
0.104319
0.102584
0.100907
0.0992883
0.0977277
0.096228
0.0948003
0.279607
0.261496
0.245492
0.231259
0.218528
0.207079
0.196733
0.187347
0.178824
0.171199
0.167539
0.160778
0.151702
0.146493
0.141692
0.137263
0.133162
0.129347
0.125784
0.122447
0.119314
0.116368
0.113596
0.110997
0.108556
0.10626
0.1041
0.102063
0.100141
0.0983249
0.0966079
0.0949838
0.0934468
0.0919919
0.0906144
0.0893103
0.0880763
0.0869097
0.085809
0.0847769
0.279677
0.261598
0.245638
0.231463
0.218802
0.207432
0.197174
0.18788
0.179436
0.171749
0.16482
0.158437
0.152472
0.146967
0.14187
0.137138
0.132732
0.12862
0.124772
0.121164
0.117774
0.114583
0.111575
0.108735
0.10605
0.103509
0.101101
0.0988168
0.0966496
0.0945916
0.0926356
0.0907753
0.0890049
0.0873192
0.0857134
0.0841832
0.0827247
0.0813344
0.0800086
0.0787438
0.279795
0.261768
0.245877
0.231785
0.219216
0.207944
0.197785
0.188588
0.180233
0.172615
0.165642
0.159232
0.153316
0.147839
0.142756
0.138025
0.133613
0.129489
0.125625
0.121998
0.118587
0.115373
0.112341
0.109474
0.106761
0.10419
0.101749
0.0994306
0.0972251
0.0951251
0.0931237
0.0912146
0.0893921
0.0876508
0.0859861
0.0843935
0.082869
0.0814088
0.0800093
0.0786669
0.279995
0.262054
0.246282
0.232337
0.219934
0.208837
0.198853
0.189825
0.181624
0.174141
0.167284
0.160971
0.155138
0.149733
0.144709
0.140028
0.135657
0.131566
0.127729
0.124124
0.12073
0.117529
0.114505
0.111645
0.108936
0.106365
0.103924
0.101603
0.0993928
0.0972868
0.0952779
0.0933597
0.0915267
0.0897735
0.0880954
0.086488
0.0849473
0.0834695
0.082051
0.0806887
0.280397
0.262607
0.246984
0.233179
0.220911
0.209952
0.20011
0.191224
0.18316
0.175808
0.169073
0.162878
0.157158
0.15186
0.146938
0.142353
0.138073
0.134067
0.130312
0.126783
0.123462
0.120332
0.117375
0.11458
0.111932
0.109422
0.107039
0.104775
0.10262
0.100568
0.0986113
0.0967447
0.0949622
0.0932587
0.0916295
0.0900701
0.0885767
0.0871452
0.0857722
0.0844534
0.281148
0.263963
0.249105
0.235994
0.224303
0.213817
0.20436
0.195783
0.187966
0.180812
0.17424
0.168179
0.162572
0.157369
0.152529
0.148018
0.143802
0.139856
0.136155
0.132678
0.129406
0.126322
0.123412
0.120661
0.118058
0.115592
0.113253
0.111033
0.108923
0.106915
0.105005
0.103184
0.101448
0.0997922
0.0982112
0.0967009
0.0952574
0.0938771
0.0925568
0.0912951
0.283239
0.266018
0.251524
0.239085
0.228233
0.218662
0.210133
0.20246
0.195507
0.189171
0.18337
0.17804
0.173125
0.168583
0.164375
0.16047
0.15684
0.153461
0.150312
0.147374
0.14463
0.142065
0.139666
0.137421
0.135318
0.133349
0.131504
0.129775
0.128156
0.126639
0.125218
0.123888
0.122644
0.121481
0.120395
0.119382
0.118438
0.11756
0.116743
0.115981
0.294643
0.282321
0.269031
0.256316
0.244708
0.234199
0.224659
0.215959
0.207992
0.200667
0.193906
0.187646
0.181831
0.176414
0.171357
0.166624
0.162186
0.158016
0.154091
0.150391
0.146898
0.143596
0.140469
0.137507
0.134696
0.132026
0.129488
0.127073
0.124773
0.122581
0.12049
0.118494
0.116589
0.114768
0.113026
0.111361
0.109767
0.108241
0.106781
0.105386
0.297174
0.285582
0.270155
0.253642
0.23775
0.223074
0.209738
0.197717
0.186936
0.177297
0.168691
0.161011
0.154159
0.148045
0.142591
0.137727
0.133395
0.129541
0.126119
0.123087
0.120411
0.118058
0.116
0.114212
0.112674
0.111365
0.110269
0.109371
0.108658
0.108118
0.107741
0.107518
0.107441
0.107503
0.107698
0.108021
0.108467
0.109033
0.109719
0.110531
0.284148
0.266878
0.251537
0.237874
0.225709
0.214955
0.205479
0.197139
0.189813
0.1834
0.177808
0.172953
0.168762
0.165172
0.162133
0.1596
0.157536
0.155907
0.154682
0.153834
0.15334
0.153179
0.153333
0.153785
0.154522
0.155532
0.156805
0.158332
0.160107
0.162123
0.164376
0.166863
0.169582
0.17253
0.175708
0.179115
0.182752
0.18662
0.190718
0.19503
0.281326
0.263964
0.248431
0.234353
0.221554
0.209936
0.199401
0.189853
0.181202
0.173368
0.16627
0.159833
0.153985
0.148664
0.143819
0.139404
0.135379
0.131708
0.128359
0.125303
0.122514
0.11997
0.117648
0.115532
0.113604
0.11185
0.110257
0.108814
0.107509
0.106335
0.105281
0.104342
0.103511
0.102781
0.102148
0.101607
0.101155
0.100788
0.100503
0.100299
0.280293
0.262382
0.246294
0.231748
0.218571
0.206627
0.195796
0.185968
0.177044
0.168932
0.161545
0.154801
0.148625
0.142957
0.137746
0.132947
0.128523
0.124438
0.120661
0.117164
0.113922
0.110912
0.108115
0.105512
0.103088
0.100828
0.0987185
0.0967486
0.0949077
0.0931862
0.0915758
0.0900688
0.0886582
0.0873378
0.0861018
0.0849452
0.0838634
0.0828523
0.0819085
0.0810292
0.279897
0.261826
0.245674
0.231136
0.218
0.206098
0.195293
0.185466
0.176516
0.168353
0.160894
0.154053
0.147755
0.141945
0.136574
0.131605
0.126999
0.122724
0.118749
0.115048
0.111597
0.108373
0.105358
0.102533
0.0998838
0.0973956
0.0950557
0.0928529
0.0907766
0.0888177
0.0869676
0.0852188
0.0835642
0.0819976
0.0805134
0.0791062
0.0777714
0.0765049
0.0753028
0.0741625
0.279711
0.261584
0.245434
0.230935
0.217849
0.205996
0.195229
0.185427
0.176492
0.168337
0.160877
0.154024
0.147701
0.141853
0.136439
0.131419
0.126758
0.122423
0.118386
0.114618
0.111098
0.107803
0.104714
0.101814
0.0990876
0.0965206
0.0941008
0.0918166
0.0896579
0.0876155
0.0856812
0.0838475
0.0821076
0.0804553
0.0788849
0.0773913
0.0759699
0.0746163
0.0733267
0.0720989
0.279616
0.261469
0.245335
0.230883
0.217863
0.206082
0.195387
0.185653
0.17678
0.168686
0.161287
0.154483
0.148191
0.142362
0.136961
0.131948
0.127288
0.122948
0.118899
0.115116
0.111575
0.108254
0.105137
0.102205
0.0994442
0.0968406
0.0943823
0.0920586
0.0898596
0.0877764
0.0858015
0.0839272
0.082147
0.0804546
0.0788444
0.0773111
0.0758502
0.0744572
0.0731281
0.0718611
0.279566
0.261411
0.245298
0.230889
0.217929
0.206218
0.195594
0.185928
0.17712
0.169115
0.161829
0.155153
0.148942
0.143151
0.137775
0.132781
0.128137
0.123809
0.119771
0.115996
0.112461
0.109147
0.106036
0.103111
0.100357
0.097763
0.0953185
0.0930126
0.0908352
0.0887774
0.0868302
0.084986
0.0832379
0.0815794
0.0800047
0.0785083
0.0770854
0.0757314
0.0744422
0.073217
0.279542
0.261387
0.245292
0.230921
0.218014
0.206365
0.19581
0.186214
0.177477
0.17313
0.165332
0.158316
0.151839
0.143897
0.138808
0.134071
0.129658
0.125543
0.121712
0.118145
0.114819
0.111712
0.108806
0.106083
0.103528
0.101126
0.0988616
0.0967237
0.0947018
0.0927865
0.0909696
0.0892435
0.0876015
0.0860375
0.0845457
0.0831211
0.081759
0.0804547
0.0792037
0.0780048
0.279535
0.261384
0.245307
0.23097
0.218108
0.206514
0.196017
0.186485
0.177816
0.173753
0.166785
0.162433
0.155668
0.149732
0.14492
0.140457
0.136325
0.132494
0.128915
0.125555
0.122389
0.119393
0.11655
0.113845
0.111264
0.108797
0.106434
0.104169
0.101993
0.0999023
0.0978913
0.0959558
0.094092
0.0922966
0.0905662
0.0888977
0.087288
0.0857337
0.0842312
0.0827747
0.279543
0.261399
0.245342
0.231035
0.218214
0.206664
0.196214
0.186726
0.178119
0.174189
0.169015
0.175058
0.17339
0.156258
0.154042
0.151129
0.147757
0.144131
0.140384
0.136611
0.132876
0.12922
0.125672
0.122248
0.118958
0.115804
0.112781
0.109888
0.107122
0.104479
0.101956
0.0995524
0.0972715
0.0951046
0.0930437
0.0910816
0.089212
0.0874295
0.0857311
0.0841159
0.279565
0.261435
0.2454
0.231126
0.218346
0.206842
0.196439
0.186995
0.17841
0.170762
0.167199
0.161051
0.155935
0.146923
0.142425
0.1383
0.1345
0.13098
0.127704
0.124637
0.121749
0.119019
0.116428
0.113962
0.111608
0.109357
0.1072
0.105131
0.103143
0.101232
0.099393
0.0976231
0.0959188
0.0942772
0.092696
0.0911728
0.0897062
0.0882951
0.0869405
0.0856494
0.279607
0.261497
0.245493
0.231261
0.218532
0.207087
0.196746
0.187366
0.178835
0.171072
0.16411
0.157716
0.151784
0.146277
0.141174
0.136437
0.13203
0.127919
0.124075
0.120476
0.117104
0.113939
0.110964
0.108163
0.105523
0.103032
0.100679
0.0984525
0.0963447
0.0943471
0.0924523
0.0906536
0.088945
0.0873209
0.0857763
0.0843068
0.0829085
0.081578
0.0803123
0.0791089
0.279678
0.261598
0.245639
0.231465
0.218805
0.207438
0.197183
0.187891
0.179444
0.171741
0.164696
0.158225
0.152261
0.146743
0.141626
0.136869
0.132434
0.12829
0.124409
0.120766
0.117341
0.114115
0.111072
0.108197
0.105476
0.102898
0.100453
0.0981305
0.0959228
0.093822
0.0918211
0.0899136
0.0880937
0.086356
0.0846956
0.0831082
0.0815898
0.0801366
0.0787452
0.0774117
0.279795
0.261768
0.245877
0.231786
0.219218
0.207948
0.19779
0.188594
0.180237
0.172612
0.165628
0.159207
0.153281
0.147797
0.142707
0.137971
0.133553
0.129422
0.125552
0.121917
0.118499
0.115277
0.112236
0.109361
0.106639
0.104058
0.101608
0.0992798
0.0970637
0.0949524
0.0929388
0.0910166
0.0891804
0.0874248
0.0857448
0.0841359
0.082594
0.0811153
0.0796961
0.0783324
0.279995
0.262054
0.246282
0.232339
0.219936
0.208839
0.198855
0.189826
0.181622
0.174134
0.167269
0.16095
0.155112
0.149702
0.144675
0.139992
0.135618
0.131525
0.127686
0.124079
0.120683
0.11748
0.114455
0.111592
0.108881
0.106308
0.103864
0.10154
0.0993268
0.0972177
0.0952056
0.0932842
0.0914475
0.0896902
0.0880077
0.0863956
0.08485
0.0833672
0.0819439
0.0805774
0.280397
0.262607
0.246985
0.23318
0.220912
0.209953
0.200111
0.191224
0.183158
0.175804
0.169067
0.16287
0.157149
0.15185
0.146927
0.142343
0.138063
0.134058
0.130302
0.126774
0.123453
0.120323
0.117366
0.11457
0.111922
0.109412
0.107028
0.104762
0.102606
0.100553
0.098595
0.0967268
0.0949425
0.0932371
0.091606
0.0900446
0.0885492
0.0871157
0.0857406
0.0844192
0.281148
0.263964
0.249105
0.235994
0.224303
0.213817
0.204359
0.195781
0.187962
0.180807
0.174232
0.168169
0.16256
0.157357
0.152517
0.148005
0.14379
0.139844
0.136143
0.132666
0.129394
0.126311
0.1234
0.120649
0.118046
0.11558
0.113241
0.11102
0.108909
0.106901
0.104989
0.103168
0.101431
0.0997732
0.0981908
0.0966789
0.0952337
0.0938516
0.0925294
0.0912657
0.283239
0.266019
0.251524
0.239085
0.228233
0.218662
0.210132
0.202458
0.195504
0.189166
0.183365
0.178034
0.173119
0.168577
0.164369
0.160465
0.156836
0.153458
0.15031
0.147372
0.144629
0.142065
0.139666
0.137422
0.13532
0.133351
0.131506
0.129777
0.128157
0.12664
0.125219
0.123889
0.122645
0.121481
0.120394
0.119381
0.118436
0.117556
0.116738
0.115974
0.294643
0.282321
0.269032
0.256316
0.244708
0.234199
0.224659
0.215959
0.207992
0.200666
0.193906
0.187645
0.18183
0.176414
0.171356
0.166623
0.162185
0.158015
0.15409
0.15039
0.146897
0.143595
0.140468
0.137505
0.134694
0.132024
0.129485
0.12707
0.124769
0.122577
0.120485
0.118489
0.116583
0.114761
0.113019
0.111352
0.109757
0.10823
0.106769
0.105372
0.297174
0.285582
0.270155
0.253642
0.23775
0.223074
0.209738
0.197716
0.186935
0.177294
0.168687
0.161007
0.154155
0.148042
0.142589
0.137728
0.133399
0.129549
0.126131
0.123104
0.120433
0.118086
0.116035
0.114255
0.112724
0.111424
0.110337
0.109449
0.108747
0.108218
0.107853
0.107643
0.10758
0.107657
0.107868
0.108207
0.108671
0.109256
0.109962
0.110796
0.284148
0.266878
0.251537
0.237874
0.225709
0.214954
0.205478
0.197137
0.189809
0.183394
0.1778
0.172944
0.168754
0.165167
0.162132
0.159605
0.157548
0.155927
0.15471
0.153873
0.153389
0.15324
0.153406
0.153872
0.154624
0.155649
0.156939
0.158485
0.160279
0.162316
0.164592
0.167104
0.169848
0.172824
0.176032
0.179471
0.183142
0.187046
0.191183
0.195536
0.281326
0.263964
0.248431
0.234354
0.221554
0.209936
0.1994
0.18985
0.181197
0.173358
0.166255
0.159812
0.153959
0.148634
0.143786
0.139369
0.135342
0.13167
0.128319
0.125261
0.12247
0.119923
0.117599
0.115479
0.113548
0.111791
0.110195
0.108747
0.107438
0.106259
0.1052
0.104256
0.103418
0.102682
0.102042
0.101493
0.101033
0.100657
0.100363
0.100149
0.280293
0.262382
0.246294
0.231748
0.218571
0.206627
0.195795
0.185966
0.177039
0.168922
0.161529
0.15478
0.148601
0.14293
0.137718
0.13292
0.128496
0.124411
0.120634
0.117138
0.113896
0.110886
0.108089
0.105487
0.103063
0.100802
0.0986931
0.0967233
0.0948824
0.093161
0.0915506
0.0900436
0.0886329
0.0873124
0.0860764
0.08492
0.0838386
0.0828281
0.0818852
0.0810061
0.279897
0.261826
0.245674
0.231136
0.218
0.206098
0.195293
0.185464
0.17651
0.168342
0.160873
0.154024
0.147722
0.141909
0.136538
0.131569
0.126964
0.12269
0.118716
0.115017
0.111566
0.108344
0.10533
0.102507
0.0998595
0.0973728
0.0950344
0.092833
0.0907582
0.0888007
0.086952
0.0852047
0.083552
0.0819877
0.0805057
0.079101
0.0777687
0.0765049
0.0753056
0.074169
0.279711
0.261584
0.245434
0.230935
0.217849
0.205996
0.195229
0.185426
0.176487
0.168323
0.16085
0.153987
0.147659
0.14181
0.136397
0.131379
0.12672
0.122388
0.118353
0.114588
0.11107
0.107778
0.104692
0.101795
0.099072
0.0965084
0.0940921
0.0918118
0.0896575
0.0876201
0.0856913
0.0838635
0.0821299
0.0804842
0.0789206
0.0774341
0.0760197
0.0746731
0.0733903
0.0721688
0.279616
0.261468
0.245335
0.230883
0.217863
0.206082
0.195388
0.185653
0.176775
0.168667
0.161246
0.154425
0.148127
0.142299
0.136899
0.131889
0.127232
0.122895
0.11885
0.11507
0.111533
0.108217
0.105103
0.102176
0.0994193
0.0968208
0.0943682
0.0920509
0.0898588
0.087783
0.0858151
0.0839477
0.0821739
0.0804875
0.0788827
0.0773545
0.075898
0.074509
0.0731834
0.071919
0.279566
0.261411
0.245297
0.230889
0.217929
0.206217
0.195593
0.185927
0.177112
0.169068
0.161716
0.154956
0.148706
0.142914
0.137541
0.132552
0.127913
0.123591
0.119559
0.115791
0.112264
0.108957
0.105853
0.102937
0.100193
0.0976086
0.0951704
0.0928672
0.090689
0.0886266
0.0866717
0.084817
0.0830557
0.0813816
0.0797889
0.0782726
0.0768278
0.0754501
0.0741355
0.0728823
0.279542
0.261387
0.245292
0.230921
0.218013
0.206364
0.195807
0.186208
0.177461
0.169489
0.162248
0.155617
0.149493
0.14383
0.138573
0.133686
0.129138
0.124898
0.120942
0.117247
0.113788
0.110548
0.107506
0.104645
0.10195
0.0994073
0.0970057
0.0947342
0.092583
0.0905435
0.0886075
0.0867679
0.085018
0.0833518
0.0817637
0.0802487
0.0788017
0.0774185
0.0760944
0.0748282
0.279535
0.261384
0.245307
0.230969
0.218108
0.206513
0.196015
0.186479
0.177797
0.169892
0.166035
0.159043
0.150027
0.144548
0.139472
0.134763
0.130385
0.12631
0.122505
0.118943
0.115602
0.112462
0.109503
0.106712
0.104073
0.101574
0.0992043
0.0969534
0.0948126
0.092774
0.0908301
0.0889745
0.0872011
0.0855045
0.0838796
0.0823217
0.0808264
0.0793895
0.0780065
0.0766726
0.279543
0.261399
0.245342
0.231036
0.218215
0.206667
0.196219
0.186731
0.178098
0.170268
0.166621
0.160051
0.150667
0.145414
0.140596
0.136126
0.131944
0.12801
0.124296
0.12078
0.117447
0.114283
0.111277
0.108417
0.105695
0.103103
0.100639
0.0982934
0.0960581
0.0939257
0.0918895
0.0899431
0.0880808
0.0862974
0.084588
0.0829483
0.0813741
0.0798617
0.078408
0.0770081
0.279565
0.261435
0.2454
0.231127
0.218349
0.206848
0.19645
0.187011
0.17842
0.170594
0.163549
0.157082
0.15112
0.145631
0.140552
0.135839
0.131458
0.127378
0.123571
0.120009
0.116672
0.113536
0.110585
0.107801
0.105171
0.102681
0.10032
0.0980774
0.0959445
0.0939129
0.0919754
0.0901253
0.0883567
0.0866642
0.0850433
0.0834895
0.0819992
0.0805694
0.0791982
0.077884
0.279607
0.261497
0.245493
0.231263
0.218535
0.207093
0.196757
0.187382
0.17885
0.171068
0.163951
0.157424
0.151419
0.14587
0.140724
0.135943
0.131491
0.127338
0.123455
0.119817
0.116402
0.113192
0.11017
0.107319
0.104627
0.10208
0.0996669
0.0973784
0.0952053
0.0931392
0.0911728
0.0892996
0.0875133
0.0858086
0.0841805
0.0826244
0.0811363
0.0797126
0.0783502
0.0770454
0.279678
0.261599
0.24564
0.231467
0.218808
0.207444
0.197191
0.187901
0.179453
0.171742
0.164681
0.158191
0.152207
0.146673
0.141541
0.136769
0.132321
0.128164
0.124271
0.120617
0.117181
0.113944
0.110887
0.107998
0.105262
0.102668
0.100207
0.0978677
0.0956421
0.0935222
0.0915011
0.0895721
0.0877294
0.0859677
0.0842821
0.0826681
0.0811216
0.0796389
0.0782165
0.0768506
0.279795
0.261768
0.245878
0.231788
0.219221
0.207951
0.197795
0.1886
0.180241
0.172612
0.165623
0.159196
0.153266
0.147778
0.142685
0.137946
0.133526
0.129393
0.125521
0.121885
0.118465
0.115242
0.1122
0.109325
0.106602
0.10402
0.101569
0.0992377
0.0970198
0.0949068
0.0928918
0.090968
0.0891298
0.0873716
0.0856886
0.0840762
0.0825304
0.0810472
0.079623
0.0782538
0.279995
0.262055
0.246283
0.23234
0.219937
0.208841
0.198857
0.189828
0.181621
0.174129
0.16726
0.160937
0.155095
0.149683
0.144653
0.139968
0.135593
0.131499
0.127659
0.124051
0.120654
0.117451
0.114425
0.111562
0.108849
0.106276
0.103831
0.101506
0.0992915
0.0971801
0.0951653
0.0932413
0.0914022
0.0896429
0.0879584
0.0863445
0.0847971
0.0833124
0.0818873
0.0805188
0.280397
0.262607
0.246985
0.233181
0.220913
0.209954
0.200112
0.191224
0.183157
0.175801
0.169062
0.162864
0.157142
0.151842
0.14692
0.142335
0.138056
0.134051
0.130296
0.126768
0.123448
0.120317
0.117361
0.114565
0.111917
0.109406
0.107022
0.104756
0.1026
0.100547
0.0985886
0.0967197
0.0949345
0.0932284
0.0915965
0.0900345
0.0885383
0.0871038
0.0857273
0.0844038
0.281148
0.263964
0.249105
0.235994
0.224303
0.213817
0.204359
0.195779
0.187959
0.180802
0.174225
0.168161
0.162551
0.157347
0.152507
0.147995
0.14378
0.139834
0.136133
0.132657
0.129385
0.126302
0.123391
0.12064
0.118037
0.115571
0.113232
0.11101
0.108899
0.106891
0.104979
0.103156
0.101419
0.0997604
0.0981763
0.0966625
0.0952152
0.0938315
0.0925086
0.0912465
0.283239
0.266019
0.251524
0.239085
0.228233
0.218662
0.210131
0.202457
0.195501
0.189163
0.183361
0.178029
0.173114
0.168572
0.164365
0.160461
0.156833
0.153455
0.150308
0.147371
0.144629
0.142065
0.139668
0.137423
0.135322
0.133353
0.131508
0.12978
0.128161
0.126643
0.125222
0.123892
0.122647
0.121484
0.120397
0.119383
0.118439
0.117559
0.11674
0.115974
0.294644
0.282321
0.269032
0.256317
0.244708
0.234199
0.224659
0.215959
0.207992
0.200666
0.193905
0.187644
0.181829
0.176413
0.171356
0.166623
0.162185
0.158015
0.15409
0.15039
0.146897
0.143594
0.140468
0.137505
0.134693
0.132023
0.129484
0.127068
0.124767
0.122574
0.120482
0.118485
0.116578
0.114755
0.113012
0.111345
0.109749
0.108221
0.106758
0.105361
0.297174
0.285582
0.270155
0.253642
0.237751
0.223074
0.209737
0.197716
0.186934
0.177292
0.168685
0.161004
0.154152
0.14804
0.142588
0.137729
0.133402
0.129555
0.12614
0.123117
0.120451
0.118108
0.116062
0.114287
0.112762
0.111469
0.110389
0.109508
0.108813
0.108293
0.107937
0.107737
0.107684
0.107772
0.107994
0.108346
0.108823
0.109422
0.110142
0.110991
0.284148
0.266878
0.251537
0.237874
0.225709
0.214954
0.205477
0.197135
0.189807
0.18339
0.177794
0.172937
0.168748
0.165163
0.162132
0.159609
0.157557
0.155942
0.154732
0.153901
0.153426
0.153285
0.153461
0.153937
0.154699
0.155737
0.157039
0.158598
0.160406
0.162459
0.164751
0.16728
0.170043
0.173039
0.176268
0.179729
0.183425
0.187354
0.191518
0.1959
0.281326
0.263964
0.248431
0.234354
0.221554
0.209935
0.199399
0.189848
0.181192
0.17335
0.166243
0.159796
0.15394
0.148613
0.143763
0.139344
0.135316
0.131642
0.128289
0.12523
0.122437
0.119888
0.117563
0.115441
0.113508
0.111749
0.11015
0.108699
0.107387
0.106205
0.105143
0.104194
0.103352
0.102612
0.101967
0.101413
0.100947
0.100566
0.100267
0.100048
0.280293
0.262382
0.246294
0.231748
0.218571
0.206627
0.195795
0.185964
0.177035
0.168915
0.161518
0.154764
0.148583
0.142911
0.137698
0.132899
0.128476
0.124391
0.120615
0.117118
0.113876
0.110867
0.10807
0.105468
0.103044
0.100783
0.0986741
0.0967042
0.0948632
0.0931416
0.091531
0.0900238
0.0886132
0.087293
0.0860577
0.084902
0.0838209
0.0828103
0.0818665
0.0809864
0.279897
0.261826
0.245674
0.231136
0.218
0.206098
0.195292
0.185463
0.176507
0.168334
0.160859
0.154004
0.147699
0.141885
0.136514
0.131545
0.12694
0.122667
0.118694
0.114995
0.111546
0.108325
0.105312
0.10249
0.0998434
0.0973577
0.0950202
0.0928196
0.0907456
0.0887891
0.0869418
0.085196
0.0835445
0.081981
0.0804999
0.0790962
0.0777655
0.0765037
0.0753068
0.0741727
0.279711
0.261584
0.245434
0.230935
0.217849
0.205997
0.195229
0.185426
0.176484
0.168314
0.160834
0.153963
0.147632
0.141783
0.13637
0.131354
0.126697
0.122366
0.118333
0.11457
0.111054
0.107763
0.104679
0.101784
0.0990621
0.0965003
0.094086
0.0918081
0.0896564
0.0876219
0.0856961
0.0838713
0.082141
0.0804987
0.0789385
0.0774552
0.076044
0.0747005
0.0734207
0.0722023
0.279616
0.261468
0.245335
0.230883
0.217863
0.206082
0.195388
0.185652
0.176771
0.168655
0.161222
0.15439
0.148087
0.142257
0.136857
0.131846
0.12719
0.122854
0.118811
0.115032
0.111496
0.108182
0.105069
0.102144
0.099389
0.0967927
0.0943425
0.0920274
0.0898373
0.0877631
0.0857965
0.08393
0.0821568
0.0804708
0.0788663
0.0773382
0.0758817
0.0744925
0.0731666
0.071902
0.279566
0.261411
0.245297
0.230888
0.217928
0.206217
0.195593
0.185926
0.177108
0.169051
0.161675
0.154897
0.148639
0.142846
0.137474
0.132487
0.127849
0.123529
0.119498
0.11573
0.112203
0.108896
0.105792
0.102874
0.100128
0.0975393
0.0950953
0.092785
0.0905987
0.0885274
0.0865628
0.0846976
0.0829251
0.0812392
0.0796341
0.0781048
0.0766465
0.0752548
0.0739258
0.0726576
0.279542
0.261386
0.245291
0.23092
0.218013
0.206363
0.195806
0.186205
0.177451
0.169457
0.162153
0.155452
0.149273
0.143557
0.138256
0.133332
0.12875
0.12448
0.120493
0.116766
0.113277
0.110005
0.10693
0.104036
0.101308
0.0987329
0.0962987
0.0939949
0.0918119
0.0897409
0.0877739
0.0859039
0.0841242
0.0824288
0.0808121
0.0792692
0.0777952
0.0763857
0.0750366
0.0737457
0.279535
0.261384
0.245307
0.230969
0.218107
0.206512
0.196014
0.186475
0.177782
0.169845
0.162582
0.155925
0.149806
0.144162
0.138945
0.134105
0.129604
0.12541
0.121492
0.117822
0.114379
0.111141
0.108092
0.105216
0.102499
0.0999287
0.0974933
0.0951829
0.0929884
0.0909015
0.0889146
0.087021
0.0852144
0.0834891
0.0818399
0.0802617
0.0787502
0.0773008
0.0759091
0.0745707
0.279543
0.261399
0.245342
0.231036
0.218215
0.206668
0.196222
0.186734
0.178093
0.170205
0.163001
0.156374
0.150272
0.144649
0.139452
0.134629
0.130136
0.125941
0.122013
0.118328
0.114863
0.111601
0.108523
0.105615
0.102863
0.100255
0.0977809
0.0954316
0.0931978
0.0910715
0.0890451
0.0871119
0.0852659
0.0835013
0.081813
0.0801962
0.0786467
0.0771602
0.0757333
0.0743616
0.279565
0.261435
0.245401
0.231128
0.218351
0.206852
0.196457
0.187022
0.17843
0.170589
0.163414
0.15683
0.150771
0.145178
0.139997
0.135185
0.130702
0.126517
0.122602
0.118932
0.115486
0.112244
0.109189
0.106304
0.103577
0.100994
0.0985451
0.0962194
0.0940081
0.0919031
0.0898968
0.0879825
0.0861541
0.084406
0.0827332
0.081131
0.0795952
0.0781223
0.0767094
0.0753529
0.279607
0.261497
0.245494
0.231264
0.218538
0.207098
0.196765
0.187393
0.178862
0.171074
0.163944
0.157396
0.151365
0.145791
0.140625
0.135824
0.131354
0.127182
0.123279
0.11962
0.116182
0.112948
0.1099
0.107023
0.104302
0.101726
0.099283
0.0969634
0.0947582
0.0926593
0.0906594
0.0887517
0.0869303
0.0851895
0.0835245
0.0819306
0.0804038
0.0789402
0.0775367
0.0761891
0.279678
0.261599
0.24564
0.231468
0.218811
0.207448
0.197197
0.187909
0.17946
0.171747
0.16468
0.158184
0.152193
0.146653
0.141515
0.136736
0.132282
0.12812
0.124221
0.120562
0.117121
0.113877
0.110814
0.107918
0.105177
0.102577
0.100109
0.097763
0.0955301
0.0934026
0.0913733
0.0894358
0.0875841
0.0858129
0.0841173
0.0824927
0.080935
0.0794405
0.0780057
0.0766267
0.279795
0.261768
0.245879
0.231789
0.219223
0.207954
0.197799
0.188604
0.180245
0.172614
0.165622
0.159192
0.15326
0.147771
0.142677
0.137938
0.133517
0.129384
0.125511
0.121875
0.118455
0.115232
0.11219
0.109314
0.10659
0.104006
0.101553
0.0992222
0.0970036
0.0948899
0.0928739
0.0909491
0.0891096
0.08735
0.0856654
0.0840514
0.0825036
0.0810184
0.0795919
0.0782203
0.279995
0.262055
0.246283
0.23234
0.219938
0.208842
0.198859
0.189829
0.181621
0.174126
0.167254
0.160928
0.155085
0.149671
0.144641
0.139955
0.13558
0.131486
0.127646
0.124037
0.12064
0.117437
0.11441
0.111547
0.108835
0.106261
0.103815
0.101488
0.0992725
0.0971602
0.0951448
0.0932201
0.0913802
0.08962
0.0879346
0.0863197
0.0847711
0.0832852
0.0818588
0.080489
0.280397
0.262607
0.246986
0.233181
0.220914
0.209955
0.200112
0.191224
0.183157
0.175799
0.169059
0.16286
0.157137
0.151837
0.146915
0.142331
0.138052
0.134047
0.130293
0.126765
0.123445
0.120315
0.117359
0.114564
0.111916
0.109405
0.107022
0.104756
0.1026
0.100546
0.0985868
0.0967178
0.094933
0.0932271
0.0915953
0.0900333
0.088537
0.0871024
0.0857256
0.0844017
0.281148
0.263964
0.249105
0.235995
0.224303
0.213817
0.204358
0.195778
0.187957
0.180798
0.17422
0.168155
0.162544
0.15734
0.1525
0.147988
0.143773
0.139827
0.136127
0.132651
0.129379
0.126296
0.123386
0.120636
0.118033
0.115566
0.113227
0.111006
0.108895
0.106886
0.104973
0.10315
0.101411
0.0997513
0.0981674
0.0966544
0.0952084
0.0938259
0.0925043
0.0912434
0.283239
0.266019
0.251525
0.239085
0.228233
0.218661
0.210131
0.202455
0.195499
0.18916
0.183357
0.178025
0.17311
0.168568
0.164362
0.160458
0.156831
0.153454
0.150307
0.147371
0.144629
0.142066
0.139669
0.137425
0.135324
0.133356
0.131512
0.129783
0.128164
0.126647
0.125226
0.123896
0.122652
0.121488
0.1204
0.119384
0.118436
0.117553
0.116731
0.115961
0.294644
0.282321
0.269032
0.256317
0.244708
0.234199
0.224659
0.215959
0.207992
0.200666
0.193905
0.187644
0.181829
0.176413
0.171355
0.166623
0.162184
0.158015
0.15409
0.15039
0.146897
0.143594
0.140468
0.137504
0.134693
0.132022
0.129483
0.127067
0.124766
0.122572
0.12048
0.118483
0.116575
0.114752
0.113008
0.111341
0.109744
0.108216
0.106752
0.105354
0.297174
0.285583
0.270155
0.253642
0.237751
0.223074
0.209737
0.197715
0.186933
0.177291
0.168683
0.161003
0.154151
0.148039
0.142588
0.13773
0.133404
0.129558
0.126145
0.123125
0.12046
0.11812
0.116076
0.114304
0.112783
0.111492
0.110416
0.10954
0.108849
0.108334
0.107983
0.107788
0.10774
0.107834
0.108062
0.108421
0.108905
0.109512
0.11024
0.111097
0.284148
0.266879
0.251538
0.237874
0.22571
0.214954
0.205477
0.197135
0.189806
0.183388
0.177792
0.172935
0.168746
0.165162
0.162133
0.159613
0.157564
0.155951
0.154745
0.153918
0.153447
0.153311
0.153492
0.153973
0.154741
0.155785
0.157094
0.15866
0.160477
0.162538
0.164839
0.167378
0.170151
0.173159
0.176399
0.179873
0.183582
0.187526
0.191705
0.196104
0.281326
0.263964
0.248431
0.234354
0.221554
0.209935
0.199399
0.189847
0.18119
0.173346
0.166237
0.159788
0.15393
0.148602
0.143751
0.139331
0.135302
0.131627
0.128274
0.125214
0.12242
0.119871
0.117544
0.115421
0.113487
0.111726
0.110125
0.108673
0.107359
0.106175
0.105111
0.10416
0.103316
0.102572
0.101924
0.101368
0.1009
0.100515
0.100212
0.0999901
0.280293
0.262382
0.246294
0.231748
0.218571
0.206626
0.195794
0.185963
0.177033
0.168911
0.161512
0.154757
0.148573
0.142901
0.137688
0.132889
0.128465
0.124381
0.120604
0.117108
0.113866
0.110857
0.10806
0.105458
0.103033
0.100773
0.0986639
0.0966939
0.0948528
0.0931312
0.0915206
0.0900135
0.0886032
0.0872836
0.0860484
0.0848922
0.0838105
0.0827999
0.0818564
0.0809754
0.279897
0.261826
0.245674
0.231136
0.218
0.206099
0.195292
0.185462
0.176505
0.168329
0.160852
0.153994
0.147688
0.141873
0.136502
0.131533
0.126928
0.122655
0.118683
0.114984
0.111535
0.108315
0.105302
0.102481
0.0998343
0.0973489
0.0950118
0.0928116
0.0907382
0.0887824
0.0869358
0.0851904
0.0835394
0.0819764
0.0804962
0.0790938
0.0777644
0.0765037
0.0753079
0.0741749
0.279711
0.261584
0.245434
0.230935
0.217849
0.205997
0.195229
0.185425
0.176482
0.16831
0.160825
0.153952
0.147619
0.14177
0.136357
0.131341
0.126685
0.122355
0.118323
0.114561
0.111046
0.107756
0.104673
0.101778
0.0990576
0.096497
0.094084
0.0918076
0.0896575
0.0876245
0.0857002
0.0838772
0.0821485
0.0805076
0.0789489
0.0774668
0.0760568
0.0747144
0.0734358
0.0722181
0.279616
0.261468
0.245335
0.230883
0.217863
0.206082
0.195388
0.185652
0.17677
0.16865
0.161211
0.154374
0.148069
0.142238
0.136838
0.131828
0.127171
0.122836
0.118793
0.115015
0.111479
0.108165
0.105054
0.102128
0.0993748
0.0967795
0.0943302
0.0920159
0.0898264
0.0877524
0.0857859
0.0839193
0.0821459
0.0804594
0.0788544
0.0773255
0.0758681
0.0744778
0.0731507
0.0718844
0.279566
0.261411
0.245297
0.230888
0.217928
0.206217
0.195593
0.185925
0.177106
0.169043
0.161658
0.15487
0.148607
0.142812
0.13744
0.132452
0.127814
0.123494
0.119463
0.115694
0.112166
0.108859
0.105754
0.102836
0.100088
0.0974967
0.0950499
0.0927363
0.0905463
0.0884707
0.0865016
0.0846315
0.0828537
0.081162
0.0795509
0.0780153
0.0765503
0.0751516
0.0738154
0.0725393
0.279542
0.261386
0.245291
0.23092
0.218012
0.206363
0.195805
0.186204
0.177447
0.169444
0.16212
0.155399
0.149204
0.143474
0.138162
0.133228
0.128635
0.124354
0.120357
0.116619
0.113119
0.109835
0.106747
0.103841
0.1011
0.0985125
0.0960657
0.0937493
0.0915535
0.0894698
0.0874901
0.0856073
0.0838148
0.0821067
0.0804774
0.0789219
0.0774355
0.0760138
0.0746526
0.0733498
0.279535
0.261384
0.245307
0.230969
0.218107
0.206512
0.196014
0.186473
0.177776
0.169825
0.162541
0.155854
0.149693
0.144005
0.138741
0.133857
0.129314
0.125082
0.121128
0.117426
0.113954
0.11069
0.107618
0.10472
0.101983
0.0993945
0.0969426
0.0946171
0.0924088
0.0903093
0.0883109
0.0864068
0.0845907
0.0828566
0.0811994
0.0796141
0.0780962
0.0766411
0.0752446
0.0739025
0.279543
0.261399
0.245342
0.231036
0.218216
0.206669
0.196223
0.186736
0.178093
0.170196
0.162955
0.156292
0.150146
0.144466
0.139205
0.134318
0.129765
0.125517
0.121544
0.11782
0.114323
0.111034
0.107933
0.105007
0.102241
0.0996214
0.0971383
0.0947812
0.0925409
0.090409
0.0883781
0.0864412
0.0845921
0.0828251
0.0811349
0.0795168
0.0779664
0.0764795
0.0750526
0.0736817
0.279565
0.261435
0.245401
0.231129
0.218352
0.206854
0.196461
0.187027
0.178436
0.170591
0.163408
0.156809
0.150731
0.145116
0.139913
0.135077
0.130571
0.12636
0.122418
0.11872
0.115245
0.111974
0.108889
0.105975
0.103219
0.100609
0.0981318
0.0957793
0.0935419
0.0914116
0.0893808
0.0874429
0.0855918
0.0838217
0.0821278
0.0805052
0.0789498
0.077458
0.0760266
0.0746522
0.279607
0.261497
0.245494
0.231264
0.218539
0.2071
0.196769
0.187399
0.178869
0.17108
0.163946
0.157392
0.151354
0.145773
0.1406
0.135792
0.131314
0.127133
0.123221
0.119552
0.116105
0.112862
0.109804
0.106917
0.104186
0.1016
0.0991467
0.0968168
0.0946013
0.0924918
0.0904812
0.0885625
0.0867299
0.0849778
0.0833011
0.0816953
0.0801561
0.07868
0.0772634
0.0759026
0.279678
0.261599
0.245641
0.231469
0.218812
0.20745
0.1972
0.187913
0.179464
0.17175
0.164682
0.158184
0.152191
0.146649
0.141508
0.136728
0.132271
0.128106
0.124205
0.120543
0.117099
0.113853
0.110787
0.10789
0.105146
0.102545
0.100075
0.0977268
0.0954921
0.0933627
0.0913315
0.089392
0.0875383
0.085765
0.0840671
0.0824402
0.0808801
0.079383
0.0779455
0.0765636
0.279795
0.261769
0.245879
0.231789
0.219224
0.207956
0.197801
0.188607
0.180247
0.172615
0.165622
0.159192
0.153259
0.147769
0.142675
0.137936
0.133515
0.129381
0.125509
0.121873
0.118453
0.11523
0.112188
0.109312
0.106587
0.104004
0.101552
0.099221
0.0970029
0.0948896
0.092874
0.0909496
0.0891104
0.0873511
0.0856667
0.0840528
0.0825051
0.0810198
0.0795933
0.0782215
0.279995
0.262055
0.246284
0.232341
0.219939
0.208843
0.19886
0.189829
0.18162
0.174125
0.167252
0.160925
0.155081
0.149666
0.144636
0.13995
0.135574
0.13148
0.12764
0.124031
0.120634
0.117431
0.114405
0.111541
0.108829
0.106255
0.103808
0.101481
0.0992649
0.0971525
0.095137
0.0932122
0.0913722
0.0896117
0.0879262
0.086311
0.0847621
0.0832759
0.0818491
0.0804789
0.280397
0.262608
0.246986
0.233182
0.220914
0.209955
0.200113
0.191224
0.183156
0.175798
0.169058
0.162858
0.157135
0.151835
0.146913
0.142329
0.13805
0.134046
0.130292
0.126764
0.123445
0.120315
0.117359
0.114563
0.111916
0.109405
0.107022
0.104757
0.1026
0.100546
0.0985874
0.0967189
0.0949344
0.0932288
0.0915974
0.0900356
0.0885394
0.087105
0.0857283
0.0844045
0.281148
0.263964
0.249105
0.235995
0.224303
0.213817
0.204358
0.195777
0.187955
0.180796
0.174218
0.168152
0.162541
0.157337
0.152496
0.147985
0.14377
0.139824
0.136124
0.132648
0.129377
0.126294
0.123384
0.120633
0.11803
0.115564
0.113225
0.111004
0.108893
0.106884
0.10497
0.103146
0.101408
0.0997491
0.0981659
0.0966537
0.0952085
0.0938267
0.092506
0.091246
0.283239
0.266019
0.251525
0.239086
0.228233
0.218662
0.210131
0.202455
0.195499
0.189159
0.183356
0.178023
0.173109
0.168567
0.16436
0.160457
0.15683
0.153454
0.150307
0.147372
0.14463
0.142067
0.13967
0.137427
0.135326
0.133358
0.131514
0.129786
0.128167
0.12665
0.125229
0.1239
0.122654
0.121489
0.120399
0.119381
0.118432
0.117547
0.116723
0.115951
0.294644
0.282321
0.269032
0.256317
0.244708
0.234199
0.224659
0.215959
0.207992
0.200666
0.193905
0.187644
0.181829
0.176412
0.171355
0.166623
0.162184
0.158015
0.15409
0.15039
0.146897
0.143594
0.140468
0.137504
0.134693
0.132022
0.129483
0.127067
0.124765
0.122572
0.120479
0.118482
0.116574
0.11475
0.113007
0.111339
0.109742
0.108213
0.106749
0.105351
0.171565
0.312519
0.489597
0.174078
0.176051
0.398717
0.414879
0.599976
0.172468
0.175439
0.320616
0.509358
0.173416
0.175777
0.176874
0.40577
0.419642
0.176279
0.179099
0.43232
0.44231
0.515025
0.173445
0.175298
0.333144
0.543194
0.173743
0.175276
0.179396
0.434691
0.446284
0.177023
0.180031
0.435635
0.450747
0.547751
0.173713
0.175134
0.336693
0.553144
0.173798
0.175167
0.180032
0.435609
0.450747
0.176618
0.179412
0.434671
0.446316
0.553143
0.173797
0.175166
0.334619
0.547789
0.173714
0.175133
0.179118
0.432267
0.442307
0.174881
0.176911
0.405855
0.419587
0.543197
0.173743
0.175275
0.323975
0.514939
0.173446
0.1753
0.176093
0.3988
0.414761
0.171488
0.17162
0.312596
0.488381
0.509185
0.173417
0.175783
0.27982
0.598578
0.172472
0.175476
0.16444
0.175597
0.19376
0.17029
0.169832
0.308429
0.564258
0.194558
0.16958
0.166027
0.273231
0.679352
0.171671
0.173998
0.171705
0.176402
0.28733
0.174354
0.173037
0.176766
0.373411
0.168972
0.499845
0.678123
0.175413
0.17176
0.400723
0.353756
0.223824
0.174579
0.172395
0.176921
0.232047
0.174742
0.173022
0.218902
0.195402
0.305187
0.219501
0.19751
0.874495
0.176474
0.184383
0.51139
0.431705
0.176336
0.184496
0.173614
0.176977
0.380602
0.174766
0.174392
0.177156
0.406941
0.171726
0.405137
0.356751
0.17804
0.172612
0.427098
0.379921
0.233113
0.174848
0.173101
0.177189
0.234751
0.174919
0.173325
0.219861
0.200876
0.327953
0.219071
0.201375
0.437063
0.17563
0.182016
0.544766
0.476935
0.175414
0.18098
0.174659
0.177263
0.409305
0.174949
0.174896
0.177316
0.411114
0.172568
0.430945
0.384931
0.178832
0.172885
0.43541
0.393033
0.235698
0.174964
0.173333
0.177298
0.237283
0.174985
0.173396
0.221353
0.202855
0.336094
0.221226
0.203045
0.48373
0.175223
0.180607
0.554771
0.496361
0.175141
0.178936
0.174897
0.177317
0.411089
0.174902
0.174664
0.177264
0.409289
0.172885
0.43541
0.393044
0.178257
0.172578
0.430975
0.384973
0.237197
0.174985
0.173396
0.177248
0.23576
0.174964
0.173333
0.221429
0.20339
0.336259
0.221654
0.203216
0.496377
0.17514
0.178933
0.549289
0.483837
0.175222
0.180607
0.174398
0.177157
0.406889
0.174618
0.173622
0.176978
0.380687
0.172622
0.427096
0.379928
0.176051
0.171748
0.405055
0.356392
0.234716
0.17492
0.173325
0.177036
0.233042
0.174849
0.173102
0.220123
0.202486
0.329719
0.220907
0.201888
0.477004
0.175413
0.180979
0.516499
0.436623
0.175633
0.182038
0.173046
0.176768
0.37349
0.17411
0.171714
0.176403
0.287398
0.171786
0.400573
0.353189
0.171349
0.169011
0.49834
0.678926
0.23203
0.174742
0.173023
0.176607
0.223819
0.174579
0.172397
0.219018
0.200091
0.31008
0.218503
0.198967
0.430896
0.176347
0.184555
0.617588
0.833849
0.17653
0.184533
0.169887
0.308501
0.563091
0.168219
0.16447
0.175636
0.194021
0.678147
0.171676
0.174057
0.175761
0.194983
0.169586
0.166059
0.223498
0.196294
0.36496
0.212047
0.203805
0.223262
0.225118
1.0494
0.409941
0.214699
0.222655
0.22785
0.373565
0.212411
0.20764
0.235462
0.226995
0.412888
0.228769
0.224155
0.234159
0.223653
1.00809
0.252653
0.502692
0.225796
0.248475
0.219002
0.310023
0.200087
0.198963
0.218499
0.223492
0.505893
0.245574
0.246766
0.222723
0.242561
0.214823
0.418077
0.238373
0.217243
0.241039
0.230653
0.430779
0.23686
0.234
0.244288
0.422344
0.220262
0.218688
0.246527
0.242651
0.434838
0.23702
0.235169
0.244904
0.224172
0.243026
0.529494
0.223174
0.239712
0.220121
0.329687
0.202483
0.201884
0.22091
0.224435
0.534039
0.24139
0.240131
0.225263
0.248709
0.221213
0.435478
0.247708
0.221882
0.24706
0.237859
0.448498
0.246008
0.238806
0.249192
0.435318
0.222539
0.222286
0.249547
0.247513
0.449971
0.239465
0.239147
0.247878
0.225673
0.241733
0.550537
0.22558
0.241849
0.221436
0.336324
0.203391
0.203215
0.221663
0.225749
0.552241
0.242255
0.241913
0.225987
0.249205
0.222541
0.435303
0.249549
0.222295
0.247527
0.239467
0.449984
0.247881
0.239159
0.248728
0.435458
0.221235
0.221897
0.247738
0.24708
0.448516
0.237887
0.238822
0.24604
0.22574
0.242233
0.552256
0.225974
0.241894
0.221361
0.336154
0.202859
0.203048
0.221233
0.225683
0.550557
0.241745
0.241864
0.225588
0.244336
0.220288
0.422432
0.246563
0.218721
0.242701
0.23705
0.434874
0.244941
0.23521
0.242615
0.418164
0.214867
0.217282
0.238447
0.241094
0.430785
0.23071
0.234042
0.236937
0.224436
0.241384
0.534096
0.225259
0.240132
0.219862
0.327968
0.200879
0.201378
0.21907
0.224172
0.529504
0.24302
0.239713
0.223172
0.227938
0.212462
0.373721
0.235542
0.207691
0.227084
0.228821
0.412613
0.234239
0.224203
0.223583
0.36511
0.196336
0.203856
0.212126
0.223346
0.409643
0.225165
1.05497
0.222685
0.214786
0.223513
0.245582
0.505598
0.222728
0.24681
0.218926
0.305245
0.195414
0.197515
0.219563
0.223686
0.502284
1.01101
0.252799
0.248544
0.225883
0.169877
0.174073
0.173495
0.173767
0.170939
0.176112
0.282742
0.160279
0.194478
0.208452
0.169713
0.167509
0.570012
0.768609
0.173233
0.17411
0.171145
0.176411
0.217174
0.174357
0.171922
0.2271
0.165625
0.165551
0.693317
1.11204
0.174928
0.180957
0.251729
0.229605
0.292677
0.249067
0.230991
0.259628
0.504332
0.254411
0.269774
0.74519
0.274563
0.422936
0.16722
0.167318
0.164173
0.168955
0.167585
0.16743
0.164353
0.25842
0.238629
0.3251
0.238592
0.258209
0.248036
0.531145
0.244024
0.257975
0.414879
0.264586
0.430723
0.167476
0.16745
0.1644
0.16913
0.167548
0.167493
0.164456
0.262338
0.241969
0.334234
0.241907
0.262522
0.245784
0.552128
0.245882
0.260179
0.449097
0.259861
0.453349
0.167459
0.167487
0.164449
0.169152
0.167481
0.167501
0.164464
0.263711
0.24323
0.336367
0.243131
0.263856
0.245973
0.553866
0.245832
0.259373
0.458596
0.253477
0.455431
0.16748
0.167501
0.164464
0.169129
0.167459
0.167487
0.164449
0.260913
0.241032
0.331653
0.240687
0.261559
0.245431
0.53558
0.244222
0.2579
0.445121
0.259592
0.434079
0.167548
0.167493
0.164457
0.169041
0.167479
0.167451
0.164402
0.255687
0.237241
0.317546
0.236653
0.256807
0.251901
0.507182
0.252461
0.268857
0.411372
0.270853
0.419403
0.16759
0.167431
0.164355
0.168652
0.167234
0.167319
0.164176
0.170948
0.176114
0.282803
0.173602
0.16988
0.174075
0.17351
0.167549
0.568703
0.682416
0.1636
0.160323
0.194776
0.209342
0.217172
0.174358
0.171925
0.174398
0.173245
0.174112
0.171148
0.191151
0.217227
0.194641
0.196157
0.232694
0.181322
0.865042
0.175033
0.181281
0.19743
0.230065
0.16569
0.165784
0.25893
0.227337
0.337237
0.249955
0.233641
0.289655
0.324619
0.481433
0.403314
0.298213
0.307232
0.434702
0.280471
0.390922
0.253762
0.251525
0.283772
0.297879
0.412129
0.302678
0.457979
0.30086
0.453844
0.300039
0.474451
0.586063
0.492816
0.466344
0.597167
0.192182
0.202097
0.174314
0.175876
0.191685
0.201331
0.17479
0.255683
0.317492
0.237245
0.236652
0.256814
0.497779
0.506122
0.632956
0.622084
0.507483
0.191935
0.175881
0.200115
0.175049
0.200881
0.174927
0.191604
0.28878
0.256765
0.409945
0.257887
0.286855
0.306907
0.307502
0.46418
0.425055
0.309386
0.304989
0.469763
0.296525
0.428251
0.265248
0.264312
0.297833
0.317245
0.440203
0.320145
0.489854
0.319426
0.487333
0.318106
0.485413
0.633042
0.522684
0.605954
0.509011
0.191039
0.19922
0.174805
0.175153
0.191338
0.198328
0.17479
0.260921
0.331657
0.241044
0.240693
0.261574
0.491809
0.54055
0.616516
0.613253
0.494426
0.191093
0.175146
0.19896
0.174978
0.198453
0.174805
0.191254
0.299118
0.266619
0.433124
0.266319
0.299289
0.320813
0.323223
0.494406
0.446031
0.322978
0.321055
0.49363
0.301238
0.435073
0.268201
0.268096
0.301377
0.32349
0.450572
0.325776
0.499107
0.325713
0.498879
0.323572
0.495847
0.618555
0.547611
0.618058
0.496279
0.191253
0.199027
0.174875
0.175099
0.191334
0.198989
0.174864
0.263761
0.336438
0.243271
0.24317
0.263909
0.499267
0.552933
0.622456
0.621992
0.499664
0.191278
0.175078
0.199161
0.174955
0.198978
0.174858
0.191393
0.301242
0.2682
0.435055
0.268098
0.301375
0.323494
0.325778
0.499104
0.450573
0.325716
0.323573
0.498879
0.299142
0.43313
0.266639
0.266337
0.29932
0.320832
0.446032
0.323244
0.494442
0.322992
0.493633
0.32108
0.49914
0.622292
0.552933
0.621839
0.499528
0.191276
0.199155
0.174954
0.175078
0.191391
0.198973
0.174857
0.262351
0.334249
0.242002
0.241917
0.262561
0.4959
0.54762
0.618663
0.61813
0.496371
0.191254
0.175099
0.199029
0.174874
0.198992
0.174863
0.191334
0.296566
0.265264
0.428267
0.264338
0.297854
0.317273
0.320162
0.489844
0.440235
0.319444
0.318129
0.487377
0.288839
0.410029
0.256805
0.257928
0.286916
0.306906
0.425006
0.307441
0.464172
0.309342
0.469749
0.30498
0.491795
0.616511
0.540585
0.613231
0.494412
0.191091
0.198957
0.174977
0.175145
0.191251
0.198452
0.174804
0.258399
0.325088
0.238603
0.238574
0.258178
0.485385
0.522634
0.632967
0.605922
0.508944
0.191038
0.175153
0.19922
0.174806
0.198327
0.17479
0.191338
0.280538
0.253806
0.391075
0.251568
0.283838
0.297826
0.302573
0.45792
0.411925
0.300717
0.300004
0.453744
0.258988
0.337353
0.227365
0.233678
0.25
0.289523
0.402879
0.324249
0.480578
0.306901
0.298091
0.434401
0.49781
0.632911
0.505828
0.622115
0.507459
0.191947
0.200122
0.175053
0.175894
0.191609
0.200905
0.174934
0.251745
0.292724
0.229613
0.230997
0.249085
0.474541
0.492089
0.586203
0.597322
0.466427
0.192208
0.175898
0.202203
0.174335
0.20137
0.174803
0.191734
0.190444
0.205774
0.18491
0.200164
0.177373
0.227696
0.228383
0.991146
0.210463
0.187013
0.282399
0.212965
0.24214
0.191132
0.217171
0.194532
0.196124
0.232644
0.181297
0.932072
0.252758
0.224748
0.200551
0.295659
0.244063
0.219994
0.189612
0.339443
0.194804
0.18152
0.180382
0.179901
0.181693
0.348433
0.201474
0.198035
0.183419
0.183723
0.182871
0.18461
0.228576
0.397067
0.223092
0.227141
0.678328
0.237381
0.399941
0.39986
0.227428
0.223806
0.225189
0.383583
0.396848
0.225076
0.189735
0.229177
0.191768
0.178992
0.185197
0.178214
0.187002
0.231415
0.194667
0.193476
0.179839
0.190072
0.188633
0.180431
0.263493
0.307703
0.260021
0.306795
0.253649
0.297751
0.234235
0.232814
0.256878
0.265407
0.31506
0.308485
0.269541
0.507525
0.251888
0.252407
0.268711
0.411839
0.421223
0.270808
0.203535
0.39277
0.205142
0.186619
0.18464
0.18597
0.184964
0.397028
0.207494
0.20641
0.187485
0.185776
0.185468
0.187945
0.229027
0.41599
0.232035
0.227649
0.386812
0.225694
0.400603
0.419843
0.234742
0.233061
0.228166
0.413637
0.403976
0.229385
0.195616
0.233524
0.196067
0.181013
0.19112
0.180851
0.191798
0.233956
0.19723
0.196728
0.181339
0.192974
0.192389
0.181578
0.270907
0.317472
0.270556
0.318332
0.258907
0.326332
0.23942
0.239187
0.259506
0.271386
0.320299
0.318843
0.272182
0.535528
0.245436
0.24422
0.257895
0.445105
0.434084
0.259596
0.208328
0.410994
0.208789
0.188723
0.186226
0.188522
0.186358
0.410825
0.209328
0.209149
0.188974
0.186604
0.186531
0.189059
0.235501
0.43314
0.236387
0.230582
0.41757
0.229862
0.421154
0.434613
0.236985
0.236693
0.230737
0.425615
0.42306
0.230946
0.197663
0.236582
0.197831
0.181816
0.193482
0.181757
0.193805
0.237002
0.1982
0.198047
0.181926
0.194136
0.194003
0.182007
0.275265
0.325005
0.275534
0.324582
0.262871
0.335216
0.242664
0.242405
0.263261
0.275843
0.326063
0.325345
0.276309
0.55385
0.245999
0.245852
0.259396
0.458589
0.455396
0.253506
0.20933
0.410814
0.209155
0.188977
0.186604
0.18906
0.186533
0.410978
0.208344
0.2088
0.18873
0.18623
0.186362
0.18853
0.236986
0.434626
0.236706
0.230748
0.425621
0.230946
0.423093
0.433158
0.235528
0.236403
0.230594
0.417624
0.42118
0.229885
0.1982
0.236922
0.198049
0.181926
0.194137
0.182007
0.194005
0.236669
0.197667
0.197834
0.181816
0.193486
0.193808
0.181758
0.276751
0.326769
0.276919
0.326543
0.263527
0.336197
0.242955
0.242941
0.263519
0.276567
0.326297
0.326354
0.276552
0.552148
0.245798
0.245899
0.260191
0.449154
0.453374
0.259876
0.207514
0.397114
0.206433
0.187497
0.185782
0.187955
0.185474
0.392856
0.203566
0.205171
0.186633
0.184646
0.18497
0.185984
0.234771
0.41987
0.2331
0.2282
0.413657
0.229409
0.403969
0.415983
0.229078
0.232074
0.227681
0.386501
0.400533
0.225734
0.197234
0.23395
0.196732
0.181341
0.192979
0.181579
0.192394
0.233501
0.19562
0.196071
0.181014
0.191124
0.191803
0.180853
0.27373
0.323816
0.274542
0.322445
0.26037
0.33055
0.240055
0.240079
0.260148
0.273188
0.321169
0.321843
0.272864
0.531146
0.248033
0.244027
0.25798
0.414542
0.430645
0.264616
0.201514
0.348584
0.198073
0.183434
0.183729
0.184626
0.182876
0.339584
0.189643
0.194843
0.181534
0.180386
0.181697
0.179913
0.227471
0.399508
0.223833
0.225138
0.383152
0.225102
0.394884
0.396689
0.228575
0.223091
0.22703
0.694688
0.397619
0.23938
0.194671
0.231404
0.193479
0.17984
0.190076
0.180432
0.188635
0.229167
0.18974
0.191771
0.178992
0.185198
0.187004
0.178216
0.267441
0.31587
0.269108
0.312439
0.255121
0.315277
0.236426
0.235357
0.258885
0.26691
0.316768
0.311554
0.271539
0.503905
0.259897
0.254489
0.269959
0.768437
0.420806
0.275717
0.190481
0.205844
0.184993
0.200195
0.177401
0.227691
0.228411
1.00056
0.210536
0.187111
0.281997
0.213078
0.242075
0.950767
0.252965
0.224823
0.200693
0.295797
0.244152
0.220432
0.258592
0.248819
0.250905
0.253889
0.263325
0.349673
0.242447
0.237945
0.269748
0.262926
0.262566
0.258065
0.26911
0.27937
0.445086
0.25052
0.280552
0.254247
0.415427
0.288814
0.402551
0.29422
0.449724
0.300142
0.28687
0.43985
0.282858
0.263496
0.429926
0.25811
0.283423
0.4205
0.277664
0.385015
0.246317
0.248822
0.273722
0.280103
0.276605
0.273774
0.283352
0.277164
0.266941
0.273211
0.270514
0.29328
0.411813
0.294857
0.452696
0.296704
0.290112
0.452526
0.294354
0.437968
0.277705
0.274915
0.433262
0.29657
0.290155
0.26793
0.433372
0.287591
0.271712
0.430816
0.286691
0.223734
0.254236
0.233196
0.252626
0.233223
0.289384
0.449438
0.314991
0.442152
0.313185
0.316554
0.338454
0.245212
0.250148
0.314115
0.347961
0.242822
0.479496
0.4917
0.620403
0.603117
0.49485
0.284131
0.22344
0.253337
0.23581
0.285175
0.251564
0.233219
0.454328
0.322971
0.315324
0.469122
0.320087
0.242196
0.249206
0.36211
0.352802
0.242533
0.326154
0.255115
0.315227
0.236423
0.235355
0.258876
0.267434
0.315878
0.269116
0.312421
0.2669
0.316737
0.271525
0.311529
0.28683
0.254668
0.232724
0.221878
0.290527
0.251248
0.230903
0.495142
0.50661
0.623631
0.618871
0.500297
0.472495
0.322075
0.318188
0.482033
0.326084
0.375049
0.24519
0.23998
0.364231
0.239433
0.330292
0.469968
0.323553
0.475162
0.317142
0.324036
0.241018
0.362869
0.244481
0.36086
0.327939
0.238855
0.288649
0.222286
0.252799
0.232036
0.25178
0.231455
0.29101
0.288499
0.280339
0.286533
0.282429
0.290312
0.412873
0.260643
0.259368
0.292237
0.290145
0.286186
0.284465
0.292046
0.303317
0.444482
0.28149
0.301455
0.283668
0.449635
0.309602
0.427919
0.312996
0.47653
0.312042
0.310792
0.473237
0.305951
0.287416
0.456359
0.285725
0.307297
0.453182
0.295391
0.425842
0.262432
0.263236
0.294076
0.296516
0.292496
0.291297
0.297813
0.295302
0.288528
0.293971
0.289833
0.315186
0.43761
0.316388
0.481405
0.317356
0.314144
0.484285
0.313577
0.469498
0.293816
0.292646
0.46702
0.314544
0.311588
0.289836
0.46128
0.310516
0.291149
0.463972
0.283062
0.223739
0.254999
0.231042
0.254419
0.230501
0.28399
0.461026
0.323549
0.32429
0.483769
0.312916
0.371906
0.238425
0.238947
0.334541
0.329181
0.23546
0.485098
0.525859
0.609428
0.605803
0.488095
0.283316
0.223266
0.253874
0.231568
0.253685
0.289477
0.230237
0.46069
0.326346
0.324742
0.46357
0.312631
0.236116
0.23897
0.339293
0.334747
0.235481
0.31418
0.260378
0.330551
0.240051
0.240084
0.260141
0.273739
0.323832
0.274559
0.322455
0.273196
0.321152
0.272855
0.321853
0.285253
0.255847
0.231349
0.224509
0.28503
0.255908
0.231477
0.490811
0.537597
0.610688
0.612163
0.489432
0.467196
0.329952
0.328462
0.469675
0.316505
0.34435
0.240874
0.237561
0.342417
0.23708
0.317676
0.46622
0.327143
0.46491
0.327917
0.315774
0.236457
0.340226
0.240381
0.341722
0.315209
0.236647
0.285981
0.224893
0.256987
0.232321
0.256471
0.231885
0.28672
0.299103
0.294352
0.299339
0.29404
0.299725
0.433633
0.267415
0.266922
0.300461
0.299754
0.295445
0.294769
0.3005
0.317061
0.474016
0.295756
0.317324
0.295494
0.47309
0.321577
0.447466
0.3241
0.496751
0.32376
0.321996
0.495412
0.317789
0.296867
0.476238
0.29622
0.318281
0.474885
0.301037
0.435018
0.267826
0.267907
0.300849
0.301335
0.296618
0.296509
0.301467
0.301119
0.296047
0.300919
0.296246
0.323118
0.450013
0.32523
0.498293
0.325313
0.323024
0.498281
0.319646
0.478527
0.298098
0.297992
0.478294
0.319746
0.319303
0.29752
0.477726
0.3192
0.297718
0.477717
0.287638
0.225412
0.25802
0.232771
0.257652
0.232459
0.288132
0.471072
0.331098
0.330638
0.471489
0.318226
0.345196
0.237906
0.241327
0.344657
0.318782
0.237525
0.497106
0.549266
0.621088
0.619478
0.498412
0.287238
0.22529
0.257879
0.232665
0.257366
0.287811
0.232321
0.472301
0.332172
0.331401
0.473549
0.31872
0.238018
0.241483
0.346096
0.34511
0.237671
0.319404
0.263574
0.336267
0.242991
0.242978
0.263565
0.276806
0.326846
0.276978
0.326616
0.27662
0.326363
0.276602
0.326425
0.288373
0.258296
0.232848
0.225698
0.288442
0.258221
0.232802
0.498958
0.552278
0.621615
0.621659
0.498872
0.474377
0.332954
0.332714
0.474758
0.319894
0.34749
0.242049
0.238388
0.34692
0.2382
0.320172
0.474078
0.332449
0.473996
0.332534
0.319673
0.23809
0.346264
0.241892
0.346585
0.319693
0.238058
0.288584
0.225832
0.258579
0.233115
0.258401
0.23294
0.288802
0.301339
0.296618
0.301464
0.296514
0.301045
0.434999
0.267835
0.267913
0.300862
0.301129
0.296062
0.296257
0.300934
0.319649
0.478523
0.298098
0.319746
0.297997
0.478294
0.323129
0.450023
0.325241
0.498305
0.325323
0.323037
0.498291
0.319313
0.297535
0.477738
0.29773
0.319213
0.477726
0.299746
0.433617
0.267427
0.266936
0.300477
0.299128
0.294387
0.294067
0.299373
0.299777
0.295466
0.300518
0.294793
0.321597
0.447482
0.324118
0.496769
0.323777
0.322016
0.495431
0.317082
0.474051
0.29579
0.29552
0.473095
0.317351
0.31781
0.296888
0.476256
0.318301
0.296244
0.474903
0.288328
0.225687
0.258265
0.232834
0.258189
0.232787
0.288399
0.474256
0.332875
0.33264
0.474628
0.319836
0.347417
0.238368
0.242028
0.346853
0.320109
0.238181
0.498834
0.552289
0.621475
0.621509
0.498757
0.288536
0.22582
0.258542
0.233098
0.258367
0.288752
0.232924
0.47396
0.332381
0.332462
0.473886
0.319616
0.238073
0.241872
0.346205
0.346519
0.23804
0.31964
0.262927
0.335282
0.242706
0.24245
0.263309
0.275279
0.325057
0.275576
0.324604
0.275904
0.326121
0.276359
0.325422
0.287687
0.258049
0.232783
0.225424
0.288171
0.257688
0.232474
0.497241
0.549285
0.621179
0.61964
0.498497
0.471121
0.33115
0.330661
0.471579
0.318245
0.345241
0.241333
0.237917
0.344683
0.237529
0.31882
0.47243
0.332229
0.473634
0.33148
0.318782
0.238032
0.346139
0.241504
0.345182
0.319448
0.23769
0.28725
0.225293
0.257901
0.232674
0.257375
0.232325
0.28784
0.29656
0.292524
0.297836
0.291341
0.295432
0.425903
0.262468
0.263266
0.294131
0.295345
0.288583
0.289877
0.29403
0.31361
0.469488
0.293845
0.31457
0.292689
0.467063
0.315215
0.437624
0.3164
0.481461
0.31737
0.314175
0.484312
0.311625
0.289889
0.461335
0.291192
0.310557
0.464001
0.290368
0.412962
0.260682
0.259407
0.292293
0.288562
0.280394
0.282483
0.286598
0.290204
0.286241
0.292106
0.284518
0.309615
0.427899
0.312993
0.47656
0.312022
0.310814
0.473248
0.303341
0.444476
0.281541
0.283716
0.449626
0.301476
0.305983
0.287468
0.456391
0.307333
0.285775
0.453193
0.285248
0.224507
0.25585
0.23135
0.255903
0.231474
0.285035
0.467185
0.329938
0.328452
0.46966
0.316493
0.344342
0.237555
0.240868
0.342406
0.317664
0.237075
0.490803
0.53762
0.610715
0.612149
0.48946
0.285969
0.22489
0.256976
0.232315
0.256463
0.286706
0.23188
0.466211
0.32716
0.327906
0.464937
0.315768
0.236458
0.240377
0.340237
0.341715
0.236643
0.315218
0.258893
0.326337
0.239417
0.239175
0.259504
0.270885
0.317436
0.270523
0.318309
0.271371
0.320308
0.272182
0.318832
0.283055
0.254999
0.231042
0.223738
0.283993
0.254413
0.230498
0.485081
0.525842
0.609456
0.605783
0.488122
0.461001
0.323513
0.324269
0.483705
0.312899
0.371862
0.238941
0.238419
0.334523
0.235454
0.329151
0.460674
0.326356
0.463596
0.324731
0.312621
0.236115
0.339302
0.238967
0.334739
0.314187
0.235478
0.283302
0.223263
0.253859
0.231564
0.253674
0.230233
0.289456
0.280174
0.276659
0.283422
0.273823
0.277726
0.38517
0.246358
0.248864
0.273786
0.277228
0.266981
0.270556
0.273278
0.294349
0.43792
0.277751
0.296575
0.274955
0.433185
0.293202
0.411535
0.294618
0.45257
0.296514
0.290015
0.452345
0.290134
0.267961
0.433263
0.271745
0.287561
0.430688
0.263387
0.349802
0.242487
0.237986
0.26981
0.258653
0.248854
0.250954
0.253923
0.262991
0.262601
0.269175
0.258105
0.288676
0.402229
0.293913
0.449563
0.299839
0.286741
0.439659
0.279317
0.4444
0.250549
0.280511
0.254269
0.415226
0.282802
0.26352
0.429783
0.283372
0.258127
0.420336
0.286856
0.221893
0.254692
0.232752
0.251266
0.230924
0.290559
0.472526
0.322065
0.318207
0.482011
0.326105
0.375038
0.239986
0.245212
0.364263
0.330287
0.23945
0.495184
0.506228
0.623684
0.618915
0.500352
0.288666
0.222297
0.252799
0.232041
0.251792
0.291011
0.231469
0.470009
0.323585
0.317169
0.475216
0.324065
0.241054
0.244514
0.362905
0.360899
0.23888
0.327975
0.253661
0.297801
0.234239
0.232818
0.25689
0.263514
0.307745
0.260044
0.306837
0.265425
0.315099
0.269559
0.308523
0.286744
0.254266
0.233239
0.22378
0.289425
0.252664
0.233286
0.47958
0.491179
0.620483
0.603251
0.49492
0.449518
0.315036
0.442233
0.313232
0.316625
0.338306
0.250275
0.245336
0.347832
0.314183
0.242927
0.454405
0.323012
0.469187
0.315367
0.320147
0.242253
0.362151
0.249309
0.35275
0.3262
0.24262
0.284198
0.223504
0.253382
0.235911
0.285241
0.251615
0.23331
0.164737
0.167009
0.163677
0.168155
0.166553
0.167196
0.163963
0.162548
0.167459
0.164932
0.16592
0.162817
0.168096
0.165723
0.1862
0.171902
0.179448
0.172342
0.182057
0.173457
0.182885
0.274076
0.296647
0.249243
0.282993
0.300287
0.272769
0.249872
0.635895
0.499437
0.647864
0.854867
0.617931
0.847601
0.473064
0.547253
0.189621
0.261276
0.481104
0.453736
0.191877
0.264238
0.167034
0.161199
0.15845
0.167041
0.167106
0.161439
0.158749
0.163026
0.168599
0.166337
0.166172
0.163194
0.168984
0.166785
0.196782
0.176898
0.190203
0.175399
0.194781
0.17776
0.191945
0.293969
0.345058
0.264143
0.324291
0.293957
0.345362
0.26409
0.686756
0.524402
0.658942
0.85203
0.448322
0.884229
0.455131
0.432194
0.18862
0.254996
0.502818
0.436722
0.187476
0.253827
0.166397
0.161504
0.158815
0.166836
0.166055
0.161558
0.158857
0.163292
0.169218
0.167061
0.166282
0.163346
0.16934
0.167198
0.200938
0.179285
0.195071
0.176811
0.200276
0.179597
0.195652
0.299828
0.356121
0.267444
0.335427
0.29942
0.356991
0.267646
0.670574
0.54928
0.670064
0.875331
0.477958
0.876231
0.478398
0.44305
0.187148
0.254007
0.535183
0.448381
0.18421
0.24823
0.165739
0.161539
0.158812
0.166685
0.165375
0.161548
0.158806
0.163347
0.169341
0.1672
0.166248
0.163294
0.169222
0.167065
0.201315
0.17986
0.196187
0.176966
0.201524
0.179775
0.195995
0.301307
0.358207
0.269194
0.336633
0.301333
0.358225
0.269169
0.674381
0.554566
0.6739
0.877031
0.483732
0.877655
0.483488
0.448373
0.184205
0.248219
0.509124
0.443051
0.187149
0.254017
0.165375
0.161548
0.158807
0.166699
0.16574
0.16154
0.158813
0.163197
0.16899
0.166793
0.16607
0.16303
0.168607
0.166348
0.198232
0.178948
0.194344
0.17594
0.199481
0.178411
0.193218
0.297823
0.354586
0.266324
0.332611
0.29813
0.354046
0.266169
0.668457
0.542139
0.664883
0.869956
0.473735
0.874044
0.471421
0.436649
0.187477
0.253836
0.479488
0.432026
0.188665
0.255087
0.166057
0.16156
0.15886
0.166828
0.16641
0.161507
0.158819
0.162823
0.168106
0.165738
0.165766
0.162553
0.167469
0.164949
0.189563
0.176001
0.188286
0.17337
0.192543
0.174822
0.185668
0.291246
0.34168
0.262631
0.319629
0.291924
0.340516
0.262296
0.687151
0.508258
0.675731
0.874566
0.443689
0.888042
0.441893
0.455234
0.191987
0.264893
0.772916
0.556864
0.189902
0.263547
0.167133
0.161443
0.158757
0.166792
0.167105
0.161204
0.15846
0.223821
0.244707
0.228598
0.246487
0.212804
0.337382
0.260756
0.793744
0.320551
0.280485
0.229902
0.25747
0.377998
0.166571
0.167198
0.163966
0.167551
0.164746
0.16701
0.16368
0.317926
0.348473
0.386443
0.489141
0.438057
0.442075
0.368281
0.359611
0.189492
0.173349
0.175971
0.188237
0.174788
0.185618
0.192477
0.39613
0.338266
0.414319
0.335125
0.434434
0.433829
0.338654
0.334702
0.567936
0.538726
0.510019
0.186808
0.1801
0.173132
0.172849
0.185916
0.181067
0.173587
0.291256
0.319617
0.34166
0.262648
0.291934
0.340503
0.262313
0.508485
0.493626
0.492759
0.18695
0.173144
0.181844
0.174088
0.181504
0.173843
0.186983
0.406839
0.344744
0.33956
0.439625
0.422399
0.343209
0.4425
0.341093
0.198191
0.175927
0.178933
0.194317
0.178391
0.193185
0.199448
0.430856
0.35995
0.442003
0.356397
0.463423
0.463086
0.360119
0.356233
0.499751
0.51899
0.503628
0.18706
0.182054
0.174053
0.173523
0.187138
0.182096
0.174105
0.297876
0.332661
0.354626
0.266367
0.298171
0.354099
0.266219
0.542806
0.527297
0.526922
0.187118
0.173587
0.182379
0.174328
0.182185
0.174155
0.187287
0.436328
0.3641
0.359678
0.467574
0.447674
0.363382
0.469053
0.360359
0.201304
0.176962
0.179858
0.196184
0.17977
0.195986
0.201521
0.435613
0.366675
0.450744
0.363029
0.472131
0.472128
0.366678
0.363023
0.531834
0.549549
0.533536
0.187312
0.182458
0.174271
0.173723
0.18737
0.182447
0.174265
0.301412
0.33671
0.358289
0.269301
0.301439
0.358307
0.269276
0.553143
0.53699
0.536988
0.187331
0.173732
0.182561
0.174358
0.182469
0.17427
0.18744
0.435585
0.366673
0.36303
0.47213
0.45074
0.366679
0.472123
0.363023
0.200956
0.176817
0.179296
0.195092
0.179605
0.195667
0.200301
0.436291
0.364118
0.447688
0.359703
0.467608
0.469067
0.363408
0.360377
0.536989
0.553137
0.536983
0.18733
0.18256
0.174357
0.173732
0.187438
0.182469
0.17427
0.299893
0.335462
0.356165
0.267518
0.299491
0.357027
0.267717
0.549565
0.531871
0.533552
0.187313
0.173723
0.182459
0.174271
0.182447
0.174265
0.18737
0.430803
0.359969
0.356407
0.463418
0.442025
0.360129
0.463111
0.356251
0.196833
0.175414
0.176925
0.190248
0.177782
0.191985
0.194839
0.406923
0.344707
0.422342
0.339503
0.439595
0.442462
0.343172
0.341038
0.527299
0.542825
0.526942
0.187117
0.182379
0.174328
0.173588
0.187286
0.182186
0.174154
0.293904
0.324271
0.345038
0.264064
0.29389
0.345342
0.264011
0.518908
0.499669
0.503544
0.18706
0.173523
0.182055
0.174053
0.182097
0.174105
0.187138
0.396203
0.338172
0.33502
0.434346
0.414172
0.338576
0.433713
0.33458
0.186271
0.172362
0.171935
0.179492
0.173491
0.182935
0.182124
0.318013
0.348124
0.437123
0.385671
0.488102
0.441297
0.359066
0.367786
0.493462
0.508277
0.492558
0.186956
0.181846
0.17409
0.173145
0.186985
0.181506
0.173846
0.274096
0.283029
0.296684
0.249247
0.272787
0.30033
0.249877
0.53738
0.566702
0.508783
0.18682
0.172852
0.180109
0.173142
0.181072
0.173593
0.18594
0.22152
0.244163
0.216988
0.293368
0.20085
0.350283
0.342583
0.571909
0.312621
0.317251
0.465077
0.339441
0.485688
0.223808
0.244684
0.228559
0.246471
0.212785
0.337144
0.582597
0.46364
0.417361
0.594433
0.491458
0.608612
0.199149
0.172959
0.187945
0.18176
0.171771
0.186784
0.171096
0.215095
0.310319
0.219253
0.19619
0.200605
0.194815
0.201712
0.365882
0.235594
0.233831
0.204142
0.210434
0.209701
0.204877
0.355848
0.39619
0.330762
0.35491
0.511796
0.382462
0.419155
0.398172
0.303941
0.302679
0.304925
0.360239
0.358827
0.305524
0.204656
0.225823
0.205415
0.192247
0.194707
0.191995
0.195166
0.231821
0.211857
0.211442
0.198522
0.20153
0.201304
0.198793
0.232512
0.218889
0.245975
0.21273
0.244658
0.212593
0.233579
0.284649
0.302996
0.324241
0.256594
0.25596
0.321815
0.286282
0.230877
0.21797
0.244116
0.211881
0.230813
0.243238
0.211126
0.277075
0.757306
0.398666
0.500197
0.279157
0.425287
0.443382
0.207119
0.17683
0.205449
0.220146
0.177832
0.224621
0.178164
0.508584
0.687205
0.675702
0.874567
0.443977
0.888135
0.442398
0.276279
0.462672
0.412055
0.463212
0.423233
0.448882
0.279958
0.176684
0.204062
0.204871
0.218903
0.177256
0.177861
0.217791
0.238096
0.384744
0.238964
0.206639
0.211953
0.206356
0.212147
0.402884
0.244947
0.244244
0.209445
0.214647
0.214457
0.209685
0.308411
0.410524
0.310229
0.311341
0.365508
0.36894
0.309566
0.425087
0.320414
0.31981
0.320554
0.384134
0.382883
0.321092
0.21293
0.233014
0.212994
0.199972
0.202717
0.199872
0.202815
0.234474
0.215168
0.214974
0.202079
0.205151
0.205039
0.202169
0.235332
0.219502
0.247617
0.214366
0.247189
0.214062
0.235664
0.295182
0.327467
0.349215
0.264725
0.264591
0.348673
0.295475
0.234928
0.219121
0.246523
0.213744
0.234911
0.246624
0.213728
0.265167
0.414944
0.435143
0.456072
0.272355
0.431526
0.428742
0.202744
0.175364
0.201663
0.212343
0.176247
0.214033
0.175856
0.542107
0.668461
0.664906
0.869997
0.47373
0.874038
0.471399
0.265044
0.462925
0.446441
0.423929
0.434791
0.428377
0.266662
0.175343
0.202486
0.201836
0.212362
0.17577
0.175786
0.212993
0.246087
0.408696
0.245773
0.210164
0.215304
0.210365
0.215178
0.410574
0.247288
0.247214
0.210931
0.215787
0.215754
0.210945
0.323539
0.430826
0.323322
0.324087
0.388442
0.388404
0.324261
0.435244
0.326149
0.326099
0.326967
0.392522
0.392374
0.327018
0.21581
0.235936
0.215876
0.202782
0.205779
0.202722
0.205795
0.237259
0.216914
0.216873
0.203595
0.206638
0.206633
0.203599
0.237939
0.221129
0.250418
0.215871
0.2501
0.215687
0.238201
0.300576
0.335957
0.357672
0.268589
0.268505
0.357528
0.300705
0.237707
0.221009
0.250251
0.215702
0.237959
0.249837
0.215568
0.26752
0.45038
0.426867
0.489523
0.266936
0.454961
0.433291
0.202542
0.175145
0.202478
0.212709
0.175504
0.212954
0.175362
0.554565
0.674557
0.674064
0.877235
0.483727
0.877872
0.483482
0.266483
0.49402
0.460661
0.385835
0.457052
0.427847
0.257834
0.175081
0.202562
0.202416
0.212122
0.175223
0.175213
0.211264
0.247288
0.41056
0.247216
0.210933
0.215788
0.210947
0.215756
0.408707
0.246105
0.245789
0.210174
0.215311
0.215185
0.210375
0.326152
0.435245
0.326101
0.32697
0.392527
0.39238
0.327022
0.430826
0.323555
0.323332
0.324094
0.388463
0.388404
0.324274
0.216901
0.237175
0.216861
0.203596
0.206639
0.203599
0.206634
0.235946
0.215824
0.215883
0.202787
0.205784
0.205801
0.202727
0.238384
0.221387
0.250664
0.215962
0.250594
0.215933
0.238431
0.301032
0.336394
0.357841
0.268885
0.268902
0.357978
0.300983
0.238554
0.221522
0.250924
0.216175
0.238682
0.250769
0.21607
0.266458
0.460668
0.385775
0.494081
0.257803
0.45709
0.427786
0.202554
0.17508
0.20241
0.212113
0.175221
0.211251
0.175212
0.549284
0.670688
0.670139
0.875439
0.477991
0.876362
0.478393
0.26753
0.489582
0.450443
0.426843
0.454989
0.433292
0.266951
0.175144
0.202545
0.202483
0.212715
0.175504
0.175362
0.212959
0.244963
0.4029
0.244267
0.209458
0.214654
0.209697
0.214464
0.38483
0.23813
0.238999
0.206658
0.211966
0.21216
0.206375
0.320425
0.425115
0.319819
0.320554
0.384145
0.382897
0.321098
0.410456
0.308297
0.310144
0.311216
0.365342
0.368811
0.309399
0.215169
0.234452
0.214976
0.202086
0.205157
0.202175
0.205046
0.232962
0.212923
0.21299
0.199978
0.202722
0.20282
0.199877
0.23638
0.22019
0.248402
0.214648
0.248431
0.214717
0.236337
0.296418
0.329955
0.351021
0.265303
0.265281
0.351261
0.296379
0.236855
0.220578
0.249396
0.215394
0.237222
0.248954
0.21511
0.265045
0.446461
0.423859
0.462952
0.266655
0.434784
0.428278
0.202483
0.175342
0.201836
0.212364
0.175769
0.21299
0.175786
0.524339
0.686676
0.658905
0.851988
0.448146
0.884128
0.455007
0.265168
0.455985
0.414584
0.435098
0.431447
0.428642
0.272396
0.175365
0.202747
0.201663
0.212346
0.176254
0.175859
0.214049
0.235631
0.366035
0.233867
0.204161
0.210447
0.204897
0.209714
0.310423
0.215115
0.21928
0.196205
0.200612
0.194828
0.20172
0.303762
0.397916
0.302434
0.30456
0.359958
0.358419
0.305265
0.395616
0.354746
0.329847
0.352804
0.506369
0.379661
0.416122
0.211858
0.231809
0.211443
0.198527
0.20154
0.198798
0.201309
0.225818
0.204657
0.205416
0.192249
0.194708
0.191998
0.195167
0.232764
0.217621
0.247008
0.21324
0.24399
0.212236
0.234852
0.290225
0.311409
0.329046
0.259309
0.259573
0.330751
0.289714
0.233042
0.218087
0.245091
0.213172
0.233667
0.244295
0.212809
0.276473
0.411566
0.463252
0.462256
0.280016
0.421212
0.449571
0.204072
0.176704
0.204901
0.218984
0.177274
0.217824
0.177892
0.498604
0.636153
0.648107
0.852906
0.613658
0.832516
0.470758
0.277313
0.504062
0.785608
0.405036
0.422918
0.444703
0.280513
0.176864
0.20723
0.205494
0.220263
0.177908
0.178217
0.224218
0.221545
0.244204
0.217026
0.293424
0.200871
0.350397
0.342093
0.570757
0.31247
0.317067
0.465246
0.338902
0.485734
0.582637
0.463732
0.417652
0.593989
0.492036
0.608224
0.199324
0.172987
0.188016
0.181849
0.171838
0.186989
0.171129
0.224164
0.220565
0.220141
0.235769
0.217098
0.233154
0.226818
0.212595
0.204811
0.20316
0.19804
0.209355
0.207823
0.206154
0.31564
0.331356
0.311085
0.334362
0.359974
0.219671
0.215942
0.208283
0.222834
0.215604
0.212125
0.228049
0.216665
0.213366
0.202091
0.214274
0.211811
0.210849
0.219206
0.329388
0.346444
0.346558
0.330311
0.356444
0.920079
0.35204
0.357385
0.35267
0.334922
0.407986
0.332585
0.428067
0.332077
0.335658
0.426333
0.366628
0.361936
0.362207
0.366367
0.233008
0.224637
0.240497
0.230339
0.231051
0.226887
0.242741
0.376636
0.227427
0.223432
0.211385
0.223877
0.222053
0.222391
0.228925
0.349258
0.366548
0.365924
0.349874
0.224848
0.217653
0.217999
0.208755
0.219568
0.223112
0.219412
0.338129
0.352058
0.336337
0.354136
0.235825
0.233565
0.23189
0.247651
0.230091
0.24591
0.23745
0.337889
0.415714
0.335151
0.430955
0.334294
0.338791
0.434752
0.386516
0.382739
0.382095
0.387169
0.373863
0.367199
0.37124
0.369613
0.930953
0.499743
0.48768
0.484935
0.232759
0.246991
0.21323
0.21761
0.234846
0.243979
0.212229
0.290205
0.311351
0.328987
0.259307
0.25957
0.289693
0.33069
0.23304
0.218079
0.245092
0.213168
0.23367
0.244288
0.212803
0.510111
0.490886
0.495166
0.243243
0.24158
0.238629
0.25517
0.237733
0.254163
0.2442
0.232734
0.226097
0.226587
0.215439
0.226943
0.227579
0.231753
0.356098
0.372197
0.355171
0.373377
0.416436
0.241649
0.239804
0.234779
0.251056
0.236046
0.240512
0.252355
0.234192
0.229799
0.216755
0.229161
0.228351
0.229097
0.23508
0.362146
0.380198
0.379873
0.362489
0.394824
0.388678
0.393081
0.390164
0.351076
0.430464
0.347594
0.451262
0.347422
0.351239
0.450926
0.401915
0.397392
0.397092
0.402196
0.246722
0.240348
0.257208
0.244934
0.246035
0.240904
0.257944
0.423316
0.238407
0.232819
0.219932
0.233119
0.232309
0.232782
0.238949
0.370811
0.389661
0.389277
0.371197
0.237403
0.23143
0.23078
0.219078
0.231332
0.236782
0.231834
0.366258
0.383852
0.365832
0.384359
0.247809
0.246043
0.242394
0.259744
0.241953
0.259162
0.24838
0.355436
0.436222
0.351052
0.455576
0.351772
0.354737
0.456968
0.412331
0.407601
0.407222
0.412691
0.406953
0.401344
0.406241
0.401958
0.529041
0.513826
0.513417
0.236383
0.248398
0.214645
0.220191
0.236334
0.248434
0.214717
0.296416
0.329934
0.350988
0.265302
0.265285
0.296369
0.351241
0.23686
0.22058
0.249406
0.215395
0.23723
0.248961
0.21511
0.535892
0.518449
0.520131
0.250185
0.248503
0.244443
0.262064
0.244253
0.261833
0.250423
0.240146
0.233972
0.23422
0.221359
0.233851
0.234361
0.240159
0.374957
0.392688
0.37392
0.393817
0.435125
0.249764
0.247988
0.243559
0.261163
0.243781
0.249667
0.261352
0.240535
0.234924
0.221736
0.234451
0.234222
0.234779
0.240769
0.375567
0.394533
0.3944
0.375709
0.417434
0.410931
0.416153
0.412168
0.364837
0.448442
0.361163
0.469859
0.361122
0.364876
0.469796
0.417969
0.412838
0.412722
0.418071
0.251055
0.244923
0.262631
0.249326
0.250927
0.245037
0.262767
0.435547
0.241526
0.235217
0.222509
0.235654
0.235159
0.235624
0.241585
0.377001
0.395987
0.395975
0.377013
0.241345
0.235383
0.234889
0.222369
0.234985
0.241233
0.235467
0.37649
0.395373
0.376434
0.395419
0.25125
0.249514
0.245246
0.263038
0.245211
0.262987
0.251306
0.366091
0.450047
0.362377
0.471346
0.362427
0.36605
0.471411
0.419767
0.414448
0.414439
0.419774
0.419147
0.413803
0.419115
0.41384
0.550471
0.534464
0.534397
0.238408
0.250692
0.215965
0.221395
0.238454
0.250623
0.215938
0.301129
0.336462
0.35791
0.268984
0.269002
0.301079
0.35805
0.238579
0.221531
0.250957
0.216181
0.238709
0.250799
0.216076
0.552342
0.536117
0.5362
0.251064
0.249336
0.244934
0.262643
0.245045
0.262777
0.250939
0.241531
0.235219
0.235656
0.222513
0.235163
0.235629
0.241587
0.376994
0.395982
0.377008
0.395968
0.435528
0.251254
0.249519
0.245248
0.26304
0.245216
0.251307
0.262991
0.241354
0.235392
0.222376
0.234899
0.234993
0.235474
0.241244
0.376499
0.395383
0.395428
0.376443
0.41976
0.414443
0.419769
0.414431
0.366101
0.450056
0.362389
0.471359
0.362437
0.366062
0.47142
0.419156
0.413814
0.413849
0.419126
0.250205
0.244461
0.262083
0.248526
0.25044
0.244274
0.261854
0.435109
0.240168
0.233996
0.221378
0.234243
0.233872
0.234381
0.240184
0.37497
0.392715
0.393831
0.373947
0.240554
0.234939
0.234466
0.221753
0.234239
0.240786
0.234797
0.375581
0.394547
0.375723
0.394415
0.249788
0.248014
0.243586
0.261192
0.243804
0.261377
0.249694
0.364855
0.448459
0.361181
0.469878
0.361139
0.364894
0.469813
0.417447
0.410959
0.412182
0.416182
0.417984
0.412854
0.418087
0.412737
0.552352
0.536132
0.53621
0.237967
0.250446
0.215877
0.221139
0.238225
0.250132
0.215694
0.300677
0.33602
0.357734
0.268691
0.268609
0.300801
0.357594
0.237713
0.221012
0.250273
0.215708
0.237978
0.249844
0.215571
0.55049
0.534484
0.534416
0.246761
0.244977
0.24039
0.257254
0.240943
0.257986
0.246079
0.23844
0.232845
0.233146
0.219961
0.232338
0.232812
0.238977
0.37083
0.389667
0.371205
0.389297
0.423399
0.247843
0.246083
0.242426
0.259778
0.241989
0.24841
0.2592
0.23744
0.231465
0.219109
0.230817
0.231366
0.231867
0.236823
0.366307
0.383912
0.384407
0.36589
0.412354
0.407602
0.412693
0.407244
0.355458
0.436242
0.351074
0.455621
0.351788
0.354765
0.456995
0.406997
0.401405
0.402004
0.406301
0.243293
0.238677
0.255222
0.241646
0.244247
0.237793
0.254218
0.416522
0.232783
0.226143
0.215481
0.226644
0.226988
0.227632
0.231804
0.356142
0.372251
0.373416
0.355227
0.234239
0.229839
0.229202
0.216796
0.228394
0.235125
0.229149
0.362197
0.380251
0.362545
0.379923
0.241702
0.239872
0.234846
0.251117
0.236108
0.252413
0.240567
0.351079
0.430451
0.347595
0.451281
0.347416
0.351249
0.450923
0.394851
0.388727
0.390196
0.393123
0.401955
0.397445
0.402246
0.397137
0.535913
0.518507
0.520155
0.235326
0.247617
0.214368
0.219501
0.235663
0.247182
0.214062
0.295169
0.327481
0.349232
0.264704
0.264569
0.295465
0.348687
0.234918
0.21912
0.246508
0.213745
0.234897
0.246613
0.213728
0.529031
0.513843
0.513413
0.233067
0.230421
0.224715
0.240561
0.226962
0.242805
0.23111
0.227481
0.223481
0.223941
0.211438
0.222102
0.222458
0.228979
0.349291
0.366591
0.349923
0.365947
0.376796
0.235884
0.23365
0.231964
0.247715
0.230169
0.237508
0.245974
0.224903
0.217719
0.208806
0.218048
0.219617
0.219476
0.223167
0.338165
0.352083
0.354159
0.336375
0.386515
0.382773
0.387193
0.382105
0.337695
0.41545
0.334878
0.430749
0.334037
0.338587
0.434561
0.373854
0.367207
0.369621
0.371229
0.22422
0.220217
0.235831
0.220652
0.226875
0.217175
0.233215
0.360113
0.212642
0.204848
0.198084
0.203215
0.207864
0.209398
0.206212
0.315626
0.331316
0.311068
0.334324
0.216716
0.213431
0.214321
0.20214
0.211856
0.219259
0.210913
0.329404
0.346456
0.330339
0.346555
0.219723
0.216021
0.208351
0.222888
0.215651
0.212195
0.228105
0.334662
0.407682
0.332259
0.427836
0.331739
0.335408
0.426094
0.356349
0.923653
0.351962
0.357267
0.3526
0.366582
0.361924
0.366335
0.362181
0.50978
0.490637
0.494833
0.232526
0.245994
0.212747
0.218923
0.23359
0.24468
0.212615
0.284668
0.303044
0.324303
0.256598
0.255961
0.286306
0.321868
0.230895
0.218015
0.244148
0.211922
0.230836
0.243265
0.211157
0.49932
0.487271
0.484509
0.934457
0.18489
0.188847
0.178382
0.175792
0.177097
0.17496
0.177536
0.232733
0.298541
0.691004
0.212458
0.239455
0.213978
0.319493
0.185302
0.186433
0.181985
0.179645
0.176568
0.174971
0.177745
0.260181
0.320732
0.774245
0.229117
0.27613
0.254388
0.373379
0.311382
0.330183
0.32426
0.334748
0.308433
0.327648
0.277102
0.288552
0.25289
0.310902
0.305943
0.252349
0.279194
0.316149
0.337782
0.34804
0.341518
0.332742
0.320768
0.346676
0.256883
0.36248
0.548714
0.263839
0.515321
0.25921
0.495412
0.673607
0.654218
0.859496
0.440911
0.451573
0.878092
0.255464
0.377362
0.368836
0.552677
0.256011
0.257856
0.572018
0.597056
0.257849
0.270797
0.942656
0.902871
0.259793
0.620777
0.905991
0.636232
1.42661
0.51848
0.89722
0.474529
1.35353
0.593467
0.265999
0.271559
0.831502
0.561998
0.896289
0.261067
0.908773
0.430412
1.35299
0.490721
0.447586
1.35477
0.92943
0.34315
0.390531
0.361844
0.342969
0.39097
0.362054
0.293868
0.324599
0.264041
0.346234
0.345686
0.263895
0.294175
0.343306
0.362928
0.392246
0.391452
0.362268
0.343872
0.385259
0.242889
0.345993
0.541894
0.249904
0.591856
0.243788
0.527455
0.662887
0.658937
0.851411
0.46129
0.458007
0.854403
0.243153
0.354086
0.347639
0.547684
0.245136
0.244118
0.555663
0.612393
0.246822
0.256314
0.962025
0.946901
0.245635
0.622535
0.900935
0.435697
1.31072
0.423554
0.93377
0.442477
1.29556
0.607347
0.251887
0.255389
0.9965
0.654059
0.94231
0.245198
0.899522
0.448681
1.28982
0.425916
0.445343
1.29404
0.90308
0.352921
0.404082
0.372308
0.352264
0.405027
0.37301
0.299648
0.33494
0.267534
0.355733
0.356461
0.267675
0.299336
0.352509
0.372084
0.403621
0.404417
0.372597
0.351978
0.353329
0.245372
0.352866
0.56859
0.246806
0.570346
0.246448
0.550882
0.67332
0.671553
0.876998
0.480767
0.479672
0.87926
0.24553
0.354474
0.353317
0.571014
0.246801
0.246582
0.568652
0.643832
0.248638
0.260059
0.993033
0.982398
0.248486
0.642576
0.922376
0.46539
1.33091
0.450519
0.923471
0.465963
1.31673
0.641346
0.24864
0.259897
0.966669
0.641751
0.977235
0.248356
0.923775
0.468295
1.30886
0.451597
0.467174
1.31629
0.925754
0.354338
0.406332
0.374724
0.354349
0.406352
0.374709
0.30118
0.336419
0.2691
0.357947
0.358001
0.26909
0.301183
0.35415
0.37448
0.406046
0.406102
0.374499
0.354132
0.355893
0.245759
0.355004
0.562653
0.245833
0.54535
0.24575
0.553916
0.673736
0.673595
0.877789
0.482538
0.482819
0.87922
0.245646
0.354555
0.354482
0.575255
0.246587
0.245753
0.566206
0.634156
0.24829
0.254981
0.991551
0.930901
0.246827
0.639686
0.92861
0.471546
1.42361
0.457841
0.929081
0.471252
1.42276
0.617773
0.246615
0.254276
0.892021
0.594062
0.914237
0.246692
0.928389
0.470121
1.30892
0.456921
0.470546
1.4153
0.925854
0.350285
0.402399
0.370655
0.350765
0.401787
0.370092
0.297422
0.332007
0.265822
0.353039
0.353413
0.265861
0.297289
0.349738
0.369182
0.400678
0.401086
0.369478
0.34948
0.352556
0.244879
0.350255
0.564333
0.246501
0.56749
0.245861
0.539252
0.663486
0.663758
0.868926
0.465274
0.468785
0.865956
0.244353
0.352037
0.349552
0.562775
0.245195
0.245421
0.56033
0.632639
0.246851
0.258141
0.970254
0.943386
0.24718
0.629071
0.917398
0.461177
1.32957
0.44183
0.921658
0.45884
1.33525
0.633981
0.248346
0.258432
0.961863
0.638859
0.945372
0.247593
0.916764
0.452601
1.30257
0.439454
0.456229
1.33511
0.914256
0.338849
0.386362
0.358732
0.340025
0.384729
0.357323
0.290577
0.318264
0.261675
0.338281
0.339093
0.261899
0.290201
0.337814
0.355735
0.382221
0.383007
0.356141
0.337532
0.389439
0.251611
0.37603
0.587508
0.253758
0.600488
0.254071
0.508879
0.676284
0.67222
0.87084
0.441486
0.442803
0.878919
0.250416
0.373357
0.371819
0.578796
0.254348
0.252956
0.574265
0.627518
0.256311
0.271286
0.943081
0.964011
0.255486
0.623901
0.923742
0.431195
1.30637
0.41054
0.938076
0.429587
1.30959
0.636746
0.255986
0.273107
1.00665
0.660522
0.97248
0.256647
0.921789
0.430152
1.34691
0.411865
0.430578
1.31387
0.928546
0.184917
0.178385
0.188866
0.177107
0.175808
0.174966
0.177546
0.232699
0.700688
0.297936
0.243321
0.212591
0.214312
0.327651
0.185313
0.18199
0.186449
0.17657
0.179659
0.174976
0.177751
0.305899
0.256703
0.240244
0.454863
0.362402
0.287632
0.260953
0.256152
0.255518
0.276592
0.25252
0.274004
0.263322
0.245654
0.234175
0.23828
0.22885
0.244187
0.235639
0.24069
0.326351
0.257513
0.252885
0.245967
0.267835
0.255701
0.249085
0.270384
0.248949
0.246549
0.231884
0.240944
0.238799
0.244077
0.251167
0.340965
0.498028
0.350209
0.442447
0.4537
0.355536
0.340549
0.335719
0.411548
0.334637
0.417713
0.422008
0.340681
0.332843
0.333994
0.339618
0.433326
0.43728
0.438563
0.337891
0.333618
0.2886
0.276977
0.303062
0.281288
0.28794
0.277814
0.303844
0.392766
0.276646
0.265932
0.253303
0.269867
0.277422
0.265188
0.269152
0.274855
0.266979
0.26291
0.251872
0.26348
0.274264
0.267593
0.290485
0.28295
0.2803
0.306741
0.291323
0.2794
0.30583
0.336491
0.41275
0.332158
0.431324
0.432058
0.332996
0.335652
0.344062
0.458744
0.457274
0.351279
0.458086
0.344413
0.350951
0.342209
0.348335
0.455162
0.455016
0.456073
0.341388
0.349104
0.470566
0.509085
0.504846
0.540375
0.588696
0.542718
0.504965
0.47386
0.48162
0.468313
0.500079
0.502222
0.550311
0.592134
0.545714
0.290581
0.318249
0.261676
0.338227
0.339078
0.26191
0.290187
0.338845
0.386335
0.358728
0.34002
0.384709
0.357317
0.337806
0.355696
0.382156
0.382985
0.337496
0.356132
0.533196
0.500886
0.536497
0.506659
0.48994
0.490703
0.629759
0.585569
0.582349
0.5751
0.625834
0.578616
0.504283
0.543276
0.540054
0.296696
0.285198
0.313125
0.28821
0.284572
0.312563
0.297218
0.281632
0.269548
0.256967
0.27298
0.281264
0.269895
0.273378
0.408341
0.282431
0.274568
0.257609
0.271141
0.270665
0.274091
0.282922
0.295862
0.287397
0.283279
0.311128
0.295424
0.283837
0.311687
0.350706
0.464483
0.356181
0.467168
0.34914
0.467499
0.357761
0.346506
0.424587
0.343166
0.445166
0.444733
0.342889
0.346729
0.352436
0.359581
0.46942
0.47017
0.469778
0.359431
0.352614
0.306659
0.292756
0.322891
0.29686
0.306279
0.293119
0.323313
0.429507
0.292448
0.280601
0.26503
0.283031
0.292903
0.280171
0.282723
0.291745
0.281839
0.279175
0.264492
0.279506
0.291395
0.282127
0.307412
0.297526
0.294095
0.324668
0.307906
0.293739
0.324124
0.359043
0.440864
0.355038
0.461156
0.461827
0.355379
0.358712
0.366193
0.489638
0.48946
0.37366
0.489275
0.366377
0.373449
0.365213
0.372082
0.487209
0.488001
0.487891
0.36488
0.37242
0.519369
0.495151
0.528936
0.627015
0.586215
0.581167
0.521937
0.507101
0.506503
0.560056
0.614894
0.569333
0.506077
0.544406
0.540392
0.297457
0.332042
0.265847
0.353044
0.35345
0.265894
0.297309
0.350336
0.402445
0.370697
0.350807
0.401842
0.370147
0.349775
0.369193
0.400684
0.401127
0.349492
0.369517
0.526061
0.492328
0.526626
0.541437
0.524737
0.52554
0.615093
0.570097
0.56878
0.567075
0.613925
0.567691
0.493289
0.528867
0.527645
0.310173
0.29535
0.326522
0.299422
0.29559
0.327122
0.30965
0.295477
0.282236
0.266988
0.284452
0.29465
0.283004
0.284906
0.434926
0.295013
0.284231
0.266599
0.282181
0.28259
0.284504
0.294554
0.310698
0.299767
0.295474
0.326718
0.309793
0.295969
0.327717
0.37043
0.494061
0.37695
0.496046
0.369645
0.495654
0.377811
0.363773
0.447306
0.359446
0.467176
0.468604
0.360053
0.363077
0.370071
0.376476
0.495367
0.493461
0.495076
0.377401
0.36926
0.312263
0.297387
0.329328
0.301272
0.312236
0.297424
0.329355
0.435171
0.297129
0.284622
0.268195
0.286335
0.297145
0.284607
0.286323
0.296983
0.286204
0.284444
0.268112
0.28447
0.296957
0.286232
0.312421
0.301362
0.297533
0.329548
0.312439
0.297515
0.329527
0.366546
0.450557
0.362912
0.471937
0.471918
0.362908
0.366554
0.372939
0.498744
0.499102
0.380259
0.498741
0.372942
0.380255
0.372793
0.380107
0.498532
0.498854
0.498507
0.372804
0.380093
0.530321
0.496107
0.530563
0.619097
0.572068
0.572615
0.549186
0.531527
0.533109
0.571593
0.618255
0.571813
0.496841
0.530773
0.531329
0.301282
0.336491
0.269204
0.358022
0.358077
0.269194
0.301284
0.354437
0.406423
0.374833
0.354449
0.406443
0.374817
0.354244
0.374581
0.406129
0.406187
0.354225
0.374602
0.533903
0.499234
0.533869
0.552914
0.536778
0.536758
0.622315
0.575802
0.57567
0.57536
0.621948
0.575323
0.499546
0.534322
0.534197
0.312262
0.297391
0.329328
0.301274
0.297426
0.329354
0.312237
0.297124
0.284617
0.268194
0.286333
0.29714
0.284603
0.286321
0.43515
0.296982
0.286207
0.268114
0.284445
0.284469
0.286233
0.296957
0.312416
0.30136
0.29753
0.329542
0.312433
0.297513
0.329522
0.372937
0.498741
0.380258
0.499095
0.372942
0.498734
0.380251
0.366548
0.450558
0.362914
0.471937
0.471919
0.36291
0.366556
0.372795
0.380108
0.498854
0.498532
0.498507
0.380094
0.372805
0.31018
0.295373
0.326542
0.299446
0.309669
0.29561
0.327128
0.434874
0.295487
0.282254
0.267003
0.284477
0.294668
0.283014
0.284924
0.29502
0.284252
0.282199
0.266613
0.282598
0.294574
0.284521
0.310707
0.299789
0.295502
0.326738
0.309813
0.295989
0.327727
0.363782
0.447308
0.359456
0.467179
0.468607
0.360061
0.363088
0.370448
0.494096
0.496055
0.376976
0.495666
0.369671
0.377828
0.370079
0.376488
0.493464
0.49537
0.495079
0.369271
0.37741
0.533769
0.499105
0.533733
0.62215
0.575649
0.575516
0.552915
0.536779
0.536759
0.575217
0.621793
0.575178
0.499409
0.534178
0.534053
0.299653
0.33493
0.267549
0.355748
0.356452
0.267683
0.299355
0.352976
0.404131
0.372377
0.352327
0.405067
0.373069
0.352511
0.372106
0.403636
0.404409
0.351996
0.372601
0.530379
0.496122
0.53058
0.549177
0.531536
0.533103
0.619163
0.57217
0.572681
0.571656
0.618275
0.571833
0.496903
0.53087
0.531392
0.306674
0.292793
0.322924
0.296888
0.293145
0.323328
0.306309
0.292461
0.280608
0.265049
0.283049
0.29291
0.280185
0.282746
0.429469
0.291758
0.281872
0.264511
0.279202
0.27952
0.28215
0.291424
0.307424
0.297557
0.294115
0.324674
0.307913
0.293766
0.324137
0.366213
0.48963
0.373669
0.489487
0.366388
0.489301
0.373469
0.359064
0.440881
0.355062
0.461194
0.461846
0.355398
0.358738
0.365235
0.372114
0.488018
0.487252
0.48791
0.372443
0.364911
0.296745
0.285254
0.313177
0.288269
0.297269
0.284628
0.312614
0.408427
0.281681
0.269595
0.257007
0.27303
0.281312
0.269942
0.273427
0.282478
0.274617
0.271188
0.257649
0.270712
0.282971
0.274141
0.295911
0.287457
0.283336
0.311182
0.295476
0.283893
0.311737
0.346473
0.42453
0.343123
0.445135
0.444694
0.342841
0.346701
0.350688
0.46447
0.467146
0.356181
0.467473
0.349126
0.357754
0.352421
0.35958
0.47015
0.469396
0.469751
0.352604
0.359426
0.526046
0.492282
0.526577
0.615034
0.57009
0.568721
0.541467
0.524773
0.52557
0.567056
0.613869
0.567639
0.493237
0.528855
0.527591
0.293825
0.324596
0.263982
0.346224
0.345683
0.263839
0.294127
0.343107
0.390511
0.361797
0.342924
0.390951
0.362009
0.343285
0.362896
0.392235
0.391455
0.34384
0.362246
0.519341
0.495112
0.528895
0.521875
0.507063
0.506449
0.626955
0.586142
0.581114
0.560026
0.614846
0.569288
0.506033
0.544338
0.540343
0.288645
0.277039
0.303121
0.281348
0.277869
0.30389
0.287998
0.27669
0.265982
0.253342
0.269921
0.277473
0.265232
0.2692
0.392837
0.2749
0.267033
0.251911
0.262965
0.263525
0.267642
0.274321
0.290531
0.283006
0.280361
0.306794
0.291375
0.279455
0.305876
0.343997
0.458675
0.351248
0.457186
0.344365
0.457991
0.350902
0.336381
0.412583
0.331998
0.431169
0.431929
0.332852
0.335531
0.342135
0.34828
0.454923
0.455043
0.45597
0.34905
0.341308
0.26098
0.255572
0.256205
0.276622
0.263355
0.252569
0.274029
0.326452
0.245677
0.234197
0.22888
0.238314
0.235664
0.244208
0.240729
0.248978
0.246596
0.240978
0.231919
0.238828
0.251201
0.244119
0.257534
0.252933
0.246008
0.267849
0.255719
0.249129
0.270402
0.335443
0.410898
0.334294
0.417345
0.421461
0.340266
0.3326
0.340743
0.497118
0.349953
0.441863
0.452991
0.355204
0.340374
0.333813
0.339482
0.436934
0.432906
0.438044
0.333453
0.337743
0.533229
0.500898
0.536507
0.629745
0.585533
0.58234
0.506415
0.489668
0.490471
0.575132
0.625837
0.578622
0.504282
0.543247
0.540049
0.277123
0.288594
0.252896
0.310956
0.305992
0.252355
0.279217
0.31142
0.33023
0.324299
0.30847
0.334799
0.32769
0.316191
0.337835
0.348108
0.341576
0.320817
0.332788
0.509187
0.470651
0.504944
0.503928
0.473198
0.480691
0.588852
0.540486
0.542829
0.550432
0.592299
0.545833
0.468391
0.500174
0.502313
0.245385
0.245713
0.225108
0.459097
0.251719
0.372541
0.530513
0.248718
0.288703
0.299229
0.473613
0.261963
0.479698
0.30585
0.256674
0.240192
0.454233
0.362075
0.287543
0.313596
0.439481
0.390747
0.471212
0.57509
0.301038
0.3325
0.24487
0.310169
0.27527
0.247445
0.305124
0.239416
0.250964
0.235154
0.28232
0.266422
0.220924
0.241344
0.230187
0.324541
0.226323
0.222918
0.198522
0.205615
0.199968
0.20428
0.359721
0.229612
0.231529
0.202694
0.207829
0.202036
0.208346
0.392158
0.302932
0.314585
0.331462
0.366036
0.37881
0.313926
0.398041
0.299897
0.299639
0.303561
0.364091
0.306681
0.359905
0.228216
0.208007
0.20717
0.194108
0.197512
0.197099
0.194537
0.231657
0.20969
0.209649
0.196438
0.199332
0.199596
0.196183
0.34463
0.262261
0.29985
0.284691
0.297786
0.283873
0.346931
0.392626
0.347553
0.35164
0.388089
0.357599
0.377958
0.29834
0.307562
0.354718
0.298606
0.381163
0.341124
0.2603
0.292754
0.282599
0.294695
0.338507
0.282914
0.401305
0.362881
0.357612
0.407723
0.361174
0.299119
0.306758
0.387891
0.298689
0.363837
0.384847
0.282922
0.300074
0.254766
0.316651
0.28208
0.254874
0.318942
0.331273
0.364333
0.351811
0.348887
0.361835
0.333825
0.328324
0.343034
0.355077
0.325927
0.345698
0.358228
0.352868
0.303125
0.286528
0.266381
0.287922
0.350498
0.30469
0.373764
0.40258
0.312724
0.307029
0.30481
0.39883
0.377163
0.421664
0.378639
0.375152
0.426119
0.417198
0.368434
0.413502
0.371523
0.370224
0.300888
0.310335
0.391856
0.302552
0.367559
0.394916
0.356161
0.2682
0.291886
0.309431
0.28998
0.307241
0.359291
0.509288
0.676234
0.672179
0.870819
0.442153
0.878888
0.443434
0.389449
0.251582
0.375988
0.587453
0.253742
0.600528
0.254038
0.37331
0.250375
0.371769
0.578722
0.254301
0.574148
0.252913
0.62745
0.256265
0.943119
0.271193
0.623753
0.964195
0.255442
0.923748
0.431522
0.411504
1.30727
0.938178
0.43016
1.31102
0.921776
0.430963
1.34846
0.412958
0.928516
0.431289
1.31536
0.636699
0.255968
0.273028
1.00692
0.660573
0.972685
0.256611
0.387687
0.241215
0.240231
0.207422
0.213146
0.207784
0.212758
0.400495
0.24271
0.243327
0.208874
0.213982
0.208669
0.21406
0.413235
0.313529
0.31277
0.313759
0.374011
0.372322
0.314388
0.42261
0.316861
0.317781
0.318568
0.378315
0.317645
0.380163
0.233499
0.213775
0.213595
0.20066
0.203654
0.203536
0.200788
0.233938
0.214315
0.214398
0.201472
0.204317
0.204407
0.201383
0.364899
0.270622
0.31216
0.294257
0.311703
0.293827
0.365598
0.439243
0.389652
0.389911
0.438898
0.382602
0.408098
0.309328
0.317612
0.309424
0.382476
0.408259
0.364668
0.2706
0.311587
0.293701
0.311608
0.293752
0.364566
0.439685
0.391006
0.390209
0.440731
0.382893
0.310082
0.317753
0.409564
0.30955
0.38368
0.408644
0.294964
0.326719
0.26451
0.347487
0.29483
0.264537
0.347898
0.345875
0.396229
0.365806
0.365149
0.395447
0.34643
0.345298
0.364098
0.393837
0.344953
0.364497
0.394422
0.36709
0.313028
0.294781
0.271563
0.295027
0.366744
0.313217
0.386015
0.413163
0.31967
0.311973
0.311408
0.412177
0.386852
0.443942
0.394368
0.393563
0.445001
0.442954
0.392319
0.442335
0.392796
0.385286
0.310638
0.319186
0.41088
0.310946
0.384891
0.411343
0.367749
0.2719
0.295881
0.314151
0.295433
0.31368
0.368485
0.539233
0.66346
0.663773
0.868952
0.465254
0.865934
0.468783
0.352562
0.244885
0.350266
0.564355
0.246505
0.567487
0.245866
0.352025
0.244355
0.349557
0.562789
0.245191
0.560312
0.245423
0.632656
0.246847
0.970296
0.258146
0.629053
0.943471
0.247183
0.917442
0.461171
0.441804
1.32955
0.921648
0.458819
1.3353
0.916793
0.452588
1.3026
0.439462
0.914235
0.456231
1.33517
0.634007
0.248349
0.258437
0.961871
0.638854
0.945457
0.247598
0.409184
0.246601
0.246253
0.210412
0.215423
0.210507
0.215337
0.410529
0.246972
0.247045
0.21081
0.21566
0.210773
0.215657
0.432178
0.32438
0.324104
0.324862
0.389959
0.389337
0.325109
0.434688
0.325586
0.325676
0.326513
0.391605
0.326395
0.391782
0.236437
0.216417
0.216287
0.203147
0.206224
0.206171
0.203196
0.237051
0.216675
0.216705
0.203446
0.206458
0.206484
0.203414
0.375249
0.27541
0.318504
0.299616
0.318833
0.29983
0.374856
0.455435
0.401895
0.402669
0.454509
0.394717
0.421313
0.316519
0.325374
0.316866
0.394117
0.421951
0.37573
0.275728
0.318927
0.299962
0.319296
0.300253
0.375156
0.45503
0.40176
0.402258
0.454553
0.394224
0.316143
0.324839
0.421095
0.316383
0.393852
0.421442
0.30021
0.335403
0.268203
0.356752
0.300149
0.268238
0.35695
0.353563
0.405765
0.374002
0.373828
0.405602
0.353715
0.353064
0.373168
0.404746
0.35297
0.373276
0.404964
0.376057
0.31935
0.300298
0.275859
0.300323
0.375976
0.319367
0.395768
0.423503
0.32586
0.317552
0.317378
0.423227
0.396007
0.457037
0.403963
0.403756
0.457309
0.456238
0.402991
0.456072
0.403121
0.395147
0.316886
0.325381
0.422417
0.316919
0.395052
0.422533
0.376629
0.276235
0.300884
0.319966
0.300752
0.319812
0.376844
0.553905
0.673886
0.673755
0.877989
0.482518
0.879405
0.482806
0.355969
0.245782
0.355072
0.56277
0.245858
0.545477
0.245773
0.354615
0.245668
0.35455
0.575378
0.246606
0.566311
0.245775
0.634293
0.24831
0.991715
0.255007
0.639804
0.931103
0.24685
0.928824
0.471541
0.457827
1.42387
0.929308
0.471245
1.42298
0.9286
0.4701
1.30904
0.456903
0.926042
0.470532
1.41551
0.617903
0.246641
0.254301
0.892218
0.594202
0.914425
0.246715
0.410513
0.24698
0.247051
0.210815
0.215664
0.210778
0.21566
0.409171
0.246612
0.246265
0.210421
0.215428
0.210515
0.215342
0.434698
0.325595
0.325685
0.326521
0.39162
0.391795
0.326404
0.432193
0.324397
0.324117
0.324872
0.389976
0.325125
0.389349
0.236969
0.216666
0.216695
0.203448
0.206461
0.206486
0.203417
0.236528
0.216433
0.216304
0.203151
0.206228
0.206175
0.2032
0.377428
0.276759
0.320441
0.301348
0.32042
0.301346
0.377435
0.458397
0.404822
0.4048
0.458433
0.396902
0.424584
0.318248
0.326704
0.318196
0.396956
0.424519
0.377657
0.276907
0.320646
0.301546
0.320599
0.301512
0.377704
0.458086
0.404535
0.404556
0.458064
0.39665
0.318032
0.326525
0.424245
0.318022
0.396659
0.424235
0.300915
0.336145
0.268899
0.357771
0.300979
0.268856
0.357716
0.354056
0.40594
0.374285
0.374383
0.406088
0.353964
0.353852
0.374249
0.405854
0.353926
0.374164
0.405792
0.377049
0.320223
0.301158
0.27652
0.301073
0.377167
0.320131
0.396452
0.423926
0.326344
0.317797
0.317844
0.423999
0.39638
0.457873
0.404299
0.404406
0.457746
0.457582
0.404267
0.457721
0.404163
0.396234
0.317839
0.32622
0.423914
0.317727
0.396365
0.423763
0.377254
0.276589
0.301129
0.32024
0.301173
0.320274
0.377184
0.5509
0.673413
0.671726
0.877212
0.480783
0.879368
0.479685
0.353376
0.24538
0.352895
0.568651
0.24682
0.570427
0.246456
0.354515
0.245554
0.353391
0.571143
0.246817
0.568717
0.246607
0.643979
0.248653
0.993117
0.260087
0.64265
0.982579
0.248512
0.922491
0.465426
0.45052
1.33106
0.923607
0.465959
1.31685
0.923997
0.468313
1.309
0.451619
0.925866
0.467188
1.31651
0.641419
0.248654
0.259907
0.966765
0.641843
0.977322
0.248365
0.400559
0.242741
0.243353
0.208889
0.213994
0.208685
0.214067
0.387775
0.241248
0.240264
0.20744
0.213159
0.207802
0.212771
0.422619
0.316856
0.317782
0.318557
0.378313
0.380162
0.317625
0.4132
0.313501
0.312718
0.313677
0.373961
0.314338
0.372242
0.233911
0.21432
0.214399
0.201478
0.204323
0.204413
0.201389
0.233456
0.213776
0.213593
0.200666
0.203659
0.203541
0.200794
0.372114
0.273866
0.316542
0.29778
0.316688
0.297967
0.371851
0.451233
0.400002
0.399317
0.45214
0.391521
0.419237
0.315336
0.323229
0.314824
0.392241
0.41838
0.372783
0.274296
0.317605
0.298847
0.317201
0.298448
0.373415
0.450313
0.398245
0.398598
0.449863
0.390786
0.314086
0.322696
0.417197
0.314312
0.390487
0.417551
0.29636
0.330172
0.265267
0.351903
0.296584
0.265164
0.35149
0.348083
0.39849
0.367453
0.3676
0.398741
0.347954
0.34816
0.36814
0.399454
0.348525
0.36771
0.398983
0.370298
0.315722
0.297184
0.272987
0.296871
0.370775
0.315405
0.388628
0.414956
0.321297
0.312856
0.312977
0.415089
0.388511
0.447484
0.396212
0.396387
0.447254
0.447722
0.397066
0.448406
0.396544
0.388797
0.313459
0.321408
0.415942
0.313068
0.389339
0.415306
0.370161
0.272944
0.296703
0.315295
0.296802
0.31534
0.370056
0.527427
0.662917
0.658918
0.85138
0.461251
0.854427
0.45793
0.385216
0.242887
0.345977
0.541878
0.249906
0.591789
0.243786
0.354098
0.243152
0.347634
0.547675
0.24514
0.555683
0.244118
0.612379
0.246826
0.96197
0.256319
0.622554
0.946777
0.245636
0.900889
0.435495
0.423351
1.30995
0.933661
0.442337
1.29522
0.899488
0.448632
1.28973
0.425772
0.903104
0.445253
1.29375
0.607327
0.251892
0.255392
0.996253
0.653986
0.942165
0.245196
0.359871
0.229646
0.231564
0.202713
0.207841
0.202054
0.208357
0.324661
0.226357
0.222947
0.198539
0.205626
0.199985
0.20429
0.397703
0.299461
0.299308
0.303043
0.363334
0.359307
0.305949
0.391736
0.302338
0.313857
0.329943
0.364973
0.312844
0.377188
0.231645
0.20969
0.209649
0.19644
0.199334
0.199598
0.196185
0.228207
0.208006
0.207169
0.194109
0.197513
0.1971
0.194539
0.358725
0.267743
0.306938
0.289572
0.307344
0.290157
0.35808
0.432507
0.386245
0.384501
0.434812
0.377704
0.40501
0.307652
0.314509
0.30641
0.37954
0.402881
0.36009
0.268466
0.309375
0.292089
0.308335
0.291082
0.361713
0.430669
0.382501
0.383084
0.429822
0.376199
0.304577
0.313356
0.400242
0.305347
0.375442
0.401161
0.290183
0.313534
0.261163
0.335958
0.289568
0.260347
0.333896
0.338091
0.368749
0.355856
0.356305
0.369649
0.337787
0.339479
0.355754
0.380741
0.337707
0.357487
0.377727
0.360491
0.306427
0.288856
0.268535
0.290647
0.357568
0.309357
0.380056
0.405939
0.315661
0.308967
0.308053
0.405008
0.380657
0.431546
0.382924
0.383446
0.431078
0.431633
0.382359
0.429453
0.384194
0.377674
0.3038
0.313166
0.399522
0.305562
0.374849
0.402274
0.362592
0.270839
0.293917
0.312629
0.293088
0.312017
0.362935
0.494827
0.673686
0.654392
0.859221
0.440132
0.878147
0.45017
0.346762
0.25693
0.361765
0.557233
0.263783
0.571624
0.259165
0.37741
0.255554
0.368461
0.556287
0.256073
0.572182
0.257873
0.602046
0.257909
0.942642
0.271281
0.621015
0.904194
0.259857
0.903717
0.629605
0.507901
1.28371
0.471192
1.34882
0.908426
0.429445
1.35132
0.482082
0.929467
0.445498
1.35136
0.604941
0.266458
0.272109
0.816074
0.612565
0.90056
0.261121
0.245422
0.245758
0.225156
0.458968
0.372441
0.251774
0.529422
0.24875
0.288666
0.299179
0.473015
0.262008
0.479535
0.31365
0.439568
0.39093
0.473118
0.301133
0.575205
0.332569
0.24501
0.31025
0.275461
0.24774
0.305615
0.2396
0.251023
0.235254
0.282404
0.266548
0.221011
0.241428
0.230309
0.291849
0.256372
0.288743
0.254757
0.286082
0.253429
0.294346
0.286238
0.283079
0.248218
0.250079
0.282589
0.249806
0.286542
0.319769
0.337872
0.322252
0.33646
0.288022
0.253305
0.278989
0.249034
0.28227
0.284321
0.250734
0.290148
0.253617
0.252904
0.292038
0.252542
0.292328
0.290039
0.270528
0.259957
0.282677
0.265286
0.269106
0.261928
0.284391
0.354164
0.260998
0.251655
0.241533
0.256795
0.250299
0.255429
0.262401
0.2579
0.251091
0.246112
0.238945
0.256637
0.247348
0.252626
0.273784
0.268155
0.266451
0.289467
0.264762
0.287829
0.275297
0.30271
0.295051
0.258882
0.264748
0.260588
0.300502
0.297057
0.299343
0.296214
0.261767
0.262248
0.2614
0.296761
0.300668
0.330341
0.34319
0.328451
0.346314
0.297949
0.257625
0.259154
0.297472
0.258761
0.297891
0.296957
0.30643
0.267736
0.264974
0.302397
0.26383
0.300683
0.308104
0.347207
0.41683
0.345782
0.416656
0.340832
0.3493
0.396049
0.35683
0.353139
0.352744
0.357495
0.349124
0.345365
0.412998
0.395993
0.342164
0.351523
0.393598
0.334478
0.405252
0.331782
0.419327
0.332494
0.33273
0.423041
0.340477
0.450535
0.350309
0.448572
0.349519
0.341296
0.44919
0.338786
0.343585
0.440989
0.44493
0.335912
0.347256
0.445617
0.365195
0.357903
0.361194
0.361928
0.362768
0.412428
0.35885
0.42892
0.35799
0.363211
0.411128
0.360465
0.350803
0.402005
0.425508
0.356426
0.355121
0.407536
0.283219
0.27425
0.276508
0.299295
0.284405
0.273019
0.298026
0.380792
0.26801
0.256201
0.246767
0.260824
0.25696
0.267229
0.261626
0.269825
0.264163
0.259764
0.248186
0.270935
0.258697
0.263184
0.281315
0.274835
0.270339
0.294923
0.280421
0.271437
0.296029
0.323779
0.276197
0.316889
0.280867
0.317748
0.322882
0.27688
0.346882
0.362214
0.345878
0.363421
0.317345
0.312203
0.276259
0.276171
0.27578
0.311773
0.317915
0.315237
0.273274
0.308816
0.274457
0.314417
0.273932
0.309662
0.325953
0.282659
0.320771
0.279279
0.319855
0.278761
0.326794
0.317607
0.276171
0.273103
0.312867
0.272347
0.3116
0.318774
0.30754
0.300808
0.266518
0.268096
0.306093
0.267585
0.302193
0.340579
0.357598
0.341463
0.356715
0.315382
0.274315
0.269268
0.308178
0.313943
0.270351
0.30947
0.309718
0.27008
0.270027
0.304984
0.269526
0.310542
0.304371
0.336107
0.415235
0.330091
0.430806
0.333475
0.332544
0.434414
0.344082
0.453352
0.354173
0.458321
0.345105
0.352669
0.458226
0.342087
0.346149
0.454324
0.456785
0.339127
0.349608
0.457988
0.370194
0.41593
0.437261
0.358433
0.358058
0.41527
0.37073
0.383918
0.37803
0.379483
0.382269
0.367918
0.355179
0.434761
0.411043
0.356067
0.366562
0.412702
0.366173
0.417175
0.362669
0.439008
0.367398
0.360116
0.419066
0.376652
0.373276
0.372351
0.377607
0.363726
0.352612
0.435154
0.407188
0.355786
0.362783
0.409401
0.492077
0.445836
0.359119
0.560327
0.557737
0.356633
0.495566
0.446948
0.407301
0.325892
0.314438
0.443036
0.410829
0.325566
0.488605
0.443991
0.552984
0.355684
0.555307
0.485297
0.356355
0.451118
0.325431
0.313132
0.418131
0.414677
0.324528
0.455159
0.514381
0.484534
0.519693
0.495398
0.47537
0.480267
0.615035
0.572729
0.567133
0.555886
0.609116
0.561502
0.489562
0.530512
0.525018
0.503146
0.363561
0.5636
0.459202
0.368235
0.499714
0.566311
0.468808
0.434479
0.320593
0.339411
0.430344
0.335901
0.473726
0.46396
0.328613
0.317749
0.422428
0.425961
0.332192
0.460006
0.507196
0.464026
0.37664
0.572637
0.372695
0.569592
0.510771
0.290164
0.313474
0.261166
0.335905
0.289555
0.260346
0.333835
0.338046
0.368683
0.355807
0.337742
0.369581
0.356257
0.339437
0.355712
0.380675
0.337669
0.377658
0.357441
0.358716
0.267742
0.306918
0.289558
0.307339
0.358049
0.290153
0.432497
0.386242
0.384494
0.43481
0.3777
0.405018
0.307659
0.314509
0.379545
0.30641
0.402875
0.360085
0.26847
0.309378
0.292096
0.308334
0.361716
0.291083
0.430655
0.382458
0.383074
0.429773
0.376189
0.304561
0.400208
0.31335
0.37541
0.305342
0.401151
0.360456
0.268526
0.306405
0.288838
0.290631
0.309334
0.357529
0.380013
0.405888
0.308939
0.315636
0.38061
0.30803
0.404962
0.431483
0.382869
0.431013
0.383394
0.362551
0.270828
0.293894
0.312599
0.36289
0.293068
0.311991
0.431576
0.382313
0.384143
0.429395
0.377637
0.303777
0.313143
0.399477
0.305542
0.374808
0.402232
0.530384
0.495556
0.530511
0.510453
0.490038
0.494578
0.621442
0.576961
0.575146
0.572096
0.618414
0.571936
0.499119
0.535389
0.533898
0.51321
0.568342
0.375055
0.475493
0.569505
0.511585
0.377945
0.47333
0.437179
0.320599
0.336898
0.434672
0.335022
0.476268
0.470957
0.331541
0.431508
0.319332
0.432665
0.469538
0.33326
0.515881
0.478818
0.574669
0.384197
0.571769
0.38102
0.519325
0.512991
0.567756
0.470625
0.372527
0.372938
0.570973
0.510413
0.474498
0.437638
0.340066
0.321173
0.477609
0.43638
0.334257
0.517491
0.474334
0.379959
0.57867
0.517995
0.376772
0.576605
0.47103
0.32997
0.318529
0.430606
0.433284
0.330901
0.46843
0.333383
0.327628
0.288016
0.284607
0.327096
0.284237
0.333843
0.32318
0.316725
0.279736
0.280979
0.322461
0.280313
0.317537
0.357353
0.374979
0.357619
0.374758
0.332345
0.287056
0.325493
0.282632
0.326144
0.331628
0.283145
0.324278
0.281771
0.282161
0.318932
0.281471
0.324563
0.31874
0.299484
0.286651
0.315118
0.290782
0.299088
0.28715
0.315566
0.414107
0.286134
0.274639
0.260387
0.277769
0.274193
0.277353
0.2866
0.285044
0.27609
0.272804
0.259571
0.28468
0.273155
0.276458
0.300637
0.291749
0.288598
0.317341
0.288063
0.316791
0.30114
0.336566
0.329804
0.286399
0.290564
0.286753
0.336131
0.330259
0.328478
0.323191
0.285923
0.285476
0.285187
0.322928
0.328814
0.360624
0.3778
0.36022
0.378253
0.327146
0.283713
0.284794
0.321239
0.284042
0.326788
0.321581
0.337924
0.291624
0.288222
0.332109
0.287886
0.331569
0.338408
0.377847
0.422245
0.363585
0.447219
0.365156
0.376181
0.424513
0.396406
0.391851
0.391672
0.396566
0.379438
0.366929
0.449363
0.426636
0.366789
0.379608
0.426427
0.349893
0.428997
0.345724
0.448217
0.349325
0.346314
0.44931
0.357126
0.476696
0.364383
0.476173
0.364206
0.357289
0.476344
0.355836
0.362298
0.473468
0.474304
0.355276
0.362852
0.474575
0.400215
0.394866
0.395388
0.399622
0.384609
0.432875
0.371913
0.456027
0.371714
0.384863
0.432577
0.383064
0.369719
0.429999
0.45413
0.38248
0.370264
0.430775
0.304476
0.291678
0.294995
0.321404
0.304896
0.291247
0.320948
0.424457
0.289167
0.276783
0.262588
0.279613
0.277058
0.288877
0.279898
0.28971
0.280724
0.277955
0.26303
0.290103
0.277579
0.280388
0.303903
0.294436
0.290357
0.319959
0.303578
0.29074
0.32034
0.345017
0.29292
0.338109
0.296813
0.338537
0.344619
0.293173
0.369731
0.387743
0.369386
0.388106
0.335918
0.330699
0.292307
0.291591
0.291392
0.330411
0.336269
0.334994
0.290366
0.329187
0.291525
0.334685
0.290599
0.329463
0.345945
0.297552
0.339964
0.294181
0.339418
0.293964
0.346437
0.342507
0.294955
0.291605
0.336475
0.291322
0.336036
0.342894
0.33199
0.32606
0.287672
0.288833
0.331632
0.287963
0.326427
0.367134
0.385555
0.367401
0.385318
0.34178
0.2943
0.290289
0.334964
0.341376
0.290583
0.335369
0.332747
0.288979
0.289606
0.327452
0.288729
0.333015
0.327246
0.356436
0.437451
0.352864
0.458418
0.356521
0.352765
0.458253
0.361555
0.481358
0.36803
0.482751
0.36086
0.368718
0.482762
0.362573
0.369822
0.48427
0.484116
0.362653
0.369733
0.484106
0.39446
0.44488
0.469103
0.381408
0.381164
0.444513
0.394766
0.411064
0.405581
0.405968
0.410653
0.393297
0.379725
0.467626
0.44262
0.38007
0.392913
0.443127
0.38939
0.437457
0.375634
0.46247
0.388691
0.376304
0.438416
0.408022
0.403194
0.402995
0.40819
0.390421
0.377435
0.463809
0.439802
0.377328
0.39057
0.439646
0.527744
0.36474
0.470851
0.606582
0.60711
0.367815
0.529382
0.479988
0.440462
0.323652
0.337938
0.440679
0.479775
0.335843
0.480771
0.333441
0.323654
0.442317
0.441212
0.333233
0.482125
0.528335
0.481395
0.577531
0.385876
0.598202
0.523894
0.378285
0.519077
0.485807
0.519833
0.527291
0.510348
0.511655
0.608007
0.563182
0.561829
0.559817
0.606725
0.56064
0.486864
0.522239
0.52095
0.532053
0.364872
0.608264
0.461368
0.3655
0.531229
0.60916
0.485612
0.44649
0.325654
0.335935
0.445318
0.335157
0.486906
0.484482
0.333989
0.325156
0.443778
0.444342
0.334576
0.48379
0.533305
0.462385
0.367105
0.612189
0.366201
0.610577
0.534736
0.296376
0.330161
0.265295
0.351903
0.296606
0.265189
0.35148
0.348075
0.398451
0.367425
0.347928
0.398721
0.367591
0.348163
0.368152
0.399455
0.348538
0.398973
0.367713
0.372149
0.273882
0.316552
0.29779
0.316713
0.371861
0.297987
0.451305
0.400045
0.399376
0.452183
0.391573
0.419262
0.315353
0.323264
0.39227
0.314857
0.418438
0.372835
0.27432
0.317631
0.298864
0.317236
0.373443
0.298478
0.450362
0.398256
0.398641
0.449874
0.390822
0.314096
0.417208
0.32272
0.390498
0.314335
0.41759
0.370299
0.272993
0.315731
0.297193
0.296877
0.315409
0.370788
0.388617
0.414924
0.312841
0.321294
0.388483
0.312973
0.415077
0.447469
0.396179
0.447213
0.396377
0.370152
0.27294
0.29669
0.315278
0.370029
0.296797
0.315335
0.447722
0.397078
0.396546
0.448419
0.388797
0.313469
0.321412
0.415955
0.313073
0.389352
0.415306
0.525036
0.490004
0.524186
0.537371
0.521766
0.521568
0.610832
0.564502
0.564731
0.566019
0.611224
0.565124
0.489666
0.523576
0.523817
0.540427
0.617828
0.369597
0.467684
0.618474
0.539867
0.369987
0.493294
0.453491
0.329314
0.339739
0.452501
0.33902
0.4944
0.492236
0.338093
0.451065
0.328755
0.451518
0.491734
0.338427
0.54157
0.468603
0.621163
0.371511
0.619751
0.370669
0.542808
0.537392
0.616153
0.465447
0.369011
0.368396
0.615095
0.538331
0.489086
0.448425
0.336703
0.327303
0.488889
0.448603
0.336899
0.537009
0.465135
0.36798
0.614397
0.536785
0.368201
0.61465
0.48942
0.337584
0.327431
0.449669
0.448895
0.337049
0.490275
0.349196
0.34191
0.299492
0.295504
0.342634
0.295967
0.348393
0.339396
0.333017
0.293324
0.294729
0.338525
0.293715
0.333818
0.374375
0.391989
0.373349
0.393192
0.349835
0.299792
0.342225
0.295816
0.343286
0.348807
0.296236
0.338944
0.293006
0.294508
0.3326
0.293478
0.338167
0.333426
0.310917
0.295915
0.327531
0.299993
0.310587
0.296183
0.327895
0.434262
0.296168
0.283838
0.267342
0.28547
0.283694
0.285341
0.296321
0.295729
0.284835
0.282999
0.267051
0.295427
0.283282
0.285037
0.31139
0.300285
0.29665
0.328593
0.296473
0.32841
0.311556
0.349892
0.343022
0.296199
0.300016
0.296441
0.349545
0.343391
0.340037
0.334558
0.295308
0.294418
0.294269
0.334435
0.340175
0.374942
0.393386
0.374616
0.393716
0.339515
0.293714
0.294981
0.333652
0.293941
0.339219
0.333923
0.350461
0.300327
0.29693
0.34413
0.296771
0.34395
0.350627
0.399195
0.448984
0.384703
0.475596
0.385639
0.398106
0.450382
0.416789
0.410122
0.411507
0.415324
0.398654
0.384148
0.47484
0.4481
0.385176
0.397453
0.449675
0.36433
0.447755
0.360504
0.468717
0.364174
0.360651
0.469031
0.371146
0.496407
0.378534
0.49667
0.378484
0.371186
0.49634
0.370589
0.377695
0.495154
0.495771
0.370416
0.377891
0.495493
0.417214
0.411647
0.411979
0.416887
0.399795
0.451035
0.386351
0.476147
0.386287
0.399884
0.45094
0.399111
0.385427
0.449772
0.475241
0.398834
0.385651
0.450104
0.311973
0.297199
0.30097
0.329113
0.312038
0.297123
0.329043
0.434883
0.296795
0.284204
0.267873
0.285872
0.284287
0.296709
0.28595
0.296712
0.28601
0.284271
0.267877
0.296772
0.284212
0.285955
0.312067
0.300943
0.297013
0.329048
0.311975
0.297115
0.329148
0.351557
0.297841
0.344954
0.301362
0.344978
0.351538
0.297859
0.376803
0.395766
0.376799
0.395762
0.34126
0.33573
0.296602
0.295515
0.295498
0.33572
0.341272
0.341095
0.295402
0.335563
0.296517
0.341085
0.295413
0.335565
0.351738
0.301451
0.345181
0.297963
0.345162
0.297948
0.351755
0.351221
0.30106
0.297608
0.344712
0.297558
0.344649
0.351272
0.34082
0.335204
0.294952
0.296103
0.340758
0.295013
0.335253
0.376451
0.395398
0.376475
0.395388
0.351296
0.301002
0.297406
0.344655
0.351214
0.297475
0.34475
0.340786
0.295155
0.296205
0.335276
0.295109
0.340817
0.335257
0.366138
0.450073
0.362464
0.471366
0.366114
0.362481
0.47143
0.372358
0.497946
0.379646
0.498341
0.372324
0.379675
0.497999
0.372398
0.379677
0.497938
0.498344
0.37237
0.379704
0.498007
0.401557
0.453112
0.47852
0.388038
0.388034
0.453103
0.401564
0.419536
0.414221
0.41421
0.419553
0.401356
0.387869
0.478271
0.452877
0.387854
0.40137
0.452854
0.400961
0.452348
0.387422
0.477767
0.400927
0.38745
0.452383
0.419136
0.413808
0.413817
0.419113
0.400963
0.387445
0.477768
0.452347
0.387469
0.400944
0.452383
0.54548
0.372283
0.471349
0.623758
0.624049
0.372548
0.545198
0.497537
0.45581
0.33149
0.34087
0.456502
0.496832
0.341296
0.496969
0.340376
0.330897
0.455659
0.455971
0.340637
0.49667
0.546101
0.472063
0.623962
0.372778
0.624751
0.545367
0.373256
0.531625
0.497257
0.531798
0.549643
0.5332
0.53356
0.620615
0.574441
0.574004
0.572951
0.619709
0.57315
0.498029
0.533014
0.532607
0.547039
0.373163
0.625577
0.472435
0.37324
0.54685
0.625795
0.49924
0.458401
0.331936
0.342002
0.458077
0.341731
0.499594
0.498396
0.341151
0.331441
0.45714
0.457284
0.341204
0.49823
0.547944
0.473183
0.374145
0.627238
0.373831
0.626802
0.548332
0.301013
0.336213
0.269001
0.357844
0.301078
0.268957
0.357788
0.354146
0.406017
0.374379
0.354052
0.406168
0.37448
0.353943
0.374349
0.405936
0.354017
0.405873
0.374262
0.377528
0.276815
0.320514
0.301412
0.320494
0.377534
0.301411
0.458544
0.404945
0.404922
0.458583
0.397016
0.424711
0.318322
0.326781
0.39707
0.318271
0.424645
0.377763
0.276966
0.320725
0.301615
0.320677
0.37781
0.301581
0.458225
0.404649
0.404672
0.458201
0.396758
0.318102
0.424363
0.326599
0.396765
0.318092
0.424354
0.377144
0.276573
0.320294
0.30122
0.301135
0.320201
0.377263
0.396553
0.424034
0.317861
0.326413
0.396478
0.31791
0.424111
0.458003
0.404404
0.457873
0.404515
0.377348
0.276641
0.301188
0.320308
0.377275
0.301234
0.320343
0.457713
0.404378
0.404273
0.457855
0.396336
0.317907
0.32629
0.424029
0.317794
0.396469
0.423875
0.533582
0.498719
0.533331
0.552363
0.536142
0.53622
0.621688
0.574941
0.575015
0.575028
0.621411
0.574766
0.498944
0.533492
0.533565
0.549447
0.628479
0.374737
0.474344
0.628465
0.549457
0.374698
0.500999
0.4598
0.332873
0.342798
0.45972
0.342701
0.501085
0.500637
0.342539
0.459395
0.332688
0.459383
0.500648
0.342506
0.549835
0.474644
0.629007
0.375032
0.628901
0.37492
0.549931
0.548805
0.627994
0.473849
0.374543
0.374328
0.627752
0.549019
0.500319
0.45901
0.342256
0.332501
0.500236
0.45909
0.342315
0.549098
0.474067
0.374424
0.627987
0.549014
0.374488
0.628078
0.500043
0.342366
0.332374
0.459009
0.458829
0.342178
0.500238
0.351556
0.344954
0.301365
0.297846
0.344977
0.297862
0.351539
0.341255
0.335727
0.295514
0.2966
0.341267
0.295497
0.335715
0.376803
0.395766
0.3768
0.395761
0.351732
0.301449
0.345175
0.297962
0.345156
0.351749
0.297946
0.341094
0.295406
0.296521
0.335564
0.295417
0.341086
0.335565
0.311978
0.297206
0.329117
0.300979
0.312042
0.297132
0.329047
0.434865
0.296801
0.284211
0.26788
0.285882
0.284292
0.285959
0.296716
0.296716
0.286017
0.284274
0.267884
0.296776
0.284216
0.285962
0.312072
0.300955
0.297025
0.329055
0.297125
0.329153
0.311982
0.351227
0.344716
0.297619
0.30107
0.29757
0.351277
0.344653
0.340828
0.335214
0.296117
0.294968
0.295027
0.335262
0.340768
0.376457
0.395405
0.376481
0.395394
0.340792
0.295165
0.296216
0.335283
0.29512
0.340823
0.335264
0.351303
0.301015
0.297422
0.344663
0.297489
0.344756
0.351223
0.401551
0.453107
0.388036
0.478512
0.388029
0.401561
0.453095
0.419536
0.414221
0.414209
0.419553
0.401356
0.38787
0.478271
0.452877
0.387855
0.40137
0.452853
0.366146
0.450078
0.362474
0.471376
0.366124
0.362489
0.471436
0.372368
0.497959
0.379657
0.49835
0.379685
0.372336
0.498008
0.372406
0.379686
0.497948
0.49835
0.37238
0.379711
0.498013
0.419141
0.413815
0.413822
0.419121
0.40097
0.452359
0.387433
0.477776
0.38746
0.400938
0.452392
0.40097
0.387453
0.452356
0.477773
0.400952
0.387476
0.452389
0.310928
0.295934
0.300013
0.327544
0.3106
0.2962
0.327906
0.434246
0.296178
0.283847
0.267354
0.285483
0.283704
0.296329
0.285356
0.295741
0.284852
0.283011
0.267064
0.295439
0.283293
0.285052
0.3114
0.300303
0.296664
0.328602
0.311565
0.296489
0.32842
0.349205
0.29553
0.341929
0.299518
0.342641
0.348413
0.295994
0.374385
0.392007
0.373369
0.393201
0.33941
0.333045
0.294757
0.293359
0.293743
0.333834
0.338551
0.338954
0.293032
0.33262
0.294535
0.338187
0.293505
0.333438
0.349847
0.299817
0.342247
0.29585
0.343296
0.296263
0.348832
0.349907
0.300038
0.296222
0.343036
0.296464
0.343404
0.349561
0.340051
0.334573
0.294438
0.295329
0.340188
0.29429
0.33445
0.374959
0.393403
0.374633
0.393733
0.350474
0.300347
0.296949
0.34414
0.350638
0.296792
0.343961
0.339531
0.293738
0.295006
0.33367
0.293965
0.339235
0.33394
0.364347
0.447772
0.36052
0.468735
0.364191
0.360668
0.469049
0.371162
0.496425
0.378552
0.496687
0.371204
0.378501
0.496357
0.370606
0.377713
0.495172
0.495789
0.370433
0.377909
0.495511
0.39921
0.449017
0.475603
0.38473
0.385656
0.450393
0.398134
0.416797
0.410137
0.411516
0.415338
0.398663
0.384161
0.474844
0.44811
0.385185
0.397467
0.44968
0.399811
0.451052
0.386367
0.476164
0.3999
0.386303
0.450957
0.417231
0.411664
0.411996
0.416905
0.399129
0.385445
0.475259
0.44979
0.385669
0.398852
0.450121
0.549289
0.374648
0.474221
0.628305
0.628289
0.374608
0.549303
0.500845
0.459657
0.332793
0.342716
0.459577
0.50093
0.342618
0.500492
0.342462
0.332613
0.459262
0.459248
0.342428
0.500505
0.549669
0.474514
0.628819
0.374937
0.628714
0.549763
0.374825
0.533451
0.498597
0.533201
0.552369
0.536153
0.536226
0.621542
0.574811
0.574878
0.574888
0.621263
0.574628
0.498824
0.53337
0.533437
0.548657
0.374456
0.627825
0.473732
0.374243
0.548868
0.627586
0.500184
0.458889
0.332431
0.342186
0.458965
0.342241
0.500106
0.499906
0.342291
0.332303
0.458881
0.458702
0.342104
0.500099
0.548952
0.473952
0.374344
0.627828
0.374404
0.627914
0.548872
0.300316
0.33547
0.268312
0.356822
0.300254
0.268347
0.35702
0.353653
0.405832
0.37409
0.353798
0.405676
0.373926
0.353159
0.373272
0.404824
0.353065
0.405042
0.373381
0.375258
0.275419
0.318522
0.299633
0.31884
0.374883
0.299839
0.455516
0.401974
0.402735
0.454607
0.394778
0.421398
0.31657
0.325417
0.394195
0.316908
0.42202
0.375788
0.275766
0.318979
0.30001
0.319342
0.375226
0.300294
0.455039
0.401788
0.402264
0.454591
0.394234
0.316163
0.421134
0.324848
0.393882
0.316392
0.421454
0.376161
0.27592
0.319428
0.300367
0.300393
0.319445
0.37608
0.395874
0.423599
0.31761
0.325932
0.396095
0.317448
0.423344
0.457173
0.404061
0.457426
0.403868
0.376727
0.276291
0.300939
0.32003
0.376927
0.300817
0.319884
0.456383
0.403109
0.403239
0.456216
0.39526
0.316961
0.325458
0.422543
0.316994
0.395165
0.422658
0.531768
0.497391
0.53194
0.549662
0.533219
0.533579
0.620761
0.57453
0.574141
0.573103
0.619869
0.573301
0.498152
0.533101
0.532737
0.545505
0.623826
0.372312
0.471364
0.624072
0.545251
0.372563
0.497623
0.455905
0.331533
0.340924
0.456581
0.34134
0.496932
0.496987
0.340402
0.455706
0.330907
0.455988
0.496723
0.340647
0.546188
0.472124
0.62409
0.37284
0.624842
0.373306
0.545478
0.547205
0.625764
0.472565
0.373257
0.373335
0.625981
0.547016
0.499383
0.458506
0.34206
0.332009
0.499703
0.45821
0.341807
0.548098
0.473301
0.374209
0.627363
0.548447
0.373918
0.626974
0.49855
0.341234
0.331521
0.457284
0.457427
0.341286
0.498385
0.345035
0.338145
0.296845
0.292965
0.338553
0.293206
0.344657
0.335938
0.330712
0.291618
0.292344
0.336279
0.291429
0.330433
0.369754
0.387782
0.369424
0.38813
0.345962
0.297586
0.339969
0.294206
0.339433
0.346445
0.294
0.335015
0.290411
0.29156
0.329226
0.290634
0.334723
0.329486
0.304517
0.291717
0.321442
0.295043
0.304932
0.291292
0.320991
0.424525
0.28921
0.276828
0.262623
0.279658
0.2771
0.279939
0.288924
0.28975
0.28076
0.277989
0.263063
0.290138
0.277617
0.280428
0.303948
0.294484
0.290408
0.320011
0.290786
0.320388
0.303627
0.342555
0.336514
0.291649
0.295007
0.291374
0.342934
0.336081
0.332037
0.326115
0.288882
0.287729
0.288013
0.326473
0.331687
0.367182
0.385593
0.36744
0.385366
0.332793
0.289023
0.289656
0.327491
0.28878
0.333053
0.327291
0.341831
0.294351
0.290348
0.335019
0.290635
0.335419
0.341433
0.394482
0.444876
0.381416
0.469128
0.381186
0.394771
0.444537
0.411088
0.40562
0.405993
0.410693
0.393322
0.379761
0.467641
0.442662
0.380094
0.39295
0.443146
0.356458
0.43747
0.352879
0.458438
0.35654
0.352781
0.458279
0.361584
0.481411
0.368072
0.482782
0.368751
0.360896
0.482794
0.3626
0.369848
0.484294
0.484146
0.362677
0.369764
0.484135
0.408067
0.403231
0.403043
0.408226
0.38943
0.437514
0.375681
0.462499
0.376341
0.388745
0.43845
0.390461
0.377465
0.439835
0.463839
0.390604
0.377364
0.439681
0.299534
0.286705
0.290839
0.315171
0.299138
0.287203
0.315617
0.414193
0.286181
0.274686
0.260426
0.277816
0.274238
0.286648
0.277399
0.285092
0.276138
0.272851
0.25961
0.284728
0.273202
0.276506
0.300687
0.291802
0.28865
0.317393
0.30119
0.288114
0.316843
0.333435
0.284669
0.327682
0.288077
0.327148
0.333898
0.284298
0.357401
0.375024
0.357668
0.3748
0.323229
0.316775
0.28103
0.279795
0.280368
0.317581
0.322516
0.324327
0.281828
0.318978
0.282213
0.324614
0.281526
0.318785
0.332396
0.287119
0.325549
0.282697
0.326194
0.283206
0.331685
0.33662
0.290624
0.286459
0.329858
0.286813
0.330313
0.336187
0.328529
0.323243
0.285533
0.285975
0.328867
0.285241
0.322976
0.360673
0.377854
0.360275
0.378298
0.337978
0.29168
0.288283
0.332163
0.338464
0.287942
0.331623
0.327197
0.283769
0.284848
0.321288
0.284099
0.326841
0.321629
0.349886
0.428981
0.345706
0.448213
0.349319
0.346297
0.449306
0.357139
0.476722
0.364411
0.476182
0.357311
0.364225
0.476349
0.355842
0.362316
0.473475
0.474312
0.355285
0.362865
0.474579
0.377864
0.422256
0.447199
0.363601
0.365163
0.42451
0.37621
0.396434
0.39189
0.391707
0.396599
0.379456
0.366941
0.449341
0.426642
0.366797
0.379629
0.426424
0.384642
0.432914
0.37195
0.456037
0.384907
0.37174
0.432598
0.400251
0.394918
0.395429
0.39967
0.383093
0.369748
0.45414
0.430023
0.370287
0.382518
0.430795
0.540379
0.369583
0.467639
0.617815
0.618411
0.369959
0.539848
0.493227
0.453466
0.329279
0.339726
0.45244
0.494379
0.338984
0.492189
0.338082
0.328731
0.451054
0.451475
0.338402
0.491721
0.541501
0.468551
0.621139
0.371498
0.619678
0.542788
0.370629
0.525028
0.489994
0.524174
0.53739
0.52179
0.521592
0.610836
0.56453
0.564737
0.56601
0.611211
0.565109
0.489673
0.523604
0.523824
0.537389
0.369
0.616141
0.465439
0.368392
0.538318
0.615088
0.489101
0.448462
0.327307
0.336721
0.448616
0.336903
0.488925
0.489422
0.337574
0.327428
0.449653
0.448898
0.337045
0.490259
0.53702
0.465144
0.368001
0.614438
0.368206
0.614666
0.536827
0.294927
0.326714
0.264465
0.347493
0.294798
0.26449
0.347894
0.345876
0.396257
0.365819
0.34644
0.395466
0.365151
0.345276
0.364089
0.39385
0.344943
0.394419
0.364474
0.364879
0.270601
0.312135
0.294234
0.311683
0.365566
0.293807
0.439193
0.389601
0.389865
0.438835
0.382563
0.408044
0.309291
0.317581
0.382426
0.309392
0.408219
0.36463
0.270568
0.31155
0.293666
0.311573
0.364518
0.293721
0.439661
0.390973
0.390186
0.440691
0.382871
0.310058
0.409533
0.317733
0.383649
0.30953
0.408621
0.367069
0.271549
0.313016
0.294768
0.295012
0.313201
0.366736
0.386019
0.413183
0.31198
0.319671
0.38687
0.311407
0.412186
0.443947
0.394385
0.445027
0.393567
0.367752
0.271896
0.295887
0.314157
0.3685
0.295431
0.31368
0.442928
0.392309
0.392773
0.442326
0.385264
0.310626
0.319172
0.41087
0.31093
0.384883
0.411324
0.519059
0.485798
0.519825
0.527281
0.510339
0.511652
0.60802
0.563211
0.56184
0.559799
0.606717
0.560631
0.486871
0.522267
0.520959
0.527716
0.60655
0.364719
0.470815
0.607073
0.529349
0.367793
0.479942
0.440405
0.323622
0.337902
0.440637
0.335813
0.479715
0.480744
0.33342
0.442283
0.323634
0.441189
0.482094
0.333213
0.528289
0.481355
0.57746
0.385831
0.598154
0.378251
0.523831
0.532034
0.60825
0.461359
0.364864
0.365487
0.609144
0.53122
0.485628
0.446513
0.335946
0.325656
0.48693
0.445332
0.335161
0.533322
0.462391
0.367119
0.612224
0.534764
0.366207
0.610592
0.484462
0.33398
0.325142
0.443771
0.444321
0.334563
0.483784
0.323825
0.316949
0.280929
0.276265
0.317794
0.27694
0.322943
0.317384
0.31225
0.276231
0.276303
0.317969
0.275829
0.311805
0.346916
0.362257
0.34593
0.363447
0.325998
0.282718
0.320825
0.279348
0.3199
0.32685
0.278817
0.31528
0.27333
0.274503
0.308861
0.273983
0.314473
0.309697
0.283275
0.274308
0.299349
0.276576
0.284458
0.273082
0.298084
0.380955
0.268063
0.256252
0.246809
0.260875
0.257012
0.261678
0.267281
0.26988
0.264215
0.259815
0.248229
0.270987
0.258751
0.263239
0.281368
0.274899
0.270399
0.294978
0.271498
0.296083
0.280475
0.317664
0.31292
0.273164
0.276242
0.272414
0.318825
0.311658
0.307586
0.300842
0.268137
0.266566
0.267634
0.302226
0.306141
0.340623
0.357624
0.341501
0.356748
0.30977
0.270129
0.270071
0.305019
0.269579
0.310588
0.30441
0.315434
0.274383
0.269331
0.308232
0.270415
0.309523
0.313996
0.370179
0.415909
0.358423
0.437178
0.358029
0.370737
0.415218
0.383921
0.378063
0.379497
0.38229
0.367903
0.355153
0.434674
0.411005
0.356036
0.366561
0.41265
0.335928
0.414961
0.329878
0.43058
0.333309
0.33231
0.434207
0.343953
0.453205
0.354071
0.458206
0.352574
0.344968
0.458097
0.341963
0.346061
0.454136
0.456643
0.339011
0.349515
0.457837
0.376653
0.373286
0.372369
0.377604
0.366141
0.417066
0.362599
0.438905
0.360051
0.367361
0.418962
0.363705
0.352556
0.407111
0.435023
0.362757
0.355727
0.409319
0.270569
0.260015
0.265342
0.282714
0.269145
0.261981
0.28443
0.354296
0.261043
0.251703
0.241571
0.256846
0.250344
0.26245
0.255477
0.257941
0.251141
0.246151
0.23898
0.256676
0.24739
0.252671
0.273829
0.268215
0.266509
0.289516
0.275346
0.264817
0.287873
0.291868
0.256428
0.254812
0.28877
0.286103
0.294371
0.253481
0.31976
0.337851
0.32225
0.336428
0.286246
0.283076
0.248262
0.250111
0.282596
0.249847
0.286539
0.288033
0.253356
0.278998
0.249082
0.282284
0.284327
0.250782
0.29016
0.253664
0.292045
0.252937
0.292348
0.252587
0.29004
0.302744
0.264808
0.258942
0.295087
0.260643
0.297094
0.300536
0.299377
0.296239
0.262293
0.261805
0.300708
0.261448
0.296781
0.330352
0.343184
0.328462
0.346306
0.30647
0.267798
0.265034
0.302445
0.308151
0.263887
0.300725
0.297978
0.257676
0.259189
0.297489
0.258807
0.29792
0.296974
0.334234
0.404963
0.33146
0.419068
0.332257
0.33241
0.42281
0.340294
0.450355
0.350173
0.448403
0.341121
0.349375
0.449003
0.338613
0.343452
0.440767
0.444759
0.335747
0.347118
0.445427
0.347091
0.416323
0.345577
0.416243
0.340688
0.349137
0.395769
0.356746
0.353092
0.352682
0.357425
0.349019
0.345247
0.412698
0.395807
0.342038
0.351429
0.393388
0.362692
0.412283
0.358751
0.428766
0.363147
0.357881
0.41097
0.365146
0.357874
0.361164
0.361877
0.360386
0.350694
0.425351
0.401839
0.355012
0.356346
0.407375
0.513226
0.37508
0.475505
0.568386
0.569519
0.377955
0.511629
0.473336
0.437169
0.3206
0.336888
0.434679
0.476257
0.335025
0.470971
0.331564
0.319339
0.431546
0.432677
0.333269
0.469582
0.515887
0.47882
0.574646
0.384182
0.571772
0.519308
0.381023
0.530428
0.495606
0.530561
0.510089
0.489671
0.494219
0.621484
0.577016
0.575187
0.572143
0.618468
0.571986
0.499157
0.535443
0.533938
0.513049
0.372563
0.567815
0.470673
0.372972
0.510473
0.571036
0.474552
0.437694
0.321199
0.3401
0.436429
0.334286
0.47767
0.471083
0.330001
0.318553
0.430656
0.433331
0.33093
0.468487
0.517547
0.474371
0.379997
0.578741
0.376803
0.576661
0.51806
0.282939
0.300119
0.254769
0.316706
0.2821
0.254875
0.318992
0.331316
0.364402
0.351864
0.333873
0.361901
0.348934
0.328365
0.343082
0.355143
0.325972
0.358289
0.345743
0.344677
0.262283
0.299885
0.284722
0.297819
0.346984
0.283903
0.392682
0.347597
0.388139
0.351688
0.357648
0.378009
0.298378
0.307602
0.354765
0.298642
0.381217
0.34117
0.260323
0.292786
0.282631
0.338552
0.294727
0.282945
0.401366
0.362938
0.357665
0.407793
0.361225
0.299157
0.387952
0.306798
0.363893
0.298725
0.384903
0.352911
0.266398
0.303156
0.286555
0.287948
0.30472
0.350547
0.373817
0.402638
0.307065
0.312765
0.377218
0.304846
0.39889
0.42173
0.378698
0.42619
0.375207
0.35621
0.268218
0.291916
0.309465
0.359342
0.29001
0.307273
0.417256
0.368487
0.371574
0.413567
0.370271
0.300922
0.310372
0.391912
0.302584
0.367611
0.39497
0.514474
0.484609
0.519778
0.494963
0.474882
0.479836
0.615136
0.572808
0.567224
0.555995
0.609226
0.561597
0.489639
0.530586
0.525102
0.492159
0.445913
0.560426
0.359181
0.557835
0.49565
0.35669
0.447014
0.407356
0.325941
0.31448
0.443096
0.410888
0.325612
0.488683
0.444062
0.55308
0.35574
0.5554
0.48537
0.356409
0.451189
0.325486
0.418198
0.313175
0.41474
0.455234
0.324578
0.503225
0.563696
0.45927
0.363617
0.368291
0.566399
0.499794
0.468883
0.434546
0.339454
0.320638
0.473798
0.43041
0.33595
0.507278
0.464098
0.376689
0.572725
0.51085
0.37275
0.569685
0.464031
0.328663
0.317791
0.422489
0.426024
0.33224
0.460077
0.16302
0.166803
0.163895
0.166775
0.163978
0.168164
0.168697
0.164161
0.166723
0.163497
0.168994
0.172096
0.167432
0.164877
0.16203
0.166241
0.163139
0.165584
0.162266
0.166796
0.164002
0.184426
0.180219
0.172689
0.18785
0.17451
0.199551
0.178157
0.281764
0.165313
0.185862
1.11285
0.579889
0.184451
0.218726
0.159868
0.160548
0.15761
0.166025
0.16576
0.160886
0.158013
0.174249
0.499604
0.332621
0.169795
0.174886
0.314443
0.27415
0.555078
0.632792
0.615028
0.548856
0.704601
0.17406
0.310922
0.251434
0.17017
0.173576
0.321254
0.250814
0.520559
0.563564
0.491098
0.559337
0.494864
0.173368
0.325494
0.253253
0.170307
0.173289
0.329478
0.253937
0.551099
0.596417
0.522654
0.594338
0.524464
0.173291
0.329486
0.253945
0.170087
0.173375
0.325514
0.253271
0.554765
0.600637
0.528263
0.60065
0.528251
0.173586
0.321261
0.250845
0.169638
0.174071
0.31079
0.251745
0.544392
0.589276
0.518386
0.589721
0.517995
0.174871
0.314471
0.27793
0.167531
0.174224
0.533167
0.350082
0.51031
0.553338
0.486215
0.554274
0.485358
0.162271
0.166805
0.164019
0.165459
0.162035
0.166248
0.163152
0.170295
0.175901
0.177641
0.173369
0.169514
0.168908
0.172434
0.290189
0.242554
0.267379
0.265186
0.271148
0.286884
0.240407
0.63268
0.688054
0.593087
0.834257
0.528479
0.747036
0.556838
0.553896
0.184921
0.220127
0.236772
0.289931
0.165594
0.187163
0.165868
0.160893
0.158025
0.163365
0.159921
0.160555
0.157621
0.164002
0.168185
0.168792
0.166298
0.163031
0.166814
0.16392
0.172246
0.167439
0.164897
0.167032
0.164181
0.166727
0.163506
0.179818
0.171833
0.180103
0.186544
0.172402
0.176171
0.193208
0.184534
0.174873
0.186829
0.209989
0.17361
0.190953
0.200636
0.170265
0.175864
0.177584
0.173322
0.1695
0.168884
0.172407
0.305666
0.437146
0.568651
0.410045
0.462286
0.606699
0.627955
0.492699
0.193683
0.186866
0.183119
0.234207
0.178368
0.216733
0.205945
0.290155
0.242548
0.26736
0.265168
0.271119
0.286852
0.240402
0.650658
0.712327
0.698484
0.1776
0.172022
0.182522
0.177735
0.170764
0.1746
0.170681
0.230676
0.292353
0.232908
0.213589
0.213631
0.213919
0.213226
0.371055
0.275541
0.274317
0.226985
0.227285
0.227172
0.227099
0.227721
0.238478
0.691844
0.438159
0.23864
0.225234
0.403951
0.225029
0.393161
0.216214
0.386257
0.22093
0.400623
0.223477
0.227611
0.239898
0.17988
0.185408
0.232401
0.242927
0.180276
0.510536
0.55363
0.486417
0.554514
0.485604
0.226359
0.185293
0.246016
0.178909
0.244722
0.179803
0.225384
0.280285
0.381682
0.280899
0.228952
0.229105
0.2289
0.229154
0.405486
0.296413
0.295645
0.232542
0.23288
0.23283
0.232584
0.225412
0.215909
0.389301
0.367432
0.223853
0.216354
0.403833
0.225828
0.371845
0.216987
0.417347
0.216514
0.407073
0.226864
0.218056
0.234588
0.177438
0.181524
0.219919
0.234324
0.176928
0.544373
0.589255
0.518382
0.589717
0.517975
0.217986
0.181255
0.23309
0.176639
0.233748
0.176768
0.218467
0.298503
0.411132
0.299874
0.233417
0.233699
0.233384
0.233734
0.411094
0.301839
0.301815
0.233855
0.234342
0.234344
0.233854
0.227933
0.217276
0.421194
0.387773
0.227284
0.217669
0.4251
0.228054
0.390436
0.217788
0.429988
0.217731
0.427035
0.228228
0.218193
0.233617
0.176282
0.180374
0.218413
0.233817
0.176069
0.55477
0.600642
0.52826
0.600647
0.528254
0.217222
0.179563
0.224412
0.175696
0.22954
0.175777
0.215265
0.30183
0.411068
0.301806
0.233856
0.234342
0.233855
0.234345
0.411101
0.298521
0.299882
0.233425
0.233707
0.233742
0.233392
0.228064
0.217788
0.429995
0.390466
0.228228
0.217739
0.42707
0.227944
0.387799
0.217294
0.421253
0.217678
0.425129
0.227306
0.217211
0.224395
0.175695
0.17956
0.21525
0.229523
0.175776
0.551116
0.596434
0.522692
0.594384
0.524482
0.218198
0.180374
0.233613
0.176282
0.23382
0.17607
0.218418
0.296416
0.405439
0.295653
0.23255
0.232888
0.232592
0.232837
0.381766
0.280352
0.280965
0.228968
0.229121
0.22917
0.228917
0.22586
0.217006
0.417371
0.371801
0.226886
0.216541
0.407065
0.225443
0.367303
0.215946
0.388967
0.216383
0.403762
0.22389
0.217986
0.233074
0.176638
0.181257
0.218461
0.233735
0.176768
0.520471
0.563455
0.490988
0.559203
0.494769
0.218058
0.181532
0.234627
0.177448
0.234324
0.176932
0.219944
0.275607
0.371129
0.274379
0.227001
0.227301
0.227116
0.227188
0.29243
0.230706
0.232943
0.213597
0.213638
0.213927
0.213234
0.22496
0.216241
0.385805
0.393748
0.223498
0.220895
0.39847
0.227602
0.445419
0.240919
0.710605
0.225222
0.401406
0.241242
0.226485
0.246172
0.178936
0.18539
0.225436
0.245033
0.17985
0.553567
0.630695
0.613591
0.702642
0.547152
0.227781
0.185552
0.240326
0.179968
0.243499
0.180347
0.23171
0.305734
0.436155
0.567545
0.409396
0.461776
0.606021
0.627177
0.491847
0.179891
0.186588
0.171854
0.180185
0.176208
0.19327
0.172445
0.184656
0.210156
0.174983
0.186978
0.191164
0.20073
0.17368
0.649456
0.711736
0.697715
0.177614
0.172036
0.182555
0.177775
0.17077
0.174616
0.170696
0.184518
0.187902
0.180311
0.172714
0.199651
0.178191
0.174569
0.193919
0.234489
0.187064
0.183403
0.216962
0.206373
0.178513
0.210001
0.24875
0.196796
0.195522
0.19131
0.187005
0.191912
0.371614
0.466907
0.595686
0.364203
0.396801
0.386124
0.529023
0.200546
0.207753
0.190931
0.19621
0.188721
0.187501
0.188362
0.632573
0.592427
0.690925
0.848809
0.527198
0.703186
0.570357
0.788144
0.366155
0.280142
0.257351
0.492936
0.372923
0.306132
0.204952
0.172699
0.176062
0.189161
0.224526
0.199318
0.173646
0.501335
0.545265
0.47983
0.478365
0.546918
0.530664
0.574593
0.505217
0.504704
0.575197
0.552063
0.597598
0.525584
0.525497
0.597693
0.55398
0.599747
0.52729
0.527433
0.599573
0.537509
0.581873
0.509367
0.511314
0.579602
0.511193
0.553482
0.482207
0.485962
0.549365
0.210021
0.196803
0.248763
0.191323
0.19554
0.187016
0.19192
0.370233
0.588039
0.467289
0.39297
0.362808
0.382032
0.52277
0.200553
0.190935
0.207758
0.196221
0.188727
0.187508
0.188367
0.240613
0.208769
0.226565
0.218477
0.213568
0.230684
0.205587
0.211953
0.213964
0.210053
0.192234
0.199369
0.252893
0.2007
0.231464
0.311508
0.228464
0.222705
0.289646
0.258354
0.212992
0.807483
0.378434
0.284273
0.261591
0.530382
0.380058
0.322827
0.205264
0.176219
0.172832
0.225226
0.18949
0.200635
0.173859
0.198416
0.196275
0.202739
0.194863
0.187014
0.190852
0.191582
0.322284
0.302329
0.298284
0.317469
0.201167
0.213156
0.207703
0.198894
0.201557
0.196136
0.202962
0.20687
0.23406
0.190096
0.208249
0.19685
0.196385
0.253483
0.216531
0.263686
0.209422
0.216342
0.202545
0.225664
0.260976
0.920859
0.344847
0.358816
0.375549
0.994932
0.341364
0.949482
0.273765
0.32803
0.241097
0.26911
0.292889
0.232541
0.305935
0.256545
0.277413
0.216839
0.255625
0.224686
0.239877
0.287415
0.240568
0.208729
0.226531
0.218432
0.213504
0.230621
0.205542
0.211907
0.21393
0.210005
0.192203
0.199344
0.200647
0.25279
0.231383
0.311424
0.22831
0.222658
0.212897
0.289561
0.258226
0.868956
0.88804
0.825747
0.363695
0.352494
0.276157
0.313249
0.393878
0.344663
0.296144
0.325103
0.326256
0.248847
0.259074
0.342228
0.274431
0.287597
0.334874
0.255487
0.253369
0.220576
0.221062
0.220851
0.220802
0.351391
0.261414
0.262721
0.223547
0.223658
0.223434
0.223757
0.353377
0.561665
0.381513
0.50303
0.386785
0.433884
0.35879
0.333695
0.372219
0.312044
0.47631
0.395615
0.346721
0.310715
0.299249
0.364418
0.383116
0.289169
0.290983
0.363142
0.299221
0.298543
0.369846
0.303133
0.384369
0.303677
0.291945
0.364361
0.511545
0.553945
0.482601
0.549817
0.486372
0.391212
0.28782
0.287041
0.230542
0.230816
0.230593
0.230761
0.398006
0.290635
0.291131
0.23162
0.231827
0.231586
0.231864
0.30425
0.36926
0.291216
0.394127
0.373452
0.302599
0.292635
0.306309
0.378772
0.294229
0.396556
0.376663
0.293972
0.306795
0.312311
0.389425
0.410796
0.298938
0.298576
0.387908
0.312758
0.310553
0.382925
0.296417
0.408473
0.309689
0.297288
0.385241
0.53749
0.581853
0.509319
0.579553
0.511297
0.410634
0.300995
0.300748
0.233404
0.233913
0.233414
0.233907
0.411064
0.30132
0.301463
0.233695
0.234186
0.233687
0.234191
0.31554
0.393701
0.301308
0.418743
0.393864
0.31564
0.301401
0.316261
0.395561
0.302114
0.419694
0.394817
0.301984
0.316446
0.318185
0.398426
0.425034
0.303712
0.303686
0.398222
0.31822
0.317763
0.397269
0.303174
0.424224
0.317649
0.303328
0.397588
0.553971
0.599737
0.527271
0.599552
0.527423
0.411048
0.301326
0.301467
0.233699
0.234189
0.233691
0.234195
0.410622
0.301002
0.300757
0.23341
0.233919
0.23342
0.233913
0.318187
0.398431
0.303716
0.425048
0.398229
0.318224
0.303688
0.31777
0.397287
0.303182
0.424243
0.397602
0.303334
0.317656
0.315544
0.393728
0.418749
0.301317
0.301402
0.393866
0.31565
0.316268
0.39558
0.302124
0.419717
0.316459
0.301989
0.394832
0.552082
0.597619
0.525602
0.597712
0.525517
0.398092
0.290698
0.291193
0.231635
0.231841
0.231601
0.231879
0.391297
0.287884
0.287105
0.230559
0.230832
0.230609
0.230777
0.312306
0.389437
0.298935
0.410821
0.387925
0.31276
0.298566
0.310537
0.382923
0.296382
0.408469
0.385239
0.297264
0.309661
0.304117
0.369072
0.393936
0.291013
0.292493
0.373313
0.302416
0.306217
0.378719
0.294164
0.39642
0.306738
0.293866
0.376575
0.530646
0.574562
0.505211
0.575184
0.50468
0.351545
0.261492
0.2628
0.223563
0.223673
0.223449
0.223772
0.335008
0.255558
0.253437
0.22059
0.221075
0.220865
0.220815
0.298845
0.364109
0.288882
0.382226
0.362648
0.298952
0.290506
0.298
0.368896
0.302
0.383344
0.363682
0.291333
0.302829
0.35155
0.551753
0.492571
0.406991
0.384505
0.366018
0.429778
0.331966
0.370955
0.310606
0.467437
0.309562
0.347592
0.392982
0.500893
0.544752
0.479391
0.546419
0.477927
0.198449
0.196324
0.202778
0.194898
0.187047
0.190882
0.191627
0.322246
0.302315
0.298281
0.317446
0.201227
0.213207
0.207747
0.198932
0.201626
0.196193
0.203008
0.206884
0.234095
0.19012
0.20828
0.19687
0.253478
0.196414
0.21655
0.263621
0.209458
0.21636
0.260933
0.225674
0.202579
0.92501
0.344758
0.35866
0.375365
0.999216
0.341247
0.969088
0.273681
0.327778
0.241055
0.26877
0.292582
0.232543
0.305894
0.25652
0.277336
0.216868
0.255324
0.239864
0.224715
0.287434
0.867035
0.821294
0.829469
0.36389
0.352454
0.276322
0.313437
0.39385
0.344611
0.29651
0.325368
0.326204
0.249092
0.259244
0.287759
0.342195
0.274806
0.638661
0.691164
0.693548
0.516048
0.581823
0.484931
0.505112
0.55552
0.642447
0.702232
0.697095
0.762754
0.850922
0.757832
0.666282
0.615333
0.754488
0.565092
0.558434
0.737006
0.685724
0.752194
0.848482
0.754408
0.609225
0.479137
0.590998
0.497938
0.50065
0.579069
0.624104
0.679871
0.742405
0.734943
0.523532
0.56683
0.498712
0.497751
0.568027
0.667545
0.71426
0.722547
0.764707
0.860282
0.7729
0.581875
0.466315
0.580791
0.45109
0.577625
0.469476
0.584937
0.794272
0.873732
0.785593
0.585331
0.473419
0.590021
0.454139
0.472464
0.586719
0.588493
0.671107
0.730891
0.731444
0.550803
0.596263
0.522873
0.524262
0.594749
0.670227
0.730439
0.730551
0.789599
0.875463
0.789644
0.615763
0.496612
0.616986
0.479338
0.613605
0.498162
0.619157
0.789989
0.876577
0.790555
0.615682
0.496946
0.617792
0.479265
0.498035
0.614229
0.619141
0.674227
0.732735
0.732557
0.554551
0.600417
0.52805
0.528047
0.600417
0.673844
0.732209
0.732128
0.796409
0.876592
0.796639
0.620254
0.502247
0.62389
0.483711
0.620271
0.502231
0.623871
0.797536
0.896951
0.797271
0.620033
0.502025
0.623637
0.483522
0.50204
0.620028
0.623652
0.666856
0.728651
0.726875
0.543079
0.587934
0.515802
0.516763
0.586803
0.665594
0.724585
0.725454
0.783325
0.870742
0.784269
0.608464
0.492367
0.612338
0.473383
0.608939
0.492005
0.611853
0.78769
0.872175
0.785786
0.607112
0.489963
0.609272
0.472228
0.490825
0.605906
0.610515
0.683971
0.743306
0.740301
0.508674
0.551996
0.483696
0.483965
0.551886
0.679783
0.731859
0.736069
0.78736
0.881
0.791049
0.571787
0.46157
0.57608
0.442989
0.572723
0.460819
0.575179
0.796552
0.886224
0.794514
0.570621
0.459512
0.574363
0.441894
0.459611
0.570687
0.574179
0.322885
0.319058
0.303159
0.300552
0.31723
0.315612
0.254412
0.257066
0.219703
0.270254
0.274464
0.227232
0.240855
0.29456
0.308336
0.297828
0.301962
0.309242
0.286552
0.339092
0.273779
0.255992
0.596754
0.317032
0.442591
0.26588
0.70115
1.23386
0.726622
0.541506
0.561989
0.740509
0.274693
0.787674
0.624945
0.455225
0.278915
0.604212
0.268457
0.227748
0.231998
0.237363
0.233642
0.217922
0.224356
0.227122
0.239744
0.259904
0.24839
0.243695
0.239654
0.234312
0.253912
0.235663
0.228144
0.21039
0.249016
0.222618
0.246158
0.24014
0.291917
0.239662
0.302515
0.264922
0.225735
0.209143
0.205691
0.218611
0.217502
0.216611
0.230154
0.321134
0.325648
0.292573
0.584245
0.37839
0.39036
0.440355
0.682892
0.662883
0.423825
0.504774
0.563603
0.432994
0.473404
0.573951
0.525153
0.419855
0.487476
0.628814
0.389456
0.48934
0.604221
0.469594
0.405996
0.322844
0.319019
0.303125
0.300519
0.317192
0.315577
0.254401
0.257048
0.219695
0.270233
0.274438
0.227226
0.240834
0.294528
0.30827
0.297795
0.301928
0.309206
0.286491
0.537509
0.5679
0.527183
0.497321
0.456646
0.490238
0.444248
0.440691
0.554101
0.471018
0.583035
0.649497
0.691741
0.590374
0.633822
0.67337
0.529931
0.464904
0.635239
0.498396
0.609502
0.616107
0.624626
0.647389
0.300218
0.240471
0.237105
0.21517
0.21592
0.215436
0.215656
0.367663
0.271078
0.272037
0.226084
0.226192
0.22628
0.225989
0.277228
1.03551
0.998559
0.970938
0.355516
0.348813
0.970618
1.42252
0.530142
1.29205
0.969842
0.897573
0.613457
1.21023
0.277755
0.917812
0.988546
0.968194
0.329066
0.339651
0.964587
1.27626
0.502826
1.28937
0.924519
0.454485
0.555417
0.859342
0.508942
0.552346
0.484064
0.48426
0.552329
0.683993
0.74337
0.740331
0.679786
0.731838
0.736078
0.787348
0.881032
0.791067
0.572126
0.461825
0.576401
0.443326
0.573004
0.461119
0.575563
0.796626
0.886279
0.794556
0.571034
0.45996
0.574936
0.442322
0.459985
0.571198
0.574654
1.03559
0.280649
1.05026
0.944167
0.360815
0.965098
0.371734
0.411902
1.22341
1.22837
0.797128
0.422118
0.422432
0.79574
1.27156
0.413365
1.23387
0.806731
0.442404
0.425452
0.844643
0.282972
1.08909
1.05728
0.941384
0.380961
0.383784
0.959095
0.38319
0.282827
0.28201
0.229224
0.229482
0.229423
0.229281
0.40414
0.294123
0.294722
0.232285
0.232521
0.232562
0.23225
0.263231
1.04608
1.03183
0.920533
0.347503
0.344592
0.925347
1.22752
0.424091
1.21423
0.792566
0.425963
0.800096
0.436539
0.262019
1.08032
1.02849
0.920179
0.352199
0.956393
0.338483
1.20487
0.426382
1.21166
0.788822
0.446347
0.440051
0.784468
0.54305
0.587905
0.515767
0.516736
0.586766
0.666916
0.72865
0.726939
0.665656
0.724614
0.725521
0.783359
0.87082
0.78434
0.608445
0.492364
0.612339
0.473368
0.608937
0.491989
0.611834
0.787685
0.872239
0.785852
0.607086
0.489937
0.609238
0.472207
0.490802
0.60587
0.610492
1.05431
0.265041
1.02629
0.922975
0.347247
0.932598
0.342645
0.44289
1.25038
1.25738
0.818418
0.464988
0.460648
0.815054
1.21575
0.44059
1.25655
0.817913
0.450513
0.45763
0.790017
0.265265
1.04548
1.02876
0.924259
0.345644
0.342731
0.932258
0.409927
0.298461
0.299259
0.233181
0.233594
0.233615
0.233085
0.410661
0.301554
0.301598
0.233811
0.234298
0.2343
0.233808
0.267395
1.0781
1.06595
0.939489
0.352783
0.351493
0.94545
1.25212
0.451993
1.23731
0.809957
0.469672
0.816868
0.471781
0.267194
1.05061
1.06073
0.937804
0.347832
0.936277
0.349577
1.22884
0.453055
1.23677
0.80893
0.475493
0.47301
0.807048
0.55455
0.600416
0.528045
0.528046
0.600413
0.674403
0.732924
0.732746
0.674011
0.732385
0.732307
0.796598
0.8768
0.796831
0.620257
0.502243
0.623886
0.483711
0.620267
0.502233
0.623873
0.797739
0.897176
0.797474
0.620032
0.50202
0.623631
0.483519
0.502038
0.620023
0.623651
1.07772
0.260138
1.01161
0.952721
0.346784
0.948439
0.32778
0.459788
1.37165
1.36955
0.929129
0.48411
0.482816
0.934032
1.23021
0.45882
1.35725
0.909444
0.478424
0.481184
0.8108
0.259095
0.97448
0.995084
0.931035
0.313956
0.317408
0.916259
0.410643
0.301553
0.301595
0.233813
0.234299
0.234301
0.23381
0.409877
0.298486
0.299258
0.233188
0.233602
0.233622
0.233093
0.260109
1.07757
1.0114
0.952609
0.346731
0.327728
0.948379
1.37143
0.459804
1.36938
0.929135
0.484121
0.933987
0.482844
0.259068
0.974278
0.994891
0.930935
0.313907
0.916126
0.317361
1.23014
0.458839
1.35711
0.909454
0.478482
0.481217
0.810832
0.550795
0.596256
0.522873
0.524257
0.594747
0.671177
0.73101
0.731517
0.670253
0.730523
0.730578
0.78969
0.875494
0.789674
0.615777
0.496646
0.617037
0.479357
0.613655
0.49818
0.619169
0.790113
0.876656
0.790631
0.615671
0.496943
0.617782
0.479261
0.498029
0.614225
0.619131
1.07819
0.267422
1.06613
0.939597
0.35279
0.945538
0.351518
0.451996
1.25223
1.2374
0.809906
0.46977
0.4718
0.816885
1.22898
0.45308
1.23694
0.808953
0.475541
0.473055
0.807089
0.267202
1.05069
1.06081
0.937806
0.347827
0.349566
0.936314
0.404107
0.294155
0.294734
0.232294
0.232529
0.232571
0.232258
0.383275
0.282893
0.282076
0.22924
0.229498
0.229439
0.229298
0.265032
1.05422
1.02617
0.922764
0.347198
0.342591
0.932338
1.25037
0.442918
1.25731
0.818323
0.465038
0.814973
0.460709
0.265257
1.04546
1.02865
0.924102
0.345603
0.932173
0.34268
1.21565
0.440585
1.25647
0.817761
0.450528
0.457656
0.789755
0.523459
0.566735
0.498636
0.497669
0.567936
0.679804
0.742319
0.734873
0.667495
0.714221
0.722493
0.764666
0.860215
0.772843
0.581747
0.466165
0.580599
0.45094
0.577463
0.469348
0.584788
0.794181
0.873649
0.785519
0.585219
0.473313
0.589894
0.454013
0.472354
0.58661
0.588363
1.04596
0.263235
1.03158
0.919853
0.347462
0.924982
0.34455
0.42388
1.22635
1.21367
0.791649
0.425526
0.43631
0.798487
1.20468
0.426228
1.21118
0.788078
0.446274
0.43989
0.784049
0.262019
1.07978
1.02821
0.919373
0.352227
0.338449
0.954887
0.367736
0.27116
0.272099
0.2261
0.226207
0.226295
0.226005
0.300307
0.240521
0.237148
0.21518
0.21593
0.215445
0.215666
0.280769
1.0349
1.0495
0.941178
0.361278
0.372024
0.961426
1.22208
0.410867
1.22619
0.794118
0.421475
0.793748
0.421166
0.283075
1.08848
1.05653
0.938715
0.381061
0.957294
0.383961
1.26865
0.412203
1.23156
0.803297
0.43973
0.423932
0.839988
0.514857
0.580032
0.483953
0.503687
0.554251
0.638997
0.690926
0.693762
0.642773
0.70255
0.697513
0.761811
0.845995
0.755289
0.663824
0.612935
0.75446
0.560532
0.73539
0.555496
0.683174
0.744858
0.850826
0.749529
0.607133
0.477443
0.58938
0.494564
0.498331
0.57751
0.62447
1.03481
0.277827
0.998787
0.967708
0.356174
0.966672
0.349562
0.51915
1.30746
1.28526
0.970439
0.84403
0.621489
1.20099
1.2731
0.493494
1.28402
0.9206
0.451006
0.555585
0.854291
0.278481
0.913748
0.991181
0.968974
0.331069
0.340239
1.02386
0.227767
0.232029
0.237381
0.233652
0.217948
0.224368
0.227153
0.239781
0.259913
0.248404
0.243702
0.239695
0.234348
0.253914
0.235668
0.22819
0.21042
0.249026
0.222655
0.246161
0.240144
0.291966
0.239605
0.302602
0.264836
0.225743
0.209166
0.205717
0.218619
0.217512
0.216639
0.23016
0.320958
0.325794
0.29246
0.583119
0.378
0.389887
0.439967
0.681532
0.66182
0.423425
0.504893
0.56347
0.433053
0.473545
0.573723
0.524947
0.42014
0.487716
0.627902
0.389858
0.489408
0.603727
0.469758
0.406451
0.537629
0.567879
0.527245
0.497425
0.456746
0.490359
0.444384
0.441022
0.556539
0.471106
0.586186
0.649174
0.690357
0.589899
0.633459
0.672423
0.529966
0.465339
0.639611
0.498441
0.613398
0.617142
0.623368
0.646951
0.338204
0.255202
0.265209
0.515671
0.316053
0.381554
0.260842
0.705597
1.44774
0.899487
0.747498
0.56891
0.575239
1.04935
0.267617
0.816776
0.563717
0.395753
0.274066
0.572355
0.263851
0.303162
0.351449
0.301209
0.306186
0.356967
0.36397
0.307508
0.356924
0.303401
0.301914
0.307618
0.378415
0.371358
0.309778
0.318964
0.419033
0.53374
0.333189
0.411755
0.321698
0.329739
0.316829
0.396178
0.530787
0.326023
0.403947
0.317175
0.326771
0.497618
0.544688
0.47879
0.545583
0.478247
0.667489
0.728633
0.72011
0.660777
0.70821
0.714256
0.768403
0.864524
0.774087
0.564154
0.45736
0.440979
0.569144
0.568126
0.45691
0.56554
0.562705
0.464032
0.572341
0.446051
0.564263
0.568199
0.460439
0.78731
0.870401
0.779783
0.310273
0.378106
0.310265
0.317967
0.400412
0.39641
0.319057
0.306222
0.373572
0.307579
0.314952
0.385788
0.313008
0.3913
0.327602
0.426274
0.337182
0.565055
0.325205
0.431778
0.340205
0.330934
0.442234
0.569062
0.346047
0.437346
0.343958
0.332723
0.366757
0.691652
0.349826
0.609144
0.353463
0.362368
0.709264
0.38853
0.417743
0.930484
0.791057
0.413695
0.776621
0.391739
0.383272
0.754185
0.400482
0.923262
0.407384
0.377834
0.769682
0.371224
0.612782
0.359527
0.730396
0.357388
0.715794
0.373807
0.673216
0.900419
0.649831
1.16278
0.700418
1.15486
0.616582
0.669685
0.669807
0.73898
0.5793
0.671594
0.740427
0.605524
0.720985
0.864575
1.28077
1.38537
0.72698
0.815892
1.27835
0.729552
0.899521
0.843886
1.15469
0.762526
0.817194
1.15428
0.598856
0.569907
0.507048
0.485792
0.605969
0.557234
0.528518
0.667432
1.28404
1.36988
0.600348
0.677596
1.27843
0.607165
0.351829
0.578788
0.685061
0.345286
0.340991
0.35705
0.660771
0.35834
0.366791
0.702125
0.862967
0.374483
0.353559
0.720695
0.346961
0.576098
0.335241
0.636201
0.343956
0.337095
0.65506
0.364814
0.747845
0.392264
0.870492
0.383383
0.371482
0.726092
0.580795
0.63041
1.16632
0.915603
0.61719
1.17257
0.596647
0.515164
0.425781
0.431508
0.538803
0.538756
0.428649
0.514275
0.567473
0.548876
1.35635
1.30099
0.552244
1.29569
0.565885
0.520002
0.547928
0.438516
0.452676
0.541076
0.530563
0.438452
0.570426
1.28641
1.35574
0.581094
0.55616
1.29255
0.587783
0.578029
0.919652
0.614347
1.18258
0.616975
1.17591
0.576498
0.312395
0.368107
0.307768
0.319131
0.421053
0.401336
0.325825
0.345899
0.295827
0.297636
0.308172
0.38077
0.379103
0.306924
0.320447
0.414929
0.53979
0.334332
0.412506
0.319968
0.333455
0.332363
0.46197
0.561259
0.358873
0.436602
0.345959
0.342273
0.528967
0.572839
0.501581
0.57108
0.503105
0.661462
0.720263
0.717673
0.660034
0.714404
0.715766
0.764462
0.852005
0.765407
0.593402
0.47968
0.460789
0.597429
0.596709
0.479187
0.594076
0.591619
0.476289
0.593052
0.459259
0.589774
0.594929
0.477637
0.767704
0.853013
0.766691
0.297472
0.353138
0.297299
0.309966
0.395171
0.393426
0.309925
0.295715
0.350607
0.296273
0.308557
0.384572
0.307368
0.389429
0.322601
0.419695
0.336482
0.551265
0.321009
0.424848
0.338846
0.324138
0.430055
0.554833
0.341013
0.428575
0.340732
0.324291
0.369227
0.736051
0.35113
0.616695
0.354157
0.365987
0.736132
0.391548
0.421279
0.951919
0.806054
0.420187
0.798929
0.392429
0.38921
0.796935
0.413743
0.949278
0.417702
0.385698
0.796558
0.371493
0.619831
0.35695
0.745925
0.356333
0.738832
0.372246
0.595811
0.909065
0.636594
1.14752
0.635853
1.14778
0.598151
0.527543
0.427796
0.549734
0.438309
0.553626
0.523804
0.430422
0.582019
0.557935
1.29065
1.30307
0.563962
1.27069
0.576936
0.592508
0.922378
0.627697
1.17641
0.630895
1.15866
0.587751
0.531014
0.55877
0.441367
0.434778
0.557129
0.532794
0.433498
0.58505
1.2595
1.29734
0.570182
0.566592
1.2599
0.587735
0.360137
0.604786
0.736415
0.348102
0.346142
0.362608
0.735906
0.391405
0.441058
0.847074
0.94941
0.417251
0.805229
0.411888
0.373259
0.623979
0.374186
0.788646
0.358994
0.750897
0.391109
0.378256
0.794148
0.408545
0.937407
0.404132
0.381552
0.790438
0.60337
0.640897
1.15097
0.900543
0.641958
1.15041
0.600994
0.539334
0.441182
0.448121
0.566124
0.565329
0.44053
0.540214
0.594606
0.578906
1.28623
1.26773
0.577016
1.2617
0.59588
0.537628
0.56172
0.446612
0.437649
0.5636
0.535709
0.439014
0.592975
1.26264
1.2873
0.572317
0.575659
1.26122
0.590329
0.605167
0.900968
0.644745
1.15597
0.644896
1.15096
0.606204
0.299812
0.353489
0.299747
0.306456
0.376208
0.376689
0.306452
0.352741
0.299223
0.299167
0.305934
0.376578
0.376154
0.306056
0.326385
0.441716
0.570057
0.346749
0.440563
0.32674
0.34618
0.326703
0.439205
0.569168
0.345855
0.44045
0.346298
0.326478
0.551267
0.596793
0.524366
0.596347
0.524754
0.672796
0.734089
0.73346
0.671824
0.732038
0.732378
0.791321
0.877368
0.791774
0.617062
0.499441
0.480653
0.620676
0.620557
0.499345
0.61717
0.616263
0.49831
0.619305
0.479992
0.615797
0.619779
0.498655
0.79387
0.878586
0.793025
0.300179
0.354154
0.3001
0.307024
0.379399
0.378769
0.307083
0.299572
0.35339
0.299594
0.306481
0.377305
0.306424
0.377655
0.327477
0.443235
0.347469
0.569061
0.327294
0.444258
0.347718
0.328195
0.447111
0.571164
0.348262
0.446033
0.348471
0.328249
0.381416
0.741319
0.366226
0.642579
0.366601
0.380998
0.741267
0.40262
0.431714
0.990187
0.81046
0.432258
0.809976
0.402124
0.401697
0.806167
0.430334
0.985195
0.431087
0.40118
0.806719
0.382249
0.644694
0.367009
0.7443
0.367391
0.744284
0.381883
0.629673
0.92242
0.667246
1.17971
0.669065
1.18009
0.628311
0.561502
0.458277
0.585345
0.466705
0.587429
0.55946
0.459613
0.619383
0.60154
1.30387
1.32714
0.604688
1.30346
0.616739
0.629416
0.923902
0.666567
1.18194
0.668432
1.18185
0.626937
0.561589
0.586313
0.466662
0.459004
0.587478
0.560573
0.459594
0.61958
1.30084
1.32355
0.603414
0.604764
1.3015
0.618268
0.379181
0.642096
0.738106
0.365316
0.364533
0.380053
0.737812
0.398769
0.42571
0.799596
0.970789
0.426962
0.800664
0.397845
0.379079
0.641363
0.363791
0.735975
0.364476
0.73655
0.378327
0.399023
0.802785
0.42898
0.973491
0.427515
0.400104
0.801954
0.630371
0.669257
1.18114
0.924164
0.669402
1.18124
0.629853
0.563163
0.461387
0.468146
0.589143
0.588966
0.461183
0.563412
0.621137
0.60686
1.31196
1.3027
0.606183
1.30293
0.621489
0.562427
0.587727
0.467498
0.460178
0.588216
0.561916
0.460527
0.62032
1.30222
1.31298
0.604676
0.605449
1.30206
0.619726
0.63123
0.925192
0.670443
1.18232
0.670577
1.18223
0.631475
0.30067
0.35564
0.300593
0.304864
0.370142
0.36982
0.304944
0.355149
0.300339
0.300326
0.304599
0.368881
0.369204
0.304656
0.317161
0.419411
0.549908
0.330068
0.418776
0.317697
0.32822
0.317224
0.418971
0.55253
0.327452
0.418801
0.327673
0.31725
0.553998
0.599781
0.527407
0.599708
0.527468
0.673803
0.734606
0.734684
0.673455
0.732128
0.733486
0.79582
0.874551
0.800715
0.619317
0.50118
0.482714
0.62266
0.622887
0.501336
0.619117
0.619358
0.501373
0.622883
0.482817
0.619292
0.622938
0.501403
0.794799
0.879043
0.796768
0.300299
0.354553
0.300234
0.306637
0.379686
0.379179
0.307043
0.300111
0.354193
0.300053
0.305351
0.368722
0.30459
0.373455
0.322576
0.420381
0.333173
0.533599
0.3188
0.435911
0.337954
0.326993
0.447638
0.556848
0.347272
0.448629
0.344613
0.328012
0.366185
0.715593
0.347968
0.604774
0.352901
0.361804
0.703006
0.393182
0.428405
0.98362
0.80814
0.419708
0.802788
0.399528
0.383026
0.787854
0.400449
0.943408
0.406367
0.378611
0.77336
0.374988
0.630295
0.36526
0.741688
0.361068
0.735261
0.379875
0.636189
0.927813
0.674277
1.19362
0.674287
1.19252
0.635933
0.567687
0.465106
0.592816
0.471517
0.592781
0.567748
0.465062
0.627285
0.616789
1.32319
1.44494
0.61655
1.34814
0.627403
0.636506
0.948946
0.674614
1.19378
0.674599
1.21704
0.636591
0.567409
0.592454
0.471318
0.464721
0.592539
0.567241
0.464839
0.626936
1.3227
1.42286
0.615146
0.616091
1.32181
0.626551
0.351154
0.600545
0.698647
0.342913
0.339518
0.355721
0.6817
0.363497
0.380432
0.751394
0.905364
0.382304
0.763599
0.362118
0.349107
0.603496
0.337537
0.673632
0.338146
0.684627
0.348133
0.366023
0.773034
0.391989
0.898721
0.385306
0.37159
0.758584
0.63464
0.673273
1.19336
0.923851
0.673393
1.18432
0.634925
0.565936
0.463302
0.470344
0.591156
0.591474
0.463604
0.565502
0.624545
0.609287
1.32631
1.30259
0.611006
1.30525
0.623759
0.566179
0.591645
0.470496
0.46395
0.591609
0.566342
0.463827
0.624948
1.32193
1.36168
0.61367
0.611877
1.30878
0.625468
0.634314
0.92597
0.672922
1.1822
0.673065
1.18345
0.633733
0.299007
0.351773
0.298677
0.305234
0.375199
0.373976
0.305678
0.35074
0.297816
0.297961
0.304427
0.371515
0.3725
0.304224
0.323638
0.431435
0.564055
0.341517
0.433112
0.323196
0.342209
0.324767
0.437456
0.567128
0.344725
0.435347
0.343637
0.325542
0.538995
0.58351
0.513076
0.583876
0.512775
0.662593
0.72348
0.721412
0.662798
0.723274
0.722015
0.782003
0.868147
0.780917
0.600819
0.483733
0.46685
0.601683
0.604112
0.485451
0.598432
0.602549
0.487292
0.606389
0.46844
0.602983
0.605902
0.486978
0.778501
0.869308
0.781715
0.297624
0.349138
0.296967
0.30429
0.385792
0.370985
0.307645
0.297211
0.348941
0.297028
0.303729
0.370293
0.303694
0.369047
0.322317
0.429797
0.340698
0.563832
0.32253
0.428215
0.340225
0.322508
0.431454
0.565827
0.340671
0.429958
0.3403
0.323732
0.371466
0.724242
0.357568
0.633133
0.356928
0.371929
0.728611
0.392921
0.422137
0.9678
0.814429
0.421769
0.81015
0.393112
0.391033
0.786925
0.417884
0.952734
0.418359
0.391066
0.797136
0.372666
0.635308
0.357121
0.754924
0.357166
0.745879
0.372812
0.620545
0.918442
0.658392
1.17546
0.65914
1.17654
0.618991
0.554518
0.454045
0.58086
0.4608
0.580349
0.555065
0.45362
0.611846
0.597746
1.30205
1.33233
0.59691
1.2996
0.612483
0.621942
0.919488
0.661133
1.18009
0.66122
1.17766
0.62247
0.553273
0.577801
0.459664
0.451589
0.579064
0.551966
0.452482
0.610564
1.29741
1.33278
0.593558
0.595857
1.29848
0.60881
0.373733
0.634559
0.725318
0.358469
0.35941
0.372735
0.726816
0.394726
0.424054
0.796314
0.955391
0.421967
0.793149
0.396431
0.375516
0.63752
0.362463
0.732723
0.361088
0.730163
0.377005
0.392749
0.787817
0.418353
0.95061
0.419645
0.391674
0.789776
0.615322
0.654628
1.17474
0.915787
0.654789
1.17335
0.616143
0.546643
0.445066
0.454168
0.5702
0.572614
0.446731
0.544187
0.603118
0.582137
1.32913
1.28095
0.587093
1.29533
0.599561
0.548527
0.575018
0.455806
0.448972
0.574437
0.549231
0.448438
0.605022
1.2967
1.33885
0.591152
0.589075
1.29863
0.606124
0.613316
0.917428
0.650016
1.16877
0.65196
1.17602
0.610131
0.314859
0.386274
0.314863
0.328858
0.426818
0.423118
0.329084
0.380682
0.310976
0.312531
0.325876
0.408961
0.415807
0.323387
0.343647
0.452725
0.587131
0.357046
0.460675
0.340178
0.361446
0.347303
0.471765
0.597124
0.365679
0.468986
0.365817
0.347327
0.512077
0.555384
0.484496
0.552961
0.487232
0.674031
0.732906
0.729736
0.671368
0.728203
0.727136
0.784103
0.870299
0.783293
0.571414
0.458627
0.443802
0.570734
0.574285
0.461525
0.567544
0.573606
0.46041
0.575453
0.444156
0.571843
0.5766
0.462308
0.790134
0.873793
0.78619
0.310131
0.370681
0.308438
0.318466
0.400326
0.398321
0.319648
0.308556
0.369411
0.307177
0.318047
0.402777
0.320211
0.398559
0.333258
0.445711
0.352066
0.573372
0.336194
0.441038
0.348164
0.332916
0.442778
0.571883
0.347252
0.440654
0.346878
0.333749
0.379278
0.750075
0.367761
0.622652
0.362917
0.385156
0.73682
0.395402
0.420478
0.944862
0.792784
0.423525
0.794077
0.393666
0.40004
0.810862
0.438859
0.947774
0.429818
0.407247
0.796832
0.375935
0.62019
0.360605
0.732643
0.360634
0.73402
0.375191
0.582043
0.93257
0.621959
1.17086
0.61983
1.1769
0.582903
0.518657
0.423418
0.545307
0.430488
0.544412
0.519564
0.42267
0.572278
0.554986
1.29417
1.29836
0.553467
1.29405
0.573349
0.582937
0.935793
0.6217
1.1799
0.622284
1.17963
0.583806
0.517928
0.543768
0.429507
0.422017
0.543562
0.518158
0.421813
0.571579
1.28578
1.29769
0.554061
0.553106
1.29131
0.572348
0.398074
0.644385
0.75862
0.37353
0.378639
0.391933
0.777725
0.428322
0.458772
0.85509
1.00884
0.463904
0.852931
0.42544
0.403295
0.655278
0.382696
0.795142
0.383416
0.790426
0.40176
0.422761
0.819312
0.448901
0.999264
0.458116
0.41536
0.840977
0.582816
0.621029
1.16921
0.919409
0.623069
1.16787
0.583082
0.51728
0.424272
0.431946
0.539763
0.542871
0.425428
0.514573
0.569594
0.548576
1.33141
1.29845
0.552009
1.28753
0.566292
0.519296
0.544694
0.431766
0.423226
0.545223
0.519022
0.424593
0.571956
1.28431
1.32561
0.554588
0.553684
1.28373
0.572606
0.580213
0.924013
0.617116
1.18071
0.61873
1.17168
0.577148
0.342045
0.381804
0.374947
0.337529
0.373298
0.295982
0.350231
0.346151
0.30255
0.292964
0.368269
0.288315
0.279875
0.333957
0.330444
0.255115
0.28518
0.277519
0.322668
0.247393
0.261609
0.258516
0.275093
0.270235
0.306846
0.429788
0.428139
0.359825
0.362379
0.331398
0.394594
0.329627
0.356104
0.338254
0.297019
0.273011
0.34673
0.285344
0.326546
0.357394
0.275735
0.243953
0.275027
0.270728
0.247879
0.244408
0.272536
0.270508
0.244494
0.275994
0.269601
0.242711
0.263697
0.243399
0.263838
0.233307
0.233715
0.258311
0.256533
0.237603
0.267388
0.307661
0.348939
0.440315
0.345084
0.327291
0.268265
0.249339
0.242644
0.269356
0.242181
0.267419
0.273078
0.341848
0.406359
0.374104
0.493469
0.366905
0.364298
0.401645
0.67167
0.407974
0.661931
0.432793
0.660589
0.358674
0.498218
0.362956
0.373135
0.826198
0.435377
0.671284
0.372826
0.486621
0.444324
0.368784
0.73358
0.342003
0.381759
0.374901
0.33749
0.373249
0.295938
0.350185
0.346106
0.302498
0.292918
0.368222
0.288281
0.279837
0.333914
0.330402
0.255084
0.285147
0.277479
0.322629
0.247356
0.26154
0.258449
0.275057
0.270189
0.30678
0.429053
0.427328
0.359717
0.362334
0.33134
0.394136
0.329588
0.35606
0.33821
0.296959
0.272929
0.346678
0.285291
0.326477
0.357346
0.402307
0.324217
0.437711
0.429917
0.310016
0.396004
0.318827
0.549168
0.35333
0.480617
0.472066
0.432305
0.537866
0.346372
0.448952
0.420259
0.445328
0.332074
0.506339
0.340384
0.412992
0.663204
0.492554
0.45222
0.728312
0.480269
0.571557
0.527793
0.517545
0.40851
0.307539
0.313714
0.365125
0.379928
0.31735
0.385587
0.328932
0.247533
0.249535
0.218929
0.218966
0.218678
0.219195
0.355588
0.266982
0.265191
0.224246
0.224587
0.224397
0.22444
0.512461
0.555886
0.484956
0.553492
0.487677
0.673991
0.732867
0.729699
0.671315
0.728165
0.727087
0.784073
0.870263
0.783252
0.571945
0.45918
0.571357
0.444456
0.568079
0.462078
0.574888
0.790112
0.873764
0.786162
0.574163
0.460972
0.576113
0.444792
0.572442
0.462865
0.577216
0.314855
0.386261
0.314849
0.328838
0.426831
0.423102
0.329079
0.38065
0.310936
0.3125
0.32584
0.408911
0.415769
0.323339
0.343603
0.452666
0.587103
0.356982
0.460634
0.34012
0.361399
0.347278
0.471782
0.597124
0.365673
0.468971
0.347321
0.365791
0.310051
0.370635
0.308375
0.318387
0.400291
0.319551
0.398271
0.369355
0.308506
0.307117
0.317975
0.402717
0.398494
0.320151
0.333171
0.445641
0.573279
0.351989
0.44096
0.336123
0.348069
0.332818
0.442738
0.571777
0.347122
0.333628
0.44059
0.34677
0.379175
0.622558
0.750017
0.367687
0.36283
0.736733
0.38507
0.39526
0.42028
0.792693
0.944942
0.423342
0.39351
0.793983
0.375821
0.620076
0.360498
0.732533
0.375064
0.360537
0.733919
0.399913
0.810812
0.947881
0.438727
0.429657
0.796749
0.407142
0.582647
0.93261
0.622712
1.1709
0.62041
0.583655
1.17699
0.519118
0.423786
0.545644
0.430866
0.54482
0.519945
0.423101
0.572803
0.555425
1.29433
1.29952
0.554071
0.573748
1.29419
0.583446
0.935856
0.622081
1.18004
0.622794
0.584196
1.17974
0.518509
0.544382
0.429993
0.422678
0.544074
0.422369
0.518848
0.572201
1.28584
0.554948
1.29893
0.553807
0.573121
1.29143
0.583536
0.919377
0.621818
1.16924
0.623857
1.16786
0.583885
0.518035
0.425287
0.540412
0.432716
0.515363
0.426347
0.543514
0.570324
0.549506
1.29844
1.33289
0.552857
0.567004
1.28754
0.580927
0.92399
0.617926
1.18067
0.577838
0.619459
1.17167
0.520053
0.545394
0.432497
0.424037
0.425451
0.545883
0.519805
0.572684
1.28436
1.32708
0.555509
0.554522
1.28374
0.573426
0.398022
0.64437
0.758579
0.373468
0.378594
0.391862
0.777733
0.428283
0.458751
0.855164
1.00911
0.463862
0.42542
0.852968
0.403263
0.655289
0.382689
0.795208
0.401746
0.38339
0.790452
0.4227
0.819279
0.448798
0.999525
0.458046
0.415275
0.840997
0.388895
0.284964
0.285581
0.230052
0.230217
0.230004
0.230267
0.399139
0.29255
0.291882
0.231739
0.232031
0.231775
0.23199
0.53898
0.583502
0.513057
0.583856
0.512763
0.662591
0.723457
0.721413
0.662814
0.723292
0.722033
0.782024
0.868172
0.780938
0.600803
0.483704
0.601646
0.466845
0.598387
0.485441
0.604103
0.778478
0.869314
0.781717
0.602544
0.487284
0.60638
0.468438
0.602968
0.486974
0.605903
0.299013
0.351795
0.298692
0.305248
0.375203
0.374
0.305683
0.350761
0.297826
0.297974
0.304439
0.371526
0.372522
0.304232
0.323653
0.431449
0.564098
0.341528
0.433141
0.323205
0.342226
0.324783
0.437457
0.567168
0.344727
0.435376
0.325544
0.343655
0.297617
0.349135
0.296964
0.304286
0.385777
0.307636
0.370981
0.348946
0.297216
0.297033
0.303732
0.370299
0.369051
0.303698
0.32232
0.429804
0.563844
0.340704
0.428221
0.322535
0.340228
0.322503
0.431437
0.565826
0.34066
0.323721
0.429953
0.340296
0.371472
0.633149
0.724269
0.357575
0.356934
0.728634
0.371937
0.392923
0.422142
0.814418
0.967873
0.421785
0.393105
0.810164
0.372664
0.635311
0.357111
0.754908
0.372801
0.357164
0.745889
0.391043
0.786959
0.952818
0.417909
0.418382
0.797163
0.391078
0.620515
0.918524
0.658367
1.17552
0.659108
0.618954
1.17664
0.554495
0.454036
0.580859
0.460785
0.580325
0.555061
0.453604
0.611816
0.597731
1.30202
1.33241
0.596868
0.612476
1.2997
0.621915
0.919557
0.661128
1.18006
0.661205
0.622465
1.17775
0.553247
0.577767
0.459645
0.451567
0.579039
0.452462
0.551936
0.610533
1.29748
0.593507
1.33286
0.595818
0.608771
1.29859
0.615315
0.915814
0.654616
1.17479
0.654799
1.17339
0.616135
0.546633
0.445059
0.570167
0.454166
0.544163
0.446732
0.572601
0.6031
0.582103
1.28093
1.32918
0.587065
0.599529
1.29536
0.6133
0.917436
0.649998
1.16875
0.6101
0.651942
1.17604
0.548525
0.57501
0.455805
0.448976
0.448438
0.574435
0.549228
0.60501
1.29675
1.33891
0.591137
0.589048
1.29868
0.606115
0.373755
0.63461
0.725352
0.358481
0.35943
0.372748
0.72688
0.394751
0.424063
0.796304
0.955491
0.422003
0.396434
0.79321
0.375536
0.637565
0.362464
0.732713
0.377006
0.361107
0.730217
0.392776
0.787858
0.418382
0.950728
0.419685
0.391691
0.789849
0.40978
0.299637
0.30014
0.233279
0.233773
0.233258
0.233784
0.410396
0.30139
0.30129
0.233691
0.234184
0.233694
0.234184
0.553992
0.599775
0.527394
0.599694
0.527462
0.67396
0.734767
0.734853
0.673613
0.7323
0.733657
0.796005
0.874748
0.800899
0.619307
0.501162
0.622638
0.482702
0.619095
0.501325
0.622877
0.794971
0.879239
0.796949
0.619352
0.50136
0.622869
0.482808
0.619277
0.501396
0.622932
0.300724
0.355716
0.300648
0.30492
0.370223
0.3699
0.305
0.35522
0.300389
0.300377
0.304651
0.368952
0.369278
0.304707
0.317217
0.419494
0.550025
0.330124
0.418862
0.317751
0.328277
0.317283
0.419065
0.552657
0.327514
0.418894
0.317309
0.327735
0.300343
0.354617
0.30028
0.306683
0.379751
0.307087
0.379249
0.35426
0.300159
0.300101
0.3054
0.368794
0.373525
0.30464
0.322629
0.420466
0.533705
0.333229
0.435996
0.318853
0.33801
0.327045
0.447718
0.556958
0.347325
0.32806
0.448715
0.344668
0.366245
0.604897
0.71575
0.348027
0.352959
0.703143
0.361866
0.393247
0.428479
0.80828
0.983836
0.419783
0.399592
0.802956
0.375048
0.630422
0.365316
0.741818
0.379934
0.361126
0.735413
0.38309
0.788027
0.94359
0.400524
0.406439
0.773509
0.378678
0.636185
0.92803
0.674274
1.19389
0.67428
0.635925
1.19279
0.567686
0.4651
0.592811
0.471515
0.592782
0.567742
0.465058
0.627285
0.616782
1.3235
1.44521
0.616546
0.627395
1.34846
0.636507
0.949182
0.674603
1.19406
0.674605
0.636583
1.21733
0.567406
0.592448
0.471315
0.464713
0.592537
0.464834
0.567233
0.626932
1.32299
0.615131
1.4231
0.616086
0.626542
1.3221
0.634632
0.924057
0.673253
1.19362
0.673391
1.18457
0.634907
0.565922
0.463279
0.591132
0.470331
0.565476
0.463589
0.591462
0.62453
0.609245
1.30282
1.32648
0.610987
0.623727
1.30553
0.634298
0.926174
0.672901
1.18242
0.633704
0.673046
1.1837
0.56617
0.591631
0.470485
0.463935
0.463815
0.591601
0.566327
0.624939
1.32221
1.36189
0.61365
0.611861
1.30905
0.625451
0.351216
0.600675
0.698795
0.342971
0.339578
0.355782
0.681849
0.363569
0.38051
0.751567
0.90557
0.382382
0.362191
0.763778
0.349175
0.603636
0.337603
0.673787
0.348202
0.338211
0.684787
0.366089
0.773197
0.39206
0.898913
0.385377
0.371655
0.75875
0.410382
0.301391
0.301293
0.233695
0.234188
0.233698
0.234187
0.409768
0.299649
0.300151
0.233286
0.23378
0.233265
0.23379
0.551285
0.596812
0.524381
0.596364
0.524772
0.672951
0.734185
0.733625
0.671995
0.732224
0.732562
0.791519
0.877579
0.791969
0.617082
0.499458
0.620694
0.480671
0.617189
0.499363
0.620577
0.793971
0.878774
0.7932
0.61628
0.498324
0.61932
0.480007
0.615812
0.49867
0.619795
0.299844
0.353524
0.299775
0.306485
0.376259
0.376726
0.306487
0.352756
0.299242
0.29918
0.305948
0.37661
0.376171
0.306077
0.3264
0.441758
0.570077
0.346776
0.440583
0.326765
0.346196
0.326733
0.439267
0.569218
0.345897
0.440492
0.326516
0.34633
0.300212
0.354215
0.300142
0.307068
0.379442
0.307115
0.378835
0.353463
0.299625
0.299646
0.306536
0.377386
0.377734
0.30648
0.327537
0.443334
0.569187
0.347536
0.444354
0.327356
0.347783
0.328245
0.447161
0.571273
0.348297
0.328283
0.446115
0.348525
0.381488
0.642722
0.741484
0.366298
0.36667
0.741427
0.381072
0.40268
0.431746
0.810544
0.990346
0.432317
0.402159
0.810128
0.382308
0.64482
0.367045
0.744381
0.38192
0.367449
0.744426
0.40177
0.806342
0.98537
0.430411
0.431161
0.806889
0.401257
0.62967
0.922451
0.667239
1.17985
0.669052
0.628302
1.18013
0.561525
0.458317
0.585397
0.466726
0.587448
0.559512
0.459637
0.61941
0.601618
1.30404
1.32722
0.604725
0.616802
1.30355
0.629441
0.923982
0.666616
1.1821
0.668457
0.626997
1.18193
0.561587
0.586302
0.46666
0.459
0.587474
0.459594
0.560562
0.61958
1.30101
0.603408
1.32356
0.604775
0.618259
1.30153
0.630392
0.924383
0.669266
1.18141
0.669426
1.18151
0.62987
0.563185
0.461406
0.589162
0.468165
0.563432
0.461204
0.588987
0.621161
0.606887
1.30285
1.31217
0.606215
0.621513
1.30318
0.631251
0.925389
0.670469
1.18246
0.631499
0.670592
1.18247
0.562444
0.587743
0.467512
0.460194
0.460543
0.588233
0.561932
0.620341
1.30251
1.31321
0.604702
0.605475
1.30234
0.619745
0.379197
0.642117
0.738192
0.365347
0.364549
0.380085
0.737831
0.398799
0.42575
0.799702
0.970818
0.426984
0.397889
0.800716
0.37911
0.641417
0.363835
0.736077
0.378372
0.364507
0.736603
0.399037
0.802877
0.42901
0.973486
0.427523
0.400137
0.801971
0.399207
0.292599
0.291934
0.231748
0.23204
0.231784
0.231999
0.388983
0.28503
0.285647
0.230068
0.230233
0.230021
0.230283
0.528948
0.572809
0.501541
0.571026
0.50308
0.661475
0.720292
0.717688
0.660023
0.714382
0.715756
0.764438
0.851998
0.765396
0.593362
0.479654
0.597391
0.460739
0.594052
0.479146
0.596659
0.767734
0.853031
0.766705
0.591575
0.476226
0.592968
0.459193
0.589706
0.477586
0.594871
0.312379
0.368073
0.307748
0.319113
0.421008
0.401303
0.32581
0.345886
0.295815
0.297624
0.308161
0.380757
0.379091
0.306914
0.320439
0.414918
0.539766
0.334323
0.412495
0.31996
0.333448
0.332347
0.461921
0.561216
0.358857
0.436567
0.342258
0.345944
0.297478
0.353146
0.297304
0.309974
0.395187
0.309934
0.393438
0.350605
0.29571
0.296271
0.308557
0.38457
0.38943
0.307365
0.322603
0.419694
0.551269
0.336481
0.424852
0.321008
0.338848
0.324147
0.430074
0.554849
0.341024
0.324302
0.428589
0.340742
0.369232
0.616698
0.736031
0.351128
0.354159
0.736133
0.365988
0.391558
0.421278
0.806063
0.951858
0.420187
0.39244
0.798941
0.371505
0.619848
0.356961
0.74594
0.372259
0.356342
0.738848
0.389213
0.796906
0.949196
0.41373
0.417694
0.796553
0.385697
0.595666
0.908992
0.63645
1.14746
0.63568
0.598005
1.14768
0.527361
0.427563
0.549529
0.438135
0.553472
0.523567
0.430224
0.58184
0.557627
1.29049
1.30257
0.563774
0.57667
1.27056
0.592332
0.922291
0.627428
1.17627
0.630723
0.587494
1.15855
0.530863
0.558641
0.441225
0.434621
0.556996
0.433339
0.532647
0.584906
1.25943
0.570029
1.2969
0.566442
0.587586
1.25979
0.603297
0.900535
0.640778
1.15092
0.641889
1.1504
0.600895
0.539273
0.441124
0.566081
0.448063
0.540163
0.440463
0.56528
0.594549
0.578858
1.26774
1.28608
0.576959
0.595831
1.26171
0.605109
0.900986
0.644699
1.15599
0.606156
0.644821
1.15097
0.53755
0.561634
0.446534
0.437546
0.438924
0.563537
0.535609
0.5929
1.26258
1.28711
0.572213
0.575583
1.26121
0.59023
0.360138
0.604755
0.736387
0.348094
0.346137
0.362603
0.735866
0.391414
0.441066
0.846988
0.949227
0.417255
0.411895
0.805172
0.373263
0.623931
0.374176
0.788567
0.391108
0.358986
0.750846
0.378257
0.79411
0.408527
0.937238
0.404122
0.381546
0.790389
0.355744
0.267061
0.265271
0.22426
0.224601
0.224411
0.224454
0.329059
0.247591
0.249597
0.218941
0.218978
0.21869
0.219207
0.497151
0.544109
0.478136
0.544744
0.477768
0.667597
0.728703
0.720215
0.660908
0.708409
0.714387
0.768209
0.864618
0.774087
0.563516
0.456723
0.568444
0.44014
0.564945
0.45624
0.56735
0.787349
0.870497
0.779833
0.561935
0.462955
0.570973
0.445008
0.563159
0.45963
0.567225
0.303483
0.350696
0.301432
0.306885
0.364854
0.308937
0.366865
0.355947
0.303561
0.302089
0.307939
0.376791
0.370904
0.309947
0.319871
0.417294
0.552788
0.333543
0.418359
0.321772
0.332243
0.319539
0.427429
0.563964
0.368573
0.323699
0.420468
0.336695
0.310374
0.378105
0.31039
0.318122
0.40041
0.31918
0.396279
0.373429
0.306383
0.307721
0.315123
0.384755
0.390852
0.313188
0.327787
0.424779
0.565678
0.337321
0.43117
0.325335
0.340345
0.331117
0.442216
0.569413
0.346201
0.332876
0.437156
0.34413
0.36698
0.610141
0.695567
0.350251
0.353657
0.71012
0.362871
0.388689
0.41794
0.791191
0.930473
0.413865
0.391903
0.776849
0.371377
0.613323
0.35965
0.730577
0.373949
0.357518
0.71618
0.383466
0.757281
0.923372
0.400813
0.407546
0.770348
0.378271
0.658533
0.898534
0.647672
1.16149
0.671549
0.613983
1.15686
0.666008
0.660097
0.739138
0.57293
0.738454
0.670104
0.595754
0.710825
0.833748
1.01342
1.38464
0.796737
0.715581
1.30165
0.719072
0.905606
0.827195
0.864436
0.795874
0.75892
1.18054
0.595052
0.568213
0.501915
0.480414
0.604444
0.520185
0.554309
0.654422
1.28285
0.595359
1.36423
0.665169
0.604276
1.27959
0.579815
0.915605
0.628472
1.16627
0.61612
1.17271
0.59463
0.514137
0.424527
0.538106
0.430399
0.513392
0.427077
0.538011
0.566587
0.547842
1.30101
1.35454
0.550767
0.565116
1.29585
0.577218
0.919747
0.613547
1.18262
0.575764
0.615992
1.17608
0.518649
0.546578
0.437074
0.44928
0.436276
0.540155
0.528464
0.56935
1.28639
1.35359
0.577054
0.554336
1.29268
0.585486
0.358273
0.610196
0.694439
0.346619
0.346763
0.358669
0.6953
0.378263
0.408991
0.665517
0.905876
0.393737
0.39441
0.75631
0.366492
0.633444
0.378627
0.63069
0.38273
0.357907
0.686546
0.371141
0.755665
0.393679
0.896698
0.389323
0.37308
0.755416
0.275735
0.243995
0.275034
0.270742
0.247925
0.244456
0.272545
0.270512
0.24454
0.275996
0.269601
0.242756
0.263696
0.243446
0.263848
0.233358
0.258338
0.233776
0.256538
0.237657
0.267417
0.307678
0.440285
0.349003
0.345089
0.327307
0.341627
0.406313
0.37391
0.268296
0.249393
0.242713
0.269406
0.242237
0.26746
0.273111
0.492392
0.366571
0.364015
0.401271
0.670132
0.407505
0.660155
0.432765
0.661074
0.358574
0.498433
0.362603
0.373057
0.821551
0.435427
0.669802
0.373129
0.486109
0.444428
0.368778
0.731264
0.402361
0.324276
0.437768
0.429968
0.310076
0.396049
0.318893
0.549259
0.353397
0.480688
0.472123
0.432399
0.537932
0.346444
0.449021
0.420388
0.332229
0.445335
0.506426
0.340474
0.413009
0.655786
0.453302
0.494027
0.727857
0.481642
0.408564
0.307606
0.313818
0.365165
0.379979
0.317431
0.385604
0.573303
0.528236
0.519242
0.169855
0.173725
0.17001
0.173751
0.170029
0.173877
0.170619
0.159031
0.160566
0.157837
0.174775
0.180958
0.163578
0.160329
0.160132
0.210124
0.217372
0.166145
0.168712
0.530441
0.330152
0.183621
0.244148
0.211316
0.235584
0.205063
0.186698
0.286948
0.168663
0.530802
0.343074
0.158812
0.160125
0.211096
0.219728
0.685129
0.713899
0.775154
0.7948
0.707369
0.170032
0.173879
0.170626
0.173693
0.169858
0.173727
0.170013
0.18171
0.163608
0.16042
0.161541
0.159093
0.160582
0.157864
0.172097
0.178845
0.173882
0.173158
0.172833
0.172613
0.174028
0.222093
0.279709
0.209552
0.217527
0.208891
0.207887
0.208811
0.23921
0.707042
0.239597
0.214972
0.374284
0.214476
0.31944
0.714083
0.685929
0.776262
0.791125
0.709435
0.232376
0.177678
0.232223
0.20439
0.176574
0.212105
0.174801
0.672359
0.691271
0.836938
0.652089
0.699015
0.759176
0.61516
0.514916
0.421792
0.506179
0.436365
0.511089
0.427104
0.513293
0.526611
0.421023
0.512396
0.418833
0.517802
0.522334
0.423995
0.538387
0.434888
0.531879
0.429486
0.530156
0.434039
0.53952
0.561205
0.45206
0.552702
0.451033
0.555573
0.55893
0.45351
0.562857
0.455437
0.55785
0.452811
0.557196
0.455114
0.563205
0.56797
0.459388
0.565329
0.458485
0.565133
0.56806
0.459332
0.565878
0.457379
0.560093
0.456085
0.561292
0.457703
0.5653
0.554072
0.447914
0.548907
0.444356
0.548006
0.554737
0.447401
0.546084
0.438595
0.535073
0.436781
0.53916
0.440455
0.543207
0.517451
0.41695
0.509362
0.410202
0.507909
0.51855
0.416054
0.516233
0.419654
0.505426
0.417798
0.508236
0.420192
0.513318
0.222118
0.209559
0.279761
0.208899
0.217538
0.207894
0.208817
0.178873
0.172108
0.173897
0.173163
0.172838
0.174035
0.172617
0.242472
0.715074
0.244315
0.215201
0.409702
0.214524
0.329727
0.233863
0.177886
0.232917
0.206427
0.177009
0.214193
0.175114
0.24447
0.183945
0.211993
0.237663
0.206133
0.295715
0.187281
0.517938
0.417346
0.410813
0.509805
0.508506
0.51894
0.416532
0.517011
0.420877
0.506541
0.419169
0.50919
0.514136
0.421231
0.554046
0.447904
0.444334
0.548894
0.54797
0.554732
0.447384
0.546072
0.438594
0.535049
0.436791
0.539144
0.543182
0.440461
0.567968
0.459382
0.458476
0.565323
0.565128
0.568055
0.459327
0.565864
0.457353
0.560054
0.456065
0.561274
0.565272
0.457687
0.56123
0.452103
0.451063
0.552773
0.555607
0.558987
0.453534
0.562881
0.455457
0.557876
0.45284
0.557227
0.563226
0.455137
0.526425
0.420762
0.418567
0.512085
0.517594
0.522084
0.423775
0.538327
0.434823
0.531824
0.42939
0.530089
0.539468
0.433963
0.668413
0.689886
0.649309
0.818308
0.756077
0.689124
0.603259
0.513785
0.420293
0.504915
0.432878
0.509185
0.512377
0.425064
0.363458
0.330935
0.425452
0.534597
0.346145
0.386428
0.34725
0.242491
0.263025
0.286041
0.34235
0.239585
0.252541
0.279468
0.370534
0.270725
0.24991
0.328921
0.515
0.261666
0.28796
0.563734
0.47658
0.359461
0.398415
0.405416
0.634187
0.360118
0.198703
0.185092
0.189082
0.181672
0.181434
0.18049
0.183664
0.623099
0.386461
0.398176
0.37928
0.536803
0.354406
0.533931
0.361633
0.331305
0.425641
0.520199
0.345225
0.349313
0.389873
0.24172
0.262043
0.284656
0.325916
0.238329
0.278272
0.250604
0.345818
0.248104
0.266422
0.32325
0.286726
0.466328
0.258402
0.564073
0.356931
0.451988
0.403511
0.362824
0.408627
0.804336
0.600754
0.652556
0.942135
0.828581
0.650551
0.827527
0.602455
0.572798
0.786085
0.612598
0.909774
0.619942
0.566858
0.792348
1.06031
1.10497
1.42822
1.41495
1.06707
1.09391
1.43206
0.610414
0.609718
0.489021
0.564916
0.647054
0.55782
0.550399
0.849925
1.48293
1.35261
0.8268
0.84961
1.45754
0.829218
0.508517
0.527929
0.735626
0.844405
0.539937
0.499699
0.745118
0.551635
0.785046
0.603767
0.887177
0.593026
0.559961
0.781913
0.770853
0.765202
1.35641
1.51995
0.765769
1.52282
0.770435
0.519446
0.446199
0.458758
0.543576
0.516149
0.534209
0.436638
0.794079
1.50076
1.35572
0.805857
0.791712
1.50506
0.80784
0.622208
0.67599
0.957384
0.858674
0.673282
0.854163
0.624698
0.610383
0.842461
0.65972
0.945991
0.661078
0.609094
0.841767
0.784668
0.776867
1.50558
1.31058
0.778018
1.49515
0.782741
0.529715
0.421259
0.42836
0.523597
0.52037
0.531944
0.426828
0.796653
1.45963
1.29003
0.78484
0.785105
1.45029
0.797409
0.640449
0.710631
0.891191
0.981642
0.69191
0.876175
0.656619
0.599977
0.83723
0.653742
0.939104
0.650047
0.603355
0.833186
0.807017
0.792725
1.28653
1.46438
0.792904
1.45914
0.807366
0.536847
0.428262
0.431043
0.525762
0.528851
0.534576
0.432695
0.801105
1.4618
1.29092
0.78697
0.787975
1.45925
0.799851
0.643724
0.695067
0.992865
0.890088
0.696251
0.890161
0.642621
0.639644
0.880454
0.691056
0.981745
0.69031
0.640349
0.879972
0.83522
0.82051
1.48071
1.32997
0.821585
1.4799
0.833999
0.561277
0.450996
0.452949
0.554527
0.555607
0.560262
0.453514
0.836949
1.47273
1.31837
0.823956
0.824614
1.47326
0.836424
0.631638
0.680143
0.864264
0.966749
0.680064
0.864429
0.631785
0.637748
0.875508
0.687596
0.977449
0.687825
0.637457
0.875509
0.840184
0.82941
1.30941
1.47116
0.829147
1.47316
0.840232
0.562147
0.452207
0.454081
0.555724
0.556516
0.56156
0.454532
0.838245
1.47352
1.31513
0.826006
0.826083
1.47266
0.838024
0.638294
0.690985
0.992187
0.888061
0.690765
0.888001
0.638528
0.600266
0.834831
0.637737
0.932886
0.640088
0.598574
0.835708
0.850767
0.836923
1.49232
1.42539
0.837003
1.49397
0.850728
0.56768
0.45826
0.458937
0.564088
0.564761
0.567419
0.459162
0.849556
1.49469
1.42376
0.834886
0.835548
1.49363
0.849198
0.555138
0.591703
0.794925
0.893155
0.592595
0.795918
0.554282
0.578432
0.818685
0.622471
0.909437
0.616236
0.584437
0.814165
0.843536
0.83229
1.30921
1.47121
0.833191
1.46879
0.843055
0.566172
0.45652
0.458142
0.56289
0.561872
0.566478
0.458014
0.847137
1.49809
1.40462
0.831255
0.830463
1.48914
0.847566
0.632072
0.679415
0.974399
0.86651
0.683771
0.871266
0.627992
0.618879
0.84163
0.664153
0.943953
0.664907
0.618233
0.842108
0.829484
0.815764
1.47966
1.33077
0.815841
1.48002
0.829478
0.552913
0.443371
0.445288
0.544884
0.546996
0.551384
0.446371
0.825508
1.47951
1.33459
0.81016
0.810895
1.47875
0.824587
0.628869
0.676948
0.859732
0.961467
0.676694
0.859199
0.629018
0.619128
0.843335
0.665288
0.945967
0.665304
0.619184
0.843909
0.812845
0.795517
1.30241
1.47795
0.797098
1.47898
0.811038
0.547859
0.438368
0.442762
0.542551
0.540883
0.548802
0.442127
0.821501
1.48026
1.33618
0.806917
0.80666
1.48204
0.821747
0.605204
0.654402
0.942836
0.829849
0.655803
0.830161
0.604205
0.625726
0.854752
0.687388
0.957825
0.679445
0.632604
0.848
0.778951
0.774449
1.51188
1.30341
0.774397
1.51567
0.779379
0.516855
0.409592
0.41564
0.508305
0.507531
0.517183
0.415351
0.778332
1.50219
1.30593
0.772639
0.772339
1.50511
0.778915
0.674675
0.723803
0.901487
1.01222
0.732532
0.907061
0.66783
0.648379
0.864032
0.696524
0.980918
0.705405
0.640902
0.872956
0.770559
0.7641
1.34206
1.51563
0.764488
1.51102
0.769959
0.51797
0.415768
0.416896
0.509127
0.509253
0.517959
0.418797
0.779133
1.50021
1.31706
0.772499
0.772337
1.498
0.779139
0.19872
0.18511
0.1891
0.181684
0.181447
0.180503
0.183677
0.612068
0.414313
0.39605
0.37809
0.548293
0.522247
0.378186
0.604959
0.654122
0.829659
0.942881
0.655549
0.60394
0.829973
0.625579
0.854678
0.95799
0.687273
0.679304
0.847907
0.632477
0.517452
0.410313
0.41638
0.509203
0.508229
0.41595
0.517913
0.779607
0.775193
1.5121
1.3044
0.775199
0.779984
1.5159
0.779413
1.50231
0.773957
1.3073
0.773589
0.780057
1.50525
0.771715
0.765683
1.51571
1.34359
0.766025
0.771146
1.5111
0.518742
0.417077
0.417779
0.510082
0.510192
0.419772
0.518767
0.780255
1.50031
1.31854
0.773852
0.77367
1.49809
0.780304
0.674689
0.723866
0.901573
1.0125
0.732585
0.667854
0.907144
0.648297
0.863982
0.696432
0.981144
0.705346
0.640795
0.872934
0.632082
0.679439
0.866518
0.974447
0.683806
0.627994
0.871286
0.618913
0.841688
0.944035
0.664212
0.664961
0.842159
0.618271
0.552885
0.443352
0.445266
0.544842
0.546962
0.446354
0.551351
0.82949
0.815788
1.47963
1.33078
0.815869
0.829481
1.48003
0.825469
1.4796
0.810157
1.33464
0.810887
0.824548
1.47884
0.812808
0.795559
1.47796
1.30241
0.797115
0.811026
1.47899
0.547853
0.438369
0.442769
0.542543
0.540865
0.442128
0.548798
0.821503
1.48034
1.33623
0.806956
0.806702
1.48212
0.821753
0.628889
0.676957
0.859728
0.961509
0.676727
0.629016
0.859224
0.619177
0.843396
0.665347
0.94606
0.665373
0.619224
0.843979
0.638418
0.69111
0.888215
0.992378
0.690907
0.63864
0.888177
0.600387
0.835015
0.933076
0.637882
0.64022
0.835877
0.598706
0.567677
0.458252
0.458928
0.564073
0.564756
0.459157
0.56741
0.850762
0.836911
1.49266
1.42564
0.836997
0.850718
1.4943
0.849545
1.495
0.834869
1.42398
0.835527
0.849186
1.49395
0.843503
0.83225
1.47146
1.30936
0.833164
0.843011
1.46907
0.566162
0.4565
0.458127
0.562871
0.561856
0.458
0.566463
0.847117
1.49841
1.40485
0.831223
0.830443
1.48945
0.847545
0.555266
0.591835
0.795106
0.893354
0.592732
0.554405
0.796101
0.57855
0.818856
0.622599
0.909626
0.616364
0.584554
0.814337
0.643782
0.695113
0.89017
0.992949
0.696306
0.642673
0.890245
0.63977
0.880634
0.981925
0.691185
0.690436
0.880149
0.640478
0.561278
0.451004
0.452945
0.554521
0.555616
0.453515
0.560252
0.835318
0.82056
1.48088
1.33013
0.82166
0.834075
1.48007
0.836907
1.4729
0.823923
1.31845
0.824561
0.836402
1.47341
0.84021
0.829431
1.47131
1.30954
0.829166
0.840256
1.47331
0.562165
0.452228
0.454098
0.555749
0.556539
0.454548
0.561578
0.838264
1.47382
1.31536
0.826011
0.826094
1.47296
0.838042
0.631702
0.68021
0.864364
0.966838
0.68012
0.631858
0.864522
0.637801
0.875598
0.687653
0.977523
0.687873
0.637519
0.875591
0.622211
0.675965
0.858664
0.957331
0.673262
0.624697
0.854156
0.610361
0.842407
0.94588
0.659671
0.661029
0.841721
0.609073
0.529565
0.421041
0.428187
0.523431
0.520203
0.426652
0.531794
0.784297
0.776272
1.50537
1.30992
0.777513
0.782294
1.49495
0.796421
1.45952
0.784519
1.28967
0.784777
0.797179
1.45017
0.806929
0.792588
1.46436
1.28642
0.79276
0.807278
1.45913
0.536768
0.428138
0.430927
0.525648
0.528763
0.432592
0.534476
0.800943
1.4617
1.29066
0.786715
0.78774
1.45918
0.799681
0.640422
0.710566
0.8911
0.981421
0.69185
0.656587
0.876092
0.599951
0.837164
0.65368
0.938956
0.64999
0.603324
0.833124
0.60109
0.652858
0.828807
0.942121
0.650891
0.602753
0.827747
0.57447
0.78844
0.910411
0.614662
0.621277
0.793751
0.569371
0.605317
0.600749
0.482613
0.559037
0.636498
0.539027
0.554709
1.03664
1.05514
1.23422
1.35719
1.0479
1.04059
1.35736
0.840388
1.48091
0.819759
1.34721
0.839535
0.822784
1.45516
0.769479
0.763478
1.51981
1.35474
0.763928
0.769145
1.52267
0.518033
0.441917
0.454029
0.538688
0.513814
0.43404
0.531671
0.790223
1.49887
1.35267
0.800229
0.787245
1.50368
0.802681
0.635755
0.657841
0.714044
0.85606
0.636632
0.655986
0.745622
0.558863
0.791149
0.60797
0.894361
0.599423
0.564922
0.790935
0.688067
0.614421
0.672632
0.687345
0.826692
0.808422
0.818387
0.700074
0.702607
0.828835
0.655847
0.691143
0.753675
0.574457
0.65445
0.675703
0.744454
0.831562
0.735707
0.571315
0.667279
0.607336
0.641797
0.713058
0.806398
0.661094
0.778008
0.713303
0.730472
0.766762
0.670867
0.560064
0.658717
0.660923
0.763309
0.659403
0.260309
0.215073
0.210823
0.202388
0.201089
0.203016
0.200779
0.688555
0.61401
0.673366
0.655557
0.693276
0.730802
0.568914
0.654906
0.656198
0.688497
0.826061
0.809048
0.815209
0.699169
0.701014
0.825671
0.750181
0.835067
0.74297
0.570466
0.663332
0.605186
0.640518
0.719674
0.769594
0.638017
0.763662
0.698426
0.737929
0.738691
0.56238
0.68353
0.665711
0.668228
0.65193
0.743974
1.45644
1.06724
0.558694
1.35643
1.02527
1.56281
0.854257
0.899329
0.318639
0.277701
0.941146
0.599745
0.765487
0.303094
0.260334
0.215076
0.210831
0.202396
0.201097
0.203023
0.200787
1.27856
0.854995
0.540002
0.807101
1.23322
1.20309
0.630769
0.875244
0.327779
0.283313
0.636749
1.00199
0.872503
0.319214
0.303576
0.356885
0.333886
0.30949
0.304467
0.310851
0.351009
0.423978
0.380996
0.325041
0.325358
0.599632
0.416349
0.37695
0.323906
0.29715
0.300804
0.310083
0.349078
0.35559
0.30703
0.322419
0.556019
0.369731
0.333545
0.400312
0.355021
0.318389
0.729193
0.814163
0.816608
0.828856
0.710067
0.82494
0.737221
0.906793
0.948154
0.875125
0.949377
1.16988
1.07947
0.897176
0.906616
0.825432
0.876641
0.929473
0.919998
0.798069
0.931425
0.789294
0.659357
0.873644
0.767754
0.755088
0.74974
0.680177
0.640036
0.571237
0.747426
0.631276
0.699191
0.958105
1.12326
0.660518
0.778858
1.11866
0.861078
0.748919
0.423773
0.658879
0.406854
0.403185
0.760156
0.421502
0.667007
0.386019
0.634501
0.393103
0.389527
0.624252
0.382075
0.643194
0.373281
0.584378
0.511189
0.346581
0.364348
0.62648
0.359113
0.384968
0.737169
0.530698
0.384629
0.399984
0.650081
0.371457
0.46368
1.02502
0.458436
0.523906
0.959988
0.954971
0.530438
0.441371
1.01835
0.45053
0.514827
0.9354
0.503658
0.945932
0.878726
1.35433
0.734113
0.81964
1.24746
0.915791
1.15954
1.32987
0.601992
0.685135
0.737149
1.02035
1.08172
0.671579
0.391611
0.951529
0.404153
0.455506
0.86688
0.436648
0.887413
0.429946
0.958386
0.41715
0.472475
0.918214
0.4892
0.901397
0.544922
1.28251
0.549482
0.587442
0.942126
0.951488
0.580149
1.28392
0.582174
0.553942
0.601667
0.985218
0.965164
0.628082
0.467281
1.03572
0.472115
0.541013
0.959881
0.534881
0.958941
1.0378
0.492514
0.480703
0.550431
0.963347
0.9598
0.563285
0.550316
1.21482
0.548878
0.574896
0.89604
0.892089
0.576059
0.549985
1.21503
0.548681
0.574497
0.895948
0.575282
0.891273
0.545347
1.25513
0.548406
0.576707
0.933493
0.577166
0.92361
1.24884
0.550646
0.549833
0.577163
0.904215
0.913599
0.576744
0.515827
1.08939
0.524255
0.596553
0.994295
0.991538
0.586673
0.505687
1.0814
0.517987
0.59083
0.97048
0.577357
0.981313
0.470766
1.03598
0.469296
0.535116
0.951234
0.946087
0.536953
0.46204
1.0335
0.466572
0.532267
0.940375
0.527333
0.943312
0.55267
1.22373
0.558927
0.583362
0.900713
0.579176
0.900949
1.21911
0.565356
0.561498
0.587346
0.890819
0.895723
0.589995
0.49208
1.03859
0.463391
0.528715
0.980934
0.559981
0.954903
0.455588
1.0278
0.449908
0.514635
0.937036
0.520321
0.938379
0.574352
1.20334
0.572275
0.598303
0.882785
0.883118
0.600074
1.20468
0.567402
0.570952
0.595946
0.887474
0.884871
0.59305
0.471868
1.05096
0.470627
0.536183
0.959207
0.538286
0.959144
1.03503
0.462344
0.46358
0.524862
0.935133
0.938933
0.522998
0.593906
1.25405
0.592986
0.621503
0.916526
0.918123
0.622416
0.589509
1.25467
0.591979
0.620062
0.91988
0.617976
0.919301
0.577441
1.24677
0.582808
0.608919
0.888961
0.604295
0.903183
1.25846
0.587207
0.584837
0.612533
0.91881
0.918881
0.614828
0.470441
1.03914
0.467651
0.529924
0.95041
0.94588
0.533526
0.462828
1.03442
0.46466
0.526253
0.937466
0.523739
0.941439
0.482853
1.07408
0.48309
0.551417
0.975205
0.972309
0.552028
0.479938
1.06888
0.48127
0.548745
0.965734
0.546639
0.968543
0.597582
1.24848
0.600889
0.629608
0.918685
0.626725
0.918475
1.24495
0.599556
0.600942
0.630005
0.911215
0.915352
0.628892
0.472642
1.05493
0.474572
0.539216
0.955352
0.536462
0.959139
0.477949
1.05746
0.475729
0.540999
0.962242
0.543917
0.960216
0.603122
1.2319
0.60232
0.632179
0.907791
0.908394
0.633235
1.23313
0.60076
0.601598
0.631065
0.910325
0.909266
0.630107
0.47898
1.07475
0.466762
0.535314
0.976301
0.548612
0.97491
1.03551
0.436795
0.447102
0.509422
0.932614
0.961615
0.491149
0.614336
1.39021
0.614051
0.644694
1.03769
1.04479
0.644974
0.612404
1.37077
0.613549
0.643861
1.03354
0.642592
1.03653
0.605563
1.25292
0.607602
0.63845
0.911167
0.636678
0.924832
1.29564
0.610796
0.608624
0.638324
1.01318
0.964831
0.639732
0.411819
0.988882
0.414399
0.464969
0.887876
0.897532
0.461744
0.425774
0.980329
0.417835
0.468283
0.907259
0.47693
0.89564
0.478887
1.07453
0.466668
0.535197
0.976181
0.97475
0.548503
0.436706
1.03532
0.447016
0.509318
0.932457
0.491045
0.96145
0.614343
1.39
0.614055
0.644699
1.03762
0.644981
1.04473
1.37059
0.612419
0.613555
0.643868
1.03353
1.0365
0.642607
0.411733
0.98867
0.414313
0.464873
0.887716
0.46165
0.89737
0.425692
0.980132
0.417754
0.468191
0.907117
0.476836
0.895493
0.60561
1.25281
0.607622
0.638472
0.911171
0.92483
0.636725
1.29549
0.610818
0.608641
0.638342
1.01316
0.964809
0.639756
0.482878
1.07425
0.483147
0.551469
0.975285
0.552044
0.972444
1.06905
0.480012
0.48134
0.548808
0.965865
0.968682
0.546705
0.597666
1.24853
0.600931
0.629675
0.918713
0.918463
0.626823
0.599552
1.24494
0.600957
0.630029
0.911176
0.628892
0.915304
0.603152
1.23208
0.602354
0.63222
0.907845
0.633271
0.908464
1.23333
0.600789
0.601626
0.631102
0.910368
0.909322
0.630144
0.472671
1.05495
0.47458
0.539203
0.955401
0.959134
0.536475
0.477971
1.05744
0.475722
0.540975
0.962268
0.543924
0.960184
0.47183
1.05083
0.470577
0.536077
0.959026
0.958932
0.538198
0.462291
1.0349
0.463526
0.524758
0.934965
0.522902
0.938732
0.593926
1.25396
0.593033
0.621561
0.916446
0.622454
0.918034
1.25458
0.589565
0.592023
0.620126
0.919785
0.919201
0.618047
0.470414
1.03901
0.467593
0.529838
0.950339
0.533475
0.945752
0.462773
1.03428
0.464593
0.526151
0.937325
0.523649
0.941277
0.577476
1.24667
0.582841
0.608969
0.888739
0.902973
0.604329
1.25836
0.587226
0.58487
0.612575
0.918669
0.918723
0.614864
0.470733
1.03583
0.469264
0.535025
0.950986
0.536863
0.945784
1.03332
0.461992
0.466531
0.532158
0.939926
0.942934
0.527215
0.552347
1.22292
0.558737
0.583118
0.899193
0.899735
0.578797
0.565202
1.21841
0.561346
0.58716
0.889972
0.589819
0.894738
0.574306
1.20305
0.572218
0.598235
0.88241
0.600019
0.882661
1.20434
0.567296
0.570876
0.595857
0.886791
0.88431
0.592928
0.492056
1.0382
0.46336
0.528586
0.97995
0.954121
0.559854
0.455533
1.02745
0.44986
0.514504
0.936505
0.520186
0.937763
0.467528
1.03502
0.472339
0.541176
0.957889
0.957041
0.535104
0.492659
1.03708
0.480892
0.550528
0.961589
0.563306
0.95797
0.549861
1.21314
0.548242
0.574148
0.894158
0.575475
0.889939
1.21322
0.549051
0.547947
0.573561
0.893147
0.888824
0.574191
0.515815
1.0887
0.52427
0.596443
0.993112
0.58654
0.990222
0.505788
1.08068
0.518041
0.59075
0.968862
0.577329
0.979855
0.544308
1.25251
0.547499
0.575484
0.929238
0.919681
0.575734
1.24632
0.549681
0.54894
0.576038
0.901049
0.910079
0.575612
0.463924
1.02429
0.458632
0.524105
0.957848
0.530681
0.952706
1.01768
0.441596
0.450672
0.514938
0.933625
0.943575
0.503737
0.85131
1.34847
0.722808
0.81246
1.20849
0.905574
1.14896
0.596132
1.32332
0.672815
0.728846
1.01386
0.664053
1.077
0.543752
1.27899
0.547725
0.584962
0.937387
0.578358
0.94625
1.27989
0.577435
0.551752
0.598039
0.978716
0.959279
0.622656
0.436737
0.995739
0.424818
0.475654
0.931462
0.481595
0.93487
0.431239
0.983266
0.423015
0.478483
0.920038
0.490346
0.916376
0.303119
0.346692
0.333214
0.307649
0.30392
0.309089
0.345031
0.385776
0.324995
0.316815
0.318491
0.472531
0.394331
0.32547
0.323086
0.296304
0.300101
0.308149
0.346027
0.350612
0.305233
0.316927
0.428952
0.36092
0.324726
0.37745
0.315867
0.323727
0.733201
0.809526
0.810621
0.823654
0.711919
0.822274
0.733945
0.940081
1.28344
0.879485
0.964489
1.591
1.19796
1.2775
0.913791
1.15688
0.883304
0.932413
0.883932
0.929369
1.14761
0.971209
0.833228
0.764631
0.827123
0.867632
1.12514
0.767543
0.792693
0.56908
0.731878
0.723995
0.674891
0.762806
0.69403
0.659344
0.58845
0.747369
0.711816
0.670903
1.0326
0.869889
0.910034
1.23128
0.801358
0.359691
0.697525
0.349321
0.345401
0.903324
0.353047
0.662026
0.333483
0.632894
0.341281
0.338929
0.533402
0.332603
0.608794
0.335762
0.487642
0.448501
0.33222
0.330132
0.582695
0.338626
0.340938
0.937977
0.464745
0.347569
0.346936
0.610183
0.343449
0.596589
0.937202
0.640514
0.814318
0.646325
0.591379
0.82166
0.57615
0.81405
0.790391
0.557534
0.556369
0.813675
0.577557
0.571951
0.547831
0.800397
0.78338
0.567133
0.552198
0.807402
0.550044
0.773666
0.52776
0.757949
0.532177
0.545067
0.779667
0.579196
0.916472
0.634
0.80671
0.62705
0.585356
0.799386
0.555882
0.542618
0.763745
0.79319
0.537521
0.561493
0.786343
1.06666
1.15837
1.06176
1.05797
1.15623
1.0596
0.887189
0.717824
0.740242
0.895407
0.741436
0.919647
0.860975
1.07196
1.43421
1.27965
1.10094
1.43221
1.0019
1.39681
0.972463
1.4388
1.0065
0.970226
1.4354
0.942766
0.7967
0.823364
0.998304
0.796261
0.967819
0.978137
1.01276
1.27846
1.42974
0.982651
1.43043
1.05628
1.15438
1.05657
1.05712
1.15372
1.05612
0.781954
0.66654
0.839747
0.64924
0.813973
0.808835
0.645005
0.860925
1.43878
1.28112
1.43352
0.841002
0.884253
1.36083
0.91909
1.4426
0.884893
0.916535
1.448
0.895878
1.27939
1.42958
0.927156
1.43073
0.749884
0.617989
0.764367
0.601546
0.7805
0.614276
0.733061
0.497117
0.719385
0.476753
0.709172
0.489959
0.72837
0.482745
0.517709
0.854454
0.562111
0.760287
0.551482
0.753034
0.526113
0.50479
0.495419
0.715022
0.742678
0.735799
0.48934
0.511792
0.533856
0.771743
0.522004
0.739788
0.539952
0.765765
0.515385
0.542889
0.878457
0.572318
0.767319
0.58246
0.774853
0.534675
0.526239
0.501923
0.732477
0.749324
0.75706
0.508162
0.519191
1.07125
1.16762
1.07308
1.17031
1.07878
1.07633
0.683959
0.560011
0.71697
0.566335
0.558712
0.68576
0.715143
0.771869
1.35654
0.769974
1.51599
0.767193
1.51988
0.774186
0.78344
1.45755
1.30216
1.45954
0.783008
0.784381
1.45419
1.29832
1.45669
0.786623
0.683315
0.566016
0.55814
0.714222
0.558198
0.714631
0.683026
0.693533
0.563198
0.720119
0.573189
0.724441
0.689024
0.566429
0.805946
1.44417
1.28791
1.44757
0.819248
0.783995
1.35572
0.774454
1.51185
0.781067
1.50824
0.778156
0.796044
1.29032
1.45132
1.4492
0.790499
0.702112
0.580731
0.743724
0.582532
0.713262
0.732904
0.574323
1.09126
1.18311
1.09096
1.08263
1.17843
1.08513
0.619411
0.952808
0.669631
0.848771
0.670159
0.618978
0.849682
0.596278
0.833741
0.802405
0.574919
0.572783
0.829319
0.598668
0.593595
0.570032
0.824847
0.798817
0.593235
0.570269
0.825191
0.58471
0.820805
0.560937
0.793865
0.561626
0.583655
0.819231
0.615017
0.949268
0.666541
0.845844
0.665659
0.615872
0.845598
0.589352
0.566873
0.797157
0.822352
0.566243
0.590106
0.822678
1.06101
1.13762
1.0588
1.06707
1.14487
1.06537
0.699808
0.574253
0.73267
0.581175
0.573151
0.731435
0.701282
0.797401
1.44185
1.28587
1.43631
0.795626
0.788074
1.30913
0.78131
1.47005
0.780062
0.790019
1.48237
0.80089
1.2772
1.41951
0.802661
1.42739
0.696461
0.577865
0.568854
0.726597
0.570048
0.727856
0.69493
1.09356
1.1725
1.09092
1.07844
1.16391
1.08211
0.705583
0.577097
0.735972
0.58577
0.736988
0.704339
0.578046
0.809275
1.40604
1.2495
1.39747
0.809924
0.794755
1.29242
0.78327
1.45766
0.784137
0.793117
1.45292
0.807344
1.25613
1.40855
0.805856
1.40378
0.707378
0.587482
0.739258
0.580096
0.738888
0.579674
0.707896
0.615162
0.869647
0.83531
0.60658
0.855719
0.594127
0.629297
0.619886
0.963147
0.655238
0.843177
0.670287
0.856975
0.606023
0.595291
0.562763
0.816695
0.822851
0.836661
0.574536
0.582432
0.575206
0.815992
0.555971
0.791607
0.578153
0.811385
0.553892
0.59543
0.93671
0.643475
0.830389
0.645331
0.830204
0.593711
0.570902
0.548794
0.789869
0.808886
0.80832
0.550046
0.569405
1.05901
1.14995
1.0596
1.14988
1.06046
1.05983
0.715858
0.586889
0.747045
0.59483
0.587259
0.715413
0.747327
0.806032
1.28536
0.791875
1.45704
0.792192
1.45672
0.80539
0.819561
1.4109
1.26408
1.40668
0.819826
0.818553
1.40445
1.26233
1.40489
0.817997
0.716844
0.595802
0.588378
0.748438
0.588173
0.74838
0.717047
0.713265
0.58539
0.745245
0.59273
0.744862
0.713784
0.584981
0.813663
1.40723
1.26121
1.40501
0.812515
0.80302
1.28889
0.790387
1.45739
0.789812
1.45851
0.803792
0.815637
1.2609
1.40428
1.4043
0.816318
0.711352
0.590865
0.742053
0.582497
0.71042
0.742793
0.58323
1.06512
1.15309
1.06299
1.06106
1.15159
1.06167
0.643083
0.989739
0.695894
0.887967
0.694988
0.64398
0.887456
0.616015
0.850611
0.81069
0.58789
0.588599
0.851118
0.615093
0.615607
0.589103
0.849712
0.809198
0.616445
0.588315
0.849093
0.612697
0.844169
0.586592
0.805
0.58584
0.613378
0.843448
0.641768
0.985894
0.692445
0.883386
0.692996
0.641205
0.88395
0.614563
0.586885
0.807572
0.845954
0.587468
0.614001
0.846595
1.08249
1.17947
1.08225
1.08267
1.18014
1.08278
0.744133
0.612416
0.775167
0.61931
0.612264
0.775003
0.744351
0.846795
1.44825
1.30392
1.44807
0.845701
0.837571
1.32897
0.824529
1.47812
0.824295
0.837942
1.47942
0.849217
1.3037
1.44692
0.849538
1.44748
0.74186
0.617222
0.609603
0.771884
0.61026
0.77257
0.740994
1.08409
1.18206
1.08428
1.08427
1.18196
1.08427
0.744418
0.612568
0.77548
0.619465
0.775273
0.744595
0.612478
0.848588
1.44298
1.30063
1.44292
0.848092
0.838002
1.32172
0.825361
1.47544
0.825015
0.838175
1.47449
0.849628
1.30145
1.44449
0.849813
1.44419
0.74344
0.618559
0.773896
0.611277
0.774284
0.611572
0.743006
0.605862
0.832988
0.798797
0.580833
0.832726
0.580485
0.606072
0.634353
0.971285
0.682844
0.868563
0.6833
0.868836
0.633864
0.608322
0.58207
0.801744
0.835722
0.836331
0.582679
0.607811
0.611077
0.840149
0.58422
0.80363
0.610746
0.840472
0.584674
0.634944
0.973112
0.684769
0.871297
0.684431
0.871128
0.635326
0.608599
0.583061
0.800888
0.837581
0.837037
0.582498
0.609034
1.08396
1.18121
1.08407
1.18118
1.08424
1.08414
0.74618
0.614103
0.777215
0.621163
0.614181
0.746146
0.77718
0.839795
1.31132
0.828405
1.47301
0.828373
1.4726
0.839719
0.851917
1.44426
1.30311
1.44487
0.85193
0.851531
1.44503
1.30283
1.44486
0.851485
0.746547
0.621513
0.614562
0.777494
0.614539
0.777541
0.74655
0.745362
0.613325
0.776285
0.620402
0.776365
0.745284
0.613371
0.849954
1.44404
1.30223
1.44389
0.849772
0.838903
1.31379
0.827114
1.47203
0.827232
1.47226
0.838853
0.850637
1.30206
1.44444
1.44396
0.850581
0.744707
0.619797
0.775607
0.612663
0.744582
0.775657
0.612795
1.08562
1.18261
1.0858
1.08529
1.18221
1.08531
0.6201
0.969947
0.679228
0.877741
0.669011
0.62832
0.865996
0.611172
0.848508
0.808289
0.584393
0.584473
0.847943
0.611291
0.59538
0.577138
0.840465
0.791053
0.60271
0.57073
0.827889
0.579953
0.818808
0.55503
0.784604
0.556703
0.578652
0.814837
0.616218
0.960304
0.641784
0.839508
0.659874
0.597207
0.859888
0.594629
0.551337
0.803247
0.809406
0.570987
0.57504
0.835729
1.09157
1.19331
1.09117
1.09042
1.19291
1.09078
0.754534
0.621349
0.783116
0.627356
0.621449
0.783135
0.754454
0.860538
1.47846
1.32439
1.47997
0.860507
0.850641
1.44754
0.83683
1.51853
0.836852
0.850531
1.52159
0.860427
1.35025
1.50536
0.860347
1.50801
0.754633
0.627448
0.621502
0.783211
0.621558
0.78321
0.754603
1.09162
1.19472
1.09232
1.11355
1.21869
1.11477
0.754016
0.620971
0.782774
0.626947
0.782761
0.754059
0.620953
0.859537
1.4776
1.32257
1.47767
0.859296
0.849981
1.42383
0.836258
1.49151
0.836256
0.850072
1.49254
0.859872
1.32222
1.47695
0.85993
1.47742
0.753686
0.626682
0.782494
0.620431
0.782544
0.620631
0.753461
0.537502
0.781724
0.752179
0.515129
0.782611
0.515889
0.536686
0.560166
0.906344
0.599815
0.807242
0.598466
0.80765
0.56172
0.542232
0.521673
0.763677
0.794134
0.794533
0.520117
0.543766
0.559609
0.80358
0.542272
0.770004
0.565276
0.800154
0.536827
0.569037
0.901792
0.601731
0.802445
0.60664
0.805822
0.564116
0.550687
0.523903
0.761648
0.788878
0.792064
0.528388
0.545983
1.09155
1.1912
1.09024
1.1847
1.08507
1.08483
0.750172
0.617902
0.780742
0.624511
0.617789
0.750368
0.780732
0.844472
1.31757
0.833029
1.47254
0.833175
1.46541
0.844844
0.855062
1.44413
1.30214
1.44351
0.854703
0.855839
1.44841
1.30381
1.44628
0.856059
0.749424
0.62392
0.616865
0.78004
0.617121
0.780164
0.749117
0.751319
0.618419
0.781073
0.625086
0.781095
0.750985
0.618662
0.8576
1.47595
1.31865
1.47106
0.857848
0.846294
1.37369
0.828351
1.47785
0.827738
1.4889
0.845719
0.85703
1.31022
1.45652
1.45956
0.856688
0.751873
0.625421
0.781355
0.61925
0.752112
0.781328
0.619118
1.08554
1.18176
1.08516
1.08601
1.18277
1.0858
0.631535
0.977699
0.677258
0.865394
0.683631
0.627946
0.873873
0.60589
0.841953
0.818391
0.578284
0.58178
0.846697
0.602064
0.605046
0.577445
0.842458
0.81799
0.602327
0.580508
0.847518
0.594194
0.816251
0.569637
0.787709
0.570067
0.593632
0.817274
0.618936
0.944551
0.668556
0.851132
0.665055
0.621434
0.842991
0.594209
0.571782
0.788741
0.828254
0.569866
0.596437
0.819188
1.07756
1.17575
1.07786
1.07867
1.17619
1.07832
0.735934
0.604797
0.766383
0.611903
0.604937
0.766423
0.735803
0.841005
1.44674
1.30159
1.44641
0.840984
0.828859
1.33133
0.814691
1.47902
0.81475
0.828615
1.47873
0.840327
1.30004
1.44484
0.840129
1.44513
0.736594
0.612542
0.605521
0.767089
0.605527
0.767174
0.736539
1.08221
1.17965
1.0818
1.0798
1.17807
1.0802
0.734344
0.603615
0.764909
0.610544
0.764836
0.734476
0.603498
0.836958
1.44354
1.29769
1.44365
0.836154
0.827035
1.3339
0.812968
1.47823
0.812819
0.827309
1.47876
0.838521
1.29814
1.44399
0.838744
1.4438
0.73286
0.609157
0.762805
0.60167
0.763262
0.602172
0.732223
0.60341
0.829247
0.796746
0.578412
0.829173
0.578481
0.60348
0.62539
0.956104
0.672245
0.853126
0.672711
0.853889
0.62507
0.60017
0.575453
0.792816
0.824403
0.824646
0.57549
0.599956
0.594484
0.817156
0.570604
0.787478
0.594553
0.817214
0.570481
0.621401
0.94992
0.668481
0.848456
0.667987
0.847701
0.621752
0.596594
0.572563
0.790037
0.820493
0.820256
0.57244
0.596854
1.07688
1.17436
1.07659
1.17375
1.07629
1.07624
0.72479
0.595834
0.756604
0.602758
0.595265
0.725622
0.756111
0.815763
1.30301
0.800914
1.49168
0.8016
1.47617
0.817066
0.825235
1.42475
1.28183
1.42545
0.823645
0.828083
1.4415
1.28239
1.42506
0.829099
0.722065
0.600283
0.591868
0.752397
0.592844
0.753391
0.720749
0.728353
0.597708
0.758692
0.605278
0.758953
0.727779
0.598139
0.833091
1.44311
1.29636
1.44295
0.833223
0.820377
1.33763
0.803869
1.49052
0.804763
1.48485
0.819458
0.832038
1.29629
1.44597
1.44328
0.831357
0.729343
0.60614
0.759825
0.599105
0.729429
0.759886
0.599001
1.07725
1.17001
1.07794
1.07933
1.17308
1.08031
0.606721
0.943261
0.661345
0.833181
0.657745
0.609714
0.831006
0.579807
0.814786
0.792448
0.559083
0.559383
0.814549
0.579172
0.580929
0.56215
0.816106
0.792971
0.58339
0.560177
0.81453
0.597676
0.834232
0.580216
0.806184
0.574974
0.603706
0.828421
0.619071
0.951987
0.665923
0.836609
0.672125
0.613703
0.841411
0.591525
0.565189
0.800108
0.818606
0.569181
0.586862
0.82266
1.08446
1.17281
1.08673
1.09203
1.17543
1.09006
0.690359
0.564305
0.721777
0.572306
0.564449
0.721753
0.690249
0.791758
1.44532
1.2955
1.44667
0.792088
0.778183
1.29992
0.773643
1.51464
0.773939
0.778019
1.51505
0.790952
1.29475
1.44491
0.790833
1.44576
0.691199
0.573222
0.565541
0.722791
0.565271
0.722679
0.691484
1.09692
1.18096
1.09728
1.09521
1.18023
1.0962
0.6901
0.563755
0.721086
0.571884
0.721488
0.689734
0.563983
0.790973
1.43769
1.28756
1.43919
0.791564
0.778077
1.30141
0.773135
1.50907
0.772741
0.777698
1.50752
0.79079
1.28984
1.4422
0.79041
1.44094
0.690194
0.571834
0.722092
0.564499
0.721466
0.564031
0.690792
0.644299
0.878382
0.858696
0.615147
0.882806
0.619491
0.638926
0.673979
1.01125
0.732263
0.903001
0.733081
0.905366
0.672876
0.642498
0.615491
0.855107
0.877493
0.879609
0.616874
0.641181
0.617931
0.842507
0.587654
0.825367
0.611474
0.849925
0.593149
0.657397
0.99162
0.723201
0.892177
0.71547
0.884643
0.663688
0.62643
0.605578
0.836451
0.865736
0.860536
0.601397
0.631608
1.08239
1.16761
1.08039
1.16826
1.07979
1.08082
0.685682
0.561796
0.718067
0.568963
0.560939
0.686798
0.717085
0.772616
1.33581
0.767355
1.50207
0.766187
1.50483
0.77404
0.783163
1.4541
1.29525
1.44985
0.782653
0.785361
1.44093
1.28961
1.4438
0.786704
0.683477
0.566535
0.558321
0.714341
0.558755
0.714616
0.683034
0.690358
0.563933
0.720739
0.572457
0.721682
0.689275
0.564618
0.791836
1.43654
1.28296
1.43546
0.791762
0.77802
1.32204
0.769635
1.49837
0.771052
1.49838
0.776535
0.790731
1.28366
1.43692
1.43636
0.789343
0.691239
0.573021
0.722247
0.564833
0.691011
0.722523
0.565148
1.09016
1.17847
1.08916
1.08352
1.17299
1.08383
0.579593
0.814682
0.558884
0.792345
0.578941
0.559199
0.814426
0.606499
0.943329
0.661131
0.833021
0.657511
0.609505
0.830842
0.580742
0.562
0.792888
0.815986
0.560022
0.583212
0.814419
0.597553
0.83417
0.806125
0.580124
0.57487
0.828346
0.603599
0.618903
0.952118
0.66573
0.836471
0.67196
0.613515
0.841292
0.591382
0.565055
0.800031
0.818498
0.569059
0.586703
0.822563
1.08448
1.17286
1.08677
1.0921
1.17551
1.09012
0.690979
0.564853
0.5728
0.722469
0.56496
0.722401
0.690919
0.792405
1.44551
1.29567
0.792688
1.44687
0.778937
1.301
0.774614
1.51484
0.774834
0.778843
1.51528
0.691732
0.573643
0.565954
0.723314
0.565709
0.691981
0.723233
0.791697
1.2949
1.44508
0.791642
1.44595
1.09705
1.1811
1.09741
1.0953
1.18036
1.0963
0.690937
0.5644
0.572543
0.721887
0.722351
0.56467
0.690509
0.792038
1.43779
1.28763
0.792694
1.4393
0.779096
1.30271
0.774218
1.50926
0.77391
0.778638
1.50769
0.691095
0.572571
0.723079
0.565304
0.722397
0.564798
0.691746
0.791796
1.28996
1.44235
0.791337
1.44108
1.0824
1.16762
1.08039
1.07977
1.16826
1.08081
0.686543
0.562557
0.569659
0.719017
0.561672
0.718015
0.68768
0.784289
1.45412
1.29525
0.783802
1.44989
0.773708
1.3373
0.768757
1.50212
0.767619
1.50488
0.775128
0.684388
0.567273
0.559087
0.715326
0.559536
0.683942
0.715604
0.786435
1.28963
1.44097
1.44383
0.787779
1.09013
1.17846
1.08913
1.08351
1.17297
1.08381
0.691261
0.564688
0.721669
0.573215
0.722645
0.69014
0.565405
0.792951
1.43662
1.28299
1.43553
0.79292
0.779099
1.32351
0.770964
1.49842
0.772372
1.49844
0.777588
0.791806
1.28368
1.43696
1.43641
0.790386
0.692184
0.573821
0.723276
0.565681
0.691994
0.723523
0.565971
0.644313
0.878456
0.615171
0.858769
0.638948
0.882877
0.619509
0.673979
1.01153
0.732277
0.903043
0.733122
0.90543
0.672855
0.642497
0.615476
0.855159
0.877525
0.87966
0.616874
0.641162
0.61786
0.842464
0.587575
0.825349
0.611383
0.849905
0.593087
0.657337
0.991864
0.7232
0.892205
0.715436
0.884646
0.663654
0.626377
0.60555
0.836456
0.865757
0.860538
0.601351
0.631577
0.60589
0.841949
0.578271
0.818386
0.602055
0.581773
0.846703
0.631555
0.977769
0.677306
0.865427
0.683676
0.627969
0.873907
0.605057
0.577452
0.818004
0.842481
0.580513
0.60234
0.847543
0.594218
0.816297
0.787741
0.569658
0.570086
0.817315
0.59366
0.618971
0.944638
0.66861
0.851179
0.665114
0.621465
0.843047
0.594234
0.571798
0.788771
0.828291
0.569884
0.596458
0.819232
1.07762
1.17581
1.07791
1.07876
1.17631
1.07842
0.735906
0.604763
0.611872
0.76636
0.604907
0.766401
0.735771
0.841017
1.4467
1.30159
0.84099
1.4464
0.828824
1.33138
0.814691
1.47914
0.814744
0.828585
1.47883
0.736588
0.612536
0.605512
0.767093
0.605515
0.736536
0.767177
0.840292
1.30012
1.44495
0.840102
1.44522
1.08219
1.17965
1.08178
1.07988
1.17815
1.08028
0.734307
0.603582
0.61051
0.764885
0.764808
0.60346
0.734445
0.836925
1.44362
1.29776
0.836118
1.44373
0.827002
1.334
0.812971
1.47837
0.812821
0.827282
1.47892
0.732821
0.609119
0.762773
0.601628
0.763232
0.602132
0.732182
0.838489
1.29826
1.44412
0.838719
1.44394
1.07692
1.17439
1.07663
1.07633
1.1738
1.07628
0.724761
0.595815
0.602729
0.7566
0.595233
0.756097
0.725607
0.8252
1.42474
1.28182
0.823634
1.42545
0.815746
1.30305
0.800956
1.49174
0.801626
1.47622
0.817058
0.722031
0.60025
0.591836
0.752381
0.592811
0.720725
0.753365
0.828073
1.28241
1.44153
1.42509
0.829095
1.07723
1.17
1.07792
1.07935
1.1731
1.08032
0.728364
0.597692
0.758695
0.60528
0.758974
0.727769
0.598138
0.833093
1.44317
1.29641
1.44301
0.83323
0.82039
1.33768
0.803908
1.4906
0.804812
1.48492
0.819451
0.83206
1.29633
1.44602
1.44333
0.831356
0.729332
0.606126
0.75983
0.599096
0.729426
0.759886
0.598987
0.603423
0.829241
0.578404
0.796757
0.603475
0.829191
0.578491
0.625441
0.95619
0.672321
0.853206
0.672779
0.853958
0.625128
0.600213
0.575497
0.792869
0.824474
0.824708
0.575528
0.600005
0.594523
0.817207
0.57063
0.787527
0.594583
0.817274
0.570513
0.621466
0.950046
0.668568
0.84855
0.668073
0.8478
0.621818
0.596649
0.572612
0.790112
0.820578
0.820344
0.572487
0.59691
0.611287
0.848654
0.584492
0.808444
0.611396
0.584582
0.848109
0.620217
0.970136
0.679384
0.877935
0.669142
0.628454
0.866168
0.595492
0.577253
0.79121
0.840645
0.570837
0.602834
0.828053
0.580068
0.81899
0.784765
0.555147
0.556814
0.815004
0.578778
0.616356
0.960517
0.6419
0.839668
0.66003
0.597314
0.86008
0.594759
0.551436
0.803422
0.809562
0.571108
0.575143
0.835914
1.09181
1.19357
1.09141
1.09067
1.19317
1.09102
0.75453
0.621347
0.627354
0.783119
0.621446
0.783132
0.754455
0.860534
1.47879
1.32469
0.860496
1.48029
0.850637
1.4478
0.836826
1.51888
0.836842
0.850532
1.52194
0.754628
0.627444
0.621495
0.783201
0.621553
0.754593
0.783206
0.860422
1.35057
1.50571
0.860348
1.50835
1.09188
1.19499
1.09258
1.11382
1.21898
1.11504
0.754015
0.620967
0.626945
0.78277
0.782761
0.620951
0.754054
0.859527
1.47791
1.32285
0.859285
1.47798
0.849978
1.42406
0.836246
1.49183
0.836247
0.850068
1.49285
0.753675
0.626673
0.782485
0.62042
0.782535
0.620621
0.75345
0.85987
1.3225
1.47728
0.859927
1.47773
1.09179
1.19146
1.09048
1.08531
1.18495
1.08507
0.750156
0.617886
0.624496
0.780727
0.617772
0.780719
0.750353
0.855031
1.44438
1.3024
0.854663
1.44379
0.844456
1.31773
0.833022
1.47284
0.833163
1.46571
0.844826
0.749393
0.623892
0.616831
0.780007
0.617091
0.749079
0.780135
0.855824
1.30408
1.44871
1.44657
0.856042
1.08574
1.18199
1.08538
1.08624
1.18301
1.08604
0.751308
0.618408
0.781065
0.625075
0.781085
0.750975
0.61865
0.857581
1.47626
1.31893
1.47137
0.857829
0.846281
1.37389
0.828345
1.47816
0.827724
1.48921
0.845708
0.857019
1.3105
1.45682
1.45986
0.856679
0.751856
0.625406
0.781337
0.619232
0.752093
0.781313
0.619102
0.537626
0.781903
0.515243
0.752353
0.536805
0.782792
0.516008
0.560295
0.906551
0.599949
0.807429
0.598605
0.807839
0.561844
0.542356
0.521788
0.763856
0.794319
0.794719
0.520235
0.543887
0.559722
0.803748
0.542381
0.770168
0.565389
0.800323
0.536935
0.569153
0.90198
0.601859
0.80262
0.606766
0.805993
0.564234
0.550798
0.524012
0.76181
0.789051
0.792232
0.528495
0.546097
0.616075
0.850694
0.587946
0.810776
0.615148
0.58866
0.851204
0.643185
0.989893
0.696001
0.888121
0.695088
0.644087
0.887606
0.61571
0.589209
0.809347
0.849866
0.588417
0.616552
0.849242
0.612824
0.844346
0.805175
0.586717
0.585965
0.843623
0.613507
0.641894
0.986076
0.692564
0.883557
0.693123
0.641326
0.884128
0.614689
0.587005
0.807745
0.846124
0.587591
0.614123
0.84677
1.08263
1.17961
1.08238
1.0827
1.18018
1.08282
0.744162
0.612445
0.619344
0.775187
0.612303
0.775018
0.744377
0.846889
1.44843
1.30408
0.845774
1.44824
0.837593
1.32906
0.824536
1.4782
0.824299
0.837967
1.47951
0.741941
0.617282
0.60967
0.771948
0.610323
0.741067
0.772649
0.849234
1.30381
1.44702
0.84956
1.44758
1.08424
1.18222
1.08443
1.08436
1.18205
1.08435
0.744416
0.612571
0.619463
0.775471
0.775267
0.612478
0.744592
0.848544
1.44316
1.30077
0.84807
1.44308
0.838006
1.32176
0.825341
1.47547
0.825002
0.83817
1.47453
0.743416
0.618546
0.773878
0.611268
0.774254
0.611559
0.742992
0.849632
1.3015
1.44453
0.849805
1.44425
1.08421
1.18148
1.08432
1.08449
1.18144
1.08439
0.746207
0.614129
0.62119
0.777237
0.614208
0.777206
0.746172
0.851941
1.44442
1.30326
0.851953
1.44503
0.839824
1.31154
0.828422
1.47328
0.828396
1.47287
0.839744
0.74657
0.621535
0.614586
0.777518
0.614563
0.746574
0.777561
0.851559
1.30308
1.44531
1.44513
0.851508
1.08574
1.18275
1.08593
1.08551
1.18244
1.08553
0.74538
0.613346
0.776306
0.620422
0.776378
0.745307
0.613393
0.849972
1.44435
1.30252
1.4442
0.849789
0.838923
1.31401
0.827128
1.47233
0.827242
1.47256
0.838873
0.850654
1.30234
1.44475
1.44427
0.850601
0.744727
0.619817
0.775622
0.612683
0.744601
0.775674
0.612817
0.605931
0.833092
0.58091
0.798895
0.606148
0.832821
0.580555
0.634391
0.971318
0.682863
0.868603
0.683327
0.868881
0.633894
0.608365
0.582109
0.801803
0.835768
0.836383
0.582725
0.607847
0.611133
0.840241
0.584284
0.803715
0.61081
0.840556
0.584729
0.634957
0.973117
0.684767
0.871304
0.684433
0.871142
0.635334
0.608616
0.583077
0.800911
0.837593
0.837054
0.582518
0.609047
0.59629
0.833742
0.574933
0.802417
0.598678
0.572799
0.829323
0.619411
0.952748
0.669611
0.848764
0.670135
0.618982
0.849673
0.593605
0.570046
0.798827
0.824851
0.570283
0.593247
0.825192
0.584698
0.820762
0.79384
0.560929
0.561619
0.819197
0.583643
0.615008
0.949178
0.666505
0.84582
0.665624
0.615862
0.84557
0.589351
0.566876
0.797148
0.822339
0.566245
0.590106
0.822661
1.06095
1.13755
1.05874
1.06698
1.14478
1.06529
0.699575
0.57407
0.580998
0.732425
0.57297
0.731178
0.70106
0.797029
1.44167
1.28572
0.795187
1.43614
0.78778
1.30857
0.780914
1.46989
0.779633
0.789745
1.48218
0.696165
0.577621
0.568576
0.726227
0.569796
0.69458
0.727536
0.800597
1.27707
1.41936
0.802383
1.42724
1.09343
1.17236
1.0908
1.07834
1.16379
1.08201
0.705398
0.57695
0.585618
0.735769
0.736779
0.577893
0.704158
0.809039
1.40595
1.24942
0.809691
1.39738
0.794534
1.29203
0.782927
1.4575
0.783809
0.79289
1.45278
0.707197
0.587339
0.739053
0.579944
0.738688
0.579529
0.70771
0.80712
1.25602
1.40842
0.805626
1.40366
1.05897
1.14991
1.05957
1.06045
1.14985
1.05981
0.715777
0.586831
0.594773
0.746955
0.587201
0.747236
0.715337
0.819471
1.4109
1.2641
0.819735
1.40669
0.805928
1.28523
0.791711
1.45702
0.792032
1.4567
0.805287
0.716781
0.595752
0.588329
0.74836
0.588123
0.71698
0.748301
0.818446
1.26234
1.40445
1.4049
0.817892
1.06514
1.15311
1.06302
1.06107
1.1516
1.06168
0.713168
0.585313
0.745133
0.592657
0.744745
0.713686
0.584908
0.813494
1.40716
1.26117
1.40495
0.812344
0.802897
1.28867
0.790196
1.45734
0.789614
1.45844
0.803665
0.815516
1.26087
1.40426
1.40425
0.816189
0.711229
0.590767
0.741906
0.582396
0.710289
0.742657
0.58313
0.615137
0.869567
0.606541
0.835235
0.629266
0.855646
0.594096
0.619862
0.962947
0.65518
0.843103
0.67023
0.856896
0.605999
0.595269
0.562743
0.816628
0.822789
0.836594
0.574511
0.582412
0.575188
0.815939
0.555955
0.791573
0.578132
0.811338
0.553878
0.595397
0.93655
0.643416
0.830317
0.645265
0.830131
0.593686
0.570878
0.548779
0.789822
0.808828
0.80826
0.550026
0.569387
0.576463
0.814167
0.557782
0.790511
0.577832
0.556655
0.813746
0.596968
0.937217
0.640953
0.814563
0.646687
0.591855
0.821921
0.572328
0.548329
0.783581
0.800387
0.552566
0.567623
0.807473
0.552009
0.77551
0.760155
0.530996
0.534427
0.780728
0.547946
0.580172
0.916601
0.634553
0.807186
0.627855
0.586008
0.799967
0.556983
0.543402
0.764632
0.793386
0.53874
0.562217
0.786515
1.06526
1.15715
1.06064
1.06013
1.1544
1.05776
0.858939
0.720445
0.707854
0.875823
0.722996
0.888644
0.843558
1.05047
1.18882
1.14975
1.05966
1.327
0.965871
1.38785
0.947628
1.46297
0.967677
0.947475
1.45172
0.925044
0.784465
0.803984
0.962543
0.784322
0.933958
0.95732
0.978819
1.2854
1.44882
0.961208
1.44004
0.774398
0.654401
0.641687
0.834728
0.806607
0.637483
0.801046
0.85228
1.43781
1.27976
0.835279
1.43223
0.873421
1.35405
0.9034
1.4446
0.873071
0.902815
1.4471
0.743103
0.613146
0.759978
0.598165
0.773667
0.608873
0.728714
0.886308
1.27739
1.42968
0.916078
1.42864
1.07121
1.16756
1.07297
1.07891
1.17056
1.07657
0.682835
0.558982
0.565496
0.715627
0.557766
0.713933
0.684504
0.782135
1.45753
1.30222
0.78177
1.45957
0.770304
1.35475
0.767651
1.51565
0.765119
1.51961
0.77238
0.682311
0.56525
0.557305
0.713166
0.55735
0.682052
0.713541
0.782917
1.2984
1.45433
1.45674
0.784956
1.09131
1.18319
1.09104
1.08279
1.17853
1.08522
0.691562
0.561945
0.718513
0.571907
0.722395
0.687499
0.564885
0.802477
1.44421
1.28789
1.44756
0.814602
0.781087
1.35343
0.771644
1.51124
0.777593
1.50739
0.77593
0.793412
1.29057
1.45143
1.44944
0.78847
0.699492
0.57894
0.740135
0.579792
0.709738
0.730208
0.572228
0.630569
0.685451
0.620797
0.690449
0.626832
0.713706
0.628198
0.620315
0.891537
0.615829
0.802756
0.641612
0.781296
0.588976
0.618616
0.585856
0.724192
0.782044
0.752078
0.619637
0.586014
0.541972
0.777782
0.528627
0.749801
0.545728
0.773695
0.524563
0.558715
0.893953
0.592762
0.796086
0.596421
0.79347
0.556408
0.544448
0.528098
0.754618
0.776066
0.77558
0.529307
0.542887
0.157066
0.161064
0.158319
0.162405
0.158039
0.169719
0.172034
0.177046
0.21553
0.192504
0.197357
0.197383
0.174567
0.249573
0.240234
0.207632
0.209504
0.338109
0.187931
0.289522
0.270485
0.24341
0.352595
0.208917
0.212059
0.300922
0.280221
0.188643
0.744504
0.876936
0.825388
0.837882
0.809751
0.896179
0.761028
0.333977
0.319824
0.448213
0.260367
0.263433
0.325625
0.419887
0.736191
0.895516
0.819823
0.833486
0.855652
0.967198
0.735561
0.270628
0.329281
0.489654
0.611369
0.276084
0.378129
0.287653
0.460148
0.410772
0.819778
1.09307
0.426416
0.527477
0.494984
0.275823
0.337217
0.549417
0.764165
0.287764
0.302703
0.420734
0.486782
0.406222
0.681779
0.936851
0.454313
0.56849
0.506943
1.14651
1.14271
1.14286
1.15833
1.19311
1.1669
1.09494
0.770362
0.765099
0.55957
0.64321
0.840905
0.619358
0.726671
0.657945
0.696942
0.637195
0.644226
0.770872
0.663146
0.686387
1.19131
1.42567
1.16929
1.20848
1.46499
1.24648
1.427
0.51593
0.725664
0.491365
0.482861
0.801151
0.503784
0.712433
0.381113
0.921889
0.531278
0.34715
0.375954
0.682489
0.339062
0.522635
0.584493
0.581569
0.508004
0.513893
0.954417
1.3815
1.54688
1.10619
1.30726
1.71257
1.60823
1.04911
0.731158
1.23862
1.50968
0.732654
1.12673
1.06042
1.35508
0.910793
1.43153
2.0506
1.46469
1.7461
1.89284
0.378347
0.829802
0.903518
0.411545
0.364221
0.384196
0.777956
0.929873
0.352989
0.354897
0.368739
0.631297
0.755273
0.362623
0.92613
1.2321
1.24193
1.15426
1.02843
1.21796
1.24587
1.20413
0.813881
1.19405
1.30889
1.11552
1.27339
1.00934
0.45105
0.820515
0.897047
0.449376
0.491735
0.486599
0.866718
0.786961
0.402607
0.423154
0.455735
0.738523
0.821259
0.430855
1.10091
1.15651
1.16667
0.918189
1.05555
0.879345
1.0537
1.02357
1.03179
0.887291
0.901093
1.05714
1.07267
0.93082
0.97749
1.10091
0.951042
1.0893
1.10548
1.20569
1.17612
1.25703
1.05635
1.2144
1.24661
1.07756
1.20915
0.905182
1.01794
1.23603
1.02867
1.01563
0.993866
1.0646
0.978898
1.11326
0.983644
1.01818
1.02861
0.970949
1.31548
0.984798
1.09252
1.26227
0.889683
0.989953
0.954655
0.808526
1.23694
0.85981
0.674505
0.621963
0.626662
0.63462
0.659683
0.668643
0.631248
0.650048
0.764
0.671788
0.694466
0.668336
0.685146
0.654855
0.639391
0.661919
0.636223
0.682899
0.672349
0.633039
0.644479
0.620645
0.703725
0.661545
0.68654
0.641158
0.670046
0.642046
0.604945
0.609768
0.667288
0.629211
0.648406
0.626039
0.591223
1.43759
1.17354
1.19392
1.2857
1.44089
0.886321
1.06758
1.03559
1.0535
0.89311
0.914449
1.07144
1.1124
0.932806
1.03655
1.1114
0.971985
1.10964
1.16859
1.29921
1.49629
1.45218
1.5451
1.38276
1.3646
1.45685
1.2583
1.28385
1.4317
1.30238
1.44093
1.05832
1.15828
1.05895
1.15477
1.04493
1.05348
1.01041
1.07839
0.993353
0.784718
0.792997
0.778585
0.800473
0.869904
0.889608
0.871793
0.895715
1.34847
1.10864
1.14959
1.10001
1.22956
1.17109
1.24111
1.43784
1.48065
1.3691
1.37209
1.39762
1.16729
1.28279
1.26864
1.36061
1.36172
1.16304
1.32176
1.29883
0.711919
0.470758
0.482483
0.474459
0.68755
0.69996
0.463605
0.476
0.794445
0.490574
0.844672
0.493855
0.706907
0.476682
0.469319
0.684775
0.452798
0.688546
0.695565
0.460276
0.463298
0.460542
0.895607
0.482939
0.916803
0.466837
0.86314
0.476531
0.438035
0.439357
0.66866
0.556132
0.61924
0.450906
0.429669
0.155666
0.161481
0.156758
0.159143
0.156048
0.162825
0.159036
0.19956
0.176586
0.198509
0.274784
0.173492
0.20006
0.2531
0.181127
0.167338
0.169361
0.176186
0.183691
0.177028
0.166823
0.651122
0.60862
0.719305
0.607669
0.621666
0.609141
0.685757
0.238773
0.278135
0.274301
0.256087
0.235212
0.235752
0.253999
0.912716
1.00701
1.0162
1.07225
1.10266
1.42291
1.21566
0.885779
0.834692
0.698768
0.864838
0.826011
0.93662
0.768549
0.733149
0.753668
0.565575
0.585391
0.720161
0.578855
0.770096
1.3983
1.23447
1.01826
1.20578
1.14596
1.46543
1.24475
0.454598
0.260221
0.321744
0.34259
0.475804
0.31724
0.264108
0.571672
0.592129
0.537839
0.482278
0.471398
0.457415
0.498114
0.408436
0.373524
0.362095
0.38854
0.519552
0.380168
0.382674
0.436701
0.523831
0.473167
0.433104
0.416605
0.419409
0.452463
0.639088
0.616839
0.568761
0.485257
0.48241
0.471713
0.498076
0.859693
0.674038
0.701467
0.79571
0.802774
0.882259
0.726263
1.19104
1.1269
1.14443
1.34932
1.06327
1.24839
1.28913
0.83696
0.657906
0.959059
0.715773
0.653167
0.879045
0.903562
1.18118
0.92039
1.01263
0.946719
1.01732
1.09627
1.07514
1.39548
1.06943
1.36903
0.891201
1.01997
1.47598
1.30009
0.869083
0.808001
0.817771
0.813372
0.835958
0.796624
0.857908
0.973323
0.911721
0.94463
0.920969
0.891533
0.892391
0.93864
0.887199
0.506349
0.629708
0.598828
0.940691
0.757303
0.576491
0.655146
0.648016
0.645795
0.654647
0.637142
0.640285
0.648242
0.626783
0.784606
1.09443
0.815813
0.942312
1.04809
1.11615
0.885219
1.18047
1.09898
0.937675
1.14106
1.49246
1.274
1.44093
1.12818
1.54638
1.47743
1.66016
1.48098
1.69672
1.29321
1.49015
1.48316
1.59257
2.01581
1.87331
1.84306
2.02066
0.16856
0.181624
0.184642
0.177303
0.164945
0.165978
0.176075
0.377931
0.51447
0.359692
0.794064
0.574667
0.361478
0.37524
0.60679
0.872653
0.857288
0.670911
1.01917
0.801574
0.707431
0.278991
0.234633
0.253551
0.240106
0.274617
0.257539
0.234537
0.439543
0.39106
0.422932
0.419384
0.384389
0.511413
0.389666
0.665624
0.529882
0.633131
0.623189
0.528903
0.523022
0.653404
0.435765
0.399088
0.440792
0.436192
0.406396
0.39747
0.377862
0.366199
0.391058
0.521269
0.45387
0.342041
0.360725
0.392098
0.607685
0.520692
0.610398
0.507453
0.515276
0.636582
0.587532
0.675223
0.71471
0.719428
0.680453
0.67555
0.679663
0.712666
0.711273
0.665058
0.668554
0.66933
0.669455
0.700056
0.652605
0.507216
0.49828
0.49262
0.40263
0.418774
0.412909
0.406147
0.703977
0.835104
0.898991
0.685119
0.788181
0.767456
0.848072
0.731832
0.584407
0.661321
0.727793
0.650358
0.7683
0.624548
0.151353
0.155592
0.153175
0.15563
0.153161
0.163332
0.162043
0.170318
0.174035
0.17021
0.174187
0.171005
0.174076
0.170459
0.154652
0.155284
0.152959
0.172674
0.172976
0.159861
0.159521
0.169265
0.173392
0.169626
0.173171
0.169312
0.173441
0.169854
0.149399
0.153847
0.151004
0.152826
0.149819
0.155274
0.152583
0.177507
0.181962
0.177755
0.181751
0.177552
0.181978
0.177797
0.17798
0.182205
0.177944
0.182214
0.17806
0.182206
0.177992
0.170756
0.17444
0.170575
0.174522
0.17107
0.174452
0.170665
0.156038
0.154778
0.152133
0.16141
0.161559
0.155423
0.15309
0.169407
0.173531
0.170175
0.173233
0.169464
0.173595
0.170483
0.156487
0.163715
0.159885
0.159926
0.156949
0.164667
0.160802
0.177641
0.182005
0.177914
0.181787
0.177698
0.18202
0.177994
0.188451
0.173111
0.193554
0.195428
0.170913
0.189444
0.172756
0.178129
0.182192
0.178026
0.182232
0.1782
0.182193
0.178063
0.175667
0.177232
0.176393
0.176665
0.175564
0.177747
0.176387
0.603407
0.592127
0.590833
0.574112
0.729983
0.599233
0.566292
0.171278
0.174446
0.1707
0.174627
0.171455
0.174459
0.170749
0.167456
0.156102
0.154185
0.164616
0.169368
0.156512
0.15476
0.169549
0.173675
0.170744
0.173287
0.169589
0.173715
0.170933
0.157229
0.165181
0.161141
0.160421
0.157471
0.165704
0.161657
0.17778
0.182046
0.178086
0.181821
0.177817
0.182056
0.178133
0.201735
0.176995
0.203174
0.203294
0.175064
0.201791
0.175931
0.178245
0.182184
0.178077
0.182243
0.178288
0.182185
0.178096
0.176305
0.179052
0.176642
0.177064
0.176265
0.179244
0.176643
0.544778
0.484838
0.541016
0.515037
0.449151
0.518702
0.45181
0.171521
0.174448
0.170747
0.174667
0.171593
0.174455
0.170768
0.168574
0.156544
0.154804
0.16357
0.168397
0.156579
0.154843
0.169637
0.173758
0.17106
0.173317
0.169651
0.173771
0.171121
0.157566
0.16593
0.161813
0.160599
0.157636
0.166091
0.161982
0.177861
0.182071
0.178183
0.181838
0.177873
0.182074
0.178198
0.206104
0.178609
0.206543
0.206112
0.17684
0.205658
0.177181
0.178311
0.182181
0.178102
0.182248
0.178325
0.182182
0.178108
0.176589
0.179805
0.176773
0.177259
0.176574
0.179888
0.176772
0.547476
0.511187
0.550794
0.524371
0.472233
0.521497
0.474368
0.171606
0.174447
0.17076
0.174677
0.171627
0.174449
0.170767
0.168073
0.156486
0.154728
0.162703
0.167063
0.156439
0.154605
0.169651
0.173772
0.171122
0.173314
0.169638
0.173758
0.171062
0.157636
0.166093
0.161983
0.160532
0.157568
0.165935
0.161819
0.177873
0.182075
0.178198
0.181837
0.177862
0.182071
0.178183
0.207002
0.178737
0.206906
0.206381
0.177346
0.206466
0.177259
0.178326
0.182182
0.178108
0.182245
0.178311
0.182181
0.178102
0.176627
0.180003
0.176805
0.177284
0.176658
0.179954
0.176794
0.529255
0.521713
0.551002
0.52668
0.49388
0.510234
0.483308
0.171627
0.174449
0.170767
0.17467
0.171606
0.174447
0.17076
0.167063
0.15644
0.154605
0.163167
0.16808
0.156487
0.154732
0.16959
0.173716
0.170936
0.17328
0.169551
0.173676
0.170747
0.157475
0.165712
0.161665
0.160199
0.157235
0.165194
0.161153
0.177817
0.182056
0.178134
0.181815
0.177781
0.182047
0.178087
0.205322
0.177469
0.204571
0.204324
0.176758
0.20507
0.176238
0.178289
0.182186
0.178096
0.182234
0.178245
0.182184
0.178077
0.176424
0.17964
0.176742
0.177141
0.176521
0.179441
0.17671
0.541871
0.494853
0.542732
0.516941
0.466465
0.516788
0.459735
0.171593
0.174455
0.170768
0.174643
0.171521
0.174448
0.170747
0.168413
0.156583
0.15485
0.163827
0.168619
0.156551
0.154817
0.169465
0.173596
0.170487
0.173223
0.169409
0.173533
0.170179
0.156956
0.164683
0.160815
0.159538
0.156495
0.163735
0.159899
0.177699
0.182021
0.177994
0.181779
0.177641
0.182006
0.177914
0.19956
0.174209
0.197422
0.198166
0.174746
0.200263
0.173664
0.178201
0.182194
0.178064
0.182215
0.17813
0.182192
0.178027
0.175922
0.178715
0.176574
0.176813
0.176139
0.178247
0.176507
0.567351
0.513625
0.57293
0.549879
0.455045
0.537923
0.494432
0.171455
0.174459
0.170749
0.174574
0.171279
0.174447
0.170701
0.169516
0.156526
0.154789
0.164152
0.167714
0.156121
0.154224
0.169313
0.173442
0.169858
0.173162
0.169266
0.173393
0.169629
0.156056
0.162847
0.159057
0.158812
0.155671
0.161497
0.156776
0.177553
0.181978
0.177798
0.181732
0.177508
0.181963
0.177756
0.181266
0.169431
0.167402
0.183881
0.176321
0.17718
0.166891
0.178061
0.182206
0.177992
0.182185
0.177981
0.182206
0.177945
0.176306
0.176266
0.175186
0.174729
0.176151
0.175238
0.176135
0.559457
0.594401
0.480409
0.795336
0.550651
0.490398
0.573145
0.171071
0.174452
0.170666
0.17446
0.170757
0.174441
0.170575
0.161758
0.155445
0.153126
0.157692
0.156151
0.154795
0.152159
0.158076
0.169879
0.172359
0.159995
0.157088
0.161104
0.158369
0.171011
0.174077
0.170461
0.174031
0.170321
0.174036
0.170212
0.173677
0.160067
0.159847
0.156796
0.154742
0.15533
0.153029
0.189612
0.171842
0.187102
0.173432
0.184752
0.173712
0.192297
0.193423
0.174715
0.176493
0.199035
0.175112
0.196358
0.196386
0.20086
0.177419
0.2016
0.177889
0.198903
0.178441
0.203347
0.202359
0.178482
0.179719
0.205851
0.179087
0.204871
0.203527
0.205027
0.180054
0.20675
0.179766
0.2044
0.180424
0.207288
0.205409
0.179929
0.180701
0.207828
0.180599
0.20768
0.2056
0.20542
0.180703
0.207832
0.179936
0.205603
0.180605
0.20769
0.205045
0.179775
0.180068
0.206775
0.180433
0.207307
0.204426
0.202403
0.179736
0.205886
0.178507
0.203561
0.179111
0.204915
0.200914
0.177919
0.177453
0.201669
0.178469
0.203404
0.198967
0.193506
0.176531
0.199119
0.174764
0.196461
0.175155
0.196454
0.1897
0.173485
0.171887
0.187217
0.173757
0.192404
0.184838
0.170052
0.180159
0.178875
0.17397
0.167719
0.16824
0.1752
0.17592
0.172057
0.177654
0.17401
0.172548
0.173632
0.172617
0.176184
0.17623
0.176403
0.176474
0.175826
0.176275
0.176777
0.172714
0.180584
0.179229
0.174585
0.173088
0.173009
0.174911
0.176762
0.176677
0.176534
0.177717
0.17647
0.177369
0.177085
0.195613
0.170111
0.187129
0.170615
0.189792
0.171912
0.190484
0.414852
0.443424
0.38
0.404202
0.520387
0.458284
0.447273
0.17416
0.199478
0.197324
0.198063
0.174706
0.173616
0.200178
0.400163
0.333125
0.332672
0.332353
0.38978
0.389187
0.332869
0.175675
0.172585
0.176241
0.173986
0.173088
0.173845
0.173135
0.175921
0.176813
0.178714
0.176574
0.178246
0.176506
0.176138
0.172839
0.177041
0.176697
0.174253
0.173394
0.173318
0.174391
0.215654
0.201835
0.20349
0.195283
0.215078
0.202222
0.20313
0.217436
0.205199
0.197365
0.20456
0.204163
0.205043
0.218166
0.84386
0.872577
0.979603
0.684898
0.822735
0.67444
0.998606
0.632342
0.43388
0.44126
0.596204
0.599611
0.441921
0.63063
0.181798
0.173851
0.182678
0.175649
0.173472
0.175444
0.173524
0.177735
0.17673
0.17825
0.177008
0.177573
0.176755
0.178401
0.174227
0.18405
0.183461
0.175982
0.1738
0.173759
0.176127
0.178043
0.17712
0.176894
0.178842
0.176873
0.178702
0.178164
0.337389
0.407829
0.338939
0.338624
0.393958
0.396572
0.337043
0.177444
0.20529
0.20453
0.204281
0.176742
0.176216
0.20504
0.426805
0.354107
0.353941
0.353901
0.415465
0.415166
0.354097
0.177262
0.173151
0.177324
0.174561
0.173493
0.174542
0.173509
0.176423
0.177141
0.179638
0.176741
0.17944
0.17671
0.17652
0.173224
0.177594
0.177447
0.174661
0.17362
0.173576
0.174724
0.220369
0.208132
0.207371
0.200852
0.208094
0.220401
0.207338
0.220713
0.207916
0.201245
0.208598
0.208491
0.207689
0.220924
0.635913
0.447023
0.599354
0.444154
0.60025
0.635269
0.454778
0.659964
0.47335
0.486988
0.623533
0.622404
0.483513
0.660653
0.184571
0.174753
0.184873
0.176454
0.173991
0.176382
0.174013
0.17845
0.176995
0.179101
0.177275
0.178393
0.177005
0.179154
0.174867
0.1852
0.185099
0.176557
0.174094
0.174087
0.176582
0.178544
0.17731
0.177044
0.179277
0.177044
0.179247
0.178562
0.357415
0.432286
0.358086
0.358137
0.419244
0.420534
0.357459
0.17873
0.206999
0.206897
0.206372
0.177346
0.177253
0.206463
0.435405
0.360856
0.36085
0.361105
0.423761
0.423754
0.361113
0.177669
0.17334
0.177666
0.174776
0.173653
0.174781
0.173655
0.176627
0.177284
0.180002
0.176805
0.179953
0.176794
0.176658
0.173356
0.177763
0.177699
0.174806
0.173691
0.173673
0.174834
0.222715
0.210348
0.209288
0.202834
0.210286
0.222846
0.209224
0.222914
0.209479
0.202979
0.210571
0.210477
0.209352
0.22309
0.663279
0.493706
0.627356
0.48568
0.626781
0.664401
0.495453
0.722108
0.495371
0.506922
0.681371
0.678315
0.505824
0.725369
0.185201
0.174869
0.185103
0.176558
0.174095
0.176583
0.174088
0.178545
0.177045
0.179277
0.17731
0.178563
0.177044
0.179248
0.174756
0.184581
0.184881
0.176456
0.173993
0.174015
0.176385
0.178452
0.177275
0.176995
0.179103
0.177006
0.179156
0.178395
0.360858
0.435402
0.36085
0.361106
0.423777
0.423752
0.361116
0.178618
0.206127
0.20656
0.206127
0.176854
0.177189
0.205682
0.4323
0.35744
0.358103
0.358155
0.419261
0.420548
0.357485
0.177763
0.173356
0.177699
0.174806
0.173691
0.174834
0.173673
0.176589
0.177259
0.179806
0.176773
0.179889
0.176772
0.176575
0.17334
0.17767
0.177666
0.174776
0.173654
0.173656
0.174781
0.223442
0.210981
0.209798
0.203354
0.210926
0.223534
0.209728
0.22328
0.209602
0.203208
0.210795
0.210767
0.209586
0.223314
0.722117
0.506936
0.681361
0.495398
0.678325
0.725356
0.505849
0.663259
0.48572
0.493807
0.62739
0.626759
0.495486
0.664438
0.184065
0.174234
0.183478
0.175987
0.173804
0.176132
0.173763
0.178047
0.176895
0.178844
0.177121
0.178168
0.176874
0.178705
0.173859
0.181819
0.182699
0.175655
0.173476
0.173528
0.17545
0.177739
0.177009
0.176731
0.178253
0.176756
0.178405
0.177576
0.354116
0.426825
0.353956
0.353917
0.415476
0.415183
0.354107
0.177024
0.201801
0.203227
0.203347
0.175098
0.175958
0.201864
0.407752
0.337301
0.338855
0.338519
0.393839
0.396472
0.336934
0.177594
0.173224
0.177447
0.174661
0.173621
0.174724
0.173577
0.176306
0.177065
0.179053
0.176642
0.179246
0.176643
0.176265
0.173151
0.177263
0.177325
0.174561
0.173493
0.17351
0.174542
0.221999
0.20983
0.208965
0.202374
0.209704
0.22224
0.20876
0.221555
0.208283
0.201918
0.209236
0.209228
0.20834
0.22154
0.659939
0.487051
0.623506
0.473427
0.622373
0.66063
0.483584
0.635251
0.443887
0.446592
0.598374
0.599567
0.454518
0.634297
0.180608
0.172724
0.179253
0.174592
0.173092
0.174917
0.173013
0.176766
0.176535
0.17772
0.176679
0.177089
0.176471
0.177371
0.172066
0.17594
0.177677
0.174016
0.172552
0.172621
0.173638
0.176187
0.176475
0.176231
0.176406
0.176277
0.176779
0.175829
0.332981
0.399981
0.332509
0.332158
0.389606
0.388969
0.332692
0.173168
0.18859
0.19367
0.195545
0.170975
0.172815
0.189599
0.442203
0.413483
0.378996
0.402424
0.518268
0.456488
0.44485
0.177042
0.17284
0.176698
0.174254
0.173395
0.174391
0.173319
0.175667
0.176666
0.177232
0.176394
0.177747
0.176388
0.175565
0.172586
0.175678
0.176242
0.173987
0.173089
0.173136
0.173846
0.219023
0.207132
0.206728
0.199923
0.206962
0.219345
0.206474
0.218513
0.206196
0.198856
0.206255
0.205957
0.205668
0.219619
0.630278
0.440452
0.594703
0.432728
0.597597
0.629119
0.440689
0.854445
0.70654
0.842336
0.968199
0.840555
0.690597
0.994438
0.170094
0.180263
0.178951
0.174039
0.167768
0.168276
0.175302
0.247384
0.221
0.222618
0.243536
0.221264
0.24103
0.248051
0.250514
0.257949
0.221267
0.223455
0.246649
0.259446
0.220945
0.242493
0.21748
0.217959
0.22952
0.237413
0.219179
0.235472
0.253623
0.222269
0.222903
0.256243
0.260051
0.221717
0.25207
0.253749
0.225558
0.248407
0.22941
0.251994
0.227728
0.25072
0.258143
0.258902
0.227561
0.229992
0.258867
0.228609
0.258696
0.255369
0.224506
0.257052
0.22584
0.256762
0.25461
0.226456
0.257064
0.232378
0.231846
0.255858
0.230288
0.25414
0.2582
0.219021
0.207131
0.199919
0.206724
0.206959
0.219346
0.206469
0.218511
0.206189
0.206252
0.198852
0.205955
0.219616
0.205662
0.264981
0.240068
0.238184
0.263933
0.237279
0.262956
0.265645
0.263014
0.261956
0.23213
0.23198
0.262757
0.262055
0.233517
0.262958
0.238336
0.234261
0.259554
0.261801
0.235698
0.260945
0.264967
0.235777
0.233186
0.264816
0.264599
0.234918
0.265376
0.26843
0.239639
0.266158
0.243329
0.267874
0.240308
0.266893
0.269337
0.268675
0.236585
0.239079
0.26857
0.238637
0.269543
0.267972
0.237082
0.266924
0.235819
0.267246
0.267555
0.237742
0.269807
0.244421
0.241774
0.268781
0.241318
0.268239
0.27016
0.222
0.209829
0.202371
0.208964
0.209703
0.222244
0.208758
0.221556
0.20828
0.209232
0.201914
0.209226
0.221537
0.208338
0.272555
0.246856
0.243814
0.271336
0.243621
0.271137
0.272659
0.271305
0.270265
0.239996
0.238226
0.270401
0.271126
0.240353
0.271955
0.24633
0.242783
0.270333
0.271735
0.243126
0.270582
0.271923
0.24099
0.238613
0.271006
0.27102
0.240801
0.271956
0.273418
0.244228
0.271967
0.247662
0.273314
0.244381
0.272103
0.272976
0.271999
0.23945
0.241703
0.272025
0.241689
0.272965
0.272703
0.241366
0.271688
0.239306
0.271749
0.272625
0.241523
0.273681
0.247852
0.244583
0.272388
0.244564
0.27235
0.273692
0.223457
0.210989
0.203355
0.209802
0.210933
0.22355
0.209731
0.223294
0.209603
0.2108
0.203207
0.210772
0.223327
0.209588
0.273428
0.247672
0.244242
0.27198
0.244391
0.272113
0.273326
0.27298
0.272003
0.241705
0.239456
0.272028
0.272968
0.241695
0.273685
0.247859
0.244585
0.272391
0.273695
0.244571
0.272355
0.272714
0.241379
0.239315
0.271698
0.271759
0.241533
0.272636
0.272576
0.243833
0.271356
0.246881
0.272679
0.243644
0.27116
0.271328
0.270286
0.238249
0.240026
0.270422
0.240378
0.271151
0.271941
0.241008
0.271024
0.238634
0.271037
0.271975
0.240823
0.271981
0.246357
0.242814
0.270364
0.243152
0.27061
0.271762
0.222721
0.210357
0.202837
0.209293
0.210291
0.22286
0.209227
0.222933
0.209483
0.21058
0.202982
0.210487
0.223106
0.209357
0.268469
0.243373
0.239686
0.266206
0.24035
0.266937
0.267916
0.269366
0.268701
0.239112
0.236621
0.268595
0.269573
0.238675
0.269842
0.244463
0.241809
0.268817
0.270193
0.241358
0.268279
0.268005
0.237127
0.235855
0.266948
0.267272
0.237781
0.267588
0.265028
0.238236
0.263987
0.240135
0.265691
0.237341
0.263014
0.263046
0.261964
0.23203
0.232195
0.26277
0.233573
0.262085
0.265
0.235824
0.264841
0.233237
0.264617
0.265412
0.234976
0.263006
0.238404
0.234331
0.259617
0.23576
0.261005
0.26185
0.220364
0.20813
0.200856
0.207373
0.208093
0.220393
0.20734
0.22071
0.207918
0.2086
0.201248
0.208491
0.220924
0.207691
0.25379
0.229492
0.225637
0.248473
0.2278
0.250785
0.252033
0.258154
0.258896
0.230054
0.227614
0.258837
0.25872
0.228676
0.257107
0.232463
0.231918
0.255924
0.258249
0.230365
0.254205
0.255371
0.224572
0.225884
0.256986
0.256714
0.226515
0.254605
0.247432
0.222691
0.243599
0.221088
0.248087
0.221341
0.241093
0.250548
0.257966
0.223479
0.221343
0.259408
0.246711
0.221
0.253626
0.222324
0.256158
0.222933
0.259973
0.252059
0.221777
0.242548
0.217562
0.218043
0.229584
0.237482
0.219252
0.235534
0.215665
0.201843
0.195292
0.203515
0.202229
0.215092
0.203149
0.217443
0.205209
0.204563
0.197371
0.204167
0.218172
0.205056
0.173905
0.170561
0.172062
0.172038
0.172905
0.172406
0.171953
0.175985
0.175504
0.175071
0.174513
0.175967
0.175816
0.175117
0.473901
0.60074
0.589937
0.529259
0.514811
0.560584
0.609643
0.803343
0.426682
0.713363
0.422306
0.729993
0.392925
0.398428
0.172017
0.178647
0.174325
0.173322
0.172977
0.172814
0.174371
0.176305
0.176265
0.175184
0.174727
0.17615
0.175237
0.176134
0.174336
0.171388
0.172823
0.172824
0.173373
0.172987
0.172658
0.172084
0.167911
0.180594
0.18793
0.165447
0.174353
0.168592
0.192654
0.179039
0.165454
0.170417
0.17662
0.192458
0.169588
1.15672
1.26445
1.35501
1.75952
1.16713
1.5967
1.21169
0.257674
0.250941
0.24084
0.279894
0.277908
0.240407
0.258844
0.255361
0.249114
0.273614
0.238821
0.254709
0.274958
0.238758
0.297385
0.264259
0.270168
0.31174
0.310191
0.264782
0.298396
0.724283
0.728641
0.7754
0.716255
0.702069
0.743761
0.752451
0.286876
0.271104
0.272645
0.292693
0.294816
0.268807
0.285923
0.43447
0.421095
0.43629
0.424938
0.422417
0.433393
0.437872
0.267967
0.247687
0.258243
0.290551
0.290215
0.247611
0.268161
0.267968
0.258254
0.290159
0.247607
0.267978
0.290171
0.247645
0.290073
0.252687
0.257933
0.305022
0.304902
0.252642
0.290193
0.432232
0.415412
0.432144
0.416169
0.431149
0.416474
0.433448
0.291252
0.258753
0.259096
0.317103
0.304809
0.254432
0.301548
0.446857
0.43053
0.449029
0.43032
0.430201
0.447156
0.44864
0.272721
0.251269
0.262432
0.29592
0.296179
0.251315
0.272561
0.272973
0.262655
0.296279
0.251375
0.272815
0.296555
0.251447
0.295156
0.254749
0.260329
0.310035
0.310522
0.254858
0.294783
0.466056
0.448427
0.467914
0.449844
0.465452
0.449014
0.468676
0.293901
0.254592
0.259849
0.308423
0.308775
0.254553
0.293666
0.46948
0.452361
0.472452
0.453128
0.452178
0.46963
0.472253
0.274024
0.252556
0.26373
0.297621
0.297603
0.252577
0.274039
0.274158
0.263864
0.297799
0.252677
0.274186
0.297762
0.252694
0.290431
0.254146
0.257924
0.30829
0.304229
0.253125
0.293457
0.474719
0.45714
0.478085
0.458631
0.474663
0.45718
0.47813
0.279395
0.25021
0.253559
0.288788
0.289251
0.250256
0.279085
0.471771
0.454393
0.474547
0.455567
0.454469
0.471662
0.474708
0.27116
0.249938
0.261018
0.294236
0.294339
0.250003
0.271111
0.271571
0.261419
0.29509
0.250427
0.271739
0.294799
0.250375
0.290526
0.252662
0.258074
0.305027
0.305378
0.252805
0.290214
0.461415
0.4444
0.464042
0.444917
0.461522
0.444258
0.463873
0.292361
0.254319
0.25927
0.307729
0.306872
0.254073
0.293051
0.451283
0.433988
0.452298
0.435007
0.434703
0.450528
0.453263
0.265142
0.24544
0.255815
0.286472
0.286641
0.24549
0.265125
0.265812
0.256426
0.288153
0.246226
0.266212
0.287433
0.246058
0.299378
0.263095
0.268575
0.312844
0.314158
0.262518
0.29883
0.427344
0.411756
0.428851
0.410889
0.427691
0.411368
0.428397
0.313523
0.263988
0.273901
0.327907
0.332307
0.266249
0.310324
0.430952
0.418033
0.433759
0.41842
0.417332
0.431226
0.433324
0.173921
0.172066
0.170568
0.17291
0.17205
0.172411
0.171957
0.175986
0.175506
0.175075
0.174516
0.175968
0.175818
0.175119
0.472194
0.588128
0.600084
0.511518
0.527715
0.557863
0.609138
0.215777
0.177211
0.192737
0.197642
0.197882
0.258327
0.174708
0.199758
0.287069
0.176715
0.199089
0.200031
0.263912
0.173623
0.17434
0.172825
0.171391
0.173375
0.172828
0.172989
0.17266
0.17867
0.172025
0.174337
0.173326
0.17298
0.174376
0.172817
0.197157
0.199841
0.210407
0.205068
0.189989
0.194425
0.197738
0.204573
0.203443
0.204361
0.189356
0.214374
0.196235
0.196833
0.880516
1.04965
1.10433
1.14516
0.768659
1.0867
0.763408
0.168001
0.172312
0.180989
0.188912
0.165557
0.168762
0.174746
0.1941
0.170794
0.179827
0.165623
0.193748
0.169866
0.177183
0.26514
0.245438
0.255814
0.286457
0.265116
0.286637
0.24549
0.265815
0.25643
0.288156
0.246232
0.266216
0.287434
0.246063
0.271175
0.249946
0.26103
0.294246
0.27112
0.294359
0.250012
0.271594
0.261438
0.295113
0.250441
0.271758
0.294829
0.25039
0.274078
0.252601
0.26378
0.297684
0.274093
0.297667
0.252622
0.274215
0.263916
0.297867
0.252724
0.274244
0.297829
0.252741
0.272729
0.25128
0.262442
0.295935
0.272573
0.296187
0.251325
0.273011
0.262691
0.296326
0.251411
0.272856
0.296597
0.251482
0.267948
0.247667
0.258223
0.290527
0.268139
0.290195
0.247591
0.267937
0.258224
0.290124
0.247577
0.267945
0.290138
0.247615
0.257691
0.240851
0.250957
0.279921
0.258862
0.277934
0.240418
0.255378
0.24913
0.273638
0.238834
0.254726
0.274982
0.23877
0.196199
0.193164
0.181975
0.193723
0.189828
0.188728
0.201652
0.190728
0.18132
0.180039
0.182375
0.185709
0.18632
0.184947
0.249517
0.222709
0.237296
0.225138
0.227535
0.234934
0.222196
0.216667
0.218673
0.227084
0.216491
0.207406
0.214717
0.207955
0.197142
0.199813
0.210385
0.20504
0.189969
0.194409
0.197707
0.204519
0.203364
0.204275
0.189285
0.196779
0.214294
0.196178
0.238734
0.210218
0.213131
0.206664
0.223502
0.224641
0.21785
0.25289
0.23303
0.213154
0.247302
0.267341
0.235043
0.225386
0.195249
0.190498
0.197092
0.186272
0.18354
0.185697
0.183795
0.193768
0.201727
0.20017
0.18838
0.186862
0.186366
0.188919
0.186097
0.188592
0.178899
0.180267
0.185504
0.179075
0.188875
0.187481
0.19118
0.180328
0.181397
0.179898
0.188322
0.190527
0.208528
0.200855
0.207668
0.192933
0.191934
0.191623
0.193221
0.20472
0.198648
0.205672
0.191477
0.189569
0.191179
0.189813
0.19096
0.19412
0.183539
0.182299
0.182088
0.193755
0.191367
0.190004
0.192717
0.181298
0.182822
0.189692
0.181428
0.192815
0.395188
0.332475
0.332488
0.334591
0.387777
0.386496
0.333868
0.624861
0.617337
0.577887
0.534832
0.580737
0.522127
0.575535
0.284167
0.23537
0.234961
0.286232
0.284413
0.231745
0.290998
0.384993
0.417302
0.393153
0.386067
0.381848
0.400568
0.376069
0.402007
0.333897
0.333039
0.333418
0.39025
0.33439
0.391712
0.372845
0.382788
0.372335
0.36051
0.361283
0.361115
0.360685
0.381833
0.392192
0.37985
0.367519
0.376668
0.369874
0.370835
0.262292
0.2427
0.283167
0.254325
0.261625
0.28442
0.243027
0.264147
0.255998
0.288273
0.244981
0.286669
0.244551
0.265026
0.299247
0.262995
0.312638
0.268449
0.313984
0.262429
0.298675
0.427779
0.4122
0.411382
0.42929
0.428107
0.411831
0.428863
0.432221
0.419653
0.435309
0.42005
0.432609
0.418801
0.434728
0.313474
0.263955
0.273846
0.32786
0.332245
0.26621
0.310287
0.210654
0.203834
0.211166
0.194984
0.19365
0.194828
0.193734
0.204927
0.212793
0.212296
0.195794
0.194607
0.194587
0.195953
0.192526
0.195245
0.183101
0.184565
0.192418
0.183134
0.195227
0.193047
0.195816
0.183559
0.184889
0.18349
0.193213
0.195648
0.215552
0.207325
0.215233
0.197636
0.196357
0.196302
0.197737
0.214105
0.206604
0.214443
0.197067
0.195666
0.196963
0.195724
0.194346
0.19696
0.185712
0.184399
0.184368
0.196816
0.194448
0.193943
0.196436
0.184045
0.185452
0.193851
0.184081
0.196473
0.415675
0.345385
0.345199
0.345007
0.404644
0.404294
0.345248
0.376915
0.389921
0.378673
0.366483
0.364736
0.36764
0.36492
0.388356
0.399666
0.387825
0.374505
0.37618
0.375847
0.374699
0.421245
0.348794
0.349551
0.349458
0.408332
0.348643
0.409751
0.40003
0.413017
0.39971
0.385339
0.387892
0.387551
0.385517
0.392199
0.406048
0.393269
0.379614
0.379723
0.381657
0.37865
0.268918
0.248216
0.291329
0.259045
0.268854
0.291465
0.2483
0.26924
0.259339
0.292196
0.248625
0.291859
0.248557
0.269433
0.290525
0.252657
0.305026
0.258073
0.305381
0.252802
0.290208
0.461397
0.444387
0.4449
0.464023
0.461505
0.444243
0.463851
0.451274
0.433992
0.452289
0.435011
0.450519
0.434706
0.453252
0.292373
0.254322
0.259278
0.307735
0.306889
0.25408
0.293054
0.216465
0.208397
0.216356
0.198343
0.197055
0.198422
0.197092
0.208717
0.216809
0.216666
0.198591
0.197373
0.197351
0.198632
0.194885
0.197532
0.184783
0.186202
0.194945
0.184798
0.197437
0.195072
0.197667
0.184931
0.186326
0.18493
0.1951
0.1976
0.217414
0.209315
0.217382
0.199048
0.197797
0.197794
0.199056
0.217176
0.209193
0.217239
0.198943
0.197677
0.198923
0.197693
0.195417
0.197987
0.186584
0.185156
0.185169
0.19796
0.195412
0.195327
0.19788
0.185087
0.186521
0.195303
0.185103
0.197877
0.433083
0.358906
0.358859
0.358964
0.421447
0.421364
0.359031
0.404212
0.418969
0.404936
0.390351
0.39201
0.393282
0.389755
0.406811
0.420734
0.406594
0.391736
0.394899
0.394634
0.391836
0.434706
0.36017
0.360235
0.360438
0.42292
0.360353
0.423034
0.410314
0.425542
0.410282
0.395186
0.399202
0.399173
0.395193
0.408632
0.423552
0.408842
0.393899
0.396903
0.397422
0.39369
0.273184
0.251777
0.296658
0.262891
0.273193
0.296658
0.251797
0.273525
0.263228
0.297168
0.252096
0.297055
0.252094
0.273595
0.290463
0.254168
0.308328
0.257947
0.304266
0.253147
0.293489
0.474713
0.457134
0.458623
0.478079
0.474657
0.457174
0.478123
0.471743
0.454361
0.47451
0.455538
0.471629
0.454443
0.474678
0.279434
0.250237
0.253588
0.288831
0.289294
0.250284
0.279125
0.217415
0.209318
0.217384
0.199049
0.197798
0.199058
0.197796
0.209198
0.217184
0.217245
0.198947
0.197682
0.197697
0.198927
0.195419
0.197988
0.185157
0.186585
0.195413
0.185169
0.197961
0.19533
0.197883
0.185088
0.186523
0.185105
0.195306
0.19788
0.216482
0.208412
0.216372
0.198354
0.197066
0.197103
0.198432
0.216821
0.208729
0.216679
0.198599
0.197381
0.198641
0.19736
0.194892
0.197538
0.186206
0.184787
0.184802
0.197443
0.194951
0.195077
0.197671
0.184935
0.186329
0.195106
0.184933
0.197605
0.434715
0.360182
0.360245
0.360449
0.422947
0.423043
0.360366
0.41032
0.425552
0.410289
0.395192
0.399209
0.399181
0.395199
0.408656
0.423574
0.408861
0.393912
0.396925
0.397434
0.393707
0.4331
0.358924
0.358877
0.358983
0.421451
0.35905
0.421381
0.40425
0.419001
0.404963
0.390365
0.39204
0.393294
0.389777
0.406833
0.420761
0.406617
0.391752
0.394918
0.394652
0.391853
0.273799
0.252369
0.297415
0.263509
0.273843
0.297346
0.252372
0.273872
0.263557
0.297436
0.252372
0.297457
0.252403
0.273866
0.295186
0.254762
0.310053
0.260348
0.310553
0.254877
0.294801
0.466107
0.448479
0.449893
0.467978
0.46551
0.449059
0.46873
0.469505
0.452385
0.472479
0.453155
0.469654
0.452203
0.472281
0.293918
0.254608
0.259862
0.308446
0.308791
0.254566
0.293689
0.215572
0.207346
0.215255
0.197651
0.196371
0.197751
0.196316
0.206627
0.214132
0.214469
0.197084
0.195682
0.19574
0.196979
0.194355
0.196967
0.184405
0.185718
0.194457
0.184374
0.196823
0.193953
0.196444
0.184051
0.185458
0.184087
0.19386
0.196481
0.210687
0.203864
0.211199
0.195005
0.193671
0.193755
0.194849
0.212823
0.204956
0.212328
0.195813
0.194627
0.195972
0.194607
0.192538
0.195253
0.184571
0.183108
0.183142
0.195235
0.192429
0.193058
0.195825
0.183567
0.184895
0.193224
0.183497
0.195656
0.421259
0.348806
0.349558
0.349461
0.408362
0.409759
0.348652
0.400045
0.413038
0.399727
0.385335
0.387891
0.387542
0.385517
0.392197
0.406038
0.393262
0.379569
0.37966
0.381595
0.378604
0.415651
0.345373
0.345179
0.344979
0.404615
0.345227
0.404259
0.376675
0.389666
0.378456
0.366174
0.364306
0.367274
0.364577
0.388294
0.399575
0.387754
0.374382
0.376056
0.375685
0.374596
0.270303
0.24937
0.293493
0.260249
0.270434
0.293264
0.249322
0.270275
0.260219
0.29319
0.249252
0.29322
0.249301
0.27027
0.290081
0.252692
0.305025
0.257939
0.304907
0.252648
0.2902
0.43197
0.415101
0.415867
0.431834
0.430863
0.416188
0.433171
0.446796
0.430456
0.448967
0.430242
0.447095
0.430126
0.448576
0.291272
0.258772
0.259119
0.317135
0.304834
0.254447
0.301571
0.208564
0.200894
0.207703
0.192955
0.191964
0.193243
0.191653
0.198687
0.204755
0.205707
0.191499
0.189596
0.189842
0.1912
0.190971
0.194128
0.182307
0.183544
0.191379
0.182095
0.193763
0.190015
0.192724
0.181304
0.182827
0.181435
0.189702
0.192821
0.195275
0.190531
0.197122
0.18629
0.183562
0.185714
0.183818
0.201762
0.193805
0.200202
0.1884
0.186889
0.18894
0.186392
0.186105
0.188596
0.18027
0.178904
0.185512
0.17908
0.188879
0.18749
0.191186
0.180335
0.181401
0.188333
0.179904
0.190532
0.401665
0.333514
0.33268
0.33296
0.389818
0.391279
0.333902
0.372478
0.382222
0.371901
0.359945
0.36073
0.360405
0.36021
0.380439
0.390795
0.378728
0.366075
0.374281
0.368159
0.369003
0.394803
0.332014
0.332005
0.333954
0.387272
0.333265
0.385994
0.625124
0.611829
0.56628
0.535362
0.615217
0.550672
0.583852
0.383236
0.413407
0.390668
0.383091
0.379115
0.396408
0.373912
0.265888
0.244608
0.28606
0.256367
0.264519
0.288517
0.245238
0.267335
0.258349
0.291254
0.247049
0.290738
0.246752
0.26769
0.297629
0.264389
0.311996
0.27041
0.310497
0.264953
0.298596
0.723265
0.747188
0.731349
0.791772
0.710527
0.760383
0.75133
0.432693
0.419192
0.43448
0.422514
0.431774
0.420321
0.435821
0.288052
0.272076
0.273207
0.297495
0.290686
0.29608
0.26914
0.196239
0.193229
0.182034
0.193773
0.188781
0.201699
0.189866
0.190759
0.181352
0.180084
0.182398
0.185732
0.184989
0.186352
0.249568
0.222767
0.237378
0.225212
0.227617
0.235002
0.222251
0.216738
0.218737
0.227162
0.216566
0.207483
0.214798
0.208012
0.238942
0.210325
0.213266
0.20685
0.224765
0.218002
0.223718
0.253231
0.233407
0.213434
0.247838
0.267882
0.225603
0.235383
0.285259
0.283411
0.254737
0.25111
0.283841
0.285879
0.254783
0.287054
0.257355
0.253497
0.28965
0.288366
0.256626
0.287921
0.292962
0.293963
0.262408
0.266737
0.294885
0.265364
0.292204
0.292764
0.260987
0.259672
0.294658
0.294831
0.262769
0.292308
0.307865
0.309805
0.277339
0.281232
0.309441
0.280749
0.308267
0.305938
0.278317
0.306427
0.27569
0.307369
0.30482
0.279296
0.298231
0.298236
0.271177
0.269332
0.29627
0.299823
0.272875
0.300511
0.275226
0.271184
0.302649
0.302077
0.274545
0.301213
0.291503
0.315175
0.331731
0.288367
0.329514
0.288158
0.291859
0.294713
0.29999
0.333329
0.340941
0.297503
0.334938
0.297206
0.292119
0.314632
0.327025
0.290191
0.328011
0.294164
0.28897
0.29426
0.340226
0.344274
0.29816
0.297417
0.337294
0.294757
0.294257
0.33571
0.290741
0.321481
0.290789
0.294094
0.337872
0.299599
0.303965
0.360289
0.353286
0.303586
0.351295
0.299991
0.297217
0.344575
0.30044
0.356155
0.301074
0.296881
0.347349
0.296664
0.324894
0.293438
0.343344
0.293282
0.341585
0.296943
0.265878
0.244605
0.256362
0.286044
0.264509
0.2885
0.245235
0.267322
0.258342
0.291232
0.247044
0.267676
0.290718
0.246748
0.296767
0.343335
0.292607
0.326913
0.344861
0.296293
0.292838
0.30274
0.307715
0.372292
0.362587
0.360257
0.307742
0.302847
0.300586
0.35407
0.367676
0.304482
0.356496
0.305583
0.299812
0.298925
0.329488
0.349474
0.295148
0.347864
0.295037
0.299057
0.294042
0.341075
0.323833
0.290819
0.290596
0.340576
0.294473
0.299545
0.304624
0.361119
0.354537
0.303096
0.300889
0.352908
0.297191
0.351351
0.359212
0.302351
0.301335
0.35035
0.297887
0.296907
0.327191
0.294559
0.344941
0.297981
0.293923
0.343614
0.313808
0.314306
0.285067
0.282242
0.312662
0.31526
0.286015
0.31505
0.287472
0.28338
0.316663
0.316519
0.287077
0.315238
0.319289
0.320948
0.28714
0.291301
0.320726
0.290948
0.319537
0.318032
0.289528
0.286096
0.319027
0.319391
0.29002
0.317582
0.327008
0.328578
0.293619
0.297934
0.328323
0.297697
0.327269
0.3261
0.296727
0.327099
0.292893
0.327372
0.325788
0.297041
0.322972
0.323881
0.293798
0.290188
0.322476
0.324289
0.294256
0.323798
0.295207
0.290916
0.325307
0.325138
0.294915
0.323986
0.289077
0.325159
0.314899
0.285694
0.327264
0.286358
0.288082
0.299365
0.305729
0.356788
0.360923
0.302533
0.350274
0.301359
0.291047
0.330311
0.335683
0.291685
0.293265
0.332066
0.2898
0.296627
0.32604
0.348511
0.293773
0.342088
0.297745
0.29323
0.287908
0.324834
0.285414
0.312884
0.285466
0.28778
0.325422
0.290683
0.29309
0.338241
0.333316
0.292771
0.332537
0.290931
0.289795
0.330108
0.291444
0.336477
0.291827
0.28954
0.331173
0.288773
0.313878
0.286442
0.327065
0.286349
0.326541
0.288936
0.270308
0.249377
0.260256
0.293502
0.270442
0.293268
0.249328
0.270271
0.260216
0.293176
0.249246
0.270261
0.293215
0.249297
0.290947
0.329633
0.288422
0.316626
0.32983
0.290913
0.288431
0.293704
0.296136
0.34371
0.337935
0.337403
0.295874
0.293909
0.293007
0.336267
0.342785
0.295063
0.336541
0.295172
0.292939
0.29165
0.317413
0.331068
0.289223
0.330651
0.289145
0.291793
0.290108
0.328926
0.315562
0.287709
0.287649
0.328571
0.290218
0.291859
0.293954
0.340484
0.334351
0.293941
0.291857
0.334629
0.292099
0.335581
0.341069
0.294412
0.294199
0.335087
0.292266
0.289885
0.315287
0.287447
0.328074
0.2899
0.287433
0.328231
0.330488
0.330975
0.299979
0.296133
0.329714
0.331753
0.30038
0.330123
0.299804
0.295924
0.330518
0.331389
0.300143
0.329271
0.331055
0.332457
0.29673
0.301157
0.332347
0.301
0.331173
0.330578
0.300503
0.296432
0.331584
0.33184
0.300743
0.330313
0.33249
0.333711
0.29808
0.302467
0.333702
0.302448
0.332501
0.332352
0.302359
0.333556
0.298002
0.333553
0.332353
0.302378
0.331984
0.333168
0.30186
0.297581
0.331932
0.333211
0.301943
0.33202
0.302077
0.297675
0.333248
0.333239
0.302021
0.332034
0.292158
0.331564
0.318232
0.289672
0.331548
0.28966
0.292178
0.294783
0.297006
0.345313
0.338885
0.296934
0.338992
0.294849
0.294197
0.338341
0.344582
0.29639
0.296349
0.338296
0.294228
0.29274
0.318858
0.332114
0.290275
0.332211
0.292795
0.290239
0.292577
0.33207
0.290073
0.318746
0.290068
0.292575
0.332104
0.295119
0.29736
0.345841
0.339714
0.297277
0.339505
0.295189
0.294622
0.338825
0.296758
0.345154
0.296775
0.294613
0.338865
0.29307
0.319308
0.290587
0.332865
0.290558
0.332706
0.29312
0.273851
0.252412
0.263556
0.297477
0.273895
0.297407
0.252414
0.273923
0.263604
0.297494
0.252413
0.273916
0.297517
0.252444
0.293531
0.333379
0.291027
0.319874
0.333344
0.293553
0.291011
0.295836
0.298064
0.347309
0.340728
0.3406
0.298003
0.295883
0.295599
0.340319
0.346928
0.297772
0.340284
0.297751
0.295622
0.293759
0.320127
0.333708
0.291252
0.333624
0.291232
0.293792
0.293303
0.333153
0.319601
0.290817
0.290794
0.333019
0.293343
0.295426
0.297582
0.34629
0.339924
0.297558
0.295446
0.339932
0.295347
0.34007
0.346241
0.297551
0.297468
0.339853
0.29541
0.293381
0.319696
0.290885
0.333119
0.2934
0.290869
0.333119
0.332487
0.333708
0.302468
0.29808
0.332499
0.333697
0.302448
0.332353
0.302364
0.298006
0.333557
0.333554
0.302382
0.332355
0.331995
0.333179
0.297595
0.301876
0.333221
0.301957
0.331945
0.332029
0.302088
0.297687
0.333256
0.333246
0.302033
0.332043
0.330507
0.331004
0.296161
0.300013
0.331771
0.300408
0.329745
0.330139
0.29983
0.330538
0.29595
0.331403
0.329291
0.300169
0.331073
0.332473
0.301179
0.296752
0.331191
0.332363
0.301023
0.330597
0.300528
0.296456
0.331603
0.331858
0.300767
0.330333
0.293482
0.333316
0.319815
0.290979
0.33328
0.290963
0.293504
0.295783
0.298011
0.347236
0.340657
0.29795
0.34053
0.295831
0.295549
0.340254
0.34686
0.297722
0.297701
0.340218
0.295573
0.293706
0.320064
0.33364
0.291201
0.333555
0.29374
0.291181
0.293256
0.333092
0.290771
0.319544
0.290749
0.293297
0.332959
0.295381
0.297538
0.346228
0.339866
0.297512
0.339872
0.295402
0.2953
0.340006
0.297503
0.346176
0.297421
0.295363
0.33979
0.293337
0.319642
0.290842
0.333062
0.290826
0.333061
0.293356
0.273244
0.251828
0.262947
0.296727
0.273252
0.296726
0.251848
0.27358
0.26328
0.297226
0.252142
0.273648
0.297119
0.252141
0.29217
0.331586
0.289686
0.318244
0.331561
0.292193
0.289672
0.294811
0.297037
0.345348
0.338929
0.339026
0.296962
0.29488
0.294209
0.338365
0.344596
0.296408
0.338309
0.296362
0.294244
0.292768
0.318891
0.332156
0.290305
0.332245
0.290268
0.292825
0.292627
0.332137
0.318807
0.290123
0.290118
0.33217
0.292626
0.29516
0.297393
0.3459
0.339757
0.297319
0.295224
0.339563
0.294673
0.338894
0.345225
0.29681
0.296827
0.338934
0.294665
0.29311
0.319359
0.290624
0.332909
0.293156
0.290597
0.332762
0.327034
0.328594
0.297964
0.293655
0.327287
0.328346
0.297733
0.326127
0.29677
0.292929
0.327139
0.327397
0.297076
0.325829
0.323016
0.323934
0.290235
0.293849
0.324334
0.294302
0.322529
0.323841
0.295249
0.290963
0.325345
0.325182
0.294961
0.324024
0.313842
0.314353
0.282288
0.285112
0.315299
0.286056
0.312704
0.315086
0.287515
0.316706
0.283426
0.316559
0.315275
0.287119
0.319332
0.320998
0.291351
0.287189
0.319585
0.320772
0.290995
0.318074
0.289574
0.286147
0.319074
0.319436
0.290066
0.317625
0.290934
0.329621
0.316609
0.28841
0.329811
0.288419
0.290902
0.293689
0.296128
0.343688
0.337925
0.295859
0.33738
0.2939
0.292994
0.336255
0.342764
0.295052
0.295159
0.336521
0.292927
0.291635
0.317394
0.331057
0.289211
0.330629
0.291782
0.28913
0.290102
0.32892
0.287704
0.315556
0.287643
0.290212
0.328565
0.291862
0.29396
0.340487
0.334361
0.293945
0.334633
0.291862
0.292094
0.335574
0.294406
0.341063
0.294194
0.29226
0.335081
0.289889
0.315292
0.287452
0.328084
0.287437
0.328235
0.289905
0.268903
0.248202
0.25903
0.291317
0.268841
0.291448
0.248286
0.269238
0.259335
0.292199
0.248622
0.269433
0.291858
0.248554
0.289061
0.325141
0.285679
0.31488
0.327245
0.288066
0.286342
0.299342
0.305711
0.356753
0.360883
0.35024
0.302511
0.301338
0.291031
0.330292
0.335667
0.29167
0.332047
0.29325
0.289784
0.296603
0.326012
0.348475
0.293751
0.342057
0.293207
0.297724
0.287901
0.324825
0.312877
0.285406
0.285459
0.325415
0.287771
0.290685
0.293094
0.338246
0.333324
0.292773
0.290935
0.332541
0.289788
0.330099
0.336473
0.291436
0.291822
0.331167
0.289531
0.288776
0.313882
0.286445
0.327073
0.288939
0.286351
0.326545
0.307883
0.309844
0.281269
0.277378
0.308298
0.309466
0.28078
0.305957
0.278347
0.275728
0.306462
0.307397
0.279324
0.304845
0.298238
0.298258
0.269363
0.271194
0.299844
0.27289
0.296278
0.300525
0.275246
0.271218
0.302673
0.302104
0.274566
0.301225
0.285238
0.2834
0.254756
0.251134
0.283822
0.285867
0.254793
0.287032
0.257361
0.289644
0.25352
0.288357
0.287901
0.256635
0.292953
0.293973
0.266745
0.262435
0.292198
0.294892
0.265376
0.292754
0.26099
0.259695
0.294661
0.294837
0.262775
0.292296
0.296785
0.343359
0.326929
0.292626
0.344878
0.292855
0.296313
0.302746
0.307717
0.3723
0.362577
0.307753
0.360262
0.302846
0.300607
0.354097
0.3677
0.304516
0.305609
0.356517
0.299838
0.298928
0.32949
0.349466
0.295147
0.347866
0.299056
0.295039
0.294073
0.341107
0.290846
0.323864
0.290624
0.294502
0.340611
0.299584
0.304688
0.361154
0.354575
0.303147
0.352941
0.300936
0.297229
0.351385
0.302395
0.359256
0.301385
0.297921
0.350389
0.29694
0.327223
0.294595
0.344979
0.293955
0.343645
0.29802
0.262306
0.242708
0.254336
0.283191
0.26164
0.284442
0.243034
0.264162
0.25601
0.288298
0.244989
0.265042
0.286693
0.244559
0.29161
0.331798
0.315247
0.288448
0.32958
0.291954
0.288245
0.29485
0.300149
0.340703
0.333342
0.334934
0.297683
0.297328
0.294389
0.340249
0.344065
0.29831
0.337302
0.297585
0.29487
0.29223
0.314699
0.327085
0.290274
0.328069
0.294266
0.289058
0.294325
0.335769
0.321538
0.290807
0.290849
0.337929
0.294173
0.299669
0.304046
0.360322
0.353332
0.303686
0.300051
0.351342
0.2973
0.344608
0.356156
0.300578
0.301191
0.347391
0.296978
0.29672
0.324942
0.293483
0.343392
0.296993
0.29333
0.341637
0.51284
0.567951
0.573143
0.549348
0.455139
0.490759
0.538316
0.494925
0.541969
0.542889
0.517094
0.466484
0.459821
0.516882
0.521673
0.529312
0.551049
0.526716
0.493867
0.483275
0.510281
0.511214
0.547449
0.550819
0.524389
0.472246
0.474386
0.521469
0.484558
0.544369
0.540756
0.514787
0.44874
0.451546
0.518337
0.602464
0.612267
0.5933
0.578316
0.722078
0.580857
0.606634
0.268566
0.233663
0.249124
0.247421
0.243485
0.265965
0.233041
0.236194
0.234353
0.219828
0.243094
0.254865
0.222888
0.228358
0.778679
0.824846
0.800471
0.809827
0.804715
0.788178
0.833826
0.277874
0.295414
0.288192
0.287195
0.283753
0.293993
0.28104
0.37934
0.440777
0.373363
0.396854
0.374865
0.401286
0.407922
0.268539
0.233645
0.249103
0.247401
0.243461
0.265939
0.233023
0.236169
0.234322
0.219801
0.243045
0.254835
0.222864
0.228328
0.227603
0.215842
0.229037
0.206303
0.200908
0.206018
0.201124
0.218259
0.234212
0.232164
0.207964
0.203201
0.202869
0.208299
0.258594
0.23528
0.257873
0.21904
0.214108
0.219121
0.214019
0.255647
0.234069
0.256208
0.218183
0.213072
0.218116
0.21314
0.409498
0.342927
0.353163
0.36861
0.395705
0.415397
0.35324
0.398741
0.330316
0.331134
0.33093
0.387337
0.387871
0.330147
0.85449
0.663928
0.710976
0.761343
0.825381
0.728689
0.870385
0.786673
0.801957
0.364331
0.421914
0.79391
0.382744
0.778389
0.754362
0.568499
0.494157
0.68134
0.737449
0.559549
0.701577
0.5039
0.441627
0.510387
0.501797
0.444604
0.459841
0.491768
0.788097
0.403156
0.43609
0.771738
0.783975
0.394894
0.785622
0.205703
0.194189
0.21268
0.210741
0.193483
0.194703
0.195576
0.206006
0.193492
0.20981
0.210695
0.193804
0.194949
0.194549
0.214508
0.221555
0.215685
0.196427
0.198
0.198519
0.195967
0.218314
0.222218
0.216051
0.196241
0.199438
0.19839
0.19722
0.645973
0.443247
0.46291
0.642064
0.615502
0.449463
0.668224
0.410967
0.506185
0.504823
0.482388
0.424592
0.423622
0.483418
0.775825
0.748229
0.467165
0.427473
0.743044
0.430813
0.783271
0.504051
0.420269
0.506366
0.488222
0.437753
0.434508
0.488507
0.772979
0.408989
0.757459
0.458073
0.745756
0.778627
0.419988
0.204182
0.192012
0.208088
0.192223
0.208361
0.1931
0.192811
0.203956
0.193186
0.208976
0.19251
0.20794
0.193346
0.194148
0.213431
0.218089
0.212401
0.194591
0.197375
0.195458
0.196487
0.212396
0.218857
0.21298
0.194387
0.195732
0.196308
0.193988
0.262081
0.238236
0.262429
0.220903
0.21584
0.220866
0.215878
0.238776
0.263652
0.263186
0.221223
0.216295
0.216249
0.221264
0.272836
0.244808
0.27242
0.224822
0.220122
0.224846
0.220104
0.271451
0.244365
0.271775
0.224544
0.219779
0.224522
0.219806
0.409994
0.341072
0.340738
0.340468
0.39935
0.39873
0.340904
0.425758
0.352791
0.353155
0.353162
0.413512
0.414203
0.35275
0.508616
0.419199
0.514293
0.491275
0.428392
0.432002
0.486987
0.741058
0.734448
0.398472
0.420294
0.714945
0.764117
0.383952
0.635283
0.45111
0.466445
0.601197
0.599808
0.461458
0.636345
0.528892
0.430169
0.526993
0.506536
0.446879
0.445633
0.508117
0.743313
0.393111
0.425623
0.718298
0.715461
0.389905
0.746833
0.201255
0.191494
0.206232
0.204332
0.190874
0.191305
0.192104
0.201293
0.190719
0.204985
0.204556
0.190628
0.191117
0.19124
0.208334
0.211824
0.207852
0.19192
0.193327
0.193151
0.192073
0.209772
0.211218
0.207445
0.192037
0.194373
0.193015
0.193196
0.656891
0.468026
0.473083
0.608669
0.619304
0.47848
0.644771
0.445581
0.546585
0.545588
0.52679
0.464068
0.463264
0.527684
0.74385
0.722997
0.420435
0.38952
0.71891
0.386197
0.748877
0.531961
0.437783
0.536412
0.515882
0.450987
0.453754
0.512301
0.743385
0.392901
0.724656
0.421169
0.718816
0.753142
0.386485
0.202226
0.190943
0.205816
0.190855
0.205526
0.191354
0.191462
0.201912
0.190807
0.20512
0.190716
0.205201
0.191222
0.191317
0.208429
0.212409
0.208516
0.192025
0.193333
0.192126
0.193213
0.209138
0.212664
0.208827
0.192145
0.193433
0.193303
0.192268
0.274408
0.246315
0.275143
0.22566
0.220907
0.225643
0.220917
0.245979
0.27437
0.274756
0.225415
0.220509
0.220622
0.225371
0.27673
0.247286
0.276716
0.226263
0.221444
0.226262
0.221448
0.276559
0.247227
0.276585
0.226237
0.22142
0.226235
0.221426
0.431978
0.357256
0.357793
0.357851
0.419249
0.42026
0.357403
0.435236
0.360744
0.360747
0.361007
0.423598
0.4236
0.360996
0.550296
0.452504
0.553353
0.534752
0.468667
0.470722
0.532164
0.756869
0.728269
0.392098
0.429012
0.729391
0.755025
0.394118
0.662618
0.487385
0.499172
0.627728
0.626459
0.497014
0.663535
0.555753
0.454347
0.554984
0.537061
0.473704
0.473091
0.537829
0.759953
0.39794
0.431331
0.734956
0.731462
0.396256
0.763908
0.202345
0.191008
0.205842
0.205606
0.190865
0.191325
0.191502
0.20231
0.190846
0.20571
0.205558
0.190779
0.191227
0.191295
0.208924
0.212615
0.208804
0.191952
0.193068
0.193022
0.192011
0.209132
0.212689
0.208871
0.192064
0.193395
0.192274
0.193153
0.700885
0.49373
0.503331
0.635185
0.660058
0.504154
0.671157
0.460527
0.5642
0.563962
0.548115
0.481383
0.481223
0.548372
0.729552
0.70942
0.390281
0.353667
0.715659
0.357713
0.722257
0.558017
0.457842
0.55946
0.54215
0.476327
0.47727
0.540736
0.760835
0.392223
0.742706
0.407045
0.742141
0.769002
0.371398
0.202423
0.190949
0.205495
0.19087
0.20536
0.191212
0.191301
0.202314
0.190849
0.205522
0.19077
0.205315
0.191132
0.191252
0.208554
0.211423
0.20816
0.191717
0.192862
0.191897
0.192596
0.208197
0.211212
0.208095
0.191762
0.192683
0.192597
0.191851
0.276726
0.247286
0.276712
0.226264
0.221446
0.226263
0.221449
0.247229
0.27656
0.276584
0.226239
0.221423
0.221428
0.226237
0.274426
0.246329
0.275153
0.225671
0.22092
0.225654
0.22093
0.274388
0.245992
0.274764
0.225426
0.220522
0.225382
0.220634
0.435238
0.360747
0.36075
0.36101
0.423614
0.423601
0.360999
0.43198
0.357264
0.3578
0.35786
0.419235
0.420262
0.357411
0.564206
0.460537
0.563968
0.548126
0.481392
0.481235
0.548381
0.729462
0.70933
0.35361
0.390224
0.715585
0.722154
0.357659
0.70093
0.493767
0.503387
0.635221
0.660116
0.504189
0.671193
0.55806
0.457864
0.559479
0.542181
0.476374
0.477301
0.540786
0.76074
0.392164
0.406979
0.742647
0.742073
0.371336
0.76892
0.202416
0.190946
0.205485
0.205352
0.190866
0.191208
0.191297
0.202308
0.190846
0.205515
0.205307
0.190766
0.191129
0.191249
0.208546
0.211413
0.208151
0.191712
0.192858
0.192591
0.191893
0.208186
0.211202
0.208085
0.191758
0.192677
0.191846
0.192592
0.662645
0.487439
0.499227
0.627759
0.62648
0.497064
0.663571
0.452537
0.550372
0.553391
0.534815
0.468747
0.470779
0.532253
0.756839
0.728261
0.428981
0.392082
0.729358
0.394095
0.755016
0.555781
0.454378
0.555017
0.537103
0.473742
0.473132
0.537868
0.760025
0.397942
0.735012
0.431348
0.731523
0.76397
0.396276
0.202347
0.191008
0.205847
0.190866
0.205609
0.191326
0.191503
0.202317
0.190847
0.205715
0.190781
0.205567
0.19123
0.191297
0.20893
0.212626
0.208814
0.191955
0.19307
0.192013
0.193027
0.209137
0.212693
0.208874
0.192065
0.193397
0.193154
0.192275
0.272845
0.244826
0.272434
0.224835
0.220137
0.224859
0.220119
0.244382
0.271478
0.271789
0.224558
0.219795
0.219821
0.224536
0.262128
0.23827
0.262475
0.220924
0.215864
0.220886
0.215902
0.263699
0.238811
0.263233
0.221243
0.216319
0.221285
0.216274
0.425774
0.35281
0.35317
0.353175
0.413548
0.414217
0.352769
0.40992
0.341006
0.340666
0.340381
0.399254
0.398638
0.340822
0.546603
0.445605
0.545628
0.52684
0.464104
0.463305
0.527721
0.743699
0.722896
0.389461
0.420349
0.718763
0.748773
0.386126
0.656821
0.468071
0.473109
0.60852
0.619224
0.47852
0.644637
0.531984
0.437774
0.536431
0.515916
0.450995
0.453769
0.512327
0.743174
0.392824
0.421066
0.724408
0.718604
0.386401
0.752902
0.202223
0.190941
0.205813
0.205523
0.190852
0.191352
0.19146
0.201911
0.190805
0.205121
0.2052
0.190714
0.19122
0.191316
0.20843
0.212408
0.208515
0.192023
0.193333
0.193211
0.192126
0.209135
0.212661
0.208824
0.192143
0.19343
0.192265
0.193301
0.634829
0.450959
0.466357
0.600868
0.599335
0.461306
0.636034
0.418922
0.508283
0.514079
0.491004
0.428006
0.431705
0.486601
0.740421
0.733505
0.420189
0.39846
0.714277
0.383874
0.763208
0.528837
0.430068
0.526923
0.506456
0.446806
0.445538
0.508055
0.742841
0.393034
0.717949
0.425512
0.714962
0.746504
0.389825
0.201257
0.191495
0.206238
0.190874
0.204336
0.191307
0.192108
0.201294
0.190718
0.204987
0.190628
0.204559
0.191117
0.19124
0.208336
0.211828
0.207855
0.191921
0.193328
0.192073
0.193154
0.209782
0.211227
0.207451
0.192041
0.194382
0.193201
0.193021
0.258643
0.235315
0.257916
0.219062
0.214134
0.219143
0.214045
0.234103
0.255701
0.256253
0.218204
0.213096
0.213165
0.218137
0.227625
0.215864
0.229062
0.206317
0.200925
0.206031
0.201141
0.234246
0.218283
0.232193
0.20798
0.203221
0.208315
0.202888
0.398531
0.330097
0.330937
0.330685
0.387037
0.387614
0.329878
0.408634
0.342329
0.352417
0.367366
0.394839
0.414113
0.352279
0.505721
0.410314
0.504185
0.481642
0.424022
0.422904
0.482834
0.774226
0.74693
0.42753
0.46727
0.741358
0.782013
0.430954
0.643369
0.441966
0.461077
0.639827
0.613087
0.44787
0.66519
0.502797
0.418789
0.505331
0.486733
0.435489
0.432732
0.486678
0.771092
0.409561
0.458399
0.755527
0.743816
0.420281
0.776639
0.204199
0.192018
0.208103
0.208384
0.192233
0.193113
0.19282
0.20398
0.193206
0.20901
0.20797
0.192526
0.193366
0.194172
0.21348
0.218154
0.212443
0.194617
0.197424
0.196525
0.195491
0.212418
0.218904
0.213011
0.194405
0.19575
0.194001
0.196335
0.755179
0.583662
0.493282
0.681505
0.744084
0.565258
0.698934
0.665456
0.842934
0.701101
0.769921
0.824511
0.744267
0.883319
0.793657
0.828193
0.42524
0.368566
0.803634
0.384609
0.810153
0.502464
0.437639
0.508129
0.498339
0.441503
0.455507
0.48931
0.787168
0.404094
0.77057
0.438157
0.784953
0.78369
0.39622
0.205769
0.194269
0.21252
0.193545
0.210739
0.194758
0.195617
0.20606
0.193526
0.209855
0.193845
0.210734
0.19499
0.194586
0.214577
0.221694
0.215769
0.196488
0.198073
0.196016
0.198615
0.218063
0.222286
0.216114
0.196323
0.199516
0.198514
0.197277
0.190347
0.182697
0.179714
0.186003
0.182236
0.180763
0.17874
0.185735
0.177515
0.183371
0.18093
0.177413
0.176183
0.183241
0.357248
0.252752
0.311675
0.330669
0.316668
0.264417
0.39896
0.675949
0.698725
0.677659
0.672743
0.680655
0.667095
0.692875
0.232617
0.21306
0.218289
0.228406
0.226342
0.216669
0.236479
0.321035
0.367798
0.352527
0.334022
0.277244
0.297159
0.335693
0.192813
0.185026
0.189127
0.182635
0.180816
0.182666
0.180236
0.758937
0.805855
0.784382
0.797926
0.798987
0.774977
0.827291
0.272828
0.290269
0.284435
0.282495
0.2769
0.287357
0.273869
0.373379
0.372212
0.39243
0.40349
0.374588
0.381961
0.389904
0.428216
0.499929
0.543196
0.44363
0.495794
0.429886
0.440641
0.406789
0.47457
0.521929
0.415317
0.480169
0.40524
0.418189
0.437036
0.502819
0.449124
0.557231
0.435819
0.506094
0.451347
0.452736
0.519963
0.572619
0.467856
0.518992
0.467646
0.453116
0.295429
0.27026
0.304783
0.265849
0.307524
0.265102
0.293537
0.904378
0.980736
0.978242
0.529334
0.541394
0.506405
0.52278
0.510649
0.525297
0.545944
0.898531
0.970063
0.970982
0.28882
0.271781
0.301526
0.266854
0.298033
0.267389
0.291261
0.983618
0.910468
0.985747
0.470384
0.471815
0.478562
0.496016
0.484152
0.46292
0.479053
0.928423
1.00494
1.00423
0.426779
0.480628
0.542145
0.447739
0.481758
0.426963
0.447142
0.472512
0.533424
0.588108
0.49449
0.530564
0.490413
0.474741
0.432121
0.486227
0.45326
0.546928
0.431976
0.484777
0.453668
0.442368
0.491817
0.555776
0.464655
0.49252
0.464395
0.44253
0.288822
0.25709
0.301647
0.251235
0.303532
0.251834
0.287279
0.900369
0.974339
0.974687
0.439579
0.42305
0.423616
0.441535
0.439976
0.42322
0.441008
0.933451
1.00965
1.00812
0.283879
0.254569
0.299352
0.250532
0.297137
0.249955
0.285516
0.972138
0.900097
0.97243
0.443044
0.426743
0.426061
0.443811
0.442341
0.426733
0.444669
0.902325
0.976258
0.974909
0.455811
0.49543
0.570251
0.480148
0.497213
0.455624
0.480542
0.453033
0.498525
0.568653
0.477659
0.496636
0.477274
0.453219
0.457116
0.497498
0.482147
0.569165
0.457343
0.495613
0.481643
0.460695
0.495008
0.56989
0.484324
0.496168
0.484805
0.460452
0.294701
0.25998
0.309923
0.254618
0.30999
0.254526
0.294698
0.922164
0.995669
0.995436
0.466878
0.450539
0.449663
0.469462
0.466802
0.449691
0.469535
0.92373
0.996958
0.997183
0.293829
0.259666
0.30942
0.254479
0.308819
0.254309
0.294287
0.997106
0.92393
0.997246
0.468099
0.451784
0.450754
0.470573
0.467923
0.45091
0.47078
0.925809
0.99899
0.999074
0.432802
0.518565
0.557162
0.449809
0.515696
0.433955
0.44723
0.429616
0.510743
0.545685
0.439736
0.510928
0.439981
0.429502
0.43839
0.523905
0.456043
0.582526
0.43679
0.528107
0.459445
0.46021
0.493713
0.565259
0.48339
0.492831
0.482983
0.460428
0.285702
0.255798
0.295164
0.251132
0.298032
0.251655
0.283737
0.928191
1.00255
1.00216
0.474082
0.457976
0.456496
0.477227
0.473947
0.456607
0.477385
0.929315
1.00281
1.00327
0.279965
0.253615
0.292386
0.250678
0.290108
0.250216
0.281676
1.00255
0.928308
1.00186
0.473009
0.456846
0.455621
0.476258
0.473041
0.455583
0.476177
0.925622
0.999009
0.998754
0.445068
0.494937
0.563024
0.468819
0.493368
0.445187
0.46861
0.451389
0.496106
0.568883
0.475362
0.497762
0.47561
0.45126
0.443609
0.49338
0.467094
0.563862
0.443516
0.494709
0.467242
0.444794
0.494274
0.564978
0.466312
0.498459
0.468022
0.443872
0.290294
0.258062
0.304741
0.252987
0.304749
0.252878
0.290428
0.917717
0.990628
0.990941
0.458749
0.442401
0.44135
0.460514
0.458266
0.441806
0.461111
0.921325
0.995104
0.994725
0.291251
0.258561
0.305131
0.253331
0.305597
0.253425
0.290883
0.989974
0.916441
0.989664
0.455739
0.439224
0.438933
0.45818
0.45589
0.438769
0.45795
0.914593
0.987809
0.988265
0.465947
0.525653
0.587279
0.4834
0.52606
0.46501
0.484824
0.485028
0.542849
0.601442
0.502946
0.544001
0.504458
0.484054
0.457472
0.519492
0.476396
0.578824
0.458394
0.51881
0.474896
0.453633
0.519003
0.573335
0.46903
0.519456
0.468707
0.453645
0.301317
0.269242
0.321941
0.264084
0.317194
0.262553
0.305007
0.925624
0.999379
1.00143
0.426282
0.409894
0.410753
0.42809
0.426729
0.41027
0.427471
0.937558
1.01341
1.01334
0.311881
0.274028
0.326905
0.26558
0.330646
0.266209
0.308991
0.997269
0.919955
0.995356
0.428545
0.412559
0.412056
0.429426
0.42801
0.41256
0.430139
0.929224
1.00415
1.00397
0.190371
0.179733
0.182722
0.182251
0.186024
0.180777
0.178757
0.185739
0.177521
0.18338
0.180938
0.177417
0.176188
0.183246
0.653106
0.626904
0.668569
0.614815
0.638152
0.62519
0.647308
0.356547
0.252656
0.311008
0.329215
0.317182
0.394071
0.266004
0.335712
0.492017
0.320842
0.279214
0.417856
0.348247
0.267499
0.192828
0.185044
0.189141
0.182645
0.180826
0.182675
0.180249
0.278317
0.254801
0.282237
0.288068
0.253718
0.279273
0.2623
0.299686
0.259078
0.270961
0.280886
0.286808
0.271321
0.291455
0.299672
0.32806
0.296262
0.296567
0.327822
0.322235
0.300264
0.322478
0.28783
0.292484
0.292617
0.30669
0.316447
0.287859
0.281442
0.285148
0.284715
0.271332
0.29582
0.274187
0.276739
0.288032
0.314654
0.294894
0.28937
0.305589
0.294252
0.282987
0.244687
0.225696
0.24339
0.212886
0.207966
0.207758
0.213084
0.239293
0.223469
0.240494
0.211235
0.205904
0.211051
0.206069
0.249112
0.229915
0.249859
0.215601
0.210369
0.215516
0.210446
0.252591
0.231102
0.251561
0.216358
0.211379
0.216467
0.211268
0.393416
0.335834
0.335203
0.339145
0.387463
0.341889
0.386297
0.401284
0.32858
0.330948
0.331076
0.387367
0.328696
0.390579
0.465888
0.525596
0.587225
0.483336
0.526005
0.464948
0.484765
0.485047
0.542879
0.601481
0.502972
0.54403
0.484076
0.504481
0.457395
0.519421
0.57875
0.47632
0.518739
0.458321
0.474816
0.453562
0.518936
0.573205
0.468932
0.453575
0.519386
0.468603
0.301205
0.269132
0.321818
0.264015
0.317046
0.262474
0.304912
0.925634
0.999393
1.00145
0.427066
0.410765
0.411643
0.429015
0.427579
0.411083
0.428314
0.937658
1.01353
1.01345
0.919937
0.997265
0.995352
0.42954
0.413713
0.413078
0.43046
0.428972
0.413627
0.431217
0.929201
1.00412
1.00394
0.311816
0.27396
0.326803
0.265522
0.330564
0.266158
0.308912
0.267056
0.241044
0.26662
0.222597
0.217755
0.217716
0.222632
0.265264
0.240371
0.265611
0.222158
0.217226
0.222126
0.217264
0.269122
0.242818
0.269395
0.223675
0.218792
0.223651
0.218821
0.270273
0.243192
0.269905
0.223885
0.219108
0.223909
0.219082
0.414327
0.343569
0.344194
0.344069
0.401951
0.343377
0.403053
0.422438
0.350644
0.350524
0.350434
0.411125
0.350611
0.410918
0.445084
0.494954
0.563047
0.468836
0.493386
0.445202
0.468627
0.451391
0.496105
0.568886
0.475359
0.497765
0.451259
0.475613
0.443617
0.49339
0.563876
0.467104
0.494719
0.443525
0.467251
0.444778
0.494256
0.564961
0.466296
0.443855
0.498442
0.468007
0.290297
0.258065
0.304751
0.25299
0.304757
0.252879
0.290433
0.917762
0.990676
0.990986
0.45872
0.442378
0.441326
0.46048
0.458234
0.441785
0.461078
0.921313
0.99509
0.99471
0.916474
0.990007
0.989691
0.455737
0.439228
0.438942
0.458179
0.45589
0.438774
0.457945
0.914568
0.987788
0.988245
0.291264
0.25857
0.305143
0.253336
0.305615
0.253432
0.290891
0.275966
0.246555
0.275825
0.225759
0.220918
0.220915
0.225766
0.275155
0.246331
0.275428
0.225639
0.220791
0.225626
0.220794
0.27632
0.247004
0.276402
0.226069
0.221224
0.226063
0.221233
0.276391
0.247027
0.276333
0.2261
0.22128
0.226102
0.22128
0.432458
0.358282
0.358431
0.358564
0.420525
0.358399
0.420793
0.43474
0.360283
0.360294
0.36051
0.42304
0.360513
0.423078
0.432888
0.518672
0.557279
0.449898
0.515804
0.434041
0.447319
0.429713
0.510863
0.545813
0.439835
0.511046
0.429599
0.440081
0.438478
0.524016
0.582648
0.456135
0.528217
0.436878
0.459536
0.460292
0.493803
0.565364
0.483476
0.46051
0.492919
0.48307
0.285735
0.255822
0.295204
0.251156
0.29807
0.251679
0.283773
0.928405
1.00278
1.00239
0.474071
0.457965
0.456483
0.477212
0.473934
0.456596
0.477373
0.929542
1.00305
1.00351
0.928518
1.00278
1.00208
0.472991
0.456827
0.455604
0.476239
0.473023
0.455566
0.476157
0.925815
0.999205
0.998959
0.280001
0.253642
0.292424
0.250703
0.290147
0.250241
0.28171
0.276327
0.247011
0.276408
0.226075
0.22123
0.221239
0.226069
0.276395
0.247033
0.276338
0.226105
0.221285
0.226107
0.221285
0.275975
0.246566
0.275835
0.225767
0.220928
0.225774
0.220925
0.275167
0.246343
0.275439
0.225648
0.220801
0.225635
0.220804
0.434746
0.360293
0.360302
0.36052
0.423064
0.360523
0.423085
0.432473
0.358298
0.358447
0.35858
0.420526
0.358416
0.420808
0.455854
0.49548
0.570309
0.480196
0.497261
0.455668
0.480587
0.453096
0.498596
0.568733
0.477725
0.496706
0.453283
0.477339
0.457217
0.497609
0.569295
0.482253
0.495724
0.457444
0.481749
0.460746
0.495064
0.569954
0.484377
0.460502
0.496223
0.484859
0.294739
0.260006
0.309965
0.254645
0.31003
0.254552
0.294738
0.922274
0.995793
0.995552
0.466877
0.45054
0.449662
0.469463
0.466801
0.44969
0.469536
0.923859
0.997102
0.997328
0.924152
0.997343
0.997481
0.468121
0.451806
0.450775
0.470598
0.467945
0.45093
0.470804
0.925923
0.999109
0.999195
0.293838
0.259673
0.309435
0.254489
0.308826
0.254317
0.294302
0.269167
0.242847
0.269436
0.223692
0.218812
0.218841
0.223669
0.270306
0.243219
0.269943
0.223901
0.219126
0.223924
0.219101
0.267102
0.241077
0.266665
0.222617
0.217777
0.222652
0.217738
0.26531
0.240404
0.265657
0.222178
0.217249
0.222146
0.217287
0.42245
0.350652
0.350533
0.35044
0.411141
0.350616
0.410924
0.414297
0.343533
0.34416
0.344023
0.401889
0.34333
0.403008
0.426767
0.480615
0.542127
0.447727
0.481744
0.426952
0.447128
0.472463
0.533365
0.588046
0.494436
0.530508
0.47469
0.490363
0.43212
0.486222
0.546922
0.453256
0.484774
0.431974
0.453666
0.442386
0.491838
0.555796
0.464673
0.442549
0.49254
0.464413
0.288826
0.257093
0.30165
0.251239
0.303534
0.251837
0.287283
0.900324
0.97429
0.974634
0.43941
0.422849
0.423421
0.441355
0.439803
0.423029
0.440831
0.933345
1.00953
1.00801
0.90007
0.972099
0.972398
0.442933
0.426609
0.425925
0.443687
0.442224
0.426604
0.444553
0.902356
0.976281
0.974937
0.28389
0.254581
0.299351
0.250533
0.297148
0.249964
0.285518
0.249162
0.22995
0.249911
0.21562
0.210393
0.21047
0.215536
0.252642
0.231138
0.251614
0.216378
0.211404
0.216487
0.211293
0.244735
0.225728
0.243435
0.212905
0.20799
0.213103
0.207781
0.239332
0.223499
0.240535
0.211253
0.205925
0.211069
0.206091
0.400938
0.328291
0.330631
0.330684
0.386971
0.328337
0.390154
0.393044
0.335317
0.334712
0.33845
0.386849
0.341129
0.385781
0.428327
0.502457
0.555323
0.445819
0.498607
0.42965
0.444186
0.436265
0.503567
0.559483
0.449462
0.506211
0.435124
0.451466
0.452771
0.520006
0.572773
0.467945
0.453148
0.51904
0.467732
0.295746
0.270585
0.305219
0.266195
0.307901
0.265333
0.293932
0.902698
0.978964
0.976933
0.518605
0.528812
0.497149
0.513016
0.502305
0.513787
0.533643
0.910013
0.983414
0.985464
0.465224
0.464896
0.471159
0.488238
0.477581
0.457017
0.472957
0.928486
1.00498
1.0043
0.289519
0.272663
0.302002
0.267307
0.298759
0.26814
0.291711
0.278305
0.254824
0.282215
0.288039
0.253763
0.279251
0.26234
0.299658
0.259128
0.270971
0.280893
0.286773
0.271346
0.291464
0.299891
0.328104
0.296413
0.296743
0.32805
0.300536
0.322364
0.322552
0.28793
0.292606
0.292751
0.306773
0.316523
0.287964
0.281635
0.285265
0.284956
0.27151
0.295983
0.274339
0.276979
0.288289
0.315009
0.295225
0.289866
0.294645
0.30581
0.283327
0.541492
0.609891
0.436433
0.990255
0.538391
0.4522
0.593058
0.265581
0.418418
0.254999
0.481168
0.416676
0.254762
0.264707
0.629032
0.578503
0.733262
0.51911
0.659469
0.618997
0.566121
0.313015
0.488467
0.34968
0.425831
0.52631
0.351353
0.313306
0.385757
0.286671
0.289007
0.384605
0.384635
0.280861
0.277156
0.303394
0.386915
0.290395
0.409955
0.387396
0.283796
0.300998
0.22915
0.241043
0.200716
0.241811
0.201265
0.205245
0.204701
0.230054
0.242799
0.202209
0.241602
0.201181
0.205083
0.206039
0.22607
0.240908
0.199992
0.242101
0.199176
0.203425
0.204045
0.227165
0.2419
0.198198
0.244482
0.199029
0.203458
0.20224
0.288377
0.397124
0.289762
0.38814
0.396454
0.27885
0.277834
0.291159
0.39945
0.290926
0.404016
0.399446
0.279509
0.279652
0.414247
0.295615
0.295244
0.419103
0.41584
0.282813
0.283182
0.293162
0.411989
0.294077
0.407811
0.413175
0.282015
0.281101
0.217463
0.231609
0.195177
0.230773
0.194973
0.198132
0.198371
0.216535
0.233498
0.196306
0.229082
0.194918
0.197885
0.199556
0.217917
0.231439
0.195122
0.230727
0.194968
0.197977
0.198243
0.218086
0.231392
0.195154
0.230771
0.195016
0.197965
0.198128
0.297853
0.422542
0.298013
0.423623
0.425117
0.285312
0.285003
0.298687
0.42348
0.298553
0.427951
0.426203
0.285702
0.285827
0.429298
0.300253
0.300224
0.434301
0.433489
0.287153
0.287171
0.299709
0.42845
0.299885
0.430477
0.432268
0.286885
0.286699
0.218127
0.231677
0.194679
0.23155
0.194651
0.19758
0.197591
0.218183
0.231485
0.195069
0.231455
0.194799
0.197732
0.198006
0.215852
0.229852
0.194338
0.226366
0.193919
0.196231
0.197009
0.215338
0.224287
0.193918
0.224756
0.193848
0.195974
0.195989
0.300257
0.429314
0.300227
0.434311
0.433508
0.287157
0.287174
0.299717
0.428469
0.299891
0.43052
0.432292
0.286889
0.286707
0.42255
0.297863
0.298014
0.42369
0.425124
0.285311
0.285014
0.298696
0.423505
0.298558
0.427986
0.426232
0.285706
0.285835
0.215839
0.229837
0.194334
0.226348
0.193914
0.196224
0.197003
0.215325
0.224269
0.193911
0.224739
0.193842
0.195968
0.195981
0.218138
0.231681
0.194681
0.231561
0.194656
0.197584
0.197593
0.218186
0.231487
0.19507
0.231454
0.1948
0.197733
0.198006
0.295612
0.414274
0.295233
0.419127
0.415862
0.282802
0.283178
0.293127
0.411987
0.294052
0.407782
0.413162
0.28199
0.281068
0.396926
0.288172
0.28962
0.3877
0.396186
0.278721
0.277647
0.291093
0.399305
0.290818
0.403904
0.399249
0.279411
0.279589
0.217913
0.231433
0.195122
0.230717
0.194966
0.197973
0.198242
0.21808
0.231381
0.19515
0.230758
0.195013
0.19796
0.198123
0.217466
0.231607
0.195178
0.230774
0.194976
0.198136
0.198371
0.216546
0.233538
0.19632
0.229095
0.194924
0.197894
0.199577
0.286384
0.384804
0.28852
0.383984
0.383495
0.28041
0.27689
0.302231
0.385831
0.289775
0.407287
0.385984
0.283226
0.300092
0.504129
0.413575
0.371599
0.744442
0.592539
0.382212
0.423082
0.311591
0.4793
0.35273
0.422584
0.532836
0.361062
0.312624
0.22617
0.241139
0.200061
0.242275
0.199228
0.203502
0.204146
0.227238
0.241988
0.198224
0.244608
0.199067
0.203516
0.20228
0.229323
0.241355
0.200815
0.242167
0.201398
0.205436
0.20484
0.230048
0.242212
0.202304
0.24179
0.201352
0.205316
0.206169
0.221152
0.207687
0.19693
0.217954
0.20193
0.201125
0.196047
0.200413
0.20914
0.211173
0.195963
0.189473
0.191026
0.192898
0.561977
0.448359
0.546972
0.565098
0.463246
0.567258
0.456673
0.712301
0.750445
0.658888
0.737337
0.68068
0.688517
0.767095
0.82358
0.822971
0.85475
0.935531
0.82225
0.85741
0.903488
0.760379
0.34378
0.727983
0.653347
0.345493
0.690159
0.324578
0.191604
0.20209
0.211465
0.19005
0.193387
0.208629
0.191739
0.217862
0.197943
0.22062
0.195403
0.214744
0.193711
0.196236
0.221171
0.196946
0.207709
0.201944
0.217968
0.201138
0.196064
0.200432
0.20915
0.211184
0.195974
0.189487
0.19104
0.192911
0.561856
0.448086
0.546324
0.564019
0.464873
0.567363
0.456277
0.902051
0.855916
0.816732
0.927851
0.979451
0.977223
0.825238
0.799504
0.35458
0.784525
0.718703
0.361223
0.736933
0.340356
0.191754
0.211646
0.202548
0.209144
0.19355
0.190247
0.192066
0.218422
0.198196
0.222676
0.215915
0.195615
0.194113
0.196649
0.414361
0.434158
0.384514
0.376804
0.424354
0.379236
0.418499
0.583066
0.466202
0.520971
0.490472
0.457625
0.500172
0.451832
0.428867
0.431713
0.406291
0.400975
0.441981
0.412569
0.423103
0.38207
0.371925
0.371481
0.359647
0.360726
0.360384
0.359765
0.389044
0.373352
0.375836
0.362829
0.361241
0.365893
0.360484
0.392335
0.382513
0.381527
0.369055
0.370903
0.369767
0.369671
0.398416
0.38539
0.386415
0.373333
0.373354
0.374904
0.37254
0.411992
0.397967
0.398602
0.384396
0.385765
0.386765
0.383905
0.407631
0.395419
0.394996
0.381113
0.383424
0.382941
0.381351
0.418917
0.404786
0.404907
0.390131
0.392829
0.392929
0.39009
0.420133
0.405761
0.406
0.391213
0.393798
0.394154
0.391062
0.425357
0.409968
0.410132
0.395024
0.39874
0.398996
0.394929
0.423949
0.40925
0.409155
0.394145
0.397948
0.397719
0.394222
0.425366
0.409978
0.410139
0.395029
0.398748
0.399
0.394936
0.423969
0.409266
0.409172
0.394157
0.39796
0.397732
0.394234
0.418927
0.40479
0.404913
0.390127
0.392826
0.392923
0.390087
0.420154
0.405779
0.406017
0.391223
0.393808
0.394164
0.391072
0.41201
0.397988
0.398619
0.384387
0.385751
0.386748
0.383899
0.40763
0.395416
0.394996
0.381077
0.383381
0.382891
0.38132
0.392124
0.38235
0.381357
0.368798
0.370626
0.369447
0.369437
0.398297
0.385283
0.386313
0.373174
0.373135
0.374711
0.372366
0.381405
0.371253
0.370925
0.358955
0.359697
0.359578
0.358943
0.387733
0.37251
0.374838
0.361587
0.360057
0.364331
0.359468
0.574245
0.458885
0.509932
0.489133
0.463411
0.524331
0.44735
0.424115
0.426183
0.403093
0.39718
0.443176
0.407928
0.418412
0.836585
0.719023
0.779234
0.695659
0.793016
0.796503
0.665511
0.600786
0.617242
0.545078
0.528045
0.532264
0.616401
0.602038
0.500096
0.470514
0.474623
0.448994
0.457044
0.476418
0.511982
0.280408
0.281248
0.281425
0.274928
0.286914
0.277457
0.276113
0.575937
0.660396
0.576485
0.543339
0.524707
0.596085
0.630013
0.712269
1.03524
0.709899
0.767037
1.10883
1.10808
0.769737
0.667831
1.00601
0.676649
0.731431
1.07445
0.721781
1.08238
1.10165
1.40168
1.06128
1.07435
1.45562
1.11979
1.42018
0.625365
0.570012
0.660312
0.674449
0.580859
0.651051
0.603996
1.29777
0.816438
0.840251
0.842427
1.26924
1.28323
0.817572
0.564186
0.932532
0.579802
0.621282
0.990517
0.60322
1.00312
0.657136
0.97587
0.643824
0.693882
1.06193
0.708817
1.04755
0.752104
1.27978
0.752877
0.748209
1.2426
1.2454
0.747104
0.452129
0.548023
0.516013
0.520807
0.525357
0.485109
0.554124
1.28852
0.795394
0.780846
0.780427
1.26359
1.2642
0.79522
0.713923
1.0349
0.715814
0.773873
1.10811
0.771694
1.10712
1.04539
0.751036
0.742148
0.80056
1.10982
1.10781
0.809118
0.410466
0.505794
0.504592
0.482218
0.424435
0.423092
0.48361
0.761132
1.21993
0.76119
0.750098
1.18031
1.17677
0.749862
0.758839
1.22361
0.758613
0.745049
1.1824
0.745086
1.17684
0.75235
1.26655
0.752522
0.746397
1.23608
0.746566
1.23125
0.418141
0.506749
0.507153
0.487861
0.427284
0.43118
0.485982
1.23835
0.758712
0.758574
0.745589
1.18896
1.19521
0.745257
0.789003
1.09332
0.799349
0.858098
1.14251
1.14393
0.848045
0.760905
1.06462
0.771217
0.829504
1.11389
0.819191
1.11864
0.737408
1.04151
0.734519
0.79294
1.10515
1.1013
0.79582
0.720255
1.03075
0.721747
0.779086
1.09218
0.777208
1.09151
0.762361
1.22879
0.763253
0.751252
1.18351
0.751035
1.18469
0.421563
0.520299
0.516794
0.495457
0.438074
0.435765
0.498297
1.21092
0.767518
0.768123
0.75163
1.15892
1.15926
0.750366
0.774267
1.06746
0.753378
0.811958
1.13792
0.832892
1.12913
0.714175
1.02701
0.710424
0.767786
1.09001
0.770897
1.09121
0.774634
1.20254
0.774881
0.755473
1.14188
1.14077
0.755081
0.42895
0.522386
0.52571
0.504317
0.441329
0.443615
0.501604
1.20866
0.769334
0.770309
0.752265
1.15416
1.15073
0.751543
0.740912
1.05751
0.745446
0.803145
1.113
0.799281
1.1146
1.0266
0.718481
0.719276
0.769049
1.08484
1.0844
0.768695
0.444597
0.542305
0.544603
0.525327
0.460271
0.461842
0.5234
0.797936
1.2518
0.798035
0.77821
1.18626
1.18806
0.778126
0.79233
1.25664
0.793053
0.774354
1.19554
0.773802
1.19444
0.777213
1.21563
0.778855
0.759067
1.15044
0.757618
1.14958
0.439351
0.540058
0.538154
0.518768
0.457368
0.456153
0.520389
1.25738
0.789073
0.788803
0.770762
1.19437
1.19542
0.770831
0.733699
1.04506
0.733278
0.785977
1.1032
1.10243
0.786843
0.719853
1.02958
0.72005
0.770864
1.08735
0.770196
1.08863
0.757948
1.07735
0.759014
0.818831
1.13224
1.1306
0.81859
0.751234
1.06541
0.75057
0.807639
1.12018
0.807936
1.1201
0.802571
1.25125
0.803652
0.783466
1.18813
0.782454
1.18717
0.452456
0.552271
0.55338
0.535011
0.470312
0.470831
0.534087
1.23921
0.806043
0.806756
0.785754
1.17166
1.1741
0.78498
0.737387
1.05086
0.737483
0.791488
1.10806
0.790953
1.10884
0.747114
1.06102
0.747203
0.803087
1.11584
0.803311
1.11609
0.812155
1.22937
0.811736
0.790504
1.16283
1.1631
0.791073
0.453725
0.553438
0.554301
0.536094
0.471514
0.472169
0.535301
1.23558
0.808146
0.808239
0.787068
1.1711
1.16977
0.786996
0.754267
1.07939
0.754375
0.816436
1.13233
0.815401
1.13526
1.0169
0.684253
0.688386
0.736087
1.07291
1.08786
0.72687
0.460279
0.56272
0.563555
0.547437
0.480189
0.480724
0.546619
0.82536
1.37358
0.825512
0.829645
1.34524
1.34756
0.829371
0.822549
1.37103
0.823491
0.826609
1.34281
0.825054
1.34515
0.81516
1.23081
0.816265
0.795235
1.16467
0.794066
1.16589
0.458316
0.561421
0.560146
0.543454
0.478794
0.478097
0.544735
1.34786
0.817184
0.815547
0.810666
1.32457
1.31611
0.81533
0.637132
0.975844
0.638101
0.680073
1.0364
1.03798
0.679051
0.667809
0.990056
0.661408
0.702743
1.05687
0.709283
1.05136
0.754129
1.0792
0.754216
0.816264
1.13221
1.1351
0.815257
0.684095
1.0167
0.688241
0.735926
1.07273
0.726703
1.08767
0.825372
1.37336
0.825519
0.829654
1.34506
0.829385
1.34738
0.460287
0.562737
0.563561
0.547448
0.480209
0.480736
0.54664
1.37087
0.822566
0.823516
0.826642
1.3427
1.34506
0.825077
0.636992
0.975639
0.637956
0.679921
1.0362
0.678905
1.03778
0.66767
0.989865
0.661268
0.702594
1.0567
0.709135
1.05118
0.815199
1.23071
0.816289
0.795251
1.16463
1.16582
0.7941
0.458338
0.561441
0.560164
0.543481
0.478821
0.478125
0.544763
1.3477
0.817221
0.815565
0.810684
1.32448
1.31597
0.815376
0.757989
1.07745
0.759065
0.818881
1.13236
0.81863
1.1307
1.06559
0.75136
0.750692
0.807758
1.12035
1.12028
0.808059
0.452467
0.552267
0.553393
0.535035
0.470322
0.470853
0.534091
0.802612
1.25138
0.803714
0.78351
1.18817
1.18723
0.782478
0.806004
1.23925
0.806699
0.78569
1.17169
0.784936
1.17408
0.812174
1.22949
0.811752
0.790516
1.16295
0.791088
1.16321
0.453748
0.553465
0.554327
0.536131
0.47155
0.472204
0.535337
1.23577
0.808147
0.808246
0.787069
1.17121
1.16991
0.786988
0.737443
1.05095
0.737528
0.791525
1.10813
1.10893
0.790998
0.747162
1.06107
0.747242
0.803116
1.11591
0.803351
1.11614
0.740852
1.05742
0.745374
0.803037
1.11286
1.11446
0.799181
0.718392
1.02648
0.719192
0.768935
1.0847
0.768577
1.08425
0.797902
1.25176
0.797997
0.778156
1.18618
0.778079
1.18795
0.444618
0.542351
0.54464
0.525381
0.460317
0.461885
0.523457
1.25657
0.792317
0.793046
0.774324
1.19539
1.19431
0.773766
0.733674
1.045
0.733225
0.785907
1.10316
0.786804
1.10236
0.719768
1.02947
0.719955
0.770745
1.08722
0.770087
1.0885
0.777139
1.21557
0.77881
0.758971
1.15017
1.14936
0.75749
0.439351
0.540068
0.538175
0.518798
0.45738
0.45617
0.520411
1.2573
0.789017
0.788743
0.770675
1.19421
1.19525
0.770753
0.737343
1.04139
0.734459
0.79283
1.10494
0.795708
1.10107
1.03052
0.720152
0.721645
0.778918
1.09174
1.09111
0.777036
0.421332
0.520129
0.516619
0.495246
0.437859
0.435528
0.498103
0.761672
1.22776
0.762658
0.750452
1.18151
1.18289
0.750128
0.767144
1.21033
0.767738
0.751116
1.15796
0.749879
1.15821
0.774469
1.20232
0.774707
0.755238
1.14148
0.754865
1.14033
0.428821
0.522266
0.52562
0.504212
0.441178
0.443492
0.501467
1.20823
0.76903
0.770033
0.7519
1.1533
1.14996
0.751139
0.774113
1.06698
0.753234
0.81168
1.13691
1.12823
0.832586
0.714053
1.02671
0.710306
0.767591
1.08951
0.770702
1.09068
0.71411
1.03421
0.715971
0.773858
1.10617
1.10522
0.771716
0.751043
1.04464
0.742186
0.800396
1.10808
0.808922
1.10604
0.760294
1.21848
0.760286
0.748955
1.17807
0.748802
1.17438
0.409705
0.504832
0.503851
0.481265
0.423295
0.422176
0.482451
1.22155
0.757396
0.757245
0.743435
1.17897
1.17362
0.74337
0.788838
1.09267
0.799191
0.857764
1.14138
0.847718
1.14271
0.76089
1.06388
0.771164
0.829259
1.11223
0.818975
1.11705
0.750463
1.26371
0.750703
0.744086
1.23106
1.22629
0.744237
0.41673
0.505731
0.506138
0.486504
0.425919
0.429637
0.484684
1.23597
0.75722
0.757084
0.743721
1.18526
1.19137
0.743444
0.712465
1.03453
0.710134
0.767113
1.10682
0.769766
1.10604
1.00564
0.669388
0.677576
0.732043
1.07332
1.08046
0.723055
0.618868
0.562971
0.649173
0.670818
0.57422
0.652428
0.596657
1.05115
1.35453
1.03296
1.04345
1.36425
1.06649
1.38818
0.808818
1.29046
0.82969
0.831535
1.26163
0.80941
1.27672
0.750042
1.27656
0.750668
0.745483
1.2371
0.744549
1.23986
0.447213
0.542212
0.513218
0.515725
0.517863
0.479109
0.546987
1.28341
0.789316
0.775873
0.774921
1.25698
1.25695
0.788745
0.685625
0.958814
0.68574
0.718402
1.00446
0.718329
1.04572
0.660603
0.981588
0.649474
0.699331
1.0629
0.711811
1.05247
0.473381
0.409393
0.397462
0.395698
0.509586
0.467497
0.40619
0.368623
0.393551
0.369719
0.369962
0.364779
0.374474
0.377017
0.972105
0.898411
0.971787
0.393326
0.420775
0.415925
0.375609
0.380731
0.385234
0.466996
0.276182
0.275152
0.273368
0.270586
0.280629
0.271982
0.269463
0.432333
0.73596
0.534506
0.417292
0.411313
0.439971
0.703381
0.422367
0.539657
0.488893
0.432316
0.493447
0.420759
0.435196
0.412772
0.524033
0.486872
0.426742
0.481479
0.4146
0.423496
0.44157
0.560479
0.511152
0.458092
0.508021
0.442868
0.4557
0.44864
0.572353
0.513871
0.462625
0.516321
0.447603
0.464306
0.49387
0.648681
0.506503
0.697345
0.510928
0.4901
0.653588
0.498591
0.520738
0.703343
0.663955
0.516071
0.502629
0.65861
0.514564
0.681725
0.729778
0.53474
0.53374
0.681927
0.515162
0.510439
0.525707
0.669477
0.72231
0.507282
0.529555
0.674839
0.775887
0.69069
0.826784
0.657936
0.795859
0.676283
0.803475
0.902112
0.97351
0.975572
0.741708
0.625712
0.635188
0.755036
0.643917
0.769491
0.729441
0.922174
0.956602
0.817247
0.84241
0.804432
0.916094
0.955438
0.866944
0.720406
0.760033
0.827394
0.748941
0.859434
0.837956
0.874442
0.748492
0.745019
0.884699
0.855588
0.762573
0.906463
0.898014
0.972298
0.97073
0.936803
0.80402
0.833962
0.983985
0.951122
0.822945
0.967077
0.727878
0.696923
0.61758
0.599577
0.715976
0.614474
0.710136
0.759343
0.670434
0.77787
0.649005
0.747556
0.787741
0.645296
0.47917
0.644085
0.500636
0.67556
0.484685
0.63568
0.494276
0.473147
0.482085
0.623177
0.667509
0.629336
0.468351
0.487633
0.452464
0.601246
0.459588
0.643126
0.448004
0.607674
0.464744
0.457868
0.476159
0.618351
0.648924
0.612366
0.46282
0.470639
0.692602
0.600235
0.712403
0.583203
0.602761
0.716286
0.689228
0.913853
0.991354
0.989178
0.700143
0.590532
0.61544
0.734139
0.70851
0.609428
0.724361
0.659695
0.64388
0.549093
0.552826
0.552899
0.644102
0.659506
0.660419
0.555259
0.550181
0.647055
0.553656
0.645013
0.662247
0.679147
0.677517
0.570059
0.580613
0.665181
0.690748
0.57106
0.670365
0.558752
0.650708
0.560878
0.655934
0.665625
0.562624
0.684923
0.598013
0.709454
0.576919
0.686575
0.596653
0.707699
0.921108
0.995344
0.997429
0.684861
0.57677
0.59629
0.706882
0.596884
0.70737
0.684271
0.424002
0.539714
0.480153
0.443201
0.479112
0.423807
0.443731
0.448383
0.564995
0.503145
0.4637
0.50603
0.446145
0.467715
0.43728
0.552294
0.488698
0.459111
0.490276
0.437272
0.458992
0.440862
0.553575
0.492504
0.462885
0.490815
0.440992
0.462695
0.512157
0.669507
0.537466
0.732394
0.537982
0.511915
0.666419
0.51706
0.543527
0.736224
0.670413
0.542801
0.517699
0.670715
0.523626
0.678133
0.742395
0.551813
0.549726
0.675465
0.525349
0.521373
0.546934
0.672935
0.738888
0.521144
0.54728
0.672487
0.70598
0.616102
0.728443
0.596232
0.705539
0.616231
0.729188
0.909012
0.983991
0.982953
0.70807
0.598077
0.618116
0.731371
0.618287
0.731176
0.708056
0.672721
0.654452
0.559541
0.562945
0.564365
0.656432
0.670947
0.675966
0.568668
0.562405
0.661566
0.567325
0.659623
0.677695
0.701225
0.612458
0.724937
0.591947
0.701834
0.612204
0.72398
0.923041
0.996352
0.998565
0.697202
0.588357
0.607953
0.719197
0.60824
0.720184
0.696545
0.683789
0.668533
0.569476
0.574684
0.667725
0.574113
0.684456
0.68205
0.571381
0.66442
0.56791
0.666006
0.680624
0.57253
0.511115
0.677418
0.533373
0.73683
0.509811
0.685238
0.532317
0.507727
0.52735
0.682688
0.735851
0.683329
0.506319
0.528676
0.549568
0.73137
0.77877
0.58175
0.723363
0.571445
0.557744
0.530521
0.542186
0.697834
0.760859
0.706361
0.522052
0.552239
0.713815
0.623388
0.737281
0.60329
0.623535
0.737068
0.713825
0.900014
0.972873
0.972369
0.71152
0.601272
0.621272
0.734375
0.711259
0.621289
0.734887
0.693353
0.677939
0.578469
0.583172
0.582846
0.677467
0.693694
0.692396
0.581476
0.577595
0.675872
0.581961
0.676522
0.691843
0.687861
0.670722
0.573354
0.576936
0.671915
0.68679
0.577836
0.68968
0.580064
0.674441
0.57498
0.673671
0.690332
0.579511
0.715837
0.625426
0.739214
0.605197
0.71589
0.62524
0.73933
0.90142
0.973353
0.973853
0.717067
0.606261
0.626214
0.740411
0.626466
0.740467
0.716878
0.454429
0.568243
0.497389
0.479296
0.495452
0.454638
0.478847
0.454499
0.570866
0.496711
0.478632
0.498552
0.454283
0.47907
0.458284
0.570676
0.495278
0.482565
0.496941
0.458083
0.482994
0.459716
0.569426
0.497217
0.484565
0.495552
0.45996
0.48402
0.54179
0.697525
0.561166
0.73996
0.560433
0.542475
0.696114
0.543136
0.561329
0.742314
0.696998
0.561906
0.542583
0.698113
0.543981
0.699051
0.744505
0.562295
0.562857
0.699286
0.543477
0.543806
0.563385
0.69961
0.743306
0.5445
0.562643
0.698533
0.74262
0.649924
0.767068
0.629489
0.742893
0.64966
0.76682
0.92262
0.995759
0.995923
0.741646
0.628582
0.648445
0.765458
0.648765
0.765831
0.741279
0.720009
0.704726
0.602496
0.605035
0.60585
0.705873
0.718997
0.722169
0.608021
0.604388
0.708277
0.607791
0.707948
0.722444
0.742569
0.649588
0.766729
0.629415
0.742534
0.649694
0.766657
0.923715
0.997286
0.997185
0.740035
0.627218
0.647229
0.763673
0.647334
0.764156
0.739751
0.721423
0.70661
0.603742
0.606825
0.707125
0.607132
0.720952
0.722428
0.608132
0.708362
0.604666
0.708171
0.722606
0.608044
0.540848
0.694631
0.558942
0.739167
0.54037
0.695772
0.559426
0.539005
0.558016
0.694811
0.736527
0.693447
0.539573
0.557431
0.537459
0.69365
0.734935
0.556094
0.692501
0.555705
0.537851
0.539387
0.55714
0.693782
0.737794
0.695065
0.538801
0.557752
0.743734
0.650541
0.767822
0.630467
0.650699
0.767929
0.743587
0.924044
0.997461
0.997345
0.742983
0.629824
0.65011
0.767222
0.743069
0.649988
0.767197
0.72439
0.710085
0.606715
0.610193
0.610111
0.709962
0.724457
0.724011
0.609624
0.606327
0.709461
0.609739
0.709563
0.723941
0.72259
0.707971
0.604895
0.608149
0.708181
0.722418
0.60833
0.723201
0.608871
0.708701
0.605429
0.708753
0.723135
0.608883
0.744459
0.651479
0.768787
0.631177
0.744577
0.651351
0.768702
0.925244
0.9985
0.998538
0.744836
0.631524
0.651609
0.768996
0.651719
0.769068
0.74473
0.431279
0.552268
0.512496
0.44238
0.513735
0.430391
0.444211
0.43004
0.551229
0.515546
0.441732
0.514738
0.430339
0.441062
0.45225
0.590067
0.474725
0.461011
0.531053
0.444928
0.474942
0.459456
0.554431
0.488534
0.480259
0.487065
0.460005
0.478919
0.515092
0.679152
0.529843
0.71566
0.532446
0.51203
0.67961
0.530121
0.52774
0.737436
0.65922
0.547044
0.511096
0.69833
0.540748
0.696084
0.741996
0.559084
0.559287
0.696332
0.540584
0.530521
0.552548
0.689291
0.725479
0.534651
0.547358
0.681249
0.749344
0.655847
0.773879
0.636189
0.749332
0.655865
0.773873
0.928068
1.00159
1.00188
0.749161
0.635978
0.655698
0.77367
0.655687
0.773679
0.74917
0.7358
0.724905
0.61684
0.618504
0.618558
0.724957
0.73576
0.735668
0.618309
0.616692
0.724637
0.61843
0.724792
0.735545
0.749649
0.656154
0.774209
0.636527
0.749656
0.656147
0.774206
0.949282
1.02357
1.02437
0.749714
0.636602
0.656209
0.774284
0.656211
0.774273
0.749717
0.734489
0.72271
0.615515
0.61716
0.723297
0.61744
0.734074
0.734972
0.617892
0.724088
0.615981
0.723935
0.735076
0.617831
0.495191
0.661121
0.517477
0.694655
0.500198
0.656059
0.512187
0.487957
0.499994
0.642407
0.685238
0.64624
0.483971
0.504253
0.47722
0.634118
0.674326
0.491789
0.634769
0.492479
0.476634
0.480245
0.497587
0.644598
0.684101
0.643633
0.481663
0.496008
0.74795
0.654612
0.772403
0.634668
0.654565
0.772375
0.747998
0.923089
0.997404
0.996882
0.748132
0.634907
0.654718
0.772572
0.748105
0.654749
0.77257
0.727616
0.712869
0.609739
0.612554
0.612906
0.713534
0.72712
0.728638
0.613909
0.610639
0.715556
0.613679
0.71485
0.729089
0.73187
0.720676
0.613264
0.615844
0.719827
0.732396
0.615589
0.730824
0.614581
0.717107
0.612426
0.718226
0.730121
0.614964
0.74776
0.654323
0.772102
0.634317
0.747706
0.654385
0.772122
0.926252
0.999255
0.999319
0.747228
0.633789
0.65391
0.771529
0.653878
0.771578
0.747229
0.446869
0.565246
0.493874
0.470482
0.495379
0.446785
0.470618
0.449078
0.565674
0.49667
0.473199
0.494945
0.449199
0.472963
0.442035
0.56269
0.49483
0.465846
0.493491
0.442108
0.465703
0.443768
0.566431
0.497194
0.467439
0.497882
0.443742
0.467523
0.527214
0.683283
0.545151
0.724905
0.545387
0.527093
0.68378
0.526338
0.54617
0.72438
0.683858
0.544733
0.526776
0.683018
0.532155
0.686689
0.759958
0.555315
0.558985
0.691837
0.528629
0.531164
0.55311
0.688461
0.759786
0.53029
0.557495
0.6919
0.732711
0.640533
0.75655
0.620608
0.732574
0.64073
0.75657
0.918114
0.991711
0.991363
0.731022
0.619137
0.639165
0.754657
0.639125
0.754938
0.730914
0.714808
0.70071
0.597667
0.601101
0.60106
0.700731
0.714774
0.714221
0.600311
0.597148
0.700002
0.600509
0.700211
0.714045
0.734063
0.642098
0.758111
0.621874
0.734207
0.641896
0.758054
0.919829
0.992802
0.993175
0.734909
0.622585
0.642491
0.758718
0.64272
0.758855
0.734705
0.711205
0.696335
0.594324
0.597071
0.697247
0.597715
0.710422
0.712634
0.599201
0.698894
0.595582
0.698633
0.712838
0.599001
0.528286
0.684326
0.546313
0.724757
0.528367
0.683692
0.546208
0.530195
0.548219
0.685449
0.727302
0.686025
0.530238
0.548142
0.535674
0.690592
0.733387
0.553729
0.691361
0.553853
0.535518
0.532909
0.55103
0.688576
0.729541
0.687801
0.532995
0.55099
0.726929
0.635536
0.750621
0.615367
0.635381
0.750723
0.726971
0.916065
0.989073
0.989288
0.727941
0.616261
0.636095
0.751541
0.727695
0.636374
0.75169
0.698863
0.681393
0.583582
0.586517
0.587737
0.683296
0.697247
0.701719
0.590962
0.586037
0.688086
0.590156
0.686311
0.703007
0.707455
0.693714
0.590819
0.594594
0.693288
0.707724
0.594374
0.706332
0.592864
0.690793
0.589868
0.692035
0.705411
0.593478
0.724612
0.633363
0.748448
0.613151
0.724718
0.63341
0.748137
0.91724
0.990868
0.990833
0.721722
0.610573
0.630457
0.744599
0.630647
0.745332
0.721262
0.473428
0.596734
0.531713
0.491917
0.533877
0.473869
0.492502
0.482269
0.597684
0.541131
0.500741
0.540918
0.482069
0.501206
0.453128
0.57302
0.514977
0.46908
0.51554
0.452425
0.470122
0.451747
0.572575
0.516189
0.467924
0.515662
0.451988
0.46768
0.527638
0.696223
0.554587
0.74598
0.550142
0.531146
0.693374
0.522434
0.541248
0.73973
0.685704
0.544597
0.51985
0.687631
0.516469
0.683832
0.73235
0.5364
0.536473
0.683008
0.516762
0.516592
0.538547
0.683489
0.732988
0.517594
0.536997
0.683108
0.690908
0.601764
0.713319
0.582448
0.690304
0.602402
0.713806
0.929436
1.00796
1.00519
0.690631
0.582274
0.602867
0.714418
0.601998
0.71368
0.691483
0.667237
0.65133
0.554469
0.559838
0.559437
0.650716
0.667694
0.666434
0.558451
0.553737
0.649668
0.558673
0.649919
0.666248
0.691076
0.602959
0.714186
0.582785
0.691377
0.602551
0.714031
0.93682
1.01129
1.01236
0.692308
0.583849
0.603565
0.715077
0.603867
0.715099
0.692118
0.666448
0.650776
0.553527
0.558814
0.650095
0.558338
0.667071
0.666229
0.558009
0.649405
0.553282
0.649755
0.665882
0.558195
0.541624
0.704215
0.561842
0.763679
0.538151
0.707497
0.566375
0.549383
0.577578
0.718097
0.775029
0.718404
0.551264
0.574433
0.566545
0.736345
0.797524
0.589324
0.737834
0.592483
0.564479
0.562719
0.587614
0.730523
0.792713
0.732269
0.561253
0.589156
0.691493
0.603097
0.713607
0.583043
0.602981
0.71424
0.691231
0.920861
0.994671
0.995906
0.692251
0.583623
0.602865
0.714551
0.691555
0.603682
0.715024
0.659994
0.64358
0.549161
0.552783
0.553338
0.644254
0.659388
0.66203
0.55633
0.550894
0.647404
0.555302
0.646099
0.663278
0.667574
0.651208
0.554854
0.559235
0.651393
0.667388
0.559499
0.666729
0.558243
0.649462
0.554501
0.650641
0.665563
0.559036
0.687838
0.60013
0.710772
0.579847
0.688218
0.600114
0.710048
0.923086
0.9987
0.998415
0.684793
0.577131
0.597328
0.707256
0.596955
0.70732
0.684971
0.473385
0.596705
0.531679
0.491881
0.533842
0.47383
0.49246
0.482257
0.597688
0.541124
0.500729
0.540913
0.482054
0.501199
0.453043
0.572924
0.514893
0.468984
0.515457
0.452337
0.47003
0.451665
0.572477
0.516111
0.467827
0.515586
0.451908
0.467582
0.527549
0.696165
0.745915
0.554499
0.550044
0.693312
0.531066
0.52233
0.541123
0.685619
0.739648
0.519736
0.544483
0.687549
0.516299
0.683699
0.53621
0.73223
0.516573
0.536297
0.68287
0.516454
0.538407
0.683386
0.732899
0.517465
0.536852
0.683016
0.691664
0.60236
0.583087
0.71408
0.691012
0.603041
0.714622
0.929474
1.00801
1.00524
0.691464
0.582988
0.603615
0.715361
0.602698
0.714568
0.692367
0.667776
0.651832
0.554944
0.560265
0.559894
0.651263
0.668193
0.667059
0.559028
0.554287
0.650366
0.559204
0.650552
0.66693
0.691642
0.603463
0.583266
0.714839
0.691981
0.603028
0.714646
0.936889
1.01136
1.01244
0.692797
0.584258
0.603951
0.715574
0.692581
0.604273
0.715623
0.667369
0.65177
0.554368
0.55966
0.651041
0.559141
0.668042
0.667078
0.558682
0.55404
0.650207
0.650624
0.558917
0.666668
0.692365
0.603822
0.714502
0.583786
0.69208
0.603721
0.715167
0.920833
0.994643
0.995878
0.693174
0.584413
0.603663
0.715541
0.69249
0.604478
0.71599
0.660936
0.64459
0.550068
0.553624
0.554177
0.64524
0.660338
0.662914
0.557132
0.551738
0.648328
0.556085
0.64702
0.664176
0.688663
0.580531
0.600842
0.711679
0.689069
0.600804
0.710931
0.92306
0.998678
0.998391
0.685656
0.577846
0.59802
0.708178
0.68582
0.597663
0.708251
0.668528
0.652221
0.555748
0.560118
0.652364
0.668383
0.560355
0.667642
0.559036
0.650365
0.555364
0.651572
0.666442
0.559859
0.541567
0.704173
0.561767
0.763651
0.538084
0.707465
0.566313
0.549342
0.577547
0.718097
0.775024
0.718395
0.551235
0.574387
0.566563
0.736402
0.589348
0.797587
0.564503
0.737889
0.5925
0.562715
0.587598
0.730542
0.792751
0.732298
0.56124
0.589152
0.446899
0.56529
0.493909
0.470515
0.495415
0.446815
0.470651
0.449107
0.565712
0.496705
0.473232
0.494977
0.449229
0.472993
0.442041
0.562701
0.494839
0.465854
0.493499
0.442114
0.465711
0.443764
0.566431
0.497191
0.467437
0.497879
0.443738
0.467521
0.527227
0.683305
0.724931
0.545168
0.545402
0.683802
0.527107
0.526349
0.546183
0.683877
0.724404
0.526787
0.544746
0.683037
0.532142
0.686671
0.555298
0.759949
0.528612
0.558974
0.691824
0.531164
0.553113
0.688468
0.759795
0.530292
0.557497
0.691907
0.732684
0.640503
0.620577
0.756525
0.732547
0.640703
0.756543
0.918196
0.991798
0.991458
0.730989
0.6191
0.639131
0.754624
0.639088
0.754906
0.730881
0.714796
0.700697
0.597646
0.601089
0.601043
0.700711
0.714768
0.714189
0.600274
0.597111
0.699958
0.600476
0.700172
0.714008
0.734036
0.642074
0.621844
0.758088
0.734184
0.641868
0.758031
0.919902
0.992876
0.993253
0.734914
0.622583
0.642487
0.758721
0.734705
0.64272
0.758858
0.711161
0.69628
0.594277
0.597025
0.697195
0.597672
0.710374
0.712591
0.599166
0.595535
0.698853
0.698583
0.598958
0.712804
0.726944
0.635534
0.750624
0.615371
0.726974
0.635388
0.750739
0.916089
0.989104
0.989324
0.727937
0.616249
0.636087
0.751544
0.727693
0.636363
0.751691
0.698825
0.68136
0.583543
0.586485
0.587701
0.683252
0.697221
0.701682
0.590939
0.585995
0.688056
0.59012
0.686263
0.702986
0.724593
0.613126
0.633348
0.748442
0.724709
0.633388
0.748121
0.917252
0.99088
0.990844
0.721695
0.61054
0.630427
0.744579
0.721239
0.630612
0.745304
0.707441
0.6937
0.590799
0.594583
0.693267
0.707716
0.594357
0.706335
0.592844
0.690764
0.589855
0.692026
0.705393
0.593471
0.528309
0.684356
0.546334
0.724797
0.528387
0.683727
0.546235
0.530234
0.548262
0.685506
0.727366
0.686083
0.530278
0.548184
0.53568
0.690583
0.553721
0.733394
0.53551
0.691367
0.55386
0.532941
0.55107
0.688625
0.729588
0.687844
0.533032
0.551024
0.431367
0.552387
0.512605
0.442469
0.513845
0.430478
0.444301
0.430136
0.551358
0.515663
0.441828
0.514858
0.430434
0.44116
0.452339
0.590194
0.474819
0.4611
0.531164
0.445014
0.475037
0.459544
0.55454
0.488627
0.48035
0.487159
0.460092
0.47901
0.515195
0.679301
0.715806
0.529955
0.532552
0.679752
0.512136
0.53023
0.527836
0.65935
0.737598
0.511191
0.547159
0.698483
0.540846
0.696208
0.559179
0.742138
0.540677
0.55939
0.696465
0.530621
0.552656
0.689432
0.725624
0.534754
0.547461
0.681385
0.749345
0.655843
0.636188
0.773874
0.749328
0.655866
0.773873
0.928285
1.00182
1.00211
0.749152
0.635969
0.655692
0.773662
0.655678
0.773669
0.749162
0.735795
0.724896
0.616833
0.618496
0.618552
0.724951
0.735751
0.735662
0.618306
0.616688
0.724634
0.618426
0.724786
0.735544
0.749646
0.656156
0.636525
0.774213
0.749659
0.656145
0.774203
0.949517
1.02382
1.02462
0.749711
0.636599
0.6562
0.774274
0.749707
0.656208
0.77427
0.734477
0.722695
0.615503
0.617147
0.723284
0.61743
0.734061
0.734968
0.617888
0.615976
0.72408
0.72393
0.617827
0.735069
0.747939
0.654606
0.772396
0.634657
0.747992
0.654553
0.772364
0.923296
0.997622
0.997102
0.748118
0.634893
0.654699
0.772553
0.748085
0.654736
0.772556
0.727584
0.712822
0.609706
0.612516
0.612875
0.713499
0.727079
0.728619
0.613892
0.610618
0.715535
0.61366
0.714828
0.729071
0.747749
0.634304
0.654307
0.772086
0.74769
0.654374
0.77211
0.926456
0.999472
0.999536
0.747198
0.633761
0.653883
0.771497
0.7472
0.65385
0.771549
0.73185
0.720651
0.613243
0.615826
0.719805
0.732374
0.61557
0.730809
0.614568
0.717092
0.612411
0.718208
0.730109
0.61495
0.495291
0.661261
0.51758
0.694803
0.500298
0.6562
0.51229
0.488056
0.500096
0.642547
0.685385
0.64638
0.48407
0.504355
0.477329
0.634265
0.491898
0.674485
0.47674
0.634919
0.492592
0.480353
0.497696
0.644749
0.684262
0.643786
0.481768
0.49612
0.45445
0.568265
0.497409
0.479316
0.495474
0.454658
0.478868
0.454542
0.570916
0.496756
0.478674
0.498597
0.454325
0.479114
0.458383
0.570801
0.495386
0.482668
0.497048
0.458181
0.483097
0.4598
0.569535
0.497309
0.484653
0.495644
0.460044
0.484108
0.541909
0.697683
0.740124
0.561288
0.560555
0.696272
0.542594
0.543253
0.561446
0.697151
0.742476
0.542698
0.562025
0.698268
0.54404
0.699129
0.562351
0.744586
0.543532
0.562917
0.699365
0.543904
0.563487
0.699745
0.743447
0.5446
0.562743
0.698667
0.74261
0.649918
0.629484
0.767059
0.742884
0.649654
0.766813
0.922656
0.995791
0.995962
0.741626
0.62857
0.648436
0.765441
0.648751
0.765803
0.741265
0.720091
0.704811
0.602567
0.605108
0.605917
0.705961
0.719075
0.722208
0.608053
0.604439
0.708314
0.607836
0.707999
0.722475
0.742588
0.649612
0.629445
0.76675
0.742556
0.649722
0.766671
0.923801
0.997369
0.997266
0.740104
0.627276
0.647286
0.763736
0.739812
0.647389
0.764232
0.721402
0.7066
0.603733
0.606817
0.707108
0.607121
0.720939
0.722428
0.608138
0.604672
0.70837
0.708176
0.608047
0.722608
0.743747
0.650563
0.767845
0.630484
0.74361
0.650714
0.767942
0.924264
0.997693
0.997578
0.743002
0.629844
0.650125
0.767236
0.743083
0.650008
0.767215
0.724416
0.710114
0.606744
0.610219
0.610136
0.709991
0.724483
0.72404
0.609653
0.606358
0.709493
0.609768
0.709595
0.723969
0.744486
0.631203
0.651499
0.768808
0.744597
0.651377
0.768727
0.925439
0.998709
0.998746
0.744855
0.631543
0.651633
0.76902
0.744754
0.651737
0.769087
0.722612
0.707997
0.604921
0.608172
0.708208
0.72244
0.608353
0.723222
0.608894
0.708728
0.605456
0.708779
0.723159
0.608906
0.5409
0.694713
0.559004
0.739246
0.54043
0.695848
0.55948
0.539027
0.558033
0.694831
0.736551
0.693471
0.539591
0.557452
0.537529
0.693748
0.556169
0.73503
0.537925
0.692593
0.555775
0.539434
0.557181
0.693835
0.737853
0.695124
0.538844
0.557798
0.423989
0.539691
0.480135
0.443187
0.479096
0.423795
0.443717
0.448348
0.564947
0.503106
0.463667
0.505988
0.446112
0.467678
0.437283
0.552295
0.488703
0.459115
0.490279
0.437276
0.458994
0.440876
0.553592
0.492519
0.462898
0.490831
0.441006
0.462709
0.512155
0.669491
0.732376
0.537462
0.537979
0.666406
0.511912
0.517065
0.543535
0.670417
0.736221
0.517706
0.542806
0.670715
0.523645
0.67815
0.551831
0.742412
0.525368
0.549745
0.675484
0.52139
0.546951
0.672954
0.738904
0.52116
0.547297
0.672506
0.705796
0.615952
0.596083
0.728248
0.705357
0.616082
0.728988
0.90894
0.983911
0.982878
0.70789
0.597933
0.617971
0.731176
0.618139
0.730984
0.707876
0.672424
0.654093
0.559277
0.562652
0.564106
0.656137
0.670593
0.675739
0.568481
0.562213
0.661358
0.567138
0.659401
0.677479
0.701009
0.612284
0.591772
0.724706
0.70162
0.612028
0.723743
0.922952
0.996258
0.998467
0.696911
0.588119
0.607699
0.718853
0.696232
0.608002
0.719874
0.683615
0.66836
0.56933
0.574531
0.66756
0.573967
0.684275
0.681871
0.571232
0.567755
0.664253
0.665835
0.572375
0.68045
0.713718
0.623317
0.737177
0.603216
0.713732
0.623459
0.736958
0.899998
0.972864
0.972354
0.711398
0.601176
0.62117
0.734236
0.711131
0.621194
0.734757
0.693292
0.677882
0.578421
0.583122
0.582796
0.677411
0.693631
0.692321
0.581418
0.577537
0.675806
0.581902
0.676453
0.691771
0.715767
0.605142
0.625367
0.73913
0.715813
0.625188
0.73925
0.901432
0.97337
0.973867
0.716996
0.60621
0.626167
0.740339
0.716814
0.626413
0.740389
0.687745
0.670602
0.573256
0.576833
0.671805
0.686664
0.577736
0.689586
0.579986
0.674354
0.574906
0.673585
0.690239
0.579437
0.511104
0.677396
0.533362
0.736805
0.509801
0.685217
0.532306
0.507712
0.527338
0.682654
0.735812
0.683295
0.506307
0.528661
0.54953
0.731298
0.581709
0.778699
0.557699
0.723297
0.571412
0.530491
0.542166
0.697786
0.760799
0.706306
0.522029
0.552212
0.430842
0.566159
0.488189
0.44998
0.504864
0.429511
0.449653
0.439887
0.633086
0.492849
0.459548
0.499531
0.434098
0.484776
0.441289
0.561507
0.511044
0.458064
0.508119
0.442527
0.455764
0.448559
0.572591
0.513894
0.462681
0.516288
0.44753
0.464352
0.496503
0.653873
0.700241
0.509991
0.513363
0.657495
0.493766
0.500004
0.52156
0.665213
0.704508
0.503523
0.517363
0.660335
0.514857
0.681963
0.534983
0.729956
0.515409
0.53402
0.682184
0.510838
0.526219
0.670087
0.72263
0.507843
0.529929
0.675317
0.767818
0.671775
0.649916
0.826725
0.79798
0.667254
0.796837
0.898315
0.974193
0.973116
0.736093
0.621251
0.632766
0.751298
0.639592
0.763437
0.726257
0.902731
0.912733
0.817351
0.799705
0.79003
0.916958
0.893523
0.838063
0.709911
0.740954
0.808877
0.730383
0.829478
0.820147
0.8282
0.722833
0.737282
0.863722
0.823737
0.73395
0.873802
0.754173
0.992689
0.873123
0.896592
0.789736
0.804746
0.946914
0.899945
0.802204
0.943161
1.08367
1.15357
1.04326
0.720301
0.691177
0.610398
0.595472
0.70754
0.608257
0.705143
0.750521
0.658348
0.640056
0.764576
0.737515
0.637229
0.776643
0.691147
0.599301
0.711003
0.582072
0.688023
0.601703
0.71454
0.91393
0.991412
0.989324
0.698164
0.588906
0.613566
0.731095
0.705974
0.607884
0.722042
0.658614
0.642772
0.547979
0.551901
0.551933
0.642913
0.658477
0.659194
0.554027
0.548897
0.645473
0.552559
0.643648
0.660852
0.683965
0.576137
0.59723
0.708269
0.685547
0.595898
0.706616
0.92115
0.995465
0.997492
0.683951
0.576041
0.595567
0.705902
0.683377
0.596158
0.706367
0.676172
0.672967
0.566967
0.577273
0.661761
0.686756
0.568518
0.668131
0.557246
0.648737
0.558529
0.65336
0.663908
0.560716
0.489749
0.655728
0.507817
0.6886
0.49228
0.651316
0.50436
0.498475
0.510651
0.659771
0.695937
0.661919
0.498662
0.511278
0.258203
0.392649
0.235412
0.503603
0.405183
0.259811
0.238361
0.263129
0.301081
0.265442
0.250873
0.260931
0.255032
0.260316
0.723862
0.694928
0.740786
0.716081
0.799521
0.780327
0.723576
0.219784
0.22935
0.238062
0.239906
0.215341
0.233116
0.22068
0.241491
0.200933
0.227197
0.204803
0.235019
0.199133
0.202783
0.678104
0.683693
0.66472
0.677239
0.698672
0.691042
0.668294
0.700267
0.676799
0.686054
0.703768
0.709194
0.687599
0.725775
0.791654
0.810104
0.773346
0.762689
0.818666
0.778603
0.796736
0.679791
0.67905
0.668751
0.63941
0.663158
0.700608
0.651764
0.687421
0.733806
0.71606
0.708922
0.691301
0.726452
0.678244
0.745858
0.753778
0.781382
0.739438
0.756452
0.74803
0.772644
0.617825
0.626756
0.631657
0.656477
0.626758
0.645466
0.634136
0.513564
0.499894
0.51425
0.499135
0.512272
0.489065
0.490798
0.422092
0.428406
0.428729
0.431503
0.420597
0.421352
0.430838
0.506663
0.508571
0.508808
0.480887
0.476103
0.480429
0.476955
0.437916
0.430007
0.447222
0.4317
0.426666
0.441937
0.442082
0.512139
0.508413
0.510177
0.482897
0.48324
0.479535
0.485624
0.433095
0.425219
0.431509
0.4345
0.428492
0.424938
0.437448
0.513314
0.497925
0.511087
0.497868
0.511172
0.487494
0.48734
0.524196
0.526169
0.50997
0.509491
0.523406
0.497421
0.498179
0.429272
0.421483
0.429739
0.431086
0.417322
0.430276
0.418115
0.513788
0.516029
0.5172
0.486221
0.478811
0.485044
0.480192
0.434408
0.417957
0.436527
0.419049
0.418346
0.435556
0.435171
0.521116
0.5165
0.520044
0.488861
0.483896
0.48271
0.489849
0.522838
0.505771
0.519478
0.50636
0.520363
0.494591
0.493667
0.432432
0.423723
0.432171
0.433369
0.420633
0.42013
0.433897
0.536073
0.521446
0.538577
0.521695
0.536401
0.510027
0.509679
0.434722
0.443559
0.443437
0.445214
0.431778
0.431528
0.445423
0.531449
0.534731
0.534395
0.502642
0.497481
0.502998
0.497044
0.446258
0.429825
0.447633
0.429418
0.4297
0.448034
0.44592
0.53319
0.530677
0.533623
0.501948
0.495853
0.496342
0.501525
0.442672
0.434183
0.442838
0.444617
0.430793
0.431013
0.444355
0.539395
0.522609
0.53742
0.522402
0.537185
0.510718
0.510999
0.559659
0.561128
0.543921
0.543819
0.559503
0.532502
0.532662
0.460914
0.4523
0.461166
0.463639
0.449268
0.463203
0.449689
0.55352
0.554971
0.555625
0.523362
0.517695
0.52271
0.518504
0.467333
0.450868
0.470138
0.450183
0.450066
0.469945
0.46746
0.557655
0.555278
0.557425
0.524996
0.520367
0.520098
0.525211
0.559187
0.541716
0.557171
0.542004
0.557641
0.530799
0.530317
0.462484
0.453491
0.462481
0.464931
0.450861
0.450794
0.464995
0.561304
0.545555
0.562914
0.545629
0.561398
0.534421
0.534318
0.455329
0.464405
0.464333
0.466927
0.452911
0.452765
0.467034
0.55767
0.559838
0.559712
0.527294
0.522744
0.527458
0.522533
0.469257
0.452921
0.471874
0.451898
0.451992
0.472003
0.46914
0.559289
0.557343
0.559411
0.52702
0.522083
0.522231
0.526894
0.46408
0.455175
0.464159
0.46673
0.452518
0.452597
0.466629
0.563177
0.545937
0.561751
0.54585
0.561677
0.534665
0.534788
0.567203
0.568013
0.550571
0.550608
0.567268
0.540028
0.539972
0.468424
0.459431
0.468488
0.471584
0.457253
0.471522
0.457296
0.565359
0.566307
0.56634
0.533485
0.529504
0.533456
0.52953
0.474643
0.458558
0.477951
0.457049
0.457116
0.478041
0.474556
0.566151
0.565234
0.566232
0.533381
0.529322
0.529413
0.533308
0.568089
0.550659
0.567324
0.550683
0.567359
0.540117
0.540088
0.468363
0.459382
0.468434
0.471519
0.45718
0.45724
0.471439
0.564637
0.548553
0.565857
0.548534
0.564567
0.537525
0.53758
0.457354
0.466343
0.466347
0.46907
0.454895
0.454918
0.469013
0.560389
0.562018
0.562242
0.529789
0.524969
0.529625
0.525194
0.472236
0.456005
0.475303
0.454927
0.454884
0.475217
0.472273
0.562987
0.561076
0.562846
0.530361
0.525983
0.525829
0.530462
0.466696
0.457722
0.466733
0.469493
0.455318
0.455309
0.469489
0.565383
0.548021
0.56388
0.548063
0.564033
0.537009
0.536907
0.552378
0.554173
0.536839
0.53698
0.552547
0.525679
0.525489
0.45681
0.447885
0.456815
0.459149
0.445184
0.459197
0.4451
0.548742
0.551065
0.550937
0.518595
0.513816
0.518743
0.513627
0.460986
0.44455
0.463217
0.443721
0.443886
0.463438
0.460791
0.550231
0.54826
0.550447
0.518135
0.51291
0.513164
0.517911
0.554694
0.537525
0.553135
0.537445
0.553049
0.526136
0.526249
0.456279
0.447495
0.456391
0.458723
0.444589
0.444723
0.458564
0.544182
0.529041
0.545876
0.528812
0.543778
0.517176
0.517552
0.438829
0.44723
0.447485
0.449447
0.435351
0.435838
0.448926
0.53623
0.538048
0.538976
0.507231
0.500727
0.506352
0.501813
0.452876
0.436338
0.455354
0.436397
0.436063
0.454852
0.453241
0.541738
0.538389
0.541145
0.509214
0.504429
0.503772
0.509732
0.449227
0.440353
0.449139
0.45106
0.437478
0.437259
0.451287
0.54357
0.526266
0.540895
0.526642
0.541562
0.51513
0.514484
0.514781
0.517584
0.500821
0.501059
0.514997
0.489151
0.488877
0.42529
0.416802
0.42519
0.426365
0.413479
0.426594
0.413204
0.508864
0.512817
0.512411
0.481302
0.475644
0.481721
0.475141
0.426729
0.410402
0.427581
0.410666
0.410839
0.427814
0.426516
0.511457
0.508198
0.51172
0.480654
0.474219
0.474512
0.480369
0.518385
0.501999
0.516026
0.501751
0.515729
0.489812
0.49015
0.424369
0.416164
0.424495
0.425714
0.412476
0.412625
0.425532
0.513879
0.500466
0.515846
0.499983
0.513216
0.488721
0.489387
0.419448
0.426759
0.426687
0.428814
0.417979
0.417548
0.428961
0.505843
0.508102
0.508522
0.479747
0.474739
0.479443
0.474954
0.431363
0.417824
0.433724
0.417204
0.417105
0.433451
0.431665
0.511078
0.507308
0.510238
0.481109
0.47678
0.476017
0.48186
0.427788
0.420065
0.427649
0.429504
0.417869
0.417713
0.429764
0.513539
0.497627
0.510866
0.497928
0.511227
0.487039
0.486694
0.419638
0.746274
0.551223
0.380262
0.427479
0.60568
0.381656
0.241986
0.20123
0.230469
0.20513
0.238186
0.199564
0.203273
0.264804
0.297852
0.265321
0.251649
0.262799
0.256025
0.262002
0.515302
0.518057
0.501327
0.501553
0.515491
0.489671
0.489424
0.425669
0.417205
0.425576
0.426774
0.413901
0.42699
0.413638
0.427226
0.410957
0.428163
0.411233
0.41136
0.428344
0.427054
0.509339
0.51324
0.512859
0.481775
0.476113
0.482172
0.475641
0.512015
0.508746
0.512239
0.481201
0.474845
0.475086
0.480956
0.518782
0.502408
0.516431
0.502167
0.51615
0.490259
0.490581
0.424831
0.416625
0.424941
0.426182
0.413
0.413116
0.42603
0.514701
0.516614
0.501329
0.500844
0.514032
0.489681
0.490338
0.42787
0.420614
0.427754
0.429969
0.419403
0.430196
0.418863
0.506899
0.509094
0.509478
0.480899
0.476112
0.480666
0.476226
0.432517
0.419291
0.434928
0.418465
0.418433
0.434724
0.432774
0.51196
0.508282
0.511125
0.482169
0.477902
0.477182
0.482896
0.514355
0.498565
0.511756
0.498851
0.5121
0.488076
0.487774
0.42875
0.421122
0.428621
0.430557
0.419021
0.418906
0.430791
0.552349
0.554148
0.536816
0.53696
0.552521
0.525658
0.525465
0.456798
0.447875
0.456804
0.459135
0.445173
0.459184
0.445089
0.460962
0.444529
0.463188
0.443702
0.443868
0.463412
0.460766
0.548725
0.551054
0.550924
0.518583
0.513803
0.518734
0.51361
0.550199
0.548228
0.550418
0.518112
0.51288
0.513138
0.517884
0.554687
0.537522
0.553127
0.53744
0.553038
0.526127
0.526243
0.456259
0.44748
0.456372
0.458702
0.444571
0.444706
0.458542
0.544169
0.545859
0.529037
0.528803
0.543758
0.517168
0.51755
0.447221
0.438828
0.447477
0.449437
0.435353
0.448917
0.435839
0.536203
0.538024
0.538951
0.507218
0.500716
0.506341
0.501799
0.452866
0.43634
0.45535
0.436407
0.436067
0.45484
0.453238
0.541724
0.538362
0.541122
0.509203
0.504425
0.503758
0.509729
0.543546
0.526249
0.540871
0.526627
0.541538
0.515117
0.514472
0.449226
0.440356
0.449135
0.451053
0.437487
0.437263
0.451285
0.5672
0.568011
0.550568
0.550606
0.567266
0.540025
0.539968
0.468418
0.459426
0.468482
0.471578
0.457247
0.471516
0.45729
0.474636
0.45855
0.477943
0.457041
0.457109
0.478033
0.474549
0.565352
0.566302
0.566333
0.533478
0.529497
0.53345
0.529522
0.566146
0.56523
0.566229
0.533377
0.529315
0.529408
0.533302
0.568083
0.550653
0.567318
0.550677
0.567353
0.54011
0.540082
0.468358
0.459377
0.468429
0.471514
0.457173
0.457234
0.471433
0.564622
0.565842
0.548539
0.548518
0.56455
0.537508
0.537565
0.466317
0.45733
0.466322
0.469043
0.454867
0.468983
0.454893
0.560358
0.561983
0.562213
0.529761
0.524931
0.529591
0.525164
0.472215
0.455982
0.475283
0.454908
0.454864
0.475194
0.472255
0.562971
0.561055
0.562827
0.530342
0.525964
0.525808
0.530446
0.565357
0.547992
0.563848
0.548038
0.564006
0.536983
0.536875
0.46668
0.457706
0.466717
0.469475
0.455301
0.455291
0.469471
0.559686
0.561157
0.543944
0.543846
0.559537
0.532534
0.532687
0.46096
0.45234
0.461209
0.463686
0.449315
0.463255
0.44973
0.46737
0.450904
0.470172
0.45021
0.450099
0.469988
0.467491
0.553583
0.555037
0.555684
0.523415
0.517762
0.522771
0.518561
0.557685
0.555323
0.557465
0.525033
0.5204
0.52014
0.525239
0.559241
0.54177
0.557232
0.542054
0.557697
0.530849
0.530374
0.46251
0.453516
0.462508
0.464964
0.450886
0.450823
0.465024
0.56133
0.562937
0.545578
0.545651
0.561423
0.534444
0.534343
0.464426
0.45535
0.464354
0.46695
0.452933
0.467057
0.452787
0.557697
0.559862
0.559737
0.527318
0.522769
0.527481
0.52256
0.469284
0.452949
0.471904
0.451924
0.452018
0.472033
0.469168
0.559317
0.557372
0.559437
0.527045
0.522113
0.522259
0.526922
0.563198
0.545957
0.561774
0.545871
0.5617
0.534688
0.53481
0.464103
0.455197
0.464182
0.466755
0.452543
0.452621
0.466655
0.524004
0.525987
0.509765
0.509291
0.523218
0.497208
0.49796
0.429026
0.42123
0.429501
0.430838
0.417035
0.430012
0.417845
0.434187
0.417692
0.436293
0.418796
0.418096
0.435321
0.434949
0.513512
0.515741
0.516936
0.485931
0.478476
0.484731
0.47989
0.520916
0.51629
0.519846
0.488636
0.483659
0.482472
0.48962
0.522596
0.505506
0.519212
0.506099
0.520111
0.494313
0.493378
0.432229
0.423505
0.431969
0.433159
0.420395
0.419894
0.433685
0.536011
0.538515
0.521377
0.521624
0.536338
0.509953
0.509605
0.443501
0.434657
0.443379
0.445154
0.431707
0.445364
0.431457
0.531392
0.534677
0.534339
0.502575
0.497414
0.502932
0.496975
0.446187
0.429736
0.447555
0.429328
0.429615
0.447959
0.445846
0.533125
0.53061
0.533558
0.50187
0.495771
0.496263
0.501446
0.539344
0.522548
0.537367
0.522343
0.537132
0.510653
0.510935
0.442605
0.434108
0.442771
0.444549
0.43071
0.430933
0.444285
0.678267
0.672677
0.658339
0.669804
0.690684
0.679988
0.65884
0.693471
0.670072
0.675762
0.697264
0.720376
0.688902
0.726908
0.670984
0.68434
0.660315
0.632805
0.662625
0.698732
0.639404
0.795739
0.777575
0.762384
0.75266
0.814887
0.789123
0.772032
0.74281
0.74886
0.774776
0.733897
0.750566
0.739124
0.766336
0.679598
0.720509
0.704711
0.695519
0.678547
0.715087
0.666105
0.606414
0.616257
0.619593
0.64443
0.616334
0.639023
0.621099
0.512242
0.51318
0.498525
0.497858
0.511073
0.487538
0.489084
0.427051
0.420596
0.427379
0.429961
0.418901
0.429372
0.419562
0.505269
0.507455
0.507612
0.479371
0.474527
0.47903
0.475193
0.435757
0.427077
0.444261
0.428715
0.424124
0.439452
0.439549
0.510554
0.506775
0.508784
0.481097
0.480769
0.477434
0.483546
0.512386
0.496848
0.51009
0.49679
0.510136
0.486204
0.486105
0.43126
0.423354
0.429824
0.432612
0.425986
0.422751
0.435292
0.396718
0.317109
0.329054
0.311869
0.325711
0.303367
0.343191
0.426657
0.36024
0.344116
0.324434
0.382721
0.351352
0.339377
0.507383
0.566444
0.527504
0.478002
0.45209
0.468248
0.458563
0.442746
0.51741
0.448917
0.435198
0.46969
0.44165
0.468403
0.372804
0.425282
0.39894
0.37798
0.393328
0.370781
0.395625
0.603286
0.667194
0.631445
0.594289
0.57942
0.564789
0.613884
0.641294
0.61088
0.618178
0.61797
0.615815
0.623935
0.614979
0.410552
0.395003
0.398092
0.409086
0.417521
0.414367
0.394402
0.389102
0.387715
0.397506
0.401561
0.370427
0.385571
0.38527
0.557934
0.533236
0.532267
0.56442
0.570846
0.571776
0.526523
0.460558
0.489221
0.457081
0.43708
0.442476
0.429334
0.451636
0.30525
0.303744
0.294492
0.289156
0.306055
0.294374
0.293938
0.3653
0.312302
0.320461
0.306553
0.319448
0.300106
0.333562
0.390297
0.335778
0.329096
0.315229
0.362204
0.340744
0.322628
0.518112
0.592024
0.548783
0.477378
0.456923
0.465925
0.471825
0.446971
0.457032
0.450779
0.437913
0.438942
0.43621
0.441895
0.374821
0.434745
0.382775
0.407001
0.396128
0.379766
0.391413
0.425245
0.429262
0.448667
0.421864
0.402214
0.417438
0.408008
0.764184
0.836084
0.782257
0.65516
0.651605
0.631184
0.680653
0.621582
0.600316
0.60128
0.589646
0.603451
0.588754
0.610053
0.5666
0.576593
0.620706
0.592088
0.599225
0.561376
0.584152
0.492003
0.496615
0.499463
0.51379
0.496356
0.500317
0.510131
0.582801
0.561097
0.575361
0.558389
0.546363
0.541992
0.56707
0.633852
0.616924
0.609062
0.594173
0.638548
0.623196
0.603889
0.563543
0.545924
0.558804
0.552126
0.569082
0.553018
0.541425
0.552394
0.534444
0.537539
0.550566
0.572367
0.575984
0.546492
0.51807
0.520891
0.50522
0.506698
0.520737
0.499444
0.496389
0.456438
0.454975
0.455894
0.441161
0.450481
0.447712
0.463775
0.462867
0.452395
0.457277
0.463127
0.467736
0.473171
0.456226
0.531952
0.539837
0.530576
0.507647
0.522576
0.518684
0.508625
0.516829
0.521302
0.520709
0.496232
0.489718
0.491582
0.496018
0.530527
0.521194
0.536873
0.51708
0.530217
0.510074
0.517862
0.441997
0.438849
0.44416
0.44999
0.43786
0.445911
0.44223
0.527045
0.530113
0.512965
0.513395
0.527743
0.501613
0.500936
0.4384
0.422047
0.438959
0.421565
0.437691
0.422189
0.439837
0.436908
0.42822
0.436796
0.438265
0.425078
0.438524
0.424805
0.522942
0.526723
0.526196
0.494691
0.489414
0.495201
0.488787
0.523794
0.521489
0.524724
0.493322
0.486403
0.492453
0.487437
0.531736
0.515161
0.529647
0.514895
0.529267
0.503021
0.503416
0.435282
0.427055
0.435547
0.437061
0.423279
0.436552
0.423723
0.534649
0.536647
0.520021
0.519738
0.53428
0.507941
0.508348
0.44424
0.42775
0.446394
0.428177
0.444659
0.427757
0.445859
0.439561
0.431336
0.439866
0.441534
0.427629
0.441011
0.428127
0.526698
0.528998
0.529772
0.498293
0.491631
0.497505
0.492564
0.531841
0.528214
0.531329
0.499725
0.494596
0.500244
0.493973
0.534903
0.517739
0.532073
0.518141
0.53265
0.506451
0.505834
0.441298
0.43249
0.441126
0.442753
0.429515
0.443051
0.429198
0.559716
0.56129
0.543953
0.543963
0.559719
0.532674
0.532679
0.467395
0.450878
0.470134
0.450157
0.467463
0.450053
0.470046
0.461857
0.452982
0.461925
0.464428
0.450326
0.464353
0.45036
0.554685
0.556651
0.556779
0.524389
0.519454
0.524313
0.519552
0.557699
0.55557
0.557683
0.525193
0.520371
0.52522
0.520323
0.560318
0.54302
0.55869
0.543032
0.558785
0.531816
0.53177
0.462505
0.45344
0.462461
0.464955
0.450849
0.465008
0.45076
0.560612
0.56213
0.544901
0.544817
0.560566
0.533573
0.533677
0.468417
0.452043
0.471253
0.451309
0.468532
0.451164
0.471108
0.463009
0.454167
0.463111
0.46563
0.451435
0.465488
0.451559
0.555947
0.55788
0.558062
0.525718
0.52064
0.525521
0.520871
0.558607
0.556411
0.558529
0.526128
0.521435
0.526253
0.521288
0.561641
0.544283
0.559951
0.544394
0.560089
0.533161
0.533002
0.463479
0.454433
0.463415
0.465941
0.451937
0.466028
0.451815
0.566892
0.567677
0.550313
0.550261
0.566861
0.539622
0.539697
0.474233
0.458124
0.477698
0.456848
0.474331
0.456727
0.477573
0.467952
0.459
0.468035
0.471045
0.456711
0.470936
0.456798
0.564317
0.565292
0.565463
0.532667
0.528389
0.532524
0.528574
0.565811
0.564651
0.565742
0.532905
0.528994
0.533008
0.528862
0.567485
0.55004
0.566512
0.550098
0.566629
0.539425
0.539325
0.468181
0.459075
0.468123
0.471162
0.456998
0.471237
0.456893
0.565008
0.566232
0.548858
0.548863
0.565125
0.537992
0.537949
0.472701
0.456536
0.475759
0.45532
0.472673
0.455305
0.475816
0.467148
0.458164
0.467189
0.470095
0.455878
0.470085
0.455874
0.562667
0.564195
0.564055
0.531384
0.527269
0.531479
0.527117
0.563455
0.562137
0.56364
0.530998
0.52651
0.530907
0.526652
0.566461
0.549114
0.565503
0.549104
0.565436
0.538301
0.538348
0.467002
0.457955
0.466975
0.469837
0.45567
0.469837
0.455629
0.551285
0.552828
0.535761
0.535604
0.551119
0.524248
0.524464
0.459575
0.443088
0.462231
0.442732
0.459796
0.442498
0.461946
0.454088
0.445486
0.4543
0.456564
0.442356
0.456209
0.442691
0.545552
0.547258
0.547797
0.515611
0.509917
0.515068
0.510574
0.549186
0.546685
0.548943
0.516644
0.511931
0.516915
0.511605
0.5516
0.534229
0.549549
0.534491
0.54994
0.52319
0.522776
0.455231
0.446239
0.455132
0.45739
0.443586
0.457548
0.443402
0.5459
0.548037
0.530756
0.530938
0.546227
0.519508
0.519211
0.455132
0.438683
0.456948
0.437999
0.454843
0.43823
0.457323
0.451576
0.442726
0.451567
0.453698
0.43989
0.453775
0.439792
0.542238
0.544866
0.544633
0.512445
0.507566
0.51267
0.507272
0.543444
0.541467
0.543904
0.51177
0.506074
0.511373
0.506567
0.54873
0.531684
0.547078
0.531574
0.546926
0.520152
0.520318
0.450904
0.442179
0.450986
0.453108
0.439107
0.452915
0.439252
0.514282
0.516856
0.500337
0.500187
0.514286
0.488325
0.488436
0.425927
0.409468
0.427071
0.410044
0.425967
0.409913
0.427041
0.424009
0.415521
0.423895
0.425181
0.412311
0.425457
0.41201
0.507884
0.511612
0.511309
0.48022
0.474617
0.480489
0.474171
0.511028
0.507563
0.511041
0.479882
0.473827
0.479955
0.473791
0.517082
0.500489
0.514717
0.500546
0.514521
0.488654
0.48875
0.423671
0.415244
0.423633
0.424882
0.411828
0.424923
0.411704
0.515359
0.518243
0.501668
0.501996
0.515789
0.490479
0.490158
0.43002
0.414429
0.432545
0.415268
0.430576
0.414266
0.431745
0.425217
0.417054
0.425428
0.427065
0.413594
0.426694
0.413921
0.509422
0.512379
0.512591
0.481766
0.475702
0.481513
0.476125
0.512318
0.509715
0.512803
0.482515
0.476974
0.482309
0.477012
0.518045
0.501491
0.515464
0.501439
0.515611
0.489835
0.489744
0.426917
0.418497
0.426759
0.428446
0.416125
0.42878
0.415484
0.620385
0.533757
0.582904
0.590863
0.545982
0.610004
0.528568
0.514907
0.50096
0.51747
0.500824
0.51494
0.489013
0.489095
0.426612
0.410237
0.42776
0.410724
0.426613
0.410629
0.427782
0.416231
0.424725
0.424585
0.425913
0.413127
0.426237
0.41277
0.508727
0.512448
0.512101
0.481058
0.475576
0.481382
0.475061
0.511688
0.508314
0.511742
0.48062
0.47456
0.480651
0.474579
0.424249
0.415856
0.424225
0.425518
0.412468
0.425532
0.412368
0.517794
0.501249
0.515496
0.501288
0.515268
0.489443
0.489577
0.516172
0.502514
0.519024
0.502844
0.51661
0.491403
0.491087
0.431056
0.415661
0.433714
0.416468
0.43165
0.415402
0.432868
0.417952
0.426066
0.426288
0.427987
0.414547
0.427594
0.414904
0.510378
0.513278
0.513486
0.482761
0.476745
0.482492
0.477191
0.513188
0.510656
0.51368
0.483514
0.478071
0.483322
0.478089
0.427831
0.419447
0.427658
0.429406
0.417214
0.429768
0.416526
0.518849
0.502346
0.516312
0.502294
0.516454
0.49076
0.490661
0.551256
0.535738
0.552798
0.535578
0.551086
0.524221
0.524441
0.459547
0.443064
0.462204
0.442715
0.459771
0.442476
0.461914
0.445466
0.454062
0.454276
0.456538
0.442334
0.45618
0.442671
0.545514
0.547219
0.547761
0.515582
0.509882
0.515036
0.510542
0.549155
0.546645
0.548907
0.516615
0.511904
0.51689
0.511572
0.45521
0.446221
0.455109
0.457364
0.443569
0.457525
0.443382
0.551569
0.534199
0.549513
0.534465
0.549907
0.523163
0.522746
0.54589
0.530754
0.548034
0.53094
0.546222
0.519509
0.519208
0.455127
0.438687
0.456938
0.438001
0.454834
0.438235
0.457317
0.442731
0.451578
0.451569
0.453698
0.439899
0.453777
0.439797
0.542228
0.54486
0.544625
0.512445
0.507566
0.512672
0.50727
0.54343
0.541458
0.543897
0.511769
0.506065
0.511367
0.506563
0.4509
0.442183
0.450984
0.453104
0.439109
0.452909
0.439257
0.548724
0.531686
0.547073
0.531574
0.54692
0.520154
0.520321
0.566888
0.55031
0.567674
0.550257
0.566857
0.539617
0.539694
0.474226
0.458117
0.477691
0.456841
0.474324
0.45672
0.477565
0.458991
0.467942
0.468026
0.471035
0.456699
0.470924
0.456788
0.564306
0.565279
0.565453
0.532657
0.528374
0.532511
0.528563
0.565807
0.564645
0.565736
0.5329
0.528988
0.533004
0.528855
0.468176
0.45907
0.468118
0.471157
0.456992
0.471232
0.456887
0.567476
0.550031
0.566501
0.550091
0.566621
0.539417
0.539314
0.564995
0.548846
0.566222
0.548853
0.565113
0.537981
0.537935
0.472685
0.456518
0.475739
0.455302
0.472655
0.455289
0.475798
0.458149
0.467132
0.467173
0.470078
0.455862
0.470069
0.455858
0.562647
0.564178
0.564036
0.531366
0.527251
0.531462
0.527097
0.56344
0.562122
0.563627
0.530984
0.526492
0.530892
0.526637
0.466988
0.457941
0.466962
0.469822
0.455654
0.469821
0.455614
0.566445
0.5491
0.565487
0.549087
0.565419
0.538284
0.538332
0.559719
0.543952
0.561289
0.543962
0.55972
0.532674
0.532681
0.467401
0.450884
0.470145
0.450163
0.467472
0.450057
0.470054
0.452979
0.461854
0.461922
0.464426
0.450324
0.464352
0.450358
0.554677
0.556644
0.55677
0.52438
0.519449
0.524305
0.519544
0.557705
0.555575
0.557685
0.525196
0.520379
0.525225
0.520328
0.462508
0.453441
0.462463
0.464959
0.450852
0.465013
0.450762
0.560308
0.543009
0.558681
0.54302
0.558775
0.531807
0.531761
0.560632
0.544918
0.562149
0.544835
0.560587
0.533592
0.533695
0.468439
0.452065
0.471276
0.451327
0.468553
0.451184
0.471132
0.454183
0.463028
0.463129
0.46565
0.451454
0.465508
0.451577
0.55597
0.557902
0.558083
0.525738
0.520664
0.525542
0.520894
0.558628
0.556436
0.558552
0.526149
0.521457
0.526273
0.521311
0.463497
0.45445
0.463433
0.465961
0.451955
0.466047
0.451833
0.561659
0.5443
0.559972
0.54441
0.560109
0.533179
0.533021
0.52689
0.5128
0.529959
0.513225
0.527584
0.501431
0.500759
0.438225
0.421837
0.43877
0.42136
0.437513
0.421991
0.439652
0.428049
0.436747
0.436638
0.438103
0.424893
0.438358
0.424623
0.522782
0.526563
0.526042
0.494513
0.489228
0.49502
0.488604
0.523633
0.521318
0.524559
0.493134
0.486209
0.492268
0.487243
0.435121
0.426881
0.435384
0.436894
0.423088
0.436384
0.423536
0.531589
0.514997
0.529493
0.514735
0.529117
0.502852
0.503242
0.534567
0.51993
0.53657
0.519649
0.534201
0.507845
0.508249
0.444143
0.427629
0.44629
0.428059
0.44456
0.427643
0.445757
0.431221
0.439455
0.439761
0.441427
0.427503
0.440901
0.428005
0.526588
0.528889
0.529666
0.498171
0.491499
0.497379
0.492439
0.531755
0.528128
0.531246
0.499625
0.49449
0.500141
0.493869
0.441206
0.432389
0.441036
0.442659
0.429404
0.442956
0.429089
0.534802
0.517629
0.531969
0.518029
0.532547
0.506333
0.505715
0.61482
0.594492
0.596151
0.583962
0.598195
0.580863
0.600252
0.553436
0.564318
0.607032
0.580618
0.58455
0.548325
0.570046
0.489112
0.486053
0.492481
0.504976
0.488597
0.493329
0.500489
0.575175
0.5564
0.569232
0.549917
0.538396
0.535494
0.556789
0.625063
0.608196
0.602137
0.583917
0.62465
0.61071
0.591694
0.541543
0.524321
0.528061
0.539267
0.559515
0.562718
0.534447
0.559862
0.542004
0.555076
0.547458
0.564328
0.546498
0.536317
0.516455
0.503515
0.519318
0.504772
0.518808
0.496916
0.4943
0.452507
0.449552
0.452234
0.437505
0.447366
0.443151
0.459075
0.448326
0.458523
0.453545
0.458783
0.46167
0.467769
0.451304
0.528108
0.535872
0.527438
0.503498
0.516152
0.513417
0.503594
0.514899
0.518326
0.518302
0.49305
0.486682
0.48905
0.492129
0.43965
0.435912
0.441506
0.44675
0.434771
0.443241
0.438504
0.528317
0.518088
0.533711
0.514404
0.527644
0.506722
0.513711
0.802123
0.783174
0.755201
0.863022
0.757963
0.795295
0.859342
1.19135
1.49206
1.48798
1.20241
1.26083
1.28752
1.54226
0.728429
0.576752
0.749258
0.741013
0.545816
0.566237
0.712741
1.11511
1.21883
1.49613
1.66853
1.05115
1.35092
1.16636
2.0919
1.77778
1.54381
2.37256
2.19432
1.80377
2.16149
1.62473
1.24028
0.80577
1.35803
1.1932
1.73731
1.2391
0.547708
0.968684
0.873104
0.581493
0.529222
0.556205
0.9369
0.746481
0.422737
0.445902
0.453024
0.632105
0.429437
0.774878
1.13985
1.24669
1.34289
1.16657
1.1559
1.19058
1.31762
0.769092
0.669079
0.878261
0.877934
0.589717
0.722067
0.72541
0.927463
0.93051
1.01963
1.16212
0.90052
1.0369
1.03399
0.68313
0.849522
0.957935
0.684931
0.712404
0.71026
0.926461
0.694548
0.564971
0.618345
0.642847
0.678511
0.590199
0.736546
1.00213
0.89098
1.00634
1.02334
0.949641
0.923186
1.02702
1.0771
1.0224
1.0227
1.17233
0.982931
1.09242
1.1342
0.743904
0.8097
0.733902
0.886059
1.03614
0.984125
0.984847
0.880543
0.885841
1.03682
1.0044
0.916458
0.919342
1.06821
0.912172
1.06233
1.00639
0.80337
0.731651
0.733984
0.930803
0.904278
1.02327
0.944359
0.962217
0.905445
0.961117
0.827798
0.798221
0.808469
0.779083
0.784288
0.803793
0.828122
0.703368
0.749934
0.691409
0.858647
0.878707
0.766504
0.759409
0.766732
0.855184
0.881586
0.937423
0.830499
0.974176
0.757217
0.793173
0.968948
0.942818
1.0582
1.05044
1.22808
1.12944
1.10535
1.16718
1.07326
0.916061
0.896238
0.76113
0.746521
0.768257
0.89651
0.913995
0.515299
0.492472
0.559351
0.478141
0.466955
0.535621
0.527088
0.558434
0.552527
0.580194
0.492549
0.507991
0.604455
0.54195
1.03101
0.69917
0.705616
0.762407
1.09911
0.755726
1.10458
1.01224
0.692202
0.684415
0.740027
1.09325
0.74811
1.08794
0.955878
0.828069
0.912118
0.914522
0.888421
0.839204
0.961709
1.373
0.963367
0.998267
1.00703
1.35866
0.96968
1.38611
0.770287
0.8202
0.854277
0.855227
0.743056
0.781309
0.818767
1.31397
0.910225
0.87553
0.879215
1.32967
0.914657
1.30686
0.687028
0.621429
0.70718
0.703051
0.605338
0.626996
0.681628
0.770963
0.653733
0.739129
0.735708
0.694274
0.769418
0.660401
0.943018
0.606983
0.593927
0.637763
1.022
1.01497
0.651752
0.966218
0.61894
0.63129
0.679146
1.02948
1.03669
0.665635
0.630493
0.545366
0.630882
0.621133
0.541536
0.542309
0.620619
1.28122
0.757751
0.754665
0.751037
1.25103
1.24942
0.754488
0.546887
0.634545
0.632151
0.623016
0.547609
0.544384
0.625713
1.28591
0.762601
0.769719
0.768046
1.2556
1.25852
0.760434
0.667482
0.569703
0.654445
0.64792
0.584657
0.661587
0.570732
0.638669
0.559599
0.644527
0.637038
0.552772
0.6306
0.559494
1.03492
0.722309
0.718135
0.77658
1.10532
0.780716
1.1059
1.04089
0.727359
0.734327
0.792699
1.10532
0.785968
1.10611
0.637164
0.549746
0.636469
0.624665
0.545504
0.544877
0.625496
1.21677
0.760452
0.760891
0.749414
1.17062
0.748618
1.17393
0.549127
0.635505
0.635768
0.62396
0.544013
0.544272
0.623629
0.63712
0.549344
0.636352
0.624605
0.54535
0.544604
0.625509
1.21861
0.759866
0.759166
0.745886
1.17058
0.747348
1.17221
0.548916
0.635407
0.635822
0.624004
0.543846
0.544114
0.623556
0.630978
0.545864
0.63158
0.621302
0.541701
0.542111
0.620703
1.26018
0.754508
0.753689
0.745829
1.2169
1.22288
0.745418
0.547279
0.634331
0.633077
0.622402
0.544322
0.543264
0.623586
1.24428
0.756274
0.757471
0.745567
1.20873
1.20262
0.745426
0.637692
0.550906
0.637863
0.626485
0.546068
0.626161
0.546419
0.636075
0.550652
0.637227
0.625992
0.545551
0.625008
0.546258
1.09232
0.800277
0.800907
0.859876
1.1373
1.14115
0.858938
1.07412
0.791452
0.782364
0.841217
1.13101
1.12551
0.850435
1.03707
0.730329
0.731071
0.789177
1.09595
0.788047
1.09724
1.03348
0.727218
0.726252
0.783582
1.09382
0.784862
1.09342
0.639649
0.554421
0.641786
0.630166
0.547739
0.549587
0.627862
1.22859
0.76557
0.76469
0.751797
1.17729
0.751714
1.18281
0.557195
0.646986
0.644893
0.633169
0.55417
0.552292
0.635447
1.21367
0.767006
0.767559
0.751799
1.17117
0.752096
1.16346
0.654118
0.564524
0.653187
0.641669
0.560817
0.559861
0.642759
0.649763
0.562963
0.651486
0.640013
0.556698
0.638123
0.558299
1.05116
0.715034
0.731029
0.789224
1.10589
1.11619
0.773027
1.02612
0.703895
0.705775
0.763531
1.09598
1.09237
0.76243
0.663699
0.573811
0.663099
0.651827
0.57013
0.569507
0.652561
1.20223
0.773963
0.774259
0.755026
1.14316
1.14154
0.754927
0.57294
0.661408
0.662158
0.650888
0.567878
0.568621
0.650032
1.20637
0.772572
0.772042
0.753553
1.14527
1.14741
0.753845
0.65618
0.568562
0.657477
0.64611
0.562796
0.64469
0.564072
0.660038
0.570156
0.659175
0.647741
0.566565
0.648722
0.565656
1.06179
0.735734
0.74568
0.803543
1.10957
0.790503
1.12027
1.02669
0.724192
0.719539
0.76968
1.0923
0.774768
1.08474
0.68746
0.593779
0.687463
0.677175
0.590353
0.590155
0.677215
1.2528
0.796867
0.796876
0.777314
1.19112
0.777423
1.1894
0.593267
0.686746
0.68699
0.676791
0.589338
0.589672
0.676506
0.683069
0.590389
0.684089
0.673973
0.585736
0.586713
0.672857
1.25607
0.795118
0.795037
0.776017
1.1919
0.77593
1.19384
0.591627
0.685732
0.685428
0.675245
0.588373
0.58794
0.675602
0.667016
0.579072
0.669153
0.65815
0.573149
0.574902
0.655801
1.21927
0.782884
0.783891
0.765314
1.18646
1.15786
0.76421
0.581536
0.67439
0.672227
0.661287
0.578799
0.577421
0.663775
1.25779
0.78587
0.786686
0.768831
1.19778
1.19588
0.768379
0.680588
0.586771
0.680051
0.669855
0.583484
0.670483
0.582975
0.677259
0.585784
0.678742
0.668486
0.580907
0.666816
0.581925
1.03992
0.728124
0.728821
0.781161
1.0972
1.09828
0.780023
1.03367
0.723912
0.723202
0.774364
1.0932
1.09222
0.77549
1.07388
0.757712
0.756924
0.816021
1.12749
0.816353
1.12773
1.0696
0.753444
0.753916
0.811554
1.12305
0.811397
1.12351
0.691276
0.59867
0.692542
0.682211
0.593889
0.595121
0.680796
1.25039
0.806517
0.806356
0.785862
1.18391
0.78585
1.1862
0.600521
0.694899
0.694531
0.684087
0.597387
0.596931
0.684519
1.24294
0.807429
0.807026
0.786083
1.18048
0.786614
1.17796
0.693072
0.599902
0.693629
0.683097
0.59602
0.596372
0.682493
0.694916
0.600834
0.694713
0.684228
0.597421
0.684456
0.597312
1.05544
0.74096
0.741302
0.795779
1.1124
1.11267
0.795771
1.05704
0.743387
0.743187
0.798673
1.11387
1.11358
0.798562
0.696571
0.602908
0.696389
0.685815
0.599745
0.599483
0.686035
1.23112
0.810768
0.8108
0.789581
1.16571
1.16486
0.789506
0.6025
0.695806
0.695959
0.685331
0.598819
0.599028
0.685134
1.23415
0.809367
0.809485
0.788267
1.1671
1.16838
0.788142
0.694324
0.60102
0.694576
0.683932
0.597171
0.683637
0.597474
0.695081
0.60154
0.69511
0.684431
0.598093
0.684433
0.597992
1.05952
0.741972
0.729067
0.790229
1.13893
0.804858
1.12295
1.04449
0.697525
0.712592
0.763961
1.11409
0.757455
1.10858
0.714343
0.614382
0.714413
0.707316
0.611844
0.611888
0.707227
1.39222
0.825319
0.825335
0.829402
1.36221
0.82938
1.36354
0.614216
0.71403
0.714218
0.707073
0.61152
0.611687
0.706864
0.711686
0.612851
0.712425
0.704932
0.609703
0.610138
0.704054
1.37226
0.824544
0.824612
0.828458
1.34468
0.828239
1.34713
0.613389
0.713396
0.713211
0.705919
0.610948
0.610779
0.706108
0.699406
0.606116
0.700217
0.68989
0.602281
0.60286
0.689003
1.24252
0.815717
0.816185
0.795474
1.19464
1.18041
0.79469
0.607129
0.702664
0.701764
0.691699
0.604481
0.604015
0.692728
1.30548
0.81056
0.809993
0.794558
1.24779
1.25626
0.793836
0.709358
0.610276
0.708178
0.699757
0.607943
0.701342
0.607441
0.70465
0.609288
0.706158
0.697163
0.605664
0.695256
0.606289
0.990289
0.646059
0.645054
0.687405
1.05046
1.0517
0.688186
0.983193
0.647059
0.651798
0.693222
1.0419
1.04492
0.688728
1.05934
0.741792
0.728921
0.790069
1.13873
0.804652
1.12279
1.04428
0.697395
0.71242
0.763773
1.1139
0.757302
1.10839
0.714352
0.614388
0.714419
0.707322
0.611851
0.611894
0.707235
1.39201
0.825324
0.825347
0.829418
1.36205
0.829389
1.36338
0.61422
0.714033
0.714223
0.707079
0.611525
0.611691
0.706868
1.37208
0.824559
0.824623
0.828473
1.34455
0.82826
1.347
0.711701
0.612864
0.712439
0.704948
0.60972
0.610152
0.704071
0.713404
0.613395
0.713216
0.705925
0.610955
0.706116
0.610785
0.990077
0.645914
0.644904
0.687248
1.05026
1.05149
0.688033
0.983001
0.64692
0.651662
0.693079
1.04172
1.04474
0.688581
0.699457
0.606151
0.700254
0.689929
0.602331
0.602897
0.689059
1.24242
0.815714
0.816193
0.795477
1.19456
1.18035
0.794677
0.607153
0.702687
0.701788
0.691727
0.604503
0.604042
0.692754
1.30533
0.81056
0.810007
0.794578
1.24764
1.25616
0.793828
0.709384
0.610298
0.7082
0.699781
0.607967
0.701371
0.607464
0.704666
0.609306
0.706178
0.697185
0.605684
0.695275
0.606308
1.07404
0.757818
0.757021
0.81612
1.12766
0.81646
1.12791
1.06978
0.75356
0.75404
0.811678
1.12323
0.811511
1.12369
0.691369
0.598747
0.692636
0.682312
0.593979
0.595204
0.680896
1.25045
0.806516
0.806356
0.785852
1.18391
0.785838
1.1862
0.60058
0.694944
0.694592
0.684159
0.597435
0.596997
0.684571
0.693066
0.599895
0.693618
0.68309
0.596018
0.596368
0.68249
1.24295
0.807401
0.807006
0.786052
1.18042
0.786575
1.17794
0.600843
0.694932
0.694723
0.684243
0.597441
0.597324
0.684478
0.696602
0.60294
0.696422
0.685852
0.599777
0.599517
0.686069
1.23132
0.810782
0.81082
0.789598
1.16585
1.16502
0.789516
0.602533
0.695843
0.695995
0.68537
0.598858
0.599064
0.685175
1.23433
0.809378
0.809491
0.788267
1.16726
1.1685
0.788149
0.694355
0.601049
0.694607
0.683968
0.597203
0.683673
0.597507
0.695112
0.60157
0.695141
0.684467
0.598124
0.684467
0.598026
1.05546
0.740963
0.741313
0.795777
1.11241
1.11268
0.795762
1.05704
0.743371
0.743175
0.798651
1.11384
1.11357
0.798534
1.06167
0.735647
0.745598
0.803418
1.10938
0.790368
1.1201
1.02657
0.724102
0.719447
0.769553
1.09211
0.774637
1.08458
0.68748
0.593805
0.687491
0.677211
0.590378
0.590187
0.677242
1.25273
0.796853
0.796868
0.777286
1.19097
0.777389
1.18928
0.593308
0.686798
0.687035
0.676843
0.58939
0.589718
0.676566
1.25597
0.795101
0.795021
0.775979
1.19174
0.775894
1.19368
0.683133
0.590441
0.68415
0.674043
0.585797
0.586771
0.67293
0.68578
0.591679
0.685487
0.675313
0.588423
0.675659
0.587999
1.03981
0.728025
0.728731
0.781054
1.09706
1.09816
0.779905
1.03352
0.723799
0.723088
0.774225
1.09304
1.09205
0.775353
0.667053
0.579114
0.669205
0.658208
0.573185
0.574948
0.655841
1.21915
0.782813
0.783843
0.765218
1.18621
1.15758
0.764089
0.581584
0.674431
0.672284
0.661354
0.578838
0.577475
0.663827
1.25771
0.785809
0.786618
0.768735
1.19755
1.19572
0.768285
0.680611
0.586796
0.680081
0.669895
0.583508
0.670514
0.583005
0.677301
0.585803
0.678763
0.668519
0.580947
0.666871
0.581951
1.03693
0.730265
0.731003
0.789056
1.09566
0.787927
1.09698
1.03328
0.727135
0.726168
0.783435
1.09348
0.784718
1.09306
0.639286
0.554147
0.641492
0.629865
0.547398
0.549303
0.627484
1.2277
0.7651
0.764178
0.75109
1.17585
0.751068
1.18123
0.556996
0.646785
0.644676
0.632951
0.553976
0.552084
0.635248
0.653952
0.564377
0.65303
0.641517
0.560661
0.559713
0.642597
1.21302
0.766594
0.767167
0.751264
1.16991
0.751525
1.16233
0.562807
0.649604
0.651323
0.639853
0.556543
0.558141
0.637965
0.663648
0.573764
0.663049
0.651781
0.570087
0.569461
0.652515
1.20198
0.773764
0.774067
0.754771
1.14261
1.14104
0.754658
0.572883
0.661348
0.662096
0.65083
0.567822
0.568566
0.649976
1.20599
0.772344
0.771803
0.753229
1.14464
1.14672
0.753541
0.656064
0.568464
0.657374
0.64601
0.562688
0.644578
0.563973
0.659958
0.570082
0.659096
0.647666
0.56649
0.648646
0.565582
1.05072
0.714903
0.730896
0.78897
1.10518
1.1154
0.772792
1.0258
0.70377
0.705645
0.763324
1.09536
1.09181
0.762214
1.03422
0.722427
0.71828
0.776549
1.10347
0.780651
1.10404
1.04016
0.727457
0.734391
0.792568
1.10351
0.785877
1.10432
0.636659
0.549249
0.635914
0.624091
0.545032
0.544356
0.62498
1.21519
0.759379
0.759897
0.748193
1.16794
0.74732
1.17139
0.548552
0.634791
0.635125
0.623296
0.543343
0.54367
0.622887
1.21668
0.758682
0.75789
0.744383
1.16773
0.745948
1.1692
0.636103
0.548459
0.635381
0.623593
0.544365
0.543668
0.624453
0.634588
0.548117
0.634932
0.623077
0.543073
0.622705
0.54327
1.09164
0.800152
0.800753
0.859547
1.13594
1.13986
0.858631
1.07339
0.791339
0.782288
0.840951
1.12957
1.12399
0.850142
0.629896
0.54487
0.630539
0.620177
0.540542
0.541014
0.619531
1.25749
0.752867
0.751994
0.743526
1.21238
1.21826
0.743187
0.54636
0.633374
0.632111
0.621372
0.543342
0.542262
0.622569
1.24184
0.754733
0.755967
0.74361
1.2045
1.19854
0.743374
0.636659
0.549965
0.636872
0.62546
0.54505
0.625088
0.545427
0.635144
0.54974
0.636272
0.624991
0.544599
0.624033
0.545287
1.03032
0.699467
0.705851
0.762481
1.09701
0.755877
1.10252
1.01154
0.692557
0.684955
0.74037
1.09113
0.748278
1.0858
0.912282
0.811308
0.889033
0.893355
0.87296
0.827198
0.921432
1.35852
0.938195
0.959716
0.968363
1.35835
0.944883
1.37744
0.752596
0.80224
0.825244
0.828621
0.733006
0.767098
0.802527
0.680653
0.61341
0.698161
0.693777
0.5987
0.61839
0.674784
1.30523
0.893527
0.863
0.866047
1.3299
0.89767
1.30019
0.644089
0.756932
0.728395
0.724804
0.682743
0.650421
0.755834
0.629291
0.544076
0.62957
0.619679
0.540205
0.540826
0.619291
1.27775
0.755009
0.752193
0.748014
1.24515
1.24346
0.751201
0.545381
0.632763
0.630627
0.621303
0.545558
0.542628
0.623719
1.28172
0.759314
0.765769
0.763552
1.24905
1.2521
0.756546
0.662448
0.566023
0.650599
0.643692
0.579286
0.656181
0.566468
0.636426
0.556774
0.641613
0.633808
0.550185
0.62807
0.556196
0.989904
0.654664
0.674438
0.711215
1.06843
1.07154
0.696225
0.979423
0.638615
0.643783
0.691015
1.05526
1.04868
0.685818
0.402534
0.519666
0.426589
0.407983
0.474864
0.399599
0.412955
0.38258
0.411529
0.396998
0.394891
0.391257
0.385817
0.389658
1.03728
0.913045
1.02887
1.07809
1.0097
0.969909
1.10132
0.901648
1.0551
1.02296
1.02266
0.887794
0.902695
1.05541
1.05351
0.919499
0.927591
1.08556
0.927774
1.09041
1.04702
0.887835
0.958745
0.963782
1.08654
0.932445
1.11143
1.02385
1.05761
0.977534
1.13289
0.81847
0.919013
0.903469
0.988979
0.81022
0.897549
0.756088
0.808104
0.926378
0.932169
0.995714
0.81308
0.938066
0.898324
0.867393
1.03913
0.904402
0.821887
0.835356
0.783158
0.787147
0.823284
0.775498
0.845004
0.640257
0.559169
0.602171
0.573134
0.62981
0.567732
0.606742
0.737743
0.726195
0.754531
0.704627
0.734065
0.758431
0.706299
0.735047
0.72958
0.64926
0.688409
0.640773
0.694423
0.801197
1.21219
1.0276
0.853658
0.843246
0.916869
1.08361
1.15232
0.599665
0.454586
0.443526
0.438233
0.623917
0.591526
0.44854
0.440161
0.626391
0.44278
0.577733
0.597684
0.448105
0.435205
0.414913
0.431666
0.54359
0.535079
0.518339
0.423398
0.422291
0.422021
0.483419
0.50986
0.397428
0.40433
0.538818
0.414425
0.227943
0.237479
0.229101
0.239496
0.229083
0.225128
0.226497
0.749562
0.762278
0.749527
0.773691
0.754603
0.781656
0.770129
0.856029
0.864141
0.905536
0.842783
0.879653
0.861129
0.884372
0.816583
0.838303
0.835428
0.825816
0.825838
0.855706
0.840685
0.84737
0.851598
0.831971
0.836845
0.866854
0.849824
0.841156
0.808392
0.812437
0.806754
0.798696
0.795105
0.82888
0.794657
0.91684
0.872241
0.890821
0.868507
0.874208
0.890123
0.856346
0.755094
0.756201
0.759117
0.784008
0.782928
0.775349
0.776258
0.44439
0.444389
0.441399
0.432039
0.430766
0.425654
0.425931
0.329404
0.362083
0.349386
0.322691
0.304303
0.309693
0.31382
0.423473
0.429843
0.40741
0.43118
0.409065
0.404165
0.4057
0.746497
0.74229
0.735539
0.760538
0.745547
0.762407
0.745556
0.867361
0.865402
0.933914
0.844914
0.897836
0.86939
0.89815
0.812965
0.836964
0.827522
0.822355
0.817181
0.851899
0.832238
0.838649
0.863424
0.819325
0.824894
0.864232
0.846271
0.842732
0.735299
0.740598
0.76514
0.742931
0.77277
0.765441
0.753113
0.3425
0.369682
0.487712
0.330115
0.351885
0.339585
0.404831
0.544396
0.417118
0.479259
0.457822
0.563515
0.478195
0.439522
0.640584
0.488199
0.930664
0.501272
0.755141
0.552926
0.605944
0.379772
0.397457
0.604522
0.357942
0.406751
0.383073
0.480291
0.621391
0.484772
0.797744
0.506378
0.686763
0.55407
0.588964
0.789241
0.748147
0.77003
0.746672
0.752174
0.747308
0.786398
0.689858
0.7094
0.747432
0.756967
0.741941
0.709928
0.689024
0.552361
0.596151
0.587301
0.596565
0.550952
0.540113
0.610472
0.749362
0.624752
0.714878
0.656538
0.565383
0.568324
0.66322
0.813051
0.807937
0.773247
0.752605
0.821109
0.803521
0.761402
0.663574
0.599491
0.61641
0.644301
0.68652
0.650625
0.57922
0.718652
0.70309
0.691773
0.690063
0.744455
0.732804
0.707382
0.442653
0.377815
0.512008
0.462776
0.377196
0.441018
0.372573
0.651866
0.52213
0.521273
0.638263
0.64643
0.632793
0.511051
0.989177
0.670586
0.978673
0.780221
0.598653
0.782261
0.594958
0.51974
0.542046
0.567502
0.559911
0.519221
0.513924
0.53848
0.616194
0.575542
0.607372
0.605416
0.585179
0.616586
0.575287
0.598159
0.583993
0.610778
0.570197
0.612481
0.593182
0.572521
0.54944
0.513447
0.530115
0.50642
0.507456
0.544077
0.53065
1.04
0.96485
1.0233
1.03961
1.11067
1.13061
1.0476
1.52283
1.4925
1.36301
1.38269
1.61062
1.5884
1.58201
1.12427
1.39424
1.22679
1.27323
1.79802
1.20292
1.6746
0.643975
0.962595
0.855009
0.857255
0.742349
0.635498
1.01461
1.07817
1.36074
1.5179
1.76888
0.957421
1.16866
1.48329
0.84499
0.503228
0.511588
0.530299
0.911476
0.89337
0.517944
0.898826
0.491653
0.472636
0.480846
0.929563
0.906001
0.502481
1.00175
0.982085
0.954897
1.03471
1.015
1.05862
1.02607
1.23168
1.26566
1.21741
1.24062
1.28561
1.27966
1.28723
1.07491
1.22158
1.11133
1.15878
1.22891
1.14718
1.27068
1.0741
1.33609
1.20451
1.37043
1.25743
1.37304
1.16726
0.886779
1.01009
1.0147
1.06516
0.855087
0.942124
1.05461
1.3191
1.18954
1.17484
1.23135
1.27897
1.43025
1.23987
0.834549
0.690205
0.688183
0.70954
0.878699
0.900296
0.710194
0.741768
0.6815
0.662724
0.685994
0.836034
0.787619
0.701513
0.66032
0.644916
0.654266
0.649972
0.646804
0.653344
0.641789
0.653594
0.653875
0.606102
0.634357
0.641593
0.672777
0.624686
0.630337
0.622084
0.602664
0.608139
0.628542
0.620651
0.608507
0.629885
0.643961
0.621948
0.646573
0.644522
0.6458
0.629274
0.614974
0.627847
0.637281
0.635351
0.610958
0.619935
0.619783
0.259684
0.254943
0.258209
0.256367
0.251122
0.253328
0.256135
0.879065
0.929307
0.954015
0.918367
0.99812
0.977213
0.901024
1.03507
0.862409
1.34662
0.888955
1.40829
1.08602
1.05355
0.995348
1.09716
1.56599
0.960247
1.14431
1.5058
1.12815
0.399191
0.445256
0.448812
0.373433
0.408467
0.434103
0.382904
0.365465
0.300178
0.318518
0.312069
0.347444
0.312944
0.297375
0.582984
0.5858
0.604592
0.58072
0.559203
0.557877
0.572857
0.616084
0.568375
0.585964
0.559067
0.564919
0.552211
0.576266
0.544389
0.550187
0.56198
0.546268
0.5346
0.536912
0.541891
0.484975
0.486896
0.478272
0.485682
0.480946
0.494235
0.480483
0.489246
0.493801
0.462715
0.493629
0.478222
0.481052
0.505769
0.477122
0.461287
0.465058
0.45818
0.46735
0.467852
0.47196
0.491559
0.513338
0.490552
0.495298
0.502553
0.48577
0.502023
0.425358
0.403936
0.416449
0.397637
0.403173
0.404878
0.398791
0.452243
0.385265
0.442662
0.384212
0.36889
0.370746
0.385469
0.388758
0.382567
0.395118
0.383641
0.378971
0.384522
0.374241
0.442419
0.43755
0.444788
0.435781
0.432963
0.433002
0.435029
0.48137
0.509804
0.474023
0.456165
0.500586
0.489712
0.461936
0.457656
0.493739
0.466331
0.452724
0.465798
0.450076
0.47896
0.430533
0.435888
0.422153
0.441386
0.422381
0.42661
0.446752
0.425421
0.42764
0.417679
0.413952
0.415001
0.426374
0.427391
0.42419
0.422875
0.417681
0.419048
0.41665
0.421714
0.425465
0.43393
0.463469
0.447483
0.423657
0.422682
0.455315
0.438245
0.695149
0.637537
0.698895
0.625466
0.592878
0.607353
0.604043
0.681533
0.602781
0.650903
0.598623
0.577684
0.569885
0.616071
0.573193
0.587762
0.604972
0.579319
0.554957
0.561816
0.562547
0.492039
0.483987
0.483441
0.4916
0.48385
0.490355
0.490516
0.527702
0.527678
0.478093
0.508413
0.512281
0.499353
0.546356
0.507108
0.481447
0.480097
0.474397
0.49578
0.48848
0.489565
0.501257
0.501567
0.495411
0.502751
0.495603
0.496906
0.511075
0.515235
0.595597
0.626047
0.622646
0.499716
0.504647
0.590785
0.664484
0.636376
0.690928
0.72582
0.607663
0.679522
0.643459
0.743359
0.835747
1.16034
0.736072
0.919752
1.07286
0.882452
0.776471
0.665609
0.696938
0.714973
0.878164
0.790719
0.682323
0.434164
0.448089
0.438662
0.417004
0.417159
0.417767
0.416883
0.427907
0.422025
0.42765
0.416544
0.417817
0.417836
0.416624
0.430198
0.420106
0.413994
0.428354
0.414673
0.415777
0.414741
0.493764
0.469801
0.421723
0.453789
0.418971
0.417597
0.418488
0.4405
0.434572
0.438363
0.430208
0.430632
0.426759
0.427977
0.415549
0.400791
0.415189
0.408032
0.387641
0.391347
0.406973
0.441056
0.439649
0.438892
0.422709
0.42377
0.425615
0.421786
0.434657
0.438866
0.437178
0.425158
0.42978
0.428043
0.427792
0.413194
0.403449
0.414987
0.409627
0.402367
0.396438
0.410132
0.403721
0.406461
0.395856
0.390378
0.388449
0.406162
0.404833
0.401397
0.376906
0.401649
0.383673
0.381994
0.404101
0.399432
0.450672
0.367813
0.391305
0.386297
0.44138
0.384985
0.365756
0.490293
0.416231
0.522093
0.405515
0.485001
0.403496
0.412635
0.157256
0.160097
0.156864
0.161038
0.158409
0.160233
0.157092
0.170537
0.166948
0.169204
0.168712
0.168563
0.167691
0.170504
0.166812
0.164876
0.171635
0.173178
0.162579
0.166785
0.164153
0.156095
0.216701
0.216158
0.166073
0.163587
0.313259
0.29966
0.272104
0.189874
0.193516
0.533389
0.49388
0.222916
0.225792
0.150283
0.156447
0.153782
0.153739
0.150733
0.157105
0.154264
0.167827
0.314543
0.299121
0.171589
0.168416
0.267641
0.260996
0.450394
0.270871
0.275621
0.411055
0.377568
0.271425
0.273879
0.166747
0.166542
0.166514
0.164266
0.164164
0.162935
0.163042
0.358506
0.261287
0.263181
0.394185
0.359905
0.260185
0.261952
0.166676
0.166371
0.166162
0.164547
0.164422
0.163135
0.16329
0.363842
0.260329
0.261968
0.404221
0.368308
0.255198
0.257541
0.166616
0.166093
0.165976
0.164509
0.164431
0.163094
0.163191
0.368302
0.255189
0.257533
0.39922
0.363843
0.260343
0.261984
0.166605
0.166013
0.165936
0.164494
0.164433
0.163081
0.163154
0.359881
0.260197
0.261971
0.391307
0.358695
0.261397
0.263315
0.166743
0.16629
0.16622
0.16454
0.16448
0.16318
0.16325
0.380693
0.272275
0.274907
0.505795
0.464694
0.274061
0.279617
0.167014
0.16673
0.166768
0.164517
0.164452
0.163225
0.163302
0.479957
0.224188
0.227138
0.284062
0.277488
0.191314
0.195056
0.165749
0.165079
0.163759
0.164492
0.162522
0.163409
0.16209
0.153195
0.163535
0.162267
0.15416
0.151377
0.155646
0.15323
0.170348
0.177507
0.172126
0.167142
0.165839
0.165437
0.167032
0.158435
0.160236
0.157098
0.16033
0.157266
0.160099
0.156867
0.17217
0.170046
0.168213
0.169782
0.169581
0.171094
0.168859
0.174051
0.170361
0.16704
0.167783
0.169703
0.176639
0.168141
0.683033
0.581635
0.573908
0.398234
0.416617
0.402171
0.41266
0.197814
0.171145
0.173454
0.192791
0.172601
0.192159
0.199711
0.202475
0.173591
0.193479
0.172255
0.201073
0.174291
0.194025
0.203322
0.172283
0.174858
0.194724
0.17443
0.194512
0.204
0.204964
0.174873
0.195053
0.172819
0.204546
0.175172
0.195243
0.20519
0.172814
0.175282
0.195378
0.1752
0.19538
0.205263
0.205198
0.175282
0.19538
0.172819
0.205264
0.175206
0.195385
0.204979
0.172825
0.174885
0.195069
0.175179
0.195255
0.204569
0.203364
0.174871
0.194745
0.172298
0.204029
0.174448
0.19454
0.202526
0.172273
0.173619
0.193532
0.174313
0.194065
0.201147
0.197919
0.173487
0.192857
0.171177
0.199796
0.172641
0.192241
0.195725
0.170654
0.170165
0.187222
0.171964
0.190574
0.189939
0.17057
0.168723
0.166961
0.169216
0.167711
0.170522
0.168587
0.172202
0.169787
0.170055
0.168223
0.171105
0.16887
0.169603
0.174127
0.167826
0.170469
0.167058
0.176807
0.168162
0.169754
0.17365
0.16147
0.165486
0.16216
0.166454
0.163292
0.17066
0.16862
0.181697
0.184823
0.177456
0.164987
0.166036
0.176136
0.195086
0.183306
0.184533
0.1845
0.186871
0.189461
0.19019
0.197062
0.20118
0.196645
0.191974
0.193162
0.192251
0.192628
0.197088
0.201655
0.197186
0.192416
0.192787
0.19231
0.193014
0.20015
0.196169
0.196151
0.191491
0.191586
0.191431
0.191727
0.196745
0.200151
0.196343
0.191821
0.192547
0.192088
0.192041
0.195581
0.198193
0.195031
0.190913
0.191208
0.191131
0.19078
0.19492
0.198064
0.194778
0.190606
0.190543
0.190632
0.190491
0.198754
0.195323
0.195199
0.190782
0.19073
0.190817
0.190668
0.194989
0.198498
0.195006
0.190639
0.190618
0.190695
0.190532
0.195395
0.198883
0.195317
0.190841
0.19081
0.190901
0.190704
0.195346
0.19884
0.195254
0.190757
0.190674
0.190788
0.19062
0.199049
0.195508
0.195442
0.190892
0.190809
0.190927
0.190749
0.195354
0.198926
0.195324
0.190781
0.190697
0.190815
0.190641
0.195503
0.199043
0.195438
0.190889
0.190806
0.190924
0.190746
0.19535
0.198921
0.19532
0.190778
0.190694
0.190812
0.190638
0.198884
0.195396
0.195318
0.19084
0.190809
0.190901
0.190704
0.195348
0.198845
0.195257
0.190758
0.190675
0.190789
0.190622
0.19532
0.198751
0.195196
0.190779
0.190727
0.190814
0.190665
0.194987
0.198496
0.195004
0.190637
0.190616
0.190693
0.19053
0.198192
0.195581
0.195031
0.190913
0.191208
0.191131
0.19078
0.194919
0.198064
0.194777
0.190604
0.190542
0.190631
0.190489
0.196174
0.200161
0.196159
0.191498
0.191591
0.191436
0.191734
0.196763
0.20017
0.196357
0.191834
0.192565
0.192104
0.192056
0.201256
0.197138
0.196707
0.192029
0.193237
0.192689
0.192313
0.197121
0.201707
0.197225
0.192448
0.192818
0.192339
0.193051
0.215877
0.1978
0.190029
0.197807
0.202951
0.202966
0.207982
0.195051
0.183283
0.184492
0.184478
0.18685
0.190155
0.189418
0.269679
0.22588
0.268149
0.276944
0.231778
0.28055
0.228284
0.224101
0.259857
0.265908
0.271861
0.223648
0.225412
0.263656
0.279375
0.225306
0.23042
0.27411
0.227705
0.288184
0.268865
0.662052
0.661175
0.64592
0.66329
0.649659
0.631447
0.64319
0.3951
0.402648
0.396995
0.389685
0.390824
0.387546
0.393975
0.258293
0.226402
0.258687
0.258519
0.226157
0.225343
0.257729
0.258696
0.22516
0.257375
0.25808
0.223607
0.26047
0.224572
0.259412
0.224307
0.268361
0.225227
0.263144
0.224951
0.261759
0.3802
0.38313
0.379827
0.371662
0.373913
0.372178
0.373387
0.392077
0.394647
0.39029
0.3814
0.386894
0.383816
0.384039
0.258716
0.225734
0.224734
0.258773
0.225059
0.260754
0.257485
0.260943
0.230269
0.261626
0.260527
0.227504
0.228644
0.259945
0.231268
0.263382
0.263288
0.26198
0.23016
0.22945
0.261994
0.260798
0.229044
0.226966
0.261581
0.228303
0.261579
0.260763
0.383649
0.388035
0.384646
0.376472
0.377181
0.375648
0.378283
0.259645
0.226685
0.226724
0.260068
0.227818
0.259159
0.260659
0.396703
0.400232
0.39639
0.387163
0.389643
0.38749
0.389289
0.266924
0.234318
0.266875
0.265211
0.232579
0.232167
0.265235
0.265363
0.233691
0.265638
0.264085
0.231067
0.263831
0.231671
0.262659
0.229729
0.263032
0.228815
0.262395
0.230383
0.263444
0.409261
0.413422
0.40912
0.399036
0.401816
0.399301
0.401514
0.400209
0.404837
0.400861
0.391532
0.392944
0.390919
0.393769
0.263612
0.231122
0.228925
0.264377
0.23066
0.264271
0.26364
0.268488
0.235868
0.2686
0.266863
0.233276
0.233637
0.266761
0.236193
0.269158
0.269194
0.267413
0.234096
0.233899
0.267373
0.265675
0.232477
0.230333
0.266385
0.232241
0.266375
0.265647
0.413263
0.418275
0.413826
0.403648
0.405653
0.403204
0.406261
0.265206
0.231692
0.230283
0.265776
0.232097
0.265096
0.26596
0.416537
0.420954
0.416366
0.405957
0.408821
0.406106
0.408649
0.270129
0.236968
0.270162
0.268353
0.234636
0.234615
0.268319
0.269838
0.236851
0.269893
0.268098
0.234372
0.268043
0.234526
0.26635
0.232685
0.267016
0.230915
0.266287
0.232857
0.267112
0.420649
0.425657
0.420709
0.40996
0.412975
0.409987
0.412953
0.418411
0.423194
0.418485
0.40801
0.410646
0.407906
0.410808
0.266574
0.232927
0.230909
0.267301
0.232895
0.267322
0.266543
0.270133
0.236974
0.270165
0.268356
0.234637
0.23462
0.268323
0.23686
0.269847
0.269903
0.268107
0.234384
0.234534
0.268052
0.266358
0.232697
0.230921
0.267026
0.232863
0.26712
0.266295
0.420655
0.425664
0.420716
0.409967
0.412982
0.409993
0.412961
0.266578
0.232927
0.230915
0.267305
0.232901
0.266547
0.267326
0.418441
0.423222
0.418511
0.408032
0.410675
0.407932
0.410832
0.268507
0.23589
0.26862
0.266881
0.233301
0.233657
0.266779
0.269175
0.236212
0.269209
0.267427
0.234111
0.267389
0.233918
0.265687
0.23249
0.266398
0.23035
0.265661
0.232259
0.266388
0.413312
0.41832
0.413866
0.403683
0.405699
0.403245
0.406298
0.416562
0.420981
0.416391
0.40598
0.408845
0.406129
0.408674
0.265221
0.231717
0.230301
0.265793
0.232116
0.265975
0.265111
0.266947
0.234351
0.266894
0.265227
0.232606
0.232199
0.265255
0.233725
0.26538
0.265658
0.264101
0.231105
0.231703
0.263843
0.262669
0.229765
0.228843
0.263037
0.230413
0.263451
0.2624
0.40928
0.413442
0.409139
0.399049
0.401832
0.399316
0.401529
0.263624
0.231147
0.228953
0.264393
0.230691
0.263656
0.264282
0.400204
0.404833
0.400858
0.391517
0.392923
0.3909
0.393753
0.260927
0.230313
0.261621
0.260509
0.227551
0.228684
0.259911
0.263396
0.231315
0.263292
0.261974
0.230196
0.262
0.229493
0.260779
0.229079
0.261573
0.227003
0.26076
0.228344
0.261554
0.383363
0.387756
0.384385
0.376188
0.376847
0.375337
0.377981
0.396636
0.40016
0.396322
0.387085
0.389563
0.387413
0.389205
0.259612
0.226729
0.226759
0.26
0.227856
0.260618
0.259104
0.258253
0.226443
0.25861
0.258399
0.226193
0.225373
0.257661
0.225188
0.258544
0.257263
0.257904
0.223609
0.224584
0.260219
0.259157
0.224284
0.225211
0.267872
0.22495
0.261468
0.262765
0.379793
0.382677
0.379405
0.371218
0.373464
0.37175
0.372913
0.258545
0.225765
0.224741
0.258659
0.225078
0.257384
0.260538
0.390305
0.392921
0.388719
0.379702
0.38477
0.381891
0.38218
0.269534
0.225855
0.267956
0.276547
0.23168
0.280665
0.228184
0.259659
0.22409
0.265691
0.271435
0.223607
0.263305
0.225342
0.279193
0.225228
0.273533
0.230286
0.268363
0.22757
0.290915
0.676045
0.670865
0.650635
0.631159
0.669304
0.655081
0.647019
0.392985
0.399967
0.394649
0.387071
0.388327
0.385276
0.391039
0.287556
0.235615
0.235213
0.30849
0.293043
0.231618
0.299427
0.215927
0.197878
0.190169
0.197867
0.203065
0.208034
0.203026
0.264013
0.191855
0.27353
0.298847
0.195589
0.285396
0.199204
0.192383
0.277466
0.276343
0.301354
0.200204
0.200613
0.300997
0.166599
0.167106
0.166594
0.161854
0.161033
0.161941
0.160972
0.167002
0.166718
0.166749
0.164513
0.164447
0.163218
0.163296
0.167339
0.166667
0.166799
0.162144
0.16137
0.161274
0.162236
0.265155
0.188234
0.264751
0.287939
0.196464
0.288699
0.196115
0.187887
0.262923
0.264085
0.287267
0.195171
0.195745
0.2858
0.166159
0.166076
0.165886
0.162
0.161241
0.162177
0.161037
0.166741
0.166288
0.166217
0.16454
0.164479
0.163178
0.16325
0.166085
0.165947
0.165918
0.162028
0.161123
0.16105
0.162105
0.263901
0.186918
0.264328
0.287645
0.194934
0.287089
0.194706
0.185559
0.251696
0.259372
0.282491
0.190676
0.192798
0.273247
0.165685
0.16555
0.165532
0.161895
0.16099
0.162012
0.16085
0.166605
0.166014
0.165936
0.164494
0.164433
0.16308
0.163154
0.165376
0.165511
0.165448
0.161861
0.160873
0.160789
0.161943
0.251675
0.185556
0.259354
0.282474
0.190669
0.273225
0.192795
0.18692
0.263897
0.264335
0.287656
0.194939
0.194711
0.287087
0.165511
0.165376
0.165448
0.161861
0.160872
0.161943
0.160789
0.166616
0.166093
0.165977
0.164509
0.164432
0.163094
0.163192
0.165551
0.165686
0.165533
0.161895
0.16099
0.16085
0.162012
0.262908
0.187894
0.264076
0.287263
0.195177
0.285789
0.195761
0.188253
0.265226
0.264765
0.287969
0.196542
0.196153
0.288803
0.165948
0.166089
0.165921
0.162029
0.161124
0.162106
0.161052
0.166678
0.166378
0.166166
0.164549
0.164423
0.163137
0.163293
0.166084
0.166168
0.165892
0.162003
0.161247
0.16104
0.162182
0.277707
0.192566
0.276889
0.302175
0.200388
0.301337
0.200921
0.192139
0.265475
0.274751
0.300773
0.19605
0.199678
0.28782
0.166686
0.16738
0.166826
0.162155
0.161381
0.162244
0.16129
0.166764
0.166579
0.166542
0.164276
0.164171
0.162945
0.163055
0.167165
0.166651
0.166634
0.161869
0.161058
0.160992
0.161959
0.392156
0.410682
0.376209
0.376865
0.402242
0.400456
0.374956
0.193574
0.190176
0.196391
0.188888
0.192094
0.188249
0.188765
0.277243
0.330983
0.328703
0.352352
0.286703
0.286746
0.355281
0.791791
0.727589
0.758899
0.772233
0.806083
0.77332
0.740726
0.277842
0.302447
0.306349
0.322782
0.285773
0.285153
0.316371
0.439331
0.428081
0.44152
0.445991
0.428109
0.442947
0.43198
0.332686
0.276493
0.335097
0.361528
0.286394
0.287109
0.357972
0.411525
0.430437
0.429931
0.431462
0.412883
0.432019
0.412292
0.438078
0.421735
0.437284
0.440309
0.425853
0.441485
0.423783
0.283986
0.352758
0.359023
0.390786
0.291806
0.297129
0.382318
0.265116
0.32512
0.324935
0.350068
0.274646
0.274586
0.350395
0.43314
0.416433
0.434639
0.436272
0.415692
0.434635
0.417271
0.265488
0.338573
0.323246
0.346846
0.282378
0.274029
0.364895
0.450904
0.431057
0.450439
0.452758
0.433037
0.453286
0.43249
0.325154
0.265233
0.325408
0.350386
0.274482
0.274612
0.350465
0.446173
0.466556
0.466326
0.469324
0.448539
0.469622
0.448168
0.454076
0.435912
0.455239
0.457719
0.436253
0.456414
0.437464
0.266244
0.32725
0.32612
0.349738
0.275759
0.275201
0.351248
0.267727
0.331101
0.331604
0.357571
0.277142
0.277375
0.357199
0.4704
0.45128
0.471319
0.474494
0.452446
0.473442
0.453419
0.266976
0.328112
0.3287
0.353242
0.276063
0.2762
0.352318
0.475311
0.454701
0.475068
0.478462
0.457349
0.478737
0.457025
0.328974
0.264414
0.323297
0.347368
0.27572
0.27293
0.354581
0.46069
0.481533
0.481572
0.485555
0.463548
0.485524
0.463521
0.477428
0.457257
0.47766
0.481198
0.459518
0.480943
0.459698
0.257972
0.301451
0.302138
0.318526
0.263396
0.263612
0.31758
0.264389
0.328929
0.323253
0.347315
0.275692
0.272902
0.354527
0.481539
0.460698
0.48158
0.485564
0.463555
0.485531
0.46353
0.257942
0.301403
0.302091
0.318473
0.263363
0.263579
0.317528
0.477469
0.457287
0.477692
0.481233
0.45956
0.480988
0.459731
0.331114
0.267746
0.331633
0.357596
0.277149
0.277391
0.357206
0.451333
0.470469
0.471378
0.47456
0.452515
0.473517
0.453478
0.475341
0.45473
0.475099
0.478496
0.45738
0.478769
0.457057
0.266986
0.32813
0.328709
0.353242
0.276075
0.276207
0.352329
0.26523
0.325142
0.325391
0.350348
0.274477
0.274603
0.350435
0.466579
0.446194
0.466351
0.469352
0.448563
0.469649
0.448193
0.266233
0.327237
0.326094
0.349699
0.275749
0.275184
0.351224
0.454085
0.435909
0.455251
0.457731
0.436247
0.45642
0.437463
0.325112
0.26512
0.324929
0.350045
0.274641
0.274585
0.350369
0.416114
0.432804
0.434344
0.435954
0.415312
0.43427
0.416937
0.45084
0.430976
0.450372
0.452687
0.432959
0.453218
0.432407
0.265516
0.338612
0.323271
0.346863
0.282431
0.274063
0.364935
0.276658
0.332967
0.335334
0.361858
0.286658
0.287333
0.358368
0.429973
0.411004
0.429433
0.430927
0.412373
0.431525
0.411744
0.284058
0.352815
0.359099
0.390873
0.291884
0.297222
0.382383
0.436345
0.419941
0.435731
0.438583
0.423642
0.43955
0.421827
0.331325
0.277551
0.329098
0.352892
0.287029
0.287161
0.355763
0.750173
0.817295
0.776599
0.803846
0.799725
0.768694
0.839308
0.437303
0.425324
0.439168
0.443312
0.425516
0.440666
0.428897
0.27865
0.307646
0.307874
0.324014
0.287666
0.286371
0.322203
0.193681
0.190294
0.196597
0.188977
0.192211
0.188343
0.188892
0.177936
0.179191
0.181689
0.177927
0.174904
0.176284
0.175632
0.262129
0.232079
0.236282
0.24596
0.271926
0.254029
0.234881
0.324037
0.31987
0.345867
0.297235
0.341486
0.324049
0.301656
0.378935
0.373866
0.389667
0.36819
0.386228
0.38201
0.368327
0.264769
0.261599
0.270404
0.26202
0.260574
0.265098
0.270025
0.262996
0.25772
0.269813
0.259676
0.258003
0.263238
0.269178
0.262268
0.254733
0.256377
0.270804
0.254953
0.270584
0.262309
0.262701
0.256312
0.269949
0.25724
0.255947
0.26261
0.270341
0.480393
0.624822
0.464689
0.601567
0.467491
0.477379
0.629364
0.287444
0.26054
0.258331
0.2792
0.26109
0.278834
0.288044
0.286098
0.277293
0.259035
0.262439
0.261621
0.278054
0.284845
0.498862
0.622655
0.485156
0.650817
0.485163
0.652445
0.498954
0.468488
0.588004
0.623146
0.459585
0.45582
0.472692
0.617558
0.280712
0.268442
0.275507
0.263677
0.265965
0.280509
0.275307
0.443608
0.568016
0.428904
0.587732
0.439622
0.432566
0.593741
0.281635
0.276464
0.261626
0.263599
0.264202
0.275353
0.283322
0.255543
0.248424
0.268887
0.248288
0.247653
0.264244
0.257922
0.249704
0.242851
0.258512
0.24359
0.242783
0.249932
0.257834
0.25148
0.244024
0.2451
0.260961
0.244
0.260901
0.251506
0.250612
0.243119
0.259249
0.244328
0.243202
0.250329
0.259956
0.496484
0.642741
0.478691
0.61227
0.47943
0.495728
0.642181
0.278875
0.249167
0.24677
0.270006
0.249114
0.269864
0.279027
0.277685
0.267711
0.245981
0.247851
0.248318
0.26877
0.276387
0.508084
0.621607
0.491505
0.653505
0.490783
0.651641
0.509395
0.490411
0.607033
0.640592
0.472963
0.471952
0.490949
0.642522
0.280708
0.254687
0.278775
0.249437
0.251356
0.272288
0.289046
0.529123
0.64923
0.517791
0.688378
0.512342
0.682016
0.5357
0.273675
0.266598
0.244878
0.247297
0.246868
0.265562
0.274971
0.253766
0.245722
0.263623
0.246741
0.245678
0.263651
0.253787
0.253405
0.245319
0.263551
0.246386
0.245289
0.253475
0.263357
0.253974
0.245772
0.246835
0.263807
0.245771
0.264028
0.253921
0.253604
0.245464
0.263792
0.246509
0.245429
0.253654
0.263692
0.529134
0.675285
0.511739
0.642355
0.511088
0.52983
0.673899
0.283508
0.251112
0.248709
0.273791
0.251203
0.274106
0.283164
0.283143
0.27386
0.24839
0.250983
0.250882
0.273773
0.283202
0.531332
0.643666
0.513168
0.675236
0.513864
0.675782
0.530599
0.528197
0.642588
0.672738
0.509556
0.510041
0.527695
0.673872
0.282681
0.251064
0.273389
0.248575
0.251008
0.273493
0.282527
0.524778
0.640511
0.506883
0.672794
0.506434
0.671627
0.525221
0.282504
0.27356
0.24826
0.250853
0.250725
0.273263
0.282867
0.2523
0.245596
0.258548
0.245821
0.245581
0.258585
0.252307
0.252114
0.245412
0.259015
0.245636
0.245372
0.252236
0.258544
0.25338
0.245676
0.246298
0.263206
0.245592
0.262009
0.253703
0.252616
0.245324
0.259534
0.245856
0.245345
0.252281
0.26025
0.501206
0.662936
0.479516
0.640277
0.483643
0.497538
0.665482
0.279649
0.250644
0.247756
0.272878
0.249889
0.270953
0.28205
0.276103
0.267053
0.247039
0.248533
0.248862
0.26818
0.274713
0.527671
0.638981
0.511302
0.672024
0.510756
0.671868
0.528042
0.481882
0.611267
0.644886
0.470066
0.46625
0.486426
0.63889
0.271501
0.248006
0.26476
0.246619
0.248028
0.264879
0.271296
0.466567
0.594562
0.454097
0.618074
0.454466
0.618671
0.466087
0.271871
0.265963
0.246474
0.248257
0.247929
0.265053
0.273167
0.253278
0.245394
0.26315
0.246411
0.245353
0.262833
0.253404
0.252627
0.244826
0.261966
0.245865
0.244817
0.252603
0.262081
0.251837
0.244171
0.245242
0.260961
0.244191
0.261195
0.251701
0.252022
0.244341
0.261454
0.245346
0.244303
0.25208
0.261286
0.51425
0.66365
0.4956
0.63331
0.495741
0.514128
0.664184
0.279412
0.249178
0.246945
0.270043
0.249301
0.270399
0.279092
0.279368
0.270744
0.247069
0.249536
0.249415
0.270482
0.279604
0.515631
0.63382
0.493863
0.661398
0.496432
0.666382
0.512373
0.515488
0.63316
0.664663
0.497277
0.497083
0.515631
0.663982
0.28138
0.250781
0.27284
0.248204
0.250591
0.272366
0.281953
0.522996
0.639775
0.504373
0.669946
0.504632
0.670738
0.522769
0.280405
0.27127
0.247625
0.249919
0.249981
0.271497
0.280109
0.262466
0.25218
0.273688
0.254462
0.252508
0.274408
0.262131
0.261764
0.252211
0.272217
0.254224
0.252261
0.261295
0.273215
0.260556
0.252929
0.253797
0.269922
0.252597
0.269518
0.260902
0.259053
0.251099
0.270088
0.25239
0.250827
0.2597
0.268748
0.508628
0.659303
0.495831
0.628137
0.493906
0.511205
0.658132
0.287917
0.25916
0.255629
0.27868
0.258452
0.27835
0.287931
0.288927
0.280527
0.254644
0.259084
0.257937
0.278434
0.291783
0.499779
0.621617
0.486752
0.65293
0.486079
0.651257
0.500456
0.520509
0.63584
0.667332
0.502993
0.504716
0.518089
0.668222
0.298754
0.259249
0.28468
0.257125
0.260909
0.286142
0.296377
0.543641
0.661335
0.525023
0.692796
0.526692
0.69362
0.542218
0.297223
0.283175
0.256915
0.260361
0.260775
0.284753
0.295027
0.177959
0.179207
0.181705
0.177937
0.174914
0.175643
0.176295
0.26212
0.236133
0.232136
0.274592
0.24599
0.256844
0.234832
0.685648
0.696877
0.680225
0.668875
0.679009
0.667338
0.684084
0.240261
0.304823
0.28722
0.267938
0.238771
0.237335
0.277222
0.406269
0.32529
0.366631
0.349632
0.286437
0.302092
0.368292
0.262448
0.252167
0.273672
0.254443
0.252493
0.262116
0.274386
0.26173
0.25218
0.272173
0.254193
0.252231
0.261258
0.273177
0.26049
0.252876
0.269839
0.253745
0.252544
0.260833
0.269442
0.259
0.251057
0.270032
0.252346
0.250784
0.259651
0.268685
0.508549
0.628068
0.659247
0.495757
0.493827
0.658076
0.511133
0.287816
0.259095
0.278591
0.255578
0.258388
0.287812
0.27827
0.499621
0.621461
0.486623
0.65279
0.500281
0.485948
0.651113
0.28884
0.280466
0.254598
0.259031
0.25788
0.278366
0.291709
0.520457
0.635795
0.667294
0.502932
0.50466
0.51803
0.66819
0.298716
0.259225
0.284661
0.257103
0.260881
0.296349
0.286114
0.543663
0.661384
0.525052
0.69285
0.542244
0.526719
0.693672
0.297171
0.283125
0.256881
0.260317
0.260736
0.284711
0.294965
0.253284
0.245399
0.263154
0.246417
0.245358
0.253408
0.26284
0.252633
0.244831
0.261972
0.24587
0.244823
0.252608
0.262089
0.251834
0.244168
0.260956
0.245239
0.244188
0.251696
0.261192
0.252024
0.244343
0.261457
0.245348
0.244305
0.252083
0.261287
0.514262
0.633328
0.663669
0.495611
0.495752
0.664204
0.51414
0.279409
0.249174
0.270038
0.246943
0.249298
0.279086
0.270396
0.515617
0.633804
0.493847
0.661379
0.512357
0.496417
0.666367
0.27937
0.270748
0.247071
0.249539
0.249416
0.270485
0.279608
0.515509
0.633188
0.664691
0.497295
0.497103
0.51565
0.664013
0.28139
0.250784
0.272843
0.24821
0.250597
0.281956
0.272375
0.523001
0.639779
0.504368
0.669939
0.522762
0.504636
0.670742
0.280415
0.271276
0.247631
0.249924
0.249988
0.271506
0.280116
0.252328
0.245621
0.25858
0.245847
0.245606
0.252335
0.258617
0.25214
0.245435
0.259042
0.24566
0.245395
0.252262
0.258572
0.253403
0.245696
0.263231
0.246318
0.245612
0.253725
0.262033
0.252641
0.245346
0.259561
0.245878
0.245367
0.252305
0.260277
0.501306
0.640413
0.663081
0.479614
0.483739
0.665623
0.49764
0.279678
0.250664
0.272905
0.247776
0.249909
0.282079
0.270981
0.527767
0.639103
0.511392
0.672146
0.528134
0.510848
0.671996
0.276134
0.267083
0.247061
0.248557
0.248885
0.268209
0.274745
0.481978
0.611397
0.645024
0.470159
0.466343
0.486523
0.639026
0.271538
0.248032
0.264794
0.246645
0.248055
0.271333
0.264914
0.466673
0.594702
0.454198
0.618219
0.46619
0.454569
0.618817
0.271904
0.265993
0.246498
0.248281
0.247953
0.265084
0.273199
0.253781
0.245736
0.263641
0.246755
0.245692
0.253803
0.263667
0.253413
0.245326
0.263562
0.246394
0.245297
0.253484
0.263366
0.253994
0.245788
0.263825
0.246853
0.245788
0.253938
0.264051
0.253632
0.245488
0.263823
0.246533
0.245453
0.253682
0.263723
0.529251
0.642502
0.675439
0.511852
0.511201
0.674053
0.529947
0.283536
0.251126
0.27381
0.248727
0.251222
0.283183
0.274132
0.531391
0.643739
0.513224
0.675312
0.530656
0.513921
0.675858
0.283179
0.273895
0.248415
0.251009
0.250907
0.273807
0.28324
0.528248
0.642657
0.672818
0.50961
0.51009
0.527753
0.673946
0.282699
0.25108
0.273409
0.248589
0.251022
0.282549
0.27351
0.524848
0.6406
0.506954
0.67289
0.525294
0.506502
0.671719
0.282514
0.273573
0.248268
0.250863
0.250733
0.273272
0.282882
0.255542
0.248423
0.268888
0.248288
0.247651
0.257922
0.264244
0.249704
0.242849
0.258509
0.243591
0.242782
0.24993
0.257834
0.251485
0.244027
0.260966
0.245104
0.244003
0.251511
0.260906
0.250613
0.243119
0.25925
0.244329
0.243202
0.25033
0.259958
0.496481
0.61226
0.642726
0.478686
0.479426
0.64217
0.495723
0.278883
0.249171
0.270012
0.246774
0.249119
0.279035
0.26987
0.508103
0.621627
0.491523
0.653524
0.509414
0.490801
0.651661
0.277689
0.267713
0.245982
0.247853
0.248319
0.268772
0.276391
0.490397
0.607012
0.640571
0.472951
0.471938
0.490938
0.6425
0.280719
0.254698
0.27878
0.24944
0.251363
0.28906
0.272292
0.529079
0.649162
0.517736
0.688306
0.53565
0.512292
0.681949
0.273682
0.266596
0.24488
0.247297
0.246873
0.265564
0.274971
0.265456
0.261346
0.277082
0.261905
0.266351
0.260724
0.271744
0.263194
0.257736
0.270056
0.259545
0.257976
0.263335
0.26967
0.262373
0.254806
0.270918
0.256433
0.255026
0.262405
0.270718
0.262826
0.256376
0.270141
0.257295
0.256029
0.262728
0.270514
0.48297
0.604879
0.630607
0.466518
0.46873
0.633542
0.48079
0.287637
0.260626
0.279319
0.258391
0.261196
0.288202
0.278983
0.499138
0.622909
0.485312
0.651072
0.499186
0.485328
0.652728
0.28636
0.277577
0.259102
0.26264
0.261761
0.278266
0.28519
0.47856
0.602876
0.635945
0.464768
0.463211
0.48006
0.634522
0.282313
0.276838
0.26172
0.263859
0.26466
0.276109
0.283731
0.244551
0.178305
0.221428
0.188387
0.255575
0.230258
0.180415
0.165048
0.165694
0.163747
0.164438
0.163397
0.162504
0.162072
0.165602
0.163771
0.164009
0.160389
0.161364
0.160829
0.159719
0.345138
0.22865
0.238116
0.309572
0.345708
0.237385
0.226088
0.225749
0.313912
0.225082
0.301851
0.303197
0.22056
0.221872
0.31797
0.225342
0.225272
0.309458
0.306582
0.220413
0.220276
0.225973
0.326792
0.226085
0.313462
0.314702
0.220787
0.220757
0.328806
0.226311
0.226318
0.316792
0.316431
0.220963
0.220911
0.226313
0.328823
0.226324
0.3168
0.316448
0.220968
0.220914
0.326809
0.225987
0.226094
0.313489
0.314723
0.220797
0.220771
0.225357
0.317955
0.225291
0.309477
0.306586
0.220432
0.220292
0.313832
0.225766
0.2251
0.301878
0.303169
0.22058
0.221892
0.22865
0.348156
0.238349
0.310415
0.351891
0.237874
0.226128
0.437578
0.276507
0.257676
0.51415
0.43999
0.258073
0.275257
0.246778
0.178866
0.223885
0.189028
0.258423
0.232991
0.181127
0.165681
0.163886
0.16409
0.160424
0.161391
0.160856
0.159757
0.673899
0.674373
0.708821
0.688877
0.663416
0.652737
0.68792
0.236547
0.286674
0.293384
0.289991
0.239379
0.237045
0.285856
0.424244
0.382602
0.41332
0.403639
0.432543
0.411969
0.393566
0.385362
0.360005
0.385428
0.359855
0.384759
0.361554
0.361728
0.395008
0.377258
0.402553
0.36934
0.396253
0.374152
0.381493
0.392768
0.363173
0.389255
0.366386
0.392
0.367742
0.365266
0.402786
0.374874
0.40395
0.374505
0.403205
0.376775
0.37714
0.416632
0.386639
0.418268
0.386255
0.417729
0.389073
0.389406
0.409455
0.378234
0.407859
0.380418
0.409843
0.382665
0.380888
0.422804
0.390649
0.42275
0.392111
0.424124
0.395059
0.393825
0.424606
0.393738
0.426557
0.393431
0.426166
0.396614
0.396884
0.429896
0.39821
0.432317
0.398177
0.432237
0.401845
0.401873
0.427648
0.395745
0.428884
0.396345
0.429484
0.399673
0.399143
0.429907
0.398217
0.432326
0.398186
0.432249
0.401855
0.401882
0.427671
0.395768
0.428921
0.396357
0.429511
0.399689
0.399168
0.422838
0.39068
0.422812
0.392122
0.424165
0.395079
0.39386
0.424636
0.393758
0.42659
0.393449
0.426199
0.396636
0.396907
0.416655
0.386637
0.418294
0.386244
0.417751
0.389069
0.389407
0.409446
0.378166
0.407843
0.380351
0.40983
0.382609
0.380828
0.392501
0.362725
0.388871
0.366009
0.391683
0.367368
0.364831
0.402689
0.374744
0.40386
0.374335
0.40309
0.376613
0.377008
0.384756
0.359437
0.384878
0.359119
0.384082
0.360835
0.361131
0.393512
0.37477
0.400049
0.367576
0.394347
0.372217
0.379006
0.627618
0.622776
0.719814
0.557499
0.672872
0.609353
0.650035
0.4199
0.379761
0.409888
0.399379
0.427948
0.408192
0.390361
0.298196
0.285716
0.28046
0.308964
0.293565
0.301837
0.285351
0.864229
0.644417
0.473736
0.547929
0.882506
0.596992
0.529327
0.39607
0.414756
0.395493
0.415765
0.392544
0.424468
0.409335
0.519676
0.32324
0.290631
0.447251
0.565329
0.408896
0.305471
0.190894
0.186618
0.191676
0.187223
0.195479
0.188016
0.186618
0.194734
0.206414
0.200515
0.189208
0.188197
0.187268
0.19097
0.845427
0.819509
0.853044
0.867006
0.823017
0.866883
0.832472
0.305355
0.290195
0.287282
0.303047
0.318682
0.314853
0.292645
0.76991
0.636559
0.511647
0.575026
0.774525
0.608728
0.551742
0.45305
0.405995
0.420646
0.457698
0.418601
0.440543
0.469442
0.621502
0.34022
0.305003
0.518082
0.659449
0.322125
0.472182
0.208446
0.195511
0.201706
0.189732
0.188734
0.191544
0.187711
0.601009
0.551985
0.534522
0.524902
0.563783
0.54049
0.572045
0.523245
0.490818
0.507553
0.498539
0.493014
0.482773
0.511725
0.381612
0.400768
0.398763
0.408338
0.386149
0.380414
0.411049
0.431935
0.454645
0.456053
0.452395
0.491914
0.480011
0.448778
0.400952
0.357414
0.366041
0.40389
0.418039
0.365468
0.389518
0.38001
0.374587
0.36906
0.385062
0.372275
0.37948
0.373083
0.344115
0.345169
0.3212
0.311011
0.363222
0.318271
0.3341
0.456479
0.462628
0.445169
0.439415
0.468075
0.449136
0.456399
0.395271
0.387414
0.415837
0.399931
0.386604
0.396218
0.411966
0.358649
0.342828
0.336838
0.394463
0.374484
0.333794
0.372372
0.369036
0.364224
0.35947
0.359386
0.368699
0.359446
0.359602
0.382383
0.379602
0.378993
0.370659
0.372951
0.372365
0.371242
0.318096
0.323143
0.289654
0.291947
0.323451
0.292278
0.31796
0.317653
0.29319
0.323596
0.290492
0.323195
0.317686
0.292897
0.358264
0.363016
0.367951
0.358228
0.367688
0.358485
0.358548
0.37655
0.365353
0.369362
0.364443
0.375366
0.3657
0.367655
0.323312
0.339179
0.302858
0.298843
0.331531
0.327221
0.299609
0.384993
0.380919
0.38137
0.37225
0.373696
0.374034
0.372092
0.31947
0.293667
0.294138
0.323779
0.328021
0.295314
0.31737
0.359161
0.36518
0.369398
0.35991
0.370975
0.360843
0.359423
0.373542
0.369886
0.364349
0.364893
0.374708
0.365152
0.364139
0.322484
0.325794
0.294377
0.291809
0.327792
0.321361
0.294885
0.393694
0.390435
0.390099
0.381346
0.383751
0.383305
0.381758
0.368181
0.373097
0.37844
0.367954
0.377781
0.367966
0.368394
0.324173
0.295845
0.292558
0.32978
0.329184
0.295775
0.324481
0.384043
0.378603
0.373173
0.383729
0.373096
0.373243
0.37339
0.327906
0.333239
0.294294
0.297688
0.333157
0.297733
0.327935
0.397318
0.392982
0.393598
0.384725
0.386141
0.386783
0.384261
0.371363
0.377004
0.38154
0.382188
0.371634
0.371934
0.371419
0.327262
0.297385
0.294248
0.331624
0.332642
0.297613
0.326721
0.395321
0.38932
0.383453
0.383393
0.395121
0.383808
0.383924
0.411326
0.40667
0.407101
0.397257
0.399249
0.399687
0.396943
0.335739
0.341479
0.298915
0.302711
0.341297
0.302694
0.335819
0.335172
0.302345
0.340155
0.298779
0.340828
0.334835
0.302501
0.382105
0.388106
0.393543
0.382263
0.393932
0.382764
0.382453
0.388104
0.377349
0.383296
0.377669
0.388828
0.378076
0.377459
0.331764
0.335985
0.30008
0.296841
0.337312
0.331078
0.300414
0.408267
0.404285
0.404145
0.394397
0.396988
0.396742
0.394621
0.33273
0.300921
0.29726
0.338383
0.338142
0.300901
0.332844
0.379449
0.385089
0.390893
0.379365
0.390601
0.379677
0.379844
0.399617
0.393944
0.387762
0.387966
0.400095
0.38864
0.388242
0.339589
0.344622
0.305226
0.30161
0.345523
0.33914
0.305457
0.418725
0.414243
0.414251
0.403946
0.406647
0.406559
0.404034
0.387818
0.393893
0.399973
0.387837
0.400031
0.388448
0.388415
0.339367
0.305253
0.301439
0.345159
0.345257
0.305288
0.339313
0.401834
0.395509
0.389449
0.401724
0.389416
0.390072
0.390146
0.340554
0.346584
0.302101
0.306014
0.346443
0.306008
0.34062
0.419858
0.415202
0.415347
0.404996
0.407541
0.40764
0.404941
0.388771
0.394882
0.400954
0.401085
0.388826
0.389497
0.389389
0.34025
0.305882
0.302053
0.345936
0.346176
0.305931
0.340135
0.405122
0.398417
0.392338
0.392336
0.405102
0.393413
0.393419
0.42516
0.420149
0.420269
0.409576
0.412468
0.412526
0.409544
0.343229
0.349536
0.303728
0.307651
0.349539
0.307663
0.34323
0.343146
0.307626
0.34929
0.303727
0.349455
0.343066
0.307655
0.392146
0.398255
0.40484
0.392181
0.404917
0.393242
0.393166
0.40364
0.391193
0.397344
0.391265
0.403804
0.392145
0.391992
0.342274
0.348095
0.307115
0.303267
0.348435
0.34211
0.307182
0.424173
0.419373
0.419363
0.408717
0.411709
0.411601
0.408811
0.34246
0.307249
0.303328
0.348725
0.348616
0.307251
0.342513
0.391502
0.397551
0.404143
0.391477
0.404058
0.3924
0.392462
0.405128
0.398423
0.392344
0.392342
0.405109
0.393419
0.393425
0.343234
0.349542
0.307655
0.303733
0.349545
0.343235
0.307667
0.425171
0.420162
0.42028
0.409585
0.41248
0.412536
0.409556
0.392152
0.398261
0.404849
0.392186
0.404924
0.393248
0.393172
0.343149
0.307629
0.303729
0.349296
0.349458
0.307657
0.343071
0.403661
0.397361
0.391209
0.403822
0.39128
0.392159
0.392008
0.342285
0.348111
0.303271
0.307122
0.348445
0.307187
0.342124
0.424192
0.41939
0.419381
0.408734
0.411726
0.411619
0.408828
0.391515
0.397566
0.404158
0.404074
0.391489
0.392413
0.392475
0.342471
0.307256
0.303334
0.348735
0.348627
0.307258
0.342524
0.39965
0.393967
0.387782
0.387983
0.40012
0.388655
0.388263
0.418731
0.414248
0.414257
0.403949
0.406652
0.406563
0.404038
0.339605
0.344647
0.301614
0.305235
0.345535
0.305462
0.339162
0.339372
0.305255
0.345163
0.30144
0.345258
0.339321
0.305289
0.387817
0.393896
0.399976
0.387835
0.400035
0.388445
0.388413
0.401855
0.389466
0.395527
0.389433
0.401745
0.390089
0.390163
0.340572
0.346602
0.306025
0.302111
0.34646
0.340639
0.306018
0.419881
0.415223
0.415368
0.405014
0.40756
0.407659
0.404958
0.340263
0.305888
0.302058
0.345947
0.346186
0.305936
0.340148
0.388781
0.394896
0.400971
0.388836
0.401101
0.389507
0.389399
0.395334
0.389334
0.383459
0.383398
0.395136
0.383809
0.383928
0.335742
0.341482
0.30271
0.29891
0.341294
0.335827
0.30269
0.411351
0.406695
0.407124
0.397271
0.399265
0.399702
0.396957
0.38211
0.388122
0.393561
0.382268
0.393947
0.382763
0.382453
0.33517
0.302336
0.298766
0.340149
0.340818
0.30249
0.334834
0.388101
0.383293
0.37733
0.388821
0.377649
0.378044
0.377427
0.331733
0.335945
0.296805
0.300047
0.337269
0.300381
0.331049
0.408266
0.404282
0.404144
0.394388
0.396977
0.396732
0.39461
0.379435
0.385089
0.390889
0.390599
0.37935
0.379652
0.379822
0.332708
0.300899
0.297233
0.338357
0.338108
0.300877
0.332827
0.373319
0.369704
0.364116
0.36467
0.374501
0.364884
0.36385
0.393505
0.390254
0.389921
0.381151
0.383544
0.383099
0.38156
0.322258
0.325493
0.29162
0.29418
0.327532
0.294698
0.321113
0.323987
0.295706
0.329586
0.292403
0.328957
0.324314
0.295624
0.368011
0.372956
0.378283
0.367777
0.377619
0.367749
0.36819
0.383983
0.373102
0.378548
0.373018
0.383663
0.373143
0.373302
0.327822
0.333156
0.297625
0.294219
0.333045
0.327868
0.297662
0.397193
0.392856
0.393482
0.384594
0.385986
0.386643
0.384116
0.327149
0.297283
0.294148
0.331473
0.332506
0.297515
0.326601
0.371248
0.376918
0.381438
0.371523
0.382091
0.371799
0.371275
0.368684
0.363895
0.359112
0.358998
0.368304
0.358968
0.35918
0.317682
0.322752
0.291666
0.289321
0.322945
0.317615
0.291959
0.381591
0.378785
0.378259
0.369911
0.372054
0.371567
0.370405
0.357699
0.362561
0.367349
0.357708
0.367161
0.357869
0.35785
0.317146
0.292735
0.290072
0.322872
0.32262
0.292488
0.317092
0.375326
0.368486
0.364212
0.374309
0.363415
0.364418
0.366133
0.322219
0.337414
0.297917
0.301809
0.330285
0.298731
0.325812
0.383901
0.379961
0.380362
0.371223
0.372666
0.372932
0.371116
0.358398
0.364452
0.368603
0.370079
0.359073
0.359792
0.358511
0.318558
0.293077
0.293407
0.322939
0.326899
0.294628
0.316629
0.590263
0.541666
0.526574
0.516344
0.55224
0.532011
0.567745
0.511345
0.481121
0.496064
0.488259
0.484142
0.502317
0.473736
0.425364
0.479363
0.399253
0.396773
0.456841
0.38965
0.43621
0.407491
0.359903
0.412223
0.379865
0.445058
0.389373
0.371746
0.427217
0.449054
0.449523
0.446077
0.482318
0.471886
0.441954
0.378394
0.367543
0.373128
0.3705
0.382991
0.376902
0.371072
0.34172
0.343158
0.309655
0.319541
0.360284
0.332367
0.316651
0.449123
0.454631
0.438641
0.432768
0.460031
0.442003
0.44861
0.355852
0.341797
0.335492
0.398305
0.371512
0.332083
0.370967
0.392161
0.385365
0.411548
0.384151
0.397004
0.392667
0.407035
0.274892
0.269967
0.268362
0.271313
0.273849
0.270021
0.271675
0.27706
0.321166
0.325087
0.347664
0.285989
0.286077
0.34282
0.571529
0.957567
0.610563
0.971599
0.559022
0.963233
0.622542
0.580342
0.96979
0.971742
0.638033
0.967987
0.631201
0.58769
0.555559
0.535727
0.562485
0.578788
0.541059
0.549786
0.568346
0.751847
0.992775
0.697785
1.03916
0.76199
1.05803
0.685802
0.832111
1.2246
1.11898
0.933449
0.83989
0.927096
1.13874
0.277622
0.316473
0.311382
0.330076
0.285996
0.28562
0.336499
0.523875
0.947958
0.593985
0.969379
0.543592
0.940051
0.57399
0.50414
0.920499
0.9695
0.52382
0.480075
0.934216
0.550611
0.481681
0.508298
0.488683
0.499447
0.513996
0.491224
0.521482
0.608312
0.951813
0.64946
0.897393
0.927572
0.639082
0.615767
0.588866
0.896746
0.874238
0.576449
0.909417
0.591684
0.577521
0.277927
0.345885
0.339607
0.367674
0.292958
0.289583
0.375435
0.607009
0.957826
0.950244
0.66607
0.95956
0.655084
0.619784
0.598467
0.967308
0.958153
0.641898
0.591806
0.963171
0.647741
0.411025
0.430418
0.429554
0.431216
0.412902
0.411822
0.432286
0.56369
0.84208
0.553841
0.792063
0.552782
0.564419
0.837107
0.564151
0.841226
0.792164
0.554522
0.553371
0.837425
0.565374
0.414322
0.431924
0.432879
0.435032
0.414294
0.415498
0.433804
0.567611
0.851149
0.55618
0.818218
0.861814
0.558865
0.566279
0.568862
0.885464
0.831953
0.567099
0.571493
0.873719
0.561959
0.284301
0.352361
0.357369
0.389508
0.296077
0.297714
0.383474
0.646114
0.959412
0.677752
0.943754
0.632796
0.965506
0.689735
0.651191
0.980321
0.951411
0.686343
0.974273
0.694689
0.641381
0.26422
0.321164
0.323451
0.348423
0.272402
0.273595
0.345744
0.585675
0.934707
0.625325
0.921462
0.58065
0.936529
0.63007
0.58839
0.942496
0.922203
0.634997
0.938309
0.632672
0.590593
0.423489
0.443077
0.442438
0.444364
0.425301
0.424596
0.445101
0.575618
0.837384
0.797385
0.56704
0.564506
0.842494
0.578166
0.571931
0.846049
0.801788
0.557383
0.560868
0.568131
0.847097
0.260869
0.318161
0.31521
0.338442
0.270781
0.269292
0.342006
0.568595
0.932992
0.925489
0.618742
0.573822
0.936643
0.61485
0.582742
0.972984
0.940127
0.660816
0.614873
0.952161
0.629445
0.42735
0.445287
0.446293
0.448402
0.427561
0.428597
0.447282
0.584202
0.833824
0.570076
0.786511
0.831152
0.581185
0.573143
0.586691
0.82895
0.784545
0.577758
0.829258
0.575763
0.588598
0.265026
0.323609
0.32386
0.347313
0.273902
0.273984
0.346772
0.575584
0.932994
0.926218
0.615261
0.936913
0.617996
0.573157
0.589539
0.950175
0.936957
0.636454
0.592109
0.952066
0.633846
0.443573
0.462735
0.46345
0.466324
0.444743
0.445461
0.465522
0.608143
0.864735
0.595106
0.817904
0.597402
0.605955
0.864059
0.609711
0.861102
0.816449
0.600355
0.598983
0.862713
0.610842
0.440295
0.46047
0.460169
0.46291
0.442458
0.442078
0.463269
0.600383
0.863934
0.591887
0.81718
0.863767
0.589489
0.60278
0.59713
0.834974
0.802942
0.581864
0.592633
0.848447
0.586094
0.265451
0.323939
0.324596
0.347937
0.274024
0.274297
0.347008
0.576884
0.935001
0.61598
0.927021
0.573947
0.93829
0.619166
0.580788
0.945343
0.929419
0.627596
0.941753
0.623253
0.584903
0.267343
0.330595
0.330855
0.356581
0.276923
0.276945
0.356018
0.602212
0.95645
0.643418
0.941139
0.599638
0.958596
0.646264
0.605286
0.964048
0.943166
0.651478
0.961526
0.649643
0.606545
0.452004
0.47215
0.472224
0.475468
0.45424
0.454198
0.4754
0.618797
0.855589
0.81394
0.607672
0.608436
0.859721
0.617871
0.618183
0.863087
0.816946
0.604583
0.607756
0.615162
0.862857
0.266873
0.329864
0.328983
0.353789
0.276657
0.276209
0.35503
0.593407
0.953882
0.93818
0.640163
0.596643
0.953166
0.636955
0.591452
0.949889
0.939003
0.631303
0.588203
0.953062
0.634826
0.453276
0.473251
0.473495
0.476766
0.455299
0.455491
0.476501
0.620318
0.854551
0.608961
0.808077
0.853498
0.619174
0.610218
0.621599
0.852112
0.807233
0.612977
0.852594
0.611592
0.622897
0.261354
0.310077
0.314342
0.335214
0.266729
0.268565
0.328729
0.564301
0.947923
0.974561
0.583192
0.973809
0.612142
0.539837
0.591516
0.966329
0.96146
0.649236
0.603876
0.972969
0.639768
0.459951
0.480521
0.480715
0.484581
0.462575
0.46268
0.484396
0.630159
0.978353
0.618142
0.932898
0.619269
0.628894
0.981623
0.63096
0.982848
0.939062
0.620396
0.620159
0.988849
0.631228
0.458704
0.479489
0.479362
0.483132
0.461525
0.461354
0.483274
0.625942
0.958033
0.614988
0.864679
0.911057
0.615823
0.626272
0.627978
0.855688
0.825093
0.616838
0.626472
0.869961
0.617908
0.258163
0.306329
0.303349
0.320075
0.265243
0.263991
0.323747
0.514011
0.924071
0.563616
0.92227
0.523137
0.913754
0.554338
0.510871
0.906992
0.92367
0.547458
0.915469
0.551277
0.507237
0.261328
0.310031
0.314299
0.335163
0.266697
0.268536
0.328675
0.564184
0.947788
0.583071
0.974452
0.539722
0.973665
0.612014
0.591384
0.96624
0.961366
0.649116
0.972838
0.639625
0.603759
0.459964
0.480539
0.480728
0.484595
0.462593
0.462693
0.484415
0.630167
0.978349
0.932894
0.618162
0.619279
0.981608
0.628911
0.630966
0.982793
0.939026
0.620402
0.620166
0.631235
0.988803
0.258135
0.306286
0.303305
0.320025
0.265213
0.26396
0.323698
0.513911
0.923949
0.92216
0.56351
0.523036
0.913627
0.554233
0.510769
0.906845
0.923542
0.547354
0.507136
0.915324
0.55117
0.458725
0.479509
0.479384
0.483156
0.461546
0.461377
0.483296
0.625959
0.958032
0.615017
0.864708
0.911065
0.626298
0.615841
0.627999
0.855707
0.825136
0.616895
0.869987
0.617929
0.626523
0.267368
0.330636
0.330893
0.356615
0.27695
0.276969
0.356056
0.602269
0.95657
0.941262
0.643473
0.958728
0.646319
0.599698
0.605337
0.964134
0.943297
0.651488
0.606556
0.96166
0.649695
0.452006
0.472153
0.472227
0.475472
0.454245
0.454203
0.475404
0.61883
0.855542
0.607683
0.813892
0.608478
0.617875
0.85967
0.618259
0.863105
0.816932
0.604699
0.607842
0.862842
0.615268
0.453301
0.473279
0.473523
0.476796
0.455327
0.455518
0.476531
0.620359
0.854581
0.609008
0.808114
0.853543
0.610266
0.619215
0.621644
0.852159
0.807286
0.613021
0.622936
0.852653
0.611642
0.266878
0.329876
0.328984
0.353782
0.276664
0.27621
0.355035
0.593369
0.953896
0.640147
0.938141
0.596636
0.95313
0.636907
0.59142
0.949931
0.938993
0.631292
0.953055
0.634784
0.588202
0.26502
0.323587
0.323839
0.347274
0.273887
0.273971
0.346733
0.575433
0.932803
0.615094
0.92596
0.57302
0.936676
0.617806
0.589379
0.94995
0.936676
0.63628
0.951813
0.633646
0.591974
0.443599
0.462773
0.463486
0.466363
0.444775
0.445492
0.465563
0.608215
0.864636
0.817809
0.595195
0.597485
0.863958
0.606034
0.609777
0.861019
0.816366
0.600412
0.599059
0.610888
0.862623
0.265438
0.323916
0.324566
0.347891
0.27401
0.274278
0.34697
0.576752
0.934849
0.926856
0.615838
0.573827
0.938126
0.619013
0.580679
0.945265
0.929288
0.627509
0.584831
0.941623
0.623129
0.440292
0.460473
0.460176
0.462919
0.442455
0.442078
0.463274
0.600432
0.863782
0.591943
0.817025
0.863604
0.602826
0.58955
0.597182
0.834723
0.802723
0.581896
0.848226
0.58615
0.592663
0.264221
0.321155
0.323442
0.348396
0.2724
0.273591
0.345717
0.585493
0.934132
0.920889
0.625058
0.936046
0.629825
0.580455
0.588239
0.942183
0.921747
0.634805
0.590447
0.937922
0.632467
0.42328
0.442889
0.442253
0.444168
0.425085
0.42438
0.444902
0.575414
0.836484
0.566838
0.796322
0.564285
0.577978
0.841446
0.571657
0.844454
0.800493
0.55693
0.560564
0.845816
0.567713
0.42721
0.445154
0.446171
0.448271
0.427402
0.428452
0.447139
0.584106
0.833094
0.569936
0.785893
0.830548
0.573041
0.581054
0.586619
0.828544
0.78404
0.577701
0.588541
0.828765
0.575689
0.260882
0.318148
0.315212
0.338428
0.270778
0.269304
0.341976
0.568369
0.932312
0.618439
0.924544
0.573598
0.935845
0.614531
0.582494
0.971703
0.938928
0.660418
0.951143
0.629086
0.614616
0.278071
0.346047
0.339805
0.367937
0.293117
0.289773
0.375643
0.606906
0.955395
0.665647
0.947016
0.619586
0.95697
0.654747
0.598444
0.964401
0.954709
0.641768
0.960433
0.647524
0.591871
0.410096
0.429417
0.428647
0.430234
0.411805
0.410837
0.431202
0.562684
0.839121
0.789431
0.552592
0.551695
0.834521
0.563255
0.563343
0.839254
0.789871
0.55384
0.552505
0.564742
0.835163
0.284387
0.352492
0.357472
0.389629
0.296211
0.297828
0.383634
0.645836
0.957216
0.941427
0.677288
0.632563
0.963564
0.689261
0.650914
0.978785
0.949364
0.685895
0.641088
0.972549
0.694224
0.413085
0.430815
0.431714
0.433771
0.413067
0.414183
0.432607
0.566365
0.84779
0.554827
0.814387
0.858053
0.565057
0.557462
0.567469
0.880882
0.827647
0.565214
0.869504
0.560326
0.569846
0.277465
0.321648
0.325545
0.348252
0.286761
0.286617
0.34334
0.571464
0.954724
0.967397
0.610382
0.959714
0.622362
0.558917
0.580398
0.966642
0.967569
0.637972
0.587781
0.964627
0.631094
0.543325
0.524909
0.549489
0.566962
0.530388
0.557493
0.538584
0.750128
0.989155
0.69838
1.04667
0.767655
0.681846
1.0587
0.833799
1.19994
1.12699
0.937007
0.851963
0.923956
1.13624
0.473916
0.499499
0.481672
0.491668
0.504518
0.483055
0.511986
0.60497
0.946172
0.647389
0.892403
0.921766
0.613028
0.635003
0.586249
0.891678
0.868964
0.574132
0.575475
0.903934
0.589071
0.278648
0.316965
0.31215
0.330533
0.286962
0.286991
0.336872
0.530023
0.94871
0.595022
0.982891
0.544569
0.953465
0.580551
0.523865
0.98098
1.00802
0.565745
0.522908
0.975853
0.57047
0.262654
0.270113
0.265122
0.264824
0.265806
0.263
0.269383
0.259473
0.257965
0.262427
0.260151
0.258959
0.257759
0.263609
0.9428
0.796485
0.790669
0.793248
0.833167
0.826983
0.867564
0.270175
0.27495
0.279599
0.278163
0.268434
0.271156
0.273894
0.424252
0.588114
0.435273
0.430552
0.557525
0.420144
0.580993
0.272
0.265655
0.262959
0.266972
0.268895
0.2679
0.265855
0.484725
0.60475
0.474742
0.637998
0.471748
0.48812
0.633308
0.494862
0.616449
0.479091
0.642405
0.481192
0.492479
0.646221
0.65688
0.660521
0.668685
0.714293
0.690097
0.701527
0.836016
0.857077
0.84803
0.774386
0.772062
0.785845
0.462906
0.584539
0.446873
0.606495
0.450568
0.612474
0.458653
0.448738
0.569869
0.441633
0.602795
0.437538
0.596887
0.453277
0.625044
0.640969
0.635215
0.626963
0.620401
0.629617
0.616483
0.623868
0.625009
0.625736
0.614435
0.624048
0.501681
0.617093
0.485128
0.646561
0.484799
0.502182
0.646862
0.5059
0.619161
0.48888
0.649384
0.488802
0.505813
0.648864
0.637792
0.64608
0.646626
0.644553
0.634762
0.644238
0.62658
0.636246
0.636013
0.640353
0.631972
0.640587
0.486633
0.605207
0.467153
0.640298
0.46811
0.640768
0.485397
0.509537
0.629098
0.485797
0.657263
0.491392
0.66432
0.502438
0.639856
0.649718
0.649346
0.651458
0.643024
0.651935
0.645792
0.654237
0.654802
0.653853
0.643849
0.653346
0.5305
0.643862
0.511981
0.674384
0.512539
0.529909
0.675501
0.531071
0.643248
0.514032
0.676587
0.513305
0.53184
0.675408
0.66778
0.676795
0.677167
0.678436
0.668506
0.678072
0.666106
0.675785
0.675667
0.678013
0.668942
0.678248
0.526365
0.640699
0.508726
0.673292
0.508167
0.671945
0.526952
0.52674
0.642652
0.507887
0.672578
0.508429
0.673816
0.526155
0.668836
0.678625
0.678387
0.678952
0.669787
0.679181
0.670742
0.679979
0.680161
0.67999
0.670226
0.679765
0.517874
0.651243
0.48313
0.637364
0.500869
0.498678
0.67974
0.518734
0.626632
0.505685
0.66414
0.503574
0.52182
0.658348
0.674172
0.683759
0.683681
0.683796
0.674345
0.683827
0.674612
0.684118
0.684103
0.684096
0.674551
0.68405
0.475645
0.604118
0.458667
0.625791
0.461447
0.629688
0.472195
0.469117
0.602118
0.457368
0.628333
0.456382
0.627097
0.470339
0.673399
0.682788
0.682865
0.682863
0.673213
0.682731
0.67269
0.682364
0.682229
0.682604
0.673262
0.682721
0.513068
0.632399
0.494448
0.664419
0.494335
0.513152
0.663714
0.515074
0.635407
0.496183
0.667325
0.496106
0.515262
0.667514
0.657715
0.66752
0.667241
0.668668
0.659838
0.669034
0.661777
0.670661
0.671033
0.670449
0.660551
0.670077
0.517528
0.63528
0.499102
0.665452
0.499201
0.666055
0.51749
0.520165
0.636569
0.501998
0.668341
0.501768
0.667507
0.52034
0.655456
0.664137
0.664613
0.66389
0.653971
0.663487
0.649266
0.658957
0.658764
0.661479
0.65277
0.661814
0.503658
0.621578
0.487561
0.652059
0.488846
0.501847
0.652544
0.499522
0.621986
0.485869
0.650274
0.485672
0.49999
0.650953
0.620055
0.630716
0.629581
0.629317
0.621567
0.630293
0.623177
0.63113
0.631865
0.630964
0.620721
0.630168
0.528011
0.646971
0.511931
0.674568
0.51257
0.678571
0.528527
0.539598
0.656297
0.522035
0.686251
0.522705
0.687369
0.538469
0.62293
0.630564
0.63162
0.631502
0.62147
0.630949
0.615302
0.62552
0.624738
0.628158
0.620286
0.628604
0.503563
0.621484
0.487462
0.651978
0.488753
0.501743
0.652463
0.499396
0.621879
0.485762
0.650173
0.485562
0.499873
0.650862
0.620742
0.63148
0.630297
0.629926
0.622208
0.630945
0.623601
0.631532
0.63229
0.631483
0.621181
0.630656
0.623766
0.631385
0.632456
0.632284
0.622212
0.631724
0.626332
0.616047
0.625524
0.628922
0.621064
0.629377
0.527975
0.646953
0.511904
0.674565
0.512533
0.678563
0.5285
0.539595
0.656314
0.522028
0.686268
0.522704
0.687392
0.53846
0.513079
0.632414
0.494458
0.664437
0.494345
0.513163
0.663731
0.515074
0.63541
0.496182
0.667329
0.496105
0.515262
0.667519
0.657676
0.66749
0.667206
0.66864
0.659819
0.669013
0.661784
0.67066
0.67104
0.67043
0.660523
0.67005
0.655454
0.664131
0.664606
0.663896
0.653974
0.663498
0.658936
0.649236
0.658737
0.661466
0.652759
0.661801
0.517566
0.635331
0.499138
0.665506
0.499237
0.666109
0.517527
0.520196
0.636611
0.502033
0.668387
0.501799
0.667549
0.520376
0.517981
0.651384
0.483222
0.637492
0.500971
0.498772
0.679889
0.518833
0.626759
0.505781
0.664276
0.50367
0.52192
0.658481
0.674161
0.683754
0.683672
0.683791
0.674349
0.683829
0.674612
0.684108
0.684101
0.6841
0.674547
0.684048
0.673389
0.682769
0.682854
0.682858
0.673199
0.68272
0.68234
0.67266
0.682201
0.682588
0.673256
0.682713
0.475741
0.604249
0.45876
0.625927
0.461541
0.629825
0.472291
0.469222
0.602261
0.457468
0.62848
0.456484
0.627245
0.470441
0.530615
0.644006
0.512091
0.674534
0.512649
0.530023
0.675652
0.531168
0.643373
0.514126
0.676719
0.513399
0.531938
0.67554
0.667761
0.676785
0.677148
0.678425
0.668502
0.678066
0.666168
0.675838
0.675722
0.678035
0.668955
0.678269
0.668858
0.678637
0.678407
0.678974
0.669797
0.679193
0.680003
0.670755
0.680177
0.680008
0.670255
0.679791
0.526388
0.640723
0.508745
0.673313
0.508188
0.67197
0.526971
0.526787
0.642709
0.507931
0.672632
0.508475
0.673874
0.526199
0.501683
0.617092
0.485133
0.646565
0.484801
0.502188
0.646861
0.505917
0.619178
0.488894
0.649402
0.488817
0.505828
0.648883
0.637623
0.645924
0.646461
0.644385
0.634612
0.644077
0.626343
0.635976
0.635757
0.640168
0.631778
0.640398
0.639761
0.649602
0.649241
0.651379
0.642932
0.651846
0.654183
0.645719
0.654733
0.653782
0.643802
0.65329
0.486617
0.605176
0.467138
0.640265
0.468094
0.640736
0.485382
0.509502
0.629043
0.485765
0.657215
0.491354
0.664265
0.502411
0.486089
0.606262
0.475101
0.63932
0.472302
0.48898
0.635168
0.495243
0.616861
0.479328
0.643061
0.481396
0.493015
0.64674
0.653193
0.658049
0.664354
0.682842
0.682227
0.69152
0.926902
0.988607
1.05686
0.623462
0.638834
0.633487
0.625806
0.619128
0.628256
0.62302
0.6156
0.624118
0.624722
0.613575
0.623126
0.487801
0.615743
0.472004
0.643919
0.471246
0.647142
0.488932
0.620792
0.622618
0.61531
0.643358
0.610763
0.631513
0.625519
0.630356
0.589837
0.645452
0.660314
0.644345
0.606124
0.623702
0.170157
0.177058
0.1718
0.167017
0.165747
0.16529
0.166837
0.245465
0.255103
0.256857
0.24249
0.240475
0.247222
0.251385
0.215793
0.217293
0.227033
0.206986
0.211528
0.217565
0.209073
0.225206
0.281693
0.236714
0.222391
0.220127
0.236243
0.214107
0.276614
0.295001
0.275533
0.265198
0.271793
0.267146
0.271018
0.272052
0.425399
0.242188
0.512786
0.271999
0.433106
0.243853
0.490059
0.358561
0.464767
0.334612
0.290925
0.3472
0.281327
0.372626
0.27202
0.325471
0.335765
0.370104
0.330803
0.282815
0.212756
0.208961
0.189305
0.219366
0.193125
0.195861
0.190829
0.634516
0.731261
0.675456
0.650887
0.705309
0.662453
0.670192
0.500981
0.284532
0.351794
0.373598
0.547742
0.356728
0.295626
0.216085
0.211339
0.189922
0.222942
0.193734
0.196551
0.191554
0.225995
0.284715
0.237752
0.223348
0.221677
0.238512
0.215175
0.279493
0.296502
0.277376
0.267014
0.27877
0.270594
0.274498
0.472364
0.48153
0.453473
0.434787
0.442896
0.430261
0.448729
0.308714
0.306733
0.296248
0.290883
0.310066
0.29623
0.296273
0.302475
0.303782
0.349942
0.305274
0.294932
0.316107
0.315038
0.484341
0.472276
0.452496
0.45769
0.437295
0.416869
0.429693
0.466287
0.458891
0.449547
0.449294
0.475971
0.464458
0.459643
0.371407
0.372326
0.367897
0.358368
0.3701
0.359532
0.387532
0.387785
0.418974
0.389061
0.390953
0.406979
0.382361
0.395795
0.407327
0.424985
0.428784
0.424191
0.409433
0.407673
0.430683
0.366484
0.355968
0.36653
0.372821
0.382783
0.357007
0.364846
0.373994
0.405684
0.385027
0.378563
0.385981
0.374439
0.392944
0.297292
0.296688
0.30304
0.338004
0.291269
0.312381
0.304754
0.440588
0.391212
0.385333
0.415605
0.401135
0.373689
0.377111
0.36562
0.369512
0.355721
0.360304
0.367627
0.37502
0.354992
0.390239
0.425521
0.396384
0.386458
0.413542
0.38361
0.395432
0.368081
0.359607
0.366722
0.376531
0.383509
0.358143
0.371091
0.634282
0.599201
0.605871
0.605328
0.612067
0.623403
0.61992
0.483163
0.408097
0.442582
0.444125
0.415404
0.480294
0.410803
0.590607
0.544655
0.579436
0.565053
0.541897
0.538189
0.5749
0.545975
0.5225
0.530466
0.553476
0.565442
0.573404
0.528099
0.433278
0.399767
0.37655
0.423529
0.468846
0.39685
0.407693
1.05175
1.19164
1.13858
1.44855
1.18476
1.19342
1.47792
1.36787
1.14415
1.13691
1.77276
1.62489
1.76873
1.61168
0.278659
0.277955
0.285944
0.292673
0.282213
0.283176
0.283684
0.891177
0.484576
0.448854
0.412176
0.893588
0.837354
0.443355
0.39029
0.865927
0.701358
0.403879
0.81727
0.418028
0.379682
0.615245
0.527274
0.602065
0.60314
0.540664
0.613546
0.529637
1.23197
1.05031
1.03784
1.22269
1.22108
1.2216
1.22492
1.30844
1.17838
1.21885
1.08534
1.32462
1.25193
1.03928
0.285496
0.288178
0.295195
0.305526
0.288918
0.291026
0.297051
0.954436
0.561543
0.527363
0.518365
0.972959
0.92147
0.550145
0.48642
0.814224
0.922067
0.485289
0.877046
0.516104
0.457605
0.923085
0.669415
0.674709
0.800776
0.805598
0.901445
0.648751
0.63108
0.618151
0.61709
0.622961
0.637466
0.632127
0.626938
0.621115
0.639451
0.627156
0.635057
0.632185
0.625223
0.623789
0.581528
0.594747
0.607918
0.616258
0.602353
0.587971
0.58171
0.926197
0.916185
0.927502
0.93231
0.93945
0.946225
0.896322
0.895208
0.92868
0.989887
0.973136
0.756191
0.81934
0.805326
0.945583
1.02634
0.434714
0.568676
0.420719
0.562261
0.426326
0.58994
0.429492
0.408278
0.455622
0.406932
0.519775
0.398897
0.503964
0.416365
0.40028
0.433193
0.492826
0.391021
0.385825
0.480063
0.407069
0.165436
0.170776
0.164932
0.16536
0.164124
0.164605
0.163009
0.237803
0.228209
0.226928
0.225828
0.245046
0.235381
0.229194
0.28995
0.250378
0.316821
0.226412
0.240433
0.246012
0.233418
0.309922
0.311344
0.354642
0.262685
0.263724
0.270717
0.27129
0.294401
0.255779
0.341064
0.228585
0.243967
0.252021
0.236416
0.306252
0.332151
0.357686
0.264868
0.266686
0.276288
0.276005
0.340006
0.33252
0.344003
0.326502
0.323791
0.329656
0.316245
0.321453
0.333798
0.344434
0.33103
0.310138
0.304591
0.327046
0.276248
0.25605
0.261019
0.270551
0.262238
0.269981
0.282719
0.302634
0.345704
0.312529
0.322051
0.336425
0.310241
0.356986
0.396814
0.516203
0.403236
0.430447
0.385898
0.380951
0.44814
0.466794
0.465675
0.474401
0.443183
0.447474
0.452364
0.446632
0.447282
0.415849
0.397447
0.427014
0.439469
0.456178
0.44764
0.869821
0.853735
0.940489
0.667367
0.702961
0.741775
0.694811
0.314812
0.363396
0.330632
0.351627
0.359636
0.329706
0.397416
0.494885
0.590637
0.520046
0.483132
0.467521
0.446769
0.516117
0.543858
0.479154
0.515677
0.48214
0.56166
0.513842
0.505888
0.436294
0.41374
0.40622
0.446609
0.446016
0.463702
0.461881
0.718704
0.749464
0.79099
0.605973
0.643352
0.684067
0.648071
0.90947
0.991061
1.00301
0.803155
0.735648
0.796765
0.724416
0.456121
0.339125
0.357686
0.400454
0.457744
0.357611
0.393224
0.239847
0.265943
0.242572
0.247546
0.226412
0.247986
0.234046
0.182506
0.18219
0.181609
0.180407
0.180451
0.180768
0.179858
0.276588
0.273756
0.273994
0.271324
0.272463
0.273517
0.268921
0.449806
0.457751
0.43446
0.451432
0.427138
0.427101
0.436005
0.254099
0.271209
0.284538
0.278715
0.260752
0.256619
0.272226
0.436509
0.374192
0.426208
0.375602
0.428921
0.421738
0.372803
0.598177
0.459611
0.547953
0.500454
0.602437
0.527454
0.493929
0.260757
0.253567
0.261846
0.249405
0.255669
0.255292
0.248239
0.229239
0.251789
0.232556
0.245125
0.230216
0.225559
0.227072
0.614998
0.643489
0.629695
0.619424
0.634203
0.619055
0.608746
0.636155
0.60454
0.620429
0.605617
0.598844
0.61741
0.589891
0.584704
0.591189
0.603042
0.592367
0.571673
0.578584
0.580541
0.566237
0.5491
0.529666
0.539784
0.554874
0.53813
0.556183
0.630842
0.5795
0.61947
0.599835
0.557408
0.608389
0.558777
0.575948
0.56739
0.525536
0.535211
0.583774
0.536748
0.562311
0.591551
0.57674
0.605685
0.590023
0.564785
0.580933
0.560424
0.385502
0.390109
0.391231
0.385636
0.38176
0.38446
0.382135
0.409348
0.40944
0.402848
0.396272
0.410114
0.401379
0.403731
0.390361
0.40133
0.396445
0.391448
0.390856
0.387345
0.397245
0.387895
0.386747
0.391964
0.382676
0.383186
0.386145
0.393767
0.386121
0.387395
0.384866
0.38051
0.383839
0.390598
0.382636
0.392884
0.40664
0.396685
0.392083
0.39797
0.389285
0.400373
0.381616
0.376548
0.376626
0.378659
0.380233
0.377116
0.379931
0.372698
0.376643
0.376386
0.370096
0.3693
0.370561
0.368966
0.382898
0.379478
0.379559
0.371539
0.37327
0.373301
0.371605
0.37237
0.376008
0.376081
0.369912
0.368858
0.368707
0.370048
0.364247
0.361799
0.361402
0.360238
0.361693
0.36435
0.361116
0.366669
0.369171
0.360912
0.361766
0.367091
0.368741
0.361347
0.366599
0.36866
0.361591
0.360979
0.368697
0.366646
0.361372
0.36435
0.362084
0.360332
0.36158
0.364725
0.36183
0.361146
0.381092
0.387087
0.385767
0.378966
0.378225
0.380847
0.377058
0.392753
0.388371
0.388733
0.379424
0.381039
0.381745
0.379048
0.379922
0.38426
0.384463
0.37731
0.375782
0.37569
0.377219
0.371473
0.368416
0.368964
0.367363
0.368415
0.368999
0.371291
0.376622
0.382792
0.373222
0.375377
0.379269
0.379688
0.372408
0.374423
0.376481
0.369711
0.370594
0.377242
0.370063
0.373975
0.373472
0.371581
0.369329
0.373475
0.375542
0.370309
0.371112
0.377317
0.380365
0.381111
0.374805
0.373347
0.374278
0.373571
0.389219
0.386362
0.385812
0.377413
0.379952
0.37923
0.378051
0.378478
0.382637
0.382272
0.375781
0.374967
0.374623
0.376305
0.370119
0.367748
0.367635
0.36608
0.36746
0.367065
0.370592
0.371638
0.372577
0.365949
0.365491
0.370694
0.373813
0.366406
0.372588
0.375505
0.368012
0.366946
0.374809
0.367363
0.373192
0.369179
0.3662
0.365122
0.365561
0.368551
0.366501
0.366124
0.388224
0.392668
0.392423
0.385303
0.384194
0.385583
0.384003
0.399942
0.395873
0.396105
0.386965
0.388963
0.389109
0.386891
0.38793
0.391955
0.392149
0.385076
0.383767
0.383737
0.385063
0.378981
0.375904
0.375753
0.37437
0.375898
0.375636
0.378959
0.382028
0.384954
0.375937
0.376502
0.382283
0.384676
0.376239
0.381895
0.384417
0.376212
0.375867
0.384548
0.376159
0.381827
0.379118
0.376173
0.374489
0.375995
0.379329
0.376042
0.375733
0.400005
0.404765
0.404707
0.39689
0.395524
0.397106
0.395383
0.413193
0.408733
0.408892
0.398889
0.401289
0.401375
0.398845
0.39979
0.404335
0.404482
0.396731
0.395224
0.395207
0.396722
0.390349
0.386802
0.386964
0.385271
0.386814
0.390319
0.386909
0.393859
0.397228
0.387678
0.388021
0.39407
0.396984
0.387806
0.393746
0.396777
0.387729
0.387595
0.396873
0.393688
0.38772
0.390463
0.387022
0.385374
0.387201
0.390626
0.386929
0.387002
0.39242
0.396329
0.396758
0.389561
0.387984
0.389168
0.388156
0.4057
0.401956
0.401706
0.39218
0.394807
0.394434
0.392503
0.393204
0.39773
0.397594
0.390214
0.389002
0.388833
0.390473
0.38409
0.380972
0.381148
0.379403
0.380846
0.380857
0.384311
0.386546
0.388413
0.380637
0.380204
0.385847
0.38934
0.380879
0.387184
0.390366
0.381845
0.381321
0.390022
0.381523
0.387477
0.383475
0.380013
0.378798
0.379832
0.383012
0.38024
0.380241
0.40443
0.408849
0.409271
0.401379
0.399643
0.401098
0.399765
0.418865
0.414446
0.414391
0.404086
0.40685
0.406707
0.404215
0.404942
0.40981
0.409811
0.401819
0.400295
0.400218
0.401928
0.395477
0.391798
0.392268
0.390329
0.391768
0.392199
0.395537
0.39865
0.401244
0.392748
0.392213
0.398118
0.401956
0.392765
0.39907
0.4025
0.393274
0.393205
0.402403
0.393194
0.399153
0.395074
0.391193
0.389937
0.391434
0.394718
0.391373
0.391792
0.406736
0.411817
0.411672
0.403631
0.402063
0.403752
0.401983
0.420835
0.41617
0.416269
0.40585
0.408504
0.408539
0.405843
0.406649
0.411499
0.411604
0.403525
0.401904
0.401877
0.40354
0.397063
0.393254
0.393644
0.391746
0.39327
0.393654
0.397032
0.400837
0.404374
0.394804
0.394859
0.400935
0.404253
0.394768
0.40074
0.404067
0.394643
0.394715
0.404149
0.394684
0.400688
0.397151
0.393383
0.391816
0.393803
0.39722
0.393349
0.393731
0.410359
0.415592
0.415673
0.407356
0.405488
0.407385
0.40546
0.425615
0.42059
0.420672
0.409939
0.412924
0.41293
0.409945
0.410333
0.415546
0.415641
0.407336
0.405462
0.40544
0.407352
0.400932
0.39681
0.397516
0.395185
0.396823
0.400913
0.397514
0.404979
0.408742
0.399225
0.39891
0.404973
0.408754
0.39891
0.404964
0.408695
0.398887
0.399224
0.408738
0.404936
0.398907
0.400944
0.396825
0.39519
0.397531
0.400939
0.396832
0.397518
0.408634
0.413662
0.413677
0.405587
0.403848
0.405536
0.403855
0.423498
0.418794
0.41878
0.408199
0.411116
0.41101
0.408295
0.408864
0.413934
0.413966
0.405767
0.404081
0.404025
0.405847
0.399356
0.395446
0.39605
0.393888
0.39543
0.396001
0.399395
0.402993
0.406313
0.397152
0.396836
0.402829
0.406543
0.397005
0.403186
0.406825
0.39726
0.397374
0.406758
0.397205
0.403244
0.399179
0.395215
0.393733
0.39573
0.399074
0.395268
0.395823
0.410365
0.415598
0.41568
0.407362
0.405494
0.407392
0.405466
0.425624
0.420599
0.42068
0.409947
0.412933
0.412939
0.409953
0.41034
0.415554
0.415649
0.407343
0.405469
0.405448
0.40736
0.40094
0.396817
0.397523
0.395192
0.39683
0.397521
0.400921
0.404987
0.40875
0.399233
0.398917
0.40498
0.408763
0.398918
0.404972
0.408704
0.398895
0.399232
0.408747
0.398914
0.404945
0.400951
0.396831
0.395197
0.397538
0.400945
0.396839
0.397526
0.408657
0.41369
0.413702
0.405609
0.40387
0.40556
0.403876
0.423521
0.418815
0.418802
0.408219
0.411136
0.411031
0.408314
0.408884
0.413954
0.413987
0.405786
0.404099
0.404043
0.405865
0.399373
0.395461
0.396063
0.393901
0.395445
0.396015
0.399411
0.403014
0.406341
0.397168
0.396857
0.402854
0.406566
0.397021
0.403205
0.406843
0.397273
0.397387
0.406778
0.397219
0.403261
0.399199
0.395235
0.393749
0.395749
0.399096
0.395285
0.395839
0.404465
0.408893
0.409309
0.401412
0.399677
0.401135
0.399797
0.418902
0.414476
0.414426
0.404114
0.406876
0.406737
0.404239
0.40497
0.409838
0.409843
0.401846
0.400318
0.400243
0.401952
0.395498
0.391815
0.392281
0.390343
0.391786
0.395556
0.392214
0.398681
0.401287
0.392768
0.392241
0.398156
0.401989
0.392785
0.399094
0.402523
0.393287
0.393221
0.402429
0.399175
0.39321
0.3951
0.39122
0.389956
0.391458
0.39475
0.391396
0.391812
0.406759
0.41184
0.411696
0.403653
0.402084
0.403773
0.402004
0.420863
0.416196
0.416296
0.405873
0.408528
0.408564
0.405865
0.406673
0.411524
0.411628
0.403547
0.401925
0.401898
0.403561
0.397084
0.393273
0.393661
0.391762
0.393289
0.393671
0.397052
0.40086
0.404398
0.394823
0.394878
0.400958
0.404278
0.394787
0.400762
0.404091
0.394661
0.394734
0.404173
0.394703
0.40071
0.397172
0.393402
0.391833
0.393821
0.397241
0.393368
0.39375
0.40002
0.404782
0.404724
0.396903
0.395537
0.397119
0.395396
0.413214
0.408753
0.408912
0.398902
0.401302
0.401389
0.398856
0.399807
0.404354
0.404501
0.396743
0.395236
0.39522
0.396734
0.390354
0.386804
0.386958
0.385269
0.386817
0.386905
0.390322
0.393868
0.39724
0.387674
0.38802
0.394081
0.396994
0.387804
0.393752
0.396783
0.387721
0.387589
0.39688
0.387715
0.393694
0.39047
0.387028
0.385374
0.3872
0.390634
0.386935
0.387001
0.392418
0.396326
0.396756
0.389548
0.387973
0.389152
0.388147
0.405696
0.401946
0.401702
0.392165
0.394785
0.394418
0.392482
0.393199
0.397722
0.39759
0.3902
0.388988
0.388822
0.390455
0.38406
0.380939
0.381096
0.379361
0.380815
0.380809
0.384277
0.386515
0.388378
0.380579
0.380145
0.385813
0.389308
0.380825
0.387154
0.39033
0.381788
0.381264
0.38999
0.38147
0.387442
0.383445
0.37998
0.378756
0.379779
0.382979
0.380209
0.380192
0.377087
0.380104
0.380866
0.374541
0.373089
0.373992
0.373328
0.388966
0.38612
0.385575
0.377152
0.379674
0.378953
0.377786
0.378264
0.382409
0.382048
0.375538
0.374736
0.374398
0.376056
0.369833
0.367469
0.3673
0.365778
0.367186
0.370301
0.366738
0.371314
0.372199
0.365559
0.365083
0.37034
0.373472
0.366033
0.372288
0.375188
0.36766
0.366583
0.374493
0.372888
0.367016
0.368871
0.36589
0.364797
0.365181
0.368219
0.366206
0.365772
0.388163
0.392604
0.392359
0.38523
0.384126
0.385509
0.383936
0.39986
0.395789
0.396029
0.386876
0.388856
0.389014
0.38679
0.387862
0.391878
0.392079
0.384994
0.383686
0.383663
0.384972
0.378877
0.375797
0.375614
0.374255
0.375798
0.375509
0.378845
0.381932
0.384858
0.375807
0.376383
0.38219
0.384575
0.376118
0.381786
0.384288
0.37606
0.375722
0.384433
0.376023
0.381706
0.379027
0.376084
0.374387
0.375883
0.379238
0.375953
0.37562
0.372329
0.376257
0.375993
0.369682
0.368919
0.370156
0.368584
0.38239
0.378958
0.379086
0.371042
0.37268
0.372771
0.371055
0.371956
0.375532
0.375641
0.36945
0.368402
0.36828
0.369542
0.363729
0.361277
0.360774
0.359707
0.3612
0.360543
0.363785
0.366176
0.368674
0.360335
0.361233
0.366616
0.368219
0.360797
0.366049
0.368012
0.360916
0.360339
0.368113
0.360762
0.366039
0.363886
0.361647
0.359856
0.361072
0.36427
0.36139
0.36063
0.379786
0.385509
0.384341
0.377433
0.376744
0.379134
0.375687
0.391228
0.38707
0.387343
0.377936
0.37956
0.38012
0.377668
0.378774
0.383055
0.383202
0.375965
0.374611
0.374492
0.375941
0.369965
0.367065
0.367403
0.365883
0.36703
0.367365
0.369857
0.374752
0.3805
0.371116
0.373128
0.377153
0.377678
0.370411
0.372789
0.37487
0.368063
0.368743
0.375484
0.368307
0.372454
0.371741
0.369853
0.367623
0.371408
0.373614
0.368702
0.369249
0.607825
0.653309
0.628994
0.614749
0.616947
0.63817
0.599647
0.637207
0.596138
0.616995
0.599958
0.594022
0.61664
0.580916
0.574196
0.580781
0.595829
0.582988
0.558814
0.566515
0.568862
0.564492
0.541672
0.539425
0.541684
0.548419
0.552253
0.550813
0.607106
0.639199
0.594759
0.607249
0.627019
0.620895
0.585993
0.579851
0.57515
0.544515
0.568803
0.594644
0.563438
0.559734
0.592724
0.593304
0.570348
0.597728
0.612393
0.578669
0.577512
0.383707
0.388175
0.3892
0.383358
0.379936
0.382417
0.380194
0.406086
0.406028
0.399967
0.393123
0.405921
0.397851
0.400006
0.38811
0.3984
0.393915
0.388691
0.388197
0.384961
0.394036
0.384832
0.383701
0.388443
0.379791
0.38041
0.382965
0.390255
0.383286
0.384727
0.381736
0.377924
0.381362
0.387494
0.379694
0.389503
0.402325
0.392771
0.388432
0.394282
0.385841
0.396428
0.379066
0.374422
0.374231
0.376262
0.377943
0.374851
0.377231
0.387752
0.385037
0.379524
0.378623
0.386795
0.377164
0.388508
0.403133
0.43056
0.427802
0.420794
0.419962
0.412067
0.410871
0.38437
0.374676
0.37278
0.383284
0.393172
0.373621
0.377346
0.392306
0.381571
0.388499
0.412185
0.402523
0.377374
0.400529
0.383518
0.380092
0.371684
0.381101
0.374083
0.37587
0.390037
0.395318
0.39481
0.414678
0.398346
0.409221
0.40239
0.389532
0.397083
0.394429
0.407416
0.409422
0.405502
0.396229
0.398332
0.805615
0.833322
0.863601
0.791309
0.817828
0.84393
0.803676
0.692283
0.684038
0.717616
0.731817
0.675401
0.703883
0.699379
0.749328
0.704541
0.724419
0.741502
0.763482
0.754375
0.717929
0.504715
0.473594
0.502354
0.47493
0.503641
0.474786
0.472736
0.434066
0.452668
0.446333
0.451487
0.447648
0.43863
0.459089
0.506971
0.48286
0.510715
0.478198
0.506455
0.478736
0.484549
0.411141
0.429245
0.429447
0.430993
0.411741
0.411908
0.430819
0.505646
0.471667
0.503025
0.47113
0.502431
0.46809
0.468675
0.505079
0.470347
0.50161
0.470596
0.501875
0.467555
0.467321
0.504338
0.473317
0.502297
0.473281
0.502431
0.47187
0.472218
0.420605
0.437059
0.436975
0.439806
0.421766
0.422462
0.439664
0.505456
0.474575
0.504141
0.473925
0.503333
0.472291
0.472738
0.510186
0.474219
0.505346
0.47578
0.507056
0.47282
0.471139
0.418174
0.437849
0.436703
0.438341
0.420197
0.41904
0.439665
0.512801
0.47957
0.511269
0.478212
0.509617
0.475227
0.476734
0.528375
0.493668
0.526468
0.493159
0.525878
0.490866
0.491438
0.430566
0.449355
0.449824
0.452127
0.431573
0.431984
0.451647
0.527594
0.491883
0.524399
0.492443
0.525077
0.49012
0.48951
0.445806
0.465624
0.465882
0.46888
0.447588
0.447804
0.468641
0.546376
0.510617
0.544842
0.510383
0.544578
0.508801
0.509094
0.545883
0.509612
0.543752
0.509905
0.544094
0.508322
0.508002
0.533316
0.496811
0.529472
0.49809
0.530982
0.495947
0.494533
0.437231
0.457463
0.456834
0.459358
0.439491
0.438832
0.46013
0.535472
0.500831
0.534219
0.500037
0.533168
0.497939
0.498839
0.551267
0.514435
0.548466
0.5154
0.549591
0.51395
0.512848
0.452291
0.472839
0.472589
0.475783
0.45475
0.454445
0.476153
0.552995
0.517292
0.551727
0.516969
0.551297
0.515513
0.515913
0.555516
0.519818
0.554269
0.519562
0.553997
0.518296
0.518581
0.454474
0.47464
0.474791
0.478144
0.456675
0.456759
0.478046
0.555161
0.519053
0.553394
0.519229
0.553596
0.517912
0.517735
0.460609
0.48137
0.48147
0.485434
0.463402
0.463423
0.485406
0.564226
0.527317
0.563648
0.527344
0.563679
0.526912
0.526885
0.564086
0.5271
0.563378
0.527213
0.56351
0.526754
0.526652
0.558397
0.52206
0.556624
0.522364
0.557042
0.521245
0.520916
0.457722
0.478348
0.478215
0.481822
0.460397
0.460225
0.482029
0.559169
0.52327
0.558234
0.523063
0.557929
0.522049
0.522274
0.564234
0.527324
0.563654
0.527352
0.563687
0.526921
0.526892
0.460618
0.481379
0.481478
0.485442
0.463413
0.463433
0.485416
0.564091
0.527108
0.563386
0.527219
0.563516
0.526761
0.526661
0.558429
0.522102
0.556671
0.522397
0.557078
0.521281
0.520963
0.457746
0.47837
0.478241
0.48185
0.460421
0.460252
0.482053
0.559193
0.52329
0.558255
0.523088
0.557956
0.522077
0.522297
0.452332
0.472877
0.472636
0.475835
0.454788
0.454491
0.476195
0.551335
0.514508
0.548547
0.515462
0.549664
0.51402
0.512928
0.553046
0.517328
0.55177
0.517018
0.551355
0.515569
0.515955
0.555546
0.519846
0.5543
0.519592
0.55403
0.51833
0.518613
0.454505
0.474674
0.474824
0.47818
0.456709
0.456793
0.478083
0.555192
0.519086
0.553431
0.51926
0.55363
0.517947
0.517772
0.546398
0.510635
0.544864
0.510404
0.544605
0.508829
0.509118
0.445829
0.465656
0.465912
0.468913
0.447616
0.44783
0.468676
0.545918
0.509646
0.543796
0.509935
0.544132
0.508358
0.508042
0.533345
0.496822
0.529494
0.498107
0.531012
0.495968
0.494546
0.43723
0.457468
0.456848
0.459374
0.439484
0.438834
0.460136
0.535503
0.500839
0.534242
0.500056
0.533203
0.497964
0.498852
0.417894
0.437604
0.436454
0.438074
0.41991
0.418749
0.439405
0.509896
0.473864
0.504986
0.475466
0.506747
0.472495
0.470765
0.51258
0.479326
0.511043
0.477962
0.50938
0.474966
0.476483
0.528317
0.493602
0.526411
0.49309
0.525819
0.490798
0.491374
0.430473
0.449272
0.449746
0.452044
0.431468
0.431888
0.451558
0.527526
0.491799
0.524327
0.492363
0.525006
0.49004
0.489426
0.505142
0.471179
0.502534
0.470604
0.501893
0.467538
0.468167
0.410553
0.428617
0.42888
0.430383
0.411051
0.411287
0.43014
0.5045
0.469683
0.500925
0.469992
0.501256
0.466921
0.466619
0.503169
0.471787
0.500884
0.471882
0.501126
0.470334
0.470525
0.418997
0.43575
0.435572
0.438257
0.420179
0.420721
0.43823
0.504384
0.473364
0.503007
0.47265
0.502146
0.470903
0.471432
0.704155
0.68108
0.724193
0.749143
0.682046
0.721958
0.704284
0.795885
0.842257
0.871986
0.795123
0.820728
0.821954
0.868519
0.738081
0.694735
0.717396
0.737317
0.759299
0.760854
0.714719
0.503096
0.471823
0.500714
0.472905
0.501772
0.472484
0.47075
0.430737
0.449247
0.443485
0.448247
0.443218
0.43494
0.455189
0.505055
0.479974
0.508079
0.475773
0.504224
0.47596
0.481231
0.323736
0.320439
0.329774
0.31358
0.336307
0.307064
0.322866
0.363389
0.353426
0.351593
0.343754
0.361954
0.357994
0.34425
0.358551
0.347504
0.349782
0.343543
0.349387
0.353924
0.34359
0.333897
0.335303
0.335666
0.328112
0.329467
0.329242
0.327936
0.305289
0.279087
0.283221
0.302358
0.30414
0.284129
0.304382
0.305923
0.296873
0.305878
0.28991
0.290052
0.305717
0.305695
0.337606
0.335695
0.336748
0.327119
0.324486
0.326247
0.326246
0.369821
0.379682
0.373698
0.372806
0.373035
0.368616
0.379443
0.376001
0.373775
0.369589
0.376822
0.382187
0.368948
0.372808
0.389563
0.38386
0.381787
0.380698
0.392694
0.389382
0.383359
0.380967
0.380552
0.392856
0.398922
0.386469
0.376409
0.391756
0.375961
0.376732
0.370291
0.383107
0.3731
0.371189
0.384565
0.377937
0.386417
0.380061
0.378489
0.381219
0.385823
0.376404
0.384957
0.38136
0.377389
0.37715
0.39049
0.381889
0.385076
0.669868
0.64752
0.663331
0.654323
0.645848
0.656419
0.641988
0.640407
0.647102
0.620887
0.636671
0.638162
0.651389
0.626904
0.690613
0.660738
0.675124
0.675615
0.675809
0.690676
0.66814
0.630027
0.622001
0.616984
0.613911
0.630046
0.620636
0.618967
0.638467
0.650943
0.657085
0.657888
0.640836
0.639134
0.656931
0.639235
0.623357
0.631736
0.633203
0.62899
0.631315
0.638522
0.649171
0.651433
0.64357
0.641876
0.657871
0.641507
0.641966
0.455655
0.445261
0.493735
0.422581
0.455909
0.409756
0.414468
0.649522
0.635713
0.606822
0.640827
0.627102
0.661784
0.614166
0.638569
0.576932
0.646064
0.619832
0.554692
0.614256
0.553055
0.594215
0.571233
0.533032
0.517368
0.589307
0.53149
0.575416
0.436137
0.446151
0.500001
0.415353
0.460789
0.463772
0.436305
0.384619
0.359666
0.384596
0.359215
0.383828
0.36098
0.361571
0.392083
0.360224
0.386598
0.365519
0.390825
0.367772
0.363345
0.395106
0.369628
0.396838
0.36836
0.395247
0.370409
0.371527
0.401544
0.37191
0.399841
0.373647
0.401514
0.37561
0.374195
0.415609
0.384396
0.415343
0.385532
0.416449
0.38817
0.387219
0.41101
0.382164
0.412645
0.381618
0.411862
0.384231
0.384735
0.422731
0.391619
0.423891
0.391734
0.424017
0.394734
0.39465
0.423981
0.392567
0.424953
0.39298
0.425359
0.396043
0.395682
0.429678
0.397706
0.431556
0.398001
0.431878
0.401591
0.401317
0.428075
0.396907
0.430473
0.396642
0.430088
0.400117
0.400365
0.429688
0.397714
0.431572
0.398005
0.431889
0.401598
0.401328
0.428097
0.396919
0.430495
0.396656
0.430112
0.400134
0.400381
0.422743
0.391615
0.4239
0.391726
0.42403
0.39473
0.394649
0.424004
0.392578
0.42498
0.392989
0.425385
0.396056
0.395696
0.415629
0.38438
0.415369
0.385513
0.416471
0.388158
0.387211
0.41101
0.382118
0.41264
0.381563
0.411856
0.384185
0.384693
0.394882
0.369341
0.396604
0.368027
0.394985
0.370087
0.37124
0.401421
0.371681
0.399672
0.373447
0.401368
0.375414
0.373977
0.383918
0.358601
0.383558
0.35839
0.382989
0.360117
0.360526
0.390683
0.359011
0.385304
0.363904
0.38926
0.36618
0.362043
0.591697
0.469014
0.547953
0.532782
0.61052
0.56046
0.511038
0.430854
0.449396
0.495628
0.410818
0.455379
0.433755
0.467782
0.88871
0.93588
0.937268
0.910183
0.973705
0.934715
0.917773
0.82629
0.813278
0.84402
0.856332
0.820117
0.839857
0.813535
0.94876
0.894953
0.966865
0.91465
0.993722
0.942072
0.911839
0.407542
0.418648
0.407984
0.414036
0.418618
0.407816
0.40734
0.430009
0.414517
0.414734
0.41158
0.429564
0.426067
0.411414
0.407317
0.42191
0.425444
0.405834
0.422452
0.406623
0.406956
0.424536
0.413003
0.414195
0.411352
0.416592
0.421565
0.411025
0.554043
0.565497
0.538196
0.527369
0.567126
0.553438
0.540053
0.473108
0.47825
0.4906
0.484088
0.463097
0.46928
0.472478
0.505772
0.544985
0.521816
0.513908
0.516671
0.536821
0.500632
0.499766
0.502253
0.496099
0.479753
0.518778
0.489334
0.480585
0.485548
0.480329
0.465981
0.455799
0.463234
0.472891
0.494833
0.509327
0.540281
0.49895
0.482978
0.531104
0.481756
0.517711
0.474726
0.456679
0.455354
0.453987
0.462103
0.459898
0.46493
0.438399
0.421138
0.428426
0.423026
0.422246
0.415833
0.431702
0.423713
0.447372
0.433817
0.42984
0.429981
0.443627
0.421349
0.408737
0.413466
0.418305
0.414437
0.404208
0.409723
0.406396
0.411782
0.401419
0.405527
0.403374
0.407132
0.403727
0.409591
0.434583
0.45888
0.431345
0.437131
0.442769
0.449441
0.426996
0.41974
0.418927
0.409279
0.419341
0.412988
0.427477
0.414811
0.426238
0.42619
0.417006
0.431112
0.438637
0.418244
0.422239
0.381893
0.378751
0.37856
0.37036
0.372365
0.370707
0.372039
0.371681
0.375886
0.375455
0.369082
0.368311
0.367919
0.369616
0.371364
0.375253
0.375071
0.368815
0.367935
0.369152
0.367674
0.363107
0.360895
0.36057
0.359268
0.363445
0.360104
0.36066
0.365519
0.368054
0.360215
0.361045
0.367585
0.360523
0.365977
0.365358
0.367741
0.360795
0.36
0.365727
0.367385
0.360349
0.363224
0.361031
0.359353
0.360743
0.360231
0.36074
0.363636
0.386996
0.384944
0.383221
0.37385
0.377857
0.375675
0.37575
0.373489
0.377268
0.37757
0.370623
0.369511
0.37062
0.36942
0.375106
0.380573
0.379275
0.372136
0.371819
0.373585
0.370907
0.365746
0.364037
0.36451
0.361702
0.367265
0.362742
0.363114
0.366728
0.368611
0.361554
0.36157
0.368948
0.366575
0.361652
0.36827
0.372922
0.365513
0.363384
0.37022
0.370647
0.363312
0.364323
0.361808
0.360279
0.361339
0.364313
0.361226
0.361744
0.393014
0.38889
0.38941
0.380874
0.382281
0.380479
0.382846
0.3824
0.386591
0.386378
0.379608
0.378625
0.378381
0.379962
0.38171
0.385322
0.38567
0.379097
0.377734
0.378869
0.377807
0.373308
0.370346
0.370048
0.369015
0.37306
0.370451
0.370146
0.376375
0.379169
0.370551
0.371262
0.37879
0.370899
0.37672
0.375977
0.377806
0.370285
0.37021
0.375569
0.37838
0.370559
0.373707
0.371041
0.369397
0.370851
0.370861
0.3705
0.373991
0.397983
0.394599
0.394236
0.385257
0.387728
0.385621
0.387321
0.385638
0.389285
0.389751
0.382889
0.381462
0.382607
0.381568
0.386263
0.390643
0.390363
0.383437
0.382361
0.383741
0.382155
0.377493
0.374664
0.374662
0.373075
0.377756
0.374506
0.374318
0.379804
0.381635
0.373997
0.373867
0.382339
0.379283
0.374317
0.380314
0.383262
0.375192
0.374527
0.380647
0.382882
0.374821
0.376996
0.373855
0.372584
0.373592
0.376664
0.374008
0.373829
0.411749
0.407702
0.407495
0.397603
0.400259
0.397797
0.40004
0.39814
0.402429
0.402761
0.395136
0.393558
0.393631
0.394946
0.398513
0.403292
0.403123
0.395486
0.394105
0.395648
0.393995
0.389199
0.385793
0.386072
0.384245
0.389328
0.385881
0.38572
0.392211
0.394776
0.386223
0.386043
0.395266
0.386358
0.39185
0.392541
0.395813
0.386886
0.38658
0.392709
0.395621
0.386692
0.388882
0.385298
0.383937
0.3854
0.385563
0.38541
0.388649
0.407901
0.403584
0.403774
0.394174
0.396299
0.394029
0.396523
0.395392
0.39997
0.399909
0.392357
0.391053
0.392546
0.390923
0.395049
0.399421
0.399527
0.39212
0.390655
0.392049
0.390664
0.3859
0.382506
0.382576
0.381042
0.38581
0.382556
0.382544
0.389286
0.392433
0.383245
0.383612
0.392235
0.389463
0.383418
0.389107
0.391816
0.383206
0.383095
0.388951
0.392049
0.383271
0.386072
0.382796
0.381196
0.382899
0.386213
0.382704
0.382712
0.418797
0.414415
0.414303
0.40399
0.406713
0.404095
0.4066
0.404811
0.409632
0.409674
0.401687
0.400155
0.400091
0.401769
0.404851
0.409804
0.409699
0.401734
0.400212
0.401827
0.400143
0.395279
0.391608
0.391991
0.390087
0.395336
0.391578
0.391902
0.398829
0.402187
0.392794
0.392871
0.40214
0.392817
0.398877
0.398858
0.402257
0.392954
0.392835
0.398934
0.40217
0.392856
0.39525
0.39157
0.390051
0.391927
0.391548
0.391864
0.39529
0.419991
0.415589
0.415459
0.405121
0.40788
0.405226
0.407769
0.405831
0.410599
0.410733
0.402709
0.401104
0.402694
0.40109
0.405937
0.410939
0.410819
0.402834
0.401285
0.402927
0.401217
0.396413
0.392686
0.393132
0.3912
0.396458
0.392663
0.39308
0.399921
0.403123
0.393961
0.393851
0.403276
0.399814
0.393955
0.400045
0.403477
0.394144
0.39411
0.400105
0.403412
0.394089
0.396296
0.392521
0.391088
0.392907
0.396231
0.392552
0.392959
0.425251
0.420433
0.420331
0.409679
0.412705
0.40974
0.41264
0.41003
0.41517
0.415289
0.407011
0.405163
0.405151
0.407004
0.410079
0.41542
0.415319
0.407105
0.405276
0.407158
0.405236
0.400711
0.396635
0.397348
0.395019
0.400727
0.397318
0.396632
0.404601
0.408224
0.398851
0.398505
0.408327
0.39857
0.404529
0.404709
0.408482
0.398713
0.398981
0.404737
0.408452
0.398684
0.400614
0.396522
0.394939
0.397195
0.397221
0.396547
0.400568
0.423959
0.419174
0.419155
0.40861
0.411446
0.408598
0.411484
0.409274
0.414424
0.414461
0.406215
0.404464
0.406292
0.404412
0.409126
0.414304
0.414256
0.406118
0.404344
0.406127
0.404322
0.399714
0.39571
0.396318
0.39415
0.399681
0.396329
0.395727
0.403711
0.407429
0.397899
0.397731
0.407361
0.403766
0.397678
0.40361
0.407164
0.397547
0.397805
0.403557
0.407247
0.397592
0.3998
0.395813
0.39421
0.39645
0.399836
0.396404
0.395799
0.42526
0.420442
0.42034
0.409687
0.412713
0.409748
0.412649
0.410039
0.415181
0.415299
0.40702
0.405173
0.40516
0.407014
0.410087
0.415427
0.415327
0.407113
0.405283
0.407166
0.405244
0.400718
0.396641
0.397353
0.395024
0.400733
0.396638
0.397323
0.404609
0.408236
0.398858
0.398512
0.408337
0.398576
0.404539
0.404717
0.408489
0.398717
0.398986
0.404744
0.40846
0.398689
0.400622
0.39653
0.394945
0.397201
0.396554
0.397227
0.400577
0.423978
0.419193
0.419174
0.408627
0.411464
0.408615
0.411502
0.40929
0.414441
0.414478
0.406231
0.40448
0.406308
0.404427
0.409142
0.414322
0.414274
0.406134
0.40436
0.406143
0.404338
0.399729
0.395724
0.396331
0.394162
0.399696
0.395741
0.396342
0.403727
0.407446
0.397913
0.397744
0.407378
0.403782
0.397691
0.403626
0.407181
0.39756
0.397818
0.403573
0.407264
0.397605
0.399815
0.395827
0.394222
0.396462
0.399851
0.395813
0.396417
0.418806
0.414424
0.414311
0.403994
0.406718
0.404099
0.406606
0.404815
0.409636
0.409679
0.40169
0.400157
0.400094
0.401772
0.404857
0.409812
0.409706
0.401738
0.400215
0.401831
0.400147
0.395279
0.391607
0.391986
0.390083
0.395336
0.391898
0.391576
0.398831
0.402191
0.392789
0.392868
0.402143
0.392813
0.398879
0.398859
0.402259
0.392949
0.392829
0.398935
0.402173
0.392851
0.395251
0.391569
0.390048
0.391924
0.39186
0.391547
0.39529
0.420013
0.415609
0.415479
0.405139
0.407897
0.405243
0.407788
0.405849
0.410619
0.410753
0.402726
0.40112
0.40271
0.401107
0.405954
0.410957
0.410838
0.40285
0.4013
0.402942
0.401233
0.396427
0.392697
0.393142
0.391209
0.396471
0.39309
0.392675
0.399937
0.40314
0.393972
0.393861
0.403294
0.39983
0.393966
0.40006
0.403493
0.394154
0.39412
0.40012
0.403429
0.3941
0.39631
0.392533
0.391098
0.392917
0.396245
0.392969
0.392564
0.411771
0.40772
0.407516
0.397616
0.400269
0.397807
0.400054
0.398161
0.402452
0.402784
0.395151
0.393573
0.393647
0.39496
0.398531
0.40331
0.403143
0.3955
0.394117
0.395658
0.394009
0.389202
0.385793
0.38606
0.384239
0.389328
0.385721
0.385871
0.392216
0.394782
0.386211
0.386031
0.395272
0.386348
0.391855
0.392546
0.395815
0.386872
0.386566
0.392711
0.395626
0.386681
0.388885
0.3853
0.383932
0.38539
0.385412
0.385556
0.388652
0.4079
0.403583
0.403773
0.394163
0.396285
0.394016
0.396511
0.39539
0.399967
0.399907
0.392349
0.391045
0.392536
0.390917
0.395048
0.399421
0.399527
0.392111
0.390648
0.392038
0.390658
0.385878
0.382481
0.382534
0.381009
0.385784
0.382521
0.382519
0.389266
0.392412
0.383203
0.383573
0.392213
0.389442
0.38338
0.389084
0.391789
0.383159
0.383049
0.388926
0.392025
0.383229
0.386052
0.382774
0.381166
0.382863
0.386192
0.382691
0.38267
0.392815
0.388694
0.389224
0.380667
0.382044
0.380256
0.382625
0.382238
0.386419
0.386209
0.379425
0.378451
0.378211
0.379774
0.381543
0.38514
0.385495
0.378904
0.377548
0.378664
0.37763
0.373079
0.370116
0.369763
0.36877
0.372816
0.36988
0.37023
0.376149
0.378933
0.370273
0.370996
0.378553
0.370634
0.376493
0.375735
0.377532
0.36998
0.369912
0.37531
0.378126
0.370276
0.373491
0.37083
0.369167
0.370598
0.37025
0.370653
0.373773
0.397868
0.394486
0.394128
0.385133
0.387594
0.385493
0.387191
0.385533
0.389169
0.389642
0.382766
0.381343
0.382474
0.381456
0.386164
0.390536
0.390259
0.383322
0.38225
0.383621
0.382048
0.377352
0.374524
0.374488
0.372921
0.37761
0.374149
0.374369
0.379647
0.381454
0.373797
0.37366
0.382175
0.379112
0.374128
0.380167
0.383104
0.375008
0.374339
0.380496
0.382728
0.374641
0.376846
0.373703
0.372421
0.373399
0.376502
0.373651
0.373863
0.381192
0.378125
0.37791
0.369694
0.371684
0.370059
0.371329
0.371045
0.375141
0.374774
0.368384
0.367619
0.367272
0.368846
0.370803
0.374665
0.374467
0.368195
0.367363
0.368541
0.367101
0.362426
0.360252
0.359828
0.358578
0.362771
0.360016
0.359356
0.364712
0.367092
0.359299
0.360067
0.366729
0.359646
0.365077
0.364635
0.367
0.360017
0.359172
0.36502
0.366618
0.359557
0.362463
0.360263
0.358584
0.359832
0.360018
0.359404
0.362799
0.385792
0.383737
0.382111
0.372705
0.376498
0.374412
0.374521
0.372632
0.376371
0.376641
0.369673
0.368651
0.369701
0.368548
0.374155
0.379471
0.378251
0.371078
0.370783
0.372429
0.369934
0.364583
0.362871
0.363129
0.36054
0.36599
0.362019
0.361486
0.365621
0.367504
0.360301
0.360428
0.367767
0.365522
0.360457
0.367028
0.371451
0.364028
0.361982
0.368844
0.369324
0.361976
0.363289
0.360856
0.35925
0.360251
0.363312
0.360778
0.360105
0.542627
0.555212
0.526332
0.516808
0.560812
0.544136
0.531567
0.464771
0.469772
0.480441
0.474273
0.45568
0.460907
0.464074
0.494881
0.533958
0.510062
0.502482
0.505362
0.525821
0.489965
0.493521
0.495114
0.503677
0.476979
0.514575
0.484364
0.481275
0.480591
0.476396
0.477418
0.457929
0.49315
0.469427
0.46704
0.506558
0.546056
0.514847
0.500653
0.531214
0.519699
0.492405
0.467788
0.44963
0.452093
0.452689
0.461151
0.454706
0.458105
0.432485
0.416968
0.423293
0.417597
0.417225
0.411338
0.425662
0.418906
0.440583
0.428218
0.423973
0.424225
0.436666
0.416342
0.405169
0.409841
0.413992
0.409798
0.400828
0.4058
0.402619
0.406874
0.397569
0.401278
0.399033
0.402863
0.40479
0.399483
0.428517
0.453834
0.428029
0.43621
0.436927
0.443454
0.422618
0.414324
0.413898
0.404738
0.414655
0.408294
0.421824
0.409893
0.420368
0.420295
0.411732
0.428228
0.432387
0.417168
0.412833
0.590926
0.639558
0.60149
0.618093
0.638008
0.655943
0.603823
0.591149
0.553496
0.576928
0.577982
0.601208
0.591034
0.563271
0.626254
0.654337
0.674616
0.616125
0.637618
0.630392
0.67
0.463129
0.461922
0.471783
0.480997
0.458368
0.468964
0.471719
0.53425
0.528717
0.553919
0.512169
0.538024
0.518179
0.537275
0.522498
0.490048
0.51702
0.498061
0.525003
0.502488
0.492503
0.410418
0.428871
0.428929
0.430534
0.411195
0.430435
0.411197
0.505198
0.471404
0.502895
0.470719
0.502131
0.467832
0.468737
0.504709
0.470087
0.501401
0.470157
0.501584
0.467207
0.467057
0.41644
0.435766
0.434685
0.436939
0.419761
0.438394
0.417668
0.507145
0.472659
0.503903
0.473292
0.504487
0.470933
0.470041
0.507543
0.474528
0.504777
0.474355
0.504981
0.472111
0.472589
0.4225
0.440226
0.441263
0.443169
0.422556
0.442038
0.423582
0.519527
0.485289
0.51752
0.484557
0.516636
0.481864
0.482697
0.518075
0.482017
0.513737
0.483205
0.515168
0.480484
0.479173
0.428355
0.448122
0.447488
0.449631
0.430329
0.450395
0.42964
0.523463
0.48744
0.519558
0.488513
0.520762
0.486
0.484818
0.524961
0.490634
0.523117
0.489914
0.522265
0.487424
0.488241
0.444265
0.464643
0.464299
0.467203
0.446594
0.467655
0.446182
0.543096
0.506451
0.540312
0.507229
0.541208
0.505535
0.504669
0.544223
0.508643
0.542787
0.50826
0.542342
0.506585
0.507036
0.439751
0.459052
0.459522
0.462235
0.441088
0.46175
0.44151
0.539667
0.504176
0.538098
0.503818
0.537649
0.501998
0.502412
0.538858
0.502482
0.536009
0.503078
0.536792
0.501203
0.500552
0.452328
0.47283
0.47273
0.475971
0.454697
0.476142
0.454514
0.552455
0.516365
0.550612
0.516483
0.550815
0.515089
0.51496
0.553326
0.517294
0.551747
0.51723
0.551683
0.515826
0.515913
0.453542
0.474005
0.473835
0.47713
0.456018
0.477381
0.45578
0.553702
0.517529
0.551754
0.517801
0.552059
0.516408
0.516109
0.554166
0.518394
0.552698
0.518224
0.552535
0.516849
0.51705
0.46013
0.481089
0.480942
0.484867
0.463108
0.485081
0.462915
0.563011
0.52601
0.561972
0.526248
0.562276
0.52565
0.525412
0.563405
0.526743
0.562916
0.526584
0.562757
0.526067
0.52624
0.458368
0.478858
0.478955
0.48265
0.460952
0.482621
0.460951
0.561119
0.524815
0.560532
0.524608
0.560216
0.523872
0.524088
0.560487
0.523873
0.559073
0.524074
0.559424
0.523199
0.523014
0.460139
0.481097
0.480951
0.484876
0.463117
0.48509
0.462925
0.563023
0.526028
0.561991
0.52626
0.56229
0.525663
0.525432
0.563412
0.526749
0.562922
0.526591
0.562765
0.526076
0.526247
0.458388
0.47888
0.478975
0.482672
0.460976
0.482646
0.460972
0.561141
0.524835
0.560553
0.52463
0.56024
0.523897
0.524109
0.560503
0.523893
0.559094
0.524092
0.559442
0.523219
0.523037
0.452335
0.472844
0.47274
0.475984
0.454711
0.47616
0.454525
0.552448
0.516362
0.55061
0.516479
0.550811
0.515088
0.514961
0.553334
0.517306
0.551764
0.517239
0.551694
0.515839
0.51593
0.453566
0.47403
0.473862
0.47716
0.456043
0.477409
0.455807
0.553728
0.517556
0.551784
0.517827
0.552088
0.516438
0.516139
0.554194
0.518419
0.552726
0.518251
0.552566
0.516879
0.517079
0.444291
0.464674
0.464334
0.467241
0.446619
0.467688
0.446213
0.543139
0.50649
0.540362
0.507265
0.541255
0.505577
0.504714
0.544267
0.508675
0.542828
0.508297
0.54239
0.506629
0.507073
0.439748
0.459064
0.45953
0.462244
0.441092
0.461765
0.44151
0.539681
0.50418
0.538111
0.503824
0.537666
0.502009
0.50242
0.538871
0.502495
0.536035
0.503085
0.536809
0.501215
0.500571
0.42228
0.440026
0.441069
0.442961
0.422317
0.441823
0.423354
0.519361
0.485098
0.517343
0.484369
0.516463
0.481674
0.482503
0.517898
0.481816
0.513553
0.483006
0.514984
0.480281
0.478967
0.428229
0.448014
0.447383
0.449519
0.430198
0.450281
0.429512
0.523351
0.487304
0.519431
0.488387
0.520645
0.485872
0.484679
0.524872
0.490527
0.523023
0.489808
0.522172
0.487317
0.488133
0.409598
0.428136
0.428131
0.42967
0.410396
0.429645
0.410331
0.504297
0.470377
0.501859
0.469772
0.501162
0.466826
0.467644
0.503905
0.469314
0.500609
0.469318
0.500718
0.466316
0.466242
0.415114
0.434497
0.433469
0.435615
0.41826
0.437016
0.416255
0.506123
0.471549
0.502809
0.472151
0.503386
0.469718
0.468863
0.506531
0.473345
0.503674
0.473198
0.503882
0.47087
0.471322
0.579921
0.628999
0.587919
0.607504
0.635418
0.650698
0.595407
0.582257
0.544233
0.568926
0.56642
0.591548
0.579025
0.553041
0.61625
0.64111
0.66456
0.603084
0.627272
0.617908
0.660009
0.45691
0.457664
0.466299
0.474801
0.45294
0.464093
0.464988
0.52965
0.521215
0.54728
0.506245
0.532681
0.5114
0.528848
0.51891
0.486466
0.513721
0.493446
0.520802
0.497157
0.488339
0.299657
0.27949
0.278808
0.265199
0.27215
0.264602
0.269058
0.632694
0.551448
0.584332
0.614548
0.64554
0.612217
0.567121
0.299714
0.278626
0.279483
0.266063
0.274553
0.265338
0.270584
0.455426
0.415506
0.433513
0.407057
0.420503
0.406456
0.39999
0.405488
0.370573
0.388103
0.374144
0.367488
0.359078
0.386158
0.357784
0.360131
0.372337
0.362753
0.346844
0.353074
0.351636
0.433132
0.45542
0.441132
0.439724
0.439724
0.452532
0.431218
0.491435
0.468654
0.455159
0.506578
0.485891
0.453412
0.466306
0.435662
0.468972
0.444275
0.448132
0.466583
0.442543
0.43392
0.439495
0.44525
0.453954
0.43797
0.42657
0.431138
0.429914
0.451201
0.476609
0.460531
0.452198
0.445351
0.466056
0.460188
0.442945
0.443887
0.435166
0.451559
0.439809
0.455293
0.435694
0.485689
0.455888
0.468911
0.447686
0.447345
0.438122
0.4591
0.370517
0.379376
0.375599
0.37558
0.374053
0.381419
0.370689
0.393203
0.422397
0.414468
0.412409
0.404017
0.411344
0.399937
0.386927
0.400828
0.388977
0.38086
0.38341
0.375629
0.389286
0.381609
0.384004
0.383869
0.374728
0.395125
0.377802
0.376752
0.388118
0.390172
0.403833
0.391561
0.396848
0.400835
0.384609
0.372121
0.377792
0.379811
0.374445
0.367108
0.370512
0.369265
0.38675
0.390637
0.38206
0.381447
0.397965
0.389172
0.388874
0.413361
0.37178
0.378625
0.375126
0.387314
0.3703
0.367309
0.378621
0.355162
0.367704
0.351482
0.346662
0.343218
0.356143
0.344973
0.348153
0.356552
0.346087
0.336383
0.340145
0.33967
0.373577
0.380965
0.380199
0.37724
0.374076
0.37959
0.372256
0.390751
0.428563
0.422084
0.403186
0.398734
0.417397
0.395204
0.385129
0.389444
0.388829
0.37822
0.401317
0.380913
0.380353
0.398357
0.416046
0.405164
0.387741
0.384505
0.380437
0.393938
0.387018
0.389567
0.409021
0.394482
0.39446
0.406115
0.38448
0.381924
0.389222
0.39355
0.381609
0.373319
0.37676
0.375813
0.386234
0.394494
0.38714
0.382258
0.389113
0.384395
0.387492
0.605077
0.608269
0.590674
0.584952
0.624892
0.615842
0.594837
0.548305
0.539623
0.565094
0.554011
0.531699
0.534716
0.541998
0.568338
0.596181
0.577714
0.575971
0.589174
0.60477
0.568698
0.564996
0.587194
0.600006
0.570492
0.592548
0.566977
0.571456
0.545721
0.52786
0.566585
0.539661
0.526032
0.552281
0.556894
0.566413
0.597651
0.605515
0.582007
0.595202
0.570388
0.575645
0.539349
0.525239
0.537983
0.532851
0.524955
0.533473
0.547149
0.705973
0.750013
0.687377
0.683835
0.771874
0.751599
0.700195
0.786136
0.569321
0.694138
0.669587
0.82003
0.681676
0.579702
0.855064
0.839906
0.925374
0.771469
0.892296
0.778673
0.856778
0.357989
0.345449
0.345418
0.349658
0.348454
0.337436
0.33569
0.353924
0.345035
0.345375
0.345563
0.347135
0.33924
0.341335
0.329581
0.319195
0.331345
0.324356
0.319085
0.325789
0.31288
0.332449
0.316207
0.332153
0.322423
0.303551
0.307748
0.320243
0.389675
0.365761
0.350561
0.37854
0.360814
0.35493
0.402298
0.4937
0.566979
0.506
0.512513
0.469463
0.476911
0.525021
0.430432
0.414611
0.431065
0.435546
0.419357
0.417031
0.433976
0.473009
0.426232
0.444374
0.451834
0.464717
0.430889
0.484161
0.718391
0.674343
0.772207
0.587296
0.634413
0.660855
0.601172
0.542092
0.517877
0.563458
0.586778
0.498273
0.562006
0.531675
0.509915
0.509371
0.523249
0.539876
0.507079
0.521278
0.519103
0.426038
0.418292
0.378877
0.416377
0.401113
0.392374
0.451625
0.656846
0.653099
0.701252
0.578496
0.596814
0.620955
0.593181
0.515949
0.5098
0.528131
0.558789
0.504591
0.547051
0.532582
0.524243
0.507076
0.515403
0.53235
0.516351
0.536255
0.520551
0.453769
0.415455
0.445559
0.458572
0.415352
0.413091
0.413385
0.47677
0.419726
0.5149
0.482945
0.417433
0.415927
0.414601
0.417239
0.385807
0.407136
0.407579
0.401017
0.385522
0.419515
0.446028
0.446618
0.446899
0.423402
0.421935
0.420804
0.422507
0.373532
0.399872
0.398455
0.397515
0.370224
0.371498
0.398211
0.34526
0.366835
0.350594
0.344282
0.331851
0.33389
0.350846
0.332449
0.315504
0.300164
0.31087
0.317932
0.3321
0.297427
0.155606
0.159179
0.155996
0.159036
0.155791
0.159651
0.156608
0.156397
0.159536
0.156324
0.16004
0.157029
0.159714
0.156535
0.161672
0.16565
0.16218
0.16533
0.161814
0.165918
0.162598
0.154845
0.158796
0.155596
0.158311
0.155072
0.15951
0.156529
0.163593
0.167041
0.163485
0.167198
0.163922
0.167057
0.163564
0.220131
0.328306
0.302247
0.321076
0.239663
0.231193
0.338047
0.157486
0.160579
0.157328
0.160776
0.15765
0.160629
0.157414
0.157778
0.16067
0.15747
0.160947
0.157871
0.160702
0.157517
0.150978
0.157556
0.154598
0.154229
0.151181
0.157882
0.154837
0.166799
0.242471
0.234607
0.169361
0.165532
0.2394
0.229456
0.15791
0.160729
0.157551
0.161009
0.157938
0.160744
0.157569
0.151235
0.158085
0.154988
0.154361
0.151286
0.158176
0.155051
0.164806
0.241003
0.230186
0.168697
0.164544
0.24119
0.229934
0.157932
0.160753
0.157579
0.161017
0.157939
0.160758
0.157585
0.151286
0.158178
0.155052
0.1543
0.151236
0.158089
0.154991
0.164545
0.241197
0.22994
0.168876
0.164809
0.241022
0.230207
0.157939
0.160758
0.157585
0.161009
0.157933
0.160753
0.157579
0.151183
0.157889
0.154842
0.154002
0.15098
0.157566
0.154605
0.165534
0.239461
0.229565
0.17026
0.166785
0.243133
0.235662
0.157939
0.160744
0.157569
0.160982
0.157913
0.16073
0.157552
0.150737
0.157115
0.15427
0.153274
0.150287
0.156456
0.153781
0.168331
0.27284
0.267315
0.170956
0.167791
0.331391
0.315324
0.157874
0.160703
0.157518
0.160874
0.157781
0.160671
0.157472
0.149824
0.155286
0.152584
0.152426
0.149403
0.153862
0.151015
0.163542
0.325124
0.310706
0.158034
0.156049
0.219071
0.218526
0.157654
0.16063
0.157415
0.160662
0.157489
0.16058
0.157329
0.161818
0.165923
0.162605
0.165226
0.161674
0.165653
0.162185
0.163928
0.167058
0.163566
0.167069
0.163596
0.167042
0.163486
0.157044
0.15972
0.156545
0.159605
0.156404
0.159539
0.156329
0.17072
0.165563
0.167183
0.165699
0.167786
0.166643
0.170917
0.356981
0.360937
0.362434
0.291304
0.283829
0.288311
0.287891
0.364822
0.360986
0.369599
0.289262
0.283538
0.284185
0.288243
0.378085
0.389403
0.387528
0.294573
0.289262
0.288871
0.294981
0.394578
0.385727
0.395284
0.297622
0.291542
0.291804
0.2974
0.392615
0.403139
0.402664
0.299986
0.294016
0.293991
0.300028
0.40315
0.392629
0.402677
0.29999
0.294021
0.293995
0.300032
0.385732
0.39462
0.395288
0.29762
0.291554
0.291805
0.29741
0.389411
0.378087
0.387531
0.294559
0.289257
0.28886
0.294975
0.36073
0.36443
0.369318
0.289109
0.283356
0.284054
0.28804
0.360296
0.356217
0.361512
0.290845
0.283541
0.287903
0.287566
0.621319
0.685799
0.609849
0.434603
0.471641
0.442043
0.46751
0.170769
0.165742
0.165582
0.167236
0.166673
0.170982
0.167824
0.1704
0.170077
0.171007
0.172036
0.171598
0.171824
0.171668
0.167845
0.167227
0.167863
0.167025
0.165629
0.167075
0.165541
0.167503
0.168233
0.168155
0.167323
0.165873
0.165828
0.16735
0.168226
0.167386
0.168187
0.167381
0.165937
0.167431
0.165843
0.167452
0.168324
0.168257
0.167461
0.165955
0.165911
0.167485
0.168279
0.167404
0.168248
0.16745
0.165942
0.167482
0.165886
0.167409
0.168309
0.168262
0.167469
0.165942
0.165897
0.167494
0.168309
0.167409
0.168262
0.167469
0.165942
0.167494
0.165898
0.167404
0.168279
0.168248
0.16745
0.165943
0.165886
0.167482
0.168325
0.167453
0.168258
0.167461
0.165956
0.167486
0.165912
0.167388
0.168228
0.168188
0.167382
0.165939
0.165844
0.167432
0.168236
0.16751
0.168159
0.167325
0.165876
0.167352
0.165831
0.167237
0.167852
0.167868
0.167029
0.165636
0.165546
0.16708
0.170083
0.170406
0.171015
0.172039
0.1716
0.171671
0.171826
0.690457
0.476502
0.633223
0.47306
0.62725
0.436948
0.442752
0.164934
0.166884
0.17172
0.173257
0.162627
0.164218
0.166871
0.167255
0.165815
0.166901
0.16512
0.166578
0.166474
0.164854
0.167263
0.16583
0.166909
0.165128
0.166583
0.166478
0.164861
0.213409
0.218005
0.221991
0.228766
0.212415
0.223106
0.214624
0.241626
0.219094
0.213371
0.241429
0.216967
0.255796
0.232007
0.363605
0.326158
0.35545
0.339814
0.310663
0.344152
0.312773
0.281949
0.269215
0.282197
0.263616
0.285574
0.266096
0.277205
0.340311
0.22431
0.320781
0.341565
0.243693
0.350312
0.236754
0.231761
0.276049
0.291275
0.284713
0.227459
0.232059
0.272437
0.502882
0.430859
0.494438
0.376073
0.346971
0.379583
0.343428
0.407595
0.394177
0.407851
0.39834
0.412758
0.402737
0.397408
0.270049
0.224432
0.262189
0.255212
0.224202
0.261779
0.223075
0.368233
0.391097
0.371027
0.299006
0.316888
0.297809
0.315439
0.385728
0.375611
0.388603
0.375098
0.38809
0.376859
0.377314
0.398058
0.38995
0.404344
0.386711
0.40118
0.389227
0.393008
0.223516
0.258578
0.260937
0.251702
0.22147
0.221847
0.249502
0.22484
0.260997
0.261001
0.250118
0.222838
0.22239
0.25011
0.390711
0.378699
0.391551
0.380058
0.393089
0.381819
0.380294
0.36501
0.376329
0.373788
0.290336
0.285259
0.285083
0.290596
0.224734
0.259638
0.260222
0.249808
0.221642
0.24951
0.222366
0.403401
0.391837
0.406706
0.391474
0.406276
0.39383
0.394173
0.262327
0.226431
0.262786
0.25138
0.223181
0.250996
0.223718
0.374945
0.381002
0.384241
0.293417
0.286954
0.287818
0.292484
0.417058
0.404418
0.420644
0.404093
0.420319
0.406918
0.40725
0.408114
0.395027
0.409877
0.39606
0.411037
0.39848
0.397308
0.226445
0.263656
0.263525
0.251783
0.224035
0.223678
0.251922
0.227692
0.265611
0.26559
0.253403
0.224988
0.22477
0.253459
0.422028
0.408204
0.424453
0.40898
0.425385
0.41192
0.411022
0.386823
0.397438
0.396416
0.298088
0.292379
0.292229
0.298258
0.227696
0.264997
0.265216
0.253211
0.224418
0.252968
0.224801
0.424862
0.411652
0.428613
0.411466
0.428387
0.41457
0.414744
0.266222
0.228228
0.266327
0.25401
0.225088
0.253902
0.225246
0.391436
0.400227
0.401328
0.299615
0.293472
0.293648
0.299406
0.430017
0.416091
0.433842
0.416081
0.433876
0.419548
0.419544
0.427229
0.413508
0.430613
0.413737
0.430828
0.416931
0.416674
0.228191
0.266502
0.266522
0.254104
0.225224
0.225188
0.25409
0.228233
0.266232
0.266334
0.254015
0.225098
0.225251
0.25391
0.430026
0.416098
0.433848
0.416089
0.433885
0.419557
0.419551
0.391456
0.400256
0.401349
0.299621
0.293481
0.293654
0.299414
0.228197
0.266505
0.266526
0.254108
0.225223
0.254092
0.225194
0.427258
0.41354
0.430651
0.413762
0.430858
0.416959
0.416709
0.265624
0.227708
0.265602
0.253413
0.224998
0.253468
0.224785
0.386841
0.397466
0.396435
0.298092
0.292388
0.292233
0.298266
0.422076
0.408255
0.424517
0.40902
0.425437
0.411965
0.411079
0.424891
0.411679
0.428643
0.411493
0.428418
0.414599
0.414773
0.227712
0.265014
0.265229
0.253221
0.224439
0.224817
0.252982
0.226457
0.26233
0.262791
0.251384
0.223213
0.223743
0.250999
0.417082
0.404437
0.42067
0.404109
0.420343
0.406937
0.407273
0.374917
0.380956
0.384211
0.293387
0.286922
0.287794
0.292446
0.226471
0.26367
0.263535
0.251791
0.224056
0.251932
0.223702
0.408111
0.395005
0.409868
0.396043
0.411032
0.398464
0.397288
0.260987
0.224874
0.260972
0.250095
0.222869
0.2501
0.222423
0.364831
0.376192
0.373595
0.290226
0.285189
0.284985
0.290515
0.390413
0.378343
0.391193
0.379739
0.392768
0.381486
0.379924
0.403326
0.391755
0.406631
0.391386
0.406196
0.393741
0.394091
0.224767
0.259565
0.260177
0.249772
0.221681
0.2224
0.249453
0.224403
0.269547
0.261887
0.254939
0.22414
0.22305
0.261454
0.385246
0.375142
0.388124
0.374596
0.387575
0.376334
0.376828
0.367496
0.389841
0.369763
0.298381
0.317107
0.297359
0.314958
0.223513
0.258457
0.260707
0.251514
0.221493
0.249389
0.221846
0.396176
0.387644
0.402001
0.384703
0.399131
0.387089
0.390551
0.275497
0.231691
0.295571
0.288163
0.227362
0.272598
0.232079
0.52798
0.432468
0.510024
0.389189
0.351291
0.397098
0.345374
0.689177
0.68212
0.725091
0.661844
0.708032
0.676337
0.693917
0.40459
0.391462
0.405063
0.395112
0.40944
0.399266
0.3945
0.237082
0.315864
0.304438
0.302906
0.241971
0.237771
0.312188
0.393127
0.368922
0.385746
0.390615
0.373026
0.397077
0.370941
0.418669
0.379378
0.409392
0.41931
0.382418
0.426371
0.382524
0.191309
0.186864
0.192253
0.196306
0.187486
0.188425
0.186944
0.359379
0.369178
0.376597
0.390816
0.354188
0.362766
0.381907
0.347069
0.329381
0.341448
0.350575
0.336463
0.329379
0.36064
0.313633
0.321423
0.324841
0.333896
0.309256
0.31425
0.327568
0.309756
0.299198
0.309801
0.312738
0.295206
0.31274
0.29508
0.299315
0.310312
0.310359
0.313165
0.294641
0.294817
0.313069
0.299133
0.308805
0.309449
0.313532
0.295065
0.296121
0.312248
0.302489
0.314236
0.312971
0.31748
0.301962
0.319945
0.299835
0.316414
0.304218
0.316321
0.319061
0.299083
0.29902
0.319235
0.30282
0.314169
0.314548
0.317344
0.297515
0.316663
0.297895
0.318799
0.306389
0.31897
0.321848
0.300876
0.301029
0.321532
0.306809
0.319624
0.319622
0.322478
0.301273
0.301294
0.322482
0.326093
0.312351
0.326194
0.329271
0.306323
0.329078
0.306413
0.312748
0.326777
0.326758
0.329825
0.306721
0.306704
0.329861
0.310547
0.32408
0.324051
0.327029
0.304739
0.304722
0.327086
0.309806
0.322877
0.323092
0.326075
0.303894
0.325671
0.304115
0.329964
0.315555
0.32998
0.333204
0.309361
0.309384
0.333169
0.315713
0.330032
0.330171
0.333406
0.30939
0.33314
0.309534
0.330763
0.31626
0.330795
0.334041
0.31004
0.310055
0.333979
0.316439
0.33109
0.331074
0.334328
0.310193
0.310181
0.334359
0.333161
0.318181
0.333182
0.336636
0.311857
0.336594
0.311862
0.318214
0.333247
0.333247
0.33671
0.311886
0.311882
0.33671
0.317757
0.332666
0.332653
0.336045
0.311458
0.311451
0.336071
0.317658
0.33246
0.332506
0.335877
0.311335
0.335787
0.311365
0.333165
0.318183
0.333185
0.336639
0.311859
0.311864
0.336598
0.318218
0.333251
0.333251
0.336715
0.31189
0.336714
0.311886
0.332676
0.317764
0.332663
0.336055
0.311465
0.311458
0.336081
0.317665
0.332471
0.332515
0.335887
0.311342
0.311371
0.335799
0.329971
0.315558
0.329986
0.333209
0.309364
0.333176
0.309386
0.315723
0.330049
0.330186
0.333421
0.3094
0.309541
0.333159
0.316268
0.330774
0.330806
0.334053
0.310047
0.310061
0.333991
0.316451
0.331107
0.33109
0.334345
0.310205
0.334376
0.310192
0.326093
0.312346
0.326194
0.329269
0.306317
0.306405
0.329078
0.312749
0.326784
0.326762
0.329828
0.306722
0.329868
0.306703
0.324067
0.310529
0.324036
0.32701
0.304721
0.304702
0.327071
0.309779
0.322854
0.323068
0.326048
0.303865
0.304086
0.325645
0.316272
0.30408
0.316174
0.318896
0.29895
0.319081
0.298878
0.302642
0.313971
0.314357
0.317136
0.297328
0.297716
0.316442
0.306298
0.318703
0.318876
0.321744
0.30078
0.300937
0.321425
0.306749
0.319568
0.319559
0.322404
0.301215
0.322421
0.30123
0.309304
0.298814
0.309378
0.312272
0.294782
0.29469
0.312222
0.299029
0.310018
0.310042
0.312804
0.294371
0.312748
0.294519
0.308196
0.298548
0.308783
0.312747
0.294507
0.295493
0.311567
0.301711
0.313254
0.312092
0.316477
0.301026
0.29902
0.318751
0.35734
0.366249
0.373513
0.39136
0.352629
0.379029
0.361749
0.379446
0.401424
0.396686
0.412681
0.389412
0.381273
0.420415
0.327788
0.34472
0.339444
0.34807
0.334573
0.327674
0.357599
0.312355
0.320086
0.323297
0.33192
0.308024
0.325985
0.312805
0.276136
0.278704
0.282378
0.281521
0.276357
0.278805
0.277931
0.780301
0.868763
0.775082
0.943596
0.753195
0.802739
0.907106
0.69089
0.598541
0.635337
0.684088
0.669503
0.706433
0.620204
0.508598
0.450027
0.477266
0.498241
0.468686
0.515381
0.495209
0.531713
0.541264
0.581313
0.509781
0.498071
0.568175
0.541726
0.479302
0.424166
0.421127
0.477116
0.423086
0.475938
0.480481
0.479215
0.424102
0.4778
0.420575
0.422641
0.475754
0.480816
0.487459
0.440402
0.43507
0.490158
0.435545
0.489363
0.486113
0.486061
0.427206
0.48064
0.430486
0.431442
0.484056
0.483601
0.488502
0.427899
0.480801
0.429697
0.431686
0.485307
0.484049
0.492889
0.438153
0.493327
0.433869
0.435599
0.489923
0.496038
0.504881
0.447495
0.444906
0.504668
0.446108
0.502721
0.506674
0.502461
0.441492
0.496991
0.442578
0.443968
0.499516
0.500098
0.526354
0.465465
0.464007
0.526235
0.46456
0.525023
0.527394
0.52476
0.46135
0.521077
0.462404
0.46306
0.523295
0.522666
0.514687
0.451586
0.453469
0.50895
0.454542
0.510897
0.51279
0.517761
0.458416
0.517913
0.456228
0.457066
0.515996
0.519575
0.534706
0.470096
0.530843
0.471983
0.472326
0.533821
0.531919
0.535093
0.471996
0.533464
0.472257
0.472498
0.534358
0.534174
0.537361
0.475596
0.474806
0.537891
0.474897
0.536932
0.538277
0.536293
0.473199
0.534752
0.473719
0.47392
0.535394
0.535701
0.549175
0.483808
0.483949
0.549068
0.483628
0.548788
0.549467
0.548447
0.482509
0.547173
0.483324
0.483093
0.547981
0.547559
0.542922
0.478328
0.479389
0.541163
0.479366
0.541342
0.542665
0.544234
0.481044
0.545287
0.480476
0.480257
0.543968
0.545669
0.549188
0.483818
0.549078
0.483965
0.483642
0.548803
0.549476
0.548462
0.482533
0.547204
0.483341
0.483108
0.547999
0.547586
0.542961
0.478381
0.479429
0.54123
0.479402
0.542709
0.541401
0.544267
0.481074
0.545325
0.480512
0.480289
0.545702
0.544006
0.534786
0.470185
0.472058
0.530958
0.472393
0.533911
0.532024
0.535129
0.47201
0.53348
0.472291
0.472526
0.534402
0.534185
0.537413
0.47564
0.474857
0.537943
0.474944
0.538324
0.536989
0.536339
0.47324
0.534803
0.473763
0.473959
0.535752
0.535439
0.526419
0.465508
0.526293
0.464062
0.464608
0.525097
0.527444
0.524829
0.461404
0.521159
0.462461
0.46311
0.523371
0.522739
0.514736
0.451597
0.453495
0.508986
0.454563
0.512843
0.510931
0.517809
0.458435
0.517957
0.456259
0.45709
0.519614
0.516052
0.488211
0.427481
0.429363
0.48034
0.431368
0.48498
0.483629
0.492669
0.437929
0.49311
0.433613
0.435349
0.489684
0.49584
0.504805
0.447421
0.444809
0.504608
0.446011
0.506618
0.50264
0.502358
0.441334
0.496843
0.442448
0.443841
0.499983
0.499378
0.478488
0.423555
0.476423
0.420319
0.422315
0.475053
0.479849
0.478172
0.422886
0.476447
0.419542
0.421658
0.474615
0.479558
0.485787
0.437899
0.432972
0.487857
0.433603
0.48423
0.487286
0.484576
0.425754
0.47911
0.428751
0.429791
0.482195
0.482441
0.795361
0.836167
0.788185
0.929559
0.767039
0.824674
0.908873
0.694514
0.597987
0.638527
0.702604
0.678508
0.719007
0.616904
0.504921
0.446648
0.473296
0.495252
0.464263
0.492442
0.511829
0.5269
0.536567
0.579026
0.506413
0.4928
0.537993
0.562733
0.179041
0.17595
0.173726
0.164916
0.166616
0.166582
0.164954
0.176685
0.264278
0.204856
0.211843
0.272713
0.206168
0.17664
0.210868
0.202265
0.205784
0.219569
0.202567
0.213423
0.216486
0.284118
0.284903
0.281909
0.272639
0.275797
0.274753
0.273681
0.179633
0.17668
0.17422
0.165122
0.166942
0.166839
0.165236
0.284557
0.239758
0.279914
0.263962
0.233065
0.268961
0.233834
0.349922
0.293727
0.32406
0.324272
0.319856
0.354018
0.291087
0.712265
0.691362
0.730815
0.698844
0.725899
0.712046
0.704844
0.312941
0.238686
0.282155
0.244338
0.308281
0.287081
0.237971
0.419544
0.352784
0.425238
0.282068
0.372586
0.37136
0.301807
0.245599
0.255816
0.256913
0.242837
0.240862
0.247861
0.25217
0.216508
0.218042
0.227999
0.207512
0.212186
0.218423
0.209792
0.212348
0.203114
0.22182
0.207107
0.203555
0.21509
0.218548
0.290423
0.293876
0.28883
0.277869
0.283776
0.28024
0.281087
0.271431
0.266008
0.266303
0.265587
0.268655
0.269804
0.26488
0.327368
0.320882
0.318889
0.307527
0.312519
0.30814
0.312356
0.292284
0.291621
0.283251
0.29761
0.287758
0.285512
0.305026
0.265339
0.262382
0.261797
0.261435
0.26412
0.264332
0.261143
0.317094
0.319927
0.31429
0.30335
0.306037
0.303471
0.306389
0.289272
0.290128
0.281768
0.29559
0.285534
0.28367
0.30233
0.41063
0.400048
0.398602
0.41349
0.428184
0.4322
0.403611
0.388226
0.393349
0.402573
0.419926
0.375367
0.391803
0.404656
0.854501
1.01502
0.998507
0.982959
0.807414
0.814882
0.978037
0.889592
0.728129
0.609045
0.780665
0.720484
0.906056
0.754279
0.163512
0.171553
0.16432
0.162988
0.163709
0.161831
0.160742
0.217409
0.222126
0.225132
0.2171
0.217645
0.224174
0.223911
0.195118
0.215812
0.210584
0.197709
0.188641
0.188408
0.200907
0.196237
0.215396
0.210441
0.203488
0.190368
0.190644
0.205583
0.245894
0.239235
0.237767
0.234959
0.245204
0.242365
0.236083
0.301882
0.291271
0.301699
0.273051
0.272664
0.2766
0.276736
0.303241
0.308234
0.311655
0.280931
0.277003
0.284597
0.286952
0.273041
0.26775
0.264665
0.261957
0.263836
0.26976
0.2691
0.26932
0.267348
0.275556
0.267461
0.274188
0.271364
0.271374
0.325611
0.313644
0.308986
0.335574
0.30991
0.312076
0.331742
0.550133
0.384947
0.366514
0.353122
0.494472
0.448283
0.369096
0.438049
0.390004
0.401122
0.408068
0.418157
0.451883
0.394853
1.02771
0.88781
0.819389
0.585613
0.719556
0.666475
0.623796
0.501918
0.64165
0.602187
0.499793
0.477493
0.522536
0.457838
0.277511
0.272907
0.281857
0.274649
0.285169
0.280849
0.278129
0.336606
0.325444
0.317925
0.34584
0.318569
0.323652
0.34688
0.691321
0.456253
0.432504
0.409576
0.619692
0.549674
0.434709
0.469459
0.487201
0.497746
0.470742
0.481598
0.482428
0.498459
0.431145
0.396981
0.405834
0.418142
0.41436
0.443536
0.405669
0.876604
0.783446
0.732611
0.584837
0.6964
0.644611
0.619414
0.470694
0.375459
0.461658
0.369971
0.473953
0.452163
0.369897
0.162635
0.161621
0.161275
0.162306
0.162245
0.160622
0.160736
0.217818
0.200476
0.218397
0.188697
0.203603
0.204245
0.188535
0.228616
0.252394
0.232565
0.247947
0.23043
0.233636
0.249839
0.46116
0.435067
0.44841
0.420188
0.439918
0.385858
0.392849
0.316698
0.3541
0.348753
0.313803
0.297208
0.2962
0.317468
0.182745
0.185435
0.18323
0.180049
0.179271
0.178713
0.179643
0.53724
0.502616
0.526171
0.523289
0.550628
0.533195
0.511386
0.365928
0.407399
0.421137
0.414749
0.361194
0.366433
0.406847
0.769128
0.697407
0.679222
0.645839
0.634424
0.575679
0.584021
0.273386
0.28001
0.273503
0.271407
0.266984
0.265587
0.270627
0.165537
0.171024
0.165072
0.165451
0.164187
0.164736
0.16309
0.241717
0.234304
0.252615
0.231147
0.238967
0.228158
0.23416
0.258127
0.285833
0.250011
0.268455
0.25504
0.235774
0.226989
0.285505
0.289208
0.28728
0.278717
0.28131
0.282546
0.280616
0.234815
0.234488
0.233615
0.233771
0.233276
0.23219
0.232014
0.482211
0.478498
0.484779
0.469057
0.475933
0.452928
0.460773
0.326265
0.335555
0.353457
0.341121
0.310527
0.30671
0.331206
0.291613
0.271587
0.293334
0.274301
0.27282
0.285718
0.310739
0.419466
0.438469
0.406317
0.417733
0.439383
0.408482
0.401362
0.344188
0.398061
0.370565
0.340147
0.323884
0.321421
0.344618
0.347058
0.323654
0.367166
0.359208
0.314052
0.325787
0.34338
0.467121
0.478569
0.500319
0.458513
0.477806
0.46717
0.487953
0.339219
0.399414
0.378114
0.351913
0.394252
0.378066
0.341223
0.384977
0.374603
0.38811
0.374038
0.387246
0.375653
0.376254
0.322677
0.2873
0.323062
0.310156
0.284307
0.285059
0.309587
0.323497
0.288294
0.322914
0.31067
0.287154
0.311559
0.286202
0.340988
0.298145
0.332199
0.323522
0.303696
0.331294
0.297564
0.3877
0.375291
0.389112
0.375823
0.390184
0.377651
0.376842
0.293086
0.323862
0.328711
0.31738
0.288972
0.292114
0.313332
0.325068
0.289017
0.327223
0.312891
0.285686
0.311627
0.286326
0.396602
0.385756
0.399791
0.385293
0.399251
0.387395
0.387846
0.289677
0.329142
0.328491
0.314119
0.287017
0.28692
0.314463
0.332474
0.291238
0.332388
0.316977
0.288231
0.288315
0.316964
0.400339
0.388049
0.402059
0.388865
0.403054
0.391034
0.390085
0.291228
0.330829
0.33194
0.316639
0.288017
0.288324
0.315973
0.41487
0.401636
0.417335
0.4022
0.418033
0.404915
0.404254
0.340592
0.295584
0.340389
0.323511
0.292443
0.292399
0.323618
0.339222
0.295477
0.33997
0.323182
0.292061
0.322693
0.292306
0.335057
0.293654
0.336526
0.320341
0.290057
0.319377
0.290587
0.411721
0.399427
0.415109
0.399171
0.414833
0.401821
0.402065
0.294038
0.337553
0.337287
0.321048
0.291009
0.290954
0.321193
0.343628
0.298212
0.344641
0.327176
0.294554
0.32647
0.294948
0.422505
0.409368
0.425945
0.409288
0.425912
0.412279
0.412341
0.298051
0.344256
0.344365
0.326949
0.294778
0.294808
0.326869
0.345669
0.298664
0.345514
0.327902
0.29541
0.295374
0.327984
0.42367
0.410252
0.426883
0.410403
0.427091
0.413415
0.413232
0.298632
0.345004
0.345272
0.327729
0.295274
0.29535
0.327544
0.429441
0.415517
0.433094
0.415611
0.433224
0.419007
0.418906
0.348627
0.300267
0.348633
0.330498
0.296931
0.296937
0.330479
0.348374
0.300271
0.348554
0.330441
0.296903
0.330319
0.296944
0.347155
0.299818
0.347533
0.32962
0.296393
0.329363
0.296505
0.428354
0.414731
0.432176
0.414617
0.432098
0.417962
0.418054
0.299876
0.347819
0.347703
0.329764
0.296584
0.296563
0.329819
0.348632
0.300272
0.348639
0.330504
0.296935
0.330485
0.296941
0.429454
0.415531
0.433111
0.415622
0.433238
0.419018
0.418922
0.300272
0.348379
0.348557
0.330444
0.296906
0.296945
0.330323
0.347171
0.299823
0.347542
0.329626
0.296401
0.296509
0.329375
0.428374
0.414749
0.432197
0.414636
0.43212
0.417983
0.418074
0.299882
0.347828
0.347713
0.329772
0.296589
0.296569
0.329827
0.422512
0.409374
0.425953
0.409294
0.42592
0.412287
0.412349
0.343652
0.298216
0.344651
0.327183
0.294565
0.294951
0.326486
0.344258
0.29805
0.344364
0.326946
0.294778
0.326869
0.294808
0.345686
0.298673
0.345529
0.327913
0.295419
0.327997
0.295382
0.423694
0.410273
0.426909
0.410424
0.427117
0.413438
0.413256
0.298636
0.345014
0.345281
0.327734
0.295278
0.295353
0.327551
0.340594
0.295578
0.340382
0.323502
0.292439
0.323613
0.292392
0.414898
0.401653
0.417364
0.402217
0.418061
0.404935
0.404275
0.295464
0.339212
0.339957
0.323167
0.29205
0.292293
0.32268
0.335011
0.293618
0.336478
0.320293
0.290023
0.290551
0.31933
0.411721
0.399416
0.415107
0.399161
0.414833
0.401813
0.402057
0.29401
0.337523
0.337248
0.32101
0.290983
0.290926
0.321159
0.396404
0.385541
0.399582
0.385075
0.399041
0.387172
0.387627
0.324754
0.288828
0.326954
0.312643
0.285485
0.286142
0.311342
0.328938
0.289521
0.328254
0.313902
0.286877
0.314271
0.286766
0.332386
0.29116
0.332268
0.316866
0.288166
0.316874
0.288236
0.400208
0.387885
0.401905
0.388718
0.402913
0.390882
0.389918
0.291127
0.330669
0.331797
0.316504
0.287911
0.288224
0.315825
0.322273
0.28696
0.322537
0.309687
0.284023
0.3092
0.284722
0.384132
0.37365
0.387096
0.373193
0.386341
0.374767
0.375261
0.287872
0.322745
0.322324
0.310113
0.286672
0.285785
0.310891
0.339152
0.2972
0.330915
0.322252
0.302571
0.296633
0.329681
0.386532
0.374208
0.387962
0.374652
0.388939
0.376423
0.375714
0.292335
0.322998
0.327547
0.316345
0.288358
0.29137
0.312497
0.526242
0.494997
0.516926
0.516227
0.541863
0.529681
0.50602
0.492234
0.40319
0.46572
0.470545
0.419464
0.40907
0.48856
0.418564
0.386866
0.454202
0.449295
0.376852
0.425116
0.39301
0.34498
0.322185
0.364226
0.357249
0.312761
0.341437
0.324756
0.459257
0.471025
0.491526
0.451364
0.469853
0.460522
0.481644
0.338666
0.404872
0.375311
0.377848
0.35748
0.341862
0.400197
0.271091
0.262081
0.269463
0.262625
0.259905
0.258788
0.264492
0.302369
0.293007
0.294894
0.275816
0.281732
0.2795
0.277491
0.264402
0.274053
0.272498
0.263114
0.259381
0.25984
0.261911
0.257992
0.266512
0.25919
0.254417
0.253242
0.263843
0.26018
0.252733
0.258694
0.257134
0.253501
0.25577
0.251467
0.25509
0.235497
0.23971
0.234305
0.236784
0.234916
0.232461
0.232121
0.495377
0.418814
0.491942
0.494953
0.424699
0.496524
0.421931
0.598643
0.545698
0.553964
0.583464
0.604585
0.59128
0.549551
0.401975
0.430313
0.479592
0.46696
0.381888
0.404089
0.436936
0.273828
0.263537
0.271376
0.264281
0.261401
0.266848
0.26
0.300169
0.290544
0.292936
0.275961
0.283441
0.280286
0.278074
0.265003
0.273589
0.273242
0.263973
0.259636
0.260296
0.262459
0.26064
0.271296
0.260752
0.25624
0.267393
0.254735
0.26372
0.254923
0.260798
0.258224
0.255107
0.25715
0.252692
0.257855
0.23319
0.224285
0.226014
0.224478
0.226902
0.231336
0.223082
0.230004
0.234978
0.229143
0.227426
0.235268
0.232935
0.229948
0.229188
0.241604
0.236503
0.230368
0.237604
0.228701
0.231172
0.391851
0.393
0.38171
0.364031
0.388096
0.370773
0.379121
0.325332
0.337023
0.346654
0.334795
0.320043
0.315827
0.32983
0.37979
0.362305
0.3718
0.358013
0.362062
0.37048
0.353855
0.340917
0.349545
0.342325
0.357206
0.356571
0.339436
0.344254
0.315906
0.288444
0.291349
0.318383
0.318243
0.291375
0.317693
0.31298
0.30032
0.312055
0.296706
0.295295
0.309574
0.315694
0.343842
0.369175
0.363242
0.348308
0.347328
0.363006
0.346365
0.415175
0.416308
0.431341
0.406546
0.420987
0.411473
0.422322
0.390672
0.386515
0.39479
0.399508
0.382884
0.394356
0.387764
0.412394
0.394358
0.402815
0.408107
0.406054
0.396083
0.418524
0.385524
0.374884
0.387632
0.375026
0.387872
0.376739
0.376493
0.37073
0.359692
0.370318
0.371994
0.358356
0.372341
0.358121
0.370159
0.35979
0.370286
0.371951
0.358223
0.371713
0.358213
0.395846
0.383053
0.397506
0.384108
0.39885
0.386515
0.384977
0.385894
0.373395
0.382397
0.385376
0.377433
0.389365
0.373057
0.378575
0.370447
0.379674
0.38246
0.368327
0.369927
0.380888
0.391922
0.381836
0.395276
0.381049
0.394388
0.38295
0.383748
0.373941
0.364611
0.375436
0.37709
0.361293
0.375405
0.362817
0.377269
0.365661
0.376501
0.378284
0.364709
0.363992
0.379066
0.403105
0.391075
0.405579
0.391301
0.405969
0.393635
0.39332
0.38703
0.374652
0.386747
0.388867
0.37317
0.389125
0.372975
0.386418
0.374589
0.386618
0.388737
0.372762
0.372906
0.388437
0.416827
0.403821
0.419847
0.403957
0.420091
0.406777
0.40658
0.399735
0.386428
0.399472
0.401969
0.384961
0.40223
0.384752
0.399218
0.386348
0.399359
0.40186
0.384534
0.401649
0.384668
0.409012
0.39717
0.412479
0.396762
0.412013
0.399286
0.399699
0.390382
0.379344
0.391524
0.39371
0.376382
0.392406
0.37758
0.392643
0.380073
0.392261
0.394546
0.378749
0.378407
0.394929
0.422652
0.409595
0.426232
0.409446
0.42606
0.412446
0.412592
0.403717
0.391549
0.404606
0.407243
0.388877
0.406212
0.389854
0.405191
0.392038
0.405087
0.40779
0.390486
0.390412
0.407882
0.424718
0.411279
0.428083
0.411351
0.428206
0.414425
0.414326
0.407145
0.393643
0.407011
0.409779
0.392125
0.409896
0.392037
0.406781
0.39355
0.406898
0.409646
0.391793
0.391924
0.409491
0.429968
0.416029
0.433748
0.416056
0.433814
0.419513
0.419477
0.411824
0.398256
0.41185
0.414925
0.39676
0.414878
0.396815
0.411766
0.398257
0.411832
0.414904
0.396728
0.414818
0.396813
0.427552
0.414061
0.431279
0.413953
0.431206
0.417206
0.417286
0.409127
0.396066
0.40943
0.412298
0.394152
0.411949
0.39449
0.409734
0.396306
0.409665
0.412585
0.394799
0.394782
0.412622
0.429978
0.416039
0.433759
0.416065
0.433824
0.419522
0.419488
0.411832
0.398264
0.411858
0.414934
0.396768
0.414886
0.396823
0.411776
0.398266
0.411842
0.414914
0.396738
0.396822
0.414829
0.427577
0.414083
0.431303
0.413976
0.431233
0.417231
0.417308
0.409157
0.396083
0.409453
0.412323
0.394177
0.411982
0.394507
0.409753
0.39632
0.409685
0.412606
0.394811
0.394795
0.412641
0.422692
0.409623
0.426268
0.409479
0.426102
0.412482
0.412623
0.403764
0.391571
0.404641
0.40728
0.38891
0.406261
0.389876
0.405215
0.392053
0.405116
0.407819
0.390498
0.407907
0.390428
0.424748
0.411305
0.428114
0.411378
0.428237
0.414454
0.414355
0.407171
0.393662
0.407037
0.409805
0.392145
0.409922
0.392057
0.406806
0.393569
0.406924
0.409672
0.391812
0.391943
0.409517
0.41685
0.403835
0.419871
0.403972
0.420115
0.406794
0.406597
0.399749
0.386422
0.399482
0.401978
0.384959
0.402243
0.384746
0.399225
0.38634
0.399367
0.401865
0.384523
0.38466
0.401654
0.40901
0.397148
0.412468
0.396745
0.412009
0.399272
0.399678
0.390344
0.379281
0.391491
0.393671
0.376313
0.392362
0.377516
0.392604
0.380013
0.392227
0.394508
0.378681
0.378346
0.394885
0.391655
0.381546
0.394993
0.380758
0.394103
0.382649
0.38345
0.373539
0.364208
0.375076
0.376705
0.36084
0.374978
0.362407
0.376937
0.365286
0.376169
0.377932
0.36433
0.378716
0.363613
0.403019
0.390961
0.405475
0.3912
0.405875
0.393531
0.393204
0.38693
0.374515
0.386639
0.38875
0.373039
0.389016
0.372835
0.38628
0.374437
0.386496
0.388602
0.372588
0.37275
0.388289
0.384982
0.374257
0.386985
0.374463
0.387289
0.376149
0.37584
0.370209
0.359095
0.369765
0.371407
0.357783
0.371791
0.357514
0.369473
0.359127
0.369668
0.371294
0.357478
0.357537
0.370988
0.394188
0.381481
0.3959
0.382356
0.397054
0.384657
0.383324
0.383444
0.371206
0.380254
0.383101
0.374899
0.386769
0.370822
0.376878
0.368526
0.377802
0.380478
0.366544
0.367972
0.379101
0.656257
0.607628
0.645462
0.632686
0.674959
0.647585
0.621742
0.650067
0.603341
0.633721
0.647324
0.629956
0.660733
0.61255
0.587061
0.5778
0.608685
0.622677
0.565217
0.600611
0.586197
0.411538
0.411727
0.426599
0.402678
0.41699
0.40733
0.417467
0.387823
0.383253
0.391452
0.395971
0.379989
0.391334
0.384443
0.407814
0.390573
0.398868
0.403955
0.401857
0.392262
0.413797
0.387097
0.396539
0.400912
0.387027
0.391755
0.39199
0.401365
0.385879
0.406713
0.392935
0.400974
0.426604
0.392858
0.415746
0.386339
0.396409
0.402439
0.387544
0.39288
0.394598
0.40342
0.440945
0.431504
0.421891
0.432471
0.46546
0.451272
0.443193
0.38664
0.425457
0.414588
0.427018
0.415799
0.39255
0.438773
0.420785
0.422378
0.434711
0.418217
0.432169
0.436246
0.436109
0.408399
0.394444
0.397552
0.396563
0.403362
0.391766
0.390972
0.40605
0.399954
0.401634
0.385476
0.384361
0.383533
0.386602
0.413949
0.398518
0.412443
0.397938
0.40832
0.392872
0.39362
0.389912
0.395268
0.396338
0.38392
0.381983
0.382581
0.382418
0.352039
0.340518
0.346331
0.33307
0.336053
0.337783
0.332957
0.348024
0.342557
0.344556
0.327357
0.32562
0.325658
0.327937
0.358293
0.355271
0.351235
0.334331
0.341592
0.339963
0.335411
0.334474
0.338973
0.340116
0.326692
0.326381
0.326769
0.325675
0.364978
0.359529
0.367132
0.352556
0.350391
0.351237
0.350657
0.387466
0.388624
0.381991
0.364579
0.374185
0.37181
0.36682
0.370178
0.378929
0.373544
0.354953
0.353266
0.352055
0.356987
0.368728
0.381402
0.375762
0.361868
0.365071
0.368367
0.360602
0.321314
0.317883
0.321064
0.307621
0.310177
0.307895
0.309954
0.322982
0.322712
0.322519
0.305074
0.303256
0.305253
0.303114
0.322952
0.323217
0.322705
0.305399
0.303785
0.305687
0.303499
0.317776
0.321134
0.320925
0.307382
0.309965
0.309783
0.307585
0.320896
0.317396
0.320599
0.307574
0.309934
0.309733
0.307784
0.323211
0.322845
0.322495
0.305836
0.304561
0.306196
0.30418
0.322601
0.322981
0.322333
0.305553
0.303939
0.305723
0.303825
0.317439
0.321008
0.320696
0.307754
0.310092
0.30983
0.308079
0.327407
0.323223
0.327565
0.314249
0.315495
0.315472
0.314043
0.335467
0.336483
0.33327
0.316512
0.319177
0.319243
0.316115
0.330019
0.332408
0.330521
0.313447
0.311954
0.312942
0.312749
0.325612
0.332616
0.330064
0.316953
0.319478
0.319192
0.318006
0.323708
0.318536
0.322224
0.309395
0.311865
0.311043
0.31061
0.32412
0.322855
0.322996
0.306452
0.304883
0.306331
0.305151
0.326437
0.325871
0.324566
0.308084
0.308544
0.30954
0.30694
0.317228
0.320851
0.320815
0.307958
0.30982
0.307983
0.309705
0.325796
0.322239
0.325456
0.311131
0.313974
0.313769
0.31139
0.326653
0.325624
0.326317
0.308031
0.305449
0.307702
0.305861
0.327405
0.327367
0.327012
0.30856
0.306661
0.308836
0.306384
0.321562
0.324302
0.324773
0.310582
0.313091
0.31036
0.313169
0.327414
0.324161
0.327494
0.312664
0.315447
0.315384
0.312686
0.329602
0.329441
0.329261
0.310049
0.307924
0.310211
0.307775
0.328918
0.329442
0.329093
0.309993
0.307667
0.30997
0.307737
0.324339
0.327843
0.32767
0.312751
0.315652
0.315509
0.312917
0.331341
0.327836
0.331285
0.315558
0.318605
0.315659
0.318508
0.333136
0.332979
0.332873
0.312573
0.310239
0.312704
0.310117
0.332909
0.333154
0.332879
0.312642
0.310274
0.312733
0.310203
0.327844
0.331394
0.33129
0.315515
0.318598
0.318486
0.315646
0.330716
0.327121
0.330535
0.315075
0.31809
0.317961
0.315227
0.332066
0.331437
0.331778
0.31198
0.309408
0.311848
0.309594
0.332332
0.332438
0.332135
0.312228
0.309989
0.312383
0.309841
0.326794
0.329978
0.330193
0.314818
0.317684
0.314748
0.317682
0.339451
0.335717
0.339455
0.322141
0.32548
0.322191
0.325425
0.34138
0.341253
0.341163
0.318871
0.316281
0.318994
0.316156
0.341099
0.34135
0.341128
0.318869
0.316185
0.31891
0.316161
0.335756
0.339572
0.339493
0.322152
0.325537
0.325447
0.322265
0.338899
0.335109
0.338828
0.3217
0.325011
0.324936
0.321783
0.340495
0.340002
0.340266
0.318299
0.315484
0.318202
0.315623
0.340583
0.340756
0.340511
0.31848
0.315887
0.318563
0.31581
0.3349
0.33843
0.3386
0.321524
0.324754
0.324754
0.32147
0.335375
0.331657
0.335236
0.318844
0.322038
0.321931
0.318971
0.336641
0.335882
0.336404
0.315411
0.312534
0.315166
0.312847
0.337034
0.337142
0.336877
0.315782
0.313362
0.315916
0.31323
0.331234
0.334435
0.33479
0.31848
0.321497
0.318318
0.321555
0.336318
0.332715
0.336347
0.319675
0.322871
0.322815
0.319715
0.338319
0.338136
0.338068
0.316565
0.314047
0.316658
0.313962
0.337928
0.338256
0.338001
0.316554
0.313954
0.316575
0.313959
0.33278
0.336485
0.336415
0.319698
0.322937
0.319792
0.322853
0.343492
0.339546
0.34345
0.325505
0.328946
0.328885
0.325572
0.34514
0.344488
0.344895
0.321879
0.318853
0.3217
0.319088
0.345259
0.345488
0.34522
0.322145
0.319426
0.322211
0.319367
0.339264
0.342871
0.343147
0.325251
0.328587
0.325134
0.328627
0.343254
0.33932
0.343202
0.32531
0.328756
0.328685
0.325391
0.345161
0.34492
0.344912
0.3219
0.319166
0.321955
0.319119
0.345005
0.345204
0.344952
0.32195
0.319249
0.322033
0.319173
0.339284
0.343184
0.343164
0.325265
0.328701
0.328644
0.325323
0.34447
0.340546
0.344488
0.326311
0.329783
0.32635
0.329739
0.346541
0.346338
0.346296
0.3229
0.320144
0.322971
0.320076
0.346216
0.346506
0.346258
0.322891
0.320092
0.322925
0.320071
0.340583
0.344567
0.344526
0.326325
0.32982
0.329761
0.326393
0.344166
0.340216
0.344138
0.326092
0.329543
0.329491
0.326144
0.346056
0.345721
0.345809
0.322632
0.319814
0.322637
0.319828
0.345926
0.346167
0.345908
0.322703
0.319945
0.322752
0.319905
0.340143
0.344002
0.344051
0.326027
0.329464
0.326047
0.329429
0.34736
0.343225
0.347378
0.328523
0.33206
0.328555
0.332022
0.349575
0.349241
0.349267
0.325015
0.32216
0.325046
0.322139
0.349241
0.349593
0.349279
0.325033
0.322178
0.325061
0.322161
0.343223
0.347361
0.347371
0.32851
0.332055
0.332016
0.328546
0.347273
0.343128
0.347266
0.328467
0.332
0.331959
0.328506
0.349383
0.349011
0.34908
0.324933
0.322064
0.324948
0.322063
0.349154
0.349471
0.349159
0.324986
0.322146
0.325022
0.322121
0.343074
0.347158
0.347198
0.328419
0.331948
0.331915
0.328443
0.34632
0.342247
0.346299
0.327778
0.331287
0.331241
0.327824
0.348277
0.347862
0.348001
0.324228
0.321332
0.324205
0.321377
0.348154
0.34843
0.348141
0.324328
0.321517
0.32437
0.321484
0.342139
0.346086
0.346173
0.327685
0.331171
0.327682
0.331151
0.346512
0.342458
0.346538
0.327919
0.331433
0.331393
0.327953
0.348719
0.348441
0.348429
0.32446
0.321641
0.324506
0.321604
0.348344
0.348687
0.348394
0.324454
0.321618
0.324484
0.321601
0.34249
0.346591
0.346572
0.327929
0.331456
0.327977
0.33141
0.347366
0.343231
0.347384
0.328527
0.332065
0.332027
0.32856
0.349581
0.349247
0.349272
0.32502
0.322164
0.32505
0.322144
0.349247
0.349599
0.349285
0.325037
0.322183
0.325066
0.322166
0.343228
0.347367
0.347377
0.328515
0.332059
0.328551
0.332021
0.347276
0.343132
0.34727
0.32847
0.332003
0.331962
0.328509
0.349387
0.349017
0.349085
0.324936
0.322067
0.324951
0.322065
0.349158
0.349475
0.349163
0.324989
0.322148
0.325024
0.322123
0.343078
0.347163
0.347203
0.328422
0.331952
0.331918
0.328447
0.346331
0.342258
0.34631
0.327786
0.331296
0.327832
0.33125
0.34829
0.347878
0.348014
0.324237
0.321343
0.324216
0.321386
0.348165
0.348441
0.348152
0.324335
0.321523
0.324377
0.32149
0.342153
0.346102
0.346187
0.327695
0.331182
0.331162
0.327693
0.346524
0.342469
0.346549
0.327927
0.331442
0.331402
0.327961
0.34873
0.348452
0.34844
0.324468
0.321649
0.324514
0.321611
0.348355
0.348697
0.348405
0.324462
0.321625
0.324491
0.321609
0.342501
0.346602
0.346584
0.327938
0.331465
0.327986
0.331419
0.343508
0.339564
0.343468
0.325517
0.328958
0.325581
0.328897
0.34516
0.344513
0.344916
0.321891
0.318868
0.321714
0.319099
0.345273
0.345502
0.345237
0.322154
0.319432
0.322218
0.319374
0.339285
0.342896
0.343169
0.325265
0.328604
0.328643
0.325149
0.343258
0.339326
0.343209
0.325312
0.328759
0.328688
0.325392
0.345164
0.344926
0.344916
0.321902
0.319167
0.321957
0.319121
0.345008
0.345207
0.344957
0.32195
0.319247
0.322032
0.319172
0.339291
0.343191
0.34317
0.325269
0.328705
0.328649
0.325327
0.344488
0.340565
0.344507
0.326325
0.329798
0.329754
0.326364
0.346559
0.346357
0.346314
0.322914
0.320156
0.322984
0.320089
0.346234
0.346524
0.346277
0.322904
0.320103
0.322937
0.320083
0.340602
0.344586
0.344545
0.32634
0.329835
0.326408
0.329776
0.344178
0.340229
0.344151
0.3261
0.329552
0.329501
0.326153
0.346068
0.345734
0.345822
0.322639
0.31982
0.322644
0.319834
0.345938
0.346178
0.345921
0.32271
0.319951
0.322759
0.319912
0.340156
0.344015
0.344065
0.326036
0.329473
0.326055
0.329439
0.339453
0.335722
0.339459
0.322139
0.325479
0.325425
0.322188
0.341382
0.341259
0.341168
0.31887
0.31628
0.318994
0.316155
0.341099
0.34135
0.341131
0.318865
0.316177
0.318904
0.316156
0.335764
0.33958
0.3395
0.322154
0.325541
0.322267
0.325451
0.338896
0.335107
0.338826
0.321693
0.325004
0.324931
0.321775
0.34049
0.339999
0.340264
0.31829
0.315473
0.318192
0.315612
0.340577
0.34075
0.340507
0.318471
0.315874
0.318552
0.315799
0.334902
0.338429
0.338602
0.321518
0.324749
0.32475
0.321464
0.335341
0.331629
0.335206
0.318812
0.322004
0.318935
0.321901
0.336602
0.335846
0.33637
0.315373
0.312494
0.315128
0.312808
0.336996
0.337105
0.336844
0.315746
0.313321
0.315876
0.313193
0.331208
0.334404
0.334761
0.318447
0.321465
0.321524
0.318283
0.336294
0.332696
0.336326
0.31965
0.322847
0.322793
0.319688
0.338294
0.338113
0.338047
0.316541
0.31402
0.316633
0.313936
0.337898
0.338225
0.337975
0.316526
0.313921
0.316543
0.313929
0.332765
0.336466
0.336398
0.319678
0.322918
0.319771
0.322835
0.325559
0.322019
0.325226
0.310919
0.313759
0.311174
0.313557
0.326377
0.325338
0.326053
0.307797
0.305198
0.307454
0.305625
0.327155
0.327115
0.32677
0.308343
0.306439
0.308615
0.306166
0.321327
0.324036
0.324525
0.310355
0.312856
0.312943
0.31012
0.327214
0.323984
0.327307
0.312492
0.31527
0.315214
0.312504
0.32941
0.329255
0.329078
0.309885
0.307757
0.310046
0.307609
0.328703
0.329232
0.328893
0.309814
0.307475
0.309781
0.307555
0.324176
0.327667
0.327499
0.312592
0.315492
0.315351
0.312756
0.331247
0.327759
0.331203
0.315478
0.318523
0.31843
0.315572
0.33305
0.332903
0.332794
0.3125
0.310166
0.312632
0.310042
0.332806
0.333056
0.332789
0.312556
0.310178
0.31264
0.310115
0.327778
0.331324
0.331217
0.315446
0.318532
0.315577
0.31842
0.330596
0.327012
0.330421
0.314966
0.317981
0.317854
0.315115
0.331929
0.331295
0.331649
0.31186
0.309278
0.311721
0.309471
0.332203
0.332307
0.332012
0.312115
0.309872
0.312267
0.309727
0.32668
0.329848
0.330073
0.314704
0.317567
0.314627
0.31757
0.320865
0.317496
0.320655
0.307252
0.309792
0.309587
0.307498
0.322576
0.322334
0.322131
0.304738
0.302926
0.304924
0.302774
0.322471
0.322763
0.322272
0.305019
0.303367
0.305276
0.303114
0.31743
0.320773
0.320559
0.307054
0.309639
0.30726
0.309456
0.320363
0.316893
0.320067
0.3071
0.30946
0.309261
0.30731
0.322565
0.322155
0.321877
0.305295
0.303965
0.30561
0.303632
0.322044
0.322398
0.321771
0.30507
0.303457
0.305242
0.303337
0.316884
0.320363
0.320111
0.307227
0.309541
0.309306
0.307514
0.326258
0.32211
0.326372
0.313191
0.314475
0.31302
0.314436
0.333924
0.334807
0.331801
0.315229
0.317703
0.317811
0.314796
0.328814
0.331073
0.329248
0.312351
0.310897
0.311898
0.311627
0.324318
0.331062
0.328686
0.315717
0.318177
0.316791
0.317827
0.32271
0.317688
0.321325
0.308594
0.311024
0.310249
0.309738
0.323237
0.322041
0.322151
0.305732
0.304181
0.305633
0.304419
0.325367
0.324872
0.323612
0.307258
0.307617
0.308633
0.306097
0.31648
0.320073
0.320019
0.307256
0.30913
0.307295
0.30901
0.436988
0.42657
0.439436
0.417182
0.414281
0.414455
0.415872
0.473499
0.465602
0.460916
0.432336
0.443474
0.439122
0.437152
0.447371
0.462901
0.451562
0.421844
0.422424
0.41928
0.426191
0.433909
0.451187
0.447457
0.426711
0.427662
0.422811
0.433471
0.421923
0.402306
0.413085
0.394955
0.3978
0.3924
0.402618
0.419377
0.405396
0.410736
0.387558
0.386396
0.383765
0.391266
0.434519
0.432882
0.423415
0.399649
0.412044
0.40795
0.403662
0.390749
0.397864
0.40122
0.383357
0.379733
0.38085
0.380857
0.349377
0.338345
0.343996
0.331017
0.333884
0.330947
0.335505
0.345786
0.340623
0.342435
0.325559
0.323925
0.323994
0.326087
0.355442
0.352654
0.348735
0.332214
0.339228
0.337614
0.333255
0.332669
0.337139
0.338147
0.324969
0.324771
0.324052
0.325104
0.362028
0.356669
0.364194
0.349953
0.347879
0.348654
0.348156
0.387145
0.390747
0.380687
0.36225
0.373065
0.369785
0.364984
0.367155
0.376438
0.370729
0.352439
0.350907
0.349613
0.354639
0.365749
0.381778
0.373516
0.359102
0.362093
0.365609
0.357703
0.253585
0.255375
0.247098
0.249596
0.23914
0.232624
0.236094
0.280784
0.27524
0.278753
0.271787
0.272544
0.273722
0.271156
0.288653
0.288304
0.284053
0.273428
0.280504
0.275154
0.278023
0.274573
0.28181
0.279411
0.271848
0.272437
0.270453
0.275349
0.265271
0.265426
0.263564
0.267376
0.263781
0.267899
0.264783
0.26679
0.272284
0.270492
0.26842
0.27064
0.268036
0.267315
0.265678
0.266854
0.265313
0.26901
0.268877
0.264795
0.266279
0.266832
0.27211
0.269297
0.2675
0.268497
0.270087
0.266121
0.35582
0.36629
0.378213
0.34527
0.358883
0.346862
0.37126
0.274889
0.299951
0.302781
0.301429
0.267576
0.271506
0.297396
0.338714
0.322849
0.336036
0.325668
0.340172
0.325427
0.321394
0.656761
0.647023
0.66218
0.67247
0.644369
0.668334
0.656723
0.703089
0.681398
0.682064
0.702773
0.714729
0.71294
0.685786
0.659995
0.644409
0.664873
0.671611
0.653199
0.66826
0.645444
0.454341
0.501541
0.512665
0.47783
0.415961
0.494081
0.437995
0.257443
0.256666
0.249267
0.252703
0.240811
0.234505
0.238885
0.285023
0.278999
0.283943
0.275899
0.276235
0.278621
0.274401
0.294029
0.28994
0.288302
0.277606
0.284801
0.280561
0.281319
0.27703
0.283562
0.282649
0.275016
0.274497
0.272852
0.277887
0.268254
0.267315
0.26569
0.269565
0.266017
0.270296
0.267488
0.271273
0.280204
0.276274
0.273224
0.27361
0.276964
0.271353
0.269257
0.270332
0.268099
0.273597
0.273725
0.267612
0.269644
0.270683
0.276071
0.272071
0.271791
0.273383
0.273178
0.269577
0.337877
0.335673
0.336743
0.328129
0.32647
0.316697
0.322923
0.313014
0.304386
0.31139
0.303224
0.300757
0.304046
0.300146
0.326735
0.312551
0.31152
0.319748
0.318538
0.311154
0.307587
0.310469
0.301921
0.308389
0.300317
0.298125
0.300763
0.29771
0.330185
0.326713
0.325542
0.320515
0.320753
0.311135
0.314903
0.321788
0.308869
0.308354
0.314861
0.314728
0.307416
0.304431
0.470178
0.484394
0.470802
0.4402
0.444573
0.440508
0.44577
0.456501
0.442472
0.456779
0.434685
0.432567
0.436125
0.430812
0.446265
0.45625
0.459782
0.442106
0.440356
0.436217
0.447463
0.486091
0.468377
0.473062
0.448955
0.456273
0.452866
0.454907
0.445789
0.429668
0.439223
0.417344
0.427136
0.431503
0.41787
0.441992
0.417368
0.433691
0.40898
0.4025
0.40268
0.410918
0.457628
0.457567
0.448558
0.418038
0.435955
0.434395
0.419196
0.415517
0.412009
0.424986
0.406918
0.403382
0.405437
0.402785
0.241994
0.234781
0.236301
0.234041
0.236371
0.239439
0.233392
0.230274
0.227842
0.229315
0.227438
0.22687
0.228283
0.226455
0.22728
0.227449
0.228342
0.22672
0.225984
0.226173
0.226152
0.225912
0.22506
0.225736
0.226941
0.225006
0.225797
0.226911
0.234262
0.24484
0.242145
0.237795
0.241678
0.235721
0.236025
0.23299
0.234918
0.232695
0.238839
0.238385
0.23196
0.234171
0.226925
0.227447
0.228129
0.229392
0.228035
0.226589
0.228203
0.260315
0.287089
0.267939
0.252741
0.244507
0.239931
0.257105
0.307113
0.316147
0.309824
0.274659
0.269969
0.272799
0.277446
0.266869
0.298491
0.278337
0.256792
0.250739
0.244164
0.264227
0.30689
0.318486
0.313743
0.278315
0.271974
0.27697
0.284023
0.278732
0.274566
0.27388
0.275951
0.27437
0.271358
0.272043
0.258127
0.268826
0.26844
0.262768
0.251785
0.261986
0.254139
0.26607
0.260244
0.267576
0.26339
0.260184
0.263751
0.256935
0.280827
0.278139
0.274952
0.277123
0.274699
0.270845
0.270402
0.332896
0.33067
0.353963
0.335761
0.323818
0.319255
0.339729
0.44032
0.408513
0.400607
0.407363
0.460514
0.415422
0.453491
0.426735
0.389477
0.426431
0.400628
0.439286
0.408829
0.396169
0.402844
0.394403
0.405292
0.393411
0.412988
0.400626
0.400936
0.346167
0.347253
0.379305
0.358831
0.340361
0.331163
0.358697
0.484538
0.569917
0.525982
0.48072
0.503444
0.544194
0.496379
0.487087
0.460346
0.469948
0.480671
0.489199
0.469599
0.498154
0.501591
0.458358
0.494526
0.471861
0.51643
0.486457
0.471353
0.43396
0.421778
0.408233
0.417884
0.447518
0.43206
0.446001
0.415366
0.393417
0.432337
0.399878
0.4341
0.413407
0.40559
0.401481
0.408246
0.419002
0.398153
0.415117
0.409468
0.42006
0.230212
0.242327
0.231491
0.237467
0.230823
0.232219
0.23982
0.268859
0.260266
0.249828
0.252312
0.268628
0.261121
0.248253
0.279049
0.275205
0.286303
0.275462
0.269661
0.279867
0.270013
0.413328
0.43848
0.431848
0.43394
0.410681
0.411765
0.40973
0.427636
0.405024
0.42818
0.429701
0.406377
0.405713
0.404301
0.568314
0.578415
0.610988
0.587063
0.551288
0.581944
0.560769
0.486989
0.468455
0.502813
0.510381
0.461995
0.470966
0.494076
0.547052
0.484155
0.500677
0.553031
0.524867
0.531993
0.485717
0.470682
0.449285
0.45374
0.459394
0.465861
0.445692
0.440009
0.464231
0.436979
0.454548
0.435704
0.424216
0.419647
0.442999
0.474906
0.483816
0.468523
0.445533
0.466622
0.450392
0.460461
0.43265
0.429353
0.444327
0.428729
0.416167
0.41689
0.422285
0.451767
0.470812
0.461097
0.441332
0.44667
0.438504
0.453765
0.418178
0.406168
0.419512
0.411765
0.405587
0.412822
0.427961
0.423478
0.408583
0.440204
0.413097
0.406429
0.428724
0.434695
0.447812
0.42876
0.443689
0.440193
0.457589
0.448355
0.435064
0.467004
0.435166
0.450357
0.458217
0.449574
0.474972
0.438382
0.424658
0.423175
0.434699
0.442291
0.417607
0.430949
0.42635
0.384443
0.37398
0.386834
0.373693
0.386761
0.375376
0.375562
0.369646
0.359164
0.369182
0.370867
0.358262
0.3577
0.371368
0.369265
0.358909
0.368947
0.370651
0.357655
0.370856
0.357473
0.389846
0.379995
0.394858
0.377673
0.39232
0.379521
0.382126
0.370205
0.360776
0.370748
0.372774
0.358825
0.371931
0.35967
0.375145
0.362785
0.372623
0.374769
0.364735
0.377574
0.361757
0.39592
0.384087
0.397587
0.384821
0.39854
0.386858
0.385973
0.381057
0.369292
0.380661
0.382607
0.367956
0.367643
0.382986
0.37949
0.368941
0.380225
0.382126
0.36657
0.381224
0.36725
0.401037
0.389866
0.404334
0.389431
0.403815
0.391683
0.392119
0.383422
0.372706
0.384298
0.386291
0.370097
0.385267
0.370975
0.385297
0.37327
0.384886
0.386954
0.371974
0.38736
0.371609
0.415326
0.402804
0.418824
0.402572
0.418536
0.405339
0.405569
0.39707
0.384975
0.397689
0.400111
0.382628
0.383272
0.399382
0.398278
0.385357
0.398073
0.400546
0.38387
0.400742
0.383703
0.411352
0.398637
0.414033
0.398948
0.41445
0.401564
0.401171
0.394778
0.382002
0.394572
0.39694
0.38049
0.397127
0.380343
0.394061
0.381848
0.394374
0.396724
0.379884
0.396316
0.380172
0.422599
0.409439
0.426141
0.409329
0.426018
0.412317
0.41242
0.404841
0.391604
0.404802
0.407476
0.38997
0.389968
0.407488
0.404923
0.391646
0.404835
0.407509
0.390097
0.407586
0.39001
0.423824
0.410646
0.427422
0.410538
0.427281
0.413579
0.413668
0.405772
0.392785
0.405979
0.408676
0.390909
0.408429
0.391141
0.40619
0.392948
0.406128
0.408858
0.391356
0.408895
0.391338
0.429563
0.415797
0.433485
0.415735
0.433399
0.419171
0.419212
0.411237
0.397859
0.411378
0.414403
0.396226
0.396381
0.414241
0.411542
0.398001
0.411516
0.414575
0.39654
0.414574
0.396556
0.428121
0.414417
0.43177
0.414489
0.431815
0.417784
0.417706
0.410413
0.396867
0.410339
0.413318
0.3954
0.413366
0.395376
0.410094
0.396767
0.410212
0.413159
0.395122
0.413022
0.395246
0.429573
0.415806
0.433495
0.415745
0.43341
0.419182
0.419222
0.41125
0.397866
0.411388
0.414413
0.396236
0.396388
0.414254
0.41155
0.398006
0.411525
0.414584
0.396544
0.414582
0.396561
0.428141
0.414436
0.431794
0.414508
0.431837
0.417805
0.417728
0.41043
0.39688
0.410357
0.413337
0.395413
0.413384
0.395389
0.410112
0.39678
0.41023
0.413178
0.395136
0.413041
0.39526
0.42261
0.409446
0.426154
0.409335
0.42603
0.412325
0.41243
0.404845
0.391599
0.404805
0.407479
0.389966
0.389962
0.407492
0.404926
0.39164
0.404837
0.40751
0.39009
0.407589
0.390003
0.423848
0.410665
0.427445
0.410558
0.427306
0.413602
0.41369
0.405791
0.392795
0.405997
0.408695
0.39092
0.408448
0.391152
0.406207
0.392958
0.406146
0.408876
0.391365
0.408912
0.391349
0.415351
0.402815
0.418845
0.402587
0.418562
0.405357
0.405584
0.397076
0.384961
0.397696
0.400116
0.382613
0.383257
0.399387
0.398279
0.385342
0.398078
0.400549
0.38385
0.400741
0.383687
0.411352
0.398623
0.414033
0.398936
0.414448
0.401554
0.40116
0.394755
0.381956
0.394549
0.396913
0.380443
0.397101
0.380296
0.394032
0.381798
0.394348
0.396693
0.379829
0.396284
0.380119
0.395711
0.383837
0.397349
0.384588
0.398314
0.386616
0.385717
0.380809
0.369003
0.380411
0.38234
0.367667
0.36735
0.382723
0.379202
0.368631
0.379956
0.381837
0.366234
0.380918
0.366935
0.400917
0.389727
0.404204
0.389295
0.403688
0.391544
0.391977
0.38323
0.372498
0.384125
0.386104
0.369865
0.385062
0.370763
0.385131
0.373074
0.384724
0.38678
0.371771
0.387183
0.37141
0.383696
0.373267
0.38609
0.372941
0.385964
0.374591
0.374823
0.368627
0.358216
0.368277
0.369908
0.357185
0.356736
0.370294
0.36849
0.358055
0.368138
0.369797
0.356824
0.370041
0.356609
0.388561
0.37855
0.393371
0.376366
0.390946
0.378147
0.380615
0.369044
0.35948
0.369498
0.371453
0.357602
0.37071
0.358356
0.37359
0.361335
0.371222
0.373286
0.363103
0.375941
0.360282
0.558559
0.576301
0.609135
0.546181
0.575647
0.560492
0.590642
0.485916
0.485097
0.505318
0.518021
0.47466
0.49218
0.496645
0.559592
0.508707
0.532481
0.546185
0.540185
0.573066
0.516587
0.441298
0.42334
0.437974
0.433826
0.450728
0.442003
0.429428
0.463593
0.433194
0.445251
0.454343
0.454906
0.473802
0.437981
0.419465
0.419034
0.429152
0.437216
0.413395
0.425795
0.423037
0.298455
0.29243
0.291875
0.274746
0.281256
0.279453
0.275901
0.285784
0.280706
0.287678
0.274463
0.275706
0.277541
0.2739
0.285464
0.278823
0.285377
0.273715
0.27504
0.277415
0.272877
0.263615
0.265395
0.262925
0.266812
0.267225
0.263295
0.26279
0.263286
0.270413
0.269665
0.264582
0.268116
0.264604
0.263265
0.262345
0.263819
0.262065
0.267208
0.265929
0.261903
0.262465
0.264051
0.269936
0.268039
0.262992
0.268688
0.264603
0.262786
0.61889
0.633258
0.645929
0.605017
0.630748
0.614924
0.642
0.53011
0.575599
0.558643
0.565423
0.555861
0.53288
0.584478
0.600859
0.589578
0.576054
0.5829
0.620464
0.605958
0.597485
0.29896
0.292737
0.292112
0.275644
0.283195
0.280859
0.27698
0.284265
0.279695
0.286091
0.27442
0.275551
0.27774
0.273616
0.285982
0.279348
0.285517
0.274578
0.275915
0.278463
0.273749
0.264895
0.26644
0.263861
0.267736
0.268496
0.264435
0.263813
0.264405
0.272737
0.271175
0.266609
0.269641
0.266026
0.264723
0.263271
0.264591
0.262807
0.268186
0.266961
0.262651
0.263482
0.265394
0.272004
0.269199
0.264376
0.270301
0.266019
0.263953
0.169165
0.173306
0.169384
0.173129
0.169198
0.173349
0.16949
0.154901
0.158469
0.155139
0.158327
0.154964
0.158552
0.155257
0.163988
0.167503
0.163951
0.167538
0.164072
0.167508
0.163984
0.164144
0.16754
0.164021
0.167617
0.164197
0.167547
0.164037
0.164228
0.167571
0.164061
0.167659
0.164251
0.167575
0.164068
0.164258
0.167585
0.164078
0.167673
0.164265
0.167587
0.164081
0.164265
0.167587
0.164081
0.167669
0.164258
0.167585
0.164078
0.164252
0.167575
0.164069
0.167645
0.164229
0.167571
0.164062
0.164198
0.167547
0.164037
0.16759
0.164145
0.16754
0.164021
0.164073
0.167508
0.163985
0.167509
0.163989
0.167503
0.163951
0.169199
0.17335
0.169492
0.173111
0.169166
0.173307
0.169386
0.155077
0.15952
0.156539
0.158099
0.154849
0.158802
0.155602
0.1558
0.159665
0.156625
0.158866
0.15561
0.159184
0.156004
0.173717
0.162209
0.161518
0.165548
0.163351
0.170682
0.166532
0.255122
0.258969
0.253565
0.259202
0.254425
0.260518
0.254327
0.252462
0.251372
0.255502
0.255664
0.252068
0.256505
0.251875
0.259109
0.259337
0.260548
0.265076
0.260816
0.263621
0.2632
0.263816
0.264387
0.266261
0.272938
0.266211
0.270617
0.269264
0.181564
0.163617
0.175727
0.164803
0.181254
0.175151
0.162315
0.198428
0.185512
0.193329
0.195646
0.192213
0.20426
0.190375
0.2716
0.176774
0.205916
0.212906
0.279983
0.20697
0.1767
0.246344
0.221106
0.214969
0.241724
0.251879
0.237777
0.220923
0.220555
0.246337
0.261815
0.260851
0.215527
0.221358
0.248834
0.539546
0.395357
0.523705
0.377494
0.317439
0.387974
0.309858
0.371265
0.332348
0.30937
0.34797
0.378552
0.351462
0.308871
0.199655
0.185986
0.19415
0.196858
0.193106
0.20595
0.190994
0.208883
0.225256
0.222198
0.227655
0.210538
0.230268
0.212463
0.320973
0.360934
0.341111
0.278862
0.283868
0.288105
0.277432
0.19651
0.198918
0.210065
0.215554
0.189601
0.200096
0.202661
0.287928
0.292072
0.276939
0.291199
0.274933
0.276434
0.278243
0.259956
0.330607
0.307003
0.257891
0.245121
0.271004
0.238834
0.334597
0.376323
0.351808
0.285954
0.290017
0.282857
0.296916
0.227934
0.210542
0.22493
0.231097
0.212036
0.233357
0.214477
0.299077
0.306069
0.286616
0.304335
0.28299
0.28616
0.28951
0.267424
0.362365
0.331693
0.26689
0.249902
0.242615
0.283325
0.197612
0.200453
0.212326
0.218543
0.190451
0.201488
0.204575
0.334323
0.35557
0.416987
0.331712
0.320302
0.385497
0.348107
0.439122
0.408218
0.451816
0.46696
0.445932
0.463472
0.429601
0.455596
0.46654
0.521606
0.510744
0.483176
0.486106
0.486032
0.375069
0.388001
0.494243
0.365032
0.346838
0.443692
0.398172
0.481457
0.435891
0.512417
0.486725
0.464166
0.506357
0.490475
0.541275
0.625762
0.593682
0.5362
0.548865
0.55919
0.527219
0.479128
0.474729
0.548355
0.522358
0.49282
0.505665
0.513822
0.160349
0.158512
0.159897
0.158933
0.157547
0.157347
0.159093
0.219699
0.199765
0.190327
0.207071
0.223167
0.208323
0.190373
0.263315
0.25191
0.246492
0.255162
0.251722
0.236927
0.239052
0.240765
0.256578
0.248005
0.242435
0.237409
0.238936
0.250831
0.176656
0.177832
0.177066
0.175913
0.174845
0.175475
0.175677
0.331957
0.398004
0.381268
0.333358
0.285528
0.282998
0.339833
0.280377
0.261862
0.257642
0.276869
0.25663
0.273835
0.283481
0.178469
0.177504
0.179003
0.174171
0.175345
0.174987
0.173523
0.562049
0.628272
0.616549
0.534845
0.50702
0.53986
0.501351
0.374988
0.445595
0.437936
0.429038
0.37268
0.435751
0.372716
0.188966
0.19108
0.19
0.185614
0.186903
0.187518
0.186621
0.163668
0.171849
0.164474
0.16316
0.163866
0.161926
0.160843
0.183509
0.181922
0.181271
0.184015
0.182167
0.180335
0.180304
0.19658
0.18255
0.186003
0.183326
0.18826
0.180532
0.180322
0.217705
0.222901
0.22601
0.217317
0.217907
0.224859
0.224314
0.195416
0.225547
0.214486
0.198061
0.188766
0.188549
0.201572
0.196664
0.216733
0.211516
0.204102
0.190697
0.190953
0.206305
0.25282
0.247342
0.252519
0.244379
0.248199
0.239713
0.242145
0.2677
0.235226
0.257083
0.24184
0.26187
0.2363
0.24095
0.18412
0.182444
0.181733
0.184729
0.182707
0.180767
0.180786
0.198286
0.183133
0.186881
0.183982
0.189312
0.181129
0.180853
0.288089
0.29016
0.287639
0.282149
0.279915
0.281767
0.280239
0.227517
0.229721
0.22815
0.226826
0.225839
0.227319
0.226072
0.34552
0.339045
0.360579
0.340796
0.324266
0.334648
0.32061
0.285031
0.272731
0.269507
0.269893
0.273111
0.27553
0.277981
0.419601
0.451029
0.441706
0.416008
0.396772
0.419539
0.395431
0.513721
0.484789
0.473007
0.476168
0.470691
0.442202
0.447089
0.385511
0.383936
0.384782
0.357168
0.352381
0.352405
0.357286
0.384967
0.383335
0.384043
0.35691
0.353634
0.352352
0.357768
0.40623
0.399983
0.39836
0.372267
0.380612
0.381149
0.369911
0.387393
0.392947
0.392123
0.365083
0.356359
0.362077
0.360101
0.38915
0.391156
0.392119
0.36292
0.355242
0.357597
0.36042
0.397204
0.394535
0.395411
0.365463
0.36132
0.360119
0.366655
0.40459
0.403119
0.403752
0.371691
0.366596
0.366199
0.372082
0.400187
0.401378
0.402041
0.370597
0.363691
0.369134
0.365117
0.419382
0.418435
0.418774
0.383685
0.378276
0.377897
0.384045
0.416251
0.417148
0.417491
0.382839
0.376074
0.377073
0.381832
0.408428
0.410089
0.410625
0.377446
0.369925
0.375586
0.371754
0.413572
0.412229
0.412688
0.378957
0.373843
0.373288
0.379498
0.423879
0.425307
0.425445
0.38963
0.382379
0.38374
0.388292
0.42522
0.425256
0.425352
0.389334
0.383422
0.383514
0.389246
0.428008
0.427506
0.427565
0.391155
0.385553
0.385282
0.39144
0.426289
0.426667
0.426751
0.390622
0.38439
0.390237
0.384751
0.43414
0.434221
0.434052
0.396376
0.390517
0.390493
0.396403
0.433316
0.433814
0.433676
0.396133
0.389986
0.390234
0.395848
0.430424
0.43114
0.431106
0.394228
0.387782
0.393664
0.388306
0.43218
0.431876
0.431749
0.394659
0.389017
0.388797
0.394914
0.43415
0.434235
0.434065
0.396387
0.390525
0.390504
0.396412
0.433334
0.433826
0.433688
0.396139
0.389998
0.39024
0.395859
0.430465
0.431169
0.431134
0.394243
0.387809
0.388322
0.39369
0.432204
0.431903
0.431775
0.394675
0.389032
0.394928
0.388813
0.423944
0.425352
0.425489
0.38965
0.382415
0.38376
0.388326
0.42523
0.425269
0.425366
0.389329
0.383418
0.38351
0.389243
0.428042
0.427541
0.4276
0.391176
0.385575
0.391462
0.385303
0.426318
0.426693
0.426778
0.390634
0.384403
0.384762
0.39025
0.419408
0.418456
0.418797
0.383678
0.378273
0.377891
0.384042
0.416276
0.417167
0.417513
0.382824
0.376062
0.377058
0.381821
0.408407
0.410068
0.41061
0.377387
0.369859
0.371694
0.375521
0.413564
0.412217
0.412679
0.378907
0.373797
0.379452
0.373239
0.388735
0.390795
0.391779
0.36254
0.354802
0.357224
0.359976
0.396954
0.394239
0.395131
0.365138
0.361031
0.359799
0.366362
0.404491
0.402983
0.403627
0.371524
0.366458
0.371945
0.366033
0.400005
0.401206
0.401883
0.370397
0.363469
0.364918
0.368909
0.384922
0.383183
0.38406
0.356444
0.351785
0.351694
0.356682
0.383865
0.382403
0.383149
0.356042
0.352604
0.3515
0.356717
0.403574
0.397897
0.39633
0.370329
0.378299
0.368033
0.378692
0.386023
0.39125
0.39047
0.363492
0.355085
0.358795
0.360527
0.733609
0.712669
0.693115
0.622326
0.6677
0.634186
0.660019
0.569858
0.655062
0.633325
0.574675
0.53799
0.586818
0.525058
0.416096
0.447944
0.437513
0.413155
0.394265
0.392449
0.418053
0.513837
0.484315
0.46939
0.442207
0.490344
0.450284
0.479459
0.250516
0.250018
0.248583
0.254061
0.248867
0.252889
0.249904
0.255588
0.256275
0.251872
0.257445
0.253691
0.252434
0.260554
0.231282
0.230611
0.233051
0.228632
0.225776
0.227916
0.22593
0.739279
0.713785
0.710016
0.665511
0.683519
0.668526
0.677063
0.66462
0.594353
0.655149
0.620895
0.581193
0.629584
0.574266
0.252127
0.25085
0.249314
0.254956
0.249943
0.253964
0.250827
0.25751
0.257696
0.252763
0.258711
0.262726
0.254878
0.253599
0.227104
0.232031
0.228284
0.226421
0.227831
0.225557
0.23024
0.227168
0.228942
0.233066
0.225273
0.233414
0.225233
0.226925
0.227846
0.232631
0.224682
0.226382
0.231079
0.224417
0.229018
0.277695
0.271683
0.273697
0.266783
0.262609
0.265282
0.26509
0.284397
0.286951
0.283569
0.275151
0.276979
0.275881
0.27323
0.266029
0.266439
0.264995
0.259345
0.257797
0.260153
0.256395
0.260775
0.262863
0.261368
0.256123
0.252735
0.255672
0.253491
0.259155
0.258336
0.258536
0.253586
0.250183
0.253428
0.250451
0.259952
0.260324
0.259737
0.254657
0.251789
0.25486
0.251416
0.26161
0.261417
0.261429
0.256239
0.252603
0.256237
0.252603
0.26143
0.261644
0.261471
0.25622
0.25254
0.25622
0.252539
0.259834
0.260225
0.25993
0.254823
0.251269
0.254779
0.251331
0.260386
0.260638
0.260368
0.255291
0.251821
0.255307
0.251789
0.262968
0.263161
0.263041
0.257654
0.253796
0.257626
0.253846
0.263311
0.263418
0.263294
0.257935
0.254179
0.257953
0.254146
0.264358
0.264279
0.264267
0.25879
0.254938
0.258809
0.254905
0.26421
0.264321
0.26424
0.258726
0.254811
0.25873
0.254807
0.266367
0.266302
0.266291
0.260635
0.256655
0.260653
0.256626
0.266309
0.266381
0.266314
0.260634
0.256623
0.26065
0.256599
0.265716
0.265858
0.265761
0.260104
0.256081
0.260093
0.256105
0.265862
0.265945
0.265853
0.260244
0.256302
0.260262
0.256273
0.266942
0.267029
0.26695
0.261204
0.257155
0.261216
0.257138
0.267023
0.267097
0.267015
0.261279
0.257252
0.261297
0.257225
0.267293
0.267218
0.267215
0.26144
0.257386
0.261457
0.25736
0.267243
0.26732
0.267244
0.261465
0.257404
0.261482
0.257379
0.267037
0.266951
0.266958
0.261211
0.257163
0.261224
0.257146
0.267031
0.267105
0.267023
0.261286
0.257259
0.261304
0.257232
0.267222
0.267297
0.267219
0.261443
0.257388
0.26146
0.257363
0.267247
0.267324
0.267247
0.261468
0.257408
0.261485
0.257383
0.266315
0.26638
0.266305
0.260646
0.256667
0.260665
0.256637
0.266321
0.266392
0.266326
0.260645
0.256634
0.260662
0.25661
0.265873
0.265732
0.265777
0.260118
0.256097
0.260108
0.256119
0.265877
0.26596
0.265868
0.260258
0.256315
0.260275
0.256286
0.263164
0.262973
0.263045
0.257658
0.253802
0.257631
0.25385
0.263319
0.263426
0.263303
0.257942
0.254187
0.257961
0.254153
0.264295
0.264372
0.264282
0.258803
0.254952
0.258823
0.254918
0.264221
0.264331
0.264251
0.258737
0.254821
0.25874
0.254817
0.261411
0.261599
0.26142
0.256231
0.252599
0.256232
0.252596
0.261407
0.261619
0.261449
0.256201
0.25252
0.256198
0.252521
0.26016
0.25977
0.259868
0.254768
0.251213
0.254722
0.251278
0.260347
0.260593
0.260328
0.255254
0.251788
0.255272
0.251753
0.266
0.265576
0.264576
0.258956
0.257368
0.259736
0.25601
0.260496
0.262529
0.261063
0.255844
0.252483
0.255415
0.253204
0.258227
0.259019
0.258414
0.253475
0.250088
0.253329
0.250338
0.259752
0.260129
0.259549
0.254484
0.251603
0.254676
0.251247
0.27112
0.277192
0.273143
0.26626
0.262089
0.264759
0.264585
0.285474
0.287159
0.283452
0.275643
0.27556
0.277108
0.27302
0.300716
0.308233
0.300909
0.291366
0.290589
0.291376
0.29025
0.293811
0.302562
0.295432
0.285984
0.282885
0.284815
0.284919
0.296088
0.300409
0.293818
0.286011
0.288152
0.28757
0.285665
0.284307
0.272444
0.27646
0.270164
0.266013
0.266676
0.271908
0.290572
0.287432
0.276727
0.29207
0.275292
0.279024
0.277806
0.273253
0.268347
0.261917
0.263437
0.257629
0.249456
0.25183
0.233885
0.246241
0.240391
0.23108
0.235435
0.229431
0.227743
0.234558
0.231854
0.230406
0.221938
0.223373
0.221561
0.224055
0.487804
0.492987
0.509829
0.496881
0.468943
0.50122
0.477242
0.270212
0.300922
0.316786
0.310562
0.289861
0.307473
0.275321
0.406681
0.327461
0.354316
0.347762
0.394684
0.353711
0.330793
0.275194
0.271835
0.265172
0.265884
0.260038
0.251398
0.254198
0.23497
0.247626
0.241811
0.232194
0.236864
0.230962
0.228902
0.236793
0.233383
0.231935
0.223601
0.225191
0.223046
0.226186
0.273217
0.298177
0.266523
0.277865
0.257845
0.254734
0.271479
0.23871
0.229046
0.225269
0.245033
0.226439
0.227387
0.243456
0.310399
0.319507
0.284425
0.319224
0.279525
0.281974
0.287828
0.269124
0.255837
0.262481
0.264921
0.264644
0.257754
0.272094
0.261974
0.25588
0.25774
0.260754
0.267849
0.265842
0.258885
0.278277
0.304233
0.271011
0.28471
0.262106
0.257973
0.277436
0.242298
0.232644
0.227515
0.250278
0.229247
0.248836
0.230121
0.307872
0.315696
0.28745
0.316141
0.280881
0.284449
0.292429
0.27476
0.258016
0.266707
0.269639
0.267084
0.260259
0.278165
0.265533
0.258015
0.2611
0.264872
0.27269
0.271384
0.261704
0.245592
0.232417
0.233362
0.235969
0.245754
0.249812
0.234625
0.233966
0.225116
0.230193
0.231567
0.226413
0.235429
0.225719
0.235923
0.225711
0.228167
0.228888
0.233767
0.225885
0.224071
0.237176
0.245339
0.234529
0.229175
0.243931
0.238826
0.233815
0.248122
0.240289
0.241849
0.23149
0.233482
0.23074
0.234554
0.40209
0.432847
0.397303
0.377607
0.412358
0.384354
0.40698
0.286356
0.318038
0.320115
0.321884
0.278357
0.285027
0.317096
0.375171
0.349862
0.350976
0.354702
0.376565
0.381498
0.350998
0.2934
0.308962
0.282878
0.298563
0.277059
0.279198
0.285284
0.273869
0.26965
0.269421
0.270987
0.274307
0.275476
0.271008
0.274037
0.269023
0.270272
0.272229
0.274298
0.276
0.270679
0.299866
0.310185
0.288392
0.305873
0.283899
0.287733
0.292207
0.283392
0.275188
0.276056
0.278717
0.282891
0.286506
0.277255
0.279009
0.274304
0.276322
0.279658
0.27957
0.282131
0.277038
0.231282
0.229135
0.22741
0.232402
0.229264
0.23039
0.228103
0.247904
0.239878
0.237371
0.239205
0.250595
0.250942
0.241867
0.228385
0.23076
0.229247
0.230578
0.231598
0.229436
0.232065
0.409899
0.385504
0.411072
0.387887
0.413701
0.388836
0.3864
0.39887
0.415941
0.42393
0.394407
0.398909
0.419396
0.394934
0.247313
0.238691
0.239892
0.241501
0.244002
0.237652
0.236278
0.23788
0.233397
0.235665
0.231546
0.23117
0.233403
0.230152
0.252639
0.248349
0.247881
0.238938
0.244447
0.241709
0.241428
0.231277
0.232427
0.233493
0.230016
0.228941
0.229041
0.229385
0.238363
0.243602
0.24311
0.236535
0.235816
0.234647
0.238255
0.228227
0.226963
0.227611
0.230134
0.22666
0.228545
0.229395
0.230081
0.232089
0.233315
0.232274
0.232165
0.230253
0.231445
0.289651
0.298069
0.294344
0.284169
0.288681
0.291158
0.28411
0.272483
0.289871
0.286607
0.274658
0.263865
0.275101
0.265491
0.278249
0.272655
0.282717
0.274133
0.270264
0.273549
0.267616
0.304454
0.303626
0.299043
0.284952
0.295233
0.29331
0.286023
0.3892
0.373668
0.386171
0.372365
0.379704
0.356697
0.356468
0.380046
0.366319
0.366832
0.36989
0.373233
0.357018
0.358161
0.348518
0.340662
0.355093
0.340833
0.335293
0.340897
0.330817
0.366392
0.342203
0.360955
0.340671
0.325387
0.327611
0.340339
0.350747
0.32608
0.348921
0.353457
0.328991
0.329615
0.32617
0.3586
0.343642
0.370946
0.361903
0.337094
0.33814
0.344952
0.392435
0.376735
0.404066
0.369591
0.397361
0.371353
0.378223
0.383531
0.35515
0.381865
0.359559
0.388128
0.361314
0.356369
0.322557
0.301301
0.32188
0.321811
0.301199
0.299464
0.299518
0.32284
0.301944
0.322358
0.322143
0.301654
0.299955
0.300243
0.323071
0.303035
0.323148
0.302615
0.322639
0.301117
0.301579
0.322771
0.302223
0.322327
0.302167
0.322284
0.30062
0.300609
0.336869
0.319423
0.342654
0.338109
0.316079
0.315758
0.319347
0.333465
0.311229
0.332664
0.33438
0.312317
0.311731
0.310359
0.324413
0.303582
0.323689
0.304
0.324483
0.302846
0.302281
0.326353
0.307723
0.329159
0.305994
0.326592
0.304965
0.306795
0.326041
0.303245
0.324053
0.325047
0.303697
0.301744
0.30128
0.326777
0.304503
0.326273
0.325831
0.304227
0.302302
0.302562
0.328971
0.305657
0.328112
0.305521
0.327952
0.303534
0.303653
0.328816
0.305395
0.327431
0.305495
0.327799
0.303503
0.303375
0.332378
0.307783
0.331281
0.331187
0.307668
0.305555
0.305656
0.332409
0.30783
0.331195
0.331238
0.307771
0.305664
0.305701
0.331345
0.306993
0.329656
0.307209
0.330201
0.305119
0.304881
0.331733
0.307606
0.330817
0.307461
0.330612
0.305385
0.305518
0.340486
0.313568
0.339208
0.339088
0.313441
0.31115
0.311271
0.340462
0.313464
0.338988
0.339073
0.313451
0.311158
0.311153
0.339622
0.312774
0.337824
0.312939
0.338246
0.310656
0.310468
0.339899
0.313211
0.338621
0.313136
0.338545
0.310867
0.310933
0.335815
0.309918
0.333721
0.334512
0.310274
0.308052
0.30767
0.336346
0.310812
0.335276
0.33509
0.310679
0.308487
0.308614
0.337494
0.311442
0.336253
0.311363
0.336193
0.309147
0.309216
0.337433
0.311342
0.335972
0.311365
0.336139
0.309146
0.309101
0.344236
0.316017
0.342149
0.342789
0.316289
0.31392
0.313623
0.344607
0.316646
0.343239
0.343198
0.316588
0.314244
0.314294
0.344267
0.316381
0.342836
0.316339
0.342846
0.314001
0.314032
0.344313
0.316468
0.342957
0.316396
0.342898
0.314057
0.314117
0.345626
0.317317
0.344215
0.34417
0.31725
0.314887
0.314943
0.345593
0.31726
0.34406
0.344135
0.317246
0.314876
0.31488
0.34515
0.316994
0.343559
0.317019
0.343703
0.314658
0.314619
0.345272
0.317139
0.343841
0.317103
0.343843
0.31475
0.314773
0.348678
0.319273
0.347143
0.347192
0.319259
0.316867
0.316869
0.348701
0.319295
0.347157
0.347218
0.319284
0.31689
0.316891
0.348485
0.319181
0.346897
0.319188
0.346999
0.316793
0.316778
0.348581
0.31927
0.34708
0.319251
0.34711
0.316863
0.316868
0.347372
0.318463
0.345683
0.345898
0.318522
0.316131
0.316061
0.347536
0.318664
0.346076
0.346086
0.318637
0.316259
0.316271
0.34782
0.318778
0.346347
0.318745
0.346352
0.316365
0.316383
0.347789
0.318755
0.346242
0.318743
0.346317
0.316355
0.316359
0.348684
0.319277
0.347148
0.347198
0.319264
0.316872
0.316873
0.348707
0.319299
0.347164
0.347225
0.319288
0.316895
0.316896
0.348489
0.319185
0.346903
0.31919
0.347003
0.316796
0.316782
0.348584
0.319271
0.347082
0.319253
0.347113
0.316865
0.316869
0.347385
0.318474
0.345699
0.345909
0.31853
0.316139
0.316072
0.347546
0.31867
0.346083
0.346095
0.318643
0.316265
0.316276
0.34783
0.318784
0.346355
0.318752
0.346361
0.316372
0.31639
0.347799
0.318761
0.346251
0.31875
0.346326
0.316362
0.316366
0.344254
0.31603
0.342172
0.342804
0.316298
0.31393
0.313637
0.344619
0.31665
0.343246
0.343209
0.316594
0.31425
0.314298
0.344268
0.316381
0.342835
0.31634
0.342844
0.314002
0.314033
0.344314
0.316466
0.342954
0.316394
0.342896
0.314055
0.314115
0.345643
0.317328
0.34423
0.344185
0.317262
0.314898
0.314954
0.345609
0.31727
0.344073
0.34415
0.317257
0.314886
0.31489
0.34516
0.316999
0.343567
0.317025
0.343711
0.314663
0.314625
0.345281
0.317143
0.343847
0.317109
0.34385
0.314755
0.314777
0.340485
0.313565
0.339206
0.339084
0.313437
0.311146
0.311269
0.340458
0.313454
0.338978
0.339065
0.313443
0.311151
0.311143
0.339612
0.312761
0.337811
0.312925
0.338233
0.310643
0.310455
0.339889
0.313196
0.338604
0.313123
0.338532
0.310853
0.310918
0.335771
0.309876
0.333671
0.334464
0.310232
0.308011
0.307628
0.336304
0.310768
0.335224
0.335043
0.310638
0.308447
0.30857
0.337464
0.311413
0.336218
0.311334
0.336158
0.309118
0.309187
0.337398
0.311307
0.335929
0.311331
0.336099
0.309113
0.309066
0.325752
0.302987
0.323728
0.324748
0.303456
0.301503
0.301023
0.326515
0.304279
0.325996
0.32556
0.304006
0.302082
0.302341
0.328768
0.305488
0.327901
0.305351
0.32774
0.303365
0.303485
0.328595
0.305199
0.327186
0.305309
0.327568
0.303318
0.303181
0.332284
0.307707
0.331186
0.331087
0.30759
0.305477
0.30558
0.332303
0.30773
0.331068
0.331124
0.307679
0.305571
0.3056
0.331199
0.306859
0.329488
0.307083
0.330047
0.304993
0.304747
0.331595
0.307485
0.330667
0.307344
0.330467
0.305268
0.305398
0.322134
0.300968
0.321466
0.321375
0.300854
0.299119
0.299188
0.322367
0.301518
0.321819
0.321653
0.30126
0.29956
0.299816
0.3224
0.302428
0.322378
0.302056
0.321947
0.300556
0.300969
0.322168
0.301737
0.321724
0.301672
0.321665
0.300125
0.300125
0.335261
0.317913
0.340775
0.336453
0.314726
0.314389
0.317822
0.332075
0.310156
0.331353
0.332948
0.311167
0.310564
0.30928
0.323497
0.302872
0.322809
0.303254
0.323541
0.302095
0.301572
0.325314
0.306776
0.327969
0.305132
0.325522
0.304096
0.305841
0.485245
0.44827
0.503598
0.496951
0.442671
0.447201
0.452156
0.473597
0.42688
0.475118
0.484
0.4316
0.436028
0.430651
0.427324
0.390212
0.425374
0.395976
0.435313
0.3996
0.393163
0.441529
0.416883
0.462874
0.408695
0.450342
0.412529
0.420504
0.348421
0.324364
0.346802
0.351083
0.327109
0.327723
0.324448
0.355912
0.341345
0.368102
0.359208
0.334952
0.33604
0.34276
0.39299
0.377053
0.411358
0.368648
0.399032
0.371331
0.379966
0.38151
0.353028
0.379361
0.357598
0.386737
0.359793
0.35451
0.497623
0.449642
0.50776
0.510051
0.452092
0.457666
0.454428
0.498897
0.458873
0.503291
0.511445
0.460614
0.465129
0.460314
0.450141
0.402541
0.437589
0.413086
0.458307
0.414923
0.402373
0.466487
0.437499
0.48989
0.421101
0.474861
0.423059
0.438666
0.229811
0.230312
0.228761
0.228479
0.22996
0.228221
0.228569
0.229566
0.229065
0.228204
0.228292
0.22956
0.227978
0.227967
0.226953
0.228273
0.227636
0.226932
0.227065
0.226472
0.227666
0.229136
0.229147
0.22836
0.22752
0.229026
0.228377
0.228174
0.264504
0.252364
0.249727
0.258056
0.253594
0.247553
0.246527
0.250546
0.246305
0.246903
0.238895
0.239015
0.23786
0.240544
0.239319
0.242888
0.243198
0.237348
0.235961
0.236211
0.236801
0.473796
0.463852
0.430249
0.483451
0.450667
0.458947
0.437351
0.480801
0.472129
0.508335
0.455686
0.487101
0.461425
0.477137
0.411798
0.444747
0.434051
0.439946
0.417667
0.415988
0.44894
0.265835
0.25389
0.251388
0.259804
0.25549
0.249181
0.248037
0.253489
0.248671
0.249131
0.240689
0.241205
0.239717
0.242664
0.240938
0.244786
0.244995
0.238927
0.237488
0.237706
0.238425
0.254227
0.244509
0.240358
0.255971
0.242456
0.241824
0.258047
0.305396
0.314823
0.282944
0.31303
0.277237
0.27893
0.284609
0.272925
0.266343
0.266252
0.268186
0.277385
0.27576
0.268579
0.271082
0.263433
0.265332
0.26629
0.270881
0.272202
0.264292
0.258252
0.247894
0.243092
0.260955
0.245165
0.245173
0.263329
0.306084
0.314276
0.285587
0.313553
0.278614
0.280823
0.288141
0.276433
0.269123
0.268213
0.270995
0.282523
0.280765
0.27243
0.273709
0.265117
0.266877
0.26805
0.273272
0.275352
0.266353
0.230687
0.230466
0.229148
0.231112
0.22958
0.229631
0.229028
0.229955
0.229679
0.229773
0.231659
0.230831
0.228894
0.230477
0.196954
0.200556
0.199423
0.204955
0.199738
0.199777
0.206597
0.163585
0.162066
0.162601
0.163061
0.163117
0.161611
0.161445
0.192407
0.200094
0.197571
0.195318
0.204805
0.200132
0.19112
0.201268
0.197479
0.200136
0.206087
0.200398
0.200497
0.207723
0.213546
0.218152
0.22207
0.230969
0.2126
0.214791
0.223605
0.181527
0.171004
0.198816
0.205552
0.165164
0.184447
0.171737
0.160907
0.161113
0.161775
0.160175
0.158404
0.15989
0.158852
0.171465
0.182561
0.200597
0.207798
0.165494
0.172289
0.185759
0.163605
0.162091
0.162636
0.163071
0.163129
0.161627
0.161457
0.161191
0.160944
0.161829
0.160198
0.158424
0.158883
0.159905
0.292438
0.293014
0.239111
0.235854
0.294892
0.236606
0.289622
0.164474
0.162404
0.164381
0.163192
0.163515
0.162316
0.161637
0.164959
0.161297
0.164559
0.161197
0.158781
0.160225
0.160142
0.230634
0.234856
0.230164
0.226168
0.228686
0.227895
0.226427
0.164535
0.162449
0.164503
0.163214
0.163546
0.162365
0.161665
0.165256
0.161363
0.164763
0.161266
0.158824
0.160323
0.160177
0.231834
0.236937
0.231377
0.227204
0.229987
0.22931
0.22738
0.198669
0.19361
0.205534
0.189429
0.192637
0.194088
0.188246
0.17814
0.175689
0.176826
0.176241
0.176613
0.177003
0.179113
0.239629
0.244969
0.244759
0.233124
0.231434
0.230169
0.234767
0.242914
0.24924
0.249554
0.235546
0.233203
0.232019
0.237116
0.176408
0.175856
0.179939
0.180648
0.172596
0.175948
0.175549
0.421043
0.361777
0.417938
0.36699
0.426719
0.367212
0.412466
0.163879
0.162491
0.162764
0.163197
0.163237
0.1616
0.161682
0.194771
0.194871
0.194364
0.191759
0.190504
0.190207
0.191936
0.203525
0.203116
0.203401
0.200106
0.19742
0.197411
0.200115
0.202011
0.202135
0.202228
0.198912
0.196279
0.198822
0.196424
0.206618
0.206045
0.206575
0.203011
0.199881
0.199874
0.203015
0.206159
0.20575
0.206218
0.202629
0.199535
0.202622
0.199544
0.206928
0.206404
0.206943
0.20333
0.200161
0.200149
0.203335
0.207022
0.206448
0.207011
0.203408
0.200218
0.203412
0.200209
0.204713
0.204489
0.204819
0.201323
0.198419
0.198451
0.201301
0.205487
0.204967
0.205415
0.201946
0.198955
0.201945
0.198961
0.198006
0.198729
0.198373
0.195323
0.193155
0.193472
0.195134
0.200198
0.200108
0.200067
0.197047
0.194808
0.197023
0.19486
0.182681
0.182368
0.181764
0.180536
0.180558
0.180893
0.179975
0.191736
0.190053
0.192223
0.184416
0.183336
0.184772
0.18569
0.197904
0.198631
0.198276
0.195239
0.193077
0.195048
0.193398
0.200115
0.200023
0.199984
0.196976
0.194743
0.196951
0.194796
0.204672
0.20445
0.20478
0.201288
0.198386
0.201265
0.19842
0.205455
0.204934
0.205383
0.201918
0.198929
0.201917
0.198936
0.206919
0.206397
0.206936
0.203323
0.200154
0.203328
0.200143
0.20702
0.206444
0.207008
0.203405
0.200215
0.203409
0.200206
0.206634
0.206062
0.206592
0.203026
0.199894
0.20303
0.199888
0.206183
0.205772
0.20624
0.20265
0.199555
0.202643
0.199562
0.203577
0.203171
0.203456
0.200153
0.197462
0.200162
0.197453
0.20208
0.202202
0.202293
0.19897
0.196333
0.198881
0.196475
0.19489
0.194984
0.194484
0.191861
0.190593
0.192037
0.190297
0.189121
0.191219
0.190148
0.187637
0.185722
0.187027
0.186724
0.230373
0.200594
0.225012
0.204673
0.188786
0.188584
0.204147
0.276045
0.260759
0.256086
0.261493
0.258398
0.238609
0.240679
0.221167
0.200395
0.224746
0.209043
0.190672
0.190702
0.207802
0.269647
0.25049
0.256992
0.253964
0.261631
0.244911
0.247955
0.352031
0.404513
0.399479
0.383074
0.341131
0.341612
0.388004
0.363422
0.313997
0.349555
0.325184
0.32582
0.367603
0.346431
0.308969
0.283943
0.308537
0.279579
0.30703
0.310126
0.282835
0.308189
0.280634
0.305212
0.277943
0.305959
0.281399
0.307545
0.317041
0.28642
0.311529
0.287303
0.289737
0.316635
0.312501
0.323985
0.302478
0.334491
0.294024
0.332849
0.295928
0.32444
0.311653
0.282769
0.309222
0.278734
0.308824
0.28266
0.312037
0.3105
0.2816
0.306606
0.278271
0.30774
0.30925
0.282153
0.314076
0.283561
0.310431
0.279747
0.283839
0.313394
0.311077
0.314376
0.283731
0.311354
0.279698
0.283798
0.311337
0.314378
0.320393
0.28717
0.316572
0.283025
0.317075
0.319879
0.287403
0.320698
0.287542
0.317502
0.28311
0.317357
0.287485
0.320822
0.318317
0.286268
0.315289
0.281931
0.2862
0.315099
0.318487
0.317628
0.285337
0.313435
0.281558
0.31662
0.28584
0.314418
0.32412
0.289762
0.320665
0.285324
0.320737
0.289784
0.324043
0.324329
0.28949
0.320144
0.285364
0.320908
0.323567
0.289877
0.324872
0.290194
0.321262
0.285753
0.290262
0.324679
0.321434
0.325028
0.290325
0.321678
0.285782
0.290283
0.321582
0.325121
0.327551
0.291714
0.323918
0.287172
0.32402
0.327426
0.291749
0.327602
0.291737
0.324058
0.287166
0.324069
0.291737
0.327586
0.326881
0.291429
0.323448
0.286862
0.291406
0.323394
0.326943
0.326744
0.29124
0.323005
0.286782
0.326473
0.291344
0.323249
0.327553
0.291718
0.323923
0.287174
0.324022
0.29175
0.32743
0.327608
0.29174
0.324063
0.28717
0.324075
0.327591
0.291742
0.326889
0.291434
0.323455
0.286867
0.291411
0.32695
0.323402
0.32675
0.291248
0.323017
0.286786
0.291348
0.323255
0.326485
0.324116
0.289761
0.320662
0.285323
0.320731
0.324041
0.289783
0.324335
0.2895
0.32016
0.285367
0.320913
0.289878
0.323584
0.324876
0.290198
0.321267
0.285756
0.290264
0.321437
0.324685
0.325039
0.290332
0.321689
0.285789
0.325133
0.29029
0.321592
0.320376
0.287158
0.316555
0.283011
0.317055
0.287388
0.319863
0.320687
0.287537
0.317493
0.283103
0.317345
0.320816
0.287477
0.318277
0.286241
0.31525
0.281905
0.286171
0.31845
0.315057
0.317579
0.285302
0.313385
0.281524
0.285803
0.314367
0.316571
0.311435
0.282631
0.309027
0.278594
0.308608
0.311842
0.28251
0.310249
0.281403
0.30632
0.278101
0.307491
0.281972
0.308961
0.313937
0.283457
0.310279
0.279653
0.283739
0.310937
0.313243
0.314261
0.283664
0.311257
0.279625
0.314284
0.28372
0.31122
0.308409
0.283473
0.30788
0.27919
0.30648
0.282427
0.309455
0.307718
0.280354
0.304825
0.27763
0.305496
0.307153
0.28107
0.316011
0.285822
0.310713
0.286621
0.289019
0.311663
0.315638
0.322728
0.30145
0.333095
0.293206
0.295045
0.323248
0.331299
0.460543
0.380131
0.446194
0.397741
0.471258
0.435624
0.39597
0.482685
0.42181
0.510455
0.414322
0.494247
0.412214
0.500257
0.384862
0.359752
0.417946
0.344721
0.343754
0.392219
0.409015
0.362261
0.312994
0.348295
0.325436
0.344732
0.325401
0.36755
0.503383
0.426461
0.517935
0.421261
0.510315
0.507962
0.421929
0.475948
0.3818
0.403419
0.451619
0.483957
0.403754
0.444779
0.226446
0.226687
0.223849
0.226169
0.224904
0.229258
0.224175
0.292144
0.29588
0.294195
0.278688
0.2788
0.277659
0.277489
0.221789
0.227267
0.226075
0.219983
0.218415
0.218484
0.21988
0.363137
0.456365
0.440758
0.376402
0.3061
0.381714
0.303631
0.529549
0.5122
0.494969
0.513539
0.503725
0.445212
0.452385
0.222759
0.228502
0.227317
0.22128
0.219413
0.2195
0.221091
0.30078
0.285762
0.276678
0.249742
0.276711
0.2657
0.255672
0.29994
0.327843
0.313246
0.281004
0.285351
0.285886
0.280909
0.334548
0.343455
0.325865
0.278681
0.294055
0.284319
0.285445
0.318828
0.303741
0.29076
0.257784
0.291306
0.276775
0.265843
0.320106
0.33859
0.324818
0.289652
0.296237
0.294899
0.291673
0.336957
0.346546
0.329476
0.284206
0.305219
0.293693
0.292275
0.258443
0.240061
0.235822
0.23796
0.25849
0.253926
0.242412
0.244684
0.235393
0.233185
0.234298
0.24292
0.241357
0.236495
0.229501
0.238903
0.23196
0.227407
0.229213
0.226455
0.232921
0.230115
0.235336
0.235818
0.228541
0.226064
0.226154
0.228134
0.22901
0.235231
0.225635
0.226946
0.232963
0.225136
0.230684
0.243137
0.236632
0.237671
0.232888
0.233715
0.234076
0.233019
0.248901
0.251036
0.246521
0.245362
0.243614
0.241112
0.24128
0.280827
0.277887
0.283481
0.260741
0.263844
0.262487
0.259011
0.289584
0.294265
0.273926
0.292024
0.271428
0.272658
0.26975
0.267343
0.271464
0.268094
0.255924
0.254063
0.251914
0.254126
0.263725
0.262439
0.264306
0.250289
0.251252
0.24912
0.248027
0.259115
0.258132
0.258771
0.247278
0.247617
0.245011
0.244635
0.260286
0.260864
0.260003
0.249104
0.248572
0.24598
0.246644
0.261043
0.260074
0.260112
0.249199
0.249189
0.24614
0.246169
0.261066
0.260093
0.260135
0.249121
0.249103
0.246042
0.246075
0.259814
0.258935
0.25908
0.248073
0.248118
0.24522
0.245206
0.260202
0.259472
0.259435
0.2486
0.248548
0.245625
0.245705
0.26249
0.261269
0.261431
0.250197
0.250249
0.247065
0.247018
0.262754
0.261757
0.261703
0.250614
0.250563
0.247389
0.247463
0.26363
0.262543
0.262496
0.251259
0.251208
0.247953
0.248023
0.263581
0.262396
0.262435
0.251099
0.251086
0.247815
0.247834
0.265585
0.264416
0.264373
0.252831
0.252789
0.249436
0.249487
0.265589
0.264391
0.264364
0.252776
0.252741
0.249369
0.249413
0.265104
0.263818
0.263919
0.252266
0.25229
0.248946
0.248924
0.265195
0.264063
0.264025
0.252528
0.252484
0.249163
0.24922
0.266232
0.265001
0.264987
0.253266
0.253239
0.249838
0.249875
0.266304
0.265104
0.265067
0.253374
0.253337
0.249947
0.24999
0.266487
0.265259
0.265225
0.253475
0.25344
0.250027
0.250069
0.266513
0.265282
0.265248
0.253491
0.253454
0.250035
0.250081
0.26624
0.26501
0.264994
0.253274
0.253246
0.249846
0.249883
0.266312
0.265111
0.265074
0.25338
0.253343
0.249952
0.249995
0.266491
0.265262
0.265229
0.253477
0.253442
0.250028
0.25007
0.266516
0.265287
0.265252
0.253495
0.253458
0.250039
0.250085
0.265597
0.264427
0.264384
0.252841
0.252799
0.249446
0.249497
0.2656
0.264402
0.264374
0.252787
0.252751
0.249379
0.249424
0.265118
0.263835
0.263932
0.252281
0.252303
0.248959
0.24894
0.265208
0.264074
0.264037
0.252539
0.252496
0.249174
0.249231
0.262491
0.261271
0.261429
0.250202
0.250252
0.24707
0.247023
0.262759
0.26176
0.261706
0.250621
0.250569
0.247395
0.24747
0.263642
0.262555
0.262506
0.251271
0.251219
0.247965
0.248035
0.263589
0.262405
0.262442
0.251108
0.251096
0.247824
0.247844
0.261026
0.26006
0.260092
0.249194
0.24918
0.246132
0.246166
0.261037
0.260061
0.260103
0.2491
0.249084
0.246025
0.246056
0.259744
0.258859
0.259008
0.248017
0.248067
0.245173
0.245153
0.260151
0.259423
0.259382
0.248568
0.248512
0.245592
0.245676
0.266893
0.270977
0.267649
0.255496
0.253682
0.251545
0.253708
0.263372
0.262135
0.263947
0.25004
0.250963
0.248834
0.247786
0.258966
0.258007
0.258615
0.247185
0.247502
0.244897
0.244547
0.260082
0.260629
0.259795
0.248916
0.248404
0.245819
0.246458
0.280473
0.277413
0.283368
0.260241
0.263387
0.262098
0.258547
0.29032
0.29985
0.293411
0.274631
0.271317
0.269779
0.273649
0.314914
0.322728
0.321378
0.290355
0.289724
0.289285
0.290134
0.308901
0.309359
0.314771
0.281835
0.284422
0.283825
0.280893
0.307002
0.32053
0.313557
0.288792
0.285523
0.285314
0.289291
0.291656
0.286636
0.29854
0.265459
0.273072
0.273875
0.265005
0.213544
0.212858
0.212088
0.211932
0.211446
0.209494
0.208848
0.219877
0.213652
0.212962
0.214441
0.213914
0.208973
0.208813
0.237517
0.263433
0.248216
0.238001
0.235379
0.236671
0.251971
0.254486
0.254435
0.236551
0.260452
0.237793
0.241348
0.239472
0.240216
0.236323
0.232368
0.242772
0.235471
0.237694
0.233773
0.257423
0.261216
0.247958
0.262271
0.244688
0.247934
0.251192
0.233936
0.235458
0.234334
0.236657
0.238191
0.235932
0.237385
0.292159
0.262624
0.268427
0.293382
0.275444
0.275921
0.26176
0.307681
0.297128
0.322065
0.310929
0.28723
0.28855
0.299181
0.37462
0.392612
0.41504
0.356468
0.375108
0.398578
0.356451
0.371619
0.324074
0.351101
0.340097
0.376359
0.340055
0.323504
0.236716
0.237718
0.232475
0.231946
0.236936
0.231329
0.231815
0.235966
0.234457
0.231652
0.231658
0.235887
0.231113
0.231323
0.228334
0.230723
0.229692
0.228127
0.228221
0.22753
0.229073
0.232823
0.232336
0.231186
0.229007
0.231135
0.230146
0.230065
0.151629
0.153779
0.150829
0.155894
0.153562
0.154093
0.151238
0.155142
0.158729
0.155438
0.1585
0.155157
0.158751
0.155464
0.186697
0.16898
0.189285
0.188092
0.166081
0.186086
0.167357
0.153622
0.154102
0.151251
0.154376
0.151653
0.153783
0.150835
0.200553
0.192675
0.197918
0.195674
0.20556
0.200601
0.191399
0.166247
0.168414
0.167106
0.166616
0.166217
0.165336
0.166935
0.170193
0.168822
0.168627
0.167502
0.1675
0.167963
0.166483
0.170253
0.168917
0.168672
0.167532
0.167574
0.168001
0.166538
0.286226
0.226473
0.230397
0.274355
0.287772
0.231402
0.273315
0.24946
0.244284
0.217053
0.218844
0.24739
0.219478
0.2468
0.253842
0.222656
0.261336
0.218917
0.252718
0.261474
0.22105
0.246467
0.243336
0.218751
0.216255
0.243244
0.246352
0.219273
0.246579
0.21953
0.216114
0.243008
0.243129
0.219199
0.246512
0.247868
0.244128
0.216745
0.220405
0.244006
0.220112
0.247998
0.247583
0.219766
0.243524
0.216874
0.243846
0.247222
0.220208
0.2492
0.244963
0.220732
0.217561
0.245217
0.248945
0.221064
0.249331
0.221202
0.217505
0.245347
0.245286
0.221014
0.249391
0.249946
0.245791
0.217758
0.221367
0.245802
0.221334
0.249934
0.249887
0.221277
0.245682
0.21784
0.245775
0.249782
0.22141
0.24995
0.245792
0.221366
0.217763
0.245806
0.249936
0.22134
0.249892
0.221286
0.217844
0.24569
0.24578
0.221414
0.249789
0.24921
0.244977
0.217575
0.220752
0.245226
0.221079
0.248959
0.249341
0.221211
0.245355
0.217517
0.245295
0.249399
0.221027
0.247876
0.244138
0.220424
0.216765
0.244013
0.248008
0.220134
0.247588
0.219795
0.216897
0.243529
0.243852
0.220231
0.247226
0.246437
0.243295
0.216291
0.218788
0.243223
0.219307
0.246302
0.24656
0.219559
0.243003
0.216144
0.243115
0.246504
0.21923
0.249289
0.244197
0.218868
0.217058
0.247238
0.246697
0.21948
0.253607
0.222607
0.21891
0.26131
0.252529
0.221033
0.261295
0.30682
0.319005
0.23688
0.241657
0.310075
0.2375
0.316153
0.290979
0.226415
0.275591
0.230615
0.293496
0.274037
0.231523
0.185736
0.185189
0.187512
0.192548
0.184644
0.18907
0.187775
0.314779
0.243508
0.31199
0.291137
0.235377
0.294364
0.236693
0.186153
0.185539
0.187999
0.19336
0.185039
0.189706
0.188247
0.162848
0.160973
0.161685
0.162173
0.162378
0.160918
0.160544
0.159471
0.159239
0.16047
0.159429
0.157324
0.158862
0.158038
0.200377
0.223363
0.22111
0.203975
0.186791
0.187657
0.203593
0.161203
0.160221
0.161518
0.15834
0.159918
0.160044
0.158507
0.164572
0.163511
0.163378
0.163997
0.163985
0.162399
0.162426
0.165261
0.163953
0.164081
0.164595
0.164606
0.163041
0.163011
0.165641
0.164513
0.164413
0.165034
0.165027
0.163437
0.163454
0.165959
0.164707
0.164756
0.165303
0.165301
0.163716
0.163715
0.166074
0.164884
0.164854
0.165434
0.16543
0.163835
0.163843
0.166076
0.164885
0.164857
0.165436
0.165431
0.163836
0.163845
0.165964
0.164713
0.164761
0.165307
0.165306
0.16372
0.16372
0.16565
0.164522
0.164422
0.165042
0.165035
0.163446
0.163462
0.165273
0.163966
0.164094
0.164606
0.164617
0.163052
0.163023
0.164588
0.163527
0.163394
0.164012
0.164
0.162414
0.162441
0.163899
0.162512
0.162784
0.163215
0.163254
0.161699
0.161618
0.161646
0.162655
0.161299
0.162323
0.162263
0.16064
0.160753
0.17801
0.176794
0.177217
0.176049
0.174982
0.175811
0.175611
0.19505
0.195658
0.195094
0.18743
0.189188
0.188776
0.18794
0.198978
0.193873
0.205925
0.189614
0.192887
0.194369
0.18841
0.178384
0.175841
0.176996
0.176422
0.176791
0.177165
0.179409
0.172462
0.171451
0.17153
0.170859
0.171244
0.170646
0.16977
0.198454
0.197423
0.198099
0.191279
0.189608
0.191688
0.190065
0.199606
0.199075
0.199021
0.19272
0.19279
0.190908
0.190828
0.202299
0.201448
0.20129
0.194892
0.194883
0.192535
0.192545
0.201467
0.200183
0.200592
0.193914
0.194085
0.191899
0.191723
0.203507
0.202158
0.202337
0.195661
0.195696
0.193173
0.193143
0.203899
0.202732
0.202649
0.196093
0.196104
0.193491
0.193478
0.204894
0.203578
0.203511
0.196885
0.196875
0.194116
0.194131
0.204647
0.203208
0.203302
0.196589
0.196592
0.193875
0.193878
0.205214
0.203772
0.203786
0.197112
0.197092
0.194288
0.194318
0.20524
0.20382
0.203794
0.197153
0.197138
0.19432
0.194342
0.20522
0.20378
0.203792
0.197118
0.197097
0.194293
0.194323
0.205244
0.203821
0.203797
0.197155
0.19714
0.194322
0.194344
0.20491
0.203592
0.203526
0.196897
0.196887
0.194127
0.194142
0.204667
0.203231
0.203321
0.196606
0.196608
0.193889
0.193893
0.203544
0.202199
0.202372
0.19569
0.195723
0.193196
0.193169
0.20393
0.20276
0.202679
0.196116
0.196126
0.19351
0.193497
0.202353
0.201498
0.201344
0.194929
0.194921
0.192568
0.192578
0.201532
0.200258
0.200657
0.193963
0.194131
0.191939
0.191768
0.198551
0.197532
0.1982
0.191352
0.191755
0.190127
0.189676
0.19969
0.19916
0.199108
0.192778
0.192847
0.19096
0.19088
0.195158
0.195774
0.195205
0.18927
0.18886
0.187509
0.188017
0.191863
0.190199
0.192353
0.184512
0.185783
0.184858
0.18342
0.174037
0.171306
0.170361
0.171116
0.16986
0.168195
0.16895
0.182931
0.185605
0.183394
0.180139
0.179372
0.178793
0.179717
0.355257
0.409322
0.402344
0.359451
0.335719
0.333087
0.364514
0.314937
0.292954
0.275761
0.31623
0.31183
0.318404
0.275616
0.227118
0.227205
0.224309
0.226673
0.225407
0.230505
0.224753
0.276853
0.251294
0.271089
0.246348
0.266725
0.246515
0.251272
0.236937
0.226245
0.232261
0.233849
0.226941
0.238582
0.22685
0.248375
0.250906
0.253544
0.234208
0.235377
0.236605
0.234475
0.255278
0.267111
0.246808
0.259435
0.241749
0.247953
0.242279
0.220203
0.217408
0.216227
0.217895
0.21664
0.212958
0.211924
0.238434
0.23778
0.233205
0.234043
0.239142
0.232513
0.233378
0.234468
0.232251
0.236755
0.236124
0.231201
0.232457
0.233256
0.16242
0.166117
0.162584
0.166033
0.162516
0.16625
0.162861
0.162992
0.166511
0.162955
0.166618
0.163231
0.166565
0.16307
0.148558
0.152457
0.149501
0.151834
0.148804
0.153536
0.150634
0.164202
0.160775
0.170043
0.169266
0.157337
0.162933
0.159412
0.155305
0.158883
0.155586
0.158641
0.155311
0.158893
0.155595
0.190591
0.169996
0.190846
0.187884
0.167572
0.187892
0.167807
0.155392
0.158964
0.15566
0.158717
0.155395
0.158968
0.155664
0.191339
0.17028
0.191461
0.187925
0.167706
0.187865
0.167864
0.155395
0.158969
0.155664
0.158716
0.155393
0.158965
0.15566
0.191504
0.170253
0.191536
0.187934
0.167861
0.187879
0.167818
0.155313
0.158895
0.155596
0.158637
0.155306
0.158884
0.155587
0.191164
0.169945
0.191112
0.187904
0.167839
0.187823
0.167684
0.155159
0.158753
0.155466
0.158493
0.155145
0.158731
0.15544
0.1904
0.169389
0.19031
0.188443
0.167879
0.188103
0.167621
0.154967
0.158555
0.155259
0.158277
0.154903
0.158472
0.155142
0.181534
0.163642
0.175714
0.164799
0.181117
0.17508
0.162322
0.162885
0.161006
0.161731
0.162199
0.162408
0.160952
0.160572
0.163236
0.166567
0.163073
0.166518
0.162996
0.166512
0.162957
0.169366
0.190343
0.190239
0.188403
0.167865
0.167608
0.188063
0.169933
0.191146
0.191087
0.187884
0.167831
0.167675
0.187807
0.170249
0.191503
0.191531
0.18793
0.167862
0.167815
0.187878
0.170286
0.191353
0.191471
0.187934
0.167713
0.167869
0.187877
0.170011
0.190637
0.19088
0.187913
0.167586
0.16782
0.187928
0.169006
0.186747
0.189362
0.188128
0.166082
0.167368
0.186068
0.166308
0.168465
0.167142
0.166644
0.166274
0.16538
0.166966
0.265887
0.221525
0.21509
0.254804
0.270373
0.221473
0.252095
0.161729
0.159899
0.160326
0.161274
0.161417
0.159811
0.159584
0.158286
0.15746
0.158892
0.158144
0.156225
0.157829
0.156572
0.160713
0.162182
0.162064
0.160724
0.159222
0.159153
0.160772
0.162566
0.16128
0.162705
0.161379
0.159749
0.161328
0.159819
0.161549
0.16311
0.163
0.161745
0.160193
0.160157
0.161772
0.163281
0.161866
0.163335
0.162017
0.160418
0.162015
0.160422
0.16194
0.163457
0.16342
0.162124
0.160534
0.160517
0.162137
0.163458
0.161942
0.163422
0.162126
0.160536
0.162139
0.160519
0.16187
0.163287
0.16334
0.162022
0.160423
0.160426
0.16202
0.163118
0.161558
0.163009
0.161753
0.160201
0.16178
0.160165
0.161292
0.162578
0.162717
0.16139
0.159761
0.15983
0.161341
0.162196
0.160724
0.162077
0.160739
0.159237
0.160787
0.159168
0.160234
0.161221
0.161535
0.160061
0.158357
0.158523
0.159936
0.160373
0.158535
0.159921
0.158951
0.157563
0.159109
0.157364
0.180917
0.176571
0.172715
0.176032
0.175697
0.176103
0.18024
0.178653
0.177633
0.179165
0.174299
0.175468
0.175093
0.173635
0.172542
0.170954
0.171532
0.171334
0.171614
0.170732
0.169854
0.266216
0.241956
0.23992
0.238902
0.253033
0.252655
0.240829
0.234395
0.218632
0.218671
0.219665
0.219174
0.21155
0.211404
0.162521
0.166254
0.162869
0.165986
0.162423
0.166119
0.162588
0.161748
0.159917
0.16035
0.161288
0.161431
0.159826
0.159598
0.159507
0.159287
0.160518
0.159467
0.157354
0.158892
0.158078
0.200417
0.228595
0.226987
0.204295
0.186777
0.187676
0.203811
0.174082
0.170452
0.171379
0.171171
0.169942
0.169033
0.168269
0.148809
0.153543
0.150639
0.151565
0.148562
0.152463
0.149506
0.160813
0.164249
0.170031
0.169236
0.157373
0.159442
0.162967
0.157485
0.158305
0.158918
0.158159
0.156239
0.156587
0.157843
)
;

boundaryField
{
    inlet
    {
        type            fixedValue;
        value           uniform 0.3;
    }
    outlet
    {
        type            zeroGradient;
    }
    top
    {
        type            zeroGradient;
    }
    bottom
    {
        type            zeroGradient;
    }
    front
    {
        type            zeroGradient;
    }
    back
    {
        type            zeroGradient;
    }
    wing
    {
        type            kqRWallFunction;
        value           nonuniform List<scalar> 
7227
(
0.920079
0.923653
0.454863
0.454233
0.429788
0.428139
0.429053
0.427328
0.337382
0.350283
0.337144
0.608612
0.350397
0.608224
0.930953
0.934457
0.362402
0.459097
0.372541
0.362075
0.57509
0.458968
0.372441
0.575205
0.868956
0.239662
0.302515
0.321134
0.325648
0.554101
0.691741
0.635239
0.616107
0.624626
0.239605
0.302602
0.320958
0.325794
0.556539
0.690357
0.639611
0.617142
0.623368
0.394594
0.440315
0.341848
0.406359
0.394136
0.45222
0.571557
0.527793
0.440285
0.341627
0.406313
0.453302
0.573303
0.528236
0.691143
0.667279
0.778008
0.693276
0.663332
0.988979
0.926378
0.619159
0.5166
0.549253
0.554773
0.544769
0.511203
0.692159
0.312519
0.398717
0.599976
0.509358
0.40577
0.43232
0.515025
0.543194
0.434691
0.435635
0.547751
0.553144
0.435609
0.434671
0.553143
0.547789
0.432267
0.405855
0.543197
0.514939
0.3988
0.312596
0.509185
0.598578
0.308429
0.679352
0.51139
0.544766
0.554771
0.549289
0.516499
0.617588
0.308501
0.678147
0.36496
1.0494
0.373565
0.502692
0.505893
0.418077
0.422344
0.529494
0.534039
0.435478
0.435318
0.550537
0.552241
0.435303
0.435458
0.552256
0.550557
0.422432
0.418164
0.534096
0.529504
0.373721
0.36511
1.05497
0.505598
0.502284
0.693317
0.504332
0.531145
0.552128
0.553866
0.53558
0.507182
0.337237
0.481433
0.434702
0.390922
0.457979
0.453844
0.474451
0.586063
0.492816
0.466344
0.597167
0.497779
0.506122
0.632956
0.622084
0.507483
0.409945
0.46418
0.469763
0.428251
0.489854
0.487333
0.485413
0.633042
0.522684
0.605954
0.509011
0.491809
0.54055
0.616516
0.613253
0.494426
0.433124
0.494406
0.49363
0.435073
0.499107
0.498879
0.495847
0.618555
0.547611
0.618058
0.496279
0.499267
0.552933
0.622456
0.621992
0.499664
0.435055
0.499104
0.498879
0.43313
0.494442
0.493633
0.49914
0.622292
0.552933
0.621839
0.499528
0.4959
0.54762
0.618663
0.61813
0.496371
0.428267
0.489844
0.487377
0.410029
0.464172
0.469749
0.491795
0.616511
0.540585
0.613231
0.494412
0.485385
0.522634
0.632967
0.605922
0.508944
0.391075
0.45792
0.453744
0.337353
0.480578
0.434401
0.49781
0.632911
0.505828
0.622115
0.507459
0.474541
0.492089
0.586203
0.597322
0.466427
0.991146
0.507525
0.535528
0.55385
0.552148
0.531146
0.503905
1.00056
0.950767
0.349673
0.445086
0.415427
0.449724
0.43985
0.429926
0.4205
0.385015
0.452696
0.452526
0.437968
0.433262
0.433372
0.430816
0.479496
0.4917
0.620403
0.603117
0.49485
0.495142
0.50661
0.623631
0.618871
0.500297
0.412873
0.444482
0.449635
0.47653
0.473237
0.456359
0.453182
0.425842
0.481405
0.484285
0.469498
0.46702
0.46128
0.463972
0.485098
0.525859
0.609428
0.605803
0.488095
0.490811
0.537597
0.610688
0.612163
0.489432
0.433633
0.474016
0.47309
0.496751
0.495412
0.476238
0.474885
0.435018
0.498293
0.498281
0.478527
0.478294
0.477726
0.477717
0.497106
0.549266
0.621088
0.619478
0.498412
0.498958
0.552278
0.621615
0.621659
0.498872
0.434999
0.478523
0.478294
0.498305
0.498291
0.477738
0.477726
0.433617
0.496769
0.495431
0.474051
0.473095
0.476256
0.474903
0.498834
0.552289
0.621475
0.621509
0.498757
0.497241
0.549285
0.621179
0.61964
0.498497
0.425903
0.469488
0.467063
0.481461
0.484312
0.461335
0.464001
0.412962
0.47656
0.473248
0.444476
0.449626
0.456391
0.453193
0.490803
0.53762
0.610715
0.612149
0.48946
0.485081
0.525842
0.609456
0.605783
0.488122
0.38517
0.43792
0.433185
0.45257
0.452345
0.433263
0.430688
0.349802
0.449563
0.439659
0.4444
0.415226
0.429783
0.420336
0.495184
0.506228
0.623684
0.618915
0.500352
0.47958
0.491179
0.620483
0.603251
0.49492
0.296647
0.300287
0.635895
0.499437
0.647864
0.854867
0.847601
0.345058
0.345362
0.686756
0.524402
0.658942
0.85203
0.884229
0.356121
0.356991
0.670574
0.54928
0.670064
0.875331
0.876231
0.358207
0.358225
0.674381
0.554566
0.6739
0.877031
0.877655
0.354586
0.354046
0.668457
0.542139
0.664883
0.869956
0.874044
0.34168
0.340516
0.687151
0.508258
0.675731
0.874566
0.888042
0.317926
0.39613
0.567936
0.538726
0.508485
0.493626
0.492759
0.406839
0.430856
0.499751
0.51899
0.503628
0.542806
0.527297
0.436328
0.435613
0.531834
0.549549
0.553143
0.53699
0.536988
0.435585
0.436291
0.536989
0.553137
0.536983
0.549565
0.531871
0.430803
0.406923
0.527299
0.542825
0.518908
0.499669
0.503544
0.396203
0.318013
0.493462
0.508277
0.492558
0.53738
0.566702
0.571909
0.582597
0.46364
0.324241
0.321815
0.508584
0.687205
0.675702
0.874567
0.888135
0.349215
0.348673
0.542107
0.668461
0.664906
0.869997
0.874038
0.357672
0.357528
0.554565
0.674557
0.674064
0.877235
0.877872
0.357841
0.357978
0.549284
0.670688
0.670139
0.875439
0.876362
0.351021
0.351261
0.524339
0.686676
0.658905
0.851988
0.884128
0.329046
0.330751
0.498604
0.636153
0.648107
0.852906
0.832516
0.570757
0.582637
0.463732
0.31564
0.311085
0.359974
0.329388
0.356444
0.366628
0.376636
0.349258
0.338129
0.386516
0.373863
0.499743
0.48768
0.510111
0.490886
0.356098
0.355171
0.416436
0.362146
0.394824
0.401915
0.423316
0.370811
0.366258
0.365832
0.412331
0.406953
0.529041
0.513826
0.535892
0.518449
0.520131
0.374957
0.37392
0.435125
0.375567
0.417434
0.417969
0.435547
0.377001
0.37649
0.419767
0.419147
0.550471
0.534464
0.552342
0.536117
0.376994
0.377008
0.435528
0.376499
0.41976
0.419156
0.435109
0.37497
0.375581
0.375723
0.417447
0.417984
0.552352
0.536132
0.55049
0.534484
0.534416
0.37083
0.371205
0.423399
0.366307
0.412354
0.406997
0.416522
0.356142
0.362197
0.394851
0.401955
0.535913
0.518507
0.529031
0.513843
0.349291
0.349923
0.376796
0.338165
0.386515
0.373854
0.360113
0.315626
0.329404
0.330339
0.356349
0.366582
0.50978
0.490637
0.494833
0.49932
0.487271
0.484509
0.334748
0.310902
0.305943
0.495412
0.673607
0.654218
0.859496
0.878092
0.905991
0.89722
0.908773
0.92943
0.390531
0.39097
0.346234
0.345686
0.527455
0.662887
0.658937
0.851411
0.854403
0.900935
0.93377
0.899522
0.90308
0.404082
0.405027
0.355733
0.356461
0.550882
0.67332
0.671553
0.876998
0.87926
0.922376
0.923471
0.923775
0.925754
0.357947
0.358001
0.553916
0.673736
0.673595
0.877789
0.87922
0.92861
0.929081
0.928389
0.925854
0.402399
0.401787
0.353039
0.353413
0.401086
0.539252
0.663486
0.663758
0.868926
0.865956
0.917398
0.921658
0.916764
0.914256
0.338281
0.339093
0.382221
0.383007
0.508879
0.676284
0.67222
0.87084
0.878919
0.923742
0.938076
0.921789
0.928546
0.260953
0.276592
0.274004
0.263322
0.326351
0.498028
0.442447
0.4537
0.433326
0.43728
0.438563
0.2886
0.303062
0.28794
0.303844
0.392766
0.458744
0.457274
0.458086
0.455162
0.455016
0.456073
0.470566
0.509085
0.540375
0.588696
0.504965
0.47386
0.48162
0.468313
0.500079
0.550311
0.592134
0.533196
0.500886
0.506659
0.48994
0.629759
0.585569
0.5751
0.625834
0.504283
0.543276
0.296696
0.313125
0.312563
0.297218
0.408341
0.464483
0.467168
0.467499
0.46942
0.47017
0.469778
0.306659
0.322891
0.306279
0.323313
0.429507
0.489638
0.48946
0.489275
0.487209
0.488001
0.487891
0.519369
0.495151
0.627015
0.586215
0.521937
0.507101
0.506503
0.560056
0.614894
0.506077
0.544406
0.526061
0.492328
0.541437
0.524737
0.615093
0.570097
0.567075
0.613925
0.493289
0.528867
0.310173
0.326522
0.327122
0.30965
0.434926
0.494061
0.496046
0.495654
0.495367
0.493461
0.495076
0.312263
0.329328
0.312236
0.329355
0.435171
0.498744
0.499102
0.498741
0.498532
0.498854
0.498507
0.530321
0.496107
0.619097
0.572068
0.549186
0.531527
0.533109
0.571593
0.618255
0.496841
0.530773
0.533903
0.499234
0.552914
0.536778
0.622315
0.575802
0.57536
0.621948
0.499546
0.534322
0.312262
0.329328
0.329354
0.312237
0.43515
0.498741
0.499095
0.498734
0.498854
0.498532
0.498507
0.31018
0.326542
0.309669
0.327128
0.434874
0.494096
0.496055
0.495666
0.493464
0.49537
0.495079
0.533769
0.499105
0.62215
0.575649
0.552915
0.536779
0.536759
0.575217
0.621793
0.499409
0.534178
0.530379
0.496122
0.549177
0.531536
0.619163
0.57217
0.571656
0.618275
0.496903
0.53087
0.306674
0.322924
0.323328
0.306309
0.429469
0.48963
0.489487
0.489301
0.488018
0.487252
0.48791
0.296745
0.313177
0.297269
0.312614
0.408427
0.46447
0.467146
0.467473
0.47015
0.469396
0.469751
0.526046
0.492282
0.615034
0.57009
0.541467
0.524773
0.52557
0.567056
0.613869
0.493237
0.528855
0.519341
0.495112
0.521875
0.507063
0.626955
0.586142
0.560026
0.614846
0.506033
0.544338
0.288645
0.303121
0.30389
0.287998
0.392837
0.458675
0.457186
0.457991
0.454923
0.455043
0.45597
0.26098
0.276622
0.263355
0.274029
0.326452
0.497118
0.441863
0.452991
0.436934
0.432906
0.438044
0.533229
0.500898
0.629745
0.585533
0.506415
0.489668
0.490471
0.575132
0.625837
0.504282
0.543247
0.509187
0.470651
0.503928
0.473198
0.588852
0.540486
0.550432
0.592299
0.468391
0.500174
0.530513
0.392626
0.316651
0.318942
0.364333
0.361835
0.355077
0.358228
0.509288
0.676234
0.672179
0.870819
0.878888
0.923748
0.938178
0.921776
0.928516
0.347487
0.347898
0.395447
0.393837
0.394422
0.442954
0.539233
0.66346
0.663773
0.868952
0.865934
0.917442
0.921648
0.916793
0.914235
0.455435
0.45503
0.356752
0.35695
0.457037
0.456238
0.553905
0.673886
0.673755
0.877989
0.879405
0.928824
0.929308
0.9286
0.926042
0.357771
0.357716
0.40594
0.406088
0.405854
0.405792
0.457582
0.5509
0.673413
0.671726
0.877212
0.879368
0.922491
0.923607
0.923997
0.925866
0.451233
0.351903
0.35149
0.399454
0.398983
0.447484
0.447722
0.527427
0.662917
0.658918
0.85138
0.854427
0.900889
0.933661
0.899488
0.903104
0.430669
0.335958
0.333896
0.380741
0.431633
0.494827
0.673686
0.654392
0.859221
0.878147
0.903717
0.908426
0.929467
0.529422
0.291849
0.288743
0.286082
0.294346
0.319769
0.322252
0.270528
0.282677
0.269106
0.284391
0.354164
0.30271
0.295051
0.300502
0.297057
0.330341
0.41683
0.416656
0.396049
0.35683
0.412998
0.395993
0.450535
0.448572
0.44919
0.440989
0.44493
0.445617
0.365195
0.412428
0.42892
0.402005
0.425508
0.407536
0.283219
0.299295
0.284405
0.298026
0.380792
0.323779
0.316889
0.317748
0.322882
0.346882
0.345878
0.317607
0.312867
0.3116
0.318774
0.340579
0.453352
0.458321
0.458226
0.454324
0.456785
0.457988
0.437261
0.383918
0.434761
0.439008
0.376652
0.435154
0.407188
0.492077
0.495566
0.514381
0.484534
0.495398
0.47537
0.615035
0.572729
0.555886
0.609116
0.489562
0.530512
0.503146
0.499714
0.432497
0.431483
0.530384
0.495556
0.510453
0.490038
0.494578
0.621442
0.576961
0.572096
0.618414
0.499119
0.535389
0.51321
0.511585
0.512991
0.510413
0.333383
0.327628
0.327096
0.333843
0.357353
0.299484
0.315118
0.299088
0.315566
0.414107
0.336566
0.329804
0.336131
0.330259
0.360624
0.36022
0.422245
0.447219
0.396406
0.449363
0.426636
0.426427
0.476696
0.476173
0.476344
0.473468
0.474304
0.474575
0.400215
0.432875
0.456027
0.429999
0.45413
0.304476
0.321404
0.304896
0.320948
0.424457
0.345017
0.338109
0.338537
0.344619
0.369731
0.369386
0.342507
0.336475
0.336036
0.342894
0.367134
0.367401
0.481358
0.482751
0.482762
0.48427
0.484116
0.484106
0.469103
0.411064
0.467626
0.437457
0.46247
0.408022
0.463809
0.527744
0.606582
0.60711
0.529382
0.519077
0.485807
0.527291
0.510348
0.608007
0.563182
0.559817
0.606725
0.486864
0.522239
0.532053
0.608264
0.531229
0.60916
0.525036
0.490004
0.537371
0.521766
0.610832
0.564502
0.566019
0.611224
0.489666
0.523576
0.540427
0.539867
0.537392
0.616153
0.538331
0.349196
0.34191
0.342634
0.348393
0.374375
0.373349
0.310917
0.327531
0.310587
0.327895
0.434262
0.349892
0.343022
0.349545
0.343391
0.374942
0.448984
0.475596
0.450382
0.416789
0.47484
0.4481
0.496407
0.49667
0.49634
0.495154
0.495771
0.495493
0.417214
0.451035
0.476147
0.449772
0.475241
0.450104
0.311973
0.329113
0.312038
0.329043
0.434883
0.351557
0.344954
0.344978
0.351538
0.376803
0.376799
0.351221
0.344712
0.344649
0.351272
0.376451
0.497946
0.498341
0.497999
0.497938
0.498344
0.498007
0.47852
0.419536
0.478271
0.477767
0.419136
0.477768
0.452347
0.54548
0.545198
0.531625
0.497257
0.549643
0.5332
0.620615
0.574441
0.572951
0.619709
0.498029
0.533014
0.547039
0.54685
0.458544
0.458003
0.533582
0.498719
0.552363
0.536142
0.53622
0.621688
0.574941
0.575028
0.621411
0.498944
0.533492
0.549447
0.549457
0.548805
0.549019
0.351556
0.344954
0.344977
0.351539
0.376803
0.311978
0.329117
0.312042
0.329047
0.434865
0.351227
0.344716
0.351277
0.344653
0.376457
0.376481
0.453107
0.478512
0.419536
0.478271
0.452877
0.452853
0.497959
0.49835
0.498008
0.497948
0.49835
0.498013
0.419141
0.452359
0.477776
0.452356
0.477773
0.310928
0.327544
0.3106
0.327906
0.434246
0.349205
0.341929
0.342641
0.348413
0.374385
0.373369
0.349907
0.343036
0.343404
0.349561
0.374959
0.374633
0.496425
0.496687
0.496357
0.495172
0.495789
0.495511
0.475603
0.416797
0.474844
0.451052
0.476164
0.417231
0.475259
0.549289
0.628305
0.628289
0.549303
0.533451
0.498597
0.552369
0.536153
0.621542
0.574811
0.574888
0.621263
0.498824
0.53337
0.548657
0.627825
0.548868
0.627586
0.531768
0.497391
0.549662
0.533219
0.620761
0.57453
0.573103
0.619869
0.498152
0.533101
0.545505
0.545251
0.547205
0.625764
0.547016
0.345035
0.338145
0.338553
0.344657
0.369754
0.369424
0.304517
0.321442
0.304932
0.320991
0.424525
0.342555
0.336514
0.342934
0.336081
0.367182
0.444876
0.469128
0.444537
0.411088
0.467641
0.442662
0.481411
0.482782
0.482794
0.484294
0.484146
0.484135
0.408067
0.437514
0.462499
0.439835
0.463839
0.439681
0.299534
0.315171
0.299138
0.315617
0.414193
0.333435
0.327682
0.327148
0.333898
0.357401
0.357668
0.33662
0.329858
0.330313
0.336187
0.360673
0.476722
0.476182
0.476349
0.473475
0.474312
0.474579
0.447199
0.396434
0.449341
0.456037
0.400251
0.45414
0.430023
0.540379
0.539848
0.525028
0.489994
0.53739
0.52179
0.610836
0.56453
0.56601
0.611211
0.489673
0.523604
0.537389
0.538318
0.439193
0.443947
0.519059
0.485798
0.527281
0.510339
0.511652
0.60802
0.563211
0.559799
0.606717
0.486871
0.522267
0.527716
0.529349
0.532034
0.53122
0.323825
0.316949
0.317794
0.322943
0.346916
0.283275
0.299349
0.284458
0.298084
0.380955
0.317664
0.31292
0.318825
0.311658
0.340623
0.341501
0.415909
0.437178
0.383921
0.434674
0.411005
0.41265
0.453205
0.458206
0.458097
0.454136
0.456643
0.457837
0.376653
0.417066
0.438905
0.407111
0.435023
0.270569
0.282714
0.269145
0.28443
0.354296
0.291868
0.28877
0.286103
0.294371
0.31976
0.32225
0.302744
0.295087
0.297094
0.300536
0.330352
0.328462
0.450355
0.448403
0.449003
0.440767
0.444759
0.445427
0.416243
0.356746
0.412698
0.412283
0.428766
0.365146
0.425351
0.513226
0.568386
0.569519
0.511629
0.530428
0.495606
0.510089
0.489671
0.621484
0.577016
0.572143
0.618468
0.499157
0.535443
0.513049
0.567815
0.510473
0.571036
0.514474
0.484609
0.494963
0.474882
0.615136
0.572808
0.555995
0.609226
0.489639
0.530586
0.492159
0.49565
0.503225
0.563696
0.499794
0.555078
0.704601
0.520559
0.563564
0.551099
0.596417
0.554765
0.544392
0.589721
0.51031
0.290189
0.286884
0.63268
0.834257
0.305666
0.650658
0.712327
0.698484
0.510536
0.55363
0.554514
0.544373
0.589255
0.55477
0.600642
0.551116
0.520471
0.553567
0.630695
0.702642
0.305734
0.649456
0.711736
0.697715
0.632573
0.848809
0.501335
0.546918
0.530664
0.574593
0.552063
0.597598
0.55398
0.537509
0.579602
0.511193
0.298284
0.920859
0.375549
0.994932
0.949482
0.511545
0.553945
0.549817
0.53749
0.579553
0.553971
0.599552
0.552082
0.597619
0.530646
0.574562
0.500893
0.546419
0.298281
0.92501
0.375365
0.969088
0.867035
0.638661
0.691164
0.516048
0.55552
0.642447
0.702232
0.762754
0.850922
0.666282
0.754488
0.737006
0.685724
0.752194
0.848482
0.679871
0.742405
0.523532
0.56683
0.667545
0.71426
0.764707
0.860282
0.581875
0.580791
0.577625
0.584937
0.794272
0.873732
0.671107
0.730891
0.550803
0.596263
0.670227
0.730439
0.789599
0.875463
0.615763
0.616986
0.613605
0.619157
0.789989
0.876577
0.674227
0.732735
0.554551
0.600417
0.600417
0.673844
0.732209
0.796409
0.876592
0.620254
0.62389
0.620271
0.623871
0.797536
0.896951
0.666856
0.728651
0.543079
0.587934
0.586803
0.665594
0.724585
0.783325
0.870742
0.608464
0.612338
0.608939
0.611853
0.78769
0.872175
0.683971
0.743306
0.508674
0.679783
0.731859
0.78736
0.881
0.571787
0.57608
0.572723
0.575179
0.796552
0.886224
0.322885
0.274464
0.235663
0.246158
0.291917
0.584245
0.682892
0.662883
0.628814
0.604221
0.537509
0.5679
0.497321
0.456646
0.444248
0.649497
0.633822
0.529931
0.508942
0.552346
0.683993
0.74337
0.679786
0.731838
0.787348
0.881032
0.572126
0.576401
0.573004
0.575563
0.796626
0.886279
0.54305
0.587905
0.666916
0.72865
0.665656
0.724614
0.783359
0.87082
0.608445
0.612339
0.608937
0.611834
0.787685
0.872239
0.55455
0.600416
0.600413
0.674403
0.732924
0.674011
0.732385
0.796598
0.8768
0.620257
0.623886
0.620267
0.623873
0.797739
0.897176
0.550795
0.596256
0.594747
0.671177
0.73101
0.670253
0.730523
0.78969
0.875494
0.615777
0.617037
0.613655
0.619169
0.790113
0.876656
0.523459
0.679804
0.742319
0.667495
0.714221
0.764666
0.860215
0.581747
0.580599
0.577463
0.584788
0.794181
0.873649
0.514857
0.638997
0.690926
0.642773
0.70255
0.761811
0.845995
0.663824
0.75446
0.73539
0.683174
0.744858
0.850826
0.235668
0.246161
0.291966
0.583119
0.681532
0.66182
0.627902
0.603727
0.537629
0.567879
0.497425
0.456746
0.444384
0.649174
0.633459
0.529966
0.899487
0.497618
0.544688
0.667489
0.728633
0.660777
0.70821
0.768403
0.864524
0.564154
0.569144
0.568126
0.56554
0.78731
0.870401
0.900419
0.649831
1.16278
1.15486
1.28077
1.27835
0.899521
0.843886
1.15469
0.762526
1.15428
1.28404
1.27843
1.16632
0.915603
0.61719
1.17257
1.30099
1.29569
1.28641
1.29255
0.919652
0.614347
1.18258
1.17591
0.528967
0.661462
0.720263
0.660034
0.714404
0.764462
0.852005
0.593402
0.597429
0.596709
0.594076
0.767704
0.853013
0.909065
1.14752
0.635853
1.14778
1.29065
1.27069
0.922378
1.17641
1.15866
1.2595
1.2599
1.15097
0.900543
1.15041
1.26773
1.2617
1.26264
1.26122
0.900968
1.15597
1.15096
0.551267
0.596793
0.596347
0.672796
0.734089
0.671824
0.732038
0.791321
0.877368
0.617062
0.620676
0.620557
0.61717
0.79387
0.878586
0.92242
1.17971
1.18009
1.30387
1.30346
0.923902
0.666567
1.18194
1.18185
1.30084
1.3015
0.669257
1.18114
0.924164
1.18124
1.3027
1.30293
1.30222
1.30206
0.925192
0.670443
1.18232
0.670577
1.18223
0.553998
0.599708
0.673803
0.734606
0.673455
0.732128
0.79582
0.874551
0.619317
0.62266
0.622887
0.619117
0.794799
0.879043
0.927813
0.674277
1.19362
0.674287
1.19252
1.32319
1.34814
0.948946
1.19378
0.674599
1.21704
1.3227
1.32181
0.673273
1.19336
0.923851
0.673393
1.18432
1.30259
1.30525
1.32193
1.30878
0.92597
1.1822
0.673065
1.18345
0.538995
0.662593
0.72348
0.662798
0.723274
0.782003
0.868147
0.600819
0.601683
0.604112
0.598432
0.778501
0.869308
0.918442
1.17546
1.17654
1.30205
1.2996
0.919488
1.18009
1.17766
1.29741
1.29848
1.17474
0.915787
1.17335
1.28095
1.29533
1.2967
1.29863
0.917428
0.650016
1.16877
1.17602
0.512077
0.555384
0.552961
0.674031
0.732906
0.671368
0.728203
0.784103
0.870299
0.571414
0.570734
0.574285
0.567544
0.790134
0.873793
0.93257
0.621959
1.17086
1.1769
1.29417
1.29405
0.935793
0.6217
1.1799
0.622284
1.17963
1.28578
1.29131
1.16921
0.919409
0.623069
1.16787
1.29845
1.28753
1.28431
1.28373
0.924013
1.18071
1.17168
0.374947
0.362379
0.263838
0.256533
0.307661
0.493469
0.67167
0.671284
0.73358
0.374901
0.362334
0.448952
0.506339
0.663204
0.512461
0.673991
0.732867
0.671315
0.728165
0.784073
0.870263
0.571945
0.571357
0.568079
0.574888
0.790112
0.873764
0.93261
1.1709
0.62041
1.17699
1.29433
1.29419
0.935856
1.18004
1.17974
1.28584
1.29143
0.919377
0.621818
1.16924
1.16786
1.29844
1.28754
0.92399
0.617926
1.18067
0.619459
1.17167
1.28436
1.28374
0.53898
0.662591
0.723457
0.662814
0.723292
0.782024
0.868172
0.600803
0.601646
0.598387
0.604103
0.778478
0.869314
0.918524
1.17552
1.17664
1.30202
1.2997
0.919557
1.18006
1.17775
1.29748
1.29859
0.915814
1.17479
1.17339
1.28093
1.29536
0.917436
0.649998
1.16875
1.17604
1.29675
1.29868
0.553992
0.599775
0.599694
0.67396
0.734767
0.673613
0.7323
0.796005
0.874748
0.619307
0.622638
0.619095
0.622877
0.794971
0.879239
0.92803
0.674274
1.19389
0.67428
1.19279
1.3235
1.34846
0.949182
0.674603
1.19406
0.674605
1.21733
1.32299
1.3221
0.924057
1.19362
0.673391
1.18457
1.30282
1.30553
0.926174
1.18242
0.673046
1.1837
1.32221
1.30905
0.551285
0.596812
0.672951
0.734185
0.671995
0.732224
0.791519
0.877579
0.617082
0.620694
0.617189
0.620577
0.793971
0.878774
0.922451
1.17985
0.669052
1.18013
1.30404
1.30355
0.923982
1.1821
1.18193
1.30101
1.30153
0.924383
1.18141
1.18151
1.30285
1.30318
0.925389
1.18246
1.18247
1.30251
1.30234
0.528948
0.571026
0.661475
0.720292
0.660023
0.714382
0.764438
0.851998
0.593362
0.597391
0.594052
0.596659
0.767734
0.853031
0.908992
0.63645
1.14746
1.14768
1.29049
1.27056
0.922291
0.627428
1.17627
1.15855
1.25943
1.25979
0.900535
0.640778
1.15092
1.1504
1.26774
1.26171
0.900986
0.644699
1.15599
0.644821
1.15097
1.26258
1.26121
0.497151
0.544744
0.667597
0.728703
0.660908
0.708409
0.768209
0.864618
0.563516
0.568444
0.564945
0.56735
0.787349
0.870497
0.898534
0.647672
1.16149
0.671549
1.15686
1.01342
1.30165
0.905606
0.864436
0.75892
1.18054
1.28285
1.27959
0.915605
1.16627
0.61612
1.17271
1.30101
1.29585
0.919747
0.613547
1.18262
1.17608
1.28639
1.29268
0.263848
0.256538
0.307678
0.670132
0.660155
0.669802
0.731264
0.449021
0.506426
0.713899
0.775154
0.714083
1.06031
1.42822
0.849925
1.48293
0.770853
1.51995
0.794079
1.50076
0.784668
1.50558
0.796653
1.45963
0.807017
1.46438
0.801105
1.4618
0.83522
1.48071
0.836949
1.47273
0.840184
1.47116
0.838245
1.47352
0.850767
1.49232
0.849556
1.49469
0.843536
1.47121
0.847137
1.49809
0.829484
1.47966
0.825508
1.47951
0.812845
1.47795
0.821501
1.48026
0.778951
1.51188
0.778332
1.50219
0.770559
1.51563
0.779133
1.50021
0.779607
1.5121
0.779413
1.50231
0.771715
1.51571
0.780255
1.50031
0.82949
1.47963
0.825469
1.4796
0.812808
1.47796
0.821503
1.48034
0.850762
1.49266
0.849545
1.495
0.843503
1.47146
0.847117
1.49841
0.835318
1.48088
0.836907
1.4729
0.84021
1.47131
0.838264
1.47382
0.784297
1.50537
0.796421
1.45952
0.806929
1.46436
0.800943
1.4617
1.03664
1.23422
0.840388
1.48091
0.769479
1.51981
0.790223
1.49887
0.688067
0.614421
0.826692
0.808422
0.818387
0.828835
0.655847
0.744454
0.831562
0.571315
0.806398
0.688555
0.61401
0.655557
0.826061
0.809048
0.815209
0.825671
0.750181
0.835067
0.570466
0.769594
0.948154
0.897176
0.825432
0.798069
0.767754
0.861078
1.28344
1.591
1.19796
1.2775
0.913791
1.15688
0.883932
1.14761
0.833228
1.12514
1.23128
1.06666
1.15837
1.05797
1.15623
0.895407
0.919647
1.07196
1.43421
1.27965
1.0019
1.4388
1.01276
1.27846
1.42974
1.05628
1.15438
1.05712
1.15372
0.839747
0.813973
0.860925
1.43878
1.28112
0.884253
1.4426
0.895878
1.27939
1.42958
1.07125
1.16762
1.17031
1.07878
0.71697
0.715143
0.771869
1.51599
0.78344
1.45755
1.30216
0.784381
1.45419
1.29832
0.720119
0.724441
0.805946
1.44417
1.28791
0.783995
1.51185
0.796044
1.29032
1.45132
1.09126
1.18311
1.08263
1.17843
1.06101
1.13762
1.06707
1.14487
0.73267
0.731435
0.797401
1.44185
1.28587
0.788074
1.47005
0.80089
1.2772
1.41951
1.09356
1.1725
1.07844
1.16391
0.735972
0.736988
0.809275
1.40604
1.2495
0.794755
1.45766
0.807344
1.25613
1.40855
1.05901
1.14995
1.14988
1.06046
0.747045
0.747327
0.806032
1.45704
0.819561
1.4109
1.26408
0.818553
1.40445
1.26233
0.745245
0.744862
0.813663
1.40723
1.26121
0.80302
1.45739
0.815637
1.2609
1.40428
1.06512
1.15309
1.06106
1.15159
1.08249
1.17947
1.08267
1.18014
0.775167
0.775003
0.846795
1.44825
1.30392
0.837571
1.47812
0.849217
1.3037
1.44692
1.08409
1.18206
1.08427
1.18196
0.77548
0.775273
0.848588
1.44298
1.30063
0.838002
1.47544
0.849628
1.30145
1.44449
1.08396
1.18121
1.18118
1.08424
0.777215
0.77718
0.839795
1.47301
0.851917
1.44426
1.30311
0.851531
1.44503
1.30283
0.776285
0.776365
0.849954
1.44404
1.30223
0.838903
1.47203
0.850637
1.30206
1.44444
1.08562
1.18261
1.08529
1.18221
1.09157
1.19331
1.09042
1.19291
0.783116
0.783135
0.860538
1.47846
1.32439
0.850641
1.51853
0.860427
1.35025
1.50536
1.09162
1.19472
1.11355
1.21869
0.782774
0.782761
0.859537
1.4776
1.32257
0.849981
1.49151
0.859872
1.32222
1.47695
1.09155
1.1912
1.1847
1.08507
0.780742
0.780732
0.844472
1.47254
0.855062
1.44413
1.30214
0.855839
1.44841
1.30381
0.781073
0.781095
0.8576
1.47595
1.31865
0.846294
1.47785
0.85703
1.31022
1.45652
1.08554
1.18176
1.08601
1.18277
1.07756
1.17575
1.07867
1.17619
0.766383
0.766423
0.841005
1.44674
1.30159
0.828859
1.47902
0.840327
1.30004
1.44484
1.08221
1.17965
1.0798
1.17807
0.764909
0.764836
0.836958
1.44354
1.29769
0.827035
1.47823
0.838521
1.29814
1.44399
1.07688
1.17436
1.17375
1.07629
0.756604
0.756111
0.815763
1.49168
0.825235
1.42475
1.28183
0.828083
1.4415
1.28239
0.758692
0.758953
0.833091
1.44311
1.29636
0.820377
1.49052
0.832038
1.29629
1.44597
1.07725
1.17001
1.07933
1.17308
1.08446
1.17281
1.09203
1.17543
0.721777
0.721753
0.791758
1.44532
1.2955
0.778183
1.51464
0.790952
1.29475
1.44491
1.09692
1.18096
1.09521
1.18023
0.721086
0.721488
0.790973
1.43769
1.28756
0.778077
1.50907
0.79079
1.28984
1.4422
1.08239
1.16761
1.16826
1.07979
0.718067
0.717085
0.772616
1.50207
0.783163
1.4541
1.29525
0.785361
1.44093
1.28961
0.720739
0.721682
0.791836
1.43654
1.28296
0.77802
1.49837
0.790731
1.28366
1.43692
1.09016
1.17847
1.08352
1.17299
1.08448
1.17286
1.0921
1.17551
0.722469
0.722401
0.792405
1.44551
1.29567
0.778937
1.51484
0.791697
1.2949
1.44508
1.09705
1.1811
1.0953
1.18036
0.721887
0.722351
0.792038
1.43779
1.28763
0.779096
1.50926
0.791796
1.28996
1.44235
1.0824
1.16762
1.07977
1.16826
0.719017
0.718015
0.784289
1.45412
1.29525
0.773708
1.50212
0.786435
1.28963
1.44097
1.09013
1.17846
1.08351
1.17297
0.721669
0.722645
0.792951
1.43662
1.28299
0.779099
1.49842
0.791806
1.28368
1.43696
1.07762
1.17581
1.07876
1.17631
0.76636
0.766401
0.841017
1.4467
1.30159
0.828824
1.47914
0.840292
1.30012
1.44495
1.08219
1.17965
1.07988
1.17815
0.764885
0.764808
0.836925
1.44362
1.29776
0.827002
1.47837
0.838489
1.29826
1.44412
1.07692
1.17439
1.07633
1.1738
0.7566
0.756097
0.8252
1.42474
1.28182
0.815746
1.49174
0.828073
1.28241
1.44153
1.07723
1.17
1.07935
1.1731
0.758695
0.758974
0.833093
1.44317
1.29641
0.82039
1.4906
0.83206
1.29633
1.44602
1.09181
1.19357
1.09067
1.19317
0.783119
0.783132
0.860534
1.47879
1.32469
0.850637
1.51888
0.860422
1.35057
1.50571
1.09188
1.19499
1.11382
1.21898
0.78277
0.782761
0.859527
1.47791
1.32285
0.849978
1.49183
0.85987
1.3225
1.47728
1.09179
1.19146
1.08531
1.18495
0.780727
0.780719
0.855031
1.44438
1.3024
0.844456
1.47284
0.855824
1.30408
1.44871
1.08574
1.18199
1.08624
1.18301
0.781065
0.781085
0.857581
1.47626
1.31893
0.846281
1.47816
0.857019
1.3105
1.45682
1.08263
1.17961
1.0827
1.18018
0.775187
0.775018
0.846889
1.44843
1.30408
0.837593
1.4782
0.849234
1.30381
1.44702
1.08424
1.18222
1.08436
1.18205
0.775471
0.775267
0.848544
1.44316
1.30077
0.838006
1.47547
0.849632
1.3015
1.44453
1.08421
1.18148
1.08449
1.18144
0.777237
0.777206
0.851941
1.44442
1.30326
0.839824
1.47328
0.851559
1.30308
1.44531
1.08574
1.18275
1.08551
1.18244
0.776306
0.776378
0.849972
1.44435
1.30252
0.838923
1.47233
0.850654
1.30234
1.44475
1.06095
1.13755
1.06698
1.14478
0.732425
0.731178
0.797029
1.44167
1.28572
0.78778
1.46989
0.800597
1.27707
1.41936
1.09343
1.17236
1.07834
1.16379
0.735769
0.736779
0.809039
1.40595
1.24942
0.794534
1.4575
0.80712
1.25602
1.40842
1.05897
1.14991
1.06045
1.14985
0.746955
0.747236
0.819471
1.4109
1.2641
0.805928
1.45702
0.818446
1.26234
1.40445
1.06514
1.15311
1.06107
1.1516
0.745133
0.744745
0.813494
1.40716
1.26117
0.802897
1.45734
0.815516
1.26087
1.40426
1.06526
1.15715
1.06013
1.1544
0.875823
0.888644
1.05047
1.18882
1.14975
0.965871
1.46297
0.978819
1.2854
1.44882
0.834728
0.806607
0.85228
1.43781
1.27976
0.873421
1.4446
0.886308
1.27739
1.42968
1.07121
1.16756
1.07891
1.17056
0.715627
0.713933
0.782135
1.45753
1.30222
0.770304
1.51565
0.782917
1.2984
1.45433
1.09131
1.18319
1.08279
1.17853
0.718513
0.722395
0.802477
1.44421
1.28789
0.781087
1.51124
0.793412
1.29057
1.45143
1.14271
1.15833
1.42567
1.20848
1.10091
1.16667
0.918189
1.10091
1.0893
1.20569
1.05635
1.20915
0.905182
1.01794
1.0646
0.983644
0.984798
0.989953
0.954655
0.808526
1.43759
1.19392
1.2857
1.1114
1.10964
1.29921
1.45218
1.5451
1.2583
1.28385
1.4317
1.05832
1.15828
1.15477
1.04493
1.01041
1.07839
0.784718
0.869904
1.14959
1.17109
1.43784
1.39762
1.36061
1.36172
1.16304
0.645795
0.637142
0.904378
0.980736
0.898531
0.970063
0.983618
0.910468
0.928423
1.00494
0.900369
0.974339
0.933451
1.00965
0.972138
0.900097
0.902325
0.976258
0.922164
0.995669
0.92373
0.996958
0.997106
0.92393
0.925809
0.99899
0.928191
1.00255
0.929315
1.00281
1.00255
0.928308
0.925622
0.999009
0.917717
0.990628
0.921325
0.995104
0.989974
0.916441
0.914593
0.987809
0.925624
0.999379
0.937558
1.01341
0.997269
0.919955
0.929224
1.00415
0.925634
0.999393
0.937658
1.01353
0.919937
0.997265
0.929201
1.00412
0.917762
0.990676
0.921313
0.99509
0.916474
0.990007
0.914568
0.987788
0.928405
1.00278
0.929542
1.00305
0.928518
1.00278
0.925815
0.999205
0.922274
0.995793
0.923859
0.997102
0.924152
0.997343
0.925923
0.999109
0.900324
0.97429
0.933345
1.00953
0.90007
0.972099
0.902356
0.976281
0.902698
0.978964
0.910013
0.983414
0.928486
1.00498
0.972105
0.898411
0.775887
0.902112
0.97351
0.729441
0.898014
0.972298
0.951122
0.692602
0.913853
0.991354
0.686575
0.921108
0.995344
0.684861
0.70598
0.909012
0.983991
0.708056
0.923041
0.996352
0.713815
0.900014
0.972873
0.71589
0.90142
0.973353
0.717067
0.74262
0.92262
0.995759
0.741279
0.923715
0.997286
0.743734
0.924044
0.997461
0.744577
0.925244
0.9985
0.744836
0.749344
0.928068
1.00159
0.74917
0.949282
1.02357
0.74795
0.923089
0.997404
0.747706
0.926252
0.999255
0.747228
0.732711
0.918114
0.991711
0.730914
0.919829
0.992802
0.726929
0.916065
0.989073
0.724718
0.91724
0.990868
0.721722
0.690908
0.929436
1.00796
0.691483
0.93682
1.01129
0.691493
0.920861
0.994671
0.688218
0.923086
0.9987
0.684793
0.691664
0.929474
1.00801
0.692367
0.936889
1.01136
0.692581
0.692365
0.920833
0.994643
0.689069
0.92306
0.998678
0.685656
0.68582
0.732684
0.918196
0.991798
0.730881
0.919902
0.992876
0.734705
0.726944
0.916089
0.989104
0.724709
0.917252
0.99088
0.721695
0.721239
0.749345
0.928285
1.00182
0.749162
0.949517
1.02382
0.749707
0.747939
0.923296
0.997622
0.74769
0.926456
0.999472
0.747198
0.7472
0.74261
0.922656
0.995791
0.741265
0.923801
0.997369
0.739812
0.743747
0.924264
0.997693
0.744597
0.925439
0.998709
0.744855
0.744754
0.705796
0.90894
0.983911
0.707876
0.922952
0.996258
0.696232
0.713718
0.899998
0.972864
0.715813
0.901432
0.97337
0.716996
0.716814
0.767818
0.898315
0.974193
0.726257
0.8282
0.863722
0.823737
0.873802
0.992689
1.08367
1.15357
0.691147
0.688023
0.91393
0.991412
0.705974
0.92115
0.995465
0.8097
1.0044
1.06821
1.06233
1.00639
0.80337
0.930803
1.02327
0.962217
0.961117
0.749934
1.04702
0.887835
0.958745
1.05761
0.81847
0.919013
0.660521
0.714293
0.836016
0.857077
0.774386
0.640969
0.626963
0.620401
0.623868
0.625736
0.64608
0.644553
0.634762
0.62658
0.636246
0.640353
0.649718
0.651458
0.643024
0.654237
0.653853
0.676795
0.678436
0.668506
0.675785
0.678013
0.678625
0.678952
0.670742
0.679979
0.67999
0.683759
0.683796
0.674345
0.684118
0.684096
0.682788
0.682863
0.673213
0.67269
0.682364
0.682604
0.66752
0.668668
0.661777
0.670661
0.670449
0.664137
0.66389
0.653971
0.658957
0.661479
0.630716
0.629317
0.621567
0.623177
0.63113
0.630964
0.630564
0.631502
0.62147
0.62552
0.628158
0.63148
0.629926
0.622208
0.623601
0.631532
0.631483
0.631385
0.632284
0.622212
0.626332
0.616047
0.628922
0.66749
0.66864
0.659819
0.67066
0.67043
0.664131
0.663896
0.653974
0.658936
0.661466
0.683754
0.683791
0.684108
0.6841
0.682769
0.682858
0.673199
0.68234
0.682588
0.676785
0.678425
0.666168
0.675838
0.678035
0.668955
0.678637
0.678974
0.680003
0.680008
0.645924
0.644385
0.634612
0.626343
0.635976
0.640168
0.649602
0.651379
0.642932
0.654183
0.645719
0.653782
0.658049
0.682842
0.682227
0.926902
0.988607
0.638834
0.625806
0.619128
0.62302
0.624722
0.926197
0.93945
0.896322
1.00809
0.331356
0.346444
0.35204
0.361936
0.366548
0.352058
0.382739
0.367199
0.372197
0.380198
0.388678
0.397392
0.389661
0.383852
0.407601
0.401344
0.392688
0.394533
0.410931
0.412838
0.395987
0.395373
0.414448
0.413803
0.395982
0.395383
0.414443
0.413814
0.392715
0.394547
0.410959
0.412854
0.389667
0.383912
0.407602
0.401405
0.372251
0.380251
0.388727
0.397445
0.366591
0.352083
0.382773
0.367207
0.331316
0.346456
0.351962
0.361924
1.01101
0.330183
0.32426
0.337782
0.34804
0.361844
0.362928
0.392246
0.372308
0.372084
0.403621
0.406332
0.374724
0.37448
0.406046
0.370655
0.369182
0.400678
0.386362
0.358732
0.355735
0.358728
0.355696
0.402445
0.370697
0.369193
0.374833
0.374581
0.404131
0.372377
0.372106
0.361797
0.362896
0.33023
0.324299
0.337835
0.322284
0.344847
0.932072
0.347553
0.362881
0.351811
0.343034
0.378639
0.368434
0.389652
0.391006
0.396229
0.365806
0.364098
0.394368
0.392319
0.401895
0.40176
0.405765
0.374002
0.373168
0.404746
0.403963
0.402991
0.404822
0.404535
0.374285
0.374249
0.404299
0.404267
0.400002
0.398245
0.39849
0.367453
0.36814
0.396212
0.397066
0.386245
0.382501
0.368749
0.355856
0.355754
0.382924
0.382359
0.322246
0.344758
0.337872
0.34319
0.353139
0.357903
0.362214
0.357598
0.37803
0.373276
0.368683
0.355807
0.355712
0.386242
0.382458
0.382869
0.382313
0.374979
0.3778
0.391851
0.394866
0.387743
0.385555
0.405581
0.403194
0.367425
0.368152
0.399455
0.400045
0.398256
0.396179
0.397078
0.391989
0.393386
0.410122
0.411647
0.395766
0.395398
0.414221
0.413808
0.406017
0.374379
0.374349
0.404945
0.404649
0.404404
0.404378
0.395766
0.395405
0.414221
0.413815
0.392007
0.393403
0.410137
0.411664
0.37409
0.373272
0.404824
0.401974
0.401788
0.404061
0.403109
0.387782
0.385593
0.40562
0.403231
0.375024
0.377854
0.39189
0.394918
0.396257
0.365819
0.364089
0.389601
0.390973
0.394385
0.392309
0.362257
0.357624
0.378063
0.373286
0.337851
0.343184
0.353092
0.357874
0.351864
0.343082
0.355143
0.347597
0.362938
0.378698
0.368487
0.319058
0.245654
0.234175
0.230676
0.244187
0.235639
0.232908
0.276646
0.265932
0.275541
0.34166
0.340503
0.277422
0.265188
0.274317
0.510019
0.281632
0.269548
0.280285
0.281264
0.269895
0.280899
0.292448
0.280601
0.296413
0.354626
0.354099
0.292903
0.280171
0.295645
0.526922
0.295477
0.282236
0.298503
0.29465
0.283004
0.299874
0.297129
0.284622
0.301839
0.358289
0.358307
0.297145
0.284607
0.301815
0.533536
0.297124
0.284617
0.30183
0.29714
0.284603
0.301806
0.295487
0.282254
0.298521
0.356165
0.357027
0.294668
0.283014
0.299882
0.533552
0.292461
0.280608
0.296416
0.29291
0.280185
0.295653
0.281681
0.269595
0.280352
0.345038
0.345342
0.281312
0.269942
0.280965
0.526942
0.27669
0.265982
0.275607
0.277473
0.265232
0.274379
0.245677
0.234197
0.230706
0.296684
0.30033
0.235664
0.232943
0.244208
0.508783
0.319019
0.357599
0.377958
0.354718
0.381163
0.373764
0.421664
0.40258
0.39883
0.377163
0.426119
0.439243
0.382602
0.408098
0.382476
0.408259
0.386015
0.443942
0.413163
0.412177
0.386852
0.394717
0.421313
0.394117
0.421951
0.395768
0.423503
0.423227
0.396007
0.457309
0.458397
0.396902
0.424584
0.396956
0.424519
0.396452
0.457873
0.423926
0.423999
0.39638
0.391521
0.419237
0.392241
0.41838
0.388628
0.414956
0.415089
0.388511
0.447254
0.432507
0.377704
0.40501
0.37954
0.402881
0.380056
0.431546
0.405939
0.405008
0.380657
0.334362
0.260998
0.251655
0.255487
0.250299
0.253369
0.262401
0.346558
0.330311
0.357385
0.35267
0.362207
0.366367
0.411128
0.26801
0.256201
0.261414
0.328987
0.25696
0.262721
0.267229
0.33069
0.349874
0.365924
0.336337
0.354136
0.387169
0.41593
0.382095
0.41527
0.37124
0.417175
0.369613
0.419066
0.446948
0.407301
0.443036
0.410829
0.484935
0.468808
0.434479
0.430344
0.473726
0.3777
0.405018
0.43481
0.379545
0.402875
0.380013
0.405888
0.38061
0.404962
0.495166
0.47333
0.437179
0.434672
0.476268
0.474498
0.437638
0.477609
0.43638
0.373377
0.286134
0.274639
0.28782
0.274193
0.287041
0.2866
0.379873
0.362489
0.393081
0.390164
0.424513
0.397092
0.402196
0.432577
0.289167
0.276783
0.290635
0.350988
0.277058
0.291131
0.288877
0.351241
0.371197
0.389277
0.384359
0.412691
0.44488
0.407222
0.444513
0.406241
0.401958
0.438416
0.479988
0.440462
0.440679
0.479775
0.513417
0.485612
0.44649
0.445318
0.486906
0.451305
0.391573
0.419262
0.39227
0.418438
0.388617
0.447469
0.414924
0.388483
0.415077
0.493294
0.453491
0.452501
0.4944
0.489086
0.448425
0.488889
0.448603
0.393817
0.296168
0.283838
0.300995
0.283694
0.300748
0.296321
0.3944
0.375709
0.416153
0.412168
0.412722
0.418071
0.45094
0.296795
0.284204
0.30132
0.35791
0.284287
0.301463
0.296709
0.35805
0.377013
0.395975
0.376434
0.395419
0.419774
0.453112
0.414439
0.453103
0.419115
0.452348
0.41384
0.452383
0.497537
0.45581
0.456502
0.496832
0.534397
0.49924
0.458401
0.458077
0.499594
0.397016
0.424711
0.458583
0.39707
0.424645
0.396553
0.424034
0.396478
0.424111
0.5362
0.500999
0.4598
0.45972
0.501085
0.500319
0.45901
0.500236
0.45909
0.395968
0.296801
0.284211
0.301326
0.284292
0.301467
0.296716
0.395428
0.376443
0.419769
0.414431
0.453095
0.413849
0.419126
0.452392
0.296178
0.283847
0.301002
0.357734
0.283704
0.300757
0.296329
0.357594
0.373947
0.393831
0.394415
0.416182
0.449017
0.412182
0.450393
0.418087
0.412737
0.450957
0.500845
0.459657
0.459577
0.50093
0.53621
0.500184
0.458889
0.458965
0.500106
0.455516
0.394778
0.421398
0.394195
0.42202
0.395874
0.457173
0.423599
0.396095
0.423344
0.497623
0.455905
0.456581
0.496932
0.499383
0.458506
0.499703
0.45821
0.389297
0.28921
0.276828
0.290698
0.2771
0.291193
0.288924
0.384407
0.36589
0.412693
0.407244
0.402004
0.406301
0.43845
0.286181
0.274686
0.287884
0.349232
0.274238
0.287105
0.286648
0.348687
0.355227
0.373416
0.362545
0.379923
0.393123
0.422256
0.390196
0.42451
0.402246
0.432914
0.397137
0.432598
0.493227
0.453466
0.45244
0.494379
0.520155
0.489101
0.448462
0.448616
0.488925
0.382563
0.408044
0.438835
0.382426
0.408219
0.386019
0.413183
0.38687
0.412186
0.513413
0.479942
0.440405
0.440637
0.479715
0.485628
0.446513
0.48693
0.445332
0.365947
0.268063
0.256252
0.261492
0.257012
0.2628
0.267281
0.354159
0.336375
0.387193
0.382105
0.415218
0.369621
0.371229
0.418962
0.261043
0.251703
0.255558
0.324303
0.250344
0.253437
0.26245
0.321868
0.311068
0.334324
0.346555
0.357267
0.416323
0.3526
0.395769
0.366335
0.362181
0.41097
0.473336
0.437169
0.434679
0.476257
0.474552
0.437694
0.436429
0.47767
0.392682
0.357648
0.378009
0.354765
0.381217
0.373817
0.42173
0.402638
0.377218
0.39889
0.447014
0.407356
0.443096
0.410888
0.468883
0.434546
0.473798
0.43041
0.327648
0.341518
0.332742
0.362054
0.391452
0.362268
0.37301
0.404417
0.372597
0.406352
0.374709
0.406102
0.374499
0.370092
0.369478
0.384729
0.357323
0.356141
0.342045
0.257513
0.267835
0.255701
0.270384
0.248949
0.240944
0.240471
0.238799
0.237105
0.251167
0.274855
0.26291
0.271078
0.338227
0.339078
0.26348
0.272037
0.274264
0.290485
0.386335
0.306741
0.291323
0.30583
0.382156
0.382985
0.504846
0.560327
0.557737
0.542718
0.502222
0.552984
0.555307
0.545714
0.384709
0.357317
0.356132
0.536497
0.568342
0.569505
0.490703
0.582349
0.578616
0.540054
0.295862
0.311128
0.295424
0.311687
0.282431
0.271141
0.282827
0.270665
0.28201
0.282922
0.291745
0.279175
0.294123
0.353044
0.35345
0.279506
0.294722
0.291395
0.307412
0.324668
0.307906
0.324124
0.400684
0.401127
0.528936
0.581167
0.569333
0.540392
0.577531
0.598202
0.401842
0.370147
0.369517
0.526626
0.617828
0.618474
0.52554
0.56878
0.567691
0.527645
0.310698
0.326718
0.309793
0.327717
0.295013
0.282181
0.298461
0.28259
0.299259
0.294554
0.296983
0.284444
0.301554
0.358022
0.358077
0.28447
0.301598
0.296957
0.312421
0.406423
0.329548
0.312439
0.329527
0.406129
0.406187
0.530563
0.623758
0.624049
0.572615
0.571813
0.531329
0.623962
0.624751
0.406443
0.374817
0.374602
0.533869
0.628479
0.628465
0.536758
0.57567
0.575323
0.534197
0.312416
0.329542
0.312433
0.329522
0.296982
0.284445
0.301553
0.284469
0.301595
0.296957
0.29502
0.282199
0.298486
0.355748
0.356452
0.282598
0.299258
0.294574
0.310707
0.326738
0.309813
0.327727
0.403636
0.404409
0.533733
0.575516
0.575178
0.534053
0.628819
0.628714
0.405067
0.373069
0.372601
0.53058
0.623826
0.624072
0.533103
0.572681
0.571833
0.531392
0.307424
0.324674
0.307913
0.324137
0.291758
0.279202
0.294155
0.27952
0.294734
0.291424
0.282478
0.271188
0.282893
0.346224
0.345683
0.270712
0.282076
0.282971
0.295911
0.390511
0.311182
0.295476
0.311737
0.392235
0.391455
0.526577
0.617815
0.618411
0.568721
0.567639
0.527591
0.621139
0.619678
0.390951
0.362009
0.362246
0.528895
0.60655
0.607073
0.506449
0.581114
0.569288
0.540343
0.290531
0.306794
0.291375
0.305876
0.2749
0.262965
0.27116
0.263525
0.272099
0.274321
0.248978
0.240978
0.240521
0.310956
0.305992
0.238828
0.237148
0.251201
0.257534
0.267849
0.255719
0.270402
0.348108
0.341576
0.536507
0.58234
0.578622
0.540049
0.574646
0.571772
0.334799
0.32769
0.332788
0.504944
0.560426
0.557835
0.480691
0.542829
0.545833
0.502313
0.342003
0.388089
0.35164
0.401305
0.361174
0.387891
0.363837
0.384847
0.357612
0.407723
0.348887
0.345698
0.417198
0.370224
0.391856
0.413502
0.367559
0.394916
0.375152
0.371523
0.438898
0.389911
0.439685
0.382893
0.409564
0.38368
0.408644
0.390209
0.440731
0.365149
0.364497
0.385286
0.41088
0.442335
0.384891
0.411343
0.445001
0.393563
0.392796
0.454509
0.402669
0.394224
0.421095
0.393852
0.421442
0.402258
0.454553
0.373828
0.405602
0.373276
0.404964
0.395147
0.422417
0.456072
0.395052
0.422533
0.403756
0.403121
0.458433
0.4048
0.458086
0.39665
0.424245
0.396659
0.424235
0.404556
0.458064
0.374383
0.374164
0.396234
0.423914
0.457721
0.396365
0.423763
0.457746
0.404406
0.404163
0.45214
0.399317
0.450313
0.390786
0.417197
0.390487
0.417551
0.398598
0.449863
0.3676
0.398741
0.36771
0.388797
0.415942
0.448406
0.389339
0.415306
0.396387
0.396544
0.434812
0.384501
0.376199
0.400242
0.375442
0.401161
0.383084
0.429822
0.356305
0.369649
0.357487
0.377727
0.377674
0.399522
0.429453
0.374849
0.402274
0.431078
0.383446
0.384194
0.612565
0.827195
0.754173
0.288022
0.278989
0.28227
0.284321
0.33646
0.2579
0.246112
0.247533
0.256637
0.247348
0.249535
0.273784
0.289467
0.287829
0.275297
0.346314
0.328451
0.30643
0.302397
0.300683
0.308104
0.352744
0.357495
0.393598
0.361194
0.361928
0.269825
0.259764
0.266982
0.335905
0.270935
0.258697
0.265191
0.333835
0.281315
0.294923
0.280421
0.296029
0.380675
0.325953
0.320771
0.319855
0.326794
0.363421
0.315382
0.308178
0.313943
0.30947
0.356715
0.341463
0.379483
0.382269
0.411043
0.412702
0.372351
0.377607
0.409401
0.488605
0.485297
0.451118
0.418131
0.414677
0.455159
0.519693
0.5636
0.566311
0.480267
0.567133
0.561502
0.525018
0.572637
0.46396
0.422428
0.425961
0.460006
0.507196
0.569592
0.510771
0.369581
0.356257
0.377658
0.357441
0.384494
0.430655
0.376189
0.400208
0.429773
0.37541
0.401151
0.383074
0.431013
0.383394
0.431576
0.377637
0.399477
0.374808
0.402232
0.384143
0.429395
0.530511
0.567756
0.570973
0.575146
0.571936
0.533898
0.57867
0.576605
0.515881
0.574669
0.571769
0.519325
0.470957
0.431508
0.432665
0.469538
0.517491
0.517995
0.47103
0.430606
0.433284
0.46843
0.332345
0.325493
0.326144
0.331628
0.374758
0.357619
0.285044
0.272804
0.284964
0.28468
0.273155
0.285581
0.300637
0.317341
0.316791
0.30114
0.378253
0.337924
0.332109
0.331569
0.338408
0.391672
0.396566
0.395388
0.399622
0.430775
0.28971
0.277955
0.29255
0.351903
0.290103
0.277579
0.291882
0.35148
0.303903
0.398451
0.319959
0.303578
0.32034
0.345945
0.339964
0.339418
0.346437
0.388106
0.34178
0.334964
0.341376
0.335369
0.385318
0.405968
0.410653
0.44262
0.443127
0.402995
0.40819
0.439802
0.439646
0.528335
0.523894
0.480771
0.442317
0.441212
0.482125
0.519833
0.511655
0.561829
0.56064
0.52095
0.484482
0.443778
0.444342
0.48379
0.533305
0.612189
0.610577
0.534736
0.398721
0.367591
0.398973
0.367713
0.452183
0.399376
0.450362
0.390822
0.417208
0.390498
0.41759
0.398641
0.449874
0.447213
0.396377
0.447722
0.388797
0.415955
0.448419
0.389352
0.415306
0.396546
0.524186
0.615095
0.521568
0.564731
0.565124
0.523817
0.54157
0.621163
0.619751
0.542808
0.492236
0.451065
0.451518
0.491734
0.537009
0.614397
0.536785
0.61465
0.48942
0.449669
0.448895
0.490275
0.349835
0.342225
0.343286
0.348807
0.393192
0.295729
0.282999
0.299637
0.295427
0.283282
0.30014
0.31139
0.328593
0.32841
0.311556
0.393716
0.374616
0.350461
0.34413
0.34395
0.350627
0.411507
0.415324
0.449675
0.411979
0.416887
0.296712
0.284271
0.30139
0.357844
0.296772
0.284212
0.30129
0.357788
0.312067
0.329048
0.311975
0.329148
0.405936
0.351738
0.345181
0.345162
0.351755
0.395762
0.351296
0.344655
0.351214
0.34475
0.395388
0.376475
0.41421
0.419553
0.452877
0.452854
0.413817
0.419113
0.452383
0.546101
0.545367
0.496969
0.455659
0.455971
0.49667
0.531798
0.625577
0.625795
0.53356
0.574004
0.57315
0.532607
0.627238
0.498396
0.45714
0.457284
0.49823
0.547944
0.626802
0.548332
0.406168
0.37448
0.405873
0.374262
0.404922
0.458225
0.396758
0.424363
0.458201
0.396765
0.424354
0.404672
0.457873
0.404515
0.457713
0.396336
0.424029
0.396469
0.423875
0.404273
0.457855
0.533331
0.627994
0.627752
0.575015
0.574766
0.533565
0.627987
0.628078
0.549835
0.629007
0.628901
0.549931
0.500637
0.459395
0.459383
0.500648
0.549098
0.549014
0.500043
0.459009
0.458829
0.500238
0.351732
0.345175
0.345156
0.351749
0.395761
0.3768
0.296716
0.284274
0.301391
0.296776
0.284216
0.301293
0.312072
0.329055
0.329153
0.311982
0.395394
0.351303
0.344663
0.344756
0.351223
0.414209
0.419553
0.413822
0.419121
0.452389
0.295741
0.283011
0.299649
0.356822
0.295439
0.283293
0.300151
0.35702
0.3114
0.405832
0.328602
0.311565
0.32842
0.349847
0.342247
0.343296
0.348832
0.393201
0.350474
0.34414
0.350638
0.343961
0.393733
0.411516
0.415338
0.44811
0.44968
0.411996
0.416905
0.44979
0.450121
0.549669
0.549763
0.500492
0.459262
0.459248
0.500505
0.533201
0.536226
0.574878
0.574628
0.533437
0.499906
0.458881
0.458702
0.500099
0.548952
0.627828
0.627914
0.548872
0.405676
0.373926
0.405042
0.373381
0.454607
0.402735
0.455039
0.394234
0.421134
0.393882
0.421454
0.402264
0.454591
0.457426
0.403868
0.456383
0.39526
0.422543
0.456216
0.395165
0.422658
0.403239
0.53194
0.625981
0.533579
0.574141
0.573301
0.532737
0.546188
0.62409
0.624842
0.545478
0.496987
0.455706
0.455988
0.496723
0.548098
0.627363
0.548447
0.626974
0.49855
0.457284
0.457427
0.498385
0.345962
0.339969
0.339433
0.346445
0.38813
0.28975
0.277989
0.292599
0.290138
0.277617
0.291934
0.303948
0.320011
0.320388
0.303627
0.385366
0.36744
0.341831
0.335019
0.335419
0.341433
0.405993
0.410693
0.443146
0.403043
0.408226
0.285092
0.272851
0.28503
0.347493
0.284728
0.273202
0.285647
0.347894
0.300687
0.317393
0.30119
0.316843
0.39385
0.332396
0.325549
0.326194
0.331685
0.3748
0.337978
0.332163
0.338464
0.331623
0.378298
0.360275
0.391707
0.396599
0.426642
0.426424
0.395429
0.39967
0.430795
0.541501
0.542788
0.492189
0.451054
0.451475
0.491721
0.524174
0.616141
0.615088
0.521592
0.564737
0.565109
0.523824
0.614438
0.489422
0.449653
0.448898
0.490259
0.53702
0.614666
0.536827
0.395466
0.365151
0.394419
0.364474
0.389865
0.439661
0.382871
0.409533
0.440691
0.383649
0.408621
0.390186
0.445027
0.393567
0.442928
0.385264
0.41087
0.384883
0.411324
0.392773
0.442326
0.519825
0.60825
0.609144
0.56184
0.560631
0.520959
0.612224
0.610592
0.528289
0.57746
0.598154
0.523831
0.480744
0.442283
0.441189
0.482094
0.533322
0.534764
0.484462
0.443771
0.444321
0.483784
0.325998
0.320825
0.3199
0.32685
0.363447
0.34593
0.26988
0.259815
0.267061
0.270987
0.258751
0.265271
0.281368
0.294978
0.296083
0.280475
0.356748
0.315434
0.308232
0.309523
0.313996
0.379497
0.38229
0.372369
0.377604
0.409319
0.257941
0.246151
0.247591
0.316706
0.256676
0.24739
0.249597
0.318992
0.273829
0.364402
0.289516
0.275346
0.287873
0.288033
0.278998
0.282284
0.284327
0.336428
0.30647
0.302445
0.308151
0.300725
0.346306
0.352682
0.357425
0.395807
0.393388
0.361164
0.361877
0.401839
0.407375
0.515887
0.519308
0.470971
0.431546
0.432677
0.469582
0.530561
0.494219
0.575187
0.571986
0.533938
0.471083
0.430656
0.433331
0.468487
0.517547
0.578741
0.576661
0.51806
0.361901
0.348934
0.358289
0.345743
0.388139
0.351688
0.401366
0.361225
0.387952
0.363893
0.384903
0.357665
0.407793
0.42619
0.375207
0.417256
0.370271
0.391912
0.413567
0.367611
0.39497
0.371574
0.519778
0.566399
0.479836
0.567224
0.561597
0.525102
0.488683
0.55308
0.5554
0.48537
0.451189
0.418198
0.41474
0.455234
0.507278
0.572725
0.51085
0.569685
0.464031
0.422489
0.426024
0.460077
0.632792
0.559337
0.594338
0.60065
0.600637
0.589276
0.554274
0.553338
0.227748
0.222093
0.290155
0.237363
0.233642
0.286852
0.224356
0.217527
0.589717
0.600647
0.594384
0.596434
0.559203
0.563455
0.227767
0.222118
0.237381
0.233652
0.224368
0.217538
0.545265
0.575197
0.597693
0.599573
0.599747
0.581873
0.549365
0.553482
0.373298
0.381804
0.350231
0.346151
0.821294
0.368269
0.302329
0.317469
0.358816
0.341364
0.661931
0.373249
0.350185
0.346106
0.88804
0.368222
0.402307
0.437711
0.825747
0.429917
0.396004
0.581853
0.599737
0.597712
0.575184
0.544752
0.302315
0.317446
0.35866
0.492392
0.341247
0.402361
0.437768
0.829469
0.429968
0.396049
0.693548
0.581823
0.697095
0.757832
0.609225
0.590998
0.65688
0.579069
0.624104
0.700418
0.690097
0.754408
0.772062
0.734943
0.568027
0.722547
0.7729
0.585331
0.590021
0.636594
0.637792
0.586719
0.588493
0.785593
0.627697
0.630895
0.631972
0.731444
0.594749
0.730551
0.789644
0.615682
0.617792
0.667246
0.66778
0.614229
0.619141
0.669065
0.790555
0.666106
0.668432
0.668942
0.732557
0.732128
0.796639
0.620033
0.623637
0.674172
0.620028
0.623652
0.797271
0.674614
0.674612
0.674551
0.726875
0.725454
0.784269
0.607112
0.609272
0.658392
0.657715
0.605906
0.610515
0.65914
0.659838
0.785786
0.661133
0.66122
0.660551
0.740301
0.551886
0.551996
0.736069
0.791049
0.570621
0.574363
0.620055
0.570687
0.574179
0.61983
0.794514
0.620721
0.31723
0.315612
0.301962
0.309242
0.624945
0.906616
0.743904
0.733902
0.322844
0.259904
0.24839
0.243695
0.253912
0.225735
0.274438
0.217502
0.210823
0.301928
0.317192
0.315577
0.309206
0.527183
0.490238
0.471018
0.498396
0.552329
0.740331
0.736078
0.791067
0.571034
0.574936
0.622712
0.620742
0.571198
0.574654
0.794556
0.622081
0.622794
0.621181
0.586766
0.726939
0.725521
0.78434
0.607086
0.609238
0.658367
0.657676
0.60587
0.610492
0.659108
0.785852
0.661128
0.661784
0.661205
0.660523
0.732746
0.732307
0.796831
0.620032
0.623631
0.674161
0.620023
0.623651
0.674349
0.797474
0.674612
0.674547
0.731517
0.730578
0.789674
0.615671
0.617782
0.667239
0.667761
0.614225
0.619131
0.668502
0.790631
0.666616
0.668457
0.567936
0.566735
0.734873
0.722493
0.772843
0.585219
0.589894
0.637623
0.58661
0.588363
0.63568
0.785519
0.630723
0.631778
0.554251
0.580032
0.693762
0.697513
0.755289
0.607133
0.58938
0.653193
0.57751
0.62447
0.749529
0.259913
0.248404
0.243702
0.253914
0.225743
0.217512
0.210831
0.527245
0.490359
0.471106
0.498441
0.545583
0.72011
0.714256
0.774087
0.562705
0.572341
0.63041
0.625044
0.564263
0.568199
0.779783
0.616483
0.616975
0.614435
0.57108
0.572839
0.717673
0.715766
0.765407
0.591619
0.593052
0.640897
0.639856
0.589774
0.594929
0.641958
0.766691
0.644745
0.645792
0.644896
0.643849
0.73346
0.732378
0.791774
0.616263
0.619305
0.668836
0.615797
0.619779
0.669402
0.669787
0.793025
0.670226
0.599781
0.734684
0.733486
0.800715
0.619358
0.622883
0.673399
0.619292
0.622938
0.796768
0.672922
0.673262
0.583876
0.58351
0.721412
0.722015
0.780917
0.602549
0.606389
0.654628
0.655456
0.602983
0.605902
0.654789
0.781715
0.649266
0.65196
0.65277
0.729736
0.727136
0.783293
0.573606
0.575453
0.621029
0.62293
0.571843
0.5766
0.78619
0.617116
0.615302
0.61873
0.620286
0.337529
0.338254
0.655786
0.357394
0.329627
0.270508
0.275994
0.269601
0.263697
0.327291
0.381759
0.33749
0.33821
0.357346
0.329588
0.549168
0.480617
0.472066
0.537866
0.728312
0.40851
0.379928
0.553492
0.555886
0.729699
0.727087
0.783252
0.574163
0.576113
0.623766
0.572442
0.577216
0.623857
0.786162
0.621064
0.583856
0.583502
0.721413
0.722033
0.780938
0.602544
0.60638
0.654616
0.655454
0.602968
0.605903
0.654799
0.781717
0.649236
0.651942
0.652759
0.734853
0.733657
0.800899
0.619352
0.622869
0.673253
0.673389
0.619277
0.622932
0.796949
0.672901
0.67266
0.673256
0.596364
0.733625
0.732562
0.791969
0.61628
0.61932
0.669266
0.668858
0.615812
0.619795
0.669426
0.669797
0.7932
0.670469
0.670755
0.670592
0.670255
0.572809
0.717688
0.715756
0.765396
0.591575
0.592968
0.639761
0.589706
0.594871
0.641889
0.766705
0.643802
0.544109
0.720215
0.714387
0.774087
0.561935
0.570973
0.628472
0.623462
0.563159
0.567225
0.779833
0.6156
0.615992
0.613575
0.270512
0.275996
0.269601
0.263696
0.327307
0.549259
0.480688
0.472123
0.537932
0.727857
0.408564
0.379979
0.7948
0.776262
0.791125
1.43206
1.09391
1.45754
0.829218
1.52282
0.770435
1.50506
0.80784
1.49515
0.782741
1.45029
0.797409
1.45914
0.807366
1.45925
0.799851
1.4799
0.833999
1.47326
0.836424
1.47316
0.840232
1.47266
0.838024
1.49397
0.850728
1.49363
0.849198
1.46879
0.843055
1.48914
0.847566
1.48002
0.829478
1.47875
0.824587
1.47898
0.811038
1.48204
0.821747
1.51567
0.779379
1.50511
0.778915
1.51102
0.769959
1.498
0.779139
1.5159
0.779984
1.50525
0.780057
1.5111
0.771146
1.49809
0.780304
1.48003
0.829481
1.47884
0.824548
1.47899
0.811026
1.48212
0.821753
1.4943
0.850718
1.49395
0.849186
1.46907
0.843011
1.48945
0.847545
1.48007
0.834075
1.47341
0.836402
1.47331
0.840256
1.47296
0.838042
1.49495
0.782294
1.45017
0.797179
1.45913
0.807278
1.45918
0.799681
1.35736
1.0479
1.45516
0.822784
1.52267
0.769145
1.50368
0.802681
0.672632
0.753675
0.735707
0.641797
0.713303
0.766762
0.763309
0.873644
0.673366
0.730802
0.916185
0.74297
0.929369
0.93231
0.640518
0.698426
0.738691
0.743974
0.867632
0.863022
0.895208
0.919998
0.624252
0.731651
0.584378
0.719023
0.665511
0.703368
0.691409
0.855652
1.04911
0.792997
0.967198
1.23862
0.889608
0.937977
1.35508
1.48065
1.43153
1.16729
1.06176
0.741708
0.755036
0.769491
1.0596
0.826784
0.795859
0.803475
1.43221
1.10094
0.998304
0.978137
1.4354
0.970226
1.43043
0.982651
1.05657
0.936803
0.983985
0.967077
1.05612
0.874442
0.884699
0.855588
0.906463
1.43352
0.841002
0.764367
0.7805
1.448
0.916535
1.43073
0.927156
1.07308
0.700143
0.734139
0.70851
0.724361
1.07633
0.712403
0.716286
0.689228
1.51988
0.774186
1.45954
0.783008
0.714222
0.714631
1.45669
0.786623
1.44757
0.819248
0.743724
0.732904
1.50824
0.778156
1.4492
0.790499
1.09096
0.706882
0.70737
0.684271
1.08513
0.684923
0.709454
0.707699
1.0588
0.70807
0.731371
0.731176
1.06537
0.728443
0.705539
0.729188
1.43631
0.795626
0.726597
0.727856
1.48237
0.790019
1.42739
0.802661
1.09092
0.697202
0.719197
0.720184
0.696545
1.08211
0.701225
0.724937
0.701834
0.72398
1.39747
0.809924
0.739258
0.738888
1.45292
0.793117
1.40378
0.805856
1.0596
0.71152
0.734375
0.711259
0.734887
1.05983
0.737281
0.737068
0.713825
1.45672
0.80539
1.40668
0.819826
0.748438
0.74838
1.40489
0.817997
1.40501
0.812515
0.742053
0.742793
1.45851
0.803792
1.4043
0.816318
1.06299
0.740411
0.740467
0.716878
1.06167
0.715837
0.739214
0.73933
1.08225
0.741646
0.765458
0.765831
1.08278
0.767068
0.742893
0.76682
1.44807
0.845701
0.771884
0.77257
1.47942
0.837942
1.44748
0.849538
1.08428
0.740035
0.763673
0.764156
0.739751
1.08427
0.742569
0.766729
0.742534
0.766657
1.44292
0.848092
0.773896
0.774284
1.47449
0.838175
1.44419
0.849813
1.08407
0.742983
0.767222
0.743069
0.767197
1.08414
0.767822
0.767929
0.743587
1.4726
0.839719
1.44487
0.85193
0.777494
0.777541
1.44486
0.851485
1.44389
0.849772
0.775607
0.775657
1.47226
0.838853
1.44396
0.850581
1.0858
0.768996
0.769068
0.74473
1.08531
0.744459
0.768787
0.768702
1.09117
0.749161
0.77367
0.773679
1.09078
0.773879
0.749332
0.773873
1.47997
0.860507
0.783211
0.78321
1.52159
0.850531
1.50801
0.860347
1.09232
0.749714
0.774284
0.774273
0.749717
1.11477
0.749649
0.774209
0.749656
0.774206
1.47767
0.859296
0.782494
0.782544
1.49254
0.850072
1.47742
0.85993
1.09024
0.748132
0.772572
0.748105
0.77257
1.08483
0.772403
0.772375
0.747998
1.46541
0.844844
1.44351
0.854703
0.78004
0.780164
1.44628
0.856059
1.47106
0.857848
0.781355
0.781328
1.4889
0.845719
1.45956
0.856688
1.08516
0.771529
0.771578
0.747229
1.0858
0.74776
0.772102
0.772122
1.07786
0.731022
0.754657
0.754938
1.07832
0.75655
0.732574
0.75657
1.44641
0.840984
0.767089
0.767174
1.47873
0.828615
1.44513
0.840129
1.0818
0.734909
0.758718
0.758855
0.734705
1.0802
0.734063
0.758111
0.734207
0.758054
1.44365
0.836154
0.762805
0.763262
1.47876
0.827309
1.4438
0.838744
1.07659
0.727941
0.751541
0.727695
0.75169
1.07624
0.750621
0.750723
0.726971
1.47617
0.817066
1.42545
0.823645
0.752397
0.753391
1.42506
0.829099
1.44295
0.833223
0.759825
0.759886
1.48485
0.819458
1.44328
0.831357
1.07794
0.744599
0.745332
0.721262
1.08031
0.724612
0.748448
0.748137
1.08673
0.690631
0.714418
0.71368
1.09006
0.713319
0.690304
0.713806
1.44667
0.792088
0.722791
0.722679
1.51505
0.778019
1.44576
0.790833
1.09728
0.692308
0.715077
0.715099
0.692118
1.0962
0.691076
0.714186
0.691377
0.714031
1.43919
0.791564
0.722092
0.721466
1.50752
0.777698
1.44094
0.79041
1.08039
0.692251
0.714551
0.691555
0.715024
1.08082
0.713607
0.71424
0.691231
1.50483
0.77404
1.44985
0.782653
0.714341
0.714616
1.4438
0.786704
1.43546
0.791762
0.722247
0.722523
1.49838
0.776535
1.43636
0.789343
1.08916
0.707256
0.70732
0.684971
1.08383
0.687838
0.710772
0.710048
1.08677
0.691464
0.715361
0.714568
1.09012
0.71408
0.691012
0.714622
1.44687
0.792688
0.723314
0.723233
1.51528
0.778843
1.44595
0.791642
1.09741
0.692797
0.715574
0.715623
1.0963
0.691642
0.714839
0.691981
0.714646
1.4393
0.792694
0.723079
0.722397
1.50769
0.778638
1.44108
0.791337
1.08039
0.693174
0.715541
0.69249
0.71599
1.08081
0.714502
0.69208
0.715167
1.44989
0.783802
0.715326
0.715604
1.50488
0.775128
1.44383
0.787779
1.08913
0.708178
0.708251
1.08381
0.688663
0.711679
0.710931
1.43553
0.79292
0.723276
0.723523
1.49844
0.777588
1.43641
0.790386
1.07791
0.730989
0.754624
0.754906
1.07842
0.756525
0.732547
0.756543
1.4464
0.84099
0.767093
0.767177
1.47883
0.828585
1.44522
0.840102
1.08178
0.734914
0.758721
0.758858
1.08028
0.734036
0.758088
0.734184
0.758031
1.44373
0.836118
0.762773
0.763232
1.47892
0.827282
1.44394
0.838719
1.07663
0.727937
0.751544
0.727693
0.751691
1.07628
0.750624
0.726974
0.750739
1.42545
0.823634
0.752381
0.753365
1.47622
0.817058
1.42509
0.829095
1.07792
0.744579
0.745304
1.08032
0.724593
0.748442
0.748121
1.44301
0.83323
0.75983
0.759886
1.48492
0.819451
1.44333
0.831356
1.09141
0.749152
0.773662
0.773669
1.09102
0.773874
0.749328
0.773873
1.48029
0.860496
0.783201
0.783206
1.52194
0.850532
1.50835
0.860348
1.09258
0.749711
0.774274
0.77427
1.11504
0.749646
0.774213
0.749659
0.774203
1.47798
0.859285
0.782485
0.782535
1.49285
0.850068
1.47773
0.859927
1.09048
0.748118
0.772553
0.748085
0.772556
1.08507
0.772396
0.747992
0.772364
1.44379
0.854663
0.780007
0.780135
1.46571
0.844826
1.44657
0.856042
1.08538
0.771497
0.771549
1.08604
0.747749
0.772086
0.77211
1.47137
0.857829
0.781337
0.781313
1.48921
0.845708
1.45986
0.856679
1.08238
0.741626
0.765441
0.765803
1.08282
0.767059
0.742884
0.766813
1.44824
0.845774
0.771948
0.772649
1.47951
0.837967
1.44758
0.84956
1.08443
0.740104
0.763736
0.764232
1.08435
0.742588
0.76675
0.742556
0.766671
1.44308
0.84807
0.773878
0.774254
1.47453
0.83817
1.44425
0.849805
1.08432
0.743002
0.767236
0.743083
0.767215
1.08439
0.767845
0.74361
0.767942
1.44503
0.851953
0.777518
0.777561
1.47287
0.839744
1.44513
0.851508
1.08593
0.76902
0.769087
1.08553
0.744486
0.768808
0.768727
1.4442
0.849789
0.775622
0.775674
1.47256
0.838873
1.44427
0.850601
1.05874
0.70789
0.731176
0.730984
1.06529
0.728248
0.705357
0.728988
1.43614
0.795187
0.726227
0.727536
1.48218
0.789745
1.42724
0.802383
1.0908
0.696911
0.718853
0.719874
1.08201
0.701009
0.724706
0.70162
0.723743
1.39738
0.809691
0.739053
0.738688
1.45278
0.79289
1.40366
0.805626
1.05957
0.711398
0.734236
0.711131
0.734757
1.05981
0.737177
0.713732
0.736958
1.40669
0.819735
0.74836
0.748301
1.4567
0.805287
1.4049
0.817892
1.06302
0.740339
0.740389
1.06168
0.715767
0.73913
0.73925
1.40495
0.812344
0.741906
0.742657
1.45844
0.803665
1.40425
0.816189
1.06064
0.736093
0.751298
0.763437
1.05776
0.826725
0.79798
0.796837
1.327
1.05966
0.962543
0.95732
1.45172
0.947475
1.44004
0.961208
1.43223
0.835279
0.759978
0.773667
1.4471
0.902815
1.42864
0.916078
1.07297
0.698164
0.731095
0.722042
1.07657
0.711003
0.71454
1.45957
0.78177
0.713166
0.713541
1.51961
0.77238
1.45674
0.784956
1.09104
0.683951
0.705902
0.683377
0.706367
1.08522
0.683965
0.708269
0.685547
0.706616
1.44756
0.814602
0.740135
0.730208
1.50739
0.77593
1.44944
0.78847
1.14286
1.09494
1.16929
1.427
0.719305
0.887199
0.655146
0.685757
0.519552
0.598828
0.640285
1.15651
1.0537
1.05555
1.05714
1.07756
1.24661
1.02867
1.23603
1.26227
1.23694
1.17354
1.06758
1.44089
1.07144
1.45685
1.3646
1.44093
1.30238
1.0551
1.02296
1.05895
1.02266
1.05541
1.05348
1.05351
1.08556
1.09041
0.993353
1.08654
1.11143
1.13289
0.778585
0.753668
0.784606
0.800473
0.869083
1.09443
0.770096
0.815813
0.871793
0.94463
1.18047
0.895715
0.959059
1.09898
0.879045
0.937675
1.37209
0.895607
1.23447
1.12818
1.3691
1.54638
1.46543
1.47743
1.28279
1.34932
1.49015
1.26864
1.36903
1.48316
1.47598
1.59257
1.32176
0.648016
0.665624
0.703977
0.654647
0.719428
0.835104
0.653404
0.685119
0.648242
0.711273
0.731832
0.626783
0.610398
0.49828
0.584407
0.636582
0.661321
0.978242
0.970982
0.985747
1.00423
0.974687
1.00812
0.97243
0.974909
0.995436
0.997183
0.997246
0.999074
1.00216
1.00327
1.00186
0.998754
0.990941
0.994725
0.989664
0.988265
1.00143
1.01334
0.995356
1.00397
1.00145
1.01345
0.995352
1.00394
0.990986
0.99471
0.989691
0.988245
1.00239
1.00351
1.00208
0.998959
0.995552
0.997328
0.997481
0.999195
0.974634
1.00801
0.972398
0.974937
0.976933
0.985464
1.0043
0.971787
0.975572
0.97073
0.989178
0.997429
0.982953
0.998565
0.972369
0.973853
0.995923
0.997185
0.997345
0.998538
1.00188
1.02437
0.996882
0.999319
0.991363
0.993175
0.989288
0.990833
1.00519
1.01236
0.995906
0.998415
1.00524
1.01244
0.995878
0.998391
0.991458
0.993253
0.989324
0.990844
1.00211
1.02462
0.997102
0.999536
0.995962
0.997266
0.997578
0.998746
0.982878
0.998467
0.972354
0.973867
0.973116
0.873123
0.896592
0.946914
0.899945
0.943161
1.04326
0.989324
0.997492
1.03614
0.984125
0.984847
1.03682
0.733984
0.963782
0.903469
0.668685
0.701527
0.84803
0.785845
0.635215
0.629617
0.625009
0.624048
0.646626
0.644238
0.636013
0.640587
0.649346
0.651935
0.654802
0.653346
0.677167
0.678072
0.675667
0.678248
0.678387
0.679181
0.680161
0.679765
0.683681
0.683827
0.684103
0.68405
0.682865
0.682731
0.682229
0.682721
0.667241
0.669034
0.671033
0.670077
0.664613
0.663487
0.658764
0.661814
0.629581
0.630293
0.631865
0.630168
0.63162
0.630949
0.624738
0.628604
0.630297
0.630945
0.63229
0.630656
0.632456
0.631724
0.625524
0.629377
0.667206
0.669013
0.67104
0.67005
0.664606
0.663498
0.658737
0.661801
0.683672
0.683829
0.684101
0.684048
0.682854
0.68272
0.682201
0.682713
0.677148
0.678066
0.675722
0.678269
0.678407
0.679193
0.680177
0.679791
0.646461
0.644077
0.635757
0.640398
0.649241
0.651846
0.654733
0.65329
0.664354
0.69152
1.05686
0.633487
0.628256
0.624118
0.623126
0.927502
0.946225
0.92868
0.999216
0.264922
0.292573
0.583035
0.67337
0.609502
0.647389
0.264836
0.29246
0.586186
0.672423
0.613398
0.646951
0.660589
0.374104
0.480269
0.517545
0.661074
0.37391
0.481642
0.519242
0.713058
0.730472
0.719674
0.737929
0.802123
0.795295
0.859342
0.836585
0.796503
0.882259
0.995714
1.03913
1.09627
0.923085
0.901445
0.9428
0.826983
0.359825
0.359717
0.920079
0.920079
1.3691
0.923653
0.923653
0.877789
0.877989
0.994932
0.868956
0.825747
0.999216
0.867035
0.829469
0.876592
0.8768
0.874551
0.874748
0.991146
1.00056
0.877031
0.877655
0.877235
0.877872
)
;
    }
}


// ************************************************************************* //
