/*--------------------------------*- C++ -*----------------------------------*\
| =========                 |                                                 |
| \\      /  F ield         | OpenFOAM: The Open Source CFD Toolbox           |
|  \\    /   O peration     | Version:  2506                                  |
|   \\  /    A nd           | Website:  www.openfoam.com                      |
|    \\/     M anipulation  |                                                 |
\*---------------------------------------------------------------------------*/
FoamFile
{
    version     2.0;
    format      ascii;
    arch        "LSB;label=32;scalar=64";
    class       volScalarField;
    location    "79";
    object      omega;
}
// * * * * * * * * * * * * * * * * * * * * * * * * * * * * * * * * * * * * * //

dimensions      [0 0 -1 0 0 0 0];

internalField   nonuniform List<scalar> 
69740
(
288.228
272.787
256.266
239.984
224.699
210.653
197.861
186.262
175.765
166.272
157.682
149.901
142.841
136.425
130.583
125.253
120.383
115.925
111.837
108.082
104.627
101.442
98.503
95.7858
93.27
90.9376
88.772
86.7589
84.8849
83.1385
81.509
79.9869
78.5637
77.2316
75.9835
74.8132
73.715
72.6836
71.7152
70.8081
282.847
265.762
250.198
236.04
223.182
211.536
200.998
191.454
182.804
174.957
167.83
161.35
155.449
150.068
145.154
140.662
136.552
132.787
129.333
126.162
123.246
120.563
118.09
115.809
113.702
111.753
109.949
108.277
106.726
105.286
103.947
102.702
101.542
100.461
99.4524
98.5111
97.6318
96.8094
96.0391
95.3135
281.672
264.876
249.655
235.763
223.058
211.442
200.821
191.104
182.211
174.064
166.592
159.729
153.412
147.589
142.212
137.238
132.631
128.356
124.383
120.686
117.24
114.022
111.014
108.198
105.558
103.079
100.749
98.5568
96.4909
94.5422
92.7023
90.9632
89.3179
87.76
86.2837
84.8838
83.5554
82.2942
81.0964
79.9595
281.236
264.31
249.028
235.145
222.501
210.969
200.438
190.808
181.99
173.903
166.473
159.631
153.317
147.477
142.067
137.045
132.377
128.029
123.974
120.185
116.639
113.316
110.196
107.264
104.504
101.902
99.4457
97.1246
94.9282
92.8476
90.8744
89.0013
87.2213
85.5283
83.9167
82.3811
80.9169
79.5196
78.1852
76.9099
281.068
264.118
248.9
235.142
222.653
211.28
200.898
191.4
182.693
174.695
167.333
160.54
154.255
148.427
143.014
137.978
133.283
128.901
124.802
120.964
117.363
113.979
110.795
107.795
104.963
102.287
99.7546
97.3555
95.0797
92.9185
90.864
88.909
87.0468
85.2713
83.5768
81.9584
80.4112
78.931
77.5139
76.1567
280.989
264.038
248.872
235.203
222.819
211.557
201.281
191.882
183.264
175.346
168.053
161.319
155.082
149.293
143.909
138.895
134.215
129.841
125.746
121.906
118.299
114.906
111.709
108.693
105.843
103.146
100.592
98.1691
95.8689
93.6827
91.6025
89.6207
87.7307
85.9266
84.2028
82.5542
80.9764
79.465
78.0162
76.6271
280.949
264.002
248.873
235.27
222.97
211.8
201.621
192.316
183.788
175.954
168.739
162.074
155.898
150.16
144.821
139.843
135.194
130.846
126.77
122.944
119.347
115.959
112.764
109.746
106.892
104.19
101.629
99.1978
96.8872
94.6885
92.5939
90.5965
88.6898
86.8681
85.126
83.4586
81.8612
80.3298
78.8606
77.4505
280.927
263.985
248.885
235.331
223.096
212.001
201.9
192.674
184.223
176.463
169.319
162.719
156.601
150.915
145.621
140.683
136.07
131.752
127.703
123.901
120.324
116.955
113.777
110.775
107.936
105.246
102.695
100.271
97.9656
95.771
93.6795
91.684
89.7783
87.9566
86.2137
84.5447
82.9451
81.4108
79.938
78.5242
280.917
263.981
248.902
235.387
223.204
212.171
202.136
192.978
184.594
176.9
169.822
163.29
157.237
151.613
146.374
141.487
136.918
132.639
128.626
124.857
121.311
117.969
114.814
111.831
109.007
106.329
103.786
101.369
99.0681
96.8762
94.7855
92.7892
90.8813
89.056
87.3081
85.633
84.0262
82.4836
81.0013
79.5766
280.914
263.984
248.924
235.442
223.303
212.321
202.343
193.244
184.918
177.279
170.252
163.768
157.764
152.19
147.003
142.166
137.646
133.414
129.444
125.712
122.196
118.879
115.744
112.777
109.964
107.295
104.758
102.344
100.044
97.8508
95.7566
93.755
91.84
90.0062
88.2486
86.5624
84.9433
83.3874
81.8906
80.4494
280.917
263.995
248.953
235.501
223.403
212.468
202.541
193.493
185.217
177.628
170.645
164.198
158.226
152.683
147.524
142.712
138.211
133.994
130.034
126.309
122.798
119.484
116.349
113.381
110.565
107.891
105.348
102.927
100.618
98.4152
96.3104
94.2974
92.3704
90.5239
88.753
87.0532
85.4202
83.8502
82.3395
80.8847
280.927
264.014
248.994
235.574
223.517
212.63
202.755
193.759
185.535
177.994
171.061
164.665
158.747
153.255
148.144
143.375
138.913
134.728
130.794
127.092
123.6
120.302
117.18
114.223
111.416
108.749
106.211
103.793
101.487
99.285
97.1802
95.1663
93.2374
91.3882
89.6141
87.9103
86.273
84.6985
83.1834
81.7246
280.945
264.046
249.052
235.67
223.662
212.831
203.015
194.08
185.916
178.43
171.546
165.195
159.317
153.862
148.784
144.044
139.61
135.454
131.548
127.87
124.4
121.122
118.02
115.08
112.289
109.636
107.112
104.706
102.41
100.218
98.1219
96.1156
94.1935
92.3504
90.5816
88.8826
87.2495
85.6786
84.1665
82.7096
280.975
264.097
249.138
235.808
223.862
213.1
203.357
194.495
186.402
178.983
172.157
165.857
160.024
154.607
149.562
144.852
140.443
136.306
132.417
128.753
125.295
122.024
118.925
115.985
113.192
110.536
108.007
105.595
103.292
101.092
98.9867
96.971
95.0391
93.1858
91.4064
89.6967
88.0527
86.4707
84.9474
83.4795
281.026
264.18
249.275
236.015
224.151
213.476
203.82
195.044
187.033
179.689
172.933
166.694
160.915
155.546
150.543
145.869
141.492
137.384
133.519
129.877
126.437
123.184
120.103
117.178
114.398
111.753
109.233
106.83
104.535
102.341
100.242
98.2312
96.3037
94.4541
92.6779
90.9707
89.3287
87.7481
86.2255
84.7575
281.112
264.318
249.501
236.353
224.614
214.069
204.541
195.886
187.986
180.743
174.075
167.913
162.199
156.886
151.931
147.297
142.954
138.875
135.034
131.412
127.989
124.749
121.677
118.761
115.989
113.349
110.832
108.43
106.134
103.939
101.838
99.8248
97.8938
96.0405
94.2601
92.5485
90.9018
89.3166
87.7896
86.3181
281.285
264.586
249.897
236.889
225.292
214.887
205.496
196.971
189.193
182.062
175.497
169.428
163.8
158.564
153.678
149.107
144.821
140.792
136.998
133.418
130.033
126.827
123.788
120.9
118.155
115.54
113.046
110.667
108.392
106.216
104.133
102.137
100.222
98.384
96.6183
94.9207
93.2873
91.7146
90.1991
88.7367
281.606
265.221
250.949
238.337
227.082
216.968
207.82
199.496
191.883
184.888
178.434
172.458
166.907
161.735
156.902
152.377
148.128
144.132
140.365
136.809
133.444
130.257
127.234
124.361
121.627
119.024
116.541
114.171
111.906
109.739
107.663
105.674
103.766
101.935
100.176
98.4849
96.8585
95.2931
93.7859
92.3352
282.498
266.284
252.393
240.274
229.553
219.973
211.334
203.482
196.301
189.698
183.603
177.953
172.7
167.802
163.223
158.932
154.903
151.112
147.539
144.166
140.976
137.956
135.091
132.372
129.787
127.326
124.983
122.748
120.614
118.576
116.627
114.763
112.976
111.264
109.622
108.046
106.532
105.077
103.678
102.329
287.225
273.314
260.2
248.228
237.428
227.661
218.776
210.646
203.169
196.265
189.864
183.91
178.354
173.155
168.278
163.694
159.375
155.298
151.443
147.792
144.328
141.038
137.909
134.928
132.086
129.373
126.78
124.301
121.927
119.652
117.47
115.376
113.365
111.431
109.572
107.781
106.057
104.396
102.794
101.251
288.227
272.787
256.266
239.984
224.699
210.653
197.862
186.262
175.766
166.273
157.683
149.902
142.842
136.426
130.583
125.254
120.383
115.925
111.836
108.08
104.624
101.439
98.4986
95.7804
93.2638
90.9303
88.7638
86.7496
84.8746
83.127
81.4964
79.9731
78.5487
77.2153
75.966
74.7944
73.6948
72.6622
71.6923
70.7838
282.847
265.761
250.197
236.04
223.181
211.536
200.998
191.454
182.804
174.957
167.831
161.351
155.45
150.067
145.153
140.66
136.548
132.782
129.327
126.154
123.237
120.552
118.078
115.795
113.686
111.735
109.93
108.256
106.703
105.261
103.921
102.673
101.511
100.429
99.4183
98.475
97.5937
96.7694
95.997
95.2694
281.672
264.876
249.655
235.763
223.058
211.442
200.821
191.105
182.212
174.066
166.595
159.732
153.416
147.593
142.215
137.242
132.634
128.359
124.386
120.688
117.242
114.024
111.016
108.2
105.559
103.08
100.75
98.5576
96.4916
94.5429
92.7028
90.9637
89.3183
87.7604
86.284
84.8839
83.5553
82.294
81.0959
79.9586
281.236
264.31
249.028
235.145
222.501
210.969
200.438
190.809
181.991
173.905
166.475
159.634
153.32
147.481
142.07
137.048
132.379
128.031
123.975
120.185
116.639
113.315
110.196
107.263
104.502
101.9
99.4431
97.1215
94.9247
92.8437
90.87
88.9963
87.2157
85.522
83.9097
82.3734
80.9085
79.5105
78.1754
76.8995
281.068
264.118
248.9
235.142
222.653
211.28
200.899
191.401
182.694
174.698
167.337
160.544
154.26
148.433
143.019
137.982
133.287
128.904
124.805
120.965
117.364
113.979
110.795
107.794
104.961
102.285
99.7519
97.3521
95.0757
92.9138
90.8585
88.9025
87.0394
85.2629
83.5675
81.9482
80.4001
78.9191
77.5012
76.1433
280.989
264.038
248.872
235.203
222.819
211.557
201.281
191.882
183.265
175.349
168.058
161.325
155.089
149.299
143.915
138.899
134.219
129.844
125.748
121.907
118.299
114.905
111.708
108.69
105.839
103.142
100.587
98.1628
95.8611
93.6734
91.5916
89.6086
87.7175
85.9124
84.1876
82.5381
80.9593
79.4471
77.9975
76.6077
280.949
264.002
248.873
235.27
222.97
211.8
201.621
192.316
183.79
175.958
168.746
162.084
155.908
150.17
144.83
139.851
135.202
130.852
126.776
122.949
119.351
115.962
112.766
109.747
106.892
104.189
101.626
99.1939
96.8826
94.6832
92.5881
90.5902
88.6833
86.8613
85.119
83.4515
81.8541
80.3229
78.8538
77.4441
280.927
263.985
248.885
235.331
223.096
212.001
201.901
192.675
184.225
176.469
169.33
162.735
156.619
150.933
145.638
140.7
136.086
131.767
127.718
123.915
120.338
116.967
113.789
110.787
107.948
105.258
102.707
100.284
97.9801
95.7868
93.6967
91.7029
89.7991
87.9794
86.2387
84.572
82.9748
81.4431
79.9731
78.5622
280.917
263.981
248.902
235.387
223.204
212.171
202.136
192.978
184.596
176.908
169.841
163.319
157.273
151.654
146.419
141.535
136.97
132.694
128.685
124.92
121.378
118.041
114.891
111.913
109.094
106.421
103.883
101.471
99.1755
96.9887
94.9032
92.9121
91.0092
89.1891
87.4463
85.7763
84.1744
82.6367
81.1592
79.7392
280.914
263.984
248.924
235.441
223.303
212.321
202.343
193.243
184.919
177.287
170.273
163.805
157.82
152.266
147.1
142.281
137.779
133.565
129.61
125.891
122.387
119.081
115.956
112.998
110.194
107.532
105.001
102.593
100.299
98.1107
96.0209
94.0233
92.112
90.2815
88.5267
86.843
85.2262
83.672
82.1767
80.7365
280.917
263.995
248.953
235.501
223.402
212.467
202.539
193.489
185.214
177.628
170.67
164.244
158.291
152.771
147.64
142.855
138.38
134.185
130.245
126.536
123.039
119.736
116.611
113.649
110.839
108.169
105.629
103.21
100.904
98.702
96.5983
94.5861
92.6595
90.8133
89.0424
87.3423
85.7089
84.1382
82.6268
81.1708
280.927
264.014
248.994
235.573
223.516
212.629
202.751
193.754
185.528
177.988
171.058
164.67
158.762
153.28
148.18
143.421
138.97
134.796
130.874
127.184
123.704
120.418
117.308
114.363
111.568
108.912
106.386
103.979
101.684
99.492
97.3973
95.3931
93.4736
91.6335
89.868
88.1726
86.5434
84.9765
83.469
82.0174
280.945
264.046
249.052
235.67
223.662
212.83
203.012
194.076
185.909
178.423
171.539
165.19
159.316
153.864
148.788
144.052
139.622
135.469
131.567
127.893
124.427
121.152
118.054
115.117
112.33
109.681
107.16
104.758
102.466
100.278
98.1853
96.1828
94.2646
92.4255
90.6607
88.9659
87.337
85.7704
84.2627
82.8105
280.975
264.097
249.138
235.807
223.861
213.098
203.354
194.492
186.398
178.978
172.152
165.853
160.02
154.603
149.559
144.85
140.442
136.306
132.418
128.755
125.297
122.027
118.929
115.99
113.198
110.542
108.013
105.601
103.299
101.099
98.9941
96.9788
95.0472
93.1943
91.4154
89.7061
88.0626
86.4813
84.9587
83.4915
281.026
264.179
249.275
236.015
224.15
213.475
203.819
195.042
187.031
179.687
172.93
166.691
160.912
155.543
150.54
145.866
141.489
137.38
133.515
129.872
126.432
123.179
120.097
117.172
114.392
111.747
109.227
106.823
104.527
102.333
100.234
98.2226
96.2946
94.4447
92.6681
90.9607
89.3184
87.7376
86.2148
84.7465
281.112
264.318
249.501
236.353
224.614
214.068
204.54
195.885
187.985
180.742
174.074
167.912
162.199
156.886
151.93
147.297
142.954
138.874
135.033
131.41
127.987
124.747
121.675
118.759
115.986
113.346
110.83
108.427
106.132
103.937
101.835
99.8217
97.8907
96.0372
94.2566
92.5449
90.8982
89.3129
87.7859
86.3144
281.285
264.586
249.897
236.889
225.291
214.887
205.495
196.971
189.193
182.062
175.496
169.428
163.8
158.563
153.677
149.106
144.82
140.791
136.996
133.415
130.03
126.824
123.784
120.897
118.151
115.535
113.042
110.662
108.388
106.212
104.128
102.132
100.217
98.3784
96.6125
94.9147
93.2812
91.7083
90.1927
88.7303
281.606
265.221
250.949
238.337
227.082
216.968
207.82
199.496
191.883
184.888
178.434
172.459
166.908
161.735
156.903
152.377
148.128
144.132
140.365
136.808
133.444
130.256
127.232
124.359
121.626
119.022
116.539
114.169
111.904
109.736
107.661
105.672
103.764
101.933
100.173
98.4822
96.8555
95.2898
93.7823
92.3313
282.498
266.284
252.392
240.274
229.553
219.973
211.334
203.482
196.301
189.699
183.603
177.953
172.7
167.802
163.222
158.931
154.902
151.111
147.538
144.164
140.975
137.954
135.089
132.37
129.784
127.324
124.98
122.745
120.611
118.573
116.624
114.759
112.973
111.262
109.62
108.044
106.531
105.076
103.677
102.329
287.225
273.314
260.2
248.228
237.428
227.661
218.776
210.645
203.169
196.265
189.864
183.909
178.353
173.154
168.278
163.693
159.374
155.297
151.442
147.791
144.327
141.037
137.907
134.927
132.085
129.372
126.779
124.299
121.925
119.65
117.469
115.375
113.363
111.43
109.57
107.78
106.056
104.395
102.793
101.25
288.227
272.787
256.266
239.984
224.699
210.653
197.862
186.263
175.766
166.274
157.685
149.904
142.844
136.427
130.584
125.254
120.383
115.923
111.833
108.076
104.618
101.432
98.49
95.7702
93.2519
90.9167
88.7483
86.7321
84.8551
83.1055
81.4727
79.9473
78.5206
77.185
75.9333
74.7593
73.6573
72.6221
71.6498
70.7388
282.847
265.761
250.197
236.04
223.181
211.536
200.998
191.455
182.805
174.959
167.833
161.353
155.451
150.067
145.151
140.656
136.542
132.773
129.315
126.139
123.219
120.532
118.054
115.768
113.656
111.703
109.894
108.217
106.661
105.216
103.872
102.621
101.456
100.369
99.3558
98.4092
97.5245
96.6967
95.9209
95.1898
281.672
264.876
249.655
235.763
223.058
211.442
200.821
191.106
182.214
174.069
166.599
159.738
153.422
147.6
142.222
137.248
132.64
128.365
124.391
120.693
117.246
114.028
111.019
108.202
105.561
103.082
100.752
98.5589
96.4926
94.5436
92.7033
90.9639
89.3184
87.7604
86.2839
84.8837
83.5549
82.2933
81.0949
79.9571
281.236
264.31
249.028
235.145
222.501
210.97
200.439
190.81
181.993
173.908
166.48
159.641
153.327
147.488
142.077
137.054
132.384
128.035
123.978
120.187
116.64
113.315
110.194
107.26
104.499
101.895
99.4379
97.1155
94.9179
92.836
90.8616
88.987
87.2056
85.5109
83.8974
82.3599
80.8937
79.4944
78.158
76.8809
281.068
264.118
248.9
235.142
222.653
211.28
200.899
191.402
182.696
174.702
167.344
160.554
154.27
148.443
143.029
137.99
133.294
128.91
124.809
120.969
117.365
113.98
110.794
107.791
104.958
102.28
99.746
97.3451
95.0676
92.9046
90.848
88.8907
87.026
85.2478
83.5507
81.9296
80.3797
78.897
77.4774
76.1178
280.989
264.038
248.872
235.203
222.819
211.557
201.282
191.883
183.268
175.354
168.068
161.338
155.102
149.312
143.927
138.909
134.227
129.85
125.752
121.91
118.3
114.904
111.705
108.686
105.833
103.134
100.577
98.1515
95.8478
93.6576
91.573
89.5871
87.6934
85.8858
84.1588
82.5071
80.9263
79.412
77.9604
76.5686
280.949
264.002
248.873
235.27
222.97
211.8
201.621
192.317
183.793
175.966
168.761
162.104
155.93
150.192
144.85
139.87
135.219
130.867
126.789
122.96
119.36
115.969
112.772
109.751
106.894
104.188
101.622
99.1873
96.8732
94.6717
92.575
90.5758
88.6675
86.8444
85.101
83.4324
81.8341
80.302
78.8321
77.4215
280.927
263.986
248.885
235.331
223.096
212.001
201.901
192.676
184.229
176.481
169.355
162.769
156.655
150.969
145.672
140.731
136.114
131.793
127.742
123.937
120.358
116.986
113.806
110.802
107.962
105.273
102.723
100.301
97.9998
95.8093
93.7222
91.7317
89.8316
88.0158
86.2793
84.617
83.0245
81.4976
80.0326
78.6269
280.917
263.981
248.902
235.387
223.204
212.171
202.137
192.98
184.602
176.927
169.894
163.405
157.382
151.783
146.565
141.694
137.14
132.875
128.876
125.122
121.59
118.264
115.126
112.161
109.353
106.692
104.166
101.766
99.4823
97.3071
95.2328
93.2527
91.3607
89.5511
87.8186
86.1585
84.5662
83.0377
81.569
80.1575
280.914
263.984
248.924
235.441
223.303
212.32
202.342
193.243
184.924
177.313
173.539
166.613
157.765
152.298
147.203
142.451
138.01
133.853
129.952
126.285
122.831
119.571
116.49
113.571
110.804
108.175
105.675
103.294
101.024
98.8568
96.7858
94.8044
92.907
91.0882
89.3431
87.6672
86.0563
84.5063
83.0134
81.5738
280.917
263.995
248.953
235.501
223.401
212.465
202.535
193.483
185.209
177.657
174.033
167.277
158.348
152.994
148.05
143.448
139.138
135.083
131.257
127.637
124.207
120.951
117.857
114.914
112.112
109.441
106.896
104.471
102.156
99.9455
97.8315
95.8081
93.8697
92.011
90.2271
88.5136
86.8665
85.2819
83.7564
82.2858
280.927
264.014
248.993
235.573
223.514
212.625
202.745
193.744
185.515
177.979
171.148
164.838
158.977
153.53
148.465
143.742
139.329
135.196
131.318
127.674
124.242
121.005
117.946
115.049
112.303
109.696
107.215
104.853
102.601
100.45
98.3934
96.4252
94.5394
92.7307
90.9944
89.3261
87.7219
86.1785
84.6931
83.2633
280.945
264.046
249.051
235.669
223.66
212.826
203.006
194.067
185.897
178.41
171.532
165.194
159.332
153.891
148.825
144.097
139.674
135.528
131.634
127.968
124.511
121.245
118.157
115.23
112.454
109.816
107.307
104.916
102.637
100.461
98.3817
96.3927
94.4884
92.6635
90.9133
89.2334
87.62
86.0693
84.578
83.1428
280.975
264.096
249.138
235.806
223.859
213.096
203.35
194.486
186.39
178.97
172.144
165.846
160.016
154.601
149.559
144.852
140.446
136.312
132.426
128.764
125.308
122.04
118.945
116.007
113.217
110.563
108.036
105.626
103.326
101.128
99.0256
97.0128
95.084
93.234
91.4583
89.7524
88.1125
86.5349
85.0164
83.5536
281.026
264.179
249.275
236.014
224.149
213.473
203.816
195.039
187.026
179.682
172.925
166.687
160.908
155.538
150.535
145.86
141.483
137.373
133.508
129.865
126.424
123.17
120.087
117.162
114.383
111.738
109.218
106.814
104.518
102.324
100.224
98.2132
96.2853
94.4355
92.6591
90.9518
89.3098
87.7294
86.2071
84.7394
281.112
264.318
249.5
236.352
224.613
214.067
204.539
195.884
187.984
180.741
174.073
167.912
162.199
156.886
151.93
147.296
142.953
138.872
135.031
131.408
127.984
124.744
121.672
118.755
115.982
113.342
110.825
108.424
106.129
103.934
101.832
99.8184
97.8873
96.0338
94.2533
92.5417
90.8951
89.3099
87.783
86.3117
281.285
264.586
249.896
236.888
225.291
214.886
205.495
196.97
189.192
182.061
175.496
169.427
163.799
158.562
153.676
149.104
144.817
140.787
136.992
133.411
130.025
126.819
123.778
120.89
118.144
115.528
113.034
110.653
108.379
106.203
104.12
102.123
100.208
98.3696
96.6034
94.9055
93.2718
91.6989
90.1832
88.7208
281.606
265.221
250.949
238.337
227.082
216.968
207.82
199.496
191.883
184.889
178.435
172.46
166.909
161.736
156.903
152.377
148.128
144.131
140.364
136.807
133.442
130.255
127.23
124.357
121.623
119.019
116.536
114.165
111.9
109.732
107.657
105.669
103.761
101.93
100.171
98.4794
96.8522
95.2861
93.7781
92.3266
282.498
266.284
252.392
240.274
229.553
219.973
211.334
203.482
196.301
189.699
183.603
177.954
172.701
167.802
163.222
158.931
154.901
151.11
147.536
144.162
140.972
137.951
135.086
132.366
129.78
127.32
124.975
122.74
120.606
118.568
116.619
114.754
112.968
111.256
109.614
108.039
106.527
105.073
103.675
102.328
287.225
273.314
260.2
248.228
237.428
227.661
218.776
210.645
203.169
196.265
189.864
183.909
178.353
173.154
168.277
163.692
159.373
155.296
151.441
147.789
144.326
141.035
137.905
134.925
132.082
129.369
126.777
124.297
121.923
119.648
117.466
115.372
113.361
111.427
109.568
107.778
106.054
104.393
102.791
101.248
288.227
272.787
256.266
239.984
224.699
210.653
197.862
186.263
175.768
166.275
157.687
149.906
142.846
136.429
130.586
125.254
120.382
115.921
111.829
108.07
104.611
101.422
98.4787
95.7567
93.2361
90.8984
88.7275
86.7088
84.8291
83.0766
81.441
79.9126
78.4829
77.1441
75.8892
74.7119
73.6065
72.5679
71.5921
70.6775
282.847
265.761
250.197
236.04
223.181
211.536
200.999
191.456
182.807
174.961
167.836
161.356
155.453
150.067
145.148
140.65
136.533
132.761
129.299
126.12
123.196
120.504
118.023
115.733
113.616
111.659
109.845
108.164
106.604
105.154
103.805
102.55
101.38
100.288
99.2699
98.3183
97.4287
96.5959
95.8152
95.079
281.672
264.876
249.655
235.763
223.058
211.442
200.822
191.107
182.217
174.073
166.606
159.746
153.432
147.609
142.232
137.257
132.649
128.372
124.398
120.7
117.252
114.033
111.024
108.206
105.565
103.085
100.754
98.561
96.4943
94.5449
92.7043
90.9647
89.319
87.7607
86.284
84.8836
83.5548
82.293
81.0946
79.9566
281.236
264.31
249.028
235.145
222.501
210.97
200.439
190.811
181.996
173.913
166.488
159.65
153.337
147.498
142.086
137.062
132.39
128.04
123.981
120.189
116.64
113.314
110.192
107.257
104.494
101.889
99.4303
97.1066
94.9076
92.8245
90.8487
88.9729
87.1901
85.4942
83.8794
82.3405
80.8728
79.472
78.134
76.8552
281.068
264.118
248.9
235.142
222.653
211.281
200.899
191.403
182.7
174.708
167.354
160.567
154.285
148.457
143.042
138.003
133.305
128.918
124.816
120.974
117.368
113.981
110.793
107.789
104.953
102.273
99.7376
97.335
95.0557
92.8909
90.8327
88.8736
87.007
85.2269
83.5276
81.9041
80.3517
78.8662
77.4438
76.0812
280.989
264.038
248.872
235.203
222.819
211.557
201.282
191.884
183.272
175.363
168.082
161.357
155.123
149.332
143.944
138.925
134.24
129.86
125.76
121.914
118.302
114.904
111.701
108.68
105.824
103.123
100.563
98.1339
95.8271
93.6335
91.5453
89.5554
87.6572
85.8449
84.113
82.4564
80.8707
79.3518
77.8958
76.4997
280.949
264.002
248.873
235.27
222.97
211.801
201.622
192.319
183.797
175.979
168.785
162.136
155.964
150.223
144.879
139.896
135.241
130.886
126.803
122.971
119.367
115.972
112.771
109.746
106.885
104.176
101.606
99.1653
96.8455
94.6378
92.535
90.5301
88.6168
86.7891
85.0416
83.3693
81.7678
80.2326
78.76
77.3472
280.927
263.986
248.885
235.331
223.096
212.002
201.902
192.678
184.235
176.508
169.416
162.868
156.77
151.08
145.778
140.832
136.209
131.882
127.825
124.014
120.429
117.051
113.865
110.854
108.005
105.307
102.75
100.324
98.0189
95.8274
93.7408
91.7521
89.8549
88.0434
86.312
84.6559
83.0704
81.5513
80.0949
78.6991
280.917
263.981
248.902
235.387
223.204
212.171
202.137
192.982
184.611
180.416
172.793
165.833
159.422
151.482
146.363
141.579
137.102
132.906
128.973
125.285
121.819
118.558
115.486
112.587
109.846
107.253
104.793
102.457
100.234
98.1177
96.0994
94.1723
92.3302
90.5675
88.8788
87.2594
85.7049
84.211
82.774
81.3914
280.914
263.984
248.924
235.441
223.302
212.32
202.341
193.242
184.931
180.96
173.669
167.166
161.084
154.386
149.406
144.777
140.474
136.465
132.712
129.185
125.858
122.711
119.725
116.886
114.18
111.595
109.124
106.757
104.487
102.308
100.215
98.2015
96.2646
94.3999
92.6038
90.8728
89.2037
87.5931
86.038
84.5343
280.917
263.995
248.953
235.5
223.4
212.462
202.529
193.473
185.213
181.263
174.161
168.056
162.523
157.574
155.161
152.208
148.892
145.373
141.76
138.131
134.538
131.02
127.599
124.291
121.105
118.044
115.106
112.289
109.59
107.006
104.533
102.166
99.9049
97.7513
95.6973
93.7361
91.8618
90.0688
88.3531
86.7117
280.927
264.014
248.993
235.571
223.512
212.621
202.737
193.729
185.498
178.088
174.489
167.817
161.77
153.887
149.121
144.715
140.631
136.832
133.286
129.963
126.836
123.883
121.086
118.427
115.894
113.475
111.159
108.939
106.807
104.756
102.783
100.882
99.048
97.2787
95.5704
93.9202
92.3257
90.7851
89.2973
87.8646
280.945
264.046
249.051
235.668
223.657
212.822
202.998
194.054
185.881
178.4
171.631
165.377
159.548
154.109
149.048
144.329
139.918
135.786
131.906
128.255
124.816
121.571
118.503
115.6
112.848
110.237
107.757
105.397
103.15
101.008
98.964
97.0118
95.1456
93.36
91.6503
90.012
88.4412
86.9342
85.4878
84.099
280.975
264.096
249.137
235.805
223.857
213.092
203.344
194.477
186.38
178.96
172.141
165.851
160.029
154.621
149.584
144.881
140.48
136.35
132.466
128.807
125.354
122.089
118.998
116.066
113.281
110.632
108.11
105.705
103.411
101.219
99.1232
97.1176
95.1964
93.3546
91.5876
89.891
88.261
86.6939
85.1864
83.7352
281.026
264.179
249.274
236.013
224.148
213.47
203.812
195.034
187.02
179.676
172.92
166.683
160.904
155.535
150.532
145.857
141.48
137.37
133.504
129.86
126.419
123.164
120.08
117.154
114.373
111.728
109.208
106.804
104.509
102.315
100.215
98.2034
96.2754
94.4257
92.6497
90.943
89.3018
87.7223
86.2012
84.735
281.112
264.318
249.5
236.352
224.612
214.066
204.537
195.882
187.982
180.74
174.073
167.913
162.2
156.887
151.932
147.298
142.954
138.873
135.031
131.408
127.984
124.743
121.67
118.753
115.979
113.338
110.821
108.419
106.124
103.93
101.829
99.8162
97.8857
96.0327
94.2526
92.5412
90.8948
89.3099
87.7832
86.3121
281.284
264.586
249.896
236.888
225.29
214.885
205.494
196.969
189.191
182.06
175.495
169.427
163.798
158.561
153.674
149.101
144.813
140.783
136.987
133.405
130.018
126.812
123.77
120.882
118.135
115.518
113.024
110.643
108.368
106.192
104.108
102.111
100.196
98.3578
96.5917
94.8938
93.2603
91.6876
90.1723
88.7109
281.606
265.221
250.949
238.337
227.082
216.968
207.82
199.497
191.884
184.89
178.437
172.462
166.91
161.738
156.905
152.378
148.129
144.131
140.364
136.806
133.441
130.253
127.228
124.354
121.62
119.016
116.532
114.161
111.895
109.728
107.653
105.664
103.756
101.925
100.166
98.4756
96.8492
95.2835
93.7757
92.3234
282.498
266.284
252.392
240.274
229.553
219.973
211.334
203.483
196.302
189.7
183.604
177.955
172.701
167.802
163.222
158.93
154.9
151.108
147.533
144.159
140.968
137.947
135.081
132.361
129.775
127.314
124.969
122.734
120.6
118.561
116.612
114.747
112.961
111.249
109.607
108.032
106.519
105.066
103.668
102.321
287.225
273.314
260.2
248.228
237.428
227.661
218.775
210.645
203.169
196.264
189.863
183.908
178.352
173.153
168.276
163.691
159.372
155.294
151.439
147.787
144.323
141.033
137.903
134.922
132.079
129.366
126.773
124.294
121.919
119.644
117.463
115.369
113.357
111.424
109.564
107.775
106.051
104.39
102.789
101.246
288.227
272.787
256.266
239.984
224.699
210.653
197.862
186.264
175.769
166.277
157.689
149.909
142.849
136.432
130.587
125.255
120.381
115.918
111.825
108.064
104.603
101.412
98.4662
95.7418
93.2186
90.8783
88.7047
86.683
84.8004
83.0449
81.4061
79.8745
78.4414
77.0992
75.8409
74.66
73.551
72.5088
71.5292
70.6108
282.847
265.761
250.197
236.04
223.181
211.537
200.999
191.457
182.809
174.964
167.84
161.359
155.455
150.067
145.146
140.645
136.524
132.747
129.282
126.098
123.17
120.474
117.988
115.693
113.572
111.61
109.792
108.106
106.54
105.085
103.732
102.471
101.296
100.2
99.1762
98.2195
97.3246
96.4867
95.7008
94.9592
281.672
264.876
249.655
235.763
223.058
211.443
200.823
191.109
182.219
174.078
166.613
159.755
153.442
147.62
142.243
137.268
132.658
128.381
124.406
120.707
117.258
114.038
111.028
108.21
105.568
103.087
100.756
98.5617
96.4944
94.5445
92.7033
90.9632
89.3169
87.7582
86.2811
84.8804
83.5511
82.2891
81.0904
79.9522
281.236
264.31
249.028
235.145
222.501
210.97
200.44
190.812
181.999
173.918
166.496
159.66
153.349
147.509
142.096
137.07
132.397
128.045
123.985
120.191
116.64
113.312
110.189
107.252
104.487
101.881
99.4207
97.0955
94.8951
92.8104
90.8332
88.956
87.1719
85.4746
83.8584
82.3182
80.8492
79.4471
78.1079
76.8279
281.068
264.118
248.9
235.142
222.653
211.281
200.9
191.404
182.703
174.716
167.367
160.584
154.303
148.476
143.059
138.018
133.318
128.929
124.825
120.98
117.372
113.982
110.792
107.785
104.947
102.265
99.7274
97.3226
95.0413
92.8745
90.8142
88.8532
86.9847
85.2027
83.5015
81.8761
80.3219
78.8346
77.4102
76.0457
280.989
264.038
248.872
235.203
222.819
211.557
201.282
191.886
183.276
175.373
168.101
161.382
155.149
149.356
143.966
138.943
134.255
129.872
125.768
121.919
118.304
114.902
111.697
108.673
105.814
103.109
100.547
98.1152
95.8055
93.6091
91.5181
89.5252
87.6239
85.8083
84.0728
82.4125
80.8229
79.2996
77.839
76.438
280.949
264.002
248.873
235.27
222.97
211.801
201.622
192.32
183.803
175.994
168.817
162.203
156.03
150.287
144.937
139.947
135.285
130.922
126.832
122.993
119.382
115.982
112.774
109.745
106.878
104.163
101.588
99.1427
96.8175
94.6042
92.4951
90.4833
88.5624
86.7265
84.9703
83.2888
81.6776
80.1325
78.6496
77.2261
280.927
263.986
248.885
235.331
223.096
212.002
201.902
192.68
184.243
176.538
169.493
165.891
156.681
151.025
145.751
140.831
136.234
131.929
127.89
124.096
120.524
117.157
113.978
110.972
108.126
105.428
102.867
100.433
98.1183
95.9137
93.8122
91.807
89.8919
88.0613
86.31
84.6332
83.0265
81.4857
80.007
78.5883
280.917
263.981
248.902
235.387
223.204
212.171
202.138
192.986
184.622
180.453
172.933
166.274
159.909
152.06
146.92
142.107
137.6
133.374
129.407
125.678
122.167
118.858
115.734
112.781
109.992
107.36
104.87
102.511
100.271
98.142
96.1145
94.1812
92.3353
90.5709
88.8823
87.2647
85.7135
84.2246
82.794
81.4197
280.914
263.984
248.924
235.441
223.302
212.319
202.339
193.237
188.682
180.733
175.231
169.391
163.679
159.057
181.848
173.724
166.527
160.088
154.274
148.981
144.127
139.648
135.491
131.615
127.98
124.555
121.319
118.255
115.349
112.587
109.959
107.455
105.065
102.783
100.601
98.5121
96.5106
94.5911
92.7491
90.9812
280.917
263.994
248.953
235.499
223.398
212.458
202.522
193.457
189.122
181.309
179.255
186.008
195.702
236.899
267.658
253.513
240.269
228.005
216.715
206.35
196.843
188.122
180.114
172.751
165.97
159.713
153.929
148.57
143.597
138.97
134.659
130.633
126.861
123.315
119.975
116.826
113.851
111.039
108.379
105.871
280.927
264.014
248.993
235.57
223.509
212.615
202.726
193.709
185.575
181.641
174.583
169.948
163.081
156.777
152.872
149.433
146.304
143.381
140.598
137.916
135.309
132.763
130.27
127.816
125.401
123.028
120.699
118.416
116.182
114
111.87
109.794
107.772
105.805
103.893
102.036
100.233
98.4839
96.7899
95.155
280.945
264.046
249.05
235.667
223.654
212.816
202.988
194.038
185.866
178.482
174.894
168.186
159.322
154.041
149.152
144.617
140.394
136.448
132.747
129.265
125.98
122.875
119.935
117.158
114.53
112.04
109.677
107.43
105.292
103.255
101.311
99.4544
97.6797
95.9817
94.3559
92.7981
91.3046
89.8722
88.4983
87.1823
280.975
264.096
249.137
235.804
223.855
213.088
203.337
194.467
186.369
178.953
172.215
165.981
160.145
154.731
149.695
144.997
140.604
136.484
132.613
128.967
125.528
122.277
119.199
116.282
113.511
110.878
108.371
105.983
103.706
101.532
99.4547
97.4686
95.5678
93.7473
92.0024
90.3291
88.7234
87.1817
85.7006
84.277
281.026
264.179
249.274
236.013
224.146
213.467
203.808
195.028
187.014
179.671
172.919
166.685
160.91
155.542
150.54
145.867
141.49
137.381
133.516
129.874
126.434
123.181
120.099
117.174
114.396
111.753
109.235
106.833
104.541
102.35
100.253
98.2464
96.323
94.4781
92.7073
91.0062
89.3711
87.7982
86.2842
84.8258
281.112
264.318
249.5
236.351
224.611
214.064
204.535
195.879
187.98
180.74
174.075
167.916
162.204
156.892
151.937
147.303
142.959
138.878
135.036
131.412
127.988
124.746
121.674
118.756
115.982
113.342
110.825
108.423
106.128
103.934
101.834
99.8212
97.8914
96.0393
94.2603
92.5502
90.9052
89.3217
87.7964
86.3262
281.284
264.586
249.896
236.888
225.29
214.884
205.492
196.968
189.19
182.06
175.495
169.427
163.798
158.56
153.672
149.099
144.81
140.779
136.982
133.399
130.012
126.805
123.763
120.874
118.126
115.509
113.015
110.633
108.358
106.182
104.098
102.102
100.187
98.3483
96.5825
94.8848
93.2516
91.6792
90.1642
88.7033
281.606
265.221
250.949
238.337
227.081
216.967
207.82
199.497
191.885
184.891
178.439
172.464
166.913
161.74
156.907
152.379
148.13
144.132
140.363
136.805
133.44
130.251
127.226
124.351
121.617
119.013
116.529
114.158
111.892
109.724
107.649
105.66
103.753
101.922
100.163
98.4726
96.8464
95.2811
93.7737
92.3219
282.498
266.284
252.392
240.273
229.553
219.973
211.334
203.483
196.302
189.701
183.605
177.956
172.702
167.803
163.222
158.929
154.898
151.106
147.531
144.156
140.964
137.942
135.077
132.356
129.769
127.308
124.963
122.728
120.593
118.555
116.605
114.74
112.954
111.242
109.601
108.026
106.513
105.06
103.662
102.316
287.225
273.314
260.2
248.228
237.428
227.661
218.775
210.645
203.169
196.264
189.863
183.908
178.351
173.152
168.275
163.69
159.37
155.293
151.437
147.785
144.321
141.03
137.9
134.919
132.076
129.363
126.77
124.29
121.916
119.641
117.459
115.365
113.354
111.421
109.561
107.771
106.048
104.387
102.786
101.243
288.227
272.787
256.266
239.984
224.699
210.653
197.863
186.265
175.77
166.278
157.691
149.911
142.852
136.434
130.589
125.255
120.38
115.916
111.821
108.059
104.596
101.403
98.4545
95.7278
93.2021
90.8593
88.683
86.6586
84.773
83.0146
81.3727
79.8379
78.4016
77.056
75.7942
74.6098
73.4972
72.4513
71.468
70.5458
282.847
265.761
250.197
236.04
223.182
211.537
201
191.458
182.81
174.966
167.843
161.362
155.457
150.068
145.143
140.639
136.515
132.735
129.265
126.078
123.146
120.445
117.955
115.655
113.53
111.563
109.74
108.049
106.479
105.019
103.66
102.394
101.214
100.112
99.0835
98.1214
97.2211
96.3778
95.5863
94.8392
281.672
264.876
249.655
235.763
223.058
211.443
200.823
191.11
182.222
174.083
166.619
159.764
153.452
147.631
142.253
137.278
132.668
128.39
124.414
120.714
117.264
114.044
111.033
108.214
105.571
103.09
100.758
98.5628
96.4948
94.5442
92.7025
90.9618
89.315
87.7557
86.2781
84.8768
83.5471
82.2846
81.0855
79.9468
281.236
264.31
249.028
235.145
222.501
210.97
200.44
190.814
182.001
173.923
166.504
159.67
153.36
147.52
142.106
137.079
132.404
128.05
123.988
120.193
116.641
113.311
110.185
107.247
104.481
101.873
99.4106
97.0835
94.8814
92.795
90.8161
88.9371
87.1513
85.4522
83.8344
82.2924
80.8218
79.418
78.0771
76.7956
281.068
264.118
248.9
235.142
222.653
211.281
200.9
191.406
182.706
174.723
167.379
160.6
154.322
148.494
143.077
138.035
133.333
128.942
124.835
120.988
117.378
113.986
110.793
107.784
104.944
102.259
99.7189
97.3116
95.0277
92.8585
90.7957
88.8322
86.9612
85.1767
83.473
81.8451
80.2883
78.7985
77.3717
76.0046
280.989
264.038
248.872
235.203
222.819
211.557
201.283
191.887
183.28
175.382
168.119
161.406
155.174
149.381
143.988
138.961
134.27
129.883
125.775
121.922
118.303
114.897
111.687
108.658
105.795
103.086
100.519
98.0828
95.7687
93.5678
91.4722
89.4749
87.5692
85.7492
84.0094
82.3447
80.7508
79.2232
77.7584
76.3532
280.949
264.002
248.873
235.27
222.97
211.801
201.623
192.322
183.808
176.01
168.853
162.257
156.09
150.348
144.996
140.002
135.335
130.967
126.871
123.026
119.409
116.002
112.788
109.751
106.877
104.155
101.573
99.1199
96.7873
94.5664
92.4497
90.4302
88.5014
86.6576
84.8933
83.2037
81.5842
80.0307
78.5393
77.1071
280.927
263.986
248.885
235.331
223.097
212.002
201.903
192.681
184.251
176.574
169.581
166.016
156.806
151.147
145.868
140.941
136.335
132.021
127.973
124.169
120.588
117.212
114.024
111.009
108.154
105.446
102.876
100.433
98.1081
95.8932
93.7809
91.7645
89.8377
87.9948
86.2308
84.5406
82.92
81.3648
79.8712
78.4371
280.917
263.981
248.902
235.387
223.205
212.171
202.139
192.99
184.637
180.486
173.083
166.621
160.293
152.726
147.542
142.668
138.095
133.802
129.768
125.974
122.399
119.027
115.841
112.828
109.974
107.269
104.701
102.261
99.9409
97.7316
95.6261
93.6175
91.6997
89.8669
88.1138
86.4355
84.8273
83.285
81.8041
80.3812
280.914
263.984
248.924
235.441
223.301
212.318
202.338
193.237
188.7
180.952
176.707
172.74
167.305
164.091
201.43
189.664
179.523
170.662
162.838
155.862
149.594
143.921
138.755
134.024
129.671
125.647
121.911
118.43
115.176
112.126
109.257
106.554
104.001
101.584
99.2918
97.1144
95.0427
93.0685
91.1845
89.3837
280.917
263.994
248.953
235.498
223.397
212.455
202.514
193.442
189.118
183.284
673.032
483.344
793.659
529.5
330.351
300.237
275.424
254.616
236.915
221.674
208.41
196.759
186.442
177.239
168.976
161.515
154.743
148.566
142.91
137.709
132.91
128.467
124.342
120.502
116.918
113.566
110.422
107.468
104.688
102.067
280.927
264.014
248.992
235.569
223.507
212.609
202.715
193.69
185.553
181.66
175.039
171.434
166.579
167.089
170.13
170.835
169.93
167.95
165.263
162.123
158.704
155.132
151.491
147.842
144.228
140.676
137.207
133.833
130.562
127.398
124.343
121.397
118.558
115.824
113.192
110.658
108.22
105.874
103.617
101.448
280.945
264.045
249.05
235.665
223.652
212.811
202.979
194.022
185.847
178.477
174.904
168.241
159.437
154.617
150.36
146.481
142.877
139.482
136.258
133.183
130.242
127.426
124.726
122.138
119.655
117.274
114.988
112.795
110.688
108.665
106.721
104.852
103.055
101.325
99.66
98.056
96.5105
95.0211
93.5863
92.2056
280.975
264.096
249.136
235.803
223.853
213.084
203.331
194.458
186.358
178.945
172.219
165.998
160.173
154.786
149.792
145.147
140.813
136.756
132.949
129.366
125.988
122.797
119.777
116.915
114.199
111.617
109.161
106.822
104.592
102.465
100.434
98.4929
96.6373
94.8621
93.1629
91.5358
89.977
88.4834
87.052
85.6807
281.026
264.179
249.273
236.012
224.144
213.465
203.804
195.023
187.008
179.666
172.915
166.683
160.909
155.543
150.544
145.873
141.499
137.394
133.534
129.896
126.462
123.214
120.138
117.22
114.449
111.812
109.302
106.909
104.625
102.443
100.357
98.3603
96.4478
94.6144
92.8557
91.1675
89.5459
87.9874
86.4885
85.0458
281.112
264.318
249.499
236.351
224.61
214.062
204.533
195.877
187.979
180.739
174.076
167.919
162.209
156.898
151.944
147.311
142.967
138.887
135.046
131.422
127.998
124.758
121.685
118.769
115.995
113.356
110.84
108.439
106.146
103.953
101.854
99.844
97.9163
96.0665
94.29
92.5828
90.9408
89.3606
87.8389
86.3727
281.284
264.586
249.896
236.887
225.289
214.883
205.491
196.967
189.189
182.059
175.495
169.427
163.798
158.559
153.671
149.097
144.808
140.776
136.978
133.395
130.007
126.799
123.756
120.867
118.119
115.502
113.008
110.627
108.351
106.175
104.092
102.096
100.182
98.3446
96.5797
94.8832
93.2512
91.6802
90.1668
88.7074
281.606
265.221
250.949
238.337
227.081
216.967
207.82
199.497
191.885
184.892
178.44
172.466
166.915
161.742
156.909
152.381
148.131
144.133
140.364
136.805
133.439
130.251
127.225
124.35
121.616
119.011
116.527
114.156
111.89
109.722
107.647
105.658
103.751
101.921
100.162
98.4722
96.8465
95.2818
93.7749
92.3238
282.497
266.284
252.392
240.273
229.553
219.973
211.334
203.483
196.303
189.702
183.606
177.957
172.703
167.803
163.222
158.929
154.897
151.104
147.529
144.153
140.961
137.939
135.072
132.351
129.765
127.303
124.958
122.722
120.588
118.549
116.6
114.735
112.949
111.238
109.596
108.022
106.51
105.057
103.66
102.314
287.225
273.314
260.2
248.228
237.427
227.661
218.775
210.645
203.168
196.264
189.862
183.907
178.351
173.151
168.274
163.689
159.369
155.291
151.435
147.783
144.319
141.028
137.897
134.916
132.074
129.36
126.767
124.287
121.913
119.638
117.456
115.362
113.351
111.417
109.558
107.768
106.045
104.384
102.783
101.24
288.227
272.787
256.266
239.984
224.699
210.654
197.863
186.265
175.77
166.28
157.692
149.913
142.854
136.435
130.59
125.256
120.38
115.914
111.818
108.054
104.59
101.395
98.4454
95.7169
93.1893
90.8446
88.6662
86.6397
84.7519
82.9912
81.347
79.8098
78.3711
77.023
75.7587
74.5717
73.4564
72.4077
71.4217
70.4967
282.847
265.761
250.197
236.04
223.182
211.537
201
191.459
182.812
174.968
167.845
161.365
155.459
150.068
145.141
140.635
136.508
132.725
129.252
126.062
123.126
120.422
117.929
115.626
113.497
111.526
109.7
108.005
106.431
104.967
103.605
102.336
101.152
100.046
99.0133
98.0473
97.1432
96.2959
95.5007
94.7495
281.672
264.876
249.655
235.763
223.058
211.443
200.824
191.111
182.224
174.086
166.625
159.771
153.46
147.639
142.261
137.286
132.675
128.397
124.42
120.719
117.269
114.048
111.036
108.216
105.573
103.091
100.758
98.5625
96.4939
94.5428
92.7005
90.9593
89.312
87.7522
86.2741
84.8724
83.5423
82.2794
81.0798
79.9408
281.236
264.31
249.028
235.145
222.501
210.97
200.441
190.815
182.004
173.927
166.51
159.679
153.369
147.529
142.114
137.086
132.41
128.054
123.991
120.194
116.64
113.309
110.182
107.242
104.474
101.865
99.4014
97.073
94.8696
92.7819
90.8016
88.9214
87.1342
85.4339
83.8148
82.2717
80.7998
79.3948
78.0528
76.7701
281.068
264.118
248.9
235.142
222.653
211.281
200.901
191.407
182.709
174.728
167.389
160.614
154.337
148.509
143.092
138.048
133.344
128.952
124.843
120.993
117.381
113.987
110.793
107.781
104.939
102.253
99.7108
97.3017
95.016
92.845
90.7805
88.8152
86.9425
85.1562
83.4508
81.8212
80.2627
78.7711
77.3426
75.9738
280.989
264.038
248.872
235.203
222.819
211.557
201.283
191.888
183.283
175.39
168.135
161.426
155.195
149.399
144.004
138.973
134.278
129.887
125.775
121.918
118.295
114.885
111.671
108.638
105.771
103.058
100.487
98.047
95.7292
93.5246
91.4254
89.4245
87.5152
85.6917
83.9484
82.2804
80.6829
79.152
77.6838
76.2752
280.949
264.002
248.873
235.27
222.97
211.801
201.623
192.323
183.812
176.023
168.883
162.302
156.14
150.397
145.041
140.041
135.368
130.995
126.894
123.044
119.423
116.012
112.793
109.752
106.875
104.148
101.561
99.1042
96.7671
94.5417
92.4204
90.3962
88.4626
86.6138
84.8445
83.1498
81.525
79.9661
78.4694
77.0316
280.927
263.986
248.885
235.331
223.097
212.002
201.903
192.683
184.259
176.606
169.652
166.086
156.875
151.206
145.905
140.95
136.314
131.971
127.896
124.065
120.459
117.06
113.85
110.814
107.94
105.215
102.628
100.168
97.8274
95.5974
93.4705
91.4399
89.4992
87.6428
85.8654
84.1621
82.5285
80.9604
79.4542
78.0075
280.917
263.981
248.902
235.387
223.205
212.171
202.14
192.993
184.651
180.517
173.23
166.932
160.617
152.909
147.686
142.798
138.22
133.924
129.886
126.085
122.502
119.12
115.921
112.893
110.022
107.296
104.706
102.241
99.8935
97.6549
95.5181
93.4765
91.5242
89.6556
87.8655
86.1494
84.5027
82.9213
81.4013
79.9397
280.914
263.984
248.924
235.441
223.301
212.317
202.337
193.236
188.714
181.174
178.205
174.746
168.157
163.78
190.588
181.233
172.836
165.262
158.396
152.139
146.41
141.143
136.283
131.78
127.597
123.698
120.055
116.642
113.436
110.42
107.576
104.889
102.346
99.936
97.6482
95.4735
93.4035
91.4309
89.5486
87.751
280.917
263.994
248.952
235.498
223.395
212.452
202.509
193.431
189.112
183.443
762.433
442.624
542.693
451.685
311.795
282.545
258.568
238.541
221.567
206.999
194.358
183.285
173.501
164.792
156.988
149.951
143.573
137.763
132.448
127.565
123.063
118.899
115.034
111.438
108.083
104.945
102.005
99.2454
96.6513
94.2104
280.927
264.014
248.992
235.568
223.505
212.605
202.706
193.675
185.536
181.665
175.165
171.542
167.621
170.443
174.107
175.118
174.272
172.155
169.195
165.69
161.853
157.831
153.731
149.625
145.565
141.585
137.707
133.947
130.314
126.811
123.44
120.2
117.089
114.103
111.239
108.492
105.857
103.329
100.905
98.5779
280.945
264.045
249.049
235.664
223.65
212.807
202.971
194.01
185.832
178.472
174.906
168.254
159.471
154.92
150.984
147.448
144.185
141.112
138.183
135.368
132.651
130.022
127.473
124.999
122.599
120.268
118.005
115.808
113.675
111.604
109.593
107.64
105.744
103.903
102.114
100.377
98.6893
97.0503
95.4593
93.9148
280.975
264.096
249.136
235.802
223.851
213.08
203.325
194.45
186.349
178.938
172.222
166.011
160.19
154.817
149.845
145.234
140.942
136.936
133.185
129.663
126.349
123.224
120.271
117.476
114.827
112.313
109.923
107.649
105.483
103.417
101.446
99.5639
97.7643
96.0428
94.3948
92.8162
91.3034
89.8531
88.462
87.1281
281.026
264.179
249.273
236.011
224.143
213.463
203.801
195.019
187.004
179.662
172.912
166.682
160.909
155.543
150.543
145.873
141.501
137.398
133.539
129.905
126.474
123.231
120.16
117.248
114.483
111.854
109.351
106.967
104.693
102.521
100.446
98.4611
96.5614
94.7418
92.9977
91.3251
89.7201
88.1792
86.6987
85.2751
281.112
264.318
249.499
236.35
224.609
214.061
204.531
195.876
187.978
180.739
174.077
167.921
162.213
156.903
151.949
147.317
142.974
138.893
135.052
131.429
128.005
124.765
121.693
118.777
116.005
113.366
110.852
108.453
106.162
103.971
101.875
99.8668
97.9421
96.0955
94.3227
92.6193
90.9816
89.4061
87.8892
86.4283
281.284
264.586
249.895
236.887
225.289
214.883
205.491
196.966
189.188
182.059
175.495
169.427
163.798
158.559
153.67
149.096
144.806
140.773
136.975
133.39
130.002
126.794
123.751
120.861
118.113
115.496
113.001
110.62
108.345
106.169
104.086
102.09
100.176
98.3396
96.5754
94.8797
93.2486
91.6786
90.1662
88.708
281.606
265.221
250.949
238.336
227.081
216.967
207.82
199.497
191.886
184.893
178.442
172.468
166.917
161.744
156.91
152.383
148.132
144.134
140.365
136.806
133.439
130.25
127.224
124.35
121.615
119.01
116.526
114.155
111.889
109.721
107.646
105.658
103.751
101.921
100.163
98.4734
96.8482
95.2841
93.7779
92.3275
282.497
266.284
252.392
240.273
229.553
219.973
211.334
203.483
196.303
189.702
183.607
177.958
172.703
167.803
163.222
158.928
154.896
151.103
147.527
144.151
140.959
137.936
135.069
132.348
129.761
127.299
124.954
122.718
120.584
118.545
116.596
114.731
112.945
111.234
109.593
108.019
106.507
105.054
103.658
102.312
287.225
273.314
260.2
248.228
237.427
227.661
218.775
210.644
203.168
196.263
189.862
183.907
178.35
173.151
168.273
163.688
159.368
155.29
151.434
147.781
144.317
141.026
137.896
134.914
132.071
129.358
126.765
124.285
121.911
119.635
117.454
115.36
113.348
111.415
109.556
107.766
106.043
104.382
102.781
101.239
288.227
272.787
256.266
239.984
224.699
210.654
197.863
186.265
175.771
166.28
157.693
149.914
142.855
136.436
130.59
125.256
120.379
115.914
111.817
108.052
104.587
101.391
98.4405
95.711
93.1824
90.8366
88.6571
86.6294
84.7404
82.9785
81.333
79.7944
78.3543
77.0048
75.739
74.5505
73.4337
72.3835
71.3959
70.4692
282.847
265.761
250.197
236.04
223.182
211.537
201
191.459
182.813
174.97
167.846
161.366
155.46
150.068
145.14
140.632
136.504
132.719
129.245
126.053
123.116
120.41
117.914
115.61
113.479
111.506
109.678
107.981
106.405
104.939
103.574
102.303
101.116
100.009
98.9737
98.0054
97.099
96.2494
95.4518
94.6982
281.672
264.876
249.655
235.763
223.058
211.443
200.824
191.112
182.225
174.088
166.628
159.774
153.465
147.644
142.266
137.29
132.679
128.4
124.424
120.722
117.271
114.05
111.038
108.218
105.574
103.092
100.758
98.5627
96.4938
94.5424
92.6998
90.9583
89.3107
87.7507
86.2724
84.8704
83.54
82.2768
81.077
79.9378
281.236
264.31
249.028
235.145
222.501
210.97
200.441
190.815
182.005
173.93
166.513
159.683
153.374
147.533
142.118
137.089
132.413
128.056
123.992
120.194
116.64
113.308
110.18
107.239
104.471
101.861
99.3965
97.0673
94.863
92.7745
90.7935
88.9124
87.1244
85.4233
83.8034
82.2595
80.7868
79.381
78.0382
76.7548
281.068
264.118
248.9
235.142
222.653
211.281
200.901
191.407
182.71
174.731
167.394
160.621
154.345
148.518
143.1
138.055
133.35
128.957
124.847
120.997
117.384
113.989
110.793
107.781
104.938
102.25
99.7072
97.297
95.0104
92.8383
90.7727
88.8064
86.9326
85.1453
83.4388
81.8081
80.2485
78.7559
77.3263
75.9564
280.989
264.038
248.872
235.203
222.819
211.557
201.283
191.889
183.285
175.395
168.143
161.437
155.206
149.409
144.012
138.979
134.282
129.889
125.775
121.916
118.29
114.878
111.662
108.627
105.758
103.043
100.469
98.0272
95.707
93.5002
91.3987
89.3955
87.484
85.6582
83.9127
82.2423
80.6427
79.1095
77.6391
76.2284
280.949
264.002
248.873
235.27
222.97
211.801
201.623
192.323
183.814
176.031
168.899
162.327
156.167
150.425
145.066
140.063
135.388
131.012
126.91
123.058
119.435
116.022
112.801
109.758
106.879
104.15
101.561
99.102
96.7626
94.5348
92.4111
90.3843
88.4481
86.5966
84.8245
83.1268
81.4991
79.9372
78.4374
76.9965
280.927
263.986
248.885
235.331
223.097
212.002
201.903
192.684
184.263
176.624
169.69
166.124
156.911
151.235
145.925
140.96
136.314
131.96
127.873
124.031
120.414
117.002
113.781
110.733
107.847
105.11
102.511
100.04
97.6877
95.446
93.3076
91.2654
89.3133
87.4454
85.6566
83.9419
82.297
80.7176
79.2003
77.7427
280.917
263.981
248.902
235.387
223.205
212.172
202.14
192.995
184.658
180.535
173.315
167.09
160.751
152.971
147.698
142.776
138.173
133.862
129.817
126.015
122.436
119.06
115.872
112.856
109.998
107.288
104.713
102.263
99.9309
97.7071
95.5845
93.5563
91.6163
89.7588
87.9787
86.2712
84.6318
83.0564
81.5411
80.0835
280.914
263.984
248.924
235.44
223.301
212.317
202.337
193.236
188.722
181.299
178.963
175.683
168.359
163.235
189.077
179.245
170.552
162.797
155.824
149.512
143.762
138.497
133.654
129.18
125.031
121.172
117.571
114.201
111.04
108.068
105.267
102.623
100.123
97.7533
95.5051
93.3687
91.3358
89.3991
87.5524
85.7917
280.917
263.994
248.952
235.498
223.395
212.45
202.506
193.425
189.11
183.522
786.231
456.46
559.685
458.162
312.318
282.772
258.52
238.248
221.056
206.296
193.489
182.27
172.362
163.545
155.65
148.536
142.093
136.229
130.869
125.95
121.42
117.233
113.352
109.744
106.381
103.239
100.296
97.5343
94.9376
92.4926
280.927
264.014
248.992
235.568
223.504
212.603
202.702
193.667
185.526
181.664
175.178
171.498
167.579
170.192
174.023
175.082
174.221
172.059
169.038
165.466
161.56
157.47
153.302
149.131
145.006
140.964
137.027
133.209
129.521
125.965
122.543
119.256
116.099
113.071
110.166
107.38
104.709
102.148
99.6923
97.3341
280.945
264.045
249.049
235.664
223.648
212.804
202.967
194.004
185.824
178.469
174.904
168.246
159.462
154.948
151.084
147.638
144.465
141.473
138.612
135.85
133.173
130.568
128.032
125.561
123.153
120.806
118.52
116.293
114.125
112.014
109.959
107.959
106.013
104.118
102.274
100.479
98.7326
97.0333
95.3808
93.7723
280.975
264.096
249.136
235.802
223.85
213.079
203.323
194.446
186.345
178.935
172.224
166.017
160.197
154.826
149.862
145.262
140.987
137
133.272
129.774
126.486
123.386
120.459
117.69
115.065
112.575
110.208
107.955
105.809
103.763
101.809
99.9424
98.1569
96.4477
94.8103
93.2406
91.7348
90.2895
88.9016
87.5684
281.026
264.179
249.273
236.011
224.142
213.461
203.799
195.016
187.001
179.66
172.911
166.681
160.908
155.542
150.542
145.872
141.5
137.398
133.541
129.908
126.479
123.239
120.171
117.262
114.5
111.875
109.377
106.997
104.728
102.562
100.493
98.514
96.6208
94.8082
93.0715
91.4067
89.8099
88.2775
86.8059
85.3916
281.112
264.318
249.499
236.35
224.609
214.061
204.531
195.875
187.977
180.739
174.078
167.923
162.215
156.905
151.952
147.32
142.977
138.897
135.056
131.433
128.009
124.769
121.698
118.782
116.011
113.373
110.859
108.461
106.17
103.981
101.886
99.8796
97.9566
96.1119
94.341
92.64
91.0048
89.4319
87.9179
86.4602
281.284
264.586
249.895
236.887
225.288
214.882
205.49
196.965
189.188
182.059
175.495
169.427
163.798
158.559
153.67
149.095
144.804
140.772
136.973
133.388
130
126.791
123.748
120.858
118.109
115.492
112.997
110.616
108.341
106.165
104.083
102.087
100.174
98.337
96.5732
94.8779
93.2474
91.678
90.1662
88.7088
281.606
265.221
250.949
238.336
227.081
216.967
207.82
199.497
191.886
184.894
178.443
172.469
166.918
161.745
156.911
152.384
148.133
144.134
140.365
136.806
133.44
130.25
127.224
124.349
121.615
119.01
116.526
114.154
111.889
109.721
107.646
105.658
103.751
101.921
100.164
98.4743
96.8494
95.2856
93.7798
92.3299
282.497
266.284
252.392
240.273
229.553
219.973
211.334
203.484
196.303
189.703
183.608
177.958
172.704
167.804
163.222
158.928
154.896
151.102
147.526
144.15
140.957
137.934
135.068
132.346
129.759
127.297
124.952
122.716
120.582
118.543
116.594
114.729
112.943
111.232
109.591
108.017
106.505
105.053
103.656
102.311
287.225
273.314
260.2
248.228
237.427
227.661
218.775
210.644
203.168
196.263
189.862
183.907
178.35
173.15
168.273
163.687
159.367
155.289
151.433
147.781
144.316
141.025
137.895
134.913
132.07
129.357
126.764
124.284
121.909
119.634
117.452
115.358
113.347
111.414
109.555
107.765
106.042
104.381
102.78
101.238
288.227
272.787
256.266
239.984
224.699
210.654
197.863
186.265
175.771
166.28
157.693
149.914
142.855
136.436
130.59
125.256
120.379
115.914
111.817
108.052
104.587
101.391
98.4405
95.711
93.1824
90.8366
88.6571
86.6294
84.7404
82.9785
81.333
79.7944
78.3543
77.0048
75.739
74.5505
73.4337
72.3835
71.3959
70.4692
282.847
265.761
250.197
236.04
223.182
211.537
201
191.459
182.813
174.97
167.846
161.366
155.46
150.068
145.14
140.632
136.504
132.719
129.245
126.053
123.116
120.41
117.914
115.61
113.479
111.506
109.678
107.981
106.405
104.939
103.574
102.303
101.116
100.009
98.9737
98.0054
97.099
96.2494
95.4518
94.6982
281.672
264.876
249.655
235.763
223.058
211.443
200.824
191.112
182.225
174.088
166.628
159.774
153.465
147.644
142.266
137.29
132.679
128.4
124.424
120.722
117.271
114.05
111.038
108.218
105.574
103.092
100.758
98.5627
96.4938
94.5424
92.6998
90.9583
89.3107
87.7507
86.2724
84.8704
83.54
82.2768
81.077
79.9378
281.236
264.31
249.028
235.145
222.501
210.97
200.441
190.815
182.005
173.93
166.513
159.683
153.374
147.533
142.118
137.089
132.413
128.056
123.992
120.194
116.64
113.308
110.18
107.239
104.471
101.861
99.3965
97.0673
94.863
92.7745
90.7935
88.9124
87.1244
85.4233
83.8034
82.2595
80.7868
79.381
78.0382
76.7548
281.068
264.118
248.9
235.142
222.653
211.281
200.901
191.407
182.71
174.731
167.394
160.621
154.345
148.518
143.099
138.055
133.35
128.957
124.847
120.997
117.384
113.989
110.793
107.781
104.938
102.25
99.7072
97.297
95.0104
92.8383
90.7727
88.8064
86.9326
85.1453
83.4388
81.8081
80.2486
78.7559
77.3263
75.9564
280.989
264.038
248.872
235.203
222.819
211.557
201.283
191.889
183.285
175.395
168.143
161.437
155.206
149.409
144.012
138.979
134.282
129.889
125.775
121.916
118.29
114.878
111.662
108.627
105.758
103.043
100.469
98.0272
95.7071
93.5002
91.3988
89.3956
87.484
85.6583
83.9127
82.2424
80.6427
79.1095
77.6391
76.2285
280.949
264.002
248.873
235.27
222.97
211.801
201.623
192.323
183.814
176.031
168.899
162.327
156.167
150.425
145.066
140.063
135.388
131.012
126.91
123.058
119.435
116.022
112.801
109.758
106.879
104.15
101.561
99.1019
96.7625
94.5348
92.411
90.3843
88.4481
86.5966
84.8245
83.1268
81.4991
79.9372
78.4374
76.9966
280.927
263.986
248.885
235.331
223.097
212.002
201.903
192.684
184.263
176.624
169.69
166.125
156.911
151.235
145.925
140.96
136.314
131.96
127.873
124.031
120.414
117.002
113.78
110.733
107.847
105.11
102.511
100.04
97.6877
95.4461
93.3076
91.2655
89.3134
87.4455
85.6567
83.9421
82.2971
80.7178
79.2005
77.7429
280.917
263.981
248.902
235.387
223.205
212.172
202.14
192.995
184.658
180.536
173.331
167.121
160.777
152.97
147.698
142.775
138.172
133.861
129.816
126.015
122.435
119.059
115.871
112.854
109.997
107.286
104.711
102.261
99.9287
97.7048
95.582
93.5537
91.6136
89.7561
87.9759
86.2682
84.6287
83.0532
81.5379
80.0802
280.914
263.984
248.924
235.44
223.301
212.317
202.337
193.236
188.723
181.32
179.14
175.925
168.452
163.166
189.084
179.252
170.559
162.804
155.831
149.518
143.768
138.503
133.659
129.185
125.036
121.177
117.575
114.205
111.044
108.071
105.27
102.626
100.125
97.7554
95.507
93.3703
91.3372
89.4003
87.5534
85.7925
280.917
263.994
248.952
235.498
223.395
212.45
202.506
193.425
189.111
183.542
804.845
458.653
589.526
459.604
312.331
282.783
258.53
238.258
221.065
206.305
193.497
182.278
172.37
163.553
155.657
148.543
142.1
136.236
130.876
125.957
121.426
117.239
113.358
109.75
106.387
103.244
100.301
97.5391
94.9422
92.497
280.927
264.014
248.992
235.568
223.504
212.603
202.702
193.667
185.526
181.667
175.186
171.497
167.219
170.197
174.03
175.089
174.229
172.067
169.046
165.474
161.568
157.477
153.309
149.137
145.012
140.97
137.032
133.214
129.525
125.969
122.547
119.259
116.103
113.074
110.169
107.383
104.712
102.15
99.6944
97.3361
280.945
264.045
249.049
235.664
223.648
212.804
202.967
194.004
185.824
178.469
174.906
168.249
159.462
154.948
151.085
147.639
144.466
141.475
138.614
135.853
133.175
130.571
128.035
125.564
123.156
120.81
118.524
116.297
114.129
112.018
109.963
107.963
106.016
104.121
102.277
100.483
98.7359
97.0364
95.3839
93.7752
280.975
264.096
249.136
235.802
223.85
213.079
203.323
194.446
186.345
178.935
172.224
166.017
160.197
154.826
149.862
145.262
140.987
137
133.272
129.774
126.486
123.386
120.459
117.69
115.066
112.575
110.208
107.956
105.81
103.764
101.81
99.9434
98.158
96.4488
94.8115
93.2418
91.7361
90.2908
88.903
87.5698
281.026
264.179
249.273
236.011
224.142
213.461
203.799
195.016
187.001
179.66
172.911
166.681
160.908
155.542
150.542
145.872
141.5
137.398
133.541
129.908
126.48
123.239
120.171
117.262
114.5
111.875
109.377
106.998
104.728
102.562
100.493
98.5142
96.6211
94.8084
93.0718
91.407
89.8102
88.2778
86.8062
85.392
281.112
264.318
249.499
236.35
224.609
214.061
204.531
195.875
187.977
180.739
174.078
167.923
162.215
156.905
151.952
147.32
142.977
138.897
135.056
131.433
128.009
124.769
121.698
118.782
116.011
113.373
110.859
108.461
106.17
103.981
101.886
99.8797
97.9566
96.1119
94.3411
92.64
91.0048
89.4319
87.9179
86.4603
281.284
264.586
249.895
236.887
225.288
214.882
205.49
196.965
189.188
182.059
175.495
169.427
163.798
158.559
153.67
149.095
144.805
140.772
136.973
133.388
130
126.791
123.748
120.858
118.109
115.492
112.997
110.616
108.341
106.165
104.083
102.087
100.174
98.3371
96.5733
94.878
93.2474
91.678
90.1663
88.7088
281.606
265.221
250.949
238.336
227.081
216.967
207.82
199.497
191.886
184.894
178.443
172.469
166.918
161.745
156.911
152.384
148.133
144.134
140.365
136.806
133.44
130.25
127.224
124.349
121.615
119.01
116.526
114.154
111.889
109.721
107.646
105.658
103.751
101.921
100.164
98.4743
96.8494
95.2857
93.7798
92.3299
282.497
266.284
252.392
240.273
229.553
219.973
211.334
203.484
196.303
189.703
183.608
177.958
172.704
167.804
163.222
158.928
154.896
151.102
147.526
144.15
140.957
137.934
135.068
132.346
129.759
127.297
124.952
122.716
120.582
118.543
116.594
114.729
112.943
111.232
109.591
108.017
106.505
105.053
103.656
102.311
287.225
273.314
260.2
248.228
237.427
227.661
218.775
210.644
203.168
196.263
189.862
183.907
178.35
173.15
168.273
163.687
159.367
155.289
151.433
147.781
144.316
141.025
137.895
134.913
132.07
129.357
126.764
124.284
121.909
119.634
117.452
115.358
113.347
111.414
109.555
107.765
106.042
104.381
102.78
101.238
288.227
272.787
256.266
239.984
224.699
210.654
197.863
186.265
175.77
166.28
157.692
149.913
142.854
136.435
130.59
125.256
120.38
115.914
111.818
108.054
104.59
101.395
98.4454
95.7169
93.1893
90.8445
88.6662
86.6397
84.7519
82.9912
81.347
79.8098
78.371
77.023
75.7586
74.5716
73.4563
72.4076
71.4216
70.4966
282.847
265.761
250.197
236.04
223.182
211.537
201
191.459
182.812
174.968
167.845
161.365
155.459
150.068
145.141
140.635
136.508
132.725
129.252
126.062
123.126
120.422
117.929
115.626
113.497
111.526
109.7
108.005
106.431
104.967
103.605
102.336
101.151
100.046
99.0133
98.0473
97.1431
96.2959
95.5006
94.7495
281.672
264.876
249.655
235.763
223.058
211.443
200.824
191.111
182.224
174.086
166.625
159.771
153.46
147.639
142.261
137.286
132.675
128.397
124.42
120.719
117.269
114.048
111.036
108.216
105.573
103.091
100.758
98.5625
96.494
94.5428
92.7005
90.9593
89.312
87.7522
86.2741
84.8724
83.5423
82.2794
81.0798
79.9408
281.236
264.31
249.028
235.145
222.501
210.97
200.441
190.815
182.004
173.927
166.51
159.679
153.369
147.529
142.114
137.086
132.41
128.054
123.991
120.194
116.64
113.309
110.182
107.242
104.474
101.865
99.4014
97.0731
94.8696
92.7819
90.8017
88.9214
87.1342
85.4339
83.8148
82.2717
80.7998
79.3948
78.0528
76.7701
281.068
264.118
248.9
235.142
222.653
211.281
200.901
191.407
182.709
174.728
167.389
160.614
154.337
148.509
143.092
138.048
133.344
128.952
124.843
120.993
117.381
113.987
110.792
107.781
104.939
102.253
99.7108
97.3017
95.016
92.845
90.7805
88.8152
86.9425
85.1562
83.4508
81.8212
80.2627
78.7711
77.3426
75.9738
280.989
264.038
248.872
235.203
222.819
211.557
201.283
191.888
183.283
175.39
168.134
161.426
155.195
149.399
144.003
138.973
134.278
129.887
125.775
121.918
118.295
114.885
111.671
108.638
105.771
103.058
100.487
98.047
95.7292
93.5246
91.4254
89.4245
87.5153
85.6918
83.9485
82.2804
80.683
79.152
77.6838
76.2753
280.949
264.002
248.873
235.27
222.97
211.801
201.623
192.323
183.812
176.023
168.883
162.302
156.14
150.397
145.041
140.041
135.368
130.994
126.894
123.044
119.423
116.011
112.793
109.752
106.874
104.148
101.561
99.1041
96.767
94.5416
92.4203
90.3961
88.4625
86.6138
84.8445
83.1497
81.5249
79.9661
78.4693
77.0316
280.927
263.986
248.885
235.331
223.097
212.002
201.903
192.683
184.259
176.606
169.652
166.087
156.875
151.205
145.904
140.949
136.314
131.971
127.895
124.065
120.459
117.06
113.85
110.814
107.94
105.215
102.628
100.168
97.8275
95.5975
93.4706
91.4399
89.4993
87.6429
85.8655
84.1622
82.5286
80.9606
79.4544
78.0077
280.917
263.981
248.902
235.387
223.205
212.171
202.14
192.993
184.651
180.52
173.277
167.034
160.714
152.907
147.684
142.795
138.216
133.92
129.882
126.081
122.498
119.115
115.916
112.887
110.016
107.291
104.7
102.236
99.888
97.6494
95.5126
93.4711
91.5189
89.6503
87.8604
86.1443
84.4977
82.9164
81.3964
79.935
280.914
263.984
248.924
235.441
223.301
212.317
202.337
193.236
188.716
181.241
178.818
175.589
168.385
163.427
190.606
181.241
172.836
165.256
158.384
152.123
146.392
141.123
136.26
131.756
127.572
123.672
120.028
116.614
113.409
110.393
107.548
104.862
102.319
99.9095
97.6221
95.4477
93.3782
91.406
89.5241
87.7269
280.917
263.994
248.952
235.498
223.395
212.452
202.509
193.431
189.116
183.506
783.709
454.501
557.427
453.799
311.876
282.614
258.627
238.592
221.611
207.037
194.392
183.314
173.527
164.815
157.008
149.969
143.589
137.777
132.46
127.575
123.072
118.906
115.041
111.444
108.087
104.949
102.009
99.2499
96.6559
94.2151
280.927
264.014
248.992
235.568
223.505
212.605
202.706
193.675
185.536
181.675
175.198
171.574
167.703
170.461
174.13
175.143
174.298
172.181
169.22
165.714
161.876
157.853
153.751
149.644
145.583
141.601
137.722
133.961
130.327
126.823
123.451
120.211
117.099
114.112
111.247
108.499
105.864
103.336
100.911
98.5836
280.945
264.045
249.049
235.664
223.65
212.807
202.971
194.01
185.832
178.472
174.911
168.263
159.471
154.921
150.986
147.451
144.189
141.116
138.187
135.373
132.656
130.027
127.478
125.005
122.604
120.273
118.01
115.813
113.68
111.609
109.598
107.646
105.75
103.908
102.119
100.382
98.6944
97.0554
95.4644
93.9199
280.975
264.096
249.136
235.802
223.851
213.08
203.325
194.45
186.349
178.938
172.222
166.011
160.19
154.817
149.846
145.234
140.943
136.937
133.186
129.664
126.35
123.225
120.272
117.477
114.828
112.313
109.923
107.649
105.483
103.418
101.447
99.5644
97.7648
96.0433
94.3952
92.8167
91.3039
89.8536
88.4626
87.1287
281.026
264.179
249.273
236.011
224.143
213.463
203.801
195.019
187.004
179.662
172.912
166.682
160.909
155.543
150.544
145.873
141.501
137.398
133.54
129.905
126.474
123.231
120.16
117.248
114.483
111.854
109.352
106.967
104.693
102.521
100.446
98.4614
96.5617
94.7421
92.9981
91.3255
89.7205
88.1795
86.699
85.2755
281.112
264.318
249.499
236.35
224.609
214.061
204.531
195.876
187.978
180.739
174.077
167.921
162.213
156.903
151.949
147.317
142.974
138.893
135.052
131.429
128.005
124.765
121.693
118.777
116.005
113.367
110.852
108.453
106.162
103.971
101.875
99.8669
97.9422
96.0956
94.3227
92.6194
90.9817
89.4062
87.8893
86.4284
281.284
264.586
249.895
236.887
225.289
214.883
205.491
196.966
189.188
182.059
175.495
169.427
163.798
158.559
153.67
149.096
144.806
140.773
136.975
133.391
130.002
126.794
123.751
120.861
118.113
115.496
113.001
110.62
108.345
106.169
104.086
102.09
100.176
98.3397
96.5755
94.8798
93.2487
91.6787
90.1663
88.7081
281.606
265.221
250.949
238.336
227.081
216.967
207.82
199.497
191.886
184.893
178.442
172.468
166.917
161.744
156.91
152.383
148.132
144.134
140.365
136.806
133.439
130.25
127.224
124.35
121.615
119.01
116.526
114.155
111.889
109.721
107.646
105.658
103.751
101.921
100.163
98.4734
96.8483
95.2841
93.7779
92.3276
282.497
266.284
252.392
240.273
229.553
219.973
211.334
203.483
196.303
189.702
183.607
177.958
172.703
167.803
163.222
158.928
154.896
151.103
147.527
144.151
140.959
137.936
135.069
132.348
129.761
127.299
124.954
122.718
120.584
118.545
116.596
114.731
112.945
111.234
109.593
108.019
106.507
105.054
103.658
102.312
287.225
273.314
260.2
248.228
237.427
227.661
218.775
210.644
203.168
196.263
189.862
183.907
178.35
173.151
168.273
163.688
159.368
155.29
151.434
147.782
144.317
141.026
137.896
134.914
132.071
129.358
126.765
124.285
121.911
119.635
117.454
115.36
113.348
111.415
109.556
107.766
106.043
104.382
102.781
101.239
288.227
272.787
256.266
239.984
224.699
210.653
197.863
186.265
175.77
166.278
157.691
149.911
142.852
136.434
130.589
125.255
120.38
115.916
111.821
108.059
104.595
101.403
98.4545
95.7277
93.2021
90.8593
88.6829
86.6585
84.773
83.0145
81.3726
79.8378
78.4015
77.056
75.7942
74.6098
73.4971
72.4512
71.4679
70.5457
282.847
265.761
250.197
236.04
223.182
211.537
201
191.458
182.81
174.966
167.843
161.362
155.457
150.068
145.143
140.639
136.515
132.735
129.265
126.078
123.146
120.445
117.955
115.655
113.53
111.563
109.74
108.049
106.479
105.019
103.66
102.394
101.214
100.112
99.0834
98.1213
97.221
96.3777
95.5863
94.8391
281.672
264.876
249.655
235.763
223.058
211.443
200.823
191.11
182.222
174.083
166.619
159.764
153.452
147.631
142.253
137.278
132.668
128.39
124.414
120.714
117.264
114.044
111.033
108.214
105.571
103.09
100.758
98.5628
96.4948
94.5442
92.7025
90.9618
89.315
87.7557
86.2781
84.8768
83.5471
82.2846
81.0854
79.9468
281.236
264.31
249.028
235.145
222.501
210.97
200.44
190.814
182.001
173.923
166.504
159.67
153.36
147.52
142.106
137.079
132.404
128.05
123.988
120.193
116.641
113.311
110.185
107.247
104.481
101.873
99.4106
97.0836
94.8814
92.795
90.8161
88.9372
87.1513
85.4523
83.8344
82.2925
80.8218
79.418
78.0772
76.7956
281.068
264.118
248.9
235.142
222.653
211.281
200.9
191.406
182.706
174.723
167.379
160.6
154.322
148.494
143.077
138.034
133.333
128.942
124.835
120.988
117.378
113.986
110.793
107.784
104.944
102.259
99.7189
97.3116
95.0277
92.8585
90.7957
88.8322
86.9612
85.1767
83.473
81.8451
80.2884
78.7985
77.3717
76.0046
280.989
264.038
248.872
235.203
222.819
211.557
201.283
191.887
183.28
175.382
168.119
161.406
155.174
149.381
143.988
138.961
134.269
129.883
125.775
121.922
118.303
114.897
111.687
108.658
105.795
103.086
100.519
98.0828
95.7687
93.5678
91.4722
89.4749
87.5692
85.7491
84.0093
82.3447
80.7507
79.2232
77.7584
76.3532
280.949
264.002
248.873
235.27
222.97
211.801
201.623
192.322
183.808
176.01
168.853
162.257
156.09
150.348
144.996
140.002
135.335
130.966
126.871
123.025
119.409
116.002
112.787
109.751
106.877
104.155
101.573
99.1199
96.7872
94.5664
92.4497
90.4302
88.5015
86.6576
84.8934
83.2038
81.5843
80.0308
78.5395
77.1072
280.927
263.986
248.885
235.331
223.097
212.002
201.903
192.681
184.251
176.574
169.58
166.019
156.806
151.146
145.867
140.94
136.334
132.02
127.972
124.168
120.587
117.211
114.022
111.007
108.152
105.445
102.875
100.432
98.1066
95.8916
93.7793
91.7629
89.8361
87.9932
86.2292
84.539
82.9184
81.3632
79.8696
78.4355
280.917
263.981
248.902
235.387
223.205
212.171
202.139
192.99
184.637
180.491
173.156
166.799
160.495
152.721
147.537
142.663
138.09
133.797
129.764
125.969
122.395
119.023
115.838
112.825
109.971
107.266
104.698
102.259
99.9388
97.7297
95.6244
93.616
91.6984
89.8657
88.1128
86.4346
84.8266
83.2844
81.8037
80.3808
280.914
263.984
248.924
235.441
223.301
212.318
202.338
193.237
188.704
181.062
177.857
174.475
168.208
164.263
201.178
189.427
179.299
170.452
162.64
155.676
149.419
143.756
138.599
133.877
129.532
125.515
121.786
118.311
115.063
112.018
109.155
106.457
103.908
101.496
99.2078
97.0343
94.9662
92.9955
91.1147
89.3169
280.917
263.994
248.953
235.498
223.397
212.455
202.514
193.442
189.124
183.413
756.876
440.37
543.516
463.093
330.267
300.176
275.381
254.584
236.892
221.658
208.399
196.752
186.438
177.238
168.978
161.519
154.748
148.573
142.917
137.717
132.919
128.477
124.353
120.514
116.931
113.579
110.435
107.481
104.7
102.079
280.927
264.014
248.992
235.569
223.507
212.609
202.715
193.69
185.554
181.682
175.165
171.657
167.641
167.075
170.098
170.791
169.881
167.898
165.211
162.071
158.655
155.085
151.447
147.801
144.19
140.641
137.175
133.803
130.535
127.373
124.32
121.376
118.539
115.806
113.176
110.644
108.207
105.862
103.606
101.438
280.945
264.045
249.05
235.665
223.652
212.811
202.979
194.022
185.847
178.477
174.915
168.269
159.437
154.617
150.357
146.477
142.871
139.474
136.248
133.172
130.23
127.413
124.713
122.124
119.642
117.26
114.975
112.781
110.675
108.652
106.709
104.841
103.044
101.314
99.6495
98.0461
96.5011
95.0123
93.578
92.1978
280.975
264.096
249.136
235.803
223.853
213.084
203.331
194.458
186.358
178.945
172.219
165.998
160.173
154.786
149.792
145.147
140.812
136.755
132.948
129.365
125.987
122.796
119.776
116.913
114.196
111.615
109.158
106.819
104.589
102.462
100.43
98.4896
96.6339
94.8586
93.1593
91.5321
89.9732
88.4796
87.048
85.6766
281.026
264.179
249.273
236.012
224.144
213.465
203.804
195.023
187.008
179.666
172.915
166.683
160.909
155.543
150.544
145.873
141.499
137.394
133.534
129.896
126.462
123.214
120.138
117.22
114.449
111.813
109.302
106.909
104.625
102.443
100.357
98.3603
96.4478
94.6144
92.8557
91.1675
89.5459
87.9874
86.4884
85.0457
281.112
264.318
249.499
236.351
224.61
214.062
204.533
195.877
187.979
180.739
174.076
167.919
162.209
156.898
151.944
147.311
142.968
138.887
135.046
131.422
127.999
124.758
121.685
118.769
115.996
113.356
110.84
108.439
106.146
103.953
101.855
99.844
97.9163
96.0665
94.2901
92.5828
90.9409
89.3607
87.8389
86.3727
281.284
264.586
249.896
236.887
225.289
214.883
205.491
196.967
189.189
182.059
175.495
169.427
163.798
158.559
153.671
149.097
144.808
140.776
136.978
133.395
130.007
126.799
123.757
120.867
118.119
115.502
113.008
110.627
108.352
106.176
104.092
102.096
100.182
98.3447
96.5799
94.8834
93.2514
91.6804
90.1669
88.7076
281.606
265.221
250.949
238.337
227.081
216.967
207.82
199.497
191.885
184.892
178.44
172.466
166.915
161.742
156.909
152.381
148.131
144.133
140.364
136.806
133.439
130.251
127.225
124.35
121.616
119.011
116.527
114.156
111.89
109.722
107.647
105.658
103.751
101.921
100.162
98.4723
96.8466
95.2819
93.775
92.3239
282.497
266.284
252.392
240.273
229.553
219.973
211.334
203.483
196.303
189.702
183.606
177.957
172.703
167.803
163.222
158.929
154.897
151.104
147.529
144.153
140.961
137.939
135.073
132.351
129.765
127.303
124.958
122.722
120.588
118.549
116.6
114.735
112.949
111.238
109.597
108.022
106.51
105.057
103.66
102.314
287.225
273.314
260.2
248.228
237.427
227.661
218.775
210.645
203.168
196.264
189.862
183.907
178.351
173.151
168.274
163.689
159.369
155.291
151.435
147.783
144.319
141.028
137.898
134.916
132.074
129.36
126.767
124.287
121.913
119.638
117.456
115.362
113.351
111.417
109.558
107.768
106.045
104.384
102.783
101.24
288.227
272.787
256.266
239.984
224.699
210.653
197.862
186.264
175.769
166.277
157.689
149.909
142.849
136.432
130.587
125.255
120.381
115.918
111.825
108.064
104.603
101.412
98.4662
95.7418
93.2186
90.8783
88.7046
86.683
84.8003
83.0448
81.406
79.8744
78.4413
77.0991
75.8408
74.6599
73.5509
72.5086
71.5291
70.6107
282.847
265.761
250.197
236.04
223.181
211.537
200.999
191.457
182.809
174.964
167.84
161.359
155.455
150.067
145.146
140.645
136.524
132.747
129.282
126.098
123.17
120.474
117.988
115.693
113.572
111.61
109.792
108.105
106.54
105.085
103.732
102.471
101.296
100.2
99.176
98.2193
97.3244
96.4865
95.7006
94.959
281.672
264.876
249.655
235.763
223.058
211.443
200.823
191.109
182.219
174.078
166.613
159.755
153.442
147.62
142.243
137.268
132.658
128.381
124.406
120.707
117.258
114.038
111.028
108.21
105.568
103.087
100.756
98.5617
96.4944
94.5445
92.7033
90.9632
89.3169
87.7582
86.2811
84.8803
83.5511
82.2891
81.0903
79.9521
281.236
264.31
249.028
235.145
222.501
210.97
200.44
190.812
181.999
173.918
166.496
159.66
153.349
147.509
142.096
137.07
132.397
128.045
123.985
120.191
116.64
113.312
110.189
107.252
104.487
101.881
99.4208
97.0955
94.8951
92.8104
90.8333
88.956
87.1719
85.4746
83.8584
82.3182
80.8492
79.4471
78.1079
76.8279
281.068
264.118
248.9
235.142
222.653
211.281
200.9
191.404
182.703
174.716
167.367
160.584
154.303
148.476
143.059
138.018
133.318
128.929
124.825
120.98
117.372
113.982
110.792
107.785
104.947
102.265
99.7274
97.3226
95.0412
92.8744
90.8142
88.8532
86.9847
85.2026
83.5015
81.8761
80.3219
78.8345
77.4102
76.0456
280.989
264.038
248.872
235.203
222.819
211.557
201.282
191.886
183.276
175.373
168.101
161.382
155.149
149.356
143.966
138.943
134.255
129.872
125.768
121.919
118.304
114.902
111.697
108.672
105.814
103.109
100.547
98.1151
95.8055
93.609
91.518
89.525
87.6238
85.8081
84.0727
82.4124
80.8227
79.2995
77.8389
76.4379
280.949
264.002
248.873
235.27
222.97
211.801
201.622
192.32
183.803
175.994
168.817
162.203
156.03
150.287
144.937
139.947
135.285
130.922
126.832
122.993
119.382
115.982
112.774
109.744
106.878
104.163
101.588
99.1426
96.8174
94.6041
92.495
90.4832
88.5623
86.7264
84.9702
83.2887
81.6775
80.1324
78.6495
77.226
280.927
263.986
248.885
235.331
223.096
212.002
201.902
192.68
184.243
176.538
169.493
165.935
156.681
151.024
145.75
140.83
136.232
131.927
127.889
124.094
120.522
117.155
113.976
110.97
108.124
105.426
102.865
100.431
98.116
95.9113
93.8098
91.8045
89.8895
88.0589
86.3076
84.6308
83.024
81.4832
80.0046
78.5859
280.917
263.981
248.902
235.387
223.204
212.171
202.138
192.986
184.622
180.457
172.993
166.432
160.091
152.055
146.914
142.102
137.595
133.369
129.402
125.673
122.162
118.853
115.729
112.776
109.987
107.355
104.865
102.506
100.266
98.1372
96.1097
94.1764
92.3305
90.566
88.8775
87.2599
85.7088
84.2199
82.7893
81.4151
280.914
263.984
248.924
235.441
223.302
212.319
202.339
193.237
188.692
180.806
176.18
172.054
166.735
162.195
181.273
173.224
166.089
159.7
153.927
148.669
143.845
139.392
135.257
131.4
127.783
124.373
121.15
118.098
115.202
112.451
109.832
107.336
104.954
102.678
100.503
98.4196
96.4234
94.5087
92.6711
90.9074
280.917
263.994
248.953
235.499
223.398
212.458
202.522
193.457
189.134
183.226
667.906
510.479
984.449
544.303
265.434
251.559
238.542
226.469
215.342
205.117
195.73
187.114
179.198
171.915
165.205
159.011
153.283
147.975
143.046
138.46
134.185
130.192
126.446
122.923
119.606
116.477
113.521
110.726
108.082
105.589
280.927
264.014
248.993
235.57
223.509
212.615
202.726
193.71
185.576
181.667
174.862
171.104
164.817
156.775
152.871
149.432
146.302
143.379
140.597
137.914
135.307
132.761
130.268
127.813
125.398
123.024
120.694
118.411
116.177
113.994
111.864
109.788
107.766
105.799
103.887
102.03
100.226
98.4772
96.783
95.148
280.945
264.046
249.05
235.667
223.654
212.816
202.988
194.038
185.866
178.482
174.906
168.234
159.322
154.041
149.152
144.616
140.393
136.447
132.745
129.262
125.976
122.871
119.931
117.154
114.526
112.035
109.672
107.425
105.287
103.249
101.305
99.4486
97.6738
95.9757
94.3497
92.7918
91.2981
89.8656
88.4916
87.1755
280.975
264.096
249.137
235.804
223.855
213.088
203.337
194.467
186.369
178.953
172.215
165.982
160.145
154.731
149.695
144.997
140.604
136.484
132.613
128.967
125.528
122.277
119.199
116.282
113.511
110.878
108.371
105.983
103.706
101.532
99.4548
97.4686
95.5678
93.7473
92.0025
90.3291
88.7234
87.1817
85.7006
84.2769
281.026
264.179
249.274
236.013
224.146
213.467
203.808
195.028
187.014
179.671
172.919
166.685
160.91
155.542
150.54
145.867
141.49
137.381
133.516
129.874
126.434
123.181
120.099
117.175
114.396
111.753
109.235
106.834
104.541
102.35
100.254
98.2466
96.3231
94.4783
92.7074
91.0064
89.3712
87.7984
86.2844
84.826
281.112
264.318
249.5
236.351
224.611
214.064
204.535
195.88
187.98
180.74
174.075
167.916
162.204
156.892
151.937
147.303
142.959
138.878
135.036
131.412
127.988
124.747
121.674
118.756
115.982
113.342
110.825
108.423
106.128
103.934
101.834
99.8214
97.8916
96.0395
94.2604
92.5504
90.9054
89.3219
87.7966
86.3264
281.284
264.586
249.896
236.888
225.29
214.884
205.492
196.968
189.19
182.06
175.495
169.427
163.798
158.56
153.672
149.099
144.81
140.779
136.982
133.399
130.012
126.805
123.763
120.874
118.126
115.509
113.015
110.634
108.358
106.182
104.098
102.102
100.187
98.3485
96.5827
94.885
93.2518
91.6794
90.1644
88.7035
281.606
265.221
250.949
238.337
227.081
216.967
207.82
199.497
191.885
184.891
178.439
172.464
166.913
161.74
156.907
152.379
148.13
144.132
140.364
136.805
133.44
130.251
127.226
124.352
121.617
119.013
116.529
114.158
111.892
109.724
107.649
105.66
103.753
101.922
100.163
98.4727
96.8465
95.2813
93.7738
92.322
282.498
266.284
252.392
240.273
229.553
219.973
211.334
203.483
196.302
189.701
183.605
177.956
172.702
167.803
163.222
158.929
154.898
151.106
147.531
144.156
140.965
137.942
135.077
132.356
129.769
127.308
124.964
122.728
120.594
118.555
116.606
114.74
112.954
111.242
109.601
108.026
106.514
105.06
103.663
102.316
287.225
273.314
260.2
248.228
237.428
227.661
218.775
210.645
203.169
196.264
189.863
183.908
178.351
173.152
168.275
163.69
159.37
155.293
151.437
147.785
144.321
141.03
137.9
134.919
132.076
129.363
126.77
124.29
121.916
119.641
117.459
115.365
113.354
111.421
109.561
107.771
106.048
104.387
102.786
101.243
288.227
272.787
256.266
239.984
224.699
210.653
197.862
186.263
175.768
166.275
157.687
149.906
142.846
136.429
130.586
125.254
120.382
115.921
111.829
108.07
104.611
101.422
98.4787
95.7567
93.236
90.8984
88.7275
86.7087
84.829
83.0766
81.4409
79.9125
78.4828
77.1439
75.8891
74.7118
73.6063
72.5678
71.5919
70.6773
282.847
265.761
250.197
236.04
223.181
211.536
200.999
191.456
182.807
174.961
167.836
161.356
155.453
150.067
145.148
140.65
136.533
132.76
129.299
126.12
123.196
120.504
118.023
115.733
113.616
111.658
109.845
108.164
106.603
105.154
103.805
102.549
101.379
100.288
99.2697
98.3181
97.4284
96.5957
95.8149
95.0787
281.672
264.876
249.655
235.763
223.058
211.442
200.822
191.107
182.217
174.073
166.606
159.746
153.432
147.609
142.232
137.257
132.649
128.372
124.398
120.7
117.252
114.033
111.024
108.206
105.565
103.085
100.754
98.561
96.4943
94.5449
92.7043
90.9647
89.3189
87.7607
86.284
84.8836
83.5547
82.293
81.0945
79.9566
281.236
264.31
249.028
235.145
222.501
210.97
200.439
190.811
181.996
173.913
166.488
159.65
153.337
147.498
142.086
137.062
132.39
128.04
123.981
120.189
116.64
113.314
110.192
107.257
104.494
101.889
99.4303
97.1066
94.9077
92.8245
90.8487
88.9729
87.1902
85.4942
83.8794
82.3405
80.8728
79.472
78.1339
76.8552
281.068
264.118
248.9
235.142
222.653
211.281
200.899
191.403
182.7
174.708
167.354
160.567
154.285
148.457
143.042
138.003
133.305
128.918
124.816
120.973
117.368
113.981
110.793
107.789
104.953
102.273
99.7376
97.3349
95.0556
92.8909
90.8326
88.8735
87.007
85.2268
83.5275
81.904
80.3516
78.8661
77.4437
76.0811
280.989
264.038
248.872
235.203
222.819
211.557
201.282
191.884
183.272
175.363
168.082
161.357
155.123
149.332
143.944
138.925
134.24
129.86
125.76
121.914
118.302
114.903
111.701
108.68
105.824
103.122
100.562
98.1338
95.8271
93.6334
91.5452
89.5553
87.6571
85.8448
84.1128
82.4563
80.8706
79.3516
77.8956
76.4996
280.949
264.002
248.873
235.27
222.97
211.801
201.622
192.319
183.797
175.979
168.785
162.136
155.963
150.223
144.879
139.896
135.241
130.885
126.803
122.97
119.366
115.972
112.77
109.746
106.885
104.175
101.605
99.165
96.8451
94.6374
92.5346
90.5297
88.6164
86.7886
85.0411
83.3688
81.7672
80.2321
78.7594
77.3466
280.927
263.986
248.885
235.331
223.096
212.002
201.902
192.678
184.235
176.508
169.416
162.868
156.77
151.08
145.778
140.831
136.209
131.882
127.824
124.013
120.428
117.051
113.864
110.853
108.004
105.306
102.749
100.323
98.018
95.8263
93.7396
91.7508
89.8536
88.0419
86.3104
84.6541
83.0685
81.5493
80.0927
78.6968
280.917
263.981
248.902
235.387
223.204
212.171
202.137
192.982
184.611
180.432
172.864
165.969
159.589
151.48
146.361
141.576
137.098
132.902
128.968
125.279
121.812
118.551
115.478
112.578
109.837
107.243
104.782
102.445
100.222
98.1053
96.0865
94.159
92.3165
90.5534
88.8644
87.2447
85.6899
84.1959
82.7587
81.376
280.914
263.984
248.924
235.441
223.302
212.32
202.341
193.242
184.931
180.987
173.894
169.115
161.698
154.371
149.39
144.759
140.453
136.44
132.684
129.154
125.824
122.674
119.686
116.844
114.136
111.55
109.077
106.709
104.439
102.259
100.166
98.1528
96.2162
94.352
92.5566
90.8264
89.1582
87.5486
85.9945
84.4919
280.917
263.995
248.953
235.5
223.4
212.462
202.529
193.474
185.213
181.331
175.081
174.807
169.552
157.569
155.072
152.063
148.711
145.168
141.541
137.905
134.311
130.794
127.378
124.076
120.897
117.844
114.913
112.104
109.413
106.837
104.371
102.011
99.7613
97.6176
95.5726
93.6198
91.753
89.967
88.2576
86.6221
280.927
264.014
248.993
235.571
223.512
212.621
202.737
193.729
185.498
178.088
174.544
168.156
162.481
153.888
149.121
144.714
140.63
136.83
133.283
129.96
126.832
123.879
121.081
118.422
115.888
113.468
111.152
108.931
106.798
104.748
102.774
100.872
99.0378
97.268
95.5592
93.9087
92.3138
90.7728
89.2847
87.8516
280.945
264.046
249.051
235.668
223.657
212.822
202.998
194.054
185.881
178.4
171.631
165.377
159.548
154.109
149.049
144.329
139.918
135.786
131.906
128.255
124.816
121.571
118.503
115.599
112.848
110.236
107.756
105.396
103.149
101.007
98.9626
97.0103
95.144
93.3583
91.6484
90.01
88.4391
86.932
85.4855
84.0965
280.975
264.096
249.137
235.805
223.857
213.092
203.344
194.477
186.38
178.96
172.141
165.851
160.029
154.621
149.584
144.882
140.48
136.35
132.466
128.808
125.354
122.09
118.998
116.066
113.281
110.632
108.11
105.706
103.411
101.219
99.1238
97.1182
95.197
93.3552
91.5882
89.8917
88.2616
86.6946
85.1871
83.7359
281.026
264.179
249.274
236.013
224.148
213.47
203.812
195.034
187.02
179.676
172.92
166.683
160.904
155.535
150.532
145.858
141.48
137.37
133.504
129.86
126.419
123.164
120.08
117.154
114.374
111.728
109.208
106.805
104.509
102.315
100.215
98.2037
96.2757
94.426
92.65
90.9433
89.3021
87.7227
86.2015
84.7353
281.112
264.318
249.5
236.352
224.612
214.066
204.537
195.882
187.982
180.74
174.073
167.913
162.2
156.887
151.932
147.298
142.954
138.873
135.032
131.408
127.984
124.743
121.67
118.753
115.979
113.338
110.821
108.419
106.124
103.93
101.829
99.8164
97.886
96.0329
94.2528
92.5414
90.895
89.3101
87.7834
86.3124
281.284
264.586
249.896
236.888
225.29
214.885
205.494
196.969
189.191
182.06
175.495
169.427
163.798
158.561
153.674
149.101
144.814
140.783
136.987
133.405
130.019
126.812
123.771
120.882
118.135
115.519
113.024
110.643
108.368
106.192
104.108
102.112
100.196
98.358
96.5919
94.894
93.2605
91.6879
90.1726
88.7111
281.606
265.221
250.949
238.337
227.082
216.968
207.82
199.497
191.884
184.89
178.437
172.462
166.91
161.738
156.905
152.378
148.129
144.131
140.364
136.806
133.441
130.253
127.228
124.354
121.62
119.016
116.532
114.161
111.896
109.728
107.653
105.664
103.756
101.925
100.167
98.4758
96.8493
95.2837
93.7759
92.3236
282.498
266.284
252.392
240.274
229.553
219.973
211.334
203.483
196.302
189.7
183.604
177.955
172.701
167.802
163.222
158.93
154.9
151.108
147.534
144.159
140.968
137.947
135.081
132.361
129.775
127.314
124.97
122.734
120.6
118.561
116.612
114.747
112.961
111.249
109.608
108.032
106.52
105.066
103.668
102.322
287.225
273.314
260.2
248.228
237.428
227.661
218.775
210.645
203.169
196.264
189.863
183.908
178.352
173.153
168.276
163.691
159.372
155.294
151.439
147.787
144.323
141.033
137.903
134.922
132.079
129.366
126.774
124.294
121.919
119.644
117.463
115.369
113.357
111.424
109.564
107.775
106.051
104.39
102.789
101.246
288.227
272.787
256.266
239.984
224.699
210.653
197.862
186.263
175.767
166.274
157.685
149.904
142.844
136.427
130.584
125.254
120.383
115.923
111.833
108.076
104.618
101.432
98.49
95.7702
93.2518
90.9166
88.7482
86.732
84.855
83.1054
81.4726
79.9471
78.5205
77.1848
75.9331
74.7591
73.6571
72.6219
71.6495
70.7385
282.847
265.761
250.197
236.04
223.181
211.536
200.998
191.455
182.805
174.959
167.833
161.353
155.451
150.067
145.151
140.656
136.542
132.773
129.315
126.139
123.219
120.531
118.054
115.768
113.656
111.702
109.894
108.217
106.661
105.215
103.872
102.621
101.456
100.369
99.3555
98.4089
97.5241
96.6964
95.9206
95.1895
281.672
264.876
249.655
235.763
223.058
211.442
200.821
191.106
182.214
174.069
166.599
159.738
153.422
147.6
142.222
137.248
132.64
128.365
124.391
120.693
117.246
114.028
111.019
108.202
105.561
103.082
100.752
98.5589
96.4926
94.5436
92.7033
90.9639
89.3184
87.7604
86.2839
84.8837
83.5549
82.2933
81.0948
79.957
281.236
264.31
249.028
235.145
222.501
210.97
200.439
190.81
181.993
173.908
166.48
159.641
153.327
147.488
142.077
137.054
132.384
128.035
123.978
120.187
116.64
113.315
110.194
107.26
104.499
101.895
99.438
97.1155
94.9179
92.836
90.8616
88.987
87.2056
85.5109
83.8974
82.3599
80.8936
79.4943
78.158
76.8808
281.068
264.118
248.9
235.142
222.653
211.281
200.899
191.402
182.696
174.702
167.344
160.554
154.27
148.443
143.029
137.99
133.294
128.91
124.809
120.969
117.365
113.98
110.794
107.791
104.958
102.28
99.7459
97.345
95.0675
92.9045
90.8479
88.8906
87.0259
85.2477
83.5506
81.9294
80.3796
78.8968
77.4772
76.1176
280.989
264.038
248.872
235.203
222.819
211.557
201.282
191.883
183.268
175.354
168.068
161.338
155.102
149.312
143.927
138.909
134.227
129.85
125.752
121.91
118.3
114.904
111.705
108.686
105.833
103.134
100.577
98.1514
95.8477
93.6575
91.5728
89.587
87.6933
85.8857
84.1586
82.5069
80.9261
79.4117
77.9602
76.5683
280.949
264.002
248.873
235.27
222.97
211.8
201.621
192.317
183.793
175.966
168.761
162.104
155.93
150.192
144.85
139.87
135.219
130.867
126.789
122.96
119.36
115.969
112.771
109.751
106.894
104.188
101.622
99.1869
96.8728
94.6713
92.5745
90.5753
88.667
86.8438
85.1004
83.4317
81.8334
80.3012
78.8313
77.4207
280.927
263.986
248.885
235.331
223.096
212.001
201.901
192.676
184.229
176.481
169.355
162.769
156.655
150.969
145.672
140.731
136.114
131.793
127.741
123.937
120.358
116.986
113.805
110.802
107.961
105.272
102.722
100.301
97.999
95.8083
93.7212
91.7306
89.8303
88.0145
86.2778
84.6154
83.0227
81.4958
80.0306
78.6249
280.917
263.981
248.902
235.387
223.204
212.171
202.137
192.98
184.602
176.927
169.894
163.405
157.382
151.782
146.564
141.693
137.138
132.874
128.875
125.12
121.588
118.262
115.124
112.158
109.35
106.689
104.163
101.762
99.4782
97.3028
95.2283
93.248
91.3558
89.546
87.8134
86.1531
84.5607
83.032
81.5632
80.1516
280.914
263.984
248.924
235.441
223.303
212.32
202.342
193.243
184.924
177.313
173.567
166.712
157.765
152.296
147.201
142.448
138.006
133.848
129.948
126.28
122.825
119.565
116.482
113.564
110.796
108.167
105.666
103.285
101.015
98.8474
96.7763
94.7949
92.8975
91.0787
89.3337
87.6579
86.047
84.4972
83.0045
81.565
280.917
263.995
248.953
235.501
223.401
212.465
202.535
193.483
185.209
177.658
174.078
167.476
158.348
152.992
148.046
143.441
139.128
135.071
131.242
127.621
124.189
120.933
117.838
114.895
112.093
109.423
106.879
104.455
102.141
99.9315
97.8184
95.7958
93.8581
92
90.2168
88.5039
86.8573
85.2732
83.7481
82.2779
280.927
264.014
248.993
235.573
223.514
212.625
202.745
193.744
185.515
177.979
171.149
164.838
158.977
153.529
148.464
143.742
139.328
135.194
131.317
127.672
124.24
121.002
117.942
115.045
112.299
109.691
107.21
104.848
102.595
100.443
98.3865
96.4179
94.5318
92.7228
90.9861
89.3175
87.7131
86.1694
84.6837
83.2536
280.945
264.046
249.051
235.669
223.66
212.826
203.006
194.067
185.898
178.411
171.532
165.194
159.332
153.892
148.825
144.097
139.674
135.529
131.634
127.968
124.511
121.246
118.157
115.231
112.454
109.817
107.307
104.917
102.638
100.462
98.3824
96.3933
94.489
92.6641
90.9138
89.234
87.6205
86.0697
84.5784
83.1432
280.975
264.096
249.138
235.806
223.859
213.096
203.35
194.486
186.39
178.97
172.145
165.846
160.016
154.602
149.56
144.852
140.446
136.312
132.426
128.764
125.308
122.04
118.945
116.008
113.217
110.563
108.036
105.626
103.326
101.128
99.026
97.0132
95.0844
93.2344
91.4587
89.7528
88.1129
86.5354
85.0169
83.5541
281.026
264.179
249.275
236.014
224.149
213.473
203.816
195.039
187.026
179.682
172.925
166.687
160.908
155.538
150.535
145.861
141.483
137.374
133.508
129.865
126.425
123.171
120.088
117.163
114.384
111.739
109.218
106.814
104.519
102.324
100.225
98.2136
96.2857
94.4359
92.6595
90.9522
89.3103
87.7298
86.2075
84.7399
281.112
264.318
249.5
236.352
224.613
214.067
204.539
195.884
187.984
180.741
174.074
167.912
162.199
156.886
151.93
147.296
142.953
138.872
135.031
131.408
127.985
124.744
121.672
118.755
115.982
113.342
110.825
108.424
106.129
103.934
101.832
99.8186
97.8875
96.034
94.2535
92.5419
90.8953
89.3102
87.7834
86.3121
281.285
264.586
249.896
236.888
225.291
214.886
205.495
196.97
189.192
182.061
175.496
169.427
163.799
158.562
153.676
149.104
144.817
140.787
136.992
133.411
130.025
126.819
123.778
120.89
118.144
115.528
113.034
110.654
108.379
106.203
104.12
102.124
100.208
98.3698
96.6037
94.9057
93.2721
91.6992
90.1835
88.7211
281.606
265.221
250.949
238.337
227.082
216.968
207.82
199.496
191.884
184.889
178.435
172.46
166.909
161.736
156.903
152.377
148.128
144.131
140.364
136.807
133.442
130.255
127.23
124.357
121.623
119.019
116.536
114.165
111.9
109.733
107.657
105.669
103.761
101.93
100.171
98.4796
96.8524
95.2862
93.7783
92.3268
282.498
266.284
252.392
240.274
229.553
219.973
211.334
203.482
196.301
189.699
183.603
177.954
172.701
167.802
163.222
158.931
154.901
151.11
147.536
144.162
140.972
137.951
135.086
132.366
129.78
127.32
124.976
122.74
120.606
118.568
116.619
114.754
112.968
111.256
109.615
108.04
106.527
105.074
103.676
102.328
287.225
273.314
260.2
248.228
237.428
227.661
218.776
210.645
203.169
196.265
189.864
183.909
178.353
173.154
168.277
163.692
159.373
155.296
151.441
147.789
144.326
141.035
137.905
134.925
132.082
129.369
126.777
124.297
121.923
119.648
117.466
115.372
113.361
111.427
109.568
107.778
106.054
104.393
102.792
101.248
288.227
272.787
256.266
239.984
224.699
210.653
197.862
186.262
175.766
166.273
157.683
149.902
142.842
136.426
130.583
125.254
120.383
115.925
111.836
108.08
104.624
101.439
98.4985
95.7804
93.2637
90.9303
88.7637
86.7495
84.8745
83.1269
81.4962
79.973
78.5485
77.2152
75.9658
74.7942
73.6946
72.6619
71.692
70.7835
282.847
265.762
250.197
236.04
223.181
211.536
200.998
191.454
182.804
174.957
167.831
161.351
155.45
150.067
145.153
140.66
136.548
132.782
129.327
126.154
123.237
120.552
118.077
115.794
113.685
111.735
109.929
108.256
106.703
105.261
103.92
102.673
101.511
100.428
99.4179
98.4747
97.5933
96.769
95.9966
95.269
281.672
264.876
249.655
235.763
223.058
211.442
200.821
191.105
182.212
174.066
166.595
159.732
153.416
147.593
142.215
137.242
132.634
128.359
124.386
120.688
117.242
114.024
111.016
108.2
105.559
103.08
100.75
98.5576
96.4916
94.5429
92.7028
90.9637
89.3183
87.7604
86.284
84.8839
83.5553
82.2939
81.0958
79.9585
281.236
264.31
249.028
235.145
222.501
210.969
200.438
190.809
181.991
173.905
166.475
159.634
153.32
147.481
142.07
137.048
132.379
128.031
123.975
120.185
116.639
113.315
110.196
107.263
104.502
101.9
99.4431
97.1215
94.9247
92.8437
90.87
88.9963
87.2157
85.522
83.9096
82.3734
80.9084
79.5104
78.1753
76.8994
281.068
264.118
248.9
235.142
222.653
211.28
200.899
191.401
182.694
174.698
167.337
160.544
154.26
148.433
143.019
137.982
133.287
128.904
124.805
120.965
117.364
113.979
110.795
107.794
104.961
102.285
99.7518
97.3521
95.0756
92.9137
90.8584
88.9024
87.0392
85.2628
83.5674
81.948
80.3999
78.9189
77.501
76.1431
280.989
264.038
248.872
235.203
222.819
211.557
201.281
191.882
183.265
175.349
168.058
161.325
155.089
149.299
143.915
138.899
134.219
129.844
125.748
121.907
118.299
114.905
111.708
108.69
105.839
103.142
100.587
98.1627
95.8611
93.6733
91.5915
89.6085
87.7174
85.9122
84.1873
82.5378
80.959
79.4468
77.9972
76.6074
280.949
264.002
248.873
235.27
222.97
211.8
201.621
192.316
183.79
175.958
168.746
162.084
155.908
150.17
144.83
139.851
135.202
130.852
126.776
122.949
119.351
115.962
112.766
109.747
106.892
104.189
101.626
99.1936
96.8822
94.6828
92.5876
90.5898
88.6827
86.8608
85.1184
83.4508
81.8535
80.3221
78.853
77.4433
280.927
263.985
248.885
235.331
223.096
212.001
201.901
192.675
184.225
176.469
169.33
162.735
156.619
150.933
145.638
140.7
136.086
131.767
127.718
123.915
120.338
116.967
113.789
110.787
107.947
105.258
102.707
100.283
97.9794
95.7861
93.6959
91.702
89.7981
87.9784
86.2376
84.5708
82.9736
81.4418
79.9717
78.5607
280.917
263.981
248.902
235.387
223.204
212.171
202.136
192.978
184.597
176.908
169.841
163.319
157.273
151.653
146.419
141.535
136.969
132.694
128.684
124.919
121.377
118.04
114.89
111.912
109.093
106.419
103.882
101.469
99.1739
96.9871
94.9014
92.9102
91.0073
89.187
87.4442
85.7741
84.1721
82.6343
81.1567
79.7367
280.914
263.984
248.924
235.441
223.303
212.321
202.343
193.243
184.919
177.288
170.274
163.805
157.82
152.266
147.099
142.281
137.779
133.563
129.608
125.889
122.385
119.079
115.954
112.995
110.191
107.529
104.999
102.591
100.296
98.1076
96.0178
94.0202
92.1088
90.2782
88.5234
86.8398
85.2229
83.6688
82.1735
80.7334
280.917
263.995
248.953
235.501
223.402
212.467
202.539
193.489
185.214
177.628
170.67
164.244
158.291
152.771
147.64
142.855
138.379
134.184
130.244
126.535
123.037
119.734
116.608
113.647
110.837
108.167
105.627
103.208
100.901
98.6997
96.596
94.5839
92.6574
90.8111
89.0403
87.3403
85.7069
84.1364
82.625
81.169
280.927
264.014
248.994
235.573
223.516
212.629
202.752
193.754
185.528
177.988
171.058
164.67
158.762
153.281
148.18
143.421
138.97
134.796
130.874
127.183
123.703
120.417
117.308
114.362
111.567
108.911
106.384
103.978
101.682
99.4905
97.3957
95.3914
93.4718
91.6316
89.8661
88.1706
86.5413
84.9744
83.4667
82.0151
280.945
264.046
249.052
235.67
223.662
212.83
203.012
194.076
185.91
178.423
171.539
165.19
159.316
153.864
148.789
144.052
139.622
135.469
131.567
127.893
124.427
121.153
118.054
115.118
112.331
109.682
107.161
104.758
102.467
100.278
98.1857
96.1832
94.265
92.4259
90.6611
88.9663
87.3374
85.7708
84.2632
82.8109
280.975
264.097
249.138
235.807
223.861
213.098
203.354
194.492
186.398
178.978
172.153
165.853
160.02
154.604
149.56
144.85
140.442
136.306
132.418
128.755
125.297
122.027
118.929
115.99
113.198
110.542
108.013
105.601
103.299
101.099
98.9944
96.9791
95.0475
93.1946
91.4157
89.7065
88.063
86.4817
84.9591
83.4919
281.026
264.179
249.275
236.015
224.15
213.475
203.819
195.043
187.031
179.687
172.93
166.691
160.912
155.543
150.54
145.866
141.489
137.38
133.515
129.872
126.433
123.179
120.097
117.172
114.393
111.747
109.227
106.823
104.528
102.334
100.234
98.223
96.2951
94.4451
92.6686
90.9611
89.3188
87.738
86.2153
84.747
281.112
264.318
249.501
236.353
224.614
214.068
204.54
195.885
187.985
180.742
174.074
167.912
162.199
156.886
151.93
147.297
142.954
138.874
135.033
131.41
127.987
124.747
121.675
118.759
115.986
113.347
110.83
108.428
106.132
103.937
101.836
99.822
97.8909
96.0374
94.2569
92.5453
90.8985
89.3132
87.7862
86.3148
281.285
264.586
249.897
236.889
225.291
214.887
205.495
196.971
189.193
182.062
175.496
169.428
163.8
158.563
153.677
149.106
144.82
140.791
136.996
133.415
130.03
126.825
123.784
120.897
118.151
115.536
113.042
110.662
108.388
106.212
104.128
102.132
100.217
98.3787
96.6128
94.915
93.2815
91.7087
90.193
88.7306
281.606
265.221
250.949
238.337
227.082
216.968
207.82
199.496
191.883
184.888
178.434
172.459
166.908
161.735
156.903
152.377
148.128
144.132
140.365
136.808
133.444
130.256
127.232
124.359
121.626
119.022
116.539
114.169
111.904
109.737
107.662
105.672
103.764
101.933
100.173
98.4824
96.8557
95.29
93.7825
92.3316
282.498
266.284
252.392
240.274
229.553
219.973
211.334
203.482
196.301
189.699
183.603
177.953
172.7
167.802
163.223
158.931
154.902
151.111
147.538
144.165
140.975
137.954
135.089
132.37
129.784
127.324
124.98
122.745
120.611
118.573
116.624
114.759
112.974
111.262
109.62
108.044
106.531
105.077
103.678
102.329
287.225
273.314
260.2
248.228
237.428
227.661
218.776
210.646
203.169
196.265
189.864
183.909
178.353
173.154
168.278
163.693
159.374
155.297
151.442
147.791
144.327
141.037
137.908
134.927
132.085
129.372
126.779
124.299
121.925
119.65
117.469
115.375
113.363
111.43
109.57
107.78
106.056
104.395
102.793
101.25
288.228
272.787
256.266
239.984
224.699
210.653
197.861
186.262
175.765
166.272
157.682
149.901
142.841
136.425
130.583
125.253
120.383
115.925
111.837
108.082
104.627
101.442
98.503
95.7857
93.27
90.9375
88.7719
86.7587
84.8848
83.1383
81.5088
79.9867
78.5635
77.2314
75.9833
74.813
73.7147
72.6834
71.7149
70.8077
282.847
265.762
250.198
236.04
223.182
211.536
200.998
191.454
182.804
174.957
167.83
161.35
155.449
150.068
145.154
140.662
136.552
132.787
129.333
126.162
123.246
120.563
118.09
115.809
113.702
111.753
109.949
108.277
106.726
105.286
103.947
102.701
101.542
100.46
99.4521
98.5108
97.6314
96.809
96.0386
95.313
281.672
264.876
249.655
235.763
223.058
211.442
200.821
191.105
182.211
174.064
166.592
159.729
153.412
147.589
142.212
137.238
132.631
128.356
124.383
120.686
117.24
114.022
111.014
108.198
105.558
103.079
100.749
98.5568
96.4909
94.5422
92.7023
90.9632
89.3179
87.76
86.2837
84.8837
83.5554
82.2942
81.0963
79.9594
281.236
264.31
249.028
235.145
222.501
210.969
200.438
190.808
181.99
173.903
166.473
159.631
153.317
147.477
142.067
137.045
132.377
128.029
123.974
120.185
116.639
113.316
110.196
107.264
104.504
101.902
99.4457
97.1246
94.9283
92.8476
90.8744
89.0012
87.2213
85.5283
83.9166
82.3811
80.9168
79.5195
78.1851
76.9098
281.068
264.118
248.9
235.142
222.653
211.28
200.898
191.4
182.693
174.695
167.333
160.54
154.255
148.427
143.014
137.978
133.283
128.901
124.802
120.964
117.363
113.979
110.795
107.795
104.963
102.287
99.7546
97.3554
95.0796
92.9184
90.8639
88.9088
87.0466
85.2711
83.5767
81.9582
80.411
78.9308
77.5136
76.1564
280.989
264.038
248.872
235.203
222.819
211.557
201.281
191.882
183.264
175.346
168.054
161.319
155.082
149.293
143.91
138.895
134.215
129.841
125.746
121.906
118.299
114.906
111.709
108.693
105.843
103.146
100.592
98.169
95.8688
93.6826
91.6023
89.6205
87.7305
85.9263
84.2025
82.5539
80.9761
79.4647
78.0159
76.6267
280.949
264.002
248.873
235.27
222.97
211.8
201.621
192.316
183.788
175.954
168.739
162.074
155.898
150.16
144.821
139.843
135.194
130.845
126.77
122.944
119.346
115.959
112.763
109.746
106.892
104.19
101.629
99.1975
96.8868
94.688
92.5934
90.596
88.6893
86.8676
85.1254
83.4579
81.8605
80.3291
78.8598
77.4497
280.927
263.985
248.885
235.331
223.096
212.001
201.9
192.674
184.223
176.463
169.319
162.719
156.601
150.915
145.621
140.683
136.07
131.752
127.703
123.901
120.324
116.954
113.776
110.775
107.936
105.246
102.694
100.27
97.9649
95.7703
93.6787
91.6831
89.7774
87.9556
86.2127
84.5436
82.9439
81.4095
79.9367
78.5228
280.917
263.981
248.902
235.387
223.204
212.171
202.136
192.978
184.594
176.9
169.822
163.29
157.237
151.613
146.374
141.487
136.918
132.639
128.626
124.856
121.31
117.969
114.814
111.831
109.006
106.328
103.785
101.368
99.0671
96.8751
94.7844
92.788
90.88
89.0546
87.3068
85.6316
84.0247
82.482
80.9997
79.5749
280.914
263.984
248.924
235.442
223.303
212.321
202.343
193.244
184.918
177.279
170.252
163.768
157.764
152.19
147.003
142.166
137.646
133.414
129.444
125.711
122.195
118.878
115.743
112.776
109.963
107.294
104.757
102.343
100.043
97.8495
95.7552
93.7536
91.8386
90.0048
88.2471
86.5609
84.9419
83.3859
81.8892
80.448
280.917
263.995
248.953
235.501
223.403
212.468
202.541
193.493
185.217
177.628
170.645
164.198
158.227
152.683
147.524
142.712
138.211
133.994
130.034
126.309
122.798
119.484
116.349
113.381
110.565
107.891
105.348
102.926
100.618
98.415
96.3103
94.2973
92.3703
90.5239
88.753
87.0532
85.4203
83.8503
82.3397
80.8849
280.927
264.014
248.994
235.574
223.517
212.63
202.755
193.759
185.535
177.994
171.061
164.665
158.747
153.255
148.144
143.375
138.913
134.727
130.794
127.092
123.6
120.301
117.18
114.222
111.416
108.748
106.21
103.792
101.486
99.2843
97.1795
95.1655
93.2365
91.3874
89.6132
87.9094
86.2721
84.6975
83.1825
81.7236
280.945
264.046
249.052
235.67
223.662
212.831
203.015
194.08
185.916
178.43
171.546
165.195
159.317
153.862
148.784
144.044
139.611
135.454
131.548
127.87
124.4
121.122
118.02
115.08
112.289
109.637
107.112
104.706
102.411
100.218
98.1222
96.1159
94.1938
92.3507
90.5819
88.8829
87.2498
85.6789
84.1667
82.7099
280.975
264.097
249.138
235.808
223.862
213.1
203.357
194.495
186.402
178.983
172.157
165.857
160.024
154.607
149.562
144.852
140.443
136.306
132.417
128.753
125.295
122.024
118.925
115.985
113.193
110.537
108.007
105.595
103.293
101.092
98.987
96.9713
95.0394
93.1861
91.4067
89.697
88.053
86.471
84.9478
83.4799
281.026
264.18
249.275
236.015
224.151
213.476
203.82
195.045
187.033
179.69
172.933
166.694
160.915
155.546
150.543
145.87
141.493
137.384
133.519
129.877
126.438
123.185
120.103
117.178
114.398
111.753
109.233
106.83
104.535
102.341
100.242
98.2317
96.3041
94.4546
92.6783
90.9712
89.3292
87.7486
86.2261
84.758
281.112
264.318
249.501
236.353
224.614
214.069
204.541
195.886
187.986
180.743
174.075
167.913
162.2
156.886
151.931
147.297
142.955
138.875
135.034
131.412
127.989
124.749
121.678
118.762
115.989
113.349
110.832
108.43
106.135
103.94
101.838
99.825
97.8941
96.0408
94.2604
92.5488
90.9022
89.3169
87.7899
86.3185
281.285
264.586
249.897
236.889
225.292
214.887
205.496
196.971
189.193
182.062
175.497
169.428
163.8
158.564
153.678
149.108
144.821
140.793
136.998
133.418
130.033
126.828
123.788
120.901
118.155
115.54
113.047
110.667
108.392
106.217
104.133
102.137
100.222
98.3843
96.6186
94.921
93.2876
91.715
90.1994
88.7371
281.606
265.221
250.949
238.337
227.082
216.968
207.82
199.496
191.883
184.888
178.434
172.458
166.907
161.735
156.902
152.377
148.128
144.132
140.365
136.809
133.445
130.258
127.234
124.361
121.628
119.024
116.541
114.171
111.906
109.739
107.663
105.674
103.766
101.935
100.176
98.4852
96.8588
95.2934
93.7862
92.3355
282.498
266.284
252.393
240.274
229.553
219.973
211.334
203.482
196.301
189.698
183.603
177.953
172.7
167.802
163.223
158.932
154.903
151.112
147.539
144.166
140.976
137.956
135.091
132.372
129.787
127.327
124.983
122.748
120.614
118.576
116.628
114.763
112.977
111.265
109.622
108.046
106.532
105.077
103.678
102.329
287.225
273.314
260.2
248.228
237.428
227.661
218.776
210.646
203.169
196.265
189.864
183.91
178.354
173.155
168.279
163.694
159.375
155.298
151.443
147.792
144.329
141.038
137.909
134.928
132.086
129.373
126.781
124.301
121.927
119.652
117.47
115.376
113.365
111.431
109.572
107.782
106.057
104.396
102.794
101.251
173.829
617.779
515.631
177.86
175.745
694.522
405.177
636.53
177.363
176.464
756.942
588.22
177.76
177.148
176.101
700.33
408.091
178.819
177.034
721.035
421.64
591.548
177.736
176.962
783.977
607.406
177.846
177.039
177.163
723.318
424.037
179.14
177.425
724.104
426.721
610.08
177.813
176.969
805.351
612.93
177.845
177.008
177.425
724.102
426.72
178.962
177.161
723.329
424.044
612.928
177.845
177.006
786.548
610.084
177.814
176.97
177.031
721.036
421.638
178.203
176.095
700.323
408.145
607.419
177.846
177.039
762.049
591.594
177.736
176.962
175.739
694.525
405.233
176.705
173.82
617.772
515.15
588.272
177.761
177.149
673.008
636.249
177.364
176.467
170.689
178.853
183.491
176.181
173.075
610.311
598.941
185.584
176.166
171.717
667.924
675.271
177.042
175.526
177.824
183.082
1059.36
181.062
178.42
183.239
1377.84
168.898
564.321
733.115
174.483
170.039
406.25
509.198
351.142
181.372
178.311
183.413
346.574
181.432
178.56
219.686
190.603
716.756
216.372
191.979
850.193
176.291
179.487
440.329
473.766
177.076
184.251
178.674
183.321
1396.8
181.241
179.019
183.398
1465.62
170.039
409.24
510.712
175.591
170.413
423.82
521.559
346.16
181.454
178.56
183.506
343.95
181.479
178.642
220.05
193.263
772.105
219.508
193.408
475.568
176.823
183.275
454.501
494.694
176.895
183.456
179.136
183.441
1471.93
181.32
179.24
183.464
1488.28
170.406
426.387
524.552
175.925
170.537
429.43
527.858
344.764
181.485
178.628
183.542
348.875
181.492
178.652
220.74
193.881
803.423
220.634
193.964
498.059
176.814
183.362
458.653
504.234
176.81
181.851
179.24
183.464
1488.28
181.299
179.136
183.441
1471.96
170.536
429.428
527.861
175.68
170.404
426.394
524.576
348.032
181.492
178.652
183.522
345.307
181.485
178.628
220.702
194.094
803.628
220.874
194.017
504.233
176.807
181.845
456.464
498.053
176.816
183.37
179.018
183.398
1465.57
181.174
178.674
183.321
1396.75
170.41
423.821
521.594
174.739
170.032
409.307
510.896
343.49
181.479
178.642
183.443
345.537
181.454
178.56
220.019
193.762
774.741
220.54
193.543
494.694
176.895
183.461
442.658
475.653
176.822
183.286
178.419
183.239
1377.81
180.952
177.823
183.082
1059.3
170.029
406.324
509.455
172.728
168.875
563.606
729.204
346.496
181.433
178.561
183.284
351.144
181.372
178.312
220.152
193.007
724.635
219.194
192.679
473.92
177.076
184.266
483.124
826.146
176.292
179.437
173.068
610.305
598.161
175.231
170.686
178.852
183.461
675.007
177.044
175.533
179.256
185.591
176.166
171.721
214.557
193.936
666.719
203.31
201.687
212.124
202.503
4802.7
420.072
202.868
205.409
217.668
674.183
209.386
204.703
224.394
214.864
422.704
210.642
206.893
220.893
228.606
2395.76
262.441
584.3
224.767
269.235
220.152
724.657
193.007
192.678
219.202
229.036
586.094
269.932
269.476
228.1
230.313
211.395
709.252
226.405
214.125
226.341
211.961
414.672
222.764
214.397
231.421
712.581
216.965
215.29
233.487
227.385
417.089
216.451
215.174
229.273
228.943
268.685
599.537
228.317
265.124
220.019
774.716
193.765
193.543
220.551
228.915
602.089
266.94
265.342
229.596
235.153
217.748
723.99
234.262
218.431
230.841
217.036
425.329
230.014
217.62
235.451
723.847
218.997
218.744
235.752
231.127
426.197
218.038
217.846
231.404
229.798
267.046
611.569
229.676
267.308
220.732
804.141
194.101
194.024
220.903
229.774
612.456
267.639
267.242
229.983
235.448
218.996
723.847
235.751
218.742
231.124
218.038
426.199
231.404
217.844
235.15
723.999
217.743
218.428
234.255
230.838
425.331
217.032
217.618
230.008
229.738
267.589
612.457
229.947
267.191
220.767
803.906
193.885
193.971
220.651
229.829
611.571
267.074
267.347
229.697
231.409
216.959
712.583
233.479
215.282
227.374
216.447
417.106
229.266
215.167
230.3
709.243
211.385
214.116
226.39
226.329
414.698
211.952
214.391
222.749
228.915
266.926
602.126
229.583
265.341
220.046
772.017
193.258
193.407
219.488
228.94
599.554
268.656
265.12
228.293
217.65
209.376
674.166
224.378
204.694
214.847
210.632
422.873
220.878
206.877
214.54
666.712
193.93
201.678
203.295
212.106
420.24
202.455
4839.8
205.388
202.848
229.036
269.913
586.178
228.089
269.468
219.686
716.746
190.605
191.98
216.375
228.607
584.412
2449.39
262.417
269.22
224.772
177
181.03
178.762
180.806
177.483
182.97
1048.27
165.275
183.263
185.178
172.066
168.3
661.197
715.158
178.746
181.185
177.862
183.226
329.911
181.308
178.147
194.378
170.622
167.932
510.599
978.453
175.159
176.128
349.163
300.854
694.809
349.117
301.195
270.71
437.244
277.787
293.264
799.654
281.33
444.112
172.526
174.451
171.201
175.164
172.731
174.493
171.273
342.034
300.349
766.244
299.793
342.369
277.101
448.651
273.002
291.527
426.051
296.68
437.482
172.654
174.469
171.258
175.197
172.692
174.483
171.278
343.408
300.47
797.067
300.492
343.631
274.862
457.619
275.126
293.849
450.762
293.449
453.715
172.635
174.463
171.255
175.186
172.646
174.467
171.26
344.603
301.793
804.425
301.574
344.869
275.134
458.293
274.923
292.634
458.275
285.03
455.221
172.646
174.467
171.26
175.178
172.635
174.463
171.255
342.012
299.621
779.053
299.186
342.813
274.72
450.522
273.023
291.296
447.983
293.279
439.927
172.692
174.483
171.278
175.166
172.655
174.469
171.259
340.927
299.716
747.81
299.204
341.629
279.316
438.651
277.876
293.857
423.936
301.194
442.954
172.732
174.493
171.273
175.04
172.528
174.451
171.202
177.482
182.97
1048.22
180.733
177
181.03
178.762
168.276
660.096
709.045
169.387
165.266
183.229
185.014
329.907
181.308
178.148
181.309
178.747
181.185
177.862
187.951
212.792
187.771
225.112
339.769
181.926
914.725
175.173
176.134
186.005
194.383
170.63
167.952
527.678
378.519
640.387
482.377
407.631
397.474
423.377
520.72
419.854
419.156
393.963
491.633
576.601
688.129
460.325
453.427
588.223
395.933
404.156
381.18
499.827
379.434
497.583
398.071
406.696
589.479
578.414
402.548
597.292
189.642
197.613
176.637
176.944
188.243
201.262
177.018
340.931
747.82
299.745
299.206
341.672
417.388
586.245
612.14
606.625
421.716
190.08
177.114
202.619
177.256
202.088
177.165
190.074
596.966
464.424
703.236
468.726
588.571
405.601
386.276
503.226
411.246
388.161
403.535
506.159
609.591
716.982
483.909
481.286
613.705
416.93
420.319
399.248
517.009
398.556
515.49
417.827
410.365
612.287
595.716
599.302
422.172
189.937
202.301
177.147
176.93
190.041
201.689
177.159
342.07
779.206
299.715
299.244
342.898
413.007
605.774
602.953
601.244
414.177
189.998
176.948
202.519
177.26
201.849
177.168
190.143
615.904
485.524
722.199
486.407
613.702
420.848
402.409
519.51
423.935
402.221
421.03
519.058
618.732
723.63
489.937
489.69
619.102
423.735
426.619
405.002
521.819
404.954
521.697
423.802
414.734
603.982
609.952
603.689
414.965
190.165
202.547
177.201
176.966
190.18
202.638
177.203
344.788
804.936
301.975
301.757
345.052
416.135
612.809
605.534
605.316
416.3
190.186
176.96
202.793
177.247
202.616
177.2
190.261
618.726
489.937
723.628
489.687
619.103
423.735
405.001
521.818
426.62
404.954
423.801
521.697
615.881
722.243
485.517
486.395
613.683
420.849
423.941
402.413
519.517
402.225
519.062
421.031
416.082
605.462
612.81
605.242
416.249
190.178
202.777
177.246
176.958
190.252
202.6
177.199
343.42
797.104
300.585
300.499
343.746
414.76
609.981
604.033
603.724
415.002
190.173
176.968
202.555
177.202
202.652
177.204
190.183
609.57
483.887
716.987
481.275
613.672
416.933
399.253
516.992
420.332
398.564
417.828
515.503
596.931
703.221
464.399
468.703
588.529
405.625
411.281
386.32
503.26
388.196
506.181
403.565
412.993
602.953
605.765
601.223
414.164
189.997
202.516
177.26
176.949
190.141
201.849
177.168
341.939
765.968
300.212
299.7
342.23
410.347
595.741
612.246
599.271
422.124
189.936
176.93
202.295
177.148
201.689
177.159
190.038
576.564
460.308
688.121
453.404
588.2
395.979
381.234
499.853
404.244
379.5
398.108
497.615
527.639
640.377
378.497
407.606
482.352
397.432
419.891
423.177
520.47
393.897
419.02
491.653
417.384
612.108
586.327
606.63
421.697
190.08
202.617
177.257
177.115
190.073
202.089
177.166
349.161
694.79
300.856
301.196
349.114
406.699
578.472
589.632
597.321
402.551
189.642
176.945
197.62
176.639
201.262
177.019
188.245
189.2
198.465
181.6
256.505
179.861
330.617
202.741
1286.4
199.461
181.938
371.376
199.669
345.051
187.948
212.785
187.757
225.091
339.986
181.924
1519.06
258.262
221.394
190.97
422.884
354.647
204.389
187.822
1272.52
192.058
183.195
183.235
182.481
183.797
1300.53
196.837
194.114
184.019
184.656
184.294
184.539
202.38
424.559
203.637
199.875
760.972
202.231
438.546
427.424
207.764
204.709
199.751
416.497
436.187
200.806
187.181
362.538
188.203
182.175
184.888
181.849
185.629
364.531
189.333
188.946
182.521
186.848
186.273
182.767
370.073
441.203
369.642
429.528
349.734
705.071
301.452
300.75
352.804
370.457
432.945
428.786
374.091
438.582
279.337
277.889
293.856
423.798
442.667
301.198
198.251
1428.03
199.841
185.396
185.034
185.116
185.168
1437.93
201.712
200.71
185.765
185.506
185.378
185.962
208.893
416.377
210.998
202.695
419.042
201.387
429.001
418.926
212.782
211.681
203.094
438.411
431.546
203.807
189.656
344.565
189.795
182.979
187.241
182.916
187.512
343.841
190.196
190.015
183.109
187.971
187.74
183.208
361.609
424.425
361.875
424.535
341.675
768.324
299.592
299.496
342.17
361.327
425.452
424.522
361.929
450.498
274.733
273.024
291.29
447.973
439.898
293.278
202.29
1488.37
202.693
186.291
185.688
186.205
185.74
1487.37
203.09
202.934
186.397
185.84
185.81
186.433
213.312
427.826
213.825
204.531
441.308
204.169
443.617
428.808
214.196
214.03
204.66
447.049
445.04
204.768
190.345
347.307
190.413
183.292
188.161
183.269
188.291
348.481
190.561
190.498
183.336
188.42
188.367
183.37
363.374
428.394
363.739
427.884
343.828
800.792
301.414
300.891
344.463
363.84
429.136
428.44
364.494
458.292
275.186
274.976
292.684
458.276
455.223
285.081
203.089
1487.35
202.933
186.397
185.84
186.433
185.81
1488.39
202.286
202.691
186.291
185.688
185.74
186.205
214.196
428.81
214.028
204.66
447.047
204.768
445.039
427.828
213.309
213.824
204.531
441.31
443.62
204.168
190.557
347.638
190.494
183.336
188.42
183.37
188.367
348.13
190.347
190.417
183.292
188.16
188.29
183.269
364.644
429.602
364.914
429.344
344.517
804.294
301.555
301.475
344.546
364.557
429.225
429.243
364.571
457.621
274.89
275.166
293.886
450.762
453.717
293.482
201.708
1437.89
200.705
185.764
185.506
185.961
185.378
1427.99
198.246
199.835
185.395
185.033
185.168
185.115
212.779
418.947
211.675
203.092
438.42
203.807
431.571
416.406
208.885
210.993
202.694
419.137
429.039
201.383
190.195
343.892
190.015
183.109
187.971
183.208
187.74
344.448
189.654
189.794
182.979
187.241
187.512
182.916
361.999
427.494
362.91
426.292
342.135
777.489
299.515
299.257
342.141
362.068
425.811
426.141
361.997
448.664
277.073
272.999
291.534
426.158
437.522
296.668
196.832
1300.45
194.109
184.018
184.656
184.538
184.294
1272.44
187.819
192.053
183.194
183.235
183.797
182.48
207.755
427.653
204.692
199.732
416.617
200.802
436.444
424.789
202.316
203.615
199.842
755.322
438.78
202.092
189.333
364.539
188.947
182.521
186.848
182.767
186.273
362.545
187.183
188.204
182.175
184.888
185.629
181.849
359.901
423.455
361.06
421.132
345.175
751.35
302.752
302.425
354.008
363.737
433.566
422.716
375.281
437.33
270.793
277.764
293.268
791.192
444.375
282.984
189.196
198.451
181.594
256.5
179.859
330.355
202.681
1296.76
199.441
181.929
370.626
199.62
344.677
1555.65
258.309
221.404
190.994
422.232
354.447
204.552
515.927
421.53
478.298
438.14
532.819
655.356
433.179
417.236
557.022
522
457.222
445.234
543.432
403.216
614.971
409.529
413.127
419.138
538.471
392.171
415.498
372.655
501.95
382.025
385.093
494.889
404.74
436.739
528.825
425.635
399.706
535.824
574.978
683.264
439.926
448.867
559.43
564.058
482.492
476.607
574.362
561.327
463.753
547.369
471.969
390.766
405.572
372.648
503.344
374.956
387.123
496.961
411.749
598.528
459.864
455.034
595.399
414.225
406.672
443.342
524.33
403.095
450.463
594.269
371.346
227.434
304.616
245.943
302.428
244.151
374.536
790.155
449.713
794.299
434.455
378.134
398.036
253.255
264.111
379.096
401.187
254.743
409.002
577.999
608.058
600.835
415.876
367.988
225.465
303.395
240.352
370.469
300.947
241.522
794.964
439.248
434.278
811.548
381.163
259.735
267.193
410.541
404.381
257.69
385.767
345.178
751.388
302.752
302.424
354.011
359.905
423.503
361.107
421.138
363.741
433.572
375.285
422.72
370.139
304.406
246.685
227.571
375.52
299.423
245.213
416.15
586.435
607.727
604.961
418.136
813.701
426.878
424.356
828.649
381.894
421.113
268.651
260.321
409.918
259.113
385.923
808.543
438.033
815.688
425.553
381.258
260.272
410.132
267.855
407.679
386.361
258.632
370.662
227.406
299.471
246.447
298.088
245.418
373.463
583.511
487.298
576.024
491.827
597.328
705.483
474.77
471.008
604.084
584.659
498.06
494.606
590.656
422.213
602.982
464.998
419.9
468.868
606.354
408.649
413.036
391.911
509.739
390.995
409.84
508.03
425.44
474.597
610.795
471.764
426.989
608.748
609.248
715.156
476.999
479.748
604.014
596.949
507.9
505.635
600.649
596.106
500.935
591.421
503.715
414.665
418.768
395.448
512.328
396.417
413.522
513.884
434.429
619.756
483.979
482.102
617.877
435.582
432.077
477.764
614.058
430.711
480.076
615.876
365.854
228.524
299.823
245.307
299.193
244.727
366.864
813.271
427.655
427.504
821.188
372.772
418.888
259.717
264.578
384.613
387.351
256.657
410.18
597.53
601.022
599.299
411.417
367.973
228.348
299.83
246.391
298.994
375.439
244.897
811.289
428.492
427.479
813.989
371.004
256.973
264.215
387.126
383.849
256.25
372.113
342.176
777.624
299.506
299.295
342.132
362.054
427.539
362.987
426.333
362.108
425.805
361.987
426.176
367.686
300.061
245.316
229.056
367.369
300.153
245.58
412.588
604.092
600.95
600.711
411.99
817.085
430.623
429.363
819.717
373.337
390.447
266.194
258.348
388.972
257.683
374.35
816.376
428.813
815.053
429.231
372.994
257.06
387.565
265.829
388.617
372.598
257.429
368.037
229.181
300.96
246.325
300.283
245.761
368.984
602.874
510.123
601.255
510.43
615.539
722.459
488.418
487.091
617.726
602.905
512.405
511.226
604.89
438.585
622.844
486.471
438.722
486.592
622.186
421.631
424.743
403.26
520.682
402.994
422.012
519.99
439.361
488.431
624.23
487.474
439.886
623.357
618.643
723.59
488.901
489.422
617.483
606.118
514.244
514.05
606.445
605.949
513.143
604.903
513.709
423.33
426.297
404.456
521.417
404.554
423.187
521.407
441.613
625.598
490.267
490.108
625.443
441.709
441.207
489.301
625.104
441.006
489.745
625.095
369.235
229.488
301.544
246.606
301.014
246.196
369.914
820.689
431.44
430.916
821.238
374.445
390.911
258.444
266.742
390.386
375.012
258.161
415.256
610.872
605.183
604.384
415.799
369.042
229.466
301.46
246.414
300.925
369.671
246.167
821.739
432.17
431.456
823.023
374.674
258.677
266.793
391.397
390.58
258.201
375.339
344.702
804.804
301.738
301.658
344.73
364.822
429.737
365.089
429.483
364.735
429.362
364.749
429.382
369.966
301.645
246.563
229.746
370.034
301.563
246.55
416.011
612.467
605.43
605.193
415.982
823.658
432.753
432.501
824.073
375.541
392.313
267.364
258.96
391.832
258.718
375.837
823.427
432.373
823.345
432.408
375.411
258.622
391.437
267.246
391.626
375.456
258.62
370.1
229.819
301.919
246.844
301.657
246.636
370.417
606.112
514.243
606.445
514.047
618.638
723.589
488.895
489.418
617.471
605.942
513.137
513.703
604.892
441.612
625.597
490.265
441.708
490.106
625.443
423.329
426.297
404.457
521.417
404.554
423.187
521.406
441.205
489.295
625.105
489.741
441.004
625.094
615.522
722.466
488.412
487.082
617.716
602.851
510.114
510.412
601.237
602.888
512.397
604.879
511.215
421.631
424.746
403.261
520.684
402.996
422.011
519.993
438.583
622.857
486.465
486.577
622.193
438.719
439.359
488.424
624.232
439.883
487.465
623.36
369.872
229.71
301.559
246.52
301.475
246.507
369.94
823.514
432.623
432.367
823.934
375.453
392.234
258.913
267.313
391.751
375.753
258.67
415.958
612.466
605.357
605.119
415.93
370.006
229.782
301.834
246.801
301.57
370.325
246.593
823.284
432.241
432.275
823.204
375.324
258.575
267.195
391.357
391.545
258.572
375.37
344.011
801.288
301.587
301.073
344.628
363.389
428.478
363.848
427.904
364.016
429.246
364.649
428.576
369.328
301.618
246.642
229.524
369.991
301.1
246.239
415.307
610.875
605.224
604.456
415.832
820.736
431.52
430.937
821.341
374.463
390.957
266.753
258.47
390.409
258.171
375.061
821.879
432.272
823.12
431.587
374.759
258.715
391.453
266.843
390.66
375.406
258.249
369.057
229.473
301.51
246.438
300.936
246.175
369.724
596.93
507.871
600.613
505.627
609.212
715.139
476.983
479.724
603.986
596.068
500.923
503.689
591.397
434.427
619.727
483.956
435.579
482.097
617.899
414.671
418.776
395.463
512.339
396.429
413.53
513.882
432.076
477.754
614.077
480.058
430.712
615.878
597.285
705.484
474.75
470.984
604.058
583.477
487.282
491.81
575.983
584.619
498.048
590.633
494.584
408.667
413.067
391.931
509.757
391.023
409.852
508.037
422.224
603.017
464.989
468.857
606.387
419.916
425.447
474.589
610.822
426.993
471.75
608.75
367.665
229.049
300.061
245.316
300.134
245.571
367.368
817.066
430.583
429.322
819.677
373.309
390.43
258.334
266.178
388.945
374.323
257.668
412.58
604.114
600.95
600.693
411.992
368.006
229.169
300.927
246.312
300.254
368.952
245.748
816.371
428.818
429.197
815.052
372.975
257.059
265.818
387.564
388.599
257.419
372.597
341.603
768.124
299.568
299.424
342.149
361.518
424.319
361.741
424.465
361.258
425.446
361.912
424.474
365.823
299.814
245.304
228.512
366.856
299.163
244.714
410.152
597.541
601.014
599.272
411.426
813.224
427.554
427.437
821.073
372.734
418.837
264.558
259.689
384.58
256.638
387.292
811.224
428.486
814.002
427.432
370.973
256.969
387.122
264.201
383.82
372.107
256.236
367.931
228.331
299.771
246.364
298.952
244.878
375.379
564.024
482.486
574.344
476.59
574.923
683.233
439.902
448.836
559.39
561.273
463.738
471.943
547.331
411.775
598.574
459.863
414.245
455.026
595.45
390.818
405.688
372.726
503.379
375.031
387.177
496.993
406.703
443.335
524.365
450.449
403.127
594.305
532.782
655.352
433.156
417.21
556.984
515.889
421.49
478.27
438.113
521.964
457.206
543.396
445.211
392.198
415.594
372.726
501.984
382.062
385.14
494.925
403.186
614.715
409.481
413.028
419.115
538.484
404.755
436.731
528.859
399.732
425.617
535.857
370.134
227.571
304.405
246.684
299.421
245.212
375.514
813.678
426.827
424.349
828.582
381.881
421.074
260.304
268.64
409.895
385.891
259.106
416.137
586.527
607.724
604.953
418.144
370.65
227.402
299.445
246.434
298.08
373.433
245.414
808.507
438.028
425.548
815.679
381.248
260.269
267.847
410.111
407.657
258.629
386.355
349.731
705.064
301.453
300.75
352.803
370.069
441.174
369.634
429.522
370.451
432.94
374.087
428.778
371.336
304.615
245.942
227.434
374.529
302.426
244.15
409.009
578.087
608.06
600.854
415.874
790.131
449.678
794.266
434.448
378.126
397.81
264.074
253.254
400.957
379.084
254.735
794.952
439.244
811.525
434.27
381.154
259.729
410.512
267.168
404.241
385.759
257.682
367.981
225.467
303.395
240.357
370.461
300.947
241.523
171.49
174.359
171.01
174.861
172.248
174.438
171.151
169.779
174.036
171.029
173.156
169.904
174.325
171.386
182.173
175.941
180.276
177.093
180.413
176.623
181.759
167.222
546.189
319.828
168.218
167.465
406.335
282.567
502.403
386.019
475.371
676.374
384.447
507.476
473.702
625.155
435.236
626.439
1019.07
606.382
1045.05
473.879
587.645
183.406
263.443
543.206
514.605
192.725
278.898
169.131
168.096
165.156
171.656
169.857
168.194
165.281
170.008
174.56
171.671
173.277
170.085
174.733
171.873
186.564
178.123
184.878
178.435
185.753
178.489
185.6
167.161
404.6
270.135
168.386
166.977
409.816
269.882
497.348
432.123
478.162
763.866
497.598
432.325
477.979
671.538
445.822
659.658
968.341
427.005
998.383
430.794
502.393
191.455
276.448
557.42
505.043
191.781
275.778
169.605
168.186
165.274
171.573
169.65
168.205
165.288
170.135
174.842
172.001
173.331
170.159
174.896
172.062
188.269
179.144
186.929
179.049
188.009
179.275
187.163
166.901
412.458
271.299
168.452
166.871
414.771
271.863
500.663
439.525
476.826
791.181
499.687
440.045
477.948
653.857
456.445
653.718
917.922
444.712
926.383
444.999
510.36
191.773
276.271
589.536
511.014
188.747
268.406
169.519
168.176
165.249
171.497
169.302
168.178
165.245
170.159
174.896
172.062
173.315
170.134
174.842
172
188.42
179.385
187.384
179.115
188.504
179.349
187.305
166.871
414.777
271.869
168.358
166.901
412.491
271.318
504.907
440.825
482.925
805.084
504.971
440.834
482.871
653.483
458.566
653.291
718.686
448.475
706.609
448.281
510.999
188.74
268.399
559.688
510.385
191.787
276.31
169.3
168.178
165.245
171.498
169.522
168.176
165.249
170.084
174.732
171.871
173.229
170.007
174.559
171.669
187.149
178.99
186.596
178.667
187.652
178.762
186.131
166.975
409.868
269.926
168.15
167.155
404.804
270.24
497.629
438.491
475.423
782.091
498.163
438.035
474.974
652.731
453.275
650.715
934.668
442.115
927.982
440.685
505.086
191.794
275.833
542.821
502.547
191.481
276.557
169.651
168.205
165.289
171.542
169.609
168.186
165.274
169.903
174.324
171.384
173.083
169.778
174.035
171.026
183.554
177.716
184.028
177.54
184.781
177.207
182.928
167.444
406.679
282.683
167.28
167.177
544.437
319.002
495.377
429.994
477.512
754.642
496.191
429.248
476.797
671.083
439.089
663.659
966.749
424.401
1004.73
424.318
514.996
192.756
279.096
784.052
586.614
183.328
263.24
169.86
168.194
165.281
171.435
169.124
168.096
165.156
292.295
343.853
303.565
645.959
257.943
536.704
267.282
836.367
448.153
286.916
212.861
236.664
425.073
172.25
174.439
171.151
174.584
171.492
174.359
171.01
620.242
494.697
570.22
463.157
462.857
429.063
552.974
506.455
183.561
177.542
177.719
184.032
177.21
182.933
184.788
692.495
400.291
404.913
400.276
402.309
402.032
400.47
400.005
1148.12
603.7
1089.76
185.078
181.189
176.8
177.537
184.194
181.726
177.056
495.443
754.726
429.992
477.603
496.275
429.257
476.878
587.701
1074.27
1073.31
185.331
177.648
182.062
177.287
181.939
177.178
185.34
701.031
405.806
404.366
405.03
409.645
404.525
406.44
405.728
187.154
178.669
178.992
186.599
178.764
186.134
187.656
719.604
419.415
421.396
419.88
417.242
417.006
419.595
419.692
1080.95
593.795
1085.02
185.431
182.115
177.245
177.766
185.437
182.124
177.271
497.945
782.396
438.504
475.815
498.44
438.064
475.396
607.117
1109.73
1109.21
185.445
177.78
182.215
177.36
182.138
177.282
185.534
724.26
423.053
422.875
419.395
424.791
422.483
420.084
423.455
188.421
179.115
179.386
187.385
179.35
187.306
188.505
724.081
425.434
426.71
425.991
421.667
421.66
425.443
425.976
1114.68
611.041
1116.37
185.532
182.226
177.315
177.816
185.552
182.22
177.314
505.47
805.592
440.867
483.685
505.533
440.877
483.633
612.926
1119.74
1119.73
185.54
177.816
182.264
177.352
182.224
177.312
185.595
724.079
425.433
425.99
421.667
426.71
425.442
421.66
425.976
188.267
179.048
179.142
186.927
179.274
187.161
188.006
724.266
423.054
424.793
422.883
419.4
420.084
422.49
423.458
1119.74
612.925
1119.73
185.535
182.263
177.351
177.816
185.59
182.223
177.312
501.011
791.492
439.549
477.313
500.043
440.077
478.428
611.042
1114.7
1116.36
185.537
177.817
182.227
177.316
182.221
177.314
185.554
719.591
419.426
419.882
417.236
421.411
419.595
417.02
419.704
186.558
178.434
178.119
184.873
178.486
185.596
185.746
701.024
405.853
409.683
404.427
405.068
406.461
404.577
405.783
1109.76
607.113
1109.2
185.445
182.215
177.36
177.78
185.533
182.138
177.283
496.945
763.487
432.095
477.602
497.183
432.297
477.428
593.833
1081.03
1085.09
185.43
177.766
182.114
177.245
182.124
177.272
185.435
692.479
400.355
400.348
402.345
404.975
400.53
402.067
400.083
182.165
177.091
175.938
180.272
176.62
181.755
180.406
620.234
494.479
462.656
569.753
462.846
428.943
506.172
552.587
1074.36
587.75
1073.4
185.331
182.062
177.287
177.648
185.34
181.94
177.179
502.391
676.35
386.017
475.365
507.464
384.446
473.696
603.541
1147.6
1089.52
185.079
177.538
181.191
176.802
181.727
177.057
184.195
362.382
470.291
332.401
1037.05
257.139
649.067
459.043
563.828
459.06
477.456
794.818
460.411
879.451
292.293
343.855
303.531
646.027
257.935
536.231
584.617
400.044
717.772
822.941
714.555
786.45
193.472
175.868
184.822
180.159
174.287
181.87
174.885
326.214
1162.44
345.381
210.277
224.445
207.406
227.372
1355.38
391.649
386.2
222.849
242.423
241.072
224.068
424.765
431.637
392.094
391.11
601.459
423.084
482.486
198.739
198.836
781.567
565.505
201.801
194.189
454.982
405.433
365.264
363.969
350.883
396.553
396.255
351.731
198.277
534.089
191.983
432.087
193.012
452.475
198.657
221.523
357.975
222.944
190.592
202.551
190.369
203.424
346.373
224.817
224.322
193.464
208.491
208.036
193.769
267.45
218.826
290.286
209.675
288.738
209.078
268.76
492.977
713.761
380.195
474.6
474.249
381.045
493.908
266.285
217.032
289.308
206.823
265.908
287.815
207.44
300.691
818.756
424.946
535.698
285.207
450.911
498.68
202.122
176.875
206.722
223.242
176.335
215.932
177.099
439.028
671.126
663.655
966.771
424.297
1004.8
424.133
301.632
504.045
429.642
540.02
449.348
509.968
311.55
177.083
208.617
207.675
224.411
177.377
177.391
226.927
396.209
1408.26
399.436
226.428
244.248
225.825
244.9
1451.98
413.032
411.044
230.337
248.464
248.154
230.786
369.871
412.729
371.6
357.446
400.835
403.54
355.834
200.152
192.059
434.462
515.596
199.09
192.535
444.809
422.438
381.549
381.031
366.032
415.797
414.829
366.429
200.48
518.007
193.004
454.311
192.704
447.229
201.074
224.947
345.492
224.848
194.237
209.139
194.141
209.263
343.533
225.061
224.8
195.126
210.738
210.53
195.232
264.644
219.734
286.66
210.039
286.192
209.82
264.989
496.744
771.186
434.769
476.108
475.869
434.44
497.081
264.759
219.614
286.113
209.728
264.859
286.136
209.749
300.341
431.793
514.846
484.536
305.776
443.699
509.979
208.053
176.761
207.321
223.956
177.035
224.802
176.955
453.276
652.744
650.73
934.701
442.107
927.996
440.674
299.987
487.883
454.426
500.889
446.041
507.143
301.689
176.804
208.512
207.559
224.141
177.106
177.02
225.349
414.804
1481.54
415.887
231.561
249.131
231.523
249.249
1486.78
419.222
419.014
232.587
249.941
249.903
232.643
384.615
426.365
384.448
369.255
419.272
419.283
369.395
201.706
193.225
457.132
525.584
201.391
193.416
459.526
429.32
387.057
387.031
371.736
422.667
422.558
371.753
201.814
527.02
193.519
462.887
193.485
460.93
201.901
225.294
346.47
225.436
195.505
211.137
195.434
211.186
348.775
226.215
226.125
195.918
211.84
211.813
195.926
265.632
220.497
288.071
210.6
287.595
210.427
266.035
503.948
803.048
440.507
482.23
481.945
440.419
504.227
265.588
220.473
287.992
210.501
265.933
287.526
210.399
302.551
457.173
503.997
500.451
301.901
460.271
511.188
208.536
176.797
208.636
225.222
177.002
225.307
176.956
458.565
653.56
653.37
718.769
448.476
706.689
448.281
301.027
502.504
464.979
447.554
461.79
501.842
289.81
176.772
208.721
208.561
224.547
176.893
176.881
223.573
419.222
1486.77
419.011
232.586
249.941
232.643
249.903
1481.65
414.798
415.877
231.558
249.13
249.248
231.519
387.056
429.32
387.032
371.738
422.665
422.558
371.752
201.814
193.52
462.886
527.03
201.901
193.486
460.928
426.372
384.622
384.454
369.263
419.282
419.294
369.404
201.706
525.599
193.226
457.13
193.417
459.528
201.391
226.138
347.931
226.048
195.918
211.839
195.926
211.813
346.481
225.344
225.438
195.505
211.136
211.185
195.434
265.985
220.675
288.094
210.586
288.01
210.565
266.059
504.619
804.343
440.601
482.42
482.542
440.686
504.524
266.06
220.743
288.336
210.721
266.265
288.096
210.628
300.979
464.979
447.503
502.5
289.759
461.787
501.82
208.702
176.769
208.542
224.521
176.89
223.547
176.878
456.452
653.911
653.748
917.983
444.717
926.443
445.009
302.589
500.45
457.172
504.082
460.273
511.26
301.937
176.8
208.546
208.652
225.243
177.004
176.96
225.324
413.013
1451.96
411.034
230.332
248.463
230.782
248.153
1408.22
396.188
399.416
226.422
244.245
244.896
225.819
381.558
422.453
381.044
366.049
415.808
414.846
366.441
200.479
193.006
454.318
518.073
201.074
192.707
447.249
412.775
369.929
371.647
357.505
400.927
403.614
355.905
200.152
515.689
192.061
434.547
192.538
444.842
199.089
225.02
343.275
224.776
195.126
210.737
195.231
210.53
345.076
224.887
224.808
194.237
209.139
209.262
194.141
265.04
220.107
286.822
210.025
286.839
210.076
265.062
497.287
775.763
435.888
475.621
475.554
436.035
497.341
265.032
220.213
287.485
210.411
265.508
286.898
210.177
299.998
454.435
500.959
487.896
301.695
446.066
507.271
208.509
176.805
207.56
224.145
177.106
225.348
177.021
445.842
671.503
659.617
968.313
427.083
998.321
430.85
300.355
484.565
431.897
515.142
443.738
510.136
305.776
176.761
208.046
207.321
223.96
177.036
176.956
224.798
391.632
1355.3
386.179
222.844
242.42
224.062
241.069
1162.38
326.199
345.365
210.273
224.444
207.403
227.371
365.336
405.556
364.055
350.993
396.678
396.431
351.822
198.257
191.984
432.195
534.538
198.655
192.99
452.685
431.66
424.493
391.999
390.944
600.002
422.633
482.261
198.701
565.748
198.631
775.019
194.142
455.163
201.638
224.808
346.378
224.323
193.464
208.49
193.769
208.036
357.979
221.527
222.947
190.594
202.552
190.371
203.425
265.728
218.932
290.63
210.202
286.24
209.351
269.301
494.285
729.423
380.677
476.996
477.731
378.133
495.586
263.533
218.685
285.24
209.487
264.209
284.254
209.163
301.66
429.773
540.4
504.141
311.561
449.607
510.775
208.614
177.083
207.675
224.41
177.378
226.927
177.391
435.288
626.031
626.61
999.34
606.309
1334.34
473.735
300.724
535.312
808.903
428.616
451.145
499.548
287.006
176.874
202.135
206.72
223.232
176.328
177.096
215.654
362.354
470.259
332.379
1036.97
257.111
649.066
458.715
563.419
458.83
477.116
794.41
459.932
877.749
584.78
400.04
717.381
822.367
715.145
784.671
193.506
175.872
184.831
180.17
174.297
181.901
174.89
273.897
211.383
214.904
283.772
211.464
279.55
278.799
257.166
240.552
199.579
196.236
248.66
249.417
203.535
877.083
564.948
905.913
534.218
662.473
265.852
207.613
202.598
261.932
256.846
207.25
271.336
265.045
210.687
199.677
263.448
257.131
207.63
270.843
939.209
534.694
537.301
931.881
405.731
2100.89
544.591
437.897
502.626
433.214
417.79
428.48
410.286
427.144
435.198
408.632
367.657
447.766
448.466
367.496
289.054
218.258
290.592
220.214
285.544
220.856
293.778
676.656
285.59
280.813
208.2
220.353
277.529
218.585
288.668
956.01
549.302
548.857
956.822
281.349
214.002
269.496
206.097
273.557
277.49
216.233
941.111
538.584
938.897
540.052
293.376
222.52
225.258
300.424
223.28
298.125
296.092
426.7
419.911
431.081
412.168
422.223
438.264
411.033
376.169
459.982
459.621
376.466
370.666
450.885
369.843
452.223
4144.53
582.682
1067.72
1064.9
265.729
290.632
210.202
218.932
269.302
286.243
209.351
494.289
729.445
380.68
476.995
477.728
495.591
378.136
263.537
218.688
285.263
209.492
264.227
284.261
209.164
588.513
1071.04
1075.62
305.162
229.178
231.372
310.735
230.178
309.409
306.73
295.28
284.763
222.45
212.216
286.893
223.749
293.228
964.996
553.485
963.824
554.318
708.066
302.704
227.879
227.356
305.176
228.847
300.786
306.911
297.67
226.115
213.395
290.993
289.113
225.039
299.437
972.816
559.228
558.998
973.233
380.141
463.53
379.334
464.376
411.539
414.503
411.755
410.932
411.618
411.649
410.77
383.48
468.555
468.395
383.592
310.508
232.526
313.423
232.182
309.368
233.304
314.397
713.226
304.767
297.135
216.53
229.213
295.976
228.712
305.822
984.314
566.342
565.955
984.996
303.249
227.288
293.223
215.808
294.556
301.992
227.959
978.079
561.85
977.536
562.206
312.063
232.947
234.649
316.728
234.079
315.987
312.979
415.338
417.869
414.926
413.117
415.566
414.75
413.788
388.481
474.729
474.404
388.728
385.816
470.844
385.501
471.188
599.289
1095.33
1094.91
265.056
286.821
210.025
220.112
265.06
286.857
210.08
497.274
775.771
435.874
475.572
475.522
497.304
436.047
265.056
220.223
287.519
210.42
265.541
286.926
210.184
603.115
1100.15
1101.89
315.692
234.923
236.343
319.812
236.096
319.542
316.051
307.804
298.664
230.029
217.921
298.783
230.261
307.608
990.016
568.632
988.687
569.427
723.698
315.113
234.575
235.448
318.582
235.751
314.8
318.932
308.352
230.807
218.24
299.77
299.259
230.59
308.793
990.71
569.892
569.796
990.893
391.027
476.741
390.421
477.454
423.684
425.275
424.172
420.527
424.114
423.731
420.482
391.234
477.794
477.726
391.282
316.969
236.652
320.546
235.598
316.757
236.798
320.719
724.035
309.952
300.957
218.955
231.406
300.824
231.363
310.07
992.506
570.907
570.896
992.525
309.699
231.128
300.342
218.848
300.59
309.466
231.251
991.872
570.48
991.802
570.512
317.227
235.715
236.957
321.054
236.912
320.99
317.32
424.87
426.258
425.329
421.245
425.389
424.819
421.285
392.052
478.697
478.69
392.057
391.772
478.337
391.759
478.357
611.532
1117.29
1117.22
266.061
288.177
210.609
220.705
266.134
288.094
210.587
505.184
804.855
440.644
483.182
483.305
505.089
440.728
266.136
220.774
288.418
210.743
266.339
288.18
210.651
612.503
1118.89
1118.96
316.966
235.596
236.649
320.542
236.796
320.715
316.753
309.95
300.956
231.406
218.954
300.822
231.361
310.069
992.505
570.906
992.524
570.896
724.035
317.225
235.713
236.957
321.053
236.911
317.319
320.988
309.695
231.125
218.846
300.337
300.586
231.25
309.461
991.87
570.479
570.511
991.8
392.051
478.696
392.056
478.689
424.87
426.259
425.33
421.246
425.39
424.82
421.286
391.772
478.336
478.356
391.759
315.685
236.339
319.807
234.918
316.045
236.091
319.536
723.707
307.794
298.653
217.916
230.023
298.774
230.256
307.597
990.009
568.628
569.431
988.692
308.344
230.804
299.763
218.236
299.251
308.787
230.585
990.71
569.892
990.893
569.797
315.104
234.57
235.441
318.573
235.746
318.924
314.79
423.686
425.278
424.173
420.528
424.116
423.732
420.484
391.021
476.745
477.452
390.428
391.235
477.794
391.283
477.727
612.504
1118.89
1118.96
265.707
288.144
210.62
220.527
266.103
287.678
210.449
504.496
803.538
440.548
482.957
482.687
504.753
440.461
265.595
220.478
288.04
210.514
265.978
287.535
210.402
611.535
1117.29
1117.23
310.493
232.173
232.514
313.409
233.294
314.384
309.352
304.753
297.123
229.206
216.522
295.962
228.705
305.809
984.327
566.327
984.971
565.964
713.207
312.05
232.938
234.642
316.717
234.071
312.967
315.975
303.233
227.277
215.8
293.206
294.54
227.951
301.974
978.067
561.85
562.2
977.534
388.49
474.711
388.716
474.419
415.352
417.884
414.948
413.127
415.583
414.768
413.798
385.813
470.845
471.184
385.504
305.144
231.36
310.719
229.164
306.713
230.164
309.393
708.058
295.26
284.743
212.206
222.437
286.874
223.737
293.207
964.979
553.493
554.312
963.836
297.651
226.103
290.976
213.386
289.094
299.419
225.026
972.808
559.227
973.227
558.994
302.685
227.864
227.34
305.158
228.833
306.894
300.767
411.56
414.518
411.782
410.952
411.643
411.672
410.775
380.143
463.536
464.377
379.341
383.47
468.56
383.603
468.389
603.099
1100.22
1101.85
264.617
286.651
210.037
219.724
264.981
286.162
209.813
496.661
771.096
434.768
476.006
475.762
497.007
434.428
264.722
219.6
286.054
209.713
264.805
286.095
209.738
599.3
1095.36
1094.93
289.033
220.197
218.242
290.573
220.84
293.758
285.524
285.569
280.793
220.339
208.191
277.509
218.571
288.647
955.989
549.316
956.838
548.846
676.639
293.355
222.504
225.242
300.406
223.264
296.072
298.106
281.328
213.988
206.087
269.477
273.537
216.219
277.469
941.099
538.588
540.054
938.908
376.161
460
376.482
459.61
426.84
420.075
431.27
412.262
422.393
438.421
411.124
370.673
450.892
452.229
369.851
273.877
214.888
283.752
211.366
278.779
211.45
279.53
662.45
257.149
240.539
196.229
199.57
249.401
248.644
203.524
877.081
564.947
905.911
534.218
265.026
210.675
263.43
199.669
257.114
270.823
207.618
939.185
534.711
931.906
537.29
265.833
207.596
202.587
261.914
256.828
207.237
271.315
433.384
417.956
428.679
410.379
427.349
435.364
408.72
405.728
2111.9
544.587
437.882
502.627
367.658
447.778
367.507
448.465
588.571
1071.17
1075.71
267.449
290.285
209.676
218.827
268.759
288.736
209.079
492.966
713.728
380.197
474.606
474.246
493.907
381.037
266.286
217.034
289.307
206.826
265.91
287.814
207.442
582.765
1067.93
1065.05
4180.88
184.842
208.357
182.383
179.668
181.264
180.321
181.534
203.172
373.858
788.105
197.562
203.577
193.48
350.172
184.74
192.493
183.557
181.659
181.171
180.473
181.694
266.697
449.298
848.172
212.46
279.458
234.247
428.818
696.697
823.688
362.895
823.766
699.422
365.185
501.219
687.813
476.534
382.249
383.077
477.547
498.436
697.666
369.398
823.518
825.357
367.434
699.657
404.812
272.582
412.793
641.481
272.684
616.758
274.841
433.72
653.679
628.109
1011.82
433.53
451.929
1004.97
275.768
422.979
416.926
644.205
279.287
277.295
662.632
716.319
281.284
289.205
1410.82
1339.8
279.066
744.301
1232.53
650.069
1985.41
524.783
1237.25
485.028
1929
713.801
274.154
286.783
1234.57
690.898
1323.21
276.781
1231.35
434.435
1955.02
499.973
457.281
1959.97
1270.82
704.793
919.314
381.369
704.848
919.813
381.477
496.601
765.092
477.131
432.891
432.539
476.817
496.994
704.59
381.924
921.272
920.364
381.592
705.289
429.957
272.054
397.216
666.063
279.056
713.291
273.372
447.122
662.063
660.236
964.231
434.527
432.624
954.547
271.92
402.338
397.855
672.939
274.578
273.37
679.786
783.927
277.103
289.654
1510.17
1490.98
275.732
794.651
1261.51
425.352
1845.08
432.196
1284.43
429.521
1828.3
777.775
281.65
288.895
1562.81
819.405
1490.73
275.587
1259.6
433.619
1786.28
433.971
431.451
1817.31
1262.43
714.919
935.679
386.96
713.874
936.688
387.302
501.885
794.972
479.86
439.32
439.743
479.509
502.118
715.174
386.809
935.122
935.995
387.073
714.871
397.037
274.551
396.587
708.441
276.518
698.947
276.277
457.107
655.517
654.488
916.309
446.424
445.749
910.603
274.61
397.741
396.78
713.272
276.731
276.324
719.677
834.357
279.406
293.811
1602.04
1561.57
279.093
841.301
1277.34
444.623
1798.29
451.644
1277.46
445.038
1773.27
829.691
279.191
293.726
1508.01
819.554
1549.11
279.045
1278.35
446.601
1758.11
452.413
445.811
1771.51
1280.43
717.819
938.158
388.147
717.868
938.176
388.137
504.751
804.707
482.68
440.659
440.692
482.661
504.792
717.595
388.015
937.819
937.884
388.026
717.616
398.606
274.836
397.863
544.855
275.72
523.262
275.52
458.306
655.719
653.41
721.833
447.514
447.851
908.373
274.754
397.693
397.518
571.733
276.377
275.551
715.233
688.096
278.883
286.733
1602.69
1321.11
277.206
836.155
1273.83
449.156
1967.74
457.539
1274.14
448.875
1964.68
652.85
277.056
285.7
1249.7
621.221
1281.49
277.006
1273.76
447.825
1756.16
456.803
448.367
1944.31
1280.54
711.237
933.596
386.079
711.984
932.697
385.739
497.347
780.175
474.669
437.236
437.47
474.723
497.266
710.566
385.206
931.102
931.553
385.347
710.348
396.615
273.898
394.815
682.088
276.394
693.539
275.463
452.067
657.044
650.141
937.337
436.996
439.082
952.169
273.427
398.142
394.403
679.174
274.56
275.039
680.279
798.845
277.059
291.381
1512.15
1447.03
277.576
798.847
1272.23
441.885
1798.39
445.621
1276.07
440.299
1816.74
801.294
279.058
291.718
1497.05
814.299
1453.97
277.991
1271.72
436.205
1796.03
443.932
438.611
1816.64
1270.15
700.552
914.471
379.726
701.76
912.575
378.987
495.002
751.084
475.529
428.069
428.373
476.502
494.75
700.126
378.125
910.836
910.714
378.361
701.776
433.151
277.932
419.579
698.484
281.357
726.918
280.105
439.338
664.37
661.288
971.306
433.48
427.303
996.322
276.572
418.841
416.441
687.328
279.339
278.768
666.861
768.884
281.376
297.673
1417.77
1471.42
281.469
750.349
1273.87
422.734
1834.96
426.182
1287.16
423.045
1858.3
781.812
284.2
300.151
1574.32
826.843
1488.46
282.93
1271.47
433.958
1950.36
429.338
426.562
1870.45
1270.64
184.84
182.384
208.353
181.264
179.667
180.321
181.534
203.089
780.895
373.005
203.386
197.507
193.387
345.606
184.742
183.558
192.498
181.171
181.661
180.474
181.695
449.184
368.02
339.7
677.535
621.157
480.318
376.46
512.652
520.099
380.393
504
378.652
378.132
351.511
281.539
437.813
388.138
350.23
282.527
454.568
625.189
373.979
503.171
471.99
374.103
372.381
493.579
376.142
353.843
479.117
399.076
285.654
284.397
466.012
355.394
485.382
418.7
519.911
498.168
399.884
537.628
476.528
453.214
432.087
438.702
406.02
411.626
458.841
436.934
450.523
439.583
491.334
392.671
393.22
447.954
437.918
395.601
570.487
397.874
581.606
395.108
575.606
398.424
689.831
372.712
299.914
458.339
540.748
373.227
299.499
537.122
371.532
530.513
298.197
455.364
298.553
371.093
534.373
396.863
583.971
582.536
400.284
397.426
577.902
399.699
398.983
404.092
398.75
400.996
401.163
398.722
399.09
401.978
401.599
499.454
398.75
401.319
402.032
398.85
400.661
398.322
400.018
498.203
400.417
400.92
397.735
404.878
489.683
487.606
541.706
591.813
543.362
585.056
1052.56
1060.39
403.737
484.889
486.285
547.342
594.177
544.967
495.02
751.12
475.523
428.06
428.385
476.513
494.748
700.599
914.478
379.734
701.82
912.586
378.992
700.15
378.121
910.827
910.732
701.774
378.369
501.216
418.823
502.794
586.611
1070.14
1071.04
610.526
564.171
562.637
559.092
608.541
560.817
420.351
505.963
504.479
401.012
591.237
404.344
593.616
587.743
403.998
401.338
375.994
301.914
465.723
543.032
375.763
302.104
545.772
702.091
376.52
550.017
467.393
302.786
302.525
547.376
376.832
400.449
592.123
582.708
403.095
400.172
586.354
403.442
407.237
404.132
402.57
504.814
406.041
405.424
403.611
407.433
410.963
407.669
407.817
407.591
407.402
407.631
408.825
405.121
505.997
406.54
406.382
405.058
408.954
407.575
603.959
410.522
611.308
407.332
605.748
410.778
717.843
383.162
308.105
483.171
567.356
383.509
307.823
566.13
382.578
563.644
307.187
482.004
307.363
382.358
565.027
408.212
612.327
608.217
411.835
408.587
606.718
411.431
418.62
420.696
418.632
415.985
416.311
418.938
418.339
420.571
414.98
516.706
416.23
414.761
420.752
416.043
419.716
414.97
413.813
515.824
414.088
419.459
415.188
494.373
414.761
498.98
609.467
564.502
562.068
595.331
1088.32
1087.72
551.754
603.64
556.33
420.129
506.474
504.471
497.537
780.362
474.895
437.236
437.497
474.967
497.432
711.422
933.642
386.107
712.156
932.733
385.757
710.695
385.215
931.112
931.599
710.443
385.371
497.541
413.22
497.803
606.238
1106.78
1107.56
602.224
556.609
555.928
555.033
601.576
555.343
413.669
498.956
498.333
410.153
610.408
413.056
615.119
609.541
413.448
409.786
385.245
309.051
486.147
568.173
384.723
309.462
569.005
723.428
384.938
569.695
486.386
308.98
309.216
569.267
384.626
410.495
614.598
608.156
413.222
409.926
609.101
413.825
424.089
416.938
418.807
520.323
423.516
417.581
419.363
422.864
424.652
422.712
419.226
419.91
423.264
422.269
423.905
418.505
519.986
416.655
417.341
419.165
423.258
411.478
613.188
414.79
618.942
411.461
613.4
414.807
723.709
386.266
310.28
489.917
573.183
386.277
310.271
573.121
386.171
572.855
310.183
489.779
310.196
386.155
573.017
411.582
619.006
613.563
414.929
411.594
613.468
414.915
425.351
426.618
425.901
421.57
421.564
425.902
425.352
426.347
418.8
521.814
421.407
418.797
426.355
421.397
426.253
421.308
418.709
521.684
418.698
426.257
421.298
499.591
414.862
499.729
604.219
557.589
557.824
610.843
1114.27
1115.94
557.292
603.808
557.426
415.176
499.864
500.097
505.316
805.217
483.443
440.702
440.735
483.424
505.358
718.167
938.245
388.198
718.215
938.265
388.189
717.944
388.067
937.908
937.972
717.966
388.077
501.243
416.121
501.226
612.798
1119.51
1119.49
605.465
559.281
559.217
559.069
605.287
559.049
416.25
501.438
501.379
411.477
613.183
414.789
618.939
613.398
414.806
411.46
386.266
310.279
489.916
573.183
386.277
310.271
573.119
723.707
386.171
572.85
489.776
310.182
310.196
573.014
386.154
411.581
619.004
613.564
414.929
411.594
613.466
414.915
426.347
418.799
421.406
521.813
426.354
418.797
421.396
425.351
426.618
425.901
421.57
421.564
425.902
425.352
426.253
421.308
521.683
418.709
418.698
421.297
426.257
410.144
610.389
413.061
615.105
409.795
609.526
413.443
723.408
385.247
309.055
486.13
568.16
384.719
309.457
568.984
384.933
569.678
308.976
486.378
309.219
384.63
569.256
410.497
614.574
608.138
413.223
409.922
609.079
413.823
422.872
424.659
422.716
419.23
419.916
423.273
422.272
424.088
416.942
520.321
418.814
417.58
423.522
419.36
423.913
418.505
416.658
519.991
417.345
423.259
419.172
501.18
416.068
501.163
605.391
559.214
559.148
612.798
1119.51
1119.49
559
605.213
558.98
416.198
501.377
501.317
501.886
794.949
479.887
439.328
439.745
479.512
502.146
715.132
935.727
386.992
714.089
936.752
387.332
715.187
386.815
935.126
936.013
714.885
387.077
499.618
414.856
499.727
610.827
1114.31
1115.92
604.241
557.637
557.846
557.316
603.806
557.431
415.194
499.908
500.117
407.569
603.938
410.52
611.277
605.718
410.773
407.331
383.165
308.094
483.163
567.329
383.5
307.828
566.118
717.827
382.573
563.627
481.983
307.189
307.356
565
382.356
408.206
612.313
608.187
411.83
408.586
606.703
411.43
420.58
414.971
416.226
516.729
420.75
414.775
416.052
418.627
420.7
418.644
415.995
416.311
418.948
418.349
419.721
414.976
515.819
413.822
414.085
415.191
419.466
400.998
591.203
404.345
593.573
401.343
587.701
403.989
702.092
375.994
301.911
465.699
542.997
375.754
302.101
545.739
376.511
549.987
302.782
467.369
302.521
376.832
547.341
400.445
592.085
582.666
403.095
400.168
586.317
403.434
407.475
411.001
407.714
407.84
407.615
407.451
407.668
407.275
404.16
504.82
402.603
405.43
406.083
403.639
408.859
405.144
406.553
506.006
406.394
408.983
405.084
497.519
413.198
497.781
602.188
556.602
555.899
606.258
1106.76
1107.59
555.013
601.544
555.313
413.651
498.936
498.317
496.328
764.843
476.753
432.865
432.526
476.448
496.712
704.546
919.25
381.334
704.589
919.752
381.444
704.433
381.894
921.21
920.338
705.099
381.575
494.346
414.731
498.95
595.357
1088.35
1087.77
609.424
564.461
562.028
551.726
603.606
556.298
420.112
506.431
504.439
395.588
570.452
397.878
581.558
575.559
398.412
395.113
372.699
299.918
458.308
540.723
373.233
299.488
537.077
689.817
371.52
530.483
455.338
298.196
298.546
534.333
371.097
396.853
583.914
582.508
400.282
397.428
577.85
399.694
402.027
401.62
398.79
499.471
402.082
401.335
398.885
399.059
404.167
398.857
401.045
401.209
398.814
399.178
400.721
398.379
498.228
400.04
400.444
397.78
400.992
376.458
520.061
512.616
380.392
378.13
503.965
378.651
625.18
351.502
281.541
388.113
437.787
282.522
350.236
454.535
353.841
479.083
285.652
399.051
284.395
355.392
465.981
373.973
503.132
471.964
374.102
372.383
493.542
376.141
453.147
432.054
438.723
406.043
411.611
458.754
436.955
485.211
418.496
519.641
498.075
399.797
537.288
476.405
450.475
439.62
392.684
491.325
393.208
437.942
447.933
501.216
418.815
502.777
610.494
564.149
562.603
586.667
1070.29
1071.14
559.098
608.51
560.79
420.333
505.944
504.45
501.209
687.79
476.533
382.247
383.076
477.544
498.43
696.669
823.697
362.902
699.409
823.752
365.175
697.642
369.406
823.526
825.342
699.654
367.424
489.692
404.873
487.594
585.037
1052.67
1060.4
591.913
541.712
543.365
547.355
594.225
544.957
403.73
484.887
486.282
415.45
467.666
373.857
617.525
444.762
704.315
672.813
407.915
450.171
492.104
832.126
449.002
962.638
449.234
368.028
339.659
675.871
620.547
480.481
460.612
801.939
727.69
821.282
768.894
514.077
400.28
249.12
379.625
358.938
246.028
421.625
237.235
302.295
236.525
369.848
340.487
214.202
284.882
226.176
1220.94
367.067
355.141
214.137
234.449
216.578
231.777
1337.86
374.326
381.329
220.788
237.682
219.485
239.167
422.764
362.095
374.241
369.192
417.262
431.798
354.36
376.971
641.982
411.014
525.807
413.257
487.584
364.365
358.973
417.429
327.355
500.075
442.269
350.461
341.079
407.569
359.722
360.475
348.574
414.424
349.587
401.966
336.28
396.349
418.334
320.732
320.73
396.599
336.765
334.619
414.527
323.662
421.147
336.772
319.907
401.685
360.44
224.77
223.794
191.518
205.512
204.712
191.996
364.641
225.514
225.617
192.861
206.625
207.067
192.646
674.413
369.544
447.598
441.975
446.399
441.252
680.52
913.115
477.674
473.841
925.29
349.886
429.879
434.774
435.298
348.295
430.316
432.069
656.82
367.546
445.528
442.333
442.272
662.642
438.911
977.43
513.938
501.154
1008.28
351.521
428.433
431.556
436.009
429.206
352.638
434.249
493.023
708.337
475.523
384.182
495.372
473.883
381.953
708.556
813.805
376.962
375.323
816.672
711.756
705.167
372.062
821.923
703.304
373.529
818.605
681.331
448.113
442.071
371.051
443.289
679.881
448.304
357.366
444.396
431.281
432.711
430.816
442.37
358.961
1018.68
523.32
520.924
1023.89
1013.45
516.462
1009.79
518.416
355.665
428.032
429.618
438.324
428.976
354.389
440.131
684.559
372.687
447.87
452.057
445.556
450.085
688.023
439.269
664.376
661.313
971.323
433.204
996.323
427.064
433.193
277.946
419.608
698.515
281.378
726.959
280.124
418.853
276.584
416.47
687.35
279.368
666.757
278.787
768.889
281.406
1416.32
297.67
750.15
1470.86
281.489
1273.9
422.613
425.9
1834.33
1287.24
422.827
1857.05
1271.5
433.652
1947.15
429.026
1270.64
426.286
1869.07
781.83
284.22
300.152
1574.06
826.89
1487.97
282.95
1415.31
404.856
401.956
227.532
246.43
228.183
245.697
1446.72
407.351
409.397
229.607
247.379
229.205
247.75
414.62
374.874
374.186
359.792
407.656
406.371
360.319
341.789
400.191
323.133
424.225
403.415
340.257
324.65
343.777
407.619
326.318
426.15
406.031
326.052
344.169
420.789
378.2
379.046
364.194
411.148
363.428
412.617
349.256
415.956
436.499
330.474
330.311
414.807
349.547
347.64
410.902
328.415
434.737
346.945
329.103
412.696
344.73
224.888
224.704
194.478
209.794
209.573
194.626
343.71
224.764
224.789
194.904
210.125
210.26
194.81
681.424
361.377
435.041
437.574
434.753
437.117
682.098
1039.22
530.656
530.827
1038.85
361.47
446.635
423.657
424.344
423.575
361.426
446.636
681.414
361.742
435.403
437.338
435.058
437.335
681.548
1039.75
531.545
531.037
1040.92
361.606
423.77
424.2
447.228
423.406
361.961
446.772
496.962
769.605
476.261
433.673
496.89
476.318
433.94
706.916
925.782
383.405
383.084
924.932
707.545
706.515
382.532
923.079
706.183
382.737
923.744
683.308
435.519
437.424
361.462
437.706
683.056
435.491
363.044
449.151
425.03
424.681
424.256
448.623
363.431
1044.61
533.78
533.269
1045.77
1043.47
532.424
1042.74
532.749
362.707
423.735
424.729
447.934
423.951
362.523
448.171
683.873
361.672
438.521
436.03
438.045
435.702
684.595
452.054
657.045
650.166
937.348
436.966
952.172
439.063
396.63
273.915
394.841
682.115
276.403
693.544
275.479
398.144
273.438
394.42
679.194
274.561
680.284
275.051
798.865
277.059
1512.07
291.387
798.854
1447
277.587
1272.28
441.875
445.607
1798.32
1276.07
440.287
1816.71
1271.75
436.175
1795.91
443.91
1270.15
438.591
1816.59
801.324
279.065
291.729
1496.99
814.305
1453.95
278.007
1482.53
417.73
416.709
231.859
249.56
232.101
249.359
1486.95
418.327
418.721
232.449
249.763
232.38
249.808
427.212
385.363
385.196
369.971
420.462
420.023
370.075
352.176
419.311
332.682
442.003
419.477
352.275
332.687
352.843
420.744
333.231
442.695
420.22
333.244
352.884
428.96
386.562
386.638
371.344
421.85
371.275
422.059
354.439
423.127
446.619
334.6
334.617
422.974
354.443
354.074
422.138
334.217
446.001
354.018
334.297
422.457
346.728
225.865
225.606
195.669
211.557
211.412
195.734
348.598
226.02
226.047
195.853
211.69
211.74
195.816
690.971
363.57
438.79
440.85
439.164
441.145
690.436
1058.13
539.063
539.545
1057.17
367.196
453.679
427.588
428.671
427.885
366.929
454.004
691.69
363.955
439.367
441.419
439.663
441.778
691.111
1057.65
538.914
539.255
1057.08
366.947
427.083
428.148
453.525
427.353
366.775
453.703
503.308
801.291
481.029
439.933
503.315
481.097
440.062
716.829
937.533
387.786
387.696
937.349
717.088
716.15
387.351
936.358
716.218
387.411
936.622
691.612
439.597
441.423
363.806
441.396
691.616
439.504
367.65
454.792
428.958
428.363
428.188
454.646
367.759
1059.88
540.363
540.226
1060.18
1058.97
539.712
1058.77
539.804
367.363
427.646
428.434
454.21
427.634
367.316
454.275
692.274
364.385
442.245
440.145
442.05
439.977
692.535
458.306
655.798
653.489
721.916
447.513
908.475
447.852
398.683
274.89
397.944
544.936
275.771
523.337
275.573
397.772
274.808
397.599
571.812
276.429
715.312
275.604
688.185
278.935
1602.78
286.786
836.242
1321.22
277.259
1273.98
449.157
457.541
1967.88
1274.28
448.876
1964.84
1273.91
447.824
1756.28
456.804
1280.67
448.367
1944.48
652.939
277.108
285.754
1249.81
621.304
1281.61
277.06
1486.94
418.321
418.717
232.448
249.762
232.379
249.807
1482.54
417.723
416.701
231.856
249.559
232.098
249.358
428.96
386.564
386.638
371.346
421.852
422.059
371.279
354.441
423.124
334.6
446.617
422.974
354.442
334.621
354.076
422.139
334.223
446
422.457
334.302
354.023
427.217
385.365
385.2
369.977
420.467
370.078
420.03
352.187
419.319
442.012
332.697
332.699
419.489
352.286
352.851
420.749
333.238
442.7
352.889
333.255
420.227
347.755
225.942
225.97
195.853
211.689
211.739
195.815
347.568
225.94
225.683
195.668
211.557
211.411
195.733
692.98
364.634
440.451
442.415
440.393
442.39
693.022
1061.38
540.916
540.899
1061.42
368.159
455.352
428.838
429.534
428.772
368.185
455.316
693.255
364.877
440.668
442.74
440.592
442.666
693.338
1061.01
540.717
540.732
1060.99
368.039
428.564
429.319
455.165
428.542
368.043
455.16
504.501
804.21
482.556
440.555
504.646
482.415
440.52
717.518
937.714
387.921
387.972
937.883
717.392
717.276
387.9
937.61
717.425
387.855
937.538
692.623
440.306
442.314
364.479
442.173
692.789
440.19
367.954
455.003
429.258
428.449
428.485
455.042
367.92
1060.79
540.569
540.641
1060.64
1060.45
540.544
1060.61
540.474
367.849
428.462
429.12
454.992
428.34
367.91
454.911
692.877
364.604
442.294
440.354
442.343
440.358
692.815
457.111
655.559
654.565
916.412
446.427
910.656
445.755
397.083
274.564
396.611
708.474
276.547
698.995
276.293
397.794
274.663
396.859
713.352
276.769
719.724
276.377
834.446
279.443
1602.12
293.867
841.351
1561.71
279.146
1277.4
444.629
451.654
1798.41
1277.55
445.049
1773.37
1278.49
446.604
1758.16
452.417
1280.5
445.817
1771.66
829.732
279.22
293.75
1508.13
819.607
1549.2
279.062
1446.67
407.337
409.376
229.602
247.376
229.199
247.749
1415.26
404.837
401.935
227.526
246.426
228.177
245.694
420.801
378.222
379.063
364.216
411.177
412.641
363.455
349.276
415.968
330.494
436.512
414.824
349.562
330.337
347.664
410.933
328.454
434.757
412.72
329.134
346.974
414.66
374.902
374.223
359.839
407.699
360.355
406.428
341.852
400.287
424.294
323.23
324.725
403.491
340.335
343.829
407.663
326.365
426.205
344.208
326.115
406.091
343.543
224.769
224.773
194.904
210.125
210.259
194.81
344.399
224.878
224.673
194.478
209.794
209.572
194.626
687.771
362.117
437.311
439.176
437.314
439.384
687.581
1053.2
537.764
537.239
1054.39
365.67
452.556
426.674
426.992
426.187
366.05
452.036
688.554
362.617
438.148
440.506
437.781
439.989
689.312
1051.95
536.438
536.656
1051.47
365.285
425.473
426.471
451.341
425.65
365.141
451.539
496.851
776.736
475.023
436.515
497.113
474.842
436.265
709.124
928.376
384.267
384.351
928.728
709.025
709.084
384.671
929.701
709.525
384.458
929.181
686.207
436.836
439.136
361.879
438.797
686.653
436.617
364.269
450.103
425.872
425.02
425.093
450.202
364.194
1048.67
535.021
535.15
1048.36
1049.09
535.651
1049.79
535.33
364.378
425.342
425.856
450.684
425.051
364.621
450.355
686.107
362.038
438.755
436.823
438.879
436.726
686.049
447.133
662.055
660.216
964.196
434.559
954.531
432.667
429.91
272.034
397.183
666.032
279.028
713.261
273.353
402.335
271.907
397.827
672.909
274.576
679.778
273.357
783.896
277.102
1510.27
289.65
794.641
1491.09
275.72
1261.46
425.443
432.269
1845.65
1284.35
429.586
1828.62
1259.55
433.656
1786.43
434.03
1262.43
431.502
1817.58
777.742
281.624
288.888
1563.05
819.37
1490.84
275.57
1337.76
374.305
381.303
220.782
237.679
219.48
239.163
1220.88
367.048
355.124
214.133
234.446
216.574
231.775
407.73
359.827
360.574
348.702
414.73
402.222
349.723
336.399
396.478
320.85
418.564
396.797
336.862
320.89
334.757
414.842
323.884
421.405
401.95
320.086
336.921
422.881
362.191
374.284
369.229
417.583
354.481
432.004
376.849
639.549
524.994
410.784
412.781
364.455
487.264
359.01
417.747
327.579
499.633
341.216
350.625
442.391
364.648
225.517
225.62
192.861
206.626
207.067
192.647
360.446
224.773
223.798
191.519
205.513
204.713
191.997
675.606
359.939
432.602
433.454
432.406
434.127
674.917
1031.4
528.325
527.169
1034.05
359.167
444.953
422.6
422.51
421.615
360.032
443.79
677.001
360.489
433.68
436.199
432.942
435.098
678.691
1029.22
525.739
526.182
1028.14
358.45
420.221
421.695
442.289
420.774
358.064
442.833
504.701
742.379
488.256
428.505
505.233
482.595
422.442
707.553
812.154
379.136
379.317
800.271
714.556
735.469
378.238
918.012
717.583
379.58
908.76
684.442
436.378
436.219
369.445
442.52
676.42
445.745
360.251
445.869
431.227
433.759
431.581
445.006
360.562
1030.17
526.235
526.557
1029.65
1030.26
525.624
1027.62
527.005
359.114
422.262
427.234
441.854
427.379
357.759
443.393
689.844
373.147
449.54
454.592
447.355
451.284
691.827
433.791
653.673
628.166
1006.79
433.809
1004.96
452.07
404.665
272.476
411.883
655.948
273.206
860.085
274.668
422.975
275.713
416.438
651.326
279.248
662.84
277.183
726.196
281.244
1412.53
289.245
744.677
1346.46
278.973
1232
648.003
524.022
1913.5
484.751
1942.13
1231.17
434.736
1958.72
499.571
1270.8
457.362
1972.99
735.243
275.404
286.827
1200.79
441.847
1335.81
276.65
415.395
467.634
373.842
616.992
703.474
444.68
672.297
407.841
449.979
491.823
834.453
448.86
959.661
460.546
801.859
727.015
810.65
513.832
767.851
400.218
249.139
379.611
359.232
246.171
422.095
237.302
302.3
236.538
369.843
340.562
214.225
284.934
226.213
312.532
504.06
363.89
487.626
362.241
479.244
313.845
351.256
378.811
437.193
427.311
347.461
446.235
384.386
847.844
490.494
829.096
504.398
310.542
494.996
357.54
458.703
359.823
308.475
470.896
356.499
459.852
433.938
396.622
453.843
359.074
391.413
383.186
525.531
384.494
544.086
382.187
537.26
385.629
657.621
362.164
291.843
429.085
509.281
291.066
502.271
363.119
360.049
487.087
288.647
422.761
359.163
289.374
496.318
385.449
549.126
551.04
388.987
542.249
387.925
386.484
317.968
367.785
494.389
531.415
501.871
317.037
368.971
350.183
375
454.77
480.453
477.199
379.945
351.436
919.862
485.998
816.615
525.385
354.253
466.694
449.372
402.823
471.788
362.187
391.624
319.662
537.118
512.921
372.161
508.163
371.157
320.423
442.65
1191.37
499.503
572.659
466.15
473.975
1058.48
376.046
449.272
463.525
365.294
416.898
439.448
548.211
934.06
443.729
409.395
967.416
433.183
416.31
428.711
405.056
430.872
428.839
406.807
442.922
398.718
455.926
500.876
452.974
445.405
398.125
441.025
442.442
394.397
498.295
436.469
449.476
396.51
367.087
449.687
449.72
365.802
423.902
908.377
465.164
532.41
461.451
426.248
917.325
420.482
446.771
927.094
534.42
413.819
456.16
922.932
391.913
569.059
569.152
395.445
392.734
562.775
394.614
679.963
366.914
294.415
442.511
513.906
294.857
366.373
519.089
368.131
527.392
296.448
446.163
368.889
295.837
522.499
390.617
566.262
553.052
392.58
389.995
559.953
393.302
328.378
533.97
380.849
568.169
381.388
327.906
537.122
952.846
546.083
951.488
546.987
363.225
388.368
481.353
507.747
506.091
387.585
363.876
361.856
500.62
384.409
478.489
360.847
503.005
385.827
329.468
571.036
383.171
542.66
382.633
540.284
329.88
325.253
556.677
530.237
378.461
526.844
377.708
325.84
356.261
376.969
486.519
466.755
354.664
490.115
378.752
944.413
542.632
945.586
541.981
324.11
553.136
518.314
375.659
323.402
522.919
376.414
357.795
496.329
470.272
381.732
493.921
358.687
380.701
411.16
412.555
399.562
401.536
400.022
409.356
406.313
433.698
399.921
458.679
503.78
448.818
438.443
401.782
414.721
399.809
399.629
500.063
401.995
414.314
401.347
384.859
1039.98
598.075
395.14
395.22
1039.23
385.025
374.898
457.174
458.046
374.107
383.577
394.56
596.355
1034.25
394.076
383.115
1036.06
406.715
894.332
466.538
591.712
427.161
439.349
1050.32
371.565
454.313
453.794
371.854
386.201
395.51
601.12
1031.25
409.522
381.532
1047.33
617.266
787.462
497.086
1158.28
1168.37
494.135
610.627
534.992
492.857
458.428
442.381
535.492
496.154
450.479
624.043
789.85
1190.19
501.496
1179.19
630.767
496.67
534.63
442.278
436.986
502.271
499.36
444.446
534.473
492.242
411.309
494.816
580.204
1054.52
1059.9
607.185
558.234
555.767
550.187
604.296
553.021
413.574
499.917
497.362
598.147
502.35
1149.64
801.172
509.362
604.576
1140.96
536.637
514.268
437.842
449.993
511.959
447.319
534.458
535.769
442.802
435.735
505.718
508.672
444.951
535.179
591.546
806.389
517.981
1121.35
514.971
1132.75
580.586
504.699
742.39
488.26
428.515
505.242
482.588
422.439
707.564
812.161
379.133
714.569
800.277
379.323
735.475
378.242
918.027
717.599
908.764
379.581
675.625
359.951
432.605
433.458
432.421
674.915
434.142
1031.42
528.337
527.176
1034.08
359.178
444.966
422.647
422.539
360.04
421.644
443.803
677.026
360.521
433.72
436.249
432.97
678.732
435.129
1029.24
525.728
526.199
1028.12
358.454
420.226
442.284
421.711
358.065
420.788
442.844
684.458
369.448
436.386
436.221
442.526
445.75
676.414
360.252
445.87
433.764
431.234
360.564
431.588
445.008
1030.18
526.226
1029.64
526.571
689.857
373.151
449.544
454.598
691.83
447.361
451.293
1030.27
525.629
527.006
1027.61
359.12
422.265
427.24
441.855
427.386
357.757
443.395
499.859
416.217
499.903
588.696
1070.08
1074.99
606.189
560.045
559.08
557.597
604.671
557.523
417.644
502.193
501.48
613.762
1034.14
501.872
820.33
1026.53
613.843
506.176
583.816
509.587
425.915
444.383
508.071
443.017
586.116
581.569
439.878
505.992
425.066
506.803
579.819
441.474
614.448
826.111
1012.59
513.836
1020.13
510.481
615.016
618.569
1042.87
807.689
499.223
500.878
1056.22
614.584
585.261
513.301
455.849
433.822
577.431
509.582
449.232
627.907
812.862
519.476
1101.72
615.036
509.745
1075.28
579.81
439.93
429.635
505.358
506.998
443.136
578.367
333.137
387.173
580.845
552.066
386.865
550.124
333.368
367.007
391.188
511.76
488.786
366.188
513.537
392.43
966.622
555.474
966.964
555.314
332.633
578.936
385.946
545.68
386.315
332.29
547.952
367.79
517.092
490.858
394.236
515.716
368.295
393.584
402.823
591.541
405.6
600.167
402.582
594.462
405.879
706.34
378.922
304.682
473.699
557.149
304.451
555.065
379.206
378.2
551.377
303.692
472.076
377.98
303.877
553.568
403.597
601.476
598.447
406.983
595.714
406.657
403.908
334.691
388.421
553.971
586.95
555.685
334.477
388.687
370.801
398.189
497.292
523.672
522.593
397.602
371.256
970.856
557.503
970.311
557.839
369.965
519.502
495.56
395.769
520.762
369.439
396.516
335.354
588.582
559.042
389.742
557.527
389.442
335.581
389.132
1047.75
398.806
604.796
399.717
388.276
1050.42
380.886
465.352
465.252
380.956
390.18
401.096
606.209
1052.92
401.054
390.259
1052.7
410.547
413.663
410.126
409.418
410.052
410.672
409.961
412.857
409.313
408.876
509.567
408.805
412.944
409.176
411.789
407.379
407.961
508.565
411.344
407.749
408.418
382.678
467.101
467.41
382.396
393.249
1060.32
404.66
610.607
404.584
393.362
1060.02
392.323
403.204
1056.98
609.326
392.011
403.524
1057.84
406.165
603.652
607.19
409.583
406.424
601.512
409.321
714.182
380.86
305.846
477.82
558.287
305.994
380.684
559.976
381.282
562.674
306.524
478.929
381.522
306.33
561.052
405.712
606.175
598.33
408.632
405.512
600.563
408.856
338.828
566.02
393.24
598.341
393.478
338.642
567.07
982.647
564.714
982.246
564.96
375.914
404.85
507.462
533.651
533.062
404.379
376.296
375.234
530.974
403.008
506.227
374.863
531.751
403.51
339.385
599.563
394.5
569.216
394.116
568.411
339.682
337.624
594.45
564.688
392.296
563.461
392.065
337.801
373.056
399.907
525.992
501.723
372.609
526.993
400.566
979.328
563.143
979.692
562.971
337.209
593.171
560.691
391.39
337.027
562.019
391.599
373.638
529.31
503.071
401.87
528.42
374.008
401.377
416.291
418.644
416.624
414.596
416.373
416.515
414.485
416.505
411.306
411.729
513.008
415.965
412.192
411.877
417.475
413.164
412.566
513.772
417.538
413.113
412.478
399.122
1075.09
619.376
411.541
411.346
1074.47
399.345
387.788
473.347
473.559
387.607
398.345
410.291
618.265
1071.99
410.485
398.151
1072.58
395.962
1065.79
407.302
614.806
395.605
407.697
1066.87
386.373
471.962
471.856
386.448
396.679
408.626
615.753
1068.65
408.573
396.758
1068.47
705.128
476.009
844.995
1312.82
1342.18
485.303
698.214
581.282
511.32
427.509
444.093
510.673
587.214
439.67
575.546
435.078
427.179
510.579
510.209
435.162
574.652
697.07
895.628
990.828
513.252
1339.65
611.098
507.49
494.234
410.45
494.567
598.303
1091.76
1093.06
600.487
553.278
552.655
551.655
599.823
552.04
410.913
495.713
495.121
698.578
475.736
1310.69
811.816
476.303
698.218
1311.09
576.349
512.88
428.043
436.461
512.218
435.946
577.125
575.679
435.153
427.734
511.358
511.661
435.564
575.32
699.406
812.895
477.483
1314.29
476.84
1312.62
700.334
496.959
776.838
475.183
436.526
497.237
474.988
436.272
709.143
928.345
384.254
708.986
928.76
384.363
709.153
384.684
929.715
709.604
929.203
384.465
687.836
362.18
437.356
439.225
437.375
687.618
439.447
1053.28
537.803
537.265
1054.44
365.689
452.582
426.725
427.063
366.07
426.264
452.059
688.641
362.708
438.22
440.569
437.861
689.362
440.08
1052.02
536.444
536.697
1051.49
365.304
425.516
451.358
426.524
365.154
425.706
451.564
686.226
361.916
436.873
439.177
438.83
436.649
686.7
364.269
450.104
425.013
425.878
364.195
425.099
450.202
1048.69
535.002
1048.33
535.168
686.124
362.04
438.743
436.81
686.032
438.886
436.735
1049.11
535.67
535.341
1049.83
364.386
425.379
425.883
450.701
425.08
364.634
450.365
497.055
412.278
496.688
603.976
1103.65
1103.44
600.335
553.866
553.926
554.519
600.322
554.124
412.109
496.353
496.484
704.079
1320.31
478.724
817.615
1321.03
703.712
479.048
580.976
517.025
430.108
438.756
516.383
438.182
581.698
580.286
437.382
515.521
429.574
515.768
580.003
437.636
704.886
818.606
1324.15
480.332
1322.48
479.647
705.79
702.162
1318.58
815.705
478.568
478.145
1317.56
702.734
578.448
513.977
436.755
428.902
578.286
514.119
436.889
701.863
815.365
477.851
1316.65
701.674
478.051
1316.99
578.678
437.276
428.92
514.742
514.317
436.929
579.162
341.075
395.674
602.547
571.516
396.097
571.567
340.679
377.979
406.317
535.421
510.58
377.445
535.952
406.946
989.208
568.082
987.893
568.955
341.401
602.035
395.888
570.474
396.485
340.904
571.126
377.869
536.051
510.829
406.424
536.311
377.567
406.869
410.611
609.997
413.679
616.631
410.394
611.092
413.907
722.976
385.661
309.866
488.099
571.64
309.788
571.004
385.759
385.375
569.794
309.409
487.5
385.179
309.563
570.58
410.923
616.851
612.206
414.347
611.331
414.232
411.032
341.395
396.299
571.903
603.821
572.617
341.227
396.511
378.567
407.934
512.08
538.088
537.658
407.669
378.757
989.903
569.069
989.485
569.304
378.287
536.673
511.643
406.931
537.213
377.989
407.325
341.673
604.153
573.613
396.937
573.041
396.834
341.753
401.896
1080.15
413.891
623.821
414.43
401.344
1081.83
390.695
476.244
477.041
390.012
401.638
413.582
623.356
1079.04
414.22
401.029
1080.91
423.301
424.909
423.626
419.964
423.172
423.756
420.118
424.705
417.885
419.957
520.64
419.915
424.748
417.857
424.284
419.368
417.364
520.173
424.154
419.491
417.502
390.88
477.107
477.296
390.73
402.283
1082.48
414.99
624.171
414.946
402.336
1082.36
401.895
414.391
1080.99
623.584
401.752
414.518
1081.37
411.293
613.109
618.235
414.66
411.335
612.69
414.616
723.478
386.058
310.059
489.132
571.776
310.103
386.003
572.208
386.001
572.677
310.092
489.278
386.04
310.06
572.372
411.357
618.035
611.954
414.624
411.298
612.52
414.685
342.189
575.039
397.393
606.288
397.406
342.18
575.163
992.252
570.747
992.248
570.743
379.451
408.974
514.208
539.863
539.816
408.942
379.472
379.363
539.632
408.808
514.109
379.331
539.718
408.847
342.277
606.366
397.524
575.318
397.512
575.257
342.286
342.03
605.619
574.793
397.258
574.547
397.222
342.055
379.105
408.295
538.623
513.322
378.997
538.867
408.442
991.811
570.491
991.843
570.483
342.07
605.353
573.913
397.23
342.031
574.249
397.283
379.123
539.332
513.582
408.62
539.156
379.195
408.52
424.968
426.307
425.495
421.296
424.965
425.488
421.312
425.798
418.483
420.866
521.438
425.756
420.892
418.501
425.898
420.972
418.475
521.434
425.89
420.979
418.5
403.348
1084.86
625.59
416.269
416.261
1084.84
403.355
391.944
478.565
478.558
391.952
403.242
416.166
625.427
1084.58
416.156
403.249
1084.55
402.975
1083.99
415.778
625.127
402.954
415.799
1084.02
391.762
478.334
478.337
391.753
403.008
415.865
625.122
1083.97
415.873
403.004
1084.01
707.443
480.607
820.972
1326.76
1327.04
480.832
707.274
583.516
518.34
431.722
439.524
518.711
583.129
439.833
583.147
438.988
431.17
518.216
518.371
439.23
582.984
707.889
821.804
1327.08
481.129
1327.86
707.441
481.496
500.2
415.321
500.284
611.074
1116
1116.36
604.952
558.672
558.463
557.95
604.506
558.05
415.642
500.85
500.662
708.43
481.174
1328.6
821.86
481.221
708.302
1328.84
584.455
519.732
431.975
440.278
519.551
440.059
584.658
583.964
439.515
431.459
519.019
519.105
439.533
583.863
709.01
822.664
482.031
1330.34
481.777
1329.89
709.256
505.067
804.722
483.318
440.598
505.211
483.178
440.563
717.868
937.802
387.972
717.741
937.971
388.023
717.626
387.951
937.698
717.775
937.626
387.907
693.134
364.812
440.611
442.585
440.553
693.177
442.561
1061.53
540.989
540.973
1061.57
368.208
455.414
428.982
429.672
368.233
428.919
455.378
693.409
365.054
440.826
442.908
440.751
693.49
442.836
1061.17
540.792
540.806
1061.14
368.088
428.712
455.228
429.458
368.092
428.69
455.222
692.777
364.657
440.466
442.484
442.343
440.35
692.944
368.003
455.065
428.595
429.397
367.969
428.633
455.104
1060.94
540.643
1060.8
540.716
693.032
364.783
442.463
440.513
692.969
442.513
440.518
1060.6
540.618
540.549
1060.76
367.898
428.609
429.259
455.055
428.487
367.959
454.974
501.097
415.913
500.982
612.508
1118.9
1118.97
605.436
558.905
558.937
558.916
605.186
558.801
416.01
501.065
501.097
709.934
1331.56
482.355
823.618
1331.55
709.942
482.32
585.443
520.492
432.679
440.852
520.446
440.767
585.494
585.233
440.589
520.263
432.472
520.256
585.24
440.557
710.183
823.95
1332.11
482.641
1332
482.543
710.245
709.534
1331.07
823.188
482.262
482.08
1330.82
709.669
585.064
520.062
440.446
432.408
585.018
520.106
440.488
709.729
823.418
482.181
1331.09
709.678
482.233
1331.18
584.897
440.505
432.272
520.053
519.953
440.349
585.009
342.188
397.392
606.285
575.033
397.405
575.159
342.18
379.45
408.974
539.862
514.206
379.471
539.815
408.942
992.251
570.746
992.246
570.742
342.277
606.364
397.523
575.318
397.511
342.286
575.255
379.362
539.628
514.106
408.807
539.715
379.329
408.846
411.292
613.104
414.659
618.226
411.334
612.682
414.615
723.477
386.057
310.058
489.126
571.767
310.102
572.201
386.002
385.999
572.672
310.091
489.273
386.039
310.059
572.365
411.356
618.025
611.943
414.622
612.512
414.684
411.297
342.029
397.257
574.786
605.61
574.539
342.054
397.221
379.103
408.292
513.315
538.615
538.859
408.439
378.994
991.809
570.49
991.841
570.482
379.121
539.327
513.577
408.618
539.149
379.193
408.517
342.069
605.343
573.903
397.229
574.24
397.283
342.03
403.348
1084.86
416.268
625.59
416.261
403.354
1084.84
391.943
478.564
478.557
391.952
403.242
416.165
625.427
1084.58
416.155
403.249
1084.55
424.968
426.308
425.495
421.295
424.965
425.488
421.312
425.798
418.483
420.866
521.438
420.892
425.757
418.501
425.898
420.971
418.475
521.434
425.889
420.979
418.5
391.761
478.333
478.336
391.752
402.975
1083.99
415.778
625.128
415.799
402.954
1084.02
403.007
415.864
1083.97
625.122
403.003
415.872
1084.01
410.611
609.982
616.618
413.678
410.394
611.08
413.907
722.986
385.661
309.866
488.092
571.632
309.788
385.759
570.994
385.375
569.781
309.409
487.492
385.179
309.563
570.57
410.923
616.839
612.197
414.347
411.032
611.319
414.232
341.068
571.494
395.678
602.534
396.093
340.685
571.557
989.204
568.086
987.899
568.954
377.974
406.314
510.564
535.408
535.933
406.939
377.443
377.862
536.029
406.423
510.825
377.569
536.305
406.863
341.398
602.012
395.89
570.458
396.482
571.104
340.906
341.395
603.808
571.888
396.298
572.604
396.511
341.227
378.565
407.931
538.079
512.072
378.755
537.648
407.666
989.903
569.069
989.485
569.305
341.673
604.141
573.603
396.937
341.754
573.03
396.834
378.285
536.66
511.634
406.927
537.203
377.986
407.322
423.303
424.912
423.629
419.967
423.175
423.76
420.121
424.706
417.886
419.958
520.642
424.748
419.916
417.859
424.286
419.369
417.366
520.176
424.157
419.492
417.505
401.891
1080.18
623.814
413.897
414.426
1081.81
401.35
390.701
476.242
477.047
390.009
401.643
413.581
623.361
1079.05
414.226
401.028
1080.92
402.284
1082.48
414.991
624.173
402.336
414.947
1082.37
390.881
477.107
477.297
390.73
401.896
414.392
623.588
1080.99
414.519
401.752
1081.38
709.835
482.232
823.475
1331.38
1331.37
482.197
709.842
585.361
520.418
432.546
440.727
520.372
585.412
440.638
585.15
440.46
432.338
520.188
520.182
440.428
585.157
710.085
823.807
1331.93
482.523
1331.82
710.148
482.421
501.035
415.86
500.919
612.509
1118.9
1118.97
605.362
558.837
558.867
558.847
605.111
558.731
415.958
501.003
501.035
709.434
482.14
1330.89
823.044
481.958
709.57
1330.64
584.981
519.988
432.274
440.32
520.031
440.359
584.935
584.814
440.376
432.138
519.979
519.878
440.22
584.926
709.63
823.274
482.061
1330.91
482.111
1331
709.579
503.867
801.79
481.784
439.976
503.872
481.854
440.107
717.167
937.615
387.831
717.406
937.436
387.746
716.496
387.402
936.447
716.561
936.713
387.463
690.976
363.578
438.804
440.869
439.17
690.458
441.153
1058.22
539.109
539.587
1057.26
367.22
453.712
427.679
428.747
366.96
427.968
454.041
691.777
364.06
439.465
441.524
439.756
691.206
441.876
1057.65
538.929
539.255
1057.12
366.952
427.102
453.531
428.156
366.781
427.36
453.713
691.766
363.982
439.753
441.59
441.565
439.662
691.768
367.696
454.84
428.484
429.089
367.798
428.328
454.705
1060.02
540.426
1060.31
540.297
692.421
364.554
442.388
440.283
692.664
442.212
440.128
1059.12
539.785
539.878
1058.92
367.411
427.791
428.572
454.271
427.78
367.363
454.337
500.261
415.373
500.345
611.078
1116.01
1116.37
605.019
558.712
558.526
558.017
604.579
558.118
415.69
500.888
500.719
707.46
1326.82
480.627
820.972
1327.05
707.289
480.845
583.559
518.378
431.795
439.6
518.755
439.902
583.175
583.156
439.01
518.223
431.179
518.384
583
439.239
707.936
821.854
1327.21
481.201
1327.93
481.559
707.501
708.527
1328.78
822.002
481.294
481.341
1329.02
708.399
584.532
519.787
440.373
432.101
584.717
519.621
440.179
709.102
822.798
482.118
1330.46
709.325
481.891
1330.05
584.046
439.641
431.592
519.092
519.178
439.661
583.944
338.824
393.239
598.308
566.004
393.473
567.04
338.641
375.908
404.84
533.615
507.46
376.291
533.061
404.376
982.661
564.708
982.221
564.961
339.381
599.552
394.49
569.18
394.12
339.68
568.405
375.224
530.961
506.205
403.005
531.726
374.861
403.5
406.167
603.619
409.582
607.168
406.414
601.49
409.314
714.186
380.854
305.846
477.795
558.264
305.986
559.945
380.68
381.284
562.644
306.516
478.916
381.512
306.331
561.033
405.706
606.137
598.302
408.624
600.528
408.855
405.509
337.622
392.295
564.652
594.43
563.444
337.797
392.059
373.05
399.899
501.7
525.974
526.964
400.559
372.601
979.339
563.136
979.669
562.972
373.632
529.278
503.063
401.86
528.409
374.001
401.372
337.208
593.132
560.669
391.379
561.986
391.602
337.021
399.129
1075.06
411.535
619.411
411.353
399.337
1074.5
387.787
473.346
473.557
387.607
398.345
410.294
618.251
1072
410.487
398.152
1072.58
416.303
418.66
416.638
414.599
416.385
416.531
414.497
416.515
411.31
411.742
513.01
412.198
415.98
411.885
417.484
413.171
412.565
513.784
417.547
413.119
412.488
386.372
471.963
471.852
386.448
395.961
1065.82
407.311
614.803
407.699
395.61
1066.86
396.679
408.631
1068.67
615.764
396.76
408.575
1068.45
402.818
591.5
600.134
405.604
402.577
594.431
405.865
706.323
378.913
304.681
473.676
557.124
304.444
379.206
555.032
378.199
551.342
303.685
472.055
377.972
303.877
553.541
403.593
601.433
598.419
406.979
403.904
595.675
406.653
333.138
552.034
387.17
580.803
386.861
333.361
550.09
966.609
555.472
966.969
555.315
366.999
391.186
488.767
511.735
513.511
392.423
366.181
367.784
517.067
394.228
490.837
368.285
515.688
393.578
332.629
578.901
385.943
545.647
386.312
547.92
332.288
334.685
586.918
553.936
388.425
555.656
388.675
334.477
370.789
398.184
523.655
497.266
371.252
522.56
397.592
970.837
557.516
970.32
557.823
335.347
588.537
559.022
389.738
335.581
557.487
389.438
369.955
519.472
495.544
395.764
520.74
369.433
396.507
410.573
413.689
410.166
409.439
410.086
410.705
409.977
412.871
409.331
408.892
509.566
412.963
408.814
409.171
411.808
407.403
407.973
508.583
411.373
407.761
408.427
389.141
1047.78
604.809
398.83
399.736
1050.45
388.289
380.888
465.353
465.253
380.958
390.189
401.111
606.213
1052.95
401.071
390.267
1052.71
393.245
1060.36
404.672
610.599
393.372
404.587
1060
382.669
467.114
467.397
382.409
392.32
403.223
609.353
1056.98
403.53
392.025
1057.87
704.043
478.684
817.533
1320.3
1320.92
479.002
703.68
580.935
517.001
430.04
438.721
516.353
581.682
438.118
580.253
437.343
429.522
515.501
515.738
437.585
579.98
704.847
818.553
1324.08
480.301
1322.43
705.763
479.589
497.051
412.262
496.663
603.971
1103.67
1103.44
600.325
553.867
553.917
554.516
600.306
554.096
412.103
496.354
496.477
702.129
478.538
1318.58
815.648
478.119
702.723
1317.49
578.442
513.988
428.894
436.76
514.106
436.881
578.29
578.666
437.243
428.894
514.72
514.307
436.903
579.138
701.857
815.357
477.854
1316.64
478.043
1316.99
701.675
496.739
769.379
475.968
433.669
496.676
476.019
433.912
706.846
925.793
383.41
707.515
924.894
383.067
706.357
382.524
923.072
706.066
923.68
382.707
681.366
361.288
434.957
437.485
434.675
682.005
437.036
1039.14
530.605
530.781
1038.73
361.445
446.587
423.545
424.254
361.389
423.478
446.606
681.327
361.615
435.283
437.209
434.945
681.423
437.221
1039.7
531.508
531.006
1040.83
361.585
423.695
447.202
424.133
361.937
423.335
446.742
683.22
361.394
435.462
437.365
437.636
435.423
683.026
363.037
449.147
424.674
425.005
363.429
424.228
448.615
1044.56
533.787
1045.79
533.245
683.837
361.644
438.513
436.017
684.595
438.013
435.673
1043.37
532.416
532.703
1042.73
362.678
423.684
424.672
447.915
423.89
362.517
448.147
494.2
410.442
494.559
598.331
1091.78
1093.11
600.485
553.278
552.645
551.624
599.802
552.026
410.896
495.718
495.106
705.077
1312.75
475.95
844.914
1342.07
698.174
485.244
581.228
511.265
427.425
443.999
510.639
439.589
587.163
575.509
435.014
510.538
427.114
510.185
574.612
435.099
697.008
895.573
990.72
513.168
1339.58
507.422
611.047
698.534
1310.61
811.782
475.694
476.255
1311.04
698.194
576.352
512.87
436.455
428.02
577.108
512.215
435.925
699.401
812.859
477.476
1314.3
700.323
476.822
1312.58
575.633
435.108
427.681
511.337
511.632
435.513
575.307
328.371
380.849
568.122
533.942
381.381
537.081
327.907
363.214
388.365
507.737
481.324
363.872
506.049
387.577
952.831
546.092
951.499
546.981
329.46
570.978
383.17
542.646
382.628
329.883
540.232
361.846
500.595
478.47
384.406
502.977
360.842
385.822
391.919
569.006
395.438
569.125
392.718
562.748
394.611
679.957
366.909
294.411
442.488
513.873
294.854
519.054
366.369
368.136
527.347
296.436
446.145
368.875
295.84
522.473
390.608
566.221
553.013
392.58
559.913
393.294
389.995
325.256
378.459
530.189
556.653
526.826
325.831
377.702
356.254
376.965
466.739
486.494
490.09
378.749
354.656
944.428
542.624
945.566
541.993
357.793
496.291
470.265
381.723
493.908
358.674
380.704
324.108
553.097
518.281
375.652
522.886
376.415
323.4
384.863
1040.05
395.169
598.08
395.24
385.046
1039.22
374.893
457.185
458.043
374.122
383.588
394.602
596.37
1034.32
394.105
383.14
1036.07
411.284
412.705
399.689
401.6
400.126
409.506
406.398
433.809
399.948
458.787
503.801
438.533
448.944
401.807
414.82
399.874
399.653
500.097
402.078
414.392
401.38
371.571
454.309
453.808
371.862
406.745
894.382
466.628
591.733
439.421
427.202
1050.38
386.226
395.557
1031.31
601.162
381.555
409.58
1047.37
383.175
525.495
544.047
384.496
382.194
537.222
385.623
657.599
362.156
291.84
429.063
509.248
291.063
363.12
502.238
360.042
487.053
288.644
422.74
359.165
289.371
496.285
385.442
549.085
551.003
388.989
386.485
542.209
387.918
312.531
504.023
487.591
363.885
362.244
313.844
479.207
847.833
490.502
829.105
504.392
351.239
378.776
437.159
427.274
347.443
446.197
384.359
310.541
494.957
357.54
458.672
359.822
308.475
470.858
356.488
459.821
396.613
433.906
359.065
453.808
391.398
317.963
531.376
494.356
367.784
501.837
368.969
317.04
350.173
374.998
480.429
454.75
351.434
477.172
379.935
919.85
486.009
816.629
525.381
319.653
537.079
512.89
372.167
320.428
508.129
371.146
354.249
466.666
449.351
402.825
471.761
362.186
391.623
433.327
416.445
428.835
405.112
430.977
429.011
406.88
443.06
398.749
456.038
500.896
445.538
453.093
398.145
441.145
442.529
394.423
498.311
436.558
449.584
396.529
442.59
1191.01
499.281
572.581
466.077
473.788
1058.4
376.039
449.286
463.516
365.306
416.889
439.504
548.208
934.101
443.738
409.422
967.409
423.948
908.437
465.26
532.43
426.294
461.555
917.363
367.086
449.704
449.716
365.818
420.526
446.863
534.441
927.155
456.26
413.867
922.974
613.745
501.862
820.301
1034.13
1026.51
506.157
613.849
583.795
509.564
425.884
444.332
508.06
586.094
442.986
581.548
439.872
425.048
506.002
506.785
441.455
579.831
614.424
826.074
1012.54
513.784
1020.1
614.99
510.452
499.848
416.225
499.907
588.773
1070.23
1075.14
606.183
560.043
559.076
557.598
604.668
557.514
417.631
502.197
501.471
618.568
499.216
1042.85
807.686
500.873
614.583
1056.23
585.247
513.306
433.815
455.846
509.575
449.226
577.435
579.809
439.926
429.628
505.357
506.996
443.131
578.367
627.899
812.823
519.466
1101.73
509.736
1075.26
615.036
493.01
708.305
475.528
384.184
495.37
473.877
381.944
708.539
813.802
376.966
711.748
816.663
375.317
705.146
372.061
821.92
703.293
818.596
373.526
674.391
369.539
447.592
441.974
446.385
680.528
441.244
913.113
477.678
925.289
473.834
349.881
429.882
434.753
435.278
348.298
430.3
432.064
656.798
367.539
445.509
442.319
662.617
442.253
438.9
977.419
513.944
501.149
1008.29
351.516
428.429
436.01
431.543
352.642
429.196
434.249
681.307
371.044
448.103
442.066
443.278
448.292
679.882
357.361
444.396
432.707
431.274
358.965
430.809
442.37
1018.67
523.325
1023.89
520.916
684.55
372.683
447.866
452.052
688.02
445.55
450.076
1013.43
516.46
518.411
1009.8
355.654
428.026
429.606
438.327
428.965
354.396
440.123
492.245
411.295
494.805
580.288
1054.69
1060.06
607.174
558.237
555.757
550.192
604.277
553.008
413.572
499.915
497.359
617.268
787.436
1158.28
497.068
1168.38
610.629
494.114
534.993
492.857
458.394
442.358
535.492
496.154
450.459
624.044
789.8
1190.2
501.453
1179.17
630.767
496.639
534.632
442.273
502.273
436.974
499.36
534.475
444.437
598.144
1149.65
801.127
502.333
509.342
1140.93
604.575
536.631
514.269
449.991
437.835
534.464
511.958
447.314
591.545
806.367
517.969
1121.35
580.587
514.958
1132.75
535.772
442.795
435.725
505.711
508.675
444.943
535.174
170.334
173.918
170.758
173.894
170.775
174.55
172.897
171.031
174.03
170.727
175.08
174.573
174.358
171.377
169.528
173.468
170.202
172.993
169.639
173.725
170.598
161.694
184.743
188.229
166.762
165.102
514.393
292.734
182.617
180.998
177.521
190.078
177.412
203.972
180.18
240.768
166.966
174.87
1051.27
598.869
177.686
202.645
165.735
167.841
164.822
171.099
168.397
168.001
165.006
457.928
1187.14
526.79
485.941
1260.56
444.306
1163.71
435.878
1159.37
437.619
457.215
1196.89
450.986
1194.85
451.807
458.65
1200.85
453.679
1200.86
453.67
454.283
1189.42
448.882
1190.02
448.627
439.988
1153.44
433.609
1154.37
433.233
169.638
173.724
170.596
172.933
169.528
173.467
170.201
175.212
178.712
178.481
176.622
175.826
174.597
177.19
165.038
509.515
289.609
163.668
161.657
184.56
187.876
384.828
460.654
509.68
522.833
697.114
378.757
459.138
624.61
711.404
820.991
1455.39
768.705
1323.69
824.485
585.13
177.684
202.82
195.739
241.476
166.987
174.968
168.396
168.001
165.007
169.951
165.739
167.842
164.823
170.774
174.549
172.891
173.669
170.334
173.918
170.758
174.576
174.359
171.379
174.161
171.032
174.03
170.728
179.523
176.993
179.816
188.959
176.276
178.93
193.159
180.514
175.416
181.657
199.516
175.837
182.123
195.823
175.214
178.715
178.486
176.626
175.827
174.598
177.192
590.858
680.623
522.488
662.683
796.755
688.479
597.758
797.967
187.145
183.44
179.602
237.577
178.259
221.656
194.108
384.83
460.663
509.694
522.847
697.068
378.757
459.141
1223.63
667.637
1213.81
179.908
176.278
181.916
178.974
176.634
178.389
175.63
266.914
1082.25
267.175
337.779
339.561
341.287
333.617
1370.73
279.114
279.267
392.864
386.955
386.186
393.999
230.663
230.332
176.803
181.971
221.652
243.792
177.879
439.947
1153.3
433.553
1154.27
433.17
232.184
183.503
257.974
178.376
252.085
178.341
235.78
280.704
1399.86
280.233
398.223
390.735
397.489
391.129
1460.52
277.325
277.616
410.423
402.212
401.721
410.971
231.626
250.608
177.879
183.376
232.429
251.185
177.804
454.274
1189.4
448.881
1190.02
448.616
231.709
183.441
250.218
177.952
250.637
177.882
232.789
277.631
1477.31
277.284
413.118
403.719
412.501
404.28
1488.18
288.686
288.673
416.786
408.73
408.733
416.79
232.646
250.957
177.817
183.271
232.748
251.196
177.735
458.65
1200.85
453.68
1200.87
453.671
231.512
182.503
239.717
177.498
245.76
177.554
229.295
288.686
1488.17
288.673
416.785
408.728
416.789
408.73
1477.31
277.635
277.281
413.112
403.719
404.279
412.497
231.485
239.693
177.494
182.499
229.267
245.742
177.55
457.214
1196.87
450.99
1194.87
451.808
232.67
183.28
250.987
177.821
251.23
177.74
232.769
277.318
1460.5
277.616
410.418
402.207
410.962
401.716
1399.81
280.699
280.228
398.211
390.726
391.12
397.476
231.716
250.239
177.954
183.449
232.791
250.67
177.884
444.335
1163.78
435.925
1159.48
437.658
231.635
183.387
250.669
177.882
251.233
177.807
232.432
279.112
1370.67
279.259
392.85
386.946
393.988
386.178
1082.19
266.912
267.173
337.77
339.556
341.282
333.607
232.2
258.068
178.38
183.517
235.79
252.215
178.344
457.804
1184.92
527.548
1257.4
486.375
230.666
181.966
230.107
176.778
243.853
177.873
221.204
590.852
680.012
521.964
662.179
796.623
687.71
597.214
797.593
179.518
188.955
176.992
179.811
178.928
193.142
176.273
180.502
199.47
175.404
181.643
182.094
195.797
175.831
1223.05
667.679
1213.61
179.91
176.28
181.919
178.978
176.635
178.391
175.632
182.625
190.081
180.999
177.523
203.976
180.183
177.416
187.171
237.486
183.443
179.629
221.674
194.19
178.27
310.429
771.663
218.386
231.672
201.616
194.134
206.771
453.603
761.699
740.708
446.247
445.703
432.442
729.091
199.903
802.426
202.956
192.557
360.515
189.274
348.275
216.252
273.238
199.244
204.468
188.599
186.822
193.036
623.597
819.908
712.415
1059.46
765.4
1214.47
852.744
861.614
374.284
283.051
235.824
508.461
424.077
269.039
197.787
173.823
174.924
182.619
211.029
186.346
173.39
436.055
1150.81
435.593
436.394
1147.16
448.454
1174.55
442.464
442.222
1175.14
457.592
1198
452.376
452.319
1198.09
458.335
1200
453.156
453.238
1199.84
451.297
1181.79
444.459
445.346
1179.6
440.352
1153.6
436.915
437.853
1149.58
310.412
218.385
771.471
201.613
231.657
194.133
206.769
453.138
737.977
761.483
444.719
445.533
430.848
725.455
199.644
794.253
202.743
192.441
353.878
189.105
343.363
216.255
199.245
273.215
204.471
188.601
186.823
193.037
286.147
203.328
261.104
243.547
206.616
266.561
198.698
255.162
328.37
278.309
197.505
217.437
512.524
214.734
319.598
682.524
284.158
319.568
642.046
398.974
244.904
848.2
382.17
289.368
238.424
495.777
420.185
274.997
197.892
174.939
173.844
212.087
182.681
186.596
173.417
226.934
193.715
234.225
210.733
185.578
203.435
188.558
554.575
899.284
843.286
491.731
196.653
243.635
240.214
216.45
194.348
191.337
219.517
280.728
471.84
203.634
285.236
242.698
218.691
542.12
313.062
544.39
243.236
305.353
231.968
331.214
552.792
1496.11
525.999
432.574
369.508
1165.36
422.961
1367.72
368.871
550.512
257.867
367.486
368.219
256.721
547.968
361.385
544.173
249.975
358.218
254.447
351.684
536.893
286.142
203.323
261.099
243.524
206.601
266.521
198.689
255.096
328.361
278.334
197.493
217.419
214.695
512.444
319.536
682.955
284.048
319.699
244.83
642.271
399.017
1231.56
1431.43
1004.28
594.131
646.073
399.103
431.342
630.16
675.022
410.557
538.143
686.138
328.018
376.102
690.873
375.952
463.126
1256.39
274.87
274.506
370.035
368.702
372.522
367.113
1310.65
277.216
277.134
380.093
374.964
378.587
375.744
440.293
1153.41
436.785
1149.33
437.718
1423.87
278.968
279.364
404.042
396.337
404.614
395.924
1440.26
279.544
279.011
406.835
398.284
406.375
398.573
451.303
1181.79
444.436
1179.55
445.345
1487
288.294
288.177
415.594
408.181
415.81
408.065
1488.25
288.444
288.511
416.304
408.416
416.162
408.493
458.335
1200
453.156
1199.84
453.238
1488.24
288.443
288.51
416.3
408.412
416.159
408.49
1487.02
288.295
288.178
415.59
408.18
415.806
408.063
457.594
1198
452.379
1198.09
452.322
1440.2
279.543
279.003
406.823
398.274
406.365
398.566
1423.83
278.964
279.359
404.03
396.329
404.603
395.916
448.464
1174.57
442.484
1175.19
442.238
1310.57
277.21
277.129
380.081
374.956
378.575
375.735
1256.31
274.865
274.502
370.025
368.695
372.511
367.107
436.129
1151
435.718
1147.4
436.464
226.923
193.709
234.211
210.725
185.575
203.431
188.554
554.563
899.265
843.27
491.702
196.643
243.618
240.197
216.44
194.337
191.33
219.506
280.567
471.786
203.624
285.19
242.639
541.782
218.66
312.871
543.813
243.159
305.217
552.293
330.942
231.923
1528.32
525.97
432.524
369.412
1172.9
422.89
1399.91
368.422
549.86
257.657
366.852
367.667
256.551
547.626
360.998
543.675
249.857
357.715
351.308
254.314
536.679
1232.84
1432.5
1005.25
593.968
645.127
398.716
430.724
629.818
674.394
410.429
537.845
685.724
328.145
375.917
462.927
690.49
376.096
624.984
674.575
671.44
441.981
1132.08
447.13
458.954
1099.88
625.268
667.031
668.848
754.092
1026.71
756.31
661.023
570.113
555.338
558.544
528.788
700.583
529.401
763.185
1035.26
759.322
628.009
465.261
493.031
492.361
478.785
608.703
505.605
668.802
684.53
680.85
445.485
1166.84
439.349
438.92
1167.95
663.331
671.019
674.938
669.289
976.869
677.325
644.379
430.454
488.284
428.499
642.02
432.009
490.033
695.822
988.4
687.414
646.197
434.029
492.049
430.229
433.555
646.899
491.46
654.14
725.025
725.693
457.082
1196.7
451.102
451.738
1195.19
653.753
726.047
725.674
721.097
920.535
721.358
662.946
446.83
503.354
445.449
661.783
447.584
504.243
722.266
923.799
722.12
662.878
447.022
503.667
445.449
447.553
662.088
504.212
653.407
710.541
710.453
458.558
1200.63
453.564
453.574
1200.63
653.221
710.486
710.257
804.029
716.716
803.879
665.233
450.022
506.074
448.449
665.241
450.006
506.067
804.31
949.564
804.175
665.11
449.878
505.971
448.336
449.906
665.109
505.975
651.868
723.454
722.117
453.657
1187.91
447.54
447.99
1186.81
651.105
720.027
720.903
721.326
932.026
721.091
658.804
444.436
501.357
441.832
659.143
444.178
501.109
721.633
929.881
721.253
657.983
443.082
499.993
441.147
443.52
657.345
500.492
668.914
685.268
684.366
439.277
1152.04
432.76
432.646
1151.88
666.241
681.84
683.044
713.103
986.854
709.297
638.903
427.979
486.412
424.03
639.422
427.623
486.03
701.503
1008.47
705.416
638.245
427.575
485.666
423.85
427.283
638.257
485.599
817.572
358.513
703.321
716.343
792.359
348.491
517.824
673.298
341.133
765.393
343.492
393.091
459.347
749.669
800.178
973.97
697.88
313.16
782.001
406.114
286.558
255.273
953.822
447.742
694.904
267.972
759.332
1878.71
1304.1
733.896
820.063
1303.42
285.474
1063.53
454.439
723.054
275.802
797.807
269.111
277.007
421.085
343.89
331.409
342.389
269.626
391.739
457.611
366.73
365.244
350.304
440.823
423.985
350.923
306.786
392.62
298.794
622.227
371.61
308.034
601.307
509.859
375.033
498.005
475.69
292.111
305.827
277.84
436.706
243.97
344.761
547.955
577.197
606.903
541.288
452.142
616.574
644.68
797.234
594.556
471.336
779.575
905.228
775.134
732.825
831.131
678.877
875.272
749.197
935.434
507.261
743.084
834.399
408.937
933.379
759.679
817.574
358.51
703.347
716.384
792.358
348.496
517.874
673.317
341.158
765.621
343.49
393.141
459.358
749.731
800.128
974.291
697.869
313.157
781.904
537.664
556.691
516.138
481.5
387.937
464.331
348.627
696.243
669.539
409.43
759.273
573.771
826.987
784.677
1019.66
873.053
481.5
700.913
789.544
448.068
780.559
855.095
712.406
868.041
1116.07
269.824
268.744
346.92
351.294
347.714
351.62
1362.13
279.127
278.895
390.033
383.316
383.954
388.9
295.363
1517.19
1455.85
1220.87
395.253
383.427
1237.86
1923.49
537.374
1823.87
1128.37
865.422
644.019
1321.28
292.598
1336.88
1432.68
1205.74
346.106
366.48
1185.91
1830.73
512.854
1844.68
1106.66
502.965
588.362
1073.2
439.227
1151.87
432.662
432.568
1151.7
668.944
685.312
684.398
666.277
681.846
683.074
713.119
986.891
709.323
638.823
427.895
486.351
423.913
639.35
427.528
485.963
701.547
1008.5
705.451
638.146
427.426
485.554
423.698
427.162
638.136
485.524
1521
307.612
1553.83
1237.64
404.627
1238.37
418.666
432.016
1720.15
1737.47
1023.53
466.58
470.438
1020.87
1823.2
434.963
1748.54
1033.64
493.255
475.275
1064.81
310.771
1636.13
1566.13
1243.5
436.496
435.094
1270.56
1403.6
279.632
280.005
399.698
392.701
392.192
400.434
1454.94
278.226
277.759
409.488
400.526
400.857
409.052
298.222
1578.94
1564.62
1228.56
408.068
405.23
1231.87
1728.63
438.252
1705.72
1021.02
468.59
1027.42
474.177
297.14
1629.54
1566.29
1233.28
410.792
1267.27
399.046
1664.98
439.977
1695.16
1014.94
479.534
476.16
1006.89
453.647
1187.9
447.538
447.98
1186.79
651.89
723.465
722.141
651.147
720.045
720.948
721.352
932.072
721.128
658.792
444.431
501.359
441.819
659.14
444.165
501.093
721.634
929.906
721.283
657.981
443.075
499.98
441.133
443.507
657.329
500.488
1581.17
299.586
1519.06
1216.41
405.805
1233.73
399.242
451.933
1688.37
1705.71
1045.96
489.606
487.266
1039.97
1672.64
450.269
1704.75
1044.55
481.845
485.567
1010.85
299.873
1562.34
1525.68
1220.44
402.729
399.244
1234.87
1479.66
287.407
283.136
413.655
406.986
405.746
414.15
1486.98
288.549
288.569
416.667
408.59
408.604
416.625
302.584
1651.46
1615.73
1255.94
410.883
409.866
1268.98
1688.96
458.153
1665.66
1031.44
492.242
1040.44
493.28
302.455
1572.12
1605.18
1251.63
405.248
1240.75
407.716
1652.18
458.905
1664.22
1029.84
495.025
493.901
1027.22
458.558
1200.63
453.565
453.575
1200.63
653.485
710.623
710.537
653.3
710.571
710.342
804.124
716.799
803.973
665.233
450.023
506.075
448.45
665.241
450.007
506.067
804.402
949.673
804.269
665.11
449.878
505.969
448.336
449.906
665.107
505.975
1652.91
292.459
1410.9
1197.29
401.785
1273.39
375.367
464.209
1874.18
1870.3
1170.8
498.921
498.415
1179.44
1651.85
463.458
1846.36
1144.17
496.496
497.661
1031.99
290.933
1347.32
1375.74
1166.17
358.948
361.212
1149.56
1486.97
288.548
288.569
416.665
408.587
408.601
416.623
1479.58
287.413
283.132
413.649
406.987
405.74
414.146
292.406
1652.82
1410.79
1197.24
401.745
375.319
1273.33
1874.06
464.207
1870.16
1170.75
498.921
1179.41
498.412
290.879
1347.22
1375.63
1166.1
358.892
1149.5
361.157
1651.75
463.457
1846.21
1144.12
496.491
497.659
1031.94
457.085
1196.71
451.111
451.743
1195.2
654.163
725.076
725.724
653.761
726.074
725.69
721.132
920.536
721.366
662.923
446.836
503.377
445.454
661.811
447.587
504.226
722.315
923.835
722.151
662.876
447.032
503.668
445.458
447.56
662.106
504.223
1651.53
302.643
1615.86
1256.01
410.945
1269.01
409.947
458.162
1689.06
1665.75
1031.45
492.234
493.284
1040.46
1652.21
458.909
1664.35
1029.86
495.024
493.901
1027.21
302.482
1572.24
1605.26
1251.68
405.309
407.764
1240.83
1454.9
278.226
277.752
409.48
400.521
400.853
409.046
1403.56
279.628
280
399.685
392.693
392.183
400.422
299.585
1581.29
1519.11
1216.47
405.869
399.284
1233.83
1688.42
451.944
1705.75
1045.95
489.606
1039.96
487.268
299.866
1562.41
1525.72
1220.48
402.762
1234.91
399.27
1672.77
450.288
1704.8
1044.55
481.853
485.572
1010.88
445.509
1166.9
439.38
438.954
1168.03
668.748
684.489
680.804
663.303
670.978
674.911
669.257
976.811
677.292
644.43
430.521
488.332
428.571
642.078
432.068
490.074
695.776
988.349
687.377
646.24
434.075
492.08
430.29
433.606
646.934
491.495
1579.07
298.227
1564.79
1228.76
408.147
1232
405.314
438.322
1729.25
1706.07
1021.18
468.656
474.22
1027.69
1665.13
440.034
1695.46
1015.07
479.555
476.192
1006.95
297.142
1629.91
1566.47
1233.53
410.92
399.14
1267.71
1362.09
279.121
278.891
390.021
383.308
383.947
388.888
1116
269.821
268.741
346.911
351.289
347.709
351.611
307.637
1523.07
1554.68
1238.65
404.984
418.957
1240.25
1720.82
432.292
1738.74
1024.09
466.679
1021.18
470.649
310.79
1636.52
1566.88
1244.3
436.676
1271.04
435.322
1826.43
435.266
1749.94
1034.31
493.336
475.511
1066.04
441.959
1131.12
447.176
459.076
1099.74
625.578
670.294
665.522
625.651
665.568
664.754
738.664
989.776
722.036
656.529
571.614
548.693
557.87
694.361
529.095
520.323
713.362
1063.73
709.533
626.455
465.259
492.926
492.299
478.959
608.621
507.769
1519.61
295.435
1463.9
1226.51
395.608
1240.2
383.51
536.503
1882
1838.3
1136.44
849.332
641.269
1325.2
1834.48
512.325
1858.35
1112
502.914
586.841
1074.86
292.682
1347.36
1445.61
1216
349.932
366.282
1275.54
277.006
421.05
343.896
331.401
342.358
269.625
391.7
457.576
366.729
365.247
350.299
440.79
423.947
350.921
306.778
392.605
298.769
621.996
371.586
308.022
601
509.856
374.885
498.209
475.423
292.108
305.793
277.814
436.511
243.97
344.722
547.645
576.716
607.157
540.94
451.852
616.09
644.179
797.153
594.195
471.117
779.41
905.932
774.269
732.764
830.6
678.319
875.657
749.472
936.531
507.079
743.939
833.378
408.862
934.623
760.323
537.677
556.788
516.138
481.501
387.935
464.327
348.639
695.971
672.579
409.47
763.477
573.928
824.623
783.71
1019.51
871.357
481.585
700.941
794.481
448.131
785.298
856.439
710.049
866.788
748.454
425.519
432.095
412.041
669.456
372.585
705.917
405.398
254.448
270.018
636.909
445.766
586.531
257.22
764.898
2014.8
1240.38
1370.43
762.559
852.944
1624.99
271.919
1217.96
709.631
634.816
268.061
859.902
259.313
375.247
406.123
372.59
375.512
417.19
420.425
378.025
408.844
373.929
372.499
376.101
431.775
425.618
378.015
384.802
470.795
626.497
396.368
464.316
387.068
393.547
383.766
457.086
626.96
393.459
458.963
386.124
391.842
434.613
1128.93
444.18
1078.69
440.98
629.355
676.825
659.176
629.703
665.519
663.672
752.209
1005.09
750.207
636.003
434.386
435.471
483.196
483.006
436.255
635.321
623.2
451.152
485.887
444.496
596.132
483.761
444.685
742.382
997.297
747.302
379.82
422.884
380.027
385.149
446.971
445.662
385.945
376.529
420.112
377.777
382.614
437.705
380.919
442.459
392.243
477.142
399.823
656.734
390.132
482.822
402.526
395.192
494.198
658.928
408.114
488.37
405.954
396.907
428.19
898.941
411.363
728.158
414.736
423.898
923.431
453.336
494.641
1383.75
1096.81
488.552
1067.19
457.873
447.367
1035.7
473.083
1372.1
480.843
441.707
1056.86
432.88
730.065
421.264
963.774
418.606
933.055
436.301
848.565
1234.1
2140.19
1825.5
2211.93
1838.01
813.82
579.808
693.116
586.84
588.182
550.576
632.815
617.58
823.071
843.224
2258.76
1944.05
737.047
890.051
2245.16
890.731
1234.52
2422.86
1851.2
2305.79
950.343
1840.86
529.438
496.097
512.743
498.481
513.437
504.569
536.553
782.778
2217.7
1929.44
651.36
698.54
2241.44
747.372
414.336
699.292
888.64
407.358
403.733
418.948
855.131
423.505
439.55
970.062
1271.18
445.674
421.145
992.257
410.728
699.523
401.834
827.228
410.355
401.145
848.683
429.04
1026.84
463.956
1280.18
454.414
435.435
998.452
790.03
2111.37
1816.21
1233.58
2093.42
1802.56
800.097
471.456
435.73
436.95
473.689
475.093
439.526
469.137
721.824
617.415
1970.11
2253.11
620.32
2249.45
720.774
477.963
483.827
447.031
465.657
478.979
486.263
451.359
724.194
2234.07
1972.94
638.993
623.632
2247.26
734.455
787.701
1235.27
2089.76
1792.38
2093.52
1800.68
786.385
381.375
412.603
376.485
386.218
462.787
442.411
392.991
396.082
366.517
367.864
377.369
429.919
426.9
376.391
390.67
497.009
660.127
406.709
490.997
390.922
404.565
399.949
535.691
677.807
427.785
506.32
413.95
410.555
447.744
1172.78
440.761
1171.07
441.477
662.385
667.588
672.027
661.375
671.12
671.828
664.782
961.015
660.807
650.535
437.438
434.202
495.1
494.8
437.17
650.893
649.557
435.683
493.324
433.337
648.597
494.066
436.367
647.126
958.025
656.302
366.585
402.367
366.567
377.609
440.083
438.898
377.016
365.242
400.343
365.673
376.55
432.313
375.696
436.164
392.618
502.256
408.651
676.73
391.264
507.712
411.021
393.758
508.064
679.897
411.738
510.421
412.539
393.004
451.149
1042.55
427.856
788.353
431.078
447.569
1030.21
480.181
522.366
1498.25
1186.34
522.592
1177.77
479.95
478.042
1181.76
515.759
1492.29
520.236
474.19
1173.58
453.217
791.514
432.485
1042.67
432.969
1033.87
452.962
799.942
1268.16
2126.41
1761.55
2125.37
1679.89
801.397
469.972
423.575
475.722
426.952
477.521
467.985
425.336
731.96
619.546
2246.33
1857.06
624.385
2230.57
728.266
797.65
1277.23
2112.27
1716.65
2117.62
1691.88
794.259
471.656
479.806
428.788
428.163
479.061
472.614
427.258
733.861
2200.46
1853.28
628.51
626.015
2221.66
735.613
439.743
771.39
1058.26
424.803
421.238
444.061
1074.3
474.395
540.214
1255.9
1517.59
514.024
1208.56
495.701
449.105
786.768
446.15
1124.98
430.468
1086.69
467.046
464.597
1187.21
510.113
1506.46
503.63
469.846
1194.54
805.153
2133.26
1797.95
1260.26
2134.96
1781.7
803.545
476.085
432.615
433.187
483.287
482.864
432.077
476.665
740.378
634.838
1793.77
2185.46
633.088
2180.27
741.38
475.24
481.225
432.29
430.156
482.087
474.191
431.137
739.302
2186.77
1797.61
629.891
632.296
2179.77
737.452
806.428
1260.66
2139.32
1783.2
2139.53
1781.36
807.136
367.969
397.107
367.894
371.57
420.71
421.226
371.582
396.497
367.368
367.343
371.085
421.498
420.994
371.174
392.012
492.009
705.917
415.884
490.098
392.503
414.874
392.012
486.989
701.579
413.425
488.881
414.296
391.665
457.262
1197.2
451.793
1196.77
451.98
655.212
729.559
728.835
654.681
727.262
727.866
721.703
914.141
721.795
663.604
448.354
446.307
504.831
504.783
448.274
663.662
663.174
447.744
504.279
445.949
662.932
504.465
447.93
722.71
912.483
722.318
368.195
397.542
368.153
372.066
424.075
423.594
372.11
367.529
396.845
367.567
371.449
422.081
371.367
422.518
393.261
493.857
416.819
715.119
393.005
495.322
417.318
394.037
497.651
718.927
417.638
497.112
418.188
393.91
462.405
1025.03
441.179
836.593
441.934
461.537
1029.29
490.972
535.626
1586.61
1186.95
536.51
1181.39
489.851
489.739
1169.89
532.914
1574.54
534.671
488.597
1174.98
463.409
840.24
442.025
1040.36
442.894
1035.19
462.358
824.453
1277.02
2175.79
1896.3
2178.65
1896.47
823.432
488.336
444.373
492.561
445.428
493.49
487.301
445.265
758.699
654.153
2301.43
1789.08
655.994
2302.21
757.029
824.234
1278.04
2174.77
1897.86
2177.73
1897.89
822.617
488.386
493.014
445.441
444.909
493.511
487.887
445.292
758.817
2301.39
1784.83
654.599
655.908
2300.83
757.831
458.415
826.726
1018.8
439.898
438.449
460.112
1014.13
483.156
522.495
1147.69
1523.52
525.241
1153.07
481.151
457.23
822.81
436.109
1004.42
437.463
1009.17
455.625
484.709
1163.41
530.517
1533.79
527.527
486.856
1157.97
824.957
2178.94
1897.45
1278.96
2179.16
1897.58
824.608
489.279
446.611
446.427
494.386
494.246
446.375
489.54
759.879
657.391
1760.77
2303.87
656.371
2304.11
760.38
488.901
493.666
446.052
445.694
493.904
488.591
445.978
759.321
2303.01
1763.11
655.433
655.914
2303.3
758.912
825.553
1279.74
2180.78
1898.4
2180.97
1898.35
825.868
368.52
398.438
368.474
370.117
410.051
409.811
370.17
397.993
368.163
368.163
369.802
408.908
409.238
369.812
378.386
454.888
528.836
386.739
454.469
378.659
385.51
378.608
454.957
591.497
385.221
454.79
386.225
378.639
458.339
1200.02
453.262
1199.95
453.274
655.539
730.028
728.939
654.361
711.896
720.416
807.389
682.678
803.974
664.745
449.306
447.663
505.594
505.679
449.415
664.647
664.762
449.512
505.674
447.791
664.727
505.696
449.493
723.009
880.696
721.411
368.159
397.699
368.121
371.638
424.06
422.614
371.978
368.023
397.392
367.994
370.432
408.75
369.757
414.245
385.691
462.769
390.76
604.613
380.067
486.726
399.726
390.992
496.382
707.305
415.545
492.991
410.181
393.118
430.35
876.117
403.46
734.123
415.557
416.531
930.686
472.661
530.09
1589.89
1184.1
513.765
1179.28
485.073
450.479
1045.43
462.292
1464.01
483.262
434.51
1088.65
448.309
829.653
438.729
1036.83
430.536
1031.2
458.335
830.753
1273.27
2186.55
1907.28
2186.54
1906.39
830.295
492.841
449.745
496.514
449.114
496.475
492.925
449.681
767.559
674.623
2321.62
1980.51
674.104
2343.16
767.793
831.054
1287.6
2187.04
1907.41
2187.04
1925.73
831.203
492.625
496.236
448.976
449.35
496.333
492.392
449.511
767.157
2321.18
1967.66
671.291
673.44
2320.4
766.369
402.931
629.2
836.821
396.221
393.527
406.964
813.25
420.565
436.666
981.914
1286.56
444.332
1026.96
414.525
405.276
681.601
392.342
802.951
395.046
852.414
400.866
417.485
1010.4
447.65
1258.43
440.718
422.845
991.173
828.745
2184.99
1907.07
1277.02
2185.2
1899.93
829.392
491.13
447.954
448.047
495.337
495.549
448.268
490.724
763.342
659.541
1786.93
2303.75
662.837
2306.04
762.161
491.452
495.803
448.241
448.754
495.692
491.767
448.542
764
2320.51
1856.87
669.221
664.695
2309.09
765.262
828.296
1280.33
2184.49
1898.28
2184.68
1899.25
827.575
367.462
396.142
367.27
370.79
419.921
418.92
371.081
395.207
366.357
366.498
369.957
416.576
417.481
369.739
388.777
477.857
684.784
407.949
479.813
388.294
408.9
390.085
484.881
690.027
412.087
482.445
410.75
390.835
451.949
1183.47
446.239
1183.89
446.073
651.258
717.608
725.049
649.93
719.096
719.108
721.591
940.322
722.742
654.551
439.712
437.858
496.876
497.847
440.554
653.286
655.509
441.608
498.806
438.828
655.758
498.597
441.413
715.215
945.211
729.622
366.37
394.107
365.851
370.434
437.658
421.045
374.378
366.069
393.95
365.982
369.531
415.741
369.462
415.332
387.87
476.505
407.125
679.755
387.827
476.392
406.773
388.84
499.539
681.68
409.598
484.965
407.622
391.39
446.029
979.971
427.762
798.84
427.235
446.389
991.227
475.003
520.029
1486.58
1189.4
516.793
1169.47
477.956
471.233
1122.99
509.889
1456.86
510.741
470.946
1147.01
448.652
801.398
430.495
1048.73
428.467
1024.95
451.231
817.885
1273.28
2161.08
1891.9
2162.23
1892.99
816.806
484.573
441.551
490.401
441.544
490.085
484.967
441.155
753.555
651.696
2299.4
1807.43
651.297
2295.9
754.012
818.896
1274.22
2165.83
1896.29
2165.72
1894.06
819.291
483.939
488.871
440.852
439.793
489.463
483.204
440.447
752.703
2292.16
1809.51
649.035
650.786
2294.39
751.427
449.018
804.868
982.132
428.795
430.195
447.412
986.573
476.446
519.781
1141.87
1480.41
516.498
1135.33
478.983
451.573
809.907
434.351
998.478
432.501
992.556
453.71
473.536
1124.63
510.663
1469.68
512.924
471.748
1129.34
813.955
2155.12
1891.31
1270.82
2155.32
1905.64
814.669
480.185
435.272
437.2
485.241
486.347
436.433
478.833
746.921
637.275
1815.18
2196.48
642.398
2254.84
744.105
481.212
487.557
438.248
438.041
487.216
481.736
437.565
748.316
2291.2
1823.85
647.257
644.365
2314.63
749.469
812.432
1271.99
2147.8
1792.15
2150.8
1872.87
810.128
381.733
429.709
381.018
393.732
469.484
466.382
394.617
424.255
377.025
378.536
390.519
451.779
459.129
387.918
409.69
520.416
706.673
422.367
533.659
405.338
428.365
414.287
549.555
725.335
434.63
546.748
434.217
414.936
440.736
1155.52
433.891
1152.97
436.828
661.417
689.483
684.142
660.312
680.942
681.433
716.564
977.495
721.155
638.718
434.781
434.014
484.229
485.685
435.421
636.658
639.924
429.823
486.119
429.879
638.891
486.645
432.506
735.411
986.233
727.668
379.114
415.796
377.135
384.73
444.006
441.475
386.046
375.69
414.257
374.872
383.716
446.14
385.507
441.745
398.08
509.969
416.725
676.888
401.305
501.537
412.047
397.539
495.916
671.036
409.546
497.549
410.055
397.893
445.901
1027.45
433.475
759.96
427.55
453.384
999.011
465.31
499.724
1433.54
1103.41
505.933
1119.94
461.323
472.221
1160.08
528.412
1442.08
515.611
481.917
1130.02
441.07
752.368
423
971.459
424.281
988.426
438.689
790.546
1290.67
2103.47
1745.41
2100.1
1737.27
791.496
465.485
421.006
473.779
422.32
473.349
465.978
420.568
725.335
617.804
2248.78
1822.11
616.508
2247.56
726.052
791.131
1286.32
2103.16
1723.16
2104.06
1735.12
791.611
465.458
473.402
422.308
421.795
473.112
466.052
420.718
725.004
2239.51
1826.71
618.611
616.608
2244.9
725.962
471.156
801.847
1044.21
440.418
447.777
462.023
1099.78
513.116
561.1
1266.8
1570.83
567.043
1258.47
510.491
478.902
820.327
454.698
1133.01
454.646
1120.53
478.023
504.537
1177.27
542.977
1555.76
557.942
492.987
1238.31
791.755
2102.04
1748.27
1267.19
2105.47
1759.85
791.697
469.77
434.499
434.333
473.876
475.013
434.473
468.852
724.325
617.87
1919.55
2250.78
620.096
2240.92
721.901
469.117
474.495
429.459
425.726
475.229
467.856
429.155
726.066
2238.11
1906.6
619.775
620.81
2237.54
726.291
789.811
1269.13
2096.02
1786.68
2098.54
1767
787.707
744.499
424.956
431.176
410.445
665.314
699.794
371.166
477.798
927.354
900.53
467.435
425.353
439.632
344.98
335.254
458.636
444.879
410.509
449.582
443.571
667.481
671.953
370.18
459.44
444.572
666.124
357.514
468.127
403.437
469.447
434.152
674.38
749.037
616.798
505.567
792.799
850.179
679.628
421.948
983.202
301.482
480.037
442.173
668.935
452.167
677.041
361.498
372.636
428.69
342.544
348.181
420.004
425.114
389.54
350.55
449.28
302.927
292.322
446.305
335.851
437.583
262.786
411.63
412.677
633.286
297.896
422.437
632.525
744.585
628.386
705.611
616.06
428.753
401.808
433.948
433.63
588.99
426.7
615.694
468.026
583.074
741.893
521.737
1288.96
577.311
529.236
691.74
706.937
747.435
1239.87
968.861
582.558
661.673
1039.28
674.31
711.863
1872.48
979.645
590.47
718.475
1071.35
954.255
700.451
830.906
477.794
927.365
900.517
467.44
425.356
439.666
344.986
335.254
458.723
444.931
410.512
449.611
443.59
667.532
672.032
370.192
459.501
444.6
666.335
357.527
468.049
403.406
469.575
434.2
674.559
747.899
615.51
505.477
792.775
850.362
678.946
421.938
983.795
301.485
480.218
442.212
669.563
452.271
677.319
361.489
486.968
470.714
533.629
514.213
473.283
464.426
484.109
1195.22
511.924
634.222
617.668
796.471
1154.15
520.993
534.301
778.433
789.212
580.825
978.892
556.332
672.311
1271.08
919.553
621.945
1275.23
630.988
808.201
636.753
702.646
444.318
504.237
543.117
654.639
401.665
522.955
649.899
1237.44
272.894
273.216
363.828
360.937
361.07
362.523
1323.9
277.808
277.654
383.612
379.566
385.258
378.4
440.668
1155.3
433.767
1152.75
436.688
661.424
689.491
684.15
660.303
680.962
681.433
716.578
977.504
721.164
638.598
434.559
484.091
433.741
636.493
435.199
485.572
735.424
986.237
727.678
639.78
429.631
486.008
429.613
638.76
432.289
486.523
381.769
429.752
381.05
393.764
469.526
466.429
394.651
424.29
377.042
378.558
390.543
451.817
459.172
387.936
409.714
520.465
706.729
422.388
533.709
405.357
428.389
414.317
549.594
725.385
434.654
546.799
414.966
434.244
379.109
415.817
377.135
384.72
444.023
386.022
441.496
414.278
375.702
374.878
383.72
446.177
441.771
385.52
398.079
510.012
676.878
416.739
501.561
401.317
412.048
397.516
495.896
670.972
409.498
397.846
497.548
410.031
445.899
759.917
1027.46
433.49
427.553
998.996
453.393
465.264
499.601
1103.33
1432.57
505.817
461.258
1119.87
441.045
752.264
422.95
971.347
438.638
424.257
988.375
472.194
1160.07
1441.24
528.328
515.513
1129.98
481.901
790.356
1290.72
2102.96
1745.44
2099.71
791.242
1737.33
465.365
420.875
473.702
422.182
473.259
465.879
420.413
725.17
617.707
2248.9
1821.31
616.368
725.922
2247.66
790.965
1286.38
2102.89
1723.25
2103.72
791.479
1735.2
465.308
473.253
422.128
421.552
473.003
420.518
465.855
724.813
2239.55
618.383
1825.82
616.444
725.705
2244.99
791.481
1267.2
2101.5
1748.3
2104.91
1759.85
791.424
469.553
434.185
473.701
434.025
468.635
434.151
474.849
724.052
617.781
2250.71
1917.42
619.94
721.624
2240.9
789.532
1269.13
2095.37
1786.63
787.413
2097.99
1766.98
468.885
474.331
429.156
425.425
428.827
475.054
467.635
725.799
2238.14
1904.69
619.544
620.631
2237.53
726.017
471.174
801.895
1044.23
440.439
447.801
462.038
1099.82
513.112
561.041
1266.82
1570.52
566.981
510.484
1258.5
478.92
820.374
454.719
1133.04
478.037
454.671
1120.57
504.532
1177.27
542.905
1555.42
557.875
492.978
1238.33
1418.55
279.897
279.431
402.519
394.27
401.923
394.643
1443.3
278.228
278.677
407.716
399.629
408.172
399.287
451.947
1183.48
446.226
1183.84
446.067
651.269
717.61
725.062
649.941
719.116
719.127
721.612
940.358
722.762
654.547
439.686
496.846
437.842
653.259
440.543
497.85
715.217
945.227
729.634
655.507
441.592
498.787
438.812
655.734
441.401
498.594
367.479
396.168
367.298
370.817
419.933
418.945
371.095
395.235
366.385
366.527
369.985
416.601
417.508
369.767
388.803
477.881
684.817
407.973
479.84
388.32
408.925
390.109
484.888
690.049
412.094
482.467
390.845
410.772
366.372
394.113
365.857
370.44
437.661
374.38
421.053
393.969
366.09
366.001
369.55
415.759
415.351
369.482
387.887
476.521
679.779
407.143
476.409
387.846
406.79
388.846
499.54
681.692
409.598
391.39
484.972
407.627
446.043
798.87
979.987
427.779
427.251
991.256
446.403
475
520.001
1189.39
1486.51
516.773
477.946
1169.48
448.655
801.414
430.495
1048.72
451.229
428.473
1024.96
471.24
1123.01
1456.81
509.883
510.733
1147.03
470.954
817.874
1273.35
2161.04
1891.96
2162.2
816.792
1893.07
484.559
441.542
490.402
441.53
490.07
484.967
441.142
753.54
651.706
2299.38
1807.39
651.294
754.013
2295.97
818.878
1274.27
2165.82
1896.27
2165.66
819.291
1894.12
483.931
488.86
440.837
439.781
489.457
440.432
483.194
752.694
2292.24
649.037
1809.5
650.788
751.416
2294.49
813.94
1270.86
2155.06
1891.36
2155.27
1905.7
814.644
480.176
435.242
485.214
437.179
478.806
436.409
486.345
746.909
637.268
2196.48
1815.09
642.403
744.076
2254.88
812.418
1272.01
2147.73
1792.16
810.096
2150.76
1872.91
481.204
487.54
438.229
438.021
437.544
487.211
481.718
748.305
2291.25
1823.78
647.248
644.37
2314.69
749.445
449.04
804.906
982.161
428.819
430.22
447.433
986.611
476.457
519.764
1141.86
1480.39
516.498
478.978
1135.35
451.59
809.931
434.356
998.472
453.711
432.521
992.576
473.553
1124.65
510.666
1469.68
512.931
471.763
1129.38
1484.39
287.694
287.891
414.994
407.395
414.57
407.587
1486.4
288.473
288.426
416.372
408.471
416.448
408.439
458.339
1200.02
453.264
1199.95
453.273
655.619
730.114
729.026
654.441
711.98
720.502
807.484
682.757
804.068
664.744
449.306
505.592
447.662
664.644
449.414
505.678
723.093
880.797
721.496
664.761
449.513
505.673
447.791
664.726
449.492
505.695
368.602
398.517
368.559
370.2
410.127
409.89
370.251
398.074
368.249
368.249
369.887
408.988
409.318
369.897
378.47
454.969
528.916
386.821
454.55
378.743
385.592
378.689
455.033
591.583
385.299
454.869
378.718
386.305
368.243
397.779
368.207
371.722
424.137
372.061
422.693
397.473
368.108
368.08
370.517
408.829
414.325
369.841
385.773
462.848
604.691
390.841
486.805
380.15
399.807
391.074
496.458
707.385
415.623
393.198
493.069
410.262
430.428
734.212
876.22
403.54
415.636
930.786
416.609
472.735
530.155
1184.2
1589.98
513.833
485.143
1179.39
448.386
829.743
438.805
1036.92
458.409
430.615
1031.31
450.555
1045.55
1464.1
462.365
483.333
1088.76
434.587
830.755
1273.41
2186.53
1907.48
2186.55
830.294
1906.61
492.842
449.746
496.515
449.116
496.476
492.926
449.683
767.559
674.625
2321.86
1980.67
674.106
767.795
2343.41
831.054
1287.75
2187.05
1907.61
2187.03
831.206
1925.94
492.625
496.236
448.976
449.351
496.333
449.511
492.392
767.158
2321.42
671.295
1967.83
673.443
766.368
2320.65
828.743
1277.16
2185
1907.28
2185.19
1900.13
829.392
491.129
447.954
495.336
448.046
490.725
448.267
495.549
763.343
659.551
2303.97
1787.07
662.843
762.16
2306.29
828.295
1280.48
2184.47
1898.46
827.572
2184.67
1899.46
491.451
495.803
448.241
448.755
448.542
495.691
491.767
763.999
2320.76
1857.03
669.225
664.698
2309.34
765.262
403.011
629.288
836.925
396.302
393.608
407.043
813.356
420.643
436.739
982.023
1286.67
444.408
414.599
1027.08
405.355
681.693
392.419
803.045
400.941
395.126
852.52
417.564
1010.52
447.726
1258.55
440.795
422.923
991.292
1486.39
288.472
288.425
416.369
408.468
416.446
408.436
1484.41
287.694
287.892
414.989
407.393
414.565
407.585
457.265
1197.21
451.797
1196.78
451.983
655.283
729.603
728.913
654.759
727.346
727.951
721.786
914.243
721.878
663.607
448.358
504.832
446.311
663.663
448.277
504.785
722.753
912.575
722.394
663.178
447.75
504.283
445.955
662.936
447.935
504.469
368.016
397.145
367.936
371.611
420.756
421.263
371.629
396.508
367.391
367.356
371.1
421.523
421.006
371.198
392.027
492.037
705.925
415.912
490.111
392.53
414.889
392.052
487.035
701.61
413.472
488.917
391.712
414.336
368.253
397.609
368.224
372.136
424.126
372.165
423.662
396.924
367.613
367.65
371.532
422.159
422.596
371.45
393.343
493.934
715.199
416.9
495.4
393.087
417.398
394.106
497.699
718.997
417.69
393.963
497.18
418.256
462.484
836.682
1025.14
441.259
442.013
1029.39
461.617
491.043
535.684
1187.02
1586.74
536.586
489.903
1181.5
463.477
840.319
442.075
1040.42
462.409
442.962
1035.28
489.82
1170.01
1574.67
533.002
534.758
1175.1
488.679
824.463
1277.04
2175.82
1896.4
2178.68
823.442
1896.49
488.328
444.379
492.578
445.433
493.478
487.313
445.271
758.694
654.145
2301.57
1789.15
655.981
757.032
2302.28
824.23
1278.09
2174.8
1897.98
2177.73
822.624
1897.95
488.396
493.017
445.45
444.92
493.521
445.302
487.892
758.825
2301.51
654.602
1784.9
655.908
757.84
2300.85
824.963
1279.1
2178.95
1897.66
2179.19
1897.77
824.614
489.281
446.615
494.387
446.431
489.541
446.379
494.249
759.879
657.391
2304
1760.89
656.37
760.381
2304.32
825.554
1279.87
2180.79
1898.51
825.869
2180.98
1898.53
488.905
493.67
446.058
445.701
445.984
493.907
488.595
759.327
2303.25
1763.24
655.431
655.915
2303.53
758.916
458.431
826.732
1018.85
439.928
438.465
460.145
1014.14
483.197
522.554
1147.77
1523.58
525.288
481.202
1153.12
457.268
822.841
436.156
1004.49
455.672
437.5
1009.21
484.729
1163.48
530.563
1533.84
527.554
486.893
1157.99
1443.27
278.221
278.676
407.709
399.624
408.163
399.281
1418.5
279.892
279.426
402.507
394.261
401.91
394.635
447.765
1172.85
440.783
1171.1
441.504
662.382
667.588
672.019
661.345
671.1
671.8
664.756
960.989
660.787
650.556
437.466
495.113
434.236
650.916
437.197
494.824
647.126
958.027
656.294
649.595
435.718
493.341
433.381
648.616
436.404
494.096
381.324
412.57
376.442
386.18
462.746
442.381
392.945
396.047
366.481
367.828
377.334
429.886
426.865
376.358
390.638
496.977
660.087
406.68
490.96
390.891
404.534
399.918
535.658
677.779
427.755
506.293
410.518
413.923
366.579
402.358
366.559
377.602
440.08
377.012
438.89
400.321
365.213
365.649
376.529
432.285
436.144
375.669
392.6
502.227
676.711
408.626
507.695
391.239
411.005
393.752
508.061
679.892
411.737
393.002
510.413
412.535
451.141
788.332
1042.53
427.833
431.064
1030.2
447.551
480.192
522.397
1186.35
1498.36
522.625
479.961
1177.79
453.219
791.51
432.485
1042.67
452.965
432.966
1033.88
478.044
1181.75
1492.4
515.778
520.263
1173.59
474.184
800.015
1268.1
2126.55
1761.49
2125.53
801.463
1679.82
470.036
423.676
475.781
427.035
477.573
468.061
425.426
732.044
619.616
2246.21
1857.51
624.439
728.362
2230.48
797.737
1277.16
2112.5
1716.56
2117.81
794.361
1691.8
471.71
479.845
428.859
428.234
479.103
427.335
472.664
733.93
2200.38
628.552
1853.71
626.059
735.676
2221.56
805.202
1260.22
2133.37
1797.89
2135.06
1781.67
803.595
476.118
432.656
483.304
433.226
476.69
432.12
482.892
740.419
634.856
2185.45
1793.98
633.114
741.41
2180.25
806.471
1260.65
2139.39
1783.19
807.168
2139.62
1781.34
475.28
481.25
432.341
430.212
431.192
482.121
474.226
739.349
2186.7
1797.82
629.92
632.325
2179.72
737.499
439.719
771.345
1058.23
424.776
421.208
444.039
1074.26
474.393
540.261
1255.88
1517.76
514.056
495.704
1208.54
449.089
786.737
446.126
1124.96
467.03
430.446
1086.67
464.584
1187.19
510.131
1506.61
503.646
469.837
1194.51
1323.83
277.799
277.652
383.601
379.559
385.245
378.391
1237.37
272.891
273.212
363.819
360.931
361.06
362.518
434.683
1129.09
444.186
1078.83
440.984
629.349
676.814
659.164
629.698
665.226
663.627
748.421
1004.46
749.67
636.136
434.612
483.348
435.75
635.491
436.471
483.138
742.357
997.278
747.261
623.341
451.278
486.021
444.678
596.239
444.829
483.916
375.378
405.086
372.605
375.872
423.213
379.153
420.983
407.596
373.936
372.494
376.185
429.316
423.24
378.028
385.461
469.957
677.429
396.754
469.903
387.111
396.196
386.016
513.886
746.105
478.804
394.673
475.716
405.295
379.837
422.83
380.059
385.219
446.923
385.99
445.494
419.889
376.562
377.811
382.691
436.433
441.939
380.99
392.363
476.386
658.147
399.944
482.548
390.235
402.634
395.296
494.189
659.576
408.182
396.983
488.268
406.032
428.387
730.163
906.766
411.873
414.942
925.048
424.506
453.374
494.728
1096.96
1386.07
488.542
457.936
1067.33
432.969
731.055
421.339
964.018
436.373
418.704
933.692
447.449
1041.14
1374.93
473.193
480.751
1057.58
442.174
819.756
1294.22
2141.47
1824.37
2030.79
813.277
1850.94
578.843
689.786
582.772
586.91
631.629
547.047
615.959
906.753
872.09
2077.86
1965.62
941.067
770.759
2280.07
1003.48
1387.44
1346.85
1865.59
1010.59
1337
1913.5
529.639
495.998
512.429
498.006
513.845
535.966
504.299
770.081
2216.58
649.742
1958.58
702.409
746.436
2245.78
790.289
1233.47
2112.84
1816.04
2094.22
1802.57
800.273
471.608
436.028
473.861
437.237
469.339
439.786
475.228
722.053
617.48
2253.17
1976.46
620.193
721.058
2249.56
787.981
1235.25
2090.41
1792.41
786.686
2094.26
1800.74
477.988
483.86
447.193
465.61
451.458
479.057
486.187
724.388
2233.96
1980.46
638.173
623.392
2247.31
734.395
425.855
783.735
907.198
409.262
413.201
421.402
943.334
471.209
514.689
748.883
1421.46
495.343
492.775
1174.35
456.008
1026.81
481.076
581.546
486.366
445.007
1062
440.73
1040.45
465.911
1351.23
465.17
437.917
1070.46
372.589
428.648
342.526
348.166
419.922
425.055
389.469
350.549
449.244
302.923
292.321
446.27
335.848
437.538
262.774
411.597
633.106
412.658
297.884
422.368
632.361
744.502
705.304
628.573
616.247
428.693
582.493
741.514
521.53
401.784
433.807
433.575
588.92
426.592
615.598
467.927
1287.97
576.774
528.605
690.836
706.396
747.08
1238.78
968.337
584.718
661.99
1034.24
676.553
711.558
1855.56
980.202
589.985
719.414
1066.68
955.436
700.646
826.726
486.971
470.647
533.633
514.211
473.162
464.424
483.976
1195.2
511.849
634.22
617.674
796.373
1154.18
520.848
534.356
778.269
580.41
787.573
979.006
556.031
671.118
1279.73
623.385
909.033
1285.12
632.682
444.359
503.987
542.752
653.856
401.69
522.669
648.949
810.262
636.264
704.472
177.21
180.981
177.291
180.987
177.291
181.049
177.575
165.227
167.641
164.709
174.803
174.672
169.874
165.76
179.333
248.769
196.562
213.051
187.661
179.273
300.637
579.809
508.276
1327.99
1336.39
642.571
177.291
181.049
177.575
180.96
177.21
180.981
177.291
174.676
169.877
165.765
168.057
165.228
167.642
164.71
178.101
181.867
178.908
179.584
179.441
179.34
179.979
255.486
1034.81
329.672
240.572
319.414
309.579
325.408
507.798
580.809
1328.52
1307.79
654.629
212.058
174.955
216.158
188.425
173.119
192.447
173.07
586.884
728.01
756.232
664.239
631.421
657.543
626.535
474.893
435.065
483.783
454.877
490.685
440.91
471.624
472.139
420.764
476.778
428.86
480.319
469.739
422.815
478.417
430.342
489.32
436.561
487.912
429.693
479.232
491.592
442.415
503.535
452.072
505.164
490.414
443.405
492.538
444.823
506.744
453.279
505.979
444.54
492.925
497.095
448.204
515.534
458.145
515.218
497.237
448.129
494.775
446.201
508.278
455.87
509.864
446.579
494.159
487.663
439.601
501.378
447.409
500.715
488.17
439.143
482.986
432.931
491.299
441.916
494.384
434.292
481.268
467.343
418.364
475.291
423.415
474.375
467.994
417.881
472.151
433.778
483.324
440.966
483.587
433.185
471.259
255.48
329.666
1034.75
319.403
240.574
309.565
325.393
181.867
178.1
178.908
179.584
179.441
179.979
179.34
212.598
174.962
217.041
188.814
173.155
192.85
173.105
248.499
179.364
196.718
214.105
187.614
298.723
179.324
467.218
418.227
423.236
475.198
474.242
467.894
417.715
471.94
433.457
483.234
440.644
483.423
471.059
432.852
487.651
439.591
447.398
501.383
500.709
488.17
439.13
482.981
432.9
491.288
441.89
494.386
481.248
434.266
497.096
448.205
458.147
515.535
515.22
497.238
448.131
494.778
446.202
508.289
455.869
509.872
494.163
446.578
491.584
442.42
452.078
503.532
505.153
490.423
443.411
492.542
444.826
506.748
453.281
505.983
492.929
444.544
472.202
420.872
428.955
476.848
480.373
469.817
422.911
478.452
430.385
489.342
436.61
487.943
479.258
429.739
586.619
723.218
661.292
756.179
658.21
631.269
624.536
474.998
435.367
483.839
454.992
490.528
471.808
441.15
627.044
447.478
673.247
921.299
461.551
627.069
458.446
231.931
294.941
359.38
483.979
222.307
243.453
320.011
540.956
261.735
233.205
396.6
730.926
254.109
333.983
988.949
659.834
456.636
509.01
636.289
1085.1
471.683
274.956
191.819
211.579
186.303
185.225
183.224
191.845
627.145
449.075
671.531
880.799
462.481
462.923
643.463
231.391
294.165
357.471
450.723
221.213
318.443
241.176
499.806
231.065
256.691
393.49
332.13
739.988
249.613
987.181
458.831
675.556
514.894
476.799
652.931
1361.04
757.76
861.793
1406.7
1186.12
856.33
1181.1
762.144
715.877
1108.86
798.468
1352.32
809.586
707.841
1118.63
1489.94
1495.38
1812.16
1976.42
1485.07
1499.78
1814.78
540.785
613.798
502.542
533.174
589.003
509.011
557.547
1336.43
1884.3
1904.45
1300.97
1318.51
1823.42
1323.18
632.844
680.073
1057.64
1249.59
694.971
622.972
1070.08
686.455
1112.68
783.512
1302.62
765.553
698.016
1113.29
1283.05
1260.21
1960.66
1918.39
1260.69
1921.48
1282.81
481.016
463.345
472.483
517.587
496.539
492.169
451.562
1298.23
1926.67
1970.06
1288.62
1281.35
1918.91
1307.66
843.231
943.809
1507.71
1323.06
943.647
1319.61
843.782
828.769
1299.9
928.046
1485.9
928.076
828.835
1294.53
1295.16
1271.97
1890.42
1853.19
1268.72
1882.78
1293.56
473.647
430.58
425.726
483.833
481.773
474.922
424.619
1304.92
1854.68
1833.33
1249.51
1253.93
1849.82
1305.43
861.477
990.35
1373.05
1548.95
965.578
1354.28
882.377
820.574
1297.88
921.734
1500.05
920.629
822.658
1301.82
1313.1
1248.84
1787.75
1851.21
1250.84
1848.6
1313.4
477.65
435.656
427.634
485.131
487.145
476.35
428.806
1308.46
1855
1809.19
1250.71
1250.36
1852.53
1307.45
889.205
994.845
1597.39
1428.91
994.702
1425.7
888.962
877.993
1389.39
978.626
1562.55
978.392
878.284
1390.83
1336.25
1274.19
1847.4
1795.25
1274.19
1846.54
1335.26
491.638
452.044
443.048
504.341
505.166
491.105
443.41
1337.54
1840.15
1776.56
1279.26
1280.1
1840.69
1337.14
852.455
946.346
1331.04
1510.17
947.193
1333.6
851.827
871.883
1376.6
971.286
1547.69
970.724
872.243
1374.4
1340.14
1288.69
1756.11
1834.68
1287.83
1835.94
1340.19
492.161
452.838
443.826
505.023
505.554
491.798
444.147
1338.6
1840.41
1769.11
1282.48
1282.01
1839.51
1338.43
883.361
987.338
1610.43
1428.21
990.869
1433.55
880.554
732.629
1156.93
791.554
1342.68
806.995
720.908
1168.68
1348.46
1284.25
1847.78
1969.27
1284.42
1848.79
1348.43
496.848
457.915
447.754
513.769
514.812
496.471
447.953
1347.51
1849.21
1968.03
1281.4
1282.68
1848.56
1347.23
656.123
721.485
1083.01
1252.83
723.843
1086.22
653.852
681.966
1117.24
760.098
1271.39
749.875
691.796
1107.77
1342.73
1291.05
1759.3
1834.7
1292.94
1833.2
1342.34
495.181
456.274
447.136
512.611
510.745
495.762
446.871
1345.63
1851.3
1935.24
1274.24
1272.96
1845.78
1345.97
845.227
941.354
1513.19
1324.72
945.189
1327.77
841.665
822.714
1269.51
911.013
1445.52
910.945
822.621
1268.82
1331.35
1269.12
1847.12
1801.59
1269.48
1847.76
1331.43
487.076
446.704
437.694
498.746
500.16
486.182
438.458
1328.07
1850.26
1814.62
1263.21
1263.06
1849.3
1327.31
845.311
939.831
1320.07
1494.86
938.599
1317.39
846.253
825.465
1275.3
913.995
1456.97
914.934
824.823
1278.07
1317.96
1249.39
1789.07
1859.1
1249.6
1859.04
1316.48
483.988
443.046
435.971
497.308
495.634
484.771
435.39
1324.78
1851.35
1818.52
1259.13
1259.07
1853.11
1325.02
772.441
867.874
1421.92
1193.25
873.779
1199.41
767.533
816.854
1267.91
936.494
1461.32
923.048
828.523
1254.02
1290.92
1275.09
1895.36
1827.53
1277.43
1898.68
1291.26
467.378
423.414
419.563
476.834
474.52
468.307
418.041
1290.36
1896.54
1846.61
1267.03
1268.11
1897.23
1290.86
907.571
1008.31
1388.09
1578.71
1021.15
1395.13
897.744
857.981
1288.71
952.773
1506.82
970.109
843.346
1310.6
1284.31
1261.61
1941.42
1914.59
1260.56
1910.45
1283.89
471.526
436.367
423.323
478.891
482.473
469.978
427.755
1291.18
1896.42
1881.91
1265.11
1264.76
1896.2
1291.09
274.926
191.816
211.568
186.302
185.224
183.224
191.844
772.128
867.31
1192.76
1420.63
873.229
767.22
1198.94
816.709
1267.74
1460.7
936.202
922.749
1253.83
828.373
467.225
423.205
419.302
476.607
474.362
417.833
468.1
1290.72
1274.78
1895.43
1826.86
1277.1
1291.07
1898.75
1289.99
1896.53
1266.58
1845.48
1267.66
1290.52
1897.23
1283.91
1260.45
1914.51
1938.71
1259.57
1283.49
1910.41
471.295
436.018
423.012
478.657
482.268
427.41
469.752
1290.85
1896.39
1880.37
1264.62
1264.26
1896.2
1290.73
907.482
1008.12
1388.01
1578.45
1020.97
897.647
1395.06
857.859
1288.57
952.528
1506.39
969.864
843.229
1310.48
845.183
941.281
1324.68
1513.11
945.117
841.622
1327.72
822.69
1269.5
1445.47
910.976
910.9
1268.79
822.604
487.069
446.689
437.681
498.745
500.159
438.442
486.174
1331.37
1269.11
1847.1
1801.53
1269.49
1331.42
1847.75
1328.03
1850.32
1263.17
1814.57
1263
1327.29
1849.32
1317.88
1249.33
1859.09
1788.96
1249.52
1316.45
1859.04
483.982
443.024
435.949
497.3
495.635
435.367
484.755
1324.78
1851.39
1818.5
1259.09
1259.04
1853.18
1324.99
845.291
939.776
1320.03
1494.83
938.564
846.217
1317.37
825.457
1275.3
913.967
1456.93
914.907
824.815
1278.07
883.43
987.394
1428.29
1610.53
990.933
880.617
1433.65
732.702
1157.04
1342.77
791.629
807.062
1168.78
720.985
496.849
457.915
447.755
513.773
514.814
447.953
496.472
1348.46
1284.26
1847.96
1969.41
1284.43
1348.43
1848.98
1347.51
1849.4
1281.4
1968.2
1282.69
1347.23
1848.75
1342.72
1291.05
1834.86
1759.43
1292.94
1342.33
1833.38
495.182
456.275
447.137
512.614
510.748
446.871
495.763
1345.62
1851.5
1935.39
1274.26
1272.96
1845.97
1345.97
656.203
721.562
1083.12
1252.94
723.923
653.928
1086.33
682.046
1117.35
760.178
1271.5
749.955
691.877
1107.88
889.273
994.917
1428.99
1597.47
994.778
889.027
1425.78
878.095
1389.53
1562.69
978.738
978.503
1390.97
878.385
491.647
452.054
443.059
504.343
505.169
443.42
491.109
1336.34
1274.2
1847.51
1795.39
1274.28
1335.26
1846.68
1337.51
1840.26
1279.28
1776.64
1280.09
1337.16
1840.78
1340.14
1288.69
1834.78
1756.17
1287.84
1340.19
1836.04
492.164
452.843
443.833
505.022
505.555
444.153
491.801
1338.6
1840.59
1769.25
1282.5
1282.02
1839.69
1338.44
852.528
946.438
1331.14
1510.3
947.285
851.904
1333.71
871.945
1376.67
971.358
1547.78
970.797
872.304
1374.49
843.279
943.887
1323.11
1507.8
943.728
843.83
1319.66
828.811
1299.93
1486.01
928.125
928.162
1294.57
828.872
473.7
430.663
425.801
483.876
481.818
424.701
474.971
1295.33
1272.25
1890.36
1853.76
1269.03
1293.72
1882.76
1304.97
1854.64
1249.65
1833.67
1254.06
1305.52
1849.78
1313.16
1248.91
1851.21
1787.93
1250.92
1313.44
1848.6
477.689
435.714
427.694
485.162
487.177
428.864
476.386
1308.54
1854.96
1809.47
1250.83
1250.49
1852.53
1307.52
861.572
990.524
1373.12
1549.19
965.753
882.467
1354.36
820.618
1297.91
921.818
1500.17
920.72
822.698
1301.86
758.126
862.42
1186.71
1408.6
856.961
762.515
1181.66
717.903
1112.95
1356.99
801.257
811.22
1120.86
711.361
541.334
612.102
501.962
532.204
589.51
556.751
508.584
1485.49
1510.72
1682.01
1958.97
1493.49
1496.34
1765.53
1338.06
1882.81
1309.09
1922.61
1328.83
1324.63
1821.67
1283.51
1261.58
1918.42
1965.08
1262.39
1283.23
1921.52
480.98
463.33
472.361
516.883
496.207
451.637
491.994
1299.33
1925.31
1980.75
1295.78
1286.64
1917.9
1309.02
838.501
782.701
960.415
1357.95
695.752
903.08
1143.24
697.837
1123.88
789.61
1322.89
775.343
705.455
1131.49
678.256
599.934
669.056
658.154
573.564
732.422
730.374
793.873
738.779
562.782
443.901
740.134
1231.2
840.265
715.33
803.793
754.003
1476.41
786.04
526.292
769.816
910.644
623.415
697.232
1312.67
1045.21
707.398
815.356
667.538
673.606
881.534
830.897
888.763
826.786
489.987
896.542
907.529
384.087
216.962
287.903
269.524
294.552
267.794
677.702
599.345
670.734
442.682
742.889
1007.76
829.419
720.489
795.558
656.528
581.427
738.947
730.353
787.643
731.876
573.703
770.226
987.488
759.216
526.121
762.455
889.019
620.486
746.965
760.488
951.677
987.617
612.266
766.878
631.818
833.922
895.041
948.705
837.45
799.99
508.244
1963.14
912.268
751.632
1439.3
1657.82
1676.94
841.022
1319.8
325.828
271.213
1168.87
902.96
936.9
302.098
907.331
383.87
216.955
287.881
269.499
294.519
267.77
1866.55
886.695
723.116
1355.69
1412.68
1526.99
773.314
1219.3
335.795
278.553
820.978
1214.21
885.795
312.627
378.418
426.825
414.43
383.45
383.381
390.894
447.143
528.746
514.98
401.614
410.294
997.802
547.793
515.994
423.558
378.452
382.32
395.791
497.515
457.993
393.75
413.603
889.757
529.235
440.202
533.366
476.502
411.604
798.593
638.672
720.202
816.01
835.822
703.238
868.147
984.441
2014.2
1046.86
1344.27
1869.94
1500.61
1913.59
1418.3
1833.48
1113.03
1315.82
1415.09
1796.54
1360.51
782.194
1208.01
1150.75
1725.03
978.499
839.291
903.416
883.16
807.824
731.05
880.157
908.585
1423.3
1780.24
1200.48
1177.26
1635.51
1655.12
1040.28
541.222
653.861
528.094
533.722
876.885
547.308
570.252
516.092
515.701
523.973
526.339
406.375
518.856
465.787
500.811
378.834
771.272
463.932
489.378
506.21
484.264
514.176
815.162
769.761
515.496
528.964
571.461
501.005
557.439
1496.22
549.549
634.013
1288.17
1278.4
643.328
528.88
1486.48
539.612
622.277
1248.98
608.74
1264.99
845.49
1864.37
727.833
815.847
1494.72
904.358
1421.12
1842.89
636.711
689.148
748.899
1321.67
1362.78
704.659
473.757
1371.9
485.942
548.443
1146
527.555
1168.98
515.048
1380.16
499.963
569.167
1217.64
590.163
1188.94
597.692
1846.56
602.053
650.295
1282.99
1291.33
644.823
1850.81
623.987
605.846
660.334
1310.32
1301.21
677.368
564.083
1530.38
572.698
660.904
1293.4
651.03
1298.49
1535.59
601.648
585.324
674.652
1315.39
1305.24
692.373
595.464
1708.19
594.064
635.917
1227.81
1223.37
637.008
596.531
1711.97
594.193
636.195
1229.54
637.994
1223.46
597.848
1794.3
599.471
643.086
1275.09
643.217
1264.51
1782.31
597.965
599.765
642.638
1240.38
1252.41
640.877
639.401
1628.9
649.053
742.328
1373.22
1371.44
731.271
620.402
1617.92
639.435
733.147
1332.4
712.743
1356.51
590.838
1569.12
590.812
677.403
1318.1
1314.46
677.848
583.15
1564.36
588.185
674.634
1308.58
669.538
1310.86
597.226
1736.49
602.241
643.691
1234.43
639.98
1236.32
1732.14
606.558
603.88
646.701
1219.97
1229.68
648.586
611.927
1597.27
580.361
668.333
1358.93
701.56
1334.23
576.444
1587.95
569.116
656.341
1312.05
663.005
1319.53
613.15
1673.27
611.238
654.161
1200.4
1203
655.642
1677.02
607.89
610.443
652.656
1211.77
1206.65
650.668
588.282
1556.01
583.755
669.623
1319.13
675.429
1313.24
1527.33
570.966
572.687
653.614
1279.26
1281.43
651.02
630.763
1697.08
630.351
677.205
1231.69
1234.52
677.478
628.023
1698.94
629.874
676.642
1238.35
675.158
1236.92
615.523
1698.25
621.044
664.43
1203.64
659.426
1217.45
1709.16
626.271
623.108
669.364
1236.99
1234.98
672.414
583.641
1548.51
579.384
660.737
1307.87
1299.92
665.666
571.886
1539.45
574.906
655.669
1284.72
652.093
1292.12
606.851
1636.9
607.063
693.583
1364
1357.47
694.067
601.586
1626.47
604.259
690.078
1343.71
686.772
1350.34
633.095
1680.59
635.006
681.681
1232.31
680.089
1230.7
1676.81
633.495
634.887
681.452
1222.63
1227.03
680.216
587.17
1585.05
590.923
674.225
1316.02
669.775
1323.83
598.26
1593.32
594.156
678.029
1336.41
682.816
1329.67
636.408
1654.61
635.246
681.889
1217.7
1217.97
682.991
1656.75
634.266
634.792
681.267
1221.09
1219.34
680.756
600.978
1650.08
580.209
665.996
1367.23
688.416
1355.42
1549.23
509.638
538.791
618.247
1213.21
1287.22
581.941
655.297
1885.17
654.711
707.892
1376.1
1379.67
708.414
651.595
1874
653.994
706.555
1369.25
704.167
1374.52
638.632
1686.13
642.286
690.037
1221.95
686.493
1237.94
1756.02
649.369
644.336
694.079
1341.07
1280.54
699.333
476.751
1379.63
486.451
554.991
1147.23
1171.84
543.867
490.877
1354.69
482.109
549.964
1169.99
559.837
1154.93
600.922
1649.99
580.149
665.947
1367.16
1355.35
688.369
509.57
1549.15
538.727
618.194
1213.14
581.88
1287.16
655.295
1885.03
654.709
707.888
1376.06
708.41
1379.61
1873.85
651.59
653.99
706.551
1369.19
1374.46
704.162
476.679
1379.51
486.376
554.916
1147.15
543.796
1171.75
490.804
1354.57
482.033
549.89
1169.9
559.768
1154.84
638.621
1686
642.279
690.029
1221.9
1237.89
686.482
1755.89
649.365
644.332
694.072
1341.01
1280.48
699.325
606.916
1637.02
607.148
693.676
1364.05
694.139
1357.56
1626.59
601.684
604.355
690.184
1343.82
1350.44
686.879
633.084
1680.65
634.991
681.656
1232.35
1230.7
680.076
633.496
1676.87
634.885
681.448
1222.66
680.212
1227.06
636.407
1654.7
635.244
681.882
1217.7
682.983
1217.99
1656.85
634.261
634.791
681.261
1221.13
1219.38
680.748
587.245
1585.12
590.981
674.296
1316.13
1323.89
669.868
598.318
1593.37
594.195
678.082
1336.49
682.888
1329.73
588.341
1556.11
583.804
669.712
1319.25
1313.35
675.527
570.995
1527.4
572.719
653.68
1279.33
651.078
1281.52
630.75
1697.12
630.35
677.198
1231.71
677.46
1234.54
1698.96
628.016
629.869
676.626
1238.37
1236.93
675.14
583.675
1548.54
579.403
660.778
1307.93
665.721
1299.97
571.903
1539.46
574.916
655.701
1284.78
652.137
1292.15
615.524
1698.34
621.035
664.409
1203.71
1217.49
659.417
1709.24
626.276
623.098
669.337
1237.02
1235.02
672.403
590.903
1569.28
590.883
677.523
1318.25
677.959
1314.63
1564.52
583.215
588.253
674.758
1308.79
1311.05
669.666
597.289
1736.98
602.285
643.708
1234.82
1236.64
640.018
606.592
1732.6
603.915
646.713
1220.2
648.6
1229.95
613.162
1673.49
611.258
654.165
1200.5
655.643
1203.12
1677.25
607.913
610.466
652.661
1211.95
1206.79
650.675
612.057
1597.55
580.46
668.531
1359.38
1334.59
701.805
576.511
1588.19
569.187
656.495
1312.29
663.144
1319.82
564.374
1531.78
572.981
661.476
1295.27
1300
651.637
601.867
1536.82
585.575
675.153
1316.37
692.807
1306.46
595.55
1709.02
594.194
636.012
1228.24
637.074
1223.85
1712.88
596.745
594.347
636.327
1230.25
1224.03
638.158
639.555
1629.38
649.218
742.632
1373.71
731.553
1371.98
620.596
1618.45
639.612
733.483
1333.18
713.12
1357.14
597.861
1796.47
599.581
643.057
1276.81
1265.85
643.092
1784.25
598.178
599.908
642.697
1241.24
1253.48
641.007
557.673
1499.66
549.604
634.369
1290.5
643.899
1281.24
1490.56
528.593
539.419
622.262
1254.32
1268.6
608.32
869.769
1892.18
753.172
824.46
1493.96
912.063
1436.71
634.931
1877.21
693.889
749.828
1332.64
702.835
1381.06
597.668
1852.96
601.778
649.833
1285.34
644.573
1294.66
1858.41
622.907
605.433
659.601
1317.92
1306.29
676.208
549.131
1501.31
531.18
588.076
1259.5
596.306
1276.24
516.281
1445.22
509.393
576.988
1228.75
590.763
1220.52
378.122
417.999
413.452
381.643
382.899
388.515
439.451
468.954
398.527
391.095
400.048
647.461
500.442
407.004
422.172
377.538
381.549
392.778
489.362
450.899
390.924
404.35
621.685
508.351
423.716
483.151
407.23
413.259
806.889
643.31
724.858
851.584
839.561
729.205
878.496
942.773
2264.84
974.718
1348.02
2052.09
1682.67
2233.58
2533.19
1856.3
1029.13
1244.71
1231.92
2534.34
1860.17
1630.1
1175.91
1122.99
1568.12
2361.43
1777.68
1313.33
919.126
926.29
995.891
844.356
780.05
935.297
1029.7
1812.22
2006.1
1605.44
1508.16
2137.35
2004.65
1385.68
437.66
969.645
423.22
428.051
1176.55
438.149
1012.04
406.554
831.079
414.317
421.178
745.527
414.378
908.02
428.594
730.136
746.296
436.865
421.3
955.499
445.837
434.34
1172.49
773.125
454.022
440.939
1010.11
450.244
749.982
1395.86
838.591
1153.33
848.312
741.461
1167.8
702.237
1146.62
1093.82
670.224
667.368
1144.12
705.712
694.492
652.886
1117.94
1079.39
686.51
659.929
1130.9
663.423
1077.2
627.284
1040.73
632.678
657.197
1086.92
724.524
1362.59
828.968
1140.52
819.423
732.637
1129.28
671.057
645.88
1048.8
1106.76
639.394
678.463
1096.72
1634.14
1832
1614.09
1624.49
1835.42
1620.8
1078.17
776.853
834.287
1139.38
791.315
1150.79
1064.98
3432.47
2520.88
2253.88
3451.74
2517.6
1440.38
1952.16
1412.92
1819.61
1429.9
1424.58
1817.26
1121.56
879.747
855.453
1197.65
836.784
1129.63
1191.69
3322.07
2249.08
2512.54
3287.86
2514.72
1640.1
1847.56
1636.35
1628.25
1843.71
1631.85
1012.6
737.811
1101.21
772.409
1087.25
1027.55
725.336
3090.35
2598.42
2232.4
2496.19
3062.22
1361.19
1921.22
1369.03
1822.18
1347.43
1381.27
1824.7
3146.29
2237.93
2510.69
3189.27
2508.17
992.257
753.089
1056.92
700.013
1065.88
706.475
983.024
602.854
1006.58
570.854
978.789
595.783
1019.02
576.308
644.552
1261.27
723.613
1089.35
710.079
1080.48
654.483
611.54
589.384
985.604
1037.44
1028.72
582.767
619.358
645.328
1077.8
620.365
1016.13
651.781
1068.83
612.232
675.089
1289.67
736.9
1097.72
750.244
1106.18
665.338
636.263
596.487
1006.32
1045.78
1056.15
603.72
628.135
1654.91
1808.82
1650.66
1805.48
1651.39
1651.08
953.066
673.935
1027.98
721.051
673.093
954.039
1026.93
1283.63
1965.09
1265.34
1919.77
1262.55
1920.82
1285.15
2974.43
2670.44
2254.44
2673.15
2973.83
2975.63
2669.92
2251.42
2671.42
2978.93
952.619
720.784
672.82
1026.41
672.664
1026.62
952.609
958.547
676.503
1029.81
725.735
1032.27
956.092
678.131
3007.02
2668.54
2248.75
2674.7
3027.18
1291.53
1973.96
1269.14
1918.53
1274.14
1917.85
1287.74
2992.62
2246.51
2668.33
2668.34
2984.58
963.647
730.109
1043.66
687.603
970.286
1037.23
682.795
1654.49
1797.22
1655.73
1652.96
1798.11
1653.29
840.657
1500.96
940.285
1309.39
940.612
840.478
1312.24
785.983
1244.47
1183.51
743.929
742.894
1240.38
787.09
783.441
740.771
1233.09
1178.21
783.318
740.69
1234.07
772.46
1233.19
731.658
1170.39
730.706
772.904
1224.67
835.373
1491.65
935.816
1302.78
934.765
836.273
1301.74
778.764
737.072
1174.91
1228.67
736.689
779.389
1229.72
1680.02
1652.29
1601.51
1619.62
1672.18
1616.63
964.964
683.45
1040.08
731.364
682.609
1039.25
966.095
3001.17
2643.82
2242.66
2638.07
2997.99
1298.15
1860.43
1262.13
1865.18
1264.87
1299.67
1873.93
3007.92
2235.75
2621.48
3010.9
2629.39
962.454
729.02
679.409
1035.71
680.44
1036.6
961.158
1640.9
1709.89
1638.64
1628.59
1699.72
1631.69
969.019
685.172
1042.37
734.36
1043.03
968.146
685.837
3022.45
2602.31
2208.26
2598.12
3023.32
1303.4
1841.39
1259.43
1856.38
1256.54
1302.17
1852.46
3018.91
2218.24
2610.82
3016.56
2605.65
970.202
735.524
1044.51
687.189
1044.3
686.926
970.541
802.452
1305.3
1243.32
776.228
1287.99
761.437
819.867
835.519
1528.98
921.966
1314.57
938.438
1329.04
820.698
778.12
726.45
1219.5
1247.18
1262.75
738.098
764.788
764.859
1233.89
726.69
1192.5
767.083
1234.48
725.533
813.988
1503.56
911.973
1301.9
915.051
1301.21
810.619
757.926
716.216
1193.19
1232.88
1231.81
719.128
754.687
1706.29
1784.94
1696.5
1782.3
1696.25
1695.53
976.028
691.763
1049.93
740.511
692.045
975.659
1050.16
1312.37
1789.79
1252.13
1848.82
1251.13
1847.87
1311.85
3040.15
2597.15
2182.36
2593.9
3040.72
3038.65
2593.22
2180.89
2593.07
3037.59
976.667
741.313
693.038
1050.87
692.811
1050.79
976.934
974.254
690.87
1048.68
739.22
1048.44
974.607
690.612
3030.14
2599.77
2181
2596.1
3028.02
1309.95
1802.63
1251.1
1849.79
1251.68
1851.27
1310.56
3033.35
2179.67
2593.62
2594.47
3034.61
972.955
737.86
1046.5
688.808
972.27
1047
689.374
1702.05
1781.68
1699.88
1697.27
1781.12
1698.32
887.766
1587.75
992.034
1415.47
991.513
888.472
1416.39
819.85
1277.12
1185.47
761.987
762.351
1275.99
819.447
819.172
762.781
1269.8
1181.4
819.885
762.039
1270.21
811.251
1253.06
756.204
1169.06
755.546
811.597
1253.31
883.326
1574.28
985.136
1403.65
985.106
883.193
1402.9
815.774
759.039
1175.25
1261.76
759.419
815.561
1261.37
1688.34
1895.99
1688.09
1688.47
1896.64
1688.64
998.009
711.199
1069.83
758.747
711.217
1069.75
998.074
3089.42
2554.16
2301.99
2552.82
3087.45
1338.12
1792.79
1276.94
1844.7
1277.43
1338.4
1845.87
3093.64
2301.94
2549.14
3094.17
2550.91
996.494
757.383
709.46
1067.57
709.951
1068.05
995.876
1689.66
1898.05
1689.8
1689.77
1897.89
1689.76
997.991
711.259
1070.02
758.717
1069.88
998.152
711.16
3092.4
2540.74
2300.73
2541.85
3091.53
1338.44
1781.18
1279.32
1842.66
1278.59
1338.55
1841.81
3094.25
2301.29
2545.64
3094.58
2544.27
997.277
758.164
1068.92
710.235
1069.18
710.59
996.877
789.679
1218.69
1147.18
738.328
1219.44
738.308
789.271
858.793
1521.94
955.415
1348.05
954.716
1345.83
859.272
795.264
743.097
1153.7
1228.27
1227.7
743.217
795.544
806.155
1244.73
751.646
1163.87
806.357
1243.93
751.833
865.051
1535.46
961.931
1358.93
962.537
1361.25
864.653
800.302
747.063
1157.26
1234.78
1235.37
746.787
800.14
1689.46
1897.53
1689.55
1897.54
1689.7
1689.62
998.967
712.18
1071.19
759.945
712.318
998.902
1071.18
1339.82
1760.03
1286.39
1835.89
1286.02
1835.6
1339.76
3098.22
2542
2304.25
2542.55
3098.3
3097.54
2542.76
2304
2542.54
3097.45
999.286
760.356
712.871
1071.41
712.783
1071.43
999.366
998.457
711.684
1070.55
759.453
1070.61
998.351
711.791
3094.81
2540.35
2303.37
2538.58
3094.5
1339.11
1765.96
1284.04
1835.31
1284.41
1837.28
1339.06
3095.96
2303.33
2542.4
2539.98
3095.86
998.037
758.998
1070.1
711.229
997.945
1070.14
711.359
1690.75
1898.65
1690.89
1690.51
1898.32
1690.52
841.31
1565.64
966.801
1407.33
943.434
861.776
1381.61
813.593
1275.02
1188.22
754.529
756.483
1277.75
811.444
776.31
740.498
1263.17
1149.22
795.261
723.003
1232.22
683.224
1112.26
628.916
1038.88
636.347
674.961
1105.16
776.507
1430.24
872.854
1276.27
860.812
782.937
1253.68
724.482
675.784
1098.67
1167.53
677.459
725.908
1170.56
1695.13
1907.02
1694.82
1694.23
1906.71
1694.52
1009.73
722.669
1075.25
767.715
722.902
1075.26
1009.58
3113.16
2571.45
2322.66
2572.75
3113.1
1348.36
1981.78
1284.33
1863.84
1284.16
1348.28
1865.71
3112.96
2344.98
2594.49
3112.83
2596.74
1009.85
767.872
722.998
1075.31
723.103
1075.31
1009.8
1695.18
1908.15
1695.72
1711.97
1927.03
1712.91
1009.06
722.198
1075
767.147
1075
1009.18
722.116
3111.42
2570.7
2321.06
2570.74
3111.01
1347.84
1968.72
1283.69
1847.26
1283.9
1347.91
1847.89
3112
2320.75
2570.13
3112.09
2570.53
1008.58
766.68
1074.82
721
1074.85
721.48
1008.1
613.702
1047.9
984.53
569.836
1050.77
571.754
611.55
682.692
1291.51
749.58
1125.05
751.034
1129.95
681.74
640.288
596.868
1031.09
1091.13
1095.93
597.527
639.453
637.531
1076.94
601.884
1004.76
646.99
1070.66
592.917
669.048
1260.43
732.993
1093.12
736.673
1095.59
665.111
625.667
578.798
992.918
1057.22
1059.3
582.297
621.798
1695.12
1905.37
1694.11
1900.21
1690.25
1689.97
1002.67
716.537
1073.59
763.179
716.184
1003.17
1073.57
1343.46
1777.58
1288.05
1835.52
1289.91
1831.1
1343.78
3103.58
2541.85
2303.33
2541.31
3102.91
3104.92
2545.55
2304.81
2543.71
3105.33
1001.76
762.431
714.758
1073.08
715.217
1073.18
1001.28
1005.01
717.52
1073.83
764.385
1073.87
1004.19
718.183
3108.12
2569.29
2317.67
2565.08
3108.55
1344.96
1860.84
1270.09
1838.8
1267.28
1845.63
1344.47
3107.1
2310.35
2552.54
2555.17
3106.46
1006.08
765.086
1074.06
719.628
1006.69
1074.04
719.221
1690.67
1897.91
1690.36
1691.01
1898.72
1690.86
841.972
1522.36
928.855
1309.81
943.875
835.002
1334.51
788.567
1247.58
1189.85
742.463
744.97
1250.04
785.556
783.215
731.651
1237.7
1185.15
778.173
738.09
1247.84
764.485
1184.36
716.657
1124.59
717.209
763.993
1186.4
822.051
1442.02
915.026
1283.96
909.744
825.69
1267.49
764.63
721.424
1126.69
1211.69
717.38
768.71
1190.37
1684.21
1892.22
1684.48
1685.14
1892.6
1684.82
992.317
706.196
1063.47
753.579
706.289
1063.53
992.221
3078.53
2554.15
2298.49
2555.18
3078.7
1330.86
1804.3
1267.86
1848.03
1267.31
1330.59
1847.47
3077.4
2296.77
2556.33
3076.86
2555.4
992.772
754.106
706.672
1064.09
706.743
1064.12
992.702
1688.16
1895.84
1687.84
1686.14
1894.5
1686.47
991.285
705.525
1062.38
752.777
1062.31
991.359
705.501
3071.16
2560.47
2292.86
2559.2
3069.74
1329.23
1812.6
1265.19
1847.89
1265.66
1329.46
1848.68
3073.86
2293.62
2556.72
3074.24
2557.95
990.308
751.774
1060.93
704.064
1061.28
704.543
989.759
783.556
1211.63
1142.14
733.729
1210.76
733.462
784.235
838.714
1483.18
929.475
1301.99
930.907
1305.1
837.612
777.64
727.81
1135.18
1201.2
1202.31
728.158
776.824
766.15
1186.11
718.298
1124.39
765.73
1186.71
718.456
830.221
1466.94
922.254
1290.97
920.702
1287.98
831.396
770.37
722.777
1129.48
1193.89
1192.94
722.278
771.249
1683.69
1891.24
1683.54
1892.8
1686.93
1683.86
982.979
699.06
1056.57
746.584
698.427
983.975
1056.22
1320.15
1788.99
1251.06
1863.42
1257.8
1856.05
1321.22
3050.57
2608.93
2194.59
2607.88
3047.76
3055.35
2593.37
2177.44
2601.01
3057.16
980.874
744.738
695.595
1053.72
696.539
1054.42
979.689
986.596
700.543
1058.03
748.64
1058.22
985.833
701.106
3064.27
2561.51
2290.85
2562.94
3064.54
1323.91
1820.27
1254.94
1860.44
1255.47
1855.71
1323.15
3062.38
2293.54
2575.41
2565.89
3061.15
987.535
749.49
1058.86
702.213
987.756
1058.89
702.034
1712.06
1790.6
1712.62
1700.18
1780.56
1711.88
778.611
1428.29
888.983
1215.84
880.662
785.793
1207.65
714.515
1151.36
1107.17
674.624
677.899
1155.58
710.464
719.961
688.009
1167.92
1114.77
726.092
682.866
1161.54
753.914
1210.62
721.691
1151.42
713.11
764.01
1199.33
804.728
1449.72
898.808
1227.31
910.067
794.829
1238.6
742.781
695.387
1137.52
1177.02
702.7
734.19
1186.28
1640.69
1742.67
1641.62
1642.69
1740.45
1643.09
958.063
676.555
1032.61
725.266
676.594
1032.62
957.948
2992.03
2647.53
2249.5
2649.35
2992.61
1290.27
1823.36
1277.79
1899.97
1278.51
1290.14
1899.22
2990.55
2248.55
2649.08
2990.33
2649.26
958.662
725.965
677.478
1033.34
677.212
1033.24
959.009
1643.8
1727.99
1644.51
1644.12
1731.48
1644.26
958.052
676.442
1032.1
725.406
1032.39
957.709
676.771
2990.51
2645.35
2241.3
2646.11
2991.61
1290.16
1835.75
1276.06
1897.55
1271.95
1289.85
1897.64
2990.19
2243.41
2647.4
2989.52
2646.87
958.205
725.352
1032.81
677.556
1032.36
676.878
958.825
839.539
1317.27
1269.62
787.166
1322.06
792.782
832.451
906.91
1576.81
1021.7
1387.08
1022.37
1392.82
905.728
836.875
787.333
1264.06
1311.82
1316.69
789.051
835.142
789.972
1227.81
734.176
1191.05
777.497
1244.78
744.583
876.823
1533.85
1007.97
1367.32
991.099
1341.96
891.278
807.257
771.485
1217.83
1290.38
1271.08
760.858
819.613
1639.82
1751.24
1639.17
1755.96
1640.42
1640.38
955.445
676.4
1030.14
723.96
675.829
956.208
1029.47
1286.03
1930.21
1260.49
1902.3
1261.11
1905.36
1287.13
2977.18
2666.7
2247.85
2662.06
2976.36
2981.09
2652.2
2242.82
2655.66
2983.41
953.841
722.046
673.762
1027.59
674.132
1027.74
953.504
958.783
677.898
1032.01
726.296
1032.65
958.09
678.183
2992.45
2645.07
2236.86
2644.97
2992.05
1290.29
1895.02
1262.27
1898.7
1262.77
1897.53
1289.15
2990.36
2237.42
2647.73
2646.41
2988.11
959.512
726.935
1032.95
678.086
959.115
1033.18
678.731
1652.43
1780.69
1650.55
1644.27
1772.25
1645.47
714.298
1151.24
674.448
1107.06
710.247
677.725
1155.41
778.365
1427.18
888.53
1215.49
880.193
785.548
1207.27
719.81
687.906
1114.71
1167.77
682.761
725.941
1161.41
753.844
1210.54
1151.41
721.661
713.082
1199.25
763.937
804.536
1448.98
898.431
1227.04
909.701
794.639
1238.35
742.675
695.331
1137.49
1176.91
702.642
734.087
1186.17
1640.73
1742.71
1641.67
1642.75
1740.5
1643.14
957.929
676.392
725.122
1032.42
676.451
1032.47
957.78
2991.58
2647.67
2249.62
2992.2
2649.49
1290.05
1822.63
1277.45
1900.02
1278.18
1289.89
1899.28
958.51
725.824
677.354
1033.19
677.078
958.879
1033.06
2990.06
2248.66
2649.19
2989.79
2649.39
1643.89
1728.09
1644.61
1644.19
1731.57
1644.34
957.877
676.253
725.208
1031.88
1032.2
676.569
957.519
2989.59
2645.39
2241.29
2990.83
2646.11
1289.89
1834.75
1275.71
1897.59
1271.59
1289.57
1897.67
957.921
725.09
1032.53
677.301
1032.04
676.624
958.576
2989.68
2243.53
2647.5
2988.91
2647.01
1639.85
1751.26
1639.23
1640.42
1755.96
1640.36
955.222
676.147
723.69
1029.83
675.588
1029.17
955.973
2976.12
2666.59
2247.74
2975.45
2661.92
1285.67
1927.78
1259.74
1902.22
1260.24
1905.24
1286.77
953.588
721.769
673.522
1027.25
673.877
953.264
1027.41
2980.41
2242.84
2652.16
2655.66
2982.59
1652.4
1780.66
1650.53
1644.26
1772.23
1645.46
958.538
677.645
1031.72
726.017
1032.35
957.863
677.921
2991.66
2645.09
2236.88
2644.99
2991.24
1289.92
1893.28
1261.62
1898.64
1262.16
1897.44
1288.8
2989.58
2237.42
2647.71
2646.4
2987.33
959.271
726.668
1032.65
677.817
958.857
1032.89
678.466
839.504
1317.26
787.15
1269.65
832.408
1322.05
792.775
906.811
1576.52
1021.51
1386.99
1022.17
1392.74
905.639
836.838
787.333
1264.09
1311.81
1316.68
789.045
835.111
789.92
1227.75
734.164
1191.06
777.448
1244.73
744.57
876.719
1533.47
1007.75
1367.22
990.884
1341.85
891.173
807.215
771.481
1217.84
1290.36
1271.04
760.85
819.573
788.543
1247.55
742.451
1189.84
785.532
744.957
1250.01
841.939
1522.28
928.797
1309.78
943.812
834.972
1334.47
783.202
731.65
1185.16
1237.69
738.087
778.161
1247.84
764.477
1184.36
1124.59
716.663
717.212
1186.38
763.99
822.036
1441.99
914.984
1283.95
909.706
825.673
1267.49
764.631
721.436
1126.72
1211.7
717.393
768.711
1190.38
1684.27
1892.24
1684.5
1685.22
1892.74
1684.93
992.298
706.184
753.544
1063.45
706.266
1063.5
992.208
3078.59
2554.13
2298.53
3078.69
2555.18
1330.8
1804.25
1267.82
1848.08
1267.25
1330.56
1847.51
992.773
754.121
706.676
1064.09
706.751
992.704
1064.12
3077.25
2296.79
2556.41
3076.8
2555.47
1688.15
1895.89
1687.8
1686.2
1894.51
1686.57
991.277
705.519
752.768
1062.36
1062.29
705.495
991.35
3071.11
2560.55
2292.89
3069.69
2559.29
1329.24
1812.6
1265.17
1847.96
1265.66
1329.44
1848.8
990.3
751.763
1060.92
704.056
1061.27
704.535
989.751
3073.82
2293.77
2556.83
3074.19
2558.07
1683.73
1891.24
1683.55
1686.98
1892.9
1683.94
982.986
699.053
746.574
1056.55
698.419
1056.22
983.965
3050.39
2608.94
2194.6
3047.67
2607.89
1320.17
1788.91
1251.02
1863.44
1257.78
1856.07
1321.2
980.832
744.707
695.574
1053.69
696.514
979.668
1054.35
3055.39
2177.48
2593.42
2601.05
3057.1
1712.07
1790.61
1712.63
1700.21
1780.59
1711.91
986.619
700.536
1058.01
748.667
1058.23
985.825
701.127
3064.13
2561.57
2290.91
2563.06
3064.47
1323.87
1820.2
1254.89
1860.48
1255.42
1855.71
1323.13
3062.41
2293.59
2575.48
2565.9
3061.11
987.49
749.437
1058.83
702.193
987.736
1058.83
701.995
783.548
1211.6
733.717
1142.14
784.213
1210.76
733.462
838.701
1483.15
929.45
1301.98
930.877
1305.09
837.603
777.64
727.821
1135.2
1201.21
1202.31
728.166
776.826
766.156
1186.12
718.314
1124.41
765.736
1186.72
718.472
830.228
1466.97
922.239
1290.99
920.698
1288.03
831.396
770.389
722.798
1129.54
1193.91
1192.99
722.303
771.262
813.669
1275.12
754.6
1188.34
811.512
756.562
1277.86
841.38
1565.73
966.863
1407.43
943.498
861.845
1381.71
776.386
740.575
1149.33
1263.28
723.082
795.336
1232.33
683.302
1112.38
1038.99
628.997
636.428
1105.27
675.041
776.582
1430.34
872.917
1276.37
860.882
783.007
1253.79
724.562
675.863
1098.78
1167.64
677.54
725.983
1170.68
1695.31
1907.23
1695.01
1694.43
1906.9
1694.7
1009.73
722.67
767.717
1075.25
722.904
1075.25
1009.58
3113.16
2571.71
2322.9
3113.11
2573.01
1348.36
1981.93
1284.33
1864.03
1284.17
1348.28
1865.9
1009.86
767.874
723.001
1075.31
723.106
1009.8
1075.31
3112.96
2345.23
2594.76
3112.83
2597.01
1695.36
1908.36
1695.9
1712.17
1927.24
1713.09
1009.06
722.199
767.147
1075.01
1075
722.117
1009.18
3111.42
2570.97
2321.3
3111
2571.02
1347.83
1968.87
1283.71
1847.46
1283.9
1347.92
1848.07
1008.58
766.681
1074.82
721
1074.85
721.482
1008.1
3111.98
2320.99
2570.41
3112.1
2570.79
1695.3
1905.57
1694.3
1690.43
1900.42
1690.17
1002.66
716.539
763.177
1073.59
716.183
1073.57
1003.17
3103.57
2542.09
2303.57
3102.91
2541.56
1343.46
1777.73
1288.04
1835.71
1289.91
1831.29
1343.77
1001.76
762.432
714.761
1073.08
715.218
1001.29
1073.18
3104.92
2305.05
2545.81
2543.97
3105.32
1690.83
1898.11
1690.55
1691.2
1898.92
1691.05
1005.02
717.52
1073.83
764.385
1073.87
1004.19
718.184
3108.1
2569.57
2317.92
2565.34
3108.57
1344.96
1860.99
1270.08
1838.99
1267.28
1845.82
1344.47
3107.11
2310.59
2552.81
2555.42
3106.44
1006.08
765.088
1074.06
719.629
1006.7
1074.03
719.223
613.783
1048.01
569.912
984.642
611.627
1050.88
571.834
682.776
1291.63
749.663
1125.16
751.119
1130.06
681.822
640.372
596.952
1031.21
1091.25
1096.05
597.611
639.537
637.613
1077.06
601.968
1004.87
647.073
1070.78
593
669.13
1260.55
733.076
1093.24
736.755
1095.7
665.194
625.75
578.882
993.032
1057.34
1059.41
582.38
621.882
819.91
1277.2
762.04
1185.54
819.504
762.406
1276.07
887.856
1587.88
992.135
1415.6
991.611
888.563
1416.52
819.255
762.859
1181.51
1269.92
762.116
819.969
1270.32
811.345
1253.19
1169.18
756.291
755.634
1253.44
811.69
883.428
1574.42
985.245
1403.78
985.219
883.294
1403.04
815.869
759.126
1175.37
1261.89
759.507
815.655
1261.5
1688.43
1896.13
1688.21
1688.49
1896.63
1688.62
997.966
711.192
758.747
1069.83
711.212
1069.69
998.067
3089.55
2554.31
2302.06
3087.45
2552.9
1338.05
1792.85
1276.94
1844.76
1277.38
1338.4
1845.9
996.539
757.386
709.462
1067.58
709.956
995.875
1068.11
3093.53
2302.07
2549.22
3094.16
2551.05
1689.76
1898.2
1689.98
1689.83
1897.91
1689.74
998.019
711.265
758.725
1070.03
1069.91
711.169
998.158
3092.35
2540.89
2300.85
3091.56
2541.97
1338.49
1781.25
1279.34
1842.68
1278.64
1338.56
1841.84
997.27
758.174
1068.93
710.242
1069.17
710.597
996.884
3094.38
2301.32
2545.66
3094.6
2544.3
1689.64
1897.72
1689.72
1689.87
1897.75
1689.8
998.97
712.181
759.95
1071.2
712.321
1071.18
998.904
3098.25
2542.13
2304.38
3098.28
2542.68
1339.83
1760.13
1286.4
1836.06
1286.03
1835.76
1339.76
999.29
760.357
712.872
1071.41
712.782
999.363
1071.44
3097.56
2304.22
2542.99
2542.77
3097.46
1690.84
1898.75
1690.99
1690.68
1898.5
1690.68
998.46
711.688
1070.56
759.457
1070.62
998.356
711.793
3094.82
2540.61
2303.6
2538.83
3094.52
1339.12
1766.1
1284.04
1835.48
1284.43
1837.47
1339.07
3095.99
2303.56
2542.65
2540.22
3095.87
998.038
759.002
1070.11
711.232
997.951
1070.14
711.362
789.741
1218.78
738.385
1147.26
789.336
1219.53
738.362
858.848
1521.99
955.478
1348.11
954.778
1345.88
859.324
795.311
743.133
1153.75
1228.32
1227.75
743.257
795.587
806.208
1244.8
751.693
1163.94
806.411
1244.02
751.879
865.081
1535.5
961.973
1358.96
962.578
1361.27
864.683
800.323
747.077
1157.27
1234.8
1235.38
746.802
800.16
786.01
1244.49
743.942
1183.52
787.116
742.908
1240.4
840.711
1501.07
940.374
1309.45
940.701
840.532
1312.29
783.471
740.788
1178.23
1233.13
740.707
783.349
1234.1
772.474
1233.2
1170.38
731.653
730.704
1224.68
772.914
835.419
1491.76
935.905
1302.83
934.851
836.323
1301.79
778.783
737.081
1174.91
1228.69
736.694
779.413
1229.73
1679.95
1652.23
1601.44
1619.54
1672.11
1616.56
964.993
683.529
731.454
1040.17
682.693
1039.28
966.169
3001.56
2643.68
2242.55
2998.33
2637.95
1298.24
1860.92
1262.35
1865.13
1265.08
1299.78
1873.83
962.603
729.108
679.504
1035.83
680.522
961.258
1036.79
3008.11
2235.65
2621.37
3011.16
2629.28
1640.8
1709.8
1638.55
1628.52
1699.65
1631.61
969.085
685.236
734.419
1042.45
1043.1
685.898
968.21
3022.5
2602.22
2208.23
3023.52
2598.09
1303.53
1841.77
1259.62
1856.32
1256.74
1302.27
1852.41
970.259
735.594
1044.59
687.248
1044.38
686.985
970.601
3019.28
2218.09
2610.71
3016.78
2605.49
1706.23
1784.93
1696.49
1696.21
1782.21
1695.44
976.042
691.801
740.553
1049.98
692.083
1050.18
975.696
3040.34
2597.14
2182.35
3040.83
2593.9
1312.42
1789.97
1252.21
1848.82
1251.21
1847.87
1311.91
976.719
741.342
693.067
1050.91
692.837
976.966
1050.86
3038.71
2180.88
2593.2
2593.05
3037.72
1702.04
1781.67
1699.88
1697.26
1781.11
1698.3
974.289
690.914
1048.73
739.271
1048.47
974.651
690.66
3030.14
2599.69
2180.94
2596.03
3028.18
1310.01
1802.85
1251.2
1849.77
1251.78
1851.2
1310.63
3033.65
2179.61
2593.57
2594.41
3034.76
973.006
737.9
1046.56
688.852
972.316
1047.08
689.409
802.5
1305.32
776.244
1243.31
819.908
1288.02
761.463
835.593
1529.17
922.093
1314.62
938.58
1329.09
820.762
778.154
726.458
1219.49
1247.19
1262.77
738.113
764.814
764.873
1233.89
726.684
1192.49
767.093
1234.49
725.532
814.031
1503.7
912.066
1301.92
915.148
1301.25
810.654
757.934
716.202
1193.16
1232.86
1231.8
719.119
754.689
702.519
1146.75
670.484
1093.9
706.002
667.633
1144.1
750.368
1398.02
839.24
1153.8
848.941
741.913
1168.38
694.841
653.389
1079.54
1117.5
660.309
686.942
1130.74
666.066
1079.59
1044.45
632.36
635.946
1087.86
661.506
725.6
1365.78
829.705
1141.22
820.421
733.29
1130.01
672.326
646.864
1049.9
1106.4
640.964
679.241
1096.06
1633.05
1831.16
1614.02
1655.51
1835.78
1624.67
1073.7
889.005
838.046
1126.73
831.697
1131.35
1069.26
3421.79
2304.5
2199.6
3436.09
2433.09
1433.19
1965.21
1419.47
1834.41
1435.56
1419.62
1826.84
1116.35
930.573
897.168
1175.89
875.702
1123.58
1173.27
3304.9
2296.04
2531.72
3276.35
2529.43
1010.52
734.194
759.654
1103.85
1087.69
716.315
1029.05
3093.96
2597.57
2231.19
3065.5
2495.1
1363.34
1939.72
1385.11
1822.97
1358.59
1385.74
1823.73
991.74
749.16
1058.01
698.819
1066.82
702.822
983.327
3151.12
2236.62
2511.38
3201.04
2506.44
1654.77
1808.65
1650.46
1651.37
1805.57
1651.15
953.253
674.091
721.307
1028.41
673.297
1027.25
954.289
2975.5
2670.53
2254.53
2974.81
2673.29
1284.07
1970.22
1267.9
1919.58
1264.48
1920.68
1285.68
952.908
721.049
673.064
1026.78
672.878
952.863
1027.06
2976.62
2251.47
2670.1
2671.52
2980.12
1654.51
1797.28
1655.77
1653
1798.12
1653.28
958.884
676.604
1030.31
725.893
1032.84
956.384
678.175
3009.6
2668.6
2248.64
2674.7
3030.24
1292.38
1983.43
1272.29
1918.13
1278.5
1917.29
1288.38
2994.38
2246.65
2668.45
2668.58
2986
964.223
730.262
1044.72
687.324
970.853
1038.15
682.78
792.633
837.831
573.778
948.919
631.064
1028.4
741.281
930.363
1453.4
862.819
1255.41
955.778
1280.83
823.263
938.402
845.983
1176.54
1202.44
1208.73
956.858
826.899
658.882
1087.84
631.329
1034.69
661.131
1082.51
627.89
702.881
1329.05
775.894
1170.23
774.234
1147.36
707.403
670.016
650.29
1053.46
1108.64
1094.3
643.715
676.051
216.388
188.126
188.499
302.957
179.361
303.415
232.471
217.67
300.505
188.063
188.787
301.246
235.201
179.418
805.346
837.428
739.778
889.48
918.175
1043.39
889.392
813.976
846.401
743.36
946.874
946.506
1157.21
905.588
260.415
400.766
780.625
801.73
252.939
432.312
276.109
676.654
517.124
1421.86
1408.65
446.338
713.296
551.945
265.472
404.095
759.872
796.956
257.462
283.612
443.725
660.524
511.841
1126.43
1192
440.798
678.348
538.216
1579.84
1608.57
1561.7
1571.72
1869.09
1594.05
1630.09
903.963
913.079
782.562
928.292
1047.99
876.831
915.667
681.262
824.399
597.015
558.587
969.827
630.176
727.748
1568.03
1809.54
1564.62
1572.91
2033.27
1601.77
1805.48
1004.16
949.549
816.146
1122.94
1212.81
944.508
1041.74
665.636
1046.66
614.682
610.771
1195.66
653.784
1029.38
949.655
1604.47
2059.66
1082.74
1755.66
1527.71
1762.49
2064.54
1542.63
2182.06
2166.21
1821.02
1879.91
1811.57
464.978
1111.65
1260.61
507.084
457.657
485.563
1062.29
1244.07
459.113
451.881
468.575
876.959
992.712
468.945
984.272
1873.9
1559.61
1537.13
1102.14
1476.67
1644.72
1835.61
1217.85
1677.69
1771.48
1589.35
1749.83
1483.7
566.329
1008.6
1123.63
569.083
601.219
595.436
999.598
925.267
530.053
547.796
568.211
803.949
871.872
545.899
2211.14
3589.94
3602.85
1976.71
2272.38
1004.28
1232.14
1195.36
1212.02
1082.92
1070.87
1233.88
1275.17
1246.59
1390.24
1249.43
1258.68
1252.58
1351.18
1600.61
1882.21
1645.51
1556.85
1634.54
1590.33
1656.84
3649.42
1953.57
2124.94
3542.58
2299.18
1424.42
1495.69
1190.32
1540.28
1524.37
1037.75
1627.14
1678.41
1661.62
1672.62
1413.67
1924.75
1448.33
1467.52
1318.36
1627.37
1314.74
3008.4
1449.49
723.825
504.512
541.436
515.892
616.027
652.326
496.426
540.256
916.606
590.876
672.109
603.992
671.372
537.985
501.157
577.819
486.369
630.352
616.836
481.169
506.74
536.99
746.423
583.612
666.748
577.602
648.752
538.41
504.261
481.004
609.09
532.902
583.436
507.836
474.644
2525.14
3598.95
3607.43
2269.93
2527.93
944.593
1252.74
1196.51
1210.35
1001.28
1000.36
1252.31
1281.55
1155.89
1464.22
1274.61
1186.74
1279.76
1353.29
1607.94
2046.58
1723.61
1748.56
1668
1592.25
1794.17
3671.21
2267.47
2409.68
3552.33
2514.4
1645.66
1860.79
1650.14
1861.36
1648.16
1650.16
1627.84
1493.2
1774.17
1840.43
1948.21
1258.86
1976.98
1659.48
1144.89
2079.37
1862.24
1840.09
1740.71
1627.57
2097.65
1497.63
1614.15
1360.81
1992.81
1333.59
3060.57
1561.16
999.464
570.046
591.061
588.294
961.374
984.133
569.417
609.903
1177.13
639.575
1049.48
644.024
1025.37
613.719
591.406
978.654
585.399
1025.65
989.158
579.171
596.965
628.669
1067.87
639.178
1065.04
649.194
987.599
618.936
614.26
589.081
1025.9
914.435
942.626
604.703
599.462
1531.12
1462.52
1252.86
1615.07
1593.01
1636.57
1362.2
1769.29
1683.19
1594.53
1991.85
1958.23
1908.63
1599.99
999.896
963.595
905.729
728.078
703.05
703.292
712.628
1142.94
1115.43
1012.48
740.589
749.914
733.61
739.948
1435.18
1220.98
1278.23
1570.1
1575.95
1383.1
1318.91
1648.95
1596.13
1665.21
1949.29
1944.85
1534.4
1618.77
164.118
167.696
164.732
169.116
164.456
172.405
170.635
177.574
181.27
177.532
181.331
177.89
181.285
177.637
159.985
161.901
159.254
169.513
168.058
163.895
162.164
176.672
180.657
176.935
180.457
176.695
180.68
177.041
163.117
168.508
163.691
166.433
163.297
169.141
164.733
184.589
188.897
184.795
188.692
184.608
188.904
184.812
185.025
189.137
185.021
189.134
185.056
189.137
185.038
177.948
181.647
177.894
181.667
178.104
181.651
177.933
160.808
161.898
159.119
164.817
163.773
162.187
159.564
176.748
180.725
177.194
180.491
176.775
180.754
177.334
163.507
169.551
165.112
166.801
163.714
169.975
165.509
184.642
188.908
184.851
188.704
184.668
188.914
184.884
179.985
173.511
182.034
181.544
171.609
179.2
172.376
185.063
189.113
185.029
189.124
185.09
189.113
185.04
181.785
182.482
183.192
183.309
181.745
182.705
183.188
665.234
630.564
669.679
642.236
748.763
652.871
601.524
178.159
181.621
177.913
181.682
178.23
181.625
177.93
169.316
162.469
160.16
167.634
172.696
162.688
160.61
176.821
180.794
177.458
180.52
176.84
180.812
177.544
163.85
170.217
165.672
167.035
163.959
170.45
165.898
184.7
188.919
184.916
188.716
184.717
188.923
184.936
185.281
175.153
185.837
184.638
173.351
184.063
173.709
185.092
189.095
185.028
189.116
185.109
189.095
185.033
182.024
183.236
183.27
183.455
182.008
183.317
183.269
662.107
544.294
658.473
620.761
507.949
623.914
508.796
178.228
181.599
177.902
181.675
178.256
181.601
177.908
173.287
162.697
160.715
167.698
173.608
162.726
160.796
176.866
180.834
177.605
180.536
176.872
180.84
177.632
164.008
170.557
165.976
167.121
164.039
170.628
166.048
184.735
188.927
184.954
188.723
184.74
188.928
184.96
186.999
175.833
187.163
185.749
174.099
185.579
174.238
185.11
189.087
185.027
189.111
185.115
189.087
185.029
182.128
183.54
183.312
183.526
182.123
183.575
183.311
663.085
559.56
668.306
630.285
521.907
626.044
521.99
178.246
181.586
177.89
181.667
178.254
181.587
177.893
173.641
162.674
160.762
167.219
172.624
162.643
160.666
176.872
180.84
177.632
180.535
176.866
180.834
177.605
164.039
170.628
166.048
167.089
164.007
170.556
165.974
184.74
188.928
184.96
188.722
184.735
188.927
184.954
187.341
175.885
187.304
185.855
174.307
185.888
174.271
185.115
189.087
185.029
189.11
185.11
189.087
185.027
182.144
183.623
183.325
183.536
182.157
183.602
183.32
622.518
570.662
656.195
622.203
547.265
596.372
531.448
178.254
181.587
177.893
181.664
178.246
181.586
177.89
172.624
162.643
160.666
167.582
173.649
162.675
160.763
176.84
180.812
177.544
180.517
176.821
180.794
177.458
163.957
170.448
165.896
166.93
163.849
170.214
165.669
184.717
188.923
184.936
188.714
184.7
188.919
184.916
186.664
175.344
186.373
185.031
174.047
185.32
173.832
185.109
189.095
185.034
189.112
185.092
189.095
185.028
182.07
183.481
183.309
183.485
182.112
183.396
183.295
655.989
551.446
656.172
619.641
519.679
620.218
514.595
178.256
181.601
177.908
181.665
178.229
181.599
177.902
173.619
162.727
160.798
167.628
173.304
162.698
160.718
176.775
180.754
177.334
180.486
176.748
180.725
177.194
163.712
169.972
165.505
166.619
163.505
169.548
165.105
184.668
188.914
184.884
188.7
184.642
188.908
184.851
184.368
173.952
183.521
182.574
173.179
183.401
172.729
185.09
189.113
185.04
189.118
185.063
189.113
185.029
181.885
183.114
183.261
183.365
181.978
182.911
183.232
680.56
567.375
671.471
635.621
511.474
638.404
537.542
178.23
181.625
177.931
181.661
178.159
181.621
177.913
172.715
162.689
160.612
166.575
169.287
162.469
160.159
176.695
180.679
177.041
180.453
176.672
180.657
176.935
163.296
169.138
164.725
166.273
163.116
168.507
163.688
184.608
188.904
184.812
188.682
184.589
188.897
184.795
176.945
170.943
171.044
176.836
174.888
174.21
169.88
185.056
189.137
185.038
189.122
185.025
189.137
185.021
182.106
183.165
181.612
181.411
183.11
181.632
183.107
600.124
619.057
457.684
901.846
591.644
468.237
581.009
178.105
181.651
177.933
181.641
177.948
181.647
177.894
163.77
162.187
159.564
163.084
160.811
161.898
159.12
164.452
172.393
170.591
167.165
164.116
167.695
164.73
177.891
181.285
177.637
181.263
177.574
181.27
177.532
168.056
163.905
162.176
162.522
159.98
161.902
159.254
182.583
174.906
180.506
174.629
180.555
175.715
182.633
184.158
175.183
176.909
185.34
176.323
184.28
185.353
187.159
177.309
186.371
176.525
186.383
177.738
187.052
187.773
176.78
178.277
188.042
178.015
187.665
188.23
188.834
178.422
188.408
177.315
188.594
178.575
188.612
188.99
177.385
178.69
188.823
178.65
188.769
189.062
188.989
178.69
188.823
177.384
189.062
178.649
188.768
188.832
177.314
178.42
188.405
178.574
188.61
188.59
187.768
178.275
188.037
176.776
188.226
178.012
187.659
187.153
176.52
177.304
186.361
177.734
187.045
186.375
184.148
176.904
185.328
175.176
185.343
176.318
184.265
182.571
174.62
174.9
180.487
175.709
182.615
180.544
174.12
177.599
178.057
175.937
172.158
173.325
175.489
179.731
177.981
180.504
179.883
179.197
179.715
179.228
181.886
182.973
182.008
183.114
181.727
182.994
182.17
178.277
181.803
181.209
180.139
179.441
179.406
180.282
182.137
183.199
183.107
182.574
183.079
182.422
182.28
587.28
495.602
519.377
532.206
613.683
532.388
601.617
173.961
184.382
183.54
182.599
173.189
172.741
183.416
405.952
396.532
396.214
394.005
407.352
406.99
394.398
179.841
178.392
180.099
180.044
179.65
179.984
179.669
181.885
183.365
183.113
183.261
182.911
183.232
181.978
178.483
180.417
180.28
180.143
179.766
179.734
180.202
233.492
207.148
197.288
190.679
232.575
207.725
197.597
234.609
199.298
191.856
209.272
208.855
198.997
235.431
882.952
847.343
973.355
707.209
846.363
690.192
1014.6
738.314
477.597
472.817
686.158
689.153
475.831
736.05
182.342
178.779
182.728
180.602
179.61
180.513
179.633
182.556
183.187
182.794
183.335
182.485
183.198
182.859
178.947
183.333
183.077
180.75
179.758
179.74
180.813
182.69
183.383
183.26
183.047
183.25
182.987
182.743
400.508
410.933
401.914
399.757
410.432
412.215
398.329
175.347
186.667
186.379
185.038
174.049
173.836
185.324
423.562
415.896
415.71
413.831
425.932
425.644
414.05
180.474
178.579
180.494
180.244
179.779
180.237
179.785
182.07
183.485
183.481
183.309
183.396
183.295
182.112
178.599
180.589
180.53
180.279
179.825
179.806
180.306
233.238
210.085
199.94
193.242
209.97
233.398
199.917
233.054
200.116
193.348
210.029
209.932
199.988
233.258
743.17
475.253
690.929
478.893
692.259
742.229
479.159
765.214
493.006
495.949
712.012
712.478
494.183
764.294
183.564
179.177
183.693
180.953
179.841
180.922
179.851
182.864
183.301
183.155
183.446
182.839
183.306
183.177
179.228
183.835
183.792
180.998
179.887
179.884
181.009
182.904
183.461
183.323
183.229
183.322
183.216
182.912
418.938
427.206
419.529
417.739
428.649
429.525
417.135
175.886
187.341
187.305
185.856
174.307
174.272
185.889
429.415
422.125
422.111
420.516
432.047
432.029
420.531
180.603
178.63
180.6
180.313
179.824
180.316
179.825
182.143
183.536
183.623
183.325
183.602
183.32
182.157
178.634
180.638
180.61
180.323
179.838
179.83
180.336
233.623
210.518
200.532
193.866
210.447
233.797
200.485
233.655
200.625
193.922
210.652
210.507
200.526
233.931
762.87
499.439
713.244
498.901
711.225
765.401
500.238
836.664
503.785
506.428
780.179
776.183
505.874
840.978
183.835
179.227
183.792
180.998
179.887
181.009
179.884
182.904
183.323
183.229
183.461
182.912
183.322
183.216
179.177
183.563
183.692
180.953
179.841
179.851
180.922
182.863
183.446
183.301
183.155
183.306
183.177
182.839
422.123
429.415
422.111
420.515
432.039
432.028
420.53
175.831
186.995
187.161
185.748
174.097
174.237
185.577
427.21
418.947
419.534
417.745
428.662
429.53
417.144
180.637
178.634
180.61
180.323
179.838
180.336
179.83
182.128
183.526
183.54
183.312
183.575
183.311
182.123
178.63
180.603
180.6
180.313
179.824
179.825
180.316
233.973
210.816
200.744
194.071
210.734
234.118
200.691
233.909
200.643
194.01
210.709
210.669
200.63
233.965
836.642
506.427
780.166
503.782
776.164
840.962
505.872
762.872
498.905
499.431
713.234
711.227
500.24
765.392
183.331
178.947
183.075
180.749
179.757
180.812
179.739
182.69
183.26
183.047
183.383
182.743
183.25
182.987
178.778
182.34
182.726
180.602
179.61
179.633
180.512
182.556
183.335
183.187
182.794
183.198
182.859
182.485
415.901
423.577
415.724
413.846
425.93
425.661
414.056
175.148
185.27
185.83
184.632
173.344
173.704
184.051
410.986
400.579
401.98
399.831
410.516
412.283
398.406
180.59
178.599
180.53
180.279
179.825
180.306
179.806
182.024
183.455
183.236
183.27
183.317
183.27
182.008
178.579
180.474
180.494
180.244
179.779
179.786
180.238
233.194
210.3
200.436
193.702
210.146
233.501
200.3
233.227
200.159
193.551
210.129
210.078
200.182
233.28
765.201
495.948
712.005
493.008
712.465
764.287
494.182
743.26
478.947
475.322
691.057
692.343
479.203
742.359
181.801
178.276
181.206
180.139
179.44
180.281
179.405
182.137
183.107
182.574
183.199
182.28
183.078
182.422
177.98
179.73
180.502
179.883
179.197
179.228
179.715
181.885
183.114
182.973
182.008
182.994
182.17
181.727
396.617
406.036
396.307
394.108
407.439
407.096
394.494
173.499
179.953
182.008
181.512
171.593
172.362
179.15
495.27
586.681
519.023
531.79
612.692
531.947
600.879
180.418
178.484
180.281
180.144
179.766
180.202
179.734
181.786
183.309
182.482
183.192
182.705
183.188
181.745
178.393
179.842
180.1
180.044
179.651
179.67
179.984
232.743
209.758
199.729
192.923
209.589
233.026
199.57
234.306
199.896
192.62
210.134
209.865
199.521
236.024
738.643
472.95
686.373
477.833
689.491
736.261
476.045
886.096
700.323
827.495
972.836
848.093
685.13
1016.73
174.116
177.582
178.047
175.929
172.152
173.322
175.474
274.984
209.491
209.627
282.831
207.6
279.561
276.88
265.567
258.783
202.46
203.362
260.296
262.585
204.084
268.793
206.353
202.683
262.586
261.737
205.211
271.738
270.171
207.276
204.39
265.258
265.684
205.777
270.856
284.288
211.926
289.053
217.155
282.095
213.917
291.726
279.565
272.057
209.634
213.618
271.5
212.428
280.482
276.423
209.165
268.049
208.37
268.973
274.885
210.891
288.025
219.245
217.131
297.689
215.731
295.853
289.382
232.745
209.762
192.923
199.732
209.589
233.037
199.57
234.305
199.895
210.133
192.619
209.864
236.024
199.52
297.26
225.333
221.994
307.34
221.125
306.292
298.028
285.43
275.457
215.117
212.931
276.392
284.339
216.2
294.959
224.116
218.82
302.315
293.673
220.033
303.837
287.523
217.905
213.743
278.635
278.266
217.152
288.067
301.184
222.953
310.001
228.075
300.568
223.562
310.797
292.309
282.598
216.143
220.235
282.465
219.884
292.542
290.909
218.771
280.818
215.656
281.187
290.437
219.311
302.685
228.798
224.625
312.922
224.219
312.371
303.058
233.212
210.314
193.704
200.442
210.156
233.526
200.305
233.238
200.159
210.128
193.551
210.084
233.278
200.184
305.768
230.643
226.061
315.912
225.893
315.742
305.85
294.487
284.279
220.872
217.262
284.407
294.301
221.117
305.135
230.306
225.318
314.782
304.882
225.584
315.107
295.094
221.532
217.495
284.952
284.983
221.39
295.112
306.686
226.327
316.658
231.263
306.588
226.45
316.796
296.156
285.913
218.028
221.997
285.931
221.984
296.148
295.894
221.778
285.648
217.946
285.686
295.832
221.889
306.955
231.376
226.576
317.104
226.557
317.07
306.965
234.028
210.846
194.078
200.758
210.764
234.172
200.704
233.964
200.657
210.739
194.017
210.699
234.019
200.644
306.684
231.261
226.325
316.655
226.448
316.793
306.586
296.155
285.912
221.997
218.027
285.931
296.147
221.983
306.954
231.375
226.576
317.103
306.964
226.556
317.069
295.892
221.776
217.945
285.647
285.685
221.888
295.83
305.764
226.058
315.907
230.638
305.845
225.889
315.737
294.483
284.278
217.259
220.868
284.404
221.113
294.297
295.092
221.53
284.95
217.492
284.982
295.109
221.387
305.129
230.301
225.312
314.774
225.58
315.1
304.876
233.628
210.536
193.868
200.539
210.449
233.83
200.487
233.709
200.638
210.68
193.929
210.536
233.982
200.54
301.176
228.066
222.943
309.989
223.555
310.786
300.559
292.304
282.595
220.23
216.138
282.463
292.537
219.878
302.678
228.79
224.619
312.912
303.051
224.212
312.361
290.904
218.762
215.651
280.816
281.185
219.305
290.431
297.25
221.984
307.326
225.321
298.018
221.114
306.278
285.425
275.459
212.923
215.105
276.393
216.19
284.334
287.518
217.897
278.634
213.736
278.266
288.061
217.143
294.948
224.103
218.807
302.3
220.021
303.822
293.662
233.211
210.064
193.239
199.931
209.955
233.358
199.91
233.034
200.114
210.025
193.346
209.922
233.252
199.984
284.275
217.139
211.909
289.035
213.901
291.708
282.081
279.56
272.06
213.607
209.623
271.504
280.478
212.414
288.013
219.229
217.118
297.673
289.371
215.717
295.837
276.417
209.148
208.357
268.046
268.975
210.877
274.875
274.96
209.608
282.811
209.473
276.861
207.579
279.538
265.525
258.694
203.326
202.424
262.526
260.238
204.055
270.144
207.256
265.244
204.364
265.652
270.84
205.754
268.761
206.334
202.656
262.564
261.7
205.187
271.714
233.494
207.151
190.681
197.291
207.728
232.579
197.599
234.61
199.299
209.274
191.858
208.857
235.432
198.998
178.839
177.312
178.982
178.008
179.396
179.172
178.933
182.875
181.629
181.405
181.155
182.905
182.798
181.459
175.367
203.314
182.205
182.48
182.926
173.32
244.439
182.774
172.253
182.865
236.963
172.357
181.338
248.9
176.975
171.053
170.959
174.914
176.89
174.251
169.893
695.33
751.008
720.05
796.008
706.434
788.598
796.45
178.19
181.406
179.229
179.786
179.632
179.561
180.254
182.106
183.165
181.612
181.411
183.11
181.632
183.107
179.257
177.911
179.574
178.555
179.817
179.647
179.503
173.508
171.642
177.451
179.949
169.643
173.601
171.052
181.667
173.864
168.762
170.122
173.691
180.295
170.615
997.993
1225.33
1302.45
1619.07
995.085
1489.35
1025.16
413.037
349.011
327.968
419.799
419.53
327.848
413.304
411.529
347.439
420.958
327.332
412.755
418.714
326.359
330.19
287.878
292.471
348.153
345.422
287.376
332.204
741.151
778.299
815.515
751.86
732.141
762.259
790.429
310.634
278.306
282.258
317.183
321.004
278.768
308.158
447.05
438.158
450.938
445.395
439.06
446.202
452.103
404.895
323.705
341.869
407.954
407.699
323.614
405.175
405.404
342.298
408.392
324.12
405.578
408.11
324.101
336.548
285.129
291.585
354.926
355.152
285.158
336.393
431.4
421.114
434.386
426.818
430.757
421.716
435.171
335.65
290.03
292.121
364.254
352.721
286.479
344.846
442.035
431.903
446.741
437.153
431.629
442.327
446.36
407.781
324.728
343.545
411.049
411.348
324.803
407.545
408.121
343.806
411.468
324.818
407.836
411.742
324.93
341.327
287.515
294.212
359.37
360.294
287.779
340.541
455.97
444.786
460.621
451.136
455.659
445.068
461.016
339.431
287.237
293.542
356.812
357.518
287.283
338.938
458.607
447.569
463.94
453.551
447.433
458.74
463.757
408.992
325.86
344.611
412.605
412.553
325.876
409.052
409.253
344.858
412.837
326.113
409.335
412.766
326.119
333.563
286.584
290.739
356.474
350.203
285.276
338.21
463.691
451.749
469.526
458.231
463.712
451.708
469.493
318.428
281.542
285.393
327.348
329.149
281.758
317.206
460.353
449.038
465.47
455.336
449.116
460.218
465.642
405.936
323.34
342.124
409.552
409.553
323.417
405.928
406.47
342.621
410.318
323.999
406.769
410.012
323.904
335.35
284.991
291.257
354.073
353.407
285.014
335.774
452.846
441.991
458.001
447.778
453.011
441.815
457.782
337.491
287.085
292.967
356.047
354.969
286.852
338.326
445.206
434.398
449.052
440.52
434.856
444.685
449.699
403.35
322.897
340.804
406.459
405.952
322.78
403.954
403.746
341.271
406.831
323.441
404.23
406.289
323.258
335.327
288.223
294.286
350.633
353.02
288.265
333.961
428.402
418.922
432.493
423.513
428.779
418.554
432.029
354.666
293.609
303.113
374.319
378.011
294.943
352.388
444.771
437
450.08
441.978
436.176
445.297
449.441
178.838
178.981
177.312
179.396
178.007
179.172
178.933
182.875
181.63
181.405
181.155
182.905
182.798
181.459
694.525
718.78
749.928
705.466
795.456
787.927
795.793
203.266
175.344
182.169
182.402
182.86
242.613
173.295
182.673
235.346
172.184
182.782
181.199
246.798
172.329
179.258
179.575
177.911
179.818
178.556
179.648
179.503
181.407
178.191
179.23
179.787
179.632
180.254
179.561
203.011
194.241
227.389
215.654
186.933
197.062
191.691
214.847
195.444
206.803
185.171
230.861
190.182
197.036
932.95
1194.95
1268.81
1458.8
902.618
1363.92
920.266
171.656
173.535
177.507
180.089
169.656
171.074
173.647
181.879
170.159
173.939
168.779
180.421
170.647
173.751
403.36
322.9
340.813
406.462
403.956
405.965
322.786
403.78
341.302
406.872
323.477
404.271
406.32
323.288
406.012
323.399
342.187
409.606
405.993
409.619
323.479
406.584
342.716
410.403
324.09
406.875
410.107
324.001
409.211
326.048
344.796
412.789
409.271
412.736
326.064
409.471
345.042
413.018
326.299
409.553
412.948
326.306
407.79
324.737
343.552
411.06
407.555
411.356
324.81
408.255
343.917
411.581
324.935
407.972
411.852
325.045
404.789
323.61
341.776
407.858
405.061
407.61
323.519
405.244
342.163
408.253
323.978
405.414
407.978
323.963
413.031
327.968
349.008
419.795
413.303
419.518
327.847
411.521
347.435
420.944
327.333
412.751
418.699
326.359
209.753
186.962
180.839
195.324
192.055
185.013
215.124
201.245
181.827
180.529
184.746
192.205
188.914
183.398
247.964
201.791
247.203
227.518
202.329
228.864
200.96
200.741
244.104
245.973
226.242
196.682
198.816
221.671
203.007
194.237
227.382
215.641
186.93
197.057
191.686
214.816
195.426
206.76
185.163
197.015
230.799
190.172
274.704
200.859
219.339
194.766
235.218
248.15
208.143
301.377
222.63
199.23
272.257
327.689
253.382
215.339
211.977
188.829
217.021
188.758
183.614
187.858
183.746
191.047
225.81
221.933
190.371
185.138
184.903
191.233
187.305
190.489
182.58
183.182
186.754
182.657
190.944
188.322
192.801
183.2
183.668
183.012
189.008
192.204
237.049
196.227
234.968
194.288
187.414
187.267
194.762
229.772
194.783
232.252
193.256
186.341
192.759
186.461
190.804
194.884
184.577
184.039
183.948
194.586
191.128
190.164
193.812
183.609
184.273
189.891
183.666
193.973
422.286
420.589
420.144
415.482
427.801
426.462
414.904
573.468
698.157
764.547
656.793
736.522
632.824
624.256
410.092
417.216
635.671
451.247
647.096
424.308
401.907
424.175
422.223
415.474
410.538
430.663
415.811
427.182
383.519
395.21
416.197
624.331
624.21
394.992
383.471
395.083
414.156
632.145
432.918
627.943
397.568
412.437
415.872
328.351
421.503
350.254
415.247
422.029
328.643
417.652
351.778
425.415
330.513
423.726
329.926
419.122
335.302
288.24
350.555
294.285
352.962
288.279
333.918
428.264
418.781
423.368
432.364
428.648
418.407
431.891
444.495
436.69
449.847
441.676
445.041
435.856
449.183
354.665
293.622
303.117
374.298
377.986
294.957
352.387
239.655
198.642
240.987
196.078
188.249
195.814
188.318
199.474
243.743
242.545
196.671
188.856
188.772
196.939
191.841
195.53
184.368
185.001
191.743
184.382
195.557
192.195
195.945
184.562
185.137
184.532
192.333
195.81
247.906
201.489
247.139
198.16
189.789
189.738
198.331
245.265
200.966
246.117
197.759
189.388
197.585
189.439
193.044
196.657
185.479
184.915
184.901
196.542
193.132
192.783
196.288
184.764
185.371
192.71
184.78
196.338
416.183
407.854
407.7
405.673
418.057
417.818
405.894
387.536
398.314
626.94
421.172
628.611
399.606
386.59
392.632
406.722
633.672
428.406
633.543
406.36
392.692
419.813
411.004
411.692
409.779
420.727
409.036
421.704
399.677
415.388
438.054
640.743
640.65
415.147
399.74
396.077
409.623
636.176
432.962
637.111
395.537
410.432
405.161
323.33
408.253
341.808
405.143
408.24
323.425
405.344
341.995
408.678
323.674
408.409
323.584
405.615
335.347
284.989
354.058
291.253
353.396
285.014
335.767
452.839
441.981
447.768
457.995
453.004
441.803
457.776
445.179
434.368
449.03
440.493
444.662
434.826
449.674
337.499
287.087
292.974
356.039
354.972
286.862
338.324
248.945
202.364
249.039
198.813
190.139
198.771
190.158
202.596
249.751
249.399
198.988
190.317
190.295
199.069
193.435
196.985
185.071
185.678
193.412
185.078
196.975
193.556
197.134
185.132
185.726
185.131
193.594
197.071
250.573
203.07
250.492
199.355
190.535
190.531
199.376
250.157
202.989
250.321
199.283
190.468
199.251
190.481
193.789
197.329
185.832
185.225
185.23
197.314
193.793
193.731
197.254
185.196
185.806
193.714
185.203
197.264
427.759
420.239
420.177
418.444
430.222
430.139
418.526
403.161
418.505
643.661
442.188
644.272
419.029
402.814
403.994
420.362
644.994
443.381
644.993
420.227
404.01
428.894
421.443
421.52
419.876
431.318
419.779
431.43
406.124
423.12
446.989
646.936
646.958
423.09
406.114
405.429
421.759
646.251
445.408
646.354
405.344
421.952
408.091
325.123
411.79
343.813
408.214
411.684
325.125
408.716
344.399
412.339
325.725
412.194
325.7
408.869
333.621
286.634
356.529
290.791
350.26
285.328
338.267
463.692
451.75
458.232
469.527
463.713
451.709
469.493
460.351
449.039
465.476
455.337
460.223
449.117
465.642
318.488
281.593
285.445
327.406
329.209
281.811
317.263
250.573
203.069
250.491
199.354
190.534
199.376
190.531
202.988
250.154
250.319
199.282
190.468
190.48
199.25
193.789
197.329
185.225
185.832
193.793
185.23
197.314
193.731
197.254
185.196
185.806
185.203
193.713
197.263
248.938
202.361
249.033
198.81
190.137
190.157
198.768
249.747
202.594
249.394
198.986
190.316
199.068
190.294
193.434
196.985
185.677
185.071
185.077
196.975
193.411
193.555
197.133
185.132
185.726
193.593
185.131
197.07
428.895
421.445
421.522
419.878
431.313
431.432
419.781
406.123
423.118
646.936
446.987
646.957
423.088
406.113
405.433
421.76
646.257
445.409
646.364
421.953
405.348
427.762
420.241
420.18
418.447
430.231
418.529
430.142
403.176
418.512
442.195
643.674
644.287
419.039
402.825
404.001
420.366
645.001
443.384
644.998
404.017
420.232
408.822
325.769
412.473
344.472
408.934
412.369
325.755
408.99
344.586
412.529
325.822
412.53
325.856
408.997
341.38
287.551
359.415
294.257
360.35
287.822
340.583
455.973
444.79
451.138
460.619
455.659
445.072
461.016
458.606
447.572
463.943
453.554
458.745
447.437
463.755
339.465
287.268
293.573
356.856
357.556
287.312
338.977
247.898
201.485
247.13
198.157
189.788
198.328
189.736
200.962
245.254
246.107
197.756
189.385
189.437
197.582
193.043
196.656
184.914
185.479
193.131
184.901
196.541
192.782
196.288
184.764
185.37
184.78
192.709
196.337
239.643
198.637
240.975
196.074
188.247
188.316
195.81
243.732
199.469
242.533
196.667
188.854
196.936
188.77
191.839
195.53
185.001
184.367
184.382
195.557
191.741
192.193
195.944
184.562
185.136
192.331
184.531
195.809
419.832
411.029
411.714
409.804
420.747
421.726
409.063
399.696
415.4
640.763
438.064
640.672
415.16
399.758
396.116
409.654
636.217
432.988
637.153
410.462
395.576
416.206
407.885
407.732
405.709
418.097
405.929
417.849
387.644
398.419
421.258
627.051
628.715
399.705
386.704
392.69
406.767
633.726
428.45
633.602
392.745
406.409
405.618
323.47
409.216
342.005
405.816
409.028
323.405
405.854
342.2
409.279
323.581
409.202
323.63
405.901
336.556
285.131
354.943
291.591
355.169
285.16
336.401
431.499
421.225
426.921
434.488
430.86
421.823
435.268
442.071
431.947
446.779
437.196
442.367
431.673
446.394
335.642
290.01
292.11
364.265
352.726
286.462
344.84
237.036
196.221
234.956
194.284
187.411
194.759
187.265
194.777
229.761
232.24
193.252
186.338
186.459
192.756
190.803
194.883
184.039
184.577
191.126
183.947
194.585
190.163
193.812
183.609
184.272
183.666
189.89
193.973
211.97
188.826
217.013
188.756
183.612
187.856
183.745
225.799
191.043
221.924
190.369
185.136
191.23
184.901
187.305
190.489
183.182
182.579
186.754
182.657
190.945
188.321
192.801
183.2
183.668
189.007
183.011
192.204
424.398
422.443
415.675
410.766
430.94
427.461
416.052
383.677
395.345
624.467
416.348
624.361
395.148
383.612
395.378
414.476
632.35
433.198
628.159
412.758
397.87
422.513
420.823
420.382
415.74
428.101
415.17
426.741
571.908
694.395
654.021
762.006
735.07
630.331
622.047
410.343
417.521
635.847
451.347
647.183
402.193
424.56
419.176
326.975
411.766
349.793
410.75
421.163
329.626
418.649
352.365
427.814
331.796
424.639
330.846
421.447
330.286
287.86
348.25
292.477
345.537
287.358
332.269
735.754
771.086
745.803
806.588
726.938
783.001
755.918
447.269
438.446
451.14
445.653
446.429
439.347
452.292
313.959
279.856
282.622
326.625
317.866
324.525
278.968
209.73
186.953
180.835
195.312
185.007
215.094
192.045
201.228
181.825
180.526
184.743
192.199
183.394
188.906
247.86
201.748
247.141
227.46
202.27
228.774
200.919
200.711
244.085
245.936
226.203
196.666
198.791
221.65
274.832
200.888
219.41
194.807
248.23
208.194
235.337
301.598
222.816
199.309
272.603
328.063
215.428
253.587
406.144
394.426
402.774
411.941
409.795
395.756
402.572
407.255
406.588
416.571
403.656
399.972
404.971
409.264
401.78
387.651
434.426
422.326
393.324
419.94
396.649
409.711
412.185
429.354
410.41
402.847
415.599
415.328
413.651
403.227
459.043
443.668
402.466
442.91
414.475
411.747
439.444
398.82
456.63
400.481
409.811
441.055
402.074
389.734
428.796
446.136
399.079
391.99
431.622
404.937
435.164
449.173
395.657
394.493
433.973
406.446
368.931
377.088
388.292
368.707
386.632
368.38
369.481
370.778
374.047
393.526
397.66
371.234
392.83
373.341
370.615
378.477
388.036
371.725
387.246
372.698
370.454
369.453
395.084
398.576
371.302
370.368
392.927
370.18
372.389
391.209
371.577
382.153
371.775
372.006
392.79
375.303
376.688
409.647
403.978
376.528
402.914
375.501
373.027
398.04
373.547
406.825
374.334
372.464
400.109
374.862
385.074
374.635
396.534
374.538
395.592
375.018
419.177
326.976
349.795
411.772
410.755
421.166
329.626
418.653
352.367
427.82
331.796
421.452
424.645
330.846
371.56
392.595
370.614
382.573
393.925
371.074
370.857
375.045
377.838
417.996
409.91
407.202
377.16
375.665
372.682
401.205
413.447
373.694
403.578
374.789
371.911
373.966
385.079
398.476
373.66
396.699
373.398
374.429
370.285
391.748
381.036
370.078
369.987
391.314
370.469
374.35
376.792
408.293
403.725
375.076
375.853
401.869
370.832
399.772
406.12
372.721
372.188
398.851
371.164
374.409
385.372
375.424
396.652
375.59
374.736
395.033
420.035
406.586
448.943
466.34
418.236
408.107
450.369
421.456
452.538
468.154
410.157
409.498
451.855
422.196
426.537
414.749
474.029
457.929
414.151
457.39
427.194
425.327
455.417
472.537
412.064
412.915
456.208
424.339
435.361
422.598
483.646
467.076
422.101
466.758
435.904
434.386
465.405
420.555
482.579
421.119
433.74
465.885
430.594
416.882
461.266
478.426
429.671
417.666
461.959
431.552
463.355
479.599
419.134
418.621
462.902
432.122
366.926
379.081
373.831
366.809
380.241
367.276
366.186
374.234
378.203
401.923
409.844
374.493
397.451
376.734
366.485
382.081
385.108
365.131
366.332
383.014
365.528
374.434
383.285
399.654
375.438
392.033
375.944
374.706
364.431
377.498
364.835
371.104
364.872
364.344
377.808
364.865
364.865
386.488
382.994
364.716
382.572
364.974
364.016
380.797
363.604
385.092
363.866
363.848
381.486
365.303
371.994
365.844
378.966
365.803
378.726
365.372
405.662
323.511
342.043
409.258
405.865
409.065
323.443
405.854
342.198
409.266
323.572
405.885
409.207
323.625
366.52
380.319
366.979
373.393
380.429
366.477
366.996
366.961
366.986
390.086
385.923
385.642
366.84
367.071
366.151
384.648
389.233
365.952
384.823
366.058
366.08
367.363
374.233
381.446
367.927
381.242
367.885
367.44
366.102
379.99
372.916
366.638
366.613
379.835
366.147
365.422
365.273
387.739
383.505
365.277
365.413
383.684
365.689
384.322
388.226
365.643
365.546
384.068
365.762
365.827
372.628
366.328
379.444
365.831
366.322
379.526
438.863
424.43
469.79
486.88
438.074
425.146
470.202
438.67
469.84
487.032
424.415
425.043
470.194
437.973
439.573
426.175
488.181
471.556
425.894
471.325
439.881
439.178
470.716
487.805
425.063
425.493
471.036
438.704
441.383
427.492
490.239
473.408
427.458
473.386
441.421
441.284
473.268
427.316
490.151
427.356
441.239
473.311
440.722
426.693
472.518
489.438
440.541
426.853
472.657
440.84
472.897
489.654
427.073
426.97
472.812
440.955
367.42
381.51
374.451
367.949
381.506
367.944
367.427
367.59
367.523
390.942
386.465
367.448
386.487
367.655
367.009
385.928
390.339
366.899
366.882
385.904
367.021
368.013
375.024
382.058
368.586
382.075
368.065
368.555
367.628
381.742
368.14
374.688
368.143
367.615
381.765
367.834
367.738
391.255
386.893
367.697
386.788
367.867
367.224
386.144
367.071
390.616
367.1
367.203
386.174
368.255
375.301
368.806
382.438
368.793
382.367
368.279
409.041
325.957
344.657
412.656
409.152
412.552
325.943
409.209
344.771
412.712
326.01
409.216
412.714
326.044
368.443
382.652
368.986
375.531
382.635
368.453
368.978
368.331
368.231
392.203
387.531
387.461
368.198
368.355
368.031
387.169
391.849
367.905
387.153
367.897
368.043
368.744
375.819
382.964
369.296
382.923
369.285
368.761
368.306
382.523
375.383
368.855
368.844
382.461
368.325
367.952
367.818
391.455
386.961
367.801
367.966
386.962
367.883
387.024
391.419
367.773
367.729
386.906
367.915
368.375
375.454
368.923
382.536
368.388
368.913
382.532
441.382
427.491
473.407
490.238
441.421
427.458
473.384
441.282
473.266
490.148
427.314
427.354
473.31
441.237
440.719
426.69
489.433
472.514
426.85
472.653
440.537
440.837
472.894
489.649
427.07
426.967
472.808
440.953
438.856
424.427
486.866
469.786
425.138
470.191
438.071
438.665
469.828
424.412
487.029
425.038
437.971
470.192
439.57
426.172
471.55
488.175
439.878
425.891
471.32
439.174
470.71
487.798
425.059
425.489
471.031
438.7
368.352
382.567
375.444
368.893
382.551
368.885
368.362
368.244
368.147
392.123
387.451
368.112
387.38
368.269
367.942
387.086
391.768
367.817
367.809
387.07
367.953
368.655
375.734
382.882
369.206
382.841
368.673
369.195
368.216
382.439
368.763
375.296
368.752
368.234
382.376
367.864
367.732
391.374
386.88
367.714
386.88
367.878
367.794
386.942
367.685
391.338
367.642
367.826
386.824
368.285
375.368
368.832
382.453
368.821
382.448
368.299
408.308
325.309
343.997
411.97
408.43
411.865
325.311
408.925
344.574
412.503
325.898
409.07
412.368
325.878
367.434
381.53
367.965
374.463
381.517
367.445
367.959
367.636
367.571
390.982
386.512
386.528
367.493
367.704
367.023
385.949
390.35
366.92
385.915
366.896
367.041
368.061
375.069
382.106
368.638
382.117
368.605
368.115
367.717
381.825
374.773
368.231
368.234
381.847
367.704
367.907
367.799
391.324
386.952
367.769
367.932
386.857
367.311
386.225
390.696
367.156
367.186
386.255
367.29
368.329
375.373
368.879
382.501
368.347
368.868
382.437
435.36
422.585
467.058
483.645
435.893
422.1
466.758
434.377
465.403
482.56
420.551
421.109
465.871
433.737
430.588
416.877
478.411
461.261
417.658
461.948
429.668
431.55
463.342
479.592
419.124
418.618
462.899
432.114
420.037
406.587
466.33
448.944
408.103
450.367
418.242
421.458
452.535
410.153
468.142
409.495
422.196
451.851
426.531
414.746
457.926
474.01
427.193
414.142
457.377
425.325
455.409
472.527
412.061
412.908
456.205
424.338
366.489
380.291
373.363
366.948
380.4
366.965
366.447
366.931
366.965
390.059
385.903
366.811
385.614
367.048
366.121
384.621
389.205
365.923
366.028
384.795
366.05
367.332
374.204
381.422
367.897
381.213
367.414
367.853
366.082
379.972
366.617
372.896
366.592
366.126
379.815
365.418
365.271
387.734
383.503
365.272
383.679
365.411
365.669
384.304
365.622
388.207
365.526
365.741
384.049
365.824
372.625
366.326
379.443
366.32
379.523
365.829
405.071
323.257
341.737
408.186
405.063
408.163
323.353
405.31
341.968
408.66
323.651
405.591
408.378
323.558
366.885
379.045
366.768
373.791
380.203
366.146
367.234
374.184
378.149
401.887
409.789
397.41
374.447
376.678
366.446
382.046
385.073
365.093
382.978
366.294
365.489
374.381
383.235
399.596
375.379
391.988
374.649
375.886
364.403
377.468
371.078
364.804
364.843
377.784
364.313
364.856
364.859
386.479
382.99
364.707
364.967
382.563
363.99
380.768
385.071
363.575
363.841
381.463
363.818
365.294
371.985
365.836
378.962
365.364
365.795
378.716
413.654
403.229
443.674
459.026
414.483
402.461
442.905
411.756
439.447
456.621
398.822
400.482
441.058
409.819
402.086
389.735
446.13
428.801
391.992
431.628
399.088
404.955
435.165
449.174
395.655
394.502
433.984
406.454
406.079
394.361
402.712
411.902
409.7
395.711
402.527
407.218
406.569
403.64
416.54
399.944
409.244
404.942
401.781
387.652
422.33
434.415
396.657
393.317
419.941
409.715
412.176
429.34
410.408
402.847
415.595
415.327
371.544
392.579
382.557
370.601
393.906
370.843
371.06
375.014
377.802
417.958
409.872
377.128
407.166
375.63
372.665
401.186
413.419
373.679
374.77
403.555
371.896
373.934
385.048
398.441
373.628
396.665
374.395
373.367
370.279
391.734
370.071
381.03
369.981
370.461
391.306
374.344
376.789
408.273
403.712
375.072
401.853
375.847
370.826
399.753
372.711
406.104
372.182
371.155
398.839
374.403
385.363
375.417
396.643
374.73
395.021
375.583
415.865
328.35
350.25
421.495
415.243
422.019
328.641
417.647
351.775
425.411
330.513
419.12
423.718
329.926
368.921
388.273
377.08
368.698
386.61
369.47
368.371
370.763
374.043
397.337
393.448
392.733
371.212
373.33
369.439
395.008
398.266
371.288
392.834
370.347
370.166
370.604
378.466
388.012
371.715
387.221
372.687
370.445
372.378
391.193
382.141
371.567
371.765
392.772
371.995
375.296
376.685
409.602
403.96
376.528
375.495
402.889
373.018
397.986
406.738
373.544
374.332
400.067
372.453
374.854
385.067
374.628
396.523
375.01
374.53
395.58
566.981
680.147
670.707
634.934
511.098
537.102
638.014
551.428
655.944
656.093
619.573
519.665
514.562
620.182
570.679
622.559
656.222
622.225
547.276
531.461
596.407
559.564
663.135
668.362
630.331
521.916
521.997
626.085
544.359
662.344
658.609
620.884
508.124
508.884
624.133
630.091
672.5
670.706
643.027
738.177
600.774
657.486
420.125
319.279
405.582
404.667
344.245
425.968
318.815
374.638
321.822
277.537
397.716
420.946
288.663
338.175
824.318
860.955
844.439
875.674
864.29
850.79
893.713
285.496
320.204
309.852
306.42
289.663
316.323
288.445
491.382
511.579
443.919
482.142
466.629
497.099
518.381
420.143
319.278
405.588
404.675
344.248
426.003
318.813
374.641
321.818
277.518
397.614
421.007
288.653
338.123
425.752
331.082
432.342
295.882
234.16
292.751
235.341
340.368
449.669
442.638
302.844
242.416
240.754
305.976
502.173
390.333
500.494
339.283
268.987
340.123
268.521
495.914
387.43
497.607
337.018
266.142
336.172
266.536
451.668
441.24
465.691
473.729
446.234
474.991
445.176
405.791
546.844
363.688
364.51
813.814
692.296
404.408
324.218
522.116
349.874
349.553
564.469
321.088
646.545
405.184
395.101
395.084
392.946
406.698
406.266
392.984
434.106
313.388
314.118
306.355
526.583
529.55
304.778
319.572
436.674
313.992
307.351
552.694
314.905
533.178
787.03
681.6
647.417
722.671
842.986
839.394
750.757
930.39
910.121
387.57
460.839
909.5
417.473
914.182
817.367
599.731
524.05
739.9
778.433
582.509
783.643
486.409
463.347
494.739
493.669
474.079
486.045
484.531
946.392
453.056
484.62
912.442
912.216
439.024
954.556
203.23
188.799
206.633
208.105
189.008
189.854
189.489
205.811
190.571
211.988
210.883
190.382
191.303
191.615
217.324
221.659
216.013
192.544
194.905
194.235
193.018
211.12
218.416
213.033
190.977
191.663
192.51
190.399
750.436
487.722
498.429
717.234
701.309
485.385
764.962
429.067
475.783
474.799
464.489
447.109
446.764
465.069
981.545
931.247
539.962
496.476
922.97
495.612
992.535
485.794
446.811
485.588
479.83
468.703
465.71
481.202
965.581
463.976
911.558
524.606
913.465
958.765
479.14
208.233
191.071
214.339
191.059
213.884
192.271
192.311
207.508
191.101
212.965
190.91
212.896
192.02
192.19
218.351
224.964
218.497
193.557
195.621
193.653
195.657
220.205
226.613
219.772
193.931
196.229
196.168
193.994
506.519
396.977
507.489
343.96
272.035
343.386
272.276
398.6
509.891
508.857
345.163
273.669
273.397
345.722
522.247
412.588
521.677
355.219
282.141
355.558
282.024
520.135
411.488
520.61
354.363
281.118
354.034
281.285
412.369
403.874
403.556
401.442
414.21
413.76
401.861
315.311
439.941
316.503
307.045
528.3
305.933
531.96
317.654
441.774
317.608
307.696
535.399
307.597
533.503
422.872
414.702
415.039
413.211
424.486
424.979
412.825
452.283
321.084
321.044
310.37
542.286
540.897
310.349
319.481
450.581
320.022
309.645
537.363
309.068
539.512
477.335
434.788
481.129
470.266
449.58
467.454
451.825
953.243
917.934
470.388
502.223
902.427
972.837
457.859
740.553
482.194
485.154
690.048
690.4
482.612
739.816
490.77
442.715
489.213
480.179
461.427
460.615
481.358
952.258
466.557
507.274
902.708
900.633
463.641
954.958
206.777
190.944
213.464
211.884
190.587
191.635
192.104
206.865
190.647
212.695
212.121
190.539
191.641
191.808
218.05
223.194
217.371
193.157
195.438
195.147
193.387
218.846
222.588
216.964
193.081
195.696
193.662
194.993
761.472
490.422
488.665
696.213
708.771
491.519
746.905
453.816
503.6
502.883
494.178
472.446
471.918
494.821
944.118
904.085
496.925
458.864
898.102
455.013
951.617
492.738
448.177
496.143
486.61
464.074
465.783
484.122
940.862
464.016
904.007
497.46
895.063
955.158
455.282
208.16
191.059
214.064
190.968
213.639
192.203
192.332
207.813
190.773
212.943
190.792
213.255
192.007
191.958
218.291
224.451
218.636
193.631
195.603
193.552
195.698
219.515
224.824
219.034
193.842
196.104
195.911
194.005
523.723
415.228
524.334
357.167
283.349
356.923
283.413
415.759
530.51
527.852
357.079
282.868
283.221
356.977
534.076
419.22
534.061
359.318
284.765
359.32
284.779
533.758
419.079
533.848
359.211
284.658
359.171
284.691
427.089
418.826
419.328
417.533
428.705
429.405
417.127
323.101
457.916
323.116
312.341
544.76
312.226
545.309
323.519
458.58
323.612
312.741
546.151
312.642
545.787
429.326
422.037
422.048
420.452
431.925
431.941
420.434
462.477
324.689
324.731
313.91
547.411
547.513
313.876
324.428
461.865
324.451
313.638
547.216
313.561
547.173
505.737
458.586
507.507
499.042
475.337
497.467
476.574
965.643
910.912
461.747
506.986
915.119
959.902
464.583
761.14
499.566
501.862
710.046
709.84
500.883
761.133
509.182
459.808
508.31
500.325
478.33
477.931
501.033
971.86
468.401
509.614
924.792
919.781
467.042
977.873
208.429
191.097
214.068
213.935
191.035
192.282
192.36
208.428
191.079
214.126
213.915
191.021
192.26
192.326
219.477
225.08
219.296
193.882
195.973
195.915
193.948
219.496
225.15
219.344
193.919
196.089
194.017
195.971
807.341
502.81
503.953
717.893
750.541
504.761
769.646
464.845
519.018
518.659
510.352
483.323
483.201
510.629
885.167
855.615
450.383
408.638
858.054
411.262
881.91
510.806
462.475
512.61
504.382
479.976
480.56
503.072
929.982
459.032
927.53
470.576
893.899
977.901
428.946
208.578
191.169
213.935
191.117
213.787
192.285
192.347
208.491
191.082
213.929
191.043
213.754
192.223
192.293
219.075
223.77
218.674
193.724
195.787
193.851
195.571
218.699
223.491
218.579
193.757
195.626
195.562
193.822
534.076
419.219
534.06
359.317
284.764
359.32
284.778
419.077
533.755
533.846
359.209
284.657
284.69
359.169
523.72
415.213
524.32
357.158
283.342
356.918
283.405
530.506
415.751
527.842
357.073
282.861
356.969
283.215
429.326
422.038
422.048
420.452
431.919
431.941
420.435
324.689
462.475
324.735
313.915
547.412
313.877
547.514
324.434
461.864
324.455
313.645
547.216
313.57
547.175
427.098
418.831
419.338
417.544
428.719
429.415
417.134
457.923
323.117
323.13
312.364
544.76
545.317
312.252
323.527
458.584
323.624
312.758
546.154
312.654
545.791
519.017
464.842
518.656
510.349
483.323
510.628
483.199
885.111
855.562
408.585
450.337
858.008
881.849
411.21
807.295
502.808
503.948
717.866
750.489
504.758
769.617
510.793
462.475
512.601
504.378
479.973
480.558
503.066
929.943
459.001
470.545
927.491
893.86
428.908
977.858
208.558
191.159
213.913
213.765
191.107
192.274
192.336
208.472
191.072
213.907
213.732
191.033
192.212
192.282
219.051
223.744
218.649
193.712
195.774
195.558
193.84
218.675
223.464
218.554
193.745
195.613
193.81
195.549
761.141
499.567
501.86
710.042
709.84
500.882
761.129
458.59
505.731
507.495
499.031
475.331
476.574
497.459
965.695
910.958
507.057
461.823
915.159
464.644
959.965
509.185
459.81
508.313
500.322
478.33
477.931
501.029
971.936
468.469
924.833
509.708
919.84
977.926
467.131
208.436
191.102
214.08
191.04
213.943
192.286
192.366
208.447
191.087
214.144
191.031
213.937
192.27
192.335
219.497
225.109
219.322
193.895
195.984
193.958
195.929
219.51
225.161
219.354
193.925
196.097
195.977
194.023
522.226
412.58
521.673
355.213
282.132
355.548
282.016
411.469
520.126
520.59
354.352
281.11
281.274
354.027
506.497
396.956
507.468
343.947
272.022
343.372
272.263
509.872
398.579
508.836
345.149
273.656
345.709
273.385
422.879
414.717
415.051
413.225
424.497
424.99
412.841
321.104
452.293
321.071
310.409
542.291
310.374
540.911
319.521
450.597
320.053
309.69
537.376
309.122
539.525
412.419
403.927
403.614
401.506
414.271
413.821
401.921
440.002
315.409
316.581
307.152
528.364
532.008
306.067
317.704
441.822
317.673
307.786
535.426
307.666
533.541
503.592
453.826
502.886
494.18
472.45
494.815
471.923
944.162
904.122
458.918
496.994
898.134
951.666
455.063
761.456
490.428
488.672
696.218
708.753
491.523
746.908
492.745
448.201
496.139
486.611
464.089
465.798
484.13
940.936
464.116
497.556
904.095
895.121
455.354
955.266
208.155
191.057
214.061
213.633
190.965
192.201
192.33
207.811
190.773
212.944
213.253
190.791
192.007
191.958
218.292
224.45
218.634
193.63
195.604
195.698
193.552
219.513
224.82
219.029
193.839
196.104
194.004
195.909
740.612
482.232
485.177
690.084
690.458
482.644
739.852
434.877
477.404
481.179
470.319
449.662
451.896
467.523
953.488
918.254
502.449
470.608
902.644
458.025
973.199
490.789
442.761
489.241
480.203
461.456
460.65
481.375
952.439
466.68
902.827
507.456
900.788
955.099
463.78
206.772
190.939
213.457
190.583
211.879
191.631
192.099
206.863
190.646
212.695
190.537
212.119
191.64
191.808
218.051
223.195
217.369
193.156
195.439
193.387
195.147
218.839
222.586
216.96
193.079
195.693
194.991
193.658
502.16
390.307
500.465
339.269
268.975
340.112
268.508
387.408
495.894
497.584
337.005
266.13
266.524
336.16
425.738
331.067
432.325
295.873
234.153
292.741
235.333
449.652
340.352
442.622
302.834
242.407
305.966
240.745
405.286
395.227
395.194
393.072
406.848
406.395
393.123
313.507
434.321
314.275
306.57
526.672
304.941
529.701
319.775
436.91
314.166
307.593
552.79
315.197
533.355
451.581
441.255
465.575
473.567
446.269
474.851
445.184
545.821
405.401
363.675
364.686
806.612
689.774
404.146
324.414
521.469
349.953
349.788
564.448
321.392
645.119
475.873
429.241
474.932
464.629
447.225
465.171
446.911
982.159
931.654
496.766
540.443
923.526
992.99
495.98
750.856
487.963
498.51
717.74
701.736
485.607
765.471
485.838
447.115
485.729
479.957
468.866
465.932
481.241
966.49
464.578
525.246
912.746
914.3
479.621
960.064
208.232
191.068
214.335
213.882
191.057
192.268
192.308
207.509
191.097
212.961
212.894
190.908
192.017
192.185
218.345
224.965
218.495
193.555
195.618
195.655
193.647
220.202
226.615
219.769
193.928
196.228
193.992
196.168
818.628
597.806
523.743
740.508
779.328
581.033
784.351
678.142
785.071
646.675
718.81
830.677
827.986
744.356
939.061
944.808
461.002
391.455
916.77
417.422
959.481
486.411
463.404
494.476
493.371
474.16
485.938
484.46
948.772
453.691
914.031
485.177
914.439
956.289
439.335
203.22
188.791
206.577
189
208.059
189.835
189.458
205.804
190.566
211.979
190.374
210.858
191.289
191.607
217.312
221.619
215.984
192.528
194.897
193.009
194.22
210.969
218.289
212.967
190.954
191.602
192.481
190.356
204.207
183.006
181.916
192.876
185.505
183.469
181.474
188.242
181.992
185.285
183.471
181.953
181.395
185.718
549.839
259.755
362.919
356.144
372.883
259.842
550.876
759.453
775.295
689.765
726.067
787.978
777.387
767.747
352.772
365.804
603.173
245.66
254.187
334.069
563.683
215.034
186.129
192.556
183.702
183.117
186.55
182.316
834.774
874.048
856.18
889.742
879.461
863.872
909.667
276.489
312.493
304.271
300.089
277.835
307.34
275.205
491.583
447.256
507.653
487.448
469.068
492.444
521.871
482.308
576.321
635.22
501.19
571.542
484.025
498.039
469.123
561.922
623.146
480.988
567.934
468.589
482.389
490.426
577.055
506.097
649.212
489.131
580.663
508.507
507.78
595.364
663.505
527.129
594.243
526.576
508.493
326.6
290.545
337.274
284.7
341.147
285.648
323.689
1234.35
1510.65
1486.04
531.273
543.535
514.25
526.048
517.178
529.293
543.788
1236.46
1485.85
1485.69
315.17
284.651
331.934
282.44
326.701
280.775
319.193
1528.08
1231.24
1527.9
481.129
484.01
488.391
502.671
492.904
474.785
488.574
1274.31
1541.81
1541.52
516.685
590.67
666.463
549.549
591.988
516.953
548.708
553.766
639.512
709.914
584.834
636.375
580.628
556.226
523.319
597.688
557.184
671.859
523.148
595.924
557.598
530.567
601.271
680.407
566.945
602.724
567.208
530.702
335.091
290.523
351.519
283.446
353.619
284.122
333.363
1261.95
1511.58
1520.1
436.616
431.764
426.855
441.114
437.002
426.496
440.62
1284.45
1546.44
1545.98
329.579
288.078
349.181
282.943
346.458
282.389
331.638
1501.54
1259.79
1499.48
439.121
434.458
428.665
442.769
438.694
429.041
443.292
1261.81
1502.4
1501.25
529.462
610.725
709.561
579.492
612.185
529.235
579.894
521.823
604.275
697.565
569.62
602.365
569.223
522.019
531.647
615.073
583.271
711.884
531.987
613.328
582.622
535.77
619.935
719.154
587.221
619.345
587.65
535.282
340.823
293.777
359.469
287.384
359.681
287.342
340.733
1277.06
1514.02
1513.8
456.56
451.612
445.591
461.607
456.554
445.554
461.616
1277.82
1515.01
1515.22
339.685
293.486
358.906
287.324
358.001
287.156
340.341
1515.09
1278.58
1515.22
457.405
452.471
446.367
462.381
457.329
446.405
462.47
1280.34
1516.62
1516.66
462.285
514.91
536.548
474.45
511.27
463.729
470.908
460.177
504.724
524.331
465.026
505.138
465.394
460.04
478.476
531.381
490.639
590.55
474.786
540.974
498.448
531.973
616.252
718.921
582.444
618.844
583.116
532.247
326.766
288.113
334.9
282.568
340.671
283.488
322.616
1273.54
1517.9
1517.6
462.934
457.594
451.106
468.507
462.846
451.138
468.62
1274.31
1518.1
1518.45
317.888
285.087
330.652
281.893
328.43
281.476
319.501
1517.91
1274.21
1517.47
461.928
456.647
450.41
467.668
462.069
450.285
467.469
1280.49
1516.62
1516.44
509.476
590.998
681.031
553.071
589.49
509.55
552.959
518.989
599.445
694.524
565.3
600.867
565.46
518.904
507.654
588.174
550.537
680.14
507.608
589.258
550.598
524.546
597.651
684.149
561.471
600.598
563.224
523.335
334.859
291.342
352.119
285.34
352.266
285.254
334.92
1272.56
1509.79
1510.08
450.829
445.93
439.78
455.34
450.546
440.014
455.689
1275.77
1513.56
1513.26
335.981
291.973
352.526
285.72
353.245
285.924
335.4
1509.3
1271.36
1509.03
448.692
443.689
438.079
453.711
448.906
437.879
453.422
1270.18
1511.27
1511.63
540.389
619.594
699.616
562.944
620.55
538.702
565.528
570.895
654.195
727.658
596.341
655.475
598.089
569.657
527.151
610.171
552.47
687
528.655
609.427
550.095
511.01
596.043
666.526
530.03
596.596
530.57
510.482
338.064
295.441
362.896
290.401
357.15
288.776
342.36
1275.02
1546.27
1548.53
429.586
424.651
420.866
434.943
430.835
419.596
433.385
1286.6
1548.7
1547.98
351.526
301.923
369.232
292.403
374.754
293.709
347.289
1543.79
1269.39
1541.27
435.28
430.52
424.213
438.196
434.202
425.126
439.57
1271.17
1541.87
1542.84
204.201
181.915
183.005
185.503
192.873
183.468
181.474
188.243
181.992
185.285
183.471
181.953
181.395
185.718
754.299
772.284
686.536
721.241
778.142
773.584
760.558
549.15
259.537
362.435
354.992
371.631
545.59
259.62
351.405
603.284
363.74
245.168
560.332
332.696
253.942
215.035
186.133
192.56
183.703
183.119
186.551
182.317
397.247
406.295
425.211
476.696
420.034
432.616
424.685
564.73
442.547
446.644
575.273
524.825
451.141
563.83
376.469
395.393
375.018
378.065
406.918
399.032
380.443
389.412
371.765
373.555
375.706
379.869
390.596
372.83
359.004
359.077
378.36
345.338
377.499
350.008
351.253
366.954
408.944
400.367
367.565
394.028
374.526
359.15
475.302
364.188
471.489
320.381
254.545
253.52
322.173
460.772
358.062
465.001
315.605
248.685
313.683
249.538
482.697
375.945
485.032
328.762
259.394
327.646
259.857
491.241
379.505
488.663
331.429
262.76
332.586
262.171
421.788
426.439
424.025
421.14
432.119
426.379
427.808
518.245
611.681
497.542
688.657
720.093
553.58
475.103
423.651
460.735
460.898
675.666
655.374
437.007
444.106
415.694
396.004
404.62
401.475
409.376
393.88
418.208
383.447
415.934
623.724
396.339
623.853
384.099
394.945
388.864
427.539
623.577
400.411
625.821
386.291
404.327
540.43
619.647
699.652
562.973
620.606
538.74
565.562
570.926
654.236
727.699
596.366
655.517
569.688
598.116
527.178
610.223
687.02
552.494
609.477
528.688
550.111
510.938
596.041
666.381
529.924
510.41
596.569
530.454
338.051
295.442
362.858
290.412
357.105
288.791
342.351
1275.06
1546.31
1548.58
429.33
424.398
420.584
434.657
419.34
430.555
433.127
1286.7
1548.8
1548.08
1269.41
1543.82
1541.33
434.954
430.192
423.895
437.884
424.794
433.891
439.243
1271.18
1541.85
1542.83
351.523
301.922
369.2
292.416
374.725
293.72
347.284
514.879
404.19
514.107
349.184
277.078
276.853
349.627
511.835
402.615
512.615
347.948
275.527
347.479
275.761
517.005
407.844
517.523
351.764
278.827
351.397
279.009
518.915
408.898
518.362
352.549
279.904
352.896
279.744
415.339
406.271
406.862
404.891
416.183
404.234
416.99
389.161
423.016
402.38
630.549
629.926
401.659
389.482
391.99
427.413
404.614
632.245
633.036
405.355
391.535
420.64
412.717
412.591
410.666
422.763
410.856
422.565
399.133
437.25
639.692
413.911
640.13
398.876
414.352
396.987
434.154
638.072
411.993
637.884
397.084
411.657
509.499
591.022
681.058
553.094
589.515
509.572
552.982
518.996
599.45
694.533
565.304
600.874
518.909
565.467
507.671
588.193
680.158
550.555
589.276
507.625
550.614
524.547
597.654
684.154
561.474
523.336
600.602
563.226
334.865
291.347
352.12
285.349
352.266
285.262
334.927
1272.61
1509.85
1510.1
450.82
445.918
439.766
455.332
440.001
450.536
455.68
1275.76
1513.56
1513.19
1271.4
1509.33
1509.06
448.676
443.668
438.058
453.695
437.858
448.888
453.406
1270.16
1511.27
1511.61
335.993
291.984
352.533
285.733
353.252
285.937
335.412
532.765
417.536
532.432
358.11
283.773
283.738
358.252
531.299
416.945
531.742
357.624
283.334
357.403
283.364
533.121
418.485
533.373
358.796
284.238
358.692
284.293
533.535
418.636
533.383
358.906
284.437
358.96
284.426
427.398
419.728
419.868
418.162
429.573
418.002
429.791
403.035
442.156
418.946
643.984
644.062
419.022
402.991
403.759
442.93
419.678
644.66
644.746
419.827
403.693
428.959
421.62
421.61
419.973
431.526
419.997
431.512
406.06
446.813
646.884
422.866
646.892
406.034
422.96
405.561
445.731
646.423
422.317
646.445
405.566
422.199
462.365
514.991
536.629
474.53
511.35
463.81
470.987
460.253
504.8
524.408
465.1
505.216
460.115
465.469
478.555
531.46
590.629
490.717
541.054
474.865
498.526
532.048
616.328
719.002
582.518
532.322
618.921
583.192
326.826
288.166
334.96
282.621
340.73
283.541
322.676
1273.68
1518.07
1517.78
462.936
457.594
451.107
468.51
451.139
462.848
468.622
1274.45
1518.26
1518.62
1274.35
1518.08
1517.63
461.93
456.648
450.411
467.67
450.286
462.071
467.471
1280.63
1516.78
1516.6
317.95
285.141
330.714
281.947
328.492
281.53
319.562
533.116
418.479
533.368
358.792
284.234
284.29
358.688
533.532
418.632
533.379
358.903
284.434
358.958
284.423
532.761
417.529
532.427
358.105
283.768
358.247
283.733
531.292
416.937
531.736
357.619
283.328
357.398
283.359
428.961
421.62
421.611
419.974
431.52
419.997
431.513
406.061
446.813
422.865
646.887
646.895
422.96
406.035
405.563
445.73
422.317
646.43
646.449
422.198
405.568
427.402
419.733
419.872
418.166
429.584
418.007
429.796
403.05
442.166
643.999
418.957
644.077
403.005
419.034
403.769
442.935
644.672
419.685
644.754
403.703
419.835
529.489
610.754
709.592
579.522
612.213
529.264
579.922
521.869
604.321
697.612
569.665
602.412
522.065
569.268
531.724
615.151
711.964
583.347
613.406
532.064
582.698
535.818
619.982
719.201
587.268
535.33
619.393
587.697
340.887
293.833
359.538
287.439
359.749
287.396
340.798
1277.16
1514.11
1513.88
456.57
451.623
445.601
461.616
445.565
456.563
461.625
1277.87
1515.1
1515.32
1278.72
1515.26
1515.38
457.409
452.476
446.373
462.385
446.411
457.333
462.473
1280.42
1516.7
1516.76
339.704
293.504
358.938
287.345
358.023
287.171
340.368
516.992
407.822
517.499
351.751
278.816
278.997
351.387
518.893
408.886
518.352
352.541
279.893
352.884
279.734
514.861
404.17
514.086
349.171
277.066
349.615
276.841
511.813
402.596
512.597
347.936
275.515
347.466
275.749
420.659
412.734
412.611
410.688
422.774
410.875
422.587
399.157
437.263
413.928
639.719
640.157
414.369
398.9
397.02
434.175
412.017
638.106
637.92
411.682
397.115
415.372
406.317
406.901
404.936
416.237
404.283
417.032
389.254
423.09
630.635
402.459
630.017
389.57
401.742
392.059
427.466
632.317
404.677
633.105
391.607
405.416
516.656
590.637
666.434
549.519
591.957
516.923
548.68
553.745
639.48
709.888
584.812
636.346
556.2
580.612
523.291
597.657
671.829
557.156
595.894
523.12
557.571
530.565
601.266
680.399
566.942
530.701
602.719
567.205
335.091
290.523
351.526
283.438
353.631
284.118
333.359
1261.95
1511.52
1520.07
436.685
431.839
426.932
441.181
426.574
437.071
440.687
1284.38
1546.35
1545.89
1259.78
1501.49
1499.46
439.176
434.517
428.727
442.822
429.102
438.749
443.345
1261.82
1502.4
1501.28
329.569
288.068
349.185
282.931
346.46
282.374
331.63
482.675
375.925
485.01
328.75
259.382
259.845
327.634
491.211
379.489
488.649
331.418
262.747
332.571
262.159
475.281
364.169
471.469
320.37
254.535
322.162
253.51
460.753
358.044
464.982
315.594
248.675
313.672
249.528
415.898
396.156
404.798
401.672
409.577
394.054
418.46
383.636
416.112
396.57
623.909
624.023
395.14
384.312
389.146
427.837
400.691
623.78
626.039
404.643
386.544
421.966
426.578
424.222
421.359
432.258
426.519
428.035
517.337
609.807
688.163
496.994
719.006
474.668
552.463
423.761
460.706
675.385
460.81
655.356
444.045
437.11
484.412
581.323
658.964
506.064
578.801
485.396
505.513
490.6
579.341
653.579
507.909
581.855
489.526
509.779
507.851
595.376
663.66
527.262
508.56
594.224
526.695
326.743
290.554
337.412
284.7
341.281
285.627
323.892
1243.4
1509.64
1487.32
530.462
542.719
513.567
525.119
528.613
516.305
542.873
1230.85
1527.83
1527.55
480.803
483.776
488.102
502.125
474.621
492.462
488.183
1274.34
1541.81
1541.56
316.049
284.893
332.088
282.433
327.459
280.915
319.469
397.15
406.195
425.057
476.455
419.923
432.459
424.546
564.497
442.371
446.453
575.215
524.675
450.947
563.712
376.526
395.347
375.026
378.086
407.044
380.56
399.016
389.388
371.759
373.553
375.704
379.848
390.563
372.822
359.065
359.094
378.569
345.438
377.459
350.069
351.376
367.039
409.107
400.58
367.919
374.762
393.978
359.337
584.435
663.858
442.83
959.152
578.545
454.666
617.52
228.641
245.72
197.387
242.109
196.463
199.769
201.089
224.954
230.658
193.304
236.378
194.515
197.389
195.647
233.464
248.801
198.235
252.025
198.492
202.942
202.271
235.71
256.002
199.208
256.093
199.183
204.001
203.955
230.761
249.529
198.155
248.406
197.797
202.051
202.495
229.833
250.101
198.371
246.687
197.538
201.599
202.606
231.876
249.343
198.305
248.667
198.398
202.603
202.604
232.193
249.714
198.824
248.857
198.601
202.781
203.053
232.556
250.112
198.611
250.026
198.568
202.775
202.797
232.622
249.847
198.781
249.941
198.644
202.86
202.994
229.952
247.832
198.29
243.538
197.913
201.42
202.218
229.299
241.196
197.883
241.476
197.828
201.125
201.144
229.924
247.806
198.277
243.509
197.899
201.405
202.204
229.269
241.166
197.869
241.446
197.814
201.109
201.128
232.588
250.141
198.623
250.066
198.584
202.794
202.811
232.637
249.875
198.791
249.963
198.653
202.871
203.007
231.878
249.364
198.308
248.679
198.399
202.608
202.611
232.191
249.725
198.825
248.864
198.601
202.783
203.057
230.768
249.554
198.159
248.431
197.8
202.059
202.504
229.836
250.131
198.372
246.711
197.539
201.605
202.612
233.481
248.871
198.236
252.089
198.495
202.955
202.283
235.725
256.046
199.211
256.148
199.187
204.014
203.966
228.593
245.775
197.383
242.085
196.451
199.763
201.096
224.75
230.239
193.223
236.148
194.482
197.355
195.552
405.801
295.586
224.721
390.089
279.856
270.807
220.16
263.139
359.976
359.645
248.584
200.401
207.308
222.293
817.673
710.259
844.084
814.134
730.702
829.892
687.825
417.491
806.61
664.687
410.139
366.644
340.693
662.08
1168.08
1095.48
1047.14
1371.69
1140.06
1030.89
1195.74
880.522
913.623
950.26
999.72
1204.12
1160.53
945.235
879.971
351.116
870.456
761.686
330.899
775.637
315.928
185.992
193.74
202.198
184.646
186.77
197.365
185.131
206.532
188.948
204.476
187.714
200.936
185.794
186.743
405.779
224.714
295.568
279.845
390.075
270.797
220.155
263.121
359.896
359.622
248.574
200.398
207.304
222.283
816.574
710.272
844.423
814.861
731.821
829.997
688.239
416.784
798.44
660.711
409.505
365.14
339.169
650.131
867.503
892.893
919.261
1074.22
955.947
1047.92
911.637
918.955
360.196
915.866
783.948
340.52
800.187
326.019
186.005
202.916
193.883
197.81
186.804
184.672
185.204
207.526
189.012
205.941
201.953
187.772
185.889
186.826
1572.23
1153.13
1474.49
1288.68
1550.41
1462.45
1223.61
814.25
805.639
746.849
737.217
814.862
747.146
808.88
593.009
713.867
755.402
677.391
654.961
630.592
712.353
291.21
281.693
288.753
273.09
301.435
278.67
281.12
579.707
764.039
779.924
634.864
625.444
601.743
718.837
954.305
1514.09
948.346
1024.25
1562.84
1560.23
1030.14
885.383
1469.16
898.499
973.3
1510.77
959.545
1523.53
1427.28
1908.67
1413.41
1352.98
1865.83
1371.87
1842.78
633.592
541.139
604.934
635.35
589.892
661.476
574.15
1810.91
1226.95
1244.54
1180.14
1730.27
1726.07
1163.06
740.94
1351.75
760.161
818.861
1397.51
796.628
1410.24
867.365
1405.41
845.147
915.645
1487.44
939.714
1460.47
1184.91
1836
1185.65
1118.39
1725.48
1729.91
1117.47
471.849
525.23
500.728
509.216
539.823
506.232
534.764
1852.71
1214.59
1207.07
1142.14
1743.78
1751.03
1149.46
959.878
1523.51
966.272
1041.94
1565.01
1035.68
1566.38
1547.32
1030.76
1016.63
1090.72
1580.38
1576.84
1104.48
428.995
477.672
474.943
465.043
449.777
447.154
467.666
1196.26
1713.64
1198.17
1123.89
1622.3
1616.23
1122.57
1186.86
1727.09
1187.86
1113.58
1634.33
1112.92
1624.63
1184.92
1815
1183.92
1115.69
1717.75
1116.73
1710.38
442.56
479.89
484.276
476.77
454.555
460.359
472.199
1759.26
1185.42
1185.36
1112.72
1644.85
1655.55
1112.28
1102.99
1637.44
1116.76
1188.43
1646.32
1645.33
1175.39
1047.51
1580.12
1066.24
1139.84
1588.72
1121.2
1599.01
1034.82
1576.99
1034.69
1106.08
1593.82
1592.68
1106.26
1018.39
1560.01
1018.62
1089.91
1584.35
1089.53
1580.2
1193.65
1735.26
1190.59
1118.62
1629.5
1121.04
1635.3
436.491
484.898
482.624
472.938
455.686
454.253
474.756
1711.94
1170.22
1174.69
1104.05
1602.33
1609.38
1100.01
1084.6
1620.55
1058.54
1131.73
1643.79
1156.95
1638.57
1012.44
1577.15
1012.18
1084.62
1587.39
1084.07
1598.84
1168.83
1666.82
1170.6
1099.62
1562.72
1564.73
1098.22
441.797
486.2
488.413
478.713
457.849
459.292
476.921
1687.83
1170.84
1170.49
1099.81
1591.98
1585.34
1100.11
1032.37
1580.61
1036.13
1107.36
1596.25
1104.25
1594.57
1517.39
990.578
990.509
1053.91
1542.91
1541.04
1054.16
453.096
500.775
502.325
493.296
470.036
470.999
492.022
1191.55
1691.43
1192.03
1123.92
1591.56
1594.6
1123.45
1186.58
1703.6
1186.51
1120
1608.94
1119.91
1606.84
1169.47
1666.85
1170.07
1100.26
1568.88
1099.31
1564.14
449.316
499.318
497.462
488.712
468.149
467.351
490.024
1706.22
1182.56
1182.29
1115.89
1607.75
1609.07
1116.32
1022.33
1560.55
1020.88
1085.88
1579.63
1577.97
1087.62
993.956
1528.47
995.19
1059.23
1548.81
1057.65
1551.48
1085.23
1646.49
1084.74
1154.09
1653.26
1648.14
1155.1
1064.97
1616.55
1064.95
1132.35
1622.76
1132.09
1623.65
1196.32
1686.15
1196.31
1127.8
1592.35
1127.65
1589.82
458.558
506.599
507.505
499.199
476.267
476.682
498.445
1668.9
1200.21
1201.15
1130.93
1569.81
1573.13
1129.96
1029.4
1574
1030.53
1096.3
1588.07
1094.84
1589.91
1056.95
1604.24
1056.18
1122.82
1614.16
1123.84
1613.49
1209.53
1650.53
1208.5
1137.12
1557.36
1555.94
1138.16
459.352
507.275
507.866
499.692
476.997
477.376
499.146
1661.94
1203.21
1202.79
1132.18
1568.52
1566.37
1132.49
1078.98
1660.94
1082.94
1154.03
1654.73
1149.8
1662.8
1436.48
862.332
880.808
945.108
1458.13
1486.73
923.796
464.604
517.014
518.212
509.741
482.549
482.887
508.893
1222.1
1875.86
1222.36
1175.91
1797.04
1798.9
1175.52
1217.32
1873.85
1219.34
1171.35
1791.52
1168.52
1796.02
1212.35
1654.97
1214.6
1143.57
1557.94
1141.24
1561.27
462.898
515.748
513.597
505.797
481.651
481.156
507.255
1838.79
1207.6
1204.25
1149.8
1763.78
1754.96
1155.44
790.99
1350.41
793.53
855.066
1401.65
1404.78
852.342
829.531
1366
818.948
879.596
1427.88
890.522
1418.57
1078.93
1660.84
1082.88
1153.97
1654.64
1662.7
1149.75
862.258
1436.39
880.745
945.051
1458.02
923.725
1486.64
1222.09
1875.75
1222.36
1175.9
1796.95
1175.51
1798.8
464.603
517.01
518.21
509.738
482.547
482.886
508.888
1873.7
1217.32
1219.33
1171.33
1791.4
1795.89
1168.51
790.911
1350.3
793.448
854.983
1401.55
852.262
1404.67
829.453
1365.88
818.868
879.517
1427.78
890.445
1418.46
1212.34
1654.86
1214.59
1143.56
1557.86
1561.17
1141.23
462.896
515.745
513.593
505.793
481.649
481.154
507.251
1838.65
1207.58
1204.25
1149.8
1763.65
1754.85
1155.42
1085.31
1646.57
1084.82
1154.18
1653.32
1155.18
1648.21
1616.68
1065.1
1065.07
1132.47
1622.89
1623.77
1132.22
458.567
506.6
507.507
499.201
476.273
476.688
498.447
1196.33
1686.28
1196.39
1127.86
1592.43
1589.94
1127.65
1200.23
1668.97
1201.14
1130.92
1569.88
1129.96
1573.18
1209.52
1650.58
1208.5
1137.12
1557.38
1138.16
1555.98
459.357
507.273
507.866
499.69
476.998
477.378
499.143
1662.05
1203.22
1202.8
1132.18
1568.63
1566.46
1132.5
1029.5
1574.14
1030.63
1096.42
1588.18
1590.05
1094.95
1057.03
1604.33
1056.27
1122.91
1614.24
1123.92
1613.57
1032.48
1580.71
1036.22
1107.48
1596.38
1594.68
1104.38
990.633
1517.45
990.572
1053.99
1542.97
1054.23
1541.1
1191.56
1691.48
1192.03
1123.91
1591.61
1123.45
1594.66
453.109
500.772
502.324
493.294
470.042
471.005
492.018
1703.66
1186.61
1186.55
1120.03
1608.99
1606.9
1119.93
1022.4
1560.59
1020.93
1085.94
1579.7
1087.7
1578.01
994.001
1528.52
995.236
1059.29
1548.86
1057.71
1551.55
1169.52
1666.96
1170.14
1100.31
1569.01
1564.25
1099.34
449.336
499.323
497.458
488.711
468.16
467.364
490.025
1706.25
1182.59
1182.31
1115.9
1607.8
1609.11
1116.34
1034.93
1577.13
1034.81
1106.22
1593.96
1106.41
1592.83
1560.19
1018.51
1018.75
1090.08
1584.57
1580.42
1089.7
436.57
484.937
482.665
472.981
455.742
454.313
474.796
1193.93
1735.88
1190.89
1118.89
1630.15
1635.94
1121.3
1170.36
1712.31
1174.83
1104.19
1602.69
1100.14
1609.76
1168.9
1667
1170.68
1099.68
1562.87
1098.28
1564.91
441.852
486.229
488.441
478.741
457.893
459.333
476.951
1688.13
1170.96
1170.6
1099.92
1592.29
1585.64
1100.22
1084.87
1620.92
1058.8
1132.08
1644.25
1639.03
1157.3
1012.57
1577.36
1012.32
1084.81
1587.63
1084.26
1599.1
960.73
1525.34
967.088
1043.06
1567.49
1568.57
1036.86
1031.22
1548.27
1017.1
1091.38
1581.44
1105.11
1578.02
1196.56
1714.36
1198.48
1124.18
1623
1122.84
1616.97
429.198
477.901
475.101
465.233
450.02
447.346
467.907
1728.24
1187.28
1188.27
1113.95
1635.57
1625.76
1113.3
1103.27
1637.85
1117.04
1188.82
1646.82
1175.77
1645.85
1047.9
1580.79
1066.62
1140.36
1589.66
1121.75
1599.85
1186.06
1817.76
1184.89
1116.59
1720.96
1713.12
1117.78
442.895
480.123
484.465
476.982
454.834
460.635
472.451
1760.83
1185.88
1185.85
1113.18
1646.23
1657.1
1112.7
955.24
1516.8
949.295
1025.59
1565.73
1031.43
1563.49
1475.2
887.761
900.007
974.93
1519.92
1530.54
961.9
631.453
539.975
604.942
633.537
588.272
658.396
572.714
1439.94
1907.74
1422.82
1358.54
1842.59
1379.3
1850.87
1234.93
1830.83
1254.36
1188.72
1745.6
1170.19
1747.33
1186.26
1840.45
1187.33
1119.96
1729.21
1118.73
1734.33
471.781
524.319
500.285
508.592
538.942
505.839
533.7
1863.75
1221.68
1212.39
1147.07
1757.96
1762.24
1155.93
862.386
1473.87
961.009
1008.72
1439.96
930.367
1537
872.593
1425.81
853.856
923.772
1500.7
944.433
1481.05
725.996
757.23
669.306
685.022
764.854
659.16
744.059
582.834
490.829
479.485
482.026
637.618
580.613
494.002
512.164
632.246
537.542
520.876
512.626
546.115
523.673
1488.33
1242.09
1489.04
872.298
844.534
776.338
788.897
853.789
794.765
872.718
549.799
706.978
682.516
530.37
537.209
536.588
786.532
286.883
272.152
279.745
264.807
294.132
269.142
273.337
618.489
956.477
821.905
606.462
589.552
638.13
898.793
477.248
633.182
566.275
490.294
571.562
475.682
493.176
470.103
619.466
568.5
486.544
562.176
471.73
483.58
495.062
652.025
585.011
515.712
581.588
496.538
513.046
502.555
662.549
586.258
520.154
589.33
501.223
522.201
569.727
817.358
591.003
906.984
596.408
565.333
822.924
575.102
608.303
915.591
835.044
602.642
579.709
828.902
596.312
863.369
960.751
630.005
627.631
863.812
597.678
589.628
614.524
841.489
944.938
585.024
620.482
849.718
2664.42
963.575
1456.66
839.618
2691.77
954.505
1439.65
1234.17
1486.71
1487.54
2610.11
818.932
926.74
1399.8
932.29
1410.62
2592.86
1070.09
1058.94
806.894
842.95
814.801
1039.18
1084.02
1023.89
749.98
758.912
971.359
768.211
989.795
1008.36
2814.62
1007.21
899.387
1509.08
2791.08
1015.55
1523.24
1234.76
1485.91
1484.94
2918.33
945.51
1066.78
1586.11
2932.47
1062.05
1578.6
935.415
884.629
660.6
669.549
895.374
677.161
925.795
955.021
711.428
933.616
680.612
915.298
971.255
696.324
553.238
811.079
584.112
873.983
559.547
798.351
576.413
547.094
562.924
783.835
863.398
791.155
541.923
569.072
528.312
761.563
542.398
835.165
525.291
768.236
546.411
531.969
557.005
779.041
841.394
772.075
536.893
551.315
2535.86
902.266
1364.67
791.499
904.138
1367.67
2530.89
1232.85
1534.43
1531.54
2546.89
795.957
912.689
1381.83
2559.41
908.258
1374.02
896.074
852.785
617.404
640.09
639.882
852.619
896.307
896.506
641.734
618.596
854.448
640.603
853.291
897.359
906.822
872.408
632.348
657.325
865.08
913.563
651.772
901.744
644.595
856.806
626.295
859.538
899.421
646.541
2524.44
900.635
1362.36
786.829
2527.01
899.417
1360.94
1231.98
1538.62
1540.1
2524.42
786.602
898.975
1360.31
899.629
1360.71
2523.46
510.09
661.962
586.371
538.861
586.362
509.142
540.878
525.227
680.598
603.455
551.29
605.849
523.41
554.352
529.205
678.008
600.722
564.215
602.474
529.177
564.157
532.043
678.361
604.208
567.888
602.131
532.308
567.354
643.282
901.041
689.794
1027.09
688.931
644.045
891.056
649.499
695.722
1031.14
896.099
695.071
650.053
896.983
655.34
905.991
1039.04
703.124
701.783
902.644
656.594
653.679
699.585
899.061
1034.13
653.709
699.772
898.308
2562.38
914.098
1381.3
800.106
2561.66
914.008
1381.93
1268.29
1529.1
1528.52
2565.7
801.423
915.322
1383.82
915.593
1383.69
2565.67
905.272
857.523
620.962
644.996
646.251
859.667
903.457
907.928
649.455
623.067
864.301
648.358
862.451
909.489
2554.33
911.274
1378.06
797.297
2555.35
911.224
1377.19
1277.46
1538.12
1539.19
2547.18
794.65
907.985
1372.58
908.053
1373.53
2545.99
913.672
869.186
627.971
653.361
868.581
652.951
914.133
912.55
651.09
866.307
626.923
867.475
911.493
651.897
646.939
921.528
685.895
1069.96
643.298
933.409
685.645
640.251
675.767
925.875
1073.62
928.092
636.507
679.097
674.92
974.075
1116.13
728.746
965.176
717.233
683.278
653.541
685.756
937.082
1094.94
946.746
646.453
694.943
2575.59
919.318
1389.3
805.171
919.569
1389.13
2575.58
1259.77
1499.48
1499.07
2571.68
803.638
917.901
1386.67
2571.26
917.739
1387.12
920.119
875.806
634.287
659.437
659.037
875.148
920.584
919.449
657.902
633.514
873.947
658.274
874.444
918.998
916.461
870.578
630.647
654.834
871.45
915.66
655.518
917.672
657.086
873.154
631.783
872.615
918.121
656.691
2579.06
920.945
1391.09
806.323
2579.11
920.631
1391.21
1261.14
1499.94
1500.47
2581.02
807.212
921.393
1392.16
921.702
1392.19
2580.75
526.547
704.466
609.441
576.368
607.531
526.798
575.863
524.711
702.754
605.52
572.943
607.076
524.531
573.28
533.849
715.972
615.89
585.199
616.989
533.542
585.673
535.378
717.954
619.408
588.095
618.234
535.849
587.338
679.587
937.897
710.889
1023.94
710.188
680.282
936.694
682.871
713.293
1029.75
940.861
713.729
682.413
941.461
684.517
948.919
1038.39
715.701
715.944
947.092
684.218
684.689
716.657
945.535
1035.04
685.465
715.905
945.17
2625.85
939.726
1417.3
824.236
2626.24
939.452
1417.08
1277.32
1514.06
1514.22
2624.04
823.659
938.562
1415.82
938.83
1416.15
2623.48
945.36
903.848
654.768
677.259
677.83
904.583
944.667
946.697
679.058
655.925
905.777
679.031
905.796
946.703
2625.83
939.428
1417.03
824.278
2625.71
939.559
1417.03
1277.78
1515.26
1515.13
2621.46
822.759
937.776
1414.23
937.777
1414.64
2620.98
945.464
903.426
655.018
677.896
904.118
678.282
944.891
946.327
679.041
905.478
655.721
905.134
946.578
678.907
676.537
932.541
706.616
1019.54
676.218
933.405
706.903
672.134
702.612
929.039
1013.1
927.848
672.564
702.225
664.746
920.993
1003.6
694.556
919.993
694.417
664.944
669.174
698.843
924.728
1010.02
925.667
668.938
699.047
2627.63
940.161
1417.97
825.024
940.296
1418.07
2627.38
1278.73
1515.42
1515.31
2626.4
824.537
939.884
1417.44
2626.51
939.732
1417.42
946.986
905.581
657.102
680.635
680.444
905.281
947.187
946.605
679.761
656.547
904.741
679.927
904.833
946.522
945.926
904.233
655.577
678.811
904.315
945.832
678.958
946.272
679.289
904.394
655.968
904.599
946.093
679.37
2628.9
940.88
1418.85
825.483
2629.04
940.735
1418.79
1279.89
1516.21
1516.26
2629.53
825.841
941.022
1419.08
941.085
1419.13
2629.4
460.944
530.62
507.699
466.773
508.582
460.469
467.87
466.376
591.571
554.28
477.901
553.902
466.536
477.662
506.699
617.741
545.148
530.522
566.866
504.496
534.407
521.758
689.032
608.966
572.384
596.218
524.828
564.058
568.512
792.404
585.504
876.781
594.609
558.73
797.449
608.853
633.379
940.178
842.921
635.368
606.143
854.975
679.011
944.156
1041.95
708.529
710.498
949.456
677.303
651.073
695.359
939.947
1004.61
664.703
680.052
914.913
2637.18
944.788
1423.52
830.687
2637.16
944.771
1423.51
1273.45
1517.16
1517.4
2636.88
830.378
944.572
1423.33
944.559
1423.34
2636.89
969.097
936.863
674.694
694.283
694.374
936.971
969.01
968.86
693.852
674.409
936.31
694.128
936.652
968.577
2637.71
945.06
1423.82
831.077
2637.71
945.038
1423.82
1287.83
1533.61
1534.2
2637.82
831.188
945.136
1423.89
945.117
1423.88
2637.81
966.603
932.027
672.158
691.591
933.588
692.271
965.471
967.627
693.28
935.454
673.147
935.036
967.929
693.093
526.03
752.297
559.393
828.91
533.853
743.077
550.877
517.66
538.236
726.571
815.576
729.351
514.911
541.331
509.739
716.005
805.54
530.515
718.414
532.136
508.428
531.905
555.842
769.505
855.76
772.001
531.764
556.222
2634.85
943.504
1422.15
828.837
943.468
1422.16
2634.86
1272.48
1515.06
1514.03
2635.19
829.268
943.755
1422.36
2635.14
943.737
1422.36
950.564
908.298
660.355
682.66
683.307
909.679
949.544
952.428
685.202
661.874
914.331
684.548
912.329
953.772
961.235
928.411
668.111
689.877
925.902
962.854
689.127
958.381
686.6
918.249
666.125
921.481
956.269
687.64
2634.39
943.178
1421.86
828.2
2634.34
943.19
1421.86
1280.91
1516.76
1516.86
2633.48
827.636
942.767
1421.3
942.716
1421.36
2633.44
512.197
685.589
592.451
556.585
593.7
512.183
556.566
515.594
688.832
597.418
561.138
595.668
515.695
560.935
506.848
678.029
589.232
549.545
587.484
506.899
549.271
513.598
683.887
593.389
554.601
595.424
513.525
555.194
644.008
899.148
673.298
980.921
673.453
644.05
899.641
643.057
675.602
979.999
900.078
672.822
643.721
898.224
659.108
913.88
1052.7
702.089
705.167
919.992
655.51
652.23
688.583
908.384
1048.07
650.055
697.639
916.224
2608
932.386
1407.18
817.955
2607.83
932.582
1407.17
1273.01
1510.71
1510.4
2605.29
816.875
931.45
1405.45
931.348
1405.75
2605.01
941.915
901.118
651.722
674.652
674.697
901.373
941.73
941.632
674.201
651.376
901.264
674.3
901.233
941.592
2610.57
933.68
1408.72
818.761
2610.82
933.425
1408.7
1274.59
1511.66
1511.97
2612.34
819.392
933.996
1409.46
934.215
1409.55
2611.99
939.98
899.02
649.712
671.997
899.869
672.597
939.236
940.926
673.628
900.829
650.633
900.781
940.981
673.533
646.418
901.206
675.288
981.724
646.205
900.764
675.482
650.16
679.698
905.1
986.902
905.495
650.528
679.267
660.343
915.516
998.969
690.026
916.119
689.86
660.439
655.442
684.579
910.555
992.076
909.884
655.314
684.789
2598.1
928.609
1401.65
813.938
928.387
1401.76
2598.12
1271.11
1509.16
1508.91
2599.87
814.761
929.018
1402.57
2599.5
929.295
1402.68
925.255
878.736
638.743
661.913
663.147
881.033
923.429
928.089
666.212
640.956
887.785
665.183
884.433
930.332
936.538
896.908
646.703
670.195
895.997
937.156
669.819
935.038
667.898
891.72
645.495
894.117
933.312
668.754
2594.01
926.857
1399.63
812.31
2594.24
926.963
1399.32
1271.92
1511.85
1513.11
2589.28
810.408
924.815
1396.16
924.839
1396.84
2588.47
553.221
715.786
635.644
578.962
636.1
554.439
578.648
567.988
724.659
653.68
593.902
652.881
567.894
594.031
519.085
677.052
601.309
539.527
601.941
517.778
541.52
512.916
671.058
598.315
534.671
597.582
513.75
533.458
629.526
902.785
675.96
1020.03
668.842
634.867
898.243
620.52
652.793
1005.71
883.733
658.919
615.929
887.745
603.154
868.262
975.134
634.355
637.005
869.334
601.525
607.003
645.918
876.813
983.591
610.003
641.658
874.34
2536.71
903.447
1367.41
790.987
2535.73
904.135
1367.87
1272.22
1544.88
1549.9
2536.31
790.785
904.583
1368.43
903.674
1367.72
2537.75
900.574
855.225
617.177
643.207
642.748
854.258
901.257
899.917
642.079
616.604
853.325
642.166
853.518
899.76
2537.12
904.48
1368.25
790.846
2537.65
903.934
1368.11
1286.09
1545.74
1546.75
2539.29
791.712
904.708
1369.1
905.12
1369.13
2538.95
900.832
856.217
617.532
643.57
854.942
642.731
901.797
900.347
642.096
853.561
616.969
854.169
899.844
642.417
651.821
915.052
687.73
1055.62
645.616
921.581
696.145
665.764
720.082
947.958
1081.49
942.18
671.344
711.406
693.734
978.346
1133.46
738.239
979.188
742.166
691.391
688.563
735.827
969.119
1126.35
970.761
687.074
737.651
2538.04
905.061
1367.86
791.733
904.722
1368.42
2537.64
1268.79
1538.62
1540.75
2539.2
792.322
904.532
1368.59
2537.93
905.386
1369.07
897.648
853.304
618.267
640.832
641.305
853.858
897.084
899.186
643.471
619.395
855.979
642.761
855.161
900.054
903.103
857.249
620.674
644.386
858.126
902.451
645.117
902.442
644.625
857.349
620.823
857.789
901.807
644.842
2531.84
902.674
1365.22
789.666
2532.44
902.891
1364.58
1268.2
1540.83
1539.47
2526.57
787.527
900.807
1362.01
900.237
1362.01
2526.96
720.791
747.476
678.354
664.113
760.964
736.495
654.764
553.262
715.823
635.702
579.007
636.152
554.485
578.682
568.031
724.712
653.735
593.942
652.936
567.939
594.07
519.093
677.042
601.342
539.512
601.974
517.778
541.515
512.875
671.002
598.32
534.618
597.59
513.721
533.392
629.518
902.797
1020.03
675.949
668.83
898.258
634.867
620.486
652.75
883.717
1005.7
615.883
658.878
887.729
602.961
868.11
634.168
975.013
601.305
636.829
869.178
606.887
645.827
876.751
983.544
609.911
641.559
874.283
2536.31
903.254
790.797
1367.13
2535.23
903.971
1367.59
1272.27
1544.94
1549.95
2535.59
790.518
904.327
1368.07
903.378
1367.34
2537.12
900.453
855.146
617.07
643.095
642.626
854.168
901.152
899.802
641.925
616.482
853.21
642.031
853.428
899.617
2536.79
904.311
790.704
1368.01
2537.23
903.798
1367.91
1286.14
1545.81
1546.83
2538.88
791.563
904.572
1368.91
2538.61
904.959
1368.89
900.59
856.04
617.31
643.325
854.744
642.49
901.58
900.184
641.917
616.785
853.428
854.028
642.221
899.681
2537.37
904.783
1367.49
791.458
2536.98
904.445
1368.07
1268.81
1538.63
1540.73
2538.53
792.047
904.258
1368.21
2537.26
905.108
1368.66
897.507
853.328
618.144
640.654
641.103
853.844
896.97
899.054
643.257
619.26
855.92
642.562
855.134
899.901
2531.15
789.382
902.394
1364.82
2531.75
902.608
1364.18
1268.2
1540.84
1539.47
2525.82
787.242
900.502
1361.58
2526.21
899.936
1361.59
902.91
857.08
620.456
644.131
857.989
902.234
644.871
902.258
644.401
857.269
620.622
857.672
901.649
644.604
651.839
915.074
687.733
1055.64
645.626
921.613
696.15
665.781
720.095
948.005
1081.51
942.206
671.372
711.414
693.753
978.393
738.238
1133.5
691.407
979.243
742.172
688.589
735.841
969.169
1126.39
970.815
687.101
737.661
512.224
685.623
592.481
556.612
593.73
512.21
556.594
515.615
688.853
597.44
561.159
595.689
515.716
560.954
506.865
678.054
589.252
549.564
587.505
506.916
549.289
513.605
683.897
593.398
554.61
595.433
513.532
555.202
644.021
899.165
980.928
673.31
673.462
899.655
644.065
643.078
675.619
900.108
980.032
643.742
672.84
898.255
659.108
913.882
702.084
1052.69
655.511
705.161
919.989
652.239
688.589
908.399
1048.08
650.065
697.643
916.244
2607.96
932.373
817.942
1407.16
2607.79
932.567
1407.15
1273.07
1510.78
1510.5
2605.25
816.862
931.434
1405.42
931.334
1405.73
2604.96
941.922
901.133
651.732
674.659
674.705
901.387
941.738
941.62
674.193
651.366
901.267
674.284
901.228
941.586
2610.58
933.659
818.717
1408.7
2610.76
933.383
1408.66
1274.64
1511.72
1512.09
2612.26
819.412
933.994
1409.45
2611.98
934.23
1409.55
939.979
899.031
649.713
671.994
899.876
672.593
939.236
940.928
673.626
650.636
900.836
900.792
673.532
940.98
2598.07
928.592
1401.62
813.969
2598.07
928.422
1401.76
1271.14
1509.2
1508.95
2599.79
814.698
928.992
1402.53
2599.43
929.222
1402.63
925.23
878.739
638.73
661.9
663.127
881.024
923.424
928.101
666.21
640.958
887.799
665.179
884.454
930.334
2594.01
812.299
926.84
1399.6
2594.19
926.952
1399.32
1271.97
1511.87
1513.17
2589.14
810.373
924.782
1396.12
2588.39
924.798
1396.77
936.511
896.906
646.687
670.179
895.986
937.144
669.792
935.064
667.896
891.735
645.514
894.149
933.314
668.772
646.442
901.236
675.308
981.748
646.228
900.793
675.503
650.189
679.723
905.139
986.95
905.539
650.556
679.295
660.35
915.517
690.02
998.973
660.438
916.124
689.864
655.458
684.594
910.576
992.095
909.908
655.332
684.803
461.024
530.7
507.78
466.853
508.662
460.55
467.95
466.455
591.657
554.365
477.98
553.986
466.615
477.741
506.777
617.819
545.226
530.6
566.944
504.575
534.485
521.835
689.113
609.044
572.461
596.295
524.905
564.135
568.591
792.5
876.881
585.583
594.688
797.543
558.81
608.932
633.458
843.016
940.283
606.223
635.448
855.073
679.089
944.247
708.601
1042.05
677.377
710.577
949.555
651.152
695.437
940.045
1004.72
664.781
680.131
915.011
2637.18
944.791
830.687
1423.52
2637.16
944.769
1423.51
1273.6
1517.34
1517.56
2636.87
830.378
944.569
1423.33
944.558
1423.34
2636.89
969.102
936.867
674.697
694.286
694.377
936.976
969.014
968.863
693.854
674.412
936.315
694.131
936.656
968.582
2637.71
945.059
831.08
1423.83
2637.72
945.041
1423.82
1287.98
1533.78
1534.37
2637.82
831.189
945.139
1423.89
2637.82
945.118
1423.88
966.607
932.032
672.16
691.594
933.593
692.273
965.474
967.63
693.282
673.15
935.459
935.039
693.094
967.934
2634.84
943.502
1422.15
828.837
2634.86
943.466
1422.16
1272.63
1515.23
1514.21
2635.18
829.268
943.755
1422.36
2635.14
943.736
1422.35
950.567
908.308
660.357
682.667
683.308
909.684
949.55
952.426
685.205
661.875
914.341
684.548
912.33
953.779
2634.38
828.198
943.177
1421.86
2634.33
943.187
1421.86
1281.05
1516.92
1517.03
2633.48
827.637
942.763
1421.29
2633.44
942.716
1421.36
961.235
928.421
668.116
689.879
925.905
962.862
689.131
958.388
686.601
918.252
666.129
921.49
956.268
687.642
526.111
752.393
559.474
829.013
533.934
743.174
550.959
517.741
538.318
726.667
815.676
729.446
514.991
541.412
509.816
716.094
530.589
805.638
508.502
718.506
532.214
531.986
555.924
769.604
855.864
772.099
531.844
556.304
526.56
704.475
609.452
576.38
607.543
526.811
575.875
524.746
702.785
605.553
572.975
607.11
524.565
573.313
533.926
716.053
615.968
585.274
617.068
533.618
585.749
535.445
718.024
619.476
588.162
618.301
535.916
587.404
679.667
937.995
1024.05
710.971
710.271
936.792
680.361
682.951
713.375
940.959
1029.86
682.492
713.812
941.56
684.566
948.973
715.75
1038.46
684.265
715.995
947.149
684.758
716.73
945.624
1035.14
685.535
715.976
945.256
2625.81
939.737
824.235
1417.32
2626.27
939.447
1417.12
1277.31
1514.07
1514.25
2624.14
823.679
938.573
1415.83
938.857
1416.14
2623.51
945.391
903.832
654.768
677.258
677.833
904.601
944.662
946.659
679.049
655.912
905.758
679.022
905.758
946.69
2625.82
939.425
824.284
1417.03
2625.71
939.586
1416.92
1277.87
1515.31
1515.19
2621.5
822.76
937.787
1414.24
2621
937.758
1414.77
945.459
903.426
655.021
677.901
904.111
678.287
944.895
946.346
679.045
655.725
905.474
905.145
678.913
946.58
2627.63
940.169
1417.99
825.029
2627.41
940.301
1418.07
1278.87
1515.58
1515.48
2626.41
824.542
939.891
1417.44
2626.53
939.737
1417.42
946.986
905.576
657.096
680.636
680.44
905.276
947.184
946.605
679.761
656.544
904.737
679.927
904.83
946.521
2628.9
825.49
940.883
1418.86
2629.07
940.742
1418.8
1280.02
1516.37
1516.41
2629.53
825.844
941.023
1419.09
2629.41
941.087
1419.13
945.925
904.23
655.575
678.811
904.31
945.833
678.959
946.272
679.291
904.393
655.965
904.595
946.095
679.37
676.573
932.592
706.657
1019.61
676.256
933.46
706.942
672.144
702.623
929.046
1013.11
927.851
672.573
702.237
664.792
921.053
694.607
1003.66
664.992
920.05
694.466
669.209
698.875
924.762
1010.06
925.708
668.969
699.083
510.056
661.924
586.332
538.826
586.324
509.108
540.844
525.206
680.574
603.427
551.27
605.824
523.389
554.334
529.189
677.99
600.705
564.199
602.456
529.161
564.141
532.036
678.356
604.2
567.881
602.123
532.302
567.347
643.262
901.013
1027.07
689.78
688.92
891.035
644.023
649.485
695.721
896.084
1031.12
650.042
695.066
896.956
655.338
905.982
703.129
1039.04
656.592
701.788
902.639
653.679
699.593
899.064
1034.14
653.709
699.78
898.308
2562.56
914.175
800.173
1381.4
2561.84
914.074
1382.03
1268.18
1529.03
1528.42
2565.87
801.492
915.39
1383.92
915.669
1383.79
2565.84
905.38
857.573
621.025
645.083
646.326
859.739
903.538
907.955
649.523
623.123
864.331
648.429
862.465
909.542
2554.5
911.366
797.395
1378.19
2555.57
911.335
1377.29
1277.4
1538.05
1539.11
2547.49
794.736
908.094
1372.73
2546.27
908.136
1373.71
913.714
869.214
628.011
653.412
868.605
653.002
914.179
912.597
651.145
626.966
866.332
867.502
651.95
911.538
2575.72
919.37
1389.38
805.22
2575.71
919.622
1389.17
1259.71
1499.45
1499
2571.81
803.685
917.954
1386.74
2571.39
917.788
1387.22
920.153
875.816
634.301
659.461
659.058
875.165
920.606
919.46
657.935
633.537
873.96
658.305
874.446
919.024
2579.11
806.369
920.991
1391.16
2579.22
920.68
1391.27
1261.12
1499.93
1500.42
2581.17
807.244
921.427
1392.21
2580.84
921.735
1392.25
916.5
870.594
630.674
654.871
871.472
915.692
655.552
917.693
657.124
873.17
631.81
872.623
918.151
656.727
646.921
921.497
685.881
1069.94
643.275
933.389
685.636
640.224
675.746
925.828
1073.58
928.046
636.478
679.08
674.919
974.041
728.749
1116.11
683.268
965.15
717.247
653.534
685.756
937.051
1094.92
946.721
646.442
694.947
487.895
681.837
575.378
521.79
591.567
486.994
516.062
525.576
846.904
618.968
554.962
652.882
502.803
615.93
495.26
654.21
585.29
516.113
582.196
496.594
513.679
502.595
662.996
586.325
520.359
589.344
501.285
522.375
573.836
827.289
912.656
596.786
600.186
830.328
571.464
577.2
609.518
837.395
917.902
581.096
604.537
832.111
596.683
863.707
630.293
960.979
598.001
627.941
864.173
590.186
615.166
842.51
945.412
585.787
620.953
850.486
2620.04
899.86
822.489
1448.29
2611.05
930.392
1436.75
1258.85
1528.92
1495.48
2605.6
815.121
926.645
1401.07
928.559
1410.39
2594.6
1071.24
1061.8
877.697
830.207
844.928
1085.62
1041.48
1025.4
795.199
781.085
985.954
798.151
992.69
1020.46
1736.39
970.907
1153.02
1447.6
2020.16
1097.08
1426.19
2813.97
1968.35
2953.56
1752.45
1008.8
1123.36
1468.59
1756.85
1126.19
1469.69
1822.65
2007.81
2380.87
933.53
883.338
657.692
668.156
892.76
673.927
925.196
951.311
712.885
676.505
935.405
911.341
690.224
972.261
2536.92
902.592
1365.28
791.753
2531.88
904.481
1368.35
1232.76
1534.35
1531.49
2548.71
796.261
913.113
1383.12
2561.42
908.743
1375.14
896.181
852.737
617.423
640.261
640.017
852.528
896.423
896.531
641.774
618.561
854.235
640.709
853.112
897.396
2525.28
787.115
900.957
1362.88
2527.88
899.729
1361.4
1231.89
1538.62
1540.02
2525.22
786.899
899.289
1360.77
2524.26
899.948
1361.21
906.97
871.836
631.849
656.807
864.779
913.54
651.547
901.787
644.554
856.552
625.96
859.245
899.463
646.427
571.882
833.732
596.345
900.394
572.499
829.828
594.038
596.194
621.725
878.367
924.459
861.25
604.003
614.423
269.345
354.039
283.758
239.718
238.983
242.336
239.438
222.95
190.459
208.408
192.467
213.036
187.91
189.46
598.977
594.137
597.652
607.098
612.92
633.517
615.104
730.503
701.822
704.952
721.647
755.403
715.428
762.481
708.52
722.526
684.199
714.014
790.479
739.851
756.882
682.209
699.679
665.375
648.669
678.9
703.809
649.919
614.416
657.267
634.6
659.088
650.573
683.689
632.757
643.513
677.738
688.558
660.759
661.586
687.584
719.29
625.559
640.231
639.533
660.944
636.604
659.875
636.574
479.498
469.844
474.01
468.69
477.81
468.984
471.251
435.357
438.898
439.235
442.856
435.457
436.033
442.277
484.558
479.44
479.923
468.221
470.03
467.628
470.924
450.714
449.564
461.001
447.444
442.892
456.044
454.92
484.945
487.385
482.439
471.027
478.205
474.109
474.296
444.524
438.893
442.705
446.341
443.133
439.637
449.522
471.784
466.179
475.215
466.361
475.501
466.477
466.122
474.928
471.856
464.685
464.398
474.387
462.073
462.6
425.727
421.001
425.99
428.446
419.593
427.97
420.025
477.656
474.572
475.315
459.624
459.184
458.953
459.989
433
428.144
437.572
423.684
423.094
436.739
433.66
477.774
479.349
477.001
461.382
462.667
461.734
462.127
470.058
462.264
472.108
462.557
472.674
460.287
459.78
427.917
422.573
427.686
430.088
421.913
421.479
430.546
481.555
471.184
478.533
471.297
481.755
469.765
469.597
430.229
435.597
435.511
438.512
429.756
429.553
438.705
488.856
486.084
485.729
470.487
472.042
470.831
471.596
441.463
436.701
445.589
431.068
431.164
445.786
441.299
484.853
488.209
485.105
469.854
470.701
470.953
469.644
434.881
429.726
434.956
437.946
429.009
429.072
437.821
479.12
472.003
482.588
471.878
482.354
470.372
470.609
496.003
491.568
484.707
484.653
495.933
484.339
484.447
447.789
442.513
447.907
451.666
442.212
451.445
442.404
503.931
499.228
499.558
484.543
486.311
484.247
486.686
456.919
451.894
462.173
445.989
445.841
461.974
457.065
500.716
504.986
500.59
485.62
488.004
487.788
485.784
490.558
483.511
494.664
483.614
494.917
483.281
483.074
448.862
443.345
448.828
452.604
443.308
443.201
452.693
496.932
485.706
492.588
485.735
497.008
485.533
485.489
444.769
450.316
450.29
454.185
444.811
444.713
454.263
506.506
502.24
502.072
487.29
489.788
487.458
489.561
458.28
453.287
463.362
447.18
447.177
463.408
458.239
501.593
506.074
501.679
486.899
489.071
489.14
486.843
449.995
444.531
450.02
453.884
444.476
444.466
453.849
492.895
486.088
497.451
486.042
497.359
485.883
485.991
502.908
497.155
490.082
490.104
502.999
490.954
490.919
453.966
448.183
453.966
458.546
448.561
458.554
448.527
515.523
509.463
509.468
493.587
496.938
493.627
496.889
463.584
458.142
469.335
451.636
451.626
469.371
463.55
509.202
515.34
509.308
493.444
496.666
496.729
493.395
497.267
490.227
503.108
490.2
503.134
491.074
491.107
453.869
448.116
453.892
458.455
448.468
448.454
458.424
499.691
487.932
494.728
487.887
499.54
488.03
488.153
446.217
451.69
451.743
455.78
446.233
446.277
455.685
508.618
503.669
503.932
489.114
491.355
488.938
491.584
460.828
455.712
466.36
449.601
449.474
466.163
460.969
504.923
509.446
504.636
489.739
492.576
492.29
489.948
452.133
446.535
452.11
456.202
446.699
446.613
456.28
494.255
487.369
498.775
487.428
498.959
487.49
487.373
491.888
487.728
480.597
480.654
491.981
480.125
480.052
445.05
439.522
444.998
448.652
439.408
448.763
439.272
501.206
497.055
496.923
481.649
483.898
481.837
483.661
452.434
447.45
457.303
441.449
441.473
457.373
452.366
496.426
500.807
496.521
481.223
483.153
483.238
481.145
488.131
481.141
492.467
481.049
492.382
480.537
480.679
444.553
439.151
444.595
448.243
438.901
438.917
448.182
486.735
475.843
482.83
475.694
486.39
474.522
474.826
433.097
438.111
438.315
441.497
432.292
432.61
441.123
492.116
488.052
488.712
473.559
474.2
472.987
474.906
446.424
441.514
451.431
436.184
435.861
450.934
446.798
490.69
493.632
490.136
474.959
476.973
476.361
475.424
439.599
434.171
439.492
442.694
433.865
433.637
442.935
481.521
474.147
484.566
474.381
485.042
473.172
472.756
469.746
467.383
459.744
459.797
469.795
457.285
457.269
423.437
418.198
423.297
425.603
417.316
425.872
417.031
474.773
473.058
472.64
456.827
457.517
457.252
457.001
428.028
423.252
431.83
418.418
418.254
431.69
428.142
472.197
474.372
472.224
456.415
456.688
456.616
456.448
467.841
460.424
470.519
460.225
470.226
457.708
458.028
422.905
417.809
422.873
425.201
416.819
416.687
425.274
475.635
466.705
472.007
466.503
475.373
466.159
466.462
433.439
437.791
437.586
440.896
434.223
433.608
441.272
483.086
479.03
478.905
467.125
469.689
467.331
469.383
444.379
441.064
448.96
435.434
435.435
448.897
444.492
479.63
483.286
479.311
467.339
469.691
469.394
467.669
437.552
433.129
437.494
440.66
433.116
433.061
440.772
471.251
465.873
474.82
465.859
474.781
465.731
465.828
223.683
190.52
210.095
192.511
214.637
187.971
189.5
268.51
352.024
282.887
239.585
238.558
242.03
239.417
469.616
467.263
459.604
459.662
469.673
457.142
457.117
423.305
418.058
423.163
425.467
417.175
425.741
416.886
427.87
423.091
431.656
418.239
418.089
431.532
427.97
474.672
472.961
472.537
456.701
457.4
457.133
456.875
472.064
474.251
472.102
456.267
456.525
456.468
456.289
467.739
460.312
470.42
460.111
470.123
457.586
457.911
422.743
417.649
422.717
425.043
416.643
416.523
425.106
475.432
471.796
466.467
466.245
475.172
465.897
466.211
437.497
433.115
437.28
440.605
433.902
440.996
433.281
482.96
478.891
478.74
466.895
469.52
467.13
469.179
444.079
440.743
448.669
435.099
435.1
448.611
444.191
479.443
483.133
479.129
467.086
469.452
469.159
467.42
471.042
465.646
474.645
465.607
474.588
465.483
465.605
437.238
432.796
437.175
440.351
432.778
432.722
440.464
491.878
487.715
480.583
480.64
491.969
480.111
480.04
445.042
439.512
444.989
448.645
439.397
448.755
439.261
452.423
447.439
457.293
441.436
441.462
457.362
452.356
501.21
497.059
496.926
481.647
483.898
481.836
483.661
496.419
500.799
496.511
481.211
483.144
483.227
481.134
488.131
481.14
492.469
481.047
492.383
480.535
480.678
444.54
439.138
444.582
448.23
438.888
438.904
448.171
486.733
482.82
475.844
475.669
486.379
474.498
474.823
438.088
433.067
438.282
441.468
432.261
441.099
432.579
492.097
488.039
488.691
473.529
474.184
472.971
474.879
446.4
441.489
451.414
436.157
435.835
450.913
446.779
490.69
493.625
490.127
474.937
476.968
476.343
475.419
481.495
474.134
484.551
474.343
485.018
473.137
472.742
439.581
434.145
439.465
442.669
433.838
433.611
442.916
502.91
497.156
490.083
490.105
503
490.956
490.921
453.967
448.185
453.967
458.547
448.562
458.555
448.529
463.586
458.144
469.338
451.638
451.628
469.373
463.553
515.525
509.463
509.47
493.588
496.939
493.628
496.89
509.204
515.342
509.31
493.446
496.668
496.732
493.397
497.268
490.228
503.109
490.201
503.135
491.075
491.108
453.871
448.118
453.894
458.457
448.47
448.456
458.427
499.697
494.725
487.947
487.872
499.536
488.018
488.166
451.697
446.217
451.738
455.777
446.234
455.69
446.277
508.615
503.678
503.929
489.106
491.367
488.952
491.579
460.825
455.712
466.363
449.6
449.473
466.161
460.973
504.93
509.442
504.631
489.729
492.586
492.282
489.959
494.253
487.385
498.782
487.414
498.956
487.479
487.387
452.137
446.534
452.104
456.198
446.698
446.612
456.284
495.994
491.559
484.702
484.647
495.924
484.333
484.442
447.794
442.519
447.912
451.671
442.217
451.447
442.41
456.92
451.899
462.175
445.995
445.848
461.974
457.067
503.935
499.23
499.565
484.549
486.309
484.249
486.69
500.706
504.974
500.58
485.615
487.999
487.781
485.78
490.57
483.52
494.67
483.626
494.927
483.29
483.081
448.866
443.351
448.832
452.606
443.315
443.207
452.696
496.937
492.587
485.723
485.723
497.005
485.523
485.502
450.324
444.773
450.288
454.183
444.815
454.27
444.716
506.497
502.244
502.065
487.28
489.796
487.469
489.552
458.279
453.29
463.365
447.183
447.18
463.407
458.244
501.598
506.068
501.674
486.891
489.079
489.133
486.854
492.893
486.105
497.456
486.029
497.354
485.871
486.004
450.003
444.534
450.018
453.883
444.479
444.47
453.855
474.99
471.919
464.758
464.471
474.449
462.151
462.677
425.829
421.106
426.09
428.547
419.705
428.074
420.132
433.088
428.239
437.657
423.782
423.192
436.824
433.748
477.724
474.647
475.388
459.713
459.276
459.047
460.076
477.833
479.405
477.061
461.459
462.74
461.81
462.203
470.135
462.352
472.186
462.644
472.75
460.376
459.874
428.007
422.669
427.776
430.177
422.012
421.578
430.635
481.59
478.563
471.233
471.322
481.782
469.794
469.644
435.641
430.271
435.545
438.547
429.8
438.746
429.597
488.87
486.108
485.745
470.508
472.075
470.868
471.617
441.502
436.747
445.633
431.117
431.211
445.825
441.344
484.886
488.233
485.131
469.885
470.743
470.985
469.689
479.142
472.044
482.613
471.893
482.373
470.391
470.648
434.929
429.772
434.995
437.986
429.058
429.119
437.867
593.843
599.191
595.961
605.55
613.098
631.504
612.936
725.854
697.958
701.037
717.047
749.354
710.924
756.486
678.989
695.682
662.374
646.097
675.577
699.847
647.29
723.744
707.782
683.907
709.479
783.13
751.497
734.514
642.773
675.404
690.044
657.822
661.236
683.763
715.613
614.673
657.031
634.81
656.508
647.623
680.454
630.189
623.59
638.062
637.513
658.373
634.316
657.133
634.272
479.539
474.132
469.995
468.842
477.891
469.113
471.345
439.171
435.661
439.507
443.101
435.758
442.527
436.335
484.58
479.552
480.011
468.379
470.168
467.803
471.036
450.861
449.752
461.027
447.614
443.118
456.153
455.004
484.899
487.323
482.458
471.11
478.137
474.135
474.313
471.957
466.397
475.37
466.573
475.639
466.671
466.328
444.73
439.149
442.924
446.524
443.344
439.885
449.665
579.246
405.47
424.56
387.073
442.582
375.836
474.334
630.063
472.31
449.586
406.525
540.068
492.916
426.465
855.692
985.549
889.994
731.818
702.111
725.432
709.051
651.465
794.937
710.953
638.268
580.822
604.576
644.268
488.861
526.874
549.593
490.873
504.579
502.632
512.747
1047.7
1173.62
1125.57
1011.75
955.806
947.969
1026.36
733.415
825.29
736.261
685.389
683.869
663.111
709.453
401.16
383.366
368.967
358.532
402.032
375.742
362.408
542.569
396.83
408.818
377.262
433.917
369.696
464.356
606.814
433.149
422.071
389.913
530.361
483.386
402.105
907.495
1039.61
971.159
740.25
712.214
730.761
737.598
667.618
883.397
774.833
640.992
571.694
591.624
656.278
502.137
535.851
498.086
579.397
510.096
519.45
532.02
1290.74
1438.07
1337.86
1134.57
1118.77
1077.39
1183.42
555.072
534.847
546.406
538.223
543.688
548.806
564.717
564.043
577.61
612.427
594.324
593.941
562.46
577.466
503.632
508.395
509.107
519.86
507.328
509.807
518.135
543.939
523.986
532.082
533.307
530.671
522.47
544.908
571.565
567.958
555.102
560.863
602.103
583.492
573.919
511.887
508.924
515.667
512.574
521.145
522.357
515.071
556.595
542.667
543.261
552.594
576.269
575.528
551.153
485.433
482.052
476.724
477.928
487.362
480.579
478.172
468.295
469.853
469.197
456.323
463.611
461.355
475.224
474.893
466.603
469.87
474.969
479.665
483.789
469.322
509.43
508.344
502.029
494.937
511.636
503.509
500.819
490.791
500.484
493.681
484.797
485.006
481.147
489.907
489.887
489.88
499.641
486.809
495.296
490.045
496.013
455.037
453.422
456.839
462.3
452.779
459.006
456.28
476.354
473.868
466.257
466.452
476.743
464.475
464.139
435.734
431.028
439.232
425.406
435.324
425.743
439.742
430.889
425.577
430.757
433.428
424.939
433.694
424.673
483.307
481.013
480.601
465.067
466.301
465.502
465.751
479.192
482.39
479.704
464.125
464.243
463.674
464.802
474.777
467.558
477.915
467.371
477.632
465.402
465.717
429.698
424.747
429.862
432.541
423.655
432.242
423.888
480.821
477.523
470.417
470.247
480.566
468.537
468.827
440.076
435.256
444.706
430.187
440.433
429.858
444.244
432.734
427.777
432.912
435.758
426.788
435.442
427.053
485.685
482.319
482.784
467.436
467.786
466.985
468.328
484.115
486.658
483.737
468.444
469.871
468.85
469.36
476.553
469.058
479.259
469.269
479.615
467.547
467.203
433.997
428.673
433.877
436.717
428.14
436.959
427.9
496.036
491.644
484.742
484.733
496.019
484.444
484.469
457.028
451.96
462.173
445.969
457.071
445.901
462.105
448.465
443.024
448.47
452.248
442.938
452.242
442.903
504.465
500.021
500.121
485.156
487.278
485.143
487.31
500.733
505.077
500.677
485.747
488.008
485.796
487.937
491.153
484.229
495.427
484.204
495.506
483.886
483.893
448.887
443.384
448.883
452.689
443.3
452.709
443.251
496.545
492.158
485.338
485.282
496.518
485.016
485.098
457.724
452.725
462.913
446.762
457.81
446.665
462.797
449.239
443.835
449.279
453.076
443.715
453.015
443.738
505.123
500.708
500.8
485.975
488.031
485.888
488.131
501.19
505.466
501.13
486.317
488.627
486.426
488.495
491.853
484.935
496.116
484.985
496.199
484.694
484.623
449.597
444.105
449.574
453.386
444.075
453.439
444.001
502.614
496.843
489.856
489.808
502.561
490.568
490.652
463.22
457.818
469.055
451.426
463.3
451.346
468.943
453.437
447.753
453.464
457.918
448.022
457.859
448.035
514.09
508.035
508.28
492.561
495.521
492.44
495.691
508.853
514.633
508.734
492.959
496.311
493.083
496.151
496.559
489.523
502.027
489.536
502.194
490.234
490.168
453.68
447.923
453.666
458.162
448.279
458.206
448.221
500.232
495.288
488.33
488.356
500.458
488.736
488.639
461.528
456.341
466.868
449.965
461.417
450.005
467.015
452.787
447.094
452.766
457.072
447.37
457.149
447.285
512.152
507.039
506.727
491.309
494.506
491.525
494.204
505.63
511.238
505.988
490.713
493.264
490.536
493.518
495.715
488.807
501.187
488.764
501.027
489.233
489.358
452.459
446.869
452.49
456.735
447.022
456.664
447.037
491.329
487.03
480.013
479.919
491.221
479.314
479.468
451.524
446.496
456.632
440.761
451.702
440.59
456.391
443.044
437.778
443.153
446.719
437.348
446.515
437.509
499.16
494.62
494.963
479.573
481.108
479.273
481.478
495.876
499.924
495.7
480.335
482.543
480.55
482.272
486.325
479.095
490.245
479.209
490.503
478.579
478.363
443.876
438.389
443.823
447.403
438.223
447.518
438.098
487.777
484.131
476.864
476.964
488.052
476.076
475.884
448.134
443.242
452.578
437.291
447.918
437.433
452.846
441.349
435.892
441.296
444.725
435.641
444.858
435.496
496.916
493.208
492.921
477.475
479.558
477.742
479.201
491.825
496.147
492.223
476.819
478.155
476.542
478.513
484.698
477.613
488.848
477.526
488.675
476.682
476.859
440.705
435.437
440.787
444.19
434.956
444.036
435.049
469.831
467.441
459.873
459.85
469.945
457.48
457.437
428.464
423.547
431.963
418.482
428.306
418.559
432.179
424.666
419.06
424.192
426.632
418.907
427.517
417.98
475.667
474.098
473.232
457.701
459.488
458.685
458.154
472.318
474.767
472.489
456.744
456.862
456.625
457.069
468.016
460.857
471.138
460.601
470.569
458.32
458.933
423.088
418.052
423.148
425.569
416.944
425.461
416.981
474.898
471.404
465.204
465.037
474.603
463.989
464.519
438.579
433.796
445.095
430.475
440.323
428.348
442.937
428.341
423.658
428.758
431.783
422.463
431.021
423.096
479.965
475.964
476.774
462.143
462.201
461.278
463.399
478.711
481.661
478.177
464.534
467.395
465.482
466.049
470.289
463.06
472.854
463.274
473.42
461.892
461.361
432.715
426.928
432.05
435.046
427.85
436.287
426.306
469.675
459.702
467.281
459.673
469.777
457.285
457.254
428.244
423.323
431.757
418.269
428.101
418.333
431.956
418.811
424.408
423.944
426.38
418.632
417.725
427.246
475.455
473.874
473.022
457.456
459.216
458.421
457.904
472.16
474.59
472.315
456.538
456.67
456.436
456.857
422.886
417.839
422.941
425.354
416.732
425.257
416.759
467.815
460.628
470.921
460.38
470.363
458.084
458.682
474.669
464.937
471.17
464.77
474.37
463.703
464.235
438.247
433.456
444.764
430.118
439.987
428.002
442.606
423.341
428.036
428.446
431.464
422.146
422.768
430.712
479.731
475.729
476.537
461.85
461.912
460.994
463.1
478.49
481.44
477.947
464.242
467.112
465.195
465.757
432.381
426.591
431.721
434.714
427.495
435.951
425.961
470.06
462.805
472.622
463.015
473.185
461.61
461.087
491.323
480.004
487.024
479.91
491.216
479.306
479.458
451.512
446.481
456.621
440.746
451.69
440.574
456.382
437.765
443.032
443.142
446.709
437.334
437.496
446.505
499.158
494.617
494.959
479.566
481.103
479.266
481.473
495.872
499.924
495.698
480.328
482.536
480.542
482.267
443.861
438.373
443.809
447.39
438.207
447.505
438.082
486.316
479.085
490.239
479.199
490.497
478.569
478.354
487.772
476.854
484.124
476.952
488.046
476.064
475.874
448.115
443.22
452.562
437.268
447.9
437.409
452.829
435.87
441.33
441.276
444.706
435.619
435.474
444.84
496.909
493.197
492.911
477.462
479.545
477.727
479.189
491.823
496.146
492.22
476.808
478.148
476.533
478.503
440.686
435.415
440.767
444.171
434.933
444.018
435.026
484.683
477.595
488.834
477.509
488.662
476.667
476.842
502.615
489.856
496.844
489.809
502.562
490.569
490.653
463.221
457.819
469.056
451.427
463.301
451.347
468.945
447.754
453.438
453.466
457.92
448.024
448.036
457.861
514.092
508.038
508.281
492.563
495.524
492.442
495.693
508.855
514.635
508.736
492.96
496.313
493.085
496.153
453.681
447.923
453.666
458.163
448.279
458.207
448.222
496.559
489.524
502.029
489.537
502.195
490.236
490.17
500.233
488.331
495.288
488.355
500.459
488.737
488.64
461.529
456.342
466.87
449.966
461.419
450.006
467.016
447.095
452.788
452.767
457.074
447.371
447.286
457.151
512.156
507.041
506.73
491.311
494.509
491.527
494.207
505.632
511.24
505.99
490.714
493.267
490.538
493.519
452.459
446.87
452.491
456.736
447.022
456.665
447.037
495.716
488.808
501.188
488.765
501.028
489.235
489.36
496.043
484.751
491.653
484.743
496.028
484.454
484.478
457.037
451.971
462.18
445.98
457.08
445.912
462.113
443.035
448.475
448.48
452.257
442.949
442.914
452.251
504.468
500.024
500.125
485.162
487.283
485.149
487.315
500.738
505.083
500.685
485.756
488.015
485.803
487.945
448.897
443.394
448.893
452.699
443.311
452.718
443.262
491.158
484.235
495.43
484.21
495.509
483.892
483.899
496.547
485.342
492.161
485.286
496.52
485.019
485.102
457.728
452.73
462.917
446.768
457.815
446.67
462.8
443.841
449.245
449.285
453.081
443.722
443.744
453.02
505.123
500.708
500.801
485.978
488.032
485.89
488.133
501.191
505.465
501.131
486.32
488.63
486.429
488.496
449.602
444.111
449.58
453.39
444.081
453.443
444.007
491.856
484.939
496.118
484.989
496.201
484.698
484.626
476.405
466.319
473.922
466.514
476.795
464.54
464.204
435.809
431.109
439.307
425.491
435.4
425.826
439.815
425.652
430.96
430.827
433.498
425.016
424.75
433.764
483.349
481.059
480.647
465.126
466.359
465.561
465.809
479.241
482.436
479.753
464.189
464.307
463.74
464.865
429.774
424.828
429.938
432.617
423.739
432.318
423.972
474.826
467.615
477.963
467.427
477.679
465.461
465.776
480.858
470.461
477.56
470.29
480.601
468.581
468.872
440.127
435.312
444.757
430.247
440.486
429.917
444.294
427.836
432.79
432.967
435.813
426.85
427.113
435.498
485.715
482.352
482.817
467.482
467.831
467.031
468.372
484.149
486.687
483.77
468.487
469.914
468.894
469.402
434.051
428.731
433.931
436.769
428.2
437.013
427.959
476.588
469.1
479.294
469.312
479.65
467.592
467.248
555.928
546.239
534.924
537.863
543.706
548.02
564.15
562.853
576.367
610.798
592.983
592.646
561.398
576.138
507.869
502.963
508.506
519.148
506.694
517.544
509.011
543.291
523.226
531.647
532.469
529.557
521.516
543.863
572.423
567.556
554.976
559.741
600.656
582.49
572.518
555.844
541.864
542.396
551.54
575.219
574.527
550.216
511.606
508.399
515.084
512.15
520.823
521.732
514.315
485.32
476.704
481.998
477.918
487.219
480.482
478.086
468.189
469.812
469.065
456.35
463.522
461.373
475.057
466.517
474.706
469.709
474.717
479.466
469.202
483.466
508.824
507.86
501.594
494.505
510.924
502.977
500.26
490.579
500.084
493.424
484.597
484.757
480.98
489.6
455.06
453.502
456.866
462.257
452.834
458.967
456.337
489.706
489.708
499.332
486.625
495
489.741
495.67
1582.19
1254.3
853.311
1551.53
1013.36
1614.29
1662.4
1505.03
1910
1994.53
1452.24
1552.54
1512.91
1956
945.007
1155.61
1269.53
1256
817.741
916.863
1172.67
1758.56
2012.82
1983.96
2038.66
1680.63
2045.76
1806.14
721.157
1379.92
1297.19
771.688
702.164
747.025
1359.67
1015.75
623.976
657.424
676.057
948.569
642.902
1070.08
1514.71
1855.4
1838.76
1540.73
1457.83
1495.62
1834.43
906.826
954.731
1084.62
1076.63
760.228
863.381
989.811
1545.57
1632.11
1708.81
1780.28
1395.88
1665.58
1588.7
762.207
1123.97
1323.66
699.185
834.32
763.146
1228.9
811.837
647.328
625.654
648.961
850.916
662.234
860.292
1162.21
987.623
1175.07
1216.63
1100.79
1082.68
1222.16
1331.84
1319.6
1450.7
1587.33
1289.81
1369.17
1498.59
2829.51
1821.85
2833.42
1218.35
1537.16
1841.99
1847.24
1122.45
1215.3
1536.33
1867.48
1250.4
1334.59
1549.26
1295.42
1554.46
1852.43
1815.57
2822.9
2841.1
1595.24
1295.7
1468.21
1446.75
1765.63
1306.46
1279.06
1145.63
917.532
960.104
854.034
1027.14
955.775
1045.23
2711.6
1667.36
2371.93
1312.5
1321.88
914.778
1163.79
1069.16
1187.96
1435.53
1636.07
1421.59
1506.92
1132.39
1364.96
1661.76
1485.95
1608.6
1573.96
1868.7
1716.98
1721.44
1751.24
1686.62
1602.06
1405.1
1246.13
1086.53
1303.16
1509.02
1454.61
573.489
769.39
704.317
624.64
637.512
734.952
560.966
565.355
771.509
684.693
620.937
620.856
692.506
558.537
1505.79
929.863
940.331
1016.29
1546.33
1005.92
1554.04
1478.48
919.701
909.111
984.517
1538.4
995.343
1531.62
1029.79
802.258
1005.94
977.804
850.794
801.318
1006.59
1876.69
1337.37
1355.89
1293.78
1789.23
1273.58
1806.96
752.9
933.917
954.481
924.962
721.895
750.163
901.508
1830.49
1293.3
1272.15
1207.7
1764.06
1228.42
1747.77
844.041
647.588
855.349
820.391
625.152
637.833
808.307
895.515
668.699
875.762
841.322
683.046
862.898
660.078
1362.17
794.628
778.116
839.728
1427.99
1419.77
858.152
1390.26
810.118
826.63
894.499
1435.6
1445.18
875.982
809.136
597.987
809.224
770.6
580.533
581.239
770.423
1841.07
1190.75
1187.84
1121.49
1740.95
1735.94
1124.29
599.711
811.908
810.321
772.292
586.497
583.497
774.077
1853.48
1194.62
1199.74
1133.92
1746.49
1749.52
1128.96
831.991
616.282
824.264
788.242
611.904
796.127
603.1
814.743
609.334
818.059
781.218
590.784
777.574
595.218
1527.61
982.019
973.332
1048.89
1569.03
1057.21
1568.2
1539.95
991.931
1003.64
1078.06
1571.29
1066.88
1573.02
809.167
594.732
808.08
767.292
576.125
575.374
768.47
1710.32
1197.81
1198.96
1123.93
1610.02
1122.55
1613.08
594.187
807.013
807.323
766.538
574.749
574.85
766.191
810.175
595.294
808.794
768.045
577.571
576.158
769.583
1718.38
1195.75
1191.51
1116.44
1612.88
1120.27
1617.13
594.56
807.264
807.897
767.082
574.878
575.308
766.426
809.454
598.085
809.865
770.827
580.488
580.554
770.388
1804.55
1182.94
1183.91
1114.66
1689.91
1699.81
1113.21
598.86
811.435
810.794
771.366
581.531
581.061
771.929
1771.35
1183.92
1184.03
1112.43
1678.03
1667.22
1112.97
811.484
599.004
812.524
772.214
579.133
770.984
580.345
812.325
599.569
812.573
772.474
581.591
772.47
581.149
1634.95
1118.2
1118.89
1191.06
1635.72
1641.69
1190
1601.03
1105.44
1087.85
1161.2
1627.48
1614.78
1178.18
1571.52
1030.65
1031.32
1102.5
1586.46
1101.48
1588.39
1563.99
1026.17
1024.99
1095.82
1582.85
1097.14
1582.61
811.492
598.723
813.802
773.099
577.834
579.337
770.696
1740.2
1183.65
1186.66
1115.44
1634.54
1112.58
1638.49
600.786
818.484
816.548
775.732
582.884
581.354
777.799
1720.12
1180.7
1177.57
1106.81
1629.56
1109.81
1617.53
823.504
605.911
822.831
782.124
587.357
586.621
782.922
820.459
604.867
821.737
781.081
584.531
779.688
585.586
1606.25
1014.8
1031.84
1105.69
1621.2
1628.38
1088.96
1583.08
1005.2
1007.74
1081.2
1612.85
1606.22
1079.68
830.324
612.488
829.554
789.056
594.181
593.47
789.931
1669.4
1171.82
1170.92
1099.88
1571.22
1567.56
1100.62
611.717
828.225
828.82
788.305
592.173
592.691
787.642
1681.7
1170.99
1171.59
1100.59
1575
1579.38
1100.06
824.809
608.715
825.768
785.173
588.662
784.134
589.545
827.471
609.831
826.896
786.252
591.355
786.924
590.659
1589.36
1014.45
1035.67
1106.91
1575.46
1082.77
1602.8
1513.81
996.245
989.311
1053.04
1549.8
1060.88
1538.1
856.826
630.752
857.14
817.034
612.074
611.988
816.761
1693.99
1190.73
1190.09
1122.55
1600.3
1123.16
1597.19
630.42
857.093
857.063
817.04
611.588
611.693
817.053
854.928
628.756
855.87
815.926
609.187
609.957
814.927
1702.05
1188.39
1188.98
1121.98
1602.16
1121.39
1605.37
629.668
856.764
856.756
816.768
611.137
610.861
816.821
833.253
617.118
835.814
795.491
596.522
598.12
792.816
1671.15
1173.29
1178.72
1108.97
1598.87
1571.63
1105.74
619.391
843.085
839.353
799.042
602.092
600.438
802.91
1706.46
1177.53
1178.43
1112.28
1611.02
1608.92
1110.98
852.848
625.603
851.852
811.862
607.464
812.919
606.753
847.241
624.373
849.906
809.868
604.231
807.123
605.477
1550.85
1010.96
1012.73
1077.65
1568.12
1570.23
1075.54
1537.16
1003.31
1001.49
1065.7
1560.72
1558.7
1067.8
1638.15
1080.5
1080.26
1148.94
1640.14
1148.83
1641.46
1626.42
1072.61
1072.42
1140.12
1631.62
1140.51
1631.61
859.364
633.756
860.167
819.988
614.285
615.014
819.093
1684.15
1198.63
1199.26
1130.2
1584.43
1129.55
1587.93
634.889
861.25
861.294
821.009
616.311
616.114
821.007
1673.28
1200.68
1199.89
1130.19
1580.88
1130.99
1577.35
858.628
633.921
859.392
819.006
614.775
615.183
818.211
860.855
634.676
860.486
820.141
616.173
820.539
615.968
1583.93
1039.52
1038.62
1104.56
1598.93
1598
1105.7
1594.51
1046.52
1047.39
1113.94
1605.23
1606.17
1112.8
860.887
636.03
860.521
820.212
617.816
617.406
820.618
1653.69
1206.87
1206.62
1135.42
1559.6
1558.62
1135.54
635.448
859.832
859.999
819.605
616.565
616.777
819.392
1659.37
1204.64
1205.03
1134.03
1561.64
1564.11
1133.67
859.335
634.424
859.453
818.989
615.497
818.84
615.677
859.506
634.803
859.706
819.227
616.095
819.063
616.059
1627.52
1059.06
1033.7
1105.74
1660.45
1131.22
1639.74
1510.43
958.486
941.045
1008.05
1586.07
1031.16
1543.54
896.476
655.349
896.609
859.109
636.983
637.023
858.963
1885.83
1222.14
1222.05
1175.5
1806.82
1175.49
1807.1
655.04
895.831
896.238
858.679
636.37
636.68
858.247
890.909
652.55
892.699
854.75
633.174
634.052
852.848
1875.78
1221.15
1221.33
1174.27
1796.71
1174.04
1798.95
653.625
894.84
894.373
856.643
635.583
635.222
857.117
863.804
639.53
865.356
825.261
620.116
620.975
823.671
1674.17
1210.9
1212.4
1142.74
1594.52
1580.73
1141.74
641.177
870.569
868.301
828.407
623.776
622.742
830.732
1758.5
1195.52
1194.27
1133.23
1664.34
1668.7
1132.53
886.886
648.099
883.869
845.127
630.837
848.495
629.662
875.07
645.915
878.89
839.715
625.941
835.617
627.372
1384.3
819.013
820.973
882.16
1430.5
1434.73
879.892
1356.6
802.397
805.912
866.936
1408.28
1410.27
863.525
1627.43
1059
1033.65
1105.69
1660.36
1131.17
1639.65
1510.33
958.43
940.979
1007.99
1585.99
1031.11
1543.45
896.471
655.346
896.604
859.105
636.981
637.02
858.959
1885.71
1222.13
1222.04
1175.49
1806.7
1175.49
1806.99
655.037
895.826
896.234
858.676
636.367
636.676
858.242
1875.65
1221.14
1221.33
1174.27
1796.58
1174.03
1798.84
890.904
652.547
892.694
854.744
633.169
634.048
852.842
894.835
653.622
894.37
856.639
635.58
857.111
635.219
1384.18
818.928
820.886
882.072
1430.39
1434.62
879.807
1356.48
802.312
805.83
866.854
1408.17
1410.16
863.439
863.79
639.527
865.349
825.253
620.102
620.971
823.655
1674.04
1210.91
1212.4
1142.74
1594.41
1580.62
1141.75
641.176
870.558
868.298
828.402
623.768
622.74
830.72
1758.37
1195.53
1194.27
1133.22
1664.23
1668.58
1132.53
886.877
648.093
883.865
845.122
630.832
848.485
629.656
875.065
645.91
878.881
839.705
625.936
835.611
627.366
1638.26
1080.61
1080.37
1149.05
1640.25
1148.94
1641.55
1626.56
1072.73
1072.54
1140.24
1631.73
1140.63
1631.74
859.345
633.752
860.175
819.988
614.27
615.007
819.068
1684.2
1198.63
1199.21
1130.16
1584.48
1129.54
1587.97
634.874
861.227
861.257
820.973
616.294
616.096
820.982
858.626
633.923
859.385
818.998
614.774
615.182
818.207
1673.35
1200.7
1199.92
1130.22
1580.93
1131
1577.41
634.678
860.848
860.491
820.142
616.17
615.968
820.529
860.881
636.022
860.514
820.202
617.814
617.396
820.611
1653.77
1206.87
1206.62
1135.42
1559.67
1558.68
1135.54
635.443
859.825
859.992
819.596
616.562
616.77
819.384
1659.49
1204.64
1205.04
1134.04
1561.72
1564.21
1133.67
859.328
634.42
859.445
818.978
615.491
818.831
615.672
859.501
634.798
859.698
819.218
616.092
819.056
616.053
1583.97
1039.59
1038.69
1104.63
1598.99
1598.04
1105.78
1594.56
1046.58
1047.44
1114
1605.29
1606.22
1112.86
1589.45
1014.53
1035.77
1107.02
1575.57
1082.89
1602.91
1513.87
996.311
989.371
1053.12
1549.89
1060.97
1538.18
856.805
630.741
857.122
817.013
612.059
611.975
816.737
1694.04
1190.76
1190.14
1122.59
1600.34
1123.17
1597.24
630.426
857.085
857.062
817.035
611.585
611.695
817.041
1702.07
1188.41
1188.98
1121.99
1602.18
1121.4
1605.39
854.911
628.75
855.856
815.908
609.177
609.948
814.905
856.75
629.66
856.738
816.746
611.129
816.804
610.85
1550.9
1010.99
1012.78
1077.71
1568.16
1570.29
1075.6
1537.14
1003.34
1001.51
1065.73
1560.74
1558.69
1067.85
833.24
617.125
835.812
795.482
596.518
598.122
792.796
1671.24
1173.34
1178.74
1108.99
1598.97
1571.72
1105.77
619.385
843.062
839.328
799.014
602.078
600.43
802.881
1706.53
1177.57
1178.47
1112.3
1611.1
1608.99
1111.01
852.842
625.61
851.851
811.852
607.464
812.909
606.753
847.217
624.353
849.869
809.828
604.217
807.093
605.456
1571.67
1030.77
1031.45
1102.66
1586.64
1101.64
1588.56
1564.15
1026.3
1025.12
1095.99
1583.03
1097.31
1582.81
811.531
598.777
813.851
773.131
577.888
579.383
770.721
1740.74
1183.86
1186.89
1115.65
1635.06
1112.78
1639.06
600.832
818.5
816.554
775.733
582.919
581.391
777.805
823.522
605.943
822.844
782.13
587.385
586.648
782.931
1720.53
1180.89
1177.76
1106.99
1630.04
1109.99
1617.96
604.901
820.471
821.751
781.087
584.559
585.614
779.692
830.327
612.497
829.561
789.056
594.189
593.476
789.929
1669.59
1171.9
1170.99
1099.95
1571.44
1567.75
1100.69
611.735
828.23
828.818
788.3
592.189
592.705
787.643
1681.94
1171.08
1171.68
1100.67
1575.23
1579.63
1100.14
824.816
608.736
825.779
785.176
588.68
784.134
589.561
827.478
609.852
826.897
786.247
591.372
786.925
590.674
1606.55
1015
1032.05
1105.99
1621.55
1628.76
1089.23
1583.31
1005.36
1007.9
1081.41
1613.16
1606.5
1079.9
1529.21
982.701
974.055
1049.9
1570.74
1058.14
1570.13
1541.06
992.521
1004.2
1078.83
1572.8
1067.7
1574.38
809.228
594.828
808.151
767.352
576.201
575.462
768.519
1711.09
1198.12
1199.27
1124.21
1610.86
1122.83
1613.85
594.299
807.11
807.399
766.605
574.872
574.955
766.278
1719.4
1196.07
1191.85
1116.75
1613.77
1120.55
1618.13
810.327
595.503
808.964
768.196
577.774
576.355
769.719
807.379
594.734
808.024
767.202
575.023
766.529
575.476
1635.39
1118.5
1119.2
1191.47
1636.32
1642.25
1190.41
1601.62
1105.77
1088.19
1161.66
1628.14
1615.52
1178.62
809.328
598.144
809.792
770.684
580.438
580.556
770.18
1807.02
1183.67
1184.77
1115.46
1692.07
1702.26
1113.89
598.943
811.431
810.751
771.268
581.601
581.101
771.878
1773.11
1184.55
1184.61
1112.97
1679.95
1668.98
1113.55
811.622
599.199
812.626
772.291
579.329
771.1
580.523
812.354
599.742
812.645
772.514
581.703
772.46
581.297
1508.89
930.795
941.276
1017.63
1550.52
1007.27
1557.75
1483.12
920.659
910.19
985.91
1543.31
996.663
1537.3
1032.91
820.584
1008.4
980.154
871.125
815.869
1009.86
1896.97
1345.84
1360.95
1297.13
1820.78
1282.26
1831.6
769.53
949.22
958.023
928.448
740.952
762.686
916.335
842.25
644.97
852.407
817.356
623.269
635.483
806.14
1852.04
1308.74
1282.49
1216.36
1801.37
1242.52
1771.23
665.929
898.342
872.162
838.226
687.826
658.164
866.597
808.968
597.908
808.99
770.246
580.435
581.078
770.155
1846.23
1193.33
1189.79
1123.32
1747.33
1741.05
1126.71
599.553
811.494
809.985
771.817
586.098
583.235
773.489
1863.12
1197.81
1204.13
1138.01
1754.08
1759.24
1131.97
830.959
615.54
823.581
787.212
610.625
794.718
602.156
814.245
608.804
817.48
780.384
590.228
776.861
594.529
1534.78
910.687
987.808
1019.92
1540.05
1574.32
956.239
1426.35
846.375
847.639
913.187
1495.51
1478.77
909.774
511.82
679.568
574.235
524.64
618.799
510.235
524.935
494.024
630.255
552.929
514.727
551.18
497.404
511.557
1148.45
937.554
1164.38
1202.02
1051.57
1022.68
1206.06
1319.76
1290.87
1584.74
1551.91
1238.34
1351.36
1474.27
1135.71
1658.88
3063.05
3058.84
1032.64
1133.62
1656.16
3116.01
1147.83
1230.42
1681.57
1200.61
1690.55
3093.66
1237.89
1480.07
1484.02
2634.13
1458.61
1649.71
1831.94
2990.88
1631.16
1475.34
1073.06
1430.13
1371.69
1735.99
1491.57
1708.57
1192.96
1531.16
1787.23
1797.5
1733.13
1557.28
1674.98
1904.79
1869.07
1689.52
1713.4
2013.1
1792.33
1864.54
1470.03
1736.67
2048.65
1862.3
2136.08
2062.23
2116.01
2162.68
2295.42
1978.2
2139.58
1974.94
1858.62
1643.2
1430.17
1684.94
1870.16
1862.11
770.275
544.631
529.962
533.123
827.018
767.942
546.561
554.5
860.546
573.932
830.151
806.275
563.113
564.315
568.679
577.879
877.491
884.756
862.036
564.597
584.936
603.05
794.965
840.933
563.495
575.798
862.811
588.605
812.079
814.091
820.563
827.891
829.546
854.633
836.788
803.928
845.794
915.541
818.071
874.056
861.133
890.775
753.784
769.738
773.109
787.109
778.599
825.736
824.512
862.284
953.134
869.549
848.593
911.668
880.536
908.376
912.231
897.704
934.721
912.848
888.23
924.798
927.968
996.74
1003.94
957.676
909.264
957.802
933.551
936.814
871.399
896.587
882.006
897.467
903.606
878.864
915.774
821.56
823.492
830.229
838.443
840.046
866.909
848.033
809.749
861.974
943.572
831.547
893.876
884.565
919.168
761.995
773.71
780.369
798.01
790.476
838.37
842.52
898.732
1030.99
920.198
885.207
955.201
921.141
970.538
929.463
918.275
961.03
937.883
905.861
944.61
950.71
1062.75
1100.69
1011.75
954.919
1037.94
984.684
1008.54
883.537
911.843
894.464
912.245
924.634
893.576
934.947
442.884
546.379
723.523
413.506
452.469
423.457
583.957
1153.01
766.222
1418.11
742.17
1211.54
822.974
931.853
492.616
556.255
728.943
446.016
510.006
463.612
606.472
986.424
709.951
1156.15
709.755
1022.77
754.714
808.67
960.016
901.608
881.419
883.222
952.708
913.26
912.498
882.15
876.3
916.252
916.243
919.443
885.115
874.697
780.673
819.143
816.816
817.589
762.678
820.121
761.213
1063.23
904.127
1023.36
901.493
802.818
808.05
901.947
1006.97
1063.03
1005.7
932.782
954.335
936.292
945.783
941.025
844.676
885.73
895.6
982.924
900.685
821.375
917.876
899.062
898.828
890.024
917.157
920.325
891.918
1081.75
970.651
1021.63
984.3
1111.55
1029.55
1010.82
925.542
916.295
953.721
950.482
952.647
923.177
925.81
856.153
820.477
861.439
869.307
793.819
858.699
804.822
1304.5
1090.78
1255.53
1052.66
921.726
928.288
1053.97
1150.68
1283.1
1198.16
1059.78
1068.69
1042.99
1081.38
945.852
929.744
929.731
926.37
948.74
950.356
927.005
1132.74
978.974
1062.56
1047.42
1199.59
1052.1
946.29
1123.85
961.499
1077.24
1105.01
1195.65
1189.68
1104.24
2027.04
1726.2
1636.89
1608.54
2057.91
1721.84
1999.51
1336.56
1583.15
1357.17
1370.36
1815.35
1384.32
1615.93
1941.2
1783.96
2078.22
2054.96
2087
1808.31
1999.83
1839.64
1866.66
2070.71
2084.64
1580.73
1878.59
1881.94
2151.65
2163.56
2366.85
2386.02
2230.34
2190.27
2162.24
1273.41
671.055
684.184
720.98
1313.52
1331.9
699.582
1138.27
663.031
669.666
688.861
1284.47
1193.12
683.557
1138.41
1116.25
989.665
1211.85
1120.05
1205.02
1132.28
1865.19
1640.86
1600.24
1568.23
1857.34
1628.72
1839.51
1342.27
1620.02
1373.74
1384.64
1569.51
1368.18
1636.1
1739.29
1699.78
1961.46
1988.47
1841.37
1709.47
1767.59
1467.05
1520.26
1678.72
1696.17
1258.35
1504.21
1540.02
1921.22
1727.92
1779.79
1809.19
1720.72
1962.03
1736.22
1063.76
641.095
662.907
715.245
1096.65
1158.53
685.8
830.896
626.596
615.439
650.487
1003.02
905.86
662.487
1019.55
1037.2
1081.22
1001.58
962.585
950.467
993.485
1045.51
941.805
1006.05
923.232
893.427
891.042
936.683
930.885
922.307
968.189
912.501
890.98
902.578
890.547
739.156
741.759
725.361
722.251
735.258
746.944
721.694
759.582
763.174
699.58
735.244
744.086
727.918
779.242
742.646
716.709
715.734
699.815
728.719
726.766
721.663
744.582
753.995
716.839
722.01
750.562
720.659
752.495
1220.73
1142.85
1240.39
1094.62
1035.75
1049.52
1062.74
1234.49
1079.48
1161.85
1028.03
973.409
965.538
1060.61
1030.33
1045.76
1093.55
1002.5
966.424
984.151
963.468
764.11
747.946
742.636
739.769
750.937
756.401
746.09
836.09
856.891
738.901
787.385
819.006
771.952
875.584
801.444
759.545
748.578
733.673
786.932
769.905
759.356
780.862
776.923
739.257
760.098
765.965
751.73
801.93
158.217
161.801
159.101
161.706
158.968
165.122
162.885
164.723
167.735
164.572
168.154
165.274
167.789
164.666
175.389
173.717
175.743
175.468
174.501
174.058
176.339
230.489
176.261
177.705
556.219
518.5
207.601
211.863
482.278
275.746
282.259
462.704
421.334
287.936
291.365
171.477
170.474
170.549
170.273
170.23
168.788
168.829
410.438
284.939
287.941
453.746
411.882
284.289
287.237
171.488
170.587
170.518
170.35
170.295
168.838
168.905
415.541
284.705
287.542
459.619
417.397
277.469
281.056
171.465
170.512
170.467
170.306
170.272
168.798
168.84
417.391
277.465
281.054
458.185
415.564
284.745
287.581
171.459
170.485
170.448
170.298
170.27
168.79
168.823
411.933
284.35
287.3
451.83
410.592
285.059
288.064
171.521
170.61
170.559
170.34
170.313
168.853
168.886
421.677
288.149
291.577
528.668
481.626
275.456
281.929
171.619
170.743
170.714
170.373
170.346
168.908
168.942
507.768
207.735
211.957
237.141
230.71
176.357
177.793
170.067
170.645
170.087
169.473
168.633
169.935
168.446
158.957
165.095
162.85
161.082
158.213
161.797
159.094
172.821
174.864
172.646
171.409
170.856
169.763
170.433
165.275
167.789
164.667
167.817
164.724
167.735
164.572
176.386
176.376
174.58
176.253
175.198
176.851
174.865
176.325
173.67
173.103
172.499
174.306
176.596
173.591
181.037
170.317
176.161
169.57
178.766
171.059
177.46
181.92
169.791
171.695
178.362
171.347
178.12
182.655
183.738
171.766
178.642
170.259
183.202
172.055
178.852
184.082
170.28
172.295
179.129
172.122
179.051
184.337
184.721
172.312
179.269
170.508
184.564
172.433
179.341
184.815
170.51
172.48
179.396
172.449
179.398
184.84
184.813
172.48
179.395
170.509
184.839
172.448
179.397
184.72
170.507
172.31
179.268
172.432
179.34
184.562
184.076
172.292
179.127
170.277
184.334
172.118
179.047
183.732
170.254
171.759
178.632
172.05
178.846
183.19
181.893
171.685
178.347
169.777
182.64
171.334
178.095
181.002
169.551
170.297
176.101
171.042
177.42
178.708
175.387
175.468
173.716
175.742
174.056
176.338
174.5
176.39
176.254
176.377
174.581
176.853
174.867
175.2
176.333
172.505
173.681
173.105
176.618
173.594
174.311
169.676
174.023
176.73
173.866
167.245
168.602
171.854
169.655
173.951
176.664
173.817
167.225
168.585
171.794
199.013
183.037
183.05
184.104
188.137
186.012
189.026
193.06
198.356
193.45
188.175
188.378
188.149
188.464
195.679
200.611
195.311
189.508
189.886
189.542
189.795
202.335
196.572
196.411
189.916
190.272
189.91
190.278
196.34
201.889
196.21
189.899
190.377
189.996
190.209
196.405
201.425
195.948
189.753
190.201
189.866
189.965
195.986
201.391
195.842
189.647
189.934
189.669
189.878
202.268
196.468
196.334
189.869
190.226
189.893
190.172
196.075
202.005
196.145
189.727
190.028
189.741
190.019
196.498
202.472
196.459
189.907
190.267
189.933
190.222
196.544
202.472
196.45
189.893
190.249
189.913
190.209
202.685
196.674
196.617
189.993
190.354
190.012
190.318
196.545
202.591
196.533
189.919
190.267
189.934
190.242
196.662
202.669
196.605
189.985
190.344
190.003
190.309
196.533
202.575
196.521
189.91
190.257
189.925
190.233
202.477
196.504
196.463
189.911
190.271
189.937
190.226
196.555
202.487
196.462
189.901
190.257
189.92
190.218
196.465
202.264
196.33
189.867
190.224
189.891
190.17
196.075
202.003
196.143
189.726
190.027
189.74
190.018
201.42
196.399
195.944
189.749
190.197
189.862
189.962
195.986
201.389
195.841
189.646
189.933
189.668
189.877
196.57
202.334
196.411
189.914
190.27
189.908
190.276
196.34
201.891
196.211
189.898
190.374
189.995
190.207
198.357
193.065
193.453
188.176
188.377
188.462
188.151
195.68
200.61
195.312
189.507
189.883
189.541
189.792
221.896
188.355
182.694
197.032
198.65
189.663
219.124
198.998
183.034
183.046
184.1
188.133
189.017
186.007
257.258
202.628
259.783
257.523
202.211
256.024
201.979
203.048
259.976
261.401
257.818
202.085
201.882
255.547
255.517
200.955
200.398
251.718
201.064
257.035
252.286
739.214
725.982
703.961
693.423
757.312
724.581
727.714
256.511
202.273
201.412
257.167
255.422
201.688
258.59
424.522
440.297
425.785
433.885
465.585
432.372
467.584
264.107
206.921
263.835
257.182
205.183
204.496
257.218
261.542
205.938
261.92
255.856
202.783
255.991
203.77
250.843
201.23
250.624
200.254
251.535
202.023
249.053
402.609
416.188
402.323
412.425
446.254
412.627
446.057
422.075
434.625
420.709
428.186
462.964
429.757
461.212
251.543
203.015
200.408
249.042
202.439
249.436
251.36
267.034
209.756
267.855
260.423
206.146
206.91
259.696
210.429
269.735
269.491
261.826
207.952
207.459
261.984
255.211
205.334
202.29
252.598
204.87
252.46
255.315
405.293
419.826
405.895
416.017
449.004
415.463
449.811
254.054
203.768
202.021
250.69
204.483
253.396
251.51
414.662
428.78
414.468
423.727
458.258
423.871
458.115
273.22
212.511
273.157
265.022
209.502
209.261
265.043
271.71
212.111
272.014
264.017
208.555
263.756
208.941
257.125
205.821
253.976
203.448
256.879
206.2
254.323
423.784
438.264
423.654
432.196
467.138
432.307
467.031
417.301
432.109
417.735
426.918
460.879
426.547
461.414
257.98
206.655
203.583
255.106
206.413
255.07
257.982
274.806
213.52
274.898
266.6
209.986
210.178
266.531
213.714
275.366
275.428
267.076
210.436
210.335
266.998
259.84
207.478
204.426
256.82
207.37
256.888
259.762
426.735
441.671
427.01
435.49
470.101
435.275
470.428
259.431
207.07
204.366
256.412
207.27
259.371
256.519
428.924
443.509
428.832
436.969
472.025
437.051
471.943
276.255
214.188
276.284
267.855
210.765
210.757
267.823
276.029
214.121
276.056
267.646
210.622
267.628
210.705
260.371
207.632
257.396
204.743
260.354
207.717
257.426
432.167
447.02
432.141
439.776
474.937
439.82
474.898
430.338
445.124
430.399
438.438
473.411
438.421
473.46
260.557
207.758
204.756
257.571
207.747
257.601
260.526
276.254
214.187
276.284
267.855
210.765
210.756
267.822
214.12
276.029
276.055
267.646
210.621
210.704
267.629
260.372
207.631
204.743
257.398
207.716
257.426
260.356
432.165
447.018
432.139
439.774
474.935
439.819
474.896
260.558
207.758
204.756
257.57
207.747
260.525
257.603
430.337
445.124
430.399
438.439
473.409
438.421
473.459
274.806
213.518
274.898
266.601
209.984
210.177
266.533
275.365
213.712
275.428
267.077
210.435
266.999
210.334
259.843
207.478
256.823
204.426
259.763
207.37
256.892
426.738
441.673
427.015
435.495
470.099
435.278
470.429
428.927
443.512
428.836
436.972
472.026
437.055
471.945
259.434
207.068
204.366
256.417
207.269
256.524
259.374
273.22
212.507
273.158
265.026
209.5
209.258
265.045
212.108
271.712
272.015
264.022
208.551
208.938
263.762
257.133
205.818
203.447
253.989
206.199
254.334
256.888
423.795
438.273
423.665
432.205
467.144
432.317
467.035
257.986
206.654
203.582
255.112
206.412
257.987
255.079
417.33
432.131
417.762
426.938
460.896
426.572
461.421
267.043
209.75
267.862
260.437
206.139
206.905
259.711
269.739
210.423
269.497
261.837
207.949
261.992
207.454
255.228
205.332
252.615
202.289
255.328
204.867
252.483
405.396
419.914
405.992
416.104
449.077
415.554
449.88
414.705
428.818
414.511
423.765
458.287
423.91
458.142
254.074
203.762
202.02
250.721
204.48
251.536
253.418
264.118
206.911
263.848
257.204
205.175
204.487
257.237
205.925
261.547
261.93
255.876
202.766
203.758
256.004
250.873
201.212
200.243
250.657
202.011
249.098
251.556
402.74
416.314
402.458
412.548
446.35
412.746
446.157
251.575
203.009
200.402
249.079
202.431
251.388
249.481
422.372
434.895
421.013
428.461
463.163
430.027
461.421
257.13
202.581
259.702
257.413
202.124
255.83
201.92
259.966
203.016
261.363
257.773
202.06
255.541
201.846
255.459
200.926
251.73
200.344
252.282
201.02
256.956
734.29
721.503
699.994
690.301
753.028
721.047
723.944
424.8
440.529
426.065
434.145
465.76
432.628
467.756
256.358
202.162
201.32
256.829
255.157
201.614
258.424
221.842
188.344
182.68
197.019
189.646
219.082
198.634
218.553
478.432
214.017
211.673
505.418
215.617
455.037
424.672
204.911
208.05
205.461
380.169
402.496
201.627
257.88
188.047
279.424
308.709
188.273
282.285
195.373
191.049
297.628
290.431
320.586
202.518
200.015
327.513
169.673
169.432
169.81
167.434
166.198
167.46
166.197
171.618
170.742
170.713
170.372
170.345
168.906
168.941
169.777
170.035
170.013
167.563
166.406
166.347
167.608
204.262
406.042
204.257
200.164
376.066
200.44
376.665
408.267
204.737
204.599
200.34
379.84
378.507
200.38
289.722
191.79
290.186
319.899
201.153
319.704
201.688
191.844
288.285
289.231
318.73
201.587
201.749
317.484
169.833
169.546
169.754
167.482
166.332
167.554
166.255
171.521
170.609
170.558
170.34
170.313
168.852
168.885
169.612
169.847
169.801
167.493
166.307
166.266
167.53
205.243
413.071
205.33
200.848
382.3
200.8
382.909
414.354
205.545
205.524
201.012
384.396
384.069
201.013
289.464
191.69
289.949
319.572
201.685
318.964
201.607
190.226
273.658
282.899
311.637
197.076
199.432
300.434
169.727
169.445
169.666
167.422
166.234
167.472
166.176
171.459
170.486
170.448
170.298
170.27
168.79
168.823
169.33
169.655
169.625
167.405
166.18
166.145
167.442
205.545
414.367
205.526
201.015
384.402
201.014
384.082
413.094
205.249
205.334
200.853
382.335
382.933
200.807
273.635
190.222
282.886
311.629
197.068
300.412
199.428
191.703
289.508
289.993
319.623
201.706
201.626
319.018
169.654
169.33
169.624
167.405
166.18
167.442
166.145
171.465
170.513
170.468
170.306
170.272
168.798
168.84
169.447
169.728
169.668
167.423
166.235
166.177
167.473
204.747
408.346
204.613
200.355
379.897
200.391
378.593
406.171
204.288
204.277
200.186
376.29
376.806
200.467
288.326
191.861
289.291
318.81
201.608
317.54
201.777
191.812
289.836
290.271
320.014
201.197
201.725
319.862
169.848
169.615
169.803
167.494
166.308
167.531
166.268
171.489
170.588
170.519
170.351
170.296
168.839
168.905
169.549
169.835
169.755
167.483
166.333
166.256
167.555
204.942
425.134
208.06
205.458
380.544
201.657
402.947
478.444
218.277
213.933
211.567
503.459
454.908
215.333
297.792
191.079
290.66
320.908
202.571
327.739
200.069
188.04
257.687
279.532
308.888
188.165
195.367
282.096
170.036
169.781
170.014
167.564
166.408
167.609
166.349
171.477
170.474
170.549
170.274
170.231
168.789
168.831
169.433
169.67
169.81
167.435
166.199
166.198
167.461
457.802
464.961
430.482
422.739
463.543
459.339
428.168
189.215
185.43
190.364
185.005
187.57
184.518
184.384
814.641
678.855
796.946
804.818
757.258
819.741
849.288
701.456
469.552
713.844
529.402
543.774
684.054
672.183
431.752
688.49
688.272
498.905
498.913
650.315
650.043
697.755
448.513
692.997
521.074
515.933
659.727
664.401
299.495
370.807
367.146
395.487
310.702
309.06
400.265
837.406
771.917
783.057
804.209
833.753
790.055
856.284
286.851
329.384
335.265
353.319
290.409
292.938
344.606
455.29
452.695
456.849
460.972
456.808
459.451
458.721
374.142
302.633
377.88
409.998
312.196
313.888
404.794
429.179
435.763
435.239
437.742
434.457
434.023
438.262
454.17
448.176
453.395
456.547
455.199
453.545
457.649
314.269
404.523
410.152
449.616
325.173
328.922
441.999
690.849
436.799
692.93
501.227
502.599
653.396
652.132
698.584
444.161
698.374
509.366
509.061
657.57
657.553
453.921
706.002
705.96
517.221
517.021
663.61
663.542
700.993
448.772
702.147
511.709
512.58
660.63
659.829
300.427
380.784
381.041
414.208
312.094
312.206
413.998
437.706
432.707
438.626
441.149
436.546
440.168
437.487
300.011
391.211
376.81
408.418
317.796
310.712
425.504
450.695
443.334
450.256
453.071
448.62
448.252
453.53
379.671
299.837
378.577
410.9
311.602
311.252
412.662
454.194
462.353
462.098
465.09
459.374
459.117
465.379
452.927
446.752
453.693
456.539
450.898
451.629
455.727
301.279
380.38
378.973
409.459
312.717
312.167
411.269
708.93
458.117
709.653
519.967
520.602
666.9
666.358
710.156
459.292
710.214
521.545
521.517
667.055
666.984
462.834
711.968
712.024
523.34
523.361
668.744
668.674
711.435
461.291
711.484
522.727
522.777
668.292
668.227
303.029
385.603
386.608
419.757
314.072
314.653
418.776
464.946
457.64
465.43
468.486
462.062
467.939
462.566
302.071
381.397
382.429
413.961
312.986
313.27
412.548
468.478
460.089
468.259
471.395
465.209
465.032
471.615
382.106
298.318
373.635
403.861
312.084
308.386
414.591
464.935
474.443
474.404
477.639
469.858
469.81
477.677
470.046
461.931
470.247
473.404
466.736
466.844
473.221
290.391
341.597
344.193
364.803
296.173
297.039
361.342
711.969
462.832
712.024
523.34
523.36
668.751
668.68
711.438
461.292
711.493
522.725
522.777
668.304
668.238
458.123
708.933
709.661
519.963
520.603
666.918
666.373
710.161
459.293
710.216
521.546
521.517
667.067
666.997
298.267
382.054
373.58
403.81
312.038
308.337
414.544
474.443
464.934
474.404
477.638
469.858
477.677
469.809
290.338
341.538
344.132
364.742
296.122
296.986
361.283
470.04
461.93
470.247
473.403
466.732
466.843
473.215
385.651
303.076
386.67
419.825
314.112
314.704
418.83
457.641
464.942
465.43
468.484
462.059
462.565
467.933
468.48
460.091
468.257
471.393
465.21
465.033
471.616
302.104
381.448
382.472
414.012
313.027
313.307
412.608
706.013
453.928
705.968
517.224
517.023
663.631
663.562
701.011
448.795
702.169
511.715
512.594
660.677
659.86
436.875
690.902
692.992
501.276
502.648
653.499
652.235
698.616
444.2
698.406
509.387
509.086
657.629
657.604
299.845
379.699
378.599
410.941
311.622
311.268
412.711
462.357
454.203
462.103
465.094
459.381
465.383
459.125
301.276
380.397
378.978
409.475
312.729
312.17
411.298
452.948
446.776
453.717
456.56
450.92
451.649
455.746
380.817
300.441
381.074
414.266
312.117
312.23
414.054
432.803
437.806
438.719
441.24
436.643
437.576
440.267
450.73
443.373
450.289
453.104
448.655
448.288
453.564
300.01
391.255
376.841
408.49
317.815
310.727
425.597
688.567
431.892
688.353
498.978
499.001
650.462
650.177
697.778
448.76
693.07
521.15
516.058
659.943
664.609
675.619
811.464
794.862
798.064
752.401
817.43
846.17
701.427
469.559
713.652
529.384
543.56
684.107
672.343
302.659
374.288
378.005
410.229
312.273
313.96
405.05
435.89
429.319
435.377
437.879
434.581
438.388
434.156
314.282
404.582
410.22
449.748
325.207
328.963
442.116
454.382
448.454
453.636
456.778
455.422
453.796
457.845
370.968
299.529
367.301
395.724
310.79
309.151
400.534
764.814
826.917
775.622
795.419
822.495
781.873
844.014
455.472
452.916
457.011
461.113
457.006
459.625
458.891
287.413
339.041
339.145
357.409
292.403
293.727
354.433
189.23
185.44
190.41
185.014
187.589
184.527
184.398
180.625
182.02
185.755
181.351
179.777
180.413
180.103
248.068
203.256
203.337
230.409
248.127
231.144
203.439
774.274
793.882
779.08
773.638
785.133
764.24
795.608
203.674
251.137
247.657
231.277
202.901
203.408
229.199
357.4
449.87
419.315
382.705
287.271
322.718
385.277
460.777
434.087
469.538
426.56
467.853
462.329
431.802
279.335
271.451
286.876
272.62
271.398
279.099
287.439
281.518
273.371
291.686
274.162
273.018
282.355
290.055
288.107
278.03
279.201
299.102
278.007
298.45
288.377
286.002
276.115
295.078
277.564
276.239
285.569
296.058
549.667
771.706
527.183
721.234
530.223
546.234
776.69
318.592
284.091
281.109
309.55
283.787
308.523
320.049
315.504
304.266
279.514
281.507
282.169
305.813
313.338
572.171
748.027
550.853
805.104
550.614
808.246
572.632
537.592
707.761
772.292
522.505
518.527
541.976
765.978
302.494
276.061
294.08
274.181
276.236
300.897
295.093
516.279
695.991
498.99
738.201
513.882
500.913
743.97
306.221
300.617
275.786
279.291
277.986
298.233
309.345
287.571
277.408
303.198
277.781
276.808
299.273
289.545
282.081
272.085
294.195
273.262
272.064
282.266
293.525
283.628
273.102
274.574
296.374
273.092
296.449
283.632
282.535
271.989
294.605
273.581
272.074
282.275
295.284
619.76
843.787
594.489
782.982
595.207
619.168
841.405
322.117
280.52
277.103
309.376
280.528
309.442
322.036
320.703
307.014
276.095
278.989
279.506
308.128
319.257
631.773
793.798
606.781
855.243
606.512
853.103
632.631
612.954
778.399
844.439
586.524
585.241
612.993
852.056
322.268
285.2
316.391
279.68
282.487
310.771
329.566
639.376
814.787
618.243
890.517
612.875
883.9
646.007
316.35
306.123
275.353
278.678
278.303
304.947
317.95
286.179
275.004
298.989
276.492
274.982
299.094
286.165
285.924
274.709
299.164
276.233
274.691
285.999
298.948
286.583
275.246
276.781
299.494
275.252
299.766
286.514
286.058
274.761
299.309
276.296
274.749
286.076
299.277
658.491
894.754
631.103
833.294
630.417
659.166
893.656
326.86
282.923
279.52
313.322
283.109
313.795
326.224
326.395
313.323
279.054
282.703
282.659
313.325
326.364
663.268
840.529
635.221
902.449
635.606
901.205
662.885
655.44
830.452
890.082
626.982
627.359
655.11
890.849
325.455
282.693
312.475
279.181
282.707
312.72
325.097
643.72
818.634
615.889
880.15
615.552
879.207
643.97
325.561
313.088
278.964
282.652
282.532
312.712
326.065
284.721
275.02
293.354
275.725
275.012
293.474
284.726
284.437
274.74
293.583
275.445
274.719
284.509
293.229
285.743
275.005
276.121
298.619
274.94
297.247
286.112
285.001
274.679
294.213
275.694
274.712
284.582
295.315
549.606
752.043
516.886
705.196
526.947
539.352
762.586
320.828
282.212
278.329
311.911
281.318
309.375
324.356
315.809
303.66
277.551
279.509
280.103
305.811
312.75
657.637
840.43
629.226
896.81
630.425
901.472
656.222
508.917
642.25
713.423
495.897
490.31
515.837
703.198
309.701
278.969
301.287
277.103
279.084
301.684
308.935
495.326
622.839
479.63
677.653
480.313
679.713
494.325
309.334
302.198
276.838
279.098
278.818
301.43
310.499
285.869
274.874
298.698
276.328
274.848
298.39
285.987
284.953
274.025
297.151
275.518
274.046
284.884
297.344
283.952
273.126
274.614
296.23
273.163
296.295
283.788
284.359
273.58
296.667
274.983
273.55
284.413
296.54
622.839
859.942
594.811
799.254
594.797
622.908
860.335
321.43
280.445
277.128
309.084
280.507
309.075
321.626
321.319
309.426
277.489
280.933
280.831
309.212
321.525
634.062
803.421
603.355
861.827
606.084
867.272
630.663
625.416
800.835
861.939
597.371
597.406
625.256
861.542
323.905
282.55
312.046
278.94
282.378
311.532
324.577
639.31
814.82
611.158
875.029
611.217
875.539
639.351
322.547
309.958
278.096
281.338
281.495
310.318
322.066
292.468
279.586
306.725
281.741
279.767
307.111
292.291
290.722
278.323
303.348
280.486
278.481
290.053
304.874
288.465
278.079
279.065
299.702
277.899
299.584
288.675
287.629
277.031
300.934
278.264
276.803
288.284
299.465
599.487
833.22
579.156
770.217
576.249
603.355
831.546
321.932
284.272
281.096
310.453
284.085
310.616
321.302
323.55
313.604
280.66
285.242
284.074
311.319
326.726
576.894
748.019
554.394
809.777
554.8
808.917
576.145
617.939
780.969
844.804
589.763
592.88
613.637
846.915
336.733
288.165
320.898
284.823
289.095
321.675
335.353
655.858
827.064
627.483
893.315
629.257
893.38
653.996
333.821
316.701
283.57
286.915
287.852
319.047
330.614
180.624
182.019
185.753
181.351
179.777
180.103
180.412
247.945
203.219
203.172
247.879
230.296
230.9
203.318
767.891
785.422
771.647
767.832
779.738
759.411
789.151
203.514
250.739
247.331
230.946
202.707
203.243
228.743
442.627
354.182
413.924
379.659
286.386
321.598
381.706
582.836
669.346
619.02
609.778
588.673
626.633
620.069
472.535
400.921
396.473
484.089
391.139
544.305
509.133
524.254
527.073
546.682
563.258
512.993
507.34
477.061
510.113
494.7
497.395
531.927
475.787
452.851
362.112
377.743
372.634
435.246
407.86
416.196
419.717
409.532
420.71
412.125
402.908
392.921
332.536
325.585
330.093
385.663
482.75
481.22
465.703
472.624
523.495
507.838
487.139
422.976
434.578
433.569
450.931
435.438
426.467
436.837
405.486
347.67
342.034
340.674
417.738
384.288
394.505
396.257
390.433
390.403
394.36
384.333
416.962
404.317
403.104
412.888
447.248
446.252
413.865
375.852
320.952
318.383
318.497
375.725
375.629
318.38
320.872
375.416
318.525
384.105
390.475
396.067
395.191
390.137
384.595
394.293
397.254
412.721
406.042
414.013
398.589
405.406
411.642
378.035
321.413
321.897
380.5
319.843
421.999
407.47
408.103
416.785
449.28
449.909
416.312
375.683
317.542
320.638
318.2
374.575
389.459
394.568
403.252
399.752
395.702
387.646
402.342
292.488
279.607
306.742
281.763
279.789
292.31
307.129
290.737
278.34
303.361
280.505
278.498
290.066
304.888
288.469
278.1
299.69
279.087
277.916
288.676
299.58
287.637
277.046
300.943
278.285
276.819
288.295
299.471
599.481
770.217
833.223
579.17
576.253
831.547
603.362
321.92
284.299
310.433
281.12
284.107
321.274
310.608
576.695
747.803
554.225
809.562
575.919
554.635
808.702
323.55
313.613
280.682
285.26
284.096
311.323
326.731
617.964
780.997
844.818
589.784
592.91
613.651
846.942
336.744
288.182
320.913
284.844
289.114
335.363
321.69
655.883
827.116
627.508
893.369
654.02
629.284
893.438
333.83
316.713
283.588
286.933
287.869
319.059
330.622
388.605
397.972
400.685
394.358
394.761
398.837
387.889
379.688
321.13
323.741
378.812
321.719
423.923
410.076
409.813
419.463
453.729
453.524
419.655
390.618
397.262
403.142
401.566
397.086
401.092
390.915
380.801
322.705
324.593
322.602
380.954
394.496
405.797
407.485
401.169
405.568
401.109
394.59
383.386
326.41
324.574
324.604
383.312
426.628
412.071
412.436
422.005
455.736
456.204
421.689
393.631
399.851
406.306
403.998
404.484
400.055
393.27
383.146
324.266
326.298
324.518
382.793
402.191
414.241
415.869
409.104
409.064
414.089
402.258
436.791
422.016
422.239
431.001
465.472
465.737
430.826
389.091
330.521
329.235
329.233
389.047
388.857
329.007
330.455
388.67
329.158
401.502
408.137
414.965
412.962
408.247
401.3
413.249
398.112
408.9
404.48
411.196
397.705
404.704
409.43
386.501
326.944
328.774
386.043
327.279
434.578
420.219
420.082
428.915
463.67
463.56
429.023
387.047
327.663
329.119
327.645
387.046
399.226
406.043
412.575
410.944
405.98
399.331
410.729
285.882
274.885
298.706
276.34
274.86
285.997
298.402
284.969
274.042
297.167
275.533
274.062
284.901
297.36
283.954
273.127
296.23
274.616
273.164
283.788
296.296
284.37
273.591
296.678
274.994
273.562
284.424
296.551
622.854
799.274
859.962
594.829
594.814
860.353
622.925
321.429
280.445
309.083
277.13
280.508
321.622
309.076
634.065
803.423
603.359
861.833
630.667
606.088
867.272
321.328
309.437
277.499
280.943
280.841
309.222
321.534
625.441
800.866
861.971
597.396
597.431
625.281
861.573
323.916
282.555
312.051
278.952
282.389
324.579
311.544
639.319
814.831
611.162
875.034
639.352
611.226
875.546
322.562
309.975
278.111
281.353
281.509
310.334
322.081
405.781
417.488
419.503
412.485
412.624
417.837
405.522
392.237
331.699
332.909
391.95
331.923
441.96
427.362
427.319
435.67
470.636
470.585
435.727
405.691
412.566
419.507
417.783
412.574
417.833
405.675
391.989
331.692
332.734
331.72
391.909
406.782
419.11
420.699
413.73
419.027
413.712
406.812
392.669
333.244
332.315
332.314
392.638
442.739
428.073
428.105
436.399
471.288
471.314
436.401
406.47
413.308
420.273
418.524
418.62
413.341
406.411
392.626
332.297
333.286
332.351
392.592
409.103
421.671
423.118
415.993
415.992
421.654
409.105
446.644
431.782
431.8
439.541
474.647
474.638
439.563
394.378
334.62
333.846
333.854
394.341
394.374
333.827
334.634
394.368
333.859
409.015
415.878
423.002
421.475
415.894
408.984
421.531
408.284
420.514
415.128
422.201
408.206
415.17
420.635
393.953
333.394
334.28
393.894
333.462
445.908
431.187
431.11
438.937
474.072
474
439.009
393.988
333.482
334.297
333.48
393.965
408.459
415.375
422.423
420.939
415.362
408.482
420.87
284.775
275.071
293.41
275.777
275.064
284.78
293.53
284.494
274.793
293.641
275.499
274.773
284.565
293.287
285.797
275.058
298.675
276.173
274.992
286.166
297.304
285.057
274.732
294.271
275.747
274.765
284.638
295.373
549.684
705.284
752.137
516.964
527.026
762.678
539.431
320.887
282.263
311.968
278.381
281.37
324.413
309.434
657.716
840.522
629.301
896.9
656.296
630.502
901.569
315.869
303.719
277.604
279.562
280.156
305.87
312.81
508.997
642.339
713.516
495.977
490.391
515.918
703.292
309.761
279.02
301.344
277.155
279.137
308.992
301.742
495.402
622.923
479.704
677.739
494.399
480.389
679.803
309.395
302.257
276.891
279.152
278.872
301.49
310.56
409.101
421.669
423.116
415.991
415.99
421.652
409.103
394.379
333.845
334.621
394.34
333.853
446.643
431.781
431.8
439.541
474.645
474.637
439.562
409.016
415.878
423.002
421.474
415.894
421.531
408.984
394.378
333.829
334.638
333.86
394.372
408.287
420.515
422.202
415.131
420.636
415.172
408.209
393.961
334.287
333.398
333.467
393.901
445.907
431.186
431.11
438.937
474.072
473.998
439.01
408.46
415.375
422.423
420.938
420.87
415.362
408.483
393.993
333.484
334.302
333.482
393.97
405.794
417.495
419.513
412.495
412.636
417.847
405.532
441.969
427.372
427.329
435.679
470.643
470.592
435.737
392.254
332.923
331.713
331.936
391.966
392.005
331.705
332.748
391.924
331.731
405.705
412.579
419.519
417.794
412.586
405.688
417.844
406.788
419.114
413.735
420.704
406.818
413.718
419.032
392.678
332.321
333.252
392.646
332.32
442.744
428.079
428.111
436.405
471.292
471.316
436.407
392.638
332.306
333.297
332.36
392.605
406.479
413.317
420.281
418.531
413.349
406.42
418.627
286.209
275.033
299.022
276.52
275.011
286.196
299.125
285.937
274.723
299.183
276.246
274.704
286.015
298.962
286.626
275.284
299.535
276.821
275.293
286.554
299.812
286.114
274.814
299.367
276.348
274.802
286.131
299.335
658.569
833.383
894.849
631.179
630.494
893.75
659.244
326.91
282.96
313.363
279.561
283.151
326.265
313.843
663.316
840.581
635.267
902.501
662.932
635.653
901.259
326.457
313.384
279.107
282.757
282.712
313.385
326.426
655.473
830.497
890.129
627.014
627.389
655.145
890.899
325.487
282.723
312.509
279.209
282.735
325.133
312.751
643.765
818.682
615.935
880.207
644.017
615.596
879.258
325.577
313.109
278.978
282.67
282.546
312.727
326.088
402.207
414.254
415.881
409.118
409.078
414.102
402.274
389.113
329.249
330.54
389.067
329.253
436.804
422.031
422.254
431.016
465.48
465.747
430.84
401.524
408.156
414.982
412.98
408.266
413.266
401.322
388.883
329.03
330.478
329.181
388.697
398.149
408.932
411.226
404.514
409.461
404.737
397.741
386.542
328.809
326.979
327.315
386.084
434.598
420.241
420.104
428.935
463.685
463.573
429.044
399.256
406.069
412.599
410.968
410.755
406.007
399.36
387.084
327.691
329.151
327.676
387.08
388.709
398.074
400.78
394.459
394.861
398.935
387.997
423.991
410.151
409.888
419.532
453.784
453.577
419.724
379.789
323.832
321.219
321.805
378.917
380.89
322.778
324.672
381.037
322.677
390.706
397.342
403.22
401.644
397.168
390.999
401.173
394.549
405.843
401.216
407.53
394.64
401.158
405.616
383.444
324.619
326.461
383.365
324.652
426.682
412.132
412.495
422.057
455.778
456.243
421.744
383.213
324.325
326.359
324.576
382.864
393.697
399.914
406.364
404.06
400.117
393.338
404.544
287.546
277.38
303.174
277.755
276.781
289.518
299.251
282.061
272.065
294.177
273.242
272.044
282.247
293.506
283.626
273.099
296.374
274.572
273.089
283.631
296.448
282.523
271.975
294.592
273.57
272.062
282.262
295.274
619.735
782.955
843.757
594.461
595.18
841.381
619.142
322.12
280.521
309.378
277.101
280.528
322.04
309.443
631.769
793.79
606.776
855.232
632.627
606.507
853.096
320.698
307.002
276.085
278.978
279.498
308.12
319.248
612.931
778.376
844.406
586.494
585.214
612.965
852.035
322.253
285.177
316.371
279.656
282.466
329.551
310.753
639.366
814.757
618.222
890.479
645.989
612.861
883.869
316.334
306.107
275.334
278.663
278.285
304.929
317.936
384.439
394.639
396.393
390.566
390.543
394.508
384.472
375.992
318.493
321.08
375.851
318.613
417.168
404.558
403.323
413.077
447.424
446.407
414.073
384.296
390.671
396.25
395.407
390.321
394.485
384.803
375.784
318.518
321.019
318.659
375.581
397.564
413.042
414.326
406.359
411.96
405.716
398.908
378.227
322.106
321.584
320.013
380.696
422.269
407.744
408.389
417.034
449.48
450.114
416.554
389.744
394.828
403.533
400.028
402.643
395.977
387.908
375.877
317.698
320.833
318.363
374.755
581.321
666.326
617.11
608.058
587.258
624.431
618.05
543.338
508.455
523.481
526.366
545.883
562.297
512.393
471.626
400.422
396.404
482.836
390.818
452.264
362.024
377.789
434.88
372.478
506.657
476.801
509.573
494.246
496.947
475.426
531.078
408.156
416.508
409.852
420.021
403.221
412.441
420.993
393.057
325.745
332.77
385.827
330.241
482.508
480.931
465.571
472.527
523.042
507.58
486.891
405.497
347.703
342.227
340.756
417.621
423.134
434.731
433.744
450.951
426.659
436.896
435.574
280.02
271.338
299.419
272.593
280.926
271.407
290.03
281.538
273.232
291.848
273.957
272.854
282.299
290.572
288.111
277.999
299.124
279.151
277.971
288.376
298.491
285.995
276.032
295.174
277.483
276.173
285.55
296.127
553.708
727.576
783.222
531.339
533.146
784.959
552.081
318.673
284.059
309.589
281.057
283.75
320.098
308.591
572.543
748.413
551.094
805.533
572.958
550.864
808.722
315.642
304.464
279.439
281.463
282.12
305.935
313.557
555.933
739.42
797.18
532.637
533.357
554.742
799.839
307.103
300.937
275.685
279.229
278.016
299.171
309.656
213.367
366.025
199.065
476.616
211.247
198.087
366.378
223.131
173.238
197.33
179.739
234.511
202.634
173.629
170.64
170.063
170.086
169.466
169.933
168.631
168.444
169.155
167.422
168.391
165.941
167.241
167.008
165.649
212.897
357.866
198.624
471.71
210.746
197.495
357.362
223.623
173.269
197.76
179.721
234.92
203.081
173.654
169.157
167.429
168.398
165.942
167.243
167.011
165.652
816.593
819.828
788.913
794.698
791.826
835.795
861.077
606.342
244.616
329.317
311.424
349.728
240.788
587.086
890.57
893.299
926.22
938.706
874.038
906.808
903.753
323.13
287.582
280.91
335.572
316.422
326.495
284.797
1089.34
756.198
507.757
599.238
1045.89
751.074
602.493
511.051
492.222
530.995
531.334
444.701
491.049
506.982
622.938
297.317
260.769
481.038
645.79
455.249
286.642
184.109
181.314
183.468
181.755
186.527
181.816
180.858
184.534
192.196
189.122
182.072
180.691
180.704
182.596
813.008
811.349
778.632
790.685
783.301
832.006
857.241
606.006
244.027
327.924
310.017
343.639
240.01
577.466
875.939
875.899
908.199
918.264
858.994
890.262
884.243
332.973
293.054
291.468
327.968
346.983
339.897
294.181
945.86
701.431
497.36
569.438
917.569
699.195
570.482
514.674
485.973
525.892
526.656
440.227
485.263
508.135
653.483
305.25
266.052
503.411
674.215
294.53
477.361
192.97
184.698
189.579
182.185
180.79
182.698
180.789
282.162
272.047
270.623
270.666
275.611
274.4
274.787
297.246
356.681
361.887
388.883
303.775
306.268
382.056
693.704
1241.43
738
1228.36
678.556
1253.02
753.193
705.825
1268.84
1233.91
774.84
1262.35
765.182
715.805
559.415
535.529
556.616
569.745
550.262
575.177
545.458
740.858
1216.04
685.519
1174.84
737.188
1259.59
692.326
811.135
1398.3
1238.46
904.023
810.49
902.812
1321.03
289.82
349.881
342.805
363.611
300.35
296.817
373.099
632.59
1218.65
715.831
1195.31
657.619
1199.2
689.327
607.004
1172.62
1190.42
626.714
578.742
1187
659.828
495.049
512.309
496.324
503.977
525.678
506.123
521.848
640.676
1199.26
650.315
1094.09
1188.21
660.952
626.964
627.77
1168.85
1081.63
601.44
1177.42
611.129
620.257
304.593
391.361
383.748
417.713
320.809
316.889
427.254
747.463
1281.22
1236.71
821.891
1276.16
805.068
765.395
733.949
1271.69
1237.85
782.487
723.614
1273.64
792.344
430.331
438.408
436.654
439.296
437.168
435.283
441.282
607.669
1117.17
586.175
1017.54
584.142
609.507
1111
607.336
1114.77
1016.83
584.618
583.787
1110.47
608.327
436.367
441.527
443.149
446.147
439.871
441.557
444.213
614.754
1127.76
589.376
1044.66
1139.41
592.179
612.547
615.993
1160.99
1055.86
596.574
617.114
1151.06
594.235
313.137
399.617
406.806
446.307
324.908
327.893
437.553
805.669
1292.04
840.97
1255.14
785.52
1309.11
859.653
813.926
1325.25
1264.84
856.418
1321.03
867.022
802.57
299.322
376.858
379.395
412.416
309.689
311.029
409.481
744.316
1272.75
793.879
1228.78
739.429
1273.86
798.305
746.989
1278.87
1230.08
801.672
1276.23
800.813
747.743
437.765
444.825
444.255
446.905
443.116
442.617
447.515
617.228
1111.75
1027.68
594.883
593.048
1119.91
619.074
614.374
1121.65
1031.33
587.149
590.255
610.974
1124.76
295.972
373.777
370.269
401.549
308.2
306.644
405.709
727.903
1276.97
1242.27
788.717
733.557
1285.46
784.526
740.047
1317.13
1254
828.35
773.173
1298.64
796.817
440.566
446.445
447.07
449.799
444.808
445.432
449.118
623.169
1104.72
596.938
1011.18
1100.2
621.136
598.968
624.745
1094.95
1008.28
602.117
1096.94
600.609
626.255
299.638
375.666
376.155
406.585
310.347
310.537
405.659
719.99
1252
1217.16
768.734
1253.69
772.178
716.811
738.876
1280.34
1233.79
799.416
745.459
1277.34
792.587
452.312
459.523
459.945
462.896
456.817
457.213
462.439
646.214
1134.15
619.629
1044.95
621.223
644.667
1132.87
646.872
1127.65
1042.55
622.451
621.926
1130.43
647.266
449.996
457.909
457.574
460.491
455.183
454.908
460.842
638.957
1132.76
616.94
1041.05
1130.01
614.077
641.947
634.483
1098.75
1023.84
605.544
629.804
1112.19
609.833
300.195
376.006
376.948
407.106
310.551
310.963
405.897
721.875
1256.8
769.887
1225.42
717.964
1262.87
773.942
727.154
1275.29
1230.01
784.656
1269.02
779.27
732.457
302.578
385.342
385.787
418.691
314.118
314.173
417.946
758.66
1303.25
807.676
1260.05
754.981
1308.49
811.521
762.51
1319.61
1264.32
817.073
1314.13
815.546
763.567
458.125
466.035
466.05
469.144
463.115
463.084
469.125
651.436
1118.65
1035.7
625.731
626.691
1123.04
650.34
651.517
1128.2
1039.23
624.971
626.692
649.859
1126.71
302.111
384.509
383.234
415.108
313.922
313.435
416.819
745.67
1297.54
1248.58
803.327
750.766
1292.8
798.259
741.671
1282.28
1245.91
789.236
736.844
1288.64
794.188
458.982
466.803
466.912
470.002
463.847
463.917
469.887
651.535
1117.02
626.317
1028.39
1115.37
650.926
626.984
652.246
1113.86
1027.14
628.957
1114.01
627.744
653.445
294.494
352.038
360.212
386.158
300.035
302.968
374.988
686.502
1211.2
1245.36
698.3
1271.79
742.286
645.261
736.332
1323.56
1275.95
812.468
758.483
1319.69
792.219
464.274
473.331
473.462
476.662
469.123
469.149
476.562
674.368
1263.13
646.018
1177.11
648.173
672.054
1268.9
675.668
1270.93
1181.6
649.957
649.475
1273.74
676.178
463.287
472.453
472.218
475.43
468.348
468.202
475.639
663.098
1235.51
641.53
1089.9
1177.84
637.926
667.55
660.179
1118.41
1048.37
632.434
656.912
1134.84
635.324
290.048
346.253
343.235
363.573
297.873
296.65
367.441
610.28
1173.94
672.133
1155.2
620.861
1160.85
661.275
615.772
1154.25
1168.04
654.613
1175.59
666.969
603.789
294.442
351.979
360.154
386.104
299.983
302.917
374.931
686.459
1211.14
698.257
1245.31
645.209
1271.73
742.253
736.293
1323.5
1275.88
812.436
1319.62
792.188
758.444
464.273
473.328
473.46
476.66
469.121
469.148
476.558
674.363
1263.07
1177.06
646.011
648.168
1268.85
672.048
675.664
1270.9
1181.56
649.955
649.47
676.175
1273.69
289.994
346.192
343.173
363.511
297.82
296.595
367.38
610.209
1173.87
1155.13
672.073
620.796
1160.77
661.208
615.698
1154.17
1167.96
654.547
603.72
1175.51
666.898
463.286
472.451
472.216
475.428
468.347
468.201
475.638
663.09
1235.45
641.52
1089.83
1177.78
667.541
637.918
660.17
1118.37
1048.31
632.421
1134.79
635.314
656.9
302.637
385.415
385.86
418.771
314.181
314.235
418.027
758.77
1303.34
1260.12
807.792
1308.58
811.633
755.094
762.607
1319.66
1264.38
817.15
763.643
1314.2
815.644
458.134
466.042
466.058
469.151
463.123
463.093
469.131
651.43
1118.67
625.725
1035.71
626.683
650.335
1123.07
651.492
1128.23
1039.23
624.952
626.666
1126.71
649.841
458.985
466.805
466.914
470.004
463.85
463.92
469.889
651.528
1117.04
626.307
1028.4
1115.39
626.975
650.917
652.238
1113.86
1027.15
628.948
653.436
1114.03
627.735
302.131
384.548
383.261
415.144
313.953
313.458
416.867
745.734
1297.61
803.416
1248.62
750.848
1292.85
798.331
741.751
1282.37
1245.95
789.351
1288.68
794.274
736.95
299.637
375.675
376.167
406.613
310.352
310.544
405.683
720.086
1252.07
768.837
1217.24
716.894
1253.78
772.297
738.997
1280.45
1233.88
799.574
1277.45
792.734
745.59
452.322
459.53
459.952
462.902
456.825
457.222
462.445
646.195
1134.16
1044.95
619.606
621.202
1132.87
644.646
646.862
1127.66
1042.56
622.43
621.914
647.247
1130.45
300.188
376.008
376.948
407.117
310.55
310.962
405.912
721.926
1256.86
1225.44
769.97
718.03
1262.9
774.008
727.213
1275.34
1230.05
784.74
732.529
1269.06
779.343
450.015
457.923
457.588
460.505
455.2
454.925
460.855
638.928
1132.77
616.92
1041.04
1130.02
641.931
614.046
634.459
1098.8
1023.85
605.53
1112.22
609.807
629.791
299.331
376.884
379.425
412.474
309.706
311.049
409.536
744.489
1272.97
1228.96
794.107
1274.05
798.518
739.611
747.15
1279.01
1230.24
801.849
747.892
1276.4
801.007
437.836
444.89
444.32
446.97
443.182
442.683
447.578
617.236
1111.94
594.888
1027.88
593.052
619.084
1120.14
614.387
1121.98
1031.55
587.18
590.263
1125.03
611.007
440.621
446.497
447.12
449.849
444.861
445.483
449.169
623.17
1104.87
596.938
1011.27
1100.32
598.966
621.139
624.746
1095.03
1008.36
602.113
626.253
1097.03
600.607
295.97
373.801
370.292
401.607
308.216
306.656
405.765
728.131
1277.22
788.974
1242.56
733.759
1285.76
784.819
740.333
1317.59
1254.37
828.783
1299.02
797.182
773.519
304.616
391.455
383.855
417.917
320.872
316.953
427.436
748.187
1282.23
822.69
1237.96
766.022
1277.42
805.994
734.789
1273.61
1239.39
783.676
1275.19
793.433
724.519
430.578
438.697
436.914
439.558
437.434
435.521
441.573
607.801
1117.8
1017.98
586.327
584.27
1111.5
609.665
607.43
1115.14
1017.19
584.677
583.88
608.39
1110.89
313.156
399.701
406.883
446.456
324.961
327.945
437.715
806.141
1292.85
1255.77
841.64
786.054
1309.76
860.241
814.346
1325.75
1265.37
856.905
802.963
1321.58
867.541
436.687
441.839
443.476
446.475
440.161
441.864
444.526
614.8
1128.53
589.488
1045.45
1140.35
612.668
592.215
615.945
1162.47
1056.83
596.402
1152.22
594.167
616.964
297.285
356.712
362.009
389.026
303.906
306.366
382.001
693.997
1246.99
1232.17
738.119
1256.8
753.872
678.299
706.522
1271.22
1236.85
776.078
716.717
1265.29
766.253
558.407
534.551
555.588
568.566
549.235
573.905
544.432
741.437
1225.5
683.856
1189.56
737.148
690.723
1275.94
816.689
1399.65
1252.6
906.743
813.464
908.096
1335.91
494.725
511.672
495.876
503.484
524.98
505.685
521.123
639.879
1205.65
648.999
1097.6
1192.48
626.062
659.749
627.264
1170.86
1083.97
601.115
619.973
1180.24
610.568
290.143
349.841
343.391
364.005
300.502
297.245
372.86
639.312
1229.37
716.364
1220.46
658.023
1227.15
695.443
641.365
1273.81
1260.62
681.838
640.342
1273.17
689.635
752.812
721.364
706.842
726.115
751.818
733.501
757.883
413.763
491.424
487.959
427.89
414.814
718.084
674.303
716.593
693.778
644.792
653.605
689.993
468.305
407.136
381.788
491.938
404.272
423.522
722.253
735.094
695.51
691.612
729.464
672.562
735.689
268.193
283.133
275.117
273.889
269.331
267.786
280.823
261.227
255.499
260.563
260.407
257.49
257.318
267.812
1802.43
1303.75
1626.38
1486.49
1789.83
1556.88
1565.2
274.118
290.517
297.322
293.806
271.023
273.054
287.585
508.01
751.957
520.746
524.424
710.757
511.601
751.175
280.651
263.451
264.063
261.683
266.374
274.543
268.016
554.359
723.979
537.933
785.867
534.704
558.102
780.913
565.981
734.406
542.216
789.916
544.813
562.649
795.116
2149.5
1071.79
1077.22
1110.26
2198.39
1101.77
2413.31
1216.53
1211.18
1156.55
2317.88
1163.82
532.228
705.626
509.944
754.199
513.697
761.379
527.701
518.897
693.045
506.216
751.526
502.456
744.662
523.283
2103.9
1057.07
1053.05
1047.49
2097.96
1049.33
2092.92
1045.49
1046.33
1046.79
2089.85
1045.59
626.357
789.015
602.217
846.953
601.955
626.798
847.691
630.406
790.778
606.057
850.055
605.681
630.591
849.318
2128.26
1064.1
1064.52
1062.97
2123.67
1062.74
2110.67
1056.19
1056.07
1059.63
2119.18
1059.77
605.016
773.511
573.865
845.117
576.869
847.299
601.477
617.578
791.709
585.015
857.737
589.297
865.499
611.876
2131.66
1067.07
1066.78
1068.46
2136.59
1068.84
2141.01
1070.67
1071.14
1070.37
2137.83
1069.94
661.732
837.19
633.26
897.061
633.732
661.276
897.607
663.451
839.54
636.311
900.811
635.517
664.244
900.287
2176.65
1089.24
1089.52
1090.55
2177.76
1090.27
2174.09
1088.47
1088.39
1090.25
2178.5
1090.43
651.097
825.67
623.475
887.16
622.972
886.055
651.547
648.133
823.593
619.708
883.383
620.007
884.199
647.884
2178.31
1090.69
1090.52
1090.95
2179.75
1091.13
2181.22
1091.77
1091.9
1091.77
2180.44
1091.59
590.227
745.216
563.791
799.195
567.384
587.108
811.416
631.364
810.254
617.191
891.516
606.247
643.589
869.667
2186.37
1094.64
1094.57
1094.66
2186.65
1094.69
2187.05
1094.92
1094.91
1094.91
2186.94
1094.86
501.839
632.134
483.2
687.392
485.009
690.492
499.494
515.386
682.27
497.554
734.085
497.365
735.617
515.437
2185.21
1093.88
1093.95
1093.95
2184.91
1093.84
2184.12
1093.57
1093.46
1093.75
2184.99
1093.84
621.733
797.736
593.77
860.552
593.52
621.967
859.368
627.313
802.65
598.502
864.466
598.985
626.875
865.701
2160.07
1081.43
1081.23
1082.34
2163.28
1082.61
2166.82
1084.17
1084.45
1083.87
2164.69
1083.59
629.224
805.184
601.467
865.534
601.293
865.841
629.525
634.403
809.237
606.365
870.539
606.281
869.895
634.361
2156.36
1078.71
1079.08
1078.49
2154.09
1078.17
2146.63
1074.55
1074.42
1076.53
2152.07
1076.78
590.909
758.613
565.003
820.102
567.43
587.626
821.512
580.298
754.228
559.635
813.861
558.265
582.263
813.522
2100.43
1051.88
1050.95
1050.76
2102.87
1051.56
2105.52
1052.28
1052.86
1052.12
2101.57
1051.49
631.164
799.527
607.847
863.682
606.287
865.316
633.857
650.48
820.211
623.753
884.014
624.133
883.813
649.754
2105.13
1051.78
1052.65
1052.64
2102.87
1052.18
2093.09
1047.83
1047.17
1049.93
2101.05
1050.31
748.236
718.41
703.612
721.791
746.985
729.719
752.011
412.88
489.685
485.719
426.892
413.544
708.422
669.558
706.701
690.166
644.766
652.541
687.573
717.318
729.799
691.145
684.893
724.789
729.28
668.253
465.931
405.832
380.323
489.199
402.726
421.642
590.879
758.576
564.97
820.06
567.411
587.578
821.475
580.175
754.124
559.558
813.762
558.167
582.169
813.422
2099.85
1051.62
1050.66
1050.55
2102.55
1051.38
2105.18
1052.13
1052.7
1051.95
2101.29
1051.34
2104.52
1051.5
1052.37
1052.35
2102.36
1051.9
1047.49
2092.48
1046.84
1049.64
2100.46
1050.01
631.186
799.558
607.887
863.728
606.314
865.34
633.894
650.514
820.262
623.789
884.063
624.17
883.869
649.787
621.755
797.766
593.792
860.584
593.542
621.989
859.4
627.323
802.669
598.513
864.483
598.995
626.887
865.724
2159.99
1081.41
1081.22
1082.32
2163.28
1082.59
2166.85
1084.16
1084.47
1083.85
2164.6
1083.54
2156.24
1078.68
1079
1078.47
2154.12
1078.2
1074.52
2146.62
1074.39
1076.51
2151.96
1076.75
629.255
805.223
601.496
865.574
601.323
865.884
629.554
634.422
809.26
606.386
870.562
606.3
869.922
634.381
590.306
745.305
563.869
799.289
567.462
587.187
811.511
631.443
810.346
617.269
891.611
606.325
643.667
869.763
2186.38
1094.63
1094.57
1094.66
2186.63
1094.69
2187.05
1094.92
1094.91
1094.91
2186.95
1094.87
2185.2
1093.88
1093.95
1093.94
2184.91
1093.84
1093.57
2184.12
1093.46
1093.74
2184.98
1093.84
501.919
632.223
483.28
687.485
485.089
690.586
499.574
515.467
682.363
497.634
734.182
497.445
735.713
515.517
661.81
837.28
633.336
897.155
633.809
661.353
897.702
663.519
839.619
636.378
900.897
635.584
664.312
900.37
2176.59
1089.25
1089.54
1090.56
2177.87
1090.28
2174.11
1088.48
1088.38
1090.25
2178.5
1090.45
2178.32
1090.7
1090.52
1090.96
2179.75
1091.13
1091.77
2181.23
1091.91
1091.77
2180.45
1091.6
651.106
825.674
623.484
887.165
622.982
886.058
651.555
648.166
823.631
619.738
883.415
620.039
884.24
647.913
626.34
788.988
602.2
846.933
601.938
626.783
847.661
630.402
790.772
606.051
850.053
605.675
630.588
849.313
2128.41
1064.18
1064.6
1063.05
2123.82
1062.81
2110.78
1056.31
1056.13
1059.73
2119.48
1059.92
2131.76
1067.13
1066.83
1068.51
2136.71
1068.89
1070.71
2140.95
1071.15
1070.42
2138.06
1070.02
604.983
773.462
573.83
845.069
576.834
847.249
601.443
617.564
791.681
584.995
857.703
589.28
865.47
611.858
556.373
727.022
538.872
788.563
536.058
559.477
784.662
566.549
735.147
542.687
791.174
545.209
563.395
796.076
2144.33
1072.5
1074.97
979.683
2149.53
1074.04
2441.55
1723.17
3031.15
2105.2
1057.86
1053.78
1047.92
2098.91
1049.81
1045.84
2093.65
1046.69
1047.17
2090.49
1045.95
581.15
773.879
563.358
849.458
553.865
835.509
589.957
578.698
513.137
517.728
780.884
473.489
677.91
671.012
1008.79
877.832
1017.35
1073.09
1055.58
938.607
980.388
172.805
174.861
172.622
171.406
170.85
169.753
170.428
253.279
259.096
266.051
240.193
238.421
239.553
242.862
206.57
199.718
220.839
193.991
196.838
200.472
194.392
204.949
319.299
237.684
204.122
198.389
213.999
196.196
285.667
328.155
293.752
263.583
263.154
263.311
266.21
195.47
190.309
180.785
198.747
183.322
184.325
181.088
196.532
190.742
180.881
199.873
183.393
184.369
181.176
205.54
321.564
238.824
204.461
198.673
214.674
196.401
284.608
326.484
292.985
262.799
262.282
262.49
265.295
773.835
806.62
730.564
681.417
686.258
668.345
700.301
408.512
388.723
372.028
361.118
409.104
378.934
366.345
351.922
335.459
465.484
363.453
328.44
403.478
367.623
700.983
616.421
605.421
667.267
644.213
583.933
591.633
658.472
660.575
656.757
642.619
643.324
643.758
644.022
480.469
452.383
478.283
461.459
462.223
473.237
487.61
491.633
526.092
491.598
504.511
517.257
487.576
496.38
654.131
642.351
677.502
634.997
621.927
634.567
615.054
479.982
473.134
478.12
482.916
492.21
469.094
487.121
634.32
684.615
656.386
626.422
603.722
612.711
630.005
343.132
328.673
360.904
460.887
323.602
400.785
354.644
698.743
566.459
555.957
658.705
628.872
540.483
544.015
479.62
455.705
462.911
474.806
463.936
483.251
471.688
674.005
693.169
686.179
661.295
649.732
651.058
663.695
500.4
538.265
511.147
498.226
528.774
494.15
505.843
490.632
480.342
482.496
489.848
497.03
476.308
498.78
708.286
659.471
731.941
636.066
603.719
600.941
635.378
832.996
786.359
872.154
872.367
743.514
822.187
786.608
1513.55
1078.24
1078.31
1506.32
1615.22
1484.4
1681.09
2088.4
1693.46
1751.96
1736.97
2021.63
1782.66
1768.36
275.326
287.325
302.827
311.652
274.642
278.961
295.437
1147.07
586.011
547.843
512.67
1130.51
1100.34
539.311
485.86
1043.5
909.981
491.398
1020.46
504.343
479.3
794.064
730.727
802.919
798.018
714.596
782.876
727.208
1477.51
1092
1094.69
1459.83
1517.65
1442.43
1574.05
1730.96
1565.86
1598.73
1460.07
1700.49
1674.52
1467.39
284.716
297.589
312.868
323.62
281.571
287.988
306.664
1180.38
664.735
634.015
618.078
1120.37
1067.36
640.127
586.157
847.319
982.221
572.919
931.725
603.845
559.073
1655.75
1224.3
1287.73
1587.85
1591.73
1548.64
1150.07
488.056
474.883
460.244
467.461
493.902
476.155
479.2
435.68
464.54
465.724
442.187
437.754
459.779
440.674
416.82
455.044
460.71
504.043
456.268
421.952
446.849
1272.37
2535.39
1272.71
2563.06
1278.66
1289.24
1214.85
2115.1
1118.22
1747.24
1857.39
1251.13
1589.51
1550.22
1864.91
1808.04
550.565
756.522
545.83
799.035
542.068
793.637
558.436
555.271
734.526
538.22
815.213
534.384
825.586
554.581
561.66
718.689
819.812
552.264
544.428
804.952
574.466
331.118
221.115
333.916
200.732
216.634
219.379
203.818
365.401
305.551
370.196
237.861
239.774
242.909
241.856
333.462
222.769
340.621
201.11
217.426
220.609
204.328
363.004
303.201
365.173
237.381
239.795
242.788
241.272
334.46
477.439
366.09
376.855
401.645
340.844
469.243
578.909
821.042
593.05
689.135
557.705
549.738
720.211
916.62
567.902
687.569
661.824
865.094
678.335
594.884
540.541
600.551
542.223
566.384
531.52
540.385
617.064
1528.83
1464.05
1611.39
1166.31
1237.57
1297.14
1211.24
343.578
483.124
383.951
400.09
409.249
352.687
483.444
629.251
788.847
641.815
691.382
614.053
602.351
717.348
819.852
575.892
662.367
646.539
784.134
655.409
594.593
530.42
566.5
520.413
539.825
521.478
529.091
576.223
1220.6
1162.72
1269.09
971.657
1044.76
1067.86
991.356
213.627
214.853
207.489
212.651
207.545
201.628
199.43
213.511
214.513
207.386
212.386
207.434
201.515
199.275
609.316
614.156
580.206
584.119
592.554
623.945
595.219
677.235
719.622
688.306
674.522
689.741
705.579
668.666
701.451
792.079
754.95
771.686
762.434
731.908
754.181
685.36
638.805
662.889
654.507
662.544
687.825
632.193
668.044
723.967
743.654
710.97
731.403
732.966
649.974
644.592
615.218
649.026
677.557
671.836
630.267
654.779
634.318
629.131
647.078
634.31
616.294
626.182
617.167
419.347
458.155
410.145
407.103
407.401
452.35
424.105
417.571
418.209
419.003
414.441
413.087
413.433
413.547
484.727
561.768
637.649
583.093
483.087
563.299
585.687
445.169
435.668
430.316
438.517
478.426
472.491
443.891
489.206
598.437
641.982
571.62
567.103
591.363
494.382
421.763
427.561
423.296
418.941
420.55
417.878
423.434
414.561
402.33
402.228
445.514
413.411
402.747
446.99
394.026
424.638
383.376
383.306
383.272
394.293
424.012
395.061
396.154
395.911
392.32
391.787
392.538
391.64
416.093
402.355
402.211
412.404
446.039
446.03
412.529
465.63
549.264
624.266
561.156
465.696
549.192
561.173
465.728
562.254
549.033
624.233
549.123
465.96
561.578
394.906
395.915
395.775
392.272
391.643
391.538
392.448
393.965
383.291
383.418
423.899
394.148
383.295
423.74
406.844
436.369
395.069
396.092
396.167
436.817
406.595
413.508
415.491
414.399
409.166
409.882
410.499
409.105
478.572
559.685
630.122
578.732
480.392
558.341
575.489
433.257
419.284
419.482
426.905
459.306
459.782
426.585
477.131
572.2
628.58
556.882
557.248
573.275
476.641
408.276
396.456
398.348
441.158
409.953
397.459
438.636
412.452
413.188
413.274
407.979
407.969
408.023
407.81
397.867
427.013
387.604
387.321
387.452
426.78
398.116
398.551
399
399.428
395.796
394.91
395.441
395.116
469.128
552.41
627.741
563.596
468.702
553.363
563.569
420.679
407.163
406.746
416.663
450.816
450.467
416.973
469.631
563.85
628.396
554.381
554.101
563.766
469.837
399.423
400.61
400.288
396.49
396.062
395.889
396.771
397.315
386.703
386.596
426.548
397.08
386.798
426.437
403.263
430.026
393.259
392.529
393.248
429.645
403.365
406.638
407.856
407.705
403.188
402.787
403.332
402.698
475.492
562.076
633.63
565.348
475.552
562.03
565.32
428.537
414.139
414.223
423.583
457.85
457.967
423.54
475.45
565.9
633.561
561.765
561.873
565.462
475.54
406.392
407.404
407.458
403.032
402.501
402.508
403.034
403.308
392.582
393.4
429.685
403.432
393.332
429.564
410.381
434.739
400.821
399.607
400.816
410.463
434.468
415.335
416.711
416.61
411.383
411.066
411.497
411
438.103
423.454
423.487
432.108
466.925
466.954
432.113
482.881
571.328
640.689
569.139
482.927
571.326
569.054
482.883
569.499
571.28
640.657
571.294
482.989
569.189
415.167
416.412
416.44
411.274
410.868
410.87
411.289
410.416
399.653
400.933
434.534
410.523
400.879
434.411
406.622
432.439
395.96
396.869
396.801
432.292
406.756
409.791
410.601
410.908
406.305
405.673
406.066
405.813
478.571
565.011
636.657
567.628
478.31
565.633
567.557
432.704
418.534
418.32
427.341
462.016
461.836
427.504
478.888
567.759
637.007
566.227
566.085
567.681
479.004
406.286
395.599
396.286
432.182
406.141
396.419
432.072
410.351
411.637
411.482
406.75
406.377
406.296
406.894
413.792
437.533
404.402
403.087
404.37
437.403
413.878
418.617
419.729
419.928
414.642
414.165
414.495
414.257
486.107
574.653
643.986
571.84
485.997
575.014
571.743
442.077
427.507
427.413
435.755
470.763
470.683
435.835
486.282
571.938
644.211
575.285
575.25
571.83
486.344
418.998
420.392
420.325
414.936
414.616
414.578
415.012
413.575
402.85
404.036
437.366
413.501
404.124
437.252
414.621
437.754
405.364
403.93
405.349
437.514
414.709
420.333
421.773
421.709
416.148
415.857
416.22
415.821
486.933
576.365
644.956
571.585
486.988
576.326
571.507
443.382
428.712
428.708
436.904
471.903
471.882
436.942
486.923
571.888
644.946
576.285
576.271
571.596
487.037
420.231
421.596
421.595
416.082
415.76
415.748
416.119
414.637
403.949
405.408
437.563
414.712
405.38
437.463
416.745
438.801
407.666
406.071
407.654
416.818
438.61
423.117
424.75
424.735
418.746
418.395
418.782
418.383
446.979
432.112
432.103
439.756
474.911
474.877
439.796
489.209
579.659
646.901
572.229
489.266
579.641
572.096
489.214
572.375
579.649
646.909
579.625
489.31
572.15
423.093
424.708
424.705
418.73
418.378
418.367
418.764
416.742
406.068
407.667
438.688
416.801
407.657
438.569
416.036
438.664
405.375
406.861
406.843
438.576
416.097
421.786
423.173
423.217
417.575
417.227
417.573
417.236
488.319
577.943
646.271
572.694
488.378
578.018
572.452
445.315
430.661
430.583
438.548
473.633
473.563
438.618
488.376
572.487
646.321
578.187
578.134
572.42
488.434
415.974
405.306
406.761
438.77
416.026
406.768
438.566
421.932
423.433
423.383
417.685
417.374
417.351
417.74
416.745
438.805
407.664
406.07
407.652
438.616
416.817
423.115
424.748
424.733
418.744
418.393
418.78
418.381
489.212
579.659
646.902
572.231
489.267
579.643
572.101
446.977
432.11
432.101
439.755
474.908
474.875
439.794
489.218
572.378
646.913
579.648
579.628
572.159
489.312
423.091
424.705
424.702
418.728
418.376
418.365
418.762
416.742
406.067
407.666
438.689
416.8
407.655
438.573
416.04
438.676
406.865
405.379
406.846
438.586
416.101
421.787
423.173
423.217
417.576
417.228
417.574
417.237
488.325
577.943
646.277
572.706
488.382
578.019
572.464
445.315
430.662
430.583
438.549
473.634
473.562
438.62
488.381
572.502
646.325
578.192
578.135
572.43
488.442
421.933
423.434
423.384
417.687
417.376
417.352
417.742
415.978
405.31
406.763
438.78
416.029
406.771
438.576
413.806
437.555
404.416
403.101
404.383
413.892
437.425
418.623
419.735
419.934
414.649
414.173
414.501
414.265
442.084
427.515
427.422
435.763
470.769
470.687
435.844
486.117
574.651
643.999
571.862
486.005
575.015
571.766
486.295
571.962
575.292
644.226
575.256
486.358
571.854
419.009
420.402
420.335
414.946
414.626
414.588
415.023
413.586
402.861
404.045
437.386
413.511
404.134
437.273
414.628
437.768
403.937
405.37
405.356
437.527
414.716
420.337
421.777
421.713
416.153
415.862
416.224
415.826
486.941
576.369
644.963
571.599
486.996
576.329
571.523
443.385
428.715
428.712
436.908
471.904
471.884
436.945
486.932
571.9
644.956
576.285
576.276
571.614
487.043
414.644
403.956
405.414
437.576
414.718
405.386
437.476
420.236
421.6
421.599
416.087
415.765
415.753
416.124
410.399
434.766
400.837
399.624
400.832
434.496
410.48
415.347
416.722
416.622
411.396
411.079
411.51
411.013
482.892
571.335
640.709
569.166
482.942
571.327
569.081
438.112
423.466
423.498
432.119
466.93
466.962
432.123
482.903
569.528
640.678
571.286
571.307
569.218
483.004
415.18
416.425
416.451
411.287
410.882
410.884
411.303
410.433
399.671
400.949
434.559
410.54
400.896
434.436
406.66
432.49
396.906
395.999
396.838
432.347
406.794
409.822
410.632
410.938
406.337
405.705
406.098
405.844
478.581
565.025
636.685
567.679
478.339
565.623
567.582
432.73
418.563
418.349
427.372
462.037
461.862
427.532
478.94
567.814
637.061
566.252
566.127
567.759
479.04
410.381
411.667
411.512
406.783
406.409
406.328
406.926
406.32
395.637
396.322
432.232
406.177
396.455
432.117
397.973
427.135
387.71
387.429
387.557
398.221
426.909
398.654
399.106
399.53
395.899
395.016
395.547
395.22
420.765
407.257
406.84
416.75
450.885
450.535
417.059
469.212
552.476
627.859
563.726
468.794
553.425
563.694
469.723
563.974
554.445
628.488
554.162
469.926
563.886
399.521
400.708
400.386
396.59
396.162
395.989
396.871
397.42
386.813
386.706
426.677
397.19
386.906
426.551
403.319
430.096
392.585
393.314
393.302
429.722
403.421
406.683
407.901
407.75
403.234
402.833
403.378
402.745
475.527
562.104
633.671
565.413
475.595
562.042
565.365
428.579
414.187
414.269
423.628
457.884
458.005
423.584
475.506
565.97
633.631
561.799
561.923
565.552
475.589
403.357
392.635
393.451
429.748
403.482
393.382
429.618
406.44
407.454
407.506
403.081
402.551
402.557
403.085
394.176
424.813
383.533
383.459
383.424
424.179
394.451
395.198
396.289
396.05
392.459
391.923
392.674
391.778
465.752
549.356
624.404
561.313
465.816
549.284
561.331
416.231
402.515
402.358
412.536
446.158
446.138
412.671
465.858
562.425
624.378
549.139
549.221
561.745
466.096
395.055
396.077
395.926
392.423
391.799
391.688
392.607
394.105
383.432
383.557
424.055
394.285
383.436
423.897
407.144
436.667
396.4
395.365
396.477
437.111
406.892
413.829
415.808
414.72
409.49
410.209
410.822
409.431
478.821
559.851
630.336
578.975
480.626
558.526
575.75
433.538
419.592
419.792
427.185
459.524
460.002
426.861
477.373
572.465
628.796
557.067
557.422
573.534
476.888
412.773
413.509
413.597
408.301
408.291
408.346
408.128
408.58
396.757
398.666
441.448
410.251
397.776
438.938
607.293
612.435
578.505
582.478
590.765
593.452
621.938
673.887
715.261
684.657
671.483
686.402
702.003
665.695
681.936
636.326
659.903
652.042
660.138
684.957
630.112
699.279
789.865
752.795
768.765
760.596
729.368
751.682
666.254
722.262
709.666
741.937
729.884
648.448
730.917
642.077
612.974
646.422
674.681
668.983
627.91
652.269
631.928
626.795
644.382
631.982
614.316
624.025
615.146
419.611
458.358
407.371
410.419
407.692
452.59
424.334
417.879
418.509
419.307
414.758
413.403
413.745
413.865
484.948
561.918
637.83
583.322
483.312
563.445
585.91
445.339
435.843
430.545
438.738
478.482
472.612
444.065
489.401
598.558
642.104
571.687
567.212
591.539
494.529
414.855
402.618
402.535
445.795
413.7
403.056
447.273
422.035
427.785
423.557
419.226
420.824
418.168
423.686
501.206
483.685
487.241
486.03
491.873
480.892
494.677
484.437
493.89
507.899
502.894
492.338
485.931
499.53
456.099
436.698
442.932
457.52
461.208
434.789
454.185
471.358
446.254
477.333
497.852
475.741
447.67
490.122
467.441
472.532
454.791
471.936
450.242
464.201
481.73
483.722
492.456
503.341
489.254
490.79
496.136
484.42
510.173
487.717
504.465
508.544
492.48
498.057
501.847
637.315
754.87
785.003
643.065
698.508
785.187
751.991
479.032
743.1
721.706
598.591
565.776
701.046
723.216
431.453
687.837
687.913
500.939
498.998
650.486
651.107
443.695
687.926
690.719
504.418
509.514
655.429
652.5
731.636
819.518
816.117
763.941
755.831
786.892
844.491
720.777
681.622
724.788
745.013
698.508
739.491
699.049
678.307
667.605
663.486
706.366
698.831
727.032
684.036
487.53
471.889
487.642
473.143
489.243
474.727
472.826
457.345
466.726
461.164
465.539
471.505
464.479
471.923
490.756
481.525
497.464
476.767
492.788
478.632
484.25
428.946
435.04
434.923
437.446
433.931
433.798
437.57
475.187
457.406
475.221
456.826
474.599
456.16
456.746
474.798
456.518
474.242
456.454
474.227
455.793
455.89
485.412
471.296
487.017
470.865
486.468
471.527
472.262
447.06
452.634
452.674
455.819
451.786
452.389
455.502
485.365
470.857
486.361
470.646
486.311
471.268
471.223
438.59
695.139
694.247
505.327
504.533
654.659
655.083
443.165
696.765
697.805
507.196
508.016
657.174
656.555
453.104
704.841
705.381
515.697
516.17
663.236
662.882
449.953
703.245
702.959
514.064
513.765
661.337
661.43
478.324
459.148
476.77
460.085
477.835
459.476
458.491
433.982
441.11
440.153
442.66
439.576
438.759
443.67
480.008
462.871
480.742
461.797
479.518
461.19
462.343
490.219
472.824
490.945
472.311
490.35
472.223
472.768
442.902
449.446
449.692
452.516
447.62
447.829
452.236
489.562
471.355
489.282
471.664
489.681
471.561
471.225
453.881
461.602
461.693
464.699
458.741
458.821
464.585
503.387
485.298
504.274
485.032
504.009
485.369
485.68
502.982
484.492
503.487
484.598
503.622
484.948
484.821
493.673
474.947
492.926
475.777
493.92
475.764
474.898
447.721
455.51
454.929
457.781
453.063
452.602
458.389
495.246
477.982
496.478
477.255
495.538
477.292
478.056
458.084
709.245
709.372
520.468
520.573
666.523
666.36
458.823
709.868
709.915
521.021
521.098
666.9
666.889
462.654
711.989
711.934
523.309
523.274
668.71
668.74
461.616
711.515
711.58
522.893
522.931
668.342
668.299
506.202
487.7
506.385
488.168
506.934
488.586
488.053
458.38
466.63
466.387
469.439
463.53
463.298
469.722
507.278
489.54
508.304
489.277
508.012
489.696
490.015
508.883
491.434
510.072
491.163
509.76
491.699
491.976
459.828
467.842
467.899
471.019
464.763
464.766
470.967
508.423
490.631
509.137
490.721
509.26
491.221
491.139
464.846
474.236
474.275
477.499
469.737
469.716
477.474
518.997
499.247
520.502
499.198
520.483
500.201
500.248
518.796
498.947
520.129
499.025
520.257
500.004
499.944
511.191
493.071
511.788
493.336
512.16
493.932
493.691
462.303
471.023
470.787
473.977
467.38
467.234
474.189
512.096
494.439
513.652
494.085
513.17
494.771
495.094
462.654
711.994
711.941
523.309
523.275
668.721
668.75
461.614
711.522
711.584
522.893
522.93
668.352
668.31
458.092
709.255
709.38
520.473
520.578
666.544
666.38
458.827
709.876
709.92
521.023
521.1
666.916
666.903
518.995
499.247
520.501
499.197
520.482
500.2
500.248
464.844
474.233
474.273
477.496
469.734
469.714
477.471
518.794
498.944
520.126
499.023
520.255
500.002
499.941
511.192
493.058
511.775
493.34
512.16
493.934
493.679
462.303
471.02
470.788
473.978
467.38
467.233
474.186
512.099
494.43
513.642
494.09
513.172
494.774
495.086
458.383
466.631
466.386
469.438
463.533
463.3
469.722
506.203
487.695
506.376
488.169
506.932
488.584
488.045
507.265
489.534
508.291
489.27
507.998
489.688
490.009
508.874
491.44
510.074
491.155
509.75
491.691
491.979
459.83
467.844
467.898
471.018
464.765
464.768
470.969
508.416
490.637
509.139
490.714
509.252
491.214
491.143
453.115
704.851
705.399
515.706
516.171
663.26
662.914
449.97
703.267
702.98
514.073
513.775
661.373
661.464
438.655
695.189
694.288
505.366
504.573
654.748
655.163
443.213
696.803
697.843
507.225
508.046
657.239
656.624
503.382
485.297
504.265
485.032
504.003
485.368
485.677
453.891
461.61
461.702
464.708
458.749
458.829
464.592
502.988
484.499
503.488
484.608
503.627
484.956
484.826
493.687
474.96
492.93
475.8
493.932
475.783
474.908
447.744
455.527
454.947
457.799
453.085
452.624
458.405
495.25
477.987
496.473
477.27
495.541
477.304
478.061
434.072
441.192
440.236
442.741
439.658
438.842
443.75
478.388
459.239
476.837
460.169
477.897
459.556
458.578
480.06
462.942
480.789
461.869
479.568
461.259
462.409
490.231
472.854
490.962
472.333
490.361
472.244
472.795
442.946
449.488
449.731
452.554
447.663
447.87
452.277
489.583
471.395
489.307
471.695
489.701
471.591
471.261
431.616
687.927
688.003
501.069
499.111
650.657
651.286
443.966
688.027
690.806
504.574
509.677
655.652
652.707
634.991
753.902
783.299
641.08
695.31
783.655
751.067
478.904
742.386
721.368
597.478
565.222
700.9
722.776
475.286
457.521
475.309
456.952
474.699
456.284
456.858
429.102
435.215
435.079
437.603
434.097
433.947
437.745
474.917
456.682
474.377
456.602
474.347
455.939
456.054
485.501
471.434
487.026
471.044
486.53
471.68
472.367
447.361
452.915
452.946
456.082
452.068
452.664
455.777
485.49
471.083
486.489
470.862
486.416
471.463
471.433
715.962
678.171
719.995
739.204
694.475
733.798
695.027
730.162
810.027
811.776
757.658
753.546
779.479
832.53
677.421
664.294
662.237
702.439
697.226
722.281
680.35
487.489
471.992
487.607
473.214
489.154
474.755
472.897
457.489
466.703
461.238
465.59
471.489
464.57
471.86
490.616
481.382
497.117
476.74
492.586
478.553
484.034
765.4
759.553
767.643
758.138
752.034
752.932
753.34
779.049
819.564
796.843
776.911
766.701
834.867
801.752
723.532
708.55
720.514
692.363
716.887
711.604
724.771
743.776
713.604
767.684
738.231
730.384
750.424
753.58
798.009
782.8
786.064
788.603
799.358
806.553
790.577
801.511
779.192
849.66
851.151
852.982
825.409
810.718
764.734
775.837
774.409
771.856
768.315
762.86
778.008
590.311
584.481
571.856
510.651
519.611
496.023
459.811
502.355
481.979
486.529
483.877
479.748
488.988
493.729
459.156
440.116
446.207
461.046
465.179
438.235
457.41
481.812
494.542
503.66
495.927
492.308
483.464
492.693
472.506
450.259
481.684
499.321
477.032
451.096
491.323
468.622
473.827
456.992
475.327
453.062
465.617
482.853
480.898
486.648
486.82
498.806
489.785
481.145
489.66
512.359
485.548
501.187
507.901
490.088
494.8
500.885
759.657
754.059
761.185
752.788
747.493
748.305
748.405
775.127
816.652
793.378
773.604
763.506
831.178
797.703
719.557
705.191
717.034
688.864
713.402
707.96
720.805
738.984
709.144
762.302
733.425
725.825
745.491
748.559
788.392
773.614
777.336
781.691
792.04
799.196
783.384
796.769
775.57
844.154
846.689
848.61
820.478
805.75
758.02
767.528
766.671
765.338
761.794
756.725
771.055
583.515
584.705
566.715
507.491
518.321
491.271
455.034
525.427
572.121
524.859
505.038
547.611
510.22
553.404
576.808
588.351
556.272
556.419
622.925
586.063
592.03
503.561
500.823
511.86
505.621
492.799
498.84
494.881
564.277
622.235
695.611
655.636
634.474
663.691
553.033
588.073
697.381
680.093
707.802
612.288
656.265
680.878
536.806
570.52
543.904
536.018
547.673
561.665
531.087
499.309
479.402
477.171
523.242
482.446
530.575
490.157
439.28
470.751
423.24
425.283
435.558
425.2
474.415
467.829
445.75
451.336
459.207
487.627
453.762
494.287
453.225
469.302
456.737
452.326
456.977
464.626
449.364
519.333
604.827
667.022
636.823
593.296
531.608
625.06
508.106
609.461
578.804
659.322
503.455
583.47
614.501
439.035
438.757
442.673
438.715
433.316
434.709
435.431
451.646
437.364
444.901
497.524
463.041
437.839
486.319
394.019
424.85
383.28
383.222
394.107
424.728
383.157
416.021
402.184
402.215
412.167
445.488
412.152
445.543
466.004
548.916
623.71
563.822
548.479
562.948
466.759
395.774
397.641
396.68
392.993
392.843
392.303
393.867
465.473
562.441
548.179
623.792
465.456
548.165
562.508
394.524
383.666
426.155
384.034
425.21
383.619
395.281
394.922
395.836
395.825
392.254
391.562
392.293
391.525
399.25
431.489
387.815
389.432
401.027
429.481
388.403
424.668
413.182
410.675
418.812
454.49
421.089
451.95
468.618
549.79
623.879
564.554
550.222
468.194
565.077
400.621
401.232
401.651
397.25
396.595
396.94
396.759
470.225
568.69
553.367
624.671
472.21
551.598
566.482
397.588
386.267
427.736
386.632
397.382
427.923
386.727
403.157
406.16
404.181
399.362
400.185
401.271
399.023
399.78
428.142
389.402
389.112
399.771
389.464
427.794
423.452
409.028
409.346
419.132
452.753
418.87
453.179
402.262
403.424
403.217
399.129
398.681
398.565
399.315
471.945
557.388
630.472
564.353
557.262
564.332
472.048
471.752
564.774
556.443
630.199
471.652
556.896
564.387
401.78
402.526
402.744
398.775
398.068
398.633
398.156
399.983
389.336
389.828
427.964
389.732
427.806
400.145
402.484
429.708
392.483
391.849
402.643
392.398
429.536
427.136
413.174
412.938
422.377
456.786
422.558
456.589
404.755
405.51
405.766
401.572
400.893
401.38
401.005
474.267
559.585
632.63
565.749
560.108
474.081
565.546
474.546
565.689
560.692
632.926
474.668
560.544
565.621
405.256
406.448
406.267
401.962
401.539
402.13
401.44
402.205
391.543
391.967
429.602
402.12
392.066
429.389
409.764
434.405
399.047
400.186
409.86
434.28
400.143
437.113
422.678
422.56
431.22
466.053
431.319
465.953
482.065
569.843
639.882
569.278
570.132
569.081
481.992
414
415.083
415.242
410.227
409.724
409.79
410.12
482.217
569.197
570.419
640.094
482.279
570.378
569.145
409.605
398.87
434.372
399.895
434.202
399.954
409.573
414.308
415.646
415.559
410.463
410.101
410.557
410.051
407.66
433.054
396.92
397.892
407.715
432.766
397.905
434.328
419.71
419.835
428.759
463.252
428.679
463.402
480.117
567.868
638.022
567.895
567.806
480.182
567.834
411.94
413.242
413.14
408.207
407.831
408.31
407.772
480.052
568.262
567.491
637.954
480.082
567.657
567.938
407.729
396.998
432.843
398.051
407.829
432.724
398.004
411.707
412.814
412.9
408.045
407.561
408.015
407.586
413.662
437.315
404.312
402.95
413.77
404.28
437.065
442.084
427.486
427.429
435.706
470.695
435.783
470.616
418.931
420.283
420.249
414.874
414.552
414.524
414.931
485.973
574.966
643.949
571.394
574.946
571.282
486.023
486.022
571.638
575.052
643.976
486.162
574.97
571.358
419.008
420.38
420.343
414.913
414.596
414.978
414.567
413.633
402.929
404.287
437.121
404.264
436.998
413.706
414.361
437.642
405.073
403.696
414.431
405.049
437.535
442.856
428.292
428.225
436.461
471.426
436.526
471.366
419.694
421.006
421.029
415.615
415.267
415.626
415.266
486.618
575.688
644.668
571.933
575.731
486.686
571.708
486.627
571.772
575.799
644.707
486.676
575.775
571.685
419.806
421.197
421.149
415.692
415.384
415.753
415.354
414.321
403.643
404.995
437.731
414.381
404.994
437.529
416.683
438.788
406.012
407.583
416.739
438.694
407.57
446.754
431.954
431.904
439.599
474.747
439.655
474.693
489.119
579.354
646.846
572.564
579.361
572.316
489.206
422.877
424.435
424.448
418.55
418.197
418.191
418.574
489.14
572.362
579.459
646.86
489.193
579.426
572.274
416.659
405.985
438.911
407.546
438.707
407.538
416.731
422.95
424.568
424.538
418.604
418.263
418.648
418.246
416.175
438.699
405.503
407.028
416.255
438.477
407.015
445.759
430.956
430.974
438.858
473.927
438.882
473.919
488.604
578.685
646.397
572.206
578.627
488.664
572.139
422.299
423.868
423.82
417.997
417.673
418.05
417.651
488.564
572.484
578.505
646.392
488.651
578.526
572.211
416.193
405.516
438.52
407.057
416.253
438.433
407.04
422.208
423.697
423.708
417.933
417.598
417.964
417.587
416.685
438.795
407.583
406.013
416.741
407.57
438.701
446.754
431.953
431.904
439.599
474.747
439.655
474.693
422.876
424.434
424.448
418.549
418.197
418.191
418.574
489.125
579.353
646.849
572.573
579.364
572.326
489.21
489.145
572.37
579.462
646.864
489.198
579.428
572.283
422.95
424.567
424.537
418.604
418.262
418.648
418.246
416.662
405.986
407.547
438.917
407.539
438.715
416.732
416.178
438.707
407.03
405.505
416.257
407.017
438.486
445.758
430.955
430.974
438.859
473.925
438.881
473.919
422.298
423.867
423.82
417.997
417.673
418.05
417.651
488.607
578.689
646.399
572.218
578.627
488.671
572.147
488.571
572.492
578.503
646.397
488.654
578.53
572.224
422.207
423.696
423.707
417.933
417.598
417.965
417.587
416.195
405.518
407.058
438.529
416.256
407.041
438.44
413.676
437.336
402.964
404.325
413.785
437.085
404.294
442.094
427.497
427.44
435.716
470.702
435.793
470.623
485.987
574.974
643.963
571.416
574.953
571.3
486.037
418.942
420.293
420.26
414.886
414.563
414.536
414.943
486.036
571.66
575.06
643.991
486.176
574.977
571.383
413.646
402.943
437.141
404.3
437.019
404.277
413.72
419.019
420.391
420.354
414.925
414.608
414.99
414.579
414.371
437.658
403.706
405.082
414.441
437.552
405.058
442.861
428.298
428.231
436.467
471.429
436.531
471.369
486.627
575.693
644.678
571.953
575.733
486.696
571.724
419.701
421.012
421.036
415.622
415.274
415.634
415.274
486.638
571.787
575.803
644.721
486.686
575.781
571.706
414.331
403.653
437.748
405.004
414.391
437.545
405.003
419.813
421.204
421.155
415.699
415.392
415.761
415.362
409.787
434.437
400.207
399.07
409.882
400.165
434.314
437.126
422.693
422.576
431.234
466.062
431.333
465.961
414.017
415.1
415.258
410.245
409.742
409.808
410.138
482.093
569.853
639.932
569.314
570.158
569.135
482.011
482.228
569.229
570.428
640.097
482.297
570.372
569.157
414.324
415.662
415.575
410.481
410.119
410.575
410.068
409.626
398.894
399.917
434.406
399.976
434.229
409.595
407.691
433.097
397.923
396.953
407.746
397.935
432.81
434.349
419.734
419.859
428.782
463.268
428.701
463.42
411.964
413.265
413.164
408.233
407.856
408.336
407.797
480.139
567.885
638.055
567.938
567.817
480.209
567.873
480.084
568.307
567.507
637.989
480.11
567.679
567.987
411.732
412.839
412.924
408.071
407.588
408.042
407.612
407.758
397.029
398.08
432.883
407.858
398.033
432.762
399.867
428.249
389.202
389.491
399.861
427.898
389.552
423.524
409.109
409.424
419.204
452.81
418.943
453.237
472.015
557.438
630.534
564.452
557.303
564.41
472.12
402.34
403.503
403.296
399.209
398.762
398.645
399.395
471.829
564.881
556.495
630.312
471.728
556.958
564.515
400.067
389.423
428.063
389.913
427.904
389.817
400.23
401.862
402.61
402.826
398.859
398.152
398.718
398.239
402.551
429.79
391.917
392.55
402.71
429.621
392.464
427.188
413.232
412.995
422.432
456.83
422.613
456.633
474.317
559.622
632.688
565.833
560.141
474.138
565.617
404.817
405.573
405.828
401.635
400.957
401.444
401.069
474.612
565.776
560.737
633.007
474.73
560.589
565.717
402.272
391.613
429.686
392.036
402.189
429.468
392.134
405.316
406.508
406.327
402.024
401.601
402.192
401.502
394.209
425.054
383.414
383.47
394.295
383.349
424.933
416.208
402.375
402.413
412.344
445.63
412.323
445.692
395.994
397.884
396.904
393.21
393.072
392.521
394.1
466.165
549.06
623.9
564.031
548.599
563.146
466.944
465.648
562.64
548.309
623.952
465.621
548.3
562.709
395.119
396.033
396.027
392.452
391.756
392.487
391.722
394.728
383.871
384.251
426.378
383.828
425.424
395.497
399.527
431.772
389.726
388.089
401.315
388.688
429.758
424.955
413.501
410.98
419.08
454.722
421.368
452.178
400.905
401.515
401.943
397.531
396.872
397.214
397.039
468.832
549.957
624.062
564.79
550.384
468.41
565.294
470.466
568.941
553.557
624.908
472.452
551.793
566.756
403.463
406.485
404.492
399.663
400.498
401.587
399.326
397.847
386.522
386.894
427.994
397.636
386.992
428.182
524.524
570.945
504.278
523.914
546.448
552.494
509.439
575.409
586.796
555.087
555.385
621.203
584.692
590.725
563.699
621.758
695.009
655.072
633.929
662.968
552.546
503.001
500.217
511.203
505.026
492.321
498.33
494.362
587.274
696.121
679.173
706.955
611.243
655.559
679.911
498.701
478.917
522.725
476.742
529.931
481.969
489.65
535.833
569.185
542.833
535.078
546.644
560.452
530.217
439.363
470.831
425.384
423.378
435.661
474.456
425.332
467.766
445.793
451.366
459.24
487.555
453.813
494.175
519.253
604.576
666.864
636.517
593.157
531.402
624.917
453.197
469.121
456.67
452.315
456.932
464.501
449.379
508.122
609.474
578.771
659.261
503.496
583.415
614.454
451.617
437.366
497.33
444.862
462.89
486.258
437.866
439.142
438.839
442.754
438.828
433.449
434.83
435.562
757.939
665.977
779.977
664.81
729.87
758.194
658.37
888.526
915.626
986.49
947.551
1024.06
971.78
913.83
928.189
966.64
956.259
965.286
949.651
935.831
968.063
1107.09
1060.74
1244.06
1009.77
1149.96
1033.67
1079.61
747.801
661.154
776.283
658.912
722.651
755.038
654.772
869.422
949.734
897.982
914.31
978.258
933.093
891.345
904.855
936.489
933.646
939.49
916.607
910.111
933.295
1028.59
972.757
1098.74
952.738
1058.64
970.171
983.734
594.713
630.284
591.691
606.612
651.75
611.594
647.679
554.507
538.559
548.061
556.014
564.269
566.769
546.15
579.908
619.394
620.108
586.763
591.32
599.304
635.422
479.895
474.779
482.171
489.019
480.147
490.061
479.944
515.443
519.103
531.618
506.375
520.191
511.461
526.154
505.74
488.412
503.558
494.555
509.79
498.851
491.151
429.18
435.119
435.391
437.999
433.798
434.112
437.601
476.275
459.709
477.598
458.129
475.934
457.678
459.546
475.246
456.663
474.381
456.942
474.804
456.415
455.999
439.676
449.031
446.566
449.498
448.031
444.794
452.314
481.205
462.48
479.87
463.971
481.504
464.104
462.272
483.193
468.504
485.045
466.824
483.63
466.99
469.058
437.048
442.768
443.386
446.036
441.286
441.893
445.343
484.274
466.736
484.745
466.103
484.043
465.724
466.414
483.342
464.475
482.279
465.148
483.099
464.747
464.001
441.343
448.549
448.013
450.747
446.68
446.214
451.319
486.842
468.218
486.06
468.863
486.782
468.61
467.911
487.831
470.495
488.447
469.902
487.791
469.671
470.319
452.859
460.924
460.645
463.597
458.009
457.757
463.904
501.254
482.306
501.266
482.757
501.796
483.024
482.539
502.038
483.872
502.93
483.561
502.594
483.84
484.193
449.561
456.672
456.996
459.913
454.221
454.474
459.569
498.851
480.747
499.801
480.337
499.303
480.537
480.972
498.054
479.202
497.864
479.633
498.48
479.797
479.356
458.463
466.629
466.546
469.634
463.51
463.407
469.722
506.741
488.762
507.345
488.815
507.497
489.272
489.211
507.397
489.545
508.293
489.461
508.187
489.929
490.019
459.227
467.379
467.241
470.339
464.288
464.16
470.486
507.394
489.514
508.018
489.64
508.158
490.091
489.958
507.748
490.167
508.669
490.014
508.529
490.479
490.648
464.5
473.935
473.804
477.033
469.48
469.389
477.149
517.385
497.67
518.397
497.881
518.733
498.774
498.602
517.989
498.563
519.627
498.378
519.421
499.343
499.51
462.978
471.565
471.737
474.91
467.837
467.871
474.777
515.194
496.591
516.999
496.233
516.479
497.083
497.409
514.172
495.183
514.781
495.491
515.312
496.219
495.961
464.499
473.934
473.802
477.031
469.479
469.388
477.148
517.382
497.667
518.392
497.879
518.73
498.772
498.598
517.986
498.561
519.625
498.375
519.417
499.34
499.508
462.977
471.563
471.735
474.908
467.835
467.87
474.775
515.19
496.588
516.995
496.23
516.474
497.079
497.406
514.169
495.18
514.776
495.489
515.309
496.216
495.957
458.473
466.636
466.555
469.642
463.518
463.415
469.729
506.743
488.766
507.345
488.819
507.499
489.276
489.214
507.402
489.55
508.294
489.469
508.191
489.936
490.023
459.232
467.382
467.243
470.341
464.292
464.164
470.488
507.392
489.514
508.015
489.641
508.156
490.09
489.957
507.746
490.169
508.668
490.014
508.526
490.479
490.648
452.872
460.934
460.653
463.604
458.02
457.768
463.913
501.252
482.309
501.262
482.761
501.793
483.026
482.54
502.036
483.877
502.928
483.565
502.59
483.842
484.196
449.581
456.686
457.012
459.928
454.239
454.492
459.583
498.854
480.758
499.804
480.347
499.304
480.544
480.98
498.053
479.208
497.859
479.642
498.477
479.805
479.36
437.125
442.841
443.456
446.106
441.358
441.964
445.414
484.313
466.792
484.783
466.159
484.08
465.777
466.467
483.384
464.536
482.319
465.208
483.139
464.804
464.058
441.396
448.598
448.061
450.793
446.731
446.263
451.367
486.87
468.262
486.088
468.906
486.808
468.65
467.952
487.857
470.536
488.473
469.941
487.816
469.707
470.357
429.399
435.324
435.616
438.227
433.992
434.323
437.807
476.488
459.986
477.832
458.382
476.151
457.932
459.823
475.427
456.856
474.542
457.159
474.991
456.633
456.192
440.006
449.354
446.894
449.825
448.343
445.11
452.63
481.437
462.771
480.106
464.272
481.737
464.402
462.562
483.406
468.779
485.224
467.115
483.84
467.274
469.32
593.208
628.28
590.198
604.909
649.09
609.763
645.21
553.632
537.33
546.768
554.8
563.198
565.38
544.827
579.201
617.54
619.599
585.143
590.368
597.48
633.134
479.779
474.613
481.953
488.75
480.015
489.842
479.758
514.674
518.245
530.545
505.714
519.299
510.706
525.158
505.205
488.095
503.034
494.159
509.148
498.367
490.775
710.041
766.006
707.046
730.232
738.302
726.373
712.291
738.398
753.717
734.802
728.122
762.043
760.021
726.481
685.708
632.584
843.169
661.318
640.986
687.98
791.306
703.033
679.313
711.343
693.746
674.717
662.631
693.18
741.226
868.685
808.827
714.382
783.906
752.158
862.829
673.78
671.065
653.747
657.166
646.982
681.586
672.658
730.661
749.179
731.255
726.736
747.093
753.5
729.168
705.643
760.545
725.165
702.38
733.354
707.635
721.735
728.533
744.502
725.403
722.737
755.635
753.321
721.817
694.23
673.592
701.595
688.863
670.153
660.028
687.17
681.699
628.981
838.092
656.384
637.291
684.019
786.454
736.912
862.96
804.557
710.935
779.12
748.173
857.737
723.195
740.703
722.697
720.78
740.274
746.637
722.851
669.767
666.751
653.098
649.193
643.158
668.477
677.149
344.187
314.196
307.416
268.89
275.686
269.421
268.633
341.165
312.952
305.847
267.994
275.895
269.04
267.45
668.993
588.278
595.92
600.627
622.391
578.468
577.297
581.705
524.415
557.337
514.666
495.459
487.317
527.633
504.942
509.044
532.24
501.161
476.426
488.461
480.268
648.371
656.01
652.879
641.564
643.514
643.871
641.165
768.508
703.843
694.572
757.653
741.676
676.803
681.544
681.482
740.656
687.104
702.468
723.499
673.881
673.538
653.476
640.259
667.828
636.545
618.48
607.223
635.475
616.095
616.688
587.17
576.965
582.988
618.497
615.387
616.455
618.766
602.043
595.159
591.29
619.444
616.132
689.605
642.154
679.617
638.111
596.521
600.214
640.388
486.071
497.152
493.562
488.641
488.061
494.805
484.058
494.877
521.168
521.473
508.801
505.2
514.632
497.857
533.28
542.887
527.783
502.773
506.884
500.043
509.869
487.75
498.133
495.279
482.887
506.611
484.625
484.838
492.848
497.697
514.091
499.691
501.626
507.041
491.93
500.588
517.739
513.839
496.591
490.323
494.638
491.291
505.03
511.778
502.098
493.593
505.932
500.629
499.068
656.418
544.207
548.583
571.378
600.224
539.24
540.241
573.856
514.754
548.119
490.758
474.927
470.775
497.908
494.69
499.49
522.198
482.993
465.327
474.766
467.216
669.954
671.654
678.634
659.29
655.709
652.95
658.224
848.907
765.157
753.712
807.963
791.415
718.729
722.073
737.25
813.006
744.411
755.003
774.178
718.254
721.841
655.607
645.984
672.602
642.125
620.624
610.409
638.677
612.795
608.58
576.756
571.391
608.933
576.1
614.553
610.105
606.183
590.81
583.377
608.373
582.56
606.104
701.653
651.004
687.739
645.929
601.278
604.221
650.263
499.832
512.284
510.781
500.973
497.417
503.47
495.249
501.344
533.048
529.268
513.404
509.499
525.148
505.018
495.854
505.427
504.156
489.713
517.209
491.28
492.31
558.957
579.624
558.112
519.088
520.822
512.937
528.294
498.672
501.971
520.712
506.516
505.788
516.061
497.175
518.204
539.183
537.773
511.029
502.12
506.837
504.099
522.085
537.381
523.279
507.35
515.123
509.3
514.424
905.475
953.471
926.111
925.656
938.819
892.628
953.778
1345.79
923.604
1187.01
1057.88
1381.28
1067.17
932.45
1357.92
1089
1324.24
1098.43
1417.45
1113.4
1107.8
864.328
910.924
867.201
859.128
899.364
850.653
904.959
1099.55
803.958
981.077
904.131
1132.3
911.212
810.749
1117.51
967.78
1124.75
955.252
1163.29
963.627
980.66
599.379
512.522
480.065
563.159
505.324
485.409
624.62
1307.21
1193.41
1374.54
986.416
1098.53
1139.5
1004.55
899.009
805.978
919.65
967.753
784.024
939.705
828.859
789.475
771.12
827.277
856.398
746.704
804.316
784.345
605.749
555.292
505.969
573.658
541.831
516.898
629.847
1085.31
1010.76
1123.16
897.618
952.714
970.625
903.543
785.031
743.947
801.545
826.519
719.424
807.737
755.096
757.777
725.394
762.99
776.072
708.753
762.602
730.317
164.116
167.259
164.099
167.476
164.401
167.337
164.191
169.333
173.16
169.727
172.864
169.415
173.307
169.939
171.068
174.487
171.036
174.544
171.211
174.491
171.067
156.924
160.682
157.773
160.092
157.113
161.319
158.464
170.894
169.973
172.975
172.635
168.059
169.959
168.736
156.637
186.406
184.735
162.258
159.588
276.628
263.429
194.49
281.734
269.262
286.07
197.203
200.898
281.856
165.05
168.188
165.027
168.233
165.117
168.209
165.063
157.322
161.829
158.979
160.497
157.515
162.111
159.181
161.145
298.632
280.933
164.287
161.322
269.945
258.428
165.134
168.198
165.056
168.268
165.167
168.21
165.074
157.627
162.316
159.333
160.715
157.713
162.457
159.435
160.698
255.839
243.481
163.428
160.207
254.232
240.732
165.151
168.198
165.063
168.263
165.159
168.203
165.069
157.741
162.551
159.506
160.777
157.762
162.591
159.533
159.921
255.175
241.199
163.166
159.818
255.498
241.315
165.138
168.194
165.059
168.249
165.14
168.196
165.061
157.762
162.59
159.532
160.75
157.74
162.55
159.505
159.818
255.504
241.321
163.234
159.921
255.195
241.219
165.14
168.196
165.061
168.247
165.138
168.194
165.059
157.712
162.455
159.433
160.615
157.625
162.313
159.33
160.205
254.28
240.78
163.773
160.689
255.94
243.574
165.159
168.203
165.069
168.254
165.152
168.198
165.063
157.513
162.106
159.176
160.291
157.32
161.822
158.971
161.294
269.978
258.39
164.046
161.103
297.709
279.971
165.167
168.21
165.074
168.241
165.134
168.198
165.057
157.111
161.312
158.455
159.908
156.923
160.678
157.768
159.525
273.986
261.171
159.012
156.585
186.079
184.431
165.117
168.209
165.064
168.187
165.05
168.188
165.027
169.415
173.307
169.938
172.793
169.333
173.16
169.727
171.212
174.491
171.067
174.489
171.069
174.487
171.037
164.401
167.338
164.192
167.278
164.117
167.26
164.1
174.507
172.1
171.983
171.26
173.179
172.609
173.632
481.837
494.829
768.709
689.222
465.745
711.202
517.113
389.715
511.66
366.85
537.554
369.066
539.408
387.975
390.113
367.58
539.441
512.79
368.373
389.133
541.694
394.176
520.949
371.889
550.813
371.977
550.154
394.082
396.515
374.211
553.833
524.807
374.244
396.552
554.01
398.641
527.8
376.277
556.885
376.292
556.844
398.629
398.651
376.28
556.888
527.807
376.301
398.633
556.851
396.548
524.833
374.248
553.851
374.278
554.032
396.588
394.233
371.937
550.84
520.992
372.036
394.128
550.189
390.278
512.935
367.79
539.589
368.545
541.812
389.333
390.039
367.125
537.762
511.997
369.406
388.236
539.682
482.081
687.054
494.619
764.658
465.974
709.03
516.92
174.502
171.257
172.098
171.978
172.607
173.623
173.176
177.27
177.092
177.545
179.006
178.771
178.91
178.804
491.375
751.527
521.806
439.261
642.967
416.848
658.425
173.726
172.556
173.744
173.357
171.798
173.38
171.759
172.686
173.905
173.868
173.477
171.892
171.874
173.488
173.867
172.619
173.851
173.463
171.882
173.486
171.84
172.645
173.907
173.875
173.49
171.881
171.862
173.501
173.867
172.612
173.854
173.464
171.854
173.479
171.829
172.613
173.879
173.858
173.47
171.852
171.832
173.482
173.879
172.613
173.858
173.47
171.852
173.482
171.832
172.613
173.867
173.854
173.465
171.855
171.83
173.479
173.907
172.645
173.876
173.49
171.881
173.501
171.862
172.62
173.868
173.852
173.463
171.882
171.84
173.486
173.906
172.687
173.869
173.477
171.892
173.488
171.874
172.557
173.727
173.745
173.358
171.799
171.759
173.381
177.091
177.27
177.544
179.006
178.771
178.803
178.91
490.692
745.979
521.119
438.126
630.099
415.549
648.163
169.967
170.886
172.958
172.604
168.053
168.726
169.945
173.497
171.905
173.334
171.616
173.202
173.157
171.499
173.499
171.907
173.335
171.617
173.203
173.158
171.5
199.615
252.293
258.655
244.391
197.327
198.473
239.34
749.353
786.934
795.823
758.196
768.28
782.565
807.008
445.241
620.582
401.181
585.634
429.963
417.556
637.872
200.882
258.901
260.624
248.091
201.019
199.93
248.218
457.349
499.02
469.277
501.776
472.566
530.134
526.432
250.803
198.497
248.586
233.8
196.618
235.84
196.607
393.032
518.693
382.835
558.577
373.301
401.121
545.54
431.773
477.786
444.842
477.616
444.573
502.493
502.599
450.64
495.985
466.565
493.768
464.173
520.113
523.002
198.44
248.016
248.674
232.894
196.467
196.404
232.171
199.816
251.038
250.958
233.84
197.642
197.372
233.866
435.396
480.304
447.065
481.27
448.008
505.784
504.874
391.044
514.751
368.979
544.631
369.17
390.87
543.725
199.635
249.407
250.163
233.362
196.784
232.908
197.246
444.575
489.678
457.353
489.558
457.132
513.66
513.756
252.284
200.8
252.618
235.003
197.919
234.757
198.203
393.235
519.374
370.628
547.13
371.134
392.713
548.516
454.15
498.415
466.653
498.319
466.479
521.858
521.953
447.899
492.138
459.638
492.785
460.319
516.64
516.016
200.878
253.292
253.277
235.415
198.411
198.246
235.423
201.609
254.898
254.981
236.724
198.97
198.884
236.673
457.582
501.291
469.365
501.72
469.839
525.098
524.671
396.97
525.367
374.568
554.765
374.668
396.869
554.538
201.58
254.528
254.646
236.515
198.696
236.402
198.872
459.416
503.216
471.737
503.162
471.638
526.396
526.435
255.448
201.892
255.468
237.13
199.064
237.097
199.135
398.234
527.298
375.77
556.14
375.895
398.114
556.366
462.859
505.768
474.762
505.745
474.729
528.363
528.395
461.025
504.555
473.093
504.61
473.152
527.684
527.678
201.891
255.592
255.631
237.232
199.132
199.123
237.205
201.892
255.451
255.47
237.131
199.063
199.135
237.1
462.858
505.767
474.761
505.744
474.728
528.362
528.394
398.246
527.308
375.786
556.149
375.907
398.13
556.374
201.89
255.592
255.632
237.234
199.132
237.205
199.123
461.024
504.552
473.09
504.608
473.15
527.681
527.674
254.901
201.61
254.986
236.729
198.97
236.676
198.885
396.996
525.387
374.589
554.778
374.695
396.889
554.555
457.582
501.286
469.361
501.718
469.836
525.094
524.664
459.418
503.216
471.738
503.163
471.64
526.396
526.435
201.58
254.535
254.652
236.521
198.696
198.872
236.409
200.8
252.3
252.631
235.018
197.919
198.204
234.775
454.158
498.419
466.658
498.322
466.485
521.858
521.954
393.305
519.43
370.715
547.182
371.208
392.796
548.561
200.878
253.3
253.289
235.428
198.411
235.433
198.246
447.914
492.149
459.653
492.783
460.327
516.63
516.021
251.058
199.817
250.983
233.869
197.643
233.889
197.374
391.177
514.864
369.092
544.706
369.309
390.978
543.817
435.474
480.363
447.137
481.326
448.076
505.823
504.916
444.608
489.702
457.381
489.578
457.159
513.675
513.773
199.635
249.441
250.192
233.395
196.784
197.247
232.946
198.487
250.833
248.633
233.853
196.596
196.597
235.882
431.888
477.866
444.936
477.701
444.673
502.558
502.661
393.431
519.119
383.33
558.931
373.724
401.592
545.883
198.436
248.056
248.722
232.948
196.465
232.218
196.401
450.867
496.116
466.716
493.919
464.352
520.199
523.054
252.302
199.551
258.553
244.32
197.285
239.348
198.401
445.687
620.002
401.712
585.804
430.41
418.063
637.299
744.15
781.877
788.393
753.959
762.305
777.724
801.309
457.518
499.115
469.394
501.856
472.658
530.112
526.438
200.772
258.496
260.433
247.882
200.837
199.806
247.849
208.007
194.556
196.96
205.102
202.028
197.453
212.344
352.348
396.843
391.044
359.836
314.304
358.721
322.338
207.694
196.829
194.483
204.84
197.349
211.845
201.857
390.613
348.182
385.403
355.64
311.168
354.178
319.323
414.715
382.432
396.491
368.024
402.996
376.503
403.817
438.489
407.991
435.023
405.986
430.048
446.165
397.841
377.422
376.539
352.34
355.666
372.477
346.987
384.696
364.224
343.087
356.514
332.34
358.85
335.691
359.933
352.948
326.246
351.413
336.367
351.588
352.703
326.365
353.505
336.786
352.343
326.422
352.318
326.482
353.521
351.828
334.863
325.078
349.535
349.775
325.53
351.291
353.609
336.12
351.834
328.174
354.992
351.135
327.034
359.008
358.089
341.744
330.965
357.997
330.893
359.165
357.616
340.494
356.143
329.477
356.483
357.008
329.884
361.503
360.308
332.7
343.866
360.457
332.857
361.236
361.917
344.175
360.954
332.999
360.944
333.018
361.924
367.725
337.655
366.684
349.298
366.762
367.579
337.738
368.056
349.542
367.152
337.877
367.14
337.874
368.071
365.813
347.632
336.198
364.893
364.867
336.189
365.854
365.132
347.059
363.958
335.538
364.811
364.131
335.748
371.02
370.04
352.187
340.379
370.05
340.4
370.997
371.199
352.345
370.1
340.443
370.207
370.994
340.576
371.749
370.756
341.012
352.847
370.778
341.028
371.708
371.84
352.881
370.89
341.015
370.883
341.013
371.851
373.68
342.514
372.634
354.438
372.645
373.658
342.52
373.702
354.44
372.666
342.514
372.666
342.513
373.701
373.231
354.071
342.165
372.228
372.221
342.162
373.242
373.158
354.029
372.117
342.11
373.101
372.146
342.138
373.682
372.635
354.44
342.517
372.646
342.522
373.66
373.701
354.439
372.665
342.513
372.665
373.7
342.512
373.234
372.23
342.167
354.073
372.223
342.164
373.244
373.162
354.034
372.12
342.115
372.15
342.143
373.105
371.031
340.391
370.05
352.197
370.06
371.008
340.411
371.211
352.356
370.11
340.455
370.217
340.589
371.006
371.757
352.855
341.021
370.763
370.785
341.037
371.717
371.845
352.886
370.894
341.021
371.856
370.887
341.019
367.746
366.703
349.318
337.677
366.781
337.759
367.601
368.072
349.557
367.165
337.892
367.154
368.086
337.892
365.842
364.917
336.225
347.658
364.892
336.217
365.88
365.166
347.09
363.987
335.57
364.161
335.783
364.844
359.082
331.032
358.153
341.81
358.063
359.236
330.963
357.702
340.571
356.223
329.56
356.561
329.966
357.096
361.559
343.916
332.755
360.361
360.508
332.912
361.295
361.963
344.217
360.994
333.042
361.968
360.985
333.064
353.082
351.538
336.486
326.374
351.71
326.491
352.842
353.621
336.886
352.442
326.525
352.421
353.629
326.59
351.992
349.678
325.223
335.003
349.922
325.681
351.447
353.776
336.269
351.989
328.332
351.288
327.192
355.16
414.299
382.269
367.926
396.262
402.697
403.525
376.35
437.769
407.612
434.315
405.504
429.458
445.246
397.507
377.439
355.727
352.375
376.53
372.507
347.06
384.637
364.351
343.219
356.649
332.486
360.078
358.978
335.828
305.605
277.503
307.067
274.229
311.226
276.329
298.759
280.687
195.141
274.301
291.631
197.281
280.998
201.871
806.973
807.809
812.49
816.17
813.784
827.616
822.426
253.087
202.115
201.925
241.345
228.995
227.234
200.857
457.551
350.99
434.438
278.221
384.975
369.574
290.819
470.49
422.727
464.044
466.166
419.672
470.987
419.904
797.519
801.641
803.452
809.006
803.583
820.058
815.687
252.617
201.882
201.713
240.851
228.452
226.665
200.627
449.974
345.418
426.26
277.372
381.255
364.886
288.959
465.694
418.688
460.948
462.865
415.622
465.995
415.624
184.211
181.353
183.6
186.815
181.798
181.904
180.917
285.115
295.365
300.917
297.65
287.174
287.76
292.828
748.941
856.63
795.182
896.303
775.602
870.123
775.056
658.064
618.043
611.982
715.344
681.042
690.106
592.439
499.954
489.123
520.689
493.576
503.81
507.629
488.561
518.717
564.758
563.159
547.784
527.608
548.22
529.515
464.283
457.593
466.547
465.292
464.984
457.365
464.763
465.059
460.82
469.131
467.336
465.903
457.988
467.952
481.023
481.523
487.322
486.726
477.226
483.437
482.942
477.487
465.687
473.891
481.434
471.59
479.07
472.686
469.74
459.8
467.414
470.521
470.012
466.999
461.93
472.42
465.704
474.612
472.791
472.694
464.266
474.31
479.806
471.271
478.79
481.319
470.478
480.131
481.005
478.299
467.762
476.787
477.493
469.174
476.48
478.587
493.677
481.829
489.089
494.379
493.665
481.303
494.352
492.75
479.437
491.411
488.159
492.694
480.379
491.457
486.108
473.729
483.351
483.89
475.364
483.671
486.201
488.183
477.654
489.49
484.849
476.883
488.225
489.494
498.578
484.587
496.968
493.434
498.596
496.969
485.816
498.801
485.581
498.251
493.617
498.892
485.958
498.1
499.971
487.492
494.734
500.783
487.134
500.13
500.672
499.328
486.249
498.923
494.202
486.599
498.775
499.457
509.46
491.932
498.851
509.02
508.789
491.831
509.723
508.884
491.28
507.561
498.597
508.238
491.558
508.091
503.926
489.031
496.885
502.748
489.54
502.67
503.852
505.211
490.474
506.175
497.37
490.057
505.004
506.577
509.457
491.932
509.02
498.849
508.786
509.723
491.829
508.881
491.278
507.556
498.596
508.234
491.557
508.087
503.921
489.027
496.882
502.74
489.538
503.847
502.662
505.206
490.472
506.17
497.367
490.055
506.572
504.998
498.566
484.58
493.431
496.955
498.583
485.814
496.958
498.802
485.586
498.252
493.621
498.891
485.963
498.101
499.967
487.491
494.733
500.778
487.134
500.668
500.126
499.325
486.25
498.919
494.202
486.6
499.453
498.772
493.677
481.831
494.372
489.091
493.663
494.345
481.306
492.745
479.44
491.404
488.16
492.687
480.382
491.451
486.106
473.739
483.36
483.893
475.376
486.198
483.674
488.18
477.662
489.487
484.856
476.893
489.492
488.22
469.788
459.872
470.576
467.477
470.057
461.992
467.062
472.458
465.752
474.645
472.836
472.73
464.317
474.345
479.827
471.295
478.817
481.332
470.508
481.019
480.151
478.323
467.799
476.812
477.524
469.21
478.609
476.507
464.421
457.698
465.391
466.677
465.124
464.862
457.502
465.247
461.045
469.367
467.507
466.093
458.167
468.188
481.123
481.637
487.477
486.715
477.407
483.032
483.442
477.68
465.94
474.128
481.652
471.833
472.927
479.253
743.577
842.436
785.858
874.966
768.469
853.678
767.181
655.635
615.875
609.976
710.272
677.815
686.054
590.743
499.579
489.128
520.369
493.423
503.589
488.437
507.195
517.976
563.564
561.762
547.023
527.02
528.684
546.999
451.934
421.58
458.988
457.93
433.064
451.815
422.866
442.697
423.81
395.38
426.392
438.722
413.786
421.716
450.696
420.684
457.539
456.165
431.896
450.348
421.607
440.642
422.148
424.62
393.839
436.778
412.151
419.971
174.781
172.683
172.569
168.706
168.56
169.421
167.855
190.924
187.079
187.923
193.853
187.165
191.862
192.735
296.947
300.19
295.728
276.465
278.045
276.743
277.955
174.783
172.735
172.601
168.719
168.567
169.426
167.874
252.804
258.393
265.31
240.044
238.303
239.394
242.572
206.869
200.029
221.527
194.089
196.978
200.725
194.529
190.967
187.048
193.778
187.955
187.187
191.807
192.803
295.343
298.299
294.036
275.655
276.92
275.969
276.85
267.771
257.884
260.697
258.578
257.531
263.088
255.583
399.435
387.63
388.353
358.428
357.041
354.52
362.977
337.328
348.353
320.655
348.432
322.462
328.535
375.671
260.834
252.981
254.956
253.128
252.808
256.832
250.937
384.74
396.356
385.581
355.017
352.597
350.629
358.945
332.002
346.548
318.464
345.95
319.258
325.327
373.004
913.512
1054.8
1029.7
1180.63
926.267
1192.28
934.5
1269.73
912.781
829.373
1206.62
1284.21
911.563
1193.65
890.447
993.036
975.839
1059.48
885.093
1065.75
897.358
1092.66
849.438
766.185
1028.48
1108.92
853.215
1012.45
336.226
297.586
317.185
262.797
266.679
268.481
265.13
334.186
295.622
315.35
261.91
265.708
267.616
264.213
267.445
254.949
264.277
260.894
274.558
265.48
257.49
406.216
368.125
355.067
406.875
363.511
357.55
415.509
766.739
468.805
460.454
431.539
655.914
621.091
439.543
699.989
648.643
678.076
666.39
707.151
669.242
647.821
545.69
502.687
512.161
519.482
518.293
551.962
506.874
1423.29
1257.48
1236.78
847.973
997.705
971.703
873.44
275.475
259.733
269.191
267.824
283.42
272.912
262.2
409.784
374.43
360.299
410.514
368.58
363.602
419.61
765.442
534.169
522.82
477.756
676.277
642.615
490.668
664.653
642.531
661.262
645.743
669.345
647.678
641.597
533.051
496.039
501.935
508.38
513.521
538.983
500.124
1181.31
1058.75
1040.87
766.591
860.054
837.427
780.135
170.511
171.939
169.375
170.47
169.899
169.236
168.503
170.506
171.917
169.365
170.467
169.896
169.23
168.499
227.324
211.282
226.943
210.419
218.127
207.432
208.412
216.622
249.05
218.304
213.868
213.983
201.436
198.588
226.523
211.081
226.325
210.297
217.805
207.366
208.301
216.215
246.876
217.773
213.541
213.506
201.127
198.418
737.177
393.263
718.238
728.879
414.508
402.218
750.787
568.172
585.125
567.228
603.812
590.752
638.189
618.038
376.779
683.663
708.474
704.103
372.514
386.16
681.148
632.756
330.44
645.983
629.089
331.55
338.296
618.785
503.421
563.007
542.944
546.13
522.993
578.828
596.807
340.517
673.639
653.808
643.659
358.544
348.521
659.913
432.613
478.993
447.194
477.903
445.547
503.057
504.306
619.046
313.749
619.14
599.69
318.884
319.298
599.185
618.892
314.048
619.102
600.338
319.936
600.46
319.792
628.764
317.111
623.376
607.036
326.494
611.222
323.743
437.749
480.853
449.518
481.706
450.872
507.151
506.043
315.14
618.755
621.353
603.374
320.178
321.484
601.225
621.219
315.894
623.108
602.6
320.576
601.239
321.274
439.609
485.207
452.554
485.006
452.228
509.387
509.565
316.495
624.635
624.056
603.312
321.832
321.787
603.5
627.189
317.795
627.155
604.985
322.779
322.919
604.749
442.35
487.08
454.294
487.645
454.893
511.827
511.285
317.837
626.048
626.924
605.247
322.785
323.054
604.695
452.637
496.685
464.587
497.014
464.95
520.586
520.274
633.504
321.152
633.464
609.581
326.068
326.129
609.395
632.667
321.189
633.177
609.728
326.052
609.378
326.23
629.44
319.85
630.555
607.953
324.526
607.072
324.986
450.412
494.968
462.96
494.879
462.798
518.602
518.677
320.067
631.235
631.084
608.156
325.117
325.146
608.098
636.23
323.352
636.978
613.007
328.103
612.374
328.435
457.875
501.907
470.21
501.869
470.165
525.258
525.303
323.18
636.613
636.727
612.417
328.151
328.212
612.206
637.513
323.554
637.522
612.743
328.531
328.554
612.657
458.637
502.521
470.842
502.566
470.886
525.888
525.867
323.653
637.277
637.396
612.88
328.621
328.679
612.79
462.498
505.577
474.445
505.558
474.425
528.287
528.355
639.48
324.715
639.518
614.641
329.778
329.803
614.53
639.442
324.748
639.478
614.675
329.814
614.625
329.839
638.768
324.488
638.932
614.249
329.475
614.063
329.565
461.776
505.035
473.854
505.001
473.791
527.863
527.873
324.472
638.986
639.001
614.208
329.53
329.539
614.166
639.48
324.716
639.517
614.652
329.778
614.537
329.804
462.498
505.574
474.442
505.558
474.424
528.286
528.352
324.751
639.448
639.482
614.691
329.818
329.843
614.642
638.777
324.496
638.942
614.271
329.483
329.573
614.085
461.775
505.035
473.854
504.999
473.789
527.861
527.873
324.477
638.993
639.005
614.226
329.535
329.545
614.185
457.882
501.912
470.216
501.873
470.17
525.261
525.307
636.248
323.367
636.998
613.044
328.125
328.453
612.42
636.631
323.195
636.747
612.462
328.169
612.24
328.23
637.522
323.563
637.529
612.769
328.541
612.682
328.564
458.64
502.524
470.844
502.566
470.888
525.887
525.869
323.664
637.292
637.409
612.911
328.635
328.693
612.821
633.53
321.174
633.492
609.626
326.088
609.447
326.159
452.647
496.69
464.593
497.023
464.958
520.595
520.276
321.213
632.701
633.211
609.785
326.083
326.261
609.442
629.492
319.888
630.605
608.037
324.573
325.032
607.162
450.429
494.98
462.973
494.89
462.811
518.609
518.685
320.102
631.277
631.129
608.234
325.153
325.189
608.169
439.669
485.252
452.606
485.049
452.28
509.418
509.599
621.352
315.987
623.23
602.804
320.69
321.384
601.448
624.737
316.577
624.166
603.493
321.923
603.664
321.883
627.254
317.848
627.228
605.104
322.837
604.855
322.984
442.397
487.113
454.334
487.677
454.933
511.851
511.309
317.9
626.136
627.007
605.377
322.861
323.129
604.84
619.201
313.877
619.315
599.968
319.022
599.442
319.449
432.803
479.144
447.387
478.033
445.716
503.157
504.425
314.193
619.102
619.293
600.657
320.119
319.963
600.8
629.001
317.307
623.618
607.489
326.738
323.976
611.707
437.999
481.02
449.728
481.881
451.096
507.289
506.173
315.325
618.98
621.596
603.799
320.382
321.702
601.611
566.925
583.997
565.933
602.445
589.138
636.39
616.555
735.37
393.051
717.269
728.593
414.177
402.09
750
683.352
376.695
707.741
704.152
372.583
681.386
386.159
632.969
330.628
646.115
629.581
331.794
619.28
338.534
503.021
562.256
542.039
545.638
522.398
578.075
595.731
340.652
673.47
653.857
644.09
358.691
348.716
660.281
360.484
390.966
402.823
378.106
353.151
337.128
377.375
598.996
579.856
578.367
580.317
576.186
553.513
550.841
272.836
244.602
247.256
259.912
253.03
259.824
281.869
340.248
390.805
376.256
337.335
304.909
313.464
324.808
558.922
570.067
560.205
535.929
524.977
511.044
529.16
599.22
579.91
578.774
580.127
576.66
552.22
549.312
357.412
388.094
398.445
375.372
351.96
335.857
375.425
272.285
244.188
259.391
246.863
252.725
259.406
280.775
553.538
567.798
555.15
533.701
523.831
506.178
524.198
338.857
389.113
374.971
336.294
304.03
312.571
323.557
742.006
418.466
734.454
773.645
423.411
766.87
418.545
715.901
635.626
660.702
681.683
712.295
674.05
628.354
401.172
522.902
714.219
744.904
357.751
394.267
554.969
739.868
417.354
731.8
772.137
422.747
765.5
417.457
706.524
636.215
656.571
680.252
703.125
673.475
629.255
399.739
520.318
711.682
743.964
356.219
392.827
553.812
277.852
269.781
279.512
262.315
260.976
262.447
260.686
348.838
341.665
337.449
297.319
303.955
301.861
298.002
279.348
298.176
291.839
268.23
266.558
266.95
266.945
244.228
248.209
240.137
236.383
247.555
237.633
244.628
240.993
242.992
239.319
237.55
241.968
237.846
241.663
276.875
269.035
278.858
261.574
260.246
261.655
259.925
345.024
340.07
334.074
295.821
303.892
301.573
296.468
278.361
296.862
290.534
267.448
265.914
266.159
266.392
243.908
247.739
239.764
235.901
247.118
237.211
244.283
240.847
243.072
239.259
237.132
241.968
237.48
241.511
819.575
809.605
794.834
826.162
877.301
846.282
864.673
710.187
698.187
699.081
724.508
731.043
752.721
726.654
802.295
748.091
767.98
805.772
843.301
855.241
786.711
599.282
703.807
601.483
639.419
730.253
636.181
733.202
462.741
514.216
486.341
507.347
478.491
536.368
544.376
708.351
611.402
605.927
644.937
745.057
738.615
651.861
431.695
477.558
444.556
477.6
444.493
502.469
502.496
584.709
688.535
584.647
616.698
713.788
616.649
713.948
584.359
688.415
584.539
616.69
714.28
616.729
714.049
596.611
695.505
594.784
630.038
726.238
632.715
723.607
449.059
491.221
461.466
492.002
462.411
518.001
516.786
693.797
592.759
593.383
627.98
720.42
721.404
626.865
587.488
691.931
588.649
619.839
715.619
618.885
716.526
436.251
482.3
449.421
481.934
448.885
506.477
506.811
692.733
589.76
589.446
620.511
717.356
717.166
620.751
597.481
698.655
597.449
626.789
720.754
626.771
720.863
444.339
489.256
456.704
489.424
456.9
513.528
513.384
698.54
597.083
597.285
626.689
720.922
720.864
626.603
453.995
498.184
466.244
498.253
466.33
521.791
521.735
606.728
706.101
606.74
634.315
726.292
634.277
726.434
606.604
706.076
606.695
634.302
726.498
634.283
726.464
600.187
701.708
600.969
629.724
722.825
629.044
723.499
448.488
493.356
461.183
493.186
460.908
517.031
517.184
702.102
601.57
601.437
630.084
723.864
723.808
630.182
609.909
709.441
610.429
637.538
728.995
637.077
729.491
457.99
502.053
470.396
501.975
470.255
525.365
525.454
709.694
610.718
610.694
637.757
729.668
729.705
637.778
611.803
710.246
611.798
638.29
729.425
638.27
729.511
459.296
503.135
471.544
503.122
471.528
526.38
526.428
710.254
611.721
611.75
638.306
729.608
729.568
638.347
462.821
505.768
474.733
505.735
474.695
528.365
528.43
614.882
712.028
614.893
640.207
730.709
640.207
730.768
614.871
712.048
614.878
640.225
730.847
640.268
730.82
613.314
711.533
613.435
639.59
730.626
639.544
730.692
461.202
504.713
473.378
504.681
473.314
527.715
527.722
711.561
613.546
613.535
639.6
730.621
730.678
639.587
614.882
712.031
614.893
640.211
730.715
640.208
730.779
462.819
505.765
474.73
505.733
474.693
528.364
528.427
712.054
614.868
614.879
640.229
730.858
730.833
640.269
613.311
711.537
613.434
639.593
730.64
639.546
730.708
461.202
504.713
473.377
504.679
473.313
527.713
527.722
711.565
613.548
613.533
639.603
730.639
730.693
639.593
457.995
502.056
470.4
501.977
470.257
525.365
525.455
609.902
709.444
610.425
637.538
729.014
637.074
729.51
610.721
709.703
610.696
637.762
729.69
637.785
729.726
611.804
710.251
611.799
638.294
729.442
638.275
729.526
459.299
503.134
471.544
503.123
471.53
526.38
526.426
710.261
611.718
611.752
638.311
729.623
729.583
638.348
606.731
706.111
606.739
634.317
726.317
634.282
726.452
454.002
498.186
466.248
498.257
466.334
521.792
521.735
706.085
606.604
606.7
634.309
726.521
726.491
634.286
600.193
701.709
600.953
629.713
722.866
629.051
723.528
448.512
493.374
461.202
493.212
460.929
517.052
517.197
702.141
601.588
601.47
630.113
723.908
723.864
630.201
436.327
482.356
449.486
481.989
448.948
506.518
506.854
587.535
691.99
588.693
619.874
715.727
618.923
716.629
589.809
692.777
589.491
620.55
717.469
620.795
717.265
597.501
698.676
597.459
626.802
720.814
626.79
720.917
444.378
489.285
456.738
489.457
456.934
513.553
513.406
698.577
597.108
597.32
626.72
720.984
720.923
626.627
584.779
688.608
584.717
616.757
713.925
616.707
714.084
431.821
477.659
444.68
477.691
444.604
502.54
502.575
688.49
584.441
584.613
616.751
714.433
714.19
616.797
596.692
695.546
594.892
630.083
726.432
632.726
723.8
449.306
491.39
461.672
492.171
462.613
518.11
516.901
693.858
592.88
593.492
628.039
720.626
721.607
626.935
706.157
695.195
695.293
720.982
726.33
748.581
723.106
816.676
806.793
792.314
822.84
874.311
842.549
862.119
746.133
799.912
765.773
802.779
841.602
784.051
853.171
599.326
703.763
601.511
639.353
730.413
636.141
733.364
462.837
514.138
486.232
507.361
478.499
536.258
544.147
708.215
611.297
605.897
644.784
745.122
738.703
651.614
354.822
373.528
383.482
360.504
344.781
332.32
360.627
431.426
441.222
425.109
396.274
417.597
396.371
414.255
410.782
431.3
418.239
396.786
407.13
398.544
410.805
370.89
382.265
374.185
384.513
373.692
385.066
370.865
333.296
289.225
297.644
328.545
330.186
298.336
332.764
335.633
322.017
337.499
309.458
309.183
336.906
335.908
368.721
388.594
385.19
364.502
366.763
387.086
367.697
424.216
434.438
418.472
390.294
409.591
389.859
407.08
351.105
369.416
378.535
356.667
341.828
329.375
357.173
425.12
405.597
412.277
391.369
401.81
404.537
393.712
367.665
378.742
371.58
381.266
380.87
370.749
368.318
331.415
287.852
296.705
327.145
328.116
297.018
331.378
333.948
320.755
336.173
308.444
307.904
335.424
334.544
365.225
383.242
381.776
361.979
362.999
382.284
365.177
549.32
473.517
550.778
515.154
443.046
443.699
512.6
703.859
701.918
705.61
692.941
705.969
690.326
697.196
698.967
699.635
683.826
697.574
686.191
480.267
560.34
556.813
523.479
455.517
451.334
529.5
532.209
447.554
523.393
489.599
424.638
419.637
497.927
671.586
675.226
664.921
657.384
659.417
661.081
688.084
682.027
677.168
674.628
686.106
668.415
437.122
508.052
512.081
478.581
408.378
409.486
475.403
458.747
390.719
453.959
431.128
370.546
435.385
368.226
626.457
628.161
597.99
613.997
595.548
615.612
636.825
632.331
604.761
624.255
611.582
619.969
386.34
446.98
448.665
426.171
363.852
363.976
425.334
471.825
406.675
474.685
447.508
381.739
382.254
445.684
660.825
654.693
636.719
647.353
645.748
641.552
645.944
648.727
626.763
632.803
622.558
635.488
413.96
490.62
483.195
455.339
392.806
461.68
389.202
429.901
375.926
429.716
413.158
356.317
413.821
356.057
615.154
615.178
571.691
602.111
571.739
602.063
615.059
615.147
572.573
602.215
573.879
602.132
375.873
429.162
429.441
412.817
356.197
355.986
413.008
430.24
375.717
430.449
413.341
355.885
355.636
413.563
614.393
614.593
574.707
601.904
575.983
601.935
614.774
614.756
574.143
602.107
574.126
602.026
375.566
430.655
430.519
413.444
355.696
355.485
414.017
436.348
378.291
437.052
417.163
357.162
356.992
417.052
622.01
620.131
586.931
609.763
590.534
607.878
617.898
618.505
583.952
605.579
582.984
606.118
379.786
441.011
439.051
419.083
359.493
421.092
358.46
433.112
375.422
432.085
414.043
355.528
354.937
415.309
613.841
614.133
576.209
601.487
575.772
601.71
615.682
614.82
577.958
603.455
580.44
602.506
374.76
430.582
431.026
413.045
354.514
413.123
354.304
432.577
379.759
432.693
416.284
360.163
359.932
416.547
617.84
618.58
574.23
604.594
574.563
605.164
619.326
619.235
574.409
605.945
574.581
605.772
379.203
431.783
432.269
415.889
359.357
415.956
359.378
433.25
380.968
433.309
417.192
361.402
361.253
417.625
621.022
621.034
574.034
607.35
574.121
607.292
620.509
620.784
574.397
606.978
575.335
607.093
381.08
433.061
433.267
417.122
361.533
361.36
417.299
434.641
383.47
434.582
418.799
364.089
419.271
363.915
623.895
623.917
573.472
609.769
573.633
609.716
623.799
623.881
573.935
609.773
574.903
609.725
383.449
434.229
434.45
418.632
364.029
363.888
418.793
434.725
383.245
434.889
418.867
363.747
363.582
419.046
622.719
623.106
574.862
608.904
575.544
609.144
623.414
623.388
574.849
609.504
574.997
609.409
383.004
434.553
434.717
418.719
363.423
419.008
363.341
438.772
389.171
438.767
423.308
369.87
423.65
369.747
630.504
630.512
575.585
615.663
575.83
615.585
630.437
630.509
575.985
615.653
576.697
615.634
389.165
438.496
438.676
423.197
369.854
369.744
423.348
438.728
388.959
438.877
423.306
369.592
369.482
423.446
629.64
629.847
576.481
615.01
577.042
615.131
630.02
630.052
576.526
615.344
576.662
615.287
388.824
438.662
438.8
423.225
369.412
369.339
423.45
437.162
386.6
437.314
421.551
367.179
367.039
421.723
626.406
626.865
575.882
612.134
576.289
612.462
627.22
627.195
576.086
612.893
576.249
612.8
386.291
436.767
437.054
421.293
366.746
421.423
366.725
437.456
387.148
437.467
421.86
367.787
367.653
422.231
628.049
628.067
575.425
613.536
575.596
613.484
627.892
628.006
575.734
613.455
576.525
613.451
387.169
437.206
437.389
421.772
367.79
421.917
367.674
441.658
392.335
441.793
426.279
372.971
372.868
426.425
633.33
633.643
578.715
618.348
579.049
618.561
633.85
633.854
578.839
618.842
579.049
618.781
392.132
441.402
441.612
426.097
372.686
426.224
372.657
441.271
392.048
441.245
425.782
372.775
372.65
426.108
633.554
633.579
577.551
618.519
577.795
618.474
633.614
633.602
577.74
618.607
578.419
618.509
392.013
441.016
441.159
425.695
372.715
372.619
425.841
441.491
392.744
441.505
426.161
373.523
426.432
373.425
634.495
634.515
577.212
619.349
577.456
619.302
634.488
634.507
577.408
619.366
578.008
619.303
392.734
441.29
441.425
426.1
373.519
373.426
426.248
441.556
392.721
441.698
426.274
373.455
373.365
426.405
634.224
634.286
577.834
619.168
578.367
619.148
634.303
634.324
577.854
619.238
578.055
619.194
392.683
441.635
441.677
426.237
373.406
426.482
373.315
442.489
394.448
442.515
427.502
375.356
427.731
375.271
636.382
636.402
577.605
621.134
577.898
621.088
636.398
636.407
577.771
621.167
578.282
621.101
394.429
442.346
442.443
427.441
375.345
375.262
427.597
442.531
394.462
442.65
427.593
375.337
375.255
427.73
636.335
636.36
578.032
621.114
578.535
621.063
636.351
636.372
578.052
621.13
578.299
621.087
394.446
442.624
442.653
427.563
375.306
375.223
427.788
442.496
394.041
442.621
427.36
374.834
374.747
427.502
635.718
635.791
578.365
620.534
578.83
620.534
635.82
635.836
578.398
620.638
578.632
620.59
393.989
442.534
442.593
427.299
374.754
427.505
374.679
442.437
394.065
442.462
427.284
374.895
374.807
427.522
635.896
635.92
577.877
620.689
578.128
620.644
635.904
635.916
578.015
620.709
578.555
620.643
394.054
442.265
442.385
427.242
374.897
427.388
374.811
442.497
394.45
442.523
427.51
375.355
375.271
427.738
636.382
636.402
577.626
621.134
577.906
621.089
636.397
636.409
577.795
621.166
578.298
621.105
394.43
442.348
442.449
427.447
375.344
427.598
375.261
442.543
394.467
442.663
427.604
375.339
375.257
427.74
636.339
636.362
578.058
621.117
578.557
621.067
636.354
636.375
578.076
621.134
578.321
621.091
394.451
442.636
442.666
427.575
375.308
375.225
427.798
442.512
394.049
442.638
427.376
374.839
427.516
374.752
635.724
635.796
578.392
620.543
578.864
620.538
635.826
635.842
578.432
620.644
578.659
620.599
393.997
442.55
442.609
427.313
374.759
374.684
427.52
442.45
394.07
442.476
427.297
374.898
374.81
427.534
635.901
635.922
577.904
620.694
578.154
620.649
635.906
635.921
578.045
620.711
578.578
620.651
394.059
442.278
442.399
427.254
374.899
427.4
374.813
441.687
392.351
441.822
426.306
372.984
426.45
372.881
633.342
633.657
578.772
618.363
579.1
618.601
633.864
633.869
578.884
618.858
579.098
618.774
392.148
441.429
441.64
426.125
372.7
372.671
426.252
441.298
392.064
441.272
425.812
372.788
372.663
426.134
633.568
633.58
577.561
618.534
577.839
618.465
633.629
633.629
577.819
618.623
578.467
618.551
392.028
441.042
441.184
425.715
372.728
372.632
425.866
441.509
392.753
441.523
426.179
373.53
373.431
426.449
634.5
634.523
577.249
619.356
577.485
619.312
634.493
634.517
577.447
619.374
578.039
619.313
392.742
441.307
441.443
426.118
373.524
426.264
373.432
441.577
392.733
441.721
426.296
373.465
373.375
426.425
634.238
634.294
577.87
619.182
578.412
619.159
634.312
634.336
577.897
619.248
578.089
619.209
392.695
441.658
441.699
426.257
373.416
426.504
373.325
438.808
389.192
438.792
423.322
369.89
369.766
423.686
630.522
630.544
575.715
615.683
575.89
615.634
630.456
630.514
575.972
615.676
576.761
615.627
389.187
438.53
438.72
423.248
369.871
423.379
369.761
438.768
388.987
438.93
423.354
369.616
369.506
423.485
629.665
629.896
576.559
615.039
577.121
615.159
630.045
630.052
576.576
615.372
576.726
615.314
388.848
438.705
438.826
423.254
369.437
369.362
423.493
437.223
386.642
437.376
421.612
367.217
421.783
367.076
626.443
626.889
576.011
612.177
576.397
612.506
627.258
627.246
576.171
612.935
576.347
612.841
386.332
436.829
437.117
421.356
366.783
366.762
421.485
437.512
387.186
437.517
421.907
367.82
367.686
422.286
628.08
628.099
575.513
613.57
575.68
613.52
627.925
628.038
575.818
613.492
576.619
613.486
387.2
437.255
437.443
421.825
367.82
421.965
367.703
432.712
379.862
432.843
416.43
360.257
416.68
360.025
617.941
618.701
574.425
604.704
574.796
605.258
619.422
619.307
574.636
606.049
574.79
605.888
379.302
431.926
432.386
416.014
359.456
359.475
416.102
433.372
381.054
433.42
417.309
361.486
361.335
417.748
621.102
621.09
574.178
607.436
574.29
607.354
620.594
620.892
574.608
607.071
575.529
607.208
381.163
433.173
433.383
417.232
361.611
361.437
417.409
434.723
383.527
434.665
418.877
364.142
363.966
419.353
623.945
623.968
573.588
609.824
573.751
609.771
623.853
623.934
574.068
609.834
575.039
609.783
383.501
434.303
434.521
418.706
364.077
418.866
363.937
434.817
383.314
434.98
418.957
363.808
363.645
419.136
622.787
623.16
575.023
608.979
575.703
609.217
623.478
623.465
575
609.574
575.142
609.48
383.073
434.652
434.819
418.819
363.489
419.108
363.405
430.085
376.061
429.892
413.337
356.448
356.184
414.01
615.276
615.301
571.958
602.242
571.999
602.196
615.192
615.276
572.851
602.36
574.169
602.272
376
429.327
429.61
412.988
356.315
413.174
356.105
430.439
375.873
430.648
413.544
356.031
355.781
413.764
614.549
614.746
575.043
602.075
576.322
602.102
614.922
614.905
574.462
602.267
574.437
602.188
375.725
430.869
430.73
413.663
355.851
355.636
414.24
436.592
378.486
437.295
417.431
357.345
417.314
357.178
622.161
620.291
587.358
609.945
590.951
608.066
618.064
618.671
584.362
605.769
583.387
606.311
379.978
441.256
439.3
419.36
359.679
358.644
421.372
433.36
375.611
432.32
414.296
355.71
355.116
415.573
614.009
614.278
576.552
601.671
576.128
601.873
615.857
615.018
578.37
603.65
580.837
602.722
374.94
430.811
431.26
413.285
354.684
413.359
354.475
548.121
472.558
549.46
514.612
442.408
443.033
512.108
702.142
700.434
704.815
691.46
704.99
689.104
696.095
697.726
698.907
682.955
696.925
685.158
479.097
558.629
555.262
522.825
454.609
450.501
528.717
531.368
447.03
522.682
489.36
424.238
419.279
497.65
671.087
674.654
664.712
657.046
659.244
660.685
687.226
681.318
676.846
673.977
685.686
667.89
436.736
507.579
511.553
478.445
408.125
409.225
475.265
458.897
390.863
454.133
431.376
370.685
368.374
435.623
626.569
628.265
598.396
614.149
595.945
615.759
636.851
632.4
605.13
624.341
611.913
620.087
386.507
447.188
448.877
426.436
364.013
425.587
364.141
471.837
406.679
474.674
447.651
381.776
382.289
445.821
660.513
654.492
636.854
647.167
645.769
641.467
645.855
648.589
626.94
632.795
622.774
635.428
413.879
490.417
483.072
455.403
392.744
461.716
389.169
839.9
812.211
852.152
864.475
878.397
857.356
879.853
805.871
801.432
785.619
819.699
808.072
823.5
796.692
806.431
846.24
861.321
860.237
852.991
868.404
833.873
592.873
510.734
580.989
513.344
451.695
544.893
460.733
496.501
499.444
485.725
488.475
514.342
498.324
503.48
449.954
506.828
482.061
487.594
496.042
449.953
513.794
508.008
514.724
539.701
495.331
501.291
515.658
521.168
836.367
808.355
847.996
859.812
874.938
853.122
875.953
795.54
794.142
775.089
811.953
797.319
815.736
789.786
802.356
841.862
856.791
855.563
848.931
864.284
829.573
587.362
506.899
576.952
507.221
446.781
539.309
453.996
495.356
506.325
487.99
490.467
517.688
496.782
510.139
445.395
504.937
480.488
485.313
488.826
444.828
510.921
510.969
514.742
532.702
497.697
503.415
518.108
520.206
705.907
704.392
688.462
695.687
700.257
694.163
561.99
489.071
556.126
529.084
464.205
532.487
462.599
487.159
556.592
553.358
525.362
462.536
462.228
517.087
698.495
701.905
672.655
686.423
645.031
691.578
545.936
453.236
544.315
455.951
446.412
484.035
438.759
908.105
461.058
592.334
480.753
396.358
397.505
492.663
684.425
641.581
577.599
671.895
603.264
625.149
429.783
428.445
480.201
419.063
412.888
419.499
404.752
703.843
702.226
686.96
693.865
698.899
692.201
559.792
487.259
553.79
527.718
462.856
531.288
461.162
485.051
553.878
550.74
523.691
460.694
460.485
515.308
696.076
699.573
670.949
684.192
643.41
689.451
543.335
451.174
542.419
454.299
444.391
482.226
436.859
905.61
458.695
590.511
479.724
395.127
396.149
492.015
681.877
639.308
576.273
669.595
601.717
623.242
427.942
426.437
478.452
417.515
411.247
417.823
403.229
254.38
272.306
246.648
249.729
235.743
223.849
226.512
291.968
284.9
290.681
276.453
277.982
277.962
276.858
311.449
318.378
304.742
280.189
290.843
281.277
288.405
288.524
306.86
297.052
279.363
282.413
279.009
285.562
263.682
265.08
261.512
264.692
262.813
267.526
261.151
263.254
267.785
263.372
260.247
263.787
266.851
260.556
262.813
264.24
261.626
263.538
265.713
262.486
261.04
264.647
271.303
265.519
261.09
265.716
269.561
261.028
257.566
274.156
248.968
251.246
236.981
224.994
227.994
290.738
283.687
289.218
275.594
276.944
276.883
275.944
310.16
317.046
303.675
279.672
290.125
280.77
287.757
287.875
305.829
296.203
278.813
281.783
278.411
284.94
263.075
264.382
260.781
263.869
262.138
266.869
260.422
262.533
266.894
262.517
259.49
263.075
265.987
259.801
262.075
263.421
260.849
262.697
264.874
261.719
260.279
264.084
270.656
264.654
260.329
265.178
268.919
260.287
446.818
428.419
426.416
414.738
415.905
386.36
393.143
376.592
362.921
376.302
354.209
350.096
352.008
351.038
426.54
389.99
389.77
402.294
403.151
380.348
377.017
373.895
360.449
373.727
351.294
347.183
348.681
348.363
443.056
424.877
416.975
407.82
412.926
381.536
386.956
423.443
386.414
387.286
397.489
400.542
376.674
373.885
262.122
310.224
270.002
253.287
233.212
229.613
255.397
352.715
350.555
336.731
277.74
268.228
270.368
278.302
266.366
314.158
275.483
254.854
235.626
231.512
257.43
349.134
347.38
332.868
278.128
266.967
269.208
278.055
436.478
425.902
493.158
433.837
399.95
393.489
447.981
778.509
948.765
824.39
727.601
794.35
841.033
734.896
607.686
568.317
615.925
617.329
565.333
606.887
566.716
714.764
600.892
667.305
655.254
727.409
661.345
602.857
539.428
517.573
509.638
515.009
544.01
522.308
545.011
602.348
530.452
620.433
538.837
626.633
551.064
540.294
552.966
521.047
553.333
522.248
569.773
530.873
527.486
440.852
438.9
500.335
450.803
410.78
401.852
453.54
714.664
843.26
771.761
687.583
727.403
784.338
694.568
614.417
572.911
614.761
614.527
572.342
612.293
570.522
698.179
595.29
648.571
643.391
705.565
647.492
596.289
526.414
512.521
501.711
506.229
532.728
516.631
530.88
559.124
515.141
583.448
518.015
576.72
527.479
524.053
522.567
510.958
528.58
505.134
534.346
511.815
516.153
601.257
663.136
659.982
632.303
624.12
665.749
695.613
664.689
762.271
678.233
724.298
791.811
802.35
709.434
722.012
773.602
699.166
743.681
830.863
765.731
815.313
487.672
523.662
496.06
531.821
506.459
563.898
554.145
648.077
733.986
635.483
679.387
779.513
693.476
768.35
619.055
726.162
624.964
667.9
753.292
660.327
759.154
431.61
477.025
444.233
477.157
444.516
502.262
502.019
584.415
687.82
583.941
616.89
714.681
714.501
617.591
583.602
687.905
583.635
616.411
714.339
616.255
714.361
440.535
486.785
457.178
483.905
453.708
509.514
512.705
585.279
688.396
585.88
619.436
715.008
618.591
715.54
589.437
689.367
587.382
621.232
718.204
623.618
716.773
439.134
484.125
451.156
484.657
451.737
509.014
508.512
592.794
695.113
592.664
623.061
718.678
718.689
623.133
591.653
694.741
592.255
622.73
718.242
622.292
718.481
442.86
488.226
455.716
488.033
455.415
512.224
512.404
594.799
697.344
595.457
625.305
719.928
624.773
720.361
596.068
697.736
595.92
625.668
720.669
625.775
720.62
452.953
497.312
465.423
497.226
465.268
520.801
520.883
605.075
705.19
605.466
633.342
725.776
726.067
633.02
605.752
705.425
605.727
633.531
726.157
633.54
726.205
450.169
494.547
462.34
494.741
462.563
518.474
518.307
603.219
703.281
603.179
631.436
724.432
631.443
724.488
602.772
703.184
603.022
631.341
724.393
631.184
724.466
458
501.977
470.376
501.896
470.284
525.289
525.388
610.418
709.31
610.421
637.4
728.989
729.068
637.387
610.497
709.328
610.432
637.443
729.295
637.563
729.143
458.746
502.65
471.066
502.608
470.991
525.917
525.957
611.096
709.947
611.184
637.968
729.533
637.94
729.552
611.23
709.983
611.234
637.96
729.453
637.942
729.528
462.599
505.613
474.556
505.588
474.513
528.283
528.298
614.603
712.019
614.636
640.179
730.929
730.923
640.209
614.685
712.011
614.687
640.158
730.805
640.144
730.876
461.638
504.98
473.694
504.956
473.669
527.863
527.942
613.969
711.591
613.953
639.719
730.502
639.713
730.56
613.837
711.604
613.876
639.73
730.634
639.764
730.615
462.598
505.612
474.555
505.587
474.512
528.283
528.297
614.601
712.024
614.637
640.184
730.942
730.938
640.212
614.686
712.017
614.687
640.163
730.821
640.149
730.89
461.637
504.977
473.692
504.956
473.668
527.863
527.939
613.971
711.594
613.952
639.722
730.519
639.719
730.573
613.833
711.609
613.878
639.736
730.648
639.765
730.629
458.009
501.982
470.382
501.901
470.291
525.293
525.391
610.422
709.316
610.425
637.407
729.013
729.092
637.396
610.502
709.34
610.438
637.452
729.318
637.571
729.169
458.75
502.652
471.069
502.611
470.994
525.918
525.957
611.099
709.95
611.183
637.97
729.552
637.946
729.568
611.231
709.992
611.237
637.967
729.471
637.946
729.547
452.963
497.318
465.431
497.229
465.275
520.798
520.886
605.078
705.22
605.488
633.362
725.806
726.106
633.026
605.756
705.42
605.717
633.526
726.191
633.546
726.229
450.187
494.559
462.354
494.754
462.577
518.483
518.314
603.23
703.299
603.186
631.446
724.473
631.456
724.523
602.782
703.201
603.036
631.354
724.436
631.197
724.504
439.199
484.172
451.211
484.707
451.792
509.051
508.546
592.832
695.139
592.693
623.09
718.766
718.769
623.167
591.69
694.804
592.303
622.77
718.33
622.325
718.577
442.907
488.263
455.758
488.068
455.454
512.25
512.433
594.826
697.378
595.481
625.33
720
624.797
720.432
596.101
697.777
595.952
625.694
720.738
625.805
720.689
431.783
477.145
444.378
477.284
444.672
502.364
502.114
584.526
687.909
584.031
616.956
714.862
714.668
617.678
583.702
687.99
583.738
616.495
714.505
616.334
714.532
440.801
486.977
457.412
484.098
453.944
509.664
512.848
585.406
688.474
586.003
619.531
715.207
618.686
715.733
589.575
689.479
587.528
621.337
718.415
623.715
716.984
599.516
660.836
657.125
630.509
621.953
663.451
692.74
663.802
761.135
677.206
722.806
791.239
801.628
708.163
720.448
772.193
697.89
741.832
829.58
763.511
814.31
487.483
523.436
495.811
531.519
506.103
563.381
553.747
647.463
733.458
635.055
678.689
779.176
692.537
768.149
618.819
725.744
624.665
667.396
753.237
659.916
759.05
567.687
584.342
568.927
540.603
545.719
536.318
548.005
593.131
576.056
571.869
579.107
573.994
556.917
561.849
578.778
565.42
567.896
545.491
555.579
551.657
551.556
545.325
511.92
542.815
519.566
480.065
486.412
517.127
533.842
514.893
539.306
521.875
508.158
495.565
523.695
506.844
512.914
492.648
481.941
477.976
511.462
509.655
502.995
504.327
457.475
469.806
466.423
498.717
508.107
593.013
574.514
571.084
578.364
574.107
555.575
560.143
563.301
578.912
564.539
535.793
540.162
531.252
542.692
560.684
573.553
563.424
540.828
550.602
546.821
546.564
545.502
509.462
543.398
516.714
473.911
481.489
513.397
533.998
513.094
539.944
519.772
505.78
491.912
522.172
501.528
507.93
487.701
477.256
472.754
504.639
506.313
497.28
498.794
451.328
465.114
460.785
492.547
502.777
739.898
758.088
756.924
718.996
739.429
710.902
750.651
620.844
840.371
674.683
660.503
655.376
610.46
801.108
796.385
793.204
737.227
717.775
820.024
777.368
810.473
729.636
752.133
746.529
715.166
728.885
708.043
745.443
617.451
836.053
671.076
657.25
650.803
607.231
797.292
792.263
789.775
733.446
714.286
816.337
773.492
807.075
339.763
333.813
329.506
291.776
297.469
296.568
292.075
328.341
312.049
325.133
297.1
299.231
300.374
297.383
321.523
305.439
318.016
291.613
293.688
295.322
291.606
268.094
270.019
267.208
269.064
271.197
268.151
266.263
267.704
276.306
273.555
266.828
273.688
268.521
266.368
267.156
269.037
266.485
271.571
271.282
266.918
266.267
268.065
272.506
268.914
264.779
271.975
268.11
265.431
335.494
331.321
325.813
290.149
295.919
295.142
290.292
327.225
309.887
322.178
295.654
298.242
299.766
295.997
319.522
303.389
315
290.127
292.389
293.984
290.229
267.347
269.242
266.381
268.065
270.409
267.401
265.387
267.216
276.6
273.57
266.267
273.836
268.056
265.773
266.652
268.71
265.894
271.387
271.196
266.393
265.657
267.3
271.646
267.82
263.814
271.158
267.317
264.507
163.427
166.884
163.725
166.712
163.525
167.112
164.013
176.611
180.606
176.809
180.432
176.632
180.632
176.864
162.65
166.368
163.19
165.97
162.778
166.737
163.645
171.46
174.906
171.47
174.906
171.495
174.908
171.485
171.497
174.9
171.475
174.914
171.516
174.902
171.481
171.505
174.894
171.47
174.911
171.513
174.896
171.473
171.502
174.89
171.465
174.906
171.504
174.891
171.466
171.504
174.891
171.466
174.904
171.502
174.89
171.465
171.513
174.896
171.473
174.906
171.505
174.895
171.47
171.517
174.902
171.481
174.904
171.497
174.9
171.475
171.495
174.908
171.485
174.894
171.46
174.906
171.471
176.632
180.632
176.864
180.416
176.611
180.606
176.809
162.778
166.736
163.643
165.833
162.65
166.368
163.189
163.525
167.112
164.012
166.613
163.427
166.884
163.725
172.341
166.679
167.581
166.059
168.901
167.448
169.647
172.303
166.044
166.671
167.557
167.436
169.606
168.88
239.603
240.704
234.906
241.326
237.39
245.637
237.052
236.552
232.647
237.64
238.459
234.889
241.767
234.405
171.295
219.082
182.641
182.089
184.392
170.34
221.309
218.163
171.205
182.395
181.786
184.193
220.344
170.232
196.319
206.088
214.103
211.406
191.581
204.628
195.546
318.564
518.08
254.724
359.271
316.763
253.752
518.847
401.258
346.56
307.816
357.35
404.593
355.924
302.559
240.679
241.968
246.782
251.738
237.594
245.639
243.706
196.164
205.787
213.527
210.888
191.444
195.37
204.286
316.369
503.908
252.897
353.2
314.044
252.293
507.441
394.534
341.359
304.533
352.466
397.473
350.711
299.119
244.081
245.207
251.378
256.923
240.346
249.239
247.326
185.623
179.211
182.972
183.043
182.044
187.972
181.976
185.777
179.255
183.069
183.156
182.129
188.177
182.052
188.614
195.574
194.552
196.248
188.723
196.99
189.487
297.849
334.849
328.12
244.445
242.747
246.649
242.213
184.066
183.971
190.329
192.769
179.647
185.35
185.1
304.133
305.594
278.198
307.729
277.206
277.809
278.416
226.607
319.493
301.278
227.253
209.293
235.754
206.338
295.674
333.018
325.627
244.419
242.073
241.573
246.794
195.478
188.656
194.646
196.387
188.643
196.875
189.548
302.069
303.205
277.053
305.509
276.452
277.061
277.246
228.766
329.238
309.251
229.281
210.127
206.982
238.639
184.187
184.114
190.593
193.138
179.706
185.491
185.284
385.331
416.493
521.737
352.833
346.701
495.521
393.369
543.357
445.082
518.389
500.769
496.061
512.53
555.644
699.975
920.408
895.014
692.728
608.366
601.261
707.527
587.885
540.766
676.056
558.422
549.517
648.459
609.723
413.556
425.658
541.437
370.819
361.464
512.441
426.46
534.852
440.113
515.999
492.127
488.86
512.001
543.345
669.947
819.232
802.751
661.985
600.461
597.238
669.097
556.955
528.911
622.397
543.26
536.317
600.114
574.29
166.949
171.349
168.199
166.726
167.922
167.063
165.708
166.928
171.317
168.184
166.713
167.913
167.057
165.699
202.337
207.211
204.681
202.779
201.175
205.164
202.245
182.163
194.286
189.507
183.23
178.992
179.431
184.057
182.954
190.196
188.749
185.822
179.97
180.595
186.115
239.417
227.25
233.44
225.558
230.27
219.617
220.374
240.888
211.467
229.188
213.976
229.135
208.826
210.798
178.367
177.21
177.334
177.999
177.662
176.859
176.377
183.041
177.085
178.402
177.036
178.932
175.567
175.925
202.272
207.224
204.619
202.706
201.103
205.076
202.143
182.105
194.073
189.372
183.152
178.937
179.388
183.947
182.905
190.086
188.68
185.742
179.914
180.551
186.01
237.903
226.208
232.292
224.674
229.272
219.048
219.732
239.163
211.24
228.488
213.514
228.304
208.691
210.523
178.455
177.289
177.403
178.096
177.737
176.921
176.447
183.267
177.169
178.512
177.121
179.046
175.653
176.003
812.308
788.515
776.415
811.99
827.232
801.905
839.541
671.442
742.846
724.452
777.088
731.091
766.826
742.709
550.235
583.092
566.794
669.333
637.97
652.454
656.108
626.23
609.931
591.416
688.062
698.704
712.142
672.8
515.898
526.815
516.013
631.865
611.19
611.538
631.546
518.422
527.368
516.367
632.204
612.676
611.988
632.854
540.065
545.245
533.766
641.923
628.101
647.243
622.157
521.997
538.59
527.242
637.452
614.361
617.511
634.409
517.867
529.574
519.195
634.741
612.856
614.276
633.395
521.719
531.195
520.938
635.893
615.857
615.382
636.332
525.415
535.138
525.134
638.605
617.966
618
638.573
523.396
534.295
524.203
638.329
617.077
637.656
617.799
532.698
542.091
532.501
644.394
623.631
623.682
644.33
531.247
541.383
531.726
644.128
623.026
623.499
643.713
527.533
538.236
528.402
641.64
620.03
640.724
621.049
529.758
539.236
529.474
642.257
621.746
621.624
642.358
535.279
545.464
535.948
647.749
626.372
627.13
647.098
535.801
545.429
535.915
647.362
626.575
626.746
647.194
536.735
546.166
536.732
647.89
627.272
627.298
647.842
536.305
545.84
536.367
647.787
627.122
647.727
627.227
538.164
547.459
538.201
649.808
629.438
629.506
649.739
538.215
547.419
538.147
649.775
629.416
629.462
649.764
537.83
547.212
537.848
649.262
628.624
649.128
628.82
537.86
547.289
537.942
649.315
628.91
628.901
649.3
538.165
547.46
538.201
649.815
629.443
629.513
649.744
538.216
547.422
538.149
649.786
629.427
629.474
649.774
537.829
547.214
537.849
649.276
628.638
628.835
649.14
537.861
547.291
537.942
649.327
628.922
649.312
628.913
535.277
545.468
535.95
647.771
626.398
627.155
647.118
535.807
545.437
535.921
647.388
626.602
626.774
647.216
536.737
546.169
536.733
647.905
627.289
647.858
627.315
536.307
545.845
536.37
647.806
627.143
627.248
647.744
532.701
542.097
532.505
644.421
623.663
623.716
644.356
531.257
541.387
531.728
644.16
623.073
623.537
643.752
527.541
538.255
528.417
641.694
620.088
621.112
640.769
529.769
539.253
529.487
642.304
621.797
642.402
621.681
517.919
529.634
519.246
634.87
613.021
614.431
633.529
521.761
531.246
520.98
636.007
615.983
615.518
636.435
525.439
535.171
525.161
638.68
618.045
638.638
618.089
523.428
534.332
524.235
638.409
617.186
617.896
637.747
515.975
526.922
516.105
632.054
611.396
611.767
631.717
518.556
527.501
516.483
632.422
612.96
612.25
633.086
540.135
545.391
533.889
642.22
628.493
622.534
647.541
522.155
538.77
527.404
637.744
614.69
634.678
617.87
805.229
782.845
771.054
809.766
824.478
799.837
836.553
669.148
738.863
720.796
775.637
730.387
765.5
741.881
550.196
582.829
566.535
669.498
638.338
656.371
652.734
624.929
609.232
590.76
688.031
698.487
672.893
711.806
346.716
363.549
366.52
341.292
338.895
348.385
324.537
267.542
260.455
257.119
249.684
254.571
264.411
259.839
362.207
345.309
365.262
340.223
337.844
347.255
323.59
267.137
260.176
256.906
249.387
254.292
264.14
259.505
814.783
767.234
779.492
812.846
827.495
788.688
845.903
716.296
662.75
722.069
733.527
620.074
710.235
637.641
806.472
758.821
771.218
809.545
824.41
785.833
842.393
706.796
653.852
714.056
730.648
615.819
707.437
633.847
240.351
240.305
238.973
239.519
239.954
241.095
238.36
243.692
245.006
240.922
241.374
246.462
243.363
239.175
240.206
240.193
238.737
239.42
239.801
241.03
238.054
243.373
244.651
240.593
241.044
246.065
243.038
238.807
252.971
252.466
253.141
246.628
240.672
246.118
241.539
256.688
256.05
256.187
249.597
244.982
249.949
244.319
256.557
258.641
257.351
251.075
246.326
247.079
250.467
257.867
259.047
258.101
251.394
246.552
251.275
246.859
251.634
250.146
251.407
245.049
239.671
245.241
239.32
250.57
249.374
250.728
244.354
238.405
244.228
238.624
249.175
250.916
250.982
244.404
238.227
244.353
238.32
251.156
249.4
251.16
244.632
238.62
244.653
238.571
252.616
254.784
254.792
247.72
241.138
247.722
241.139
254.639
252.548
254.698
247.651
241.037
247.622
241.086
252.783
250.92
252.925
246.123
239.616
246.029
239.773
253.568
251.468
253.54
246.668
240.282
246.693
240.241
256.271
254.104
256.348
249.109
242.298
249.063
242.381
256.587
254.315
256.582
249.315
242.578
249.325
242.563
255.107
257.432
257.433
250.035
243.19
250.042
243.18
257.4
255.118
257.432
250.044
243.17
250.033
243.193
256.82
259.204
259.205
251.64
244.658
251.647
244.648
259.27
256.897
259.28
251.713
244.716
251.717
244.713
258.793
256.489
258.839
251.308
244.307
251.284
244.354
258.878
256.52
258.88
251.36
244.414
251.367
244.405
259.794
257.41
259.806
252.181
245.144
252.183
245.147
259.821
257.423
259.822
252.198
245.175
252.205
245.164
257.571
259.975
259.978
252.329
245.289
252.336
245.279
260.004
257.602
260.008
252.359
245.315
252.366
245.307
257.412
259.796
259.808
252.183
245.146
252.184
245.149
259.821
257.424
259.822
252.198
245.176
252.206
245.165
259.974
257.57
259.977
252.329
245.288
252.336
245.279
260.005
257.603
260.009
252.36
245.316
252.366
245.308
259.206
256.822
259.207
251.642
244.66
251.649
244.65
259.274
256.901
259.284
251.716
244.719
251.72
244.717
256.494
258.797
258.843
251.313
244.312
251.288
244.359
258.881
256.524
258.883
251.364
244.419
251.371
244.409
254.117
256.282
256.359
249.12
242.311
249.075
242.393
256.597
254.326
256.592
249.325
242.589
249.334
242.574
257.437
255.115
257.439
250.04
243.197
250.048
243.187
257.407
255.127
257.44
250.052
243.18
250.041
243.202
254.799
252.634
254.807
247.736
241.154
247.737
241.156
254.658
252.571
254.717
247.671
241.058
247.642
241.108
250.95
252.809
252.952
246.15
239.644
246.055
239.802
253.591
251.496
253.564
246.691
240.307
246.716
240.267
250.183
251.661
251.437
245.079
239.705
245.269
239.358
250.608
249.419
250.766
244.391
238.447
244.265
238.666
250.949
249.215
251.016
244.437
238.262
244.385
238.356
251.195
249.445
251.198
244.67
238.662
244.69
238.613
252.47
252.971
253.139
246.632
240.689
246.125
241.549
256.619
256.001
256.135
249.557
244.935
249.896
244.293
256.263
258.331
257.067
250.831
246.076
246.853
250.21
257.709
258.839
257.92
251.246
246.438
251.143
246.719
249.921
247.275
248.003
243.204
242.142
244.806
239.686
234.246
230.529
233.683
230.147
224.368
227.425
228.828
249.57
246.876
247.651
242.875
241.821
244.482
239.349
233.816
230.138
233.307
229.798
224.017
227.085
228.463
578.42
580.456
609.152
582.328
548.716
577.325
547.149
241.715
260.236
284.566
273.778
243.617
260.029
242.498
411.884
298.885
323.227
322.953
376.669
321.555
293.55
578.465
580.475
608.157
581.749
546.718
577.084
544.452
241.27
259.594
283.271
272.538
242.948
259.282
241.835
410.262
297.973
321.823
321.534
375.159
319.988
292.588
305.628
285.123
277.677
278.372
271.22
255.767
258.122
230.365
252.952
238.641
225.311
230.146
221.748
220.862
217.619
210.954
213.533
204.395
201.978
201.364
205.944
307.783
287.538
280.034
280.506
273.441
257.531
259.985
231.438
254.585
240.246
226.172
231.231
222.64
221.611
218.43
211.512
214.226
204.891
202.381
201.71
206.567
291.525
341.309
284.178
297.285
264.505
261.202
290.6
221.447
209.52
202.677
219.266
207.659
203.529
225.49
359.106
376.044
306.732
368.916
299.203
300.936
310.356
248.621
235.334
244.983
245.286
236.893
234.599
248.949
244.369
237.425
242.438
243.362
240.474
245.897
237.6
294.373
343.788
286.663
300.611
266.831
263.279
293.237
222.379
210.513
203.157
220.202
208.449
226.614
204.103
354.916
373.345
306.834
364.229
297.631
299.34
310.587
248.111
234.794
244.594
244.854
236.354
234.003
248.386
244.526
236.971
242.273
243.185
240.54
246.127
237.12
219.615
208.369
210.748
209.468
214.116
207.1
206.997
208.311
212.566
207.613
204.567
209.151
207.81
205.463
217.027
211.216
214.171
206.255
203.871
203.782
206.904
219.195
208.364
210.68
209.385
213.901
207.046
206.985
208.115
212.306
207.48
204.409
208.892
207.611
205.198
216.702
211.011
213.929
206.117
203.649
203.605
206.725
437.13
464.458
420.864
396.794
442.099
397.327
424.225
281.601
323.603
326.619
322.896
270.41
275.262
318.264
389.706
361.177
364.832
362.848
384.369
390.628
357.653
429.454
456.64
412.123
389.788
434.073
389.886
414.839
280.162
322.19
324.362
320.454
269.581
273.748
316.833
383.858
358.638
360.803
358.571
380.508
384.334
355.088
317.145
342.828
292.885
321.957
282.533
283.949
294.635
268.466
259.985
264.343
264.956
262.46
268.991
259.869
272.742
261.254
266.793
267.953
267.092
274.02
261.575
315.634
340.379
292.058
320.266
282.01
283.389
293.669
267.543
259.22
263.628
264.234
261.555
268.035
259.089
272.067
260.463
266.255
267.402
266.057
273.298
260.741
233.758
221.811
223.378
223.766
226.927
219.145
219.092
214.263
211.082
213.262
210.08
209.002
210.652
208.924
229.973
224.445
226.512
215.928
217.091
217.035
216.055
210.999
210.827
212.197
209.637
209.13
209.402
208.958
218.521
221.478
222.717
215.006
214.433
214.341
215.036
207.756
207.271
207.335
207.724
207.296
207.61
207.651
208.307
208.408
208.463
208.082
208.943
207.986
208.061
232.59
221.246
222.743
223.04
226.098
218.64
218.641
213.909
210.905
212.981
209.887
208.875
210.418
208.813
229.144
223.918
225.816
215.56
216.733
216.604
215.744
210.855
210.675
211.986
209.483
209.039
209.285
208.86
218.133
221.05
222.167
214.698
214.197
214.084
214.768
207.651
207.205
207.26
207.647
207.217
207.531
207.557
208.172
208.297
208.322
207.988
208.775
207.892
207.943
731.237
690.279
768.871
766.161
685.127
778.172
784.537
723.927
672.756
753.153
757.86
676.691
760.337
753.698
690.222
640.033
718.172
644.462
724.715
710.977
704.74
699.545
661.357
742.927
653.987
735.177
726.232
735.12
635.375
592.28
667.566
670.51
594.123
647.887
645.318
640.42
603.634
680.777
675.601
599.094
654.058
658.908
665.702
629.045
708.044
622.762
700.747
683.167
690.202
658.259
612.521
688.28
615.572
692.947
673.363
669.257
619.025
578.063
653.772
653.985
578.078
625.962
625.567
619.099
578.377
653.892
654.086
578.27
626.516
626.629
618.951
578.578
653.637
578.58
653.863
627.992
628.038
619.027
578.625
653.848
578.6
653.959
627.832
627.531
626.31
587.787
663.692
661.391
585.757
637.897
640.117
624.28
583.113
658.253
659.43
583.763
635.536
634.41
619.163
578.514
653.587
578.804
654.233
629.196
628.516
620.118
580.78
656.295
579.769
655.221
630.504
631.581
622.121
580.249
655.78
656.896
580.835
628.029
627.433
622.853
581.606
657.827
657.734
581.473
628.738
628.596
624.568
582.615
659.405
582.601
659.504
628.931
628.673
624.33
582.348
658.752
582.477
659.284
629.028
628.851
627.155
584.431
661.83
661.996
584.423
629.209
628.919
627.158
584.537
661.833
662.045
584.504
629.49
629.483
626.487
583.94
660.715
584.204
661.347
629.97
629.669
626.807
584.514
661.638
584.468
661.682
630.193
629.984
633.453
589.588
667.832
667.994
589.552
632.384
632.14
633.475
589.631
667.9
668.065
589.633
632.6
632.546
632.92
589.174
667.161
589.328
667.578
632.873
632.65
633.13
589.51
667.653
589.5
667.778
633.029
632.82
630.026
586.656
663.986
664.751
587.023
631.525
631.097
630.436
587.455
665.171
665.221
587.406
631.985
631.803
631.181
587.834
665.804
587.83
665.948
631.708
631.469
631.168
587.82
665.665
587.835
665.918
631.867
631.786
636.646
592.224
670.559
671.136
592.477
635.294
634.973
636.917
592.769
671.326
671.441
592.747
635.644
635.472
636.585
592.357
670.719
592.349
670.871
634.719
634.515
636.63
592.485
670.932
592.413
670.939
634.898
634.904
637.478
593.049
671.37
671.532
593.041
634.768
634.55
637.478
593.097
671.459
671.544
593.059
634.863
634.838
637.305
592.991
671.3
593.003
671.438
635.184
635.11
637.363
593.068
671.329
593.068
671.48
635.248
635.029
639.449
594.739
673.192
673.321
594.733
635.835
635.669
639.468
594.804
673.269
673.346
594.767
635.951
635.906
639.415
594.769
673.245
594.747
673.33
636.096
636.051
639.447
594.791
673.206
594.79
673.353
636.155
635.955
638.821
594.245
672.662
672.817
594.276
635.98
635.897
638.897
594.369
672.753
672.907
594.364
636.118
635.914
638.956
594.354
672.761
594.349
672.91
635.819
635.618
638.954
594.401
672.829
594.362
672.897
635.877
635.845
639.451
594.74
673.195
673.326
594.735
635.85
635.676
639.473
594.804
673.275
673.354
594.772
635.969
635.922
639.42
594.775
673.256
594.754
673.341
636.12
636.073
639.452
594.797
673.218
594.796
673.364
636.177
635.978
638.828
594.257
672.675
672.83
594.284
636.007
635.926
638.905
594.378
672.768
672.921
594.376
636.148
635.942
638.96
594.361
672.774
594.357
672.922
635.843
635.643
638.962
594.406
672.841
594.372
672.909
635.903
635.868
636.667
592.246
670.581
671.163
592.523
635.361
635.021
636.936
592.791
671.353
671.46
592.748
635.675
635.522
636.592
592.377
670.744
592.347
670.886
634.755
634.559
636.662
592.507
670.954
592.459
670.973
634.959
634.95
637.49
593.06
671.385
671.547
593.055
634.8
634.582
637.492
593.109
671.473
671.56
593.073
634.894
634.87
637.32
593.009
671.318
593.019
671.457
635.222
635.149
637.38
593.083
671.349
593.087
671.498
635.287
635.066
633.492
589.615
667.856
668.037
589.611
632.45
632.193
633.489
589.663
667.932
668.077
589.631
632.64
632.606
632.965
589.212
667.195
589.368
667.622
632.946
632.722
633.153
589.546
667.689
589.534
667.802
633.097
632.888
630.065
586.712
664.036
664.802
587.083
631.626
631.196
630.499
587.509
665.219
665.27
587.457
632.079
631.9
631.235
587.879
665.849
587.876
665.997
631.781
631.55
631.2
587.869
665.711
587.883
665.956
631.957
631.872
622.259
580.391
655.903
657.013
580.954
628.234
627.667
622.963
581.739
657.95
657.846
581.619
628.973
628.814
624.646
582.723
659.507
582.69
659.593
629.104
628.852
624.462
582.465
658.854
582.613
659.394
629.232
629.047
627.219
584.501
661.894
662.064
584.496
629.318
629.035
627.23
584.614
661.904
662.109
584.576
629.626
629.614
626.56
584.034
660.797
584.3
661.429
630.131
629.824
626.903
584.602
661.716
584.553
661.763
630.331
630.129
619.184
578.229
653.921
654.136
578.247
626.239
625.837
619.266
578.563
654.054
654.242
578.45
626.805
626.931
619.15
578.8
653.827
578.801
654.06
628.345
628.402
619.223
578.831
654.03
578.804
654.132
628.179
627.871
626.554
588.061
663.898
661.612
586.035
638.417
640.636
624.525
583.382
658.477
659.645
584.035
636.02
634.893
619.37
578.755
653.803
579.032
654.434
629.601
628.924
620.381
581.042
656.514
580.048
655.453
630.961
632.033
729.75
689.093
766.894
764.554
684.201
777.908
783.987
722.721
672.183
752.116
756.568
675.962
760.269
753.791
689.814
639.911
717.82
644.292
724.269
711.347
705.142
698.99
660.973
742.135
653.709
734.56
726.54
735.337
635.584
592.538
667.754
670.664
594.375
648.416
645.862
640.593
603.845
680.862
675.756
599.34
654.634
659.447
665.645
629.041
707.819
622.839
700.633
683.681
690.652
658.256
612.66
688.291
615.674
692.9
673.859
669.778
269.751
276.391
271.662
263.852
268.274
265.482
268.366
247.556
262.173
261.536
251.456
236.519
249.942
240.063
257.919
250.459
260.184
252.808
249.117
253.871
244.248
279.248
274.817
273.32
262.52
268.02
268.205
261.385
385.591
362.364
367.311
362.746
367.021
351.917
348.643
382.542
367.064
367.973
365.622
368.168
356.392
361.145
345.677
332.56
347.354
335.679
330.239
338.986
320.833
347.414
328.164
347.345
331.682
306.574
312.914
327.948
269.214
275.673
270.975
263.437
267.838
267.91
265.076
247.175
261.486
260.94
251.1
236.215
249.553
239.781
257.534
250.116
259.689
252.481
248.849
253.568
243.979
278.347
273.829
272.48
262.086
267.518
267.73
260.919
384.047
361.284
365.868
361.567
365.73
350.918
347.72
381.164
365.769
366.797
364.356
366.975
355.302
359.968
344.471
331.501
346.017
334.707
329.332
337.952
320.059
345.797
327.034
345.877
330.775
305.971
312.241
327.104
742.361
696.753
772.709
774.395
695.835
793.65
797.842
741.07
688.303
815.755
786.995
695.747
788.007
759.958
886.134
408.754
526.337
526.865
865.121
520.787
412.902
652.508
681.553
868.045
648.113
894.435
653.594
718.825
739.977
695.21
770.311
771.72
694.081
792.441
796.894
738.492
686.123
813.116
784.172
693.735
786.441
758.245
883.871
407.427
524.221
525.779
863.771
519.541
411.5
650.54
679.214
866.035
646.195
893.205
651.961
716.873
564.244
543.885
589.431
532.141
560.296
527.747
540.393
547.338
511.68
475.966
549.109
514.952
513.368
473.645
500.454
450.582
494.275
489.868
444.854
445.262
495.862
559.902
538.182
584.033
526.793
555.908
522.04
534.588
546.899
507.244
468.657
547.929
510.253
507.607
465.282
494.722
443.883
487.619
482.69
439.788
438.008
489.952
289.912
262.443
258.795
270.75
264.914
253.893
253.019
253.793
245.569
248.453
234.447
231.327
230.671
236.173
236.681
241.035
242.787
232.815
230.009
231.435
230.198
291.934
264.199
260.656
272.639
266.97
255.57
254.677
255.404
247.013
249.966
235.609
232.484
231.803
237.381
237.944
242.395
244.186
233.94
231.107
232.541
231.305
258.855
240.229
232.18
256.525
238.148
233.193
263.685
348.76
359.778
298.128
356.858
292.587
293.468
298.627
279.181
267.61
269.661
271.119
279.921
282.276
268.794
272.87
264.302
268.275
268.606
267.828
273.143
264.116
260.57
241.645
233.393
258.097
239.452
234.475
265.524
343.917
355.594
296.412
351.412
290.622
291.297
296.732
279.608
267.11
269.221
270.714
280.488
282.851
268.366
271.956
263.305
267.444
267.729
266.494
272.165
263.087
185.998
187.577
187.105
188.886
186.61
186.59
189.566
170.05
168.471
168.704
169.828
169.851
168.281
168.21
187.573
186.008
187.124
188.911
186.595
186.606
189.537
198.665
200.028
202.962
205.346
195.848
200.5
197.923
198.606
199.956
202.864
205.149
195.787
197.844
200.393
174.091
169.549
182.518
185.048
166.054
174.531
169.074
167.068
166.277
167.445
166.759
165.11
166.636
165.304
169.584
174.18
182.693
185.27
166.073
169.106
174.633
170.053
168.474
168.708
169.829
169.853
168.283
168.212
166.283
167.072
167.451
166.761
165.113
165.307
166.639
170.28
168.445
169.335
169.709
169.857
168.426
168.117
167.818
167.064
168.523
167.046
165.096
165.747
166.569
209.254
213.684
209.423
205.299
206.14
206.192
205.228
170.286
168.45
169.348
169.711
169.86
168.431
168.12
167.842
167.069
168.542
167.052
165.099
165.754
166.572
210.075
214.789
210.274
205.93
206.827
206.878
205.849
217.928
219.434
222.14
209.233
207.375
207.489
208.953
219.296
220.909
223.77
210.059
208.159
208.24
209.844
181.91
181.336
181.758
180.708
179.633
179.526
180.773
179.615
179.827
180.015
179.014
177.702
178.097
178.772
185.359
184.575
185.315
183.993
182.356
182.355
183.995
184.777
184.194
184.86
183.532
181.916
183.497
181.972
186.577
185.726
186.562
185.137
183.331
183.329
185.138
186.405
185.615
186.428
184.994
183.201
184.991
183.205
186.698
185.865
186.704
185.261
183.441
183.437
185.263
186.734
185.882
186.73
185.291
183.463
185.292
183.46
185.814
185.096
185.856
184.46
182.74
182.754
184.45
186.113
185.283
186.087
184.7
182.948
184.699
182.952
183.14
182.794
183.283
182.068
180.638
180.763
181.993
184.005
183.346
183.957
182.749
181.287
182.737
181.312
176.945
176.267
176.594
176.093
175.563
176.23
175.343
183.163
182.817
183.305
182.087
180.658
182.013
180.782
184.02
183.362
183.973
182.763
181.3
182.751
181.325
185.82
185.102
185.862
184.465
182.745
184.456
182.759
186.117
185.287
186.091
184.704
182.951
184.703
182.955
186.7
185.866
186.706
185.263
183.442
185.264
183.438
186.735
185.883
186.731
185.291
183.463
185.293
183.46
186.576
185.725
186.561
185.136
183.33
185.137
183.329
186.402
185.612
186.425
184.991
183.198
184.988
183.203
185.352
184.568
185.307
183.987
182.35
183.989
182.349
184.766
184.184
184.85
183.523
181.906
183.487
181.964
181.881
181.3
181.727
180.682
179.608
180.748
179.499
179.574
179.781
179.975
178.982
177.667
178.739
178.063
195.678
182.589
192.031
184.24
178.489
177.911
184.544
191.347
182.88
192.167
186.092
179.418
178.931
186.15
212.839
232.715
211.843
214.721
214.388
201.501
201.379
252.894
228.866
236.417
230.515
239.225
221.345
222.48
176.988
176.318
176.634
176.127
175.601
176.264
175.38
195.432
182.471
191.786
184.074
178.423
177.834
184.404
212.143
231.343
211.257
214.095
213.83
201.136
200.966
191.189
182.778
191.968
185.93
179.345
178.841
186.018
250.55
227.674
235.137
229.18
237.83
220.624
221.682
673.946
369.227
621.027
377.871
647.277
382.871
648.969
701.019
410.429
394.092
701.872
676.675
398.818
725.294
608.237
354.789
339.176
596.133
344.54
625.959
577.224
592.703
326.972
328.074
548.807
333.845
560.534
581.673
561.626
313.608
526.95
306.039
526.647
561.803
313.392
560.87
312.279
305.192
525.219
525.755
312.685
560.356
565.097
314.295
308.8
528.299
315.661
530.709
562.839
568.951
321.265
311.752
539.872
573.504
318.326
534.867
564.371
314.865
306.961
529.272
528.998
314.791
564.61
563.673
313.663
306.55
526.858
528.317
562.216
314.349
566.32
315.638
307.938
530.234
315.907
565.692
530.871
566.006
315.586
307.709
530.306
315.709
530.516
565.783
570.819
318.587
534.783
310.548
535.243
570.394
318.776
570.609
318.588
310.386
534.85
534.98
318.634
570.452
569.211
317.773
309.648
533.665
317.786
533.668
569.186
569.034
317.18
309.513
532.441
568.024
317.65
533.498
573.614
320.633
312.392
537.891
538.076
320.688
573.418
574.19
320.543
312.578
537.796
538.619
573.434
320.901
574.177
321.062
312.796
538.494
321.127
574.019
538.679
574.021
320.975
312.655
538.481
320.988
538.511
573.972
576.296
322.254
540.849
313.93
540.972
576.192
322.283
576.275
322.223
313.896
540.865
540.962
322.246
576.173
575.702
321.98
313.643
540.33
321.983
540.319
575.698
575.719
321.905
313.65
540.007
575.451
322.005
540.31
576.311
322.259
313.936
540.864
540.987
322.288
576.208
576.285
322.224
313.898
540.87
540.971
576.179
322.248
575.72
321.986
313.65
540.347
321.99
575.716
540.337
575.742
321.914
313.66
540.028
322.014
540.332
575.472
573.659
320.654
537.933
312.412
538.121
573.455
320.706
574.23
320.567
312.598
537.845
538.663
320.92
573.481
574.209
321.077
312.812
538.528
321.142
538.712
574.052
574.047
320.986
312.668
538.508
573.998
321
538.538
570.88
318.623
310.585
534.863
535.307
318.81
570.465
570.663
318.61
310.422
534.904
535.042
570.504
318.668
569.3
317.815
309.698
533.747
317.833
569.261
533.763
569.125
317.23
309.568
532.55
317.702
533.597
568.125
564.572
314.966
529.473
307.072
529.213
564.792
314.897
563.901
313.79
306.678
527.117
528.564
314.47
562.45
566.461
315.723
308.026
530.409
315.989
531.03
565.857
566.138
315.65
307.784
530.437
565.901
315.78
530.657
561.988
313.81
306.239
527.375
527.042
313.579
562.188
561.185
312.432
305.368
525.533
526.1
560.643
312.852
565.583
314.521
309.057
528.787
315.902
563.28
531.245
569.476
321.536
312.032
540.511
318.586
535.452
574.074
674.175
369.35
621.569
377.979
647.642
649.377
382.93
700.923
410.135
394.064
701.522
676.736
398.741
724.736
608.803
354.985
339.449
596.767
344.775
577.898
626.478
593.306
327.249
328.373
549.483
582.268
334.117
561.224
746.36
417.345
720.812
399.044
715.96
743.638
409.156
698.382
373.483
348.719
500.275
656.152
383.482
525.558
745.395
416.695
720.152
397.977
715.42
742.634
408.078
697.895
372.035
347.194
499.249
655.939
382.036
524.54
350.088
438.035
436.272
365.141
282.227
361.134
286
583.601
517.143
515.07
526.984
535.302
453.132
446.504
344.239
429.749
428.082
360.089
279.799
355.749
283.85
576.717
508.862
507.864
520.297
529.269
446.009
438.972
204.847
207.772
209.198
202.93
200.506
201.609
200.865
205.239
208.217
209.747
203.324
200.776
201.918
201.167
322.079
284.226
277.219
237.136
270.002
262.55
241.463
302.045
326.42
321.918
269.053
265.865
269.895
265.457
360.316
351.139
344.195
272.666
286.186
281.755
275.341
327.135
292.687
284.084
240.172
273.593
265.261
245.261
299.772
323.817
319.694
268.092
264.766
268.815
264.453
356.277
346.395
339.91
271.377
285.457
281.195
273.921
205.803
209.671
206.431
204.226
205.334
204.36
206.171
208.171
209.564
211.162
205.645
204.265
205.222
203.878
202.752
204.392
198.955
200.225
204.088
199.592
202.882
205.732
209.505
206.317
204.101
205.239
204.273
206.035
208.061
209.411
210.996
205.537
204.161
205.133
203.743
202.559
204.192
198.776
200.084
203.916
199.438
202.649
254.018
251.091
253.142
236.103
237.196
233.324
232.084
257.257
258.216
256.462
240.768
239.874
235.93
237.022
261.008
259.098
261.365
242.867
243.595
240.471
239.909
261.193
260.509
261.289
242.554
242.999
239.559
238.975
250.04
249.314
248.347
234.914
234.423
230.133
230.748
249.076
246.684
247.275
233.394
233.679
229.355
229.025
248.218
245.764
246.004
232.881
233
228.394
228.257
248.547
246.563
246.383
233.385
233.292
228.709
228.848
251.066
248.47
248.494
235.315
235.312
230.318
230.325
251.042
248.392
248.487
235.222
235.275
230.285
230.232
249.661
246.949
247.237
233.995
234.174
229.341
229.156
250.12
247.714
247.654
234.632
234.578
229.703
229.77
252.429
249.607
249.778
236.301
236.401
231.282
231.173
252.608
249.968
249.948
236.59
236.567
231.442
231.472
253.29
250.581
250.572
237.097
237.081
231.88
231.901
253.32
250.557
250.605
237.07
237.094
231.887
231.863
254.892
252.133
252.121
238.422
238.407
233.097
233.114
254.976
252.211
252.201
238.471
238.465
233.143
233.151
254.615
251.76
251.864
238.092
238.149
232.859
232.794
254.641
251.903
251.892
238.22
238.205
232.922
232.941
255.451
252.666
252.666
238.859
238.859
233.508
233.509
255.459
252.693
252.677
238.896
238.88
233.533
233.552
255.581
252.81
252.791
238.989
238.974
233.612
233.63
255.616
252.846
252.825
239.014
239.001
233.636
233.652
255.453
252.669
252.668
238.861
238.861
233.51
233.511
255.46
252.694
252.678
238.897
238.881
233.535
233.553
255.581
252.809
252.791
238.989
238.974
233.612
233.63
255.617
252.847
252.826
239.015
239.001
233.637
233.653
254.895
252.136
252.124
238.425
238.41
233.1
233.117
254.981
252.216
252.206
238.476
238.469
233.148
233.156
254.622
251.767
251.871
238.097
238.155
232.865
232.8
254.646
251.91
251.897
238.225
238.21
232.927
232.947
252.444
249.624
249.794
236.316
236.414
231.295
231.188
252.621
249.982
249.963
236.601
236.579
231.455
231.484
253.299
250.59
250.583
237.105
237.089
231.888
231.909
253.33
250.569
250.616
237.08
237.103
231.897
231.874
251.087
248.491
248.518
235.332
235.331
230.338
230.343
251.067
248.42
248.514
235.244
235.298
230.308
230.256
249.695
246.987
247.274
234.025
234.205
229.372
229.187
250.151
247.746
247.687
234.659
234.604
229.73
229.797
250.078
249.348
248.391
234.949
234.462
230.174
230.783
249.123
246.737
247.326
233.438
233.723
229.399
229.07
248.263
245.809
246.052
232.917
233.039
228.433
228.294
248.595
246.616
246.435
233.43
233.335
228.753
228.894
254.009
251.105
253.135
236.123
237.206
233.334
232.104
257.198
258.108
256.406
240.72
239.851
235.909
236.973
260.649
258.657
260.986
242.612
243.374
240.25
239.646
260.941
260.312
261.018
242.444
242.857
239.414
238.866
203.847
205.293
203.716
201.803
200.612
201.665
201.312
210.666
209.821
209.005
208.107
208.1
206.949
206.215
205.027
203.627
203.498
201.623
200.426
201.472
201.135
210.249
209.414
208.642
207.768
207.772
206.651
205.926
247.479
253.678
247.281
239.776
236.894
234.61
237.665
235.471
228.927
236.304
222.061
227.641
226.536
220.282
247.006
253.164
246.751
239.447
236.54
234.236
237.323
234.961
228.305
235.721
221.693
227.256
226.132
219.899
208.327
217.881
210.21
207.472
205.761
205.762
211.086
219.619
214.939
204.137
221.967
207.626
208.467
204.454
208.102
217.418
209.897
207.123
205.462
205.404
210.723
219.208
214.549
203.865
221.472
207.398
208.18
204.133
215.236
211.71
209.164
216.238
211.32
212.058
209.424
233.047
231.108
218.365
235.852
218.269
219.627
219.578
208.832
208.955
209.612
210.341
209.208
209.315
209.428
214.807
211.456
209.017
215.735
211.042
211.735
209.254
232.101
230.335
217.955
234.801
217.77
219.058
219.116
208.701
208.784
209.408
210.099
209.051
209.164
209.227
262.236
233.527
238.907
261.765
248.373
246.862
231.038
276.214
268.011
287.208
277.368
260.447
259.631
268.127
366.839
372.427
423.264
347.006
367.74
376.995
344.808
349.177
301.767
322.023
324.935
351.014
321.917
298.022
261.47
233.195
238.436
260.933
247.946
246.389
230.673
275.089
267.47
285.716
276.12
259.941
259.069
267.53
365.77
370.807
421.718
346.106
366.653
375.197
343.909
347.382
301.198
320.412
324.124
349.037
321.128
297.462
208.248
207.96
205.977
205.947
207.848
205.444
205.374
208.068
207.257
206.165
206.008
207.635
205.617
205.947
204.439
204.865
204.794
204.05
204.123
204.059
204.088
205.635
205.166
205.189
204.134
204.18
204.124
204.284
208.077
207.732
205.746
205.752
207.647
205.278
205.181
207.918
207.109
206.03
205.845
207.46
205.475
205.823
204.289
204.672
204.608
203.894
203.979
203.922
203.923
205.37
204.936
204.964
203.954
203.963
203.932
204.076
158.951
161.538
158.626
162.479
159.828
161.669
158.797
159.831
161.67
158.798
161.771
158.952
161.538
158.627
182.384
185.588
184.516
183.106
187.006
185.019
181.336
185.545
182.352
184.473
183.067
186.959
184.963
181.301
246.413
244.551
199.941
197.516
244.622
198.714
246.539
242.374
195.727
195.673
234.68
240.347
197.062
236.915
228.983
224.245
192.131
194.136
225.336
194.191
228.063
230.301
194.767
229.965
192.619
227.091
232.79
194.55
228.862
224.377
194.319
192.341
224.638
228.502
194.684
229.2
194.965
192.371
224.799
224.828
194.754
229.194
230.495
225.851
192.893
195.564
225.846
195.429
230.5
230.175
195.181
225.398
192.905
225.617
229.94
195.419
231.509
226.643
195.813
193.359
226.771
231.386
195.967
231.672
196.04
193.353
226.85
226.89
195.968
231.626
232.127
227.265
193.512
196.168
227.29
196.16
232.101
232.045
196.119
227.195
193.536
227.227
232.011
196.18
232.128
227.265
196.168
193.512
227.291
232.101
196.16
232.048
196.119
193.536
227.198
227.229
196.18
232.014
231.517
226.653
193.361
195.814
226.78
195.968
231.395
231.678
196.041
226.855
193.355
226.897
231.631
195.969
230.509
225.864
195.566
192.895
225.862
230.511
195.431
230.193
195.182
192.907
225.42
225.637
195.421
229.96
228.9
224.423
192.345
194.32
224.679
194.687
228.544
229.231
194.967
224.827
192.375
224.862
229.22
194.758
229.043
224.301
194.136
192.131
225.4
228.116
194.189
230.36
194.745
192.61
230.013
227.154
194.54
232.837
246.181
244.123
197.372
199.747
244.366
198.579
246.141
242.291
195.682
234.68
195.59
240.248
236.921
196.983
174.68
173.126
173.967
173.467
172.537
173.673
172.087
174.682
173.135
173.97
173.469
172.539
173.674
172.09
238.328
201.009
239.895
226.548
198.336
225.792
199.585
237.747
200.762
239.355
225.912
198.078
225.096
199.341
180.233
180.265
181.28
183.263
179.302
181.175
181.131
180.271
180.303
181.334
183.363
179.34
181.235
181.189
169.06
167.685
167.539
168.863
168.838
167.201
167.248
169.622
168.082
168.198
169.27
169.287
167.678
167.643
169.935
168.531
168.475
169.624
169.62
167.996
168.006
170.252
168.74
168.796
169.898
169.903
168.287
168.275
170.423
168.988
168.946
170.092
170.089
168.463
168.469
170.57
169.082
169.104
170.216
170.216
168.591
168.591
170.621
169.16
169.148
170.274
170.272
168.643
168.647
170.621
169.16
169.147
170.274
170.272
168.643
168.646
170.569
169.081
169.103
170.215
170.215
168.59
168.59
170.422
168.987
168.944
170.091
170.088
168.462
168.468
170.249
168.738
168.793
169.896
169.901
168.285
168.272
169.932
168.527
168.471
169.621
169.617
167.993
168.003
169.619
168.077
168.194
169.267
169.284
167.675
167.64
167.68
169.057
167.535
168.861
168.836
167.199
167.246
174.512
174.57
174.727
174.24
173.307
173.635
174.067
184.694
182.112
186.823
180.913
182.258
182.318
179.904
175.346
174.271
174.267
174.053
174.682
174.836
175.271
174.603
174.558
174.763
174.269
173.337
174.094
173.667
184.64
182.068
186.738
180.882
182.221
182.268
179.87
175.314
174.247
174.234
174.02
174.655
174.808
175.226
180.822
180.501
180.287
178.521
178.373
177.314
177.497
179.51
178.332
179.157
176.653
177.151
176.263
175.702
182.169
181.212
181.476
179.35
179.507
178.333
178.159
182.619
181.852
181.836
179.898
179.932
178.659
178.619
183.676
182.782
182.727
180.754
180.755
179.3
179.299
183.354
182.299
182.457
180.378
180.446
179.053
178.983
184.153
183.072
183.141
181.066
181.081
179.558
179.545
184.302
183.288
183.26
181.229
181.236
179.679
179.67
184.697
183.626
183.603
181.547
181.545
179.932
179.936
184.603
183.488
183.525
181.435
181.438
179.84
179.84
184.824
183.708
183.714
181.64
181.634
180.003
180.014
184.833
183.724
183.716
181.654
181.649
180.014
180.021
184.823
183.706
183.712
181.639
181.632
180.002
180.013
184.832
183.723
183.715
181.653
181.649
180.013
180.02
184.695
183.625
183.602
181.546
181.544
179.932
179.935
184.601
183.485
183.523
181.433
181.437
179.839
179.838
184.147
183.067
183.137
181.062
181.076
179.554
179.541
184.298
183.285
183.257
181.226
181.233
179.676
179.668
183.669
182.776
182.72
180.749
180.749
179.295
179.295
183.344
182.287
182.448
180.369
180.438
179.045
178.974
182.146
181.183
181.452
179.329
179.488
178.315
178.138
182.602
181.836
181.819
179.885
179.919
178.646
178.607
180.782
180.464
180.242
178.494
178.344
177.284
177.47
179.458
178.265
179.099
176.615
177.116
176.226
175.661
176.527
176.018
175.701
174.887
174.601
173.873
174.215
176.451
175.956
175.628
174.846
174.561
173.829
174.17
316.984
370.027
373.297
319.726
284.547
288.659
318.029
273.772
242.146
258.273
238.53
259.107
273.353
240.444
315.585
367.996
371.552
317.82
283.476
287.651
315.781
272.298
241.419
257.344
237.635
258.271
271.652
239.662
202.516
202.922
201.175
201.067
202.299
203.687
200.376
202.365
202.801
201.062
200.94
202.179
203.54
200.244
245.084
217.58
231.77
215.69
230.531
212.681
214.278
204.478
198.391
202.969
203.055
197.847
204.534
197.918
243.122
216.818
230.755
215.079
229.603
212.296
213.796
204.253
198.184
202.696
202.743
197.662
204.281
197.685
206.862
206.924
208.373
199.947
201.577
201.5
199.319
210.819
215.586
208.162
211.851
205.707
208.192
205.332
206.546
206.585
208.008
199.748
201.37
201.277
199.11
210.367
214.945
207.811
211.355
205.42
207.833
205.044
192.374
190.034
189.858
190.175
190.001
188.609
187.934
192.198
189.873
189.71
190.015
189.853
188.474
187.796
208.05
208.318
206.086
206.247
208.148
205.402
205.503
206.083
204.266
206.041
206.539
204.468
204.7
204.362
207.794
208.062
205.818
205.942
207.862
205.178
205.246
205.777
204.021
205.711
206.194
204.231
204.43
204.09
170.59
174.035
170.581
174.078
170.697
174.058
170.63
162.606
166.063
162.802
165.935
162.65
166.122
162.873
162.738
166.216
162.968
166.019
162.743
166.225
162.979
174.987
167.896
175.981
174.515
165.794
173.737
166.301
162.815
166.295
163.045
166.088
162.818
166.3
163.048
176.504
168.312
176.602
174.467
166.388
174.469
166.485
162.857
166.337
163.083
166.125
162.858
166.339
163.085
176.81
168.44
176.855
174.493
166.458
174.472
166.522
162.858
166.339
163.085
166.124
162.857
166.337
163.083
176.873
168.431
176.886
174.498
166.521
174.476
166.504
162.818
166.299
163.048
166.086
162.815
166.295
163.044
176.721
168.29
176.702
174.472
166.497
174.439
166.435
162.743
166.225
162.978
166.016
162.737
166.215
162.968
176.38
168.036
176.331
174.618
166.486
174.505
166.385
162.649
166.122
162.872
165.891
162.606
166.063
162.802
172.912
165.712
170.667
165.264
171.766
169.46
164.267
169.347
167.565
167.918
168.986
169.112
167.558
167.356
170.697
174.058
170.631
174.033
170.59
174.035
170.581
168.05
176.395
176.357
174.645
166.496
166.4
174.52
168.293
176.723
176.705
174.474
166.499
166.438
174.44
168.431
176.873
176.887
174.499
166.521
166.505
174.476
168.44
176.809
176.855
174.493
166.457
166.521
174.472
168.307
176.495
176.597
174.463
166.381
166.481
174.461
167.876
174.917
175.937
174.467
165.769
166.281
173.657
171.793
173.714
173.108
172.876
171.793
171.379
173.04
172.999
165.736
170.739
165.294
171.866
169.541
164.293
171.79
173.712
173.107
172.875
171.79
171.378
173.039
212.113
193.614
190.406
204.719
212.632
204.736
194.561
211.528
193.4
190.253
204.279
211.985
194.367
204.344
169.35
167.567
167.922
168.988
169.114
167.561
167.358
166.21
164.516
166.021
165.509
164.003
163.922
165.573
166.596
165.254
166.729
165.997
164.36
165.945
164.43
165.473
167.023
166.974
166.293
164.736
164.711
166.31
167.206
165.733
167.267
166.584
164.976
166.563
165.005
165.854
167.446
167.4
166.744
165.166
165.153
166.753
167.53
165.998
167.553
166.867
165.271
166.866
165.272
166.032
167.606
167.592
166.913
165.32
165.313
166.918
167.606
166.031
167.591
166.912
165.32
166.918
165.313
165.997
167.529
167.552
166.866
165.27
165.271
166.865
167.444
165.852
167.398
166.742
165.164
166.752
165.151
165.73
167.203
167.264
166.581
164.973
165.002
166.56
167.019
165.469
166.97
166.29
164.733
166.307
164.707
165.248
166.589
166.724
165.994
164.356
164.426
165.941
166.204
164.51
166.016
165.506
164
165.57
163.919
174.925
173.591
171.515
173.392
172.794
172.915
175.127
174.853
173.554
171.485
173.353
172.748
172.874
175.068
174.315
173.453
174.034
172.543
173.009
172.372
171.789
174.259
173.397
173.968
172.511
172.973
172.332
171.756
172.828
171.906
171.651
172.416
172.299
172.021
171.176
172.804
171.63
171.881
172.28
172.396
172.004
171.158
218.193
208.267
207.851
205.974
210.152
210.636
206.155
217.693
207.771
207.429
205.567
209.744
210.249
205.704
196.807
190.201
190.184
190.341
190.107
187.479
187.15
196.53
190.025
190.014
190.151
189.927
187.334
186.997
170.073
173.672
170.22
173.567
170.122
173.736
170.35
170.122
173.736
170.35
173.539
170.073
173.672
170.22
165.974
165.052
166.483
165.976
164.108
165.662
164.485
168.647
166.895
167.109
168.373
168.463
166.835
166.713
168.645
166.893
167.107
168.372
168.462
166.833
166.712
165.971
165.044
166.477
165.973
164.105
165.66
164.481
181.998
192.325
192.247
183.55
176.161
177.006
182.872
181.869
192.005
191.962
183.364
176.07
176.921
182.668
172.015
171.337
170.939
170.787
170.252
170.309
169.527
171.969
170.916
171.308
170.754
170.225
170.289
169.506
156.473
160.066
157.118
159.589
156.61
160.605
157.665
166.087
164.538
168.458
167.217
162.205
164.668
163.076
156.61
160.603
157.662
159.422
156.473
160.066
157.117
164.521
166.061
168.411
167.166
162.193
163.058
164.639
165.249
164.046
165.57
165.156
163.387
164.973
163.575
164.041
165.247
165.566
165.154
163.386
163.573
164.971
)
;

boundaryField
{
    inlet
    {
        type            fixedValue;
        value           uniform 300;
    }
    outlet
    {
        type            zeroGradient;
    }
    top
    {
        type            zeroGradient;
    }
    bottom
    {
        type            zeroGradient;
    }
    front
    {
        type            zeroGradient;
    }
    back
    {
        type            zeroGradient;
    }
    wing
    {
        type            omegaWallFunction;
        blending        binomial;
        n               2;
        value           nonuniform List<scalar> 
7970
(
2449.39
2100.89
2111.9
677.535
675.871
749.037
616.798
747.899
615.51
536.704
649.067
536.231
786.45
649.066
784.671
4180.88
621.157
617.525
704.315
620.547
768.894
616.992
703.474
767.851
1231.56
375.033
498.005
577.197
606.903
669.539
826.987
789.544
855.095
712.406
374.885
498.209
576.716
607.157
672.579
824.623
794.481
856.439
710.049
679.628
705.611
583.074
741.893
678.946
621.945
808.201
636.753
705.304
582.493
741.514
623.385
810.262
636.264
740.134
769.816
707.398
742.889
762.455
1735.99
1787.23
483.344
442.624
456.46
458.653
454.501
440.37
510.479
617.779
694.522
636.53
588.22
700.33
721.035
591.548
607.406
723.318
724.104
610.08
612.93
724.102
723.329
612.928
610.084
721.036
700.323
607.419
591.594
694.525
617.772
588.272
636.249
610.311
675.271
440.329
454.501
458.653
456.464
442.658
483.124
610.305
675.007
666.719
4802.7
674.183
584.3
586.094
709.252
712.581
599.537
602.089
723.99
723.847
611.569
612.456
723.847
723.999
612.457
611.571
712.583
709.243
602.126
599.554
674.166
666.712
4839.8
586.178
584.412
510.599
437.244
448.651
457.619
458.293
450.522
438.651
640.387
520.72
491.633
688.129
499.827
497.583
406.696
589.479
578.414
402.548
597.292
417.388
586.245
612.14
606.625
421.716
703.236
503.226
506.159
716.982
517.009
515.49
410.365
612.287
595.716
599.302
422.172
413.007
605.774
602.953
601.244
414.177
722.199
519.51
519.058
723.63
521.819
521.697
414.734
603.982
609.952
603.689
414.965
416.135
612.809
605.534
605.316
416.3
723.628
521.818
521.697
722.243
519.517
519.062
416.082
605.462
612.81
605.242
416.249
414.76
609.981
604.033
603.724
415.002
716.987
516.992
515.503
703.221
503.26
506.181
412.993
602.953
605.765
601.223
414.164
410.347
595.741
612.246
599.271
422.124
688.121
499.853
497.615
640.377
520.47
491.653
417.384
612.108
586.327
606.63
421.697
406.699
578.472
589.632
597.321
402.551
1286.4
1519.06
438.582
450.498
458.292
457.621
448.664
437.33
1296.76
655.356
614.971
538.471
501.95
494.889
528.825
535.824
683.264
503.344
496.961
598.528
595.399
524.33
594.269
409.002
577.999
608.058
600.835
415.876
416.15
586.435
607.727
604.961
418.136
705.483
602.982
606.354
509.739
508.03
610.795
608.748
715.156
512.328
513.884
619.756
617.877
614.058
615.876
410.18
597.53
601.022
599.299
411.417
412.588
604.092
600.95
600.711
411.99
722.459
622.844
622.186
520.682
519.99
624.23
623.357
723.59
521.417
521.407
625.598
625.443
625.104
625.095
415.256
610.872
605.183
604.384
415.799
416.011
612.467
605.43
605.193
415.982
723.589
625.597
625.443
521.417
521.406
625.105
625.094
722.466
520.684
519.993
622.857
622.193
624.232
623.36
415.958
612.466
605.357
605.119
415.93
415.307
610.875
605.224
604.456
415.832
715.139
619.727
617.899
512.339
513.882
614.077
615.878
705.484
509.757
508.037
603.017
606.387
610.822
608.75
412.58
604.114
600.95
600.693
411.992
410.152
597.541
601.014
599.272
411.426
683.233
598.574
595.45
503.379
496.993
524.365
594.305
655.352
501.984
494.925
614.715
538.484
528.859
535.857
416.137
586.527
607.724
604.953
418.144
409.009
578.087
608.06
600.854
415.874
386.019
384.447
625.155
435.236
626.439
1019.07
1045.05
432.123
432.325
671.538
445.822
659.658
968.341
998.383
439.525
440.045
653.857
456.445
653.718
917.922
926.383
440.825
440.834
653.483
458.566
653.291
718.686
706.609
438.491
438.035
652.731
453.275
650.715
934.668
927.982
429.994
429.248
671.083
439.089
663.659
966.749
1004.73
620.242
692.495
1148.12
603.7
587.701
1074.27
1073.31
701.031
719.604
1080.95
593.795
607.117
1109.73
724.26
724.081
1114.68
611.041
612.926
1119.74
1119.73
724.079
724.266
1119.74
612.925
611.042
1114.7
719.591
701.024
1109.76
607.113
593.833
1081.03
1085.09
692.479
620.234
1074.36
587.75
603.541
1147.6
563.828
584.617
400.044
380.195
381.045
439.028
671.126
663.655
966.771
1004.8
434.769
434.44
453.276
652.744
650.73
934.701
927.996
440.507
440.419
458.565
653.56
653.37
718.769
706.689
440.601
440.686
456.452
653.911
653.748
917.983
926.443
435.888
436.035
445.842
671.503
659.617
968.313
998.321
380.677
378.133
435.288
626.031
626.61
999.34
1334.34
563.419
584.78
400.04
877.083
905.913
662.473
939.209
931.881
405.731
367.657
676.656
956.01
956.822
941.111
376.169
370.666
4144.53
582.682
1067.72
1064.9
588.513
1071.04
964.996
708.066
972.816
973.233
380.141
383.48
713.226
984.314
978.079
977.536
388.481
385.816
599.289
1095.33
1094.91
603.115
1100.15
990.016
723.698
990.71
990.893
391.027
391.234
724.035
992.506
992.525
991.872
392.052
391.772
611.532
1117.29
1117.22
612.503
1118.89
992.505
724.035
991.87
991.8
392.051
391.772
723.707
990.009
990.71
990.893
391.021
391.235
612.504
1118.89
1118.96
611.535
1117.29
984.327
713.207
978.067
977.534
388.49
385.813
708.058
964.979
963.836
972.808
380.143
383.47
603.099
1100.22
1101.85
599.3
1095.36
955.989
676.639
941.099
938.908
376.161
370.673
662.45
877.081
939.185
931.906
405.728
367.658
588.571
1071.17
1075.71
582.765
1067.93
823.688
823.766
382.249
383.077
823.518
825.357
433.72
653.679
628.109
1011.82
1004.97
1232.53
1237.25
1231.35
1270.82
919.314
432.891
432.539
447.122
662.063
660.236
964.231
954.547
1261.51
1284.43
1259.6
1262.43
935.679
936.688
439.32
439.743
457.107
655.517
654.488
916.309
910.603
1277.34
1277.46
1278.35
1280.43
938.158
440.659
440.692
937.884
458.306
655.719
653.41
721.833
908.373
1273.83
1274.14
1273.76
1280.54
437.236
437.47
931.102
931.553
452.067
657.044
650.141
937.337
952.169
1272.23
1276.07
1271.72
1270.15
914.471
428.069
428.373
910.836
910.714
439.338
664.37
661.288
971.306
996.322
1273.87
1287.16
1271.47
1270.64
376.46
380.393
378.652
378.132
625.189
418.7
498.168
399.884
491.334
392.671
393.22
395.601
397.874
395.108
398.424
689.831
401.599
499.454
401.319
400.018
498.203
400.417
404.878
489.683
541.706
591.813
585.056
1052.56
403.737
484.889
547.342
594.177
501.216
418.823
586.611
1070.14
610.526
564.171
559.092
608.541
420.351
505.963
401.012
404.344
403.998
401.338
702.091
404.132
504.814
405.424
505.997
406.54
406.382
407.575
410.522
407.332
410.778
717.843
414.98
516.706
414.761
413.813
515.824
414.088
494.373
414.761
609.467
564.502
595.331
1088.32
551.754
603.64
420.129
506.474
497.541
413.22
606.238
1106.78
602.224
556.609
555.033
601.576
413.669
498.956
410.153
413.056
413.448
409.786
723.428
416.938
520.323
417.581
519.986
416.655
417.341
411.478
414.79
411.461
414.807
723.709
418.8
521.814
418.797
418.709
521.684
418.698
499.591
414.862
604.219
557.589
610.843
1114.27
557.292
603.808
415.176
499.864
501.243
416.121
612.798
1119.51
605.465
559.281
559.069
605.287
416.25
501.438
411.477
414.789
414.806
411.46
723.707
418.799
521.813
418.797
521.683
418.709
418.698
410.144
413.061
409.795
413.443
723.408
416.942
520.321
417.58
416.658
519.991
417.345
501.18
416.068
605.391
559.214
612.798
1119.51
559
605.213
416.198
501.377
499.618
414.856
610.827
1114.31
604.241
557.637
557.316
603.806
415.194
499.908
407.569
410.52
410.773
407.331
717.827
414.971
516.729
414.775
515.819
413.822
414.085
400.998
404.345
401.343
403.989
702.092
404.16
504.82
405.43
406.553
506.006
406.394
497.519
413.198
602.188
556.602
606.258
1106.76
555.013
601.544
413.651
498.936
494.346
414.731
595.357
1088.35
609.424
564.461
551.726
603.606
420.112
506.431
395.588
397.878
398.412
395.113
689.817
401.62
499.471
401.335
498.228
400.04
400.444
376.458
380.392
378.13
378.651
625.18
418.496
498.075
399.797
392.684
491.325
393.208
501.216
418.815
610.494
564.149
586.667
1070.29
559.098
608.51
420.333
505.944
489.692
404.873
585.037
1052.67
591.913
541.712
547.355
594.225
403.73
484.887
672.813
977.43
384.182
381.953
1013.45
439.269
664.376
661.313
971.323
996.323
1273.9
1287.24
1271.5
1270.64
433.673
433.94
925.782
924.932
923.079
923.744
452.054
657.045
650.166
937.348
952.172
1272.28
1276.07
1271.75
1270.15
1058.13
439.933
440.062
936.622
1059.88
1058.97
458.306
655.798
653.489
721.916
908.475
1273.98
1274.28
1273.91
1280.67
440.555
440.52
457.111
655.559
654.565
916.412
910.656
1277.4
1277.55
1278.49
1280.5
1053.2
436.515
436.265
928.728
929.701
929.181
1048.67
1049.09
447.133
662.055
660.216
964.196
954.531
1261.46
1284.35
1259.55
1262.43
1031.4
428.505
422.442
1030.26
433.791
653.673
628.166
1006.79
1004.96
1232
1231.17
1270.8
672.297
312.532
363.89
362.241
313.845
847.844
383.186
384.494
382.187
385.629
657.621
317.968
367.785
317.037
368.971
919.862
816.615
572.659
376.046
548.211
398.718
500.876
398.125
394.397
498.295
396.51
367.087
532.41
917.325
534.42
391.913
395.445
392.734
394.614
679.963
328.378
380.849
381.388
327.906
952.846
325.253
378.461
377.708
325.84
944.413
945.586
399.921
503.78
401.782
399.629
500.063
401.347
598.075
1039.23
374.898
596.355
591.712
1050.32
371.565
601.12
1031.25
1047.33
617.266
610.627
492.242
411.309
580.204
1054.52
607.185
558.234
550.187
604.296
413.574
499.917
598.147
604.576
1140.96
1031.42
1029.24
499.859
416.217
588.696
1070.08
1074.99
606.189
560.045
557.597
604.671
417.644
502.193
613.762
1034.14
1026.53
613.843
618.569
614.584
333.137
387.173
386.865
333.368
966.622
402.823
405.6
402.582
405.879
706.34
334.691
388.421
334.477
388.687
970.856
604.796
380.886
606.209
409.313
509.567
409.176
407.961
508.565
408.418
382.678
610.607
609.326
1057.84
406.165
409.583
406.424
409.321
714.182
338.828
393.24
393.478
338.642
982.647
337.624
392.296
392.065
337.801
979.328
411.306
513.008
411.877
412.566
513.772
412.478
619.376
387.788
618.265
1071.99
1072.58
1065.79
614.806
1066.87
386.373
615.753
1068.47
705.128
698.214
494.234
410.45
598.303
1091.76
1093.06
600.487
553.278
551.655
599.823
410.913
495.713
698.578
1310.69
698.218
1311.09
1049.11
497.055
412.278
603.976
1103.65
1103.44
600.335
553.866
554.519
600.322
412.109
496.353
704.079
703.712
702.162
1318.58
1317.56
702.734
341.075
395.674
396.097
340.679
989.208
410.611
413.679
410.394
413.907
722.976
341.395
396.299
341.227
396.511
989.903
989.485
623.821
390.695
623.356
417.885
520.64
417.857
417.364
520.173
417.502
390.88
624.171
1082.36
623.584
411.293
414.66
411.335
414.616
723.478
342.189
397.393
397.406
342.18
992.252
342.03
397.258
397.222
342.055
991.811
991.843
418.483
521.438
418.501
418.475
521.434
418.5
625.59
1084.84
391.944
625.427
625.127
1084.02
391.762
625.122
1083.97
1084.01
707.443
707.274
500.2
415.321
611.074
1116
604.952
558.672
557.95
604.506
415.642
500.85
708.43
708.302
1328.84
1061.53
1061.17
501.097
415.913
612.508
1118.9
1118.97
605.436
558.905
558.916
605.186
416.01
501.065
709.934
1331.56
1331.55
709.942
709.534
709.669
342.188
397.392
397.405
342.18
992.251
411.292
414.659
411.334
414.615
723.477
342.029
397.257
342.054
397.221
991.809
625.59
391.943
625.427
418.483
521.438
418.501
418.475
521.434
418.5
391.761
625.128
625.122
1084.01
410.611
413.678
410.394
413.907
722.986
341.068
395.678
396.093
340.685
989.204
341.395
396.298
396.511
341.227
989.903
417.886
520.642
417.859
417.366
520.176
417.505
623.814
390.701
623.361
1079.05
1080.92
1082.48
624.173
1082.37
390.881
623.588
1081.38
709.835
709.842
501.035
415.86
612.509
1118.9
1118.97
605.362
558.837
558.847
605.111
415.958
501.003
709.434
1330.89
709.57
1330.64
1059.12
500.261
415.373
611.078
1116.01
1116.37
605.019
558.712
558.017
604.579
415.69
500.888
707.46
707.289
708.527
1328.78
1329.02
708.399
338.824
393.239
393.473
338.641
982.661
406.167
409.582
406.414
409.314
714.186
337.622
392.295
337.797
392.059
979.339
979.669
619.411
387.787
618.251
411.31
513.01
411.885
412.565
513.784
412.488
386.372
614.803
1066.86
615.764
402.818
405.604
402.577
405.865
706.323
333.138
387.17
386.861
333.361
966.609
334.685
388.425
388.675
334.477
970.837
970.32
409.331
509.566
409.171
407.973
508.583
408.427
604.809
1050.45
380.888
606.213
610.599
1060
382.669
609.353
1056.98
1057.87
704.043
703.68
497.051
412.262
603.971
1103.67
600.325
553.867
554.516
600.306
412.103
496.354
702.129
702.723
1317.49
1039.14
1039.7
494.2
410.442
598.331
1091.78
1093.11
600.485
553.278
551.624
599.802
410.896
495.718
705.077
1312.75
1342.07
698.174
698.534
698.194
328.371
380.849
381.381
327.907
952.831
391.919
395.438
392.718
394.611
679.957
325.256
378.459
325.831
377.702
944.428
598.08
374.893
596.37
399.948
503.801
401.807
399.653
500.097
401.38
371.571
591.733
601.162
1047.37
383.175
384.496
382.194
385.623
657.599
312.531
363.885
362.244
313.844
847.833
317.963
367.784
368.969
317.04
919.85
398.749
500.896
398.145
394.423
498.311
396.529
572.581
376.039
548.208
934.101
967.409
908.437
532.43
917.363
367.086
534.441
922.974
613.745
613.849
499.848
416.225
588.773
1070.23
1075.14
606.183
560.043
557.598
604.668
417.631
502.197
618.568
1042.85
614.583
1056.23
1013.43
492.245
411.295
580.288
1054.69
1060.06
607.174
558.237
550.192
604.277
413.572
499.915
617.268
610.629
598.144
1149.65
1140.93
604.575
457.928
444.306
1159.37
457.215
458.65
1200.86
454.283
1189.42
1190.02
439.988
1154.37
384.828
378.757
624.61
1455.39
590.858
1223.63
667.637
439.947
454.274
458.65
1200.85
1200.87
457.214
444.335
1159.48
457.804
1184.92
1257.4
590.852
1223.05
667.679
1213.61
623.597
1059.46
436.055
448.454
1175.14
457.592
458.335
1199.84
451.297
1181.79
1179.6
440.352
1149.58
843.286
1496.11
369.508
1165.36
1431.43
440.293
1153.41
451.303
1181.79
458.335
1199.84
457.594
448.464
436.129
1151
1147.4
899.265
843.27
1528.32
369.412
1172.9
1399.91
1232.84
1432.5
624.984
674.575
441.981
1132.08
1099.88
625.268
667.031
754.092
1026.71
661.023
555.338
700.583
529.401
763.185
1035.26
668.802
684.53
445.485
1166.84
1167.95
663.331
671.019
669.289
976.869
644.379
488.284
642.02
490.033
695.822
988.4
654.14
725.025
457.082
653.753
726.047
721.097
920.535
662.946
503.354
661.783
504.243
722.266
923.799
653.407
710.541
458.558
653.221
710.486
804.029
716.716
665.233
506.074
665.241
506.067
804.31
949.564
651.868
723.454
453.657
1187.91
651.105
720.027
721.326
932.026
658.804
501.357
659.143
501.109
721.633
929.881
668.914
685.268
439.277
1152.04
666.241
681.84
713.103
986.854
638.903
486.412
639.422
486.03
701.503
1008.47
792.359
343.492
306.786
308.034
509.859
452.142
594.556
471.336
507.261
408.937
537.664
556.691
481.5
387.937
348.627
573.771
481.5
439.227
1151.87
1151.7
668.944
685.312
666.277
681.846
713.119
986.891
638.823
486.351
639.35
485.963
701.547
1008.5
453.647
651.89
723.465
651.147
720.045
721.352
932.072
658.792
501.359
659.14
501.093
721.634
929.906
458.558
653.485
710.623
653.3
710.571
804.124
716.799
665.233
506.075
665.241
506.067
804.402
949.673
457.085
1196.71
654.163
725.076
653.761
726.074
721.132
920.536
662.923
503.377
661.811
504.226
722.315
923.835
445.509
1166.9
668.748
684.489
663.303
670.978
669.257
976.811
644.43
488.332
642.078
490.074
695.776
988.349
441.959
625.578
670.294
625.651
665.568
738.664
989.776
656.529
548.693
694.361
520.323
713.362
1063.73
306.778
308.022
509.856
451.852
594.195
471.117
507.079
408.862
537.677
556.788
481.501
387.935
348.639
573.928
481.585
1240.38
434.613
1078.69
629.355
676.825
629.703
665.519
752.209
1005.09
636.003
483.196
483.006
635.321
742.382
997.297
1234.1
1825.5
2211.93
1838.01
2258.76
2245.16
1234.52
1851.2
1840.86
2217.7
2241.44
1816.21
1233.58
1802.56
2253.11
2249.45
2234.07
2247.26
1235.27
2089.76
1792.38
2093.52
1800.68
447.744
662.385
667.588
661.375
671.12
664.782
961.015
650.535
495.1
494.8
650.893
647.126
958.025
1268.16
1761.55
1679.89
2246.33
2230.57
1277.23
1716.65
2117.62
1691.88
2200.46
2221.66
1797.95
1260.26
1781.7
2185.46
2180.27
2186.77
2179.77
1260.66
2139.32
1783.2
2139.53
1781.36
457.262
1197.2
655.212
729.559
654.681
727.262
721.703
914.141
663.604
504.831
504.783
663.662
722.71
912.483
1277.02
2175.79
1896.3
1896.47
2301.43
2302.21
1278.04
2174.77
1897.86
2177.73
1897.89
2301.39
2300.83
2178.94
1897.45
1278.96
2179.16
1897.58
2303.87
2304.11
2303.01
2303.3
1279.74
1898.4
1898.35
458.339
1200.02
1199.95
655.539
730.028
654.361
711.896
807.389
682.678
664.745
505.594
505.679
664.647
723.009
880.696
1273.27
1907.28
2186.54
1906.39
2321.62
2343.16
1287.6
2187.04
1907.41
1925.73
2321.18
2320.4
1907.07
1277.02
1899.93
2303.75
2306.04
2320.51
2309.09
1280.33
2184.49
1898.28
2184.68
1899.25
451.949
1183.89
651.258
717.608
649.93
719.096
721.591
940.322
654.551
496.876
497.847
653.286
715.215
945.211
1273.28
1891.9
2162.23
1892.99
2299.4
2295.9
1274.22
1896.29
1894.06
2292.16
2294.39
2155.12
1891.31
1270.82
1905.64
2196.48
2254.84
2291.2
2314.63
1271.99
1792.15
1872.87
440.736
661.417
689.483
660.312
680.942
716.564
977.495
638.718
484.229
485.685
636.658
735.411
986.233
1290.67
2103.47
1745.41
1737.27
2248.78
2247.56
1286.32
2103.16
1723.16
2104.06
1735.12
2239.51
2244.9
1748.27
1267.19
2105.47
1759.85
2250.78
2240.92
2238.11
2237.54
1269.13
2096.02
1786.68
1767
262.786
297.896
744.585
706.937
590.47
830.906
900.517
534.301
440.668
1152.75
661.424
689.491
660.303
680.962
716.578
977.504
638.598
484.091
636.493
485.572
735.424
986.237
1290.72
2102.96
1745.44
1737.33
2248.9
2247.66
1286.38
1723.25
2103.72
1735.2
2239.55
2244.99
1267.2
1748.3
1759.85
2250.71
2240.9
1269.13
1786.63
1766.98
2238.14
2237.53
451.947
1183.84
651.269
717.61
649.941
719.116
721.612
940.358
654.547
496.846
653.259
497.85
715.217
945.227
1273.35
2161.04
1891.96
1893.07
2299.38
2295.97
1274.27
2165.82
1896.27
1894.12
2292.24
2294.49
1270.86
2155.06
1891.36
1905.7
2196.48
2254.88
1272.01
2147.73
1792.16
2150.76
1872.91
2291.25
2314.69
458.339
1200.02
655.619
730.114
654.441
711.98
807.484
682.757
664.744
505.592
664.644
505.678
723.093
880.797
1273.41
1907.48
2186.55
1906.61
2321.86
2343.41
1287.75
1907.61
1925.94
2321.42
2320.65
1277.16
1907.28
2185.19
1900.13
2303.97
2306.29
1280.48
1898.46
1899.46
2320.76
2309.34
457.265
655.283
729.603
654.759
727.346
721.786
914.243
663.607
504.832
663.663
504.785
722.753
912.575
1277.04
1896.4
2178.68
1896.49
2301.57
2302.28
1278.09
1897.98
2177.73
1897.95
2301.51
2300.85
1279.1
1897.66
1897.77
2304
2304.32
1279.87
1898.51
1898.53
2303.25
2303.53
447.765
1172.85
1171.1
662.382
667.588
661.345
671.1
664.756
960.989
650.556
495.113
650.916
494.824
647.126
958.027
1268.1
2126.55
1761.49
1679.82
2246.21
2230.48
1277.16
2112.5
1716.56
2117.81
1691.8
2200.38
2221.56
1260.22
2133.37
1797.89
1781.67
2185.45
2180.25
1260.65
2139.39
1783.19
2139.62
1781.34
2186.7
2179.72
434.683
1078.83
629.349
676.814
629.698
665.226
748.421
1004.46
636.136
483.348
635.491
483.138
742.357
997.278
1294.22
2141.47
1824.37
1850.94
2077.86
2280.07
1387.44
1865.59
1337
1913.5
2216.58
2245.78
1233.47
1816.04
2094.22
1802.57
2253.17
2249.56
1235.25
1792.41
2094.26
1800.74
2233.96
2247.31
262.774
297.884
744.502
1287.97
706.396
1238.78
589.985
826.726
534.356
508.276
1327.99
1336.39
507.798
1328.52
1489.94
1812.16
1336.43
1884.3
1283.05
1918.39
1298.23
1926.67
1295.16
1890.42
1304.92
1854.68
1313.1
1851.21
1308.46
1855
1336.25
1847.4
1337.54
1840.15
1340.14
1834.68
1338.6
1840.41
1348.46
1847.78
1347.51
1849.21
1342.73
1834.7
1345.63
1851.3
1331.35
1847.12
1328.07
1850.26
1317.96
1859.1
1324.78
1851.35
1290.92
1895.36
1290.36
1896.54
1284.31
1914.59
1291.18
1896.42
1290.72
1895.43
1289.99
1896.53
1283.91
1914.51
1290.85
1896.39
1331.37
1847.1
1328.03
1850.32
1317.88
1859.09
1324.78
1851.39
1348.46
1847.96
1347.51
1849.4
1342.72
1834.86
1345.62
1851.5
1336.34
1847.51
1337.51
1840.26
1340.14
1834.78
1338.6
1840.59
1295.33
1890.36
1304.97
1854.64
1313.16
1851.21
1308.54
1854.96
1485.49
1682.01
1338.06
1882.81
1283.51
1918.42
1299.33
1925.31
678.256
599.934
573.564
732.422
730.374
562.782
443.901
754.003
1476.41
526.292
1312.67
677.702
599.345
442.682
581.427
738.947
730.353
573.703
770.226
987.488
526.121
760.488
2014.2
1913.59
1833.48
1796.54
1725.03
1655.12
2264.84
2233.58
2533.19
1856.3
1231.92
1860.17
1175.91
2361.43
1777.68
2004.65
1634.14
1832
1624.49
1835.42
1139.38
1150.79
3432.47
2520.88
2253.88
1440.38
1819.61
3322.07
2249.08
2512.54
1640.1
1847.56
1628.25
1843.71
1101.21
1087.25
3090.35
2598.42
2232.4
1361.19
1822.18
3146.29
2237.93
2510.69
1654.91
1808.82
1805.48
1651.39
1027.98
1026.93
1283.63
1919.77
2974.43
2670.44
2254.44
2975.63
2669.92
2251.42
1029.81
1032.27
3007.02
2668.54
2248.75
1291.53
1918.53
2992.62
2246.51
2668.33
1654.49
1797.22
1652.96
1798.11
1680.02
1652.29
1619.62
1672.18
1040.08
1039.25
3001.17
2643.82
2242.66
1298.15
1865.18
3007.92
2235.75
2621.48
1640.9
1709.89
1628.59
1699.72
1042.37
1043.03
3022.45
2602.31
2208.26
1303.4
1856.38
3018.91
2218.24
2610.82
1706.29
1784.94
1782.3
1696.25
1049.93
1050.16
1312.37
1848.82
3040.15
2597.15
2182.36
3038.65
2593.22
2180.89
1048.68
1048.44
3030.14
2599.77
2181
1309.95
1849.79
3033.35
2179.67
2593.62
1702.05
1781.68
1697.27
1781.12
1688.34
1895.99
1688.47
1896.64
1069.83
1069.75
3089.42
2554.16
2301.99
1338.12
1844.7
3093.64
2301.94
2549.14
1689.66
1898.05
1689.77
1897.89
1070.02
1069.88
3092.4
2540.74
2300.73
1338.44
1842.66
3094.25
2301.29
2545.64
1689.46
1897.53
1897.54
1689.7
1071.19
1071.18
1339.82
1835.89
3098.22
2542
2304.25
3097.54
2542.76
2304
1070.55
1070.61
3094.81
2540.35
2303.37
1339.11
1835.31
3095.96
2303.33
2542.4
1690.75
1898.65
1690.51
1898.32
1695.13
1907.02
1694.23
1906.71
1075.25
1075.26
3113.16
2571.45
2322.66
1348.36
1863.84
3112.96
2344.98
2594.49
1695.18
1908.15
1711.97
1927.03
1075
1075
3111.42
2570.7
2321.06
1347.84
1847.26
3112
2320.75
2570.13
1695.12
1905.37
1900.21
1690.25
1073.59
1073.57
1343.46
1835.52
3103.58
2541.85
2303.33
3104.92
2545.55
2304.81
1073.83
1073.87
3108.12
2569.29
2317.67
1344.96
1838.8
3107.1
2310.35
2552.54
1690.67
1897.91
1691.01
1898.72
1684.21
1892.22
1685.14
1892.6
1063.47
1063.53
3078.53
2554.15
2298.49
1330.86
1848.03
3077.4
2296.77
2556.33
1688.16
1895.84
1686.14
1894.5
1062.38
1062.31
3071.16
2560.47
2292.86
1329.23
1847.89
3073.86
2293.62
2556.72
1683.69
1891.24
1892.8
1686.93
1056.57
1056.22
1320.15
1863.42
3050.57
2608.93
2194.59
3055.35
2593.37
2177.44
1058.03
1058.22
3064.27
2561.51
2290.85
1323.91
1860.44
3062.38
2293.54
2575.41
1712.06
1790.6
1700.18
1780.56
1640.69
1742.67
1642.69
1740.45
1032.61
1032.62
2992.03
2647.53
2249.5
1290.27
1899.97
2990.55
2248.55
2649.08
1643.8
1727.99
1644.12
1731.48
1032.1
1032.39
2990.51
2645.35
2241.3
1290.16
1897.55
2990.19
2243.41
2647.4
1639.82
1751.24
1755.96
1640.42
1030.14
1029.47
1286.03
1902.3
2977.18
2666.7
2247.85
2981.09
2652.2
2242.82
1032.01
1032.65
2992.45
2645.07
2236.86
1290.29
1898.7
2990.36
2237.42
2647.73
1652.43
1780.69
1644.27
1772.25
1640.73
1742.71
1642.75
1740.5
1032.42
1032.47
2991.58
2647.67
2249.62
1290.05
1900.02
2990.06
2248.66
2649.19
1643.89
1728.09
1644.19
1731.57
1031.88
1032.2
2989.59
2645.39
2241.29
1289.89
1897.59
2989.68
2243.53
2647.5
1639.85
1751.26
1640.42
1755.96
1029.83
1029.17
2976.12
2666.59
2247.74
1285.67
1902.22
2980.41
2242.84
2652.16
1652.4
1780.66
1644.26
1772.23
1031.72
1032.35
2991.66
2645.09
2236.88
1289.92
1898.64
2989.58
2237.42
2647.71
1684.27
1892.24
1685.22
1892.74
1063.45
1063.5
3078.59
2554.13
2298.53
1330.8
1848.08
3077.25
2296.79
2556.41
1688.15
1895.89
1686.2
1894.51
1062.36
1062.29
3071.11
2560.55
2292.89
1329.24
1847.96
3073.82
2293.77
2556.83
1683.73
1891.24
1686.98
1892.9
1056.55
1056.22
3050.39
2608.94
2194.6
1320.17
1863.44
3055.39
2177.48
2593.42
1712.07
1790.61
1700.21
1780.59
1058.01
1058.23
3064.13
2561.57
2290.91
1323.87
1860.48
3062.41
2293.59
2575.48
1695.31
1907.23
1694.43
1906.9
1075.25
1075.25
3113.16
2571.71
2322.9
1348.36
1864.03
3112.96
2345.23
2594.76
1695.36
1908.36
1712.17
1927.24
1075.01
1075
3111.42
2570.97
2321.3
1347.83
1847.46
3111.98
2320.99
2570.41
1695.3
1905.57
1690.43
1900.42
1073.59
1073.57
3103.57
2542.09
2303.57
1343.46
1835.71
3104.92
2305.05
2545.81
1690.83
1898.11
1691.2
1898.92
1073.83
1073.87
3108.1
2569.57
2317.92
1344.96
1838.99
3107.11
2310.59
2552.81
1688.43
1896.13
1688.49
1896.63
1069.83
1069.69
3089.55
2554.31
2302.06
1338.05
1844.76
3093.53
2302.07
2549.22
1689.76
1898.2
1689.83
1897.91
1070.03
1069.91
3092.35
2540.89
2300.85
1338.49
1842.68
3094.38
2301.32
2545.66
1689.64
1897.72
1689.87
1897.75
1071.2
1071.18
3098.25
2542.13
2304.38
1339.83
1836.06
3097.56
2304.22
2542.99
1690.84
1898.75
1690.68
1898.5
1070.56
1070.62
3094.82
2540.61
2303.6
1339.12
1835.48
3095.99
2303.56
2542.65
1679.95
1652.23
1619.54
1672.11
1040.17
1039.28
3001.56
2643.68
2242.55
1298.24
1865.13
3008.11
2235.65
2621.37
1640.8
1709.8
1628.52
1699.65
1042.45
1043.1
3022.5
2602.22
2208.23
1303.53
1856.32
3019.28
2218.09
2610.71
1706.23
1784.93
1696.21
1782.21
1049.98
1050.18
3040.34
2597.14
2182.35
1312.42
1848.82
3038.71
2180.88
2593.2
1702.04
1781.67
1697.26
1781.11
1048.73
1048.47
3030.14
2599.69
2180.94
1310.01
1849.77
3033.65
2179.61
2593.57
1633.05
1831.16
1655.51
1835.78
1126.73
1131.35
3421.79
2304.5
2199.6
1433.19
1834.41
3304.9
2296.04
2531.72
1103.85
1087.69
3093.96
2597.57
2231.19
1363.34
1822.97
3151.12
2236.62
2511.38
1654.77
1808.65
1651.37
1805.57
1028.41
1027.25
2975.5
2670.53
2254.53
1284.07
1919.58
2976.62
2251.47
2670.1
1654.51
1797.28
1653
1798.12
1030.31
1032.84
3009.6
2668.6
2248.64
1292.38
1918.13
2994.38
2246.65
2668.45
1608.57
1571.72
1809.54
1572.91
2211.14
3602.85
1976.71
1249.43
1252.58
1600.61
1556.85
3649.42
1953.57
2124.94
1190.32
1037.75
1413.67
1318.36
1627.37
1314.74
2525.14
3607.43
2269.93
1274.61
1279.76
1607.94
1748.56
3671.21
2267.47
2409.68
1645.66
1860.79
1861.36
1648.16
1627.84
1493.2
1258.86
1144.89
1627.57
1360.81
1992.81
1333.59
764.547
736.522
635.671
647.096
624.331
624.21
632.145
627.943
626.94
628.611
633.672
633.543
640.743
640.65
636.176
637.111
643.661
644.272
644.994
644.993
646.936
646.958
646.251
646.354
646.936
646.957
646.257
646.364
643.674
644.287
645.001
644.998
640.763
640.672
636.217
637.153
627.051
628.715
633.726
633.602
624.467
624.361
632.35
628.159
762.006
735.07
635.847
647.183
775.295
777.387
1234.35
1510.65
1236.46
1485.85
1528.08
1231.24
1274.31
1541.81
1261.95
1511.58
1284.45
1546.44
1501.54
1259.79
1261.81
1502.4
1277.06
1514.02
1277.82
1515.01
1515.09
1278.58
1280.34
1516.62
1273.54
1517.9
1274.31
1518.1
1517.91
1274.21
1280.49
1516.62
1272.56
1509.79
1275.77
1513.56
1509.3
1271.36
1270.18
1511.27
1275.02
1546.27
1286.6
1548.7
1543.79
1269.39
1271.17
1541.87
772.284
773.584
688.657
720.093
675.666
655.374
623.724
623.853
623.577
625.821
1275.06
1546.31
1286.7
1548.8
1269.41
1543.82
1271.18
1541.85
630.549
629.926
632.245
633.036
639.692
640.13
638.072
637.884
1272.61
1509.85
1275.76
1513.56
1271.4
1509.33
1270.16
1511.27
643.984
644.062
644.66
644.746
646.884
646.892
646.423
646.445
1273.68
1518.07
1274.45
1518.26
1274.35
1518.08
1280.63
1516.78
646.887
646.895
646.43
646.449
643.999
644.077
644.672
644.754
1277.16
1514.11
1277.87
1515.1
1278.72
1515.26
1280.42
1516.7
639.719
640.157
638.106
637.92
630.635
630.017
632.317
633.105
1261.95
1511.52
1284.38
1546.35
1259.78
1501.49
1261.82
1502.4
623.909
624.023
623.78
626.039
688.163
719.006
675.385
655.356
1243.4
1509.64
1230.85
1527.83
1274.34
1541.81
764.854
1488.33
1242.09
1234.17
1486.71
2814.62
2791.08
1234.76
1485.91
1232.85
1534.43
2546.89
2559.41
2524.44
1231.98
1538.62
2524.42
2523.46
1268.29
1529.1
2554.33
2555.35
1277.46
1538.12
1259.77
1499.48
2571.68
2571.26
2579.06
1261.14
1499.94
2581.02
2580.75
1277.32
1514.06
2625.83
2625.71
1277.78
1515.26
1278.73
1515.42
2626.4
2626.51
2628.9
1279.89
1516.21
2629.53
2629.4
1273.45
1517.16
2637.71
2637.71
1287.83
1533.61
1272.48
1515.06
2635.19
2635.14
2634.39
1280.91
1516.76
2633.48
2633.44
1273.01
1510.71
2610.57
2610.82
1274.59
1511.66
1271.11
1509.16
2599.87
2599.5
2594.01
1271.92
1511.85
2589.28
2588.47
1272.22
1544.88
2537.12
2537.65
1286.09
1545.74
1268.79
1538.62
2539.2
2537.93
2531.84
1268.2
1540.83
2526.57
2526.96
760.964
1272.27
1544.94
2537.12
2536.79
2537.23
1286.14
1545.81
2536.98
1268.81
1538.63
2538.53
2537.26
2531.75
1268.2
1540.84
1273.07
1510.78
2604.96
2610.58
2610.76
1274.64
1511.72
2598.07
1271.14
1509.2
2599.79
2599.43
2594.19
1271.97
1511.87
1273.6
1517.34
2636.89
2637.71
2637.72
1287.98
1533.78
2634.86
1272.63
1515.23
2635.18
2635.14
2634.33
1281.05
1516.92
1277.31
1514.07
2623.51
2625.82
2625.71
1277.87
1515.31
2627.41
1278.87
1515.58
2626.41
2626.53
2629.07
1280.02
1516.37
1268.18
1529.03
2565.84
2554.5
2555.57
1277.4
1538.05
2575.71
1259.71
1499.45
2571.81
2571.39
2579.22
1261.12
1499.93
1258.85
1528.92
2594.6
1736.39
1447.6
2020.16
1426.19
1968.35
1822.65
2007.81
2536.92
1232.76
1534.35
2527.88
1231.89
1538.62
2525.22
1821.85
1867.48
1549.26
1554.46
1852.43
1815.57
1595.24
1468.21
1765.63
1279.06
1667.36
3063.05
3058.84
1237.89
1480.07
2634.13
1073.06
1430.13
1071.79
1110.26
2198.39
2413.31
1216.53
1156.55
2103.9
1057.07
1047.49
2097.96
2092.92
1045.49
1046.79
1064.1
1062.97
2123.67
2110.67
1056.19
1059.63
2119.18
1067.07
1068.46
2136.59
1070.67
1070.37
2176.65
1089.24
1090.55
2177.76
2174.09
1088.47
1090.25
1090.69
1090.95
2179.75
2181.22
1091.77
1091.77
1094.64
1094.66
2186.65
1094.92
1094.91
1093.88
1093.95
2184.91
2184.12
1093.57
1093.75
2184.99
1081.43
1082.34
2163.28
2166.82
1084.17
1083.87
2156.36
1078.71
1078.49
2154.09
2146.63
1074.55
1076.53
1051.88
1050.76
2102.87
2105.52
1052.28
1052.12
2101.57
1051.78
1052.64
2102.87
1047.83
1049.93
2099.85
1051.62
1050.55
2102.55
2105.18
1052.13
1051.95
2101.29
1051.5
1052.35
2102.36
1047.49
2092.48
1049.64
2100.46
1081.41
1082.32
2163.28
2166.85
1084.16
1083.85
2156.24
1078.68
1078.47
2154.12
1074.52
2146.62
1076.51
1094.63
1094.66
2186.63
1094.92
1094.91
1093.88
1093.94
2184.91
1093.57
1093.74
1089.25
1090.56
2174.11
1088.48
1090.25
2178.5
1090.7
1090.96
2179.75
1091.77
1091.77
2128.41
1064.18
1063.05
2123.82
2110.78
1056.31
1059.73
2119.48
1067.13
1068.51
2136.71
1070.71
2140.95
1070.42
2138.06
1072.5
979.683
2149.53
2441.55
1723.17
2105.2
1057.86
1047.92
1045.84
2093.65
1047.17
1272.37
2535.39
1278.66
1214.85
754.95
743.654
637.649
641.982
624.266
624.233
630.122
628.58
627.741
628.396
633.63
633.561
640.689
640.657
636.657
637.007
643.986
644.211
644.956
644.946
646.901
646.909
646.271
646.321
646.902
646.913
646.277
646.325
643.999
644.226
644.963
644.956
640.709
640.678
636.685
637.061
627.859
628.488
633.671
633.631
624.404
624.378
630.336
628.796
752.795
741.937
637.83
642.104
776.911
779.192
773.604
775.57
695.611
707.802
667.022
659.322
623.71
623.792
623.879
624.671
630.472
630.199
632.63
632.926
639.882
640.094
638.022
637.954
643.949
643.976
644.668
644.707
646.846
646.86
646.397
646.392
646.849
646.864
646.399
646.397
643.963
643.991
644.678
644.721
639.932
640.097
638.055
637.989
630.534
630.312
632.688
633.007
623.9
623.952
624.062
624.908
695.009
706.955
666.864
659.261
714.382
710.935
908.105
905.61
2395.76
564.948
534.694
544.591
447.766
549.302
538.584
459.982
450.885
553.485
559.228
463.53
468.555
566.342
561.85
474.729
470.844
568.632
569.892
476.741
477.794
570.907
570.48
478.697
478.337
570.906
570.479
478.696
478.336
568.628
569.892
476.745
477.794
566.327
561.85
474.711
470.845
553.493
559.227
463.536
468.56
549.316
538.588
460
450.892
564.947
534.711
544.587
447.778
362.895
369.398
381.369
381.924
921.272
386.96
386.809
935.122
388.147
388.015
937.819
933.596
386.079
385.206
379.726
378.125
1555.65
379.734
378.121
933.642
386.107
385.215
931.112
388.198
388.067
935.727
386.992
386.815
935.126
381.334
381.894
823.697
362.902
369.406
823.526
554.575
525.999
477.674
513.938
813.805
376.962
372.062
821.923
523.32
516.462
530.656
531.545
383.405
382.532
533.78
532.424
539.063
538.914
937.533
387.786
387.351
936.358
540.363
539.712
540.916
540.717
937.714
387.921
387.9
937.61
540.569
540.544
537.764
536.438
928.376
384.267
384.671
535.021
535.651
528.325
525.739
812.154
379.136
378.238
918.012
526.235
525.624
554.563
525.97
490.494
485.998
449.272
449.687
546.083
542.632
457.174
454.313
812.161
379.133
378.242
528.337
525.728
526.226
525.629
555.474
557.503
465.352
467.101
564.714
563.143
473.347
471.962
384.254
384.684
929.715
537.803
536.444
535.002
535.67
568.082
569.069
476.244
477.107
570.747
570.491
478.565
478.334
937.802
387.972
387.951
540.989
540.792
540.643
540.618
570.746
570.49
478.564
478.333
568.086
569.069
476.242
477.107
387.831
387.402
936.447
539.109
538.929
540.426
539.785
564.708
563.136
473.346
471.963
555.472
557.516
465.353
467.114
925.793
383.41
382.524
530.605
531.508
533.787
532.416
546.092
542.624
457.185
454.309
490.502
486.009
449.286
449.704
376.966
372.061
821.92
477.678
513.944
523.325
516.46
817.572
358.513
351.511
281.539
266.914
350.23
282.527
267.175
372.712
299.914
279.114
429.992
429.257
373.227
299.499
279.267
1089.76
375.994
301.914
280.704
375.763
302.104
280.233
383.162
308.105
277.325
438.504
438.064
383.509
307.823
277.616
1085.02
1109.21
385.245
309.051
277.631
384.723
309.462
277.284
386.266
310.28
288.686
440.867
440.877
386.277
310.271
288.673
1116.37
386.266
310.279
288.686
386.277
310.271
288.673
385.247
309.055
277.635
439.549
440.077
384.719
309.457
277.281
1119.73
1116.36
383.165
308.094
277.318
383.5
307.828
277.616
375.994
301.911
280.699
432.095
432.297
375.754
302.101
280.228
1109.2
372.699
299.918
279.112
373.233
299.488
279.259
351.502
281.541
266.912
386.017
384.446
282.522
267.173
350.236
1073.4
1089.52
817.574
358.51
913.115
349.886
429.879
925.29
348.295
432.069
357.366
1018.68
444.396
442.37
358.961
1023.89
1039.22
361.47
446.635
1038.85
361.426
446.636
363.044
1044.61
449.151
448.623
363.431
367.196
453.679
1057.17
366.929
454.004
367.65
454.792
454.646
367.759
1060.18
1061.38
368.159
455.352
1061.42
368.185
455.316
367.954
1060.79
455.003
455.042
367.92
365.67
452.556
1054.39
366.05
452.036
364.269
450.103
450.202
364.194
1048.36
359.167
444.953
1034.05
360.032
443.79
360.251
1030.17
445.869
445.006
360.562
534.218
362.164
291.843
274.87
291.066
274.506
363.119
537.301
437.897
1191.37
502.626
1058.48
448.466
367.496
908.377
366.914
294.415
277.216
380.68
294.857
277.134
366.373
378.136
548.857
938.897
540.052
376.466
1039.98
459.621
369.843
894.332
452.223
534.992
492.857
535.492
496.154
536.637
514.268
511.959
534.458
359.178
444.966
360.04
443.803
360.252
1030.18
445.87
360.564
445.008
1075.62
583.816
509.587
508.071
586.116
585.261
513.301
577.431
509.582
963.824
554.318
378.922
304.682
278.968
304.451
279.364
379.206
558.998
379.334
1047.75
464.376
1050.42
468.395
383.592
1060.32
1060.02
380.86
305.846
279.544
435.874
305.994
279.011
380.684
436.047
984.996
565.955
562.206
388.728
1075.09
474.404
1074.47
385.501
471.188
581.282
511.32
510.673
587.214
576.349
512.88
512.218
577.125
1053.28
365.689
452.582
366.07
452.059
364.269
1048.69
450.104
364.195
450.202
1101.89
580.976
517.025
516.383
581.698
578.448
513.977
578.286
514.119
988.687
569.427
385.661
309.866
288.294
309.788
288.177
385.759
569.796
390.421
1080.15
477.454
1081.83
477.726
391.282
1082.48
386.058
310.059
288.444
440.644
310.103
288.511
386.003
440.728
570.896
991.802
570.512
392.057
1084.86
478.69
391.759
1083.99
478.357
583.516
518.34
518.711
583.129
584.455
519.732
519.551
584.658
368.208
455.414
368.233
455.378
368.003
1060.94
455.065
367.969
455.104
1118.96
585.443
520.492
520.446
585.494
585.064
520.062
585.018
520.106
992.524
570.896
386.057
310.058
288.443
310.102
288.51
386.002
570.511
392.056
1084.86
478.689
1084.84
478.356
391.759
1083.99
1084.02
385.661
309.866
288.295
440.548
309.788
288.178
385.759
440.461
988.692
569.431
569.797
390.428
1080.18
477.452
1081.81
391.283
477.727
585.361
520.418
520.372
585.412
584.981
519.988
520.031
584.935
1058.22
367.22
453.712
366.96
454.041
367.696
1060.02
454.84
367.798
454.705
1117.23
583.559
518.378
518.755
583.175
584.532
519.787
584.717
519.621
984.971
565.964
380.854
305.846
279.543
305.986
279.003
380.68
562.2
388.716
1075.06
474.419
1074.5
471.184
385.504
1065.82
378.913
304.681
278.964
434.768
304.444
279.359
379.206
434.428
554.312
973.227
558.994
379.341
1047.78
464.377
383.603
1060.36
468.389
580.935
517.001
516.353
581.682
578.442
513.988
514.106
578.29
361.445
446.587
361.389
446.606
363.037
1044.56
449.147
363.429
448.615
1094.93
581.228
511.265
510.639
587.163
576.352
512.87
577.108
512.215
956.838
548.846
366.909
294.411
277.21
294.854
277.129
366.369
540.054
376.482
1040.05
459.61
1039.22
452.229
369.851
894.382
1050.38
362.156
291.84
274.865
380.197
291.063
274.502
363.12
381.037
905.911
534.218
537.29
437.882
1191.01
502.627
1058.4
367.507
448.465
583.795
509.564
508.06
586.094
585.247
513.306
509.575
577.435
913.113
349.881
429.882
348.298
432.064
357.361
1018.67
444.396
358.965
442.37
1065.05
534.993
492.857
535.492
496.154
536.631
514.269
534.464
511.958
365.185
367.434
919.813
381.477
920.364
381.592
387.302
935.995
387.073
938.176
388.137
388.026
932.697
385.739
385.347
912.575
378.987
378.361
477.798
373.979
374.103
372.381
376.142
353.843
285.654
269.824
284.397
268.744
355.394
371.532
298.197
279.127
428.06
428.385
298.553
278.895
371.093
396.863
914.478
400.284
397.426
399.699
910.827
487.606
1158.28
1168.37
543.362
1060.39
486.285
544.967
912.586
378.992
910.732
378.369
502.794
1071.04
562.637
560.817
504.479
400.449
403.095
400.172
403.442
376.52
302.786
279.632
302.525
280.005
376.832
382.578
307.187
278.226
437.236
437.497
307.363
277.759
382.358
408.212
411.835
408.587
411.431
498.98
1312.82
1342.18
562.068
1087.72
556.33
504.471
1339.65
932.733
385.757
931.599
385.371
497.803
1320.31
1321.03
1107.56
555.928
555.343
498.333
1324.15
1322.48
410.495
413.222
409.926
413.825
384.938
308.98
287.407
309.216
283.136
384.626
386.171
310.183
288.549
440.702
440.735
310.196
288.569
386.155
411.582
938.245
414.929
411.594
414.915
937.908
499.729
1326.76
1327.04
557.824
1115.94
557.426
500.097
1327.86
938.265
388.189
937.972
388.077
501.226
1119.49
559.217
559.049
501.379
411.581
414.929
411.594
414.915
386.171
310.182
288.548
310.196
288.569
386.154
384.933
308.976
287.413
439.328
439.745
309.219
283.132
384.63
410.497
413.223
409.922
413.823
501.163
1331.38
1331.37
559.148
1119.49
558.98
501.317
1331.82
936.752
387.332
936.013
387.077
499.727
1326.82
1327.05
1115.92
557.846
557.431
500.117
1327.21
1327.93
408.206
411.83
408.586
411.43
382.573
307.189
278.226
307.356
277.752
382.356
376.511
302.782
279.628
432.865
432.526
302.521
280
376.832
400.445
919.25
403.095
400.168
403.434
921.21
497.781
1320.3
1320.92
555.899
1107.59
555.313
498.317
1322.43
919.752
381.444
920.338
381.575
498.95
1087.77
562.028
556.298
504.439
396.853
400.282
397.428
399.694
371.52
298.196
279.121
298.546
278.891
371.097
353.841
285.652
269.821
382.247
383.076
284.395
268.741
355.392
373.973
374.102
372.383
376.141
502.777
1034.13
1026.51
562.603
1071.14
560.79
504.45
1020.1
823.752
365.175
825.342
367.424
487.594
1158.28
1168.38
1060.4
543.365
544.957
486.282
1190.2
1179.17
477.794
473.841
351.521
436.009
352.638
434.249
501.154
1008.28
375.323
816.672
373.529
818.605
355.665
438.324
1009.79
354.389
440.131
520.924
518.416
530.827
1039.75
361.606
447.228
361.961
446.772
531.037
1040.92
383.084
382.737
1043.47
362.707
447.934
1042.74
362.523
448.171
1045.77
533.269
532.749
539.545
1057.65
366.947
453.525
366.775
453.703
539.255
1057.08
387.696
937.349
387.411
367.363
454.21
1058.77
367.316
454.275
540.226
539.804
540.899
1061.01
368.039
455.165
368.043
455.16
540.732
1060.99
387.972
937.883
387.855
937.538
1060.45
367.849
454.992
1060.61
367.91
454.911
1060.64
540.641
540.474
537.239
1051.95
365.285
451.341
365.141
451.539
536.656
1051.47
384.351
384.458
364.378
450.684
1049.79
364.621
450.355
535.15
535.33
527.169
1029.22
358.45
442.289
358.064
442.833
526.182
1028.14
379.317
800.271
379.58
908.76
359.114
441.854
1027.62
357.759
443.393
1029.65
526.557
527.005
441.847
1346.85
2813.97
2953.56
310.542
357.54
359.823
308.475
504.398
829.096
360.049
288.647
272.894
359.163
289.374
273.216
385.449
388.987
387.925
386.484
525.385
319.662
372.161
371.157
320.423
463.525
365.294
934.06
967.416
449.72
365.802
927.094
922.932
368.131
296.448
277.808
428.515
368.889
295.837
277.654
422.439
390.617
392.58
389.995
393.302
918.027
329.468
383.171
382.633
329.88
546.987
951.488
324.11
375.659
323.402
376.414
541.981
458.046
374.107
1034.25
1036.06
453.794
371.854
624.043
1190.19
1179.19
630.767
534.63
502.271
499.36
534.473
494.816
1149.64
1059.9
555.767
553.021
497.362
535.769
505.718
508.672
535.179
591.546
1121.35
1132.75
580.586
800.277
379.323
908.764
379.581
1034.08
527.176
358.454
442.284
1028.12
358.065
442.844
526.199
1029.64
526.571
1030.27
359.12
441.855
1027.61
357.757
443.395
527.006
499.903
1042.87
1056.22
559.08
557.523
501.48
1075.28
614.448
1012.59
1020.13
615.016
581.569
505.992
506.803
579.819
627.907
1101.72
615.036
579.81
505.358
506.998
578.367
332.633
385.946
386.315
332.29
555.314
966.964
378.2
303.692
279.897
377.98
303.877
279.431
403.597
406.983
406.657
403.908
557.839
970.311
335.354
389.742
389.442
335.581
465.252
380.956
1052.92
1052.7
467.41
382.396
1056.98
381.282
306.524
278.228
436.526
381.522
306.33
278.677
436.272
405.712
928.345
408.632
405.512
408.856
339.385
394.5
394.116
339.682
564.96
982.246
337.209
391.39
337.027
391.599
562.971
979.692
473.559
387.607
471.856
386.448
1068.65
697.07
990.828
611.098
575.546
510.579
510.209
574.652
494.567
552.655
552.04
495.121
575.679
511.358
511.661
575.32
699.406
1314.29
1312.62
700.334
928.76
384.363
929.203
384.465
1054.44
537.265
1052.02
365.304
451.358
365.154
451.564
536.697
1051.49
1048.33
535.168
364.386
450.701
364.634
450.365
535.341
1049.83
496.688
553.926
554.124
496.484
1316.65
704.886
705.79
580.286
515.521
515.768
580.003
701.863
701.674
1316.99
578.678
514.742
514.317
579.162
341.401
395.888
396.485
340.904
568.955
987.893
385.375
309.409
287.694
385.179
309.563
287.891
410.923
414.347
414.232
411.032
569.304
341.673
396.937
396.834
341.753
477.041
390.012
1079.04
1080.91
477.296
390.73
1080.99
1081.37
386.001
310.092
288.473
440.598
386.04
310.06
288.426
440.563
411.357
414.624
411.298
414.685
937.698
342.277
397.524
397.512
342.286
570.743
992.248
342.07
397.23
342.031
397.283
570.483
478.558
391.952
1084.58
1084.55
478.337
391.753
707.889
1327.08
707.441
583.147
518.216
518.371
582.984
500.284
1328.6
1116.36
558.463
558.05
500.662
583.964
519.019
519.105
583.863
709.01
1330.34
1329.89
709.256
937.971
388.023
937.626
387.907
1061.57
540.973
368.088
455.228
1061.14
368.092
455.222
540.806
1060.8
540.716
1060.6
367.898
455.055
1060.76
367.959
454.974
540.549
500.982
1331.07
1330.82
558.937
558.801
501.097
1331.18
710.183
1332.11
1332
710.245
585.233
520.263
520.256
585.24
709.729
1331.09
709.678
584.897
520.053
519.953
585.009
342.277
397.523
397.511
342.286
570.742
992.246
385.999
310.091
288.472
386.039
310.059
288.425
411.356
414.622
414.684
411.297
570.482
991.841
342.069
397.229
397.283
342.03
478.557
391.952
1084.58
1084.55
478.336
391.752
1083.97
385.375
309.409
287.694
439.976
385.179
309.563
287.892
440.107
410.923
937.615
414.347
411.032
414.232
341.398
395.89
396.482
340.906
568.954
987.899
341.673
396.937
341.754
396.834
569.305
989.485
477.047
390.009
477.297
390.73
1080.99
710.085
1331.93
710.148
585.15
520.188
520.182
585.157
500.919
558.867
558.731
501.035
584.814
519.979
519.878
584.926
709.63
1330.91
1331
709.579
937.436
387.746
936.713
387.463
1057.26
539.587
1057.65
366.952
453.531
366.781
453.713
539.255
1057.12
1060.31
540.297
367.411
454.271
367.363
454.337
539.878
1058.92
500.345
558.526
558.118
500.719
1330.46
707.936
707.501
583.156
518.223
518.384
583
709.102
709.325
1330.05
584.046
519.092
519.178
583.944
339.381
394.49
394.12
339.68
564.961
982.221
381.284
306.516
278.221
381.512
306.331
278.676
405.706
408.624
408.855
405.509
562.972
337.208
391.379
391.602
337.021
473.557
387.607
1072
1072.58
471.852
386.448
1068.67
1068.45
378.199
303.685
279.892
433.669
377.972
303.877
279.426
433.912
403.593
406.979
403.904
406.653
923.072
332.629
385.943
386.312
332.288
555.315
966.969
335.347
389.738
335.581
389.438
557.823
465.253
380.958
1052.95
1052.71
467.397
382.409
704.847
1324.08
705.763
580.253
515.501
515.738
579.98
496.663
1318.58
1103.44
553.917
554.096
496.477
578.666
514.72
514.307
579.138
701.857
1316.64
1316.99
701.675
924.894
383.067
923.68
382.707
1038.73
530.781
361.585
447.202
1040.83
361.937
446.742
531.006
1045.79
533.245
1043.37
362.678
447.915
1042.73
362.517
448.147
532.703
494.559
1310.61
1311.04
552.645
552.026
495.106
1312.58
697.008
990.72
1339.58
611.047
575.509
510.538
510.185
574.612
699.401
1314.3
700.323
575.633
511.337
511.632
575.307
329.46
383.17
382.628
329.883
546.981
951.499
368.136
296.436
277.799
368.875
295.84
277.652
390.608
392.58
393.294
389.995
541.993
945.566
324.108
375.652
376.415
323.4
458.043
374.122
1034.32
1036.07
453.808
371.862
1031.31
360.042
288.644
272.891
384.184
359.165
289.371
273.212
381.944
385.442
813.802
388.989
386.485
387.918
310.541
357.54
359.822
308.475
504.392
829.105
319.653
372.167
320.428
371.146
525.381
816.629
463.516
365.306
449.716
365.818
927.155
614.424
1012.54
614.99
581.548
506.002
506.785
579.831
499.907
559.076
557.514
501.471
579.809
505.357
506.996
578.367
627.899
1101.73
1075.26
615.036
816.663
375.317
818.596
373.526
925.289
473.834
977.419
351.516
436.01
352.642
434.249
501.149
1008.29
1023.89
520.916
355.654
438.327
354.396
440.123
518.411
1009.8
494.805
555.757
553.008
497.359
1121.35
624.044
630.767
534.632
502.273
499.36
534.475
591.545
580.587
1132.75
535.772
505.711
508.675
535.174
1260.56
1187.14
1163.71
1194.85
1196.89
1200.85
1153.44
277.007
255.486
384.83
343.89
331.409
378.757
269.626
240.572
1213.81
1154.27
1153.3
1190.02
1189.4
1194.87
1196.87
1163.78
277.006
255.48
343.896
331.401
269.625
240.574
1147.16
1150.81
1174.55
1198.09
1198
1200
1153.6
425.353
927.354
344.98
900.53
335.254
410.509
899.284
491.731
432.574
1288.96
1367.72
422.961
1239.87
425.356
927.365
344.986
335.254
410.512
486.968
533.629
1004.28
514.213
464.426
1149.33
1179.55
1200
1198.09
1198
1175.19
1174.57
491.702
432.524
422.89
486.971
533.633
1005.25
514.211
464.424
671.44
668.848
756.31
628.009
493.031
2140.19
2149.5
608.703
505.605
759.322
2422.86
2305.79
2317.88
680.85
674.938
677.325
646.197
492.049
2126.41
2128.26
646.899
491.46
2125.37
687.414
2112.27
725.693
1195.19
1196.7
725.674
721.358
662.878
503.667
662.088
504.212
2178.65
722.12
2178.5
710.453
1200.63
1200.63
710.257
803.879
665.11
505.971
2186.55
2186.37
665.109
505.975
804.175
2187.05
2187.04
2186.94
722.117
1186.81
720.903
721.091
657.983
499.993
2161.08
2160.07
657.345
500.492
721.253
2165.83
2165.72
2164.69
684.366
1151.88
683.044
709.297
638.245
485.666
2100.43
638.257
485.599
2100.1
705.416
348.491
697.88
313.16
454.439
2829.51
366.73
365.244
350.304
350.923
292.111
343.49
243.97
216.962
697.869
792.358
348.496
313.157
516.138
464.331
409.43
978.892
1019.66
448.068
684.398
683.074
709.323
638.146
485.554
638.136
485.524
2099.71
705.451
2102.89
1186.79
1187.9
722.141
720.948
721.128
657.981
499.98
2159.99
657.329
500.488
2162.2
721.283
2165.66
2164.6
1200.63
1200.63
710.537
710.342
803.973
665.11
505.969
2186.53
2186.38
665.107
505.975
804.269
2187.05
2187.05
2187.03
2186.95
1195.2
725.724
725.69
721.366
662.876
503.668
2175.82
2176.59
662.106
504.223
2177.87
722.151
2174.8
1168.03
680.804
674.911
677.292
646.24
492.08
646.934
491.495
2125.53
687.377
1099.74
1131.12
665.522
664.754
722.036
626.455
492.926
2144.33
608.621
507.769
2030.79
709.533
366.729
365.247
350.299
350.921
292.108
243.97
216.955
516.138
1195.2
464.327
409.47
979.006
1019.51
448.131
1128.93
659.176
663.672
750.207
623.2
485.887
2111.37
596.132
483.761
2093.42
747.302
2089.85
1171.07
1172.78
672.027
671.828
660.807
649.557
493.324
2133.26
2131.66
648.597
494.066
2134.96
656.302
2141.01
2137.83
1196.77
728.835
727.866
721.795
663.174
504.279
2178.31
662.932
504.465
722.318
2180.78
2180.97
2180.44
728.939
720.416
803.974
664.762
505.674
2184.99
2185.21
664.727
505.696
2185.2
721.411
1183.47
725.049
719.108
722.742
655.509
498.806
655.758
498.597
2155.32
729.622
2147.8
2150.8
2152.07
1152.97
1155.52
684.142
681.433
721.155
639.924
486.119
2102.04
2105.13
638.891
486.645
727.668
2093.09
2098.54
2101.05
467.435
792.799
301.482
1279.73
361.498
421.948
350.55
302.927
292.322
335.851
428.753
467.44
792.775
301.485
1271.08
361.489
421.938
1195.22
634.222
617.668
1154.15
1275.23
444.318
401.665
1155.3
684.15
681.433
721.164
639.78
486.008
2101.5
2104.52
638.76
486.523
2104.91
727.678
2095.37
2097.99
1183.48
725.062
719.127
722.762
655.507
498.787
655.734
498.594
2155.27
729.634
2151.96
1199.95
729.026
720.502
804.068
664.761
505.673
2185
2185.2
664.726
505.695
721.496
2184.47
2184.12
2184.67
2184.98
1196.78
1197.21
728.913
727.951
721.878
663.178
504.283
2178.95
2178.32
662.936
504.469
2179.19
722.394
2180.79
2181.23
2180.98
2180.45
672.019
671.8
660.787
649.595
493.341
2131.76
648.616
494.096
2135.06
656.294
1129.09
659.164
663.627
749.67
623.341
486.021
2112.84
596.239
483.916
2098.91
747.261
2090.41
2090.49
350.549
302.923
292.321
335.848
428.693
634.22
617.674
1154.18
1285.12
444.359
401.69
1307.79
1814.78
1499.78
1823.42
1323.18
1921.48
1282.81
1918.91
1307.66
1882.78
1293.56
1849.82
1305.43
1848.6
1313.4
1852.53
1307.45
1846.54
1335.26
1840.69
1337.14
1835.94
1340.19
1839.51
1338.43
1848.79
1348.43
1848.56
1347.23
1833.2
1342.34
1845.78
1345.97
1847.76
1331.43
1849.3
1327.31
1859.04
1316.48
1853.11
1325.02
1898.68
1291.26
1897.23
1290.86
1910.45
1283.89
1896.2
1291.09
1898.75
1291.07
1897.23
1290.52
1910.41
1283.49
1896.2
1290.73
1847.75
1331.42
1849.32
1327.29
1859.04
1316.45
1853.18
1324.99
1848.98
1348.43
1848.75
1347.23
1833.38
1342.33
1845.97
1345.97
1846.68
1335.26
1840.78
1337.16
1836.04
1340.19
1839.69
1338.44
1882.76
1293.72
1849.78
1305.52
1848.6
1313.44
1852.53
1307.52
1765.53
1493.49
1821.67
1324.63
1921.52
1283.23
1917.9
1309.02
669.056
1231.2
1418.3
786.04
1415.09
623.415
815.356
673.606
489.987
1150.75
670.734
1007.76
759.216
2534.34
2563.06
620.486
612.266
631.818
508.244
1551.53
2115.1
406.375
2822.9
378.834
1153.13
1223.61
2711.6
1614.09
2610.11
1399.8
1410.62
2592.86
1620.8
2664.42
1456.66
2691.77
1439.65
2517.6
3451.74
1197.65
1191.69
1817.26
1424.58
2514.72
3287.86
1636.35
2918.33
1586.11
2932.47
1578.6
1631.85
1509.08
1523.24
2496.19
3062.22
1056.92
1065.88
1824.7
1381.27
2508.17
3189.27
1650.66
1381.83
1374.02
1651.08
2535.86
1364.67
1367.67
2530.89
1920.82
1285.15
2673.15
2973.83
1026.41
1026.62
2671.42
2978.93
2674.7
3027.18
1043.66
1037.23
1917.85
1287.74
2668.34
2984.58
1655.73
1360.31
1360.71
1653.29
1362.36
2527.01
1360.94
1601.51
2565.7
1383.82
1383.69
2565.67
1616.63
2562.38
1381.3
2561.66
1381.93
2638.07
2997.99
1035.71
1036.6
1873.93
1299.67
2629.39
3010.9
1638.64
2547.18
1372.58
1373.53
2545.99
1631.69
1378.06
1377.19
2598.12
3023.32
1044.51
1044.3
1852.46
1302.17
2605.65
3016.56
1696.5
1386.67
1387.12
1695.53
2575.59
1389.3
1389.13
2575.58
1847.87
1311.85
2593.9
3040.72
1050.87
1050.79
2593.07
3037.59
2596.1
3028.02
1046.5
1047
1851.27
1310.56
2594.47
3034.61
1699.88
1392.16
1392.19
1698.32
1391.09
2579.11
1391.21
1688.09
2624.04
1415.82
1416.15
2623.48
1688.64
2625.85
1417.3
2626.24
1417.08
2552.82
3087.45
1067.57
1068.05
1845.87
1338.4
2550.91
3094.17
1689.8
2621.46
1414.23
1414.64
2620.98
1689.76
1417.03
1417.03
2541.85
3091.53
1068.92
1069.18
1841.81
1338.55
2544.27
3094.58
1689.55
1417.44
1417.42
1689.62
2627.63
1417.97
1418.07
2627.38
1835.6
1339.76
2542.55
3098.3
1071.41
1071.43
2542.54
3097.45
2538.58
3094.5
1070.1
1070.14
1837.28
1339.06
2539.98
3095.86
1690.89
1419.08
1419.13
1690.52
1418.85
2629.04
1418.79
1694.82
2636.88
1423.33
1423.34
2636.89
1694.52
2637.18
1423.52
2637.16
1423.51
2572.75
3113.1
1075.31
1075.31
1865.71
1348.28
2596.74
3112.83
1695.72
2637.82
1423.89
1423.88
2637.81
1712.91
1423.82
1423.82
2570.74
3111.01
1074.82
1074.85
1847.89
1347.91
2570.53
3112.09
1694.11
1422.36
1422.36
1689.97
2634.85
1422.15
1422.16
2634.86
1831.1
1343.78
2541.31
3102.91
1073.08
1073.18
2543.71
3105.33
2565.08
3108.55
1074.06
1074.04
1845.63
1344.47
2555.17
3106.46
1690.36
1421.3
1421.36
1690.86
1421.86
2634.34
1421.86
1684.48
2605.29
1405.45
1405.75
2605.01
1684.82
2608
1407.18
2607.83
1407.17
2555.18
3078.7
1064.09
1064.12
1847.47
1330.59
2555.4
3076.86
1687.84
2612.34
1409.46
1409.55
2611.99
1686.47
1408.72
1408.7
2559.2
3069.74
1060.93
1061.28
1848.68
1329.46
2557.95
3074.24
1683.54
1402.57
1402.68
1683.86
2598.1
1401.65
1401.76
2598.12
1856.05
1321.22
2607.88
3047.76
1053.72
1054.42
2601.01
3057.16
2562.94
3064.54
1058.86
1058.89
1855.71
1323.15
2565.89
3061.15
1712.62
1396.16
1396.84
1711.88
1399.63
2594.24
1399.32
1641.62
2536.31
1368.43
1367.72
2537.75
1643.09
2536.71
1367.41
2535.73
1367.87
2649.35
2992.61
1033.34
1033.24
1899.22
1290.14
2649.26
2990.33
1644.51
2539.29
1369.1
1369.13
2538.95
1644.26
1368.25
1368.11
2646.11
2991.61
1032.81
1032.36
1897.64
1289.85
2646.87
2989.52
1639.17
1368.59
1369.07
1640.38
2538.04
1367.86
1368.42
2537.64
1905.36
1287.13
2662.06
2976.36
1027.59
1027.74
2655.66
2983.41
2644.97
2992.05
1032.95
1033.18
1897.53
1289.15
2646.41
2988.11
1650.55
1362.01
1362.01
1645.47
1365.22
2532.44
1364.58
1641.67
2535.59
1368.07
1367.34
1643.14
2536.31
1367.13
2535.23
1367.59
2649.49
2992.2
1033.19
1033.06
1899.28
1289.89
2649.39
2989.79
1644.61
2538.88
1368.91
2538.61
1368.89
1644.34
1368.01
1367.91
2646.11
2990.83
1032.53
1032.04
1897.67
1289.57
2647.01
2988.91
1639.23
1368.21
1368.66
1640.36
2537.37
1367.49
1368.07
2661.92
2975.45
1027.25
1027.41
1905.24
1286.77
2655.66
2982.59
1650.53
2525.82
1361.58
2526.21
1361.59
1645.46
2531.15
1364.82
1364.18
2644.99
2991.24
1032.65
1032.89
1897.44
1288.8
2646.4
2987.33
1684.5
2605.25
1405.42
1405.73
1684.93
2607.96
1407.16
2607.79
1407.15
2555.18
3078.69
1064.09
1064.12
1847.51
1330.56
2555.47
3076.8
1687.8
2612.26
1409.45
2611.98
1409.55
1686.57
1408.7
1408.66
2559.29
3069.69
1060.92
1061.27
1848.8
1329.44
2558.07
3074.19
1683.55
1402.53
1402.63
1683.94
2598.07
1401.62
1401.76
2607.89
3047.67
1053.69
1054.35
1856.07
1321.2
2601.05
3057.1
1712.63
2589.14
1396.12
2588.39
1396.77
1711.91
2594.01
1399.6
1399.32
2563.06
3064.47
1058.83
1058.83
1855.71
1323.13
2565.9
3061.11
1695.01
2636.87
1423.33
1423.34
1694.7
2637.18
1423.52
2637.16
1423.51
2573.01
3113.11
1075.31
1075.31
1865.9
1348.28
2597.01
3112.83
1695.9
2637.82
1423.89
2637.82
1423.88
1713.09
1423.83
1423.82
2571.02
3111
1074.82
1074.85
1848.07
1347.92
2570.79
3112.1
1694.3
1422.36
1422.35
1690.17
2634.84
1422.15
1422.16
2541.56
3102.91
1073.08
1073.18
1831.29
1343.77
2543.97
3105.32
1690.55
2633.48
1421.29
2633.44
1421.36
1691.05
2634.38
1421.86
1421.86
2565.34
3108.57
1074.06
1074.03
1845.82
1344.47
2555.42
3106.44
1688.21
2624.14
1415.83
1416.14
1688.62
2625.81
1417.32
2626.27
1417.12
2552.9
3087.45
1067.58
1068.11
1845.9
1338.4
2551.05
3094.16
1689.98
2621.5
1414.24
2621
1414.77
1689.74
1417.03
1416.92
2541.97
3091.56
1068.93
1069.17
1841.84
1338.56
2544.3
3094.6
1689.72
1417.44
1417.42
1689.8
2627.63
1417.99
1418.07
2542.68
3098.28
1071.41
1071.44
1835.76
1339.76
2542.77
3097.46
1690.99
2629.53
1419.09
2629.41
1419.13
1690.68
2628.9
1418.86
1418.8
2538.83
3094.52
1070.11
1070.14
1837.47
1339.07
2540.22
3095.87
1601.44
2565.87
1383.92
1383.79
1616.56
2562.56
1381.4
2561.84
1382.03
2637.95
2998.33
1035.83
1036.79
1873.83
1299.78
2629.28
3011.16
1638.55
2547.49
1372.73
2546.27
1373.71
1631.61
1378.19
1377.29
2598.09
3023.52
1044.59
1044.38
1852.41
1302.27
2605.49
3016.78
1696.49
1386.74
1387.22
1695.44
2575.72
1389.38
1389.17
2593.9
3040.83
1050.91
1050.86
1847.87
1311.91
2593.05
3037.72
1699.88
2581.17
1392.21
2580.84
1392.25
1698.3
2579.11
1391.16
1391.27
2596.03
3028.18
1046.56
1047.08
1851.2
1310.63
2594.41
3034.76
1614.02
2605.6
1401.07
1410.39
1624.67
2620.04
1448.29
2611.05
1436.75
2433.09
3436.09
1175.89
1173.27
1826.84
1419.62
2529.43
3276.35
2495.1
3065.5
1058.01
1066.82
1823.73
1385.74
2506.44
3201.04
1650.46
2548.71
1383.12
2561.42
1375.14
1651.15
1365.28
2531.88
1368.35
2673.29
2974.81
1026.78
1027.06
1920.68
1285.68
2671.52
2980.12
1655.77
1360.77
2524.26
1361.21
1653.28
2525.28
1362.88
1361.4
2674.7
3030.24
1044.72
1038.15
1917.29
1288.38
2668.58
2986
1561.7
1630.09
1564.62
1805.48
3589.94
1232.14
2272.38
1233.88
1656.84
1590.33
2299.18
3542.58
1448.33
3008.4
3598.95
1252.74
2527.93
1252.31
1794.17
1592.25
2514.4
3552.33
1658.88
1650.14
1656.16
1650.16
3116.01
1681.57
1690.55
3093.66
1774.17
1649.71
2990.88
1475.34
1497.63
3060.57
1486.04
1485.69
1527.9
1541.52
1520.1
1545.98
1499.48
1501.25
1513.8
1515.22
1515.22
1516.66
1517.6
1518.45
1517.47
1516.44
1510.08
1513.26
1509.03
1511.63
1548.53
1547.98
1541.27
1542.84
1548.58
1548.08
1541.33
1542.83
1510.1
1513.19
1509.06
1511.61
1517.78
1518.62
1517.63
1516.6
1513.88
1515.32
1515.38
1516.76
1520.07
1545.89
1499.46
1501.28
1487.32
1527.55
1541.56
1489.04
1487.54
1484.94
1531.54
1540.1
1528.52
1539.19
1499.07
1500.47
1514.22
1515.13
1515.31
1516.26
1517.4
1534.2
1514.03
1516.86
1510.4
1511.97
1508.91
1513.11
1549.9
1546.75
1540.75
1539.47
1549.95
1546.83
1540.73
1539.47
1510.5
1512.09
1508.95
1513.17
1517.56
1534.37
1514.21
1517.03
1514.25
1515.19
1515.48
1516.41
1528.42
1539.11
1499
1500.42
1495.48
1752.45
1468.59
1756.85
1469.69
2380.87
1531.49
1540.02
1537.16
1841.99
2833.42
1847.24
1536.33
2841.1
2371.93
1484.02
1371.69
737.177
703.859
692.941
718.238
697.196
683.826
683.663
671.586
657.384
708.474
688.084
674.628
632.756
626.457
613.997
645.983
636.825
624.255
673.639
660.825
647.353
653.808
645.944
632.803
619.046
615.154
602.111
619.14
615.059
602.215
618.892
614.393
601.904
619.102
614.774
602.107
628.764
622.01
609.763
623.376
617.898
605.579
618.755
613.841
601.487
621.353
615.682
603.455
621.219
617.84
604.594
623.108
619.326
605.945
624.635
621.022
607.35
624.056
620.509
606.978
627.189
623.895
609.769
627.155
623.799
609.773
626.048
622.719
608.904
626.924
623.414
609.504
633.504
630.504
615.663
633.464
630.437
615.653
632.667
629.64
615.01
633.177
630.02
615.344
629.44
626.406
612.134
630.555
627.22
612.893
631.235
628.049
613.536
631.084
627.892
613.455
636.23
633.33
618.348
636.978
633.85
618.842
636.613
633.554
618.519
636.727
633.614
618.607
637.513
634.495
619.349
637.522
634.488
619.366
637.277
634.224
619.168
637.396
634.303
619.238
639.48
636.382
621.134
639.518
636.398
621.167
639.442
636.335
621.114
639.478
636.351
621.13
638.768
635.718
620.534
638.932
635.82
620.638
638.986
635.896
620.689
639.001
635.904
620.709
639.48
636.382
621.134
639.517
636.397
621.166
639.448
636.339
621.117
639.482
636.354
621.134
638.777
635.724
620.543
638.942
635.826
620.644
638.993
635.901
620.694
639.005
635.906
620.711
636.248
633.342
618.363
636.998
633.864
618.858
636.631
633.568
618.534
636.747
633.629
618.623
637.522
634.5
619.356
637.529
634.493
619.374
637.292
634.238
619.182
637.409
634.312
619.248
633.53
630.522
615.683
633.492
630.456
615.676
632.701
629.665
615.039
633.211
630.045
615.372
629.492
626.443
612.177
630.605
627.258
612.935
631.277
628.08
613.57
631.129
627.925
613.492
621.352
617.941
604.704
623.23
619.422
606.049
624.737
621.102
607.436
624.166
620.594
607.071
627.254
623.945
609.824
627.228
623.853
609.834
626.136
622.787
608.979
627.007
623.478
609.574
619.201
615.276
602.242
619.315
615.192
602.36
619.102
614.549
602.075
619.293
614.922
602.267
629.001
622.161
609.945
623.618
618.064
605.769
618.98
614.009
601.671
621.596
615.857
603.65
735.37
702.142
691.46
717.269
696.095
682.955
683.352
671.087
657.046
707.741
687.226
673.977
632.969
626.569
614.149
646.115
636.851
624.341
673.47
660.513
647.167
653.857
645.855
632.795
742.006
705.907
695.687
734.454
698.495
686.423
714.219
684.425
671.895
1077.22
1101.77
1211.18
1163.82
1053.05
1049.33
1046.33
1045.59
1064.52
1062.74
1056.07
1059.77
1066.78
1068.84
1071.14
1069.94
1089.52
1090.27
1088.39
1090.43
1090.52
1091.13
1091.9
1091.59
1094.57
1094.69
1094.91
1094.86
1093.95
1093.84
1093.46
1093.84
1081.23
1082.61
1084.45
1083.59
1079.08
1078.17
1074.42
1076.78
1050.95
1051.56
1052.86
1051.49
1052.65
1052.18
1047.17
1050.31
739.868
703.843
693.865
731.8
696.076
684.192
711.682
681.877
669.595
1050.66
1051.38
1052.7
1051.34
1052.37
1051.9
1046.84
1050.01
1081.22
1082.59
1084.47
1083.54
1079
1078.2
1074.39
1076.75
1094.57
1094.69
1094.91
1094.87
1093.95
1093.84
1093.46
1093.84
1089.54
1090.28
1088.38
1090.45
1090.52
1091.13
1091.91
1091.6
1064.6
1062.81
1056.13
1059.92
1066.83
1068.89
1071.15
1070.02
1074.97
1074.04
3031.15
1053.78
1049.81
1046.69
1045.95
1272.71
1289.24
1118.22
701.918
690.326
731.237
698.967
686.191
723.927
675.226
661.081
690.222
682.027
668.415
699.545
628.161
615.612
635.375
632.331
619.969
640.42
654.693
641.552
665.702
648.727
635.488
658.259
615.178
602.063
619.025
615.147
602.132
619.099
614.593
601.935
618.951
614.756
602.026
619.027
620.131
607.878
626.31
618.505
606.118
624.28
614.133
601.71
619.163
614.82
602.506
620.118
618.58
605.164
622.121
619.235
605.772
622.853
621.034
607.292
624.568
620.784
607.093
624.33
623.917
609.716
627.155
623.881
609.725
627.158
623.106
609.144
626.487
623.388
609.409
626.807
630.512
615.585
633.453
630.509
615.634
633.475
629.847
615.131
632.92
630.052
615.287
633.13
626.865
612.462
630.026
627.195
612.8
630.436
628.067
613.484
631.181
628.006
613.451
631.168
633.643
618.561
636.646
633.854
618.781
636.917
633.579
618.474
636.585
633.602
618.509
636.63
634.515
619.302
637.478
634.507
619.303
637.478
634.286
619.148
637.305
634.324
619.194
637.363
636.402
621.088
639.449
636.407
621.101
639.468
636.36
621.063
639.415
636.372
621.087
639.447
635.791
620.534
638.821
635.836
620.59
638.897
635.92
620.644
638.956
635.916
620.643
638.954
636.402
621.089
639.451
636.409
621.105
639.473
636.362
621.067
639.42
636.375
621.091
639.452
635.796
620.538
638.828
635.842
620.599
638.905
635.922
620.649
638.96
635.921
620.651
638.962
633.657
618.601
636.667
633.869
618.774
636.936
633.58
618.465
636.592
633.629
618.551
636.662
634.523
619.312
637.49
634.517
619.313
637.492
634.294
619.159
637.32
634.336
619.209
637.38
630.544
615.634
633.492
630.514
615.627
633.489
629.896
615.159
632.965
630.052
615.314
633.153
626.889
612.506
630.065
627.246
612.841
630.499
628.099
613.52
631.235
628.038
613.486
631.2
618.701
605.258
622.259
619.307
605.888
622.963
621.09
607.354
624.646
620.892
607.208
624.462
623.968
609.771
627.219
623.934
609.783
627.23
623.16
609.217
626.56
623.465
609.48
626.903
615.301
602.196
619.184
615.276
602.272
619.266
614.746
602.102
619.15
614.905
602.188
619.223
620.291
608.066
626.554
618.671
606.311
624.525
614.278
601.873
619.37
615.018
602.722
620.381
700.434
689.104
729.75
697.726
685.158
722.721
674.654
660.685
689.814
681.318
667.89
698.99
628.265
615.759
635.584
632.4
620.087
640.593
654.492
641.467
665.645
648.589
635.428
658.256
704.392
694.163
742.361
701.905
691.578
741.07
641.581
625.149
652.508
702.226
692.201
739.977
699.573
689.451
738.492
639.308
623.242
650.54
475.69
541.288
759.273
873.053
780.559
868.041
475.423
540.94
763.477
871.357
785.298
866.788
582.558
521.737
630.988
702.646
584.718
521.53
632.682
704.472
697.232
667.538
746.965
766.878
1582.19
1614.29
1662.4
1572.23
1462.45
1383.1
1733.13
1689.52
1534.4
1655.75
1548.64
1802.43
1556.88
505.567
505.477
2100.89
2100.89
2111.9
2111.9
721.833
721.916
1165.36
1231.56
1004.28
1172.9
1232.84
1005.25
716.716
716.799
682.678
682.757
1286.4
1296.76
718.686
706.609
718.769
706.689
)
;
    }
}


// ************************************************************************* //
