/*--------------------------------*- C++ -*----------------------------------*\
| =========                 |                                                 |
| \\      /  F ield         | OpenFOAM: The Open Source CFD Toolbox           |
|  \\    /   O peration     | Version:  2506                                  |
|   \\  /    A nd           | Website:  www.openfoam.com                      |
|    \\/     M anipulation  |                                                 |
\*---------------------------------------------------------------------------*/
FoamFile
{
    version     2.0;
    format      ascii;
    arch        "LSB;label=32;scalar=64";
    class       volScalarField;
    location    "81";
    object      p;
}
// * * * * * * * * * * * * * * * * * * * * * * * * * * * * * * * * * * * * * //

dimensions      [0 2 -2 0 0 0 0];

internalField   nonuniform List<scalar> 
69908
(
-1595.15
-1200.88
-859.004
-662.595
-541.341
-448.961
-374.096
-314.228
-266.28
-227.115
-194.5
-166.976
-143.531
-123.429
-106.131
-91.233
-78.4045
-67.3617
-57.8576
-49.6793
-42.643
-36.5897
-31.3814
-26.8992
-23.0401
-19.7156
-16.8492
-14.3751
-12.2366
-10.3846
-8.77692
-7.37724
-6.15406
-5.08013
-4.13154
-3.28678
-2.52572
-1.82849
-1.17021
-0.549381
-1016.65
-849.136
-667.35
-544.065
-459.286
-390.399
-331.601
-282.473
-241.812
-207.814
-178.99
-154.296
-132.986
-114.523
-98.5194
-84.6717
-72.7136
-62.4008
-53.5143
-45.8624
-39.2776
-33.6132
-28.7412
-24.5505
-20.9448
-17.841
-15.1671
-12.8613
-10.8701
-9.14747
-7.65355
-6.35401
-5.21921
-4.22357
-3.34484
-2.56322
-1.86147
-1.22606
-0.653776
-0.20178
-768.538
-717.399
-620.726
-528.04
-452.277
-388.23
-332.705
-285.267
-245.286
-211.531
-182.745
-157.928
-136.359
-117.566
-101.24
-87.1235
-74.9573
-64.4839
-55.4713
-47.7184
-41.0503
-35.3147
-30.3795
-26.1308
-22.4708
-19.3153
-16.592
-14.2388
-12.2021
-10.4358
-8.90014
-7.56095
-6.38885
-5.3587
-4.44831
-3.63725
-2.90708
-2.23436
-1.5746
-0.882805
-595.62
-567.688
-504.05
-434.094
-373.176
-321.415
-276.644
-238.154
-205.481
-177.754
-153.933
-133.111
-114.688
-98.4016
-84.1717
-71.8875
-61.347
-52.3178
-44.5892
-37.9792
-32.3282
-27.4961
-23.3616
-19.8213
-16.7872
-14.1842
-11.9484
-10.0254
-8.36881
-6.93841
-5.69979
-4.62226
-3.68071
-2.85684
-2.13241
-1.48975
-0.916981
-0.413453
-0.00181009
0.239496
-451.695
-435.047
-396.625
-351.109
-308.521
-270.685
-237.069
-207.529
-181.981
-159.928
-140.542
-122.99
-106.817
-92.1013
-79.1101
-67.8999
-58.2958
-50.0657
-43.0125
-36.973
-31.8036
-27.3767
-23.5821
-20.3254
-17.527
-15.1189
-13.0437
-11.2529
-9.7036
-8.35955
-7.19385
-6.17886
-5.28603
-4.49417
-3.78872
-3.15881
-2.59071
-2.06409
-1.53103
-0.90436
-328.753
-319.167
-295.868
-266.073
-236.109
-208.35
-183.346
-161.37
-142.487
-126.285
-111.839
-98.0702
-84.5408
-71.8021
-60.6085
-51.16
-43.2342
-36.5559
-30.916
-26.1488
-22.1117
-18.6841
-15.7664
-13.2778
-11.15
-9.32387
-7.75435
-6.4092
-5.2519
-4.2463
-3.36672
-2.59783
-1.92764
-1.34074
-0.824674
-0.370981
0.0243636
0.355027
0.582282
0.626181
-218.26
-212.703
-198.728
-180.131
-160.81
-142.727
-126.659
-113.002
-101.873
-92.8473
-84.6807
-75.6779
-65.3349
-54.9552
-45.9484
-38.5849
-32.5248
-27.4767
-23.2757
-19.79
-16.8954
-14.4798
-12.4498
-10.74
-9.3035
-8.08826
-7.04411
-6.13653
-5.3461
-4.66117
-4.06448
-3.54021
-3.07658
-2.66272
-2.28936
-1.94937
-1.63608
-1.33838
-1.02336
-0.576605
-114.942
-112.052
-104.616
-94.5575
-84.0328
-74.3221
-66.1143
-59.8927
-55.9403
-53.9621
-52.2995
-47.9634
-40.3892
-32.2623
-25.769
-21.0431
-17.4159
-14.4516
-11.984
-9.92249
-8.20677
-6.78366
-5.58767
-4.56323
-3.6792
-2.92415
-2.28555
-1.74216
-1.27817
-0.880608
-0.53625
-0.234025
0.0345703
0.276863
0.498883
0.704173
0.891244
1.04662
1.11489
1.0452
-15.418
-14.5583
-12.1446
-8.91956
-5.79255
-3.38708
-2.1661
-2.63507
-5.34515
-10.4726
-16.4012
-17.806
-13.3032
-7.5164
-3.47728
-1.2343
-0.0648889
0.514996
0.726387
0.70765
0.585729
0.42537
0.244253
0.0527639
-0.133521
-0.306464
-0.463484
-0.601631
-0.719526
-0.816958
-0.894012
-0.950838
-0.987294
-1.00247
-0.994423
-0.960025
-0.894012
-0.785215
-0.608348
-0.200469
82.8975
82.0066
80.0938
77.3021
73.7467
69.4917
64.4875
58.4254
50.6046
40.026
27.0226
18.1934
16.7368
17.2627
16.6069
15.2365
13.7776
12.3937
11.1234
9.93271
8.80923
7.77406
6.83549
5.99254
5.24368
4.58395
4.00538
3.49964
3.05928
2.67783
2.34986
2.07101
1.83824
1.65012
1.50754
1.41349
1.37137
1.37791
1.38299
1.35285
182.234
179.596
173.399
164.616
154.356
143.418
132.285
121.074
109.387
96.0968
80.0131
65.4359
57.0556
51.7569
45.8419
39.4777
33.5948
28.4345
23.9453
20.0506
16.6815
13.7765
11.2774
9.12975
7.28584
5.70392
4.34695
3.18365
2.18741
1.33563
0.60929
-0.00717404
-0.52601
-0.956077
-1.30134
-1.55897
-1.71519
-1.73413
-1.5312
-0.842807
284.808
280.17
269.127
253.618
235.867
217.42
199.206
181.632
164.51
146.923
127.785
108.914
93.4586
80.8124
69.2967
59.1201
50.6967
43.7055
37.7341
32.6169
28.2419
24.4879
21.2564
18.4656
16.049
13.9532
12.1329
10.5503
9.17341
7.9752
6.93211
6.0242
5.23508
4.5518
3.96506
3.4686
3.05571
2.70794
2.34239
1.84716
393.145
385.953
368.824
345.059
318.347
291.049
264.438
239.099
215.035
191.66
168.224
145.403
125.074
107.642
92.5758
79.6206
68.5162
58.8957
50.5075
43.1935
36.8239
31.303
26.5381
22.4317
18.8955
15.8493
13.2235
10.959
9.00542
7.31932
5.86302
4.60394
3.51432
2.57083
1.75425
1.04947
0.446531
-0.0529186
-0.412494
-0.437275
510.461
499.715
474.335
439.905
402.297
364.812
328.914
295.24
263.91
234.561
206.655
180.299
156.36
135.313
117.001
101.087
87.2942
75.3822
65.121
56.3028
48.7498
42.2831
36.7148
31.9118
27.7768
24.2131
21.1366
18.4771
16.1734
14.173
12.4312
10.9097
9.57528
8.39874
7.35336
6.41231
5.54264
4.69014
3.72099
2.46213
641.163
624.96
587.386
538.15
486.39
436.251
389.065
345.397
305.436
268.921
235.362
204.555
176.767
152.244
130.874
112.343
96.3418
82.5667
70.7171
60.5209
51.7436
44.178
37.6617
32.0444
27.1875
22.9862
19.3593
16.2321
13.5343
11.2029
9.18226
7.42489
5.88965
4.53997
3.34303
2.26964
1.29656
0.417948
-0.313412
-0.653075
791.985
766.897
710.94
642.241
574.514
511.643
453.816
401.141
353.691
311.104
272.769
238.23
207.34
180.043
156.139
135.309
117.213
101.527
87.9486
76.2032
66.0516
57.2828
49.713
43.1804
37.5432
32.6812
28.4793
24.8336
21.6651
18.909
16.5045
14.3984
12.5433
10.8959
9.41671
8.06692
6.80357
5.56615
4.22208
2.6034
973.191
929.837
840.16
739.613
648.058
567.318
495.433
431.737
375.851
326.918
283.893
245.934
212.493
183.191
157.659
135.5
116.322
99.7614
85.4855
73.1934
62.6181
53.5244
45.7062
38.9844
33.2025
28.2228
23.9282
20.2214
17.0127
14.2249
11.7993
9.68367
7.82784
6.18622
4.71817
3.38799
2.168
1.05047
0.0873205
-0.488013
1207.82
1132.48
998.278
865.557
752.885
655.558
569.661
494.542
429.553
373.325
324.412
281.685
244.326
211.717
183.326
158.664
137.278
118.76
102.741
88.8929
76.9276
66.5911
57.6622
49.9479
43.2806
37.5143
32.5234
28.2001
24.4511
21.1939
18.3533
15.8598
13.6572
11.6985
9.93844
8.33331
6.83866
5.39995
3.91072
2.25941
1516.39
1313.04
1075.23
898.062
768.359
661.136
568.517
489.522
422.614
365.515
316.301
273.621
236.51
204.23
176.178
151.834
130.74
112.49
96.719
83.1057
71.3648
61.2453
52.5271
45.0174
38.5479
32.9723
28.1633
24.0106
20.4183
17.3013
14.5852
12.2056
10.1077
8.24357
6.57014
5.04886
3.64758
2.34723
1.1611
0.235654
2142.54
1722.98
1311.2
1048.86
875.849
740.112
627.42
534.77
458.524
394.762
340.61
294.182
254.166
219.573
189.633
163.717
141.295
121.909
105.159
90.6957
78.213
67.4428
58.1515
50.1353
43.2171
37.2432
32.08
27.6121
23.7391
20.3733
17.4384
14.8694
12.6062
10.5929
8.78241
7.13348
5.60703
4.16365
2.7496
1.36363
-1595.14
-1200.89
-859.009
-662.599
-541.347
-448.97
-374.109
-314.246
-266.303
-227.144
-194.531
-167.007
-143.558
-123.448
-106.144
-91.2404
-78.4084
-67.3633
-57.8579
-49.6788
-42.6422
-36.5887
-31.3804
-26.8983
-23.0394
-19.715
-16.8487
-14.3748
-12.2363
-10.3844
-8.77685
-7.37724
-6.15413
-5.08028
-4.13178
-3.28714
-2.52627
-1.82932
-1.17135
-0.550671
-1016.66
-849.143
-667.354
-544.068
-459.291
-390.408
-331.616
-282.495
-241.842
-207.852
-179.033
-154.337
-133.02
-114.546
-98.5311
-84.6758
-72.7132
-62.3976
-53.5096
-45.857
-39.2719
-33.6076
-28.7358
-24.5454
-20.94
-17.8363
-15.1627
-12.8571
-10.8661
-9.14367
-7.64996
-6.35065
-5.21611
-4.22075
-3.34228
-2.561
-1.85971
-1.22518
-0.65414
-0.204507
-768.538
-717.398
-620.727
-528.044
-452.285
-388.245
-332.73
-285.305
-245.343
-211.606
-182.832
-158.014
-136.429
-117.612
-101.266
-87.1376
-74.9646
-64.4871
-55.4721
-47.718
-41.0494
-35.3138
-30.3789
-26.1306
-22.4711
-19.316
-16.593
-14.24
-12.2034
-10.4371
-8.90133
-7.56197
-6.38961
-5.35906
-4.44816
-3.63686
-2.90599
-2.23295
-1.57527
-0.887183
-595.621
-567.69
-504.055
-434.102
-373.19
-321.439
-276.685
-238.222
-205.585
-177.898
-154.105
-133.28
-114.815
-98.4753
-84.2052
-71.8992
-61.3475
-52.3124
-44.5809
-37.97
-32.319
-27.4871
-23.3529
-19.8129
-16.779
-14.1764
-11.941
-10.0184
-8.36202
-6.93193
-5.6938
-4.61757
-3.6774
-2.85317
-2.12807
-1.48672
-0.91692
-0.416189
-0.00607575
0.229749
-451.696
-435.048
-396.628
-351.116
-308.537
-270.717
-237.132
-207.643
-182.169
-160.205
-140.889
-123.33
-107.063
-92.2362
-79.1742
-67.9295
-58.3061
-50.0639
-43.0045
-36.9635
-31.795
-27.3702
-23.5776
-20.3227
-17.5254
-15.1179
-13.0426
-11.2507
-9.70021
-8.35462
-7.18483
-6.16616
-5.27295
-4.48294
-3.77998
-3.15039
-2.58191
-2.05584
-1.52475
-0.905136
-328.752
-319.166
-295.87
-266.079
-236.126
-208.391
-183.435
-161.547
-142.809
-126.801
-112.512
-98.7161
-84.9523
-71.9782
-60.6708
-51.1833
-43.2406
-36.5535
-30.9098
-26.1407
-22.1023
-18.6739
-15.7558
-13.2669
-11.14
-9.31567
-7.74682
-6.39858
-5.23987
-4.23752
-3.36326
-2.59699
-1.92553
-1.33699
-0.819415
-0.364802
0.0304829
0.359827
0.584177
0.620127
-218.257
-212.699
-198.725
-180.13
-160.819
-142.764
-126.761
-113.245
-102.382
-93.7661
-85.9724
-76.917
-66.0679
-55.2202
-46.0235
-38.583
-32.4776
-27.417
-23.2254
-19.7549
-16.8728
-14.466
-12.4408
-10.7285
-9.28447
-8.06375
-7.01721
-6.1101
-5.31807
-4.62771
-4.02612
-3.4981
-3.03156
-2.61567
-2.24109
-1.90069
-1.58789
-1.29227
-0.982935
-0.55253
-114.935
-112.044
-104.605
-94.5423
-84.0185
-74.3255
-66.1834
-60.1444
-56.6138
-55.4432
-54.6143
-50.0261
-41.3982
-32.5739
-25.9313
-21.1773
-17.5093
-14.5097
-12.0193
-9.94385
-8.2151
-6.78067
-5.57981
-4.55529
-3.67036
-2.91029
-2.26523
-1.71626
-1.24694
-0.843778
-0.494275
-0.187877
0.0842305
0.329634
0.554326
0.761716
0.950147
1.10567
1.17087
1.09004
-15.4054
-14.5421
-12.1192
-8.87862
-5.72996
-3.30403
-2.09471
-2.70248
-5.90998
-12.3469
-20.3581
-21.1607
-14.3552
-7.45344
-3.06724
-0.801887
0.221846
0.659787
0.787424
0.732159
0.59536
0.437117
0.272728
0.101773
-0.0658684
-0.221208
-0.362137
-0.487492
-0.596121
-0.687187
-0.760374
-0.815561
-0.852126
-0.868694
-0.862976
-0.831449
-0.768302
-0.661842
-0.488589
-0.0908094
82.9157
82.0309
80.1354
77.3773
73.8824
69.7302
64.8825
58.9946
51.1382
39.3918
23.0335
13.8597
14.2838
15.6393
15.6947
14.7825
13.4554
12.1009
10.859
9.69934
8.60749
7.60268
6.69218
5.8729
5.14243
4.4966
3.92827
3.42963
2.99363
2.61451
2.28731
2.00806
1.77397
1.584
1.43955
1.34443
1.3039
1.31868
1.3452
1.35643
182.257
179.627
173.453
164.718
154.553
143.794
132.992
122.344
111.449
98.5062
80.4449
64.7514
57.4522
52.5157
45.9996
39.2782
33.2969
28.0997
23.5978
19.7082
16.3539
13.466
10.9825
8.84829
7.01538
5.44214
4.09104
2.93058
1.93532
1.08347
0.356573
-0.260443
-0.779472
-1.20953
-1.554
-1.80875
-1.95697
-1.95532
-1.70247
-0.920496
284.831
280.202
269.185
253.726
236.072
217.809
199.926
182.903
166.559
149.575
129.808
109.546
93.6961
80.8379
68.828
58.5631
50.3611
43.5662
37.7177
32.6744
28.336
24.5894
21.3456
18.5317
16.0877
13.9635
12.1157
10.5071
9.10691
7.88823
6.82759
5.90485
5.10347
4.41028
3.8162
3.31575
2.90411
2.56712
2.23103
1.77839
393.168
385.983
368.875
345.154
318.522
291.369
265.004
240.049
216.495
193.555
169.956
146.48
125.766
108.052
92.8095
79.8021
68.6791
59.0257
50.6048
43.2713
36.8891
31.3553
26.5781
22.4599
18.9119
15.8554
13.2206
10.9476
8.98594
7.29251
5.82957
4.56439
3.46916
2.52049
1.69928
0.990686
0.38534
-0.114042
-0.468462
-0.492933
510.48
499.74
474.377
439.979
402.43
365.046
329.31
295.875
264.845
235.756
207.852
181.203
156.938
135.644
117.183
101.167
87.3129
75.3811
65.1245
56.3171
48.7722
42.3121
36.753
31.9562
27.8192
24.2513
21.1697
18.5041
16.1938
14.1871
12.4394
10.9124
9.57285
8.39173
7.34226
6.39753
5.52445
4.66856
3.69622
2.43106
641.179
624.98
587.418
538.205
486.485
436.411
389.325
345.796
306
269.621
236.076
205.126
177.153
152.494
131.039
112.456
96.4273
82.6407
70.7849
60.5838
51.804
44.2367
37.7146
32.0937
27.2405
23.0413
19.4113
16.2792
13.5764
11.2406
9.21621
7.45531
5.91646
4.56302
3.36216
2.28455
1.30666
0.422025
-0.317103
-0.670127
791.997
766.911
710.964
642.279
574.579
511.748
453.981
401.385
354.024
311.511
273.193
238.598
207.62
180.245
156.28
135.406
117.281
101.576
87.9858
76.2343
66.0807
57.312
49.7421
43.2084
37.5679
32.7003
28.4967
24.8533
21.6866
18.929
16.5222
14.4137
12.5566
10.9075
9.42645
8.07459
6.80852
5.56727
4.21801
2.5916
973.2
929.848
840.178
739.641
648.103
567.387
495.538
431.886
376.048
327.154
284.14
246.156
212.669
183.32
157.749
135.562
116.365
99.7934
85.5104
73.2139
62.636
53.5404
45.7208
38.9975
33.2144
28.2358
23.9421
20.2351
17.0288
14.2458
11.8224
9.70621
7.84864
6.20536
4.73608
3.40455
2.18261
1.06203
0.094244
-0.489289
1207.82
1132.49
998.289
865.575
752.915
655.604
569.728
494.635
429.673
373.466
324.563
281.826
244.446
211.811
183.399
158.72
137.323
118.796
102.771
88.9193
76.9515
66.6137
57.6841
49.9695
43.302
37.5358
32.5446
28.22
24.4681
21.207
18.3636
15.871
13.6695
11.7102
9.94874
8.34178
6.84487
5.40347
3.9111
2.25502
1516.4
1313.05
1075.24
898.075
768.38
661.167
568.562
489.583
422.69
365.604
316.394
273.709
236.586
204.29
176.223
151.866
130.763
112.506
96.7301
83.1133
71.3699
61.2488
52.5293
45.0186
38.5484
32.9723
28.1628
24.0097
20.417
17.3004
14.5856
12.2079
10.1119
8.24882
6.57546
5.05382
3.65174
2.34999
1.16169
0.233176
2142.53
1722.99
1311.21
1048.87
875.868
740.14
627.458
534.819
458.585
394.833
340.684
294.255
254.231
219.628
189.678
163.753
141.323
121.932
105.178
90.7121
78.2274
67.4558
58.1635
50.1466
43.2279
37.2536
32.0902
27.6221
23.7487
20.3825
17.4471
14.8759
12.6104
10.5969
8.78665
7.13769
5.61085
4.16661
2.75133
1.36333
-1595.14
-1200.89
-859.014
-662.605
-541.357
-448.987
-374.133
-314.278
-266.345
-227.196
-194.589
-167.065
-143.608
-123.485
-106.167
-91.2541
-78.4155
-67.3663
-57.8584
-49.6779
-42.6405
-36.5867
-31.3785
-26.8964
-23.0376
-19.7134
-16.8474
-14.3735
-12.2352
-10.3834
-8.77598
-7.37645
-6.15344
-5.07969
-4.13135
-3.28697
-2.5265
-1.8301
-1.17273
-0.552463
-1016.67
-849.147
-667.359
-544.074
-459.302
-390.427
-331.644
-282.536
-241.898
-207.923
-179.113
-154.416
-133.084
-114.588
-98.5531
-84.6838
-72.7125
-62.3918
-53.5008
-45.8466
-39.261
-33.5966
-28.725
-24.5348
-20.9296
-17.8262
-15.1528
-12.8475
-10.8569
-9.13473
-7.64137
-6.34245
-5.20838
-4.21357
-3.33574
-2.55525
-1.85495
-1.22185
-0.652858
-0.207813
-768.54
-717.401
-620.732
-528.053
-452.302
-388.273
-332.776
-285.378
-245.448
-211.746
-182.996
-158.177
-136.56
-117.698
-101.315
-87.1642
-74.9786
-64.4936
-55.4741
-47.7175
-41.0478
-35.312
-30.3773
-26.1295
-22.4704
-19.3158
-16.5933
-14.2405
-12.204
-10.4376
-8.90176
-7.56221
-6.38959
-5.3587
-4.44751
-3.63611
-2.90539
-2.23321
-1.5777
-0.894515
-595.623
-567.693
-504.062
-434.114
-373.213
-321.482
-276.761
-238.348
-205.779
-178.169
-154.433
-133.601
-115.057
-98.6135
-84.2672
-71.9197
-61.3467
-52.2997
-44.5617
-37.9475
-32.2947
-27.4617
-23.3268
-19.7864
-16.7525
-14.1503
-11.9156
-9.994
-8.33875
-6.90993
-5.67326
-4.59906
-3.66179
-2.84063
-2.11774
-1.47814
-0.910964
-0.414091
-0.00944904
0.213416
-451.697
-435.05
-396.634
-351.13
-308.567
-270.778
-237.25
-207.856
-182.524
-160.736
-141.558
-123.986
-107.533
-92.4946
-79.2997
-67.9914
-58.3333
-50.0685
-42.996
-36.9493
-31.7797
-27.3558
-23.5649
-20.3116
-17.5156
-15.1089
-13.0338
-11.2415
-9.69013
-8.34354
-7.17168
-6.14875
-5.2513
-4.46092
-3.76108
-3.13565
-2.57166
-2.05079
-1.52614
-0.919688
-328.75
-319.166
-295.872
-266.09
-236.157
-208.467
-183.601
-161.882
-143.424
-127.802
-113.836
-99.9806
-85.7324
-72.2992
-60.7702
-51.2058
-43.2285
-36.5176
-30.8557
-26.0731
-22.0258
-18.5925
-15.673
-13.1855
-11.0624
-9.24581
-7.68665
-6.3458
-5.19131
-4.19498
-3.33182
-2.57858
-1.91775
-1.33544
-0.821709
-0.370979
0.0198222
0.343621
0.561105
0.583297
-218.251
-212.692
-198.719
-180.13
-160.837
-142.833
-126.955
-113.711
-103.372
-95.6057
-88.5959
-79.4456
-67.536
-55.7634
-46.2371
-38.6663
-32.4669
-27.358
-23.1551
-19.6891
-16.815
-14.4159
-12.3986
-10.6917
-9.24472
-8.01765
-6.97174
-6.07019
-5.28633
-4.60323
-4.0048
-3.47761
-3.01207
-2.59739
-2.22429
-1.88601
-1.57642
-1.28651
-0.987556
-0.581369
-114.921
-112.027
-104.583
-94.5139
-83.9914
-74.3309
-66.3132
-60.63
-57.9551
-58.5562
-59.4934
-54.312
-43.3048
-32.8223
-26.0571
-21.3357
-17.5373
-14.3883
-11.7999
-9.68012
-7.94009
-6.50964
-5.32935
-4.34068
-3.49983
-2.78264
-2.17071
-1.64924
-1.20461
-0.822014
-0.489726
-0.199009
0.0592585
0.293138
0.508603
0.708736
0.891381
1.04183
1.10256
1.01729
-15.382
-14.5121
-12.072
-8.80175
-5.61122
-3.14365
-1.95104
-2.82365
-7.05115
-16.3663
-29.9477
-29.3655
-16.9296
-7.58843
-2.64168
-0.291227
0.598147
0.905218
0.942227
0.821703
0.627437
0.418619
0.219117
0.0258306
-0.160704
-0.330649
-0.481184
-0.613721
-0.727613
-0.821869
-0.896541
-0.952099
-0.988034
-1.003
-0.994794
-0.959856
-0.891906
-0.778214
-0.592996
-0.170284
82.9494
82.0763
80.2132
77.5191
74.1417
70.1964
65.6855
60.2416
52.5412
38.4515
6.68981
-2.48277
12.0366
12.4023
14.1083
14.9985
14.3481
13.1092
11.7866
10.4577
9.17137
7.98039
6.90629
5.94988
5.10675
4.36976
3.73012
3.17692
2.70066
2.29328
1.94757
1.65751
1.41849
1.22869
1.08938
1.00461
0.982243
1.0304
1.12284
1.24825
182.298
179.684
173.555
164.912
154.929
144.528
134.417
125.041
116.245
105.154
68.8414
49.1981
59.2786
55.6902
46.4507
37.7358
30.9184
25.4328
20.8704
17.0291
13.7793
11.0194
8.6675
6.65921
4.9428
3.47504
2.21923
1.14439
0.225245
-0.559251
-1.22661
-1.79057
-2.26163
-2.64846
-2.9522
-3.16563
-3.2651
-3.19033
-2.7909
-1.7157
284.875
280.262
269.291
253.928
236.463
218.559
201.349
185.51
171.021
155.804
135.126
112.017
95.1408
81.5859
68.4191
57.7668
49.5775
42.7662
36.8891
31.8351
27.4981
23.7588
20.5209
17.7124
15.2752
13.1598
11.3214
9.72205
8.33033
7.11927
6.06525
5.14823
4.35193
3.66307
3.07334
2.57932
2.18051
1.87276
1.61037
1.27326
393.209
386.038
368.972
345.332
318.853
291.977
266.099
241.935
219.501
197.646
173.836
148.881
127.209
108.69
93.3284
80.2702
68.9322
59.0153
50.4057
42.979
36.5705
31.0388
26.2774
22.1848
18.6634
15.6331
13.0219
10.7676
8.81987
7.13643
5.6799
4.41798
3.32348
2.37364
1.54998
0.838572
0.231283
-0.267186
-0.612168
-0.644622
510.516
499.786
474.456
440.119
402.68
365.487
330.066
297.107
266.7
238.195
210.362
183.121
158.181
136.381
117.659
101.436
87.4132
75.3698
65.0504
56.2091
48.6365
42.1512
36.5828
31.7871
27.6514
24.0825
21.0037
18.3434
16.0394
14.0405
12.3013
10.7829
9.45174
8.27856
7.23636
6.29795
5.42979
4.57668
3.6055
2.33185
641.208
625.017
587.477
538.307
486.662
436.711
389.816
346.558
307.092
271.001
237.503
206.269
177.927
153.001
131.369
112.675
96.5821
82.75
70.8535
60.6187
51.8154
44.2378
37.7095
32.0856
27.2396
23.0559
19.4397
16.3153
13.6173
11.2847
9.26293
7.50476
5.96884
4.61826
3.41948
2.34254
1.36296
0.472595
-0.278746
-0.661889
792.019
766.939
711.007
642.352
574.699
511.944
454.29
401.845
354.659
312.293
274.017
239.318
208.172
180.646
156.564
135.605
117.422
101.675
88.0533
76.2795
66.1118
57.3344
49.7578
43.2174
37.5701
32.6929
28.4782
24.8315
21.6682
18.9138
16.5082
14.4008
12.5452
10.897
9.41631
8.06394
6.79583
5.55005
4.19328
2.55436
973.217
929.869
840.21
739.692
648.184
567.516
495.732
432.165
376.42
327.602
284.613
246.584
213.009
183.569
157.925
135.683
116.45
99.8529
85.5523
73.2426
62.6545
53.5512
45.7255
38.9973
33.2108
28.2307
23.9394
20.236
17.0329
14.2563
11.8421
9.73308
7.87817
6.23512
4.76548
3.43285
2.20843
1.08319
0.107605
-0.490128
1207.83
1132.5
998.311
865.611
752.97
655.689
569.852
494.807
429.897
373.732
324.846
282.092
244.671
211.991
183.539
158.829
137.408
118.865
102.828
88.968
76.994
66.6518
57.7191
50.0023
43.3331
37.5655
32.5731
28.2467
24.4917
21.2255
18.3758
15.8778
13.6747
11.7158
9.95421
8.3462
6.84713
5.4024
3.90559
2.24138
1516.41
1313.07
1075.25
898.101
768.42
661.227
568.647
489.697
422.833
365.77
316.569
273.875
236.728
204.403
176.308
151.929
130.808
112.537
96.751
83.127
71.3783
61.253
52.5304
45.0171
38.5448
32.9669
28.1561
24.002
20.4085
17.2917
14.578
12.2029
10.1102
8.24981
6.57837
5.05748
3.65491
2.35116
1.15871
0.226019
2142.54
1723
1311.22
1048.89
875.902
740.189
627.526
534.91
458.698
394.963
340.823
294.39
254.352
219.731
189.761
163.819
141.377
121.975
105.214
90.743
78.2542
67.4795
58.1849
50.1662
43.2461
37.2706
32.1063
27.6372
23.763
20.396
17.4595
14.8867
12.6188
10.6024
8.79014
7.13984
5.61192
4.16628
2.74975
1.35807
-1595.14
-1200.89
-859.02
-662.614
-541.371
-449.007
-374.163
-314.321
-266.402
-227.265
-194.666
-167.141
-143.673
-123.534
-106.199
-91.2722
-78.425
-67.3704
-57.8592
-49.6769
-42.6386
-36.5845
-31.3763
-26.8944
-23.036
-19.7121
-16.8464
-14.3729
-12.2348
-10.3833
-8.77603
-7.37668
-6.15383
-5.08029
-4.13221
-3.2882
-2.52826
-1.83257
-1.17587
-0.555911
-1016.67
-849.152
-667.366
-544.084
-459.318
-390.452
-331.682
-282.591
-241.973
-208.017
-179.22
-154.52
-133.169
-114.644
-98.5821
-84.6941
-72.7113
-62.3839
-53.4891
-45.8333
-39.2471
-33.5828
-28.7117
-24.5221
-20.9175
-17.8147
-15.1419
-12.8372
-10.847
-9.12544
-7.6326
-6.33423
-5.20076
-4.20661
-3.32955
-2.55
-1.85092
-1.21953
-0.652934
-0.213752
-768.543
-717.405
-620.739
-528.066
-452.324
-388.311
-332.838
-285.474
-245.587
-211.932
-183.216
-158.395
-136.736
-117.813
-101.381
-87.1998
-74.9972
-64.5023
-55.4772
-47.7178
-41.0473
-35.3117
-30.3778
-26.131
-22.473
-19.3193
-16.5974
-14.245
-12.2087
-10.4423
-8.90626
-7.56634
-6.39325
-5.36182
-4.45011
-3.63843
-2.90786
-2.23659
-1.58297
-0.905332
-595.626
-567.698
-504.07
-434.131
-373.244
-321.539
-276.862
-238.515
-206.04
-178.536
-154.88
-134.042
-115.386
-98.7988
-84.35
-71.9477
-61.3471
-52.2862
-44.5419
-37.9252
-32.2718
-27.439
-23.3045
-19.7648
-16.7317
-14.1303
-11.8968
-9.97635
-8.32234
-6.89477
-5.65935
-4.58653
-3.65098
-2.83158
-2.11052
-1.47325
-0.909409
-0.416935
-0.016881
0.194298
-451.698
-435.053
-396.642
-351.148
-308.606
-270.859
-237.407
-208.141
-183.004
-161.463
-142.491
-124.909
-108.184
-92.8474
-79.4675
-68.0677
-58.3629
-50.0734
-42.9903
-36.9416
-31.7746
-27.3546
-23.5673
-20.3166
-17.5219
-15.1153
-13.0392
-11.2449
-9.69071
-8.34098
-7.16532
-6.13782
-5.23615
-4.44156
-3.73764
-3.11002
-2.54592
-2.02799
-1.51202
-0.92721
-328.748
-319.165
-295.876
-266.105
-236.199
-208.567
-183.822
-162.334
-144.27
-129.217
-115.758
-101.815
-86.8042
-72.7597
-60.9362
-51.2631
-43.2488
-36.5208
-30.8464
-26.0546
-22.0017
-18.5655
-15.645
-13.1576
-11.0354
-9.2208
-7.66513
-6.3282
-5.17721
-4.18398
-3.32217
-2.56983
-1.91039
-1.33055
-0.819942
-0.371887
0.0155315
0.334641
0.545418
0.545423
-218.242
-212.684
-198.712
-180.129
-160.86
-142.925
-127.215
-114.349
-104.772
-98.3645
-92.6671
-83.3013
-69.4975
-56.3985
-46.4018
-38.6878
-32.4485
-27.3437
-23.1592
-19.71
-16.8443
-14.4442
-12.4194
-10.7015
-9.23981
-7.99383
-6.92615
-6.00468
-5.20606
-4.51471
-3.91316
-3.3832
-2.91392
-2.49553
-2.11974
-1.77998
-1.47061
-1.18567
-0.90233
-0.544558
-114.903
-112.006
-104.553
-94.476
-83.9545
-74.3362
-66.4864
-61.3072
-59.9378
-64.0587
-67.8569
-61.1892
-46.8791
-33.1935
-26.1088
-21.6465
-17.8754
-14.6301
-11.952
-9.77753
-8.00406
-6.54486
-5.33476
-4.32107
-3.46628
-2.74481
-2.13072
-1.60296
-1.14773
-0.750173
-0.402516
-0.0994769
0.168664
0.410299
0.631461
0.835211
1.01901
1.16665
1.21629
1.088
-15.3514
-14.4727
-12.0094
-8.69901
-5.45009
-2.92019
-1.73746
-2.96207
-8.6133
-29.9224
-44.3242
-46.0766
-30.3243
-6.62778
-1.20254
0.269189
0.569912
0.738983
0.819621
0.789191
0.692848
0.57535
0.451786
0.320303
0.185688
0.0610138
-0.056021
-0.168794
-0.273146
-0.365321
-0.443316
-0.506497
-0.553141
-0.580972
-0.587083
-0.567403
-0.514997
-0.417375
-0.254946
0.111628
82.9935
82.136
80.3167
77.7099
74.4976
70.8589
66.9018
62.4014
56.0457
26.2112
-16.2187
-22.5575
1.00658
8.5444
9.04034
11.6308
11.9379
11.2834
10.3478
9.25044
8.10566
7.00861
6.00061
5.09363
4.28952
3.58233
2.96315
2.42363
1.95727
1.55766
1.21847
0.934231
0.69928
0.512314
0.375654
0.294361
0.281411
0.356765
0.524364
0.80349
182.353
179.759
173.69
165.173
155.445
145.567
136.539
129.408
125.332
101.528
70.4848
37.0322
46.2283
59.3716
49.413
38.2344
29.9659
23.9563
19.225
15.3378
12.0959
9.36792
7.05518
5.0861
3.4064
1.97069
0.743305
-0.305016
-1.19922
-1.95995
-2.60425
-3.14327
-3.59133
-3.95776
-4.24106
-4.43181
-4.49952
-4.36261
-3.80852
-2.42705
284.933
280.342
269.433
254.2
236.993
219.603
203.405
189.5
178.531
167.452
133.333
106.013
91.6549
80.764
66.4218
57.165
49.876
43.269
37.3505
32.1772
27.6896
23.7955
20.4106
17.468
14.915
12.7027
10.7869
9.12745
7.68949
6.44382
5.36465
4.43036
3.62461
2.93312
2.34724
1.86482
1.48811
1.22312
1.05885
0.804889
393.264
386.111
369.099
345.568
319.297
292.809
267.633
244.668
224.096
204.393
180.472
153.518
130.345
109.219
93.8095
81.2938
70.0279
59.8725
51.0118
43.412
36.8919
31.2809
26.4578
22.3129
18.7496
15.6875
13.0507
10.7743
8.80739
7.10758
5.63599
4.35954
3.25095
2.28757
1.45117
0.728131
0.110576
-0.396835
-0.746962
-0.849843
510.563
499.848
474.559
440.303
403.013
366.081
331.1
298.831
269.381
241.863
214.288
186.057
159.95
137.352
118.25
101.842
87.7456
75.6684
65.3369
56.4969
48.919
42.4106
36.812
31.9927
27.8385
24.2501
21.1496
18.4667
16.1421
14.1263
12.3735
10.844
9.5033
8.32214
7.27306
6.3282
5.45276
4.58884
3.5997
2.26987
641.245
625.065
587.555
538.442
486.897
437.112
390.479
347.602
308.616
272.97
239.564
207.886
179.03
153.767
131.876
113.033
96.8921
83.0382
71.1141
60.85
52.0212
44.4256
37.8868
32.2553
27.3998
23.2087
19.5896
16.4668
13.7686
11.4302
9.39864
7.62786
6.07907
4.71701
3.50751
2.41955
1.42696
0.518289
-0.26107
-0.697215
792.048
766.975
711.064
642.447
574.858
512.205
454.703
402.466
355.525
313.376
275.168
240.327
208.95
181.214
156.959
135.882
117.631
101.846
88.1988
76.41
66.2357
57.4565
49.8793
43.3374
37.6863
32.8021
28.5774
24.9188
21.744
18.9807
16.5692
14.4586
12.6011
10.9505
9.46663
8.10995
6.83541
5.57924
4.2059
2.53588
973.239
929.896
840.251
739.758
648.292
567.686
495.991
432.539
376.921
328.211
285.26
247.171
213.473
183.91
158.165
135.851
116.571
99.9468
85.6287
73.3068
62.7099
53.5999
45.7686
39.0357
33.245
28.2615
23.9684
20.2648
17.064
14.291
11.8806
9.77547
7.92448
6.28407
4.81478
3.48033
2.25125
1.11703
0.126787
-0.492008
1207.85
1132.52
998.341
865.657
753.043
655.8
570.016
495.036
430.195
374.088
325.226
282.452
244.976
212.235
183.728
158.976
137.525
118.962
102.912
89.0427
77.063
66.7176
57.7834
50.066
43.3967
37.6291
32.6366
28.3097
24.5532
21.2846
18.4312
15.9288
13.7208
11.7563
9.98907
8.37557
6.87108
5.42062
3.91746
2.23699
1516.43
1313.08
1075.28
898.137
768.474
661.306
568.759
489.847
423.023
365.99
316.802
274.096
236.919
204.555
176.422
152.012
130.866
112.578
96.7803
83.1476
71.3927
61.263
52.5371
45.0212
38.5468
32.9671
28.1549
23.9996
20.4053
17.288
14.5744
12.2002
10.1087
8.25007
6.58018
5.05999
3.65648
2.34916
1.15079
0.212332
2142.55
1723.01
1311.24
1048.92
875.947
740.254
627.617
535.029
458.846
395.135
341.006
294.569
254.513
219.867
189.872
163.908
141.448
122.034
105.264
90.7854
78.2917
67.5136
58.2165
50.1961
43.2748
37.2985
32.1335
27.664
23.7893
20.4217
17.4845
14.9107
12.6412
10.6232
8.80961
7.15764
5.62729
4.17855
2.75744
1.35509
-1595.14
-1200.9
-859.027
-662.624
-541.386
-449.03
-374.196
-314.367
-266.463
-227.34
-194.751
-167.225
-143.745
-123.587
-106.233
-91.292
-78.4352
-67.3747
-57.8599
-49.6755
-42.6362
-36.5817
-31.3734
-26.8917
-23.0335
-19.7099
-16.8444
-14.3711
-12.2332
-10.3818
-8.77471
-7.37548
-6.15278
-5.07944
-4.13167
-3.2881
-2.52879
-1.8339
-1.178
-0.558552
-1016.67
-849.157
-667.373
-544.095
-459.335
-390.478
-331.723
-282.65
-242.055
-208.121
-179.338
-154.636
-133.263
-114.705
-98.6138
-84.7049
-72.7093
-62.3741
-53.4751
-45.8172
-39.2303
-33.5659
-28.6951
-24.5059
-20.9018
-17.7995
-15.1272
-12.823
-10.8334
-9.11234
-7.62008
-6.32233
-5.18956
-4.19623
-3.32013
-2.54175
-1.84414
-1.21472
-0.650836
-0.218317
-768.547
-717.41
-620.747
-528.08
-452.348
-388.352
-332.905
-285.578
-245.741
-212.138
-183.46
-158.64
-136.934
-117.943
-101.455
-87.2403
-75.0182
-64.5117
-55.4798
-47.717
-41.0451
-35.3093
-30.3759
-26.1298
-22.4724
-19.3193
-16.5979
-14.2459
-12.2097
-10.4433
-8.90712
-7.56703
-6.39379
-5.36224
-4.45054
-3.63915
-2.90936
-2.23963
-1.5885
-0.916996
-595.629
-567.703
-504.079
-434.149
-373.278
-321.602
-276.972
-238.7
-206.328
-178.946
-155.385
-134.544
-115.759
-99.0029
-84.4369
-71.9712
-61.3373
-52.2588
-44.5055
-37.8844
-32.2289
-27.3953
-23.261
-19.7219
-16.69
-14.0903
-11.8586
-9.9403
-8.28861
-6.86348
-5.63056
-4.56037
-3.62777
-2.81155
-2.09393
-1.46045
-0.90094
-0.413644
-0.0197999
0.179084
-451.7
-435.057
-396.65
-351.168
-308.65
-270.948
-237.579
-208.457
-183.541
-162.289
-143.572
-125.998
-108.952
-93.2695
-79.6795
-68.1631
-58.3928
-50.0698
-42.972
-36.9189
-31.7523
-27.3346
-23.5496
-20.3008
-17.5075
-15.1016
-13.0259
-11.2314
-9.67679
-8.32657
-7.15032
-6.12208
-5.21978
-4.4247
-3.721
-3.09505
-2.53425
-2.02192
-1.51498
-0.947909
-328.746
-319.164
-295.88
-266.121
-236.244
-208.677
-184.068
-162.839
-145.229
-130.846
-118.041
-104.018
-87.9362
-73.2046
-61.0759
-51.2506
-43.1614
-36.396
-30.7014
-25.9014
-21.8499
-18.4212
-15.5114
-13.0364
-10.9272
-9.12609
-7.58407
-6.26052
-5.12179
-4.13935
-3.28808
-2.54691
-1.89889
-1.33002
-0.829347
-0.389776
-0.00981414
0.300828
0.500933
0.477894
-218.234
-212.675
-198.704
-180.128
-160.886
-143.026
-127.505
-115.073
-106.408
-101.654
-97.9973
-88.9243
-71.9139
-57.3999
-46.69
-38.6373
-32.3152
-27.2137
-23.0445
-19.6109
-16.7593
-14.3695
-12.3519
-10.6395
-9.18091
-7.93522
-6.86737
-5.9481
-5.15381
-4.46522
-3.86417
-3.33533
-2.86726
-2.45037
-2.07679
-1.74074
-1.43856
-1.16656
-0.905434
-0.603403
-114.884
-111.983
-104.522
-94.4342
-83.9129
-74.3394
-66.676
-62.0711
-62.2823
-69.8399
-79.4632
-75.0019
-49.8415
-34.71
-26.0243
-21.0623
-17.2276
-14.0035
-11.393
-9.32169
-7.66115
-6.30688
-5.1898
-4.25932
-3.47409
-2.80556
-2.23122
-1.73498
-1.30441
-0.928195
-0.598265
-0.306827
-0.045522
0.192728
0.413032
0.617518
0.802352
0.949426
0.997165
0.833053
-15.3182
-14.4298
-11.9408
-8.58516
-5.26877
-2.66345
-1.49276
-3.19582
-11.8372
-38.4198
-66.2656
-65.8476
-36.8182
-8.32518
1.58115
2.01271
1.32272
1.0902
0.992804
0.842906
0.664417
0.495372
0.339088
0.185253
0.0351732
-0.101904
-0.228601
-0.345594
-0.45075
-0.542196
-0.619033
-0.680477
-0.724728
-0.749726
-0.752707
-0.73011
-0.675859
-0.579468
-0.42348
-0.10895
83.0415
82.2012
80.4306
77.923
74.9035
71.6409
68.425
65.4487
41.0435
26.9991
-50.2829
-67.3466
-10.0072
11.1141
16.1924
15.4467
13.3819
11.526
9.89663
8.33685
6.88719
5.60022
4.48319
3.52459
2.70194
1.99715
1.39871
0.895487
0.476998
0.133294
-0.144718
-0.364713
-0.529851
-0.64261
-0.702744
-0.709562
-0.649272
-0.492761
-0.203628
0.267061
182.412
179.841
173.839
165.464
156.034
146.79
139.17
135.214
118.636
136.948
72.719
-29.7868
23.1677
33.2755
36.2075
27.5849
19.874
14.658
10.7554
7.59601
4.96872
2.75907
0.887543
-0.700875
-2.04776
-3.19145
-4.16222
-4.98391
-5.67618
-6.25549
-6.73629
-7.13394
-7.45805
-7.70585
-7.87208
-7.94203
-7.87866
-7.57711
-6.72474
-4.68196
284.996
280.428
269.589
254.503
237.593
220.815
205.899
194.708
190.294
174.022
160.72
106.249
96.7421
79.9847
56.7782
48.5797
42.4394
36.3488
30.8081
25.9922
21.8218
18.1987
15.0504
12.3286
9.98794
7.97455
6.24127
4.74773
3.46016
2.35118
1.39629
0.574486
-0.132187
-0.734665
-1.23877
-1.639
-1.92637
-2.08003
-2.03339
-1.83919
393.323
386.191
369.238
345.829
319.794
293.756
269.429
248.017
230.241
214.751
186.441
157.9
134.454
111.166
93.549
80.803
69.7288
59.6527
50.8445
43.3136
36.8639
31.316
26.5435
22.4314
18.8819
15.8158
13.1622
10.8615
8.86924
7.14498
5.64917
4.34852
3.21559
2.22812
1.36823
0.622644
-0.0169087
-0.548366
-0.925246
-1.15726
510.613
499.914
474.671
440.506
403.383
366.748
332.281
300.855
272.676
246.659
220.03
190.453
162.275
138.737
118.782
101.851
87.5687
75.4028
65.0119
56.1464
48.5676
42.0692
36.4867
31.6834
27.5424
23.9687
20.8851
18.2247
15.9259
13.9326
12.1997
10.6881
9.36385
8.19721
7.16036
6.22471
5.3537
4.48504
3.47639
2.06316
641.286
625.117
587.64
538.59
487.155
437.556
391.223
348.795
310.404
275.354
242.11
209.783
180.244
154.624
132.392
113.284
97.0201
83.1115
71.1535
60.8724
52.042
44.4551
37.9309
32.317
27.4825
23.3162
19.7237
16.6225
13.9386
11.6113
9.58937
7.82774
6.28653
4.92924
3.72181
2.63263
1.63341
0.707618
-0.108922
-0.629185
792.08
767.015
711.126
642.55
575.032
512.492
455.161
403.162
356.511
314.634
276.527
241.533
209.894
181.911
157.436
136.185
117.828
101.982
88.295
76.4797
66.2897
57.502
49.9203
43.3756
37.7228
32.837
28.6106
24.9502
21.774
19.0111
16.6006
14.4894
12.6293
10.9765
9.4904
8.13071
6.85106
5.58554
4.19636
2.489
973.263
929.925
840.295
739.83
648.409
567.872
496.276
432.953
377.482
328.901
286.002
247.848
214.011
184.302
158.437
136.03
116.688
100.026
85.6814
73.3404
62.73
53.6109
45.7734
39.0363
33.2431
28.2587
23.9666
20.2658
17.0691
14.3007
11.8954
9.79579
7.95098
6.31613
4.85082
3.51825
2.28787
1.14704
0.142398
-0.502733
1207.87
1132.54
998.373
865.707
753.122
655.921
570.195
495.287
430.524
374.485
325.653
282.858
245.323
212.513
183.946
159.143
137.655
119.067
102.999
89.1176
77.1293
66.7783
57.8405
50.1207
43.4497
37.681
32.6877
28.36
24.6026
21.3324
18.477
15.9725
13.7622
11.7955
10.0261
8.41006
6.90192
5.4455
3.93234
2.22918
1516.44
1313.1
1075.3
898.175
768.532
661.392
568.881
490.012
423.231
366.234
317.061
274.343
237.131
204.725
176.55
152.104
130.931
112.622
96.8097
83.1664
71.4036
61.268
52.5375
45.0181
38.5408
32.9588
28.1448
23.9882
20.393
17.2753
14.5618
12.1882
10.0979
8.2408
6.57219
5.05247
3.64797
2.33766
1.13462
0.189402
2142.56
1723.03
1311.27
1048.96
875.995
740.324
627.715
535.159
459.009
395.323
341.208
294.767
254.692
220.019
189.996
164.008
141.528
122.099
105.317
90.8314
78.3318
67.5492
58.2488
50.2259
43.3027
37.3248
32.1586
27.688
23.8124
20.4439
17.5058
14.931
12.6602
10.6409
8.82586
7.17205
5.63913
4.18676
2.7603
1.34677
-1595.15
-1200.9
-859.034
-662.634
-541.4
-449.052
-374.227
-314.41
-266.52
-227.411
-194.83
-167.303
-143.813
-123.637
-106.265
-91.3106
-78.445
-67.3789
-57.8607
-49.6744
-42.6342
-36.5795
-31.3713
-26.8898
-23.0319
-19.7086
-16.8435
-14.3705
-12.2329
-10.3817
-8.77478
-7.37574
-6.15324
-5.08015
-4.1327
-3.28957
-2.53082
-1.8366
-1.18132
-0.56211
-1016.68
-849.162
-667.38
-544.106
-459.352
-390.504
-331.761
-282.706
-242.132
-208.219
-179.449
-154.746
-133.352
-114.764
-98.6438
-84.7152
-72.7075
-62.3652
-53.4624
-45.8027
-39.2153
-33.5511
-28.6808
-24.4922
-20.8887
-17.7871
-15.1155
-12.8119
-10.8229
-9.10246
-7.61081
-6.3137
-5.18161
-4.18902
-3.31378
-2.5364
-1.84004
-1.21227
-0.650699
-0.224315
-768.55
-717.414
-620.754
-528.093
-452.371
-388.39
-332.968
-285.677
-245.885
-212.332
-183.692
-158.874
-137.122
-118.066
-101.526
-87.2799
-75.0396
-64.5222
-55.4844
-47.719
-41.0465
-35.3112
-30.3787
-26.1336
-22.4772
-19.3248
-16.6039
-14.252
-12.2159
-10.4493
-8.91273
-7.57222
-6.39854
-5.36656
-4.45452
-3.64302
-2.91352
-2.24475
-1.59544
-0.929336
-595.632
-567.707
-504.088
-434.166
-373.31
-321.661
-277.076
-238.874
-206.602
-179.336
-155.87
-135.029
-116.119
-99.2018
-84.5249
-71.9997
-61.3351
-52.2412
-44.4804
-37.8557
-32.1988
-27.3653
-23.2318
-19.6942
-16.6639
-14.066
-11.8362
-9.91984
-8.27002
-6.84669
-5.61548
-4.54699
-3.61616
-2.80179
-2.08614
-1.4549
-0.898117
-0.414471
-0.0255401
0.162439
-451.701
-435.06
-396.659
-351.187
-308.691
-271.032
-237.742
-208.756
-184.053
-163.083
-144.627
-127.067
-109.707
-93.693
-79.9045
-68.2752
-58.4419
-50.0912
-42.9853
-36.9324
-31.7684
-27.3531
-23.5694
-20.3204
-17.5257
-15.1177
-13.039
-11.2412
-9.68299
-8.32903
-7.14905
-6.11717
-5.21143
-4.41327
-3.70708
-3.07966
-2.51888
-2.00894
-1.50802
-0.957449
-328.745
-319.164
-295.884
-266.137
-236.287
-208.781
-184.299
-163.319
-146.148
-132.433
-120.322
-106.23
-89.1349
-73.7265
-61.3187
-51.3542
-43.1772
-36.3586
-30.6339
-25.8216
-21.7704
-18.3484
-15.4478
-12.9825
-10.8823
-9.08934
-7.55478
-6.23797
-5.10505
-4.12742
-3.28048
-2.54337
-1.89886
-1.33291
-0.834732
-0.39754
-0.0206413
0.284602
0.476008
0.431959
-218.226
-212.667
-198.697
-180.127
-160.91
-143.12
-127.779
-115.762
-107.979
-104.913
-103.53
-94.4012
-74.6232
-58.7165
-47.2581
-38.9211
-32.5686
-27.4801
-23.2946
-19.8272
-16.9376
-14.5094
-12.4547
-10.7081
-9.21862
-7.9448
-6.85209
-5.9115
-5.09888
-4.39412
-3.77983
-3.2411
-2.76563
-2.34331
-1.9662
-1.629
-1.32922
-1.06581
-0.824951
-0.579867
-114.866
-111.962
-104.492
-94.3954
-83.8732
-74.3395
-66.8463
-62.7777
-64.4701
-75.7241
-92.1464
-84.8629
-53.2617
-37.6989
-27.608
-21.2421
-16.9209
-13.6406
-11.0866
-9.10135
-7.52426
-6.23615
-5.16665
-4.2698
-3.50993
-2.86121
-2.30392
-1.82239
-1.40363
-1.03655
-0.712114
-0.422514
-0.160678
0.0794322
0.30217
0.508884
0.69426
0.836951
0.872481
0.660376
-15.2879
-14.3902
-11.8769
-8.47791
-5.09485
-2.40815
-1.21311
-3.26184
-13.7186
-46.4954
-95.4939
-93.465
-43.9457
-11.1341
-5.03143
-2.95118
-2.06429
-1.12611
-0.414542
-0.0391857
0.131439
0.202819
0.215251
0.186794
0.135262
0.0720301
0.00240572
-0.0697189
-0.140571
-0.20682
-0.265819
-0.315134
-0.351944
-0.373268
-0.375686
-0.354913
-0.306799
-0.227431
-0.116523
0.0259122
83.0857
82.2617
80.5374
78.1251
75.2953
72.4159
70.0036
68.7151
43.5418
29.6884
-141.953
-126.988
-17.7513
6.14117
21.147
16.9772
12.3941
9.61444
7.64793
5.95425
4.47835
3.22472
2.16682
1.27235
0.513059
-0.127793
-0.663704
-1.10745
-1.47053
-1.76299
-1.99351
-2.16898
-2.29333
-2.3689
-2.39455
-2.35882
-2.24812
-2.03798
-1.67583
-1.04551
182.466
179.918
173.979
165.741
156.603
148.002
141.891
141.521
135.037
176.308
900.181
-479.307
-38.7293
-3.96377
21.2359
18.5119
14.3222
10.5496
7.50453
4.9464
2.73278
0.814193
-0.83962
-2.25854
-3.47224
-4.50738
-5.3862
-6.12772
-6.74858
-7.26339
-7.68505
-8.02463
-8.28701
-8.47531
-8.59089
-8.61957
-8.51656
-8.17098
-7.25626
-5.08514
285.054
280.509
269.735
254.788
238.168
221.995
208.377
199.986
201.707
201.854
201.973
127.152
110.766
92.8037
72.1997
59.7166
50.451
42.1977
35.2159
29.4666
24.6618
20.5926
17.1374
14.2072
11.7161
9.59062
7.77218
6.2137
4.87655
3.72833
2.7415
1.89333
1.16594
0.546444
0.0259747
-0.401079
-0.724495
-0.920306
-0.934887
-0.933858
393.377
386.265
369.368
346.075
320.266
294.666
271.18
251.336
236.343
224.731
200.769
167.246
140.729
117.283
96.9367
81.9516
70.0984
59.7697
50.8698
43.3378
36.9272
31.4228
26.6785
22.5791
19.0345
15.9683
13.314
11.0156
9.0263
7.30286
5.80673
4.50539
3.3718
2.38363
1.52232
0.772458
0.123228
-0.432081
-0.869381
-1.34883
510.66
499.976
474.776
440.696
403.73
367.382
333.417
302.824
275.917
251.378
225.32
194.81
165.535
141.22
120.386
103.039
88.6703
76.4437
65.955
56.9935
49.3336
42.7634
37.1152
32.2546
28.0682
24.46
21.3479
18.6599
16.3325
14.313
12.5564
11.024
9.68153
8.49881
7.4474
6.49722
5.60848
4.71071
3.64334
2.02795
641.324
625.165
587.719
538.728
487.397
437.976
391.932
349.941
312.14
277.695
244.631
211.837
181.792
155.833
133.282
113.911
97.4821
83.4651
71.4235
61.0826
52.2132
44.6
38.0567
32.4282
27.5831
23.409
19.8098
16.7028
14.0162
11.6892
9.66908
7.90975
6.37025
5.01367
3.80581
2.71393
1.70683
0.761594
-0.0968895
-0.723188
792.108
767.051
711.183
642.646
575.194
512.761
455.593
403.824
357.456
315.85
277.851
242.728
210.865
182.668
157.994
136.581
118.129
102.239
88.5275
76.6971
66.4983
57.7051
50.1189
43.5695
37.9116
33.0205
28.7882
25.1213
21.9387
19.1698
16.7536
14.6365
12.7708
11.113
9.62204
8.25646
6.96804
5.68724
4.2699
2.49205
973.285
929.952
840.336
739.897
648.518
568.046
496.544
433.344
378.016
329.562
286.717
248.509
214.547
184.708
158.731
136.237
116.838
100.141
85.7732
73.4139
62.7894
53.6595
45.8134
39.0691
33.2698
28.2803
23.9841
20.2801
17.081
14.3113
11.9053
9.8056
7.96115
6.32653
4.86055
3.52571
2.29031
1.13978
0.119162
-0.554048
1207.89
1132.56
998.402
865.754
753.195
656.033
570.362
495.522
430.834
374.859
326.059
283.246
245.658
212.785
184.161
159.312
137.791
119.18
103.099
89.2079
77.214
66.8599
57.9205
50.2001
43.5288
37.7601
32.7668
28.4388
24.6808
21.4097
18.5529
16.0466
13.8342
11.865
10.0926
8.47259
6.959
5.49443
3.96828
2.23645
1516.46
1313.12
1075.33
898.211
768.586
661.472
568.995
490.166
423.427
366.463
317.306
274.577
237.334
204.887
176.674
152.193
130.994
112.667
96.8417
83.189
71.4193
61.2786
52.5442
45.0217
38.5418
32.9577
28.1419
23.9838
20.3873
17.2686
14.5544
12.1805
10.0902
8.23306
6.5643
5.04377
3.63728
2.32327
1.11504
0.162226
2142.57
1723.04
1311.29
1048.99
876.04
740.389
627.805
535.28
459.16
395.5
341.398
294.953
254.861
220.162
190.113
164.103
141.605
122.162
105.371
90.8776
78.3729
67.5868
58.2839
50.2592
43.3347
37.3559
32.189
27.7179
23.8418
20.4728
17.5342
14.9587
12.6871
10.6668
8.85039
7.19481
5.65927
4.20296
2.77046
1.34403
-1595.15
-1200.91
-859.039
-662.641
-541.412
-449.068
-374.252
-314.444
-266.565
-227.466
-194.891
-167.365
-143.866
-123.676
-106.29
-91.3251
-78.4525
-67.382
-57.8612
-49.6734
-42.6324
-36.5773
-31.3691
-26.8877
-23.03
-19.7069
-16.8419
-14.3691
-12.2316
-10.3805
-8.77367
-7.37473
-6.15238
-5.07949
-4.13231
-3.28953
-2.53124
-1.83758
-1.18282
-0.563949
-1016.68
-849.166
-667.385
-544.114
-459.365
-390.524
-331.792
-282.75
-242.192
-208.295
-179.536
-154.832
-133.422
-114.809
-98.667
-84.7229
-72.7055
-62.3576
-53.4516
-45.7904
-39.2024
-33.5382
-28.668
-24.4797
-20.8766
-17.7754
-15.1042
-12.801
-10.8125
-9.0925
-7.60134
-6.30477
-5.17326
-4.18134
-3.30685
-2.53035
-1.83506
-1.20866
-0.649017
-0.227516
-768.553
-717.418
-620.761
-528.103
-452.389
-388.421
-333.017
-285.753
-245.998
-212.484
-183.874
-159.057
-137.27
-118.163
-101.581
-87.3102
-75.055
-64.5286
-55.4858
-47.7179
-41.0445
-35.3093
-30.3772
-26.1326
-22.4767
-19.3247
-16.6041
-14.2524
-12.2163
-10.4496
-8.91303
-7.57245
-6.39872
-5.36677
-4.45486
-3.64368
-2.91483
-2.24722
-1.59974
-0.938032
-595.635
-567.711
-504.095
-434.179
-373.336
-321.707
-277.157
-239.011
-206.816
-179.643
-156.253
-135.413
-116.403
-99.3577
-84.5907
-72.0158
-61.3249
-52.2173
-44.4491
-37.8202
-32.161
-27.3266
-23.1933
-19.6564
-16.6276
-14.0313
-11.8035
-9.88926
-8.24165
-6.82054
-5.59158
-4.52535
-3.59684
-2.78485
-2.0717
-1.44317
-0.889484
-0.409642
-0.0255276
0.153103
-451.703
-435.063
-396.666
-351.202
-308.723
-271.097
-237.869
-208.99
-184.456
-163.712
-145.467
-127.918
-110.308
-94.0268
-80.0737
-68.3468
-58.4572
-50.0808
-42.9666
-36.9126
-31.7501
-27.3368
-23.5546
-20.3065
-17.5122
-15.1043
-13.0256
-11.2277
-9.66931
-8.31521
-7.13517
-6.10335
-5.19781
-4.40006
-3.69462
-3.06856
-2.51013
-2.00424
-1.50978
-0.972112
-328.744
-319.164
-295.888
-266.15
-236.321
-208.863
-184.481
-163.697
-146.877
-133.703
-122.159
-107.999
-90.0961
-74.1042
-61.436
-51.3415
-43.0851
-36.2168
-30.4629
-25.6391
-21.5895
-18.177
-15.2893
-12.8383
-10.7528
-8.97415
-7.45337
-6.1496
-5.02873
-4.06202
-3.22505
-2.49713
-1.86106
-1.3029
-0.812019
-0.38191
-0.0124566
0.283844
0.463973
0.400001
-218.221
-212.662
-198.692
-180.128
-160.93
-143.195
-127.995
-116.308
-109.236
-107.557
-108.032
-98.7709
-76.8771
-59.6822
-47.4703
-38.8137
-32.4349
-27.3845
-23.2145
-19.748
-16.8568
-14.4264
-12.3695
-10.6217
-9.13226
-7.85931
-6.76823
-5.83004
-5.02048
-4.31918
-3.70868
-3.17403
-2.70266
-2.2844
-1.91154
-1.57934
-1.28666
-1.03512
-0.815191
-0.613831
-114.854
-111.946
-104.471
-94.3663
-83.8435
-74.3408
-66.9819
-63.3447
-66.2467
-80.6185
-102.471
-92.5072
-55.8588
-39.2316
-27.8393
-20.3515
-15.653
-12.3643
-9.91228
-8.06132
-6.62001
-5.45474
-4.49193
-3.68727
-3.00782
-2.42872
-1.93121
-1.50057
-1.12493
-0.794443
-0.500935
-0.237437
0.0022082
0.223214
0.429138
0.62022
0.789015
0.909651
0.910156
0.618125
-15.2651
-14.3605
-11.8284
-8.3956
-4.96004
-2.20842
-0.994061
-3.34038
-15.356
-54.2874
-121.506
-118.087
-49.9388
-9.65017
-3.75892
-2.59573
-1.92463
-0.833115
0.00915352
0.439381
0.630411
0.70742
0.715901
0.67725
0.609502
0.525997
0.435251
0.342826
0.252982
0.169201
0.09427
0.0306494
-0.0190604
-0.0520997
-0.0654963
-0.0562899
-0.023856
0.0254756
0.0665268
0.015779
83.1191
82.3077
80.6192
78.2816
75.6016
73.0262
71.2465
71.2257
45.9064
27.8439
-224.86
-189.255
-22.2399
10.4754
40.86
31.7009
23.1664
18.3507
15.1004
12.4788
10.3148
8.53926
7.0715
5.84473
4.81161
3.93912
3.20173
2.57884
2.05387
1.61336
1.2464
0.944421
0.701711
0.515094
0.384988
0.318025
0.323281
0.408309
0.556839
0.632831
182.508
179.976
174.086
165.956
157.048
148.959
144.038
146.432
147.944
221.214
1238.75
-373.13
78.9344
35.2335
23.6658
23.4262
21.3725
17.74
14.4182
11.5398
8.97447
6.69493
4.69496
2.95393
1.44448
0.140421
-0.981991
-1.94428
-2.76577
-3.46354
-4.05251
-4.5452
-4.95046
-5.27381
-5.51536
-5.66406
-5.68344
-5.48259
-4.8171
-3.24297
285.099
280.571
269.848
255.01
238.617
222.924
210.338
204.172
210.687
226.087
237.764
152.334
124.907
94.2475
70.0008
59.174
51.0931
43.2244
36.4623
30.9004
26.215
22.199
18.7495
15.7879
13.2411
11.047
9.15468
7.52136
6.11087
4.8922
3.83888
2.92872
2.14386
1.47073
0.900254
0.42835
0.0612696
-0.18797
-0.303069
-0.523645
393.419
386.321
369.468
346.265
320.633
295.379
272.561
253.974
241.204
232.695
214.491
176.201
145.341
120.74
98.2873
82.2692
70.2539
59.9772
51.1645
43.7349
37.4161
31.9793
27.283
23.2224
19.7085
16.6649
14.0263
11.7369
9.74936
8.02216
6.51906
5.20893
4.06536
3.06614
2.19249
1.42816
0.758524
0.164544
-0.364255
-1.12344
510.696
500.023
474.856
440.842
404
367.876
334.307
304.38
278.493
255.151
229.619
198.575
168.435
143.18
121.286
103.394
88.9313
76.7072
66.2087
57.243
49.5896
43.0286
37.3888
32.536
28.3569
24.7541
21.6446
18.9573
16.631
14.6133
12.8588
11.3283
9.98726
8.80519
7.75312
6.79974
5.90203
4.9801
3.85118
2.00338
641.352
625.202
587.78
538.834
487.584
438.301
392.485
350.841
313.514
279.563
246.676
213.572
183.107
156.763
133.855
114.234
97.6804
83.5958
71.5097
61.1467
52.2739
44.6673
38.1351
32.5196
27.6885
23.5286
19.9431
16.849
14.1748
11.8588
9.84809
8.09624
6.56243
5.20985
4.0041
2.91153
1.89841
0.935445
0.0340463
-0.719158
792.13
767.078
711.226
642.72
575.319
512.969
455.929
404.34
358.198
316.811
278.908
243.699
211.664
183.284
158.428
136.864
118.323
102.386
88.6488
76.8033
66.5967
57.8005
50.2132
43.6638
38.0067
33.1165
28.8852
25.2192
22.0374
19.2695
16.8542
14.7378
12.8727
11.2151
9.72369
8.35623
7.06293
5.77082
4.32937
2.48499
973.301
929.973
840.368
739.949
648.602
568.18
496.751
433.648
378.433
330.081
287.282
249.038
214.983
185.038
158.963
136.392
116.942
100.213
85.8229
73.4471
62.8106
53.6726
45.8211
39.0733
33.2719
28.2817
23.9856
20.2826
17.0853
14.3179
11.9146
9.81778
7.97623
6.34421
4.88007
3.54568
2.30835
1.15179
0.119058
-0.580387
1207.9
1132.58
998.425
865.789
753.251
656.12
570.49
495.703
431.075
375.151
326.377
283.553
245.925
213.003
184.333
159.445
137.895
119.265
103.171
89.2711
77.2713
66.9136
57.972
50.2503
43.5783
37.8092
32.8157
28.4877
24.7296
21.4583
18.6012
16.0944
13.8814
11.9113
10.1376
8.51571
6.99893
5.52884
3.99291
2.23811
1516.47
1313.13
1075.35
898.238
768.627
661.533
569.083
490.285
423.578
366.642
317.496
274.761
237.494
205.016
176.772
152.264
131.044
112.701
96.8649
83.2041
71.4283
61.2829
52.545
45.0197
38.5376
32.9517
28.1346
23.9755
20.3783
17.2592
14.5449
12.1711
10.0811
8.22444
6.55599
5.0353
3.62777
2.31139
1.0996
0.14109
2142.58
1723.05
1311.3
1049.01
876.074
740.439
627.875
535.373
459.277
395.636
341.544
295.098
254.993
220.275
190.206
164.177
141.665
122.211
105.412
90.913
78.404
67.6146
58.3093
50.2828
43.3569
37.377
32.2093
27.7375
23.8607
20.4912
17.5521
14.9761
12.704
10.683
8.86572
7.20889
5.67146
4.21221
2.77517
1.33908
-1595.15
-1200.91
-859.042
-662.646
-541.419
-449.078
-374.266
-314.464
-266.59
-227.496
-194.926
-167.399
-143.895
-123.698
-106.304
-91.3332
-78.4567
-67.3838
-57.8615
-49.6729
-42.6316
-36.5764
-31.3681
-26.8869
-23.0293
-19.7063
-16.8415
-14.3687
-12.2313
-10.3803
-8.77359
-7.37475
-6.1525
-5.07974
-4.13272
-3.29015
-2.53212
-1.83875
-1.18425
-0.565423
-1016.68
-849.169
-667.389
-544.119
-459.373
-390.536
-331.809
-282.776
-242.226
-208.338
-179.585
-154.88
-133.461
-114.835
-98.68
-84.7272
-72.7045
-62.3535
-53.4459
-45.7839
-39.1958
-33.5316
-28.6616
-24.4736
-20.8708
-17.7699
-15.0989
-12.7961
-10.8078
-9.08809
-7.59721
-6.30094
-5.16975
-4.17818
-3.30409
-2.52806
-1.83332
-1.20763
-0.648958
-0.230038
-768.556
-717.421
-620.765
-528.11
-452.399
-388.438
-333.045
-285.797
-246.061
-212.568
-183.975
-159.159
-137.352
-118.216
-101.611
-87.3265
-75.0633
-64.5324
-55.4872
-47.7182
-41.0447
-35.3097
-30.3781
-26.134
-22.4785
-19.3268
-16.6063
-14.2547
-12.2185
-10.4517
-8.91497
-7.5742
-6.40029
-5.36818
-4.45616
-3.64498
-2.9163
-2.24912
-1.60245
-0.943066
-595.637
-567.714
-504.1
-434.188
-373.351
-321.733
-277.204
-239.088
-206.936
-179.815
-156.467
-135.626
-116.56
-99.4432
-84.6257
-72.0235
-61.3195
-52.206
-44.4354
-37.8054
-32.1459
-27.3117
-23.1788
-19.6427
-16.6146
-14.0192
-11.7923
-9.87893
-8.23218
-6.81192
-5.58376
-4.51833
-3.59061
-2.77945
-2.06718
-1.43964
-0.887173
-0.408942
-0.0270338
0.146742
-451.705
-435.066
-396.67
-351.212
-308.742
-271.135
-237.941
-209.122
-184.681
-164.063
-145.935
-128.388
-110.637
-94.2058
-80.1603
-68.3819
-58.4655
-50.0793
-42.9639
-36.9118
-31.7518
-27.3403
-23.559
-20.311
-17.5161
-15.1071
-13.027
-11.2275
-9.66747
-8.31164
-7.12992
-6.09653
-5.18956
-4.39056
-3.68413
-3.05749
-2.49914
-1.99441
-1.50286
-0.973027
-328.745
-319.165
-295.891
-266.158
-236.342
-208.911
-184.584
-163.909
-147.285
-134.413
-123.181
-108.973
-90.6224
-74.2955
-61.4813
-51.3319
-43.0559
-36.1771
-30.4154
-25.5879
-21.539
-18.1294
-15.2456
-12.7987
-10.7173
-8.94249
-7.42516
-6.12449
-5.00634
-4.04197
-3.20705
-2.481
-1.84663
-1.29005
-0.800676
-0.372172
-0.00478683
0.28825
0.463053
0.387238
-218.219
-212.66
-198.691
-180.13
-160.943
-143.24
-128.118
-116.616
-109.942
-109.038
-110.513
-101.132
-78.0854
-60.1357
-47.5225
-38.7339
-32.3871
-27.3889
-23.2425
-19.7799
-16.8836
-14.4428
-12.3727
-10.611
-9.10798
-7.82233
-6.71969
-5.77126
-4.95283
-4.2439
-3.62694
-3.08697
-2.61137
-2.18989
-1.81487
-1.48184
-1.19039
-0.943969
-0.73732
-0.571082
-114.848
-111.939
-104.46
-94.3525
-83.8302
-74.3459
-67.0639
-63.6722
-67.261
-83.3837
-108.067
-97.1052
-57.2015
-39.7054
-27.8344
-20.1527
-15.3923
-12.0908
-9.64737
-7.81573
-6.39581
-5.24961
-4.30283
-3.51167
-2.84381
-2.27455
-1.78533
-1.36185
-0.992571
-0.667861
-0.379558
-0.120652
0.114958
0.332323
0.534738
0.721866
0.884926
0.994835
0.972865
0.624305
-15.2539
-14.3455
-11.8035
-8.35282
-4.88943
-2.10411
-0.884869
-3.41647
-16.3581
-59.2944
-136.829
-132.576
-53.4766
-8.33111
-2.05616
-2.24023
-2.12136
-1.02653
-0.0776318
0.455482
0.74411
0.910661
0.996316
1.0219
1.00658
0.965847
0.910222
0.84672
0.780516
0.715749
0.655818
0.603738
0.562525
0.535286
0.525145
0.534471
0.561734
0.592991
0.578166
0.355145
83.1362
82.3315
80.6623
78.365
75.7661
73.3548
71.9088
72.5163
47.1654
24.6842
-266.979
-223.724
-24.8437
13.7513
43.7475
33.7635
24.6839
19.7938
16.5641
13.9471
11.7744
9.98197
8.49037
7.23472
6.17026
5.26502
4.49425
3.83813
3.28058
2.80848
2.4111
2.08
1.80932
1.59588
1.43986
1.34557
1.3185
1.35463
1.3923
1.15846
182.529
180.007
174.143
166.072
157.29
149.478
145.196
149.027
155.047
239.349
1301.34
-411.501
98.277
51.3121
30.5893
28.0188
24.8042
20.3605
16.5541
13.4353
10.7458
8.39476
6.35061
4.57888
3.04428
1.71639
0.569527
-0.418562
-1.26726
-1.99344
-2.61164
-3.13387
-3.56895
-3.92198
-4.19251
-4.36929
-4.42015
-4.26985
-3.72813
-2.49204
285.122
280.603
269.908
255.13
238.861
223.429
211.406
206.436
215.439
239.739
257.441
168.864
132.259
93.973
69.5263
60.5263
53.1211
45.1364
38.1396
32.3881
27.5478
23.4053
19.8586
16.8252
14.2277
11.9993
10.0844
8.43697
7.01802
5.79469
4.73916
3.82828
3.04345
2.3705
1.79997
1.32796
0.957288
0.689772
0.505596
0.0752768
393.441
386.351
369.522
346.367
320.832
295.767
273.317
255.415
243.84
236.949
222.887
182.17
147.5
121.851
98.9049
82.7742
70.5819
60.073
51.0775
43.5381
37.1616
31.7002
27.0021
22.9551
19.4632
16.4452
13.8333
11.5707
9.60906
7.90665
6.42732
5.13986
4.01772
3.03852
2.18321
1.43487
0.776171
0.180659
-0.378743
-1.23346
510.714
500.048
474.899
440.921
404.146
368.145
334.794
305.232
279.9
257.202
231.953
200.627
169.933
144.083
121.689
103.614
89.1706
76.9724
66.4633
57.4732
49.7927
43.2032
37.5347
32.655
28.4517
24.8276
21.6999
18.9974
16.6588
14.6309
12.8678
11.33
9.98289
8.79553
7.73862
6.78007
5.87484
4.93789
3.77789
1.82925
641.367
625.221
587.812
538.891
487.685
438.478
392.786
351.334
314.267
280.588
247.803
214.539
183.828
157.241
134.14
114.425
97.8431
83.736
71.6184
61.2255
52.3293
44.7047
38.1584
32.5325
27.6939
23.529
19.9402
16.844
14.1688
11.8526
9.84202
8.09075
6.55775
5.20599
4.00073
2.90762
1.89136
0.919056
-0.00342702
-0.814942
792.142
767.093
711.25
642.76
575.386
513.082
456.111
404.621
358.604
317.338
279.489
244.235
212.103
183.614
158.656
137.018
118.437
102.484
88.7378
76.8865
66.6764
57.8777
50.2881
43.7362
38.0766
33.1838
28.9497
25.2808
22.0963
19.3259
16.9082
14.7896
12.9223
11.2625
9.76883
8.39856
7.10099
5.8012
4.34563
2.46508
973.31
929.983
840.385
739.976
648.647
568.253
496.864
433.814
378.661
330.367
287.595
249.332
215.226
185.221
159.09
136.477
117.002
100.26
85.8609
73.4775
62.8348
53.6916
45.8358
39.0843
33.2798
28.2869
23.9886
20.2838
17.0852
14.3168
11.9129
9.81552
7.97365
6.34134
4.87669
3.5412
2.30161
1.14069
0.100783
-0.611588
1207.9
1132.59
998.436
865.808
753.281
656.166
570.56
495.802
431.206
375.311
326.552
283.722
246.073
213.123
184.427
159.518
137.953
119.314
103.214
89.3101
77.3078
66.9487
58.0064
50.2842
43.612
37.8427
32.8491
28.5208
24.7625
21.4908
18.6332
16.1258
13.912
11.9411
10.1662
8.54271
7.02362
5.54987
4.00793
2.2397
1516.47
1313.14
1075.36
898.253
768.65
661.566
569.13
490.35
423.661
366.739
317.601
274.862
237.583
205.088
176.826
152.304
131.072
112.721
96.879
83.2141
71.4352
61.2876
52.5479
45.0211
38.5378
32.9509
28.1329
23.9731
20.3753
17.2556
14.541
12.1669
10.0767
8.21988
6.55115
5.02995
3.62145
2.3034
1.08934
0.127586
2142.59
1723.06
1311.31
1049.02
876.092
740.466
627.913
535.423
459.34
395.711
341.625
295.178
255.066
220.338
190.258
164.219
141.698
122.239
105.436
90.9334
78.4222
67.6312
58.3247
50.2974
43.3708
37.3905
32.2224
27.7503
23.8733
20.5035
17.5642
14.988
12.7155
10.694
8.8762
7.21859
5.68001
4.219
2.77926
1.33743
-1595.15
-1200.91
-859.043
-662.647
-541.42
-449.08
-374.268
-314.466
-266.593
-227.499
-194.928
-167.401
-143.897
-123.699
-106.305
-91.3339
-78.4572
-67.3841
-57.8618
-49.6731
-42.6317
-36.5765
-31.3682
-26.887
-23.0293
-19.7063
-16.8414
-14.3687
-12.2313
-10.3803
-8.77355
-7.37472
-6.1525
-5.07977
-4.13279
-3.29028
-2.5323
-1.83898
-1.18447
-0.56555
-1016.69
-849.17
-667.39
-544.121
-459.374
-390.538
-331.811
-282.778
-242.229
-208.341
-179.588
-154.882
-133.463
-114.836
-98.6808
-84.7278
-72.7048
-62.3537
-53.446
-45.784
-39.1957
-33.5316
-28.6616
-24.4735
-20.8707
-17.7698
-15.0988
-12.7959
-10.8077
-9.08795
-7.59709
-6.30083
-5.16967
-4.17815
-3.3041
-2.52814
-1.83347
-1.20784
-0.64919
-0.230249
-768.557
-717.422
-620.766
-528.112
-452.401
-388.44
-333.048
-285.8
-246.064
-212.572
-183.979
-159.162
-137.355
-118.218
-101.613
-87.3273
-75.0639
-64.5328
-55.4874
-47.7184
-41.0448
-35.3098
-30.3781
-26.134
-22.4785
-19.3267
-16.6062
-14.2546
-12.2184
-10.4516
-8.91486
-7.5741
-6.40022
-5.36814
-4.45616
-3.64504
-2.91641
-2.24929
-1.60264
-0.943257
-595.639
-567.716
-504.102
-434.19
-373.353
-321.737
-277.208
-239.092
-206.942
-179.821
-156.474
-135.632
-116.564
-99.4455
-84.6269
-72.0242
-61.3199
-52.2063
-44.4356
-37.8055
-32.146
-27.3116
-23.1788
-19.6426
-16.6145
-14.0191
-11.7922
-9.87879
-8.23206
-6.81182
-5.5837
-4.51832
-3.59066
-2.77957
-2.06739
-1.43995
-0.887575
-0.409434
-0.0275752
0.146196
-451.707
-435.068
-396.673
-351.214
-308.745
-271.139
-237.947
-209.129
-184.69
-164.073
-145.946
-128.398
-110.643
-94.2087
-80.1617
-68.3826
-58.466
-50.0795
-42.9639
-36.9116
-31.7515
-27.34
-23.5587
-20.3106
-17.5157
-15.1067
-13.0266
-11.2271
-9.66702
-8.31119
-7.12947
-6.0961
-5.18917
-4.39021
-3.68383
-3.05727
-2.49901
-1.99437
-1.50293
-0.973231
-328.747
-319.167
-295.894
-266.161
-236.346
-208.917
-184.592
-163.92
-147.3
-134.431
-123.202
-108.99
-90.6295
-74.2965
-61.4807
-51.3315
-43.056
-36.1775
-30.4158
-25.5882
-21.5392
-18.1296
-15.2457
-12.7988
-10.7174
-8.94263
-7.42539
-6.12483
-5.00678
-4.04253
-3.20773
-2.48179
-1.84755
-1.29107
-0.801802
-0.373395
-0.00611086
0.286813
0.461521
0.385676
-218.221
-212.662
-198.694
-180.134
-160.949
-143.248
-128.129
-116.632
-109.966
-109.071
-110.555
-101.165
-78.0957
-60.1345
-47.5189
-38.7314
-32.3851
-27.3869
-23.2407
-19.7787
-16.8828
-14.4423
-12.3723
-10.6107
-9.10765
-7.822
-6.71931
-5.77083
-4.95237
-4.24341
-3.62646
-3.08652
-2.61096
-2.18954
-1.81458
-1.48164
-1.19033
-0.944108
-0.737743
-0.57196
-114.85
-111.942
-104.464
-94.3568
-83.8364
-74.3552
-67.0783
-63.6955
-67.2996
-83.4469
-108.157
-98.0197
-57.1936
-39.6885
-27.8204
-20.1497
-15.3946
-12.093
-9.64874
-7.81692
-6.39708
-5.251
-4.30438
-3.51348
-2.846
-2.27711
-1.78815
-1.36483
-0.99564
-0.670958
-0.382638
-0.123676
0.112009
0.329457
0.531968
0.719181
0.882273
0.99211
0.969937
0.620952
-15.2563
-14.3481
-11.8068
-8.35747
-4.89632
-2.11486
-0.902626
-3.44781
-16.4176
-60.4657
-140.127
-135.673
-54.2296
-8.27309
-2.00348
-2.2077
-2.10809
-1.02431
-0.0812873
0.448742
0.735913
0.901969
0.987734
1.01378
0.999014
0.95881
0.903705
0.840741
0.775087
0.710871
0.651494
0.599975
0.559315
0.532617
0.523039
0.532832
0.560399
0.591801
0.576735
0.352466
83.1339
82.3289
80.659
78.3604
75.7593
73.3441
71.891
72.4849
47.3553
23.7622
-277.701
-232.716
-25.6046
14.4859
43.7854
33.7761
24.6909
19.797
16.5646
13.9469
11.7745
9.98232
8.49088
7.23541
6.17135
5.26656
4.49614
3.84025
3.28283
2.81078
2.41339
2.08231
1.81167
1.5983
1.44271
1.34894
1.3219
1.35774
1.39451
1.15906
182.527
180.004
174.14
166.068
157.284
149.469
145.181
149.005
156.399
243.314
1324.4
-420.468
96.2968
54.3181
30.7466
28.011
24.7152
20.2477
16.435
13.318
10.6342
8.29025
6.25309
4.48798
2.95949
1.63717
0.495316
-0.488247
-1.33285
-2.05531
-2.67014
-3.18923
-3.62138
-3.97181
-4.23985
-4.41345
-4.46097
-4.30749
-3.76236
-2.51977
285.12
280.601
269.905
255.126
238.856
223.423
211.396
206.424
215.426
242.478
261.28
172.852
133.614
94.0461
69.5697
60.5463
53.1265
45.1334
38.1292
32.3721
27.5284
23.3839
19.836
16.8022
14.2049
11.9769
10.0629
8.41636
6.99842
5.7761
4.72157
3.81166
3.02771
2.35548
1.78529
1.31371
0.943869
0.677279
0.494485
0.067532
393.439
386.349
369.52
346.365
320.828
295.763
273.311
255.408
243.836
236.956
224.645
183.435
147.602
121.917
98.9424
82.7993
70.599
60.0838
51.0835
43.5408
37.1625
31.7
27.0013
22.954
19.462
16.4439
13.832
11.5694
9.60763
7.90519
6.42583
5.13836
4.01624
3.03704
2.1817
1.43343
0.774933
0.17961
-0.379689
-1.23419
510.713
500.046
474.897
440.919
404.143
368.141
334.791
305.229
279.898
257.208
231.973
200.667
169.985
144.123
121.711
103.629
89.1836
76.9837
66.4726
57.4806
49.7984
43.2072
37.5373
32.6563
28.4518
24.8268
21.6981
18.9949
16.6556
14.6272
12.8638
11.3257
9.97825
8.79066
7.73356
6.77486
5.86954
4.93254
3.77256
1.82396
641.366
625.22
587.81
538.889
487.683
438.476
392.784
351.333
314.267
280.591
247.814
214.558
183.853
157.262
134.155
114.435
97.8517
83.7437
71.6254
61.2318
52.3352
44.7103
38.1638
32.5377
27.6989
23.5338
19.9447
16.8484
14.1729
11.8564
9.8456
8.09403
6.56071
5.2086
4.00298
2.9095
1.89287
0.920141
-0.00291744
-0.815553
792.141
767.092
711.249
642.758
575.385
513.08
456.11
404.621
358.605
317.34
279.495
244.245
212.115
183.626
158.665
137.025
118.443
102.489
88.7424
76.8907
66.6804
57.8814
50.2916
43.7396
38.0797
33.1867
28.9523
25.2833
22.0986
19.328
16.9101
14.7913
12.9238
11.2639
9.77003
8.39957
7.1018
5.80181
4.346
2.46494
973.309
929.982
840.384
739.975
648.646
568.252
496.863
433.814
378.662
330.368
287.598
249.337
215.233
185.228
159.096
136.482
117.006
100.263
85.8637
73.48
62.8371
53.6937
45.8378
39.0862
33.2817
28.2887
23.9904
20.2857
17.087
14.3187
11.9147
9.81734
7.97544
6.34307
4.87835
3.54276
2.30308
1.14204
0.101943
-0.610879
1207.9
1132.59
998.436
865.807
753.28
656.166
570.559
495.802
431.206
375.312
326.554
283.726
246.077
213.128
184.431
159.522
137.956
119.316
103.216
89.3121
77.3096
66.9503
58.0079
50.2856
43.6134
37.844
32.8503
28.5221
24.7637
21.492
18.6344
16.1269
13.9132
11.9422
10.1673
8.5437
7.02458
5.5508
4.00879
2.24031
1516.47
1313.14
1075.35
898.252
768.649
661.566
569.13
490.35
423.661
366.74
317.603
274.865
237.586
205.091
176.829
152.306
131.074
112.723
96.8806
83.2154
71.4364
61.2885
52.5487
45.0218
38.5384
32.9515
28.1334
23.9736
20.3758
17.2562
14.5415
12.1675
10.0773
8.22041
6.55168
5.03048
3.622
2.30397
1.0899
0.127993
2142.58
1723.06
1311.31
1049.02
876.092
740.465
627.913
535.423
459.34
395.712
341.626
295.18
255.068
220.34
190.26
164.221
141.701
122.24
105.437
90.9347
78.4233
67.6322
58.3256
50.2981
43.3715
37.3911
32.2229
27.7508
23.8738
20.5041
17.5647
14.9885
12.716
10.6945
8.87667
7.21906
5.68051
4.21954
2.77981
1.33784
-1595.15
-1200.91
-859.042
-662.645
-541.416
-449.073
-374.257
-314.451
-266.572
-227.472
-194.898
-167.371
-143.871
-123.68
-106.293
-91.3272
-78.4539
-67.3831
-57.862
-49.674
-42.6328
-36.5777
-31.3693
-26.8879
-23.0301
-19.7069
-16.8419
-14.369
-12.2315
-10.3804
-8.77358
-7.37469
-6.15242
-5.07963
-4.13259
-3.28998
-2.53185
-1.83831
-1.18352
-0.564358
-1016.69
-849.17
-667.389
-544.118
-459.369
-390.53
-331.798
-282.757
-242.2
-208.303
-179.544
-154.838
-133.428
-114.813
-98.6696
-84.7246
-72.7066
-62.3582
-53.452
-45.7905
-39.2024
-33.5381
-28.6679
-24.4795
-20.8764
-17.7751
-15.1038
-12.8006
-10.8121
-9.0921
-7.60097
-6.30445
-5.17303
-4.18123
-3.30689
-2.53058
-1.83548
-1.20922
-0.64961
-0.228035
-768.557
-717.422
-620.765
-528.108
-452.394
-388.428
-333.025
-285.763
-246.008
-212.495
-183.886
-159.067
-137.278
-118.168
-101.585
-87.3126
-75.0567
-64.5298
-55.4866
-47.7184
-41.0449
-35.3095
-30.3773
-26.1326
-22.4766
-19.3246
-16.6039
-14.2522
-12.216
-10.4494
-8.91284
-7.57232
-6.39868
-5.36683
-4.45506
-3.64406
-2.91539
-2.24792
-1.60049
-0.938746
-595.639
-567.716
-504.101
-434.186
-373.343
-321.716
-277.169
-239.025
-206.832
-179.662
-156.272
-135.429
-116.415
-99.3646
-84.5945
-72.0179
-61.3262
-52.2181
-44.4496
-37.8204
-32.1611
-27.3266
-23.1931
-19.6562
-16.6272
-14.0309
-11.803
-9.88863
-8.24098
-6.81988
-5.59095
-4.52481
-3.59642
-2.78458
-2.07162
-1.4433
-0.889838
-0.410186
-0.0261688
0.152399
-451.708
-435.068
-396.672
-351.21
-308.733
-271.11
-237.885
-209.011
-184.482
-163.742
-145.499
-127.946
-110.326
-94.0355
-80.0779
-68.3492
-58.4588
-50.0815
-42.9666
-36.9121
-31.7494
-27.336
-23.5536
-20.3055
-17.5113
-15.1033
-13.0247
-11.2267
-9.66836
-8.31425
-7.13423
-6.10247
-5.19701
-4.39936
-3.69404
-3.06815
-2.50993
-2.00427
-1.51005
-0.972707
-328.75
-319.17
-295.895
-266.159
-236.334
-208.88
-184.504
-163.728
-146.919
-133.756
-122.219
-108.047
-90.1174
-74.1082
-61.4351
-51.3407
-43.0857
-36.218
-30.4638
-25.6395
-21.5893
-18.1761
-15.2878
-12.8364
-10.7506
-8.97174
-7.45085
-6.14704
-5.02618
-4.05953
-3.2227
-2.49497
-1.85912
-1.30119
-0.810544
-0.380658
-0.0114474
0.284539
0.464276
0.399673
-218.227
-212.669
-198.701
-180.139
-160.945
-143.217
-128.027
-116.354
-109.304
-107.654
-108.153
-98.8677
-76.909
-59.6817
-47.4619
-38.8065
-32.4288
-27.3783
-23.2089
-19.7438
-16.8538
-14.424
-12.3674
-10.6197
-9.13025
-7.85712
-6.76571
-5.82716
-5.01725
-4.31561
-3.70485
-3.17
-2.6985
-2.28017
-1.90728
-1.57516
-1.28269
-1.0316
-0.812481
-0.612792
-114.86
-111.954
-104.48
-94.3791
-83.8618
-74.3681
-67.0239
-63.4117
-66.3571
-80.7989
-102.732
-95.1311
-55.8417
-39.1931
-27.8008
-20.3442
-15.6573
-12.3626
-9.90355
-8.04853
-6.60485
-5.43806
-4.47446
-3.66979
-2.99107
-2.41286
-1.91617
-1.4863
-1.11144
-0.781737
-0.488955
-0.226097
0.0129657
0.233424
0.438865
0.629467
0.797638
0.9173
0.916112
0.620601
-15.272
-14.3682
-11.8382
-8.4093
-4.98024
-2.23978
-1.04553
-3.43051
-15.5261
-57.5938
-131.442
-127.504
-52.2952
-9.51561
-3.58365
-2.48734
-1.87202
-0.8073
0.0229377
0.448341
0.63831
0.716126
0.726412
0.689969
0.624146
0.54255
0.453692
0.363021
0.274673
0.192103
0.118142
0.0553124
0.00620104
-0.0264064
-0.0393965
-0.0302575
0.0014254
0.0492934
0.0871359
0.0282023
83.1123
82.3001
80.6095
78.268
75.5815
72.9948
71.1945
71.1349
46.5525
25.7278
-260.938
-219.339
-24.2181
12.3338
40.971
31.8576
23.3744
18.5572
15.2906
12.6552
10.4796
8.69309
7.21512
5.9795
4.93936
4.06053
3.31716
2.68871
2.15861
1.71339
1.34209
1.03628
0.790097
0.60042
0.469018
0.400792
0.402561
0.482387
0.622281
0.680229
182.502
179.969
174.077
165.944
157.031
148.932
143.997
146.367
152.181
236.409
1299.72
-411.583
96.9374
46.1622
24.281
23.8221
21.6814
18.0088
14.6538
11.7525
9.17152
6.87947
4.86843
3.11748
1.59906
0.286686
-0.843507
-1.813
-2.64113
-3.34508
-3.93986
-4.43776
-4.84801
-5.17683
-5.42463
-5.57892
-5.60296
-5.40722
-4.7488
-3.18622
285.093
280.564
269.84
255
238.603
222.904
210.31
204.135
210.645
234.547
249.892
167.074
130.334
94.4283
70.0535
59.187
51.1079
43.2463
36.4848
30.9222
26.2367
22.2204
18.7698
15.807
13.2591
11.0642
9.17094
7.53675
6.12538
4.90582
3.85158
2.9405
2.15463
1.48004
0.906648
0.432315
0.0648641
-0.183754
-0.297399
-0.512796
393.414
386.316
369.462
346.257
320.622
295.365
272.544
253.954
241.19
232.709
219.667
179.905
145.64
120.931
98.3603
82.2985
70.2716
59.9907
51.1747
43.7429
37.4234
31.9865
27.2907
23.2303
19.7167
16.6733
14.0348
11.7455
9.7579
8.03064
6.52747
5.21725
4.07357
3.07412
2.19998
1.43541
0.765883
0.171924
-0.357547
-1.11916
510.692
500.019
474.851
440.836
403.992
367.867
334.297
304.37
278.488
255.164
229.672
198.683
168.584
143.292
121.341
103.422
88.9505
76.7215
66.2189
57.2498
49.594
43.0312
37.3902
32.5364
28.3566
24.7533
21.6433
18.9558
16.6293
14.6115
12.857
11.3264
9.98528
8.80309
7.75082
6.79722
5.89936
4.97726
3.8479
1.99675
641.349
625.199
587.776
538.829
487.578
438.295
392.478
350.836
313.513
279.572
246.704
213.625
183.177
156.822
133.893
114.257
97.6962
83.6073
71.5181
61.1529
52.2788
44.6715
38.1388
32.5232
27.692
23.5321
19.9467
16.8528
14.1788
11.863
9.85251
8.10084
6.56718
5.21469
4.00899
2.9164
1.90323
0.940023
0.0377822
-0.718656
792.128
767.076
711.223
642.717
575.315
512.965
455.925
404.337
358.199
316.817
278.923
243.726
211.699
183.317
158.454
136.882
118.336
102.396
88.6568
76.8095
66.6016
57.8041
50.2159
43.6657
38.0079
33.1172
28.8855
25.2191
22.0371
19.269
16.8535
14.7371
12.8719
11.2142
9.72275
8.3552
7.06182
5.76959
4.32794
2.48273
973.299
929.97
840.365
739.946
648.599
568.177
496.748
433.647
378.434
330.085
287.292
249.053
215.003
185.058
158.98
136.404
116.951
100.22
85.829
73.4518
62.8143
53.6754
45.8233
39.0749
33.2732
28.2827
23.9863
20.2832
17.0858
14.3184
11.9151
9.81827
7.97673
6.34469
4.8805
3.54605
2.30865
1.15197
0.119008
-0.581012
1207.9
1132.58
998.423
865.787
753.249
656.118
570.489
495.703
431.075
375.155
326.384
283.563
245.937
213.016
184.344
159.455
137.903
119.272
103.176
89.2758
77.2752
66.9167
57.9747
50.2524
43.58
37.8105
32.8168
28.4885
24.7302
21.4587
18.6014
16.0944
13.8813
11.911
10.1372
8.51512
6.99825
5.52809
3.99209
2.23712
1516.46
1313.13
1075.34
898.237
768.626
661.532
569.082
490.285
423.579
366.644
317.501
274.768
237.502
205.025
176.78
152.272
131.05
112.706
96.8693
83.2077
71.4312
61.2852
52.5468
45.0211
38.5386
32.9525
28.1351
23.9758
20.3785
17.2593
14.5449
12.1711
10.081
8.22427
6.55576
5.03505
3.62753
2.31118
1.09938
0.140733
2142.58
1723.05
1311.3
1049.01
876.072
740.438
627.874
535.373
459.277
395.638
341.548
295.103
254.999
220.282
190.213
164.184
141.671
122.216
105.416
90.9167
78.4071
67.6172
58.3115
50.2846
43.3583
37.3782
32.2102
27.7382
23.8613
20.4916
17.5524
14.9763
12.7041
10.6829
8.86556
7.20866
5.67121
4.21198
2.77495
1.33874
-1595.15
-1200.91
-859.039
-662.64
-541.408
-449.06
-374.237
-314.42
-266.531
-227.421
-194.84
-167.313
-143.821
-123.643
-106.27
-91.314
-78.4474
-67.3806
-57.862
-49.6754
-42.635
-36.58
-31.3717
-26.8901
-23.0321
-19.7087
-16.8434
-14.3704
-12.2327
-10.3815
-8.7746
-7.37563
-6.15327
-5.08038
-4.13318
-3.29034
-2.53185
-1.83779
-1.18241
-0.562711
-1016.68
-849.168
-667.386
-544.113
-459.359
-390.513
-331.771
-282.718
-242.144
-208.231
-179.461
-154.757
-133.361
-114.77
-98.6481
-84.718
-72.7092
-62.3663
-53.463
-45.803
-39.2153
-33.551
-28.6806
-24.4919
-20.8883
-17.7866
-15.1149
-12.8112
-10.8222
-9.1018
-7.6102
-6.3132
-5.18127
-4.18892
-3.31395
-2.53689
-1.84084
-1.21327
-0.651717
-0.225187
-768.556
-717.421
-620.761
-528.101
-452.38
-388.402
-332.981
-285.692
-245.902
-212.35
-183.711
-158.89
-137.135
-118.075
-101.532
-87.284
-75.0424
-64.5242
-55.4858
-47.7199
-41.047
-35.3115
-30.3788
-26.1335
-22.477
-19.3245
-16.6034
-14.2516
-12.2153
-10.4487
-8.91225
-7.57184
-6.39831
-5.36654
-4.45474
-3.64352
-2.9143
-2.24572
-1.59645
-0.930297
-595.639
-567.715
-504.097
-434.176
-373.323
-321.676
-277.095
-238.897
-206.628
-179.365
-155.899
-135.055
-116.137
-99.2133
-84.5315
-72.0035
-61.3375
-52.2427
-44.4812
-37.8561
-32.199
-27.3653
-23.2316
-19.6938
-16.6634
-14.0653
-11.8355
-9.91902
-8.26919
-6.8459
-5.6148
-4.54651
-3.61594
-2.80188
-2.0866
-1.45576
-0.899363
-0.416029
-0.0272226
0.160743
-451.709
-435.069
-396.669
-351.199
-308.706
-271.052
-237.768
-208.789
-184.094
-163.131
-144.677
-127.11
-109.736
-93.708
-79.9124
-68.2798
-58.4448
-50.0926
-42.9854
-36.9315
-31.767
-27.3514
-23.5675
-20.3184
-17.5236
-15.1155
-13.0368
-11.239
-9.68075
-8.32681
-7.14689
-6.11515
-5.2096
-4.41167
-3.70576
-3.0787
-2.51831
-2.00879
-1.50827
-0.958245
-328.754
-319.174
-295.896
-266.152
-236.307
-208.809
-184.336
-163.368
-146.213
-132.515
-120.413
-106.305
-89.171
-73.737
-61.3209
-51.3551
-43.179
-36.3607
-30.6356
-25.8228
-21.7709
-18.3483
-15.4471
-12.9813
-10.881
-9.08793
-7.55344
-6.23676
-5.10398
-4.12653
-3.27989
-2.54319
-1.89912
-1.33362
-0.835871
-0.399042
-0.0224799
0.282356
0.473346
0.428806
-218.236
-212.678
-198.71
-180.145
-160.935
-143.155
-127.829
-115.835
-108.084
-105.059
-103.713
-94.5504
-74.6793
-58.7264
-47.254
-38.9145
-32.5611
-27.4707
-23.2849
-19.8186
-16.9303
-14.5028
-12.4486
-10.7024
-9.21316
-7.93941
-6.84663
-5.90597
-5.09332
-4.38857
-3.77438
-3.23584
-2.76059
-2.33855
-1.96179
-1.62502
-1.32583
-1.06323
-0.82356
-0.580644
-114.877
-111.974
-104.508
-94.4159
-83.9025
-74.3828
-66.9121
-62.881
-64.6366
-75.9917
-92.5356
-88.8032
-53.2572
-37.6741
-27.5627
-21.2411
-16.9393
-13.6523
-11.0897
-9.09973
-7.51995
-6.23007
-5.15963
-4.26307
-3.50478
-2.85732
-2.30055
-1.81921
-1.40065
-1.03387
-0.709703
-0.42033
-0.158737
0.0810998
0.3036
0.510109
0.695189
0.837254
0.871496
0.656439
-15.2991
-14.4027
-11.8928
-8.49993
-5.12709
-2.45769
-1.29318
-3.39934
-13.9724
-51.2792
-110.929
-108.127
-47.6589
-11.0889
-4.75665
-2.7823
-1.98006
-1.0808
-0.388428
-0.0227452
0.143453
0.213206
0.225873
0.198035
0.144959
0.0802403
0.0103356
-0.0613296
-0.131527
-0.197129
-0.255511
-0.304208
-0.340498
-0.361377
-0.363147
-0.342139
-0.294354
-0.216113
-0.10815
0.0262765
83.0747
82.2495
80.5217
78.1033
75.2632
72.3662
69.9221
68.5747
44.5984
28.6489
-210.59
-179.794
-21.1071
7.55287
20.8764
16.8256
12.4299
9.69706
7.73245
6.03662
4.55777
3.29968
2.23636
1.33774
0.57796
-0.0640445
-0.602735
-1.04991
-1.41649
-1.71236
-1.94604
-2.124
-2.25063
-2.32818
-2.35039
-2.31132
-2.19949
-1.99028
-1.63276
-1.01709
182.456
179.906
173.964
165.721
156.574
147.96
141.825
141.417
142.022
212.995
1232.46
-378.458
69.5128
19.6066
20.6388
17.9546
14.0125
10.3501
7.34684
4.81433
2.61993
0.71496
-0.929469
-2.34148
-3.54967
-4.58015
-5.45526
-6.19357
-6.81152
-7.32371
-7.74315
-8.07928
-8.33798
-8.52552
-8.63987
-8.66416
-8.55595
-8.20651
-7.28863
-5.11696
285.045
280.499
269.723
254.772
238.146
221.963
208.333
199.925
201.63
215.482
222.056
148.204
120.828
93.4812
72.5795
59.8893
50.552
42.2641
35.2554
29.4889
24.6749
20.6005
17.1404
14.2065
11.7132
9.58657
7.76759
6.20868
4.87105
3.72236
2.73501
1.8863
1.15846
0.537767
0.0115938
-0.420157
-0.746191
-0.942866
-0.955104
-0.943072
393.369
386.256
369.358
346.062
320.249
294.644
271.151
251.303
236.314
224.735
208.37
172.234
141.188
117.649
97.1149
82.0462
70.1757
59.8481
50.9478
43.4131
36.9994
31.4911
26.7439
22.6412
19.093
16.0231
13.3652
11.063
9.07008
7.34345
5.84449
4.54063
3.40483
2.41458
1.5508
0.798781
0.147823
-0.409116
-0.84877
-1.33545
510.654
499.969
474.767
440.686
403.718
367.367
333.399
302.807
275.907
251.39
225.387
194.959
165.752
141.397
120.49
103.109
88.7272
76.4924
65.9955
57.0266
49.3607
42.7857
37.1341
32.2705
28.0817
24.4714
21.3576
18.6684
16.3403
14.3201
12.5629
11.0299
9.68705
8.50391
7.452
6.50127
5.61201
4.71367
3.6453
2.02459
641.318
625.16
587.713
538.72
487.388
437.966
391.921
349.931
312.137
277.706
244.669
211.911
181.893
155.924
133.346
113.955
97.516
83.4934
71.4482
61.1049
52.234
44.6198
38.0758
32.4467
27.601
23.4264
19.8266
16.7191
14.032
11.7044
9.68369
7.92373
6.38358
5.02635
3.8178
2.72519
1.71729
0.771006
-0.0893719
-0.720653
792.104
767.046
711.178
642.641
575.188
512.755
455.587
403.819
357.456
315.858
277.873
242.767
210.916
182.719
158.034
136.61
118.153
102.259
88.5448
76.7121
66.5114
57.7167
50.129
43.5784
37.9196
33.0275
28.7944
25.1269
21.9437
19.1743
16.7576
14.6401
12.7741
11.1159
9.62461
8.25866
6.96986
5.68863
4.27067
2.49124
973.281
929.948
840.332
739.893
648.514
568.041
496.54
433.342
378.017
329.568
286.731
248.531
214.576
184.738
158.756
136.258
116.855
100.155
85.7845
73.4233
62.7975
53.6665
45.8196
39.0747
33.2749
28.2852
23.9887
20.2845
17.0853
14.3156
11.9095
9.80975
7.96526
6.33054
4.86441
3.52938
2.29373
1.14283
0.12161
-0.552948
1207.88
1132.56
998.399
865.75
753.191
656.03
570.359
495.521
430.835
374.864
326.069
283.261
245.677
212.805
184.179
159.328
137.804
119.191
103.108
89.216
77.221
66.866
57.9259
50.2048
43.533
37.7638
32.7701
28.4418
24.6835
21.4122
18.5551
16.0487
13.8361
11.8667
10.0941
8.47394
6.96019
5.49544
3.96906
2.23665
1516.45
1313.12
1075.32
898.208
768.583
661.469
568.993
490.166
423.428
366.468
317.313
274.588
237.347
204.901
176.687
152.205
131.004
112.676
96.8489
83.195
71.4242
61.2827
52.5476
45.0244
38.5441
32.9596
28.1435
23.9852
20.3885
17.2697
14.5555
12.1815
10.0911
8.234
6.56522
5.04468
3.6382
2.32417
1.11583
0.1626
2142.57
1723.04
1311.28
1048.98
876.037
740.387
627.804
535.279
459.161
395.503
341.404
294.962
254.871
220.174
190.125
164.113
141.614
122.17
105.378
90.8836
78.378
67.5911
58.2875
50.2623
43.3373
37.3581
32.1909
27.7196
23.8432
20.4741
17.5354
14.9598
12.6881
10.6676
8.85118
7.19553
5.65996
4.20365
2.7711
1.34434
-1595.15
-1200.91
-859.035
-662.633
-541.396
-449.041
-374.209
-314.38
-266.477
-227.355
-194.765
-167.238
-143.756
-123.595
-106.239
-91.2966
-78.4386
-67.3771
-57.8617
-49.6768
-42.6372
-36.5824
-31.374
-26.8921
-23.0337
-19.71
-16.8443
-14.3709
-12.233
-10.3816
-8.77446
-7.37535
-6.15287
-5.07983
-4.13243
-3.28928
-2.53032
-1.83559
-1.17952
-0.559375
-1016.68
-849.165
-667.381
-544.104
-459.346
-390.49
-331.736
-282.665
-242.071
-208.138
-179.354
-154.65
-133.275
-114.714
-98.6197
-84.7088
-72.7117
-62.3756
-53.476
-45.8176
-39.2304
-33.5659
-28.6949
-24.5055
-20.9013
-17.7989
-15.1265
-12.8222
-10.8325
-9.11146
-7.61926
-6.32168
-5.18915
-4.19615
-3.32046
-2.54251
-1.8453
-1.21611
-0.652191
-0.219437
-768.555
-717.418
-620.756
-528.09
-452.36
-388.367
-332.923
-285.599
-245.764
-212.162
-183.484
-158.662
-136.951
-117.955
-101.463
-87.2458
-75.0221
-64.5144
-55.4817
-47.7183
-41.046
-35.3099
-30.3762
-26.1298
-22.4723
-19.3191
-16.5975
-14.2454
-12.2092
-10.4428
-8.90665
-7.56672
-6.39372
-5.36247
-4.45112
-3.64013
-2.9107
-2.24118
-1.59004
-0.918417
-595.638
-567.712
-504.091
-434.162
-373.295
-321.622
-276.997
-238.73
-206.363
-178.983
-155.423
-134.578
-115.784
-99.0187
-84.4463
-71.977
-61.341
-52.2612
-44.507
-37.8852
-32.2294
-27.3955
-23.2609
-19.7216
-16.6895
-14.0895
-11.8577
-9.93927
-8.28753
-6.86241
-5.62959
-4.55966
-3.62741
-2.81159
-2.09443
-1.46146
-0.902429
-0.415477
-0.0217083
0.177167
-451.71
-435.068
-396.664
-351.184
-308.671
-270.975
-237.614
-208.5
-183.594
-162.35
-143.635
-126.053
-108.989
-93.2903
-79.6912
-68.1705
-58.3977
-50.0727
-42.9733
-36.9191
-31.7519
-27.3337
-23.5484
-20.2994
-17.5059
-15.1
-13.0241
-11.2296
-9.6749
-8.32464
-7.14843
-6.12033
-5.21825
-4.42345
-3.72009
-3.09458
-2.53423
-2.02235
-1.51583
-0.949331
-328.759
-319.177
-295.896
-266.141
-236.271
-208.713
-184.115
-162.903
-145.311
-130.947
-118.152
-104.112
-87.9865
-73.2243
-61.0848
-51.2566
-43.1668
-36.4006
-30.7048
-25.9038
-21.8513
-18.4216
-15.5109
-13.0351
-10.9254
-9.12404
-7.58199
-6.25847
-5.11977
-4.13743
-3.2865
-2.54582
-1.89824
-1.32984
-0.829613
-0.390326
-0.0106702
0.299422
0.498943
0.475114
-218.247
-212.69
-198.722
-180.152
-160.919
-143.071
-127.57
-115.166
-106.538
-101.829
-98.2101
-89.1019
-71.9909
-57.4258
-46.7012
-38.6455
-32.3215
-27.2169
-23.046
-19.6121
-16.7603
-14.3702
-12.3521
-10.6393
-9.18019
-7.93373
-6.86509
-5.94507
-5.15006
-4.46085
-3.85955
-3.33071
-2.86266
-2.44587
-2.07247
-1.7368
-1.4351
-1.16363
-0.903399
-0.603677
-114.898
-111.999
-104.542
-94.4616
-83.9515
-74.3958
-66.7603
-62.1998
-62.4822
-70.1475
-79.8953
-79.9856
-49.876
-34.7309
-26.0283
-21.0811
-17.2512
-14.0173
-11.3976
-9.32091
-7.65664
-6.29933
-5.18003
-4.24939
-3.46702
-2.80157
-2.22905
-1.73352
-1.30326
-0.927234
-0.597108
-0.305322
-0.0438216
0.194477
0.414649
0.618793
0.803123
0.94941
0.995756
0.828609
-15.3333
-14.4465
-11.962
-8.61438
-5.31117
-2.72762
-1.5941
-3.36397
-12.1327
-43.0839
-81.963
-80.6724
-40.7362
-8.41693
1.56308
1.97005
1.26131
1.02989
0.938928
0.796064
0.62496
0.463296
0.315921
0.174235
0.0334785
-0.100082
-0.223504
-0.337436
-0.440117
-0.529639
-0.604939
-0.665107
-0.708472
-0.73289
-0.735935
-0.713623
-0.659723
-0.564395
-0.411318
-0.104678
83.0267
82.1848
80.4097
77.8941
74.8613
71.5763
68.3211
65.274
42.0631
29.2026
-119.669
-114.864
-14.911
10.7743
16.1109
15.3787
13.3976
11.5594
9.92361
8.35969
6.90882
5.62119
4.50227
3.5412
2.72218
2.02397
1.42969
0.929106
0.512483
0.170132
-0.1069
-0.325037
-0.488295
-0.599805
-0.664099
-0.676456
-0.619896
-0.466437
-0.181556
0.281604
182.398
179.826
173.82
165.438
155.996
146.734
139.084
135.078
127.035
160.218
804.019
-562.845
-54.3882
7.26672
35.6136
27.1057
19.6035
14.4899
10.6215
7.47818
4.86096
2.65694
0.787759
-0.800921
-2.14935
-3.2932
-4.26402
-5.08542
-5.77709
-6.35565
-6.83708
-7.23564
-7.55696
-7.79865
-7.95707
-8.02158
-7.95448
-7.64917
-6.79165
-4.74612
284.984
280.415
269.573
254.481
237.563
220.773
205.84
194.625
190.184
187.978
180.906
124.074
103.026
80.0309
56.8941
48.5159
42.2745
36.1373
30.5673
25.7366
21.5627
17.9435
14.8015
12.0856
9.75183
7.7467
6.0222
4.53716
3.25743
2.15585
1.20777
0.391589
-0.30936
-0.905341
-1.39728
-1.78509
-2.0626
-2.2065
-2.14557
-1.92193
393.312
386.18
369.225
345.812
319.771
293.727
269.391
247.971
230.195
214.73
193.425
163.46
134.869
111.398
93.616
80.799
69.7127
59.6467
50.8482
43.3236
36.8782
31.3316
26.5593
22.448
18.8981
15.8312
13.1767
10.8742
8.87957
7.15298
5.65501
4.35227
3.21747
2.22853
1.3679
0.621601
-0.0189253
-0.551251
-0.928716
-1.16328
510.604
499.905
474.66
440.493
403.366
366.728
332.258
300.83
272.658
246.663
220.089
190.597
162.485
138.894
118.86
101.896
87.5995
75.4238
65.0233
56.1491
48.5633
42.0598
36.4737
31.6683
27.5258
23.9511
20.8665
18.2056
15.9071
13.9143
12.1819
10.6709
9.34734
8.18144
7.14546
6.21081
5.34083
4.47315
3.46552
2.05234
641.279
625.109
587.632
538.58
487.143
437.543
391.209
348.781
310.397
275.363
242.148
209.861
180.35
154.718
132.455
113.324
97.0474
83.1313
71.1685
60.8844
52.0524
44.4648
37.9403
32.3264
27.492
23.326
19.7335
16.6327
13.9494
11.6224
9.60073
7.8391
6.2978
4.94041
3.73291
2.64362
1.64416
0.717804
-0.100191
-0.62441
792.074
767.008
711.119
642.543
575.024
512.483
455.152
403.155
356.51
314.642
276.552
241.577
209.952
181.968
157.481
136.217
117.852
102.002
88.3106
76.492
66.2992
57.5093
49.9256
43.3792
37.725
32.8381
28.6107
24.9495
21.7727
19.0093
16.5983
14.4869
12.6267
10.9737
9.48758
8.12783
6.84812
5.58253
4.19319
2.48543
973.258
929.92
840.29
739.825
648.403
567.866
496.27
432.949
377.483
328.908
286.019
247.875
214.046
184.338
158.468
136.055
116.708
100.041
85.6939
73.3505
62.7381
53.6173
45.7787
39.0407
33.2468
28.262
23.9696
20.2685
17.0717
14.3033
11.8981
9.79857
7.95386
6.31905
4.85372
3.52108
2.29055
1.14937
0.144207
-0.502005
1207.86
1132.54
998.368
865.703
753.117
655.917
570.191
495.285
430.526
374.49
325.665
282.876
245.346
212.537
183.968
159.162
137.671
119.08
103.01
89.1271
77.1372
66.7849
57.8459
50.1251
43.4533
37.6839
32.69
28.3618
24.6039
21.3333
18.4776
15.9727
13.7622
11.7953
10.0257
8.40943
6.90109
5.44442
3.93101
2.22765
1516.44
1313.1
1075.3
898.171
768.528
661.389
568.879
490.011
423.233
366.239
317.071
274.357
237.148
204.743
176.568
152.119
130.944
112.633
96.819
83.1741
71.4099
61.2731
52.5416
45.0213
38.5433
32.9608
28.1463
23.9894
20.3939
17.276
14.5624
12.1887
10.0984
8.24131
6.57272
5.05301
3.64848
2.33808
1.13484
0.189252
2142.56
1723.02
1311.26
1048.95
875.992
740.321
627.713
535.158
459.01
395.328
341.216
294.778
254.706
220.034
190.011
164.022
141.54
122.109
105.327
90.8391
78.3382
67.5546
58.2533
50.2296
43.3057
37.3273
32.1606
27.6896
23.8137
20.4449
17.5066
14.9316
12.6607
10.6413
8.82609
7.17219
5.63916
4.18666
2.76003
1.34627
-1595.15
-1200.9
-859.03
-662.625
-541.383
-449.021
-374.178
-314.337
-266.419
-227.282
-194.683
-167.157
-143.686
-123.544
-106.206
-91.2778
-78.429
-67.3733
-57.8614
-49.6785
-42.6398
-36.5854
-31.377
-26.8949
-23.0363
-19.7122
-16.8463
-14.3727
-12.2345
-10.3829
-8.77567
-7.37647
-6.15389
-5.08073
-4.13313
-3.28964
-2.53014
-1.83463
-1.17769
-0.556865
-1016.68
-849.162
-667.376
-544.096
-459.331
-390.466
-331.698
-282.609
-241.992
-208.037
-179.239
-154.537
-133.183
-114.654
-98.5893
-84.6989
-72.7144
-62.3858
-53.4902
-45.8338
-39.2473
-33.5828
-28.7115
-24.5217
-20.9169
-17.814
-15.141
-12.8362
-10.846
-9.12434
-7.63158
-6.33341
-5.20026
-4.20656
-3.33002
-2.55104
-1.85245
-1.22135
-0.654671
-0.215152
-768.553
-717.415
-620.75
-528.079
-452.339
-388.329
-332.859
-285.498
-245.615
-211.96
-183.244
-158.421
-136.756
-117.828
-101.391
-87.2066
-75.0019
-64.5056
-55.4794
-47.7193
-41.0483
-35.3122
-30.378
-26.1309
-22.4727
-19.3187
-16.5967
-14.2442
-12.2078
-10.4414
-8.90535
-7.56561
-6.39282
-5.36177
-4.45052
-3.63935
-2.90922
-2.23816
-1.58449
-0.906745
-595.637
-567.71
-504.084
-434.147
-373.264
-321.563
-276.891
-238.551
-206.08
-178.58
-154.924
-134.081
-115.416
-98.8182
-84.3619
-71.9551
-61.3519
-52.2893
-44.5437
-37.9262
-32.2723
-27.4391
-23.3043
-19.7643
-16.731
-14.1294
-11.8957
-9.97512
-8.32105
-6.89351
-5.65826
-4.58582
-3.6508
-2.83195
-2.11154
-1.47497
-0.911753
-0.419655
-0.0195684
0.191613
-451.711
-435.067
-396.658
-351.168
-308.632
-270.891
-237.448
-208.192
-183.065
-161.533
-142.563
-124.971
-108.228
-92.8727
-79.4818
-68.0763
-58.3682
-50.0761
-42.9909
-36.9409
-31.7728
-27.3522
-23.5643
-20.3132
-17.5183
-15.1115
-13.0353
-11.2409
-9.68658
-8.33681
-7.16119
-6.13392
-5.23261
-4.43839
-3.73507
-3.10828
-2.54486
-2.02755
-1.51221
-0.928206
-328.763
-319.181
-295.895
-266.129
-236.231
-208.61
-183.879
-162.408
-144.364
-129.329
-115.879
-101.917
-86.8659
-72.7877
-60.9493
-51.2711
-43.2544
-36.5246
-30.8489
-26.0562
-22.0025
-18.5657
-15.6446
-13.1567
-11.034
-9.21921
-7.66364
-6.32683
-5.1759
-4.18279
-3.32174
-2.57043
-1.91184
-1.33281
-0.822778
-0.374657
0.012951
0.33157
0.541561
0.540435
-218.259
-212.702
-198.734
-180.158
-160.9
-142.979
-127.291
-114.454
-104.915
-98.5495
-92.8807
-83.4797
-69.5846
-56.4284
-46.4114
-38.6903
-32.4462
-27.3368
-23.1495
-19.699
-16.8327
-14.4321
-12.4072
-10.6892
-9.22716
-7.98076
-6.91327
-5.9923
-5.19387
-4.50228
-3.90079
-3.37156
-2.9031
-2.48566
-2.11091
-1.77254
-1.46488
-1.18125
-0.899187
-0.544217
-114.921
-112.025
-104.578
-94.5088
-84.0005
-74.4024
-66.5834
-61.4505
-60.1491
-64.3607
-68.2457
-61.4903
-46.955
-33.2023
-26.11
-21.6532
-17.8854
-14.6372
-11.9573
-9.7821
-8.00762
-6.5469
-5.33569
-4.32171
-3.46636
-2.74514
-2.13203
-1.60442
-1.14933
-0.752324
-0.404582
-0.100882
0.167512
0.409059
0.629921
0.833267
1.0167
1.16391
1.21269
1.08217
-15.3696
-14.4929
-12.035
-8.73408
-5.50042
-2.99506
-1.85247
-3.14474
-8.9111
-34.9645
-54.5541
-55.4525
-33.1381
-6.55616
-1.11286
0.345768
0.632541
0.797242
0.875944
0.840994
0.740798
0.620474
0.495839
0.365845
0.232105
0.105513
-0.0124946
-0.126421
-0.232353
-0.326381
-0.406241
-0.471247
-0.519812
-0.549604
-0.557827
-0.540052
-0.489355
-0.393825
-0.234801
0.125361
82.9756
82.1161
80.2914
77.6752
74.4474
70.7832
66.7827
62.2033
55.6863
22.1209
-37.0295
-57.6568
0.879918
8.45062
9.04687
11.5999
11.9016
11.2476
10.3099
9.21334
8.07083
6.97621
5.9701
5.06378
4.26022
3.55548
2.93833
2.40053
1.93581
1.53776
1.20012
0.916401
0.681719
0.4951
0.357466
0.275613
0.263461
0.340106
0.509113
0.79112
182.336
179.741
173.667
165.141
155.4
145.501
136.439
129.25
125.065
114.037
72.6093
-10.0122
51.4729
59.4791
49.4568
38.2134
29.9484
23.9402
19.1954
15.2958
12.0456
9.31133
6.99333
5.01949
3.33619
1.89887
0.671262
-0.37691
-1.27083
-2.03098
-2.67319
-3.21186
-3.66098
-4.0271
-4.31073
-4.5027
-4.57084
-4.43258
-3.87364
-2.48212
284.918
280.325
269.413
254.174
236.957
219.553
203.335
189.401
178.399
167.292
143.807
111.543
96.1486
80.8428
66.5032
57.1844
49.8463
43.2146
37.2787
32.0945
27.602
23.7066
20.3231
17.3815
14.83
12.6202
10.7079
9.05149
7.61613
6.37293
5.29632
4.36534
3.56274
2.87467
2.29317
1.81398
1.43942
1.17763
1.02068
0.781987
393.251
386.097
369.082
345.547
319.269
292.773
267.586
244.612
224.035
204.348
180.503
153.719
130.651
109.417
93.9279
81.3653
70.0802
59.9217
51.0601
43.4585
36.9364
31.323
26.4963
22.3484
18.7821
15.7173
13.078
10.7992
8.82949
7.127
5.65303
4.37448
3.26392
2.29881
1.46104
0.736431
0.117162
-0.391598
-0.742609
-0.848226
510.552
499.836
474.545
440.287
402.993
366.057
331.071
298.8
269.355
241.856
214.328
186.173
160.122
137.493
118.337
101.899
87.7898
75.7036
65.3635
56.5154
48.9308
42.4171
36.814
31.9913
27.8348
24.2446
21.1426
18.4587
16.1337
14.1173
12.3644
10.835
9.49453
8.31379
7.26531
6.32113
5.44636
4.58314
3.59487
2.26557
641.236
625.056
587.545
538.43
486.882
437.095
390.461
347.585
308.605
272.974
239.596
207.955
179.127
153.857
131.942
113.081
96.9287
83.0678
71.139
60.8717
52.0409
44.444
37.9045
32.2727
27.4169
23.2254
19.606
16.4827
13.7842
11.4457
9.41413
7.64301
6.09361
4.73101
3.52103
2.43258
1.43937
0.529785
-0.25138
-0.691296
792.041
766.968
711.056
642.437
574.848
512.194
454.692
402.457
355.521
313.383
275.191
240.37
209.008
181.272
157.008
135.919
117.66
101.87
88.2187
76.4266
66.2495
57.4679
49.8887
43.345
37.6925
32.8069
28.581
24.9213
21.7456
18.9816
16.5693
14.458
12.6
10.9491
9.46509
8.10822
6.83352
5.57737
4.20402
2.5337
973.233
929.89
840.244
739.751
648.284
567.678
495.984
432.534
376.921
328.218
285.277
247.199
213.51
183.949
158.2
135.88
116.594
99.9658
85.6444
73.3198
62.7207
53.609
45.7765
39.0427
33.2513
28.2673
23.9738
20.2701
17.0691
14.2961
11.8858
9.78083
7.93002
6.28968
4.8204
3.4859
2.25662
1.12181
0.130837
-0.489147
1207.85
1132.52
998.335
865.651
753.037
655.794
570.012
495.034
430.196
374.095
325.239
282.472
245.002
212.262
183.754
158.998
137.544
118.978
102.925
89.0541
77.0726
66.7257
57.7903
50.0719
43.4017
37.6333
32.6402
28.3126
24.5557
21.2866
18.4328
15.9301
13.7218
11.7571
9.98976
8.37611
6.87142
5.4206
3.917
2.23621
1516.42
1313.08
1075.27
898.132
768.469
661.302
568.756
489.846
423.025
365.996
316.813
274.112
236.938
204.576
176.443
152.03
130.882
112.591
96.7916
83.157
71.4004
61.2693
52.5422
45.0254
38.5502
32.9699
28.1572
24.0015
20.4069
17.2894
14.5757
12.2014
10.11
8.25154
6.58177
5.06167
3.65815
2.35067
1.15194
0.212917
2142.54
1723.01
1311.24
1048.92
875.943
740.251
627.614
535.028
458.848
395.14
341.016
294.582
254.53
219.885
189.89
163.925
141.463
122.047
105.274
90.7946
78.2995
67.5201
58.2219
50.2006
43.2785
37.3016
32.1361
27.6661
23.7911
20.4231
17.4857
14.9118
12.6421
10.6241
8.81052
7.15853
5.62809
4.1792
2.75784
1.35511
-1595.15
-1200.9
-859.025
-662.617
-541.371
-449.002
-374.149
-314.296
-266.365
-227.216
-194.609
-167.082
-143.622
-123.497
-106.176
-91.2605
-78.4202
-67.3698
-57.8609
-49.6798
-42.6419
-36.5878
-31.3793
-26.897
-23.038
-19.7136
-16.8473
-14.3733
-12.2349
-10.383
-8.77561
-7.37625
-6.15354
-5.08024
-4.13246
-3.28868
-2.52871
-1.83253
-1.17487
-0.553606
-1016.68
-849.158
-667.37
-544.087
-459.317
-390.443
-331.663
-282.556
-241.92
-207.946
-179.135
-154.435
-133.1
-114.6
-98.5615
-84.6894
-72.7162
-62.3941
-53.5021
-45.8473
-39.2613
-33.5966
-28.7247
-24.5343
-20.929
-17.8254
-15.1519
-12.8465
-10.8557
-9.13355
-7.64026
-6.34156
-5.20785
-4.21355
-3.33633
-2.5565
-1.85678
-1.22402
-0.65493
-0.209462
-768.551
-717.413
-620.745
-528.068
-452.319
-388.294
-332.8
-285.406
-245.479
-211.778
-183.028
-158.205
-136.583
-117.715
-101.326
-87.172
-74.9841
-64.4974
-55.4767
-47.7193
-41.049
-35.3127
-30.3777
-26.1296
-22.4702
-19.3154
-16.5926
-14.2397
-12.2031
-10.4367
-8.90092
-7.56158
-6.3893
-5.35884
-4.44817
-3.63739
-2.90715
-2.23516
-1.57953
-0.896203
-595.636
-567.707
-504.077
-434.133
-373.236
-321.509
-276.795
-238.387
-205.825
-178.218
-154.481
-133.644
-115.09
-98.6357
-84.2812
-71.9287
-61.3526
-52.3035
-44.5641
-37.949
-32.2956
-27.4622
-23.3269
-19.7862
-16.752
-14.1495
-11.9146
-9.99278
-8.33743
-6.90859
-5.67206
-4.59831
-3.66164
-2.841
-2.11879
-1.48014
-0.913909
-0.41748
-0.012408
0.210292
-451.711
-435.066
-396.652
-351.152
-308.595
-270.814
-237.296
-207.912
-182.591
-160.811
-141.634
-124.053
-107.581
-92.5235
-79.3163
-68.0016
-58.3397
-50.0721
-42.9976
-36.9494
-31.7788
-27.3542
-23.5628
-20.3092
-17.5129
-15.106
-13.0307
-11.2383
-9.68687
-8.34015
-7.16811
-6.14542
-5.24849
-4.45818
-3.75871
-3.13433
-2.57106
-2.05084
-1.52711
-0.92171
-328.767
-319.184
-295.894
-266.118
-236.193
-208.514
-183.663
-161.963
-143.525
-127.92
-113.959
-100.086
-85.8003
-72.3334
-60.7876
-51.217
-43.2366
-36.5235
-30.86
-26.0763
-22.0281
-18.5938
-15.6735
-13.1852
-11.0614
-9.24427
-7.68507
-6.34414
-5.18964
-4.19298
-3.33017
-2.57803
-1.91803
-1.33703
-0.824191
-0.373364
0.0175106
0.341047
0.558168
0.579799
-218.269
-212.713
-198.745
-180.162
-160.881
-142.894
-127.038
-113.823
-103.521
-95.7896
-88.7981
-79.6153
-67.6286
-55.7994
-46.2518
-38.6742
-32.4707
-27.3581
-23.1528
-19.6857
-16.8111
-14.4118
-12.3945
-10.6875
-9.23997
-8.01161
-6.96511
-6.0642
-5.28061
-4.59794
-3.99984
-3.47241
-3.00684
-2.59246
-2.21986
-1.88211
-1.57322
-1.28405
-0.986056
-0.582172
-114.941
-112.049
-104.61
-94.5509
-84.0428
-74.4039
-66.4179
-60.7799
-58.1661
-58.8395
-59.8285
-54.5809
-43.4027
-32.8438
-26.072
-21.3538
-17.5551
-14.4017
-11.8092
-9.68621
-7.94274
-6.50817
-5.32476
-4.3349
-3.49351
-2.77661
-2.16497
-1.64283
-1.19772
-0.815082
-0.482729
-0.19185
0.0662514
0.299688
0.514569
0.714107
0.896175
1.04594
1.10553
1.01774
-15.4028
-14.5351
-12.101
-8.84119
-5.66724
-3.22556
-2.0734
-3.00939
-7.33494
-16.7972
-30.5245
-29.8159
-16.9654
-7.53972
-2.6098
-0.280925
0.597237
0.901859
0.938584
0.816392
0.621326
0.412385
0.21455
0.0249846
-0.158179
-0.326381
-0.47521
-0.606229
-0.719063
-0.812611
-0.886733
-0.941867
-0.977564
-0.992469
-0.98442
-0.949698
-0.881986
-0.768859
-0.585136
-0.165596
82.9289
82.0536
80.1846
77.4801
74.0859
70.1137
65.559
60.0415
52.2087
37.8737
-6.45045
-12.4613
12.1408
12.3923
14.1004
14.9827
14.3417
13.1162
11.7997
10.4731
9.18734
7.99606
6.92108
5.96329
5.1188
4.38169
3.74287
3.19008
2.71394
2.30653
1.96072
1.6703
1.43089
1.24082
1.10079
1.01513
0.992156
1.03996
1.13208
1.25705
182.279
179.663
173.528
164.876
154.879
144.456
134.309
124.877
115.988
104.74
67.7034
44.2632
59.6786
55.8067
46.344
37.5812
30.7783
25.3168
20.7702
16.9406
13.7006
10.9484
8.60229
6.598
4.88459
3.4195
2.16567
1.09241
0.174459
-0.609048
-1.27524
-1.83778
-2.30806
-2.69371
-2.99614
-3.20813
-3.30561
-3.22774
-2.82272
-1.73733
284.858
280.244
269.268
253.898
236.422
218.503
201.271
185.404
170.882
155.643
135.013
112.134
95.4809
81.7759
68.5251
57.8364
49.6195
42.786
36.89
31.8213
27.4733
23.7258
20.482
17.6685
15.2273
13.1091
11.2682
9.66728
8.27452
7.06296
6.00896
5.09243
4.29665
3.60868
3.02057
2.52851
2.13211
1.82814
1.57286
1.24905
393.194
386.022
368.953
345.308
318.821
291.937
266.047
241.871
219.431
197.587
173.831
148.996
127.42
108.855
93.4282
80.3209
68.9546
59.0255
50.4106
42.981
36.5716
31.0405
26.2799
22.1885
18.6681
15.6387
13.028
10.7741
8.82635
7.14264
5.68578
4.4235
3.32852
2.37824
1.55431
0.842595
0.235035
-0.263434
-0.608204
-0.641693
510.503
499.773
474.44
440.1
402.657
365.459
330.032
297.07
266.667
238.178
210.385
183.206
158.315
136.504
117.745
101.492
87.4546
75.402
65.0746
56.2256
48.6468
42.1561
36.583
31.7835
27.6448
24.0736
20.993
18.3312
16.0262
14.0266
12.287
10.7685
9.43735
8.26444
7.22273
6.28498
5.41762
4.56552
3.59582
2.32448
641.198
625.006
587.465
538.293
486.645
436.692
389.795
346.538
307.077
271.001
237.528
206.327
178.012
153.085
131.435
112.723
96.6177
82.7771
70.8742
60.6346
51.8278
44.248
37.7183
32.0936
27.2472
23.0634
19.4472
16.3229
13.625
11.2926
9.27106
7.51302
5.97717
4.62667
3.42801
2.35115
1.37154
0.480866
-0.271504
-0.657185
792.011
766.93
710.998
642.341
574.687
511.932
454.277
401.835
354.654
312.299
274.038
239.358
208.228
180.704
156.613
135.644
117.452
101.7
88.0729
76.2953
66.1244
57.3442
49.7653
43.2229
37.5738
32.6951
28.4789
24.831
21.6667
18.9118
16.5056
14.3974
12.5415
10.893
9.41221
8.05977
6.79163
5.54586
4.18919
2.55071
973.21
929.862
840.202
739.684
648.175
567.507
495.724
432.16
376.419
327.608
284.63
246.613
213.046
183.609
157.962
135.714
116.475
99.8732
85.5689
73.2561
62.6654
53.56
45.7326
39.0032
33.2157
28.2349
23.9432
20.2394
17.0363
14.2596
11.8455
9.73676
7.88206
6.23908
4.7695
3.43693
2.21244
1.08686
0.110659
-0.488227
1207.83
1132.5
998.305
865.604
752.964
655.682
569.847
494.805
429.898
373.739
324.859
282.114
244.698
212.02
183.567
158.853
137.429
118.882
102.843
88.9802
77.0041
66.6601
57.7259
50.0079
43.3376
37.5691
32.5759
28.2488
24.4931
21.2264
18.3761
15.8776
13.6741
11.7151
9.95327
8.34519
6.846
5.4009
3.90374
2.23952
1516.41
1313.06
1075.25
898.096
768.415
661.222
568.644
489.696
422.835
365.776
316.581
273.892
236.749
204.426
176.331
151.949
130.825
112.552
96.7636
83.1375
71.3869
61.26
52.536
45.0216
38.5483
32.9696
28.1582
24.0037
20.4098
17.2928
14.5789
12.2038
10.1112
8.25101
6.57978
5.05903
3.6565
2.35257
1.15966
0.226454
2142.53
1722.99
1311.22
1048.89
875.897
740.185
627.524
534.909
458.7
394.969
340.833
294.404
254.37
219.751
189.781
163.838
141.393
121.99
105.226
90.7533
78.2628
67.4866
58.1907
50.1709
43.25
37.2737
32.1088
27.6392
23.7646
20.3971
17.4603
14.8873
12.6192
10.6028
8.79062
7.14028
5.61222
4.16642
2.74965
1.3577
-1595.15
-1200.9
-859.02
-662.612
-541.362
-448.987
-374.127
-314.266
-266.324
-227.165
-194.552
-167.026
-143.574
-123.461
-106.153
-91.2474
-78.4135
-67.367
-57.8606
-49.6809
-42.6437
-36.5898
-31.3813
-26.8989
-23.0397
-19.7151
-16.8487
-14.3745
-12.2359
-10.3839
-8.77643
-7.37699
-6.15421
-5.08084
-4.13294
-3.28896
-2.52864
-1.83193
-1.17365
-0.551887
-1016.67
-849.154
-667.367
-544.082
-459.307
-390.426
-331.636
-282.517
-241.866
-207.876
-179.056
-154.358
-133.037
-114.559
-98.5402
-84.682
-72.7172
-62.4002
-53.5112
-45.8578
-39.2723
-33.6076
-28.7356
-24.5449
-20.9393
-17.8355
-15.1616
-12.8559
-10.8649
-9.14238
-7.64875
-6.34968
-5.21554
-4.22073
-3.34292
-2.56237
-1.86171
-1.22759
-0.656497
-0.206384
-768.55
-717.411
-620.741
-528.06
-452.304
-388.267
-332.755
-285.335
-245.376
-211.64
-182.866
-158.044
-136.453
-117.63
-101.278
-87.1462
-74.9706
-64.4913
-55.475
-47.7199
-41.0506
-35.3146
-30.3792
-26.1306
-22.4708
-19.3154
-16.5922
-14.239
-12.2022
-10.4359
-8.90017
-7.56102
-6.38899
-5.35887
-4.44853
-3.63787
-2.90745
-2.23459
-1.577
-0.88891
-595.635
-567.705
-504.072
-434.122
-373.214
-321.468
-276.721
-238.264
-205.633
-177.95
-154.156
-133.325
-114.851
-98.4994
-84.2207
-71.9091
-61.3541
-52.3167
-44.5836
-37.9716
-32.3199
-27.4875
-23.3529
-19.8125
-16.7783
-14.1754
-11.9398
-10.017
-8.36048
-6.93038
-5.69248
-4.61693
-3.67753
-2.85382
-2.12899
-1.48856
-0.920169
-0.420174
-0.00989902
0.22575
-451.712
-435.065
-396.648
-351.141
-308.568
-270.756
-237.181
-207.703
-182.239
-160.283
-140.968
-123.399
-107.113
-92.2674
-79.1925
-67.9407
-58.3131
-50.0677
-43.0059
-36.9632
-31.7935
-27.3678
-23.5746
-20.3192
-17.5216
-15.1137
-13.0381
-11.246
-9.69533
-8.34949
-7.17903
-6.1603
-5.26799
-4.47901
-3.77755
-3.1493
-2.58135
-2.0557
-1.52501
-0.906229
-328.77
-319.186
-295.893
-266.109
-236.165
-208.442
-183.501
-161.632
-142.913
-126.92
-112.635
-98.8217
-85.0234
-72.0169
-60.6914
-51.1962
-43.2495
-36.5595
-30.9136
-26.143
-22.1037
-18.6743
-15.7554
-13.2658
-11.1384
-9.31397
-7.74502
-6.39624
-5.23756
-4.23607
-3.36315
-2.59792
-1.92686
-1.33903
-0.822068
-0.36758
0.0276086
0.356677
0.580761
0.616292
-218.277
-212.721
-198.752
-180.165
-160.867
-142.829
-126.849
-113.362
-102.532
-93.9456
-86.1629
-77.0774
-66.1629
-55.2618
-46.0415
-38.5921
-32.4808
-27.4149
-23.2197
-19.747
-16.8636
-14.456
-12.4305
-10.7176
-9.27238
-8.05073
-7.00464
-6.0989
-5.30766
-4.61738
-4.01603
-3.48823
-3.02209
-2.60696
-2.23329
-1.89382
-1.58206
-1.28758
-0.979613
-0.551708
-114.957
-112.068
-104.634
-94.5821
-84.0735
-74.4026
-66.2922
-60.2963
-56.8197
-55.7053
-54.9053
-50.2621
-41.5076
-32.6081
-25.9496
-21.1941
-17.5224
-14.5175
-12.0231
-9.94512
-8.21364
-6.77681
-5.57504
-4.55063
-3.66648
-2.9069
-2.26184
-1.71274
-1.24329
-0.840196
-0.49094
-0.184798
0.0869397
0.331825
0.555926
0.76275
0.950649
1.10558
1.16997
1.08772
-15.4279
-14.567
-12.1505
-8.92094
-5.78956
-3.39
-2.22029
-2.8862
-6.1749
-12.7132
-20.7979
-21.5038
-14.4401
-7.4354
-3.04489
-0.784514
0.241236
0.683511
0.813508
0.757731
0.619182
0.459701
0.295385
0.124979
-0.0423669
-0.197982
-0.339228
-0.465088
-0.574488
-0.666494
-0.740662
-0.796837
-0.834445
-0.852127
-0.847599
-0.81723
-0.755157
-0.649868
-0.478401
-0.0837229
82.8935
82.0064
80.1046
77.3354
73.823
69.6436
64.7535
58.7997
50.8415
38.9459
22.4436
13.3838
14.2088
15.6379
15.6771
14.7666
13.4527
12.1084
10.869
9.70811
8.61413
7.60737
6.6953
5.87447
5.14254
4.49581
3.92736
3.42853
2.99225
2.61288
2.28552
2.00608
1.77169
1.58139
1.43648
1.34086
1.30013
1.3152
1.34255
1.35571
182.236
179.604
173.425
164.68
154.5
143.718
132.881
122.182
111.213
98.1748
80.0507
64.5322
57.6042
52.6314
45.9991
39.2488
33.2749
28.0877
23.5888
19.6989
16.3435
13.4541
10.9692
8.83327
6.99881
5.42425
4.07159
2.91012
1.91413
1.0618
0.33474
-0.282202
-0.801392
-1.23155
-1.57601
-1.83068
-1.97845
-1.97542
-1.71913
-0.929865
284.813
280.182
269.16
253.693
236.028
217.749
199.844
182.793
166.42
149.42
129.691
109.582
93.902
80.9979
68.9071
58.6114
50.3957
43.5865
37.7248
32.6715
28.3254
24.573
21.3249
18.5076
16.0608
13.9346
12.0851
10.4755
9.07477
7.85589
6.79535
5.87299
5.0721
4.37969
3.78681
3.28787
2.87811
2.54395
2.21294
1.76917
393.151
385.965
368.855
345.128
318.489
291.325
264.948
239.982
216.42
193.489
169.933
146.544
125.909
108.184
92.8949
79.8524
68.71
59.0481
50.6237
43.2876
36.9047
31.3715
26.5949
22.477
18.9291
15.8726
13.2375
10.9641
9.00184
7.30774
5.84413
4.57832
3.48245
2.53324
1.71162
1.00268
0.397033
-0.102528
-0.457312
-0.483756
510.467
499.726
474.361
439.959
402.405
365.015
329.274
295.836
264.808
235.733
207.863
181.266
157.046
135.752
117.265
101.223
87.3551
75.415
65.1515
56.3379
48.7877
42.3226
36.759
31.9584
27.8185
24.2482
21.1646
18.4974
16.1859
14.1783
12.43
10.9025
9.56285
8.38181
7.33266
6.38846
5.51606
4.66107
3.69002
2.4269
641.168
624.968
587.405
538.19
486.467
436.39
389.302
345.773
305.983
269.617
236.096
205.176
177.228
152.572
131.104
112.504
96.4635
82.6691
70.8074
60.602
51.8188
44.2494
37.7262
32.1046
27.2511
23.0518
19.4218
16.2898
13.587
11.2513
9.22704
7.4662
5.92734
4.57389
3.37303
2.2954
1.31739
0.432358
-0.3079
-0.663662
791.988
766.902
710.954
642.268
574.566
511.734
453.967
401.373
354.018
311.514
273.213
238.636
207.673
180.301
156.33
135.446
117.312
101.602
88.0067
76.2514
66.0946
57.3233
49.7512
43.2155
37.5734
32.7042
28.4992
24.8547
21.6871
18.9287
16.5212
14.412
12.5544
10.9049
9.42363
8.07163
6.80549
5.56419
4.21498
2.58898
973.193
929.841
840.17
739.632
648.093
567.378
495.529
431.88
376.046
327.16
284.157
246.184
212.706
183.36
157.787
135.594
116.392
99.8149
85.5281
73.2284
62.6478
53.5501
45.7288
39.0043
33.2203
28.241
23.9468
20.2396
17.0332
14.2504
11.8271
9.71102
7.85358
6.2104
4.74121
3.40978
2.18781
1.06696
0.0985315
-0.486366
1207.82
1132.48
998.282
865.569
752.908
655.597
569.722
494.632
429.674
373.473
324.577
281.848
244.473
211.841
183.428
158.746
137.345
118.814
102.786
88.9322
76.9622
66.6226
57.6914
49.9756
43.307
37.5398
32.5478
28.2225
24.47
21.2081
18.3642
15.8712
13.6696
11.7102
9.94853
8.34144
6.84434
5.4026
3.90986
2.25372
1516.4
1313.05
1075.23
898.069
768.374
661.162
568.558
489.582
422.692
365.61
316.406
273.726
236.607
204.314
176.246
151.888
130.782
112.522
96.7436
83.1245
71.3792
61.2563
52.5354
45.0235
38.5524
32.9754
28.1653
24.0118
20.4187
17.3018
14.587
12.2092
10.1135
8.25058
6.57748
5.05605
3.65405
2.35212
1.16335
0.234161
2142.53
1722.98
1311.2
1048.87
875.863
740.135
627.454
534.818
458.587
394.839
340.695
294.27
254.25
219.649
189.699
163.772
141.341
121.947
105.191
90.7231
78.2365
67.4634
58.1697
50.1516
43.232
37.2569
32.0929
27.6242
23.7504
20.3839
17.4481
14.8766
12.6109
10.5974
8.78733
7.13853
5.61171
4.1673
2.75169
1.36335
-1595.16
-1200.89
-859.016
-662.609
-541.357
-448.978
-374.115
-314.248
-266.301
-227.137
-194.521
-166.996
-143.548
-123.442
-106.141
-91.2403
-78.4099
-67.3656
-57.8605
-49.6814
-42.6446
-36.5909
-31.3824
-26.8999
-23.0405
-19.7158
-16.8492
-14.3749
-12.2362
-10.3841
-8.77649
-7.37699
-6.15415
-5.08073
-4.13277
-3.2887
-2.52821
-1.83122
-1.17261
-0.550656
-1016.66
-849.148
-667.363
-544.079
-459.302
-390.417
-331.622
-282.496
-241.837
-207.839
-179.014
-154.317
-133.004
-114.537
-98.529
-84.6782
-72.7179
-62.4035
-53.516
-45.8633
-39.278
-33.6132
-28.741
-24.5501
-20.9442
-17.8401
-15.1661
-12.8601
-10.8688
-9.14616
-7.65232
-6.35303
-5.21865
-4.22357
-3.34551
-2.56465
-1.86354
-1.22866
-0.656384
-0.203903
-768.551
-717.413
-620.741
-528.057
-452.297
-388.253
-332.731
-285.297
-245.32
-211.567
-182.78
-157.959
-136.384
-117.585
-101.253
-87.1325
-74.9635
-64.4882
-55.4743
-47.7204
-41.0516
-35.3155
-30.3799
-26.1309
-22.4705
-19.3148
-16.5912
-14.2378
-12.201
-10.4346
-8.89901
-7.56003
-6.38827
-5.35853
-4.44868
-3.63833
-2.90815
-2.2353
-1.57618
-0.884892
-595.634
-567.703
-504.068
-434.115
-373.201
-321.445
-276.681
-238.198
-205.531
-177.807
-153.985
-133.157
-114.724
-98.4266
-84.1879
-71.898
-61.3539
-52.3224
-44.592
-37.9809
-32.3292
-27.4966
-23.3617
-19.821
-16.7865
-14.1833
-11.9472
-10.024
-8.36729
-6.93685
-5.69861
-4.62181
-3.68094
-2.85708
-2.13308
-1.49192
-0.921076
-0.41844
-0.00608107
0.235644
-451.712
-435.065
-396.646
-351.134
-308.553
-270.725
-237.12
-207.591
-182.053
-160.007
-140.622
-123.06
-106.869
-92.1338
-79.1293
-67.9116
-58.303
-50.0697
-43.0141
-36.9729
-31.8023
-27.3746
-23.5794
-20.3222
-17.5234
-15.115
-13.0395
-11.2485
-9.69909
-8.3543
-7.18787
-6.17342
-5.28165
-4.49144
-3.7875
-3.15821
-2.59055
-2.06432
-1.53148
-0.905597
-328.772
-319.187
-295.893
-266.104
-236.149
-208.403
-183.414
-161.457
-142.593
-126.405
-111.961
-98.1753
-84.6133
-71.843
-60.6307
-51.1738
-43.2437
-36.5622
-30.9202
-26.1516
-22.1135
-18.685
-15.7666
-13.2772
-11.149
-9.32263
-7.75221
-6.40652
-5.24983
-4.24562
-3.36704
-2.59832
-1.92839
-1.34215
-0.826625
-0.373168
0.0219361
0.352259
0.579273
0.622776
-218.281
-212.726
-198.756
-180.167
-160.859
-142.794
-126.748
-113.119
-102.023
-93.0234
-84.8644
-75.8327
-65.4307
-54.9997
-45.968
-38.5949
-32.5289
-27.4758
-23.2716
-19.784
-16.8884
-14.4724
-12.4422
-10.7314
-9.29371
-8.07849
-7.0355
-6.12901
-5.33857
-4.65358
-4.05711
-3.53298
-3.06965
-2.65639
-2.28377
-1.9445
-1.63198
-1.33516
-1.02123
-0.576574
-114.965
-112.077
-104.647
-94.5987
-84.0894
-74.4011
-66.2248
-60.0448
-56.1423
-54.2118
-52.5682
-48.1832
-40.5038
-32.3029
-25.7885
-21.0602
-17.4298
-14.4609
-11.9898
-9.92578
-8.20709
-6.7813
-5.58412
-4.55969
-3.67559
-2.91983
-2.28084
-1.7371
-1.27273
-0.875069
-0.530907
-0.228931
0.0393302
0.28113
0.502564
0.707277
0.893798
1.04857
1.11601
1.04485
-15.4414
-14.5841
-12.177
-8.96329
-5.85388
-3.47488
-2.29274
-2.81657
-5.59842
-10.8044
-16.775
-18.0994
-13.4069
-7.51317
-3.46001
-1.22182
-0.0526983
0.528381
0.739272
0.718344
0.593744
0.431929
0.251109
0.0603415
-0.125151
-0.29721
-0.453478
-0.591115
-0.708725
-0.80606
-0.883143
-0.940077
-0.976752
-0.99227
-0.984684
-0.950767
-0.885211
-0.776976
-0.601204
-0.195477
82.8745
81.9811
80.0618
77.2588
73.6856
69.4033
64.3579
58.2348
50.3276
39.642
26.5616
17.8257
16.6348
17.2672
16.598
15.2215
13.7717
12.3972
11.1308
9.94105
8.81741
7.78187
6.84288
5.9991
5.24914
4.58858
4.00962
3.50354
3.06278
2.68097
2.35267
2.0735
1.84033
1.65181
1.50882
1.41441
1.37217
1.37901
1.38478
1.35596
182.213
179.573
173.37
164.576
154.301
143.34
132.172
120.914
109.164
95.8045
79.6953
65.2493
57.1189
51.862
45.8668
39.4549
33.561
28.3998
23.9099
20.0153
16.6474
13.7442
11.247
9.10117
7.25878
5.67825
4.32268
3.1607
2.16555
1.31468
0.589187
-0.0264714
-0.544695
-0.974211
-1.31887
-1.57575
-1.73087
-1.74782
-1.54126
-0.846476
284.788
280.149
269.102
253.584
235.822
217.358
199.122
181.522
164.372
146.772
127.669
108.917
93.6002
80.9545
69.377
59.1695
50.7355
43.7332
37.751
32.6254
28.2434
24.4836
21.2473
18.4522
16.0321
13.9332
12.1104
10.5257
9.14744
7.94817
6.90443
5.99622
5.20705
4.52403
3.93794
3.44251
3.03117
2.68597
2.32503
1.83791
393.128
385.935
368.802
345.032
318.312
291.004
264.381
239.03
214.958
191.592
168.193
145.447
125.188
107.761
92.6585
79.6722
68.5485
58.9168
50.5216
43.2022
36.8301
31.3088
26.5443
22.4386
18.9033
15.8579
13.2328
10.9689
9.01588
7.33015
5.87412
4.61525
3.52578
2.58242
1.76602
1.06143
0.458724
-0.0404459
-0.400106
-0.426695
510.447
499.7
474.318
439.884
402.271
364.781
328.877
295.199
263.871
234.536
206.661
180.351
156.454
135.414
117.081
101.144
87.3366
75.4159
65.1479
56.3238
48.7658
42.2944
36.7217
31.9149
27.777
24.2108
21.1321
18.4707
16.1656
14.1642
12.4216
10.8995
9.56481
8.38823
7.34306
6.40246
5.53343
4.68181
3.71397
2.45738
641.152
624.948
587.372
538.134
486.372
436.23
389.042
345.373
305.418
268.915
235.379
204.601
176.837
152.319
130.937
112.391
96.3783
82.5952
70.7394
60.5383
51.757
44.1886
37.6709
32.0527
27.1951
22.9935
19.3667
16.2396
13.542
11.2109
9.19051
7.43341
5.8984
4.54893
3.35222
2.27904
1.30609
0.427331
-0.304901
-0.646969
791.976
766.887
710.93
642.229
574.501
511.628
453.801
401.128
353.684
311.107
272.788
238.266
207.391
180.098
156.189
135.349
117.245
101.553
87.9696
76.2202
66.0654
57.2939
49.7217
43.1872
37.5482
32.6846
28.4813
24.8345
21.665
18.908
16.5028
14.3961
12.5404
10.8926
9.41319
8.06329
6.7999
5.56246
4.2185
2.60041
973.184
929.829
840.152
739.604
648.049
567.308
495.424
431.731
375.849
326.924
283.91
245.961
212.53
183.232
157.697
135.532
116.348
99.7834
85.5035
73.2081
62.6301
53.534
45.7141
38.9909
33.2079
28.2275
23.9322
20.2251
17.0164
14.2288
11.8031
9.68759
7.8319
6.19045
4.72258
3.39255
2.1726
1.05489
0.0911563
-0.48544
1207.81
1132.48
998.271
865.55
752.878
655.551
569.655
494.539
429.554
373.331
324.426
281.707
244.354
211.747
183.355
158.69
137.301
118.779
102.756
88.9061
76.9385
66.6001
57.6695
49.9539
43.2854
37.5181
32.5263
28.2022
24.4525
21.1947
18.3536
15.8598
13.6569
11.698
9.9378
8.33253
6.83768
5.39865
3.90908
2.25778
1516.38
1313.04
1075.22
898.056
768.353
661.13
568.513
489.521
422.616
365.522
316.313
273.639
236.533
204.255
176.202
151.856
130.76
112.506
96.7329
83.1172
71.3743
61.253
52.5333
45.0223
38.5519
32.9754
28.1658
24.0126
20.4198
17.3026
14.5863
12.2068
10.1091
8.2452
6.57203
5.05099
3.6498
2.34928
1.16269
0.236551
2142.53
1722.97
1311.19
1048.85
875.844
740.108
627.417
534.769
458.526
394.769
340.621
294.198
254.185
219.595
189.655
163.737
141.313
121.924
105.172
90.7069
78.2223
67.4505
58.1578
50.1404
43.2213
37.2465
32.0827
27.6142
23.7407
20.3745
17.4392
14.8698
12.6065
10.5932
8.783
7.13427
5.60785
4.16429
2.74985
1.36355
-169.351
1979.66
-449.123
-208.855
-237.773
2168.49
-435.431
-553.113
216.149
119.196
1232.14
-454.304
267.317
149.492
-254.736
2169
-439.787
-260.01
-293.082
2190.04
-490.252
-457.875
279.273
157.396
1299.41
-503.262
305.899
176.783
-300.545
2192.34
-492.322
-277.604
-312.134
2196.97
-505.296
-505.29
311.065
180.537
1324.4
-517.388
319.002
185.941
-312.25
2197.04
-505.341
-267.7
-301.452
2192.69
-494.048
-517.441
319.024
186.009
1301.64
-506.994
311.207
181.027
-294.279
2190.45
-492.149
-226.419
-257.063
2169.27
-447.403
-505.142
306.069
177.422
1239.07
-465.584
279.444
158.457
-240.517
2168.8
-443.854
-143.974
-173.134
1979.75
-481.975
-462.858
267.451
150.644
899.644
-589.61
216.003
120.04
-81.258
2.26137
-99.2114
-117.673
-145.697
1917.09
-446.738
-54.1494
145.966
97.6818
804.766
-607.694
197.151
110.78
-78.2926
139.154
1244.74
29.2792
-117.719
168.171
1524.47
-32.1777
-368.706
-38.7351
-177.39
-41.1044
-359.826
61.4496
655.028
202.507
227.409
213.341
895.138
222.988
278.055
147.977
284.19
1116.59
109.599
350.059
-67.0701
108.718
99.3775
-370.159
91.6829
136.367
126.526
-128
173.79
1527.95
26.1079
-151.859
184.415
1563.76
-42.5145
-363.474
66.1983
-218.385
-48.1863
-405.152
80.5552
904.332
238.88
289.744
236.58
940.626
250.293
315.631
223.338
416.637
1274.67
202.264
442.034
99.3789
143.894
132.28
-409.888
120.204
160.998
144.868
-156.771
186.076
1567.13
23.8391
-164.438
188.5
1577.77
-49.0656
-406.897
81.4349
-232.633
-50.9843
-417.069
84.4798
943.836
257.441
320.533
243.332
957.626
260.907
328.152
255.323
466.301
1318.06
247.103
474.481
121.552
163.934
147.065
-420.426
124.537
167.483
150.232
-164.515
188.474
1577.78
24.4528
-157.343
185.893
1567.21
-50.9548
-417.109
84.5332
-224.443
-48.8733
-408.459
82.3522
957.618
260.894
328.164
239.216
943.863
257.399
320.603
257.146
478.386
1319.64
259.566
476.09
124.586
167.567
150.345
-413.038
122.525
164.562
147.94
-152.591
184.178
1563.85
27.3259
-129.205
173.395
1527.9
-47.8956
-406.872
81.6941
-191.236
-41.7682
-370.772
71.0188
940.645
250.216
315.711
220.912
904.162
238.754
289.788
229.319
463.12
1278.64
243.94
447.988
121.419
161.838
146.063
-380.552
104.612
145.473
134.791
-119.05
167.726
1524.42
28.9823
-79.8401
138.583
1244.13
-40.1172
-367.956
67.4963
-130.666
-30.5345
-406.814
-1.63995
894.928
222.803
278.061
175.834
654.192
202.254
227.198
160.078
407.273
1129.67
194.756
365.898
98.2559
138.193
129.605
-521.223
-30.5823
110.665
103.95
-149.508
1916.91
-480.81
-51.8702
-83.9662
-0.0225571
-107.367
-646.597
196.885
111.246
70.8171
-61.7269
145.47
97.306
-506.889
-205.81
2128.08
-384.749
-290.944
-443.795
-227.851
-682.258
-422.179
-339.368
-289.306
-539.778
2132.79
-370.645
-313.726
-621.655
-472.328
-423.772
-349.694
-305.116
-546.344
103.982
-765.534
20.6827
-439.652
71.4155
40.2456
159.919
1129.5
407.154
365.974
194.28
114.754
-439.561
67.8754
46.1737
144.244
-692.647
-385.706
2181.05
-642.401
-422.351
-611.57
-360.872
-467.986
-565.017
-391.158
-705.271
2181.72
-454.81
-431.917
-735.152
-623.077
-471.484
-417.57
-398.502
-650.944
165.454
74.5887
-482.645
149.937
94.3369
228.797
1278.32
462.928
447.773
243.52
170.136
-486.014
112.821
100.042
183.437
-758.252
-460.563
2195.92
-742.37
-473.22
-672.406
-421.916
-501.804
-657.554
-432.164
-761.609
2196.72
-480.172
-475.947
-766.919
-675.476
-502.596
-437.461
-434.15
-680.393
194.266
115.131
-514.17
186.74
118.306
256.964
1319.5
478.373
475.999
259.54
195.751
-514.966
117.905
118.241
198.034
-762.359
-480.246
2196.95
-767.026
-476.468
-676.202
-437.534
-503.293
-680.492
-434.736
-759.212
2196.19
-461.698
-473.887
-744.021
-673.339
-502.608
-423.331
-432.924
-659.194
195.958
117.946
-515.657
198.064
118.539
255.555
1318.22
466.477
474.596
247.48
194.532
-514.97
115.814
118.693
187.178
-707.999
-456.104
2181.95
-737.048
-433.71
-625.869
-419.232
-475.07
-652.837
-401.153
-695.672
2181.3
-388.137
-424.306
-646.395
-614.69
-471.92
-365.537
-394.206
-569.267
170.768
113.614
-489.583
183.929
101.211
223.879
1274.99
416.791
442.247
202.782
166.119
-486.567
76.3398
95.6469
150.62
-544.963
-373.217
2133.11
-625.97
-316.631
-478.115
-355.012
-440.781
-550.984
-312.908
-512.282
2128.39
-208.769
-293.91
-390.333
-449.883
-440.909
-238.685
-697.179
-297.966
-345.875
115.08
69.7692
-457.27
144.896
48.2652
147.965
1116.73
283.667
349.897
108.787
104.114
-459.252
-781.519
21.4378
42.2595
70.5542
-29.0303
82.3971
61.108
29.935
-65.3008
125.928
1161.04
-19.4974
-47.788
9.98242
-111.087
-29.2581
-366.303
-42.1506
108.691
159.655
159.868
160.724
543.024
178.946
208.237
24.0012
93.295
83.8375
-518.642
-88.3038
101.364
90.7813
242.686
526.175
1046.8
181.485
587.538
26.2115
-363.716
50.2743
120.285
-244.747
52.413
55.7979
137.605
197.606
175.704
221.881
160.694
209.581
185.475
394.252
754.702
1256.84
766.436
374.757
86.4959
-393.143
102.969
177.572
93.9856
165.944
104.467
166.403
219.752
194.112
249.712
182.301
227.63
200.834
450.775
813.689
1307.71
817.163
444.551
120.753
-418.394
120.857
177.096
110.286
176.649
113.916
185.117
232.923
205.481
261.238
190.057
235.543
207.744
460.852
825.884
1323.86
825.88
461.51
116.23
-419.546
119.676
177.829
122.722
180.316
114.544
190.118
235.575
207.803
257.561
185.548
233.015
205.655
434.044
809.68
1292.06
804.986
442.724
120.074
-399.099
109.966
179.83
110.331
177.798
105.3
182.857
227.768
201.109
237.967
167.293
219.916
194.465
346.008
742.346
1201.98
727.846
368.866
83.0395
-380.54
60.8418
135.492
94.1277
167.644
65.9349
161.655
209.741
185.861
202.053
138.421
197.728
176.063
-66.8421
125.329
1160.23
26.2793
-30.3431
81.6653
59.4802
-27.6847
-406.307
-10.7428
-69.9173
-18.8912
-56.6943
15.4223
541.975
178.631
207.94
136.382
107.313
159.297
159.368
256.882
98.0923
75.1126
123.825
-303.009
171.439
-67.4407
102.911
95.3362
-38.5593
28.1866
93.4151
86.2825
-855.198
-232.403
2071.05
-709.934
-326.506
-440.201
-335.097
-671.912
-429.306
-428.334
-350.033
-614.404
-1118.23
2158.97
-558.588
-516.55
-1171.76
-572.4
-424.491
-445.192
-708.02
-432.825
-668.071
-592.736
-288.919
-173.716
-464.204
-232.675
-182.449
132.848
51.8197
143.45
129.846
117.584
69.4996
157.135
345.713
1201.72
742.046
727.599
368.459
-305.824
-446.381
-131.121
-147.404
-303.145
148.429
139.54
95.223
181.229
74.6434
169.114
162.339
-1228.99
-571.615
2175.62
-604.463
-1188.22
-626.957
-457.957
-718.476
-452.453
-468.882
-611.582
-743.106
-1314.52
2186.02
-690.869
-674.872
-1332.58
-682.409
-483.322
-516.614
-803.749
-511.221
-793.294
-689.275
-41.2294
-123.038
-468.545
-84.2516
-261.997
183.194
100.585
190.464
165.265
173.524
118.038
199.855
433.615
1291.75
809.401
804.671
442.346
6.40403
-496.969
11.3034
2.38135
13.8476
191.909
171.446
132.806
213.303
122.02
207
199.132
-1351.27
-695.89
2191.35
-704.05
-1338.34
-700.557
-521.63
-807.027
-497.177
-525.452
-695.679
-814.597
-1373.49
2197.64
-724.669
-722.889
-1375.54
-714.555
-504.702
-536.857
-828.216
-536.328
-827.159
-715.239
20.4373
13.1528
-509.853
16.1419
15.8785
209.003
134.599
217.762
183.542
204.87
138.424
221.68
460.771
1323.82
825.861
825.812
461.5
26.9609
-516.855
25.5661
23.5187
27.6151
211.661
185.24
138.844
224.806
138.565
223.9
212.823
-1373.99
-724.724
2197.82
-723.257
-1375.63
-714.863
-536.949
-828.276
-505.01
-536.602
-715.343
-827.55
-1352.97
2191.66
-697.508
-705.379
-1340.46
-702.114
-498.461
-523.307
-809.123
-526.842
-816.186
-697.548
27.0984
25.5902
-517.168
23.6728
27.6367
211.832
138.884
224.858
185.445
212.881
138.86
224.056
451.069
1307.95
813.94
817.385
444.911
20.9484
-511.125
13.9098
16.7314
16.5212
209.29
183.888
135.271
218.119
138.805
221.937
205.268
-1317.25
-692.581
2186.29
-676.882
-1334.86
-685.035
-518.627
-806.043
-485.821
-513.613
-691.504
-796.245
-1233.17
2175.88
-574.867
-607.436
-1192.87
-632.615
-458.162
-464.486
-726.104
-474.407
-749.163
-618.129
7.23337
12.1239
-499.441
3.39862
14.539
192.511
133.583
213.757
172.235
199.639
123.153
207.541
394.726
1257.15
755.038
766.793
375.187
-39.9684
-474.278
-120.901
-82.4354
-260.532
183.872
166.2
102.249
191.115
119.304
200.466
174.239
-1123.47
-561.922
2159.31
-520.102
-1176.57
-581.085
-452.92
-716.264
-435.869
-441.96
-600.296
-678.269
-860.877
2071.32
-235.886
-330.212
-715.33
-455.222
-456.136
-356.021
-692.444
-369.068
-444.293
-632.374
-304.491
-128.903
-458.099
-144.976
-301.697
148.992
97.0135
181.883
140.708
163.028
76.6042
169.702
242.209
1046.67
525.596
587.188
180.535
-290.024
-492.905
-177.872
-184.435
-235.892
133.153
130.926
52.8697
143.679
71.4128
157.589
117.477
-174.888
-340.068
-208.267
50.5289
-82.7139
-392.906
-205.936
-780.527
-303.194
-196.958
-221.328
-169.77
-347.718
257.541
99.2222
77.0352
125.871
-296.895
172.508
-835.639
16.1505
64.5462
53.879
-279.378
-295.914
15.2332
-79.7667
1467.41
-122.199
92.5823
239.261
85.6646
290.07
1477.21
-170.483
-135.274
95.3377
323.13
300.999
95.648
-180.001
-350.574
-229.904
-82.9411
-239.788
-62.4097
40.6753
-351.015
-277.211
-241.979
-86.6189
72.1998
44.4024
-99.5059
321.495
818.556
367.661
300.374
301.456
267.843
342.867
843.453
428.258
402.306
326
394.109
373.004
346.569
151.781
-36.452
107.796
-22.2283
257.217
1054.64
667.447
631.442
304.305
162.822
6.26486
-17.8302
201.589
-362.055
80.5722
57.6126
127.01
92.9273
60.1041
163.36
-180.315
1546.82
-204.923
92.8567
327.738
94.4193
337.809
1548.96
-227.612
-211.475
90.7875
344.345
339.933
88.6867
-285.633
-386.647
-309.756
-110.323
73.1238
-101.631
82.079
-389.558
-330.931
-315.43
-111.77
86.6087
82.5163
-117.709
447.659
924.65
462.612
374.75
409.31
362.184
420.272
929.143
482.283
473.787
383.778
433.896
428.276
390.666
302.933
90.0724
284.123
105.092
399.247
1261.62
784.51
775.97
414.418
307.936
121.869
109.499
322.417
-395.808
119.194
108.617
177.972
110.226
105.011
176.801
-231.744
1575.91
-241.123
85.6083
345.284
86.8428
347.539
1576.55
-246.296
-243.112
84.5696
348.227
347.936
83.8171
-334.345
-414.545
-342.737
-121.799
86.6727
-118.609
89.8036
-415.158
-346.985
-344.293
-122.119
96.6501
90.2931
-122.989
488.604
953.076
493.263
399.895
438.228
395.813
441.504
954.989
497.423
496.139
402.188
444.227
443.513
403.024
357.77
147.842
351.635
153.596
452.369
1312.57
821.685
819.755
456.334
359.479
159.039
155.271
363.493
-418.934
116.185
119.358
177.473
122.722
114.522
180.293
-246.352
1576.62
-243.523
84.3851
348.212
83.7551
347.825
1576
-232.635
-241.646
85.302
345.038
347.396
86.4128
-347.047
-415.781
-344.797
-122.263
96.6491
-123
90.3014
-415.267
-335.57
-343.388
-121.969
86.7351
89.8143
-118.939
497.429
954.997
496.159
402.166
444.21
403.017
443.463
953.094
488.637
493.291
399.858
438.105
441.419
395.756
367.752
163.503
368.471
162.878
460.341
1323.2
823.561
825.117
457.589
367.256
160.313
162.429
364.768
-419.104
121.503
121.273
177.511
110.383
113.942
177.556
-228.622
1548.98
-212.866
90.1053
344.062
88.1315
339.534
1546.83
-182.188
-206.433
92.053
327.179
337.37
93.4997
-332.37
-392.865
-317.769
-112.346
86.6772
-118.077
82.7378
-390.29
-289.915
-312.458
-110.956
74.0667
82.323
-102.557
482.313
929.087
473.802
383.663
433.726
390.585
428.054
924.567
447.593
462.597
374.595
408.963
419.99
361.978
341.298
146.205
349.815
138.51
431.029
1289.12
792.492
799.476
418.98
338.275
126.031
135.747
326.942
-396.775
88.7049
104.508
179.605
95.0717
104.781
169.843
-172.46
1477.05
-137.51
94.2172
322.529
94.6218
300.27
1467.23
-82.0919
-124.488
91.3927
238.377
289.3
84.432
-282.151
-368.586
-249.667
-88.1197
73.2481
-100.521
49.7645
-370.25
-191.779
-238.635
-84.639
-45.5122
46.8122
-65.5263
428.12
843.067
402.062
325.654
393.685
346.302
372.496
818.096
320.949
367.282
299.942
300.756
342.266
267.316
252.64
85.4196
277.921
62.8616
339.629
1187
693.846
712.803
314.906
243.572
16.34
53.1149
212.197
-384.502
29.5466
53.7025
129.667
-56.9279
62.4552
75.9478
-177.775
-345.545
-212.925
48.0954
-85.2219
-399.188
-216.984
-794.144
-309.621
-202.408
-243.301
-179.834
-355.67
-849.091
15.7753
63.2656
51.5705
-302.498
-303.798
10.7832
-826.937
-607.623
-689.609
-705.75
-896.851
2090.64
-425.27
-354.49
-996.34
-866.7
-850.735
-740.708
-962.909
-551.566
-376.789
-560.073
-517.413
-656.361
-154.951
-464.232
-425.091
-388.272
-663.023
-370.32
-489.215
-615.292
-589.704
-779.458
-11.4816
-686.85
-622.264
-109.751
-1096.76
2154.16
-446.67
-500.357
-1025.39
-1083.4
-1018.3
-968.512
-1136.69
-1062.18
-879.828
-991.233
-949.552
-546.667
-421.778
-405.373
-689.892
-419.058
-517.992
-655.467
-714.928
-804.445
-929.667
-883.173
-743.927
-740.799
-683.673
-803.678
-59.5982
-655.193
-865.812
-699.181
54.1415
91.8769
54.4118
90.3828
39.9584
79.549
68.2561
-31.9765
-42.0576
-80.7294
-30.3534
-25.0901
-64.0795
37.095
27.7291
-50.2379
-43.5241
47.5943
-308.534
-453.341
-186.084
-188.085
-331.94
34.3915
82.2692
13.4778
57.0346
13.0742
26.2743
69.594
-17.1809
-7.29966
-26.6919
51.8841
-20.5854
64.5305
32.8436
-24.8671
-39.3534
55.0456
-1.92727
339.384
1186.77
693.756
712.627
314.865
252.327
84.84
277.487
62.4229
243.314
16.2743
212.166
52.7452
82.3435
72.7972
97.3602
126.73
76.5523
89.5324
104.797
-302.846
-443.902
-171.59
-151.585
-320.174
183.981
61.4717
42.8233
191.837
16.7583
10.646
60.4275
89.8721
1.51909
83.6736
24.6745
173.675
1.00071
97.1928
34.5487
14.3389
70.6991
-19.019
53.7835
-3.16411
1.64602
78.0536
87.1541
135.804
110.736
115.522
102.242
110.414
88.7458
-1193.13
-1032.65
-1152.85
-1069.96
-1241.53
2177.58
-640.293
-614.323
-1273.15
-1205.42
-1109.32
-1080.72
-1236.52
-783.753
-817.014
-943.118
-764.573
-978.31
-845.334
-641.42
-456.628
-488.719
-769.134
-479.644
-653.406
-750.593
-801.479
-1015.4
-874.682
-988.429
-816.141
-853.897
-1307.14
2184.95
-648.258
-668.732
-1282.91
-1276.98
-1161.6
-1145.42
-1294.77
-1269.77
-1117.59
-1246.04
-1139.21
-673.854
-480.558
-497.395
-774.868
-504.498
-664.699
-788.9
-851.154
-913.16
-1064.78
-1049.5
-901.658
-859.399
-840.927
-1023.22
-881.175
-829.859
-1043.64
-896.733
68.9314
160.102
122.332
124.444
117.723
120.663
69.9951
35.9007
65.0527
76.6053
185.333
9.15717
9.54292
94.3728
80.8182
5.94563
26.7783
97.2821
-27.4864
-472.433
-49.7541
-75.6262
-11.9666
71.6551
155.171
113.931
117.856
114.116
84.0003
118.096
18.048
91.5098
80.4623
11.9135
11.3978
106.795
87.8202
22.4445
8.26222
101.82
20.6722
430.587
1288.81
792.131
799.139
418.505
340.84
145.718
349.413
137.951
337.804
125.401
326.435
135.168
78.4829
127.583
128.403
175.202
73.9477
132.744
132.953
3.26432
-494.287
-36.7365
-3.13133
-7.90847
26.3073
113.731
106.395
33.6565
36.4816
60.3739
109.498
123.668
52.6684
120.191
43.6823
23.5509
94.7262
14.4301
103.751
33.925
111.32
29.3695
105.498
48.7116
23.8418
116.322
83.219
179.391
141.969
140.563
137.659
136.837
87.2724
-1312.89
-1166.35
-1300.36
-1177.78
-1354.97
2194.65
-714.59
-706.247
-1364.22
-1316.48
-1188.94
-1180.84
-1325.55
-872.966
-916.847
-1069.28
-867.092
-1080.05
-925.381
-705.034
-498.539
-531.567
-822.067
-528.974
-708.372
-816.879
-878.326
-1090.62
-933.747
-1082.97
-882.374
-927.994
-1372.18
2197.62
-716.846
-721.789
-1366.69
-1334.48
-1198.22
-1196.6
-1336.42
-1333.23
-1190.95
-1327.93
-1195.59
-713.156
-504.317
-533.774
-823.473
-535.247
-711.234
-826.438
-889.88
-940.754
-1099.44
-1097.9
-939.536
-890.725
-888.186
-1092.54
-935.358
-885.844
-1096.93
-938.705
96.5214
192.26
154.223
150.058
152.082
148.39
98.3476
39.7176
115.767
121.14
35.5396
50.1521
61.9055
126.256
116.966
64.7681
45.3831
128.64
21.6602
-511.25
16.4744
16.6215
23.9818
93.9529
189.847
145.961
143.572
149.225
91.0536
146.302
41.034
126.271
122.725
43.9068
51.1784
131.289
117.914
64.6695
65.0836
130.204
53.5873
460.237
1323.13
823.424
825.013
457.41
367.663
163.488
368.459
162.77
367.141
160.081
364.575
162.289
101.019
156.018
151.266
196.987
99.9263
157.324
152.24
26.4824
-516.478
16.7569
21.5985
24.7751
46.8429
130.441
129.771
47.5402
56.1203
65.5923
118.083
132.915
65.1426
132.917
56.6281
46.4021
127.264
44.6884
129.313
55.8015
131.954
64.3068
118.227
64.7397
54.157
132.641
101.806
197.717
158.582
153.056
158.202
152.814
102.149
-1334.95
-1198.28
-1336.49
-1197.02
-1372.81
2197.82
-717.631
-722.253
-1367.71
-1333.83
-1191.89
-1196.13
-1328.93
-890.224
-940.823
-1099.5
-890.842
-1098.31
-939.961
-713.689
-504.72
-534.444
-824.347
-535.719
-711.992
-826.951
-888.774
-1093.47
-936.288
-1097.48
-886.677
-939.259
-1356.52
2194.94
-715.486
-707.472
-1365.37
-1314.58
-1168.49
-1179.44
-1302.48
-1318.02
-1190.02
-1326.68
-1182.35
-706.3
-499.692
-532.458
-823.077
-530.098
-709.379
-818.306
-874.652
-919.033
-1071.41
-1081.7
-927.053
-869.102
-879.704
-1091.69
-934.819
-883.476
-1084.47
-929.499
101.197
197.135
156.239
151.504
157.483
152.409
100.173
46.9738
130.457
129.884
47.5581
56.2574
65.6143
132.952
118.209
65.2951
56.6471
133.031
26.6624
-516.887
17.0935
21.8009
25.0733
101.911
197.806
158.615
153.09
158.296
102.186
152.916
46.5721
127.505
129.459
44.9721
55.9757
132.222
118.437
64.6384
64.9369
132.831
54.452
452.641
1312.79
821.851
819.95
456.535
358.085
148.304
352.018
153.974
359.771
159.301
363.71
155.621
96.9117
154.509
150.365
192.585
98.6686
152.427
148.766
22.1259
-512.39
16.8616
17.1555
24.3246
40.1953
116.253
121.537
36.1386
50.6517
62.6507
117.545
126.855
65.3463
129.152
46.0149
41.4718
126.544
44.229
123.091
51.6374
131.636
65.0483
118.395
65.6088
53.9217
130.633
94.4181
190.228
146.428
144.088
149.634
146.747
91.589
-1279.73
-1163.91
-1297.05
-1148.28
-1310.04
2185.21
-650.7
-670.856
-1286.27
-1272.7
-1121.28
-1142.27
-1249.46
-853.933
-915.551
-1067.08
-861.778
-1052.36
-904.708
-676.937
-483.297
-500.744
-778.942
-507.334
-668.297
-792.107
-844.158
-1026.94
-885.329
-1046.71
-833.588
-900.036
-1245.54
2177.83
-642.849
-617.195
-1276.68
-1197.45
-1038.32
-1074.84
-1157.72
-1209.55
-1113.23
-1240.13
-1085.35
-646.295
-461.815
-492.678
-773.553
-484.319
-657.601
-756.182
-789.374
-824.505
-948.981
-983.308
-851.375
-770.963
-806.398
-1019.36
-879.171
-820.435
-993.154
-859.502
79.2335
175.792
128.255
129.191
133.373
133.676
74.7611
27.0734
114.245
106.989
34.2947
37.2927
61.1806
124.356
110.409
53.6707
44.3581
120.973
4.14275
-497.003
-35.3979
-2.03949
-6.88867
83.899
179.935
142.495
141.149
138.238
87.8829
137.494
24.3573
95.4035
104.369
15.3547
34.7805
112.293
106.534
30.6803
49.7871
117.198
24.8362
399.728
1261.94
784.881
776.34
414.898
303.439
90.6785
284.582
105.743
308.451
122.511
322.93
110.153
69.8459
123.039
125.29
160.789
70.8667
118.45
121.558
-26.2736
-477.63
-48.3235
-73.9125
-10.8973
36.97
65.7289
77.3187
186.383
10.36
11.5748
82.4246
95.6854
7.70495
98.527
28.0546
19.1024
92.2021
12.8742
81.177
12.5633
107.863
23.8428
89.2754
9.92658
21.7117
102.978
72.5971
155.867
114.641
118.802
114.846
119.027
84.9404
-1088.92
-1024.24
-1141.73
-975.263
-1102.12
2154.51
-450.414
-503.971
-1031.01
-1067.86
-887.528
-956.565
-997.25
-723.075
-812.494
-935.831
-748.039
-890.259
-753.745
-556.576
-434.374
-418.01
-703.233
-429.825
-529.199
-666.285
-692.776
-811.901
-69.2017
-873.205
-665.274
-709.484
-902.565
2090.92
-429.035
-358.235
-1002.02
-833.132
-615.889
-695.557
-714.044
-872.912
-858.622
-969.016
-748.942
-478.095
-449.725
-402.98
-677.37
-387.22
-501.757
-632.342
-563.966
-391.832
-569.211
-530.285
-665.43
-167.539
-601.477
-787.918
-21.3706
-633.23
-695.806
-121.582
83.0601
127.213
73.0405
98.0229
89.9755
105.613
77.0632
184.887
62.1243
43.3372
192.856
18.0102
12.7738
91.2394
62.4338
3.88162
25.9766
85.0523
-301.582
-456.946
-169.361
-149.117
-319.354
88.0022
136.386
111.401
116.466
102.823
89.6638
111.314
174.515
1.10957
34.9895
97.7018
15.5448
71.9366
55.8691
-16.6812
-0.748365
79.4028
2.51197
256.859
1054.58
667.424
631.27
304.267
151.225
-38.1009
106.711
-23.024
162.405
6.20151
201.528
-18.4106
53.8986
54.3791
90.8354
91.7329
68.4554
39.5711
79.675
-309.123
-479.53
-184.162
-188.593
-331.356
-33.1365
-43.9032
-83.8116
-31.1982
-25.6926
-64.8831
29.1204
36.6838
-43.0928
-52.5489
47.8524
-17.9004
-7.32945
52.1796
-27.2895
-20.8054
65.5799
-22.6864
34.6263
-38.3391
-1.2352
55.7596
33.5445
81.8153
12.0727
56.2164
11.454
25.4293
69.3247
133.678
174.595
156.199
180.96
131.839
184.812
165.187
-109.118
-118.625
-148.029
-110.19
-126.852
-143.84
-178.42
-365.165
-202.429
-190.711
-167.315
-307.469
-237.759
-229.314
622.669
635.456
682.058
980.48
692.917
574.3
735.49
-214.405
-402.191
-255.212
41.6385
-202.918
46.0918
-173.125
-7.12829
90.0234
66.7326
63.0071
15.7315
111.827
72.1571
111.907
154.987
139.566
146.815
129.174
162.802
146.374
-140.457
-164.446
-202.912
-130.997
-151.673
-179.741
-220.778
-511.636
-314.775
-316.485
-239.251
-486.072
-333.471
-335.879
869.231
962.794
965.993
1246.89
860.119
974.519
974.498
-119.968
-381.83
-102.983
743.269
-133.158
598.389
-135.249
42.6452
116.155
79.0413
95.4963
56.9161
128.368
85.4267
133.634
169.73
152.08
166.368
143.369
175.095
156.415
-158.536
-189.778
-232.435
-140.039
-162.264
-194.763
-238.122
-568.904
-368.434
-374.2
-272.312
-560.438
-375.124
-381.031
942.722
1069.37
1026.73
1306.57
939.111
1073.49
1030.72
13.1377
-415.102
15.0399
1049.81
-144.117
1016.53
-145.229
64.2113
130.513
90.5222
96.1842
67.3548
133.908
92.0174
145.247
178.743
159.23
172.777
148.03
180.479
160.532
-162.361
-194.911
-238.287
-137.103
-158.841
-190.223
-232.94
-575.046
-381.638
-388.204
-275.993
-577.53
-379.638
-386.056
954.501
1086.31
1041.9
1325.14
953.946
1086.85
1043.03
33.282
-420.399
30.0208
177.017
-142.741
76.1425
-143.557
67.5907
134.017
92.214
99.2536
64.9731
131.378
91.1376
148.131
180.568
160.639
169.401
145.949
179.01
159.556
-152.177
-180.485
-221.645
-122.117
-141.163
-165.475
-204.153
-534.306
-360.897
-365.617
-251.521
-549.719
-349.1
-353.392
934.836
1067.49
1024.9
1298.12
937.218
1064.62
1023.75
12.5307
-406.955
4.98071
967.2
-144.601
1004.46
-143.15
58.3854
129.515
86.4576
83.3684
45.106
118.368
80.3965
144.319
175.533
156.965
153.567
135.441
170.322
152.85
-127.723
-145.107
-180.014
-96.3176
-110.103
-120.034
-149.862
-417.501
-295.993
-294.555
-190.441
-456.666
-269.226
-266.085
844.891
952.394
959.882
1225.38
852.668
940.759
954.58
-121.189
-374.421
-130.93
408.531
-138.619
547.517
-141.571
20.2863
114.355
73.8734
-24.0014
-5.49181
92.5612
68.0627
131.323
163.501
147.331
128.617
114.842
155.705
140.616
445.433
162.588
98.7811
231.572
326.061
-1110.3
22.1474
-65.8072
-268.056
70.3866
17.9364
65.2909
-11.8243
132.473
184.872
165.458
160.549
133.696
174.6
156.365
2029.02
-433.078
-358.801
-574.964
-443.243
-558.692
-424.615
-363.659
-413.992
-188.554
-293.723
-292.25
-266.726
-263.569
-453.506
2166.78
-493.141
-431.298
-423.507
-526.904
-522.749
-499.066
-418.406
-647.156
-508.866
-591.901
205.356
246.718
180.034
235.694
182.398
276.686
196.645
844.285
1225.09
951.511
959.537
852.039
939.884
954.261
-451.391
-571.009
-570.086
225.85
252.183
321.161
225.358
300.947
211.303
243.655
2171.65
-510.231
-428.001
-531.861
-443.87
-504.511
-536.602
-432.625
-532.392
-250.372
-359.744
-364.427
-347.656
-351.912
-548.202
2188.48
-565.794
-488.197
-480.906
-591.662
-589.29
-568.528
-478.58
-574.794
-461.139
-577.889
270.981
337.201
236.687
290.38
258.489
350.725
247.314
934.372
1297.83
1066.98
1024.6
936.783
1064.06
1023.44
-501.466
-623.756
-622.041
281.182
298.832
369.383
262.686
361.061
255.601
289.422
2197.01
-573.137
-483.005
-594.085
-493.976
-570.975
-596.003
-484.845
-574.585
-275.688
-381.52
-388.078
-379.266
-385.675
-577.38
2197.26
-587.577
-505.185
-496.869
-609.883
-609.734
-587.758
-496.728
-626.546
-506.757
-628.076
300.463
375.628
267.864
315.397
295.784
380.449
272.074
954.444
1325.14
1086.29
1041.89
953.928
1086.81
1042.98
-517.289
-640.39
-640.319
303.457
317.938
384.591
275.804
383.341
274.632
304.827
2197.39
-587.725
-496.913
-609.935
-505.31
-587.807
-609.879
-496.859
-569.697
-272.819
-369.322
-375.112
-375.744
-381.673
-561.58
2197.35
-574.838
-495.546
-484.727
-595.966
-597.717
-572.845
-486.406
-640.449
-517.421
-640.448
303.582
384.619
275.84
318.004
304.87
383.419
274.741
943.108
1306.84
1069.83
1027.01
939.521
1073.92
1030.99
-508.309
-628.305
-629.678
300.669
315.503
375.796
268.108
380.576
272.251
296.063
2188.9
-568.034
-482.79
-593.725
-490.279
-570.571
-591.548
-480.652
-513.968
-240.608
-316.788
-318.532
-335.196
-337.646
-488.826
2171.91
-517.048
-450.783
-435.327
-539.677
-543.741
-511.961
-439.281
-625.704
-503.523
-624.164
281.579
369.585
262.987
299.018
289.77
361.281
255.948
869.879
1247.21
963.669
966.353
860.76
975.395
974.866
-468.116
-582.344
-584.776
271.406
290.568
337.393
237.062
350.945
247.687
258.903
2167.1
-502.027
-431.55
-535.49
-440.6
-507.183
-532.171
-427.283
-368.917
-169.3
-205.145
-193.395
-240.414
-231.964
-311.301
2029.23
-456.739
-474.344
-388.081
-604.141
-586.396
-391.439
-449.242
-579.32
-460.873
-579.221
226.076
321.292
225.703
252.246
244.01
300.972
211.568
622.411
980.116
635.358
681.524
573.874
692.976
735.086
-542.767
-678.164
-620.575
205.376
235.667
246.41
180.004
276.565
196.789
182.132
-195.342
-651.146
-420.338
163.822
-92.3597
-1024.17
-315.953
-737.113
-408.312
-319.71
-350.356
-250.509
-687.175
446.303
163.709
100.563
233.342
327.299
-1102.16
-177.43
-212.035
-252.408
-585.745
-246.165
-564.151
49.5583
132.306
102.309
89.8217
102.89
62.7327
121.627
20.2057
1386.89
-17.1243
241.19
453.465
221.669
501.227
1509.9
-153.484
-126.384
268.093
594.995
589.603
266.95
-229.094
-359.115
-246.684
-154.528
-151.729
-138.14
-144.395
-350.658
-316.799
-308.389
-205.277
-179.975
-176.456
-211.022
493.49
732.319
551.199
431.927
453.723
390.637
505.508
882.294
704.945
690.887
543.689
626.156
616.432
555.344
189.1
134.231
107.863
218.905
93.1572
202.536
207.64
762.501
1100.53
669.865
891.421
875.133
659.765
780.863
172.389
122.409
69.0615
170.466
153.903
80.7255
187.43
131.016
-362.967
46.7229
39.5599
60.0348
62.7666
83.2755
51.1182
118.231
69.9367
110.655
106.931
75.8932
117.302
-362.771
-123.766
-133.896
404.843
-132.697
544.817
-132.513
137.682
59.5806
102.577
123.645
67.5059
94.5409
173.314
127.102
98.4514
76.1971
120.816
136.301
126.892
144.679
-161.937
1537.19
-183.451
263.974
598.737
265.5
602.055
1557.01
-241.664
-230.215
254.54
609.611
609.12
252.471
-325.635
-373.92
-333.209
-221.791
-183.855
-187.144
-216.9
-399.383
-367.746
-363.777
-242.024
-204.015
-202.059
-244.652
716.479
913.03
727.527
574.896
633.274
564.995
641.057
937.688
763.837
760.169
601.486
661.649
660.083
603.869
300.414
216.761
196.791
303.826
189.982
296.421
308.446
900.715
1271.67
1024.3
1000.73
998.257
1018.07
905.266
291.893
210.217
175.087
279.277
281.585
182.842
288.865
188.713
103.758
130.085
111.798
175.889
115.155
144.573
104.956
151.104
123.108
158.92
143.577
149.261
150.065
-404.701
11.6703
3.90378
966.543
-143.582
1004.01
-141.764
189.543
114.868
121.204
154.607
115.738
148.044
191.165
156.536
136.219
127.138
160.524
158.008
154.549
162.473
-245.461
1567.68
-252.782
248.736
610.18
250.675
610.086
1577.86
-268.338
-266.957
243.61
610.164
610.509
243.073
-371.459
-410.862
-374.239
-248.987
-205.94
-207.236
-247.17
-416.668
-382.243
-381.9
-253.469
-209.219
-209.288
-253.606
767.306
947.656
770.964
610.532
663.871
606.747
667.195
957.79
778.538
778.833
617.235
672.472
673.366
616.348
343.668
253.15
232.2
337.832
229.874
335.676
346.043
948.509
1317.19
1078.52
1037.92
1037.88
1077.44
949.099
340.67
250.513
223.354
329.26
336.914
226.865
332.958
192.751
121.295
156.848
123.555
191.288
125.023
160.253
137.601
166.036
139.488
163.097
160.192
162.615
161.693
-420.128
33.2573
29.862
176.889
-142.719
76.1214
-143.399
193.072
123.685
133.388
160.707
125.608
159.879
194.362
167.081
138.016
139.03
163.227
162.597
162.363
164.048
-268.366
1577.92
-267.187
243.49
610.148
243.03
610.461
1567.77
-246.61
-253.732
248.239
609.898
609.843
250.104
-382.318
-416.941
-382.125
-253.637
-209.272
-209.451
-253.661
-412.02
-372.867
-375.399
-249.874
-207
-208.102
-248.249
778.547
957.782
778.862
617.232
672.465
616.346
673.342
947.683
767.405
771.052
610.513
663.767
667.11
606.722
349.79
258.523
234.315
339.686
235.729
341.293
348.17
952.037
1321.75
1080.6
1039.06
1041.04
1082.7
950.436
350.692
259.3
236.926
342.263
350.949
236.602
342.11
193.433
133.389
160.773
124.039
194.386
125.668
160.331
138.06
167.336
139.348
163.587
162.694
164.1
162.659
-416.242
13.9288
15.6512
1050.07
-145.042
1016.92
-145.902
193.172
124.045
121.493
158.033
125.089
160.873
192.217
166.471
138.343
139.902
163.58
160.939
162.203
163.52
-242.889
1557.07
-231.66
253.812
609.286
251.82
608.755
1537.17
-164.306
-185.607
262.856
598.086
601.453
264.311
-369.446
-401.662
-365.812
-243.6
-205.311
-203.633
-245.962
-379.298
-331.686
-338.224
-225.886
-189.385
-191.538
-221.935
763.945
937.683
760.295
601.436
661.521
603.833
659.91
912.891
716.548
727.623
574.739
632.883
640.704
564.808
322.654
235.013
203.744
310.23
209.7
316.566
315.944
916.543
1283.41
1032.24
1004.86
1009.98
1039.42
910.969
328.139
239.614
219.603
325.909
333.023
214.974
321.442
191.464
121.416
156.052
117.077
192.188
116.266
150.47
137.086
157.606
128.446
162.304
159.024
163.56
155.876
-387.244
-117.524
-100.945
745.019
-138.379
600.842
-138.848
190.821
114.542
105.506
134.794
115.721
147.473
179.988
152.425
107.029
124.592
161.021
145.673
151.752
152.658
-155.918
1509.82
-129
266.764
594.291
265.689
588.844
1386.56
17.4866
-19.9434
239.632
452.323
220.088
500.163
-324.142
-361.892
-317.326
-213.121
-187.031
-185.603
-217.279
-389.224
-256.063
-270
-181.46
-204.029
-171.838
-184.063
704.977
882.033
690.867
543.413
625.717
555.118
615.936
731.641
492.834
550.711
431.318
452.798
389.928
504.676
241.846
173.322
123.586
232.456
139.566
246.898
224.911
810.684
1146.52
682.649
905.451
919.879
699.583
796.874
257.052
184.205
166.383
270.455
270.905
154.23
258.668
147.041
104.491
129.085
73.2299
177.833
76.2751
101.97
100.74
129.116
79.0232
126.952
138.839
148.663
129.851
-434.748
-220.799
-260.87
195.59
-281.407
818.199
-218.012
141.474
56.6186
-47.3453
52.3607
72.7664
90.5516
85.6712
120.315
53.6438
72.8577
117.551
110.213
120.566
83.6015
-198.72
-656.393
-424.802
161.199
-95.2636
-1031.16
-338.054
-758.316
-424.689
-334.964
-384.146
-271.901
-707.349
-182.218
-216.212
-261.028
-628.905
-267.065
-583.36
50.0351
132.257
101.659
88.6821
102.894
61.4885
121.296
-870.325
-468.419
-548.863
-803.226
-507.307
-749.85
-931.618
-696.111
-277.468
-362.389
-237.116
-610.87
-324.121
-412.407
-1551.29
-563.356
-1488
-523.038
2120.11
-794.038
-429.081
-411.459
-614.807
-705.313
-463.449
-685.105
-768.771
-493.092
-264.394
-404.503
-367.73
-454.12
-827.316
-1521.97
-1144.16
-1035.67
-1549.44
-913.21
-523.045
-803.115
-865.986
-848.706
-459.816
-422.169
-381.666
-547.546
-377.074
-464.482
-547.446
-973.827
-1012.85
-1007.4
-962.472
-1030.74
-583.528
-852.987
-570.798
-986.139
-615.731
-893.548
2140.55
-959.215
-515.074
-353.293
-604.267
-492.781
-580.835
-991.131
-1731.55
-1364.87
-1349.33
-1746.26
-921.012
-525.651
-438.366
-334.88
-466.572
-878.761
-555.5
-1614.29
-1199.87
-1588.15
-1235.25
-1071.21
-596.995
-668.029
-961.422
-642.805
-930.851
-1104.66
-470.831
-423.088
-386.037
-546.434
-391.945
-467.585
-536.691
-1037.87
-1168.49
-1153.87
-1051.56
-970.62
-1037.55
-968.063
-1059.48
-499.661
-441.819
-560.082
-562.118
241.633
123.458
232.375
173.02
224.835
139.271
246.7
810.246
1146.34
681.924
905.307
919.701
796.481
698.831
256.734
183.804
165.88
270.101
270.511
153.811
258.383
-440.936
-558.091
-564.591
-1184.17
-677.605
-740.764
-1052.65
-725.403
-1034.88
-1203.69
-1044.6
-535.817
-624.342
-399.232
-553.096
-642.449
-1020.28
-1781.34
-1381.86
-1768.41
-1395.01
2180.45
-1160.69
-661.433
-689.362
-990.001
-708.795
-1135.4
-1013.12
-1067.05
-672.55
-411.163
-583.093
-569.229
-658.117
-1086.02
-1846.45
-1464.7
-1455.98
-1854.54
-1077.76
-1183.89
-1066.07
-1196.28
-536.219
-464.407
-457.78
-565.506
-453.738
-541.051
-561.297
-1130.13
-1260.98
-1252.71
-1137.86
-1236.69
-753.787
-1069.45
-716.73
-1221.82
-765.516
-1082.93
2183.09
-1131.39
-624.792
-447.852
-714.076
-616.3
-705.478
-1142.56
-1911.48
-1521.08
-1516.53
-1915.57
-1118
-684.923
-595.825
-440.387
-606.424
-1103.45
-695.976
-1874.95
-1474.53
-1867.73
-1481.98
-1250.45
-726.354
-784.458
-1105.73
-775.444
-1095.59
-1261.68
-549.286
-474.564
-461.288
-569.653
-464.707
-545.218
-573.248
-1182.58
-1313.31
-1308.95
-1186.7
-1152.8
-1269.87
-1146.23
-1276.88
-479.51
-600.922
-597.808
322.199
203.178
309.803
234.52
315.467
209.163
316.159
915.943
1283.11
1031.46
1004.47
1009.6
910.347
1038.67
327.711
239.155
219.146
325.556
332.63
214.474
321.059
-488.767
-605.379
-608.321
-1286.53
-753.789
-808.07
-1133.89
-803.511
-1128.89
-1292.02
-1160.1
-632.315
-721.201
-465.427
-638.592
-727.207
-1152.35
-1927.34
-1526.64
-1923.41
-1530.46
2195.68
-1279.62
-748.67
-791.901
-1115.17
-798.287
-1271.78
-1122.35
-1166.77
-736.523
-469.523
-648.383
-643.919
-732.169
-1172.25
-1947.37
-1551.45
-1549.08
-1949.47
-1194.84
-1318.32
-1191.45
-1321.88
-581.679
-500.861
-493.065
-605.438
-491.983
-582.996
-604.3
-1210.19
-1340.95
-1338.72
-1212.27
-1299.76
-811.54
-1138.18
-764.2
-1296.6
-814.183
-1141.08
2197.23
-1182.11
-657.136
-479.238
-745.035
-656.104
-744.027
-1183.25
-1960.73
-1561.94
-1561.61
-1960.92
-1179.88
-739.857
-651.939
-477.859
-654.338
-1176.74
-742.339
-1954.66
-1553.9
-1952.97
-1555.67
-1302.03
-765.909
-816.997
-1144.27
-815.948
-1143.22
-1303.15
-584.956
-503.255
-493.901
-606.412
-494.668
-584.008
-607.23
-1220.7
-1350.39
-1350.1
-1220.95
-1215.84
-1343.12
-1214.31
-1344.76
-513.377
-636.481
-635.725
349.665
234.118
339.529
258.393
347.996
235.586
341.182
951.84
1321.64
1080.39
1038.89
1040.89
950.214
1082.53
350.617
259.221
236.897
342.241
350.924
236.517
342.041
-515.517
-637.724
-638.325
-1300.33
-764.734
-812.269
-1139.02
-814.706
-1141.69
-1297.41
-1182.39
-657.223
-745.127
-479.463
-656.359
-744.308
-1183.34
-1960.95
-1562.03
-1961.02
-1561.84
2197.45
-1302.35
-766.237
-817.104
-1144.39
-816.272
-1303.25
-1143.57
-1180.38
-740.506
-478.229
-652.537
-654.765
-742.8
-1177.47
-1955.66
-1555.02
-1556.65
-1954.11
-1220.87
-1350.47
-1221.02
-1350.3
-585.615
-503.853
-494.603
-607.183
-495.266
-584.78
-607.894
-1216.7
-1344.16
-1345.66
-1215.31
-1287.86
-809
-1135
-754.975
-1293.09
-804.654
-1130.25
2195.96
-1161.56
-633.641
-466.403
-722.619
-639.728
-728.426
-1154.05
-1929.69
-1529.1
-1532.75
-1925.94
-1167.96
-737.356
-649.159
-470.346
-644.87
-1173.21
-733.195
-1948.85
-1552.73
-1950.81
-1550.5
-1281.22
-750.08
-793.479
-1117.1
-799.642
-1124
-1273.66
-582.687
-501.774
-493.87
-606.326
-492.902
-583.88
-605.306
-1196.96
-1320.69
-1324.07
-1193.77
-1211.48
-1342.14
-1213.42
-1340.06
-516.115
-638.427
-638.934
343.936
232.454
338.032
253.432
346.265
230.18
335.917
948.78
1317.37
1078.76
1038.1
1038.07
949.345
1077.72
340.982
250.843
223.763
329.579
337.268
227.225
333.238
-514.281
-637.311
-636.655
-1239.5
-719.166
-756.325
-1072.73
-767.799
-1085.85
-1224.96
-1133.63
-626.327
-715.695
-449.314
-618.033
-707.309
-1144.53
-1914.46
-1523.74
-1918.32
-1519.39
2183.32
-1252.93
-728.518
-786.26
-1107.99
-777.487
-1263.87
-1098.16
-1120.53
-687.183
-442.012
-597.958
-608.36
-698.017
-1106.25
-1878.99
-1478.78
-1485.97
-1872.03
-1185.3
-1315.88
-1189.21
-1311.72
-552.722
-477.844
-464.82
-573.479
-467.931
-548.968
-576.758
-1156.72
-1274.06
-1280.81
-1150.42
-1188
-743.555
-1056.32
-680.952
-1207.17
-728.462
-1038.95
2180.7
-1048.26
-538.725
-401.512
-627.464
-555.823
-645.361
-1024.21
-1787.57
-1388.48
-1401.31
-1774.94
-1070.42
-675.026
-585.429
-413.285
-571.762
-1089.11
-660.815
-1851.27
-1469.23
-1859.12
-1460.76
-1164.89
-665.097
-692.938
-994.916
-712.111
-1017.62
-1139.94
-540.669
-468.718
-461.63
-569.69
-457.963
-545.124
-565.862
-1084.33
-1190.64
-1202.68
-1073.04
-1134.92
-1265.45
-1142.35
-1257.48
-492.026
-609.011
-611.648
300.902
197.378
304.264
217.309
308.935
190.576
296.858
901.358
1271.99
1025.11
1001.12
998.647
905.899
1018.9
292.367
210.759
175.643
279.674
282.029
183.426
289.289
-483.811
-604.899
-602.146
-1036.23
-575.724
-587.967
-859.489
-619.998
-899.708
-991.871
-963.641
-518.16
-607.585
-355.998
-496.028
-584.336
-995.322
-1738.65
-1371.83
-1753.12
-1356.62
2140.87
-1076.41
-601.631
-671.852
-966.772
-646.865
-1109.54
-936.613
-925.646
-529.435
-337.697
-441.842
-469.951
-559.159
-883.556
-1622.83
-1209
-1244.13
-1596.94
-1045.69
-1175.61
-1058.95
-1161.38
-484.589
-438.502
-401.804
-563.094
-406.277
-482.548
-551.895
-980.856
-1047.3
-1068.9
-978.754
-876.327
-553.432
-810.007
-473.959
-937.527
-511.952
-756.816
2120.42
-701
-280.892
-240.117
-366.234
-327.637
-615.613
-416.32
-1561.51
-572.22
-1498.18
-531.648
-773.709
-496.966
-408.041
-267.395
-371.284
-832.218
-458.038
-1531.23
-1153.46
-1558.43
-1044.93
-800.031
-434.69
-416.059
-621.785
-711.18
-468.11
-692.142
-477.286
-442.744
-398.94
-565.665
-396.007
-480.662
-567.066
-926.287
-537.459
-814.378
-879.062
-859.957
-985.407
-1022.88
-973.602
-1017.71
-456.972
-574.501
-579.652
188.787
107.771
218.848
133.989
207.543
92.7869
202.299
762.762
1100.6
670.536
891.517
875.161
781.2
660.377
171.818
121.914
67.9432
169.801
153.038
80.0107
187
-463.458
-578.103
-581.781
-516.066
-67.3195
147.289
215.458
-35.1467
76.1915
61.2523
140.205
-164.018
-149.646
-318.014
-129.041
-57.7549
-45.6484
-17.55
263.158
181.112
248.629
204.742
231.085
196.782
194.771
19.9369
-234.908
-320.647
22.9516
45.5428
52.7284
-21.8333
323.008
437.222
-9.69665
518.236
276.458
-3.71393
660.813
1030.15
803.992
691.678
728.38
774.368
691.934
368.533
32.8605
689.107
603.354
7.86836
418.295
-56.3751
34.8165
-34.7759
57.1508
34.0816
55.972
52.0345
-388.349
-251.18
-271.022
65.9502
-142.869
-164.716
221.066
41.9096
-12.984
-30.4682
66.3936
81.1006
58.0276
147.674
41.3232
86.3994
92.7367
431.271
390.854
62.8942
67.1739
130.034
-127.272
356.3
-7.47436
18.3318
-112.885
533.049
33.0391
37.9539
83.8817
166.148
-3.78253
371.185
56.5514
154.492
-73.1181
541.243
5.02174
-103.335
536.518
98.3591
565.189
607.414
339.39
556.703
619.028
347.436
876.058
1252.48
983.573
992.711
984.533
979.842
882.128
572.475
361.288
639.146
630.112
354.728
579.295
29.1166
91.9122
27.6722
280.134
133.483
263.403
148.078
-384.899
-80.9779
-99.0441
769.514
-138.45
-135.987
846.265
97.6523
40.1907
29.8639
285.885
155.272
150.849
346.682
-14.0314
154.106
174.38
466.128
466.01
148.876
17.2541
-295.224
-53.28
551.612
99.8462
-242.702
-52.6203
559.482
-15.7557
135.633
172.885
465.911
24.5477
467.74
146.559
-292.226
-52.6967
555.021
100.476
-52.5173
557.461
-253.058
644.953
724.697
420.88
641.436
728.064
424.212
943.75
1307.38
1032.92
1071.26
1072.85
1032.35
944.101
646.025
428.746
728.082
728.592
426.718
646.728
77.0657
121.698
79.1792
490.184
153.744
476.783
153.217
-416.166
12.4842
15.0038
1058.37
-145.305
-145.425
1063.49
121.684
76.4243
79.1148
491.69
149.363
152.625
477.77
73.821
151.543
176.521
463.041
463.832
154.186
54.7465
-159.992
-53.5209
600.918
111.071
-147.332
-53.8563
590.373
74.8359
155.657
176.432
470.984
81.2095
464.715
154.721
-161.288
-52.7041
582.895
111.265
-53.7673
588.629
-186.925
658.716
743.297
440.953
658.56
743.579
441.055
954.313
1324.92
1041.98
1085.65
1086.66
1043
953.544
658.363
440.268
742.379
743.339
440.803
657.697
73.1842
117.022
73.7899
185.281
136.444
104.798
139.591
-420.262
12.4444
25.4817
310.235
-145.375
-144
1046.41
118.169
75.271
73.6691
217.754
147.913
141.524
467.509
117.29
150.647
178.949
465.311
493.859
146.107
51.0325
71.4159
-47.7585
697.007
120.229
63.1845
-49.0739
688.484
118.891
142.439
179.379
502.237
98.0152
496.523
144.711
34.6519
-52.2958
585.486
119.545
-49.8326
679.634
-190.329
636.34
722.553
418.662
639.387
719.224
415.648
931.877
1295.69
1017.83
1055.71
1060.77
1021.53
927.847
632.988
408.756
709.833
715.026
412.444
628.982
76.6126
117.775
70.4718
461.308
154.848
475.052
155.095
-405.023
-59.8972
-0.875326
958.051
-141.238
-142.68
898.114
114.762
47.019
67.0824
458.743
156.816
155.527
371.935
90.1184
156.77
179.128
468.622
480.469
157.672
33.3663
-125.437
-54.0324
603.602
109.07
-144.155
-53.7583
613.866
90.4202
156.873
178.766
472.861
82.9755
480.271
157.494
-124.05
-54.1527
559.11
108.731
-53.8089
614.13
-223.199
542.453
596.608
331.459
549.258
586.594
322.492
836.748
1216.2
937.5
904.505
926.042
947.664
825.869
538.325
294.457
577.944
578.182
311.44
537.764
32.3912
75.9926
23.113
239.764
132.172
265.031
116.757
-374.109
-165.767
-133.825
383.134
-156.629
-143.663
285.453
68.9017
1.87
18.4484
232.952
92.2801
111.754
168.295
103.659
98.359
152.824
443.531
449.552
117.442
74.7867
118.449
-58.0945
548.193
84.9476
-224.411
-63.2626
535.517
102.316
135.491
157.028
465.728
36.2773
450.463
122.239
142.369
-81.5006
549.143
83.1876
-65.9048
537.488
82.8289
-69.6154
214.536
145.395
74.9426
-37.2486
59.9973
139.069
-176.232
-52.0842
-181.292
-61.6842
-139.266
-49.1146
-7.71742
262.425
247.832
179.485
230.463
203.842
196.087
193.876
-44.3068
94.118
43.2389
-992.932
-1018.83
-74.181
-1792.32
-811.241
-863.699
-1640.93
-818.417
-1576.06
-1868.55
-1557.21
-665.544
-577.927
-265.766
-1437.36
-755.425
-630.277
2056.7
-1695.81
-761.29
-711.621
-1404.99
-1588.49
-767.257
-1493.04
-1662.34
-719.764
-296.965
-904.957
-836.509
-677.231
-1747.5
-513.385
-703.951
-529.799
-641.793
-693.734
-499.022
-532.418
-435.335
-434.459
-368.367
-544.042
-547.187
-362.853
-444.32
-520.519
-542.135
-621.319
-695.67
-689.275
-533.154
-534.65
-2322.17
-1127.22
-2006.82
-1136.84
-2294.19
-1146.08
-2030.75
2163.63
-2299.85
-1409.88
-545.11
-1022.3
-2329.2
-1383.01
-1006.05
-2265.86
-970.046
-1324.42
-531.029
-1353.38
-2232.96
-988.385
-2351.99
-1155.35
-1181.02
-2077.36
-2376.16
-1164.48
-2056.91
-488.633
-427.398
-409.239
-518.551
-519.538
-414.27
-483.85
-579.524
-626.866
-696.878
-679.715
-620.771
-587.511
-668.03
-573.059
-642.828
-614.8
-683.306
-615.834
-567.224
-656.316
-270.699
-275.022
-257.994
-188.558
-173.45
-192.871
-480.528
-564.819
-570.504
-249.162
-224.691
-239.049
-209.365
-178
-201.601
836.163
1215.92
937.22
903.681
925.184
947.365
825.308
541.851
595.64
330.865
548.629
585.627
321.925
537.749
293.959
577.056
577.239
537.222
310.901
-328.139
-308.164
-326.966
-448.397
-573.109
-570.303
-136.873
-186.456
-196.419
-209.584
-142.913
-204.79
-308.22
-307.521
-320.29
-2447.07
-1238.71
-2153.68
-1216.36
-1225.76
-2137.8
-2465.81
-2387.17
-1441.09
-582.885
-1038.12
-2362.07
-1464.03
-1052.17
2174.14
-2413.25
-1078.69
-593.885
-1507.38
-1486.95
-1065.91
-2435.68
-2424.16
-1202.23
-1197.23
-2100.17
-2403.32
-1211.54
-2117.79
-602.391
-634.031
-689.774
-727.017
-594.957
-640.369
-699.186
-515.465
-448.26
-441.61
-546.922
-541.933
-436.77
-521.391
-609.157
-716.133
-735.673
-653.268
-647.211
-707.621
-616.366
-2610.93
-1325.64
-2268.07
-1320.85
-2601.32
-1332.21
-2275.95
2187.22
-2623.05
-1692.09
-685.879
-1182.78
-2633.18
-1680.95
-1177.36
-2610.35
-1164.37
-1656.97
-680.44
-1668.65
-2598.14
-1171
-2621.31
-1327.24
-1343.99
-2291.04
-2628.75
-1338.63
-2284.86
-563.053
-485.721
-473.595
-583.572
-586.343
-476.297
-559.869
-669.026
-705.541
-800.724
-780.318
-702.893
-672.171
-776.789
-665.786
-768.937
-696.407
-796.874
-699.532
-662.122
-773.054
-83.8036
-88.145
-129.32
-109.984
-169.174
-139.596
-465.014
-585.439
-581.977
-83.303
-93.9817
-105.273
-178.255
-272.04
-204.454
931.373
1295.4
1017.48
1055.06
1060.16
1021.2
927.312
635.838
721.979
418.167
638.907
718.586
415.132
632.451
408.201
709.116
714.346
628.42
411.904
-0.601749
9.27883
2.53425
-499.105
-617.427
-619.599
9.1558
8.2728
6.03469
-0.365985
6.2401
3.16824
11.7414
7.34735
5.17587
-2650.4
-1362.45
-2315.5
-1347.29
-1358.45
-2310.65
-2655
-2651.31
-1706.08
-698.759
-1188.34
-2645.32
-1711.89
-1192.22
2194.01
-2655.59
-1199.49
-701.52
-1713.94
-1713.76
-1196.09
-2657.86
-2643.8
-1342.76
-1349.61
-2298.89
-2638.17
-1353.94
-2303.95
-677.53
-708.455
-783.58
-809.488
-675.035
-710.624
-786.386
-575.087
-495.715
-488.214
-599.836
-598.104
-486.467
-577.152
-679.808
-791.597
-812.328
-715.033
-713.083
-789.016
-682.128
-2689.27
-1384.73
-2344.12
-1374.42
-2687.97
-1385.71
-2345.23
2197.61
-2699.83
-1757.69
-724.183
-1223.36
-2700.44
-1756.97
-1222.9
-2698.67
-1221.25
-1754.47
-723.595
-1755.84
-2697.13
-1222.19
-2690.25
-1375.13
-1386.88
-2346.52
-2690.72
-1386.43
-2346.1
-587.306
-504.966
-496.201
-609.096
-609.441
-496.521
-586.899
-694.4
-726.708
-828.022
-805.906
-726.553
-694.612
-805.667
-694.074
-804.745
-725.839
-827.632
-726.229
-693.597
-805.29
13.8364
19.2732
12.7194
14.4283
10.3098
11.8172
-508.515
-631.644
-630.161
14.12
15.5413
13.2119
17.6759
9.44402
11.1283
954.222
1324.9
1041.88
1085.58
1086.6
1042.93
953.425
658.668
743.274
440.933
658.544
743.545
441.004
658.278
440.156
742.302
743.284
657.583
440.72
19.8353
27.3514
20.2862
-517.077
-639.887
-640.117
25.3338
21.2861
21.1378
20.0707
24.6981
20.7301
27.5837
20.6239
20.5589
-2689.7
-1385.26
-2344.7
-1374.79
-1386.11
-2345.66
-2688.57
-2700.05
-1757.78
-724.346
-1223.44
-2700.52
-1757.23
-1223.13
2197.77
-2699.08
-1221.75
-723.862
-1755.1
-1756.3
-1222.57
-2697.72
-2690.49
-1375.36
-1386.97
-2346.61
-2690.81
-1386.69
-2346.35
-694.558
-726.762
-805.961
-828.183
-694.664
-726.696
-805.833
-587.55
-505.185
-496.516
-609.443
-609.693
-496.739
-587.248
-694.337
-805.142
-827.915
-726.196
-726.485
-805.569
-693.973
-2652.88
-1364.15
-2317.63
-1349.12
-2657.3
-1360.27
-2312.96
2194.32
-2654.17
-1708.82
-700.287
-1190.33
-2648.38
-1714.43
-1194.08
-2658.24
-1201.11
-1716.1
-702.942
-1716.13
-2660.31
-1197.81
-2646.49
-1344.74
-1351.72
-2301.58
-2641.05
-1355.91
-2306.44
-576.64
-497.139
-489.494
-601.245
-599.661
-487.891
-578.551
-679.353
-710.435
-811.408
-785.681
-712.433
-677.035
-788.306
-681.472
-793.186
-716.522
-814.073
-714.725
-683.633
-790.769
19.9787
27.4517
20.3909
25.3989
21.3098
21.2012
-517.307
-640.194
-640.344
20.2196
24.8102
20.8386
27.6428
20.6471
20.6207
944.113
1307.63
1033.16
1071.64
1073.26
1032.6
944.442
645.379
725.206
421.344
641.891
728.551
424.651
646.42
429.131
728.502
729.04
647.101
427.128
14.3775
19.8268
13.3062
-509.92
-632.962
-631.612
15.1295
11.0319
12.4879
14.6871
16.184
13.8279
18.2752
10.1282
11.7651
-2614.44
-1328.34
-2271.56
-1323.44
-1334.77
-2279.22
-2605.05
-2626.56
-1695.01
-687.674
-1184.92
-2636.44
-1684.14
-1179.63
2187.53
-2614.07
-1166.92
-682.348
-1660.57
-1672.04
-1173.42
-2602.1
-2624.6
-1329.66
-1346.26
-2293.93
-2631.86
-1341.03
-2287.93
-671.412
-707.714
-782.605
-803.22
-674.352
-705.262
-779.281
-565.492
-488.004
-476.073
-586.269
-588.816
-478.557
-562.535
-668.378
-771.876
-799.592
-699.225
-702.122
-775.759
-664.949
-2452.87
-1242.75
-2159.07
-1220.71
-2471.48
-1229.94
-2143.38
2174.4
-2393.43
-1446.65
-586.051
-1042.22
-2368.48
-1469.48
-1056.17
-2419.29
-1082.45
-1512.53
-596.955
-1492.24
-2441.57
-1069.79
-2430.19
-1206.73
-1201.68
-2106.18
-2409.52
-1215.86
-2123.58
-521.734
-454.535
-447.139
-552.886
-548.455
-442.85
-527.128
-609.296
-641.754
-734.088
-697.136
-647.48
-602.447
-706.023
-615.54
-722.025
-659.282
-742.21
-653.745
-622.245
-713.976
0.291104
10.0619
3.37511
10.0387
9.05438
6.87178
-501.367
-619.966
-621.929
0.589886
7.18971
4.06489
12.4776
8.08687
5.96458
876.712
1252.8
983.955
993.583
985.404
980.22
882.783
565.851
608.379
340.003
557.351
620.001
348.067
573.142
361.94
640.13
631.073
579.97
355.369
-82.3541
-86.804
-127.777
-471.328
-591.153
-588.234
-107.943
-167.28
-137.773
-81.6778
-92.0606
-103.555
-176.829
-270.326
-202.806
-2328.91
-1132.14
-2013.6
-1141.95
-1150.91
-2037.32
-2301.11
-2306.58
-1415.6
-548.529
-1026.52
-2335.83
-1388.79
-1010.36
2163.96
-2272.75
-974.513
-534.516
-1330.42
-1359.28
-992.772
-2240.02
-2358.56
-1160.32
-1185.6
-2083.56
-2382.6
-1169.19
-2063.31
-588.32
-635.276
-687.626
-705.752
-595.618
-629.906
-676.538
-498.318
-437.69
-420.011
-529.942
-529.892
-424.025
-494.458
-582.567
-652.568
-692.847
-625.585
-625.765
-665.424
-577.53
-1799.45
-868.893
-816.854
-1648.26
-1875.79
-823.537
-1583.31
2056.97
-1563.91
-670.693
-269.345
-582.272
-760.839
-1443.78
-634.749
-1669.3
-724.407
-910.781
-300.617
-842.161
-1754.64
-681.802
-1702.76
-766.81
-716.508
-1411.94
-1595.24
-772.277
-1500.16
-457.852
-463.442
-392.62
-568.452
-573.238
-388.907
-465.626
-534.159
-728.994
-547.478
-661.546
-717.756
-520.366
-549.764
-540.519
-558.362
-717.415
-640.168
-712.147
-553.807
-549.967
-326.422
-306.776
-325.213
-134.574
-184.509
-194.417
-458.939
-584.281
-580.402
-207.547
-140.536
-202.751
-306.793
-305.787
-318.533
660.691
1029.91
803.806
691.986
728.58
774.074
691.935
322.526
437.012
-10.5911
275.767
518.212
-4.40738
368.223
32.4939
689.371
603.489
418.13
7.34167
-276.025
-272.41
-259.7
-511.781
-589.729
-597.202
-177.643
-192.301
-195.797
-210.56
-181.457
-203.702
-251.551
-228.075
-241.525
-567.089
-635.418
-411.558
-731.65
-388.528
-692.869
-570.184
-520.44
-454.398
-344.844
-552.667
-355.327
-646.741
-42.3229
95.3956
45.2843
-984.273
-1011.2
-71.0577
-47.4808
-100.857
-168.181
-574.631
-450.785
-76.2458
-72.3429
29.7075
-53.6887
-101.59
8.61372
-105.816
19.4099
2.88514
48.636
-4.18373
-23.1818
56.7677
-11.8477
38.3321
1415.61
-70.6231
-31.4321
254.085
555.902
261.362
533.672
1503.07
-83.4085
-116.234
267.736
570.725
265.815
581.93
-355.464
-278.153
-264.171
-169.304
-158.916
-150.02
-181.067
-348.837
-290.417
-299.236
-198.443
-166.628
-191.242
-171.656
781.489
628.29
593.085
463.082
568.007
540.032
490.341
865.708
653.891
675.168
530.181
586.953
604.5
511.253
45.6897
136.815
136.56
84.256
120.582
79.2111
42.7631
165.817
-217.034
-240.82
128.2
-136.924
-187.638
0.481088
-29.0818
-158.388
9.41033
-173.631
38.824
124.196
88.4582
64.547
106.719
11.8689
75.6485
15.3465
-122.559
-212.883
-127.676
-96.6443
16.9168
-26.9197
-126.736
12.0413
-61.9181
-148.99
744.46
1082.65
827.577
650.758
717.131
856.332
654.133
523.927
936.79
85.2919
74.2651
886.263
545.309
499.25
50.4991
762.554
462.084
65.0843
831.212
47.7109
148.525
88.219
177.393
97.1344
41.691
163.607
-22.2251
-84.4609
-3.3181
47.4893
37.4139
-93.9936
-12.6058
-169.53
-68.4937
-80.0947
-162.386
-171.645
-100.575
-165.958
-88.3261
-31.2869
21.6202
-10.2465
-112.743
30.0548
-43.214
-102.417
56.3759
188.824
116.402
190.893
105.31
176.473
69.0201
-361.012
-168.835
-136.916
378.99
-139.591
278.156
-133.196
29.9497
73.2652
20.2707
235.331
129.012
261.813
112.858
-1.3402
65.9107
15.4749
228.287
87.2332
160.312
107.587
98.515
92.8375
433.563
146.542
67.4776
443.552
112.838
113.634
-53.7824
82.5836
545.309
-228.544
-56.3896
530.278
137.44
-67.3315
540.2
80.5432
75.5845
-57.862
531.912
97.3919
132.052
151.308
462.535
32.5671
444.862
117.94
1540.01
-207.283
-189.89
262.084
605.619
259.802
604.191
1554.96
-212.528
-226.148
256.279
606.84
257.875
608.252
-377.34
-347.339
-340.856
-226.845
-193.85
-190.78
-231.067
-397.073
-353.643
-358.813
-238.672
-197.032
-235.277
-199.531
919.374
742.963
735.747
581.605
649.703
646.022
587.019
933.965
749.315
755.63
597.885
653.072
657.434
592.137
161.543
297.27
299.884
221.502
293.605
215.864
167.808
46.0835
180.488
188.614
38.5623
76.8502
9.9032
136.174
95.2788
142.423
70.1086
16.3871
154.614
291.348
278.885
203.197
286.768
210.097
147.064
53.7702
202.539
196.114
59.677
83.6978
153.117
100.116
30.3035
147.765
89.7221
23.8537
895.392
1267.52
988.363
1001.85
888.561
994.394
1010.54
599.173
674.506
385.235
380.158
667.391
604.529
593.146
368.169
649.818
586.339
374.377
658.845
179.072
305.922
226.383
313.497
231.555
173.685
311.752
105.882
50.4487
118.017
170.936
166.845
46.4601
110.11
77.5469
225.542
220.712
81.8574
71.9219
209.285
66.6822
215.066
100.872
157.753
114.006
36.5802
162.6
95.764
41.6197
184.297
318.119
240.29
321.717
236.021
317.002
188.896
-402.542
-61.3603
-2.0375
957.321
-139.154
897.127
-141.154
75.7734
116.754
69.4192
460.307
153.923
474.329
153.913
45.6142
113.584
65.9477
457.697
155.206
370.469
154.251
88.842
155.083
467.554
177.705
31.619
479.747
156.347
-126.823
-53.3198
108.907
603.167
-145.225
-52.7804
613.279
-125.488
-52.676
558.173
108.555
-225.166
-52.7365
613.52
89.1959
155.921
177.463
472.364
82.0617
479.582
156.272
1571.93
-261.131
-254.53
247.008
609.983
245.472
609.989
1577.72
-262.74
-266.184
244.058
610.116
244.508
610.492
-411.975
-378.641
-376.805
-250.677
-208.985
-208.418
-251.764
-416.401
-380.187
-381.176
-253.127
-209.345
-252.652
-209.336
951.048
774.893
773.351
612.547
669.744
669.104
613.305
956.89
776.422
778.15
616.688
670.934
672.856
614.631
223.817
356.146
360.092
274.542
358.475
272.885
225.271
118.11
260.087
263.193
115.553
142.068
78.552
198.194
150.05
200.543
139.705
80.8014
222.205
354.26
353.846
268.632
356.618
271.084
219.69
121.825
268.694
266.243
124.402
144.401
204.154
151.895
85.174
202.419
146.278
83.2472
947.188
1315.19
1034.91
1074.02
945.988
1036.75
1075.52
651.796
734.741
435.355
434.397
733.66
652.743
650.077
431.332
730.608
649.054
432.665
731.776
228.589
362.169
276.266
361.053
277.702
227.296
363.617
151.254
91.0032
158.008
209.765
208.713
90.039
152.259
130.014
275.489
274.505
130.856
128.349
271.285
126.865
272.741
149.643
205.872
156.589
87.1839
207.246
148.316
88.5216
230.421
362.519
280.263
366.348
279.203
365.308
231.553
-419.905
12.0971
25.2724
310.091
-145.014
1046.19
-143.795
73.1614
116.888
73.6338
185.132
136.421
104.787
139.428
74.9319
117.943
73.4661
217.592
147.553
467.223
141.316
117.131
150.285
465.195
178.747
50.6922
493.859
145.898
71.3021
-47.7436
120.225
697.011
63.1719
-48.9616
688.555
34.5288
-52.041
585.423
119.538
-190.644
-49.6895
679.733
118.747
142.416
179.225
502.232
98.0044
496.515
144.549
1577.79
-263.271
-266.484
243.864
609.995
244.24
610.408
1572.02
-261.742
-255.387
246.585
609.823
245.125
609.79
-416.76
-380.741
-381.565
-253.42
-209.75
-209.619
-253.071
-413.012
-379.38
-377.74
-251.389
-209.529
-252.325
-209.111
956.89
776.481
778.194
616.684
670.889
672.822
614.627
951.069
774.962
773.431
612.532
669.69
669.033
613.296
236.287
368.333
370.814
284.395
371.322
284.843
235.904
136.532
280.985
281.038
136.48
157.329
95.8941
214.446
163.435
214.398
157.375
95.855
236.621
368.587
371.542
285.115
371.603
285.104
236.72
136.373
280.379
280.829
135.924
157.074
213.772
163.209
95.2841
214.156
156.692
95.6317
952.793
1322.85
1041.58
1084.82
953.062
1041.76
1084.21
655.628
737.102
436.981
438.158
738.958
654.288
656.49
439.661
741.398
657.059
439.082
740.643
234.7
370.274
283.913
366.736
283.322
235.356
369.698
154.69
92.5355
161.137
211.054
211.963
93.3646
153.8
133.708
277.184
278.243
132.781
134.796
279.782
135.266
279.205
155.555
213.302
161.858
94.7402
212.71
156.128
94.2097
233.888
365.934
281.556
367.774
282.555
368.884
232.979
-417.185
12.883
15.5564
1058.59
-145.72
1063.69
-146.031
77.8379
122.328
79.7744
490.662
154.595
477.471
153.86
76.812
122.204
79.6535
492.143
149.773
478.078
153.209
74.4204
151.959
463.185
177.124
55.1204
464.141
154.78
-159.232
-54.1698
111.13
601.319
-146.303
-54.3285
590.686
-160.565
-52.9944
582.981
111.318
-186.538
-54.1942
588.917
75.468
156.529
177.106
471.448
82.0839
465.05
155.379
1555.02
-214.286
-227.674
255.475
606.387
256.995
607.841
1539.99
-209.126
-191.971
261.043
605.118
258.841
603.64
-399.577
-356.548
-361.248
-240.572
-199.365
-201.446
-237.562
-382.202
-350.817
-345.024
-230.197
-196.711
-233.83
-194.311
933.941
749.452
755.761
597.82
652.832
657.228
592.058
919.262
743.095
735.863
581.476
649.429
645.706
586.919
211.896
344.654
342.676
258.524
346.119
261.65
208.754
110.206
257.726
254.763
112.872
135.086
76.4844
196.493
143.77
193.971
137.636
74.0888
214.915
347.371
351.85
266.863
349.109
264.307
217.752
107.104
248.177
251.617
103.991
132.256
188.434
141.287
68.6848
191.395
129.35
71.3888
920.659
1286.73
1015.03
1050.35
924.107
1013.09
1045.57
616.205
683.796
391.328
396.251
691.198
610.797
620.778
404.646
703.565
624.818
400.758
698.167
201.89
339.136
255.575
334.913
252.233
205.397
335.509
118.952
55.402
129.5
175.237
178.988
58.8555
115.218
92.0358
231.48
236.011
88.0125
96.5315
244.164
99.807
240.45
122.746
185.565
132.684
65.4216
182.333
125.95
62.4421
197.978
331.286
244.741
326.992
248.748
331.485
193.949
-389.782
-79.4058
-97.138
771.101
-140.756
847.406
-139.211
31.4232
93.8822
29.6135
282.404
136.424
266.487
150.425
41.6961
99.3961
31.6857
288.055
157.006
348.231
153.028
-11.502
155.931
467.283
177.056
19.0878
467.798
151.197
-292.25
-57.0733
100.441
554.253
-238.714
-55.1887
561.196
-289.377
-54.3267
556.038
101.019
-250.985
-54.8231
559.08
-13.1081
138.819
175.82
468.843
28.1057
469.643
149.07
1502.96
-86.1911
-118.901
266.347
569.851
264.386
581.115
1415.32
-73.4311
-34.2647
252.563
554.97
259.885
532.676
-361.411
-303.728
-310.135
-208.366
-182.606
-183.672
-203.916
-382.622
-294.366
-283.771
-190.302
-180.388
-197.356
-179.166
865.39
653.743
675.088
529.855
586.34
603.95
510.882
780.931
628.053
592.73
462.56
567.333
539.279
489.904
119.175
262.306
239.878
170.096
251.492
180.405
107.748
20.1825
171.523
160.543
29.6096
56.2679
3.91173
130.565
78.9428
123.176
63.3273
-2.11881
129.791
270.318
271.076
196.925
261.835
188.912
139.187
7.60595
124.257
145.544
-7.77882
48.6989
105.506
71.8087
-15.9695
115.318
41.0649
-8.81997
815.121
1164.1
930.302
871.277
818.98
926.197
762.94
568.942
976.914
99.9717
135.724
983.194
558.882
559.998
261.173
617.083
543.726
200.142
808.493
93.9486
229.377
159.918
234.271
149.173
98.3735
222.023
9.24338
-71.0272
29.3518
57.2683
69.9795
-54.054
-2.23141
-125.347
-51.8341
-19.5237
-149.875
-77.0383
90.7023
-31.6479
36.3342
21.6136
95.0324
41.3596
-25.3618
82.4215
32.3138
-38.0639
89.8393
224.451
126.493
203.4
138.543
214.675
80.9598
-417.604
-248.533
-272.875
135.115
-163.044
231.436
-201.104
-53.147
38.2897
-33.0155
106.077
42.4994
20.1856
58.6424
-9.81645
45.4333
-28.2272
104.958
86.4466
156.727
64.3177
34.1756
92.153
442.248
106.305
74.8102
418.273
68.5435
90.6345
-236.229
16.2837
451.899
-161.815
561.943
140.8
-90.5666
551.054
24.5595
105.626
-140.44
561.072
11.3148
34.9025
99.4085
275.66
-669.446
403.826
61.5645
-575.253
-641.217
-416.462
-740.19
-695.703
-395.78
-586.133
-529.483
-467.325
-356.753
-564.554
-363.421
-663.893
-49.7314
-104.789
-175.117
-582.485
-79.9723
-466.311
-74.4496
28.4312
-56.71
-107.826
6.32445
-117.12
17.0277
0.817187
47.2071
-6.75822
-26.8836
55.0104
-14.6179
36.1654
-1196.94
-784.597
-1411.79
-820.376
-1354.9
-779.198
-1247.5
-1002.12
-622.849
-664.675
-641.36
-945.151
-707.214
-642.761
-1623.92
-489.371
-1686.67
-498.839
-1132.18
-737.512
-1208.57
-688.402
-1281.99
-1069.88
-734.831
-1061.12
-784.206
-672.015
-696.616
-745.928
-1110.47
-667.585
-1998.33
-905.286
-1703.76
-932.411
-1941.3
-941.547
-1752.06
2109.67
-1956.76
-1127.31
-403.085
-853.563
-1081.23
-824.678
-2009.85
-1893.58
-758.467
-973.959
-379.408
-1828.85
-1028.02
-792.775
-2055.31
-966.48
-1005.68
-1840.11
-975.594
-1801.39
-2101.06
-1327.12
-1467.51
-857.509
-900.947
-889.419
-1296.28
-1508.56
-1168.18
-944.076
-814.415
-895.9
-867.906
-891.693
-1195.33
-1622.44
-545.142
-1740.4
-746.323
-1159.34
-817.318
-778.299
-747.315
-844.063
-1153.48
-816.481
-1360.56
-933.511
-947.966
-1585.41
-919.077
-1551.44
-1390.35
-791.229
-1023.07
-504.158
-277.289
-494.536
-764.577
-1006.21
-955.951
-940.052
-895.549
-991.507
-809.82
-492.027
-207.375
-1018.04
-490.843
-832.065
-1004.79
-456.158
-423.059
-370.406
-543.808
-449.384
-374.665
-545.577
-567.168
-748.51
-586.855
-639.755
-571.501
-575.475
-738.368
-558.249
-550.287
-707.064
-623.358
-545.513
-561.133
-722.27
-1003.32
-986.138
-1008.56
-1014.87
-869.571
-1146.91
-497.298
-29.9549
-486.947
-879.782
-1117.31
-863.931
-491.02
-1041.35
-66.8735
-851.795
-488.638
-1077.65
-2226.61
-1106.02
-1074.9
-1976.58
-2259.26
-1084.03
-1948.59
2147.76
-2109.5
-1177.51
-465.307
-880.948
-1215.71
-2065.6
-905.152
-2154.17
-949.717
-1288
-483.294
-2192.47
-1254.05
-928.364
-2186.82
-1050.23
-1034.41
-1881.31
-2149.15
-1059.56
-1913.48
-1553.42
-1066.88
-1738.03
-1101.98
-1759.87
-1533.05
-1085.63
-1710
-1311.4
-1692.48
-1329.59
-1370.13
-1136.77
-1002.31
-1061.55
-1045.21
-1120.97
-1387.01
-1349.13
-1010.33
-1083.68
-986.326
-1329.63
-1028.59
-1101.88
-1576.3
-1120.23
-1802.87
-1120.13
-1784.16
-1103.45
-1593.83
-1482.64
-1040.22
-1046.21
-1710.02
-1023.84
-1684.45
-1506.65
-1253.63
-982.96
-921.872
-905.627
-1226.91
-946.411
-1011.91
-1644.28
-1288.22
-1664.92
-1265.57
-1451.98
-1015.9
-975.249
-1622.79
-1424.83
-1000.06
-1651.94
-1282.32
-990.835
-927.836
-1061.68
-968.819
-1305.69
-1039.44
-474.421
-420.942
-404.319
-518.112
-479.522
-397.724
-523.195
-572.269
-744.718
-601.846
-695.211
-577.678
-613.864
-707.656
-565.713
-630.664
-620.256
-669.511
-563.986
-621.626
-650.708
-896.136
-947.618
-790.387
-774.236
-760.231
-935.885
-910.29
-1021.62
-1119.48
-1136
-1006.94
-881.457
-725.289
-771.101
-906.419
-744.934
-866.319
-921.038
-859.482
-1157.6
-528.36
-269.482
-884.596
-593.3
-1003.08
-978.256
-1099.63
-1081.18
-990.497
-842.794
-700.546
-594.739
-888.269
-658.352
-852.076
-875.774
168.614
-47.9226
87.0658
404.048
320.438
65.2032
217.548
-289.331
-184.94
-42.3225
-35.6682
-263.052
-178.543
-37.0423
115.117
-60.8685
135.105
20.4207
228.577
59.8457
45.9365
-312.601
-31.0137
-34.0503
-165.375
-170.793
-35.2766
-335.427
-293.081
-322.253
-306.8
-446.056
-562.163
-561.663
-193.078
-227.222
-228.129
-218.199
-191.412
-223.924
-333.035
-324.937
-318.836
293.371
105.227
476.118
-0.200132
122.086
259.672
541.408
-398.274
-151.737
-14.704
-9.72577
-157.015
-15.9496
-410.838
-379.603
-27.1641
-20.4378
-162.704
-160.092
-21.2158
-358.11
311.602
17.7327
126.759
684.663
131.01
603.994
269.368
814.642
1163.9
930.056
870.482
818.458
925.984
762.2
568.533
976.264
99.7228
558.552
982.476
135.361
559.531
260.702
616.22
543.217
807.775
199.701
118.739
261.946
239.48
169.756
251.048
107.364
180.014
19.635
170.944
159.993
29.0282
55.7483
3.3014
130.048
78.4002
62.7706
122.697
-2.69237
129.31
269.919
270.56
196.455
261.352
138.669
188.478
7.09679
123.786
145.027
-8.23114
48.2288
105.126
-16.432
71.3119
40.6524
114.883
-9.34416
93.7222
234.083
229.038
159.638
148.969
221.756
98.0626
9.08091
-71.0967
57.227
29.1691
-2.2856
69.8328
-54.2476
-125.623
-52.0315
-150.02
-19.8378
89.703
224.336
126.465
203.282
80.907
138.422
214.481
-77.4037
90.2699
35.9424
-32.0554
21.3509
94.7157
41.0771
-25.7502
82.1846
31.9713
-38.3682
-326.881
-302.893
-325.68
-442.018
-573.554
-571.105
-162.457
-222.626
-218.585
-212.709
-156.283
-215.522
-308.136
-325.64
-325.185
-390.882
940.482
40.2199
193.53
969.563
-378.294
42.9903
-84.2223
-43.9051
56.3765
63.6215
-49.2553
60.5401
-80.7969
-88.4053
48.8072
-62.0662
50.4534
-55.3799
-92.9446
55.5303
-399.157
197.796
1009.27
48.147
993.559
45.7778
-404.044
-317.247
910.197
159.893
40.8263
47.9614
874.521
-357.797
-158.465
-135.136
3.30682
13.8962
-332.621
-104.703
22.9977
-214.459
137.664
98.7738
769.762
35.3307
65.8412
826.193
-117.004
41.6558
24.4291
-71.3362
-84.669
32.7962
-100.585
-1645.61
-1872.63
-1180.57
-1175.57
-1858.26
-1162.87
-1658.92
-1418.49
-1152.69
-1076.2
-1045.78
-1404.36
-1089.62
-1165.91
-1797.64
-1421.6
-1808.44
-1409.91
-1628.32
-1166.71
-1823.8
-1135.62
-1839.8
-1613.47
-1149.43
-1434.28
-1114.59
-1057.85
-1192.17
-1102.17
-1447.04
-1180.26
-2502.86
-1251.22
-2171.28
-1252.51
-2486.44
-1262.51
-2185.18
2179.29
-2499.84
-1581.68
-631.88
-1122.57
-1565.11
-1112.6
-2517.58
-2479.42
-1090.83
-1529.39
-623.227
-2459.86
-1547
-1101.92
-2520.57
-1263.4
-1283.5
-2212.56
-1273.5
-2200.55
-2534.98
-1685.47
-1888.71
-1187.35
-1216.24
-1198.13
-1673.93
-1901.26
-1483.41
-1234.58
-1100.05
-1155.14
-1145.65
-1225.55
-1493.03
-1834.1
-1434.57
-1824.54
-1444.64
-1471.38
-1125.68
-1090.89
-1204.39
-1136.12
-1460.41
-1214.62
-1698.66
-1226.86
-1218.11
-1926.25
-1208.39
-1915.38
-1708.72
-934.51
-961.592
-786.065
-826.932
-796.774
-923.007
-971.334
-1090.37
-1220.98
-1209.96
-1100.66
-945.426
-816.039
-836.889
-989.873
-806.488
-955.808
-981.77
-531.711
-460.486
-445.727
-551.972
-526.447
-450.07
-556.545
-634.361
-675.346
-743.669
-763.544
-737.237
-640.012
-670.535
-628.887
-723.575
-659.542
-756.953
-622.623
-730.804
-664.923
-1120.54
-1232.81
-1242.3
-1111.69
-982.215
-1020.81
-846.916
-868.461
-839.789
-989.983
-1014.85
-973.972
-824.471
-999.963
-861.044
-965.238
-832.5
-1007.04
-2577.77
-1318.23
-1299.66
-2257.78
-2589.02
-1310.44
-2248.51
2184.3
-2553.06
-1600.71
-655.253
-1132.17
-1615.12
-2537.57
-1140.81
-2569.17
-1157.03
-1642.79
-662.062
-2583.14
-1629.65
-1149.18
-2563.99
-1291.29
-1293.23
-2226.18
-2551.39
-1301.92
-2236.64
-1761.65
-1257.27
-1976.47
-1283.2
-1983.52
-1755.23
-1263.4
-1904.54
-1504.55
-1899.55
-1510.04
-1548.35
-1290.32
-1156.46
-1208.93
-1203.71
-1285.52
-1553.41
-1541.37
-1192.3
-1273.47
-1151.18
-1535.3
-1198.21
-1279.18
-1769.34
-1289.43
-1997.44
-1274.71
-1991.75
-1269.37
-1774.59
-1738.87
-1262.38
-1250.42
-1967.1
-1243.01
-1958.79
-1746.5
-1511.17
-1243.69
-1163.6
-1125.24
-1503
-1171.43
-1251.31
-1884.34
-1497.11
-1890.21
-1490.59
-1728.78
-1254.24
-1227.09
-1938.58
-1720.17
-1235.19
-1947.93
-1520.32
-1185.89
-1132.2
-1266.42
-1178.68
-1527.61
-1259.61
-552.863
-477.738
-470.88
-580.316
-556.653
-467.672
-577.039
-649.722
-680.353
-749.378
-779.605
-644.974
-754.766
-684.476
-653.971
-764.586
-692.55
-784.668
-658.33
-759.686
-688.872
-1030.54
-1061.84
-909.854
-887.468
-883.604
-1058.76
-1034.72
-1177.06
-1297.75
-1302.97
-1172.2
-1025.8
-874.915
-905.592
-1050.59
-879.417
-1020.94
-1054.36
-1003.49
-1029.01
-853.265
-886.422
-997.046
-859.185
-1034.27
-1160.09
-1290.96
-1284.79
-1165.84
-1009.73
-870.09
-892.065
-1044.64
-864.701
-1015.56
-1040.25
-110.231
37.4309
65.0945
-24.773
98.7534
38.1076
-63.3055
-73.8145
-37.6344
68.378
62.5849
-29.9308
-77.9103
54.6175
-50.4086
52.8491
72.3063
-9.23752
-18.0069
51.9359
-36.9548
-336.902
129.768
987.857
48.2601
637.753
-403.374
39.3028
-59.7386
-20.431
-43.6897
-475.823
-590.272
-593.842
-59.225
-35.0963
-44.0063
-67.415
-67.18
-54.0783
-15.8706
-26.1219
-33.5877
-39.6621
39.9826
-56.1329
11.1025
42.2477
-46.0789
-65.853
-17.4257
11.9486
88.0366
64.4042
8.17264
61.412
-13.9627
-22.0811
55.3607
84.4761
-1.91896
3.37336
58.4215
-27.7309
-35.5444
10.4887
46.985
-66.5723
44.5268
-67.4639
-32.6587
920.078
1286.42
1014.67
1049.65
923.552
1012.72
1044.84
615.577
682.938
390.705
610.156
690.348
395.635
620.173
404.064
702.778
624.236
697.368
400.162
211.388
344.214
342.164
258.034
345.627
208.225
261.179
109.658
257.218
254.236
112.34
134.574
75.9633
196.034
143.258
137.143
193.49
73.5458
214.435
346.95
351.404
266.435
348.642
217.297
263.856
106.542
247.618
251.069
103.421
131.72
187.911
68.0998
140.751
128.795
190.893
70.8232
201.33
334.426
338.608
255.07
251.713
334.963
204.85
118.344
54.7453
174.654
128.885
114.597
178.416
58.211
91.4023
230.859
87.3829
235.393
197.401
330.789
244.196
326.418
193.357
248.216
330.925
95.9179
243.577
239.85
99.201
122.153
185.024
132.086
64.8119
181.776
125.372
61.8153
-4.39223
-0.113045
-8.66269
-491.795
-614.046
-611.602
-21.824
-26.2032
-17.7674
-4.96387
-10.8463
-10.608
-3.88497
-19.5396
-13.7635
-15.8785
-52.5524
60.2589
28.9331
-50.2637
-18.1539
62.6809
6.47892
35.9648
111.406
85.4124
33.6765
83.2162
8.623
3.90151
78.3914
28.4882
109.018
31.0289
1.51926
80.8788
-13.3712
31.5205
-46.076
67.1204
-47.9334
65.0278
-11.3667
-23.5898
-55.7411
20.6468
57.7073
55.0939
-58.2282
-21.1199
-7.32862
15.9927
67.3543
97.901
-10.2074
19.1606
70.2517
-26.6692
17.4118
49.5982
-63.6274
-29.2725
52.2989
-61.1931
-4.0933
75.8108
100.878
25.3615
22.5729
73.1051
-1.48924
-1791.03
-2019.64
-1309.01
-1292.23
-2015.25
-1288.25
-1795.01
-1563.12
-1295.47
-1213.78
-1170.33
-1559.06
-1217.81
-1299.32
-1932.99
-1539.12
-1936.14
-1535.48
-1785.45
-1304.66
-2004.56
-1279.87
-2009.15
-1781.18
-1284.03
-1568.24
-1225.68
-1174.05
-1307.48
-1221.76
-1572.2
-1303.85
-2665.14
-1365.93
-2320.56
-1358.49
-2660.36
-1369.46
-2324.8
2195.29
-2673.99
-1736.99
-711.852
-1211.56
-1731.45
-1208.64
-2679.11
-2668.65
-1202.46
-1718.21
-709.349
-2662.77
-1725.45
-1205.87
-2669.47
-1361.41
-1375.16
-2332.02
-1372.31
-2328.7
-2673.39
-1802.85
-2024.28
-1295.57
-1319.91
-1298.9
-1799.32
-2028.14
-1582.51
-1319.47
-1186.35
-1237.21
-1234.54
-1316.94
-1585.22
-1944.14
-1543.06
-1941.52
-1546.01
-1579.36
-1228.83
-1183.93
-1310.91
-1232.04
-1575.97
-1314.04
-1806.3
-1322.77
-1304.37
-2034.86
-1301.61
-2031.82
-1809.1
-1042
-1066.69
-891.056
-919.549
-894.094
-1038.71
-1069.41
-1198.85
-1329.64
-1326.33
-1201.76
-1045.39
-899.925
-922.785
-1075.6
-897.059
-1048.47
-1073.06
-580.413
-499.742
-489.589
-601.487
-578.784
-490.951
-602.923
-687.431
-721.496
-799.419
-820.58
-797.672
-688.968
-720.217
-685.921
-793.785
-717.027
-818.738
-684.04
-795.921
-718.635
-1207.6
-1333.13
-1335.9
-1205.03
-1056.02
-1084.47
-908.631
-932.098
-906.692
-1058.14
-1082.96
-1053.8
-902.354
-1079
-930.05
-1051.19
-904.725
-1080.89
-2683.7
-1383.4
-1370.62
-2342.38
-2685.91
-1381.74
-2340.55
2197.74
-2688.3
-1742.43
-718.65
-1214.1
-1746.12
-2684.45
-1216.28
-2691.93
-1219.93
-1752.15
-720.28
-2694.68
-1749.47
-1218.23
-2680.62
-1368.75
-1377.64
-2335.43
-2677.58
-1379.8
-2337.92
-1819.94
-1312.81
-2045.7
-1335.36
-2046.69
-1819.05
-1313.63
-1960.1
-1560.15
-1959.38
-1560.94
-1595.85
-1329.63
-1197.84
-1246.88
-1246.47
-1329.27
-1596.22
-1595.15
-1245.17
-1327.81
-1197.32
-1594.29
-1245.93
-1328.61
-1820.68
-1336.02
-2047.87
-1314.63
-2047.49
-1314.23
-1821.03
-1816.13
-1331.72
-1311.66
-2044.14
-1310.17
-2042.52
-1817.6
-1589.56
-1321.65
-1239.27
-1192.73
-1587.6
-1241.11
-1323.48
-1956.76
-1558.87
-1957.82
-1557.58
-1813.94
-1329.93
-1306.57
-2037.91
-1811.9
-1308.49
-2040.14
-1591.56
-1244.1
-1194.19
-1326.62
-1242.65
-1592.99
-1325.26
-585.682
-503.856
-495.805
-608.594
-586.393
-495.238
-608.007
-691.28
-722.718
-800.801
-824.565
-690.169
-802.068
-723.653
-692.158
-804.037
-725.229
-825.643
-692.99
-803.093
-724.565
-1065.85
-1092.16
-940.526
-915.844
-915.576
-1091.98
-1066.15
-1220.16
-1348.79
-1349.5
-1219.52
-1065.37
-914.541
-940.08
-1091.02
-915.147
-1064.71
-1091.54
-1061.36
-1086.69
-910.146
-936.582
-1059.82
-911.545
-1087.89
-1217.39
-1347.66
-1346.47
-1218.48
-1062.68
-913.75
-937.807
-1090
-912.702
-1063.82
-1089.19
-5.21985
73.6322
38.6545
-38.3976
-39.7439
72.3509
-3.81307
12.9141
38.4876
117.811
87.4001
40.5332
11.0638
89.2894
15.0532
92.4125
119.558
44.5612
42.8192
90.9632
16.6114
-7.27938
37.2463
-43.4514
69.0311
-41.9711
-8.9646
70.787
14.9409
22.5445
15.6473
-512.3
-633.609
-634.639
16.6654
16.078
15.8697
14.9745
16.6583
15.4209
23.4433
16.7377
16.3383
-1.11586
75.051
-36.8539
41.9453
76.0633
-2.15598
-35.8617
20.9288
50.1186
125.299
97.2279
49.1929
96.3337
21.7795
19.5399
93.9225
123.958
46.4557
47.7259
95.0529
18.381
0.157152
43.1932
78.0935
-34.3252
77.2956
-34.9012
0.898937
952.621
1322.77
1041.47
1084.71
952.916
1041.63
1084.07
655.424
736.887
436.746
654.057
738.773
437.95
656.317
439.514
741.279
656.915
740.495
438.906
236.213
368.269
370.715
284.298
371.25
235.801
284.774
136.48
280.964
280.987
136.453
157.283
95.8748
214.432
163.388
157.358
214.354
95.8064
236.58
368.55
371.528
285.102
371.562
236.707
285.062
136.286
280.266
280.745
135.81
156.995
213.669
95.172
163.131
156.585
214.082
95.5488
234.539
366.595
370.146
283.789
283.171
369.542
235.223
154.487
92.294
210.835
160.936
153.569
211.772
93.1522
133.49
276.945
132.538
278.031
233.694
365.768
281.349
367.561
232.758
282.376
368.699
134.613
279.632
279.027
135.109
155.385
213.17
161.688
94.5914
212.549
155.986
94.0319
19.2359
26.0558
18.6999
-516.098
-639.353
-638.98
17.4386
16.6275
17.183
19.1163
19.2034
18.1338
25.4058
17.4418
18.0043
4.60513
-30.9617
81.1397
47.1195
-30.6362
4.32477
81.4084
26.0114
54.726
130.337
101.177
54.6425
101.071
26.0972
25.7591
100.535
54.046
130.096
54.386
25.4529
100.833
4.83995
47.4102
-30.4687
81.7545
-30.4679
81.6486
4.90884
3.39168
-31.5079
45.919
80.713
80.2375
-31.8131
3.8035
23.6348
51.3529
98.181
128.042
22.9535
52.1211
98.8824
2.62693
45.2428
78.9702
-33.1076
2.02668
79.5848
-32.5458
24.4397
100.09
128.753
53.4864
52.9646
99.5706
24.9141
-1820.31
-2046.24
-1335.7
-1313.25
-2047.08
-1313.93
-1819.55
-1596.07
-1329.7
-1246.94
-1198.01
-1596.3
-1246.65
-1329.48
-1960.49
-1560.67
-1959.9
-1561.33
-1820.89
-1336.22
-2047.95
-1314.69
-2047.71
-1821.11
-1314.4
-1595.52
-1245.6
-1197.61
-1328.29
-1246.22
-1594.8
-1328.96
-2684.67
-1384.06
-2343.14
-1371.39
-2686.71
-1382.53
-2341.47
2197.95
-2689.49
-1743.76
-719.322
-1215.09
-1747.3
-1217.15
-2685.85
-2692.91
-1220.55
-1752.99
-720.844
-2695.48
-1750.48
-1218.98
-2681.78
-1369.64
-1378.69
-2336.68
-1380.72
-2339.01
-2678.92
-1816.94
-2044.84
-1312.23
-1332.45
-1310.87
-1818.27
-2043.37
-1590.52
-1322.69
-1193.54
-1240.22
-1241.93
-1324.39
-1588.7
-1957.59
-1559.55
-1958.53
-1558.4
-1592.35
-1244.66
-1194.87
-1327.24
-1243.34
-1593.65
-1326.02
-1814.91
-1330.79
-1307.53
-2039.08
-1309.32
-2041.16
-1813.02
-1066.04
-1092.24
-915.903
-940.708
-915.753
-1066.21
-1092.17
-1220.48
-1349.26
-1349.85
-1219.96
-1065.69
-914.963
-940.391
-1091.44
-915.445
-1065.15
-1091.86
-586.239
-504.353
-496.209
-609.045
-586.841
-495.742
-608.56
-691.992
-723.528
-801.684
-825.32
-802.824
-691.002
-724.351
-692.758
-804.55
-725.701
-826.271
-693.473
-803.729
-725.143
-1218.1
-1348.27
-1347.22
-1219.06
-1062.2
-1087.62
-911.079
-937.388
-912.346
-1060.8
-1088.71
-1063.39
-914.294
-1090.57
-938.48
-1064.39
-913.376
-1089.87
-2667.06
-1367.49
-1359.91
-2322.51
-2662.46
-1370.89
-2326.58
2195.58
-2675.81
-1738.49
-712.859
-1212.67
-1733.11
-2680.72
-1209.87
-2670.67
-1203.94
-1720.21
-710.465
-2665
-1727.28
-1207.23
-2671.19
-1362.7
-1376.33
-2333.45
-2674.93
-1373.6
-2330.3
-1793.14
-1293.9
-2021.66
-1310.84
-2017.43
-1796.96
-1290.07
-1935.16
-1541.05
-1938.12
-1537.59
-1565.38
-1297.81
-1172.3
-1215.91
-1219.77
-1301.48
-1561.49
-1570.31
-1227.34
-1309.3
-1175.87
-1574.11
-1223.57
-1305.83
-1787.74
-1306.64
-2007.1
-1282
-2011.53
-1286
-1783.66
-1804.45
-1321.31
-1297.1
-2026.11
-1300.28
-2029.81
-1801.09
-1583.91
-1320.66
-1238.3
-1187.57
-1586.48
-1235.77
-1318.28
-1945.79
-1544.81
-1943.31
-1547.61
-1807.73
-1324.03
-1305.48
-2036.2
-1810.38
-1302.85
-2033.32
-1580.94
-1230.34
-1185.29
-1312.56
-1233.4
-1577.7
-1315.54
-581.541
-500.775
-490.744
-602.753
-580.048
-491.981
-604.059
-688.517
-722.435
-800.432
-821.719
-689.922
-798.822
-721.279
-687.137
-795.222
-718.362
-820.024
-685.399
-797.21
-719.836
-1044.09
-1068.88
-921.561
-893.246
-896.103
-1071.43
-1040.99
-1200.8
-1331.48
-1328.34
-1203.54
-1047.31
-901.595
-924.617
-1077.29
-898.894
-1050.21
-1074.91
-1057.29
-1085.57
-909.698
-933.304
-1059.26
-907.902
-1084.18
-1209.06
-1334.79
-1337.41
-1206.64
-1055.22
-903.864
-931.408
-1080.52
-906.081
-1052.77
-1082.27
4.69793
81.2616
47.215
-30.8322
-30.5383
81.4969
4.4487
26.0622
54.7458
130.385
101.194
54.692
26.1177
101.12
25.8482
100.652
130.177
54.1617
54.4719
100.918
25.5726
4.89268
47.4631
-30.4412
81.772
-30.4099
4.93081
81.6993
19.4244
26.2734
18.9278
-516.594
-639.771
-639.482
17.732
16.9528
17.4662
19.312
19.4488
18.3707
25.6655
17.7542
18.2764
3.58927
80.8719
-31.3303
46.1245
80.4298
3.96982
-31.6036
23.8634
51.6027
128.251
98.4325
52.3412
99.1016
23.2126
24.6299
100.242
128.93
53.6403
53.1482
99.7548
25.0736
2.86503
45.4909
79.2338
-32.8249
79.815
-32.295
2.29607
947.484
1315.39
1035.14
1074.36
946.305
1036.96
1075.82
652.082
735.015
435.626
653.003
733.962
434.693
650.394
431.685
730.978
649.396
732.116
432.992
224.202
356.484
360.441
274.877
358.849
225.631
273.246
118.577
260.561
263.643
116.039
142.506
79.041
198.63
150.485
140.167
200.953
81.2624
222.618
354.621
354.269
269.04
357.018
220.127
271.469
122.258
269.091
266.663
124.817
144.81
204.512
85.5791
152.302
146.663
202.803
83.677
228.896
361.32
362.491
276.577
277.988
363.913
227.628
151.547
91.2826
210.013
158.299
152.525
208.988
90.3467
130.328
275.767
131.147
274.809
230.696
362.761
280.496
366.589
231.801
279.462
365.576
128.698
271.647
273.078
127.237
149.968
206.203
156.911
87.553
207.551
148.667
88.8632
15.4324
22.9703
16.0959
-513.323
-634.783
-635.695
17.0984
16.4527
16.2883
15.4887
17.1435
15.889
23.8252
17.0981
16.7402
-4.73093
-37.9024
74.0756
39.1722
-39.2198
-3.35318
72.8279
13.4186
38.9962
118.267
87.915
41.0137
89.773
11.5957
15.5195
92.8312
44.982
119.984
43.2648
17.0499
91.414
-6.74852
37.8084
-42.8484
69.5794
-41.4027
71.3018
-8.40378
-0.730526
-36.4114
42.347
75.4564
76.4353
-35.4521
-1.73965
21.259
50.4074
97.514
125.602
22.0794
49.5111
96.6517
0.501727
43.5509
78.3938
-33.9902
1.21211
77.629
-34.5335
19.9084
94.3072
124.294
46.8384
48.08
95.4059
18.7792
-1764.71
-1979.8
-1285.79
-1260.06
-1986.66
-1266.02
-1758.48
-1551.16
-1292.84
-1211.22
-1158.95
-1556.03
-1206.17
-1288.22
-1907.7
-1507.84
-1902.9
-1513.12
-1772.18
-1291.86
-2000.18
-1277.01
-1994.69
-1777.27
-1271.82
-1544.4
-1195.11
-1153.85
-1276.58
-1200.84
-1538.52
-1282.09
-2581.94
-1321.08
-2261.47
-1302.7
-2592.95
-1313.44
-2252.38
2184.56
-2557.67
-1605.04
-657.598
-1135.26
-1619.27
-1143.77
-2542.41
-2573.59
-1159.71
-1646.56
-664.29
-2587.29
-1633.62
-1152
-2568.36
-1294.5
-1296.52
-2230.47
-1305.07
-2240.73
-2555.96
-1742.54
-1970.65
-1253.41
-1265.46
-1246.17
-1749.97
-1962.52
-1515.05
-1247.7
-1128.71
-1167.19
-1174.82
-1255.09
-1507.11
-1888.16
-1500.63
-1893.79
-1494.34
-1523.97
-1188.89
-1135.46
-1269.76
-1181.87
-1531.04
-1263.16
-1732.68
-1257.51
-1230.63
-1942.72
-1238.54
-1951.9
-1724.29
-1033.22
-1064.25
-889.85
-912.448
-886.194
-1037.19
-1061.37
-1179.99
-1300.96
-1305.95
-1175.36
-1028.7
-877.956
-908.409
-1053.62
-882.222
-1024.07
-1057.18
-556.029
-480.733
-473.582
-583.265
-559.551
-470.631
-580.255
-653.335
-684.302
-753.404
-783.373
-758.488
-648.899
-688.114
-657.307
-767.766
-695.624
-788.141
-661.396
-763.133
-692.21
-1163.74
-1294.4
-1288.46
-1169.25
-1007.39
-1033.1
-857.382
-890.279
-863.009
-1001.24
-1038.08
-1013.36
-873.371
-1047.93
-895.634
-1018.93
-868.252
-1043.78
-2508.08
-1255.11
-1256.36
-2176.45
-2491.87
-1266.26
-2190.11
2179.53
-2505.09
-1586.2
-634.544
-1125.8
-1569.77
-2522.64
-1115.96
-2484.9
-1094.46
-1534.37
-625.999
-2465.51
-1551.85
-1105.42
-2525.57
-1267.1
-1286.95
-2217.07
-2539.78
-1277.1
-2205.27
-1651.17
-1180.1
-1877.92
-1185.08
-1863.78
-1664.21
-1167.62
-1803.56
-1427.27
-1814.1
-1415.89
-1424.41
-1158.88
-1051.18
-1081.57
-1094.76
-1171.82
-1410.54
-1439.93
-1119.26
-1197.49
-1062.99
-1452.41
-1107.08
-1185.87
-1634.14
-1171.4
-1829.75
-1140.79
-1845.56
-1154.38
-1619.52
-1690.3
-1220.2
-1191.68
-1893.78
-1202.26
-1906.08
-1678.98
-1488.01
-1238.84
-1158.93
-1104.2
-1497.39
-1149.66
-1230.07
-1839.2
-1439.94
-1829.9
-1449.72
-1703.25
-1230.65
-1221.84
-1930.64
-1713.09
-1212.33
-1919.98
-1476.24
-1130.13
-1095.27
-1209.44
-1140.35
-1465.51
-1219.41
-536.543
-465.218
-450.784
-557.419
-531.723
-454.679
-561.534
-638.982
-679.647
-748.013
-768.323
-644.263
-741.937
-675.207
-633.886
-729.042
-665.065
-762.131
-628.054
-735.869
-670.007
-941.254
-968.739
-833.912
-793.359
-803.582
-978.028
-930.197
-1096.55
-1226.69
-1216
-1106.47
-951.753
-821.959
-843.379
-995.714
-812.845
-961.723
-988.013
-987.047
-1025.23
-851.348
-873.295
-994.482
-844.567
-1019.57
-1125.65
-1238.19
-1247.36
-1117.14
-979.143
-829.985
-866.258
-1005.41
-837.631
-970.771
-1012.12
-15.2092
60.9461
29.6585
-51.7925
-49.5368
63.3337
-17.4553
7.07637
36.507
111.947
85.9583
34.2427
9.19219
83.7928
4.52976
79.0282
109.586
29.1037
31.6227
81.4869
2.17288
-12.7383
32.1986
-45.4178
67.7033
-47.2435
-10.7626
65.6444
-3.44253
0.811106
-7.65748
-494.766
-616.831
-614.634
-20.5724
-24.9763
-16.6108
-3.94301
-9.6786
-9.52131
-2.91214
-18.4183
-12.6998
-22.8242
58.4273
-54.9359
21.4911
55.8452
-20.3863
-57.3851
-6.59375
16.6912
98.56
68.0924
19.8456
70.9676
-9.45337
-3.38392
76.4757
101.517
26.0041
23.2356
73.7962
-0.804646
-25.8748
18.2981
50.4088
-62.7174
53.0822
-60.3143
-28.453
896.042
1267.83
988.753
1002.71
889.218
994.783
1011.39
599.838
675.416
385.873
605.182
668.32
380.805
593.819
368.818
650.763
587.012
659.801
375.031
162.127
297.765
300.467
222.048
294.179
168.406
216.4
46.7121
181.088
189.234
39.1647
77.4584
10.5406
136.719
95.9055
70.694
142.99
17.0441
155.183
291.828
279.426
203.695
287.328
147.613
210.616
54.4095
203.185
196.745
60.3361
84.3225
153.711
30.9865
100.757
90.3578
148.348
24.5255
179.677
314.012
306.513
226.936
232.111
312.339
174.288
106.518
51.1212
171.529
118.665
110.744
167.442
47.1384
78.2044
226.18
82.509
221.357
184.897
318.635
240.841
322.298
189.496
236.576
317.589
72.5895
209.927
215.719
67.3296
101.514
158.353
114.659
37.2663
163.2
96.4027
42.3052
-58.36
-19.2674
-42.3806
-480.557
-595.479
-598.608
-57.7041
-33.7935
-42.6281
-65.8742
-65.5641
-52.6214
-14.7545
-24.9382
-32.3426
-109.367
-23.7369
38.329
66.1941
99.7996
-62.4144
39.0015
-73.0206
-36.937
69.0726
63.3532
-29.2161
55.4
-77.1162
-49.6061
53.6446
-8.50017
73.0124
-17.2798
-36.146
52.7276
-336.079
130.86
988.622
49.1295
638.47
40.1882
-402.518
-38.7761
-55.1088
12.128
40.8734
43.1251
-64.844
-45.1874
-16.6369
12.6665
65.1623
88.7393
-13.1852
8.89919
62.1852
-34.6783
11.4829
47.8217
-65.6208
-31.81
45.3847
-66.4857
-21.2772
56.1541
85.1874
-1.18221
4.10947
59.2077
-26.9252
-1560.2
-1744.84
-1107.36
-1072.84
-1766.48
-1091.42
-1540.05
-1376.87
-1143.26
-1067.16
-1008.53
-1393.48
-1051.06
-1127.77
-1717.42
-1319.36
-1700.2
-1337.21
-1582.84
-1125.45
-1809.06
-1125.5
-1790.57
-1600.14
-1109.03
-1356.15
-1016.62
-992.812
-1091.07
-1034.67
-1336.9
-1108.99
-2233.79
-1111.04
-1983.49
-1080.36
-2266.28
-1089.13
-1955.63
2148.1
-2116.83
-1183.7
-469.018
-885.656
-1221.88
-909.819
-2072.98
-2161.45
-954.264
-1294.04
-486.958
-2199.61
-1260.19
-932.973
-2194.07
-1055.78
-1039.64
-1888.58
-1064.73
-1920.63
-2156.49
-1490.08
-1717.01
-1052.36
-1046.02
-1030.15
-1513.86
-1691.59
-1261.63
-991.398
-913.121
-928.941
-953.313
-1020.13
-1235.12
-1652.58
-1296.5
-1672.9
-1274.17
-1290.1
-997.346
-935.095
-1069.37
-975.529
-1313.22
-1047.39
-1459.6
-1021.82
-981.86
-1630.21
-1006.54
-1659.25
-1432.61
-904.296
-955.258
-782.039
-799.01
-768.583
-917.948
-944.013
-1029.89
-1127.75
-1143.89
-1015.67
-890.12
-734.747
-780.33
-915.659
-753.832
-875.522
-929.718
-487.074
-434.846
-416.165
-530.658
-491.097
-410.783
-536.972
-585.343
-760.419
-614.37
-707.465
-625.6
-591.829
-721.88
-577.794
-641.037
-632.001
-680.901
-575.134
-632.645
-663.522
-987.969
-1108.3
-1090.24
-999.714
-870.728
-1170.8
-539.657
-279.665
-604.21
-896.421
-1015.79
-853.233
-710.54
-898.163
-605.196
-861.86
-668.808
-886.56
-2005.67
-910.532
-938.146
-1711.15
-1948.64
-946.82
-1759.46
2109.97
-1964.17
-1133.48
-406.859
-858.295
-1087.36
-2017.28
-829.412
-1900.94
-763.162
-979.927
-383.177
-1836.15
-1034.08
-797.499
-2062.67
-972.198
-1010.94
-1847.45
-2108.44
-980.872
-1808.77
-1205.15
-790.742
-827.333
-1419.46
-1362.52
-1255.74
-786.119
-1634.2
-497.607
-1696.99
-507.263
-1011.02
-631.724
-672.127
-649.683
-953.955
-714.76
-651.639
-1140.3
-743.577
-1215.94
-695.144
-1289.5
-1077.89
-741.687
-1070.08
-791.798
-705.424
-680.335
-1119.47
-753.51
-676.44
-1335.29
-907.159
-864.456
-1475.21
-896.331
-1516.25
-1304.52
-1176.77
-952.702
-903.123
-822.454
-1203.74
-875.267
-900.438
-1632.35
-553.373
-1750.71
-755.066
-1368.63
-939.68
-954.699
-1592.96
-1398.3
-925.911
-1559.06
-1168.15
-824.871
-786.46
-756.086
-851.544
-1162.44
-825.266
-474.907
-445.632
-392.849
-566.568
-469.43
-395.304
-566.76
-583.411
-765.534
-600.169
-655.002
-590.674
-585.591
-756.599
-575.503
-565.849
-727.634
-639.513
-563.744
-575.981
-741.694
-805.849
-1039.64
-519.466
-291.511
-509.534
-779.419
-1022.35
-968.932
-951.162
-906.76
-1004.34
-824.137
-506.099
-220.74
-1033.37
-505.392
-846.106
-1020.45
-882.365
-1160.6
-509.108
-40.4043
-892.11
-499.33
-1131.44
-1015.42
-997.067
-1019.19
-1027.43
-877.206
-504.569
-77.9975
-1056.29
-501.616
-865.5
-1092.21
-390.055
40.9602
194.473
941.165
970.231
43.7839
-377.569
-83.4345
-43.229
56.995
64.3749
-48.6107
-79.9989
61.2682
-87.6626
49.4353
51.0268
-61.5361
-54.7844
56.2168
-92.2715
-398.278
198.77
1010.01
49.0072
994.239
-403.172
46.6113
-325.209
-301.758
-324.109
-456.478
-585.986
-584.845
-160.065
-220.949
-216.723
-210.683
-153.824
-213.55
-307.123
-324.392
-323.738
-316.711
41.4931
910.86
160.637
48.531
-357.153
875.156
-158.17
-135.054
14.134
3.47433
-104.477
23.3236
-332.679
-116.53
42.2086
24.776
-70.8876
-84.3165
33.2469
-99.9951
-214.028
138.301
99.1033
770.322
66.3025
826.813
35.609
744.643
1082.66
827.475
651.177
717.232
856.296
654.664
524.084
937.385
85.4383
545.559
886.807
74.3071
499.309
50.2822
762.916
462.043
831.679
65.0004
44.8501
136.091
136.06
83.6212
119.897
42.1176
78.3904
165.05
-218.154
127.151
-241.746
-138.175
-189.41
-0.937204
-30.4088
-159.985
8.25659
-175.022
37.7519
123.304
87.381
63.321
10.5098
105.845
74.6433
14.5943
-123.069
-213.67
-128.242
-97.5972
16.2025
-127.548
-27.976
-62.6481
11.1083
-150.057
47.3916
177.107
148.182
87.7404
96.8054
163.4
41.215
-22.43
-84.5291
47.4135
-3.53246
-12.6766
37.2021
-94.2077
-169.635
-68.4059
-162.363
-80.1246
56.1995
188.655
116.326
190.92
68.9692
105.113
176.391
-171.896
-100.898
-88.4944
-166.364
-31.6485
21.0886
-10.6291
-113.324
29.6948
-43.7466
-102.805
-293.451
-322.365
-306.614
-469.917
-585.241
-583.036
-191.639
-225.832
-227.154
-218.526
-190.752
-223.514
-332.774
-323.949
-318.207
167.496
-49.6288
403.147
86.1156
319.134
216.8
63.8407
-291.17
-186.904
-44.4765
-37.1324
-265.382
-180.067
-38.7354
113.523
-63.1943
132.575
18.0445
226.753
57.6586
44.1158
-314.019
-31.9646
-166.229
-35.1958
-171.945
-336.5
-36.5838
293.204
475.577
-0.529188
104.611
121.764
541.186
259.245
-398.55
-151.782
-9.71946
-14.8935
-410.994
-157.192
-16.1303
311.671
17.73
126.916
685.021
269.637
130.938
604.049
-380.114
-27.8226
-20.8134
-163.289
-160.461
-21.6132
-358.866
-29.9019
14.2803
-10.9039
-35.3865
-56.4397
-10.1283
-57.1121
43.4965
109.14
87.4186
74.1967
-19.1676
117.773
88.6162
-73.5671
-66.5162
-83.3352
-81.1213
-91.4545
-91.501
-114.251
67.8763
-2.94005
108.843
89.7197
68.4157
-32.605
128.836
42.2625
81.4726
57.8194
-59.2027
10.394
84.8372
40.9955
95.9039
140.335
126.906
122.796
106.286
146.928
132.595
2.48686
4.37756
20.181
-22.3387
4.52534
54.0353
44.9309
-444.415
-449.91
-412.272
-388.053
-481.304
8.75511
59.0166
52.2878
-24.6931
11.1031
68.2101
54.5574
-375.845
-321.446
-289.907
-320.158
-292.021
12.4635
69.3993
55.6078
-25.6531
13.2134
72.7081
57.0547
-412.691
-341.392
-319.153
-340.769
-320.103
13.3474
72.822
57.2475
-24.506
12.8605
70.3411
56.1881
-420.481
-344.37
-324.911
-344.272
-324.958
11.7949
69.5984
55.5688
-21.2319
9.77819
63.0488
53.718
-410.268
-340.261
-319.457
-340.812
-318.407
5.95422
59.6209
46.2762
-16.124
4.20126
6.07081
18.8955
-376.793
-326.163
-295.625
-325.796
-294.593
-92.4592
-92.9107
-116.096
-67.0626
-74.4984
-67.7972
-84.9617
-170.224
-151.642
-244.742
-178.19
-93.0427
-132.793
-110.411
580.329
627.33
525.372
459.985
659.894
507.974
556.429
-207.985
-307.974
-521.87
610.866
-245.872
-175.543
-220.822
9.55672
87.0649
42.2681
22.5636
40.6917
83.1077
57.8783
109.2
147.549
133.572
106.563
97.6966
140.78
127.675
-58.6975
-12.2583
-62.7471
-17.4956
-31.4746
12.7326
-13.012
-24.2685
117.078
87.855
69.2773
41.8869
108.545
86.829
-149.629
-33.8151
-87.871
-35.3016
-91.3116
-71.0592
-174.093
-152.904
-90.8921
-114.811
-145.939
-110.372
-122.291
-179.625
-167.547
-149.029
-241.024
-174.763
-91.1341
-130.264
-107.965
1766.89
-361.045
-594.084
-422.91
-399.936
-434.544
-629.961
-346.355
26.8541
-40.9422
22.0618
-92.3372
41.0063
-77.5672
9.18733
580.591
628.022
525.988
460.87
660.918
508.489
557.351
-778.78
-685.513
-1085.93
212.941
164.54
157.198
133.612
177.295
179.14
149.356
1029.71
1309.53
1059.18
665.702
791.599
840.826
625.716
1520.87
1078.14
1080.44
780.878
1022.92
1020.54
780.815
-47.5645
2.43845
-353.626
27.2317
-40.564
3.25328
46.0807
-48.012
40.3185
9.60539
80.7343
6.36665
50.2139
-53.201
119.899
83.2383
106.169
109.684
81.0765
98.9191
117.367
-367.518
-318.072
-287.787
-318.647
-285.757
130.347
118.229
123.349
136.364
111.415
127.239
153.964
1075.8
1531.59
1074.82
783.92
1025.38
782.128
1028.98
1561.42
1064.88
1066.11
785.222
1049.5
1048.64
784.263
-58.585
11.4419
81.7728
74.7501
-53.9057
12.8228
91.6666
-59.2434
76.7897
13.8135
96.5973
13.6779
92.1458
-62.8461
168.854
131.27
142.969
137.94
158.572
139.079
148.861
-408.403
-338.808
-317.961
-339.489
-316.757
170.811
141.746
147.665
155.969
144.163
152.868
173.83
1062.02
1572.94
1059.21
783.943
1051.14
783.931
1054.17
1578.05
984.147
984.583
770.392
1058.36
1058.91
769.713
-65.3083
14.1745
96.6891
83.3277
-63.3152
14.0868
99.9784
-65.4376
83.769
14.4326
106.577
14.2844
100.457
-65.901
176.179
150.648
158.042
148.817
174.452
153.05
159.576
-420.372
-344.292
-324.873
-344.234
-324.858
176.538
149.712
154.442
160.688
153.926
160.349
177.299
984.127
1578.09
984.521
770.349
1058.36
769.697
1058.92
1573.03
1061.44
1058.66
783.542
1051.02
1054.06
783.504
-65.4651
14.4709
106.578
84.1144
-65.8984
14.5125
100.506
-65.3266
83.798
14.7775
96.8542
14.4076
100.032
-63.3419
176.91
154.567
160.795
150.054
177.353
154.306
160.674
-414.086
-342.469
-320.508
-341.956
-321.332
176.682
149.412
151.671
158.872
153.728
160.139
175.403
1064.29
1561.5
1065.48
784.742
1049.38
783.807
1048.5
1531.54
1074.72
1073.78
783.145
1025.04
1028.66
781.331
-59.1682
14.5657
96.774
78.85
-62.8496
14.9584
92.6065
-58.4327
77.2999
14.0302
83.3712
14.38
92.1636
-53.382
172.71
149.111
157.108
143.314
174.978
146.133
154.374
-382.517
-327.079
-296.856
-326.488
-298.221
171.112
139.945
134.754
145.433
141.727
150.805
162.3
1077.04
1520.82
1079.3
780.018
1022.57
779.99
1020.15
1309.05
1028.26
1057.77
664.423
790.679
839.987
624.381
-45.9052
12.6897
82.4883
53.0466
-52.4245
11.1306
58.4486
-44.6647
43.4487
8.69492
-36.7744
8.61557
55.48
-34.4145
137.619
127.852
139.429
121.892
158.392
117.028
130.951
-483.516
-498.003
-460.89
-532.154
-433.836
128.424
113.9
91.0402
110.87
105.693
121.699
93.0245
1766.11
-391.569
-624.375
-448.329
-425.55
-469.278
-661.205
-377.554
-153.588
-38.0235
-36.0609
-91.6037
-73.6878
-178.647
-94.6601
-158.59
-158.032
-96.8689
-120.427
-130.236
-187.007
-114.987
-813.294
-727.039
-1126.91
212.43
164.32
156.595
132.696
176.921
178.424
148.951
65.7308
87.618
-6.0848
107.485
-36.2059
127.403
66.4427
23.6691
-103.721
-45.8008
18.2834
-83.7406
4.47977
38.2686
31.3187
415.632
385.916
23.5368
195.154
154.881
297.874
-206.184
-286.693
-156.945
-161.081
-119.088
-93.132
-92.7234
425.962
380.375
391.017
337.972
345.145
291.824
308.924
-205.158
-472.355
-218.307
149.515
-216.29
51.4052
-114.031
-493.738
35.5661
51.5074
47.6845
-2.43409
-36.0545
51.005
48.6515
95.3736
98.6391
38.0955
67.0428
50.2562
92.5976
-367.77
-308.525
-289.147
-295.137
-308.625
-390.593
-328.88
-305.092
-303.079
-330.058
-417.807
-344.286
-324.131
-323.749
-344.346
-419.824
-345.049
-324.925
-325.018
-345.146
-401.036
-335.536
-309.999
-311.463
-334.564
-377.657
-325.753
-305.31
-300.758
-326.362
28.6543
384.675
413.803
193.555
21.0763
153.246
296.519
-235.731
-218.685
-327.678
-158.595
-190.374
-134.485
-162.047
425.115
389.99
379.073
336.897
344.331
290.891
307.786
54.1295
154.185
133.673
105.167
86.0433
32.966
135.807
99.8347
180.414
-46.6688
165.941
223.415
-69.1808
85.8849
-2.9141
-389.389
-56.3582
-179.993
-239.813
-80.3064
8.56963
-56.7013
43.8725
78.8769
62.4113
-3.12563
-7.36816
54.0105
50.6626
101.599
96.177
73.9072
36.0333
55.0259
94.768
-223.817
-309.615
-503.035
-384.295
-141.708
-176.046
-249.583
-606.838
-1413.97
-1367.45
-677.329
-357.267
-529.494
-593.098
-461.797
-291.221
-294.933
-429.372
-339.585
40.2511
-63.3678
-215.273
-116.642
-227.811
-309.707
-388.658
-459.404
-303.115
-327.556
-292.066
-367.729
-356.886
-601.387
-732.375
-794.46
-671.105
-871.738
-627.939
-616.655
-265.183
-297.158
-168.114
-271.902
-208.693
-207.432
-382.378
-289.168
-409.357
-267.428
-301.206
-239.69
-320.818
-377.146
55.7102
155.084
134.868
106.722
87.528
35.0412
136.972
101.961
182.397
-43.5398
167.612
224.975
88.0431
-65.9284
-0.151622
-381.788
-52.7206
-175.697
11.3239
-234.771
-76.5214
-566.849
-897.963
-528.345
-220.99
-383.485
-287.556
-137.972
-207.133
-349.061
-123.264
-124.489
-326.076
-71.1078
-273.9
-269.454
-92.8556
-94.1071
1455.01
1089.59
1090
750.237
974.827
756.621
963.752
1486.86
1087.51
1087.23
768.92
983.298
762.89
992.916
-96.2394
-52.3372
-47.3267
-12.4625
-69.2822
-59.7079
-45.2312
-104.489
-60.1394
-41.2623
-1.8683
-60.2466
-42.9628
-127.627
-145.363
-63.1949
63.3659
-37.9959
-38.1386
-62.2697
-152.858
-143.046
-59.8333
-39.8882
61.6402
-131.558
-38.9544
-61.8587
-361.151
-309.813
-286.329
-308.134
-284.075
1545.07
1068.54
1069.81
785.001
1039.13
784.158
1038.45
1551.27
1067.82
1067.67
785.468
1040.34
784.555
1042.41
-161.075
-63.5585
-37.8064
78.2024
-64.853
-154.929
-38.2932
-162.823
-67.075
-39.1577
78.7593
-65.3221
-38.2706
-168.103
-175.063
-70.6043
85.51
-41.243
-40.3946
-69.2793
-178.372
-173.861
-67.5419
-39.325
85.2297
-169.628
-40.2375
-68.888
-398.04
-333.148
-307.042
-331.927
-308.781
1575.34
987.434
988.567
771.858
1057.55
771.011
1057.59
1577.27
986.545
986.291
771.125
1057.82
770.747
1058.58
-181.526
-71.0057
-41.4534
87.4095
-71.8822
-179.344
-41.9778
-182.091
-71.6445
-42.0023
87.5865
-71.9885
-41.9983
-183.379
-184.267
-68.8821
94.7079
-41.1055
-41.3391
-69.5661
-184.396
-184.189
-71.3087
-41.8914
94.1784
-183.674
-41.4957
-69.991
-419.297
-344.654
-324.385
-344.688
-324.553
1577.35
986.238
986.023
770.956
1057.8
770.55
1058.56
1575.43
987.084
988.176
771.598
1057.52
770.781
1057.54
-184.416
-68.903
-41.111
94.7067
-69.7111
-184.415
-41.3746
-184.382
-71.6166
-41.9663
94.1781
-70.1703
-41.5373
-184.013
-182.147
-71.7633
87.4426
-41.6069
-42.0975
-72.4369
-180.184
-182.652
-71.9919
-42.0832
87.6152
-183.768
-42.1127
-72.4934
-418.611
-344.896
-324.755
-344.889
-324.456
1551.29
1067.04
1066.94
784.921
1040.14
783.978
1042.22
1545.07
1067.73
1068.96
784.373
1038.91
783.561
1038.21
-176.278
-71.4321
-41.3999
85.6254
-70.4045
-179.29
-40.5834
-175.182
-69.2172
-39.5353
85.3561
-70.1143
-40.4258
-171.368
-163.843
-67.686
78.6973
-37.875
-38.4509
-67.6892
-158.696
-165.352
-68.909
-39.3572
79.2063
-169.998
-38.4626
-67.8935
-394.593
-332.113
-308.367
-332.982
-306.699
1486.71
1086.22
1085.95
767.925
982.763
761.875
992.404
1454.8
1088.28
1088.66
749.152
974.265
755.575
963.151
-151.253
-67.8258
-37.9805
65.4798
-69.511
-157.023
-37.8365
-149.655
-74.1362
-38.5368
64.014
-70.2014
-38.4467
-141.415
-117.02
-147.553
10.0852
-33.8325
-102.492
-38.9537
-103.463
-122.324
-77.3344
-39.3568
16.542
-138.919
-38.4036
-94.4845
-391.106
-333.518
-310.905
-329.849
-320.109
-227.09
-313.344
-507.521
-388.418
-144.492
-179.122
-253.137
-616.018
-1424.07
-1377.79
-687.017
-361.747
-536.266
-598.705
-466.974
-296.487
-299.21
-435.724
-343.765
37.6366
-66.0961
-218.893
-119.672
-313.705
-231.516
-393.821
-466.868
-309.113
-332.216
-361.957
-374.335
-296.698
-615.752
-743.529
-807.327
-683.299
-885.811
-638.83
-627.157
-279.014
-323.099
-184.993
-286.137
-228.379
-219.405
-399.613
-300.041
-419.226
-274.818
-312.006
-329.172
-249.368
-390.016
-584.02
-911.693
-537.086
-235.02
-413.94
-302.235
-155.737
-229.271
-367.298
-134.226
-132.472
-335.758
-75.9336
-284.85
-99.3472
-282.378
-100.021
-225.233
-20.658
22.41
-419.47
-442.298
-352.576
-368.38
-440.802
-240.117
77.2303
52.8534
99.0291
25.1787
69.8652
-136.907
-279.154
-282.094
-196.487
-255.124
-224.808
-240.114
-10.2966
22.6974
36.4814
-65.7905
-204.64
-195.071
-181.71
-224.804
-19.6025
-210.805
-114.357
-293.088
-314.652
-378.97
-322.872
-296.517
-294.291
-324.141
-106.768
-335.737
-327.979
549.7
709.772
523.675
-216.473
-217.194
-130.893
-133.747
-215.645
-218.666
-130.929
439.008
659.056
484.912
-217.476
-221.795
-131.488
-134.31
-220.048
-218.553
-131.154
14.0723
11.5348
11.9904
-414.076
-342.311
-321.853
-321.124
-342.899
14.8336
11.9847
12.3032
-213.125
1039.96
-210.74
-231.074
-237.896
-136.289
-144.524
-230.585
-238.609
-136.511
-206.442
1028.74
-208.791
-231.717
-239.83
-136.985
-144.887
-239.264
-232.147
-136.844
33.0837
44.531
44.8196
-420.439
-344.508
-325.056
-324.991
-344.68
32.2441
41.1933
44.4856
58.2105
118.818
63.4775
-231.439
-240.454
-132.429
-142.902
-231.314
-240.546
-132.641
58.5288
88.8844
60.5834
-231.637
-240.872
-133.568
-143.174
-240.686
-231.929
-133.02
10.8788
11.6022
10.9187
-408.509
-339.429
-315.864
-317.064
-338.665
8.4841
8.42971
9.98803
-182.872
979.027
-193.095
-230.489
-238.317
-136.82
-144.109
-231.029
-237.482
-136.583
-202.939
991.735
-199.046
-229.779
-235.727
-136.043
-143.661
-236.637
-229.186
-136.241
-124.237
-273.34
-264.216
-375.145
-326.932
-293.819
-293.835
-328.061
-128.017
-256.012
-260.321
323.119
442.912
343.047
-221.78
-222.907
-136.567
-138.981
-221.56
-222.338
-137.557
400.99
503.268
369.821
-222.318
-223.061
-140.901
-140.019
-222.452
-223.294
-138.951
368.239
-13.8635
224.64
151.515
280.007
-35.688
382.172
471.296
340.324
-87.6669
393.284
463.555
251.133
94.8289
-223.712
-376.823
206.796
-73.9804
14.2435
-63.156
42.6602
11.3782
-48.909
-108.131
-73.3657
28.9873
-266.577
414.524
-250.786
-61.0341
-175.581
-5.53673
30.1823
250.485
-640.333
-210.237
62.2091
-2.48228
34.4643
-545.319
-518.461
-1277.75
-1077.99
-157.02
-414.194
-447.698
-647.842
-1291.56
-1446.12
-1267.81
-591.175
-574.102
-1164.12
-998.401
-503.297
-369.771
-709.519
-471.451
-965.057
-688.28
1107.81
-338.927
-945.454
-823.794
-811.708
-118.3
-266.903
-236.371
-286.024
-357.557
-561.912
-804.049
-1093.59
-922.983
-724.103
-539.504
-489.608
-457.175
-902.804
-790.059
-529.994
-366.141
-406.541
-262.373
-504.398
-628.97
-323.577
-299.462
-418.724
-1030.85
-394.604
-616.106
-844.794
-495.827
-346.196
368.64
-12.7485
225.57
152.755
280.703
-34.3007
383.399
472.71
341.822
-85.2945
394.292
464.747
252.764
96.4126
-221.44
-373.738
207.957
-72.2352
16.2059
-185.057
-197.573
-190.896
-209.721
-208.307
-209.667
-211.818
-274.866
-706.634
-228.184
-727.263
-829.405
-604.968
-758.792
-1484.86
-604.021
-210.197
-241.045
-667.614
-205.554
-688.804
-596.118
-576.667
-563.699
1352.2
1082.3
1073.31
691.389
906.553
876.701
712.035
1516.05
1082.82
1082.01
779.771
1010.97
1016.62
776.78
103.345
373.065
311.966
44.8574
112.813
95.6718
89.1831
33.8495
-10.2027
334.591
6.85148
-104.274
-1.89858
-84.5348
94.1442
39.3684
286.068
22.3428
58.3442
77.332
-44.4659
408.195
5.07556
359.906
32.9763
60.8291
17.0858
84.4428
-364.748
-317.696
-282.487
-283.826
-317.504
-126.941
-276.471
-267.547
-130.861
-259.775
-263.878
319.751
439.602
339.97
-214.055
-215.885
-130.907
-132.164
-214.795
-214.33
-131.045
398.365
500.315
366.992
-213.461
-212.637
-132.138
-132.223
-213.358
-213.104
-131.412
376.357
156.73
389.269
121.376
126.674
100.529
139.099
91.4708
430.93
414.518
128.36
110.464
98.4304
145.736
409.891
89.3082
414.212
121.225
71.9943
92.8957
97.3273
161.438
408.132
390.921
128.557
158.524
149.487
146.847
1534.76
1071.99
1073.67
784.243
1032.78
1031.48
783.495
1559.25
1066.46
1066.53
785.309
1045.67
1047.44
784.699
184.706
418.041
416.638
159.46
177.705
174.335
164.499
434.415
110.139
443.568
157.817
114.058
150.334
121.016
182.988
411.176
417.522
157.177
164.401
150.138
169.854
445.475
110.846
442.904
160.163
127.654
123.256
165.065
-406.456
-337.821
-313.862
-315.245
-336.895
9.9517
10.7197
9.96368
7.48265
7.3102
8.95169
-184.185
978.434
-194.321
-229.171
-237.049
-135.885
-142.973
-229.836
-236.073
-135.548
-204.003
991.206
-200.185
-228.324
-234.012
-134.775
-142.413
-235.087
-227.581
-135.095
418.556
190.714
412.762
171.519
180.472
166.61
181.65
119.759
448.436
458.68
171.05
134.702
133.09
171.851
447.369
119.389
459.619
170.271
129.137
132.152
167.075
190.917
404.133
412.024
172.144
184.131
183.02
171.759
1570.98
994.463
1027.77
778.81
1053.98
1054.49
772.604
1578.1
984.713
984.758
770.504
1058.63
1059.03
770.119
191.955
396.53
395.372
172.34
187.876
186.867
172.954
446.528
122.204
437.417
173.415
135.285
172.474
136.489
191.671
402.736
396.18
171.845
185.045
172.126
185.935
435.67
122.409
436.181
174.069
138.419
136.96
176.066
-420.243
-344.365
-324.814
-324.815
-344.485
33.0171
44.5061
44.7521
32.1289
41.0308
44.3682
58.0444
118.713
63.3603
-231.355
-240.428
-132.406
-142.839
-231.279
-240.471
-132.586
58.5041
88.823
60.5166
-231.491
-240.678
-133.423
-143.066
-240.551
-231.732
-132.917
398.521
193.503
416.358
184.477
188.673
173.324
188.933
131.027
503.474
491.811
184.562
142.461
141.618
186.652
438.197
130.373
485.713
183.588
139.05
141.026
176.926
193.703
427.431
419.006
186.009
189.89
189.46
188.619
1578.15
984.571
984.655
770.441
1058.64
1059.04
770.03
1571.06
993.926
1027.17
778.429
1053.9
1054.39
772.262
193.707
398.666
416.384
184.637
189.04
189.183
173.642
503.477
131.047
491.78
184.666
142.478
186.67
141.72
193.858
427.437
419.03
186.127
189.94
188.639
189.605
438.337
130.398
485.674
183.73
139.3
141.168
177.216
-415.337
-343.281
-322.855
-322.234
-343.776
14.8027
12.3441
12.7337
15.5013
12.601
12.9792
-212.354
1040.24
-209.9
-232.051
-239.048
-137.132
-145.356
-231.662
-239.647
-137.272
-205.454
1029.08
-207.879
-232.599
-240.67
-137.603
-145.644
-240.204
-232.941
-137.53
396.707
192.57
395.719
172.947
188.379
173.352
187.514
122.331
447.011
437.747
174.048
135.984
136.994
173.328
435.846
122.527
436.487
174.622
138.718
137.401
176.431
192.361
403.258
396.555
172.54
186.038
186.747
173.062
1559.33
1065.82
1065.93
784.834
1045.53
1047.31
784.205
1534.72
1071.02
1072.66
783.493
1032.49
1031.17
782.781
192.181
419.731
413.576
173.051
182.57
183.394
168.692
448.952
120.077
459.363
172.318
135.491
172.81
134.167
192.256
404.69
412.798
173.526
185.338
172.809
184.471
448.362
119.728
460.317
171.682
130.812
133.367
169.004
-384.968
-327.875
-301.49
-299.829
-328.624
-112.042
-290.149
-311.853
-104.605
-333.263
-325.367
551.506
711.725
525.659
-221.726
-223.413
-135.826
-138.324
-221.589
-224.162
-135.259
441.423
661.246
487.104
-222.135
-226.156
-134.869
-138.383
-224.953
-222.697
-134.97
419.308
187.493
418.558
162.721
180.249
166.852
177.418
111.145
437.353
445.451
161.262
118.606
124.104
155.294
446.553
111.774
444.682
163.205
129.553
125.952
167.242
186.052
414.338
419.569
160.857
168.963
173.598
155.346
1515.97
1081.63
1080.85
778.885
1010.54
1016.21
775.868
1351.81
1080.92
1071.92
690.156
905.84
875.926
710.853
163.488
387.479
395.759
131.459
136.692
147.408
115.341
434.131
95.1023
420.282
136.967
115.729
151.431
106.589
167.554
411.577
396.958
137.401
164.104
152.818
156.319
420.437
93.3421
420.385
131.127
87.4561
102.507
112.165
-455.302
-486.183
-389.866
-409.933
-480.068
-235.726
-34.2099
-11.8039
-249.934
62.2195
20.9627
85.0347
339.989
32.5586
-183.129
-329.132
-364.486
-263.317
-268.401
-303.392
-313.975
89.0923
506.648
33.2677
-107.933
-242.623
-242.894
-237.041
-268.071
-56.3263
-271.42
385.391
118.811
342.762
70.3492
124.629
106.266
109.059
27.0029
211.083
370.255
34.3741
-32.3418
28.9813
-70.1647
419.873
35.2924
389.466
58.9079
79.0434
46.3478
101.659
111.777
178.593
322.739
50.1747
70.3837
91.2689
-22.0314
-550.1
-522.66
-1283.75
-1083.46
-160.263
-418.503
-451.714
-652.577
-1298.29
-1452.56
-1273.9
-596.246
-578.657
-1170.65
-1003.98
-508.115
-373.74
-715.202
-475.75
-971.287
-693.106
1105.1
-341.254
-951.889
-826.629
-816.51
-121.381
-270.371
-239.485
-289.77
-361.331
-565.931
-808.089
-1101.14
-926.145
-749.974
-557.343
-511.319
-478.626
-925.393
-817.011
-547.433
-391.003
-441.328
-291.858
-532.434
-659.979
-354.588
-322.817
-439.291
-1054.71
-410.161
-640.846
-872.536
-512.451
-365.435
-190.033
-205.238
-197.991
-214.286
-213.745
-215.9
-218.721
-286.299
-728.348
-236.768
-755.133
-876.081
-653.446
-794.924
-1534.29
-638.837
-224.057
-255.579
-722.53
-216
-724.865
-613.341
-604.64
-589.821
-64.9286
12.8938
31.4644
75.838
-93.4824
18.1887
31.385
-132.274
278.437
-10.6299
-90.8447
-141.304
-39.1276
-264.623
34.9554
104.683
-11.0451
-61.1822
38.819
-157.023
33.1923
-56.4062
-47.3646
-52.1159
-20.6614
5.92089
28.4091
-30.0788
-40.9983
-45.8722
-49.9308
-14.4078
63.6122
46.944
-6.51209
17.6319
82.2274
38.528
22.5181
63.5463
27.8755
13.6502
9.78694
27.0296
37.4048
2.63853
45.5351
-1.11479
8.14875
-375.941
-350.97
-336.376
-432.156
-311.474
-293.061
-44.2571
78.9284
-284.347
94.64
103.275
124.366
95.2589
149.362
-181.277
-214.869
-149.649
-143.544
-157.982
-211.318
-204.271
-81.6642
-195.878
-185.596
-156.698
-12.1037
-175.796
-200.84
221.751
137.507
182.255
-30.7189
-22.151
-36.2948
6.64132
68.9896
84.4502
8.4601
-43.579
-25.8444
-39.5562
4.15831
76.4755
-1.44531
85.443
45.2397
99.9675
31.0892
98.2099
35.7297
118.436
41.9397
52.4691
160.957
109.768
64.0594
138.757
52.5049
59.4949
46.143
30.2651
37.2537
64.4618
48.4882
34.9551
67.2466
96.0792
151.707
421.25
131.265
139.996
101.085
108.555
82.534
35.2359
112.487
416.424
127.112
66.7111
88.9274
56.6462
69.0582
68.7761
108.295
58.6058
77.736
67.2164
-6.23523
76.0096
-178.599
13.2241
-187.055
-57.9829
21.4579
-58.7084
-41.019
-210.51
-127.05
-187.906
-63.2318
-49.5582
28.0512
-142.994
-188.516
480.098
32.5742
21.0189
-139.956
-15.7055
63.2108
-260.67
-121.271
-191.42
-35.2415
-72.6215
-47.7855
-157.851
-119.077
-43.9046
-171.239
-34.2936
-48.0856
37.2091
-18.3803
500.739
134.847
66.4733
-120.089
65.9178
13.1256
13.8411
14.2217
27.1482
17.0751
24.5676
-31.7668
13.3149
29.5786
-100.921
280.837
54.5404
-2.84517
-63.534
2.44377
9.71094
2.76594
-77.921
-8.54381
9.81063
-44.1255
30.6785
11.0743
96.5493
305.753
76.9909
49.3087
-47.8134
52.3439
-175.74
38.176
207.474
-161.206
88.0803
29.0227
9.61636
-16.1799
-81.7679
-67.6143
-86.804
-22.3682
20.5081
104.022
209.399
541.602
236.466
191.264
188.8
120.993
-4.54076
-141.048
-92.2827
-36.6312
-115.781
-19.5876
-29.1723
98.4785
47.9352
541.339
150.139
183.629
170.66
74.1708
57.7053
212.518
-135.337
142.572
-154.536
99.8174
74.4281
21.1213
26.5896
30.1901
59.6885
59.8267
58.7815
52.4152
25.6894
46.4557
37.9938
65.9317
61.8326
59.0724
72.8681
139.846
323.516
267.442
170.082
311.137
147.308
162.495
132.987
285.161
265.068
146.073
297.747
154.686
125.134
-387.628
-327.415
-298.75
-325.999
-300.856
-89.4281
-349.633
-352.221
-94.7303
-341.668
-347.857
568.213
789.452
578.083
-221.888
-227.837
-137.556
-133.077
-132.697
-226.252
-222.921
-220.758
-223.264
-131.882
-136.869
-219.698
-132.255
-224.852
505.509
809.01
572.338
66.9553
36.6301
62.659
85.954
71.9686
69.7228
89.4934
52.269
33.0582
58.1154
82.485
64.4094
77.737
67.0339
155.767
332.358
175.437
300.01
152.2
336.492
179.715
155.768
309.981
306.868
183.452
332.644
182.321
151.818
107.838
110.718
130.728
-9.15473
133.889
108.286
68.0566
161.91
218.791
463.686
255.77
218.587
257.003
160.542
163.419
260.984
216.716
463.797
218.077
165.108
257.84
107.595
-5.74372
141.311
57.994
137.019
64.1046
108.417
114.558
-294.876
-111.758
70.0748
-112.766
311.959
116.49
56.7121
8.11095
-34.3217
-52.8951
-33.6824
55.3735
9.11175
162.672
251.138
420.193
560.33
255.554
463.506
159.266
113.881
-290.512
-115.273
290.217
-113.725
313.48
111.006
57.7953
-32.9996
-52.5556
10.573
-33.2768
58.6637
10.0148
163.48
507.004
560.35
259.142
256.592
471.423
165.772
109.975
-10.8372
146.207
127.757
124.729
108.827
210.708
168.256
208.076
233.603
470.884
210.101
240.536
167.333
111.436
-4.6048
120.745
212.579
122.689
214.064
112.52
168.328
255.611
214.603
471.139
212.271
167.215
241.885
118.682
-111.272
-108.639
-286.814
-110.621
-227.168
116.993
60.979
12.6549
-52.5402
-32.2343
-32.4232
12.2412
61.7842
168.942
265.381
552.587
519.778
262.472
506.552
171.448
60.2274
-32.7542
-52.6337
11.2239
-32.5579
59.4849
11.6491
168.298
512.601
553.72
259.766
261.775
506.553
166.34
119.222
-286.332
-109.099
-256.344
-109.873
-236.53
121.232
92.6724
78.1565
93.6679
114.134
117.19
118.325
113.391
78.8392
94.6369
94.2891
114.526
119.442
119.094
114.59
126.713
157.804
485.32
171.908
157.762
126.252
172.543
126.829
156.365
483.054
172.818
157.215
172.817
126.508
-416.979
-344.054
-322.599
-343.769
-323.187
13.5663
3.75008
6.9652
14.3832
11.1785
9.41769
-216.248
1064.66
-220.995
-232.889
-241.076
-145.446
-136.432
-136.805
-240.896
-232.851
-232.752
-240.288
-137.085
-145.516
-232.565
-136.987
-240.663
-238.569
1067.26
-227.766
92.7093
77.739
93.7374
111.833
113.21
116.255
109.512
94.6625
78.6533
94.371
113.319
119.18
114.236
118.176
123.787
157.022
170.767
492.585
125.354
155.004
168.799
121.276
145.281
491.795
160.745
151.326
165.7
117.6
91.9664
18.8442
143.11
69.0548
141.401
93.0569
17.1352
126.535
213.362
462.537
53.6037
212.495
52.5176
127.608
126.086
52.4373
211.475
462.695
211.812
126.286
52.3092
91.4407
66.8848
136.285
19.4296
139.247
17.0569
91.6737
129.46
-154.906
-105.88
-131.312
-105.77
-126.294
129.631
66.7081
15.2773
-31.4661
-53.6211
-31.5236
66.6494
15.3184
181.882
279.184
-76.6936
596.118
278.596
-79.941
181.983
129.456
-153.295
-105.935
-117.825
-105.869
-123.743
129.451
66.7316
-31.6068
-53.7067
15.4134
-31.6436
66.8702
15.3792
181.855
-83.692
594.244
278.227
278.432
-81.537
181.96
95.8019
77.7171
20.0008
144.397
145.438
94.3518
23.2031
128.693
211.901
57.9316
467.91
211.552
55.6013
129.878
97.3348
78.5039
147.063
28.445
146.314
24.6311
98.918
127.667
53.1058
211.309
466.83
211.357
126.831
54.6116
130.748
-105.909
-133.422
-167.158
-105.305
-136.303
129.79
68.5127
17.4482
-53.1876
-29.9476
-30.6595
16.686
69.6041
183.606
281.887
584.256
-81.997
279.358
-84.3622
186.169
67.7408
-31.4449
-53.5825
15.6884
-31.119
67.2048
16.0667
183.08
-84.8339
585.697
278.243
278.924
-84.658
182.092
131.232
-168.652
-103.55
-133.023
-104.773
-136.772
133.474
87.3898
73.4221
87.6876
93.003
83.8008
84.8083
92.2452
73.7144
88.6014
88.1206
94.2824
88.8488
86.6395
95.9907
103.309
109.443
128.282
121.51
103.348
105.574
115.271
101.137
95.7819
117.938
108.536
98.3469
110.754
99.8298
-420.116
-344.955
-325.083
-344.756
-325.097
13.3053
1.66967
1.29069
17.7698
31.7292
9.30331
24.3363
684.543
-178.05
-232.882
-241.538
-144.951
-136.265
-135.596
-241.429
-233.18
-232.589
-241.073
-134.204
-144.477
-232.235
-134.915
-241.26
-252.218
970.487
-267.323
91.9728
73.8459
90.7397
103.711
109.356
103.292
107.183
89.1707
73.1308
89.779
100.313
91.7672
98.017
95.3764
107.405
118.114
129.679
347.566
107.93
120.662
135.072
109.433
137.972
401.537
154.331
126.886
144.441
113.938
104.501
50.7539
123.984
70.6963
125.888
111.552
38.2893
133.288
214.999
473.08
56.099
215.878
58.7686
130.248
136.933
65.2341
215.267
477.581
215.867
140.429
61.4822
98.3537
60.1734
133.51
23.3409
129.644
33.6227
94.2003
148.195
68.8053
-98.8459
-21.3361
-97.5727
1.84292
145.194
80.0423
24.6719
-22.9395
-48.0043
-23.2647
80.5113
24.3455
205.266
308.841
-28.9374
697.053
307.583
-31.6801
206.441
148.856
67.0493
-96.7068
13.0827
-97.2152
8.04291
149.861
79.143
-24.7392
-48.4497
22.8582
-23.8628
77.8252
23.7296
204.478
-45.3481
695.794
302.153
306.68
-35.7477
200.819
121.229
107.53
52.3142
121.667
119.472
117.429
61.6185
148.499
217.521
70.8691
501.8
217.136
69.4921
149.4
122.977
103.641
116.175
66.6568
117.29
64.0294
123.759
146.808
64.6505
215.74
501.025
216.547
143.979
67.9876
139.623
-99.3529
-39.0763
-116.561
-101.095
-84.3791
143.923
72.5669
18.2685
-51.5089
-29.2554
-28.1422
19.3916
70.8821
191.992
283.286
606.905
-76.7232
289.365
-72.3933
187.298
74.3777
-25.8039
-50.6575
21.7823
-26.9814
76.194
20.603
193.786
-54.5674
629.298
299.928
291.996
-65.7001
199.229
138.203
-150.382
-103.372
-124.716
-101.769
-101.918
134.376
92.3643
75.0265
90.9821
112.518
116.815
115.545
113.415
73.0802
87.1917
89.3901
111.619
113.01
114.303
110.437
127.871
160.286
466.759
175.185
157.223
128.728
174.529
127.28
156.542
469.035
173.757
156.339
173.981
127.214
-403.22
-336.593
-314.462
-337.37
-313.065
-28.4565
-243.906
-50.9574
-11.0127
4.1123
-9.90857
-163.586
949.299
-123.662
-227.014
-231.715
-141.692
-135.379
-135.43
-232.748
-226.39
-227.775
-234.804
-135.79
-142.109
-228.438
-135.628
-233.723
258.534
929.663
-16.4748
72.5825
55.6783
77.5923
103.685
85.4211
102.453
96.4119
84.7477
62.2327
81.4013
106.932
111.479
109.173
108.303
134.505
167.873
176.519
445.506
131.068
182.797
177.741
140.391
260.988
433.005
182.448
212.069
179.994
145.748
110.602
47.5443
151.717
82.9044
151.04
109.303
56.8319
154.195
220.179
476.054
252.66
219.642
174.914
159.472
147.369
79.6053
217.367
477.911
218.496
142.245
130.937
110.99
74.4191
146.451
57.2105
149.427
53.411
110.752
128.92
-133.535
-107.511
-94.6115
-107.103
-103.715
127.875
66.0972
14.8363
-32.0267
-53.8841
-31.9968
66.2239
14.7711
181.874
279.689
-73.9679
608.543
280.098
-69.2059
181.989
129.069
-136.466
-106.343
-114.131
-106.649
-107.061
129.254
65.8964
-32.0527
-53.8424
14.3682
-31.9201
65.4544
14.5795
181.722
-55.9278
610.397
279.213
280.108
-66.4671
180.523
105.421
87.4797
44.6559
151.207
150.57
107.315
37.6196
133.841
213.241
59.9608
476.326
213.961
63.6068
132.159
103.403
86.3932
148.769
30.885
149.625
35.6477
101.552
135.95
74.0357
216.013
477.54
214.929
138.524
65.4543
125.124
-107.72
-91.3715
-126.938
-108.49
-107.506
127.359
62.9904
12.3073
-53.9795
-33.3857
-32.9012
12.923
61.8974
175.815
267.202
588.284
521.908
272.543
273.143
172.173
63.9668
-32.2627
-53.7831
13.955
-32.5686
64.7986
13.5471
176.978
-48.7303
603.244
278.525
274.478
64.9613
179.894
124.257
-140.651
-110.009
-263.437
-109.143
-202.017
121.427
16.4052
31.2535
9.88461
42.2341
62.0556
59.8031
48.687
27.409
-1.8966
3.80577
35.9128
50.845
55.1962
29.8128
105.063
236.621
251.71
115.515
249.063
97.156
123.922
112.887
275.383
257.844
140.936
262.748
132.613
120.609
-375.126
-327.409
-294.548
-328.321
-296.822
-145.693
-165.437
-217.33
-137.677
-249.606
-238.429
305.945
356.358
289.956
-227.718
-234.091
-151.074
-156.187
-151.138
-230.534
-228.252
-226.249
-224.377
-143.414
-146.998
-224.517
-146.948
-227.22
255.111
325.446
274.212
-22.2125
8.4075
-16.6544
16.7142
56.1769
47.1293
14.2802
-6.86156
13.6105
-12.0827
19.9267
47.0521
24.6871
45.2863
82.9339
224.193
107.406
209.117
90.0921
212.232
98.7309
76.9108
185.726
199.852
80.4161
199.917
90.0805
70.4861
97.4883
170.572
108.317
91.6635
101.105
103.619
151.861
136.123
172.004
446.122
147.443
179.589
170.398
127.326
143.736
196.337
192.52
446.914
186.268
150.798
176.951
90.8026
88.6386
84.3188
123.305
93.254
145.859
82.8328
103.311
-89.9911
-128.174
224.026
-124.601
248.699
98.0764
49.1323
4.26783
-39.4566
-59.314
-41.0842
51.2937
2.51215
153.43
251.411
406.061
532.424
246.497
368.982
157.639
104.675
-147.622
-119.417
281.967
-122.667
254.249
108.534
46.5475
-45.9695
-61.1039
-2.28266
-43.1506
43.3503
0.284891
152.016
343.08
530.762
240.234
244.986
363.259
146.853
113.267
74.6164
176.484
113.849
117.528
108.83
194.622
167.062
210.067
233.525
456.574
207.32
221.762
169.695
116.213
65.1538
122.426
212.832
120.323
200.321
116.889
162.647
201.996
198.144
454.27
203.221
157.068
217.308
87.9425
-129.329
217.714
106.766
-131.718
195.173
95.9929
27.7353
-20.6321
-74.4201
-72.0779
-62.2937
-14.0689
19.0805
134.271
221.114
543.831
256.278
230.063
294.461
121.947
34.3477
-49.7441
-69.472
-5.36428
-55.0417
39.397
-9.10706
137.336
335.464
541.994
238.517
232.448
304.748
144.866
84.6065
120.002
-145.044
158.748
-133.195
188.013
71.2707
-187.244
59.9654
-23.5464
-166.743
-196.9
-7.20505
-164.581
-174.802
-59.8112
-19.8945
-219.576
67.8794
53.4735
-22.5385
-70.6768
76.8174
43.805
35.6969
-101.739
62.7361
-22.6204
9.53457
29.5323
26.2664
-155.182
-852.12
-996.62
-374.699
-103.283
-258.526
-965.185
-158.3
-367.841
-182.731
-69.255
-34.9006
-387.999
-23.8814
-253.607
-260.207
-589.135
-616.713
-876.906
-813.55
-520.479
-563.271
-554.243
-1116.73
-635.789
-993.453
-926.657
-581.206
-1026.94
-582.121
-829.727
-497.736
-416.542
-676.011
-889.571
-504.181
-689.758
-1298.38
-577.21
-676.787
-723.651
-749.022
-706.884
-464.81
-394.69
-445.486
-490.334
-566.507
-500.745
-541.98
-834.921
-694.277
-1150.67
-536.265
-722.726
-559.19
-891.343
-550.444
-1084.19
-548.054
-960.933
-491.006
-433.244
-569.967
-443.279
-564.261
-449.324
-1002.42
-410.361
-389.212
-525.758
-397.154
-410.837
-185.9
61.342
-21.7903
-165.125
-194.686
-5.51594
-162.612
-172.421
-57.4203
-17.8827
-216.845
69.1881
54.9258
-20.8575
-68.6346
78.3344
45.3777
37.4211
-99.3108
64.504
-20.3235
11.7953
31.4164
28.2654
-152.299
-844.726
-986.514
-370.495
-101.016
-255.908
-958.19
-156.296
-364.53
-179.879
-66.4604
-32.1958
-383.738
-21.5312
-250.007
-256.873
-193.111
-44.3549
-229.33
-190.913
-62.4801
-226.679
-52.4501
49.5407
-1.99288
5.4824
-58.4358
-138.559
-41.2795
-33.8823
-117.706
-156.073
-370.281
-77.0416
-105.48
-52.9975
-233.431
-1018.15
-381.499
-738.353
-379.524
-506.08
-534.175
-166.374
-359.034
-167.636
-69.0121
-72.4726
-323.354
-240.568
-57.4499
-251.532
1438.72
1085.71
1089.5
741.978
928.856
728.355
949.16
1495.5
1084.31
1086.01
772.076
1005.91
773.895
1000.38
-360.443
-313.478
-281.656
-316.154
-282.199
-148.879
-169.922
-221.736
-140.839
-253.61
-242.638
302.232
351.587
285.82
-211.93
-215.771
-139.355
-136.721
-209.912
-214.717
-136.937
249.744
319.74
269.546
-212.638
-212.462
-133.162
-134.714
-212.748
-213.481
-134.918
13.9994
28.684
7.35677
39.3226
59.2933
56.861
45.9527
24.6992
-4.66955
1.15163
32.8119
47.4826
52.0487
26.5124
101.57
233
247.864
111.269
245.742
93.3828
120.016
109.649
272.554
254.171
137.621
259.693
117.604
129.018
-25.3564
5.23505
-19.7408
12.7293
51.7329
10.0313
42.9925
10.5257
-9.75299
-15.0761
16.1862
43.4518
41.4315
21.1737
78.4901
220.214
203.526
102.776
207.816
86.0043
93.666
72.0473
179.962
193.855
74.213
65.1288
194.932
84.5011
91.3343
85.7137
165.003
103.166
95.518
145.565
97.925
128.507
161.576
139.706
438.299
170.565
118.947
163.398
84.2354
82.3992
77.8758
116.705
75.9807
87.2223
139.379
136.826
190.537
439.63
185.55
178.367
170.243
144.541
105.457
-94.6528
-122.116
218.984
-120.098
100.929
244.374
52.106
6.90854
-35.0911
-54.2768
-36.0166
53.8387
5.6184
154.135
249.496
402.713
528.606
244.034
158.176
365.003
106.679
-152.222
-116.166
278.454
-118.486
110.093
250.133
50.0301
-39.0227
-55.3039
2.03668
-37.2396
3.88066
47.4984
152.753
338.134
236.765
526.577
242.288
147.891
359.062
92.2422
100.934
-122.753
212.436
-122.792
189.194
99.0802
35.2497
-10.8682
-57.567
-62.893
28.5648
-6.36948
-50.4372
136.097
213.78
249.3
536.748
224.637
124.9
288.123
89.3639
114.002
-131.425
152.688
78.2743
-123.534
181.892
40.432
-41.5172
-59.8042
-0.23687
-2.8076
-45.2208
44.3792
138.991
330.253
535.348
234.717
227.53
298.666
145.967
108.492
70.2528
171.174
109.115
113.177
103.606
190.051
162.476
205.757
229.774
452.451
202.468
165.564
217.337
111.86
60.9585
118.759
209.108
112.92
116.329
195.981
157.555
196.494
191.973
449.776
197.75
151.419
212.628
1542.76
1071.11
1070.59
784.97
1034.51
784.006
1036.92
1553.34
1066.68
1067.39
785.483
1044.5
784.685
1043.84
-400.499
-334.442
-312.253
-335.413
-310.634
-29.8078
-245.633
-52.4213
-12.2628
2.8976
-11.2295
-164.988
948.495
-125.142
-224.842
-229.158
-133.458
-139.822
-223.989
-230.44
-133.702
257.091
928.776
-17.9774
-225.813
-232.916
-134.384
-140.411
-226.663
-231.629
-134.069
91.5258
74.1216
90.0779
111.581
115.964
114.623
112.549
72.1012
86.1427
88.4146
110.605
111.929
113.301
109.342
126.817
159.174
465.886
174.042
156.193
127.588
173.477
126.307
155.668
468.2
172.869
155.392
126.317
173.014
71.1958
54.3678
76.2963
102.315
83.9362
94.936
101.084
61.0155
83.6202
80.1926
105.66
110.307
107.04
107.992
133.18
166.673
444.309
175.279
181.513
129.838
176.399
138.967
259.55
431.75
180.874
144.217
210.702
178.541
109.17
81.4512
46.3243
150.434
149.644
55.4274
107.991
152.674
218.562
251.173
475.208
218.183
157.803
173.587
109.422
72.9016
144.792
55.5088
109.038
147.906
51.9278
145.981
78.4513
477.107
216.163
217.176
129.648
140.974
129.223
-134.765
-106.765
-95.843
-106.481
128.233
-104.793
66.5435
15.2745
-31.333
-53.0838
-31.2225
66.6258
15.2643
181.988
279.451
-74.8172
608.038
279.818
182.082
-70.1716
129.357
-137.654
-105.836
-115.041
-106.051
129.495
-108.092
66.3889
-31.1043
-52.9677
14.971
-31.0673
15.1164
66.0057
181.841
-57.0795
278.87
609.868
279.813
180.666
-67.4766
125.567
-128.569
-106.951
-92.6583
-107.569
-109.029
127.735
63.7409
13.216
-31.9471
-52.6607
62.7357
13.7309
-31.6075
176.001
266.643
520.698
587.616
272.088
172.389
271.828
124.722
-142.349
-108.863
-265.401
121.974
-108.18
-203.738
64.6458
-31.2128
-52.5819
14.6135
14.2867
-31.4015
65.4084
177.158
-49.932
602.601
278.163
274.052
63.6558
180.044
104.32
86.4007
43.4902
150.03
149.488
106.113
36.6004
132.871
212.411
59.1547
475.75
213.05
131.274
62.6836
102.395
85.3581
147.86
30.0328
100.63
148.633
34.6745
134.887
72.9314
214.917
476.933
213.929
137.363
64.4878
1574.1
991.617
989.536
772.023
1055.34
771.862
1056.93
1577.67
985.116
985.789
770.951
1058.58
770.281
1058.85
-419.679
-344.631
-324.768
-344.488
-324.711
13.0014
1.32532
0.981527
17.5148
31.513
9.03624
24.0987
684.353
-178.421
-232.511
-241.088
-135.936
-144.645
-232.751
-241.047
-135.313
-252.652
970.307
-267.726
-232.279
-240.818
-134.014
-144.219
-231.981
-240.941
-134.68
87.3668
73.3566
87.6214
92.9355
83.7775
84.7422
92.2215
73.6024
88.4452
88.0089
94.1684
88.6904
86.5255
95.8314
103.196
109.283
128.188
121.355
103.233
105.414
115.161
101.068
95.7588
117.863
108.513
98.2809
99.8061
110.689
91.6318
73.5512
90.4449
103.41
109.019
106.836
102.995
72.8831
88.9681
89.5311
100.059
91.5604
95.1251
97.8098
107.145
117.902
347.357
129.478
120.401
107.72
134.821
109.124
137.625
401.32
153.988
113.581
126.581
144.143
104.273
70.472
50.6009
123.792
125.65
38.0649
111.369
133.033
214.73
55.8161
473.047
215.653
129.945
58.5602
98.0769
59.9271
133.177
23.0218
93.8722
129.359
33.3784
136.725
65.1034
477.57
215.121
215.685
61.2923
140.263
148.222
68.7246
-98.776
-21.4581
-97.5411
145.246
1.77081
80.0661
24.6812
-22.9185
-47.9609
-23.215
80.5216
24.371
205.276
308.84
-28.9501
697.074
307.569
206.443
-31.73
148.876
66.9849
-96.6975
13.0715
-97.1873
149.865
7.98961
79.1912
-24.6191
-48.3745
22.9282
-23.7739
23.7751
77.8938
204.491
-45.456
302.136
695.816
306.663
200.848
-35.8151
139.702
-116.727
-99.2708
-39.2261
-100.97
-84.6052
143.981
72.696
18.4279
-29.0004
-51.2943
71.0314
19.525
-27.921
192.036
283.234
-77.0133
606.985
289.334
187.345
-72.6106
138.287
-150.573
-103.195
-125.049
134.476
-101.64
-102.173
74.4876
-25.6508
-50.4746
21.8707
20.7179
-26.7949
76.2825
193.829
-54.7006
629.426
299.908
291.967
-65.893
199.262
121.13
107.442
52.1794
121.52
119.367
117.29
61.5421
148.448
217.504
70.8587
501.786
217.089
149.382
69.4392
122.919
103.572
116.154
66.6469
123.74
117.228
63.9719
146.72
64.5329
215.629
501.006
216.468
143.854
67.9177
1577.74
984.93
985.562
770.805
1058.58
770.163
1058.84
1574.19
991.138
989.103
771.738
1055.27
771.548
1056.87
-417.892
-344.75
-323.495
-344.547
-323.989
14.0128
4.14372
7.40829
14.8842
11.7332
9.91805
-215.547
1064.86
-220.355
-233.45
-241.594
-136.813
-145.923
-233.347
-241.49
-137.238
-238.065
1067.44
-227.192
-233.388
-241.043
-137.636
-146.053
-233.275
-241.334
-137.478
93.4457
78.868
94.3805
114.866
117.97
119.042
114.188
79.4896
95.234
94.9421
115.195
120.037
119.747
115.201
127.404
158.414
485.881
172.52
158.431
126.88
173.218
127.584
157.166
483.643
173.63
157.95
127.332
173.559
93.0991
78.1739
94.1754
112.279
113.594
109.909
116.685
79.1408
95.2042
94.8606
113.818
119.716
118.66
114.789
124.299
157.573
492.968
171.319
155.502
125.923
169.294
121.735
145.676
492.158
161.136
118.008
151.769
166.141
92.4658
69.5618
19.3816
143.669
141.901
17.5814
93.6178
126.944
213.683
53.9113
462.756
212.866
127.964
52.9077
91.88
67.3611
136.671
19.7735
92.0573
139.688
17.4764
126.555
52.944
462.938
211.961
212.24
52.726
126.816
129.271
-154.028
-106.207
-130.702
-106.161
129.472
-125.578
66.3832
14.8762
-32.0953
-54.2035
-32.0924
66.2849
14.961
181.805
279.409
-75.8845
596.478
278.787
181.895
-79.2431
129.258
-152.385
-106.416
-116.959
-106.272
129.221
-122.99
66.4362
-32.0684
-54.2386
15.1228
-32.1592
15.0508
66.6035
181.78
-83.1268
278.375
594.594
278.611
181.897
-80.8743
130.618
-166.539
-106.221
-132.849
-105.555
-135.824
129.637
68.3212
17.2683
-30.2388
-53.5238
69.4357
16.4769
-30.9899
183.553
281.949
-81.6777
584.434
279.451
186.121
-83.9543
131.107
-168.074
-103.741
-132.657
133.369
-105.012
-136.323
67.5274
-31.8606
-53.9574
15.424
15.8356
-31.4907
66.9652
183.026
-84.304
585.92
278.379
279.029
-84.2208
182.03
96.4956
78.4481
20.5715
145.02
146.125
94.9787
23.8701
129.424
212.652
58.701
468.315
212.232
130.683
56.2655
98.1009
79.2698
147.893
29.2575
99.7589
147.071
25.3335
128.327
53.6446
211.858
467.216
211.969
127.425
55.2411
1553.37
1066.01
1066.68
784.936
1044.35
784.164
1043.67
1542.76
1070.18
1069.7
784.316
1034.24
783.324
1036.66
-392.049
-331.024
-303.209
-330.012
-304.875
-87.7498
-347.732
-350.195
-92.9368
-339.371
-345.68
569.866
790.885
579.602
-224.859
-230.667
-135.221
-140.139
-225.591
-229.407
-135.088
506.876
810.305
573.747
-224.07
-227.178
-134.883
-139.736
-223.396
-228.35
-134.931
23.4014
28.7764
32.3448
62.0885
62.4109
61.207
54.9792
27.7495
48.365
40.0243
68.1752
63.9508
61.3376
74.9622
142.243
325.568
270.039
172.454
313.363
149.525
165.076
135.573
287.775
267.781
149.125
300.165
127.924
157.496
68.438
38.234
64.2395
87.6559
73.574
91.081
71.4403
34.7721
54.0634
59.8007
84.3094
66.3834
68.8789
79.692
157.671
334.251
301.902
177.618
338.245
154.254
181.723
157.536
311.501
308.675
185.157
153.462
334.266
184.169
110.097
-6.94726
113.165
133.088
136.049
70.2167
110.763
163.937
220.591
257.335
465.088
220.585
162.382
258.827
109.654
-3.63338
143.123
59.7811
110.297
138.997
66.1649
165.655
263.218
465.293
219.18
220.295
259.761
167.575
113.451
-291.473
-113.661
72.6865
-115.106
115.584
314.627
54.7991
5.78737
-38.104
-56.1848
-36.9828
53.1657
7.10733
162.259
252.89
423.349
562.472
256.942
158.747
466.118
112.709
-286.967
-118.355
293.544
-116.199
109.542
316.292
56.1082
-35.559
-55.4842
9.0074
-36.1752
8.225
57.1808
163.081
508.945
260.187
562.371
257.877
165.445
473.878
117.966
-284.329
-113.097
-105.953
-112.122
-224.708
116.133
59.933
11.656
-33.8398
-54.3798
60.8498
11.1142
-34.2234
168.682
265.985
521.04
553.854
263.212
171.227
508.055
118.539
-283.943
-110.287
-254.281
120.659
-111.303
-234.181
59.0596
-35.0194
-54.6677
9.8132
10.4077
-34.5707
58.1689
168.031
514.443
555.07
260.737
262.57
508.13
166.023
112.964
-7.82157
148.736
130.337
127.548
111.549
213.574
171.607
211.911
237.144
473.27
213.524
171.053
243.529
114.725
-1.45694
124.108
216.11
116.134
125.77
217.087
171.345
257.971
217.347
473.383
215.329
169.941
244.706
1495.38
1083.09
1084.76
771.1
1005.46
772.952
999.907
1438.47
1084.34
1088.14
740.862
928.185
727.21
948.524
-402.187
-381.99
-369.227
-466.695
-340.46
-291.017
-40.0867
82.4571
-283.677
90.8504
104.745
125.783
127.462
155.796
-205.635
-235.992
-163.577
-173.968
-225.519
-235.775
-181.887
227.992
154.522
189.237
-110.012
-228.677
-223.056
-186.174
-43.7119
-229.221
-205.362
-53.5751
-44.9884
-49.2298
-12.1423
20.2517
-20.1485
39.1287
-39.3046
-43.0586
-47.148
-7.34488
69.5787
54.3352
-0.464796
29.469
101.46
100.807
37.9087
88.7357
37.7021
34.4604
24.6633
67.1518
106.726
50.4829
19.0097
77.2409
37.3226
-27.5401
-19.133
-33.1517
11.4882
73.7596
12.9956
89.5555
-23.1381
-40.6518
-36.4802
9.33362
82.1104
90.8432
4.09509
52.8228
114.381
117.475
43.1318
129.361
44.3152
51.6629
59.1664
167.843
125.171
71.0751
65.4587
147.284
60.6303
51.8362
71.9808
26.824
42.0169
54.8012
69.6384
39.6362
106.448
163.966
139.127
436.598
154.749
117.805
109.124
63.1909
77.2749
75.5305
114.622
74.1122
65.414
81.7434
94.5775
45.0443
433.927
135.561
145.311
96.8979
81.7569
-72.8671
-206.184
-227.706
-10.1093
-280.409
-10.8426
-92.1893
-144.166
-160.678
-335.089
-212.289
-185.605
-286.134
-135.077
-40.1918
8.89518
-79.4754
531.32
-125.158
90.616
-104.839
-96.8814
-401.395
-376.691
-58.1236
-183.822
-298.561
-73.3248
-107.287
-211.902
-184.167
-86.386
-244.586
-108.318
-76.8488
-14.8441
-16.5622
160.611
544.62
112.156
45.1534
-106.466
37.3633
213.657
-217.693
23.2396
-187.489
86.8255
2.44955
-6.51208
-28.669
-85.6884
-103.916
8.28075
-38.8728
-109.724
97.8175
217.663
243.426
555.281
203.201
117.587
195.246
44.9425
220.189
-150.626
148.132
66.4549
-177.524
101.734
-26.4817
-181.144
-120.607
-67.0331
-51.2917
-145.868
-49.9143
90.9781
50.84
556.874
171.769
197.442
176.109
58.0993
24.0447
-154.484
9.84826
28.4076
13.9881
29.1539
-25.7748
50.6055
74.6556
-42.9713
341.566
42.9096
96.999
-15.9755
31.5767
-343.383
-33.2465
-41.7367
48.7145
-5.04043
-14.241
58.8098
23.2682
125.824
357.331
113.79
69.2894
-19.5579
-597.951
-624.03
-885.552
-822.024
-528.453
-570.365
-562.942
-1123.92
-642.375
-1001.29
-934.349
-586.806
-1033.97
-588.48
-837.143
-503.044
-682.359
-422.131
-896.383
-510.222
-696.702
-1309.16
-682.991
-586.561
-732.032
-759.383
-547.257
-839.077
-701.564
-714.892
-472.519
-400.977
-453.329
-497.103
-573.747
-509.117
-1168.35
-551.725
-737.737
-573.76
-909.378
-565.555
-1104.31
-559.263
-974.504
-501.162
-444.868
-581.148
-453.726
-576.205
-463.088
-1022.12
-424.184
-404.072
-540.322
-409.526
-429.192
-195.619
-47.0015
-232.265
-194.604
-65.2338
-229.89
-55.7191
46.1036
-4.9699
2.51597
-62.4705
-143.592
-45.9789
-37.6175
-123.133
-162.089
-82.4605
-382.375
-111.82
-57.536
-241.767
-1027.78
-748.272
-393.772
-393.088
-517.138
-172.267
-72.2483
-76.9352
-328.695
-244.524
-61.3508
-258.252
-550.627
-180.832
-371.176
7.46667
62.6775
45.2386
22.805
-0.569893
71.3857
48.4575
43.8057
75.8705
73.532
-4.41964
31.2672
96.4794
82.4161
11.8993
16.7018
10.1529
-16.3975
12.1021
-0.0255348
19.6127
36.329
-133.404
40.4437
51.7977
12.2446
42.4509
-19.6089
12.7266
-1.54012
17.037
-9.2518
12.4378
19.1856
10.4207
-486.317
-609.836
-632.642
-891.959
-495.106
-1.65157
70.6733
47.2345
25.6179
6.55054
62.0643
44.2208
34.4882
96.5914
84.3124
35.607
44.2639
75.7112
74.3568
12.7719
79.6627
5.54641
46.6614
85.0805
46.2399
106.983
966.921
1009.9
734.498
853.216
570.22
491.211
643.407
1.5281
-483.28
-38.6015
-27.4548
7.90867
2.75163
-31.7567
-562.889
-436.488
-581.887
-844.766
-442.335
66.6316
96.6511
69.1643
52.3011
86.8052
61.0795
89.8925
16.6086
8.58655
-194.178
-86.6798
-23.2507
32.6002
-41.9
80.993
0.961014
154.746
39.5156
135.261
-9.49796
97.8951
137.564
30.1806
198.617
96.8718
202.571
134.556
32.0293
142.973
36.6243
212.481
102.806
209.821
35.7571
144.992
153.101
40.0384
223.314
110.555
223.156
153.07
40.1211
154.818
42.8709
227.042
112.472
224.713
41.6495
157.018
172.083
50.4404
246.824
122.174
245.757
173.07
49.938
161.654
43.3139
228.204
116.594
232.702
45.0818
157.898
152.815
39.7751
223.628
109.983
223.617
152.985
39.6311
148.149
36.5005
213.988
106.92
217.723
37.5415
145.349
128.946
28.1666
198.898
90.715
194.389
132.794
25.3413
110.218
-0.639871
166.515
74.6286
176.483
8.60773
97.6979
965.423
733.474
1008.76
568.804
851.562
489.652
642.23
77.9191
11.1023
3.7317
45.4097
83.9673
105.82
45.0728
7.56428
-43.2852
-31.7798
-23.9065
15.48
7.36695
-4.00073
74.3281
101.237
81.6282
60.4158
90.6336
66.5131
93.7078
-158.573
33.3427
36.1659
61.8924
8.75528
-11.5409
43.3605
130.058
29.3933
89.1322
197.192
192.194
133.663
26.8896
112.73
4.07055
159.525
70.5387
171.403
101.49
11.8208
153.008
40.0223
109.857
223.421
223.374
153.145
39.9273
148.451
37.0247
213.499
106.687
217.321
145.7
37.9841
172.103
50.4403
122.171
246.824
245.752
173.075
49.9494
161.717
43.4108
228.156
116.58
232.677
157.972
45.1528
152.967
39.7961
110.636
223.509
223.32
152.917
39.9196
154.729
42.7712
227.097
112.508
224.794
156.942
41.5217
136.884
28.9799
97.7085
200.176
203.805
133.719
31.0511
142.545
36.092
213.008
103.198
210.465
144.631
35.1186
-41.6796
-119.14
-24.4206
-32.3526
-102.937
36.5783
-95.7132
73.7972
-4.24432
162.66
49.5763
146.836
93.6201
-17.7495
-363.22
-132.261
-205.184
-50.0949
-187.076
-251.163
-110.799
0.868355
-44.2147
-64.1929
-48.1289
24.2454
14.8407
-18.8876
-85.2132
64.29
24.9128
15.0951
-6.08918
22.3204
-45.8969
-155.322
-51.6627
-53.9674
10.581
-133.123
-11.8178
-64.2587
228.653
42.6808
59.7832
114.249
152.976
91.8854
217.735
-54.4964
-48.4698
-62.1639
-78.4942
-134.315
-27.6979
-10.6278
-312.464
-105.756
-174.692
38.8254
-143.779
-70.1042
-99.5299
40.6563
-278.577
46.7229
208.609
292.509
5.89985
-32.5879
-51.7505
0.758237
29.4068
-4.29179
21.525
-46.6466
28.0495
42.3206
-4.82091
-24.0497
-119.686
27.0315
-88.9807
8.7989
-117.14
-9.81153
-27.3438
-33.7933
-174.74
118.828
233.673
428.68
145.127
228.135
138.59
125.509
80.202
104.72
179.01
402.771
190.577
71.5994
103.639
198.323
235.581
-191.952
410.99
298.959
183.99
-156.035
22.7579
-60.0064
-33.3386
76.8572
9.62982
45.0695
-40.0762
287.176
-189.184
525.941
455.848
444.772
-77.7939
298.775
-28.8397
18.6845
9.93559
213.06
49.8379
-49.7928
38.569
52.9778
114.129
167.399
348.135
152.774
63.3924
124.022
340.816
486.448
541.748
-222.844
484.72
-236.875
344.161
75.687
32.5487
-27.2393
92.4502
127.102
52.4967
-13.7797
316.114
-284.812
539.743
463.437
470.028
-302.489
307.886
198.881
295.312
464.49
235.592
294.59
234.442
199.109
195.315
221.507
291.54
464.838
292.177
193.294
225.667
376.455
507.522
-91.4286
556.428
510.43
-97.8633
374.139
138.224
97.6993
33.8393
206.225
203.576
140.224
32.6836
381.93
-69.6217
558.906
515.454
515.226
-86.1859
382.424
181.997
285.037
208.959
468.307
285.289
207.455
182.716
188.065
216.665
290.682
469.139
289.733
190.876
211.545
385.261
515.948
552.57
-10.5127
514.986
-13.0818
386.646
142.437
102.225
34.3385
206.922
209.093
140.713
35.2595
382.874
-52.7928
556.091
515.081
514.984
-40.3205
382.606
195.467
291.081
463.223
298.803
290.801
299.317
195.681
192.674
296.326
288.279
463.383
288.411
192.331
297.137
410.577
546.16
145.633
599.433
545.12
149.321
411.208
153.105
110.672
40.449
223.231
223.124
153.263
40.2324
408.017
171.118
591.347
540.811
541.198
167.514
407.759
191.512
289.465
290.657
469.967
289.078
291.389
191.639
191.812
295.773
288.228
465.235
288.201
192.081
294.801
408.546
539.885
583.336
184.248
538.923
185.064
409.809
154.353
112.088
40.6396
223.35
224.232
153.409
41.2788
407.302
174.513
587.607
540.183
539.804
177.567
407.456
197.149
292.501
466.24
300.721
293.088
300.431
196.862
195.577
302.214
297.088
487.722
294.838
197.492
300.938
459.181
600.571
162.014
697.181
600.354
161.882
459.425
171.449
121.795
48.2222
241.544
245.01
168.499
49.5956
452.737
159.896
692.097
590.767
594.247
157.569
449.614
204.705
304.075
301.957
502.182
303.871
301.92
204.999
199.857
300.925
297.868
498.924
299.556
198.131
300.991
414.441
541.554
587.69
187.26
544.443
185.451
411.759
163.03
117.368
47.6232
239.951
234.522
167.272
45.765
440.221
162.355
666.081
584.843
579.124
166.665
445.209
201.012
296.73
471.189
237.984
297.528
242.237
200.232
199.725
288.742
294.762
480.128
295.519
198.221
287.757
412.706
547.617
142.464
605.084
548.5
138.865
412.131
152.684
109.803
39.0428
222.495
223.503
151.674
39.4468
414.421
118.797
613.094
552.375
552.432
121.338
414.008
192.908
290.518
290.87
473.939
291.036
290.279
192.575
195.982
289.108
294.435
479.529
293.678
197.254
289.039
391.621
517.908
563.404
-7.91176
520.707
-1.40031
388.913
148.99
107.449
38.7468
221.901
218.983
151.193
37.9916
411.453
115.373
612.804
551.777
549.962
112.091
413.124
146.573
249.295
444.473
161.711
252.968
166.501
141.583
166.158
190.911
270.808
448.598
267.794
169.967
186.891
371.042
506.572
-80.8326
541.878
503.904
-76.7573
373.338
127.64
89.4102
19.6527
187.775
192.862
122.561
24.019
364.58
-117.224
533.603
499.587
499.782
-107.255
363.771
186.447
287.463
213.105
462.579
286.787
213.251
186.145
176.462
194.783
273.277
451.452
276.154
173.011
198.828
353.786
493.754
547.463
-197.368
494.296
-186.166
351.67
113.262
77.1269
17.6807
185.862
179.168
120.577
11.4395
361.65
-127.09
538.826
499.042
498.274
-136.28
362.795
226.789
40.5503
57.5747
112.572
151.48
90.2374
216.284
-172.065
-31.1572
-99.7032
-119.495
-48.9858
-134.906
-20.8014
136.81
238.252
151.239
435.334
242.792
131.112
156.809
159.066
184.454
442.211
264.13
260.662
180.015
163.297
128.796
87.6508
21.722
184.641
190.449
25.6062
124.126
369.372
504.708
-84.9726
538.721
501.836
371.813
-81.212
361.96
-124.084
495.861
528.696
496.331
360.952
-113.676
349.286
487.643
-209.49
539.253
488.681
346.792
-197.38
115.591
73.4922
19.8304
182.403
174.6
14.4374
122.213
358.426
-134.419
532.919
495.044
494.049
-144.113
359.762
182.159
283.647
209.388
459.113
282.693
182.12
209.267
170.567
188.735
267.028
446.217
270.312
166.737
193.153
199.576
295.355
236.665
470.193
296.233
198.712
241.001
198.616
287.861
479.382
293.809
294.525
286.841
197.159
152.885
109.667
39.4016
222.195
223.246
39.7476
151.911
412.524
547.492
141.837
604.627
548.362
411.962
138.207
414.187
117.93
552.174
612.53
552.238
413.765
120.509
391.245
517.476
-9.34307
562.541
520.328
388.497
-2.72133
149.281
107.234
39.1112
221.583
218.606
38.4275
151.439
411.19
114.476
612.182
551.559
549.738
111.16
412.87
192.135
289.859
290.262
473.419
290.347
191.835
289.643
195.009
288.266
293.524
478.865
292.805
196.238
288.229
196.957
292.311
300.537
466.152
292.928
196.642
300.272
195.486
302.166
487.726
297.028
294.768
300.88
197.418
171.474
121.791
48.2621
241.535
245.003
49.6099
168.54
459.186
600.553
162.01
697.194
600.304
459.429
161.88
452.753
159.871
590.724
692.142
594.192
449.636
157.538
414.443
541.585
187.073
587.666
544.465
411.741
185.296
163.091
117.357
47.6657
239.94
234.502
45.8343
167.318
440.261
162.326
666.212
584.808
579.101
166.635
445.236
204.701
304.07
301.95
502.176
303.862
204.996
301.91
199.805
300.877
297.815
498.909
299.51
198.067
300.946
195.755
291.296
299.008
463.399
291.05
195.93
299.551
193.107
296.699
463.672
288.685
288.791
297.487
192.792
152.975
110.745
40.2875
223.357
223.278
40.0332
153.155
410.721
546.256
146.233
599.814
545.207
411.363
149.893
408.134
171.525
540.878
591.674
541.274
407.868
167.945
408.586
539.865
184.457
583.449
538.911
409.837
185.311
154.263
112.129
40.4798
223.466
224.322
41.1492
153.304
407.389
174.896
587.875
540.231
539.838
177.926
407.553
192.183
290.088
291.234
470.411
289.672
192.343
291.941
192.329
296.172
288.662
465.587
288.66
192.571
295.222
200.585
296.78
237.006
465.723
296.143
200.722
235.944
197.559
223.647
466.527
293.734
294.252
227.693
195.664
137.57
98.461
33.0511
207.143
204.715
31.7239
139.682
377.727
509.18
-87.5654
558.862
511.93
375.523
-94.2515
382.81
-67.1344
516.399
560.705
516.229
383.248
-83.5388
385.76
516.446
-8.97716
553.669
515.533
387.104
-11.4461
141.996
102.654
33.5632
207.774
209.787
34.6119
140.189
383.596
-50.4469
557.615
515.958
515.806
-38.1097
383.376
185.552
288.594
212.424
471.03
288.618
186.496
210.704
190.714
218.934
293.007
471.142
292.192
193.382
213.942
130.973
245.707
156.492
440.834
241.318
136.764
151.018
99.5787
130.801
426.206
205.117
213.459
126.077
93.3414
-22.7063
-12.9747
-53.744
102.452
56.4235
-82.2381
24.3809
191.282
336.652
-82.6918
481.711
160.147
365.855
-56.3415
298.688
-155.579
477.204
559.257
469.263
310.333
-38.8241
346.691
493.23
-209.735
552.595
492.239
349.525
-222.545
67.191
44.2961
-44.1061
113.806
140.527
-23.2847
35.8194
326.07
-255.024
560.529
481.567
485.393
-277.31
318.697
38.8823
117.417
83.6758
298.657
28.7134
132.708
105.881
82.1
144.896
197.622
386.096
187.994
88.3068
159.751
-80.98
-203.415
-191.106
-352.383
-426.175
-357.637
-452.224
-302.336
-324.857
-543.175
-675.582
-720.559
-1169.02
-383.602
-454.656
-745.312
50.437
286.393
1.51515
-223.136
-753.125
-266.025
-522.624
-526.301
64.7941
-50.4526
-555.202
-132.965
-339.663
-380.071
-293.857
-263.469
-463.523
-299.033
-659.722
-427.66
745.412
177.079
649.338
394.107
375.47
523.332
266.751
-86.162
-199.526
-200.119
-623.032
-652.293
-897.544
-319.417
-390.181
-546.731
-306.194
-330.433
-326.255
-494.886
-202.743
-295.889
-409.623
-88.9162
457.315
-329.603
-206.05
-665.825
-210.252
-472.414
-378.323
583.944
-1.51947
-353.575
-151.641
-192.301
-700.486
-176.886
-183.012
-332.737
-266.017
-361.845
-559.358
-88.0431
-95.9432
-565.294
-100.354
-367.873
-58.5439
-48.4502
-30.6402
44.1211
37.829
-57.0364
-199.114
-34.0678
36.8006
743.861
174.92
647.49
392.439
373.923
521.965
264.982
178.354
-52.0807
-52.2728
-18.2667
-108.83
-114.151
-42.8234
154.921
53.2752
64.7882
-2.54997
-47.202
-46.9857
42.9389
-56.6804
-8.97105
-79.5553
-28.8564
-62.0042
-42.4129
-51.7366
36.8854
46.9594
7.58617
-3.98446
-61.6046
13.7165
40.1066
-88.1022
-63.4566
-65.2776
-53.3545
-112.492
-94.3635
-54.549
-15.2314
-47.6076
-36.1413
8.14776
-3.39224
24.6856
-14.8233
-187.731
-384.333
-218.328
-242.09
-271.049
-455.19
-200.196
-22.7573
-85.0339
-159.745
-243.748
297.268
-122.078
-279.04
-532.881
-61.3103
-218.035
-267.458
-855.053
-193.25
-262.231
-432.783
-174.91
-1261.14
-182.955
-250.453
-251.165
-257.698
-349.191
-149.097
-502.256
-205.688
-200.183
-245.584
192.842
-135.886
-102.966
-142.345
-529.006
-180.752
56.9282
-52.3117
36.1178
20.6225
153.758
42.817
-129.274
-28.9693
-45.5306
56.2189
31.7351
-417.371
-18.947
-145.46
-1.55982
-267.576
-123.508
-22.0617
-18.6375
-161.1
-20.0324
5.22205
88.9487
-99.0322
23.6635
33.2852
-151.585
-2.05057
196.344
359.218
185.371
149.589
172.931
159.231
161.308
156.153
351.836
172.354
135.826
119.525
119.121
141.658
-273.604
212.838
-24.5743
-80.1072
-102.649
-144.039
-45.8379
247.556
104.402
19.8425
-22.5032
51.5206
6.75647
25.0372
52.7188
171.477
85.2866
53.0721
-0.309916
27.4818
29.0084
136.538
202.478
112.677
77.0475
92.8941
99.6412
62.0622
190.688
398.697
170.469
112.462
150.729
135.243
128.894
393.204
122.843
161.453
90.7706
87.3671
114.716
62.1632
205.264
382.822
213.093
179.229
183.647
170.925
192.033
384.663
225.73
219.728
186.323
205.065
198.962
192.713
236.066
419.984
230.262
183.419
211.32
205.858
187.996
221.735
417.381
228.239
178.441
193.01
173.054
199.512
195.778
412.483
207.79
151.737
162.651
141.705
171.931
412.938
219.331
211.092
160.005
186.437
179.64
166.957
244.743
399.078
240.784
208.959
229.518
223.396
213.398
231.115
396.509
236.168
203.971
211.059
198.535
217.066
261.3
415.875
260.049
229.045
247.886
246.601
230.614
257.348
415.746
258.867
227.567
243.336
225.963
245.054
237.775
440.41
242.135
195.301
215.233
192.021
217.649
441.383
246.049
243.256
197.915
221.003
219.399
200.008
248.101
417.463
251.018
220.237
234.688
217.076
238.309
255.55
418.382
253.514
222.578
241.746
224.354
240.417
252.8
442.081
249.906
205.486
228.727
226.646
207.127
442.207
246.818
249.118
203.735
222.749
224.649
201.964
262.551
418.062
263.895
233.289
249.717
232.141
251.821
415.901
265.257
264.595
233.439
254.871
253.822
234.07
264.673
453.017
264.863
215.145
234.96
234.777
215.273
263.968
454.755
264.821
214.906
234.101
214.564
234.499
253.966
456.792
258.511
210.628
231.144
208.782
232.326
459.552
263.373
260.107
212.961
233.545
233.364
213.974
264.56
407.67
264.881
234.912
254.192
254.451
235.021
265.317
408.936
265.206
234.753
254.971
234.445
254.739
265.882
395.053
265.071
237.58
254.914
254.482
238.475
264.054
394.878
264.404
236.724
253.82
236.17
254.118
264.488
442.216
264.107
215.372
235.065
215.302
235.165
440.589
264.02
264.016
215.552
235.759
235.413
215.794
264.23
399.482
263.984
235.168
253.943
235.084
253.695
263.856
398.342
263.861
235.393
253.635
235.694
253.633
267.79
434.577
265.38
217.618
239.926
238.405
218.712
434.879
264.099
264.918
216.798
236.324
237.192
216.183
267.186
402.992
268.307
240.663
255.595
239.675
257.114
405.475
268.497
268.756
240.874
262.43
259.969
240.24
290.401
501.838
289.247
233.586
251.299
250.513
234.083
284.527
499.91
288.426
232.602
247.247
231.022
249.006
268.994
449.045
274.069
222.379
241.323
220.158
243.016
460.119
282.646
276.235
225.255
245.991
244.671
228.597
271.218
426.124
270.877
243.117
266.96
266.862
243.591
269.393
424.88
270.311
242.277
265.039
241.107
266.476
267.445
403.058
268.52
240.889
255.825
257.288
239.952
268.633
405.518
268.926
241.053
262.525
240.384
260.091
290.401
501.836
289.254
233.621
251.312
234.096
250.545
499.907
284.543
288.436
232.658
247.301
249.053
231.094
271.234
426.145
270.923
243.16
266.973
243.606
266.896
269.497
424.907
270.387
242.353
265.112
241.214
266.533
269.095
449.045
274.127
222.523
241.49
243.126
220.337
460.084
282.668
276.278
225.365
246.052
244.744
228.687
266.195
395.316
265.439
237.983
255.21
238.816
254.837
395.161
264.539
264.831
237.19
254.296
254.536
236.7
264.837
442.63
264.406
215.871
235.692
235.733
215.855
264.256
440.978
264.297
215.996
236.212
216.19
235.92
267.907
434.82
265.54
217.874
240.156
218.927
238.691
435.129
264.318
265.094
217.099
236.719
237.534
216.529
264.982
399.938
264.664
235.91
254.685
254.368
235.905
264.404
398.775
264.472
236.061
254.178
236.294
254.238
264.19
419.011
265.367
234.902
251.373
253.284
233.938
266.468
416.802
265.925
234.893
256.066
235.396
255.126
265.042
453.612
265.294
215.829
235.661
215.892
235.548
455.377
264.494
265.275
215.664
235.028
235.349
215.399
265.391
408.312
265.796
235.912
255.02
235.93
255.36
266.42
409.614
266.212
235.854
256.061
235.651
255.739
254.79
457.54
259.195
211.782
232.552
233.568
210.076
460.279
263.927
260.751
213.99
234.561
234.464
214.901
263.131
417.394
262.088
231.284
249.76
232.624
248.704
417.361
259.882
261.14
230.066
245.993
247.419
228.752
240.227
442.799
244.097
198.473
219.124
221.032
195.681
247.539
443.627
245.077
200.676
223.618
202.431
222.364
253.683
443.425
250.976
207.141
230.332
208.594
228.458
443.67
248.207
250.263
205.611
225.057
226.697
204.088
252.101
420.039
254.569
224.153
239.034
242.119
221.496
258.38
420.803
256.678
226.066
244.743
227.474
243.788
217.258
391.435
223.302
190.699
198.477
204.439
184.374
233.389
392.63
228.529
196.212
214.107
201.308
209.486
238.733
424.174
233.667
188.397
215.855
192.26
211.149
421.971
226.529
231.959
184.292
200.24
205.703
179.955
249.277
403.516
245.94
214.697
234.54
218.426
229.218
237.816
401.349
242.045
210.533
218.869
206.038
223.82
206.129
420.61
215.37
163.611
177.14
183.859
156.27
420.479
224.583
217.947
169.811
194.904
189.616
175.159
210.646
376.547
202.712
168.659
190.929
177.234
181.384
371.645
182.673
193.655
158.751
154.165
169.276
146.827
-8.4386
294.046
72.9382
-0.0308132
-21.7853
-49.3502
29.3758
143.389
312.247
94.5658
42.5089
99.1758
75.4862
68.6315
202.378
415.122
187.601
135.491
168.606
147.074
157.621
411.934
155.108
181.358
120.419
123.953
143.172
100.759
108.928
243.704
134.081
97.2218
61.253
72.0777
89.5391
169.441
262.769
153.466
116.157
135.967
132.727
114.216
-58.4973
-19.0851
-77.0566
-37.4496
-61.471
-47.3887
-50.6306
11.9932
1.07218
-9.52667
-21.5455
144.325
-5.46228
-4.28475
-79.5069
-56.646
-61.6494
-53.0294
-86.2897
-77.5538
-49.2331
-25.2215
137.524
-3.53599
0.0345649
8.05218
-15.5746
-5.02468
-23.4359
-230.731
-50.7587
-8.12048
-113.262
-247.207
24.4929
-235.466
-194.872
24.5412
120.12
-116.295
-334.559
-137.117
-43.5539
-30.3304
-238.12
-824.32
-234.857
-30.898
-294.241
-334.655
-31.6888
-1204.77
-427.834
-24.3691
246.358
222.764
-237.945
361.809
140.349
15.4345
-91.5397
-163.533
65.9791
-278.589
54.9387
25.9544
141.851
21.213
-310.699
-99.5663
66.019
6.26266
-104.738
-13.0535
-15.5206
-279.154
-11.438
-56.2963
-0.733086
-84.4952
-16.1319
-21.276
-75.6213
-4.93841
-90.8608
-21.7774
-94.1694
-46.9194
-5.99475
-7.89411
-97.537
-15.2654
-11.1477
-393.26
-21.9238
-14.8186
-14.808
-29.2003
-6.89392
112.173
425.144
215.486
123.453
222.456
104.302
131.1
82.559
43.3394
122.247
90.4183
83.1419
37.9255
89.1495
75.9484
67.2555
25.0148
112.011
68.1174
75.8652
31.6159
42.1052
-2.29025
24.4224
57.1172
37.8475
30.3079
3.83861
88.082
410.778
208.52
115.733
199.66
96.8497
108.827
51.2532
58.8612
74.3951
17.9968
48.41
60.5212
10.6596
-193.271
-17.414
-115.09
-98.3907
-40.9824
-96.515
93.1769
55.8944
22.2657
42.865
47.0694
35.3658
104.135
89.8134
-504.741
-175.294
89.1303
-483.215
218.77
451.03
380.076
-96.5049
345.226
238.254
-123.844
83.8422
16.7071
43.2831
30.1502
39.5304
84.6342
28.724
98.4786
-158.941
-425.052
108.252
-455.207
-141.131
-104.864
-124.791
-103.341
-88.8573
-112.798
130.451
68.179
52.7982
45.772
62.8114
117.492
79.8719
142.21
-262.806
-66.1445
-337.742
152.551
273.417
514.924
407.814
-75.4425
428.999
257.123
-62.9023
131.615
-96.7954
-395.136
120.074
-366.59
142.853
54.9732
83.2722
103.771
72.8237
91.6518
154.823
-74.5648
-143.185
-72.866
-90.9374
-88.4144
-128.365
-62.5728
-10.6356
250.722
99.4188
87.659
74.4472
64.8262
9.67869
-61.0663
-40.2325
-78.2361
-91.0039
-110.278
-53.0171
-44.2576
0.657251
-18.557
11.5567
-11.6
16.9674
-37.8535
-3.01046
41.8496
326.901
118.622
106.496
137.988
119.815
25.6813
-13.4967
-29.0274
-30.7976
-72.035
-54.33
-15.3529
-29.7928
-269.041
59.1109
-299.131
73.5571
-319.778
-312.87
203.349
146.518
122.724
110.605
153.251
197.085
128.982
337.413
541.945
480.999
-267.724
483.199
-251.988
333.064
197.407
-174.01
221.761
-177.703
201.631
193.18
-185.913
206.502
-181.326
188.104
208.348
115.234
163.824
139.198
158.257
134.083
213.3
182.696
140.292
116.519
89.7403
108.63
190.756
131.556
169.841
-185.404
113.433
-195.344
161.395
322.516
540.641
478.437
-282.305
474.606
-294.728
328.498
176.413
145.983
-189.646
-194.429
182.948
174.644
83.0384
92.1996
113.688
164.919
101.144
123.672
-300.559
129.722
-305.064
-325.297
115.093
-317.378
198.761
463.923
293.735
232.907
294.161
198.477
233.839
155.049
124.106
256.504
138.405
140.021
126.618
153.88
155.977
142.636
129.493
256.623
156.666
141.201
128.54
155.774
114.938
150.607
261.691
147.691
154.112
123.784
196.807
464.134
293.197
231.331
292.788
197.743
228.965
156.655
143.8
259.841
129.388
145.828
156.77
127.89
-370.64
239.374
-435.635
-419.432
297.149
-430.174
253.99
207.23
180.633
161.28
205.853
179.411
255.333
236.661
-188.736
435.955
-202.841
234.855
378.322
559.61
514.473
-105.098
512.746
379.875
-103.768
238.284
453.681
-221.723
239.777
-214.555
252.683
160.364
203.365
176.936
204.751
178.264
251.078
-347.817
299.946
-367.813
-405.149
310.737
-387.066
257.189
208.147
181.58
164.107
182.401
256.301
208.999
242.753
-162.937
486.902
-201.184
243.546
381.552
559.51
515.381
-103.208
515.534
380.876
-96.7866
241.946
475.527
-223.91
241.011
-219.416
257.866
164.732
183.938
210.645
183.126
209.701
258.625
142.815
82.5391
236.064
156.553
77.9385
156.9
143.552
182.774
470.272
286.807
205.779
286.513
206.538
182.753
143.683
158.234
239.236
72.1913
74.6716
158.521
143.508
148.971
100.827
153.636
247.632
151.949
85.0817
156.674
185.83
470.529
287.963
206.592
288.803
208.552
184.188
146.555
158.662
243.442
72.5424
76.1717
158.01
144.893
-257.851
-182.506
-235.921
-212.339
-236.467
-234.401
262.454
214.015
187.243
169.438
214.742
261.646
187.972
384.444
552.376
514.553
-19.4767
514.786
-15.605
383.821
248.704
-119.883
513.633
-113.428
250.092
247.625
-106.249
509.888
-108.483
246.802
263.403
170.18
216.875
190.034
215.604
188.861
264.721
260.289
213.317
186.527
167.333
185.776
260.987
212.447
244.707
-128.713
513.333
-110.852
244.158
383.057
554.49
514.681
-24.5643
514.616
-31.3533
383.443
245.294
508.015
-104.944
-106.07
245.995
259.759
166.806
184.566
211.248
259.165
185.175
211.869
-251.907
-250.202
-249.802
-241.133
-243.288
-245.268
194.525
462.407
289.476
298.353
289.818
194.088
298.395
105.697
92.8657
54.0349
62.3013
61.8361
93.496
105.909
104.822
60.768
91.9008
52.8055
104.428
61.0132
92.3193
103.645
90.6603
61.1985
52.3848
60.8409
103.636
90.8647
193.052
462.8
288.97
298.131
288.648
193.516
297.591
103.725
60.5727
52.0519
91.4145
60.6338
103.996
90.8428
-286.832
-130.094
-284.054
-277.199
-127.661
-280.062
280.17
229.212
202.534
181.621
229.152
202.557
279.993
268.549
-168.998
-77.5097
-169.827
268.863
409.87
597.387
543.112
156.705
543.877
409.361
153.04
268.294
-79.3147
-171.188
268.1
-170.645
280.487
181.73
229.498
202.853
229.318
202.709
280.74
-262.662
-119.479
-265.772
-273.111
-122.226
-270.1
279.551
229.131
202.44
181.528
202.281
279.773
228.925
267.385
-172.218
-83.4389
-172.16
267.347
408.429
593.133
542.361
160.269
541.822
408.844
163.953
267.577
-81.9853
-171.666
267.84
-171.955
279.409
181.539
202.379
229.116
202.241
228.899
279.412
106.062
93.1952
57.2135
67.1243
92.8193
66.124
106.687
191.446
468.741
288.535
292.744
288.786
291.909
191.456
105.482
64.3678
56.1709
91.9405
92.1434
65.2391
105.01
103.95
90.9854
61.6683
53.3615
103.792
90.8793
62.2385
191.658
466.183
288.355
293.264
288.26
294.206
191.492
104.267
63.5921
54.2022
91.356
91.3199
62.889
104.56
-290.539
-134.362
-293.158
-135.941
-298.611
-296.439
281.184
230.658
203.926
183.982
231.225
280.538
204.53
407.814
583.475
538.803
182.804
538.735
183.13
407.43
269.932
-160.042
-81.6082
-160.041
271.233
268.96
-165.446
-83.7448
-163.567
268.375
282.119
184.789
233.406
206.674
232.094
205.444
283.449
279.671
230.129
203.367
182.337
202.882
280.064
229.554
267.279
-172.177
-84.7848
-171.924
267.265
407.208
586.305
539.25
181.981
539.383
180.296
407.303
267.48
-85.3154
-168.06
-170.443
267.833
279.489
182.057
202.477
229.208
279.41
202.603
229.293
-297.917
-133.864
-299.641
-300.789
-136.407
-301.671
196.856
469.518
294.649
302.229
293.325
197.442
301.513
107.744
94.4808
55.7901
64.0218
65.7258
93.0434
107.163
107.987
71.2237
90.9686
57.2616
109.625
67.1433
92.5377
113.534
83.1133
88.7485
62.1217
82.371
117.393
83.3307
196.62
484.017
293.459
302.162
295.465
195.517
303.313
112.583
73.4453
63.3997
89.3696
79.4768
109.631
87.412
-29.6031
-14.0284
-11.844
15.5784
-1.72538
8.18464
314.479
256.295
229.913
205.524
256.787
230.466
313.783
306.178
-257.039
-29.226
-257.639
306.454
458.668
696.979
599.342
160.889
599.87
457.954
161.056
305.675
-30.9225
-260.077
305.014
-259.331
314.98
205.909
257.59
231.222
257.214
230.915
315.274
31.3701
12.4924
30.6616
24.3001
10.0872
27.6682
311.253
255.401
228.978
203.132
227.734
312.704
254.083
300.515
-262.601
-43.799
-266.099
298.251
455.14
695.378
598.297
158.989
596.793
456.762
159.471
302.447
-36.505
-262.958
303.886
-263.021
309.44
201.929
224.669
251.136
226.265
252.673
307.302
128.394
83.3291
70.6599
104.283
83.1477
103.907
128.761
204.16
501.914
302.835
301.682
303.427
301.692
203.407
127.711
101.987
70.0751
82.3531
82.6676
103.192
126.728
121.881
80.9539
91.7982
65.7846
119.217
80.7374
95.7265
201.196
500.539
301.886
301.128
300.857
301.345
202.352
123.809
100.383
67.4762
81.3415
81.3605
98.2945
125.363
-65.451
-52.6805
-103.822
-74.3436
-188.018
-153.909
289.466
240.29
213.628
189.951
238.059
292.274
211.476
418.323
596.504
554.745
184.403
549.761
185.712
422.693
275.043
-157.016
-77.8368
-161.303
272.977
277.812
-179.448
-71.3595
-165.994
280.904
287.038
188.419
234.736
208.032
236.228
209.575
285.062
298.473
242.503
215.914
195.33
218.102
295.358
244.64
291.927
-258.904
-56.8226
-243.957
295.248
433.951
647.278
562.56
178.896
569.325
175.166
428.349
288.1
-66.7657
-204.069
-225.52
284.554
301.679
197.141
222.664
249.203
304.657
220.433
246.896
-285.823
-121.988
-277.026
-228.291
-109.072
-252.329
201.298
472.873
297.211
263.992
297.503
201.721
249.868
151.229
121.172
242.984
136.83
132.779
118.179
153.158
147.303
114.855
121.6
218.527
142.078
124.931
117.218
125.824
110.58
85.1189
89.0119
90.331
121.694
116.435
200.556
479.147
296.455
277.041
295.856
201.153
284.576
130.052
105.075
104.061
124.443
96.2866
135.435
122.226
-230.215
-97.6206
-233.365
-241.3
-101.21
-237.75
281.443
229.758
202.971
181.669
229.663
202.922
281.578
269.535
-167.263
-72.9081
-166.182
269.346
413.343
607.132
550.442
131.543
549.622
413.834
135.065
269.721
-70.6365
-163.109
269.9
-164.769
281.23
181.651
229.703
202.921
229.59
202.875
281.085
-257.351
-112.25
-254.007
-245.989
-109.124
-249.342
281.364
229.645
202.829
181.168
202.502
281.586
229.249
269.338
-149.547
-60.3981
-154.731
268.809
414.416
611.652
551.378
127.904
551.894
414.253
124.738
269.665
-64.1985
-160.954
269.834
-158.292
281.03
180.836
201.58
228.419
202.11
228.903
280.43
109.099
94.779
60.9255
69.0027
95.3882
70.253
108.217
193.265
475.243
292.063
289.453
291.487
289.93
193.772
110.079
72.9986
62.3557
97.3966
96.459
71.5145
111.232
116.16
106.282
81.7794
70.2302
118.835
103.027
78.7386
195.174
478.574
292.549
289.249
293.223
289.073
194.329
114.259
74.5702
67.4567
98.9056
100.598
76.5947
112.546
-227.33
-88.9798
-225.522
-91.4078
-231.197
-226.675
270.142
222.605
195.623
174.284
220.864
272.488
193.961
395.354
570.113
533.558
51.1252
525.641
18.3102
400.356
254.049
-129.434
510.081
-137.979
252.066
256.531
-127.448
451.246
-135.632
259.434
268.109
173.172
218.097
191.098
219.442
192.47
266.286
276.653
224.109
197.182
177.836
198.512
274.706
225.399
266.499
-142.795
-35.5153
-131.901
267.89
408.947
610.065
541.683
87.9433
546.924
105.359
405.266
264.634
-8.27717
-116.557
-119.489
262.334
278.239
178.754
200.803
227.7
279.55
199.718
226.552
-254.153
-266.513
-252.581
-243.72
-261.833
-252.462
150.717
445.328
259.366
175.123
256.057
155.164
170.867
109.183
57.8946
155.723
104.39
110.657
62.1269
103.946
113.492
121.276
69.4496
162.969
118.127
115.756
65.7235
129.27
82.5322
138.829
189.819
134.422
133.032
79.1244
162.894
447.752
262.12
179.075
265.245
158.804
183.114
126.042
125.684
183.839
72.6558
130.632
121.859
76.1595
-330.737
231.327
-330.94
-290.808
237.87
-318.419
246.831
197.984
170.909
154.664
199.424
172.318
245.32
232.263
-169.58
391.529
-156.912
234.175
369.139
536.543
500.533
-78.9951
502.06
367.483
-75.7012
230.49
379.362
-141.554
228.906
-146.801
248.33
155.894
202.477
175.307
200.773
173.737
250.049
-323.429
271.771
-307.647
-287.997
262.819
-293.951
242.41
196.544
169.411
150.092
167.805
243.914
194.798
224.825
-146.954
351.303
-144.628
223.757
365.357
531.216
500.315
-85.1883
499.837
366.359
-96.3016
226.025
356.144
-138.035
227.366
-141.916
240.965
148.519
164.54
191.59
166.203
193.256
239.425
147.347
90.1895
230.226
158.524
93.5202
157.713
146.93
185.416
459.363
283.505
209.793
285.202
211.961
184.228
146.418
154.04
225.875
95.2173
94.9818
155.615
145.61
139.018
85.5075
142.118
207.557
135.88
88.6714
145.691
179.338
452.612
281.336
206.589
278.663
202.777
182.143
141.545
151.463
212.464
93.9473
91.4811
148.721
143.828
-327.323
209.473
-323.239
203.327
-313.035
-318.296
225.476
179.915
152.625
130.235
176.417
228.51
149.188
355.554
545.429
495.446
-165.231
494.831
-175.232
357.273
211.815
-160.551
270.369
-158.134
208.831
214.38
-154.649
281.833
-156.422
216.756
222.294
126.649
168.846
141.194
173.113
145.522
218.465
233.56
182.75
155.609
139.913
158.138
231.222
185.211
221.328
-148.593
324.937
-150.319
222.606
360.292
540.545
496.36
-155.217
497.233
-145.838
358.865
220.016
316.166
-153.242
-151.589
218.514
235.764
142.377
162.624
189.714
237.683
160.51
187.528
-296.078
170.263
-298.746
-308.099
178.786
-303.07
100.37
48.3005
96.4937
148.208
94.6572
102.966
53.058
141.584
436.912
250.613
166.727
246.636
146.61
161.865
105.121
114.103
155.69
61.3133
108.308
110.191
57.1325
122.514
76.0076
183.722
132.845
128.139
72.2297
126.64
155.353
440.924
253.961
171.237
257.622
150.775
175.768
118.912
118.801
177.432
64.9537
124.05
114.331
68.8651
-337.207
226.533
-337.132
-296.361
233.314
-324.295
246.226
197.48
155.295
171.299
198.944
172.673
244.665
230.924
-174.132
387.975
232.945
-161.737
367.298
533.07
497.959
-84.1735
499.747
365.465
-80.5061
247.784
156.496
202.073
175.609
200.349
249.545
174.07
229.038
375.604
-146.994
227.333
-151.925
-328.043
268.061
-312.467
-293.279
258.914
-298.994
241.634
195.971
150.936
169.834
168.284
194.206
243.188
222.883
-153.847
346.623
221.688
-151.134
362.944
526.668
497.451
-90.7622
496.688
364.142
-102.29
240.119
149.413
165.154
190.914
166.734
192.591
238.534
224.208
351.711
-143.816
225.676
-148.053
-334.053
203.943
-330.234
-320.4
197.571
-325.469
224.32
178.971
132.415
153.897
175.491
150.709
227.369
208.364
-171.098
263.584
205.112
-168.125
351.388
537.842
490.537
-174.897
489.624
-185.633
353.374
221.095
129.115
167.895
143.367
172.115
217.27
147.328
211.169
275.221
-163.674
-165.944
213.77
-302.952
164.081
-305.993
-315.548
172.547
-310.536
232.496
181.893
156.704
141.327
159.065
230.132
184.358
218.969
-155.882
319.437
-158.019
220.39
356.849
534.286
491.697
-164.212
492.783
-154.223
355.216
217.467
310.382
-161.813
-159.714
215.776
234.765
143.674
163.311
188.949
236.718
161.32
186.761
143.066
86.1364
154.587
226.266
142.889
89.2228
153.561
180.845
455.573
278.773
205.19
280.801
207.673
179.352
141.881
149.42
221.684
90.3643
90.4097
151.235
140.801
133.303
79.3498
136.425
202.337
129.832
82.8552
140.283
173.799
447.764
276.253
201.639
273.21
197.48
176.946
136.146
146.593
207.526
88.7852
86.0071
143.587
138.733
149.713
119.636
135.181
241.563
151.561
131.205
116.735
199.947
471.965
296.064
262.924
296.291
200.441
248.726
145.866
113.409
217.167
120.34
123.427
140.707
115.875
124.627
109.517
87.8094
83.902
89.0612
115.331
120.547
199.394
478.367
295.369
276.033
294.815
199.94
283.612
128.802
103.693
102.81
123.246
94.9606
134.13
121.074
-231.547
-98.7964
-234.636
-242.473
-102.337
-238.982
281.396
229.716
181.779
203.042
229.624
202.991
281.527
269.363
-168.09
-73.798
269.184
-167.044
413.156
606.649
550.284
130.818
549.473
413.634
134.373
281.185
181.754
229.665
202.98
229.552
281.042
202.939
269.537
-71.5581
-164.045
269.707
-165.668
-258.346
-113.203
-255.038
-247.111
-110.108
-250.422
281.308
229.601
181.297
202.905
202.582
229.205
281.533
269.12
-150.658
-61.4987
268.582
-155.799
414.196
611.105
551.206
127.146
551.714
414.042
123.945
280.972
180.972
201.671
228.371
202.197
228.857
280.37
269.457
-65.2545
-161.931
269.636
-159.31
-228.719
-90.3291
-226.968
-232.803
-92.8317
-228.205
270.051
222.54
174.479
195.743
220.793
194.083
272.408
253.713
-131.153
508.908
251.704
-139.561
395.01
569.353
533.285
50.0262
525.317
17.0936
400.046
268.007
173.376
218.011
191.229
219.362
266.172
192.598
256.221
450.04
-128.689
-137.043
259.148
-256.068
-268.39
-254.412
-245.406
-263.637
-254.221
276.584
224.05
197.296
178.007
198.624
274.633
225.345
266.253
-143.95
-36.7695
-133.107
267.654
408.672
609.425
541.445
86.9191
546.69
104.383
404.977
264.373
-9.57684
-117.769
-120.715
262.06
278.177
178.917
200.9
227.649
279.489
199.82
226.5
108.258
94.0337
68.1484
60.0835
107.412
94.6096
69.3613
192.454
474.691
291.304
288.75
290.762
289.259
192.924
109.198
72.0231
61.4736
96.543
95.6421
70.5809
110.312
115.108
105.264
80.6152
69.1717
117.737
102.049
77.6236
194.245
477.944
291.752
288.511
292.391
288.303
193.44
113.253
73.5495
66.4485
98.0117
99.6656
75.5286
111.583
107.52
94.2465
63.7282
55.53
106.91
65.4603
92.8343
196.687
469.461
294.538
302.129
293.187
197.303
301.385
107.786
71.0109
57.0275
90.8121
66.9003
109.453
92.3552
113.42
83.0242
61.9681
88.6203
82.2196
83.2223
117.298
196.518
484.016
293.36
302.082
295.386
195.39
303.25
112.455
73.2499
63.2333
89.23
79.3098
109.475
87.2941
-29.7342
-14.1367
-11.959
15.5006
-1.81116
8.09151
314.494
256.3
205.533
229.929
256.792
230.479
313.801
306.187
-257.03
-29.248
306.462
-257.612
458.679
696.993
599.269
160.876
599.804
457.964
161.045
314.985
205.911
257.592
231.227
257.214
315.278
230.919
305.688
-30.9607
-260.064
305.029
-259.311
31.3578
12.4716
30.6372
24.2408
10.0492
27.6268
311.286
255.407
203.158
229
227.765
254.096
312.728
300.54
-262.643
-43.898
298.279
-266.131
455.154
695.41
598.226
158.966
596.727
456.772
159.455
309.478
201.961
224.708
251.151
226.301
252.688
307.344
302.47
-36.5832
-262.963
303.903
-263.03
-65.6128
-52.8509
-104.011
-188.278
-74.543
-154.133
289.498
240.304
190.003
213.675
238.073
211.524
292.311
275.012
-157.233
-78.1061
272.935
-161.491
418.349
596.536
554.715
184.327
549.75
185.599
422.738
287.064
188.473
234.74
208.074
236.24
285.079
209.622
277.793
-71.5965
-179.588
-166.155
280.894
-286.211
-122.3
-277.39
-228.584
-109.35
-252.656
298.519
242.518
215.961
195.377
218.151
295.4
244.66
291.951
-258.98
-56.9699
-244.056
295.275
433.999
647.405
562.533
178.844
569.302
175.132
428.4
288.113
-66.9372
-204.213
-225.63
284.554
301.726
197.184
222.706
249.218
304.702
220.48
246.916
128.388
83.3234
104.275
70.6384
128.758
83.1387
103.888
204.145
501.899
302.81
301.655
303.408
301.671
203.384
127.693
101.938
70.0352
82.3221
82.6455
103.157
126.699
121.815
80.8743
91.6856
65.6829
119.136
80.6695
95.6313
201.154
500.522
301.853
301.091
300.817
301.306
202.319
123.755
100.319
67.3925
81.2968
81.3068
98.2144
125.321
106.019
93.1246
62.6226
54.3738
106.191
62.1924
93.792
194.838
462.597
289.776
298.629
290.087
194.435
298.64
105.173
61.1859
53.1599
92.2551
61.3961
104.816
92.6371
104.124
91.1274
52.8625
61.7403
61.3522
91.3048
104.144
193.456
463.064
289.296
298.43
289.001
193.89
297.915
104.173
61.021
52.4985
91.7955
61.1135
104.413
91.2529
-286.159
-129.457
-283.343
-276.407
-126.977
-279.306
280.205
229.242
181.536
202.485
229.182
202.505
280.025
268.704
-168.206
-76.731
269.023
-169.06
410.008
597.758
543.191
157.222
543.954
409.493
153.583
280.523
181.642
229.534
202.798
229.35
280.78
202.654
268.436
-78.5843
-170.506
268.237
-169.946
-261.715
-118.653
-264.87
-272.278
-121.431
-269.216
279.578
229.158
181.454
202.392
202.232
228.95
279.802
267.495
-171.668
-82.8439
267.453
-171.577
408.549
593.474
542.444
160.751
541.904
408.972
164.411
279.432
181.467
202.337
229.139
202.196
228.919
279.435
267.7
-81.3549
-171.018
267.968
-171.338
-289.903
-133.82
-292.555
-298.079
-135.432
-295.872
281.181
230.666
183.925
203.885
231.228
204.488
280.54
269.988
-159.774
-81.2553
271.28
-159.71
407.863
583.609
538.806
183.093
538.733
183.395
407.489
282.111
184.733
233.405
206.632
232.093
283.438
205.402
269.025
-83.3761
-165.049
-163.209
268.448
-297.492
-133.463
-299.183
-300.29
-135.994
-301.2
279.681
230.141
203.327
182.276
202.84
280.07
229.565
267.373
-171.657
-84.2842
-171.433
267.365
407.285
586.551
539.262
182.288
539.404
180.629
407.37
267.566
-84.8471
-167.635
-169.983
267.913
279.502
181.994
202.435
229.226
279.427
202.56
229.307
106.795
93.9057
67.9392
57.95
107.454
93.4996
66.9031
192.082
469.16
289.073
293.242
289.349
292.431
192.064
106.18
65.0748
56.8677
92.5553
92.7885
65.9808
105.676
104.519
91.4826
62.2427
53.9302
104.331
91.404
62.8444
192.205
466.556
288.865
293.734
288.746
294.653
192.068
104.867
64.2638
54.8003
91.938
91.8732
63.5275
105.192
156.825
125.739
140.139
258.149
155.568
141.84
128.34
200.564
465.245
295.481
234.604
295.811
200.381
235.441
157.85
144.644
258.358
131.411
143.113
158.638
130.361
158.08
117.32
263.818
153.053
150.019
126.043
156.543
198.931
465.716
295.048
233.135
294.745
199.755
230.871
158.843
145.91
261.855
131.413
148.044
158.848
130.021
-367.435
241.852
-432.232
-415.739
299.696
-426.633
254.372
207.512
160.831
180.4
206.152
179.162
255.687
237.702
-184.442
438.917
235.984
-198.778
379.485
561.888
515.72
-101.911
514.095
380.955
-100.373
253.102
159.894
203.72
176.65
205.087
251.532
178
239.249
456.462
-218.1
240.668
-210.723
-343.406
303.09
-363.584
-401.277
313.706
-383.023
257.489
208.399
163.738
181.359
182.192
209.234
256.625
243.483
-160.133
489.012
244.225
-198.178
382.489
561.421
516.529
-100.212
516.61
381.88
-93.963
258.146
164.377
183.753
210.849
182.927
209.916
258.885
242.721
477.821
-220.49
241.846
-216.182
-255.006
-179.869
-233.265
-234.066
-209.759
-231.877
262.611
214.143
169.193
187.093
214.861
187.825
261.818
249.124
-118.048
514.97
250.483
-111.499
384.984
553.56
515.201
-17.6237
515.384
-13.8598
384.403
263.542
169.943
216.973
189.899
215.709
264.849
188.722
248.081
511.305
-104.115
-106.453
247.289
-249.901
-248.05
-247.705
-238.841
-241.04
-243.079
260.492
213.461
186.372
167.048
185.615
261.176
212.601
245.302
-126.075
515.089
-108.349
244.792
383.729
555.922
515.387
-22.5961
515.373
-29.2666
384.07
245.847
509.671
-102.697
-103.705
246.511
259.983
166.512
184.388
211.429
259.404
185.007
212.041
146.416
86.3518
160.282
239.417
147.366
81.5404
160.435
186.117
472.804
289.743
208.643
289.632
209.578
185.906
147.081
161.405
242.398
75.3958
78.0611
161.866
146.72
151.682
103.354
156.206
250.137
154.515
87.7642
159.376
188.636
472.659
290.725
209.283
291.412
211.097
187.159
149.422
161.665
246.108
75.5592
79.0244
160.857
147.925
92.8632
53.4777
98.4643
130.238
98.9256
91.2532
48.7158
125.338
438.751
231.572
138.672
236.982
118.627
144.773
86.8241
75.228
119.982
37.4318
83.9827
79.6144
43.1024
56.5007
17.3636
65.7648
31.803
45.373
20.8416
46.1417
105.391
430.885
226.481
132.81
219.798
112.575
128.273
64.3563
66.7091
82.6252
31.4815
55.9071
72.7903
25.6856
-262.925
-45.9381
-208.934
-269.285
-76.13
-228.117
40.4361
-65.9518
22.112
-38.1457
-2.8668
-70.0399
68.9209
35.1326
-369.287
-91.9868
6.5773
-371.092
219.47
511.021
416.048
-18.0089
392.493
245.233
-30.8991
10.1176
-95.4716
-61.3961
-131.741
-31.5328
-24.1137
-99.4227
62.258
-90.8397
-356.553
88.5994
-360.422
116.166
45.0545
7.99141
-6.55637
24.8148
64.9488
93.397
141.192
-241.752
-61.7668
154.811
-308.163
284.811
553.448
439.039
-14.7938
457.124
265.827
-14.5413
133.445
26.539
63.9096
97.9776
46.2134
81.6458
149.379
126.193
-89.2519
-343.912
106.866
-327.392
-313.552
48.922
-328.47
-327.544
69.2177
-328.362
204.429
146.963
105.633
117.701
154.054
124.981
197.905
201.69
-162.958
228.76
205.624
-165.988
343.948
554.053
490.669
-250.328
491.717
-236.336
340.282
209.487
111.017
164.83
136.569
159.096
214.519
130.841
197.755
213.118
-172.736
-169.072
192.966
-294.622
134.645
-300.43
-326.644
118.589
-315.359
182.482
140.48
110.178
79.9505
100.395
191.283
130.819
174.811
-166.84
116.728
-178.989
165.585
331.45
558.545
489.675
-263.046
487.605
-272.714
336.606
181.557
151.074
-175.813
-179.092
188.038
173.472
70.8175
77.9374
110.159
162.002
90.4242
122.045
-14.7942
-87.2487
15.39
-44.3697
-16.7807
-78.6393
4.28345
49.0772
322.557
159.602
146.247
145.888
129.497
60.5469
-9.05549
1.95335
-26.7206
-41.2369
-57.9925
1.06881
-0.246087
22.4196
4.84214
19.947
4.20639
35.1845
-9.95986
7.93995
76.5636
372.055
167.942
155.602
179.867
163.079
66.4388
13.0232
-6.52169
-7.87462
-32.7385
-19.3153
-0.884115
2.12705
-9.43377
-5.35806
9.64729
-55.6441
-16.5232
-31.2783
11.7529
-54.9309
-114.795
-113.207
-39.9148
0.271848
-28.2173
-16.7651
48.9151
17.2017
56.8867
3.08302
46.6998
-29.1709
57.5264
61.0911
5.81097
19.2845
63.2287
-7.01731
61.423
50.0273
-125.509
-56.7348
-126.675
-191.397
-80.5215
-118.029
-135.538
57.2851
-214.431
43.1659
309.633
206.449
-73.0071
17.7796
-113.362
-13.2742
-49.0133
-21.6686
-13.3253
-455.407
-115.645
-1499.29
-142.384
-1456.19
-247.605
-255.756
39.5907
-5.64192
-159.474
-26.3275
37.2822
17.0485
35.5653
-397.103
-11.8973
-266.794
-64.6758
-17.7277
-58.7364
7.19381
64.1981
21.9294
-1.83205
-21.0422
46.3154
43.349
35.2308
-43.9701
18.0818
-14.2309
-72.2636
3.74157
-32.3635
19.139
295.324
-137.739
116.79
79.9211
381.994
256.679
-283.593
-209.34
-77.7817
-85.5759
-103.235
-128.592
-150.342
-126.92
103.244
53.5048
18.5211
4.7538
228.475
84.927
16.1909
149.675
-226.627
185.69
180.521
181.533
4.38386
-254.878
-10.5838
-19.1441
-64.9935
-77.48
31.9438
-44.2811
-44.8519
-92.194
-83.2696
-573.192
-91.2589
-9.22012
-42.9755
-9.97986
229.836
380.11
255.125
-142.267
133.717
-130.114
-1519.77
1067.12
-133.71
-1476.33
1031.87
-130.46
-1322.94
908.004
-1427.56
-98.8752
960.001
-424.971
-131.029
-1404.54
-157.799
-1440.25
-157.304
-98.1149
-1465.77
-594.484
-1469.97
-270.279
-228.265
-306.553
-203.481
-1462.94
-607.926
-1467.95
-165.049
-5.71702
-63.0132
-114.946
15.6256
-11.7092
-462.067
4.74435
-27.264
-14.5815
-17.1568
-568.12
-41.2008
-52.2794
-19.0519
-30.3348
-36.1451
-9.73512
-39.4777
60.5113
-81.5911
-135.402
-100.454
-149.837
-136.156
-3.30626
-103.364
-154.528
-181.406
-93.8176
-145.2
-152.679
86.3243
63.5179
30.7816
66.8569
47.1963
27.5589
5.1701
21.9616
38.435
50.5135
18.8346
-11.9693
-10.4178
21.6545
-356.011
-43.8292
-80.5534
-116.077
-276.377
-94.7898
-172.723
-64.4554
-97.8287
-184.371
-123.708
-203.976
-152.06
-221.095
-188.089
-287.708
-158.077
-267.798
-175.628
15.6664
346.4
146.95
-170.056
200.116
-29.2779
-377.608
-171.56
-162.652
-431.704
-265.398
-254.412
-188.727
-192.89
-360.419
-248.398
-186.161
-468.676
-186.565
-74.0823
48.273
65.9568
121.302
-23.7096
-88.8204
48.6763
-521.741
-356.133
-373.321
-520.439
-165.243
-95.3017
16.3513
-19.6652
-25.8332
-72.3167
-96.4859
5.38563
-3.27015
201.847
52.2539
14.7625
69.7367
-0.831847
-11.356
-30.0699
-93.4563
-29.9886
-115.644
-98.7871
-6.2749
-43.5643
-3.95802
22.0003
42.2969
35.0076
29.9707
-4.79013
-7.85168
-41.0169
-47.8537
-98.4033
-133.064
-80.0009
-49.2842
-53.1461
-508.502
94.9092
118.701
-190.141
-471.26
54.5764
31.6429
93.007
119.87
43.8163
80.7432
48.4428
169.638
72.0691
296.754
90.0821
140.833
65.7503
266.899
61.2664
-113.066
143.513
-555.266
614.386
-285.258
30.5555
-1126.02
736.826
-53.3755
-894.553
606.65
166.107
-167.373
-204.857
304.828
-312.781
-162.097
-154.821
-190.495
-179.903
-263.94
-225.556
-269.999
-247.426
-322.9
1156.21
1403.86
1207.41
1353.01
1069.44
1179.98
1259.31
992.097
263.705
392.745
107.304
125.322
317.099
57.7301
335.901
523.202
458.363
805.629
455.332
583.723
939.958
751.531
779.083
239.931
-65.9686
-0.664132
301.631
235.422
-149.656
-77.8759
-95.3061
-98.1512
-101.457
-142.667
-82.4481
-76.929
-118.221
-94.2345
-88.8382
-76.1635
-85.3288
-59.5624
-89.3717
-86.6992
-76.3459
-70.6585
-112.576
-79.9788
-74.4403
-22.8416
-388.845
-96.5845
-103.279
-89.3768
-108.132
-39.548
-32.8552
-70.3185
-24.9563
-6.69672
25.1208
-56.3199
-56.0461
-50.3184
-63.3463
-29.3236
-79.8107
-58.393
-103.468
-39.1183
-24.1859
3.28504
5.48686
7.64551
-18.6498
1.27492
-26.3118
-133.02
-93.221
-75.469
-108.528
-62.9595
-45.7057
-64.6891
-87.6234
-39.2153
-75.1698
-64.836
-50.4287
-72.5799
-31.5429
-66.3605
-16.7685
-33.1208
-91.4799
-10.0035
1.55573
-7.18305
-86.4652
-2.70937
-35.6276
-57.9672
-79.3552
-68.3945
-26.9026
483.122
-459.118
320.125
-165.644
528.349
282.216
-479.546
17.3833
-617.079
-19.5651
-365.473
19.3742
-820.348
-34.4647
-341.564
-44.2939
-1580.43
-1720.4
-148.307
0.603616
-16.981
-396.457
-22.2159
-61.1357
-11.3867
-43.2108
-12.5153
-5.89531
-131.469
-86.6784
-161.466
-91.9614
-12.1815
-104.091
-42.7955
-148.374
-29.2024
11.5219
95.958
-44.5429
-564.881
-16.9366
128.823
-31.8509
-10.0955
-148.316
-652.761
-5.4672
86.5461
165.238
-192.428
85.8255
4.1793
-56.1641
55.1555
-84.0218
-4.97455
-233.604
16.6467
2.40942
-66.1038
-52.1628
-88.0662
-269.1
-102.324
-206.388
-211.778
-159.005
-349.812
-133.208
419.201
-197.859
-583.142
193.732
245.207
-538.302
345.008
181.472
42.9813
24.138
15.4864
96.4071
-17.5531
113.137
71.6127
-371.926
-674.803
100.283
21.8981
-772.785
212.016
-1596.52
1119.32
-141.296
-150.008
-1603.26
1095.08
-152.234
-1103.94
798.61
-1485.18
-100.109
1027.93
-1426
-1473.76
-1395.62
-879.752
-1131.13
-894.756
-1111.77
-1321.12
-1470.71
-1373.84
-831.011
-997.211
-744.599
-1078.02
-1548.85
-503.537
-164.598
-1817.38
-193.671
-17.5959
-69.982
1467.18
1258.48
1233.13
1441
1158.75
1053.66
1362.37
900.281
-659.599
-1553.65
-1018.92
-469.312
-156.966
-601.047
-182.417
-1218.28
-1469.59
-1119.25
-508.137
-874.077
-643.06
-726.235
-1543.53
-1441.82
-1517.18
-1082.51
-1234.63
-1208.92
-1102.45
-1446.64
-1561.18
-1518.93
-1029.31
-1074.25
-1156.25
-916.719
-1281.03
-1526.02
-1424.54
-450.004
-109.219
-585.846
-129.581
-1463.61
-1560.03
-1478.14
-588.748
-944.776
-808.081
-750.242
-49.4369
-15.8029
-44.683
-33.7895
-24.9111
-41.97
-12.1718
-49.1131
-33.3625
-46.7118
-22.8119
-11.034
-8.50078
-19.3419
-460.651
330.77
544.185
510.276
-149.017
307.224
-501.596
171.789
-51.6992
-117.408
104.484
57.983
24.3462
-49.5381
-216.467
-126.855
-756.054
-64.4808
-52.779
-55.5578
-61.8537
-126.825
-283.041
-823.695
-52.492
-58.5016
-64.4534
-51.5504
440.477
-153.222
-387.818
176.651
262.451
-497.872
296.561
-1487.74
-1659.79
-1153.66
-1504.9
-878.554
-744.141
-1103.47
-1113.29
-1733.55
-1422.92
-597.815
-483.045
-318.911
-933.777
-426.369
-63.0354
-63.7911
10.3257
-94.4348
40.0626
-113.484
-71.7732
-518.889
-13.0497
33.8442
-96.1444
44.8287
-93.0085
-1629.75
-1674.37
-1253.04
-1745.2
-1098.09
-1032.13
-1227.33
-1723.22
-1908.51
-1792.85
-846.234
-494.506
-1156.65
-393.632
5.48252
17.2385
20.3805
0.224608
6.64394
12.6955
15.2016
91.4563
132.436
123.862
114.614
106.832
146.536
138.13
46.5494
71.6945
67.7981
50.4286
49.1678
71.1584
66.6492
-51.2698
-10.7721
-35.1952
-42.6409
-60.4038
-13.5039
-45.8175
-25.2734
-23.1219
-8.81242
-40.807
-27.6277
-26.5373
-9.94247
38.9252
80.5369
83.7021
42.3622
42.8125
86.7225
92.072
126.726
149.626
153.935
127.276
140.572
158.598
165.784
173.334
190.168
184.794
188.145
191.922
199.73
195.093
83.685
115.942
103.728
101.505
84.1361
120.093
106.802
-69.1042
-16.7379
-57.08
-50.9037
-78.2822
-20.5923
-68.4494
-65.6899
-115.752
-41.7405
-107.416
-73.5322
-154.348
-51.3936
43.8936
92.6688
102.893
44.8405
45.3659
97.9141
111.592
-157.712
-146.078
-179.314
-81.9879
-85.2642
-67.1196
-97.8207
154.683
166.415
179.51
142.203
167.537
173.471
192.165
247.917
223.257
190.073
191.465
225.535
247.465
204.357
2.35654
3.46005
27.8894
19.6391
-47.9283
-5.11767
-2.73083
210.936
208.799
206.977
215.564
229.372
216.994
218.221
93.8824
125.701
112.999
119.267
99.4682
132.034
118.046
-85.5229
-24.1118
-78.5217
-57.3623
-91.7899
-27.293
-86.58
-79.1861
-162.987
-53.3882
-127.111
-84.349
-186.264
-59.92
46.1867
101.825
117.974
46.6993
46.6595
104.791
122.28
-233.994
-201.563
-247.114
-109.191
-125.472
-99.6402
-133.6
177.805
179.053
202.07
152.284
184.958
183.459
209.676
303.489
293.077
234.427
228.555
293.189
302.134
242.424
90.8724
87.3428
101.396
80.0385
60.2651
71.1359
67.5299
243.791
223.855
227.467
234.572
254.846
229.169
234.754
102.833
135.991
121.093
129.485
105.283
139.628
123.754
-95.7404
-29.498
-92.1104
-60.4181
-97.95
-30.7404
-94.97
-87.3144
-190.366
-60.9548
-135.599
-89.0546
-197.865
-63.116
46.789
106.563
124.827
47.3856
46.8121
107.462
126.01
-274.33
-228.507
-279.227
-122.605
-147.918
-118.786
-151.145
189.559
186.271
214.447
156.42
191.702
187.722
216.858
324.324
316.608
255.165
242.406
320.621
319.619
258.672
119.4
99.9469
122.358
100.191
79.5881
97.5288
80.6834
261.773
232.731
239.534
242.48
265.283
234.533
241.966
106.881
141.42
124.841
133.453
107.638
142.401
125.528
-98.021
-30.8057
-95.0746
-59.4375
-95.9575
-29.7007
-92.4268
-89.0766
-197.924
-63.0989
-132.813
-87.3937
-190.893
-60.8711
46.7627
107.434
125.968
47.075
46.6406
106.481
124.703
-284.322
-231.39
-282.959
-123.241
-153.843
-124.305
-152.96
191.674
187.708
216.843
154.985
189.475
186.231
214.397
326.214
321.411
260.019
243.61
326.673
321.141
260.168
130.122
98.9581
126.583
103.932
77.7779
109.342
79.1565
265.297
234.534
241.979
239.728
261.807
232.734
239.571
107.759
142.499
125.608
132.754
107.246
141.741
125.094
-92.1407
-27.6188
-87.0954
-54.5989
-85.9982
-24.5557
-79.2229
-84.4766
-186.941
-59.785
-118.649
-79.3733
-164.295
-53.0722
46.4186
104.656
122.074
45.7078
45.86
101.641
117.693
-268.484
-211.33
-260.128
-111.397
-145.047
-118.016
-139.657
184.817
183.391
209.591
147.8
177.607
178.956
201.944
310.661
312.901
251.585
233.221
316.191
308.406
247.748
117.904
94.3794
112.821
90.9066
77.7785
95.3383
75.3409
254.891
229.169
234.806
226.037
243.824
223.846
227.522
105.897
140.157
124.174
126.118
103.678
136.751
121.688
-78.8534
-21.1258
-69.2963
-46.9162
-69.7397
-17.3354
-58.0191
-73.7724
-155.879
-50.9828
-94.2924
-65.9908
-117.91
-41.1312
44.9696
97.6865
111.243
43.265
43.4458
92.4044
102.489
-221.435
-163.898
-204.545
-85.8939
-119.369
-98.1022
-108.879
167.282
173.347
191.997
134.821
154.377
166.262
179.298
265.555
281.273
225.601
203.157
280.868
266.442
215.62
80.005
48.687
61.0042
43.7152
52.482
59.8689
36.1868
229.368
216.969
218.261
201.727
210.866
208.753
206.985
100.602
132.99
118.825
112.504
95.153
126.76
113.808
-61.0608
-14.124
-46.7734
-38.8652
-51.9102
-11.3816
-36.1029
-58.7415
-105.67
-38.5563
-66.6521
-50.6868
-65.0811
-29.2205
42.3379
86.4325
91.6307
40.7364
38.4498
80.2357
83.2368
-139.781
-77.8067
-96.7751
-64.8751
-114.777
-47.9258
-66.934
140.225
158.422
165.535
118.38
126.346
149.433
153.664
195.67
175.08
201.724
178.784
142.317
167.917
159.171
-11.3491
-33.5253
32.3941
-47.7142
-18.0552
30.6105
-12.2765
191.78
199.658
195.059
173.819
173.119
190.07
184.723
84.8294
121.074
107.442
97.9327
84.1678
116.732
104.249
-16.1948
-37.3169
15.0293
-23.8783
-9.7101
-7.34877
9.55236
105.881
146.177
137.597
101.017
90.6296
132.095
123.375
48.6482
72.4041
67.2956
47.022
46.6705
72.7043
68.4444
-354.246
-204.375
-234.716
-194.729
-302.346
-237.679
-270.588
-399.365
-216.3
-291.519
-330.972
-265.116
-303.353
-436.431
-492.055
-312.014
-355.095
-270.597
-467.541
-330.699
-374.368
-512.133
-282.528
-356.836
-402.959
-344.682
-390.6
-527.365
-547.452
-365.451
-412.807
-306.546
-539.259
-372.251
-419.58
-552.979
-310.156
-378.654
-426.447
-376.383
-424.225
-555.649
-553.464
-378.779
-426.598
-310.529
-555.809
-376.78
-424.677
-548.293
-307.167
-366.398
-413.954
-372.908
-420.367
-540.479
-514.243
-358.07
-404.526
-284.075
-529.009
-346.248
-392.647
-494.685
-272.503
-314.261
-358.362
-332.59
-376.985
-470.727
-403.677
-294.094
-334.981
-219.487
-440.196
-268.011
-308.141
-359.004
-198.273
-207.622
-240.777
-240.804
-276.119
-307.339
-172.325
-192.726
-242.414
-182.499
-120.997
-137.785
-151.898
-61.0636
-92.414
-74.6981
8.31193
-26.562
10.1101
-32.2433
104.667
88.8735
170.548
151.237
96.6671
94.7373
189.043
-104.913
-103.126
-89.3578
4.62842
-44.0102
-37.5766
-0.223815
110.012
160.544
102.862
213.38
99.2528
203.013
113.865
-54.3895
-55.4015
-19.127
-36.2051
-46.8383
-62.787
-20.2131
-298.643
-366.773
-303.567
-218.346
-307.672
-303.094
-213.839
-161.008
-217.905
-200.112
-84.9062
-118.044
-107.263
-97.3443
-356.354
-350.895
-346.516
-258.546
-291.728
-289.013
-262.15
259.789
246.72
288.891
261.305
217.633
237.827
232.767
265.906
203.553
281.679
225.861
266.913
215.924
281.159
263.296
332.152
312.348
279.547
258.168
246.359
296.048
300.878
369.83
235.813
308.371
267.464
410.834
258.43
326.018
297.454
329.929
466.973
439.505
277.992
350.902
-48.9245
-69.3938
-105.575
-20.8921
-45.435
-23.9708
-111.158
100.926
83.509
96.3931
81.3671
70.9863
87.5718
112.265
-115.768
-137.427
-126.239
-9.02659
-48.9789
-4.91517
-53.5936
117.836
105.556
220.585
179.045
116.033
108.224
226.285
-144.995
-143.069
-135.438
-13.0259
-61.6671
-57.5929
-16.9917
118.419
182.297
110.259
232.299
109.621
229.869
118.506
-354.578
-366.902
-358.44
-268.034
-294.292
-297.247
-264.828
-210.069
-267.24
-258.479
-110.884
-144.521
-138.96
-117.67
-403.439
-398.38
-396.415
-297.293
-326.764
-325.348
-298.897
347.516
300.796
360.81
320.628
267.942
308.683
277.663
310.819
233.439
313.088
251.707
308.644
247.905
316.311
309.049
377.945
370.365
328.43
290.038
284.821
334.602
432.477
543.395
361.769
427.426
555.018
421.141
372.319
440.821
387.836
435.3
570.119
562.707
380.281
449.099
126.738
103.739
90.3599
104.078
95.4345
121.119
109.093
138.832
119.135
124.375
110.333
109.149
123.285
140.428
-149.06
-160.418
-153.166
-21.5695
-64.3826
-19.8264
-66.1582
118.765
110.915
233.924
188.035
118.461
111.992
235.478
-162.86
-157.863
-156.104
-23.0308
-68.8263
-67.5744
-24.319
118.618
188.758
111.774
236.122
112.231
236.123
118.194
-400.116
-408.284
-401.678
-301.505
-328.107
-329.335
-300.177
-231.101
-284.205
-282.607
-123.094
-153.801
-152.799
-124.294
-416.994
-411.342
-411.238
-308.499
-335.125
-335.092
-308.585
383.638
325.001
388.477
344.186
294.259
339.388
298.651
326.251
243.667
321.43
260.032
321.199
260.208
326.685
327.435
391.914
391.076
346.321
300.911
300.795
346.53
481.516
595.957
413.654
470.719
600.395
477.369
417.75
484.235
422.311
473.311
604.136
602.769
420.455
486.32
143.819
125.264
111.989
122.359
113.213
142.093
126.147
143.738
124.518
131.725
114.209
114.336
131.372
143.522
-157.954
-163.104
-156.383
-23.2268
-68.8833
-24.3808
-67.7541
118.483
111.741
236.089
188.679
118.149
112.13
236.025
-160.824
-149.71
-153.626
-21.8867
-64.7983
-66.4569
-20.2754
118.543
187.902
110.687
233.692
111.828
235.313
118.15
-411.382
-417.105
-411.357
-308.617
-335.156
-335.18
-308.625
-228.987
-275.23
-279.841
-122.775
-148.32
-151.41
-119.105
-409.702
-401.682
-403.095
-302.775
-329.466
-330.566
-301.579
391.927
327.469
391.109
346.319
300.914
346.529
300.803
324.263
242.312
316.467
255.073
319.52
258.607
320.532
325.055
383.703
388.529
344.182
294.271
298.662
339.376
491.271
608.333
426.652
479.206
609.059
491.178
426.859
490.397
424.088
478.489
605.89
608.335
426.059
488.343
143.853
131.765
114.261
124.655
114.48
143.56
131.492
144.55
123.162
126.112
112.997
114.057
126.832
142.987
-143.907
-145.897
-136.475
-13.739
-62.1939
-17.5665
-58.2397
117.927
109.965
231.997
182.003
118.106
109.259
229.496
-138.485
-117.168
-127.46
-9.85741
-49.8283
-54.3492
-5.86075
117.26
178.698
105.081
220.074
107.803
225.84
115.377
-400.095
-405.33
-398.308
-298.993
-328.264
-327.002
-300.437
-203.146
-236.761
-249.268
-109.734
-126.56
-134.468
-100.365
-373.489
-361.626
-364.8
-274.039
-301.033
-303.307
-271.51
378.015
309.127
370.427
328.383
290.047
334.579
284.817
303.292
228.295
292.731
234.205
301.843
242.235
292.947
300.863
347.523
360.854
320.556
267.898
277.642
308.574
468.942
592.525
410.304
459.748
588.749
473.617
406.063
463.756
394.226
455.04
576.692
584.17
401.123
456.392
140.169
125.426
111.588
120.606
110.649
141.534
124.575
130.637
108.281
108.778
95.4574
99.5728
113.033
126.037
-104.687
-106.357
-91.0574
3.48224
-44.9442
-1.27149
-38.5906
109.211
102.334
212.8
160.046
113.135
98.6708
202.366
-93.9319
-62.8884
-76.4857
7.10385
-27.6518
-33.3115
8.87056
103.814
150.696
88.2303
169.795
94.1172
188.337
95.7791
-358.682
-365.39
-355.173
-266.903
-299.318
-297.491
-269.624
-149.414
-164.067
-184.755
-83.0471
-87.4544
-99.734
-68.7411
-402.588
-332.569
-335.426
-258.287
-353.519
-345.9
-256.717
332.101
263.24
312.213
279.323
258.092
295.892
246.237
247.508
191.027
222.665
189.696
246.931
204.014
225.067
246.593
259.432
288.654
261.014
217.41
232.594
237.463
397.66
533.12
352.516
395.477
519.745
410.823
340.351
385.398
312.434
382.634
486.654
506.298
328.15
368.978
108.996
102.926
87.6942
91.8125
78.7439
118.571
96.0877
-26.9108
6.84623
-42.2415
-95.6418
-39.1446
5.68317
-88.0992
-175.548
-198.891
-247.342
-187.043
-124.595
-140.819
-157.685
-467.48
-409.786
-393.82
-631.246
-364.955
-586.904
-500.099
-361.872
-272.595
-268.077
-250.591
-334.973
-295.092
-295.437
-429.111
-376.731
-305.004
-482.653
-390.942
-337.161
-534.946
-390.265
-341.932
-268.965
-337.429
-318.046
-317.715
-415.046
-559.374
-418.026
-672.558
-500.339
-532.071
-442.407
-706.462
-484.281
-399.316
-335.292
-416.561
-386.083
-398.95
-502.504
-462.651
-361.479
-355.877
-322.071
-371.056
-440.369
-382.251
-586.196
-523.573
-483.182
-764.883
-462.739
-738.42
-608.684
397.445
532.979
395.415
352.261
519.667
410.538
340.162
385.269
312.419
486.73
382.636
506.288
368.96
328.036
-663.815
-597.454
-541.964
-844.933
-529.06
-829.317
-677.285
-534.218
-412.37
-430.415
-372.467
-423.42
-519.892
-444.4
-647.311
-582.754
-499.829
-789.886
-630
-515.893
-810.12
-547.962
-466.892
-381.542
-443.239
-434.189
-455.505
-559.303
-700.306
-552.327
-859.775
-633.856
-690.065
-562.211
-871.631
-587.023
-471.03
-411.7
-498.182
-465.619
-491.353
-593.627
-578.772
-475.744
-451.851
-406.008
-458.925
-570.06
-484.543
-710.015
-642.65
-577.775
-891.767
-570.146
-882.848
-717.733
468.6
592.317
459.546
410.016
588.526
473.301
405.753
463.395
393.886
576.452
454.831
583.938
456.016
400.796
-735.559
-668.203
-597.272
-916.765
-593.43
-912.342
-739.383
-604.495
-476.046
-503.349
-426.143
-479.921
-599.786
-508.259
-730.453
-663.506
-583.739
-900.156
-724.968
-589.204
-906.483
-608.851
-515.359
-429.208
-486.138
-483.475
-511.915
-612.112
-744.892
-600.013
-920.586
-677.914
-742.668
-602.224
-923.17
-618.191
-491.612
-436.84
-521.643
-491.057
-520.907
-618.878
-616.794
-517.739
-488.394
-435.863
-489.932
-614.9
-519.732
-746.547
-679.462
-604.417
-926.033
-603.589
-925.091
-747.363
491.21
608.319
479.165
426.634
609.013
491.159
426.801
490.296
423.956
605.788
478.424
608.263
488.2
425.966
-745.442
-678.423
-600.7
-921.406
-602.7
-923.76
-743.438
-618.483
-491.701
-521.725
-437.083
-491.317
-618.978
-521.176
-746.868
-679.772
-604.505
-926.156
-747.474
-603.875
-925.439
-617.297
-518.384
-436.263
-489.027
-490.38
-520.176
-615.61
-736.822
-598.163
-917.843
-669.366
-740.4
-594.554
-913.671
-605.936
-477.605
-427.315
-504.885
-481.221
-509.539
-601.506
-610.025
-516.196
-486.979
-430.177
-484.53
-613.052
-512.977
-731.996
-664.894
-585.352
-902.053
-590.557
-908.096
-726.796
481.769
596.15
470.874
413.916
600.564
477.656
417.98
484.453
422.477
604.26
473.447
602.917
486.5
420.655
-703.202
-636.325
-555.184
-863.087
-564.709
-874.556
-693.38
-589.41
-472.892
-499.976
-413.665
-467.813
-595.668
-493.458
-712.515
-644.83
-579.652
-893.987
-719.889
-572.33
-885.399
-581.56
-478.535
-408.282
-454.872
-461.51
-486.96
-573.284
-668.125
-545.192
-848.678
-600.943
-681.081
-532.718
-833.512
-539.156
-417.978
-376.514
-435.078
-428.239
-448.512
-525.536
-552.256
-470.069
-446.778
-385.079
-438.315
-563.035
-459.144
-652.199
-586.609
-504.411
-795.079
-519.987
-814.809
-635.5
432.834
543.575
427.605
362.063
555.224
421.47
372.641
441.194
388.181
570.357
435.498
562.932
449.479
380.618
-566.973
-505.767
-424.686
-679.841
-448.546
-713.26
-540.374
-491.589
-405.853
-421.788
-341.392
-393.667
-508.949
-404.825
-593.068
-528.624
-488.26
-770.615
-614.859
-468.36
-744.684
-470.892
-368.659
-328.963
-365.956
-379.833
-388.756
-449.569
-477
-400.943
-638.955
-416.115
-509.062
-372.485
-594.933
-373.664
-287.705
-260.875
-277.184
-309.241
-347.225
-304.269
-401.321
-349.73
-348.907
-278.518
-330.915
-425.212
-326.101
-439.041
-383.207
-312.957
-490.914
-401.072
-344.975
-543.17
300.392
369.191
307.977
235.222
410.372
266.746
258.025
325.727
297.356
466.795
329.651
439.187
350.785
277.744
-48.0646
-50.1299
-21.2983
-35.4643
11.7303
13.628
-13.4046
82.7177
148.512
88.5698
75.5122
110.142
74.1828
127.657
-300.057
-351.311
-310.894
-286.098
-216.426
-202.858
-292.065
-63.3404
25.0981
-9.03978
0.665266
-28.6507
11.3482
31.877
133.416
144.759
163.172
168.527
119.345
139.979
151.992
196.315
175.492
202.247
179.342
142.848
168.607
159.613
228.185
186.868
201.78
195.294
213.529
185.629
182.45
57.4452
90.4889
57.7521
46.3618
89.223
61.6741
88.6087
52.7711
65.3117
86.1334
84.8536
65.0704
63.35
85.6911
-127.375
-118.599
-131.767
-94.6524
-35.4179
-75.1046
-84.9813
434.067
222.873
376.319
260.608
241.027
352.18
463.214
406.218
204.581
197.759
296.813
368.46
223.236
327.253
100.288
103.702
111.251
133.539
123.523
95.0583
110.271
-43.3601
-40.3551
-236.387
-173.914
-55.9225
-163.183
-33.0812
40.5634
44.08
63.0549
40.8979
56.3698
52.4754
29.1721
69.6745
42.8951
84.3418
50.8106
38.0939
74.8815
78.9438
605.464
527.533
388.765
429.506
423.268
522.963
610.93
599.226
382.668
408.071
508.135
590.088
416.552
516.782
162.835
159.532
176.862
193.54
193.108
158.951
162.708
112.776
78.586
124.732
94.923
111.935
79.2683
125.809
161.206
148.899
168.676
183.558
185.846
151.682
159.509
121.839
87.9351
136.594
103.771
87.1325
122.76
135.774
671.556
582.709
449.429
492.691
491.344
581.924
672.182
670.166
447.554
486.387
576.564
666.481
489.597
580.032
149.441
156.275
176.889
189.131
188.726
156.15
149.905
129.435
93.1708
143.848
110.297
129.56
93.0397
143.851
150.9
157.155
176.524
188.707
188.428
156.843
151.575
132.463
96.6192
147.784
113.278
95.855
133.343
147.029
683.383
592.256
461.717
503.557
504.359
593.515
682.19
683.585
461.946
504.265
592.648
682.701
504.629
593.642
152.749
157.064
178.175
190.036
190.561
157.707
151.278
144.541
105.442
159.23
122.54
144.863
105.138
159.026
159.995
161.413
180.17
193.627
193.339
161.245
160.428
134.698
97.2079
148.566
115.085
97.6276
134.089
149.283
659.858
566.489
437.845
474.867
478.875
570.711
655.344
662.631
440.594
484.371
574.742
664.482
481.868
573.365
162.517
161.657
179.743
195.336
194.964
161.436
163.81
129.244
93.1343
143.948
110.108
129.572
92.7886
143.739
154.402
158.492
178.134
190.081
190.653
159.028
153.393
123.975
88.4729
137.63
105.754
88.7577
123.503
138.25
572.861
482.162
354.95
374.326
384.668
490.882
566.107
578.142
362.143
400.895
502.614
583.709
393.021
497.48
134.391
117.372
142.106
151.778
158.771
124.182
126.852
110.041
78.1124
124.923
92.8825
111.517
76.7277
123.564
159.327
150.308
164.631
185.452
182.913
147.236
161.639
85.4168
49.565
95.1335
68.9839
52.5099
82.1325
98.4887
-49.8761
-22.394
-51.631
10.4819
-37.2163
12.3901
-14.4929
82.0552
147.715
87.6609
74.5987
109.523
73.5096
126.827
-335.766
-360.124
-392.751
-262.441
-322.932
-250.487
-344.812
-139.241
-61.3824
-122.156
-43.2529
-3.41049
-8.78677
-30.5416
-22.111
14.947
6.51217
7.16445
5.28779
-4.77209
-18.9316
227.708
201.502
186.495
213.093
194.696
185.119
182.11
143.36
132.374
162.14
167.793
118.386
151.027
139.219
322.291
212.596
232.071
184.87
227.512
258.564
186.272
78.6733
76.9548
14.5893
108.795
17.4274
119.957
65.59
-92.5641
-133.214
-127.193
-112.937
-55.8229
-111.734
-84.0439
90.7497
56.462
56.755
49.9581
90.2939
90.0317
62.6399
59.317
87.9646
68.9537
88.2969
67.9603
88.5336
68.6608
572.398
481.896
354.613
373.897
565.675
384.199
490.582
577.652
361.769
400.361
502.248
583.187
392.519
497.146
659.395
566.104
437.432
474.358
654.86
478.386
570.34
662.192
440.199
483.929
574.404
664.063
481.404
573.011
683.311
592.182
461.66
503.461
682.091
504.29
593.463
683.54
461.913
504.251
592.639
682.687
504.588
593.612
671.903
582.971
449.745
493.033
672.504
491.712
582.206
670.536
447.891
486.806
576.886
666.878
489.99
580.333
606.025
527.958
389.228
430.095
611.497
423.85
523.377
599.778
383.117
408.626
508.521
590.627
417.122
517.183
433.697
375.925
222.243
260.252
462.991
240.512
351.65
405.71
203.803
196.899
296.007
367.786
222.56
326.593
-316.779
-249.859
-186.566
-260.446
-239.11
-238.814
-316.547
-258.488
-110.561
-147.964
-80.0199
-121.533
-186.938
-195.468
-248.658
-239.81
-303.758
-268.174
-175.478
-224.543
-200.891
-272.984
-421.112
-344.51
-294.411
-263.716
-237.599
-352.164
323.122
213.372
233.042
186.137
228.334
259.633
187.267
80.5923
78.7418
17.354
110.342
67.7208
19.9855
121.355
-31.3253
52.2989
-11.0814
35.6373
-30.0702
-15.7717
32.8632
-54.8982
4.046
24.7221
-51.4168
-62.631
-44.7527
17.1226
-23.5795
-93.9405
-33.9708
80.1688
0.49878
75.9261
-2.94409
-107.42
-62.5909
-48.4984
79.8353
-12.9697
-6.72533
77.3716
229.871
320.252
173.948
260.029
210.766
187.85
352.012
244.166
393.602
207.605
276.76
198.723
254.809
375.862
-114.662
-159.063
-103.019
65.7077
-35.3788
-28.9089
60.3428
-77.4395
-147.704
-90.0835
70.3636
-18.3535
73.6596
-23.5132
272.454
430.413
318.029
228.461
225.602
425.045
274.7
268.638
406.873
214.647
310.746
262.591
221.318
417.366
-351.151
-317.576
-313.524
-228.416
-286.064
-286.986
-231.911
25.8294
-83.0816
-20.4161
-40.8247
-161.225
-67.7935
11.6365
-102.119
-97.1664
-70.6921
-41.7741
-89.6959
-110.905
-43.6627
4.63932
27.0369
-2.14897
-60.3979
-4.98251
-12.118
-59.0574
-350.164
-321.002
-325.471
-239.165
-286.138
-234.97
-285.245
23.4853
68.942
21.7257
-47.2166
14.1121
12.276
-46.7743
7.2506
53.2037
11.9881
-54.5559
-2.71131
2.32604
-56.6411
513.48
394.413
276.847
276.195
486.633
296.512
417.44
530.651
290.303
326.515
447.6
311.127
433.851
546.106
127.169
110.23
142.387
134.468
150.378
117.569
119.038
109.349
77.6397
91.5694
123.56
110.888
76.1972
122.08
82.6319
46.8273
88.9162
63.8167
79.039
50.0656
92.9535
154.773
146.308
159.911
181.058
178.039
142.862
157.497
-125.602
-188.971
-134.516
52.1211
-40.6793
55.6348
-44.8603
-196.947
-151.389
-143.313
48.0178
-54.518
-49.3052
43.2931
277.914
434.762
230.998
332.58
276.327
234.141
438.681
278.427
443.056
236.207
335.93
235.706
278.233
441.415
-175.125
-222.319
-169.793
34.2323
-68.4895
-64.5962
30.6123
-158.505
-217.084
-164.203
37.1749
-58.4364
39.6913
-61.3323
278.195
447.991
343.977
238.333
238.836
447.616
277.359
278.5
444.73
236.982
342.482
278.195
238.459
446.503
-383.706
-379.108
-375.733
-281.112
-312.267
-309.905
-283.826
24.1417
75.6171
25.5171
-46.3881
14.6434
15.9648
-46.4832
28.7386
80.7357
28.249
-46.4595
18.9312
18.4535
-46.8808
-392.12
-381.976
-384.842
-288.317
-314.469
-285.968
-316.628
30.7885
86.2796
30.8128
-48.0578
20.2329
20.1722
-48.4356
29.0502
83.8041
29.6371
-47.2681
19.0818
19.4829
-46.8893
624.457
532.305
435.78
405.51
617.003
442.495
539.161
629.464
410.291
452.566
547.151
447.848
543.888
633.477
160.904
159.844
193.56
178.044
193.344
159.773
162.049
129.212
93.1383
109.996
143.808
129.543
92.79
143.59
123.871
88.4295
137.274
105.483
123.394
88.7162
137.915
153.369
157.502
177.044
189.145
189.631
157.947
152.447
-179.585
-235.071
-183.255
26.5407
-71.1367
28.1129
-72.6946
-238.1
-189.706
-186.589
24.6739
-76.9956
-74.5805
22.3008
276.739
448.643
238.452
346.915
276.88
239.426
449.445
276.2
449.662
238.849
347.692
239.516
275.366
449.793
-195.165
-245.304
-194.183
20.106
-80.5449
-79.375
18.9727
-191.885
-244.265
-193.098
20.7593
-78.2991
21.0324
-78.6268
274.935
450.014
348.963
238.476
239.319
450.474
274.363
275.139
449.889
238.79
348.853
275.011
239.428
450.411
-413.813
-408.427
-407.553
-306.017
-333.814
-333.282
-306.685
30.7904
86.937
30.8178
-48.8337
20.2243
20.3056
-48.5671
32.8574
88.6196
31.9052
-48.6583
21.7277
21.1475
-48.3064
-415.65
-409.078
-409.689
-307.536
-334.189
-307.092
-334.509
38.7849
96.2175
38.4071
-45.9968
24.8657
24.6612
-45.8151
33.2977
91.9053
34.6586
-47.6117
21.9598
22.7014
-48.1212
676.058
584.119
494.74
454.212
674.011
496.46
586.306
677.369
455.616
498.85
587.699
498.034
587.544
677.682
152.467
156.703
189.719
177.873
190.292
157.399
150.945
144.544
105.444
122.537
159.23
144.865
105.139
159.024
134.71
97.2247
148.535
115.067
134.099
97.6458
149.257
159.937
161.39
180.106
193.608
193.285
161.179
160.408
-195.223
-245.48
-194.36
19.976
-80.5876
18.9301
-79.5082
-244.557
-192.296
-193.388
20.5498
-78.6142
-78.8507
20.7329
274.846
449.999
238.45
348.916
274.332
239.245
450.426
274.994
449.77
238.626
348.775
239.31
274.811
450.329
-180.488
-235.84
-184.037
25.9737
-71.816
-73.2835
27.4553
-190.239
-238.749
-187.249
24.1897
-77.3948
21.9127
-75.0764
276.364
448.368
346.701
238.099
239.118
449.208
276.45
275.883
449.506
238.635
347.512
275.107
239.253
449.597
-416.184
-409.711
-410.227
-308.025
-334.722
-334.963
-307.664
38.7815
96.2167
38.3813
-46.0206
24.8641
24.6556
-45.8169
33.1722
91.9088
34.5629
-47.7261
21.9349
22.6808
-48.2729
-414.632
-409.153
-408.384
-306.764
-334.433
-307.339
-333.987
30.4975
86.9863
30.5707
-49.1497
20.1961
20.2759
-48.9381
32.7287
88.6368
31.7439
-48.8582
21.7022
21.1182
-48.4659
681.704
591.766
502.992
460.013
681.667
502.599
591.864
680.946
459.131
500.277
588.879
501.768
590.914
679.006
149.888
156.694
189.506
177.363
189.158
156.628
150.294
129.459
93.1643
110.39
143.979
129.584
93.0358
143.975
132.456
96.603
147.821
113.307
133.335
95.8385
147.069
151.684
158.058
177.349
189.554
189.2
157.666
152.434
-176.153
-223.459
-170.951
33.3823
-69.2583
29.8618
-65.466
-218.349
-159.918
-165.487
36.2384
-59.4945
-62.2992
38.6635
277.644
447.675
237.931
343.651
276.868
238.38
447.256
277.89
444.286
236.435
342.119
237.956
277.528
446.1
-127.528
-190.732
-136.323
50.8154
-42.0905
-46.1944
54.2489
-152.935
-198.588
-144.995
46.796
-55.6635
42.1725
-50.5495
277.064
434.132
332.056
230.259
233.442
438.093
275.424
277.635
442.566
235.608
335.446
277.503
235.053
440.876
-395.137
-385.248
-387.821
-291.024
-317.406
-319.302
-288.947
30.49
86.364
30.4587
-48.5057
20.2068
20.1485
-48.8174
28.4406
83.9785
29.1219
-47.9186
19.1251
19.5014
-47.6446
-387.708
-382.687
-379.674
-284.728
-315.518
-287.105
-313.484
22.8001
76.3327
24.4211
-47.7314
15.1923
16.3477
-48.0768
28.1216
81.048
27.5136
-47.3637
18.9898
18.5517
-47.6542
648.65
563.616
471.149
427.791
651.754
467.503
561.019
644.755
423.976
458.082
551.524
463.362
557.13
638.819
164.953
161.508
195.503
179.09
195.264
161.109
164.643
113.292
78.9925
95.9234
125.971
112.49
79.6424
126.954
121.98
87.9911
136.979
104.11
122.885
87.2013
136.188
164.617
152.566
172.218
187.505
189.411
155.033
163.26
-116.706
-161.146
-105.176
64.1545
-36.8659
58.8759
-30.4787
-149.874
-79.7597
-92.3322
68.747
-20.0379
-25.151
71.9944
271.44
429.733
227.674
317.377
273.744
224.762
424.311
267.574
406.043
213.732
310.051
220.436
261.484
416.582
-25.9854
-96.2816
-36.3959
78.3918
-1.28178
74.1494
-4.73032
-64.9686
-109.748
-50.9156
78.0785
-14.6955
75.6602
-8.4915
228.637
319.215
259.173
172.908
209.504
186.826
351.024
242.968
392.721
206.652
275.942
253.658
197.727
374.927
-365.901
-337.311
-340.113
-254.313
-303.925
-300.995
-252.004
22.1211
70.3391
20.0092
-49.2034
14.7441
13.1715
-48.4171
2.31179
56.9332
8.55866
-58.2159
1.28592
5.05454
-61.6112
-373.091
-335.682
-333.648
-250.266
-306.502
-251.314
-310.11
-95.6046
-20.9509
-71.5814
-79.6383
-26.5565
-22.8473
-73.7202
-0.757862
36.3707
-10.5636
-68.3231
-0.375451
-5.06074
-64.4911
566.807
477.775
365.636
334.152
564.155
359.492
475.859
566.694
327.072
339.007
458.106
352.14
470.322
556.81
109.182
111.344
144.087
121.789
135.383
103.257
118.66
-53.9358
-72.1794
-46.8933
-56.5006
-63.0773
-69.0816
-41.1513
73.572
46.044
91.4133
58.3815
78.4057
41.6117
86.9451
47.7118
58.6447
84.0422
61.6484
34.1619
76.2027
65.7999
-321.394
-254.887
-190.324
-265.792
-242.865
-322.333
-243.326
-262.222
-113.224
-151.103
-82.6786
-124.401
-198.839
-190.385
-264.281
-248.923
-316.079
-279.952
-186.037
-240.069
-209.579
-280.905
-429.211
-354.559
-303.978
-269.921
-245.296
-359.814
-35.982
50.1384
-14.6144
32.6897
-19.1618
30.0613
-34.8963
-61.5693
-0.181309
21.2268
-60.6044
-71.788
13.756
-51.193
-671.785
-629.619
-533.296
-594.629
-628.213
-669.548
-567.664
-708.646
-622.633
-624.053
-749.018
-710.439
-594.206
-742.825
-796.474
-860.949
-749.78
-709.188
-839.526
-689.045
-807.023
-785.917
-646.804
-719.346
-788.478
-815.763
-669.516
-771.814
-917.295
-1018.08
-914.616
-836.153
-1003.33
-822.458
-930.929
-901.1
-793.805
-969.073
-899.823
-985.747
-886.145
-808.704
-836.421
-885.75
-727.323
-826.357
-822.823
-907.39
-744.916
-852.953
-778.051
-845.955
-949.134
-929.948
-761.096
-868.283
-54.5656
-33.7975
-49.5868
-8.25149
-55.6205
-15.7836
-50.5914
-63.703
-67.0922
-67.5371
-55.3929
-64.242
-59.6165
-65.9098
-56.1989
-39.2678
-67.3763
-29.834
-59.0844
-60.081
-21.6681
-63.2853
-49.5129
-49.7444
-60.396
-63.3015
-55.2516
-60.8037
-43.8166
-47.0019
-2.49173
-12.4028
5.01931
-48.3667
-41.4925
-54.2457
-49.1104
-30.4085
-32.688
-53.4147
-37.5963
-50.0706
-56.6252
-46.1743
-59.0721
-34.2222
-55.8582
-59.7456
-41.0742
-40.6853
-8.13148
15.7928
-34.5743
10.1174
-38.8168
-35.8533
566.471
477.551
333.972
365.257
563.766
359.176
475.695
566.405
326.957
338.824
458.056
556.579
351.885
470.213
-9.55755
-18.0086
36.2143
20.7714
-13.1045
-14.1717
39.7524
-17.8713
-7.96491
9.70101
0.624399
-1.37206
-14.6216
-11.5071
-23.5773
-10.9851
5.8914
-26.0974
-6.05063
-20.6682
-28.6111
-4.73527
23.5223
-5.41086
44.0398
-8.30009
42.4406
0.312345
-22.1798
-21.6124
11.2095
33.0709
30.1158
-25.2916
-18.1626
-41.2268
-45.1079
-13.2327
-28.8596
-39.9712
-46.3476
-24.1602
-37.4056
-15.5157
-8.21123
-30.8564
-35.7812
-20.1402
-32.9541
-25.8006
8.04195
20.2739
-32.3302
-31.6935
26.9326
-28.1778
-957.136
-1033.26
-848.563
-955.551
-945.411
-1045.73
-859.883
-969.534
-880.825
-966.84
-1070.22
-1059.09
-870.357
-979.834
-1009.15
-1110.04
-1006.64
-914.958
-1101.58
-906.948
-1017.03
-999.697
-890.188
-998.071
-1081.8
-1091.39
-898.967
-990.807
-1062.03
-1162.59
-1059.9
-960.091
-1158.03
-955.634
-1066.35
-1056.58
-946.144
-1146.76
-1054.97
-1152.13
-1051.57
-951.121
-1032.13
-1118.77
-922.099
-1030.47
-1025.41
-1125.96
-928.687
-1039.31
-940.791
-1036.99
-1140.06
-1133.7
-934.715
-1045.23
25.8451
-5.92619
9.96543
54.5592
-9.55289
51.9689
34.5717
9.0203
-0.000864534
6.24886
0.843932
10.7701
-2.34044
-3.09912
18.6379
-2.37369
4.18142
29.7456
19.976
-5.27566
29.1728
18.9152
21.3005
-2.69312
47.3595
-5.14341
7.9125
53.0457
45.6026
-0.730433
56.9454
14.9637
59.3819
40.4113
5.33534
47.5597
53.2104
16.9232
18.25
48.1727
12.579
52.2058
42.375
1.52371
36.4291
12.1596
42.8746
36.0325
6.89699
49.9049
17.9877
63.2714
15.7878
61.5787
10.9012
53.5552
648.133
563.22
427.335
470.624
651.256
466.958
560.61
644.222
423.511
457.508
551.097
638.27
462.803
556.711
73.6021
36.6586
76.772
40.0295
40.0751
70.5574
79.9628
76.2898
80.8733
58.381
51.5779
49.4909
79.1461
78.0559
74.2242
43.6671
55.9439
74.4045
47.0164
77.1369
71.3632
75.5928
42.0957
44.3365
82.9698
42.3856
81.796
77.2048
64.8546
33.559
31.2215
74.2538
72.2118
29.8962
67.7769
61.2566
58.2074
37.0881
24.2004
63.3812
56.7021
30.2929
65.0166
40.0349
43.5333
71.3986
67.613
35.5398
68.4543
61.6448
28.1553
66.1432
20.6108
57.4915
69.7186
25.7502
-1074.67
-1167.54
-964.073
-1073.09
-1071.11
-1171.22
-967.617
-1078.44
-974.178
-1076.56
-1178.59
-1175.33
-971.012
-1081.16
-1089.54
-1189.79
-1088.17
-983.974
-1187.44
-981.744
-1091.73
-1087.03
-976.957
-1085.89
-1181.85
-1184.74
-979.635
-1084.35
-1100.19
-1199.2
-1099.07
-992.08
-1198.89
-991.725
-1100.47
-1099.66
-990.628
-1197.57
-1098.59
-1198.31
-1099
-991.268
-1095.33
-1191.89
-985.707
-1094.24
-1093.75
-1193.59
-987.248
-1096.83
-989.743
-1095.61
-1196.47
-1195.23
-988.522
-1097.97
81.8188
50.2846
49.2943
88.7888
49.3405
88.1435
82.628
81.1504
82.2995
63.2657
53.2417
83.568
54.8948
79.609
82.1499
56.8364
64.1547
85.0102
84.4013
55.9889
82.9412
80.7708
47.9474
46.0272
84.7045
48.0975
78.8681
87.0262
84.5426
51.1308
89.8461
52.7619
91.4074
83.4792
52.1979
84.4385
85.0656
65.032
58.4405
85.4293
58.3394
84.465
84.1902
57.4664
85.3726
65.2018
85.5516
83.5737
58.054
84.9964
53.4506
91.9687
52.9595
92.0055
52.7332
85.0989
681.554
591.672
459.884
502.868
681.543
502.447
591.747
680.771
458.977
500.069
588.717
678.804
501.588
590.775
87.0569
54.9975
94.029
57.0525
55.6066
86.5089
94.9638
85.273
83.6029
65.5959
60.5751
60.6018
83.7187
85.136
85.2495
60.0021
65.4813
83.8302
60.4327
83.8126
85.0017
87.1482
57.18
55.5315
94.4015
55.7566
95.0676
86.8264
86.3663
54.6863
55.8702
93.7477
94.0379
54.5117
86.3086
84.8124
84.7192
64.1549
58.5874
84.3854
84.5759
58.9454
84.9004
59.6399
64.2609
83.933
84.1079
59.2779
84.9081
86.1467
55.3907
92.5414
53.3474
85.4686
93.7129
54.1078
-1100.36
-1199.27
-992.14
-1099.25
-1100.53
-1199.08
-991.901
-1099.96
-991.044
-1098.88
-1198.02
-1198.63
-991.562
-1099.43
-1096.16
-1192.88
-1095.04
-986.626
-1194.46
-988.038
-1094.71
-1097.52
-990.281
-1096.28
-1197.06
-1195.95
-989.186
-1098.53
-1076.73
-1169.81
-1075.05
-966.181
-1173.32
-969.561
-1073.34
-1080.32
-975.807
-1180.35
-1078.37
-1177.26
-1082.88
-972.796
-1090.79
-1190.94
-985.028
-1089.38
-1092.84
-1188.73
-982.934
-1088.44
-978.432
-1087.24
-1183.45
-1186.19
-980.966
-1085.9
87.1553
55.141
57.1479
94.1604
55.7075
95.056
86.6487
85.3354
83.6253
65.6602
60.5961
83.7835
60.6645
85.1575
85.3534
60.1502
65.5903
83.9821
83.921
60.5379
85.1478
87.2087
57.2396
55.5513
94.4217
55.818
86.8471
95.1251
86.5892
54.8694
93.9194
56.0862
94.2489
86.4897
54.7378
85.0871
85.05
64.442
58.9091
84.6711
59.223
84.8942
85.1325
59.8304
84.1296
64.5022
84.3488
85.0972
59.5118
86.4086
55.6435
92.8275
53.6577
93.9595
54.3746
85.7727
676.333
584.363
454.461
495.055
674.31
496.75
586.53
677.621
455.842
499.086
587.88
677.908
498.296
587.747
82.3891
50.8159
89.2781
49.8393
49.9202
83.1512
88.6756
81.8022
83.0409
63.9539
53.9539
55.5537
84.2526
80.3133
82.7509
57.3927
64.786
85.5864
56.5956
85.0306
83.4924
81.3861
48.5332
46.7038
85.319
48.7241
87.5978
79.5319
84.9747
51.6172
53.1773
90.2924
91.8123
52.6382
83.9564
84.8471
85.4438
65.4574
58.8071
85.8543
84.8286
58.7514
84.6447
57.9735
65.6774
85.8964
86.0254
58.5133
84.0757
85.3869
53.8274
92.2963
53.312
85.4463
92.373
53.13
-1064.65
-1165.05
-962.38
-1062.38
-1068.78
-1160.68
-958.107
-1059.41
-949.004
-1057.64
-1149.82
-1154.99
-953.789
-1054.61
-1035.89
-1122.76
-1033.97
-925.868
-1129.71
-932.219
-1029.42
-1042.81
-943.869
-1040.27
-1143.35
-1137.2
-938.013
-1048.5
-963.359
-1039.6
-961.12
-854.711
-1051.76
-865.705
-951.981
-975.38
-886.002
-1075.62
-972.122
-1064.79
-985.36
-875.839
-1013.72
-1114.29
-918.991
-1010.84
-1021.33
-1106.1
-911.24
-1004.58
-895.047
-1002.53
-1086.89
-1096.2
-903.546
-995.984
74.4162
37.5418
40.793
77.5622
40.904
80.7082
71.4246
77.1043
81.6753
59.2488
52.3457
80.0087
50.3149
78.8155
75.0968
44.6112
56.8789
75.3987
78.0643
47.9
72.2953
76.3565
42.8166
45.063
83.6298
43.163
77.919
82.4986
65.8315
34.4962
75.0906
32.1248
73.0944
68.6984
30.8899
62.3796
59.5
38.3177
25.41
64.5949
31.4337
57.8918
66.0741
41.0426
72.4635
44.6821
68.7504
69.4486
36.612
62.6761
29.1028
67.1127
21.7193
70.6448
26.8005
58.5788
625.024
532.736
405.992
436.375
617.576
443.086
539.593
630.028
410.773
453.15
547.583
634.035
448.436
544.321
27.2671
-4.5265
55.7293
11.2002
-8.10091
35.9396
53.1703
10.7101
2.01937
8.19525
2.61489
-0.628808
12.6961
-1.34419
20.2581
-0.797742
6.03423
31.4776
-3.6285
21.8059
30.7183
20.3825
22.5532
-1.16013
48.603
-3.65002
54.2693
9.42124
46.8599
0.612611
16.0884
58.0784
60.4781
6.62052
41.7238
48.8881
54.5862
18.4063
19.5326
49.6322
53.4653
13.9325
43.7755
3.02541
13.7347
38.0675
44.4225
8.32591
37.5046
51.1058
19.0707
64.2863
16.9557
54.7003
62.6346
12.1269
-924.637
-1024.77
-842.67
-921.095
-937.902
-1010.36
-829.32
-908.869
-801.399
-906.608
-976.779
-993.126
-815.953
-894.288
-845.829
-894.734
-834.327
-736.366
-916.096
-753.643
-832.588
-861.921
-786.045
-853.64
-957.197
-938.327
-769.436
-876.871
-683.346
-639.69
-543.883
-603.804
-639.745
-679.654
-578.267
-720.107
-633.012
-759.031
-633.186
-720.519
-754.175
-604.698
-806.962
-870.203
-718.581
-758.439
-817.185
-849.011
-698.711
-796.772
-656.972
-728.177
-798.361
-825.473
-679.479
-782.933
-7.99324
-16.4007
22.0577
37.4148
-11.4846
40.9864
-12.622
-16.0176
-5.85545
11.9109
2.46329
-12.433
0.516127
-9.69429
-21.6848
-9.03049
8.18634
-23.7697
-18.4018
-4.11706
-26.703
-3.18178
24.8181
-3.8293
45.2966
-6.69652
1.85427
43.6844
-20.7212
-20.0329
34.2278
12.3259
31.1917
-16.639
-23.7804
-39.3945
-42.7455
-10.8171
-27.1405
-37.5633
-22.312
-44.6189
-35.5236
-13.559
-28.4761
-5.77508
-33.3774
-31.0408
-18.2162
-24.4205
9.05768
21.1315
-31.0665
27.9222
-26.7649
-30.4449
513.464
394.121
275.954
276.623
486.519
296.407
417.245
530.722
290.164
326.618
447.583
546.27
311.13
433.745
-55.1627
-50.0009
-34.914
-8.63487
-56.6
-50.7047
-16.5936
-64.2299
-67.0329
-55.7915
-69.5943
-60.9234
-63.6135
-67.1356
-63.3214
-49.6374
-49.819
-59.0754
-55.9544
-62.3353
-60.3701
-57.2947
-40.9007
-69.7368
-31.628
-60.6742
-61.8509
-22.9072
-43.2154
-46.9543
-12.253
-2.55097
5.26902
-41.0288
-48.1149
-52.8652
-46.8265
-28.4886
-31.1636
-51.293
-48.4734
-36.3544
-55.4876
-45.7671
-32.6923
-57.4499
-53.9365
-40.2022
-58.9529
-39.8317
-7.70607
16.4977
-33.5038
-34.7611
10.5954
-38.0266
39.2125
74.3991
54.7791
40.526
46.6488
27.4586
56.0609
92.2918
116.164
110.399
88.774
76.3377
73.3182
93.7365
98.6045
129.982
126.15
103.514
77.6534
78.789
109.201
100.578
120.602
123.144
100.952
80.5798
81.3446
98.6633
90.3823
95.3118
104.732
82.8133
64.3456
70.3802
74.5524
17.1947
-2.74062
32.4078
18.6102
-25.835
8.95819
-12.7917
173.89
270.995
334.323
288.373
140.272
143.05
243.414
236.569
117.802
174.769
44.4186
112.742
206.922
157.502
-80.5479
-71.3009
-84.6905
-100.428
-73.4683
-88.3645
-85.3652
54.2497
51.7088
27.6733
22.0304
64.973
43.6533
50.8981
-94.2296
-24.6337
-10.5045
-9.17857
-40.1095
-41.3562
-38.7536
174.95
271.95
335.176
289.47
141.614
144.353
244.567
237.937
119.364
176.371
46.3526
114.323
208.283
159.223
42.4233
9.28145
26.5744
279.134
103.767
264.139
105.914
-3.23246
-15.358
6.06125
286.401
102.325
105.638
290.501
-226.412
-144.176
-213.17
273.857
45.6579
269.276
51.6605
-186.379
-135.207
-199.508
277.277
59.9872
279.077
56.3907
-362.079
-306.914
-302.208
-217.568
-296.65
-298.366
-222.668
-353.097
-338.552
-342.971
-255.865
-285.047
-286.865
-251.915
-317.341
-119.093
-69.0244
-101.206
-137.923
-99.1696
-153.836
10.2573
-44.1449
46.1625
59.7996
-15.7765
64.0502
-19.169
3.82405
10.8731
41.8805
21.0484
-9.1649
13.3642
41.2874
147.1
44.9618
126.123
80.5419
68.8657
55.3284
96.2454
41.3927
91.9187
70.9361
33.6321
12.2913
76.1744
67.3867
57.003
76.8023
58.0979
66.4059
80.3828
85.2166
80.1112
62.5632
90.6718
83.5441
74.2115
85.0839
90.9007
97.7859
98.748
98.9508
88.151
97.3938
111.214
102.268
105.309
69.343
87.4541
78.7026
91.0056
87.1172
94.8552
84.7855
85.9748
72.1571
62.0629
42.6408
57.2518
76.3875
67.3365
98.4842
193.542
188.161
148.872
117.661
114.338
152.803
112.242
85.1729
113.637
133.477
74.4452
123.695
123.191
152.428
78.6538
165.09
118.404
79.5958
88.1602
108.583
100.408
102.477
51.4866
104.414
62.7118
86.5744
114.629
90.9333
114.193
116.893
108.042
108.579
116.929
123.308
84.1826
96.0461
91.4946
102.551
100.683
111.071
103.923
108.09
130.401
117.673
119.552
118.41
111.948
126.368
132.907
138.218
125.645
125.444
138.412
132.328
131.666
-240.174
-168.921
-250.83
264.631
40.9746
266.389
38.0106
-176.019
-272.039
-261.669
261.581
29.1461
34.1363
257.516
-361.052
-237.576
-354.395
234.111
-5.72296
231.26
-2.56781
-342.661
-233.816
-348.255
235.956
1.50776
237.101
-0.212596
-370.485
-365.817
-361.796
-270.355
-302.504
-299.742
-273.569
-401.388
-392.231
-394.525
-295.877
-322.181
-323.835
-293.995
195.1
106.87
199.171
159.013
120.527
123.047
156.171
138.732
93.4258
139.983
136.427
99.2881
132.722
145.898
130.976
108.843
116.316
103.257
100.175
113.178
134.441
209.685
113.386
207.016
168.714
133.083
131.765
170.243
143.359
153.942
140.942
107.821
103.967
150.181
147.558
112.19
119.388
123.937
131.167
125.467
133.987
128.421
117.92
134.394
140.813
136.569
129.932
138.004
141.89
151.05
156.421
147.698
144.718
153.341
150.362
148.055
138.412
153.269
143.602
141.268
142.787
136.321
147.281
137.871
117.149
118.944
105.907
107.624
121.73
136.313
120.775
219.797
219.662
177.683
139.853
139.476
178.028
157.738
118.493
153.198
162.535
118.143
160.983
158.279
210.681
117.465
214.166
173.239
134.317
135.557
171.719
155.852
157.069
112.19
150.61
116.086
152.063
158.875
133.974
146.153
148.234
144.1
146.934
149.224
150.8
131.354
137.904
143.277
141.665
145.666
147.45
144.671
153.127
161.627
154.831
152.451
155.304
150.278
157.158
156.198
162.08
155.565
153.784
159.317
158.283
154.984
-369.56
-247.444
-374.16
228.237
-7.86535
229.247
-8.81783
-249.971
-393.492
-383.889
224.811
-13.3038
-10.7283
220.518
-421.378
-267.747
-420.774
211.431
-23.842
210.611
-22.9964
-419.739
-267.293
-420.245
211.681
-22.7016
211.463
-22.6075
-409.701
-404.469
-403.018
-302.546
-331.114
-330.37
-303.638
-416.845
-410.839
-411.088
-308.411
-334.973
-335.046
-308.233
219.742
121.622
219.689
178.573
140.129
140.468
178.27
158.846
119.615
163.878
157.934
119.699
158.649
164.921
145.444
123.187
127.576
115.263
114.532
126.873
146.881
223.71
123.624
221.503
181.313
143.723
142.893
182.328
159.263
167.308
159.667
121.124
120.665
166.162
160.033
139.098
147.777
148.822
149.492
149.506
153.007
151.935
139.519
150.7
148.747
149.305
150.349
153.471
153.585
155.606
162.925
156.172
156.874
161.523
161.172
156.955
156.343
162.848
156.519
156.534
160.044
155.796
160.723
145.832
124.626
128.409
115.334
115.655
130.166
147.274
132.867
241.364
240.384
191.287
150.958
150.668
191.668
170.952
133.77
160.751
169.308
132.074
168.76
173.043
224.738
127.566
228.766
184.967
144.693
145.819
183.531
167.278
168.515
121.795
162.878
130.174
162.222
168.755
138.489
151.113
145.049
151.459
145.681
153.282
152.999
138.914
150.973
147.569
151.439
146.629
153.469
153.517
154.608
163.585
153.769
156.788
161.818
156.898
162.084
152.503
163.9
152.998
156.637
162.318
162.27
156.435
-421.451
-267.834
-420.969
211.334
-23.8704
210.575
-23.079
-267.448
-420.145
-420.548
211.535
-22.8976
-22.7457
211.263
-371.176
-248.544
-375.652
227.475
-8.74978
228.427
-9.65159
-394.771
-251.005
-385.275
224.103
-14.02
219.863
-11.507
-417.04
-411.123
-411.285
-308.599
-335.202
-335.206
-308.499
-410.984
-405.628
-404.311
-303.703
-332.115
-331.48
-304.68
241.365
132.876
240.393
191.31
150.967
150.691
191.675
171.091
133.831
169.365
160.934
132.236
173.093
168.927
146.034
124.881
128.718
115.71
115.921
130.38
147.589
224.832
127.609
228.825
185.099
144.837
145.938
183.695
167.523
168.927
163.198
122.216
130.463
169.04
162.597
138.623
151.156
145.096
145.821
151.589
153.422
153.045
139.138
151.282
147.905
146.865
151.656
153.704
153.851
154.957
163.838
154.015
157.036
162.191
162.345
157.252
152.552
164.046
153.142
156.784
162.37
156.484
162.423
146.018
123.815
127.993
115.783
115.194
127.413
147.324
121.789
220.052
219.953
179.018
140.556
140.851
178.764
159.731
120.774
158.921
164.972
120.665
165.82
159.726
223.816
123.71
221.646
181.546
143.895
143.093
182.526
159.958
167.868
121.717
160.45
121.423
160.568
166.88
139.724
148.488
149.625
150.108
150.166
153.668
152.721
140.036
151.102
149.188
150.849
149.857
154.017
154.022
156.07
163.532
156.753
157.457
162.015
157.42
161.792
157.199
163.601
157.234
157.243
160.954
161.481
156.643
-362.76
-238.87
-356.22
233.176
-6.66571
230.38
-3.57108
-235.189
-344.689
-350.172
234.986
0.391966
-1.27198
236.083
-243.313
-171.224
-253.894
263.053
39.1665
264.77
36.2495
-274.933
-178.251
-264.65
260.046
27.501
256.038
32.4295
-403.467
-394.504
-396.592
-297.738
-324.183
-325.657
-296.043
-376.424
-371.043
-367.575
-275.76
-307.39
-305.156
-278.444
220.126
121.026
220.046
178.294
140.331
140.007
178.58
159.326
119.925
163.864
154.912
119.845
159.603
162.579
139.506
118.971
120.917
108.132
109.465
123.33
138.32
211.426
117.9
214.787
174.291
135.368
136.495
172.897
157.778
159.367
152.661
114.662
118.15
160.784
154.408
134.975
146.979
149.182
148.038
145.048
150.289
151.72
132.504
139.121
144.753
146.948
142.743
148.673
146.07
154.762
163.145
156.237
153.795
157.019
158.632
151.829
157.219
163.362
156.762
154.947
160.394
155.98
159.549
134.083
112.206
118.786
106.011
103.521
116.276
136.946
108.243
197.354
200.969
161.955
123.645
125.74
159.574
143.135
98.7727
140.46
144.8
103.722
149.879
138.174
210.482
114.08
207.982
170.22
134.277
133.115
171.577
146.915
156.702
110.85
144.364
107.607
150.456
153.516
114.059
121.228
126.453
127.143
133.386
136.003
130.678
119.587
135.757
142.512
131.45
138.511
139.8
143.477
152.959
158.883
149.911
146.751
155.321
149.83
152.655
141.379
156.17
146.173
143.573
145.82
149.913
138.94
-229.634
-146.686
-216.45
272.139
43.7976
267.61
49.7409
-137.773
-189.786
-202.856
275.521
57.9817
54.4228
277.286
39.1832
6.51354
23.2278
277.105
101.569
262.116
103.695
-18.8443
-6.03333
2.63167
284.378
100.104
288.494
103.411
-363.183
-349.228
-352.558
-265.263
-295.794
-296.461
-262.451
-395
-333.923
-331.639
-253.051
-331.076
-336.398
-254.746
195.996
100.967
191.302
153.543
121.327
118.641
156.789
120.735
91.6729
139.211
119.902
82.2541
130.009
130.604
96.2578
82.6608
76.8867
53.5933
66.5337
87.5983
80.3355
162.42
84.8266
172.318
129.99
93.2329
99.143
122.888
110.955
111.749
111.331
62.1322
71.8985
122.636
99.6314
93.4213
116.19
119.737
111.758
110.186
119.684
125.808
86.8626
98.4076
95.3574
104.215
104.82
114.062
107.136
112.984
135.77
122.088
123.181
123.39
130.803
115.913
136.327
142.854
129.547
128.738
141.866
134.605
136.272
23.6735
36.3352
61.5475
32.7757
4.21347
39.4908
57.5416
-14.0329
-37.7846
31.7155
-15.9993
-38.8984
-11.4499
-57.1083
27.6103
-39.6043
65.0835
56.9498
-6.05075
75.0283
-9.22688
158.423
60.1281
142.891
103.48
86.1077
77.4203
114.232
59.6867
102.07
45.3881
77.9778
25.0103
83.2554
87.0947
59.7969
78.8009
62.7951
82.627
70.9722
88.7137
83.508
65.4767
93.073
87.7098
87.4481
78.6083
94.3845
101.167
104.008
106.481
93.4767
101.771
116.697
109.532
108.245
72.5903
95.3539
83.5231
95.3672
93.6992
101.224
88.8804
-14.5234
-54.2435
2.89242
-14.2064
70.6714
60.7166
7.2129
281.309
158.794
189.236
158.101
184.978
137.856
235.912
-189.908
-112.02
-137.693
-79.395
-67.7405
-68.6262
-75.0653
2.03156
-585.994
-43.8268
-42.1983
-305.474
5.71104
-574.255
-50.7884
-61.6183
-47.0061
-19.0881
-41.4448
-63.8846
-26.5313
35.0221
-40.3963
47.4471
9.62695
-24.5182
-1.38261
-40.5405
252.749
201.777
261.922
243.398
181.448
239.878
196.049
-40.8829
-3.57591
-314.083
-573.337
-1.54343
-43.6854
-557.281
39.2103
27.7669
21.0985
16.3137
39.1724
18.4072
35.0398
-6.85557
30.4991
-44.7209
-22.8732
-0.676619
45.9364
-65.8256
18.678
81.4746
49.4244
11.3352
72.7122
25.4324
4.89933
4.07576
78.3285
45.9395
-2.57922
64.8077
5.95879
-4.50884
41.026
91.2274
17.2271
76.8476
31.7241
103.615
25.4194
91.9404
210.413
135.456
76.9171
189.813
67.4516
104.91
89.6812
103.144
100.06
77.9116
112.465
87.4834
77.8347
107.633
-299.197
-324.517
6.90526
-22.0482
-9.00343
15.339
18.0008
-18.8697
-0.684672
37.2697
-280.33
-278.302
52.65
72.2882
86.6386
70.0481
71.7203
59.9994
65.6645
-251.061
177.047
-240.22
36.7234
15.3365
0.222171
29.0014
28.1173
7.82383
40.4112
104.487
-231.007
-233.153
273.348
473.147
276.376
196.635
467.699
275.829
194.613
238.169
414.887
264.21
168.99
424.461
172.846
229.619
283.047
480.747
200.343
290.657
280.015
486.703
202.873
292.789
525.791
329.697
234.142
515.642
224.984
295.885
162.968
175.844
191.2
156.801
192.41
158.053
162.839
-301.287
-429.201
-434.938
116.92
99.0317
83.8196
131.275
117.893
82.9106
130.388
-262.845
-349.4
-370.307
162.11
170.696
189.739
155.532
187.812
153.531
162.81
-419.395
-286.508
-413.176
118.893
100.97
84.3821
131.965
118.517
84.6506
132.543
-273.913
-421.461
-425.446
316.322
617.522
489.256
295.868
616.339
315.623
296.485
313.498
599.175
479.039
294.077
602.591
294.747
312.136
315.663
619.455
295.779
492.629
315.612
621.102
295.358
305.305
607.389
485.768
279.19
615.313
284.801
299.13
149.261
176.62
188.188
156.143
188.356
156.054
149.392
-158.225
-457.253
-453.54
129.759
110.805
93.8362
144.53
130.129
93.4483
144.27
-149.279
-425.804
-429.955
150.261
176.51
188.134
156.285
188.23
156.612
149.74
-461.916
-163.231
-465.572
130.33
111.4
94.0198
144.72
130.307
94.0131
144.875
-175.488
-484.07
-481.376
135.237
194.214
162.534
147.511
165.119
147.334
136.472
104.699
101.926
107.394
103.538
105.148
105.327
102.37
189.64
236.168
164.335
243.254
165.288
285.028
180.967
285.797
596.888
452.98
272.611
581.516
265.919
292.735
154.36
178.506
191.445
159.343
190.894
158.434
156.169
73.6641
-21.8837
2.03007
142.163
120.718
102.919
156.012
141.593
103.29
156.688
64.7077
44.1076
43.9856
159.19
179.886
192.09
160.091
192.881
160.863
157.725
-80.9216
-33.895
-156.183
139.555
118.764
102.229
155.113
140.684
101.324
154.105
-201.351
-474.486
-466.627
310.666
579.219
463.24
291.99
581.194
310.625
292.469
312.197
596.578
473.61
294.194
594.497
294.327
312.069
313.864
578.071
291.121
457.101
311.411
578.669
290.957
309.052
537.882
394.955
246.702
553.198
260.725
299.85
160.484
179.548
193.19
160.503
194.05
161.124
158.685
-127.594
-383.434
-387.274
128.387
109.261
92.0069
142.552
128.254
92.045
142.816
-141.505
-419.089
-414.488
155.675
178.423
192.184
159.98
191.427
159.486
156.949
-379.861
-121.477
-377.236
127.124
108.236
91.6853
142.129
127.843
91.074
141.525
-189.805
-416.323
-405.692
189.483
332.438
245.751
142.825
343.664
182.033
147.739
221.616
408.868
264.252
167.737
401.877
166.162
225.547
170.058
322.284
138.112
225.912
175.928
312.965
133.077
133.666
237.209
179.874
92.5998
254
101.168
122.506
140.936
147.308
170.536
135.129
165.024
129.507
146.77
124.941
-281.637
-286.433
103.491
86.4176
69.1392
115.12
102.146
70.4365
116.675
-206.206
-325.948
-306.621
155.987
161.295
175.408
139.443
179.491
143.804
151.779
-269.973
118.222
-266.142
98.2436
81.2122
67.3213
113.326
100.391
65.136
111.29
106.596
-234.958
-238.674
-16.8884
1.11838
-56.4963
68.8989
-16.5208
58.9456
5.44878
280.214
157.733
187.95
156.79
184.01
136.768
234.769
-101.908
-27.1566
-62.3632
-65.9068
-112.019
-61.1088
-26.9494
-229.637
-134.085
-164.174
-115.786
-112.893
-143.94
-96.3781
-110.748
-41.1602
-34.278
-11.5338
-105.905
-16.7716
-72.5911
251.228
200.413
260.66
242.362
180.137
238.643
194.92
-573.856
-493.279
-567.413
-498.379
-473.146
-513.573
-445.106
-438.597
-424.397
-340.186
-408.265
-447.09
-396.983
-391.937
-68.0728
-73.9066
-66.2982
-66.0473
-85.4018
-84.6811
-69.4096
-71.7867
-34.0975
-61.3273
-60.3356
-62.3307
-81.7563
-32.6793
-60.6336
-72.6506
-114.391
-27.9434
-89.9832
-35.5639
-51.0072
-65.9061
-88.9381
-107.876
-62.9776
-88.8604
-69.3869
-57.7775
-100.528
-57.3491
-80.9991
294.112
85.2477
91.3669
291.427
-39.4093
-44.2638
-59.6628
295.596
98.5808
293.601
95.7587
-120.943
-94.2023
-137.327
289.096
79.8026
290.006
76.1914
-170.494
-105.094
-154.434
285.924
65.066
281.649
71.353
-352.874
-308.002
-311.641
-227.221
-293.463
-223.49
-290.167
-348.6
-334.606
-329.542
-243.456
-283.876
-248.186
-284.304
185.493
328.465
241.534
138.291
339.894
177.851
143.411
218.399
406.029
260.891
164.395
398.911
222.459
162.677
165.436
318.088
220.976
133.359
308.508
171.542
128.079
127.266
229.494
172.742
85.2813
115.451
247.24
94.4265
134.314
140.364
163.8
129.49
157.521
123.376
140.711
120.395
-287.701
-292.236
102.329
84.2694
68.0828
112.524
100.885
69.4723
114.305
-210.521
-330.387
-311.252
112.949
-276.254
-272.683
96.6649
78.2859
66.0999
110.435
98.9533
63.7816
108.105
99.9777
-241.942
-245.773
150.967
156.112
169.37
134.245
174.058
139.043
146.266
-307.313
-201.23
-298.857
250.69
15.021
19.3371
247.18
-282.063
-195.519
-290.331
253.265
25.4187
254.963
22.7642
-315.857
-216.897
-322.567
243.803
11.8983
245.029
9.9502
-336.127
-221.342
-329.397
241.786
3.95059
238.918
7.38105
-380.512
-369.134
-372.752
-278.918
-305.012
-276.004
-307.588
-394.734
-389.993
-387.284
-290.112
-320.423
-292.302
-318.539
309.635
578.315
462.28
290.894
580.326
309.555
291.417
311.367
595.937
472.852
293.388
593.82
311.278
293.483
312.697
577.126
456.006
289.976
577.68
310.293
289.761
307.624
536.585
393.566
245.14
298.36
551.964
259.235
159.012
177.994
191.843
159.102
192.579
159.597
157.335
-128.924
-384.911
-388.684
128.337
109.106
92.0019
142.341
128.204
92.0393
142.615
-142.605
-420.222
-415.652
-122.984
-381.4
-378.85
127.06
108.047
91.6756
141.904
127.786
91.0589
141.284
-191.641
-418.417
-407.684
154.544
177.23
190.958
158.694
190.303
158.307
155.716
-410.832
-258.857
-407.42
216.479
-19.0622
-17.1401
214.655
-397.768
-256.897
-403.607
217.732
-14.7419
218.909
-15.7582
-413.564
-263.809
-415.32
213.576
-20.1163
213.731
-20.4028
-418.618
-264.918
-417.026
212.975
-22.2041
211.883
-21.0537
-412.938
-405.591
-406.728
-305.446
-331.971
-304.526
-332.714
-416.079
-410.549
-410.114
-307.775
-334.871
-308.077
-334.702
135.095
194.054
162.399
147.356
164.977
147.172
136.337
104.666
101.915
107.364
103.526
105.116
102.358
105.297
189.432
235.994
243.077
164.16
284.837
165.103
180.769
285.489
596.619
452.717
272.285
292.41
581.25
265.615
154.129
178.256
191.27
159.137
190.675
158.178
155.984
73.5559
-22.0058
1.92068
142.178
120.714
102.931
156.007
141.607
103.302
156.685
64.6815
44.0948
43.9602
-34.0216
-81.0691
-156.353
139.571
118.757
102.241
155.105
140.698
101.339
154.096
-201.631
-474.88
-466.993
159.089
179.776
191.958
159.933
192.785
160.75
157.585
-414.377
-264.262
-416.033
213.22
-20.5378
-20.7678
213.325
-419.132
-265.295
-417.639
212.666
-22.4529
211.628
-21.3621
-411.752
-259.549
-408.439
215.963
-19.5425
214.193
-17.6807
-398.978
-257.668
-404.723
217.171
-15.4015
218.298
-16.3577
-416.522
-410.913
-410.569
-308.19
-335.174
-308.413
-335.078
-413.866
-406.637
-407.659
-306.282
-332.866
-305.465
-333.514
316.89
617.936
489.763
296.414
616.779
316.16
297.061
314.223
599.784
479.696
294.845
603.172
312.89
295.483
316.148
619.846
493.06
296.295
621.474
316.12
295.849
305.673
607.661
486.095
279.539
299.477
615.598
285.171
149.77
177.158
188.745
156.749
188.851
156.595
149.963
-157.427
-456.459
-452.703
129.769
110.868
93.825
144.611
130.138
93.4373
144.356
-148.274
-424.723
-428.92
-162.54
-461.164
-464.855
130.333
111.449
94.006
144.794
130.312
93.9997
144.944
-175.032
-483.627
-480.895
150.969
177.256
188.761
156.96
188.924
157.359
150.379
-318.284
-218.584
-324.888
242.634
10.5497
8.65728
243.811
-338.246
-222.944
-331.627
240.659
2.77875
237.846
6.14663
-309.839
-203.157
-301.476
249.362
13.6115
245.908
17.8629
-284.861
-197.525
-293.046
251.89
23.8289
253.54
21.2297
-397.479
-392.475
-390.012
-292.581
-322.629
-294.547
-320.961
-384.927
-373.896
-377.068
-282.903
-309.398
-280.41
-311.56
275.633
475.133
278.751
198.983
469.778
278.017
197.067
241.01
417.608
267.166
172.189
427.069
232.58
175.914
285.06
482.647
292.733
202.588
488.524
282.11
205.023
294.422
527.157
331.332
235.782
297.444
517.086
226.705
165.297
178.283
193.823
159.372
194.794
160.405
165.392
-298.176
-426.042
-431.639
117.232
99.6787
83.997
131.977
118.175
83.115
131.147
-259.016
-345.137
-366.217
-283.813
-416.393
-410.326
119.127
101.476
84.5308
132.609
118.765
84.7914
133.145
-271.734
-419.273
-423.168
165.2
173.923
192.645
158.338
191.019
156.601
165.623
-124.5
-96.9543
-140.864
287.206
77.6593
74.0709
288.098
-173.95
-107.805
-157.947
284.052
63.0213
279.817
69.2638
-104.099
-60.1789
-84.5736
292.146
83.0792
289.492
89.17
-42.9407
-47.1022
-63.2241
293.613
96.3637
291.609
93.5448
-362.623
-346.449
-342.734
-256.83
-296.11
-260.099
-298.058
-377.391
-332.587
-333.914
-252.218
-323.443
-251.53
-316.862
60.5784
160.203
103.55
32.4874
175.91
60.07
23.8573
63.2577
148.212
108.13
36.2461
145.061
59.8428
42.7924
100.84
219.37
146.021
84.9086
112.721
200.586
76.3214
98.9449
114.962
115.006
87.352
125.779
96.2189
87.3148
22.2718
-405.185
-485.846
15.2259
7.089
-0.783435
39.4299
26.1533
-10.2496
28.6454
174.539
-309.979
-275.1
43.5409
31.641
7.57813
48.9664
35.5881
14.3955
57.1971
112.432
-224.772
-227.793
61.6079
90.4265
103.114
80.2921
90.0595
71.5688
74.8859
-583.797
-503.773
-578.775
-509.361
-481.98
-523.272
-455.352
-449.022
-432.948
-349.596
-416.964
-456.303
-406.881
-401.765
-69.0018
-77.1062
-68.3869
-69.3747
-90.0797
-72.079
-89.5726
-75.0891
-36.474
-63.8418
-63.8165
-66.2819
-86.3168
-35.7582
-65.0798
-77.6007
-121.785
-32.5076
-95.8977
-39.3802
-56.2602
-70.5634
-96.9263
-116.745
-69.3583
-74.0661
-95.6842
-63.68
-4.44751
-22.9958
38.1929
-65.2302
-5.85642
43.5748
-3.33291
7.58251
30.0517
11.6115
-0.109303
21.2524
22.9557
19.5054
-115.379
-241.121
-100.291
-86.0328
-82.5446
-73.0212
-63.8435
-44.1429
-44.5931
-34.2796
-12.4201
-23.1411
-24.4706
-13.6727
-18.418
-3.47227
-26.8611
38.9984
4.98945
7.43323
17.2594
71.0341
-10.5232
-11.9231
78.7809
68.9433
30.2648
34.1585
-16.1661
69.1396
-13.0868
47.5397
64.3204
27.8027
21.3982
107.761
112.246
115.391
102.012
106.136
107.191
115.828
94.7327
77.8726
89.5743
89.6301
98.3069
98.4605
89.9095
139.744
122.077
122.525
130.197
130.425
130.687
123.328
147.636
144.597
142.197
138.08
136.263
136.773
142.265
-10.009
87.3685
-9.49602
81.6099
87.2582
38.1528
35.6357
-9.32193
87.9959
-9.22987
92.6608
89.0199
39.1308
40.5872
95.3424
-9.96905
-9.57592
98.3327
96.9361
42.5173
42.9952
-9.27279
95.0379
-9.57054
93.804
96.1951
42.1209
41.1954
166.206
161.574
156.772
158.725
153.814
153.497
156.439
162.717
149.834
146.359
154.731
150.73
150.218
145.941
172.145
164.089
158.782
165.699
160.662
160.708
158.666
173.065
168.153
163.086
167.133
161.934
162.228
163.51
-10.0447
97.5632
-10.2483
98.7702
99.8624
43.5971
43.2317
-10.0053
97.7537
-10.1976
101.58
100.29
43.7841
44.2281
104.713
-8.89336
-9.16671
104.671
103.985
45.1753
45.4443
-9.84435
104.202
-9.34135
102.079
103.554
45.0013
44.4504
175.64
171.834
166.026
171.127
165.501
166.7
167.228
175.081
169.292
163.995
170.226
164.823
165.803
164.737
176.841
172.326
166.471
173.412
166.804
167.71
167.39
177.131
174.021
167.163
173.834
167.059
167.61
167.587
-8.89436
104.731
-9.1703
104.691
104.094
45.2488
45.4552
-9.84863
104.223
-9.34222
102.322
103.699
45.104
44.6248
97.6672
-10.0166
-10.237
99.4266
100.34
43.9484
43.7209
-10.0051
97.8493
-10.1942
101.868
100.709
44.0878
44.4385
177.103
172.723
166.86
173.695
167.077
168.001
167.799
177.28
174.081
167.218
173.993
167.219
167.776
167.647
176.273
172.379
166.542
171.807
166.151
167.387
167.778
175.872
170.313
164.953
171.082
165.621
166.653
165.752
-9.92618
95.6132
-9.49513
99.0736
97.9469
43.2815
43.5532
-9.07539
95.3283
-9.46124
95.3789
97.3349
42.9923
42.4032
88.2719
-9.04544
-8.9456
85.9121
90.1709
40.3966
38.8864
-9.07001
88.8266
-8.78895
94.4482
91.5612
41.0811
41.9678
173.76
166.124
160.606
167.442
162.226
162.383
160.609
174.42
169.394
164.223
168.59
163.272
163.651
164.726
168.865
164.004
158.887
161.565
156.273
156.122
158.712
165.876
153.79
149.647
158.112
153.566
153.269
149.455
-9.33265
74.4022
-9.79395
83.7782
76.705
35.8644
37.9209
-11.1013
72.8873
-10.4379
62.3306
73.4672
34.3204
31.2876
18.7535
-13.158
-13.7842
-14.2229
21.4311
20.2448
16.1684
-11.9426
25.2644
-12.6161
56.5036
33.6362
24.3243
28.7107
145.927
129.623
128.208
136.685
135.384
136.034
129.424
152.862
149.3
145.971
143.584
140.617
141.436
146.333
117.614
121.025
121.814
112.079
113.415
115.014
122.763
105.845
90.3859
98.4372
101.046
106.426
107.191
99.3251
56.4298
37.1691
101.9
56.469
243.699
216.512
98.6937
36.4564
21.2107
45.9144
180.502
67.5675
86.8268
136.542
-324.987
-215.571
-270.82
-195.655
-214.378
-256.07
-154.509
6.20236
59.5372
116.903
-127.032
-19.722
228.718
-255.963
-489.076
-728.905
-715.256
-516.832
-373.005
-381.821
-514.921
-49.0728
35.3014
-25.3796
-17.5804
36.0254
-25.9379
28.7722
73.4627
44.8787
53.0967
74.8435
75.9758
48.4823
74.9854
62.8756
81.7658
59.9572
80.3152
57.1099
78.1686
78.5672
53.3373
99.7217
34.5771
241.677
53.5986
214.48
96.5302
33.9289
18.6967
43.232
178.473
65.4373
84.6795
134.526
-367.318
-250.635
-307.674
-244.103
-271.171
-313.662
-200.935
-61.8862
-62.7795
-71.0414
-119.916
-99.2899
-132.826
-76.2013
-61.6985
45.8536
-35.451
-37.7947
41.452
-52.6526
34.8579
75.0826
58.6423
45.6006
52.7568
79.2169
75.9394
77.5014
63.8305
88.5355
65.4727
57.0096
84.1857
81.3262
84.9491
-44.4328
-116.745
-40.3343
-47.6358
-61.1558
-50.0849
-11.2616
-58.5294
-18.4173
-19.8513
-47.2802
-31.9184
-54.4985
-61.9565
21.1046
-14.0296
-5.78889
-63.0554
-26.5024
-15.4372
-60.9265
67.6578
18.2243
20.6616
-48.044
8.82399
11.4228
-49.2021
55.7285
16.8762
13.9316
-52.2206
7.63374
4.0397
-50.6119
76.3504
26.8434
26.1128
-46.0653
17.2821
16.3967
-46.3905
80.2394
27.2882
27.8119
-46.6527
17.5764
18.2026
-46.215
86.1163
30.5557
30.6597
-48.0828
19.9853
20.1114
-47.6082
84.2287
30.324
29.9991
-47.1654
19.9006
19.6437
-47.6162
87.0514
30.9584
30.9263
-48.7796
20.5306
20.3699
-48.9531
88.2932
31.1293
31.5896
-48.8228
20.6244
20.9704
-48.8815
95.9195
37.0959
38.1351
-46.1369
23.9758
24.5193
-46.5418
92.5082
36.6183
35.2078
-47.3405
23.7336
22.9851
-46.7688
95.9193
37.0358
38.1061
-46.1667
23.9627
24.5128
-46.6069
92.5096
36.5556
35.1141
-47.4488
23.7193
22.965
-46.8405
87.0946
30.7557
30.6812
-49.0875
20.5002
20.3383
-49.2104
88.314
30.9293
31.4262
-49.029
20.5931
20.9416
-49.1316
86.209
30.1317
30.301
-48.5415
19.9736
20.092
-48.1405
84.3873
29.8942
29.4897
-47.8012
19.8953
19.652
-48.1614
76.9965
25.9473
25.0312
-47.3721
17.5062
16.7255
-47.4993
80.5848
26.4019
27.0696
-47.5777
17.7649
18.3245
-47.2965
69.2169
15.9326
18.904
-50.0988
10.2832
12.449
-51.7444
59.0281
14.5014
10.6899
-55.6457
9.30086
6.42885
-53.2681
-12.3071
-38.3944
-60.2154
-78.7702
-15.0154
-20.7548
-78.8737
32.0334
-30.6894
-15.3912
-72.0103
-12.6819
-7.14249
-75.3311
-1126.3
-521.12
-418.601
-322.993
-514.648
-876.688
-686.834
-109.132
-66.0539
-71.207
-84.9587
-101.723
-76.377
-92.6309
-155.861
-369.913
-224.721
-82.7996
-102.616
-140.93
-398.288
19.6988
60.5698
37.3402
54.6805
38.4311
47.8531
21.3746
-1.87812
-0.29994
-29.5994
21.7741
4.09616
24.1057
-31.4403
247.869
369.527
242.51
212.122
238.331
233.952
217.241
188.729
329.709
202.131
168.032
171.857
156.114
186.41
-109.029
111.846
-9.52373
-127.851
-97.2919
-202.551
-44.5103
-80.5602
59.186
-24.992
-47.3205
-15.0976
-53.1647
-2.46908
304.335
223.649
204.178
78.5232
147.33
126.507
100.087
13.8772
92.3053
47.04
28.1195
-45.0799
3.96368
-9.55425
174.678
257.067
157.362
127.224
151.904
141.622
132.446
298.67
406.034
293.935
188.68
234.017
229.682
194.275
37.0535
77.7432
116.837
59.9617
14.8062
37.7347
32.8896
375.93
240.092
253.927
136.029
167.127
181.965
120.498
252.377
378.746
256.602
226.923
243.758
223
246.868
387.806
275.794
272.792
244.221
263.887
261.999
246.479
96.8833
179.685
186.198
144.338
106.219
110.505
139.272
342.508
427.044
340.556
251.478
278.663
275.282
253.022
326.036
415.078
328.62
236.862
258.439
233.179
260.437
302.874
411.052
306.389
205.091
239.141
200.887
242.126
81.7966
177.189
168.584
126.573
101.184
95.309
133.389
413.719
323.396
320.83
225.679
256.481
254.541
229.367
295.567
404.976
293.849
265.739
286.05
282.235
269.559
278.392
392.501
281.278
251.789
266.978
249.649
268.756
309.636
416.854
308.907
287.106
300.746
299.397
288.227
305.734
416.132
306.312
283.449
296.168
282.788
296.605
344.094
437.235
345.617
254.672
281.173
253.902
283.482
107.792
203.091
200.27
161.452
127.138
125.252
163.507
442.544
351.633
350.523
257.786
291.464
289.503
258.786
297.6
413.851
298.756
274.719
287.267
271.275
290.492
305.067
418.032
304.252
280.925
295.588
281.785
294.688
358.843
443.461
357.628
266.098
298.482
296.779
267.035
112.755
203.89
206.227
167.065
128.818
130.322
165.373
442.753
352.446
353.441
260.864
292.18
293.077
259.87
309.662
419.481
310.167
288.647
301.125
288.362
301.997
413.466
306.624
307.379
288.562
302.969
303.628
288.001
120.567
218.528
219.516
177.215
138.413
138.993
176.628
372.162
449.777
372.401
272.091
303.905
304.524
272.229
373.132
457.573
373.406
270.77
308.948
270.474
308.28
360.188
449.769
362.023
268.515
299.871
267.798
301.699
118.03
217.965
215.331
174.752
137.669
136.732
175.83
459.883
372.649
371.728
269.457
309.425
309.783
269.887
302.965
405.199
303.48
286.713
297.889
298.529
286.307
306.4
411.078
305.756
287.645
302.527
288.127
301.802
303.371
396.394
303.104
287.913
295.049
295.099
288.032
300.705
395.103
300.811
285.746
293.487
285.589
293.526
371.656
445.198
371.352
272.342
303.045
272.38
302.384
121.755
219.933
219.699
178.928
141.175
140.825
179.311
438.162
370.36
370.247
273.476
298.774
298.97
273.92
302.531
401.687
302.091
285.949
297.185
286.235
296.573
300.727
396.666
300.774
285.477
293.836
285.456
293.98
374.685
435.453
373.371
278.893
299.813
299.528
279.934
123.244
220.087
221.02
180.475
141.637
142.19
179.819
435.604
370.35
370.567
274.806
298.232
298.142
274.35
304.605
399.102
305.192
289.667
296.594
289.268
296.607
411.517
310.835
308.441
291.57
313.171
307.405
294.539
132.506
236.596
239.698
190.545
149.283
150.103
189.471
400.143
503.233
399.913
276.074
347.362
347.192
276.287
392.146
495.143
394.11
272.465
338.293
272.073
340.83
376.356
439.537
377.975
281.511
301.817
281.058
302.423
128.307
235.172
230.39
186.508
148.231
147.031
188.097
477.802
389.259
387.672
273.454
334.311
327.727
272.496
317.55
427.2
317.36
297.864
321.489
321.379
297.917
311.605
421.727
313.208
295.107
314.932
294.155
317.19
304.807
399.217
305.363
289.867
296.781
296.761
289.5
310.901
411.539
308.516
291.655
313.225
294.622
307.451
400.13
503.236
399.872
276.046
347.371
276.278
347.213
132.518
236.617
239.711
190.585
149.339
150.143
189.527
495.128
392.066
394.034
272.435
338.324
340.871
272.043
317.555
427.209
317.37
297.878
321.496
297.924
321.392
311.662
421.755
313.258
295.171
314.976
294.223
317.238
376.511
439.63
378.074
281.625
302.002
302.559
281.21
128.344
235.199
230.438
186.608
148.307
147.125
188.174
477.743
389.182
387.597
273.432
334.341
327.739
272.472
303.598
396.61
303.365
288.202
295.27
288.29
295.357
395.429
301.125
301.205
286.177
293.903
293.92
286.045
121.91
220.142
219.948
179.323
141.476
141.163
179.663
372.125
445.658
371.8
272.861
303.673
302.985
272.924
370.708
438.511
370.612
273.879
299.213
274.302
299.431
374.872
435.667
373.581
279.103
300.033
280.121
299.786
123.339
220.281
221.176
180.746
141.901
142.423
180.129
435.889
370.675
370.873
275.139
298.642
298.53
274.704
303.178
402.188
302.709
286.627
297.826
297.188
286.944
301.176
397.061
301.249
285.991
294.286
285.945
294.451
311.086
420.584
311.51
290.122
302.549
303.34
289.918
307.615
414.307
308.41
289.685
303.953
289.081
304.644
372.663
450.318
372.925
272.696
304.568
272.811
305.215
120.834
218.999
219.921
177.896
139.075
139.589
177.382
458.237
373.821
374.065
271.538
309.852
309.149
271.274
303.65
405.781
304.196
287.496
298.572
287.057
299.242
307.345
411.823
306.663
288.636
303.463
289.156
302.705
361.228
450.689
362.994
269.655
301.232
302.975
269.013
118.436
218.464
215.916
175.687
138.413
137.562
176.671
460.596
373.372
372.475
270.324
310.365
310.751
270.728
311.155
418.199
310.514
288.858
302.278
289.888
301.015
417.95
308.007
308.461
285.803
298.474
298.79
285.271
109.053
204.445
201.934
163.998
129.159
127.57
165.733
347.019
439.959
348.328
257.81
284.713
286.778
257.285
353.465
444.531
352.466
260.044
293.815
260.929
291.98
359.964
444.621
358.822
267.483
299.945
268.345
298.331
113.504
205.15
207.262
168.778
130.572
131.865
167.315
444.432
354.164
355.06
262.758
294.394
295.168
261.874
301.292
416.792
302.21
278.492
291.031
294.008
275.296
307.48
420.19
306.801
283.713
298.05
284.431
297.279
264.398
388.914
267.63
239.413
257.116
259.124
236.595
282.845
394.731
280.34
252.507
271.527
254.222
270.157
345.696
430.53
344.014
255.466
282.506
256.706
279.466
99.6196
184.152
189.636
149.866
112.313
115.621
145.832
420.455
331.751
333.92
242.983
265.313
266.83
239.794
299.536
408.711
298.112
270.381
290.145
273.893
286.652
284.967
398.139
287.416
258.499
274.042
256.82
275.357
313.791
420.665
316.311
217.072
252.312
254.203
214.012
87.3007
182.106
175.089
136.058
108.542
104.237
141.257
420.302
329.563
327.446
233.396
263.91
262.498
236.563
261.052
383.194
257.012
228.632
253.202
232.293
250.347
356.128
217.855
227.664
197.205
207.198
217.259
188.967
-2.53799
98.2162
51.7382
19.8827
35.6386
14.1532
49.0647
113.537
240.188
143.884
23.848
52.2329
-6.89192
79.7107
262.218
347.304
250.206
132.49
189.777
145.673
176.527
310.856
418.986
307.533
205.069
248.688
209.059
245.894
54.8224
109.866
136.368
89.7234
52.9025
66.5603
71.951
400.973
272.399
281.335
168.763
203.039
212.909
158.789
118.055
200.403
134.907
113.006
70.4948
95.2353
92.2199
208.267
300.069
196.282
170.064
193.262
179.339
179.971
107.257
5.12751
13.7111
26.7535
93.5932
144.986
11.87
28.5606
53.9393
49.4192
6.31029
13.0348
113.152
16.2042
-296.914
-71.0217
-334.228
-90.7709
-87.1834
-116.545
-27.7555
-63.2105
-35.1358
-168.59
16.2232
36.6401
17.2255
39.7714
14.7844
34.066
20.699
-21.6576
-293.054
-49.2886
-68.2117
-21.9218
-84.1816
-98.1521
13.7698
43.1794
58.5493
-4.16364
65.2703
7.3489
0.809155
3.20513
39.6754
56.4719
-5.57013
58.1923
4.79754
-6.73933
48.6787
87.6328
129.509
40.6454
116.029
57.6679
32.4867
80.2212
121.127
145.663
48.7206
165.274
67.2677
58.2852
-19.9769
-59.2801
1.28795
44.0418
10.5437
-24.9172
-62.0827
-15.2729
26.7283
56.0104
-56.9561
18.3868
-9.65119
-60.6924
7.3183
-26.2461
99.0139
55.0828
48.3033
-33.4282
12.8901
1.77637
33.8251
-51.6701
88.2845
-4.34911
41.5407
-43.5058
-49.5718
-57.4986
0.281829
2.07739
-56.4258
-48.5366
8.88738
91.884
-305.951
-315.1
-43.974
10.6178
-29.4776
26.8224
-40.4076
17.334
-36.2951
103.03
-37.4538
-65.585
19.664
25.4406
39.8272
91.01
123.431
60.6834
-9.07494
137.033
42.779
95.4671
143.845
-71.6295
-68.5716
-23.7175
-8.76158
-64.194
-81.0968
-16.3838
51.2753
-293.845
-284.346
-82.6355
-33.0882
-109.995
-28.9671
-91.4233
-97.1512
-25.3243
198.948
235.456
116.063
128.617
218.036
113.812
213.276
182.725
80.0804
170.291
93.6339
196.693
164.361
97.6759
-33.1448
-50.8236
-6.82445
-3.04117
-28.7147
-42.6612
-16.4666
-37.0921
-35.6168
-47.3113
-18.4269
-42.4606
-43.3674
-25.1481
-61.8689
-81.2761
-71.762
-67.5856
-70.2866
-70.915
-62.3573
-56.0875
-44.1784
-53.9119
-56.3259
-62.0423
-48.6825
-54.5053
-19.4293
-0.215679
56.8712
43.5127
-9.30223
49.264
-13.2092
194.59
-244.721
-241.794
-23.9795
37.2471
-22.794
34.5649
-30.4383
-15.0887
42.6594
269.492
300.586
203.998
194.677
189.305
296.195
274.081
264.712
177.241
198.321
285.534
184.034
291.436
258.709
235.691
249.389
163.352
140.908
261.23
225.071
152.3
244.31
170.402
278.961
174.008
270.684
252.363
161.433
-3.50139
4.85329
62.6144
64.1514
-8.50969
11.2386
68.6622
192.473
-252.061
-241.968
1.07016
68.6659
21.3282
78.7048
15.5835
73.5906
5.65691
267.583
272.047
449.151
185.817
459.294
259.531
190.575
245.615
264.908
440.228
180.845
432.887
252.08
177.627
285.688
296.005
495.603
207.995
492.47
286.151
206.031
290.688
315.149
500.793
212.28
507.032
288.258
217.386
43.6718
2.54158
87.0976
87.7712
81.0037
43.615
2.71611
43.6537
74.1657
75.3988
-0.436065
77.3518
42.7277
1.56726
42.6768
-3.83777
59.4414
69.0974
69.9762
-3.55574
43.2189
42.2185
72.5535
-1.61294
61.211
42.705
70.8712
-3.12724
40.6143
58.5775
118.231
114.944
40.1183
58.7592
118.894
-297.48
-415.885
-425.247
41.4014
115.466
60.1837
120.373
59.1767
119.574
42.1574
313.074
337.8
252.808
234.804
236.38
339.852
311.227
314.572
239.025
254.18
342.943
237.646
341.505
315.984
38.1431
58.0259
117.374
112.576
39.1522
56.7803
116.26
-271.767
-404.295
-385.094
37.1734
111.824
55.5878
114.221
56.194
115.286
36.3765
318.46
345.953
258.312
242.575
345.311
241.707
319.135
317.845
240.02
343.947
257.554
344.75
316.981
240.966
39.8673
-6.17093
93.0266
181.925
41.1377
-11.817
100.628
40.4069
109.44
-3.46849
202.15
-8.179
41.8529
106.018
46.6333
22.3797
213.914
113.058
15.3548
112.135
49.5146
45.7896
110.691
2.16841
215.618
9.73272
42.8719
112.521
43.7017
62.0088
122.766
117.737
61.0994
122.036
44.3741
-286.841
-417.301
-415.414
43.1002
117.287
60.6017
120.964
42.7544
60.7448
121.47
323.515
351.207
264.186
248.939
247.681
349.872
324.893
322.565
245.949
263.293
348.245
246.769
348.988
321.768
320.116
346.35
260.441
243.188
346.808
319.594
243.858
320.56
245.238
347.719
261.034
347.177
321.173
244.447
45.498
62.4373
123.434
119.475
45.1464
62.4551
123.98
-284.762
-421.186
-424.113
46.2834
120.063
63.9669
125.745
62.8953
124.737
47.1213
315.949
487.262
610.869
295.825
613.754
314.942
296.223
314.318
481.554
607.917
295.275
605.915
314.227
295.395
314.937
493.392
621.348
292.701
622.116
312.792
294.628
309.019
489.695
620.727
290.898
619.223
311.043
288.472
11.5399
-49.0973
30.0524
18.1775
29.2763
12.8825
-50.8452
10.4908
28.3012
17.389
-54.1234
28.7354
9.36376
-52.6631
8.50988
-53.621
18.8721
29.9806
29.1565
-54.7728
9.19427
8.23909
28.236
-55.3028
17.3385
8.69261
28.361
-55.8643
55.0711
70.1814
135.565
129.05
55.2963
69.6664
135.381
-156.559
-444.73
-448.507
55.1444
129.085
70.347
135.614
69.7091
135.385
55.4237
342.944
370.173
278.982
262.839
262.658
369.704
343.325
342.497
262.365
278.732
368.786
262.438
369.167
342.191
55.0625
70.1591
135.593
129.072
55.2531
69.6769
135.498
-151.342
-439.572
-435.512
54.9725
129.142
70.0955
135.688
69.7365
135.564
55.1111
341.369
367.651
278.195
262.086
367.803
261.998
341.279
341.594
262.229
368.396
278.289
368.089
341.868
262.07
15.583
-47.0391
30.8593
20.8899
14.0861
-45.1639
31.8545
16.8765
33.9207
-41.1533
22.209
-43.0339
18.3629
32.8305
22.6805
-32.77
27.2205
38.7166
-34.7941
37.3901
24.3051
21.3089
34.9881
-38.9685
25.7638
-36.9709
19.6869
36.2309
55.8649
71.3564
136.647
129.938
70.5103
136.118
56.4011
-164.512
-473.547
-469.941
55.5026
129.661
70.4973
135.737
55.4989
70.2639
135.817
343.466
370.441
280.756
266.151
264.912
369.228
344.804
342.577
263.421
279.957
367.946
264.049
368.456
341.974
341.211
367.483
278.359
262.133
367.448
341.191
262.253
341.306
262.929
367.685
278.548
367.467
341.6
262.477
57.3456
71.7825
137.202
131.421
57.0398
71.7728
137.666
-172.279
-477.285
-480.246
58.1368
132.131
73.6743
139.597
72.3789
138.487
59.0888
125.135
143.186
126.779
117.577
143.86
115.928
125.906
107.22
111.848
116.017
111.388
109.684
110.158
108.02
210.874
301.383
430.247
218.889
360.349
230.081
203.252
271.735
428.17
505.193
239.885
549.972
252.057
252.859
53.8267
38.9309
69.1726
44.2782
60.4672
65.952
21.8622
46.6459
47.2729
43.2366
-6.32404
55.7808
34.1048
10.0102
15.5231
-48.0055
25.4275
32.1716
35.0891
-42.2823
11.4391
19.0823
43.6726
-20.6567
29.0713
28.1838
37.54
-33.7403
71.1301
85.3222
156.684
146.914
72.0247
84.1081
155.606
77.291
30.7285
24.9358
70.1823
145.926
82.9184
153.293
83.3059
154.43
69.4603
382.005
410.015
308.605
292.958
292.673
409.781
382.275
381.497
291.635
308.185
408.618
292.235
409.307
380.757
72.8958
85.8679
157.465
148.913
72.7024
85.728
157.838
64.8747
38.7642
41.4109
73.2217
149.245
86.703
158.568
86.0074
158.224
73.5752
376.072
401.545
303.962
286.093
404.084
287.882
373.573
378.091
290.699
407.543
305.47
406.092
379.628
289.411
79.185
47.1688
73.8233
56.0012
72.1398
55.9141
79.3087
83.1055
85.6841
66.6205
59.5814
62.6678
86.2935
82.8193
90.2527
73.2352
66.2552
90.4662
72.8128
90.0265
90.5903
89.6181
87.6532
69.9205
65.3422
71.8036
88.0886
89.2013
65.5666
78.5536
146.739
140.666
79.1596
148.256
64.5986
-79.1074
-315.075
-249.901
66.9328
142.091
81.9032
151.752
68.2622
80.2837
150.009
348.827
372.175
284.958
267.583
269.272
374.413
346.575
351.693
273.692
287
380.985
271.304
377.472
355.028
366.801
398.149
297.414
283.912
394.285
370.406
281.408
362.758
276.23
385.324
294.665
389.646
358.852
278.791
61.8855
77.4257
144.999
136.403
63.203
75.8357
143.297
-185.073
-386.78
-431.576
60.6552
135.157
74.3607
140.661
74.8291
141.8
59.8976
310.596
465.604
585.102
292.656
583.616
309.914
292.955
311.534
471.178
587.982
293.192
591.251
310.395
293.762
314.865
452.027
574.875
284.887
577.461
314.88
288.559
311.932
417.438
570.245
278.95
562.543
314.53
270.552
42.465
-11.5875
55.9765
51.2079
59.0848
40.5247
-9.43195
43.476
64.1264
53.9482
-7.24335
61.4927
44.6588
-8.58496
46.4294
-2.94541
55.7659
69.2694
68.5809
-2.6536
45.1189
45.4855
65.2019
-6.52611
51.8223
45.3982
66.0487
-5.07791
53.8153
69.4198
135.205
128.307
54.201
68.7751
134.828
-130.266
-397.739
-392.904
53.4307
128.019
68.5567
134.073
68.5432
134.463
53.2245
344.247
371.002
279.815
263.216
263.26
371.425
343.931
344.617
263.476
280.001
372.252
263.399
371.905
344.87
54.4685
69.5478
135.407
128.764
54.5643
69.1344
135.341
-138.747
-403.892
-408.369
54.6472
128.777
69.7464
135.554
69.1491
135.377
54.9129
344.725
372.127
279.689
262.315
372.533
262.844
344.173
344.948
263.424
372.539
279.937
372.601
345.027
263.157
37.1387
-13.4623
53.6994
41.9558
39.1043
-15.7781
51.1971
35.5205
47.2236
-20.4435
39.6452
-18.0587
33.5215
49.2634
28.4901
-29.6095
32.3217
40.8677
-27.3985
42.4189
26.6565
30.0687
45.5705
-22.8456
34.0626
-25.0451
31.8931
43.8854
51.2056
66.4945
130.744
125.611
66.6657
131.621
50.6922
-123.309
-380.469
-377.729
52.0031
126.304
68.1524
133.443
52.7345
67.1756
132.538
329.029
353.456
268.759
250.542
252.092
355.651
326.889
331.57
255.723
270.493
361.997
253.761
358.426
334.611
341.859
371.374
277.456
261.569
370.034
343.283
260.424
339.989
257.526
365.446
276.147
368.137
337.528
259.117
48.7501
65.8518
129.597
122.951
49.7023
64.7269
128.341
-162.772
-388.743
-399.441
47.8378
122.108
63.6808
126.244
64.1023
127.235
47.2123
195.621
250.963
363.949
153.683
355.571
200.117
151.964
215.143
261.064
379.322
158.749
391.607
207.602
162.132
163.994
217.757
291.4
121.18
302.647
156.122
127.727
141.699
190.65
279.977
114.858
268.251
149.16
108.171
44.1331
3.28485
99.2791
163.959
95.184
47.1528
0.109375
41.9376
87.2947
158.356
-3.89306
91.8256
38.5443
-1.42591
28.4683
-15.2616
131.815
67.532
73.5397
-10.7442
23.6202
31.9234
83.3461
-5.50932
138.787
35.8022
78.2404
-8.27317
26.6317
47.6984
106.413
101.323
28.1054
45.7589
104.806
65.5719
-257.874
-278.905
25.0032
99.7329
42.7602
101.598
44.2637
103.194
23.761
308.81
337.79
249.676
234.526
232.811
335.693
310.705
307.158
229.785
248.122
332.079
231.344
333.847
305.538
30.8382
48.9454
107.902
105.7
29.8074
49.7553
109.139
-182.803
-265.415
-284.248
32.2988
106.828
52.4365
111.928
50.7619
110.467
33.6403
301.377
326.739
241.855
223.551
328.032
225.171
299.954
302.708
228.314
330.654
243.372
329.26
304.141
226.676
51.612
6.10335
102.261
182.541
49.0586
10.7605
105.649
54.1759
111.29
27.9183
188.595
18.8953
55.2111
108.781
56.3383
30.5423
209.715
116.028
34.5993
116.217
54.0952
56.2956
113.852
34.3464
204.816
35.0405
57.1066
114.742
18.2295
32.5293
92.5613
90.6524
35.2488
95.0977
16.21
133.827
-255.735
-258.272
20.2674
93.2756
40.708
99.668
22.0911
37.966
97.5145
285.237
311.589
224.523
203.188
206.946
314.178
282.078
287.857
212.94
227.33
318.442
209.93
316.357
290.381
296.662
325.343
236.638
221.802
323.813
298.388
219.851
294.722
215.476
320.367
234.613
322.127
292.668
217.737
10.0618
28.9401
89.4515
80.1984
13.5781
24.2385
85.7486
93.0668
-249.108
-246.353
5.94112
76.2609
14.8309
77.1493
20.0598
81.7853
1.59616
191.802
246.939
360.537
149.718
351.987
196.465
147.823
211.793
257.553
376.074
154.956
388.509
204.106
158.499
159.122
212.525
286.29
115.619
297.896
150.948
122.469
135.774
184.138
274.444
108.964
262.173
143.654
101.88
38.2447
-2.51079
158.138
93.4922
89.1406
-5.9227
41.4957
35.8326
80.7757
-10.338
152.286
32.2386
85.5389
-7.67679
21.8803
-21.6408
60.6076
125.16
17.1536
66.5935
-17.3342
25.351
76.6304
-12.0915
132.167
29.3352
71.3706
-14.9287
29.2635
51.0334
103.699
108.07
30.5051
49.4287
106.632
61.0523
-263.097
-284.427
27.9231
102.294
47.1535
103.816
48.2366
105.19
26.9858
307.403
335.701
247.602
233.311
231.5
333.419
309.411
305.61
228.23
245.853
329.358
229.904
331.352
303.851
32.8326
52.0481
107.531
109.422
31.9802
52.5978
110.535
-187.248
-270.423
-289.054
34.1312
108.536
54.8558
113.111
35.3316
53.4066
111.753
299.183
322.932
238.652
221.381
324.507
223.148
297.594
300.697
226.602
240.447
327.674
326.024
224.834
302.286
22.6272
39.0023
95.9569
94.463
21.0912
41.0357
98.1232
128.405
-262.701
-264.994
24.2315
96.7523
45.4585
102.107
25.6656
43.2669
100.241
281.274
304.168
217.899
198.838
202.95
307.442
277.776
284.226
209.605
221.382
312.818
206.324
310.243
286.998
16.1493
85.6356
36.0678
93.2535
19.0106
32.3023
90.07
86.5959
-256.192
-253.573
12.8965
82.3632
25.0599
82.8026
9.46776
29.0628
86.7135
293.931
321.215
232.52
219.415
319.374
295.829
217.292
291.781
212.45
315.195
230.096
317.328
289.532
214.928
46.4206
0.55182
96.7284
177.482
43.633
5.45618
100.372
49.2133
106.5
23.1147
183.789
13.848
50.4688
103.75
52.206
26.5739
112.095
205.799
50.1468
30.4446
112.085
51.9688
109.292
29.7755
200.69
30.6811
52.5773
110.401
309.605
464.687
584.315
291.692
582.787
308.969
291.946
310.668
470.38
587.231
292.271
590.535
309.492
292.879
313.653
450.883
573.799
283.587
576.428
313.621
287.312
310.561
416.118
569.121
277.59
561.364
313.218
269.127
41.1136
-12.8647
49.9329
54.7147
57.7669
-10.7664
39.2305
42.0634
62.6833
-8.70744
52.61
43.1827
60.1139
-9.98478
44.7414
-4.69213
67.5304
54.139
43.3535
66.9201
-4.32517
43.8724
63.6879
-8.05751
50.2707
43.8541
64.4642
-6.67483
54.1543
69.887
128.629
135.444
54.5222
69.2712
135.079
-131.553
-399.049
-394.271
53.7902
128.359
69.1052
134.353
69.0658
134.729
53.6021
344.083
370.739
279.564
263.068
263.104
371.147
343.776
344.445
263.303
279.735
371.943
263.236
371.612
344.688
54.7528
69.9935
129.041
135.633
54.8657
69.5594
135.559
-139.91
-405.15
-409.589
54.9264
129.036
70.1236
135.746
55.174
69.5556
135.58
344.515
371.754
279.362
262.106
372.176
262.644
343.953
344.748
263.242
279.627
372.214
372.26
262.967
344.835
51.651
67.1734
131.089
126.032
51.1574
67.3116
131.95
-124.846
-382.224
-379.408
52.4212
126.706
68.7281
133.738
53.1321
67.7883
132.851
328.696
352.841
268.237
250.2
251.773
355.082
326.526
331.262
255.446
270.006
361.511
253.465
357.9
334.327
49.2686
123.441
66.5638
129.961
50.1989
65.477
128.722
-164.558
-390.572
-401.365
48.391
122.625
64.5202
126.665
47.793
64.8964
127.636
341.621
370.982
277.075
261.349
369.624
343.053
260.193
339.738
257.268
364.992
275.744
367.707
337.262
258.872
35.9524
-14.6838
52.4928
40.8395
37.8661
-16.9476
50.0416
34.3847
46.1651
-21.5135
38.5806
-19.176
32.4335
48.1579
27.536
-30.5072
39.9794
31.4305
25.7412
-28.3361
41.4923
29.0708
44.5585
-23.8683
33.1326
-26.0243
30.8523
42.9162
125.011
143.07
126.68
117.483
143.737
115.829
125.789
107.168
111.797
115.939
111.316
109.63
110.083
107.97
210.65
301.192
430.024
218.65
360.143
229.835
203.037
271.444
427.928
504.961
239.629
549.721
251.791
252.575
53.6412
38.7633
44.0986
69.0276
60.2972
21.6645
65.7929
46.4408
47.0556
-6.5769
43.0392
33.8685
55.5933
9.78911
15.2101
-48.3655
31.8543
25.1309
11.0982
34.7997
-42.6184
18.7936
43.4369
-20.9338
28.8004
27.9274
37.2736
-34.0489
71.1719
85.3708
146.958
156.723
72.0542
84.1779
155.656
77.1922
30.6515
24.8431
70.2307
145.98
82.9978
153.354
83.3867
154.487
69.5121
382.005
410.012
308.597
292.959
292.671
409.77
382.277
381.504
291.633
308.176
408.603
292.235
409.294
380.766
72.913
85.9066
148.93
157.499
72.7264
85.7599
157.866
64.835
38.7036
41.3707
73.2319
149.252
86.7111
158.577
73.5848
86.025
158.239
376.091
401.54
303.945
286.095
404.076
287.885
373.595
378.108
290.697
305.454
407.527
406.081
289.413
379.639
65.645
78.6713
146.82
140.747
64.679
79.2782
148.336
-79.2478
-315.315
-250.103
67.0062
142.165
81.9909
151.819
68.3243
80.3919
150.083
348.816
372.119
284.917
267.553
269.252
374.37
346.552
351.693
273.682
286.966
380.963
271.289
377.44
355.04
61.9812
136.501
77.5513
145.083
63.2886
75.9816
143.387
-185.32
-387.058
-431.902
60.7559
135.262
74.513
140.752
59.9996
74.9848
141.894
366.828
398.145
297.393
283.913
394.285
370.429
281.41
362.786
276.225
385.311
294.64
389.64
358.875
278.789
79.0665
47.0229
73.696
55.8867
72.0002
55.7905
79.201
83.0049
85.6109
66.538
59.4878
62.5663
86.2126
82.7281
90.2274
73.2248
90.4573
66.2332
90.5805
72.7882
90.0044
89.5742
87.5974
69.8574
65.3004
71.7585
88.0262
89.162
316.544
487.796
611.356
296.459
614.218
315.564
296.827
315.01
482.177
608.432
295.943
606.464
314.883
296.097
315.398
493.8
621.676
293.139
622.467
313.225
295.094
309.407
490.038
621.038
291.31
619.521
311.45
288.863
12.0972
-48.5269
18.6848
30.6195
29.8123
-50.306
13.4713
11.0157
28.7737
-53.6479
17.8644
9.85706
29.2393
-52.157
8.91052
-53.2363
30.3263
19.244
9.56354
29.5361
-54.366
8.66756
28.6774
-54.855
17.725
9.15424
28.7684
-55.4467
54.8815
69.8853
128.865
135.412
55.0958
69.3806
135.233
-155.725
-443.81
-447.626
54.9541
128.909
70.0965
135.481
69.4321
135.242
55.2492
343.08
370.42
279.194
262.979
262.79
369.936
343.471
342.627
262.484
278.932
368.998
262.564
369.389
342.315
54.8396
69.8504
128.861
135.434
55.0443
69.3442
135.331
-150.4
-438.613
-434.518
54.7437
128.916
69.7366
135.506
54.8697
69.3877
135.386
341.475
367.822
278.353
262.179
367.984
262.096
341.378
341.706
262.341
278.458
368.598
368.281
262.174
341.986
55.7161
71.1532
136.535
129.793
56.264
70.2863
135.999
-163.851
-472.912
-469.263
55.3455
129.51
70.2575
135.609
55.3352
70.0276
135.692
343.506
370.509
280.828
266.187
264.955
369.309
344.835
342.625
263.479
280.04
368.052
264.099
368.549
342.031
57.2204
131.296
71.5888
137.095
56.9099
71.5816
137.56
-171.754
-476.697
-479.718
58.0154
132.012
73.5134
139.501
58.9766
72.1987
138.385
341.293
367.639
278.485
262.218
367.592
341.281
262.331
341.379
262.994
367.804
278.662
367.598
341.666
262.547
16.239
-46.4347
31.46
21.4925
14.7088
-44.5264
32.4877
17.5665
34.6214
-40.4463
22.8433
-42.3621
19.0878
33.4971
23.5166
-31.9143
39.5641
27.9969
25.1787
-33.9765
38.2007
22.1069
35.7249
-38.224
26.5012
-36.1882
20.4485
37.0035
269.966
274.53
451.428
188.5
461.467
262.022
193.14
248.341
267.741
442.611
183.654
435.382
254.687
180.563
287.621
297.988
497.264
209.964
494.212
288
208.091
292.39
316.872
502.381
214.162
508.551
290.029
219.188
46.1161
5.10194
90.1319
89.6286
83.4219
5.15076
46.1801
45.9848
76.369
1.77119
77.6555
44.9525
79.66
3.88189
44.6124
-2.0073
70.9233
61.3133
45.0699
71.8879
-1.64013
44.2469
74.6548
0.490844
63.177
44.8279
72.8765
-1.11873
39.5099
56.8676
113.91
117.4
38.9447
57.1602
118.113
-294.221
-412.294
-421.802
40.3693
114.492
58.781
119.685
57.6728
118.841
41.1844
314.162
339.707
254.431
235.909
237.408
341.611
312.405
315.571
239.902
255.674
344.45
238.588
343.125
316.913
36.7936
56.2112
111.312
116.486
37.8861
54.8293
115.308
-268.084
-400.539
-381.179
35.7123
110.476
53.3236
113.12
34.808
54.1035
114.267
319.209
347.101
259.427
243.23
346.533
242.406
319.838
318.648
240.828
258.753
345.346
346.059
241.721
317.841
42.8881
60.9027
122.217
116.974
43.6035
59.923
121.457
-284.23
-414.698
-412.678
42.2344
116.482
59.2735
120.314
41.8367
59.5001
120.858
323.941
351.874
264.831
249.31
248.078
350.588
325.289
323.027
246.407
263.986
349.069
247.197
349.759
322.264
44.8172
118.83
61.3857
122.915
44.4255
61.4637
123.486
-282.464
-418.695
-421.728
45.6354
119.451
63.0844
125.302
46.5087
61.9528
124.27
320.73
347.423
261.351
243.794
347.814
320.249
244.426
321.134
245.734
348.602
261.882
348.119
321.708
244.977
42.6983
-3.46028
95.6771
184.537
43.8339
-8.96455
103.401
43.3767
112.494
-0.337816
204.883
-5.19056
44.9686
108.925
50.231
26.1629
116.797
217.271
53.2817
18.9701
115.693
49.2178
113.905
5.45742
218.797
13.1755
46.1434
115.9
61.7535
107.072
221.279
-1.62892
200.971
55.8841
17.2578
35.0233
71.9787
246.729
-19.6041
230.901
50.5118
-41.8165
66.6972
111.92
151.79
53.6699
146.2
72.1758
47.4299
90.4286
133.713
162.681
60.0418
178.543
79.4201
68.2307
-27.3989
-81.5931
42.4943
-1.72155
10.2218
-75.8186
-39.3453
-18.3494
30.2296
-59.2371
56.6163
-9.04382
19.9857
-67.765
12.8452
-20.3965
61.8378
104.905
19.0475
54.683
-28.4372
6.32072
38.6004
-50.4399
93.3492
-1.487
47.3091
-40.0477
-92.8844
-114.598
-49.4354
-73.652
-73.1579
-102.586
-40.9132
-69.3943
-643.908
-562.838
-83.6533
-30.3349
-69.4511
-2.15885
-88.0706
-18.9176
-70.9174
96.6277
107.186
-13.4583
38.9714
16.3645
63.7702
139.132
125.521
68.2059
66.3039
192.721
44.0032
167.174
151.859
-45.4036
-121.072
-132.619
-97.2844
-26.9291
-157.652
-124.504
-520.429
-79.0899
-521.534
-89.1828
-151.545
-245.813
-187.01
-158.01
-197.607
-151.4
-305.129
-56.4642
-405.782
209.566
261.21
146.607
138.988
248.418
124.304
223.598
193.963
89.808
130.831
214.438
233.464
108.498
174.006
-39.7242
-20.8718
44.0069
25.2755
-30.4285
-33.9082
33.6643
199.198
-251.698
-257.627
-48.4147
15.4821
-56.8731
11.2206
-59.2132
-43.8877
23.613
274.692
308.887
213.238
199.54
194.605
305.459
278.839
270.522
183.753
208.864
297.455
189.995
301.962
265.087
-15.9557
53.3479
-12.97
51.8868
-22.9268
-4.07464
59.5997
199.836
-252.001
-239.002
-9.46462
59.3112
9.76826
72.1384
-3.51872
2.20235
65.9178
244.43
271.075
181.916
150.395
279.772
234.54
161.195
252.137
177.756
292.725
189.833
286.499
259.529
169.378
-64.9529
-83.2833
-11.4667
-7.36658
-50.2821
-87.6595
-21.4722
-80.4498
-27.0557
-112.728
-18.4506
-97.5936
-78.7223
-29.8237
14.4017
9.72242
21.3786
0.776113
18.5946
20.2535
25.529
1.24541
1.12798
-5.28256
-30.0554
2.99761
-7.26988
7.9493
-720.756
-461.801
-352.874
-689.364
-475.507
-393.784
-311.257
-29.692
-21.1114
-38.2194
-8.50743
-15.1925
-5.87562
-16.8473
65.9588
83.3905
60.4447
82.2357
59.297
79.2491
78.1139
26.9618
16.7584
-25.6043
-25.0719
23.3495
-19.098
-16.1913
19.1201
-23.0079
-3.94844
-6.16381
4.27843
-23.2126
13.9086
-118.948
-9.2574
-11.3497
-48.7895
-234.167
-159.317
-42.5973
-36.7145
-121.449
-71.3295
-47.5117
-53.592
-108.443
-27.6599
15.3354
-63.1799
1.50848
-37.7098
-62.9833
-102.755
-25.1016
17.1627
-6.31577
33.1656
-25.1645
20.9148
-20.4295
-4.70428
-11.7913
-36.1548
-8.81334
-10.1363
-37.222
-33.5172
-10.5504
108.038
37.0311
87.2189
42.2259
114.824
67.7746
61.5844
-5.35751
37.28
31.1081
53.1778
22.6167
17.3613
58.6836
148.884
145.137
139.333
94.2058
111.551
99.8551
105.755
64.6009
45.4493
66.6924
28.3327
33.3277
73.2141
58.9868
126.664
142.748
133.738
88.5394
92.248
99.5554
81.7818
25.6942
-8.72645
27.6315
48.8683
9.83534
13.2541
44.6596
91.4941
52.7696
125.91
46.6539
119.813
72.8486
78.6855
168.917
135.8
88.8695
87.0341
167.418
118.073
119.499
64.7859
28.948
64.0166
92.0328
55.9554
91.7865
55.9454
200.06
186.589
187.904
141.632
154.886
140.51
156.161
113.676
95.8326
127.968
81.1801
80.0595
126.823
114.893
190.316
201.269
188.985
142.641
158.494
157.287
143.863
135.078
86.2021
165.486
86.344
166.516
117.219
116.456
67.0402
29.4226
64.6411
92.7912
58.2004
56.575
94.42
175.237
93.9784
142.847
93.5655
175.624
125.693
125.495
34.5241
72.7682
70.7719
100.01
63.9287
62.667
101.321
211.412
199.777
198.644
151.79
168.017
152.759
167.101
121.252
103.235
134.594
86.4545
86.663
135.13
120.914
197.177
210.583
197.847
151.078
165.669
166.348
150.526
71.4888
34.302
70.3863
99.5127
62.7188
62.3067
99.7169
143.421
95.6305
177.643
94.0549
176.335
126.313
127.497
187.335
152.328
102.15
101.214
186.978
134.849
135.295
77.6661
38.7192
76.4996
106.794
68.306
107.305
67.7334
223.233
210.473
210.34
161.253
176.894
161.333
176.89
129.467
110.368
144.07
93.377
93.0848
143.903
129.735
210.336
223.134
210.235
161.24
176.993
176.892
161.412
152.39
102.011
187.393
101.224
187.07
134.868
135.203
77.7918
38.7091
76.5196
106.812
68.4429
67.7461
107.446
189.036
103.979
154.591
103.543
189.278
137.301
137.191
41.0603
80.869
79.0464
109.603
71.4823
70.323
110.843
226.022
214.348
213.211
164.436
180.979
165.404
180.113
131.88
112.789
146.053
95.1896
95.37
146.447
131.611
211.939
225.27
212.436
163.747
178.94
179.436
163.333
79.353
40.6572
78.5419
109.048
70.1296
69.8709
109.182
155.273
105.821
191.416
104.144
190.03
137.96
139.201
208.874
171.712
117.374
116.793
208.992
152.401
152.433
90.6535
49.1313
89.3871
121.108
79.8613
121.789
79.1751
246.582
234.227
233.889
180.104
195.86
180.409
195.65
144.292
122.346
158.534
104.885
104.941
158.783
144.151
233.121
246.222
233.519
179.798
194.994
195.351
179.519
172.029
118.156
209.957
117.06
209.349
152.694
153.296
90.0186
48.9523
89.1668
120.868
79.32
78.9846
121.097
196.75
109.414
159.462
107.484
194.782
141.72
143.311
42.5882
81.4312
80.9565
111.723
72.0037
71.9994
111.512
229.462
215.497
216.705
167.234
181.941
166.344
182.9
135.615
115.794
151.206
99.2645
98.3416
150.19
136.751
220.043
230.971
218.223
168.409
185.345
184.06
169.787
83.712
43.2002
81.7392
112.594
73.963
72.6752
114.052
158.258
106.548
192.47
106.513
193.377
140.619
140.056
187.355
152.107
101.597
100.777
187.06
134.624
134.946
77.4538
38.249
76.059
106.497
68.174
107.219
67.396
223.573
210.683
210.532
161.204
177.082
161.43
176.943
129.174
110.013
143.614
92.8446
92.7192
143.652
129.276
210.628
223.612
210.561
161.153
176.837
176.889
161.189
152.115
101.861
187.477
100.82
187.046
134.669
135.193
77.2296
38.2489
76.015
106.444
67.9606
67.3629
106.965
181.822
97.8826
146.488
96.3532
180.324
129.361
130.575
35.3354
72.7855
71.9945
101.737
64.1485
63.9018
101.73
215.134
201.004
202.092
154.517
169.285
153.743
170.143
124.642
106.287
139.75
89.9849
89.2504
138.948
125.541
204.668
216.341
203.255
155.393
172.052
171.051
156.441
74.3326
35.6481
72.4927
102.33
65.4556
64.3108
103.57
145.677
95.8212
178.492
95.7229
179.31
128.59
128.127
160.45
129.583
80.8071
81.1147
161.566
112.587
111.672
62.8945
25.0894
60.0515
88.7639
54.811
90.7266
52.831
197.316
186.281
184.665
138.666
155.135
140.155
153.691
108.944
91.8035
121.174
74.8557
75.7201
122.383
107.957
181.963
195.904
183.353
137.425
150.972
152.372
136.162
130.644
84.3707
164.559
82.1324
162.746
113.716
115.463
59.7824
24.3015
59.1565
87.7779
51.7475
51.9337
87.3862
142.044
63.3382
105.573
58.9019
138.132
89.9928
93.7519
0.306955
35.9156
37.6096
64.894
25.5741
27.9187
62.0848
170.274
153.463
157.472
111.739
123.088
107.903
126.797
88.4665
71.8809
104.455
58.5006
55.4817
101.532
91.6086
164.034
173.424
160.713
115.01
133.078
130.014
118.275
45.2476
3.33532
40.4551
67.8553
34.8239
30.941
71.6448
102.108
52.1509
130.463
55.6484
134.787
86.7379
82.8874
-12.6495
-23.1842
-40.447
-7.46392
12.1413
-13.4334
11.9127
79.5657
92.7872
71.9
92.0322
72.4996
88.4079
87.6374
-44.6136
17.4685
-32.1978
-42.0178
1.3391
-24.7774
10.6446
160.253
130.591
82.0253
82.2241
161.37
112.531
111.621
63.9888
26.351
61.1947
88.9044
55.1087
90.8736
53.1208
108.174
90.3565
119.401
74.1995
75.1215
120.755
107.122
195.469
185.315
183.625
137.778
153.583
139.335
152.009
180.719
193.882
182.202
136.44
148.967
150.528
135.094
131.602
85.3345
164.403
83.1757
162.591
113.688
115.434
61.1723
25.6723
60.3904
87.9124
52.0852
52.2274
87.5536
141.52
108.511
66.1014
62.0886
137.654
89.782
93.4879
40.3645
4.39338
41.4642
65.0487
26.1587
62.3459
28.378
163.997
149.576
153.931
108.503
116.396
104.325
120.817
85.9972
67.3046
100.044
56.5624
53.3222
96.6175
89.3772
161.133
167.82
157.553
112.13
128.278
124.691
115.651
105.365
56.2301
129.969
59.2006
134.233
86.4767
82.6869
48.2796
6.95553
43.8974
68.0163
35.1768
31.3668
71.7445
187.376
152.295
101.81
100.979
187.082
134.673
134.997
77.6768
38.4918
76.2832
106.586
68.2925
107.309
67.5137
129.139
109.894
143.449
92.8475
92.72
143.495
129.241
223.356
210.584
210.428
161.127
176.902
161.358
176.753
210.512
223.382
210.452
161.073
176.625
176.688
161.103
152.291
102.038
187.493
101.012
187.068
134.715
135.234
77.4929
38.509
76.2506
106.537
68.1002
67.4861
107.069
181.845
146.803
98.2153
96.6965
180.345
129.425
130.641
73.2491
35.7965
72.4083
101.873
64.3667
101.884
64.0952
214.676
200.757
201.861
154.337
168.851
153.551
169.736
124.547
106.036
139.459
89.9582
89.213
138.636
125.458
204.47
215.912
203.042
155.229
171.695
170.671
156.288
146.008
96.21
178.51
96.0856
179.328
128.656
128.198
74.7277
36.0783
72.8821
102.46
65.6466
64.4945
103.707
208.886
171.733
117.38
116.802
209.005
152.408
152.439
90.6589
49.1355
89.4032
121.119
79.8623
121.793
79.1792
144.3
122.345
158.532
104.89
104.945
158.783
144.16
246.579
234.228
233.891
180.104
195.86
180.41
195.647
233.125
246.22
233.524
179.8
194.989
195.348
179.521
172.044
118.158
209.959
117.065
209.355
152.697
153.297
90.0421
48.963
89.1902
120.886
79.3306
78.994
121.116
196.78
159.545
109.469
107.559
194.819
141.755
143.338
81.5264
42.6806
81.0526
111.776
72.0597
111.564
72.0543
229.425
215.485
216.702
167.232
181.896
166.336
182.863
135.629
115.778
151.187
99.2807
98.3596
150.168
136.764
220.045
230.941
218.224
168.409
185.318
184.029
169.787
158.345
106.618
192.496
106.594
193.413
140.656
140.085
83.7877
43.283
81.8289
112.646
74.007
72.7261
114.098
187.318
152.18
102.005
101.056
186.957
134.807
135.258
77.4498
38.5032
76.3014
106.713
68.1891
107.217
67.6286
129.488
110.455
144.179
93.3687
93.0769
144.019
129.753
223.417
210.566
210.426
161.316
177.064
161.401
177.05
210.413
223.308
210.317
161.298
177.136
177.043
161.468
152.235
101.841
187.376
101.055
187.05
134.827
135.162
77.6088
38.5085
76.3336
106.733
68.3429
67.6449
107.368
189.013
154.494
103.888
103.446
189.248
137.265
137.16
80.7704
40.9537
78.9383
109.546
71.425
110.79
70.2616
226.084
214.364
213.23
164.448
181.03
165.416
180.169
131.875
112.822
146.104
95.1735
95.3536
146.494
131.608
211.97
225.341
212.46
163.763
179.011
179.5
163.354
155.18
105.747
191.392
104.053
190
137.924
139.172
79.2329
40.5397
78.4265
108.99
70.0597
69.8052
109.123
168.998
135.072
88.1123
86.2376
167.507
118.059
119.478
63.7259
27.8845
63.0719
91.8877
55.6335
91.6128
55.6627
114.141
96.7452
128.936
81.4708
80.3913
127.874
115.312
201.505
187.461
188.714
142.314
156.304
141.247
157.473
191
202.598
189.723
143.262
159.611
158.494
144.434
134.312
85.2773
165.602
85.495
166.629
117.222
116.453
66.1735
28.4422
63.7613
92.6424
57.9127
56.302
94.2571
175.235
142.444
93.5027
93.1226
175.62
125.629
125.426
72.2936
34.0012
70.2984
99.8672
63.713
101.171
62.4576
211.973
200.047
198.932
152.015
168.483
152.969
167.598
121.406
103.601
135.071
86.5376
86.7419
135.576
121.079
197.513
211.186
198.16
151.326
166.241
166.883
150.791
143.036
95.2286
177.632
93.6342
176.324
126.247
127.432
70.9259
33.7406
69.8851
99.3645
62.4709
62.0885
99.5487
-62.0697
-4.23987
-81.9241
-100.759
-24.3726
-65.2945
-46.7782
-113.558
-118.147
-104.19
-74.5413
-93.8735
-87.7331
-88.0672
-37.7531
-35.7353
-10.3453
-41.1571
-52.2776
-25.2587
-22.968
-45.1684
-8.24512
-22.01
-58.4272
-61.016
-77.8726
-40.9416
-84.7781
-135.454
-68.5656
-122.937
-47.3867
-86.9765
-104.184
21.9653
15.4001
1.47371
-37.1037
-1.17587
-20.0444
-18.5799
-69.6766
-109.341
-86.7359
-57.9321
-66.2824
-77.9639
-42.5032
108.045
81.2442
29.5622
35.9122
115.164
67.7801
61.2963
32.304
-11.4813
25.1801
52.6865
22.0445
58.4373
16.5555
157.771
149.525
144.138
98.6772
119.144
103.909
114.318
69.0033
54.1604
77.2267
32.8687
37.3339
82.3873
63.9055
132.653
152.919
139.174
93.5988
103.468
109.364
87.4073
86.296
48.177
126.476
41.1657
120.169
72.9043
78.9377
17.5991
-15.7873
20.7739
48.231
8.57108
12.2985
43.6752
-100.895
-4.04761
-10.767
1.11151
-67.6283
13.0468
-74.3216
-108.262
17.1824
-5.73138
-3.21808
1.63789
-69.5556
17.6427
-268.902
-220.865
-271.78
-200.917
-146.621
-240.452
-158.596
-65.1754
-89.1605
-133.552
-109.474
-31.5613
-53.7444
-49.2432
-71.206
-3.18727
-5.84401
-35.399
-4.39807
-84.3392
-32.5521
-36.8384
-54.5512
-80.0648
-57.8589
-17.4249
-41.435
-39.0077
25.8516
-26.2967
-50.5492
-22.8921
29.2832
74.3002
68.3907
-43.9497
-34.738
-71.0293
-39.124
-5.10447
11.4895
-33.2804
-65.6268
-23.3482
-13.1789
33.3321
-37.8211
-28.3219
21.282
-30.0122
-15.9718
89.928
6.9915
107.087
100.319
64.5534
1.86752
-176.971
-130.016
-151.709
-54.7089
-93.1791
-151.369
39.0142
80.8694
41.5558
90.4229
41.8494
90.107
77.2682
14.1697
-42.6084
-314.41
-491.199
-13.445
-543.372
-9.16805
13.4073
52.3396
61.3666
79.2604
20.493
58.449
84.9225
168.262
132.022
383.456
239.456
137.67
168.528
418.528
194.721
184.945
253.204
497.481
217.416
155.799
460.378
-22.9963
11.1533
-1.40967
2.05437
-21.0773
-46.8094
13.837
-55.5497
5.5938
-4.04064
8.57612
-27.4568
21.1945
-30.2696
-44.2809
-13.5484
-7.50375
-4.03841
-46.3583
-42.6568
-8.07014
-232.782
-90.2764
-128.216
-69.7502
-80.4683
-147.426
-64.6363
163.196
-138.762
132.209
53.8594
-85.182
79.7838
-103.806
-6.1795
-18.6153
-20.2442
-46.2865
29.1123
-47.7443
-64.7349
-122.354
41.1587
-9.19423
-34.3438
-50.554
14.0821
-127.613
-23.9171
-239.11
-14.2546
-29.4865
-128.876
-40.723
-160.636
36.4658
26.657
-18.1133
-15.6892
44.607
0.485598
-6.6508
-4.92346
-39.5125
-42.3182
-37.8556
-15.4865
-29.2198
-19.8521
1.08103
-41.1614
-6.47904
4.65413
-19.7689
12.8148
-27.2775
58.1002
77.3197
63.0545
20.2317
34.8921
33.7104
16.7307
32.4349
35.8659
47.7919
5.46553
-30.6251
-8.88283
-5.04881
34.2315
2.0908
66.3706
-7.72772
54.9053
10.6368
21.2331
-7.73433
-45.441
-11.3786
-2.49794
-34.1177
-4.98426
-33.4438
101.791
66.0994
31.217
22.1391
92.5579
46.3704
55.1081
44.758
24.4662
59.1902
22.3192
52.5423
15.2323
50.3429
6.83454
-26.271
8.78946
25.6479
-12.7311
20.148
-8.14966
105.892
89.5108
100.749
56.2057
50.2144
45.6217
63.1951
119.449
117.016
110.118
65.5473
84.0485
74.4778
74.2405
59.9858
9.5918
75.6469
15.5078
84.9275
38.6049
30.3224
21.3171
-21.4947
13.6286
31.8845
4.71974
39.2866
-2.22983
169.723
138.262
89.5544
89.2886
170.283
120.676
120.302
116.25
98.3472
128.88
81.9286
115.726
82.3247
129.631
69.2313
31.485
67.0746
95.6588
60.4455
97.0514
59.0366
205.319
193.76
192.809
146.245
162.072
147.174
161.176
191.239
204.516
192.078
145.508
159.477
144.768
160.36
138.763
91.3664
172.065
89.7748
170.912
121.304
122.46
67.7149
31.2025
66.6504
95.1035
58.8828
95.1703
58.5894
174.602
141.086
93.4334
91.9745
173.554
123.826
124.865
119.458
101.54
133.937
85.9174
120.299
85.1434
133.179
69.7349
32.9105
68.6748
97.4517
60.9582
97.611
60.6016
207.63
194.401
195.023
148.4
162.797
147.837
163.483
196.482
208.288
195.627
149.022
164.948
149.841
164.166
140.658
91.8749
172.638
91.5547
173.025
123.294
123.052
70.9698
33.1447
69.0296
97.9191
62.2145
99.1487
60.9764
187.329
152.277
102.201
101.288
186.921
134.947
135.352
129.668
110.673
144.165
93.4853
129.822
93.3335
144.158
78.0348
38.9081
76.6308
107.022
68.8518
107.775
68.0365
223.073
210.408
210.17
161.439
177.345
161.734
177.13
210.31
223.055
210.152
161.357
177.048
161.464
177.043
152.312
102.455
187.46
101.35
186.952
135.026
135.616
77.8685
38.861
76.6083
106.958
68.5521
107.53
67.9422
188.537
153.143
103.523
102.229
187.73
135.891
136.709
130.613
111.674
145.618
94.8057
131.174
94.2744
145.169
78.1999
39.4678
77.1701
107.569
69.0324
107.943
68.5886
223.513
210.529
210.622
162.005
177.518
161.901
177.708
211.438
223.779
210.893
162.304
178.461
162.842
178.009
152.876
102.621
187.591
101.958
187.458
135.604
135.78
78.9448
39.6632
77.405
107.831
69.7542
108.756
68.8212
208.146
169.759
116.846
115.266
206.799
150.684
151.843
142.882
121.266
158.051
104.499
143.659
103.846
157.397
87.8098
47.4955
87.3175
118.823
77.4349
118.645
77.3976
242.839
228.829
230.057
177.082
191.748
176.218
192.689
232.355
244.007
231.241
178.005
194.389
178.9
193.597
168.805
114.6
204.801
114.497
205.692
149.814
149.296
89.5899
47.9792
87.9336
119.509
78.9499
120.624
77.9281
198.393
163.652
110.503
110.607
199.674
145.334
144.563
138.537
117.998
152.219
100.046
137.775
100.552
153.094
87.0385
45.7751
85.0805
116.333
76.7793
117.782
75.513
238.16
227.239
225.366
173.633
190.564
175.025
189.266
221.85
236.298
223.531
172.283
186.682
171.134
187.919
165.036
113.633
203.345
111.686
201.332
146.58
148.186
84.5847
45.1186
84.226
115.372
74.7071
115.025
74.7844
187.211
151.707
101.421
100.334
186.597
134.115
134.755
128.658
109.504
143.424
92.6722
129.088
92.2642
143.101
76.4257
37.7903
75.4273
105.748
67.2409
106.035
66.8002
222.923
209.409
209.804
160.305
175.674
160.008
176.039
210.494
223.224
210.12
160.617
176.656
160.999
176.353
151.442
100.571
186.112
100.09
186.294
133.83
133.81
77.05
37.901
75.6231
105.986
67.7897
106.781
66.972
182.886
149.1
98.5542
98.2595
183.558
131.697
131.385
126.582
107.804
140.444
90.4948
126.22
90.6762
140.961
76.0799
36.9606
74.3626
104.565
66.94
105.652
65.9044
221.029
208.799
207.834
158.722
175.165
159.5
174.464
205.885
220.078
206.892
158.003
172.969
157.34
173.734
149.769
100.165
185.544
98.7696
184.397
132.336
133.339
74.8906
36.7387
73.9773
104.086
65.9324
104.2
65.5798
159.074
125.258
79.4733
76.9412
157.107
108.288
110.282
104.924
87.8817
119.796
73.5678
106.634
71.8828
118.189
54.4708
19.1962
54.2731
82.6137
46.0002
81.8294
46.7115
189.515
175.547
177.192
131.403
144.436
129.781
146.164
180.508
191.157
178.775
133
149.478
134.715
147.805
123.746
74.61
154.091
75.4836
155.57
106.751
105.393
58.5607
20.5306
55.4655
83.9286
50.4531
86.1242
48.1248
145.015
115.249
66.0919
67.5125
147.279
98.6163
96.5955
96.1546
79.1346
107.04
61.1234
94.2262
62.9658
109.175
52.9186
13.5145
49.4347
77.5092
44.0621
80.1406
41.1303
183.782
173.631
171.496
125.678
142.518
127.852
140.413
166.835
181.521
169.173
123.353
135.794
121.069
138.142
117.69
72.7347
152.127
69.7372
149.707
100.975
103.45
47.6531
11.287
47.7239
75.5267
37.6288
74.2391
38.8359
-60.1626
-73.4178
-100.463
-43.9293
-23.1568
-25.7738
-45.9067
158.816
80.7491
126.557
78.346
156.859
108.194
110.181
103.886
85.9456
117.836
72.8069
105.689
71.0322
116.045
21.005
56.4025
55.9593
82.7295
46.3433
82.0004
46.992
186.632
173.767
175.537
129.957
141.542
128.217
143.512
179.125
188.538
177.286
131.705
147.271
133.522
145.401
60.0118
22.1928
57.0175
84.0609
50.7496
86.2551
48.4151
125.115
76.3077
153.799
76.9828
155.256
106.607
105.276
144.592
68.6319
117.279
69.7386
146.837
98.3961
96.4079
94.3747
75.8661
103.109
59.4307
92.2671
61.4361
105.625
15.8633
54.9529
51.6905
77.6479
44.3451
80.2502
41.4396
180.013
171.641
169.353
123.77
139.31
126.093
136.899
164.24
177.354
166.785
121.218
131.495
118.736
134.241
50.4768
13.8922
50.1904
75.6348
38.0252
74.4079
39.1487
119.586
74.5305
151.741
71.7862
149.354
100.816
103.256
187.232
101.643
151.923
100.566
186.621
134.17
134.806
128.613
109.359
143.247
92.6713
129.048
92.2585
142.913
38.107
76.7444
75.7132
105.855
67.4047
106.155
66.9466
222.638
209.264
209.666
160.201
175.409
159.9
175.788
210.371
222.954
209.99
160.52
176.431
160.908
176.116
77.32
38.194
75.891
106.089
67.9302
106.886
67.109
151.668
100.832
186.137
100.337
186.318
133.885
133.869
182.912
98.875
149.376
98.5585
183.585
131.76
131.453
126.512
107.601
140.173
90.4759
126.147
90.6557
140.705
37.3156
76.407
74.6873
104.683
67.1045
105.773
66.0639
220.694
208.645
207.672
158.597
174.884
159.383
174.168
205.701
219.723
206.72
157.871
172.635
157.199
173.418
75.2761
37.1222
74.3208
104.207
66.1237
104.338
65.7501
150.034
100.436
185.567
99.0556
184.423
132.398
133.398
208.16
116.858
169.805
115.299
206.825
150.703
151.85
142.895
121.263
158.048
104.505
143.668
103.856
157.394
47.5364
87.8583
87.3704
118.858
77.4621
118.678
77.4252
242.832
228.838
230.068
177.088
191.737
176.223
192.681
232.359
244.002
231.251
178.011
194.381
178.901
193.59
89.6177
48.0106
87.9793
119.54
78.962
120.645
77.9505
168.857
114.63
204.825
114.537
205.722
149.837
149.314
198.424
110.555
163.724
110.668
199.711
145.367
144.59
138.554
117.99
152.204
100.062
137.79
100.569
153.084
45.8318
87.0905
85.1484
116.376
76.8084
117.817
75.5504
238.149
227.247
225.377
173.64
190.552
175.029
189.252
221.855
236.284
223.541
172.29
186.66
171.137
187.902
84.6581
45.1856
84.3012
115.418
74.7504
115.07
74.8267
165.103
113.667
203.37
111.741
201.367
146.61
148.206
187.31
102.06
152.144
101.149
186.899
134.909
135.314
129.68
110.743
144.265
93.4739
129.835
93.3236
144.252
38.7442
77.8838
76.4731
106.95
68.7688
107.707
67.9507
223.207
210.465
210.228
161.48
177.454
161.775
177.245
210.381
223.199
210.217
161.404
177.181
161.514
177.168
77.6879
38.6838
76.4421
106.886
68.4522
107.451
67.8531
152.187
102.34
187.443
101.218
186.927
134.987
135.584
188.517
103.43
153.035
102.119
187.705
135.855
136.679
130.614
111.718
145.676
94.7915
131.174
94.2601
145.231
39.3226
78.0524
77.0312
107.504
68.9492
107.875
68.5115
223.62
210.579
210.667
162.036
177.618
161.937
177.801
211.475
223.877
210.932
162.331
178.54
162.868
178.094
78.8221
39.5291
77.2743
107.768
69.6842
108.697
68.7482
152.764
102.509
187.572
101.842
187.433
135.568
135.747
169.782
88.8271
137.652
88.6146
170.337
120.642
120.265
116.595
99.0513
129.766
82.1774
116.098
82.5541
130.453
30.6975
68.5324
66.3678
95.5032
60.1807
96.887
58.7808
206.302
194.259
193.344
146.684
162.896
147.581
162.06
191.864
205.577
192.658
145.987
160.506
145.286
161.316
66.8726
30.3548
65.8973
94.9489
58.5817
94.992
58.324
138.182
90.7627
172.103
89.1377
170.954
121.26
122.415
174.61
92.9412
140.619
91.461
173.565
123.768
124.805
119.667
102.006
134.454
86.0194
120.486
85.2637
133.737
32.2256
69.0524
68.0656
97.2993
60.6845
97.435
60.3596
208.427
194.857
195.449
148.744
163.559
148.205
164.194
196.848
209.031
196.022
149.337
165.565
150.132
164.827
70.3936
32.5076
68.4546
97.7663
61.972
98.987
60.7441
140.171
91.2923
172.66
91.0164
173.047
123.243
122.994
15.0453
-61.8505
-8.26161
-49.8075
30.6224
-13.3711
-27.5053
3.3235
-2.93097
4.21235
-29.5614
-8.21165
-20.3236
16.6358
-67.7754
-20.4346
-34.7535
-5.91683
-25.8084
6.12737
-36.7952
88.7619
87.1854
73.0872
29.9411
60.1682
43.1076
47.3436
41.614
73.4802
58.0483
15.3303
17.1827
0.173098
32.803
-53.0264
-78.5165
-46.7704
-17.6461
-54.214
-27.209
-46.9942
6.39494
-18.5232
60.8904
-34.9659
45.3258
1.19699
15.6095
101.591
22.3735
55.167
10.9711
91.3941
44.9343
54.5558
50.8741
38.2072
71.4303
27.5249
58.1129
21.0348
64.5732
-40.2066
-10.7001
-5.48305
22.4908
-17.1382
15.4292
-11.2416
124.078
98.4552
109.039
64.0199
71.227
54.1682
80.9479
126.243
132.472
117.489
72.5228
97.0628
80.8409
89.3137
11.8322
-33.2131
1.76138
29.6412
3.20792
37.9782
-4.56081
46.8107
-7.07259
72.0381
2.04444
83.0232
36.3794
26.5715
-497.895
-353.397
-259.32
-821.982
-240.436
-406.579
-841.129
-264.513
-157.015
-247.287
-300.446
-453.147
-363.927
-196.467
-32.2593
-144.545
-80.1879
-82.1365
-102.891
-26.4815
-174.601
-1072.45
-571.118
-1064.95
-756.839
-499.706
-504.36
-761.22
-108.483
-168.845
-126.691
-115.859
-123.563
-212.478
-111.9
-724.204
-537.569
-1014.98
-374.152
-140.056
-278.632
-141.862
-96.4343
-114.349
-39.6108
-88.452
-173.539
-91.1494
-71.3515
-85.3194
-104.79
-71.0146
-85.1002
-54.5312
-158.612
-84.9285
-18.5781
-84.957
-108.372
-19.8671
-58.1108
-43.669
-108.819
-333.805
-95.3856
-124.481
-80.365
-115.998
-68.6075
-126.997
73.3588
152.457
22.168
34.1396
-43.9704
-81.5501
-7.41013
-69.1074
-97.541
-129.848
-130.907
-53.7991
-72.5086
-97.9517
-35.1595
-79.862
-123.964
-160.023
-31.8156
-94.1993
-65.7658
103.33
132.804
48.1638
85.2298
80.7764
62.8519
24.4259
-6.75578
26.2413
27.8572
23.7816
-12.7243
27.9268
-28.5532
71.1839
-45.6742
26.6581
-5.78464
-55.2867
-76.7392
36.679
-47.7157
-87.791
-143.93
-41.0156
-109.718
-4.32419
-74.2552
-522.638
-100.705
-477.546
-298.456
-229.498
-231.125
-292.294
-234.376
-327.743
-260.271
-397.485
-263.71
-392.342
-351.817
-383.947
-326.019
-474.674
-132.034
-462.234
-426.371
-621.251
-422.21
-511.821
-287.385
-705.379
-470.03
-670.035
-909.353
-522.444
-843.861
-417.226
-494.54
-1066.88
-680.042
-480.172
-280.516
-955.523
-548.426
-276.384
-345.345
-279.531
-387.13
-423.022
-440.96
-106.869
-86.3744
-124.908
-115.358
-99.5787
-108.446
-134.532
-88.304
-159.2
-75.2017
-147.193
-101.383
-84.4272
-156.959
-194.021
-216.652
-231.464
-143.174
-161.957
-350.01
-165.997
-122.754
-194.979
-144.804
-64.9745
-93.8631
-329.368
-73.6759
-31.5952
-72.837
-113.991
-27.7596
-14.1005
-85.832
-49.8119
364.643
229.676
236.747
204.898
220.217
197.947
226.681
342.735
222.167
212.516
179.584
210.365
188.883
200.523
-212.765
-159.561
-103.056
-152.096
-256.791
-172.503
-230.413
169.36
109.408
58.9853
-69.2435
40.8796
-20.2219
1.32673
-81.71
28.7993
-27.1711
-92.0529
-60.2485
-112.505
-40.2142
276.235
148.718
179.35
51.1248
73.7456
18.6475
101.732
154.636
82.0246
132.646
62.1184
66.2696
43.0242
85.5006
71.9918
54.2469
105.473
34.1765
-19.5343
0.0453734
15.0197
135.947
99.194
72.8571
50.8516
56.4371
26.2438
72.5488
229.661
119.644
140.589
110.323
85.5138
109.094
92.4027
237.921
184.852
232.585
173.475
160.052
154.325
178.932
402.797
282.129
288.445
180.27
215.882
222.488
172.767
178.21
219.06
226.33
165.286
138.355
145.985
157.823
386.049
274.452
265.27
150.988
205.94
195.945
161.716
172.875
138.054
187.825
121.6
86.2963
105.847
101.896
210.43
150.737
200.191
136.28
127.382
146.963
116.573
381.051
263.813
260.249
231.553
253.375
234.629
251.033
386.161
266.88
270.069
240.928
256.865
238.428
258.831
281.633
234.162
279.383
228.853
211.92
210.166
230.85
423.422
336.18
338.59
249.606
268.566
247.098
272.081
232.252
274.755
277.1
226.468
206.072
208.063
224.117
265.935
223.979
268.113
216.271
196.217
198.98
213.385
415.673
333.948
331.25
240.729
265.231
244.06
262.719
226.124
272.493
270.261
218.885
203.794
201.394
221.526
242.591
200.233
246.575
189.276
166.576
170.924
185.225
411.861
312.576
309.72
210.332
247.952
245.752
213.894
204.246
253.3
250.181
194.134
179.698
176.044
197.479
413.39
315.484
318.111
221.787
250.591
252.495
218.26
263.676
216.785
261.342
207.528
193.515
210.639
190.343
256.238
214.004
258.833
204.432
183.76
201.286
187.12
401.932
289.233
291.57
263.528
276.803
280.112
260.245
394.447
286.709
283.916
254.99
273.863
271.81
257.373
416.357
307.924
308.446
286.648
298.302
285.877
299.04
415.789
307.346
306.895
284.442
297.752
285.068
297.248
283.646
239.393
285.447
234.247
213.813
215.107
232.881
439.283
347.995
346.86
255.243
286.079
255.746
285.072
240.81
288.207
286.942
235.83
217.832
216.747
236.778
441.987
348.987
349.808
257.046
287.314
256.535
288.213
291.888
245.147
291.009
239.872
222.077
221.222
240.697
289.259
244.26
290.18
238.792
219.23
238.056
220.063
416.099
301.325
300.518
276.201
292.703
291.204
277.997
418.48
302.601
303.453
280.017
293.438
293.914
279.262
298.582
251.683
297.249
246.782
229.223
228.286
247.859
442.743
355.836
356.78
265.168
295.035
295.929
264.242
250.765
295.347
296.239
245.742
226.556
227.315
244.936
442.191
355.087
354.182
262.091
294.407
293.728
263.089
292.563
247.589
293.249
242.326
223.125
241.668
223.836
294.611
248.317
293.881
243.25
225.587
243.981
224.811
418.554
309.5
309.871
288.204
305.023
289.801
301.636
414.279
308.619
307.746
288.519
304.421
288.88
304.04
311.979
264.734
312.222
256.32
238.471
238.448
256.226
451.621
373.051
372.833
271.881
306.117
271.765
305.411
264.837
312.715
312.524
256.387
238.409
238.4
256.498
312.421
264.39
312.745
256.201
237.488
237.753
256.044
456.098
373.346
373.372
271.21
306.921
271.457
307.623
264.642
312.867
312.851
256.402
238.246
238.066
256.454
300.059
255.333
301.809
250.109
230.292
231.194
249.067
451.03
366.762
364.11
268.885
307.988
302.318
269.544
256.824
306.121
303.727
251.3
233.486
232.389
252.59
459.933
369.078
370.556
269.014
309.522
309.918
269.034
311.879
262.501
310.994
255.115
236.955
255.612
236.329
308.253
261.434
309.825
254.42
234.698
253.737
235.512
406.544
304.452
303.908
286.784
299.905
299.198
287.192
410.021
304.857
305.444
287.697
300.522
301.263
287.224
395.327
301.793
302.138
287.006
293.922
286.752
294.184
394.71
301.3
301.001
286.022
293.658
286.246
293.411
311.606
264.352
311.316
255.867
238.473
238.302
256.131
443.407
370.689
370.883
272.497
300.992
272.614
301.549
264.186
310.733
310.968
255.779
238.325
238.332
255.659
439.615
370.438
370.373
273.14
300.152
272.88
299.742
310.086
263.935
310.114
255.55
238.692
238.482
255.701
310.466
263.96
310.289
255.567
238.373
255.589
238.42
400.374
301.387
301.721
285.88
295.375
295.877
285.629
397.656
301.115
300.934
285.471
294.797
294.472
285.594
313.688
266.765
312.568
258.643
242.47
241.576
259.57
434.678
371.617
372.398
277.773
298.253
298.599
276.888
265.992
311.068
311.714
257.838
240.309
240.859
257.224
434.868
371.196
370.729
275.374
298.129
297.894
276.068
310.04
264.276
310.139
255.979
238.855
255.801
239.06
310.648
264.517
310.29
256.262
239.815
256.71
239.374
401.695
307.035
305.763
290.481
299.345
291.261
298.646
408.961
306.526
308.7
293.306
301.487
290.538
305.673
343.71
290.191
343.502
277.969
258.842
258.635
278.177
502.429
398.66
399.351
275.594
346.007
275.06
346.484
289.801
342.426
343.057
277.579
257.858
258.299
277.076
336.633
286.053
338.542
274.135
254.178
255.277
272.933
498.72
397.482
396.1
273.349
344.362
274.194
343.504
287.376
341.431
340.215
275.335
257.179
256.309
276.268
315.158
270.427
316.853
261.775
243.456
244.497
260.701
444.974
381.424
380.423
281.82
308.347
306.091
280.764
272.167
321.69
319.177
263.266
247.087
245.785
264.681
468.114
383.554
384.455
276.001
315.616
321.432
278.034
334.097
280.627
331.318
269.793
252.813
271.422
251.422
324.986
278.351
328.019
268.052
248.536
266.475
249.854
426.61
316.349
316.906
297.471
320.56
320.862
297.177
423.835
315.409
314.457
295.991
319.46
318.855
296.378
401.781
307.155
305.91
290.648
299.45
291.405
298.767
408.995
306.631
308.786
293.413
301.557
290.651
305.739
343.707
290.195
343.496
277.969
258.844
258.64
278.179
502.432
398.592
399.291
275.56
346.042
275.024
346.516
289.806
342.412
343.047
277.582
257.87
258.308
277.08
498.712
397.411
396.026
273.316
344.403
274.161
343.546
336.617
286.067
338.527
274.151
254.209
255.305
272.95
341.418
287.385
340.199
275.344
257.198
276.278
256.33
426.63
316.376
316.927
297.498
320.59
320.887
297.21
423.862
315.445
314.5
296.044
319.499
318.897
296.424
315.288
270.513
316.958
261.907
243.594
244.619
260.855
445.022
381.4
380.454
281.886
308.407
306.182
280.796
272.239
321.733
319.254
263.371
247.176
245.888
264.758
468.064
383.502
384.387
275.99
315.639
321.448
278.039
334.085
280.652
331.308
269.821
252.854
271.446
251.468
325.002
278.384
328.019
268.092
248.606
266.529
249.912
395.566
302.107
302.422
287.322
294.235
287.097
294.47
395.012
301.641
301.367
286.421
294.001
286.62
293.775
312.033
264.683
311.722
256.349
238.92
238.729
256.636
443.843
371.103
371.313
272.987
301.538
273.087
302.12
264.5
311.103
311.356
256.234
238.711
238.732
256.097
310.387
264.185
310.431
255.918
238.995
238.802
256.051
439.986
370.837
370.757
273.567
300.665
273.327
300.233
264.227
310.818
310.623
255.96
238.733
238.763
256
313.84
266.896
312.74
258.842
242.627
241.748
259.749
434.911
371.867
372.629
278.011
298.566
298.886
277.149
266.138
311.278
311.905
258.061
240.516
241.052
257.466
435.132
371.465
371.015
275.682
298.469
298.253
276.358
310.322
264.481
310.404
256.285
239.137
256.127
239.323
310.878
264.707
310.537
256.545
240.044
256.977
239.617
400.846
301.945
302.305
286.52
295.932
296.458
286.24
398.074
301.644
301.438
286.019
295.322
294.975
286.168
419.567
310.69
311.128
289.579
306.192
291.105
302.875
415.156
309.746
308.827
289.698
305.521
290.109
305.104
312.429
265.122
312.693
256.878
238.947
238.945
256.763
452.191
373.627
373.383
272.521
306.879
272.431
306.139
265.246
313.234
313.019
256.978
238.96
238.927
257.114
456.744
373.951
374.004
271.941
307.72
272.161
308.456
313.043
264.891
313.341
256.913
238.162
238.399
256.786
313.411
265.118
313.419
257.077
238.831
257.105
238.675
407.16
305.24
304.662
287.611
300.689
299.952
288.054
410.728
305.686
306.309
288.641
301.35
302.124
288.131
301.009
256.107
302.701
251.182
231.341
232.185
250.206
451.866
367.604
365.012
269.945
309.081
303.493
270.545
257.549
306.908
304.56
252.301
234.371
233.316
253.544
460.66
369.874
371.327
269.918
310.557
310.923
269.973
312.53
263.082
311.672
255.926
237.671
256.395
237.074
308.997
262.047
310.535
255.278
235.526
254.631
236.304
417.795
309.729
310.154
288.513
300.123
287.846
300.767
417.49
309.262
308.92
286.654
299.695
287.165
299.295
286.373
241.669
287.979
237.26
216.863
217.945
236.122
441.821
350.35
349.373
258.148
288.985
258.478
288.145
242.914
290.399
289.289
238.616
220.294
219.369
239.395
293.575
246.733
292.801
242.004
223.958
223.21
242.718
444.107
351.185
351.881
259.462
290.055
259.082
290.841
245.964
291.302
292.097
241.083
221.508
222.207
240.486
299.6
252.622
298.332
248.072
230.35
229.474
249.081
443.992
357.188
358.056
266.652
296.789
297.589
265.811
251.77
296.577
297.396
247.126
227.906
228.59
246.4
443.76
356.526
355.704
263.864
296.274
295.691
264.769
294.142
248.893
294.736
244.104
224.871
243.551
225.481
295.925
249.535
295.276
244.908
227.037
245.551
226.343
418.831
304.369
303.749
279.726
295.792
294.471
281.33
420.779
305.464
306.16
282.984
296.335
296.675
282.391
390.351
273.203
270.396
242.927
263.703
245.156
262.169
393.605
275.584
278.174
249.912
266.336
248.079
267.673
284.594
237.043
282.585
232.647
215.234
213.729
234.37
427.247
340.3
342.371
253.97
273.611
251.85
276.69
235.393
278.538
280.588
230.597
210.274
211.939
228.599
420.65
338.444
336.13
246.356
270.717
249.244
268.639
271.186
228.393
272.967
222.035
202.136
204.415
219.635
276.613
230.161
274.725
224.178
208.374
226.404
206.367
406.019
294.177
296.164
268.547
282.017
284.938
265.627
399.66
292.033
289.631
261.211
279.538
277.901
263.188
253.394
209.543
256.329
201.071
179.393
182.532
198.207
420.649
320.887
318.742
221.101
258.121
256.717
223.856
212.586
261.326
258.972
204.671
189.159
186.367
207.172
420.44
323.148
325.237
230.216
259.883
261.149
227.31
269.385
222.496
267.516
214.889
200.025
217.468
197.396
263.55
220.278
265.562
212.528
192.24
210.028
194.931
380.022
247.533
252.812
223.344
240.877
218.352
245.175
365.413
242.169
234.997
205.233
233.945
211.876
227.198
39.239
21.449
71.2965
6.00879
-38.0859
-9.32118
-26.2903
270.612
196.447
172.414
51.8182
127.819
76.4687
105.589
48.6484
125.072
99.8006
33.8627
40.8429
16.1876
59.6156
194.33
129.412
180.639
116.694
111.98
97.7007
131.23
329.068
217.746
235.654
116.612
145.609
97.4935
162.123
113.269
146.368
164.973
100.363
61.9041
81.3355
80.7098
250.057
197.987
246.188
189.787
174.602
170.517
193.615
417.345
299.629
303.874
198.981
236.429
240.803
193.837
193.241
236.695
241.833
183.947
159.344
164.558
178.873
407.561
294.652
288.586
178.879
229.406
222.653
186.09
205.83
165.308
215.687
154.341
124.705
144.25
134.642
230.849
173.787
223.815
164.192
151.721
171.324
144.477
223.468
163.305
148.648
126.004
131.352
112.85
138.876
281.084
173.261
186.342
160.11
149.569
164.948
149.126
35.2585
128.892
236.619
24.6738
202.247
37.2603
22.5682
38.3204
114.415
240.755
24.7752
205.562
36.9008
24.5707
-137.669
34.4129
95.7328
91.9215
-423.308
23.6626
-306.906
-133.588
-40.8363
-121.616
-133.333
-37.9177
-144.274
-40.8757
-204.933
-40.5466
-183.079
-82.0573
-174.992
-63.8122
-250.102
-129.295
-464.019
-393.416
-708.928
-207.224
-109.805
-36.459
-432.472
-247.899
-193.474
-309.858
-534.336
-758.474
-594.399
-301.473
-752.61
-243.438
-286.768
-556.164
-430.9
-401.886
-90.1402
-70.3528
-49.2078
-171.191
-172.194
-171.318
515.37
524.289
300.89
209.208
588.486
251.096
452.651
406.354
310.525
293.141
160.102
459.826
262.358
227.291
570.103
316.471
687.469
334.783
622.929
641.126
278.431
364.451
171.308
145.826
205.687
235.794
200.816
311.217
176.119
99.8768
38.5372
129.505
93.4957
51.994
221.89
-90.032
-77.1469
-75.7087
-85.2559
-89.3831
-101.062
-84.5966
-89.9674
-90.3493
-91.6667
-113.282
-109.067
-86.9411
-97.8747
-97.7489
-91.2264
-110.116
-70.9908
-102.606
-99.1785
-83.2268
-22.853
-13.744
-21.3139
-23.0264
-13.8419
-3.30833
-40.3576
5.12989
-12.3528
-38.8061
-1.57438
-15.2905
-29.1056
-11.6045
-130.527
-100.814
-135.146
-104.419
-148.744
-122.218
-109.027
-70.0396
-80.0545
-80.1151
-97.0759
-93.3243
-113.186
-96.6428
-150.823
-93.5171
-142.377
-122.289
-154.449
-115.103
-134.911
-167.566
-162.145
-165.36
-154.298
-139.237
-141.488
-152.625
-109.734
-77.105
-103.201
-94.701
-90.2928
-94.7378
-120.414
-100.608
-134.557
-115.212
-123.471
-116.516
-107.987
-132.868
-127.938
-169.565
-152.936
-129.987
-112.579
-106.703
-144.169
51.9346
103.304
98.088
102.851
78.4396
60.5834
117.814
-42.8161
-280.149
3.41296
-385.48
-0.4054
-523.149
-11.9501
85.1537
66.0097
36.2206
74.3457
48.3165
100.342
69.622
196.981
515.379
226.285
221.909
300.279
198.609
498.663
190.255
135.304
262.856
327.678
171.892
148.647
440.394
167.818
-123.254
146.34
-79.2629
86.0862
67.9754
-85.3196
-9.01991
-106.217
73.777
26.5786
-19.6546
-12.5634
-41.8596
-19.0887
56.985
-27.1407
38.8628
25.0108
4.38592
-41.5475
-484.555
-362.806
-650.507
-691.761
-490.491
-383.867
-444.388
-24.85
-58.2888
-40.0684
-10.5823
-4.63699
2.32422
-27.393
-428.493
-123.471
-186.131
-139.473
-179.14
-124.954
-127.93
-433.088
-86.0049
-47.9487
-135.727
-138.778
-103.326
-42.4244
34.0672
9.69262
6.78421
35.4799
30.983
38.8544
21.8378
-84.1241
-2.30034
-38.0346
-36.7012
-91.0715
-47.1924
-7.55948
-176.771
-236.864
-164.801
-202.767
-197.404
-166.991
-149.182
-123.111
-76.7276
-103.166
-90.3183
-119.073
-91.2259
-104.162
-157.446
-99.9867
-170.046
-136.94
-78.81
-128.288
-86.7541
-120.262
-117.973
-138.383
-117.34
-91.5148
-108.138
-100.606
-145.708
-136.234
-157.561
-133.571
-114.409
-128.971
-114.565
-199.859
-162.486
-136.775
-183.504
-169.764
-148.218
-134.634
-167.423
-135.576
-190.309
-153.77
-105.444
-141.841
-110.03
-0.0234119
-86.0665
18.979
15.1175
-25.4579
-28.9707
-7.66894
-1117.79
-590.011
-486.15
-1193.15
-743.707
-696.583
-459.515
-86.9263
-44.2213
-9.39725
10.5685
-16.5323
-34.9076
-24.4013
315.768
311.69
468.965
424.335
169.848
272.771
257.358
708.2
360.651
643.267
609.629
359.191
680.606
328.827
538.123
316.325
439.512
238.021
603.359
398.257
289.309
363.798
142.469
189.77
175.307
229.703
267.435
221.4
-373.028
-353.393
-612.121
-325.44
-562.125
-383.086
-420.812
-579.48
-1118.84
-1084.01
-724.988
-455.778
-481.501
-660.867
-597.935
-1137.15
-1096.13
-481.962
-394.488
-356.764
-562.475
-259.849
-145.548
-101.362
-67.7848
-133.674
-129.773
-86.2386
-519.255
-162.546
-151.514
-89.4651
-130.976
-145.761
-92.5392
3.22286
-71.914
-65.6445
-32.9306
-60.83
-96.7159
-94.7053
115.199
-73.1051
-20.9153
-127.422
-64.317
-171.204
-37.3258
-103.498
-113.169
-74.4012
-136.026
-148.178
-122.045
-170.99
-46.7905
-131.307
-155.65
-202.859
-83.0113
-212.428
-80.8351
-100.814
-130.657
-141.872
-172.629
-101.811
-115.305
-138.7
-150.031
-156.882
-164.184
-200.901
-167.229
-202.923
-159.684
104.377
52.7483
70.4445
49.9443
-18.6298
1.37186
38.3777
-4.79522
41.7173
31.2872
27.3271
-34.5046
-32.8932
29.1292
-40.5712
-36.2486
-32.7963
-54.9195
-42.2769
-50.3105
-46.616
-31.0553
-27.8566
-25.1401
-56.3297
-54.447
-65.4372
-48.8332
-163.508
-51.6358
-73.4587
-45.7603
-57.601
-47.5269
-38.2558
-429.937
-500.927
-637.631
-344.236
-204.638
-291.151
-227.702
-117.918
-318.015
-149.459
-91.2978
-106.253
-97.9527
-78.9311
-200.551
-42.7726
-50.0357
-69.6348
-58.5103
-49.7293
-39.8294
-84.5117
-198.671
-137.501
-98.0001
-151.119
-86.7819
-157.287
-80.1566
-98.987
-100.529
-87.0161
-71.5015
-84.139
-66.4593
-216.718
-121.899
-152.034
-130.328
-150.881
-196.769
-106.093
-111.742
-131.487
-116.504
-63.9503
-165.943
-90.7892
-81.6996
-46.7154
-17.7527
-30.2372
-18.7851
-39.4608
-29.6581
-31.7171
-75.2387
-138.741
-76.3353
-60.9101
-79.9929
-122.361
-46.2512
-77.1889
-59.0359
-52.0027
-43.5469
-71.0147
-59.1124
-58.2308
-28.915
-204.951
-13.2356
-13.1731
-85.822
-27.454
-100.508
3.76994
30.0281
24.5478
4.58627
-2.63378
-6.09065
1.40692
61.382
114.911
58.6741
20.3659
19.3599
10.7638
40.4498
150.529
130.303
146.839
41.0353
27.8473
48.1828
25.4309
-296.623
42.8086
30.3403
13.2077
-79.7662
-7.62815
-89.7047
114.321
85.3375
114.583
25.0997
-2.15185
14.8647
5.98644
202.355
105.911
158.141
91.9289
125.901
69.1008
132.193
-157.543
68.1934
108.966
38.2213
-137.958
13.8037
-116.211
94.2265
113.498
138.53
78.3626
58.998
57.252
66.0354
38.6421
28.5514
1.65156
6.08505
11.5273
28.3871
27.8982
13.3406
-68.0315
10.8548
-70.1577
-9.14091
36.0179
-84.3956
47.5479
91.519
4.52769
47.7812
13.3448
38.413
84.432
3.11226
-109.456
-24.7341
-73.53
-13.1006
-15.8548
-92.4944
14.9837
-26.0212
27.8396
11.5215
-51.2506
-18.957
-14.4078
-265.878
12.1462
-29.5454
-43.03
-158.074
-11.3274
-182.083
-24.1529
57.1389
22.0181
9.33466
40.9461
-10.1535
48.2737
-10.2553
27.6902
-27.7209
1.5418
-12.4591
20.8884
-24.8604
-31.9845
-91.6839
-38.4461
-72.7644
-42.5382
-25.8283
-108.109
1.77023
-59.7112
1.22036
-33.9886
-32.3389
-7.46327
1.4965
-50.7464
-119.028
-31.9659
-98.2025
-29.0038
-50.1873
-132.451
-578.083
-1086.74
-1226.58
-580.347
-300.454
-393.599
-364.688
207.793
115.332
168.549
138.744
140.772
104.27
84.8946
-62.5497
14.6556
41.6663
25.9946
-56.0995
0.256779
-67.214
-127.795
73.8578
114.734
49.2626
-79.5644
31.8994
-86.5704
94.4866
114.377
138.175
81.9899
87.9595
77.3493
65.5777
102.729
51.1352
92.0288
57.5599
4.04871
17.4531
49.7183
42.1344
62.2892
-7.96085
19.9234
7.56194
48.4045
33.6196
14.9261
-54.8552
-60.8863
-5.54908
-5.8949
9.32222
-67.0118
-280.983
-126.515
-158.341
-168.169
-157.283
-125.103
-109.393
-510.393
-216.023
-285.776
-211.004
-200.471
-147.759
-152.178
-472.334
-138.913
-187.171
-175.316
-204.633
-138.004
-120.608
-731.778
-225.499
-280.94
-212.825
-245.742
-151.799
-155.83
98.1645
130.919
119.28
111.231
101.892
134.636
121.587
-123.522
-74.2018
-47.8171
-69.1267
-86.7344
-100.031
-74.7156
-72.1854
-79.5873
-85.5206
-39.3072
-47.5785
-45.2315
-56.1057
12.7976
15.0481
20.7599
10.3983
11.705
18.7861
16.3574
31.9344
59.7694
61.4592
8.55901
-4.0629
38.6182
38.1987
-29.3227
-30.7904
-13.4824
-47.7963
-31.5265
-34.0108
-15.1073
12.0934
15.7671
11.4929
6.65934
12.8426
35.899
27.7632
-12.1673
52.5847
48.9054
17.1282
9.63261
60.7473
55.9568
133.807
122.041
128.743
139.141
143.381
137.249
132.694
21.5496
66.7005
60.8196
45.2173
27.9273
72.9029
65.1182
158.385
146.969
152.293
157.501
162.116
155.469
151.292
32.2348
76.3647
67.6947
54.1471
35.2947
78.1284
70.1951
171.321
161.498
163.357
171.002
173.286
165.382
163.592
35.408
78.2397
70.2491
51.8345
32.5597
76.7454
67.8515
172.72
164.754
164.591
174.698
174.66
166.64
166.794
28.5735
73.4716
65.3202
36.3742
22.1771
67.2912
60.6731
163.554
160.185
157.195
169.163
166.398
159.588
162.149
11.0667
61.3715
54.8263
-3.54302
-8.93642
52.4771
47.4853
141.547
143.44
137.12
153.936
149.429
143.676
148.25
-1.78107
38.051
35.6533
32.2047
31.2006
59.1229
59.1455
119.099
118.597
135.508
113.927
129.275
133.573
126.118
7.01898
13.9612
15.4183
1.33756
5.73991
17.8877
20.6348
30.5912
8.94585
38.4584
2.92778
31.1376
36.4993
15.3332
102.852
134.937
122.176
106.115
98.7481
131.086
119.665
115.771
127.965
129.241
159.171
103.237
149.793
136.302
83.8669
63.3516
111.585
97.3586
80.4718
63.1473
114.519
-35.1536
-16.0452
-10.5361
7.77641
24.2103
27.175
2.1565
-55.9159
-38.0023
-73.669
-20.8182
-67.5747
-20.4971
-63.3736
-71.007
-77.5095
-21.3364
-45.0421
-64.8055
-82.2986
-22.132
-72.1349
-46.2491
-88.6597
-23.8285
-85.2257
-22.9332
-76.7307
-80.1255
-90.603
-24.555
-50.236
-77.4999
-92.6307
-25.1655
-80.4542
-50.6723
-94.1875
-25.5899
-93.5815
-25.495
-81.2228
-80.4976
-94.1903
-25.5458
-50.6024
-81.2235
-93.6134
-25.3665
-80.1649
-50.1024
-90.6714
-24.2042
-92.6732
-24.9388
-77.5659
-72.1445
-88.7254
-23.3085
-45.851
-76.7812
-85.2994
-22.1858
-70.9614
-44.4826
-77.5301
-19.866
-82.3464
-21.0741
-64.5237
-54.7358
-73.6292
-18.8317
-36.761
-62.9331
-67.4776
-17.9176
-52.8044
-34.7119
-55.2393
-15.6583
-62.6291
-17.0811
-43.8277
-126.59
-70.9108
-76.2397
-49.7728
-102.367
-76.9402
-89.4321
114.662
158.723
127.075
128.675
148.925
135.774
102.081
82.4942
97.0615
61.8084
111.05
61.5787
114.024
79.0952
-29.3861
-31.5936
-9.13902
-22.5091
-23.1713
-36.6078
-8.70188
-49.3752
-12.5382
-41.4801
-32.2197
-23.6161
-42.0698
-9.45505
145.676
197.703
144.687
163.511
205.512
162.479
118.443
67.4636
57.5917
75.1837
90.6529
76.1137
88.0189
79.0189
88.7165
62.3192
80.6488
95.6492
88.7021
100.808
83.4899
88.3
112.814
106.912
119.226
112.074
124.566
106.085
93.588
82.5304
101.865
113.796
94.0889
106.787
100.721
116.272
107.554
122.015
136.559
117.356
129.635
124.012
130.117
112.827
125.855
140.836
133.041
144.621
128.556
130.221
144.92
142.557
156.757
146.29
158.45
144.182
133.591
127.196
139.48
153.837
136.882
148.575
141.445
146.953
137.172
150.653
164.463
148.304
160.832
150.895
152.308
138.121
152.05
165.971
152.391
166.049
152.035
139.502
154.021
155.195
169.623
153.748
168.31
154.433
152.901
139.528
154.964
169.271
152.999
167.035
154.238
154.056
139.628
155.309
169.729
153.788
168.345
154.553
153.163
139.734
155.146
169.444
153.281
167.281
154.436
137.741
147.533
151.146
164.927
148.941
161.372
151.437
152.643
138.596
152.467
166.362
152.757
166.367
152.489
145.581
131.112
143.308
157.45
147.024
159.067
145.018
134.519
128.204
140.316
154.607
137.934
149.422
142.387
109.089
117.514
123.193
137.613
118.854
130.742
125.401
131.133
114.224
126.953
141.825
134.205
145.543
129.833
114.112
90.1822
108.222
120.381
113.667
125.712
107.753
94.8156
84.4856
103.169
114.942
95.8172
107.886
102.44
59.0701
67.6012
75.7665
91.3175
77.2062
80.404
88.4281
89.8292
64.0618
81.523
96.5119
90.391
101.819
85.0613
-247.164
-232.635
-186.68
-241.009
-218.345
-212.838
-280.61
147.212
198.662
145.974
164.892
206.769
120.147
163.657
-202.389
-198.772
-220.741
-151.684
-133.354
-137.163
-149.197
-213.102
-253.904
-238.719
-165.4
-174.609
-160.642
-177.436
-112.466
-131.071
-75.5193
-43.0768
-119.452
-42.7446
-121.083
-34.279
-168.257
-49.4252
-228.776
-30.455
-46.559
-160.486
31.201
36.3706
27.0153
8.54853
21.9449
12.1077
18.2496
-300.926
-265.641
-291.021
-206.688
-211.789
-202.638
-214.184
-268.039
-255.684
-279.725
-197.994
-184.069
-188.569
-195.14
-134.821
-137.426
-42.2967
-92.2708
-128.525
-146.128
-43.3487
59.3464
70.9245
57.8709
35.6885
50.0649
37.0093
48.9417
34.5485
47.39
36.7874
16.7707
25.192
14.9852
27.7394
-140.456
-157.831
-94.9025
-44.7008
-150.769
-43.09
-145.415
-310.563
-294.962
-318.811
-227.148
-218.048
-225.299
-221.172
-301.917
-333.752
-326.871
-232.893
-236.51
-230.395
-237.869
-157.656
-174.907
-107.111
-48.7077
-170.179
-46.899
-161.001
60.1623
73.8334
60.4948
37.8567
50.848
37.6718
51.4235
-153.904
-161.593
-105.334
-44.8882
-167.13
-149.936
-46.6413
67.9659
81.4408
67.1444
42.9257
58.1374
43.6291
57.613
-355.115
-326.069
-350.903
-250.223
-252.665
-248.835
-253.305
-340.295
-321.611
-345.754
-246.514
-240.693
-242.545
-245.54
-166.786
-177.381
-49.0523
-114.408
-164.081
-181.154
-50.6685
71.8944
86.3507
71.4719
45.7771
61.4221
46.1745
61.1878
68.3541
82.7997
68.3669
43.7804
58.4601
43.8918
58.6306
-169.259
-186.141
-115.601
-52.3306
-183.135
-50.9703
-171.378
-358.992
-337.867
-362.017
-258.31
-255.201
-257.975
-256.102
-340.291
-366.813
-364.761
-260.27
-261.651
-259.754
-261.721
-176.043
-192.347
-120.777
-54.0904
-190.879
-53.6701
-176.979
71.9298
86.6395
71.6997
45.9377
61.4667
46.1868
61.4204
-174.763
-187.656
-120.16
-52.6176
-189.836
-173.252
-53.5433
74.8189
89.2424
74.1001
47.8846
64.069
48.5114
63.5979
-370.956
-346.486
-370.54
-264.233
-264.772
-264.41
-264.499
-368.527
-345.724
-369.696
-263.682
-262.768
-262.893
-263.875
-178.145
-192.95
-54.089
-122.703
-177.684
-193.801
-54.0842
81.644
96.466
81.3176
53.3804
69.329
53.6935
69.1603
75.3051
90.6757
75.524
48.9917
64.4532
48.8879
64.7263
-178.44
-194.324
-122.835
-53.9634
-194.072
-54.0224
-178.572
-371.03
-346.696
-370.76
-264.403
-264.818
-264.575
-264.557
-346.066
-369.062
-370.074
-263.974
-263.165
-264.142
-263.308
-178.341
-193.219
-122.791
-54.1804
-193.972
-54.135
-177.964
81.642
96.4671
81.314
53.3788
69.3283
53.6923
69.1617
-178.553
-194.349
-122.896
-53.9689
-194.183
-178.61
-54.0657
75.2726
90.6826
75.494
48.9526
64.4509
48.8452
64.7238
-360.322
-338.876
-363.122
-259.17
-256.175
-258.772
-257.14
-367.524
-341.126
-365.655
-260.965
-262.162
-262.272
-260.415
-176.511
-192.682
-54.1886
-121.008
-177.35
-191.324
-53.8089
71.8873
86.7003
71.6638
45.8675
61.4963
46.1095
61.4491
74.7862
89.256
74.0683
47.8394
64.0679
48.4669
63.5981
-175.341
-188.31
-120.425
-52.8041
-190.364
-53.6882
-173.948
-356.711
-327.783
-352.795
-251.711
-253.81
-250.209
-254.554
-323.6
-342.94
-347.998
-248.288
-242.585
-247.137
-244.648
-167.965
-178.646
-114.9
-49.3092
-182.214
-50.8981
-165.475
71.8528
86.4266
71.4355
45.7023
61.456
46.0963
61.2274
-170.252
-186.899
-116.046
-52.5217
-184.055
-172.214
-51.2001
68.3313
83.0086
68.3513
43.697
58.6153
43.7982
58.776
-315.743
-298.622
-323.187
-230.727
-221.644
-228.331
-225.468
-336.881
-305.091
-330.564
-235.879
-238.707
-240.375
-233.002
-159.625
-176.364
-48.9543
-107.848
-162.658
-171.923
-47.1414
60.4355
74.7007
60.7503
37.9657
51.6454
37.7919
52.1525
67.9534
81.7098
67.1485
42.8511
58.3118
43.5415
57.8089
-156.261
-164.009
-106.14
-45.0075
-169.149
-46.8496
-152.765
-307.086
-271.419
-298.341
-213.005
-215.997
-207.659
-219.386
-262.322
-278.345
-288.427
-205.706
-191.078
-201.029
-197.998
-140.028
-142.382
-93.5634
-41.0258
-150.196
-42.8874
-135.036
59.6793
72.0814
58.2655
35.9114
50.9584
37.178
49.9355
-144.661
-160.664
-96.077
-44.7359
-154.199
-148.852
-42.8328
36.8916
52.1316
38.8752
18.4797
30.1113
16.9192
32.0773
-220.368
-209.689
-236.939
-168.637
-145.668
-157.032
-160.193
-266.05
-223.003
-252.867
-179.467
-182.804
-188.984
-170.27
-123.086
-137.022
-41.3245
-77.5564
-129.354
-126.709
-39.051
-58.1809
-38.0126
-51.0915
-44.78
-38.3221
-48.718
-33.8028
33.9231
43.3723
30.0852
11.1265
27.5875
14.3727
24.7051
-115.914
-107.401
-73.1384
-34.7457
-107.47
-119.58
-39.0148
-256.024
-238.567
-193.62
-247.41
-220.317
-287.656
-226.482
66.3807
98.7171
77.907
59.5477
84.5532
53.0652
92.0376
104.057
95.7971
86.5795
66.8291
103.791
97.4105
73.9996
118.408
117.984
125.156
132.463
121.858
127.767
126.49
140.049
141.606
135.059
152.946
148.377
142.259
146.956
123.883
137.61
131.478
137.225
135.446
131.32
141.767
102.905
121.703
109.571
86.4396
107.488
80.9128
112.254
124.936
117.764
114.243
90.9822
118.489
115.36
94.1444
142.597
137.757
147.254
149.422
139.017
145.656
142.424
162.674
159.341
156.127
168.615
165.724
158.761
161.488
140.874
153.513
150.698
152.302
147.237
145.068
154.761
120.948
132.346
123.566
99.2192
120.676
97.0284
122.259
133.249
125.222
124.682
100.618
123.457
122.536
102.841
155.503
146.775
157.104
158.102
148.871
156.591
150.236
172.498
164.667
164.335
174.639
174.479
166.428
166.724
147.657
158.423
158.05
159.02
151.283
151.023
159.33
125.355
133.595
125.08
100.989
123.564
102.971
122.858
132.932
121.993
124.273
99.8823
121.473
122.814
97.9827
158.518
147.938
158.326
159.248
151.365
159.405
151.259
171.698
162.13
163.798
171.428
173.586
165.737
164.101
147.27
156.193
157.585
158.486
149.446
150.643
157.142
119.217
126.426
116.167
92.6288
119.537
95.4431
116.671
123.525
106.004
112.061
88.4808
109.283
113.816
83.2998
154.442
142.075
151.884
153.208
147.997
155.481
146.015
159.445
148.544
153.61
158.405
162.906
156.455
152.444
139.258
144.393
148.736
150.511
140.365
143.572
146.943
99.5255
106.833
90.7528
69.5576
105.75
76.6963
99.3077
101.524
70.3419
82.234
61.919
85.4706
93.515
54.9135
139.746
126.352
133.942
138.856
136.996
143.232
133.039
135.343
124.28
130.959
140.162
144.444
138.73
134.173
120.737
121.311
127.902
134.203
123.747
128.337
129.546
-31.2403
-14.623
-15.2254
-17.7346
-17.3303
-22.5775
-26.612
62.6428
72.6344
44.7652
83.6335
55.1085
82.9986
73.4468
122.049
150.853
141.171
127.957
134.191
125.799
136.698
-357.955
-247.944
-242.212
-298.716
-307.094
-214.342
-206.106
72.0071
50.7754
68.8943
60.9178
63.5233
74.4823
46.993
86.1682
57.5217
80.5388
74.341
67.332
79.6412
62.2703
159.451
144.977
166.9
152.15
141.55
148.448
145.511
101.211
128.718
127.223
124.275
109.705
125.745
108.353
91.1965
71.5138
95.5078
89.5041
72.9297
85.4458
76.7613
169.875
196.885
193.524
178.387
177.379
173.78
183.119
187.667
212.665
211.563
199.816
192.197
190.998
201.186
130.017
104.8
131.188
128.279
111.145
127.299
111.997
178.617
199.78
202.471
190.688
178.852
181.957
186.334
142.669
114.492
141.895
139.631
123.257
140.364
122.607
213.557
190.093
214.296
203.142
193.28
193.988
202.413
121.006
149.938
149.752
147.227
129.465
147.422
129.252
143.373
116.261
144.04
141.629
123.936
141.133
124.313
191.156
214.286
214.435
204.578
196.658
196.483
204.539
192.539
215.585
215.185
206.45
199.615
199.471
206.901
150.009
121.355
150.056
147.518
129.639
147.575
129.594
191.361
214.159
214.105
204.805
197.116
197.399
204.732
154.042
124.452
153.364
150.993
133.359
151.629
132.814
216.1
193.276
216.578
208.634
199.658
199.746
207.424
133.249
164.743
164.583
160.932
140.954
161.1
140.802
154.755
126.161
155.464
152.875
133.917
152.284
134.372
194.233
219.305
219.038
212.188
198.546
198.498
212.439
193.583
216.416
216.845
208.92
200.029
200.061
207.763
164.744
133.254
164.59
160.944
140.955
161.103
140.808
194.297
219.324
219.091
212.244
198.57
198.564
212.46
154.827
126.215
155.528
152.979
134.012
152.396
134.46
215.963
193.021
215.622
206.917
200.051
199.967
207.309
121.543
150.244
150.279
147.839
129.934
147.91
129.876
154.121
124.525
153.452
151.128
133.465
151.755
132.927
192.207
215.021
214.891
205.647
198.078
198.276
205.653
191.847
215.386
215.963
204.934
195.291
195.828
204.374
150.187
121.23
150.016
147.603
129.781
147.781
129.585
192.275
215.241
215.478
205.694
197.722
197.645
205.563
143.971
116.757
144.603
142.416
124.695
141.966
125.029
214.695
189.979
213.795
202.211
194.418
193.427
203.371
106.415
131.925
132.953
130.643
113.527
129.851
114.203
143.31
115.097
142.578
140.576
124.073
141.259
123.47
182.332
203.935
206.215
194.721
183.205
185.915
190.792
153.323
170.013
176.23
162.171
151.574
157.455
156.771
130.802
103.29
129.482
127.271
112.311
128.531
111.156
174.874
201.54
198.715
183.968
182.219
179.116
188.139
100.379
79.2928
103.679
100.066
84.2876
97.218
86.9168
162.883
133.923
154.885
142.373
145.394
138.344
149.486
-37.0037
-51.2349
-36.1595
-40.5728
-39.6834
-29.9757
-54.4057
96.6125
68.8985
92.3839
89.3769
80.3135
93.0611
76.8458
95.029
81.1254
95.6852
85.8074
85.8379
95.4311
73.0338
62.2599
73.3342
44.3338
83.7011
53.9889
82.6218
73.649
-43.7715
-9.33334
-12.0167
48.3134
5.46271
39.096
6.85998
-184.43
-138.836
-120.953
-173.538
-122.02
-112.33
-102.653
-15.268
-0.820985
-24.2391
-26.1895
-0.628106
-31.1504
-16.4922
-18.4334
-5.34937
-27.7654
-28.7464
-4.02129
-36.4948
-17.5899
45.7731
31.2592
41.629
39.099
35.8373
37.8658
47.9863
50.9691
47.5713
62.0451
44.8968
41.6664
59.0107
53.5391
77.861
71.3021
73.3633
96.2642
65.5645
87.1074
83.7621
72.7349
52.5281
69.3224
66.1803
59.4987
64.5059
78.9861
-11.5262
-69.4886
15.7001
50.1868
22.9661
-18.0704
-64.7503
84.1132
91.946
78.2956
94.6897
83.6714
85.1728
93.4341
74.8251
66.3787
71.1811
67.6035
76.3619
76.2344
64.696
14.0748
66.3422
57.1837
-33.0306
52.0296
-38.1938
18.7673
-31.1623
25.6243
-76.5637
9.69718
3.14069
-24.262
-81.7703
36.5583
38.6093
36.4934
43.4077
45.4759
28.1715
42.7424
-55.2834
2.67487
-20.2826
-102.017
-62.6727
-16.1165
-94.1157
45.2001
58.029
48.9767
60.6375
51.9745
49.1838
55.2614
132.087
116.341
152.178
139.884
123.788
156.899
127.154
133.713
131.722
163.132
144.04
128.044
137.145
159.396
141.734
138.553
154.945
168.3
138.673
168.459
140.353
141.727
134.445
165.356
153.353
137.038
139.236
167.78
36.8208
-80.4374
103.328
-12.3329
104.734
36.5853
-80.8542
141.799
150.767
152.885
157.371
149.724
155.361
142.853
141.292
151.878
151.111
146.798
148.398
153.83
140.704
42.6377
6.27912
127.272
-76.8281
120.836
-79.7299
45.2329
35.6991
-15.9304
-80.0233
100.892
100.009
35.4357
-77.375
139.614
137.616
144.21
140.213
140.803
146.774
138.378
40.2203
14.077
95.3838
-30.0367
94.5555
-40.6042
43.1569
139.921
150.412
143.266
145.218
142.898
148.154
140.557
133.029
139.794
159.195
154.113
140.869
159.439
132.054
132.756
140.122
158.017
153.986
141.039
131.685
158.956
128.984
137.51
151.213
150.87
139.296
154.003
126.1
130.647
139.721
157.073
152.242
140.014
131.021
156.038
32.2148
-98.0762
155.1
72.5484
153.955
33.8086
-100.474
135.316
148.266
152.826
151.569
148.625
153.534
135.101
135.763
155.98
153.641
149.295
148.94
154.973
136.371
25.3823
60.7153
140.98
-112.016
144.397
-110.984
24.6662
36.7695
76.0552
-95.5595
155.838
156.992
35.1177
-93.1496
138.841
150.907
158.67
155.593
150.573
158.347
139.616
43.6354
80.3364
160.395
-78.4682
159.819
-80.8893
45.1658
137.969
156.877
155.332
149.698
150.219
157.7
137.125
116.269
129.975
124.695
137.499
131.288
126.227
114.69
117.505
131.904
130.984
138.549
131.957
118.066
128.423
122.391
136.552
146.206
147.806
136.117
143.692
124.191
120.747
132.96
134.98
144.057
134.941
119.389
139.053
66.0698
45.4377
124.668
94.9167
123.736
78.3877
14.6075
137.062
148.511
149.297
149.849
148.673
147.229
135.949
138.346
140.633
147.752
149.247
148.868
143.824
139.823
28.3658
47.2476
137.735
-108.022
136.004
-102.272
25.2643
88.837
117.409
59.8946
119.412
117.211
83.0822
70.7581
142.15
149.769
133.322
143.063
149.835
134.215
142.27
92.9831
99.2764
101.811
83.1459
102.715
83.2032
92.9197
141.83
137.624
143.836
149.457
149.805
135.762
140.856
133.435
140.599
160.371
155.324
141.111
160.95
132.838
133.908
139.535
161.854
155.397
140.702
133.313
161.71
138.747
140.139
156.652
168.191
140.346
166.885
139.841
136.349
139.563
163.157
156.4
140.521
134.36
164.698
59.8215
-55.7507
165.429
90.1793
165.394
58.7604
-54.4032
146.313
153.362
157.422
160.687
153.818
162.302
145.526
146.169
162.558
157.855
153.879
154.094
162.618
145.66
53.6865
49.4701
136.04
-71.5557
145.148
-66.2623
49.6645
56.617
89.7157
-57.0709
165.787
165.389
58.0634
-59.2084
142.547
152.299
160.161
157.295
152.846
160.797
141.526
49.1368
84.3588
161.595
-74.9163
162.581
-72.218
47.3549
143.732
161.897
157.5
153.563
153.262
161.583
144.602
123.765
114.952
151.831
127.582
111.203
147.704
127.112
119.774
101.033
136.73
122.549
106.553
113.574
142.968
99.4617
80.2053
99.7696
109.637
86.9138
117.923
93.0258
103.751
96.7954
131.017
105.851
92.2434
108.94
124.343
49.4106
-17.3629
100.961
99.5775
97.6125
52.0985
-18.6454
115.798
104.564
105.633
109.108
111.525
117.33
108.211
122.16
130.434
111.501
122.83
117.119
124.089
127.896
33.6143
79.9918
69.2294
-25.1393
74.847
-22.8819
29.031
54.8433
100.995
-17.9544
103.043
104.344
53.3202
-16.21
139.273
138.619
145.695
131.536
135.389
143.217
140.99
50.6833
45.5832
97.8074
-18.2583
99.6682
-9.63878
47.6534
136.491
135.522
127.269
127.283
131.752
139.981
132.594
-45.9667
-11.4983
-14.2697
46.5581
3.76334
5.11742
37.3886
-203.523
-134.111
-150.657
-144.147
-192.903
-135.121
-115.741
-64.7531
-58.0109
-71.5307
-56.9369
-42.0325
-52.2431
-45.6138
-99.0873
-32.144
-96.8301
-87.5745
-54.7144
-84.232
-27.6436
-19.1603
-2.707
-28.0278
-39.2315
-15.1226
-28.7033
-17.8583
120.603
112.137
148.555
124.188
108.21
124.169
144.163
116.386
97.6519
132.588
118.915
103.373
109.928
139.141
94.9302
75.9633
103.944
95.0322
82.9034
88.1295
112.673
99.5405
93.2091
126.538
101.397
88.4452
105.027
119.497
43.7905
94.1784
-22.995
95.9096
92.3288
-24.5147
46.704
109.504
98.3501
103.048
100.407
105.649
101.61
111.615
27.1234
73.0888
62.3022
-31.7529
22.5549
68.2155
-29.5533
116.267
125.485
106.576
117.694
111.598
118.758
122.423
49.8884
96.2875
-23.3553
98.2104
99.717
48.1468
-21.3752
135.028
134.871
142.109
127.824
131.318
137.098
139.327
46.6914
41.7162
94.2109
-22.182
43.8303
95.9189
-13.7351
131.855
130.948
123.276
122.511
127.347
135.757
127.553
132.459
139.701
159.462
154.318
140.138
131.942
159.958
132.858
138.398
160.686
154.307
139.65
132.172
160.636
137.325
138.618
166.587
155.162
138.929
138.305
165.404
135.021
138.34
161.893
155.018
139.202
133.134
163.326
58.4709
88.8476
-57.0833
164.194
164.106
-55.7928
57.4658
144.716
151.604
159.01
155.866
152.202
143.786
160.759
52.0054
47.8068
134.364
-73.3746
47.9063
143.546
-68.0003
144.707
161.252
156.418
152.511
152.607
161.199
144.316
55.4285
88.5402
-58.3478
164.605
164.254
56.8242
-60.4327
141.512
151.326
159.231
156.259
151.785
140.578
159.783
48.1772
83.4095
160.718
-75.866
46.4341
161.666
-73.2065
142.601
160.696
156.375
152.305
152.106
160.479
143.371
116.198
129.953
124.673
137.431
131.221
114.668
126.158
117.394
131.742
130.826
138.435
131.843
117.905
128.312
122.089
136.196
147.458
145.897
135.81
123.837
143.394
120.488
132.753
134.777
143.798
134.685
119.183
138.799
65.8803
94.7379
45.2716
124.499
123.542
14.4131
78.2242
136.77
148.148
149.503
148.987
148.363
135.606
146.934
28.0464
46.9353
137.396
-108.397
24.9169
135.691
-102.62
138.104
140.434
147.493
149.039
148.611
143.577
139.629
88.7142
117.282
59.7491
119.263
117.082
82.9383
70.6333
142.088
149.746
133.3
142.995
149.769
142.249
134.149
92.9565
99.2495
101.8
83.1354
92.9095
102.686
83.1777
141.725
137.47
143.721
149.297
149.692
135.653
140.709
133.783
140.622
160.029
154.891
141.629
132.88
160.2
133.45
140.753
158.645
154.696
141.734
132.312
159.652
129.444
137.916
151.269
151.679
139.756
126.503
154.458
131.156
140.295
157.641
152.765
140.53
131.591
156.545
32.7812
73.1188
-97.4588
155.668
154.495
-99.8882
34.406
135.774
148.684
151.969
153.299
149.102
135.502
153.99
25.7913
61.1259
141.346
-111.612
25.043
144.792
-110.55
136.281
156.554
154.174
149.896
149.478
155.487
136.951
37.434
76.7218
-94.9072
156.438
157.624
35.7492
-92.4616
139.63
151.796
159.52
156.39
151.384
140.481
159.122
44.4779
81.1763
161.231
-77.5607
46.045
160.621
-80.0192
138.684
157.515
156.058
150.365
150.956
158.406
137.772
134.635
118.98
155.208
142.612
126.254
129.9
159.695
136.092
133.875
165.514
146.576
130.352
139.348
161.981
143.511
140.184
170.034
156.819
140.424
142
170.338
143.63
136.455
167.558
155.37
138.913
141.29
169.811
39.2391
-9.91532
-77.8086
105.737
107.039
-78.3453
39.1174
143.875
152.677
159.196
154.864
151.804
144.757
157.346
44.5639
8.20014
129.031
-74.9239
47.0756
122.676
-77.7384
143.563
154.228
153.252
149.259
150.658
155.99
143.183
38.4777
-13.163
-77.2668
103.415
102.646
38.0897
-74.4918
142.867
141.068
147.507
143.156
143.973
141.933
149.806
43.718
17.4948
98.8249
-26.2836
46.8113
97.8551
-37.0073
142.889
152.971
145.989
147.895
145.815
150.939
143.272
54.2831
40.0169
58.6435
46.6481
47.2932
42.6371
58.8749
58.6209
53.0844
70.9205
51.8704
47.6025
66.1335
63.2398
83.5854
75.7721
102.458
79.0254
70.2716
89.0532
93.858
78.9237
57.7539
77.4426
72.1378
64.4348
71.1735
86.384
-19.5703
51.7281
-101.071
13.7747
26.5394
-81.8454
-35.5287
90.6993
98.412
101.017
84.2053
90.2885
100.183
91.5722
19.9193
74.3699
64.39
-26.7619
25.0742
59.4514
-32.5525
80.7513
71.5162
77.0835
73.9604
82.951
82.346
69.2513
-79.7788
-24.435
-128.952
0.969654
-22.2176
-53.0649
-164.643
44.0091
60.8931
52.6866
66.517
57.2181
47.9465
57.3293
52.1559
82.3834
52.0736
76.4874
44.4049
50.2215
75.4006
117.628
117
134.588
112.15
132.776
127.884
124.883
112.798
102.617
108.227
116.826
123.004
119.531
113.471
46.8454
25.1784
19.3663
44.4158
37.0456
29.3915
33.8398
29.0308
62.7779
31.5724
50.0377
53.5866
40.3511
37.9118
65.8951
34.4234
33.3172
58.8391
56.746
42.4109
43.527
35.0864
70.2341
35.5138
60.2909
61.2271
45.0267
44.522
71.3338
36.3422
35.951
63.175
62.1359
45.4839
45.665
36.4366
71.6785
36.2278
63.2999
62.4941
45.7693
45.7688
70.8446
35.8246
36.0019
61.2359
61.8604
45.5319
45.2545
35.4875
67.894
34.7977
60.1859
58.5958
43.7352
44.5448
65.6287
31.7422
33.5962
53.3904
56.069
42.0137
39.9078
28.7126
54.2742
23.8797
48.6964
43.3832
31.6582
35.9036
37.2033
13.8122
16.9983
7.7384
28.5769
23.947
20.7282
55.5538
84.1461
53.0314
77.1269
45.3578
49.4807
75.9598
115.656
105.26
110.781
118.649
124.72
121.075
115.134
-239.348
-335.332
-285.088
-254.38
-176.257
-225.661
-197.283
30.808
6.03265
44.7164
-2.72823
33.9929
16.7461
24.4532
77.1624
27.828
83.7267
25.661
81.0771
52.2952
54.3087
59.8601
8.64209
53.3172
14.4829
60.0919
35.9635
30.9421
84.4931
28.4778
86.0177
30.0838
88.0636
57.6411
56.0973
90.1937
33.9683
96.2454
33.2985
95.2091
63.1375
63.8799
96.201
35.9774
101.507
35.8167
101.161
67.3327
67.5959
93.5146
34.1848
97.1846
34.7454
98.1062
65.1701
64.5534
97.01
36.0092
101.763
36.1688
102.081
68.0106
67.7808
98.8131
37.772
104.749
37.1663
104.112
69.5308
69.9861
106.16
40.9329
109.756
40.7285
109.547
73.1937
73.3432
102.014
38.0143
105.462
38.7674
106.251
71.0016
70.4779
106.169
40.9321
109.764
40.7305
109.569
73.214
73.3504
102.049
38.0284
105.586
38.7771
106.355
71.0906
70.5833
97.1475
36.0822
102.127
36.2261
102.406
68.2869
68.089
98.8829
37.7884
104.896
37.1883
104.282
69.6734
70.1099
96.4118
36.0582
101.916
35.918
101.617
67.7233
67.9443
93.8917
34.4634
98.1074
34.9642
98.927
65.8896
65.3657
85.7399
29.6557
88.8303
30.9802
90.4857
59.8209
58.6352
90.8073
34.2756
97.2972
33.6916
96.4013
64.1937
64.8097
79.4503
29.1359
87.0416
27.4002
84.977
55.8234
57.3052
65.6332
15.2227
65.8957
19.0825
70.1862
45.0861
42.2641
-12.5478
-16.3571
-16.6772
-11.3683
-2.99251
3.52238
-2.80975
45.1134
13.5553
60.6633
8.63265
54.4872
34.9237
38.7193
33.4403
54.2226
42.7987
33.6578
18.7615
24.8218
46.0773
-44.5042
-32.4195
-21.9287
1.68366
-43.1395
-56.8669
-2.57076
-88.8117
-33.3838
-101.586
-81.5222
-51.427
-46.6206
-84.5966
11.1875
42.9147
44.9989
30.0593
5.24523
29.1107
36.9923
39.7502
74.1697
43.6076
75.0083
46.6824
74.3646
75.5824
49.5158
53.9916
53.7886
77.1222
79.3172
82.4013
76.6854
-65.6173
-64.0703
-78.2302
-78.6753
-51.1382
-69.6244
-56.477
69.031
77.0929
71.9431
58.7634
60.245
51.5516
69.9322
-54.9036
-35.588
-13.762
-6.45313
-59.7188
-48.6682
-4.04514
-18.6698
-3.00112
-30.8893
-17.899
-3.02435
-1.47741
-12.4494
7.14124
45.6291
49.1423
32.1364
-9.33364
39.9977
41.2802
60.0303
50.3385
54.9343
79.6459
84.0259
82.206
84.6809
-1.44706
-50.9882
-57.8507
-73.0869
-18.0753
-33.8642
-7.96761
-25.0925
-10.3132
-18.5956
-26.8912
-22.4028
-20.4821
-32.9883
-75.2141
-66.3818
-79.8012
-43.7791
-42.9187
-51.6924
-28.5936
-101.667
-56.1069
-28.0508
-87.1288
-23.7912
-50.207
-63.0846
-48.9813
-62.5229
-45.4602
-33.5173
-51.1043
-55.89
-57.7222
-23.018
-60.1949
-114.102
-24.9104
-112.178
-71.5912
-71.9424
-54.7241
-11.487
-41.1678
-72.248
-17.086
-69.7912
-54.4586
6.60331
-2.90916
2.63161
-10.7822
-13.6029
-6.64049
-14.8389
-106.741
-60.5154
-28.1655
-27.148
-112.237
-72.1768
-68.2329
-57.3561
-65.0072
-42.9679
-28.8504
-19.9852
-69.1925
-56.0364
-14.1392
-62.6885
-114.088
-113.086
-14.5551
-64.0626
-64.1472
64.6825
51.4882
52.3148
30.841
42.2215
43.395
30.1528
-47.9075
3.33071
-37.855
-75.2291
1.97977
-74.5598
-48.0094
-48.5897
-73.7075
-0.638461
-38.3466
1.26881
-48.7092
-74.6325
-112.446
-62.7179
-16.0565
-112.952
-15.4156
-64.673
-65.0365
-20.7059
-113.113
-60.3871
-113.815
-19.3699
-69.2452
-69.8635
-51.782
-9.56032
-72.0769
-39.9677
-5.69685
-52.4384
-73.5057
59.6033
49.9026
47.7264
26.6197
40.6151
38.7421
28.6599
-50.0893
-74.0297
-38.8814
-1.61075
-4.29897
-73.071
-49.7546
-112.869
-60.4333
-17.1507
-112.052
-17.631
-66.836
-66.423
-13.6705
-63.8358
-114.977
-115.973
-13.3114
-64.4226
-64.1729
-47.9924
3.76465
-75.5055
-38.0807
4.73134
-47.7166
-76.3082
77.4139
64.6142
63.6348
40.3113
55.0704
54.3919
41.1753
-117.988
-64.0529
-13.0259
-116.65
-12.9544
-64.5221
-65.0987
-47.674
-77.3206
-37.9861
5.68901
5.08724
-76.5888
-48.2609
-12.9465
-66.3742
-121.938
-12.825
-120.846
-66.1928
-66.7256
-48.6285
6.74323
-38.8378
-79.6055
6.4816
-78.991
-49.2201
79.0936
65.1079
65.1136
41.4498
55.5273
55.7654
41.5533
-118.905
-66.0625
-12.8481
-12.9865
-120.154
-65.958
-65.3551
-48.7902
-77.6532
-38.7612
5.92337
6.29274
-78.621
-48.078
-13.3189
-70.1321
-128.001
-127.345
-13.1263
-69.2901
-69.6652
85.5958
71.0079
70.8615
45.4035
60.6111
60.6334
45.6234
-50.938
7.27115
-41.0287
-83.655
7.29168
-83.3133
-51.3785
-50.9501
-82.1972
7.2746
-40.8521
7.26139
-50.3006
-82.9662
-125.97
-69.8465
-12.8703
-126.842
-13.0813
-69.0264
-68.534
-12.8598
-122.817
-67.9927
-123.739
-12.8634
-67.5133
-67.0686
-49.8029
6.83974
-80.0878
-39.7669
7.03446
-49.2073
-80.8965
84.7675
70.7556
70.1236
44.9249
60.4105
60.0386
45.4626
-49.721
-81.817
-39.9243
7.22939
7.13975
-81.2889
-50.3115
-125.278
-68.2474
-12.8952
-124.322
-12.7292
-67.7447
-68.2476
-13.4546
-71.2544
-128.613
-129.086
-13.5437
-70.2558
-69.9937
-51.8699
7.24655
-84.0617
-41.7563
7.24566
-51.4683
-84.5838
87.1293
72.5161
72.0781
46.2471
62.107
61.8473
46.6668
-129.848
-71.4275
-13.7185
-129.362
-13.5556
-70.3813
-70.6199
-51.8648
-84.9959
-41.8755
7.35618
7.27905
-84.8192
-52.1402
-12.6307
-71.8456
-130.332
-13.059
-130.317
-70.4967
-70.3156
-52.0994
8.22482
-42.1237
-85.412
7.77883
-85.5181
-51.8532
87.6556
72.6812
72.5603
46.6526
62.2602
62.2996
46.8064
-130.087
-72.0424
-13.5819
-13.439
-130.332
-70.6689
-70.6287
-52.2301
-85.1234
-42.1807
7.41945
7.64184
-85.497
-52.1
-8.2865
-69.0032
-129.14
-129.217
-8.47009
-68.066
-67.9535
95.0414
79.7029
79.8878
52.2901
67.8362
68.0632
52.2168
-50.1765
10.6495
-41.2422
-84.8973
10.4799
-85.099
-50.0083
-50.2861
-85.0642
9.96075
-41.3341
10.368
-50.5352
-85.1757
-129.48
-69.2534
-9.32745
-129.369
-8.84129
-68.2915
-68.539
-12.0276
-130.239
-70.9133
-130.145
-11.3886
-69.704
-70.008
-51.3846
8.4062
-85.3892
-41.8783
8.9647
-51.6959
-85.5297
93.5371
79.172
78.3823
51.1558
67.4327
66.9187
51.8162
-51.1684
-85.1804
-41.7147
9.77119
9.18661
-85.4171
-50.7177
-129.707
-70.418
-9.9814
-129.883
-10.6473
-69.2753
-68.9225
-8.30022
-69.0679
-129.155
-129.267
-8.51154
-68.1025
-67.9655
-50.2115
10.6477
-84.9066
-41.2562
10.4724
-50.0135
-85.1262
95.0402
79.6826
79.8698
52.2721
67.8329
68.0605
52.1958
-129.613
-69.3518
-9.42417
-129.454
-8.90563
-68.3527
-68.6334
-50.3275
-85.1323
-41.3566
9.9432
10.3589
-85.22
-50.6137
-12.2319
-71.1735
-130.55
-11.5605
-130.405
-69.8847
-70.2239
-51.513
8.37192
-41.9404
-85.5408
8.93656
-85.6568
-51.8622
93.5369
79.1505
78.3585
51.1289
67.4293
66.9145
51.7927
-129.879
-70.6444
-10.0993
-10.7979
-130.103
-69.4296
-69.0425
-51.2908
-85.2648
-41.7705
9.75187
9.15959
-85.5272
-50.8028
-13.9486
-71.9343
-129.408
-129.799
-13.9857
-70.7397
-70.5331
87.1663
72.4776
72.0417
46.1874
62.1178
61.8614
46.6055
-52.2025
7.19578
-41.8946
-84.4155
7.19644
-84.9053
-51.8565
-52.1903
-85.2613
7.30913
-42.0098
7.22816
-52.4149
-85.1179
-130.426
-72.0535
-14.0801
-130.013
-13.9647
-70.8253
-71.0136
-12.8592
-130.688
-72.2468
-130.729
-13.3236
-70.7807
-70.5612
-52.3145
8.18928
-85.5818
-42.2191
7.73703
-52.0271
-85.7163
87.6831
72.6416
72.5253
46.5978
62.2681
62.3075
46.7455
-52.4521
-85.3685
-42.2819
7.37245
7.5998
-85.714
-52.3666
-130.61
-72.4856
-13.9136
-130.791
-13.7295
-70.9842
-70.9872
-13.8552
-71.0577
-128.873
-128.314
-13.7278
-69.9449
-70.2544
-51.4016
7.22184
-84.035
-41.2016
7.24179
-51.7777
-83.7349
85.7066
70.9643
70.826
45.3195
60.68
60.699
45.5301
-127.148
-70.8534
-13.5983
-127.901
-13.7323
-69.7385
-69.3262
-51.4248
-82.6908
-41.0277
7.2325
7.21514
-83.4155
-50.8481
-13.9357
-69.4895
-124.559
-13.8232
-125.305
-68.5548
-68.2254
-50.4656
6.8426
-39.9664
-80.7573
7.01706
-81.5097
-49.9709
84.9071
70.7156
70.0926
44.8398
60.4881
60.1271
45.3702
-126.566
-69.6202
-13.6848
-13.6139
-125.755
-68.7012
-69.1091
-50.3688
-82.3411
-40.1282
7.19306
7.11304
-81.8665
-50.8724
-16.2793
-67.4249
-119.141
-119.642
-15.5746
-66.8009
-66.872
77.9596
64.6957
63.7483
40.3091
55.4632
54.8298
41.1467
-49.3057
4.22917
-38.1784
-76.7504
5.04453
-77.4397
-49.253
-48.9511
-78.2829
5.85548
-38.1378
5.34864
-49.3588
-77.6548
-120.91
-67.2833
-14.8195
-119.948
-14.9989
-66.6692
-67.0043
-14.1185
-123.85
-68.4436
-122.986
-14.1468
-67.6052
-67.9892
-49.5336
6.76025
-80.3147
-39.0489
6.53198
-50.0026
-79.7753
79.5094
65.1637
65.1708
41.4094
55.8779
56.0894
41.5063
-49.7167
-78.5625
-38.9524
6.05565
6.36566
-79.4509
-49.1484
-121.548
-68.3329
-14.4818
-122.508
-14.4286
-67.5032
-67.0869
-17.0644
-68.0824
-118.759
-118.437
-17.98
-67.5346
-67.1673
-49.8004
3.87404
-76.5567
-37.7921
2.76368
-49.5977
-76.0537
66.5998
52.3118
53.0693
31.3844
44.1122
45.101
30.7563
-119.456
-68.8447
-20.7159
-119.005
-19.3184
-68.605
-69.6293
-50.5551
-75.5123
-38.152
0.666055
2.17599
-76.2364
-51.0924
-30.7286
-72.1054
-126.317
-27.3436
-124.849
-76.8297
-79.2007
-55.1322
-5.90006
-38.9491
-75.0598
-3.20688
-76.0367
-56.8455
62.2467
50.8731
48.8312
27.4708
42.7473
41.1267
29.3904
-120.897
-70.4366
-22.5838
-24.2676
-121.505
-73.1939
-71.7356
-53.226
-75.9952
-38.1947
-0.109897
-2.13248
-75.3433
-52.2542
-109.419
-127.637
-131.542
-132.722
-94.9488
-97.3342
-96.2102
2.81173
-2.72521
-10.436
-19.1189
-1.07954
-6.48753
-13.4269
-73.529
-25.0425
-59.9517
-36.734
-23.623
-64.2176
-70.1821
-72.8619
-70.5607
-18.2416
-37.2719
-22.0245
-71.3572
-66.6409
-138.473
-113.516
-67.6762
-134.142
-79.0329
-96.5695
-96.9533
-35.576
-129.831
-81.7136
-131.389
-41.2855
-86.3393
-83.5049
-61.4874
-7.25113
-75.6794
-38.6678
-10.6007
-59.2704
-74.0007
21.8744
3.76085
8.49887
-5.53461
3.71778
7.67578
-8.77566
-64.9676
-71.4275
-39.4969
-16.2793
-12.3542
-74.2293
-67.6953
-136.048
-87.1899
-57.1907
-135.73
-48.6246
-91.2354
-93.4453
7.23158
28.6921
8.6504
38.7409
33.0438
9.31614
8.53042
113.96
117.116
129.897
116.453
106.834
116.809
104.961
105.883
83.3914
78.3418
61.843
89.0158
103.63
92.3109
118.254
133.484
78.2837
115.958
120.356
105.329
130.707
-28.5406
7.09756
-12.8264
-22.992
-9.03131
-2.68705
-27.2917
-25.6093
33.0538
-4.222
-23.3595
-41.4178
-2.55794
12.4798
-65.7757
-79.0094
-50.1073
-133.565
-76.2103
-113.172
-39.5406
81.9393
102.534
86.3442
76.8387
96.701
85.4134
90.6645
52.6686
59.2178
63.525
0.163334
73.4862
32.9574
47.7342
36.6548
-17.0815
-23.9938
20.0885
16.1841
6.7596
34.106
17.3822
23.7083
37.1694
28.4096
6.92962
19.1938
14.824
71.3718
64.5093
25.659
53.3348
89.1853
45.1794
48.9026
92.2834
123.79
72.036
83.0204
108.845
69.4545
108.169
150.721
179.505
173.711
159.196
160.497
154.966
164.114
155.847
166.615
115.756
147.083
160.143
141.367
163.016
148.865
144.327
107.532
126.157
139.896
152.734
133.699
93.3285
116.692
118.7
114.954
98.0694
99.9465
112.766
158.883
167.528
129.81
134.506
135.845
153.235
173.962
164.108
185.174
140.537
145.851
141.47
180.047
168.681
86.9813
114.397
111.919
107.455
95.7801
93.3767
110.192
139.743
160.677
122.609
114.342
153.605
115.336
146.815
131.195
136.004
105.393
96.9641
121.181
145.403
105.779
166.135
184.885
189.398
173.949
165.786
170.173
169.75
175.086
173.247
153.395
134.124
168.903
179.749
158.783
180.353
192.303
140.172
171.03
186.386
164.25
185.065
186.378
208.695
210.266
198.244
187.751
189.463
196.758
199.877
204.635
186.548
160.783
197.971
206.334
188.235
201.517
209.482
162.735
192.072
208.034
190.24
203.103
109.331
137.02
136.145
133.642
117.879
117.077
134.482
178.671
195.407
156.156
157.391
155.64
193.78
180.786
175.956
189.104
153.36
150.018
152.68
172.731
191.741
180.736
206.88
204.793
193.043
185.736
183.718
194.829
194.013
202.832
155.89
184.159
196.12
201.421
182.341
191.604
196.678
154.258
174.829
188.865
199.585
179.876
111.437
137.784
138.449
135.977
118.758
119.261
135.404
184.562
197.204
159.806
161.59
198.952
182.831
161.244
186.288
202.475
163.63
164.467
200.794
163.25
187.785
190.53
214.765
214.574
203.57
195.035
194.628
203.914
206.292
215.841
170.943
196.323
215.016
195.832
206.812
205.733
211.356
168.853
193.698
204.594
213.323
194.985
120.009
148.388
148.698
146.068
127.948
128.117
145.852
194.535
207.442
169.571
171.134
169.969
194.073
207.873
194.969
208.651
171.748
171.23
170.843
208.315
195.279
118.921
147.948
147.387
144.866
127.525
127.068
145.385
192.483
206.779
168.597
169.903
206.445
168.028
193.348
190.729
204.409
168.298
165.933
189.298
205.463
166.776
191.016
214.69
214.613
204.374
195.589
195.956
204.213
207.85
216.216
197.394
171.827
207.447
216.265
197.622
208.371
216.34
172.195
198.631
216.342
198.573
208.684
192.165
214.459
214.733
205.898
198.653
198.962
205.575
211.409
217.115
201.374
172.299
210.893
217.463
201.61
212.321
218.43
172.814
202.909
217.933
202.601
212.975
121.972
150.836
150.603
148.272
130.638
130.381
148.545
196.21
210.174
173.006
173.67
173.049
209.694
196.595
195.837
208.999
172.424
172.05
172.259
195.585
209.256
191.57
214.225
214.142
205.059
198.128
197.906
205.167
209.831
216.752
172.046
200.505
210.255
216.578
200.394
209.344
216.424
171.661
199.542
209.101
216.388
199.589
122.594
151.043
151.247
148.956
130.862
131.017
148.772
197.688
210.827
174.425
174.534
211.605
197.098
174.972
198.408
213.762
175.353
176.295
212.6
175.762
199.249
193.319
217.316
216.808
209.057
198.666
198.668
210.49
214.386
224.2
177.012
207.074
221.914
203.491
214.542
214.353
219.113
175.868
203.518
213.994
220.249
205.064
131.523
161.735
162.396
158.992
138.829
139.242
158.437
207.366
219.26
175.755
185.72
175.896
206.397
220.53
207.965
222.029
186.326
176.109
176.009
221.512
208.269
129.673
160.891
159.989
156.879
138.23
137.577
157.695
203.092
218.206
176.491
179.861
216.914
175.998
205.053
201.611
214.825
178.525
176.788
200.251
216.015
177.101
194.025
217.934
218.625
211.767
198.277
198.399
211.001
215.557
226.377
205.837
187.674
215.009
227.718
206.121
216.173
228.489
188.323
206.677
228.262
206.484
216.527
193.572
217.488
217.023
209.286
198.877
198.928
210.675
214.598
224.324
207.271
177.212
214.714
222.071
203.733
214.618
219.384
176.131
203.883
220.463
205.372
214.313
131.54
161.758
162.416
159.031
138.863
139.271
158.481
207.439
219.348
185.798
175.86
175.975
220.599
206.494
208.009
222.045
186.368
176.127
176.051
208.286
221.554
194.136
218.062
218.719
211.868
198.435
198.514
211.138
215.649
226.473
187.764
205.983
215.136
227.791
206.231
216.226
228.505
188.374
206.701
216.546
228.304
206.547
129.701
160.919
160.021
156.937
138.272
137.623
157.748
203.244
218.319
176.633
180.043
217.053
205.178
176.173
201.802
215.055
178.768
177.065
216.195
177.334
200.482
192.713
215.024
215.236
206.438
199.287
199.529
206.179
211.927
217.652
172.838
202.029
217.937
202.194
211.48
212.77
218.772
173.276
203.347
213.359
218.338
203.106
122.107
150.989
150.766
148.51
130.832
130.585
148.77
196.745
210.697
174.251
173.7
173.688
197.074
210.277
196.439
209.722
173.204
172.841
172.981
209.91
196.251
122.704
151.185
151.38
149.153
131.041
131.186
148.982
198.056
211.284
174.932
175.024
212.005
175.421
197.518
198.724
214.049
175.774
176.631
199.521
212.94
176.147
192.333
214.863
214.848
205.813
198.843
198.694
205.851
210.569
217.364
201.249
172.81
210.919
217.258
201.216
210.166
217.258
172.516
200.551
217.145
200.51
210.009
192.132
216.147
216.082
205.186
196.569
196.299
205.398
207.904
217.193
197.962
172.61
208.284
216.49
197.621
207.52
213.216
170.723
195.898
214.976
196.976
206.583
120.311
148.756
149.047
146.564
128.415
128.561
146.372
195.452
208.518
172.297
170.769
171.062
208.857
195.085
195.793
209.459
172.794
172.122
171.82
196.026
209.203
192.242
215.944
215.763
205.609
196.982
197.235
205.554
209.069
217.444
173.098
198.875
208.782
217.391
198.981
209.476
217.272
173.343
199.756
209.692
217.364
199.802
119.281
148.339
147.801
145.449
128.026
127.594
145.941
193.732
207.968
169.936
171.445
207.746
194.474
169.499
192.128
206.056
170.031
167.768
206.928
168.429
190.861
188.915
211.425
212.743
200.912
190.69
192.146
199.687
202.626
207.591
163.718
189.902
208.974
191.268
201.033
203.984
211.583
165.342
194.533
205.324
210.382
192.955
110.413
138.137
137.342
135.263
119.291
118.578
136.009
181.934
198.415
160.709
159.999
159.359
183.663
197.171
179.696
193.526
157.724
154.852
156.926
195.602
177.023
112.302
138.817
139.414
137.3
120.058
120.48
136.815
186.805
199.861
162.724
164.318
201.313
163.858
185.36
188.27
204.338
166.046
166.544
189.55
202.884
165.558
184.109
209.915
208.147
196.644
188.987
187.287
198.1
197.832
206.164
187.916
159.982
199.54
205.154
186.499
195.873
201.46
158.886
180.004
203.8
184.527
193.674
158.244
186.843
181.955
168.042
167.788
163.043
172.031
166.275
176.318
156.529
127.107
172.107
171.314
152.006
160.771
159.602
120.539
139.798
165.745
145.758
153.745
96.6329
120.583
122.251
119.635
102.878
104.332
117.891
165.616
175.544
142.028
138.322
143.236
180.879
161.091
169.876
190.301
147.074
151.412
147.863
173.656
185.994
171.651
191.405
195.228
180.245
172.339
176.106
176.763
182.109
181.68
141.926
161.752
176.921
187.088
166.2
186.545
197.809
146.97
176.864
190.501
192.733
170.814
91.4317
118.708
116.661
113.652
101.122
99.2215
115.87
150.62
169.997
132.504
125.536
164.45
156.05
126.648
144.174
151.197
118.347
112.306
158.188
119.032
136.759
127.376
134.983
145.537
132.758
122.605
130.841
123.296
127.529
114.385
84.3033
99.6561
129.607
111.499
114.436
137.041
151.619
97.906
131.328
146.661
142.028
122.701
17.9166
44.9306
34.1848
31.4515
34.9527
26.0157
42.3196
20.4617
71.7732
27.0564
5.77088
-5.66028
53.378
41.7894
-20.7534
-41.0954
-27.8218
-87.0721
-43.1727
-67.365
4.49981
42.3832
54.5818
62.8207
59.9743
43.4276
49.9626
52.2384
99.7391
97.0302
54.3067
76.1202
116.152
73.3244
79.703
115.419
142.078
91.9802
101.008
127.102
131.006
90.5526
102.283
122.794
109.606
99.5678
114.206
104.822
111.109
85.0535
95.4001
85.9749
29.6079
102.131
73.6208
71.5472
70.8698
22.9572
4.00781
42.1292
49.5174
49.2613
57.9093
28.4266
38.9039
33.2126
25.3347
29.5756
27.2719
34.4445
21.3853
28.7834
27.7337
29.1368
24.8112
17.5844
32.6268
-867.523
-294.604
-245.359
-177.324
-345.35
-601.64
-439.537
34.707
33.5499
22.6851
18.5714
32.2824
31.1522
30.3619
-20.6755
-111.56
-67.4294
-78.1576
-32.5274
-26.5597
-130.795
17.8635
30.36
27.2422
33.3376
29.5531
28.9317
19.7934
-6.08078
58.1197
35.8279
-57.9036
29.3332
-0.44599
-61.1058
9.73544
69.7073
41.7035
-54.1147
46.9436
4.66521
-47.0124
-185.573
-95.9277
-106.642
-120.93
-185.129
-112.706
-221.614
-192.17
-167.174
-131.159
-204.173
-146.933
-35.8413
19.5681
-7.09211
-85.7423
-1.59153
-83.5843
-41.4874
-51.1043
6.23677
-10.2785
-87.4511
-14.3048
-90.0776
-45.4337
-172.61
-90.0358
-83.0145
-67.2175
-170.476
-77.5157
-141.282
-41.8459
-48.0452
-60.7678
-147.341
-53.4222
37.7319
-10.3493
108.518
-82.0399
107.076
37.8439
-81.2106
40.2325
-2.11022
111.827
-81.7098
115.286
39.2549
-81.7664
-112.66
-6.91546
-7.90339
-8.14442
-113.424
-8.26974
-115.677
-10.6288
-10.3307
-8.64316
-114.828
-9.82947
35.8804
-13.8723
97.0056
-66.4883
98.2372
-72.2209
36.778
39.716
5.33269
95.3295
-59.2095
95.9907
-49.0264
37.0722
-112.022
-6.59143
-6.71414
-5.54547
-111.496
-6.43095
-109.976
-4.1004
-5.1113
-5.177
-110.621
-5.46101
30.8374
71.2129
150.936
-105.529
152.841
29.1126
-102.983
26.3603
64.0189
149.177
-107.955
146.984
27.722
-110.07
-106.755
0.224101
-0.539796
0.137376
-106.869
-0.569019
-106.885
0.0891131
-0.438529
0.137017
-106.669
-0.465002
38.0524
76.8935
158.21
-88.3679
157.535
-90.6586
39.5368
42.3942
79.6115
158.587
-85.8481
159.498
-83.3898
40.7639
-106.784
0.305827
-0.128518
1.02674
-106.462
0.0983986
-104.886
2.96468
1.6668
1.42049
-105.408
1.14469
59.5798
85.0305
127.591
-41.8407
130.003
45.9901
-11.5609
30.7109
47.313
132.736
-68.3774
131.436
40.269
-90.7633
-99.372
10.0605
10.0726
11.9332
-98.9325
10.7086
-97.812
13.0506
12.2118
12.3781
-97.9807
11.9831
90.7841
113.191
109.266
80.0635
112.737
77.3815
92.3354
93.1189
101.255
105.952
82.0139
104.29
82.9937
92.5513
-100.861
9.27198
7.7533
6.69827
-101.485
6.87143
-103.861
3.41952
3.52042
5.80623
-103.256
4.3242
59.5475
86.9259
160.952
-56.2926
163.559
59.0875
-55.2642
55.2796
62.989
156.883
-59.3179
150.917
57.7398
-63.3918
-108.296
-1.31798
-1.57308
-0.675113
-107.967
-1.3848
-107.215
-0.34981
-1.0819
-0.53389
-107.54
-1.13986
55.3886
89.0379
164.131
-64.2506
165.129
-61.5197
53.5887
50.5415
85.3297
163.702
-66.9574
163.023
-69.5191
52.2057
-108.609
-1.59463
-2.53974
-2.76764
-109.151
-2.93609
-110.603
-4.83485
-4.74241
-3.26537
-110.074
-4.27586
47.299
97.5802
89.3124
-20.2612
94.0469
43.7834
-18.5487
36.981
82.7345
84.7989
-20.6736
79.7535
40.9054
-22.4122
-128.073
-23.5607
-22.3197
-18.9322
-126.477
-20.8939
-121.034
-14.4051
-16.0863
-17.6487
-122.567
-17.0955
55.7189
93.4383
100.755
-2.00502
104.479
-9.244
53.426
51.4418
53.5546
101.23
1.38116
99.2798
-3.92735
53.8354
-130.669
-25.3629
-27.9813
-32.6533
-131.717
-30.3309
-140.758
-50.4746
-45.1455
-35.9292
-136.738
-40.7137
41.4592
91.9272
83.5247
-26.5726
88.5191
37.7292
-24.6398
30.581
76.154
78.7402
-27.1634
73.4112
34.6595
-29.0487
-122.664
-17.899
-17.1816
-14.6037
-121.465
-16.1476
-117.463
-11.2555
-12.6601
-13.6375
-118.779
-13.406
-123.279
-19.2191
-21.1661
-24.3999
-123.739
-22.9045
-37.7483
-128.773
-33.8503
-26.8725
-125.842
-30.5507
50.9737
88.9183
96.4986
-6.69367
100.046
-14.1639
48.8776
47.2717
49.524
97.1516
-3.09289
95.3673
-8.20952
49.4814
58.1374
85.536
159.55
-57.8143
162.215
57.6151
-56.7201
53.672
61.4007
155.417
-60.9067
149.385
56.2008
-65.0514
-107.592
-0.601845
-0.890253
-0.0636569
-107.293
-0.73549
-106.662
0.145853
-0.551664
0.0480358
-106.97
-0.581475
-107.779
-0.842649
-1.73962
-1.8832
-108.29
-2.09558
-3.74045
-109.532
-3.70912
-2.33459
-109.041
-3.29153
54.2495
87.9111
163.089
-65.3746
164.042
-62.6935
52.4968
49.5384
84.3353
162.705
-68.034
162.066
-70.5528
51.1605
59.3702
84.833
127.351
-42.0936
129.791
45.7495
-11.7803
30.4162
47.0297
132.477
-68.6577
131.146
40.0072
-91.0808
-99.3025
10.1601
10.1742
11.997
-98.8655
10.7989
-97.7884
13.0646
12.2419
12.4303
-97.9598
12.0277
-100.739
9.38333
7.89083
6.84676
-101.361
7.0202
3.61456
-103.686
3.71854
5.9651
-103.087
4.51032
90.6793
113.083
109.177
79.9792
112.627
77.2779
92.2509
93.0731
101.207
105.883
81.9485
104.242
82.9476
92.4861
31.372
71.752
151.417
-105.012
153.351
29.6156
-102.432
26.7989
64.4604
149.628
-107.469
147.406
28.1931
-109.618
-107.123
-0.105534
-0.900625
-0.249247
-107.251
-0.94483
-107.345
-0.381432
-0.896883
-0.267521
-107.116
-0.900065
-107.085
-0.00748934
-0.43682
0.762066
-106.753
-0.19401
2.75692
-105.117
1.43202
1.16988
-105.642
0.896619
38.7499
77.5912
158.905
-87.6106
158.198
-89.9374
40.2687
43.1993
80.4135
159.318
-85.0524
160.263
-82.5545
41.5325
40.0417
-8.03898
110.625
-79.7556
109.28
40.0512
-78.8195
42.2495
-0.0917972
113.841
-79.5282
117.214
41.3632
-79.6799
-114.721
-8.75099
-9.87174
-10.3768
-115.583
-10.3567
-118.502
-13.5737
-13.0555
-11.0189
-117.514
-12.3814
-113.715
-8.32683
-8.34226
-6.99242
-113.116
-7.96996
-5.25232
-111.253
-6.33705
-6.54728
-111.955
-6.75579
38.7892
-10.9832
99.8899
-63.3434
100.996
-69.2109
39.8239
43.0554
8.60898
98.3499
-55.9168
99.1445
-45.5899
40.2655
-8.86368
63.8065
42.875
-59.5512
34.9056
0.812594
-68.6995
14.7775
77.8938
49.1196
-51.9381
54.5154
8.15873
-42.6992
-244.41
-142.946
-162.816
-201.872
-254.584
-178.272
-904.938
-747.893
-1095.38
-208.386
-129.924
-117.057
-92.0509
-201.554
-106.75
-56.1934
-158.943
-64.4787
-82.2855
-167.279
-72.134
-109.461
-72.2211
-98.7616
-262.079
-48.9121
-204.316
-136.277
-137.059
-367.367
50.4977
-59.1868
-94.0098
-364.087
15.8501
-114.092
-4.6916
-134.358
-37.4973
-266.641
-74.5245
-2.85243
33.3427
12.5809
39.3526
6.47192
33.1051
37.2342
17.5376
-44.9756
-74.6407
-23.1807
-88.8505
-75.053
-45.4172
-53.4114
-15.4037
39.4889
2.00804
30.8067
-19.176
-1.54153
31.0655
31.8389
5.15893
-7.53868
-6.84773
34.4154
20.6532
26.8427
14.5358
-18.4683
-4.68815
-8.19881
-7.99062
11.1556
-6.95687
19.173
12.2081
23.8168
3.98221
20.1722
18.9147
23.7693
-7.28966
-4.67755
-21.0844
8.45549
17.9937
19.1732
9.24383
-83.6961
-32.9772
-43.6359
-67.3771
-71.1611
-56.9232
-38.7489
54.257
56.2882
77.7888
55.7602
77.0221
75.1895
75.1616
-17.582
-26.458
-52.7127
-18.1634
-30.0187
-8.50446
-7.53667
-33.8438
-5.61962
-6.18639
11.8608
-7.26093
9.69852
10.3197
64.3345
65.2083
84.5478
66.7077
85.1175
83.6401
82.4253
28.9024
21.8846
-23.1176
-14.1234
37.2027
24.6113
24.3334
-19.2908
-8.23981
-38.3333
-25.4394
-4.45613
-6.2739
-1.8916
-16.7498
-237.804
-187.609
-197.91
-110.023
-122.695
-223.058
-46.5037
7.26666
-5.68971
-6.62912
-56.6794
-68.3237
5.62926
6.02166
22.764
6.90183
-30.9172
12.0278
-54.9952
21.4616
-28.8514
23.2538
11.631
-5.42951
-24.9316
10.1006
19.9947
-59.9209
-73.6106
-89.2515
-77.4524
-44.3521
-50.7516
-63.6041
-134.481
-36.9028
-122.149
-110.235
-77.9762
-204.106
-78.1176
-6.61117
8.49241
5.10242
-0.0138558
2.26434
-8.99277
2.36041
-241.979
-111.71
-182.713
-179.003
-153.675
-255.684
-108.847
-116.547
-117.369
-43.7816
-56.5556
-42.7539
-152.81
-102.315
-154.839
-189.973
-215.091
-230.636
-120.369
-184.51
-184.013
4.36911
7.23404
-23.5994
-30.7017
11.1724
-36.5704
0.619482
-48.5792
-51.8808
-15.974
-90.673
-45.5408
-10.3015
-38.1813
-31.96
24.8192
-42.6657
-27.2864
-12.6062
14.9103
-94.0975
-8.70738
-9.53117
-8.2341
-19.9734
-0.712351
-17.8421
-19.9213
-40.0931
-63.8689
7.0515
-18.8637
8.94814
-80.1176
-42.8902
-125.705
-120.196
-189.756
-134.935
-92.3031
-139.401
-100.484
-25.1094
-55.6618
-62.1906
-52.9207
-27.1238
-21.9375
-52.7882
-51.8049
-57.9079
-59.541
-54.9902
-41.3934
-55.7648
-42.2703
-172.914
-116.798
-113.426
-108.266
-134.18
-87.204
-91.2415
-36.4299
-22.6444
-46.6058
-15.3968
-20.1658
-46.56
-28.2475
38.4053
12.2539
10.565
18.9221
38.9929
40.3987
20.3416
-28.8276
10.4072
5.4851
-5.13682
-57.4308
-36.384
5.0567
-1.8553
-54.3886
-29.926
13.3372
-42.6743
6.00799
5.23507
-57.8468
-74.4092
-82.9102
-78.7342
-43.3749
-50.6693
-67.6302
-91.177
-122.809
-113.275
-153.62
-152.053
-156.15
-138.204
-177.151
-107.404
-166.144
-125.456
-171.126
-149.921
-146.292
66.7339
47.2373
50.6972
44.415
61.1015
63.5846
43.5077
-3.22195
30.5484
33.5757
16.9979
-64.5668
-24.5811
19.3318
14.9969
-26.0596
-68.2812
22.003
-33.1194
15.8006
18.884
-585.996
-289.368
-220.702
-242.026
-368.117
-384.997
-516.206
-359.323
61.0588
-71.5926
-75.4874
-71.2415
-355.041
46.6477
-80.5992
-100.226
-18.3522
-378.057
-339.218
22.0774
-120.26
-131.526
-51.0008
-392.694
-172.907
-441.256
-142.992
-66.1223
-236.78
-431.881
-272.746
-626.648
-399.621
-357.853
-512.637
-1448.2
-627.125
-330.251
-20.5944
-138.997
-33.0516
-161.2
-200.263
-92.8614
-83.9594
-51.8095
-32.916
-169.645
-26.1302
-150.504
-94.9748
-99.9632
-87.4709
-35.3647
-187.009
-33.6308
-193.13
-99.9064
-84.6303
-83.5066
-57.6828
-48.4037
-62.365
-99.7976
-65.5508
-39.4108
-11.1702
-20.9231
-20.9556
-24.5446
-5.01722
-11.9835
17.4343
-22.9597
-13.9314
-12.9294
-6.06462
12.4389
-15.1702
4.74727
44.549
26.7071
43.724
23.1992
38.6334
48.7152
-0.245492
-13.7637
17.0675
2.49629
11.6246
18.1503
-0.71801
27.6943
53.7789
43.3594
51.5562
31.4554
51.8382
57.1656
23.7784
5.03935
29.9279
8.15538
19.899
30.4754
12.7834
-20.6862
-36.1576
15.0941
-1.27566
-71.8927
-31.9068
-39.2313
25.4047
-13.1198
17.9354
-12.1491
-28.0105
-7.73665
-49.1072
14.3386
-21.432
-8.65452
-16.0822
-1.07155
-11.5231
-34.1999
9.86666
-38.6203
1.85508
10.4966
2.71748
16.7769
-9.86849
-73.4701
-118.115
-60.6155
-117.381
-47.1121
-54.4049
-92.0765
-408.01
-395.222
-404.209
-253.022
-265.082
-281.198
-270.732
-29.0281
-58.5213
-96.1011
-66.3791
-8.27459
-35.5797
-23.4436
-379.817
-168.211
-271.115
-182.731
-244.072
-182.014
-123.796
36.5141
14.4002
37.4297
43.3388
35.7752
44.1311
31.9013
27.3312
-8.01515
27.9876
1.75252
30.1054
25.2824
3.27312
-82.2059
-24.8143
-39.1872
-41.2231
-67.9978
-39.4052
-24.1737
1.29968
3.65577
-26.2131
-15.9277
24.7467
4.20432
14.0858
-58.6563
-25.3584
-67.8005
-11.2942
-37.0825
-36.7192
-10.228
-39.8437
-26.9641
-26.9739
-8.20346
-30.6832
-35.1163
-27.8168
-33.6482
-31.4246
-11.6025
-16.7677
-26.7541
-32.0458
-29.7424
-18.1681
-9.09
-1.28013
-6.47703
-9.28166
-2.8194
-1.27952
-92.6853
-56.6723
-81.3352
-81.8109
-58.2658
-81.8307
-58.5329
-79.7033
-29.2694
-21.42
-64.5314
-50.1201
-41.8981
-22.3308
-40.0003
-31.4487
-57.9511
-32.9585
-22.322
-29.0694
-20.1881
-399.594
-384.26
-247.382
-368.77
-245.245
-249.243
-260.041
-27.6919
-30.1252
-52.893
-39.4031
-22.4122
-30.1662
-30.1377
-53.2653
-35.1456
-36.1774
-41.8008
-45.4562
-34.757
-32.46
-51.2841
-33.8624
-35.448
-47.2184
-46.3395
-35.5632
-34.7302
-35.4606
-11.6229
-58.7159
-3.21607
-32.2169
-40.7319
-13.3069
-5.2332
15.4305
-11.3328
47.2792
24.6872
-2.60037
15.8501
-116.674
-41.5666
-47.7568
-46.9041
-82.6693
-112.792
-42.8498
-19.3695
-24.2376
-22.4544
-15.5531
-3.27031
-0.239985
-19.2931
-17.4279
-7.90705
-37.8157
-36.3706
-5.43642
-32.4383
-20.1932
-209.123
-26.7918
-32.7722
-45.7821
-116.16
-146.489
-40.8265
-45.4107
-76.5434
-44.2374
-86.4277
-103.606
-44.6082
-41.2192
37.4678
5.79811
16.9401
-6.24345
-18.1635
9.62962
-18.301
-2.3852
18.375
13.3162
-2.78897
-7.30987
1.64374
-13.8064
31.8204
19.5399
23.09
5.33591
10.419
14.3784
2.6538
-4.90904
8.86409
10.042
-5.19174
-10.9731
-15.211
-5.27084
-15.467
-24.4188
-41.8341
-65.8819
-29.7597
-43.3867
-14.4153
-2.01111
10.604
-7.45606
-19.1742
0.898342
7.58896
-21.6134
-4.45846
1.52768
-24.4598
-9.95851
4.49258
-23.5425
-6.09535
-13.7798
-22.8194
-65.2875
-38.4256
-9.88323
-28.9976
-42.0569
19.4141
42.7182
40.3262
20.262
7.69552
22.5288
3.66404
69.8884
56.4723
56.9776
34.9412
47.2435
48.0455
34.5907
18.9422
40.3157
39.617
19.7228
6.59656
3.38771
20.666
3.37364
-11.9888
-25.0662
-50.7508
-15.4186
4.57345
-26.4344
19.1893
33.3957
13.2543
-2.73302
20.3953
32.4056
-3.80989
18.5972
31.0879
-4.18624
12.6541
31.6666
18.4869
-4.27147
3.77212
-11.2897
-50.6736
-24.0679
5.9593
-15.2641
-26.1456
4.6212
21.3772
21.8512
4.09048
-5.08182
4.18832
-8.51618
50.3467
42.3466
39.4158
19.0776
32.9074
30.364
21.7085
6.26052
27.947
24.0718
5.94135
-1.72681
-7.3583
9.57497
-7.23888
-18.6132
-33.1244
-60.1615
-24.0851
-36.3193
-3.95078
4.32384
13.2685
-1.26165
-17.1514
3.21456
15.1878
-16.4647
6.13397
19.4254
-12.9983
0.523026
17.3206
-14.9567
8.33825
-8.62665
-20.8284
-60.8477
-36.3686
-7.80781
-24.8918
-37.4993
21.516
43.444
42.7007
22.0968
8.13655
23.0681
5.12616
74.625
62.3643
61.1786
38.3833
52.935
52.0755
39.4293
21.9151
45.2947
43.2536
22.4537
8.80947
5.27935
24.3686
5.49351
-10.5744
-23.1482
-49.8528
-14.0626
-24.9306
7.35361
20.9495
34.053
14.8944
-2.31492
20.9416
34.4672
-2.47687
21.3609
35.7619
-1.32596
15.3076
35
-2.18329
22.3229
5.24226
-10.9183
-49.819
-23.7406
6.40795
-14.1074
-25.0774
25.9747
49.8644
48.3375
25.7668
9.87835
27.1986
7.14721
81.0051
66.8145
66.7752
42.6649
57.1092
57.2792
42.8154
25.8504
48.9885
48.0676
25.6138
9.81895
7.1409
26.7037
7.60036
-10.3907
-22.2867
-49.3502
-13.2216
-23.6312
8.84653
24.7111
39.82
18.5533
0.619579
25.3434
39.3714
0.060469
24.5426
39.0767
0.373855
18.3887
39.1257
-0.0273054
24.8304
7.66253
-10.6439
-49.4908
-22.3371
9.0341
-13.3096
-23.6404
28.8163
52.9864
51.9893
27.6881
9.98921
28.6761
7.98863
86.2579
71.6528
71.4099
45.7418
61.1699
61.119
46.0215
28.8504
52.861
51.9679
27.6965
10.1561
8.05324
28.6622
8.51632
-11.2893
-22.6104
-50.2691
-13.473
9.5613
-23.7037
26.4302
42.0884
20.0253
1.09617
26.818
41.8654
0.728501
26.425
41.9271
1.15479
20.0128
41.8229
26.7695
0.754536
8.47462
-11.5962
-50.3929
-22.8172
9.45533
-13.5778
-23.7736
26.9088
50.2091
49.4213
26.4411
10.0364
27.4002
7.63333
83.2293
69.4921
68.7478
44.0256
59.3921
58.9356
44.646
27.1061
51.121
49.7285
26.593
10.1222
7.65846
27.8758
8.13167
-10.7395
-22.3686
-49.6587
-13.1548
-23.544
9.3613
25.2881
40.0586
19.0374
0.701423
25.5227
40.1185
0.355815
25.441
40.7165
0.904482
19.1673
40.3341
0.42142
25.993
8.06688
-10.5586
-49.5278
-22.3158
9.1621
-13.0897
-23.5269
28.9625
52.999
52.1711
27.7824
9.95754
28.6589
8.02486
86.7191
72.1283
71.7581
45.969
61.6837
61.4785
46.3266
28.9714
53.1219
52.2053
27.7781
9.84006
7.9764
28.691
8.46535
-11.8533
-23.0466
-50.7065
-13.7138
-23.9569
9.37814
26.5232
42.1157
20.1063
1.04232
26.8125
42.0375
0.70787
26.5326
42.2729
1.02968
20.119
42.0763
0.688412
26.8839
8.4934
-11.6511
-50.6112
-22.9203
9.42131
-13.635
-23.9037
30.8227
55.5522
54.3335
29.4042
11.1975
30.5421
9.21626
88.837
73.6611
73.7006
47.5678
63.1185
63.2713
47.5975
30.4976
54.4682
53.9602
29.1172
10.5167
8.9772
29.7168
9.34593
-11.5662
-22.604
-50.3118
-13.178
-23.344
10.0274
27.9418
44.1426
21.3669
2.21644
28.5077
43.7325
1.70306
27.6933
43.3897
1.68572
21.1621
43.4709
1.51208
27.801
9.56674
-11.0808
-50.181
-22.149
10.6477
-13.0035
-23.1773
37.2901
62.075
61.3025
34.6105
15.4654
35.38
13.9562
96.3142
81.2135
81.165
53.2622
68.9925
69.0419
53.3611
37.154
61.6625
61.1554
34.4987
15.1909
13.8555
35.0682
13.4935
-8.03581
-19.5489
-47.4218
-9.42817
14.1215
-20.2137
32.18
48.2369
24.6958
5.23189
32.4937
48.0702
4.9149
32.0891
47.9753
5.03344
24.6222
47.9776
32.2405
4.84234
13.5788
-7.83149
-47.3541
-19.3585
14.3557
-9.35168
-20.1437
32.1286
56.0199
55.7164
30.4622
11.5332
30.8979
10.203
91.2371
76.9053
76.0857
49.4197
65.6998
65.1597
50.1084
32.6078
57.5402
56.2509
30.857
12.4968
10.5419
32.0253
10.6946
-10.1002
-21.3288
-49.4418
-11.9836
-22.3553
11.7856
28.8071
44.4479
22.0534
2.43268
28.8034
44.6265
2.34917
29.1387
45.4211
3.13356
22.3132
44.9662
2.59845
29.7425
10.3909
-10.8168
-49.6255
-21.9541
10.9281
-12.2362
-22.5798
37.2786
62.0722
61.2944
34.6051
15.4621
35.3782
13.9452
96.3133
81.2034
81.1567
53.2566
68.992
69.0414
53.3533
37.1335
61.6441
61.1405
34.4873
15.1638
13.8358
35.0522
13.4738
-8.07264
-19.5683
-47.4383
-9.45683
-20.228
14.0962
32.1743
48.2354
24.6947
5.22965
32.491
48.0693
4.91046
32.0779
47.9703
5.02014
24.6181
47.9736
4.83256
32.2257
13.5672
-7.83762
-47.3622
-19.3608
14.3516
-9.37006
-20.1509
32.022
55.9448
55.6501
30.3834
11.3843
30.8084
10.0766
91.242
76.8771
76.0565
49.3827
65.6963
65.1564
50.0736
32.5113
57.4805
56.1891
30.7838
12.3822
10.4263
31.9552
10.6068
-10.2279
-21.4102
-49.5573
-12.1125
-22.4402
11.7012
28.7535
44.4317
22.0305
2.36833
28.7447
44.6112
2.29063
29.088
45.4065
3.0823
22.2912
44.951
2.54386
29.6946
10.2967
-10.9806
-49.7528
-22.0591
10.8219
-12.3764
-22.672
28.7201
52.8436
52.0381
27.6084
9.60425
28.4586
7.72858
86.7737
72.0882
71.7213
45.902
61.7045
61.5036
46.2569
28.7446
52.9879
52.0804
27.6115
9.53858
7.69416
28.5178
8.26884
-12.1812
-23.2554
-51.0027
-14.0215
9.17506
-24.1594
26.4213
42.1124
20.0808
0.910771
26.7011
42.0351
0.586693
26.4338
42.2646
0.912479
20.091
42.0711
26.7836
0.572095
8.28806
-12.0332
-50.9254
-23.1616
9.18824
-13.9607
-24.1165
30.6994
55.4752
54.2579
29.3107
11.0421
30.4483
9.06635
88.8531
73.6246
73.6679
47.5205
63.1201
63.2728
47.5455
30.3624
54.375
53.8794
29.0178
10.3249
8.81567
29.6028
9.22763
-11.7765
-22.7404
-50.4796
-13.3565
-23.4633
9.89277
27.8792
44.1266
21.3409
2.14855
28.4465
43.717
1.63307
27.6276
43.3729
1.6041
21.1355
43.4555
1.43815
27.7288
9.45535
-11.2519
-50.3361
-22.26
10.5364
-13.1697
-23.2889
28.5443
52.8283
51.8423
27.4922
9.62553
28.4702
7.65195
86.3397
71.6081
71.373
45.6652
61.2151
61.163
45.9354
28.5583
52.6771
51.8128
27.4915
9.7311
7.69666
28.4252
8.27487
-11.7486
-22.897
-50.6475
-13.8622
-23.9552
9.2856
26.319
42.0882
20.0024
0.961744
26.7045
41.8696
0.595544
26.3104
41.9333
1.00399
19.9917
41.8299
0.616902
26.6432
8.2439
-11.9897
-50.7497
-23.0652
9.21567
-13.946
-24.0132
26.4024
49.9234
49.1805
26.114
9.307
27.0233
7.01681
83.4222
69.461
68.7296
43.9415
59.5083
59.0677
44.552
26.6346
50.8719
49.5
26.2797
9.49642
7.07612
27.5442
7.76601
-11.4091
-22.7652
-50.2678
-13.7828
-23.9243
8.97873
25.1459
40.1516
19.077
0.505861
25.367
40.2055
0.175945
25.3001
40.7779
0.720785
19.1976
40.4087
0.244517
25.844
7.68577
-11.3348
-50.1715
-22.766
8.72854
-13.7523
-23.9238
20.3843
42.9982
42.3285
21.5443
6.55495
22.4314
3.77341
75.4147
62.5425
61.4029
38.466
53.525
52.7325
39.4725
20.8765
44.9037
42.9024
21.9224
7.48516
4.01121
23.8028
4.87022
-11.9606
-23.8313
-51.1466
-15.3975
6.70043
-25.5869
20.9452
34.7188
15.3914
-2.40529
20.9421
35.0717
-2.56496
21.335
36.2408
-1.4621
15.7456
35.5407
22.262
-2.28976
4.59663
-12.5592
-51.1975
-24.5111
5.67488
-15.5239
-25.7579
25.4058
49.5801
48.0767
25.4052
9.1298
26.816
6.4466
81.2976
66.8191
66.7856
42.5939
57.3419
57.4957
42.735
25.2385
48.6622
47.7933
25.2366
8.94152
6.39919
26.2683
7.16063
-11.3206
-22.8068
-50.1216
-14.0158
-24.0891
8.3458
24.5701
39.9298
18.628
0.427164
25.1917
39.5
-0.123008
24.4024
39.235
0.172787
18.4785
39.2717
-0.212284
24.6772
7.24045
-11.441
-50.2194
-22.7939
8.59313
-14.0614
-24.0792
18.088
42.2943
39.9394
19.6606
6.06099
21.8956
2.06765
71.1649
56.957
57.4256
35.2117
48.461
49.1509
34.8907
17.4889
39.8215
39.2094
19.0994
4.59955
1.6741
19.9453
2.64108
-14.0391
-25.9454
-52.4745
-17.1937
-27.2127
3.74096
19.2807
34.1502
13.9689
-2.78398
20.4387
33.2515
-3.81891
18.728
32.1366
-4.15067
13.4608
32.6149
-4.2491
18.639
3.06672
-12.9859
-52.2832
-24.8382
5.22611
-16.9251
-26.8914
0.405331
20.4825
21.1355
2.96511
-10.4853
2.8543
-13.1602
54.5396
43.9691
41.2547
20.5652
36.3005
34.1901
23.0051
2.5322
27.3319
23.4209
4.89521
-5.59486
-11.5321
8.58396
-8.43515
-22.4559
-34.3317
-64.0871
-28.2091
-37.585
-5.09437
5.73478
17.7348
2.25563
-15.8482
4.83189
19.1167
-15.3358
7.34635
22.4798
-12.1878
3.61255
20.7763
-13.995
9.37534
-9.90684
-26.0863
-65.1848
-37.9158
-9.28266
-29.453
-38.857
-95.7955
-75.2999
-70.5157
-55.7207
-64.5245
-57.2401
-68.0834
-29.9177
-33.5668
-43.165
-40.3094
-22.7729
-28.8411
-33.8389
-89.0182
-50.9353
-63.153
-52.2068
-51.6733
-65.3681
-43.475
-48.204
-51.3487
-57.0951
-87.6698
-63.2637
-40.7068
-61.044
-39.3384
-32.2652
-25.7853
-39.2425
-42.6419
-28.7016
-39.4683
-36.07
-20.4351
-37.3672
-24.8839
-25.0737
-30.8727
-39.5898
-50.758
-61.0924
-83.5347
-55.4117
-52.1479
-64.5405
-59.0231
-8.5853
17.4888
12.2265
-4.40597
-13.2658
0.253303
-20.5707
39.8815
23.5119
26.5827
8.30192
19.0764
21.8328
6.06395
-12.0679
7.22085
8.75105
-7.01905
-19.9413
-22.9025
-7.46961
-17.4161
-32.9488
-44.1626
-72.7788
-37.1318
-45.3988
-16.7012
0.19678
15.7398
-2.1859
-17.5998
2.81939
13.4738
-19.7982
-1.89734
9.43773
-22.0003
-3.87125
11.295
-21.4278
-3.12233
-15.5252
-28.5966
-71.4043
-40.0268
-11.4171
-35.5174
-43.867
-65.0835
-49.7722
-64.1826
-106.349
-69.2427
-72.6212
-46.0218
-38.0653
-18.4774
-30.4677
-36.8019
-21.5755
-28.5735
-49.1637
-42.0775
-13.9396
-54.4448
0.356115
-11.466
-40.0139
-51.2266
-27.7379
-12.1815
-16.8394
-19.8844
-19.3371
-20.4479
-28.0453
-40.106
-49.3544
-55.1639
-26.1453
-34.2875
-57.6751
-36.8325
-50.8024
-102.165
-33.9966
-8.1329
-16.4129
-71.2574
-64.8274
-49.3029
-35.6001
-36.0201
-27.0864
-26.3008
-47.5977
-35.8045
-203.093
-352.155
-282.6
-236.303
-197.124
-303.976
-212.287
-171.047
-109.65
-163.803
-160.636
-109.881
-154.375
-113.408
-125.302
-100.241
-90.7461
-156.789
-140.973
-154.298
-103.912
140.998
112.625
125.404
106.602
119.641
101.441
107.118
51.528
67.0229
74.1469
67.0106
48.9298
55.2366
60.2854
134.097
91.9366
103.863
99.7254
111.448
93.346
86.0046
99.8592
124.228
125.746
122.565
105.466
106.779
121.067
191.779
157.935
176.972
156.323
175.272
154.498
156.058
190.013
152.998
171.381
154.693
173.257
152.638
150.98
157.108
117.966
131.811
122.599
136.209
117.856
113.509
75.307
103.079
99.5166
94.1219
84.4332
81.1566
97.623
161.335
130.58
144.992
126.839
141.268
122.881
126.555
196.573
159.366
178.787
160.695
180.025
158.861
157.753
105.829
133.451
132.316
129.641
114.296
113.294
130.687
197.89
163.144
182.68
161.936
181.582
160.375
161.459
208.675
173.215
193.652
172.341
192.756
171.283
172.081
113.904
140.599
141.211
138.876
121.474
121.926
138.333
207.817
170.838
191.129
171.559
191.838
170.427
169.798
120.876
149.524
149.629
147.045
129.004
129.06
146.978
219.732
181.831
202.439
181.694
202.341
179.971
180.128
219.717
181.497
202.191
181.602
202.227
179.798
179.731
211.772
174.054
194.649
174.911
195.443
173.59
172.967
116.848
145.535
144.771
142.401
125.586
124.994
143.09
212.923
176.77
197.448
175.824
196.496
174.521
175.312
219.703
181.858
202.519
181.886
202.406
180.192
180.262
121.457
150.284
150.138
147.676
129.985
129.787
147.845
219.658
182.026
202.548
181.927
202.487
180.354
180.482
222.79
186.021
206.771
185.239
205.946
183.774
184.484
123.974
152.382
152.802
150.461
132.062
132.35
150.1
222.068
184.093
204.774
184.593
205.276
183.172
182.749
133.067
164.088
164.356
160.728
140.484
140.635
160.514
241.165
199.632
220.997
199.46
220.802
195.721
195.897
240.833
198.827
220.155
199.182
220.517
195.478
195.2
225.893
186.878
207.659
187.784
208.577
185.968
185.245
126.843
157.237
156.322
153.646
135.688
135.01
154.481
227.259
190.006
210.907
188.858
209.689
186.887
187.865
241.169
199.633
220.998
199.465
220.808
195.728
195.899
133.072
164.1
164.363
160.745
140.497
140.644
160.537
240.838
198.838
220.169
199.188
220.527
195.488
195.214
225.975
186.961
207.795
187.857
208.701
186.076
185.363
126.891
157.288
156.378
153.738
135.759
135.086
154.566
227.328
190.062
211.003
188.921
209.796
186.98
187.949
121.634
150.483
150.347
147.977
130.236
130.05
148.134
219.998
182.131
202.933
182.145
202.802
180.546
180.632
219.936
182.258
202.906
182.171
202.859
180.685
180.801
222.907
186.114
206.925
185.341
206.112
183.918
184.617
124.054
152.486
152.899
150.609
132.195
132.475
150.257
222.198
184.216
204.972
184.706
205.46
183.332
182.92
220.078
182.12
202.88
181.998
202.801
180.384
180.523
121.114
149.817
149.908
147.445
129.375
129.414
147.397
220.082
181.836
202.702
181.924
202.715
180.238
180.192
212.474
174.728
195.629
175.546
196.368
174.446
173.873
117.312
146.031
145.298
143.137
126.221
125.663
143.79
213.581
177.331
198.274
176.42
197.362
175.322
176.075
107.313
134.959
133.943
131.816
116.195
115.323
132.725
198.664
161.452
181.673
162.628
182.706
161.384
160.47
199.819
164.802
184.997
163.717
184.052
162.701
163.641
209.523
173.937
194.702
173.109
193.864
172.309
173.053
114.554
141.38
141.944
139.89
122.46
122.854
139.41
208.724
171.713
192.388
172.381
193.026
171.527
170.964
194.431
160.208
180.113
158.781
178.651
157.678
159.018
102.136
126.914
128.215
125.843
108.8
109.846
124.628
192.907
155.913
175.382
157.376
176.944
156.105
154.741
166.059
127.619
144.329
131.215
147.507
128.853
125.735
82.1992
109.599
106.773
103.472
92.5496
90.1192
106.119
169.322
137.488
154.161
134.504
151.303
132.618
135.418
-25.5057
-5.36945
-20.3555
-24.2148
-6.11275
-17.4958
-9.06227
-13.5665
-55.6954
-57.6836
-35.6394
-34.1222
-37.5672
-56.6452
10.1907
4.0283
12.0071
-14.9661
-10.3116
-17.1734
2.01558
153.767
123.587
139.639
119.003
135.529
117.014
121.045
64.6449
82.729
87.7751
84.3344
68.1584
72.0571
80.0554
148.748
108.308
124.581
113.974
129.707
111.261
106.392
-7.20092
17.7117
51.6056
-14.7085
25.7738
-14.2821
-2.24219
4.73247
-45.4192
-9.49746
-12.4626
-31.0401
1.74937
-36.8849
35.4843
-8.17881
1.5963
-0.918096
56.3366
32.4638
1.30258
-18.6055
7.09891
-5.32228
-4.44699
20.713
-5.71615
8.89009
-16.3373
-25.7488
-14.5998
-28.3071
-30.1162
-17.6742
-13.1854
-9.87256
-22.0457
15.7069
-5.75993
-17.1833
-8.71351
2.86625
-44.1744
-11.5001
-13.2654
-14.0184
-32.3357
-35.366
-10.7605
-10.8412
-5.24561
-2.77953
-4.51926
-2.27502
-6.13597
-5.45207
-7.75163
12.741
-11.4848
48.7917
22.3339
-13.2614
-0.475349
0.885549
-57.6242
-18.4172
-18.942
-34.9426
-1.9342
-45.7167
-16.2273
-24.0114
-11.5385
-37.7494
-34.3769
-12.4258
-20.3882
-6.32326
-1.60568
-11.5933
-3.47306
-8.13278
-5.55271
-7.40285
-8.35128
32.2899
-3.22241
-4.81467
53.7604
28.9347
-0.16937
-27.0468
-58.688
-19.4442
-18.1576
-49.0392
-44.7893
-22.8832
-81.4831
-115.501
-90.5276
-68.9531
-67.5167
-60.378
-83.3998
-49.5104
-35.1143
-38.7437
-28.017
-45.3946
-38.0251
-39.9145
-60.2758
-74.8062
-72.4896
-57.6823
-48.087
-46.6355
-60.1575
-62.5106
-62.3521
-52.0745
-71.8352
-54.6158
-76.828
-54.6093
-110.265
-90.6787
-88.4864
-70.3237
-95.0372
-87.1891
-75.2601
-63.4922
-65.1968
-86.9475
-47.6805
-80.1898
-49.3872
-67.6287
-49.694
-26.855
-39.2816
-37.0146
-38.4125
-37.2547
-51.5271
-55.8147
-24.8513
-20.7716
-37.9137
-32.3597
-37.8923
-18.7705
-164.711
-135.366
-111.267
-109.551
-156.187
-149.794
-100.303
-307.133
-170.498
-235.22
-166.175
-163.535
-205.709
-123.587
-128.385
-102.483
-116.268
-74.3151
-142.849
-97.1397
-96.9745
23.9818
-21.759
1.9542
-6.79834
19.9803
-5.95455
6.58273
75.7524
21.7331
74.5759
24.7014
77.9853
49.8332
47.2402
62.6111
20.429
70.5133
16.3394
65.8696
40.4839
44.0041
85.3112
31.755
91.4335
30.6074
89.883
59.086
60.254
89.6473
32.1329
92.8193
32.9854
94.0388
62.2318
61.348
96.0159
35.479
100.261
35.7238
100.739
67.0072
66.6871
93.9644
35.3495
99.6697
34.9518
98.9644
65.7821
66.2598
97.1416
36.4764
102.713
36.2502
102.405
68.2673
68.5072
98.4857
36.5879
103.108
36.979
103.554
69.1183
68.8056
105.873
40.0458
108.589
40.5876
109.148
72.9214
72.5616
102.596
39.8026
107.879
39.0521
107.08
71.5611
72.0895
105.885
40.05
108.641
40.5909
109.185
72.9543
72.6066
102.627
39.808
107.947
39.0595
107.164
71.6334
72.1484
97.2685
36.5156
102.967
36.3004
102.692
68.5089
68.7219
98.5625
36.6222
103.332
37.0049
103.751
69.2837
68.9933
96.2418
35.621
100.833
35.836
101.253
67.4487
67.1829
94.3151
35.5061
100.316
35.1499
99.6878
66.4138
66.8212
86.4535
32.3768
93.2377
31.4167
91.9602
60.95
61.8697
90.3122
32.6951
94.3806
33.42
95.4062
63.4491
62.7401
78.2783
24.3599
80.1283
26.6407
82.6352
54.0468
52.2745
67.7506
23.3721
77.2352
20.4159
74.0511
47.892
50.0997
-3.92484
-2.11764
25.8172
-8.89448
12.1006
11.2415
18.2601
40.7673
0.407195
37.4662
6.49625
46.7895
30.1109
24.8577
-74.8048
-84.5445
-82.2328
-91.1218
-101.169
-90.7625
-77.1778
-68.6163
-93.9854
-87.4306
-89.1464
-63.0643
-63.7745
-91.3152
-104.312
-110.838
-131.998
-103.251
-121.626
-106.208
-109.796
-26.9102
-40.1276
-25.8969
-44.0457
-38.2017
-28.403
-27.0579
-41.6431
-70.9708
-31.2315
-37.4178
-91.7019
-46.4027
-63.134
-37.3018
-45.4844
-73.8099
-46.8598
-47.2288
-36.5012
-53.6442
-14.8493
-11.0737
-12.6877
-22.9352
-31.5204
-29.3167
-22.9105
-40.209
-33.5311
-26.7247
-32.7636
-61.3054
-37.3894
-45.6635
-26.7721
-13.3382
-20.0499
-23.867
-16.6845
-22.3702
-19.2864
-28.56
-22.509
-23.9578
-24.9211
-7.59716
-20.8575
-20.1033
-26.4769
-12.9982
-41.6002
-61.389
-21.8877
-26.0134
-48.2221
-28.2786
-24.6959
-38.1352
-36.5228
-39.6326
-23.241
-33.4726
-32.7875
-57.5987
-42.4478
-45.5275
-36.3853
-41.772
-44.1415
-26.4783
-25.1364
-66.0443
-47.7588
-29.6027
-49.9576
-23.0345
14.2521
14.5277
8.56769
-6.2156
5.4212
-1.39993
-0.31209
-17.4655
-8.00594
-6.29031
-16.3005
-15.1978
-16.1353
-21.3098
-14.0473
4.59465
-1.75548
-13.5235
-13.4291
-8.45067
-20.3038
-20.9631
-26.352
-44.2101
-69.211
-16.8431
-32.4356
-47.8234
-16.3435
-17.5006
-22.7833
-33.4821
-12.1165
-18.9223
-32.2821
-12.9964
-2.51153
-27.0881
-18.9767
-9.25504
-7.09372
-29.9497
-22.6159
-24.7009
-68.7921
-46.2107
-20.9723
-32.2986
-48.7897
66.0889
55.2902
53.5451
31.9573
46.0982
33.5622
44.6761
15.5294
35.9621
35.506
16.3129
3.9811
0.897071
16.9833
16.2279
39.1964
36.5141
17.188
5.82023
19.759
1.42518
1.33009
-12.7098
-25.8312
-52.4022
3.78903
-28.207
-17.0748
15.3018
26.9759
9.45849
-7.14405
27.8355
-7.00423
14.9602
16.1877
30.1157
-4.95951
10.3505
17.6202
28.888
-6.25576
0.669373
-14.0268
-52.7139
-27.564
-28.7731
-17.4451
1.72168
57.6153
44.6929
45.9704
24.9672
35.2239
23.8915
36.8934
11.9653
34.4715
31.3467
12.514
2.67637
15.567
-2.28882
11.0159
30.152
29.9018
11.167
0.23917
11.6843
-3.10841
-3.30034
-16.8108
-31.2252
-56.0907
-2.20128
-32.4565
-20.6915
11.9761
25.6379
6.24972
-8.2736
24.0615
13.7337
-9.87924
10.6857
21.3468
-11.323
4.96231
10.1225
22.5619
-11.0017
-2.30347
-15.2327
-55.5587
-28.7743
0.535684
-31.5523
-20.1242
76.818
63.0267
63.1338
39.9258
53.5469
39.9476
53.9011
23.6143
47.1476
45.363
23.894
9.33362
6.13496
25.5837
23.4288
45.9124
44.9928
23.6599
9.14121
24.7857
6.10556
6.3885
-10.2965
-22.8367
-49.376
7.70439
-13.522
-24.2819
22.8566
37.4835
16.769
-0.396979
36.8869
-1.105
23.6469
22.5694
36.2808
-0.973631
16.4668
22.7544
36.4918
-1.30201
6.52626
-10.4529
-49.5025
-22.6501
-13.5967
-24.2199
8.16029
79.5825
66.3613
65.5269
41.7546
56.7132
42.4827
56.1574
24.7702
47.6049
46.6756
24.7875
9.59239
25.8901
6.77693
24.9159
48.5537
46.9803
24.9587
9.60964
26.4383
6.76421
7.22052
-10.5394
-22.464
-49.4359
8.6473
-13.3334
-23.8425
23.7047
37.8584
17.5759
-0.17904
37.9762
23.9454
-0.540192
23.917
38.7598
0.177186
17.7944
24.576
38.2794
-0.41201
7.1387
-10.2559
-49.2784
-22.4759
8.40016
-13.2275
-23.8523
85.804
71.5073
71.0354
45.5091
61.0466
45.9299
60.7816
28.5709
52.3811
51.545
27.5568
10.3229
8.14968
28.5069
28.6038
52.7191
51.6657
27.5966
10.1287
28.6066
8.09095
8.54917
-11.2862
-22.6278
-50.0933
9.5359
-23.5936
-13.2975
26.2693
41.5583
19.8601
1.1448
41.5058
0.762181
26.5766
26.3225
41.8366
1.12412
19.9093
26.7125
41.6036
0.765652
8.5627
-10.9115
-49.9425
-22.4117
-23.5364
-13.18
9.6123
84.4266
69.8881
69.8262
44.7319
59.7001
44.9081
59.7942
27.9977
52.146
50.8921
27.2085
10.2225
28.3846
7.92677
27.9011
51.4964
50.6713
27.0969
10.2794
28.0821
7.9383
8.37829
-10.6438
-22.2719
-49.7024
9.49984
-23.4816
-13.1176
25.9919
41.4159
19.6355
1.10538
41.1007
26.4754
0.673521
25.8783
40.9449
1.02271
19.5344
26.1759
40.9322
0.62749
8.41179
-10.9593
-49.8362
-22.4209
9.54325
-23.5079
-13.2085
87.0131
72.2325
71.9897
46.1569
61.7858
46.4141
61.7354
29.0725
53.4095
52.4291
27.9401
9.89465
7.97962
28.9181
29.0988
53.2277
52.384
27.8839
9.89392
28.7649
7.98294
8.47608
-11.8274
-22.9934
-50.78
9.42691
-13.8113
-23.9718
26.696
42.5866
20.3039
1.1622
42.3479
0.776223
27.0938
26.6363
42.3546
1.08163
20.2378
26.9478
42.2607
0.735415
8.4978
-11.9665
-50.8304
-23.0199
-13.8497
-23.9655
9.4527
87.896
73.339
72.7866
46.8369
62.8499
47.3408
62.5003
29.5092
53.5726
52.8831
28.3038
10.0217
29.0486
8.30095
29.6602
54.1512
53.0813
28.4535
10.3017
29.4821
8.39523
8.84716
-11.7367
-22.7629
-50.6702
9.8399
-13.6023
-23.7287
26.9896
42.7096
20.5663
1.23863
42.6991
27.2
0.981672
27.1302
43.1709
1.52017
20.6891
27.5959
42.8593
1.08577
8.74171
-11.8764
-50.695
-22.9516
9.5487
-13.6514
-23.8031
95.469
80.9135
80.3183
52.616
68.762
53.1314
68.3902
36.015
60.2155
59.9218
33.5802
14.2556
13.0294
33.9987
36.3853
61.3719
60.3337
33.8834
14.9892
34.8504
13.2913
13.0241
-8.19479
-19.6872
-47.781
13.9514
-20.5822
-9.86048
31.3439
47.0799
24.0382
4.36839
47.2184
4.27173
31.3645
31.5948
47.7948
4.89275
24.2328
32.0622
47.4724
4.46225
12.7915
-8.74314
-47.928
-20.1676
-20.7577
-10.057
13.3065
92.9449
77.5103
77.7882
50.7065
66.163
50.5673
66.4662
34.6489
59.7036
58.4615
32.4939
13.8984
33.6179
12.0205
34.1429
58.1255
57.8959
32.076
12.8998
32.4592
11.657
11.6299
-9.77951
-21.0576
-48.7572
12.1274
-21.6406
-11.123
30.4731
46.7655
23.3614
4.13182
46.3323
31.0543
3.61311
30.1257
45.7845
3.41187
23.0881
30.1002
45.9793
3.34603
11.9533
-9.02642
-48.5439
-20.3956
13.0083
-21.3934
-10.8457
95.4673
80.9021
80.3023
52.6008
68.7615
53.1213
68.3877
35.9631
60.1764
59.8873
33.5447
14.1871
12.9718
33.9573
36.344
61.3512
60.3046
33.8538
14.9551
34.83
13.2442
12.9845
-8.23889
-19.711
-47.8231
13.9212
-9.91716
-20.6154
31.3171
47.0692
24.0271
4.33795
47.2091
4.24549
31.334
31.5714
47.789
4.8766
24.2231
32.0445
47.4639
4.44001
12.7455
-8.82195
-47.9812
-20.2149
-10.1244
-20.7976
13.2538
92.9456
77.4822
77.7625
50.6771
66.1585
50.5342
66.4622
34.5803
59.6623
58.4155
32.4425
13.8239
33.5719
11.9399
34.0631
58.0671
57.8445
32.0187
12.7913
32.3932
11.5658
11.5601
-9.90066
-21.1343
-48.8469
12.0475
-11.2254
-21.7067
30.4356
46.7542
23.345
4.09765
46.3196
31.0207
3.57443
30.0849
45.7697
3.36367
23.0702
30.0547
45.966
3.30322
11.89
-9.11169
-48.6219
-20.4483
12.9507
-10.9371
-21.4522
87.0554
72.1903
71.9536
46.0939
61.8026
46.3444
61.7518
28.8842
53.296
52.321
27.8006
9.64865
7.74813
28.7743
28.8965
53.0938
52.2703
27.7381
9.60038
28.5957
7.73803
8.30254
-12.1467
-23.197
-51.039
9.22871
-24.1497
-14.0822
26.6088
42.5731
20.2741
1.06194
42.336
0.675326
27.0064
26.5462
42.3433
0.966545
20.2096
26.8486
42.2512
0.630708
8.33184
-12.2358
-51.0736
-23.1928
-24.1349
-14.1042
9.28296
87.9202
73.3033
72.7522
46.7836
62.8536
47.2877
62.506
29.3428
53.4602
52.7866
28.1818
9.78219
28.9083
8.09931
29.5065
54.0569
52.9902
28.3376
10.1032
29.3641
8.2064
8.70943
-11.9544
-22.9037
-50.8671
9.70063
-23.8683
-13.811
26.9117
42.6943
20.5376
1.14074
42.6853
27.1144
0.892396
27.0551
43.1553
1.43615
20.6605
27.5217
42.8446
1.00025
8.59676
-12.1379
-50.9059
-23.1199
9.38367
-23.9505
-13.8737
85.9062
71.4652
71
45.4283
61.0981
45.8438
60.8412
28.2199
52.1665
51.3637
27.3143
9.81381
7.72139
28.228
28.277
52.5339
51.4941
27.3664
9.69187
28.3639
7.68541
8.27837
-11.7581
-22.9205
-50.521
9.2537
-13.7388
-23.8751
26.1422
41.5819
19.8495
0.9768
41.5286
0.608058
26.4373
26.199
41.848
0.97162
19.8953
26.5851
41.6215
0.616259
8.27982
-11.4578
-50.3952
-22.746
-13.6447
-23.8308
9.29028
84.5773
69.8506
69.7966
44.6448
59.8035
44.8113
59.8918
27.6048
51.9302
50.6931
26.9385
9.69985
28.0998
7.4412
27.479
51.2472
50.4606
26.8149
9.66942
27.7566
7.42409
8.04864
-11.2965
-22.662
-50.2405
9.12446
-13.6736
-23.8248
25.8577
41.4468
19.6379
0.936532
41.1409
26.3357
0.508972
25.741
40.9952
0.838162
19.5421
26.0255
40.9793
0.458074
8.09627
-11.5204
-50.3472
-22.7617
9.21411
-13.7343
-23.8361
77.4152
63.1666
63.2673
39.9389
54.0746
39.9615
54.3855
22.7734
46.7913
45.0392
23.4229
8.24882
5.10457
25.0843
22.5204
45.5079
44.6531
23.1697
7.8556
24.2215
5.01023
5.81575
-11.642
-23.5159
-50.4993
7.05519
-24.8819
-14.6797
22.7628
37.7838
17.0301
-0.574031
37.2285
-1.26218
23.5297
22.4864
36.7018
-1.13309
16.7639
22.6677
36.8748
-1.45203
5.97554
-11.5974
-50.5621
-23.2495
-24.7964
-14.6905
7.58379
79.9641
66.3827
65.5718
41.7038
56.9745
42.4133
56.45
24.0282
47.2399
46.3683
24.3568
8.53665
25.394
5.87921
24.2278
48.2325
46.6879
24.5443
8.71019
25.9986
5.91879
6.73649
-11.4933
-22.9895
-50.3112
8.14045
-24.3466
-14.2368
23.582
38.1204
17.7468
-0.370022
38.2161
23.8127
-0.717656
23.7889
38.9439
-0.0161047
17.9418
24.4318
38.4915
-0.590946
6.6359
-11.3692
-50.2053
-23.0706
7.82897
-24.3774
-14.1825
67.8158
55.8667
54.2119
32.4188
47.4665
33.9414
46.2021
13.5881
35.4017
35.0531
15.6103
1.3764
-1.33796
16.1627
14.4714
38.7341
36.0855
16.5088
3.7483
19.0499
-0.642936
0.526329
-14.8375
-26.7034
-54.4559
2.96218
-19.202
-29.0584
15.666
28.6408
10.7664
-6.87979
29.332
-6.7793
15.3739
16.4827
31.3036
-4.85844
11.5088
17.8427
30.2204
-6.08939
-0.16548
-16.6697
-54.9235
-28.5691
-19.7334
-29.6609
0.767097
60.574
46.0836
47.2239
25.9501
38.2209
24.9932
39.5717
9.49238
33.9573
30.8441
11.7135
-0.0562463
14.7632
-5.11731
8.25628
29.4884
29.3661
10.3273
-3.36746
10.6967
-6.20536
-4.29498
-20.4026
-32.4187
-59.0773
-3.33646
-23.8106
-33.5107
12.6114
27.526
8.12815
-7.9046
26.1826
14.261
-9.41512
11.4365
24.0332
-10.6718
7.08605
10.9812
24.9527
-10.4399
-3.25223
-18.0048
-58.3021
-29.7697
-0.410643
-22.9901
-32.553
-4.75513
-24.6977
-17.9668
-24.1
-16.9702
-28.2499
-11.8005
-52.6044
-19.4734
-29.358
-33.0397
-36.8643
-47.9939
-25.6329
-60.5771
-41.2755
-36.9711
-37.2483
-46.3287
-38.2126
-51.3154
-37.3386
-48.0732
-55.8502
-87.042
-36.8923
-58.587
-54.4598
-20.864
-5.04139
-17.3876
-31.2633
-8.94953
-33.8663
-16.6956
-24.1945
-16.2003
-35.6663
-19.3338
-26.8089
-12.6459
-35.3263
-34.7495
-43.8216
-87.2613
-53.4408
-57.8702
-53.0994
-28.9346
27.083
19.1231
13.7305
-1.67895
15.5918
2.59175
11.6654
-31.3639
-12.6583
-9.74546
-20.2412
-32.1802
-21.1686
-35.6554
-25.7418
2.70884
-4.41807
-16.7568
-23.667
-10.9345
-32.5804
-24.1792
-36.0541
-46.7673
-79.8242
-19.3915
-51.0135
-43.9779
-11.6338
-1.59066
-11.2433
-29.0187
1.01271
-13.4104
-28.4044
-8.96527
6.7955
-24.154
-9.26557
-5.73962
3.87623
-26.6107
-26.4668
-40.5069
-81.0936
-50.9005
-25.7714
-52.5757
-45.7266
-51.594
-68.7818
-37.7507
-47.5336
-77.0139
-77.7522
-49.5381
36.8148
26.3828
33.1118
4.52744
10.1645
-5.18238
17.0518
9.09974
-56.4458
-51.1563
-22.7455
-17.3113
-31.8903
-64.9654
28.0724
58.5229
48.7634
41.1478
39.8257
50.6891
31.0014
93.0205
44.5763
52.7103
59.4139
68.0903
51.0406
36.1663
105.906
82.7342
93.1143
72.0882
82.4045
65.051
75.4289
95.1433
122.507
120.639
117.14
103.665
119.101
101.906
181.949
144.923
161.703
147.091
164.371
144.623
142.257
184.112
151.142
169.132
149.164
166.825
146.839
148.916
84.4125
106.396
109.202
104.406
87.9397
101.382
90.6475
174.545
142.505
158.892
139.917
155.748
136.819
139.705
171.621
134.058
149.061
137.05
152.435
133.729
130.527
108.549
134.45
135.297
132.617
115.454
131.897
116.097
202.167
166.979
186.832
166.071
185.971
164.722
165.583
201.26
164.219
184.018
165.164
184.847
163.593
162.795
112.079
139.896
139.152
136.807
120.726
137.528
120.048
204.662
167.786
187.841
168.529
188.52
167.23
166.591
205.413
170.07
190.21
169.286
189.446
168.154
168.901
120.287
149.308
149.008
146.417
128.741
146.712
128.451
218.943
180.295
201.101
180.671
201.38
178.804
178.548
219.255
181.292
201.968
181.003
201.729
179.184
179.461
118.455
146.243
146.808
144.275
126.214
143.82
126.555
217.2
179.787
200.562
179.141
199.947
177.464
178.026
216.328
177.67
198.47
178.425
199.187
176.773
176.197
121.826
150.4
150.465
148.102
130.149
148.002
130.235
219.767
182.478
203.094
182.273
202.848
180.854
181.109
219.706
182.107
202.643
182.163
202.719
180.722
180.629
122.875
151.954
151.549
149.267
131.683
149.676
131.308
220.297
182.67
203.299
182.894
203.51
181.532
181.333
220.589
183.625
204.282
183.205
203.839
181.865
182.286
132.045
163.635
163.06
159.578
140.155
160.111
139.717
237.765
195.852
217.037
196.73
217.956
193.388
192.686
238.822
198.266
219.577
197.567
218.821
194.097
194.717
128.941
158.19
159.041
156.045
136.367
155.321
136.907
233.625
194.766
215.909
193.612
214.669
190.806
191.781
231.967
191.232
212.176
192.377
213.378
189.785
188.877
132.059
163.649
163.077
159.611
140.175
160.141
139.739
237.782
195.876
217.074
196.75
217.988
193.42
192.723
238.835
198.28
219.597
197.583
218.844
194.121
194.739
128.973
158.233
159.078
156.111
136.428
155.395
136.962
233.656
194.795
215.957
193.646
214.723
190.857
191.827
232.006
191.279
212.255
192.417
213.445
189.847
188.948
121.972
150.585
150.64
148.358
130.382
148.27
130.456
219.987
182.658
203.378
182.464
203.147
181.116
181.356
219.941
182.324
202.978
182.367
203.039
181.003
180.925
122.976
152.068
151.671
149.449
131.829
149.848
131.464
220.478
182.837
203.563
183.05
203.758
181.748
181.563
220.756
183.76
204.499
183.349
204.068
182.064
182.474
120.57
149.62
149.337
146.884
129.139
147.158
128.868
219.392
180.716
201.728
181.072
201.979
179.349
179.12
219.68
181.651
202.51
181.381
202.294
179.697
179.952
118.838
146.708
147.247
144.897
126.805
144.473
127.117
217.723
180.234
201.228
179.611
200.642
178.101
178.635
216.882
178.198
199.244
178.924
199.925
177.452
176.91
109.72
135.841
136.59
134.37
117.197
133.773
117.725
203.612
168.218
188.591
167.396
187.833
166.465
167.227
202.815
165.751
186.159
166.592
186.857
165.477
164.807
112.883
140.737
140.052
138.036
121.791
138.688
121.178
205.843
168.935
189.473
169.605
190.056
168.659
168.112
206.515
171.01
191.562
170.288
190.875
169.483
170.157
98.1377
125.46
123.861
121.387
107.332
123.013
105.884
186.049
149.104
167.392
150.917
169.586
149.527
147.619
187.85
154.338
173.508
152.643
171.579
151.306
153.031
89.3705
112.226
114.471
111.307
95.1482
108.963
97.1809
179.912
147.124
165.16
144.981
162.554
143.289
145.638
177.548
140.249
157.277
142.665
159.976
140.937
138.425
7.85725
9.19465
22.0369
19.1589
5.50856
5.75128
16.026
84.6605
65.2215
79.1097
52.5633
65.4729
50.1481
62.8052
69.0957
22.1973
31.8438
37.9984
49.917
35.7811
19.5865
48.9732
76.8752
70.2793
67.8132
62.2699
73.7421
56.9739
119.981
76.3904
91.1885
85.9505
100.73
83.3104
74.3469
128.629
101.828
117.188
94.4017
110.121
92.4191
99.1408
-12.3739
-0.944941
26.3646
4.47725
5.78433
-19.6838
-0.900237
-51.416
-15.2553
-20.9783
-17.8426
-27.7184
-6.79047
-3.18142
-0.999579
-13.1973
-1.98172
-10.7911
14.8631
-27.0407
4.56003
-67.1946
-13.732
1.76443
-108.957
-60.2505
-0.12987
-22.724
-2.94032
-12.216
-19.8115
13.6867
24.4437
19.3234
21.84
-95.8262
-36.0032
-50.9119
4.87443
3.21316
-16.1876
15.8906
-140.643
-63.5417
-113.686
-97.7935
-44.8878
-49.5931
-120.423
-102.268
-79.4382
-94.9014
-74.9395
-86.5724
-82.6309
-68.4213
-146.941
-117.09
-118.53
-122.594
-100.246
-104.37
-134.591
-115.966
-76.9623
-88.0046
-90.2636
-124.401
-82.9692
-124.746
-65.6967
-36.2973
-38.4812
-45.8183
-59.5405
-41.9194
-53.0704
-85.5338
-40.4554
-119.369
-43.6564
-84.2269
-41.3479
-111.042
-62.406
-60.3753
-73.4151
-69.1241
-46.1742
-59.0674
-56.4051
-89.5318
-50.8173
-64.9102
-53.6211
-55.8292
-38.7206
-76.87
-27.8576
-6.7103
-6.96225
-14.5715
-21.6038
-14.7731
-16.4257
-21.5416
-9.73494
-18.5542
-13.441
-2.30451
-18.3294
-3.83894
-21.0452
-16.1571
-10.4841
-71.0818
-3.30247
-35.4948
-43.3281
-42.4512
-37.6984
-6.31785
-21.3555
-28.4413
-20.2207
-58.4377
-54.4572
-48.3839
-31.382
-29.3536
-88.2993
-47.9126
-56.5099
-40.8848
-33.6044
-47.0753
-36.4348
-21.531
-29.4976
-23.7737
-27.9819
-11.14
-3.43219
-59.9262
-35.4808
3.75835
-0.529589
-65.2866
-29.1468
-37.4647
-3.03658
-12.995
4.57716
-24.7635
-55.2445
-27.9681
-33.8107
10.8611
23.7923
9.78808
19.5851
-27.166
-4.80742
-23.8064
-21.7548
-2.10931
-3.96297
-23.5396
-26.8468
-24.1682
-4.89291
-34.3292
-17.8011
-15.2341
-38.1048
-3.11441
-12.7483
16.6408
-50.4415
9.18321
-29.1581
-7.61434
-30.7304
-47.5972
-16.8234
-13.5761
-33.0707
-26.8426
-31.9913
-19.4093
5.12371
12.0513
11.6557
-3.54418
-3.52443
-15.8377
4.58757
-31.7686
3.67802
-3.71405
-60.6333
-36.9927
-9.99544
-27.7656
-70.9628
-40.4871
-32.6975
-46.1427
-21.3683
-51.7342
-59.0514
-70.6864
-69.8764
-60.0504
-47.1235
-59.0009
-46.6949
-72.3026
-65.0264
-64.9921
-75.3731
-114.953
-81.023
-102.37
-98.4988
-82.7444
-81.7263
-79.0732
-94.151
-74.2686
-103.753
-67.1801
-83.6963
-38.8388
-43.1916
-65.0802
-89.4981
-38.9214
-44.678
-32.2405
-23.361
-30.7933
-45.2141
-32.9245
-30.3836
-49.0484
-37.6412
-33.7466
-26.028
-49.3364
-36.6418
-34.208
-63.909
-100.346
-39.504
-36.6238
-68.4702
-89.6285
-34.0869
-66.4832
-94.4337
-93.1945
-87.4845
-63.1469
-93.1178
-56.9694
-116.346
-83.285
-94.7414
-94.1887
-121.175
-91.7613
-76.8141
-133.53
-110.14
-141.913
-107.541
-138.759
-102.825
-111.089
14.2878
-70.748
-19.1475
-71.5496
3.76191
-24.6
-59.9971
62.2674
-7.04653
-5.15082
67.6842
47.2497
-10.7912
-5.14891
51.9207
15.5971
32.2394
-18.2976
-28.3842
-13.1
-27.8796
-53.2192
-9.02937
-3.3636
-28.5584
-46.6456
-31.9463
-52.7898
-83.1884
-34.6861
-22.4935
-51.8697
-37.0697
-21.76
-71.763
-414.404
-385.839
-394.294
-277.817
-269.269
-274.741
-269.856
-174.286
-134.156
-186.259
-209.51
-143.185
-153.414
-198.494
-197.226
-134.708
-189.167
-206.014
-148.774
-149.975
-205.004
-430.263
-353.098
-333.859
-277.028
-279.181
-232.841
-245.097
-124.288
-106.464
-160.418
-137.514
-71.6483
-99.0965
-95.3318
-194.297
-135.803
-193.491
-178.619
-137.475
-189.386
-130.086
5.23379
31.3059
29.0953
14.3363
27.2634
33.9575
7.60778
-81.9039
-85.2942
-90.8418
-66.5294
-61.7412
-63.5836
-65.9664
-8.36697
-12.8641
-26.258
-25.1181
3.1651
-5.5308
-9.61555
-52.6083
-34.5631
-49.8662
-48.5456
-33.9702
-51.5611
-30.67
-100.573
-131.654
-91.3027
-78.2553
-122.039
-104.929
-83.3545
-63.4515
-93.3248
-55.8949
-68.4712
-84.4189
-67.1715
-53.1618
-168.219
-116.14
-165.539
-182.337
-135.828
-131.164
-189.795
-380.34
-255.817
-326.028
-191.413
-228.486
-220.172
-177.883
-106.581
-128.998
-152.865
-162.306
-97.6435
-116.732
-132.978
-112.72
-163.349
-133.811
-105.906
-88.2675
-89.0778
-122.906
-95.1616
-74.7521
-60.0743
-72.916
-73.2014
-95.8259
-61.9499
1.45017
16.2554
18.6084
-11.5004
-3.02413
7.89344
15.1312
48.1127
77.4477
70.8468
45.1425
46.2206
77.2503
71.2748
-48.4774
-32.6222
-42.1874
-53.8338
-59.0054
-47.6035
-59.4411
-38.6449
-37.6231
-27.4292
-54.7506
-43.244
-49.5188
-34.0748
117.64
158.016
143.71
144.057
124.629
166.173
148.465
63.8027
9.6014
62.2932
55.7863
29.3599
59.77
18.7406
144.521
170.653
157.513
163.072
148.101
173.54
159.256
151.389
177.878
163.437
171.816
155.165
180.948
166.226
-31.8633
-36.1765
-14.8351
-52.3832
-32.9559
-37.7883
-14.685
17.718
42.7646
35.039
11.8711
19.0327
45.5167
37.9636
158.739
184.174
169.229
179.632
161.474
186.346
171.137
-32.9742
-38.7763
-14.229
-54.2495
-33.2454
-39.2125
-14.0103
21.1399
47.023
39.853
14.3898
21.7533
48.1712
40.8734
163.47
188.143
172.726
183.378
164.408
188.9
173.367
-33.2094
-39.1535
-13.9366
-53.4262
-32.8843
-38.6026
-14.022
21.8072
48.2981
40.9505
14.0231
21.263
47.3837
40.0742
164.478
188.935
173.413
182.338
163.668
188.247
172.854
-32.8047
-37.4878
-14.3444
-49.8228
-31.6751
-35.7431
-14.3867
19.196
46.101
38.3538
11.1305
17.8417
43.5595
35.7487
161.805
186.512
171.349
176.561
159.183
184.393
169.509
-31.3188
-33.4703
-14.6104
-43.8232
-29.1353
-30.2364
-13.0465
12.6324
37.0198
29.1774
7.24409
12.0376
15.343
13.3686
155.703
181.199
166.56
167.675
151.964
178.138
163.791
-27.5113
-26.1142
-9.73658
-36.8068
-25.1983
-22.8188
-8.62155
11.3701
17.4502
17.5535
11.4546
12.5096
15.2203
20.9858
148.645
173.782
159.595
158.204
144.988
170.852
157.808
-59.8262
-48.6912
-60.7417
-44.9303
-49.1537
-33.5237
-43.2325
124.52
166.144
148.556
133.066
117.473
157.945
143.732
46.239
77.0531
71.6464
48.5907
47.9946
77.2339
70.9662
-133.949
-82.6742
-91.4408
-100.09
-98.3082
-108.997
-116.907
56.0959
68.5095
62.7931
43.6546
55.1274
52.0114
47.0507
73.1945
69.4715
76.9173
52.2057
58.3812
60.5452
49.9217
79.6523
88.0967
87.1359
58.9412
68.9619
68.3499
59.5429
88.8231
82.1669
89.5416
60.4533
69.724
70.1667
60.0473
84.3795
93.0645
92.775
62.6096
72.4438
72.2943
62.8286
93.105
84.5219
92.8916
62.7091
72.491
72.4153
62.8642
82.9221
89.592
90.161
60.989
70.5396
70.8365
60.7127
89.0496
81.0296
88.3083
59.9599
69.9767
69.5733
60.3704
73.3578
77.8089
80.5217
55.2731
62.4223
63.8827
53.7884
74.5015
63.7309
70.6455
49.8983
60.0439
57.8826
51.9632
13.5932
-2.31333
19.1904
23.4078
23.1191
28.9031
17.2506
-137.919
-103.338
-85.0031
-95.5698
-111.759
-121.85
-101.653
-15.9866
-38.3557
-25.1211
13.0755
-6.81491
13.6855
-9.21774
159.041
146.096
170.605
171.908
147.42
165.869
152.254
153.152
188.357
179.562
178.47
162.357
157.683
183.303
194.919
173.627
203.797
195.837
167.393
189.226
172.884
178.294
213.196
209.113
200.39
179.821
176.903
202.975
216.393
188.662
221.213
210.448
182.596
206.187
185.77
190.101
222.222
222.897
211.999
186.895
187.153
210.986
222.265
190.283
223.032
212.106
186.945
211.022
187.303
188.967
216.703
221.433
210.624
182.946
186.019
206.431
213.587
178.971
209.578
200.752
180.265
203.281
177.441
174.42
195.488
204.323
196.245
168.087
173.505
189.669
188.941
154.131
180.114
178.921
163.099
183.76
158.446
147.034
159.393
171.085
172.323
148.102
152.996
166.232
-39.7891
-17.5194
-26.7817
11.8807
-7.80874
-10.2745
12.5772
-13.3156
17.8716
-4.00764
15.6011
-6.46518
19.4962
20.6615
-82.736
-76.3248
-90.6503
-41.4702
-49.2713
-58.1324
-47.7339
150.296
125.217
140.801
142.117
158.746
153.877
139.894
150.492
125.598
140.792
142.693
159.02
154.031
140.33
-124.683
-108.558
-142.149
-91.5136
-93.0429
-73.1058
-92.1674
-71.1557
-51.0051
-70.8476
-18.0907
-74.6848
-23.6002
-57.1257
-10.8135
-9.84448
-12.5204
-26.9447
-16.963
-18.457
-25.5013
29.3203
40.9921
23.1963
44.8951
16.8004
49.901
33.507
5.07435
67.5602
65.2143
54.0003
27.8685
15.6667
60.1724
-44.8557
-27.652
-31.4328
-8.33981
-23.7633
-23.3273
-4.51425
7.11247
33.0042
13.4225
16.9805
37.1963
31.1101
26.2837
41.5203
29.6848
46.558
25.7069
42.1059
32.1226
36.0656
-26.2479
-50.3653
-25.2182
1.35811
-22.4583
-0.952177
-22.8501
48.9218
46.4079
55.6524
39.2355
43.3148
47.5997
33.8251
79.4899
60.7339
83.9558
59.6318
82.7218
68.6982
69.8086
53.6112
33.3341
51.3249
36.2968
54.649
43.3072
40.3812
-50.9186
-24.7533
-24.5792
3.39111
-22.7042
-21.9896
4.45506
-56.6842
-26.2369
-25.2961
6.47116
-23.9955
-23.0498
6.54515
82.6348
61.6403
85.211
62.3754
85.9135
71.5582
70.9571
72.5705
82.2543
79.8942
54.2095
64.409
62.9071
55.7168
-55.9586
-24.6242
-25.2801
5.90588
-22.3225
5.44564
-23.1578
91.0815
70.022
95.684
69.5381
95.102
79.7229
80.2199
-26.3842
-60.8984
-27.3252
6.67531
-24.0222
6.78443
-24.9325
78.26
84.1697
85.8759
58.0511
66.1048
67.1672
57.0288
96.3888
73.8571
100.828
73.6676
100.611
84.3051
84.5096
92.5231
70.3993
96.2411
70.675
96.5115
80.8941
80.7039
-61.4917
-28.3286
-27.4793
6.77025
-25.8485
-25.048
6.58886
-64.6544
-29.282
-29.1063
6.50296
-27.0508
-26.6696
6.48594
96.7255
73.9333
100.978
73.958
100.922
84.601
84.6603
82.8447
90.7965
90.1657
60.8834
70.9867
70.6665
61.2753
-64.3406
-28.4962
-29.059
6.4362
-25.972
6.59266
-26.5941
99.4867
76.7175
104.33
76.3076
103.849
87.1097
87.5158
-29.2282
-65.7962
-29.0837
6.71897
-27.0304
6.6361
-27.2207
84.1298
91.4486
92.192
62.1978
71.4951
71.8715
61.7423
106.445
81.8557
110.485
81.738
110.338
92.2334
92.3663
100.876
77.1
104.789
77.4174
105.143
88.158
87.8975
-65.8293
-28.8739
-28.995
6.8725
-27.1826
-27.1765
6.95693
-65.8052
-29.2477
-29.092
6.79871
-26.9547
-27.1587
6.74659
106.451
81.8555
110.487
81.7419
110.349
92.2389
92.367
84.3781
91.7318
92.3901
62.3687
71.7975
72.0891
61.9848
-65.8426
-28.8746
-29.0042
6.91814
-27.1671
6.97489
-27.1466
100.92
77.1363
104.877
77.4506
105.226
88.227
87.9711
-29.2987
-64.688
-29.1282
6.7008
-26.9341
6.64045
-26.5304
83.4395
91.1779
90.6554
61.3048
71.4032
71.1907
61.6043
96.8824
74.0654
101.242
74.0835
101.176
84.8241
84.8928
99.5459
76.7581
104.428
76.3523
103.954
87.1979
87.598
-64.3609
-28.5059
-29.0754
6.69371
-25.7377
-26.4015
6.91772
-60.8545
-26.2601
-27.2726
7.33485
-23.4097
-24.4393
7.61921
96.577
73.9993
101.112
73.8197
100.91
84.5687
84.7597
79.9589
85.9695
87.3303
59.3158
67.9245
68.6762
58.5915
-61.49
-28.3266
-27.4504
7.28926
-25.5386
7.00256
-24.6691
92.9564
70.7953
96.9331
71.0459
97.1646
81.4906
81.3369
-26.0648
-56.4589
-24.9645
7.83339
-23.2043
7.61087
-22.0594
75.6909
84.5081
82.7251
56.6428
66.6488
65.6176
57.667
84.1088
63.0947
87.437
63.7133
87.9719
73.4946
73.0533
91.615
70.4512
96.43
70.0004
95.8929
80.4485
80.9036
-55.5925
-23.8439
-24.8528
7.66507
-20.7029
-21.8783
7.72508
-48.8249
-22.1983
-23.0316
6.48609
-18.0977
-19.4215
5.76964
81.401
62.335
86.3953
61.3812
85.35
71.1791
72.1092
58.5663
60.4774
66.0907
47.1838
51.044
54.4262
43.8808
-49.8408
-23.7779
-22.8185
7.28776
-20.6146
7.42839
-19.3319
60.9067
41.0901
62.0749
43.1601
64.2495
52.516
50.699
-22.5968
-41.009
-21.5903
2.58572
-18.2088
4.182
-16.3869
31.8497
52.1478
39.2727
31.9476
44.5455
38.637
38.7562
-29.4136
-29.4535
-32.4929
-24.7534
-26.286
-17.8343
-22.079
52.2302
38.5464
58.8405
35.8133
55.914
45.388
47.8625
-39.1226
-19.7287
-21.8331
0.572231
-13.0569
-15.932
0.332839
-48.2463
-40.7756
-54.7355
-64.3251
-43.0587
-57.8458
-47.5596
-10.0566
-11.2871
-15.9359
-12.0997
-2.74702
-5.65199
-6.96593
38.721
73.9999
42.7544
47.3737
75.4828
75.9334
76.4595
-84.5634
-101.543
-90.9195
-54.9476
-69.8502
-59.6871
-64.3375
-105.252
-114.584
-111.341
-73.2318
-76.1157
-84.122
-68.332
-120.105
-116.157
-112.175
-74.0324
-93.433
-87.9112
-76.6597
-121.753
-148.433
-123.485
-79.1961
-104.262
-78.3338
-106.317
-150.335
-125.958
-124.274
-79.3231
-108.89
-107.282
-80.1467
-139.115
-121.116
-118.998
-77.3775
-103.14
-100.582
-78.4713
-136.535
-116.735
-119.09
-77.8833
-95.7684
-76.5474
-99.2646
-131.332
-158.858
-129.607
-81.8028
-114.082
-112.631
-82.7892
-157.168
-127.174
-128.667
-81.3863
-110.107
-80.5977
-111.631
-132.476
-164.985
-134.109
-84.3124
-115.129
-116.691
-83.3136
-166.438
-136.362
-135.033
-84.8141
-118.739
-117.607
-85.6284
-141.389
-176.523
-142.519
-89.3413
-123.498
-88.6002
-124.611
-177.464
-143.915
-143.157
-89.7504
-125.875
-125.259
-90.2417
-172.492
-140.549
-139.404
-87.4126
-122.71
-121.778
-88.1366
-171.293
-137.401
-138.633
-86.9597
-119.749
-86.1895
-120.982
-146.303
-180.901
-145.723
-91.3815
-128.089
-127.709
-91.7285
-180.291
-144.597
-145.286
-91.1086
-126.566
-90.6616
-127.298
-146.691
-182.832
-147.192
-92.1634
-128.423
-128.976
-91.8909
-183.175
-147.438
-147.329
-92.1612
-129.191
-129.159
-92.1251
-147.404
-184.53
-147.481
-91.342
-129.423
-91.3872
-129.611
-184.544
-147.327
-147.419
-91.2277
-129.401
-129.583
-91.1269
-184.202
-147.484
-147.563
-91.7716
-129.446
-129.589
-91.5817
-184.089
-147.499
-147.648
-91.9781
-129.322
-92.0153
-129.592
-147.555
-184.628
-147.583
-91.4163
-129.535
-129.685
-91.4968
-184.604
-147.348
-147.484
-91.274
-129.416
-91.1428
-129.629
-147.675
-184.445
-147.802
-91.9437
-129.588
-129.769
-91.7186
-184.375
-147.829
-147.927
-92.1781
-129.57
-129.802
-92.2514
-146.901
-181.595
-146.393
-91.8533
-128.535
-92.15
-128.209
-181.051
-145.408
-146.017
-91.6215
-127.166
-127.841
-91.2298
-183.33
-147.233
-147.671
-92.5034
-128.829
-129.337
-92.2748
-183.621
-147.813
-147.76
-92.4681
-129.473
-92.392
-129.485
-142.571
-177.626
-143.587
-90.0823
-124.356
-125.391
-89.4194
-178.477
-144.801
-144.139
-90.4341
-126.528
-90.8602
-125.981
-141.837
-173.949
-140.829
-88.3933
-123.637
-122.801
-89.0244
-172.875
-139.117
-140.184
-88.0227
-120.961
-122.085
-87.3625
-134.127
-161.94
-132.734
-83.8943
-115.962
-84.6631
-114.725
-160.552
-131.058
-132.126
-83.6897
-112.648
-113.911
-83.1822
-167.272
-135.016
-136.391
-85.8547
-116.861
-118.26
-85.0248
-168.535
-138.238
-137.117
-86.2296
-120.047
-86.9041
-119.058
-128.06
-153.646
-129.006
-82.8744
-108.233
-109.805
-82.5639
-155.021
-130.29
-129.186
-82.5915
-111.677
-83.0222
-110.437
-128.285
-146.666
-127.302
-83.0705
-107.589
-105.742
-83.3205
-145.091
-128.015
-128.684
-84.58
-102.697
-105.142
-84.6066
-109.011
-130.207
-126.45
-88.1802
-87.125
-89.6574
-81.3314
-103.655
-120.172
-123.431
-87.3021
-75.9568
-78.1485
-85.9741
-129.808
-128.612
-130.479
-88.5117
-90.3629
-95.7014
-87.8718
-133.266
-129.428
-128.084
-86.1853
-101.495
-86.4474
-97.6508
36.2364
18.8753
13.5609
9.04074
30.6467
34.9942
12.321
-75.8668
-87.9018
-51.6573
-131.941
-66.3026
-72.1878
-111.4
-40.259
-9.11355
-13.6041
-30.7505
-37.0963
-47.3397
-5.84785
68.3343
66.0153
49.9328
60.6837
52.9431
48.3186
83.3947
48.7447
15.6174
9.91528
34.7347
36.1776
24.2418
30.8806
136.436
115.867
107.155
117.557
112.387
113.633
140.489
131.648
103.841
103.04
102.817
108.305
108.484
126.395
105.339
76.861
79.4163
72.8848
85.367
95.7163
81.1058
113.548
98.5814
96.4487
87.1772
92.6527
89.7154
120.324
146.918
119.005
121.516
116.373
121.626
123.987
144.048
149.479
125.988
128.69
119.232
124.02
126.901
151.561
156.906
132.237
126.453
135.563
130.916
134.293
158.377
155.232
127.832
130.974
124.677
129.394
153.536
132.436
165.182
139.002
134.298
142.567
138.563
142.144
165.63
164.617
137.422
140.913
133.6
138.017
141.414
163.999
161.052
133.508
130.056
137.103
134.651
159.803
137.992
162.294
136.651
139.979
131.389
135.779
139.278
163.191
166.424
139.396
143.187
135.538
139.77
143.445
166.036
166.872
140.564
144.614
136.056
140.175
144.045
167.327
169.235
142.857
137.92
146.984
142.174
146.402
170.043
168.497
141.04
145.206
137.378
141.552
167.878
145.742
175.662
148.347
142.316
150.112
148.129
149.962
175.926
175.16
147.105
149.349
142.02
147.707
149.68
174.482
171.852
143.638
139.646
147.609
144.496
170.92
148.116
172.765
146.319
149.008
140.389
145.421
148.559
173.68
175.695
148.359
150.13
142.355
148.162
150.006
175.938
175.219
147.185
149.459
142.095
147.764
149.762
174.563
172.029
143.833
139.862
147.882
144.661
148.353
171.133
172.904
146.426
149.16
140.561
145.554
173.79
148.746
166.981
139.955
136.174
143.941
140.274
144.133
166.653
167.367
140.963
145.168
136.616
140.621
144.655
167.769
169.531
143.089
138.259
147.311
142.441
170.297
146.775
168.84
141.39
145.691
137.771
141.862
146.174
168.268
165.945
139.63
143.416
135.166
139.26
143.076
166.321
165.469
138.288
142.059
134.578
138.797
142.457
164.942
162.365
134.868
131.566
138.871
135.867
139.585
161.27
163.462
137.621
141.266
132.727
136.86
164.244
140.693
150.488
122.874
120.371
126.268
124.988
128.157
148.153
152.578
128.541
131.919
122.708
126.931
130.531
154.285
158.767
133.776
128.568
137.565
132.647
160.034
136.521
157.344
130.061
133.802
127.086
131.363
134.964
155.921
141.993
120.379
123.06
113.198
117.637
119.963
145.268
138.17
111.116
111.554
109.863
114.487
115.855
134.044
118.245
91.9916
92.6482
88.5368
97.8564
94.5798
111.282
124.291
107.25
106.405
98.3435
102.991
129.383
101.182
-28.8209
-35.6314
-13.2003
-82.3911
-12.1262
-48.468
-66.1808
5.96408
32.6208
14.5654
9.16007
11.6684
-14.6891
35.2622
91.6105
84.5621
71.3341
79.0303
75.7544
102.396
69.7599
77.3182
50.3256
38.1287
59.2974
64.35
55.2349
59.0541
24.6871
51.125
45.9372
44.0639
34.0164
27.2026
49.9098
12.0669
10.9871
16.2448
22.7264
19.1253
17.8869
14.4658
-2.96466
2.45801
12.251
3.66708
1.96024
-9.07991
9.99912
-8.4817
-23.5057
-16.0084
-10.9046
-13.2263
-3.66803
-17.2765
26.4169
55.0556
48.629
45.2706
35.8923
27.6488
52.1339
7.31152
-10.5511
-1.81044
2.59615
3.74019
11.1136
-8.20183
-44.3192
-37.014
-47.5118
-55.2604
-38.4901
-53.1096
-42.8153
-48.444
-33.4478
-39.685
-36.4964
-42.4151
-29.2203
-27.563
-18.6617
-27.024
-16.4838
-11.7541
1.47294
2.91833
-8.85094
-13.9384
3.46584
-1.03958
-10.348
-11.814
0.762664
1.22843
-64.325
-107.369
-49.3164
-106.681
-89.8753
-63.368
-75.0951
-25.2317
34.9094
-9.39754
26.5391
-27.2888
-10.3635
26.7804
-12.3707
-5.77735
-1.2602
10.5454
-4.2156
-21.2399
7.1652
-15.531
-15.0346
-22.8687
-16.242
-7.19459
-10.7439
-9.24811
34.1811
58.4708
16.7978
16.0924
65.9303
34.2388
61.2081
13.6011
5.46624
2.19254
24.9535
30.7375
27.8968
29.1559
13.7268
-57.7323
22.2503
-32.8532
18.5591
23.053
-49.0364
17.3174
44.6722
17.2089
15.1826
47.0408
19.6128
49.9017
-4.85097
-10.6971
-9.55493
16.0005
13.6824
19.838
8.89161
19.7937
-25.6929
31.4167
-12.6265
24.7757
30.5683
-18.3813
-107.275
-74.22
-112.438
-111.635
-78.7244
-80.2756
-79.4696
-108.35
-91.2803
-87.5191
-65.2785
-83.0943
-76.9995
-66.16
-55.7401
-115.77
-102.912
-131.566
-58.4118
-67.4624
-136.369
-129.501
-60.1125
-50.2576
-95.7278
-66.7869
-134.401
-96.4817
3.75507
2.36112
-7.34929
15.7441
7.57871
-1.05789
6.54763
-86.6667
-56.6053
-53.9186
-106.536
-85.6927
-58.2525
-51.9271
-54.2723
-16.9165
-31.4061
-25.0755
-38.4248
-53.7213
-21.1331
-11.2531
-7.57648
-25.5972
-27.6561
-2.72837
-10.3135
-11.9199
-5.41506
-23.9379
-17.8532
-13.9658
-11.5971
-2.09449
-19.0291
-25.4342
-35.2817
-29.1722
-10.5341
-8.03625
-15.9911
-20.4831
-2.39647
-2.07417
2.009
-0.489457
3.15583
6.50056
2.66188
-14.0585
-64.6706
-39.6262
-27.3828
-16.5006
-43.1417
-35.8938
15.6315
43.1612
38.9887
20.9661
20.8836
24.4572
41.3503
-12.9994
4.51114
10.9576
-4.664
5.20986
10.4487
-12.3488
-27.9552
18.1384
11.2079
17.5818
-5.8692
-13.2857
25.4742
-15.6029
-23.4426
-28.7085
-28.6447
-10.1552
-15.0027
-21.4199
-48.0288
-85.3918
-90.8307
-61.1754
-23.5579
-27.3863
-40.1846
-86.6434
-82.884
-97.12
-70.6703
-40.1321
-49.133
-68.1437
44.9063
64.3112
59.7657
45.1528
43.1845
45.1639
60.0373
20.8307
37.816
34.7987
26.8072
33.6441
38.9847
25.1477
-3.62627
30.3168
31.4752
41.1672
8.34619
15.8043
40.7805
-63.6267
-37.3707
-37.1147
-54.2688
-58.4166
-49.3704
-30.979
14.1443
13.8863
8.8393
13.2699
23.6086
19.5707
19.0972
-54.9931
-81.8204
-87.2904
-45.3323
-25.844
-18.706
-39.9799
-88.2327
-75.9546
-66.1891
-94.9466
-86.8318
-68.6679
-74.0394
-17.8682
-13.5747
-5.82197
-24.7769
-15.485
-7.32167
-14.1782
-28.482
-30.5158
-29.3948
-8.8823
-16.2217
-19.5421
-17.6359
-32.9299
-24.3439
-19.6625
-38.3048
-35.6164
-35.7507
-22.0134
-62.5875
-49.7611
-51.6169
-32.7925
-41.8996
-33.5501
-9.306
-24.4258
-23.8656
-35.716
-28.2957
-6.23096
-15.2465
-22.1929
-62.3706
-28.3357
-24.9252
-51.4699
-40.4672
-36.93
-19.0783
-31.9472
-15.4194
-30.8662
-26.3232
-9.51688
-27.3774
-10.2166
-41.3592
-30.0644
-27.6081
-45.684
-45.1978
-32.2928
-33.3086
-43.9444
-15.2299
-23.8185
-24.8597
-27.6817
-7.59524
-14.0731
-13.23
-15.9289
-2.55055
-37.0303
-4.17613
-27.1602
-12.5538
-6.89977
10.9955
4.09794
7.67005
10.5583
9.37924
-6.62957
-49.2725
-42.868
-55.3664
-40.0319
-51.0637
-49.1168
-37.2785
-21.9778
-20.2784
-12.8577
-55.0534
-64.4158
-56.123
-50.9947
-48.1891
-35.1197
-36.7069
-39.9454
-49.8315
-44.9283
-33.3742
-28.0333
-78.55
-56.57
-71.8189
-71.5545
-51.9402
-101.848
-21.3756
-11.9529
-13.1815
-21.7561
-21.6584
-28.531
-12.131
-100.221
-87.768
-102.544
-78.0399
-75.2085
-78.5059
-107.196
-39.2661
-13.5032
-16.9752
-17.9488
-15.5318
-35.3111
-12.0458
-40.4586
-33.5865
-38.3221
-31.2631
-29.5564
-27.5104
-35.268
-2.57736
-20.0459
-9.62945
7.64254
-4.1808
-6.87158
13.0254
7.05932
-12.9183
-5.5491
-3.94012
5.04198
-0.567076
-9.65583
-23.6323
-25.1641
-13.1582
-15.6249
-8.58883
0.127989
-11.3259
72.6017
52.0512
73.6072
53.4573
75.2278
61.8925
60.459
14.9448
-10.792
13.2759
32.3604
8.18515
7.52659
33.67
10.1751
-11.5895
12.466
30.6259
5.53265
28.9701
6.36837
-0.337385
-15.2396
4.31267
21.1318
-1.1775
17.7453
0.573615
67.0531
50.3039
71.4782
48.4042
69.3233
56.5587
58.4957
-13.6747
9.07801
5.87564
24.3506
3.92828
2.70558
26.6776
15.4773
-9.88004
16.7121
35.9
9.00866
34.9087
9.48097
86.6186
66.4557
91.0668
65.8038
90.3224
75.5287
76.1949
-9.51654
17.9922
17.1431
36.9221
10.4281
10.1099
37.6741
19.5821
-9.23578
19.1352
39.5749
11.5328
11.4019
40.0248
88.4676
66.9945
91.8236
67.3771
92.2334
77.229
76.8889
-9.3694
18.2983
18.8891
38.9602
10.925
11.0652
38.4409
95.5136
72.8498
99.4958
72.9645
99.6104
83.437
83.3662
20.791
-9.86482
20.7149
42.0193
12.1145
12.1091
42.1712
20.545
-9.80973
20.654
41.8229
12.1264
41.6838
12.0543
19.7328
-9.44128
20.0857
40.7816
11.7611
40.4499
11.8055
94.6297
72.6131
99.1483
72.2833
98.7386
82.7175
83.0629
-9.43228
20.4602
20.2316
41.1636
11.9983
11.9675
41.4241
20.7958
-10.1847
20.8763
42.3854
12.1343
42.2708
12.1063
97.3301
74.7083
101.948
74.4959
101.691
85.2846
85.5181
-10.2171
21.0789
20.9304
42.5421
12.1966
12.1491
42.6899
22.062
-10.1455
21.5862
43.3275
12.651
12.4742
43.6327
97.8938
74.8752
102.154
74.9847
102.282
85.7939
85.7012
-10.2513
21.161
21.4384
43.0559
12.3056
12.3293
42.8811
105.077
80.407
108.753
80.6732
109.065
91.2352
91.0149
24.5395
-8.99638
24.3677
45.69
13.9105
13.808
45.8006
23.8397
-9.09535
24.2552
45.5131
13.6088
45.2953
13.7042
22.2506
-9.74048
22.8304
44.2799
12.8421
43.9548
12.9894
103.636
80.0122
108.278
79.5623
107.731
90.1968
90.6371
-9.55179
23.6482
23.0548
44.6419
13.4223
13.1953
44.9903
24.5391
-8.99603
24.3693
45.7054
13.9136
45.8054
13.8213
105.093
80.4203
108.791
80.6848
109.099
91.261
91.0438
-9.09548
23.8409
24.2576
45.5382
13.6351
13.725
45.3294
22.256
-9.74242
22.8337
44.3495
12.9049
13.0446
44.0368
103.66
80.0281
108.322
79.5799
107.779
90.2353
90.6723
-9.55684
23.6502
23.0566
44.6976
13.4601
13.2381
45.036
97.4412
74.789
102.123
74.5831
101.875
85.4429
85.6678
20.8448
-10.1614
20.9129
42.6092
12.3339
12.2845
42.5214
21.1013
-10.2044
20.9607
42.7356
12.3335
42.8618
12.301
22.0689
-10.1477
21.596
43.4393
12.7287
43.7301
12.5602
97.9839
74.9489
102.316
75.054
102.434
85.9242
85.8393
-10.2479
21.1794
21.4513
43.1869
12.4212
12.4325
43.0298
20.847
-9.81638
20.7876
42.3405
12.3469
42.457
12.3674
95.7702
73.0747
99.9172
73.1769
100.011
83.7962
83.7445
-9.74071
20.6531
20.7367
42.19
12.4628
12.3551
42.097
19.9639
-9.2746
20.2632
41.3939
12.3407
12.3175
41.1437
94.9398
72.8555
99.6004
72.5434
99.2153
83.1476
83.47
-9.30476
20.5821
20.3896
41.6967
12.3902
12.4072
41.8969
87.5947
67.2594
92.3714
66.6748
91.713
76.8248
77.4095
16.5384
-9.07139
17.5155
37.8109
10.8936
11.1089
37.1326
18.5408
-8.86514
17.863
38.5507
11.6301
39.0849
11.4902
19.8407
-8.94114
19.4705
40.4848
12.2084
40.8243
12.1669
89.2416
67.7307
93.0247
68.0617
93.3574
78.2721
78.0045
-8.99769
18.7895
19.2643
40.0155
11.9487
11.9607
39.651
16.1297
-9.37043
14.8543
35.4498
10.4184
36.2998
10.1294
75.6629
55.186
78.152
56.2995
79.3727
65.8328
64.7834
-9.82838
12.5693
14.2336
34.3169
9.19749
9.47588
33.3642
5.66551
-11.17
8.52428
29.0254
6.61449
6.99365
27.4795
71.1977
53.7991
76.5321
52.2766
74.8545
61.8329
63.311
-10.4386
11.7699
9.59747
30.7769
8.34167
7.97425
31.992
11.6142
9.3548
22.4703
3.97534
15.4453
13.0336
18.31
-16.0571
-14.2593
-13.9808
4.26335
0.613398
0.296263
1.74696
-7.62711
-13.5001
-12.0921
8.59665
1.74497
12.3782
1.46505
4.29468
-11.7919
0.665929
23.0244
5.45691
25.2219
5.04727
30.7652
14.3129
29.2933
18.5163
34.4016
27.5912
23.7052
-12.8014
-5.52663
-1.1281
19.8027
3.26451
3.67875
16.6821
11.1418
-27.9203
-11.6591
-15.4045
-3.16029
-31.3635
6.90674
-1.3629
2.3208
4.63529
-1.95372
-2.38648
-5.06862
-3.26383
25.2717
-2.56043
19.0332
-0.937042
-42.5295
-11.2533
-25.2558
-9.393
-3.80521
4.09797
-0.257598
-2.9542
-2.77289
-5.50281
7.11482
5.95241
1.08977
9.36443
-1.08464
8.92939
5.79396
-30.2215
-30.1278
-45.9508
-24.5577
-34.0535
-30.9453
-42.3608
-16.5976
-10.3138
-13.9449
0.0331369
-0.027724
-0.468043
0.61416
-44.0979
-31.4081
-31.6378
-33.0889
-37.1153
-27.0382
-23.5857
-8.71923
-8.58615
-12.8667
0.443045
0.242939
0.132006
3.0109
-33.2935
-76.5296
-58.2096
-47.0921
-35.4903
-23.6318
-65.7341
11.8605
9.1633
6.22147
-0.217839
10.4655
0.273534
7.59843
-13.0376
-28.4694
-18.0251
-27.3037
-64.2426
-40.9547
-44.0884
-22.3223
-5.31425
-6.01444
-1.23016
-15.9274
-12.7734
-6.35319
-3.343
8.92718
-3.22175
9.56652
-7.49192
0.959641
6.25966
9.26258
-38.262
-21.2473
-19.1249
4.43474
8.1306
-33.5103
-20.606
-7.59524
-13.4594
-14.201
-8.86653
-5.01019
-14.6965
-16.9313
-6.68952
-2.04035
-12.6331
-5.51895
-17.6488
-12.9324
-14.0626
-23.2992
-16.0218
-29.6133
-24.1142
-20.4792
-35.6228
-7.03442
5.81937
-5.88118
-39.0422
-53.5377
-39.3189
-49.4774
-24.185
-1.01284
-9.89129
-43.4207
-84.3514
-56.8734
-57.9328
-40.3331
-83.9521
-19.2569
-28.2236
-53.3349
-58.0634
-18.07
-24.7632
-15.7927
-19.2488
-15.5935
-16.6952
-24.0832
-18.9824
-37.0252
-56.3107
-17.4144
-22.4304
-38.3379
-50.8995
-18.1416
-26.443
-20.8292
-23.3276
-15.5561
-17.8593
-31.8674
-18.9436
36.3532
16.459
30.7235
21.208
36.1585
26.7808
22.0401
17.6101
3.302
14.3252
16.5416
17.5086
19.844
14.7086
6.86178
0.229794
10.6382
12.2107
7.78628
10.9333
8.33909
78.3135
57.5872
80.2274
58.5941
81.3455
67.4476
66.4618
43.4104
26.996
42.4508
47.3782
41.7248
48.3484
40.8661
40.7795
26.2613
41.5773
46.3311
39.3219
45.5223
39.9478
56.9005
41.8782
61.3506
39.2374
58.4236
46.737
49.3557
20.649
10.5307
23.016
25.807
20.6655
23.4114
22.6058
27.6642
12.6006
25.4557
28.6484
26.9741
25.0795
30.8838
83.5367
63.9871
87.9519
63.1499
87.0246
72.5612
73.3943
44.1785
28.9142
44.7624
49.7739
42.5931
49.2934
42.9818
46.142
29.4475
45.4098
50.5924
44.3778
43.7159
51.3226
90.5897
68.8367
94.1732
69.1404
94.528
79.2295
78.9528
51.0489
33.6244
50.6415
56.4736
49.1901
56.8962
48.8159
50.1327
33.3874
50.3294
56.0794
48.3844
48.4872
55.8862
96.2668
73.5278
100.405
73.567
100.436
84.1487
84.1388
53.9233
35.8111
53.7474
59.9889
51.8829
60.1745
51.6945
53.676
35.7603
53.6712
59.8641
51.6525
59.8843
51.5911
92.9917
71.4498
97.575
71.0312
97.0572
81.3453
81.7763
51.3399
34.2711
51.5166
57.3723
49.5214
57.2542
49.5909
52.1298
34.4599
51.785
57.713
50.1879
49.8727
58.0758
96.8306
74.2124
101.303
74.0453
101.092
84.7544
84.9512
53.9783
35.9775
53.9769
60.1907
51.9967
60.2629
51.9267
54.202
36.0197
54.0436
60.3078
52.2008
52.0262
60.4971
99.0851
75.7689
103.223
75.9796
103.452
86.78
86.6098
56.2441
37.4645
55.8925
62.3164
53.9269
62.6696
53.6128
55.4774
37.2498
55.6246
62.043
53.3234
53.3873
61.9213
106.299
81.5289
110.094
81.6229
110.2
92.1242
92.0616
60.3011
40.815
60.1861
66.4351
57.0295
66.5663
56.9005
60.0407
40.7413
60.0937
66.3443
56.8346
66.3119
56.8287
101.421
78.3207
106.239
77.8448
105.663
88.5733
89.0408
56.5506
38.1686
56.7826
63.1564
54.1888
62.9648
54.318
57.5182
38.4324
57.1216
63.491
54.9228
54.5847
63.8897
106.305
81.5353
110.114
81.6272
110.215
92.1329
92.0739
60.301
40.8171
60.1899
66.4451
57.029
66.5688
56.9031
60.0456
40.7425
60.0973
66.3579
56.8412
56.8331
66.3288
101.46
78.3473
106.308
77.874
105.737
88.6343
89.0974
56.5757
38.1813
56.8056
63.2199
54.2387
63.0321
54.3647
57.5364
38.4432
57.1417
63.5481
54.9608
54.6256
63.9432
96.9774
74.3207
101.528
74.1611
101.328
84.9597
85.1469
54.0795
36.047
54.0729
60.3868
52.1674
60.4678
52.09
54.2839
36.0821
54.1321
60.4902
52.3426
60.6706
52.1759
99.1502
75.8218
103.345
76.0288
103.567
86.8771
86.7124
56.2724
37.483
55.924
62.396
53.9832
62.7441
53.6732
55.5145
37.2708
55.6596
62.1301
53.3936
53.4543
62.0128
96.4674
73.6994
100.738
73.7299
100.755
84.4312
84.4345
54.0335
35.8987
53.8664
60.2232
52.0682
60.3962
51.8909
53.8111
35.8572
53.7993
60.1153
51.8741
51.803
60.1474
93.3957
71.7703
98.1522
71.3764
97.6666
81.9009
82.3014
51.6752
34.5317
51.8308
57.9143
50.0287
57.8299
50.0689
52.3974
34.6986
52.0744
58.2172
50.6037
50.3146
58.5514
84.8893
65.1111
89.7181
64.3725
88.9147
74.3361
75.0505
45.4943
29.9953
45.9703
51.5787
44.3764
51.2487
44.6303
47.1505
30.4285
46.5105
52.2445
45.7779
52.862
45.2206
91.1643
69.3722
95.0781
69.6403
95.3788
80.0123
79.7863
51.415
33.9583
51.038
57.1378
49.7418
57.5209
49.4032
50.595
33.7539
50.76
56.7965
49.063
49.1239
56.6507
80.4097
59.6938
83.3615
60.5187
84.2268
70.173
69.4293
44.8643
28.43
44.0427
49.7003
43.6902
50.4994
42.9875
42.7032
27.8475
43.3328
48.8835
41.8651
42.2854
48.3022
63.3591
47.2961
69.0217
45.3065
66.9022
54.8627
56.7012
27.8313
16.3613
29.3713
34.4179
29.5549
33.0523
30.5598
32.6769
17.7529
31.0741
36.26
33.3276
32.1008
37.7667
-21.2137
-13.3214
-9.3797
-19.342
-17.5264
-11.3089
-5.49396
-23.7165
-15.1298
-20.2147
-16.5934
-5.59656
-19.5362
-4.35114
-11.91
-13.5131
-16.3386
-12.237
0.368774
-8.07046
-1.77757
48.7083
29.9811
48.9709
32.8781
52.1001
42.1015
39.5677
25.8167
11.8555
23.6795
28.9023
27.662
30.8453
26.0892
19.3553
10.0831
21.4306
26.4513
22.6917
24.0369
24.6095
-98.7129
-64.9117
-105.306
-73.0744
-114.874
-85.4395
-77.4199
-36.1545
-53.1715
-52.2943
-61.178
-37.1676
-42.8334
-58.3769
-98.3034
-72.7038
-110.474
-71.3091
-112.163
-82.2907
-79.7143
-13.5864
-28.5946
-21.4413
-16.7481
-13.7554
-8.24521
-24.5929
-6.49922
-12.9793
-13.2781
-10.1046
2.49194
-3.03722
-7.6029
-28.6325
-19.9887
-25.7283
-19.7683
-15.7714
-25.3399
-14.2045
-42.2754
-29.0796
-60.26
-27.7911
-47.3269
-34.6951
-40.5759
-38.5704
-37.4442
-40.411
-35.7062
-30.2975
-33.7875
-33.6927
-43.1885
-39.6269
-44.5812
-34.2481
-42.4999
-36.8203
-37.7677
-63.4763
-45.2493
-48.2755
-36.3762
-40.0583
-44.2149
-34.3592
-39.4308
-60.963
-41.7002
-42.2938
-48.7868
-37.6429
-56.965
-13.5843
-23.3043
-25.4617
-31.8021
-17.7427
-29.763
-19.7141
-27.2161
-15.6619
-26.9936
-32.3286
-20.2363
-30.2439
-20.908
-60.7364
-37.2308
-40.7317
-42.7134
-53.2269
-58.2089
-39.7429
-41.6756
-64.1024
-45.4141
-40.8725
-48.7535
-53.539
-38.2004
-26.1711
-34.6279
-34.0818
-34.3114
-26.6486
-31.9524
-26.7873
-29.5328
-22.9555
-32.1077
-33.6253
-22.4502
-31.6314
-24.7983
-63.8068
-43.412
-46.2756
-39.9185
-41.2029
-34.1756
-51.2827
-28.442
-51.7624
-30.1356
-41.76
-56.8592
-39.2117
-61.1388
2.54714
-11.4712
-12.4878
-26.4374
-9.10518
-24.999
-10.2854
-12.4316
2.07082
-12.8233
-26.5251
-9.6752
-25.1333
-10.5271
-51.8325
-27.9447
-29.9717
-41.8814
-57.8673
-61.4662
-39.633
-29.0705
-52.7767
-31.3141
-41.9317
-57.0318
-60.8583
-39.5327
-0.35854
-14.479
-14.7378
-27.2725
-11.1807
-25.9142
-11.9248
-13.0511
0.329124
-14.2161
-27.1098
-10.2626
-25.5668
-11.5655
-52.782
-29.9429
-31.6302
-41.8459
-55.8531
-60.4806
-39.1805
-33.5853
-57.3077
-36.6265
-42.7454
-55.0841
-59.7716
-39.8492
-8.67158
-21.6317
-21.5546
-30.2959
-16.2767
-28.6902
-16.9187
-18.696
-7.25238
-20.4394
-29.8946
-14.3989
-27.9645
-16.1345
-57.5363
-35.5205
-37.3898
-42.6147
-52.8068
-39.0875
-59.1119
-32.1944
-54.6776
-34.0211
-42.3016
-54.6043
-60.0591
-39.2005
-2.81016
-15.3519
-16.7854
-28.3037
-11.9737
-26.5479
-13.4765
-17.4168
-3.81518
-17.5848
-28.6152
-13.2934
-27.1001
-14.0454
-54.5636
-30.8539
-33.4825
-42.3603
-56.2295
-39.6724
-60.5266
-27.4039
-51.4211
-29.1701
-42.0202
-58.8943
-62.1024
-40.0355
3.8061
-11.1273
-11.5171
-26.0141
-8.801
-24.8
-9.52909
-10.5017
4.11206
-11.331
-26.068
-8.41963
-24.8285
-9.44069
-51.286
-27.6421
-29.2238
-41.8256
-57.8814
-39.5566
-61.734
-27.1185
-51.1615
-28.7655
-42.3121
-58.9644
-62.7438
-39.995
5.19672
-9.92114
-10.621
-26.0898
-8.09712
-24.977
-8.98699
-10.2164
4.96836
-10.7449
-26.0262
-8.16606
-24.6928
-9.04394
-51.3593
-27.196
-28.7687
-42.5299
-60.1906
-63.135
-40.7233
-27.1503
-51.6342
-28.6438
-43.6465
-61.6889
-41.5992
-64.9149
6.37025
-9.49382
-10.0583
-26.6457
-8.04413
-25.6863
-8.80127
-9.52886
6.26399
-10.088
-26.5471
-7.91022
-25.3026
-8.78713
-51.827
-27.3896
-28.7051
-43.8562
-62.7208
-65.2368
-42.3045
-27.2852
-51.5408
-28.6571
-43.1386
-61.5535
-64.1468
-41.5517
5.75964
-9.75088
-10.2883
-26.1614
-7.94386
-24.9092
-8.78603
-9.66229
5.89791
-10.2427
-26.2992
-8.0318
-25.3315
-8.80994
-51.3009
-27.0349
-28.5921
-42.8793
-60.272
-40.7398
-63.7223
-28.2423
-53.2179
-29.4261
-46.3175
-66.2622
-44.752
-68.664
7.03353
-9.78401
-10.1882
-28.2306
-8.82507
-27.4628
-9.42239
-9.64716
7.04003
-10.1438
-28.133
-8.62521
-27.1399
-9.36454
-53.3609
-28.5178
-29.513
-46.4667
-66.8916
-68.8574
-45.2361
-28.2401
-52.9529
-29.2207
-45.8305
-66.1059
-68.0354
-44.6441
7.04202
-9.47319
-9.97364
-27.6461
-8.35137
-26.62
-9.0916
-9.64659
7.04213
-10.0236
-27.8001
-8.61781
-27.0808
-9.18133
-52.7454
-27.868
-29.1145
-45.6158
-65.1358
-67.7192
-43.9585
-27.6306
-52.1786
-28.8106
-44.4885
-63.9093
-66.1691
-43.1011
6.66301
-9.44805
-9.93778
-26.8172
-8.03032
-25.7317
-8.77396
-9.46201
6.72157
-9.94672
-26.9737
-8.17204
-26.129
-8.84481
-51.9807
-27.3683
-28.7283
-44.2596
-62.8898
-42.4252
-65.828
-27.5665
-52.3616
-28.9046
-44.9938
-64.0659
-66.8775
-43.1921
6.95606
-9.48127
-9.92884
-27.3784
-8.34282
-26.5636
-8.97655
-9.39741
6.90384
-9.92596
-27.2722
-8.13271
-26.1591
-8.93372
-52.5413
-27.8675
-28.976
-45.1828
-64.9927
-43.8489
-67.159
-28.8264
-53.7399
-29.7574
-46.941
-67.6523
-69.4897
-45.7915
7.05039
-9.83704
-10.2614
-28.4271
-8.89723
-27.5645
-9.51688
-9.94631
7.03157
-10.3147
-28.5466
-9.04003
-27.8395
-9.59227
-53.6044
-28.5929
-29.6734
-46.7962
-67.0635
-45.3842
-69.2876
-28.8168
-53.9356
-29.8808
-47.2169
-67.7358
-69.8807
-45.8355
7.10672
-9.94368
-10.3545
-28.7531
-9.07871
-27.9933
-9.67269
-9.93346
7.06589
-10.3669
-28.725
-9.02984
-27.8594
-9.67133
-54.0179
-28.9398
-29.905
-47.2841
-68.121
-69.9929
-46.0874
-28.7461
-53.8097
-29.5709
-47.3574
-68.4665
-46.2214
-70.2706
7.86364
-9.23923
-9.75584
-28.5608
-8.62165
-27.7378
-9.29114
-9.6351
7.70021
-9.90425
-28.647
-8.90256
-27.9627
-9.39331
-53.717
-28.4147
-29.4447
-47.2972
-68.3955
-70.23
-46.0749
-28.8694
-54.0367
-29.8257
-47.4056
-68.4842
-70.2412
-46.2617
7.27463
-9.89857
-10.251
-28.7554
-9.04649
-27.9801
-9.60735
-9.75884
7.35316
-10.1969
-28.7731
-8.99139
-28.0278
-9.59185
-54.0015
-28.9005
-29.8494
-47.3594
-68.1446
-46.0957
-70.1332
-26.4713
-51.6736
-27.2129
-46.0155
-67.6743
-45.0284
-69.2222
10.4357
-6.95697
-7.3249
-27
-6.98324
-26.301
-7.52807
-7.12247
10.372
-7.38767
-27.053
-7.1206
-26.4424
-7.57809
-51.613
-26.3088
-27.1532
-45.9678
-67.5236
-69.1638
-44.894
-26.5799
-51.94
-27.489
-46.183
-67.7333
-69.366
-45.0925
9.92668
-7.60841
-7.81045
-27.3157
-7.45905
-26.7277
-7.87548
-7.23164
10.0705
-7.67491
-27.2453
-7.19768
-26.5142
-7.78948
-52.0314
-26.9108
-27.6117
-46.242
-67.7976
-69.3908
-45.2516
-27.8206
-53.1827
-28.8298
-46.9776
-68.2757
-70.0148
-45.8078
8.39568
-9.06867
-9.26354
-28.2473
-8.50949
-27.6406
-8.92362
-8.5633
8.58889
-9.08506
-28.1603
-8.15595
-27.3652
-8.81241
-53.2964
-28.2521
-28.9874
-47.0461
-68.3306
-45.9979
-70.0379
-27.6062
-52.6696
-28.2925
-46.6704
-68.1706
-69.7685
-45.6869
9.40291
-7.79262
-8.31238
-27.6575
-7.58813
-26.8474
-8.24966
-8.34826
9.18469
-8.52298
-27.7993
-8.00424
-27.2287
-8.40009
-52.5028
-27.0928
-28.0982
-46.5477
-67.899
-45.3601
-69.6592
-26.4976
-51.6997
-27.2327
-46.0363
-67.7101
-69.2477
-45.0566
10.434
-6.96
-7.33136
-27.0068
-6.98541
-26.3036
-7.53259
-7.13959
10.3664
-7.40048
-27.0664
-7.13169
-26.4606
-7.58698
-51.6288
-26.313
-27.1646
-45.9799
-67.5287
-44.8983
-69.1787
-26.6112
-51.9942
-27.5302
-46.2297
-67.7789
-69.4261
-45.1274
9.91141
-7.64543
-7.8429
-27.3535
-7.48426
-26.7707
-7.89828
-7.25253
10.0574
-7.7025
-27.2768
-7.21066
-26.5367
-7.80875
-52.0971
-26.9673
-27.6602
-46.2976
-67.8844
-69.4637
-45.3164
-27.9127
-53.3125
-28.9259
-47.0914
-68.4229
-45.9167
-70.1651
8.36387
-9.14418
-9.33262
-28.3308
-8.5612
-27.7334
-8.97059
-8.62384
8.55881
-9.14953
-28.2376
-8.19688
-27.4378
-8.8561
-53.438
-28.3694
-29.091
-47.1691
-68.5198
-70.2016
-46.1372
-27.6935
-52.7726
-28.3684
-46.7587
-68.3083
-69.885
-45.7894
9.38083
-7.83376
-8.35853
-27.7113
-7.61515
-26.8947
-8.28129
-8.40527
9.16051
-8.57389
-27.8595
-8.04392
-27.2974
-8.43519
-52.5941
-27.1549
-28.1664
-46.6268
-67.9947
-45.4316
-69.7626
-29.0533
-54.0547
-29.9792
-47.2101
-68.0375
-46.0669
-69.8597
7.00315
-9.99167
-10.4041
-28.6078
-8.99015
-27.7642
-9.6
-10.084
6.98385
-10.4522
-28.7188
-9.12465
-28.015
-9.67258
-53.9367
-28.8538
-29.9047
-47.0772
-67.51
-69.677
-45.701
-29.0387
-54.2138
-30.0768
-47.4525
-68.1084
-70.2041
-46.103
7.05984
-10.062
-10.4738
-28.9001
-9.15385
-28.141
-9.74609
-10.0689
7.01965
-10.4909
-28.8786
-9.11586
-28.0315
-9.74669
-54.2796
-29.1298
-30.0923
-47.5083
-68.4368
-70.2973
-46.3155
-28.8963
-53.9928
-29.7033
-47.5149
-68.7118
-70.4818
-46.4009
7.82711
-9.31868
-9.8379
-28.66
-8.67465
-27.8346
-9.34526
-9.73052
7.66221
-9.99108
-28.7525
-8.96761
-28.0816
-9.45033
-53.887
-28.5378
-29.5689
-47.4446
-68.5945
-46.2211
-70.4266
-29.0247
-54.2505
-29.9802
-47.5907
-68.7401
-70.4907
-46.4482
7.23115
-10.0134
-10.3565
-28.8851
-9.12186
-28.1245
-9.67467
-9.85761
7.31072
-10.2976
-28.8963
-9.0566
-28.1504
-9.65647
-54.2295
-29.0847
-30.0125
-47.5551
-68.4494
-46.3167
-70.3984
-28.5495
-53.6151
-29.6985
-46.6478
-66.7942
-69.1266
-45.126
6.98693
-9.94213
-10.3454
-28.429
-8.91626
-27.6657
-9.50799
-9.82415
6.99437
-10.3063
-28.3389
-8.7258
-27.3708
-9.45124
-53.7371
-28.7857
-29.7733
-46.7824
-67.3521
-45.5613
-69.2972
-28.5542
-53.3996
-29.5252
-46.2016
-66.6544
-68.5593
-45.0272
7.00243
-9.67079
-10.1562
-27.8801
-8.45244
-26.8808
-9.17949
-9.82618
7.00099
-10.2006
-28.0274
-8.71409
-27.3144
-9.26915
-53.217
-28.2243
-29.4314
-46.0024
-65.7648
-68.2701
-44.3937
-28.0505
-52.8059
-29.2165
-44.988
-64.6743
-43.6168
-66.9032
6.66471
-9.68094
-10.1543
-27.1065
-8.10831
-26.0521
-8.83954
-9.67971
6.71459
-10.1584
-27.2549
-8.25776
-26.4213
-8.91593
-52.6405
-27.8421
-29.151
-44.779
-63.765
-66.5967
-43.0081
-27.9794
-52.9192
-29.272
-45.4432
-64.8096
-67.5282
-43.6983
6.92659
-9.68073
-10.1249
-27.6332
-8.43706
-26.8259
-9.06078
-9.61504
6.87846
-10.1271
-27.5344
-8.22891
-26.4516
-9.01588
-53.0719
-28.2312
-29.3284
-45.6138
-65.6398
-44.2933
-67.7789
-28.1046
-52.7007
-29.8514
-42.886
-60.394
-40.9193
-63.5781
4.22373
-11.2793
-11.6682
-26.3145
-8.50466
-25.129
-9.25382
-10.6931
4.47494
-11.4967
-26.3802
-8.24202
-25.1663
-9.2153
-52.6411
-28.4224
-29.9286
-42.7213
-59.618
-63.2863
-40.549
-27.814
-52.2805
-29.3917
-43.0995
-60.4185
-64.0355
-40.8713
5.39577
-10.1473
-10.8308
-26.4188
-8.04236
-25.3243
-8.89945
-10.4288
5.20269
-10.9478
-26.3532
-8.04291
-25.053
-8.92626
-52.4192
-27.8175
-29.3721
-43.2879
-61.448
-64.3627
-41.4989
-27.6937
-52.4191
-29.1286
-44.2448
-62.7236
-65.8256
-42.2712
6.40158
-9.72495
-10.282
-26.9511
-8.10605
-26.0034
-8.84581
-9.77225
6.30896
-10.3143
-26.8582
-7.95615
-25.6495
-8.82143
-52.5712
-27.8712
-29.1719
-44.4313
-63.6202
-42.8965
-66.103
-27.8348
-52.4263
-29.1887
-43.8001
-62.6179
-65.1774
-42.2325
5.87843
-9.98885
-10.5115
-26.4875
-7.92566
-25.2698
-8.7625
-9.89958
5.99318
-10.4686
-26.6226
-8.05324
-25.6712
-8.80616
-52.2341
-27.6505
-29.1448
-43.5668
-61.4937
-41.5073
-64.8027
-29.3234
-53.4394
-30.9348
-42.7871
-58.9818
-63.0395
-40.3484
3.16355
-11.5886
-12.5709
-26.7003
-8.72581
-25.2898
-9.84198
-12.4719
2.77461
-12.8768
-26.7641
-9.10407
-25.3934
-10.0044
-53.4077
-28.7289
-30.7418
-42.8708
-59.6633
-40.6297
-63.2619
-29.9517
-54.7632
-32.187
-43.0762
-59.2389
-63.1025
-40.672
0.808433
-14.3104
-14.6096
-27.384
-10.1557
-26.0277
-10.9972
-13.0333
1.35338
-14.1441
-27.27
-9.56508
-25.7665
-10.7688
-54.9052
-30.9345
-32.5341
-43.0319
-58.5024
-62.8639
-40.4873
-34.7344
-60.9165
-37.8351
-44.4194
-58.7595
-41.4142
-63.7296
-5.45202
-20.4658
-20.5676
-29.7827
-13.2192
-28.0854
-14.2095
-18.0123
-4.44021
-19.6224
-29.5341
-12.3102
-27.6705
-13.7973
-61.4836
-36.9058
-38.661
-44.3711
-57.5653
-63.4044
-41.0172
-33.3337
-57.4864
-35.0677
-43.7147
-58.0588
-63.1773
-40.7504
-1.12129
-15.0889
-16.441
-28.2752
-10.7524
-26.5667
-12.1051
-16.8851
-1.89209
-17.1451
-28.5045
-11.5207
-26.9553
-12.4596
-57.1652
-31.8442
-34.4877
-43.7147
-59.0103
-40.9838
-63.432
-52.4137
-81.3125
-56.0414
-41.7393
-49.7902
-57.7665
-37.6687
-25.3064
-36.7862
-37.6752
-34.1668
-21.2251
-32.1244
-23.0004
-36.3551
-24.8322
-37.9834
-33.0506
-20.5517
-31.2304
-21.5195
-78.1748
-51.058
-54.3569
-42.2131
-53.0287
-57.8665
-39.3755
-51.4683
-80.2369
-54.2543
-41.6348
-49.5853
-58.3523
-36.4813
-20.0236
-32.1037
-34.3245
-31.9937
-17.9971
-30.2277
-19.2836
-35.1142
-21.4935
-35.4097
-32.3972
-18.3922
-29.5782
-20.2141
-80.1886
-49.2456
-53.6687
-42.2939
-52.9832
-59.6514
-38.9287
-41.3228
-66.9976
-43.4223
-44.6692
-55.8552
-63.3255
-40.2668
-8.75446
-21.8768
-23.8091
-30.8584
-14.1403
-28.9091
-15.6725
-24.8904
-10.0628
-25.0309
-31.1125
-14.817
-28.8209
-16.1825
-66.1452
-38.6534
-42.3254
-44.9427
-58.3826
-41.7151
-63.976
-43.7122
-73.0158
-47.8866
-44.1674
-56.5737
-62.5889
-40.9457
-15.6144
-30.1483
-30.2692
-31.8169
-16.4634
-29.1008
-18.0762
-26.7305
-14.0668
-28.8845
-31.6216
-16.0139
-29.7779
-17.4656
-74.0102
-46.7564
-49.1116
-43.5299
-52.6051
-38.3092
-61.4411
18.6518
-4.5508
24.1848
11.1716
-8.74167
21.7086
20.0799
3.63239
-12.8066
-13.3505
-5.56361
23.5604
9.43798
0.508914
-19.1827
-10.9921
-11.2981
-8.8521
-14.21
-14.5655
-9.16518
-12.6578
-5.88058
-8.89544
-5.76919
-4.08207
-5.78034
-5.37956
-6.98572
-5.5946
-11.5963
-6.06153
-7.1424
-5.57059
-9.49292
-10.0539
-11.6372
-2.76171
-11.535
-4.34682
-14.2806
-9.37253
-6.0655
21.5117
-6.69385
2.43868
6.88815
0.00475522
-9.1809
-8.5784
-10.7551
-5.53993
-9.84858
-11.9345
-7.63793
-8.41861
-83.5673
-60.4416
-98.9918
-61.9853
-96.9322
-72.2295
-72.0261
-34.8937
-40.7216
-44.1428
-50.1981
-36.5655
-39.3093
-45.3588
-76.8034
-50.8218
-74.3122
-56.9545
-86.7858
-64.7851
-56.6872
-26.6317
-18.3298
-28.8835
-23.849
-7.99452
-22.9477
-8.24979
-51.2289
-38.7075
-44.94
-37.9155
-46.246
-32.3955
-31.3094
-18.0883
-29.7899
-29.5238
-25.1584
-8.69603
-9.47212
-23.7539
-18.8934
-13.8762
-14.3748
-7.01331
-12.4104
-1.62855
-0.550572
30.2386
-10.2973
24.8631
20.6577
-12.4899
21.4584
28.0932
-17.113
-49.2924
-34.9138
-22.2951
-2.56346
-6.49407
-28.187
-10.2043
-15.3592
-17.5257
-13.4313
-5.94085
-7.43562
-12.1431
-49.6389
-24.5193
-30.0929
-21.8299
-29.8441
-34.4308
-19.2123
-20.8502
-26.7163
-31.2906
-15.4981
-31.1167
-17.2837
-21.0806
-15.2905
-7.26201
-6.88903
-8.18474
-9.79327
-9.39176
-14.0726
-20.5494
0.0107284
-26.4002
-8.2613
-6.45022
-24.1458
-21.1312
-13.199
-4.75336
-8.12714
-6.16438
-6.96208
-10.7896
-12.7468
-5.07821
8.43087
28.1263
24.3942
-4.13631
21.8227
26.6394
-10.5645
-51.7404
-20.1458
19.8154
18.4911
25.8685
6.45762
-26.0471
12.8871
-62.1002
22.5177
-28.1231
16.5466
2.13424
-12.1208
-41.2134
-20.502
21.4495
27.1582
26.4527
17.8253
-20.3545
-21.1139
-2.34512
11.7891
-17.026
11.6686
2.33888
-22.7241
28.9799
-47.8525
25.1002
-26.6255
19.0971
16.221
-35.8048
-24.7554
-35.6878
-36.3523
-24.1161
-34.5227
-24.6838
-47.546
-64.6394
-48.2001
-46.2679
-52.9696
-41.7478
-60.7835
-58.0041
-40.504
-43.2641
-48.8307
-66.2611
-63.8365
-50.0625
-23.1915
-31.4322
-32.9227
-38.448
-25.5709
-38.0158
-26.724
-32.1856
-30.5523
-29.1711
-54.5367
-64.2495
-52.3251
-65.7383
-16.3339
-21.8945
-22.5937
-43.0151
-30.1308
-43.693
-30.4972
-27.8358
-18.984
-26.3756
-41.4529
-28.5726
-40.2093
-29.1012
-25.2705
-24.3403
-23.9327
-56.7212
-75.3622
-68.6846
-59.9221
7.00767
-19.6759
-17.5599
-11.0822
24.0028
10.7888
-7.93017
-23.2943
-16.7006
-18.3797
-15.1916
-18.685
-19.2168
-13.3049
-26.2224
-12.4642
-19.626
-13.7304
-5.55612
-14.7531
-7.65313
-14.7431
-5.73055
-19.1041
-12.8368
-13.8771
-9.24291
-18.0429
-14.3308
-10.5098
-1.31057
-16.319
-3.39277
-17.4868
-15.1217
-11.7984
21.728
-12.0967
4.3795
7.72974
-7.13015
-14.7043
-15.9437
-17.582
-13.5681
-17.0598
-18.1464
-13.9656
-16.7993
19.9238
17.4825
25.0776
12.3499
27.8089
23.0026
20.257
-19.5031
7.69409
-15.044
7.04036
-2.60332
-3.62039
9.55104
39.8208
42.7684
47.0378
25.2605
45.0004
37.464
39.4199
3.41076
32.8014
12.7684
20.2207
8.43717
16.9768
29.4452
6.50818
21.1259
-30.4043
7.79319
-29.3753
-23.2226
-18.9324
-13.6215
-24.309
-12.3002
-27.5588
-28.7954
-32.5184
-26.6746
15.4715
-5.29713
2.67915
-23.6027
-28.3636
-19.5203
-26.5203
-11.881
-27.4648
-41.6674
-10.5612
-31.8565
-27.7955
-35.2646
-25.3845
-9.93955
-36.0827
-10.6501
-3.10845
-2.6819
-23.5298
-30.611
-47.8784
-47.3013
-48.7041
-31.9853
-51.5416
-31.4407
-70.0647
-39.4823
-52.0123
-46.0642
-66.9888
-44.5121
-34.9899
-95.2887
-67.0721
-100.834
-67.2082
-95.1737
-68.2366
-71.6511
16.3293
32.3236
18.6345
36.4607
36.2626
31.4054
21.4782
-71.0562
-79.3244
-67.5815
-60.0542
-67.24
-63.8356
-56.478
-29.9612
-36.7668
-44.4376
-40.4563
-18.4708
-31.4771
-24.5973
-54.6341
-38.1077
-35.603
-48.4945
-50.7003
-45.3998
-33.6624
0.482838
-8.47151
-7.84439
-2.94341
5.92917
-4.20628
6.01847
-3.8124
7.53839
9.1258
2.74691
-0.267743
7.35695
13.8955
-24.5183
-15.3068
-22.9489
-14.8762
-20.0394
-9.75136
-11.1895
-24.5401
-17.978
-25.1698
-12.5412
-15.1034
-18.1388
-11.4725
-53.4185
-79.3193
-79.79
-74.2167
-56.1361
-55.5244
-53.147
-26.7403
-38.1442
-38.5397
-39.9345
-22.1701
-31.0544
-28.2119
-74.0555
-49.6613
-56.4122
-73.4792
-53.8475
-54.9842
-42.7654
-38.352
-27.9563
-28.8316
-27.3826
-33.6116
-34.2991
-22.8317
-45.1596
-47.3947
-53.9726
-41.4537
-35.8532
-40.1441
-44.0241
-33.4546
-38.0338
-31.5571
-30.1813
-36.5826
-37.1402
-31.8815
-40.8036
-50.9323
-57.0847
-52.7806
-43.4825
-44.5991
-41.9249
-51.639
-31.5758
-103.174
-37.1168
-72.8102
-62.5151
-83.0131
-28.7148
-29.9396
-32.8191
-40.9696
-27.8838
-40.3767
-29.6309
-29.2045
-26.5986
-41.2874
-38.3001
-19.9986
-27.2133
-24.6218
-26.4422
-32.1481
-30.1014
-59.1202
-93.3844
-63.313
-80.7389
-91.4633
-28.5258
-62.7544
-56.0127
-19.116
-77.5781
-22.4246
-53.9625
-91.138
-21.2886
-28.4788
-58.6106
-77.9076
-21.7085
-35.4186
-23.525
-18.5417
-24.3387
-35.4671
-24.5058
-22.9315
16.2441
10.5595
22.9426
3.92149
15.2643
8.4322
15.0962
-17.1737
-16.2613
-9.87155
-10.2559
-13.6803
-17.8009
-7.85905
1.99989
-11.129
-3.43006
-2.87179
2.82879
2.66081
-1.68416
74.1813
56.3147
78.6122
54.8941
77.0159
63.5266
64.9696
36.14
22.6129
37.2584
41.5825
34.9721
35.8864
40.3985
39.688
23.6452
38.4673
42.9843
38.1723
44.2418
37.0925
64.8361
44.3852
64.4647
46.3667
66.8355
54.2874
52.2006
34.6567
19.0413
33.05
37.0111
33.4772
38.684
32.0751
29.7807
17.583
31.3481
35.0512
29.1017
33.3373
30.4143
85.9306
64.698
88.9495
65.2129
89.479
74.7657
74.315
48.1926
31.2666
47.627
53.0549
46.4207
45.8981
53.6365
46.7498
30.8628
47.1349
52.431
45.0857
52.0828
45.3433
89.0278
68.3777
93.5333
67.849
92.9065
77.8265
78.3771
48.6442
32.2996
48.9192
54.4548
46.9437
54.1971
47.1297
49.7539
32.6017
49.3014
54.9345
47.9631
55.4132
47.5429
95.7483
73.3744
100.175
73.1471
99.8938
83.6768
83.925
53.1721
35.4649
53.2225
59.3096
51.1762
51.1609
59.284
53.5546
35.5552
53.3587
59.4943
51.5015
59.7134
51.307
94.2583
71.7988
98.0784
71.9988
98.3198
82.3711
82.207
52.9931
35.1199
52.7192
58.768
50.972
59.0615
50.7147
52.3996
34.969
52.5059
58.5
50.4762
58.4076
50.4978
97.1909
74.3318
101.463
74.3662
101.536
85.1444
85.0943
54.6067
36.2952
54.4133
60.7844
52.5754
52.3757
61.0029
54.3044
36.2104
54.3045
60.6584
52.3
60.6313
52.2783
98.1439
75.4939
102.893
75.1965
102.542
86.0145
86.3214
54.7461
36.6087
54.8131
61.2182
52.7074
61.156
52.7269
55.2495
36.7458
54.9875
61.4054
53.1186
61.6814
52.8751
105.488
81.3043
109.827
80.9916
109.449
91.5362
91.8471
59.1586
40.1608
59.3455
65.6243
56.1787
56.2703
65.468
59.8623
40.3544
59.5957
65.8665
56.6954
66.1383
56.4589
103.065
78.7752
106.784
79.1204
107.197
89.7768
89.478
58.848
39.4857
58.4747
64.7966
55.9344
65.1706
55.6151
57.8786
39.2115
58.1254
64.4594
55.2072
64.24
55.3459
105.501
81.3129
109.852
81.0009
109.477
91.5563
91.8651
59.1678
40.1645
59.3536
65.6524
56.197
56.2864
65.4987
59.8689
40.357
59.6022
65.8899
56.7062
66.1602
56.4708
103.093
78.798
106.844
79.1408
107.253
89.8216
89.5269
58.8591
39.4915
58.4867
64.835
55.9574
65.2065
55.6402
57.894
39.2187
58.1396
64.5032
55.2393
64.287
55.3758
97.3116
74.4314
101.672
74.4597
101.735
85.3163
85.2748
54.666
36.3385
54.4776
60.9259
52.6813
52.4879
61.1365
54.3784
36.2577
54.3746
60.8105
52.4283
60.7913
52.4001
98.2267
75.5524
103.026
75.2598
102.683
86.1346
86.4343
54.7995
36.6411
54.8633
61.3341
52.8039
61.2788
52.8179
55.2913
36.7745
55.033
61.5124
53.1969
61.7822
52.9584
95.9893
73.5593
100.532
73.3456
100.27
84.0131
84.2435
53.3541
35.5988
53.3947
59.6322
51.4671
51.4372
59.6234
53.7016
35.6777
53.5171
59.7941
51.7425
59.9974
51.5625
94.5896
72.0952
98.6149
72.2778
98.8292
82.832
82.6934
53.191
35.2905
52.933
59.1559
51.2871
59.4278
51.0485
52.6452
35.155
52.7366
58.9166
50.8582
58.8473
50.8598
86.9897
65.7242
90.5683
66.1617
90.988
76.176
75.8299
48.9031
31.9456
48.4001
54.2558
47.4332
46.9825
54.7599
47.6663
31.6084
47.9801
53.7377
46.3592
53.4883
46.5269
89.7444
68.9604
94.5121
68.4787
93.9473
78.7885
79.2809
49.2915
32.8202
49.5192
55.4157
47.8679
55.2263
47.9927
50.2603
33.0762
49.8517
55.8211
48.7046
56.2444
48.3353
76.9516
58.6475
82.0679
57.4599
80.7671
67.0873
68.2468
39.0225
24.9913
39.8695
45.2836
38.6976
39.2864
44.4593
41.8241
25.7843
40.8201
46.3267
40.9922
47.3166
40.1567
69.4584
49.2032
71.2878
50.6924
73.0141
60.1869
58.7246
37.8764
22.3067
36.6213
41.966
37.6371
43.2083
36.6283
34.2331
21.2399
35.3414
40.5883
34.7364
39.4594
35.5128
3.93382
-7.24816
-0.415146
-1.62892
7.48161
6.9804
1.2497
4.28396
-4.55409
0.401249
5.18663
10.8787
8.47286
9.02369
-7.51139
-6.91836
-3.57204
0.810686
3.46279
-3.25395
5.61271
36.0242
26.4403
44.2809
22.6429
39.9765
32.143
35.591
7.89293
2.23773
10.8164
15.7582
13.8585
13
15.6422
16.6609
4.41717
13.832
19.0675
20.1865
21.6477
18.2374
-14.2894
-2.46238
-8.05093
-10.0333
-9.39942
-4.06362
-12.5105
0.717242
21.2162
12.7895
-2.96513
-24.023
-13.571
-6.39119
11.0959
16.6783
1.83684
-7.95422
6.70908
1.40014
-4.15066
-3.87651
1.92714
-0.523961
4.17262
1.77507
-6.08773
0.43763
2.47163
3.4682
1.69251
2.85276
-0.355909
2.45761
2.88988
-1.119
-28.3226
-6.22749
-5.71501
-11.0941
-10.6625
0.948391
-3.44777
-4.06809
2.38045
-1.69663
-0.492953
-5.00284
0.0247993
-49.7418
-37.9682
-44.9282
-36.7062
-41.091
-29.1288
-32.0635
-22.9702
-15.8059
-24.1976
-18.83
-6.31504
-16.0127
-7.95724
-28.5625
-17.7036
-27.1698
-20.7975
-9.65218
-23.4061
-8.65394
-2.15257
-4.58064
-9.04846
-10.0547
0.0290327
-4.99536
-2.29761
-1.77607
-1.53522
2.08582
-10.9578
-34.3007
-15.5659
-24.6398
-4.2276
-11.4149
-12.8387
-18.6309
-15.17
-9.6562
-26.1014
-12.733
-16.0223
-15.3904
-3.88946
-7.54849
-23.8429
-7.06046
3.70189
13.9691
5.3115
9.79222
3.83534
11.096
3.38938
-7.46
-37.1746
-18.346
-6.97817
-12.9
-25.3878
-4.42503
-4.15549
2.82614
0.722232
4.4462
-1.94587
2.50011
-0.925813
-37.0338
-4.7168
-18.7645
-34.5358
-43.412
-8.67269
-26.8193
-66.6927
-67.7924
-57.7922
-79.729
-69.1111
-75.9802
-62.7728
172.084
199.486
184.897
193.348
177.919
203.491
187.077
183.874
208.296
191.62
208.245
190.06
211.917
195.144
195.597
215.628
198.739
219.567
200.049
218.087
201.222
203.148
220.103
203.228
224.623
204.707
220.976
204.109
204.747
220.99
204.135
222.954
203.266
220.145
203.305
200.235
218.153
201.344
214.613
195.834
215.711
198.895
190.322
212.006
195.318
200.878
184.129
208.384
191.797
178.135
203.563
187.236
186.474
172.242
199.533
185.021
-44.011
-9.24121
-27.6427
-30.3187
-37.5617
-5.22193
-19.4905
-43.6064
-50.5696
-34.3984
-46.6582
-38.9987
-38.5015
-27.7815
-3.3874
6.65812
14.8053
-3.19693
1.07486
15.4253
18.2655
-28.5447
-21.5802
-31.9613
-7.58372
-36.8947
-6.57235
-23.0499
21.7297
64.8366
64.5245
40.9079
32.656
36.7737
60.8783
19.6177
57.6361
48.8137
30.5476
30.616
24.145
51.4182
0.0682033
7.4404
-9.30633
0.983102
8.80659
-10.5941
-1.91867
44.8664
30.6053
26.0925
27.9519
44.7913
32.0757
42.2708
63.0911
46.5341
45.874
46.4322
59.1763
48.0121
59.1491
-0.353839
-13.6435
1.6348
-6.59172
7.63324
8.99827
-3.96112
27.4007
40.7179
40.0591
31.7757
26.2783
32.8415
36.3509
14.0726
14.0644
18.6053
23.7485
20.463
18.2689
15.2058
4.47355
2.76176
-8.20745
12.9051
12.1056
4.58953
-8.45833
-24.7417
-11.5843
-14.636
3.2433
-8.24202
-8.05729
4.48128
4.6855
11.5942
3.05475
22.1732
22.7938
21.9088
21.5707
-6.77718
0.650309
-10.6679
-11.901
-1.94072
-6.87271
-5.68473
23.3438
39.2724
41.7322
32.1247
23.1063
33.6163
34.4636
19.1134
8.00362
15.9023
21.2615
19.9855
11.5011
24.7574
-8.04237
19.1999
19.948
26.4477
11.0417
26.402
4.06287
45.7157
35.9528
36.0732
40.2322
51.1567
50.1778
41.2554
-31.7375
-34.4573
-20.7045
-37.2595
-23.5067
-28.313
-25.3844
54.2475
44.1272
43.4927
41.8056
60.6971
44.9165
56.8449
0.701398
17.6984
24.0679
33.5507
14.3769
12.1715
28.7098
12.8307
22.4025
21.4674
30.0673
25.4349
20.4003
30.8324
-9.26094
-3.0184
-3.72467
-5.83416
-6.05711
-2.97334
-0.244159
60.1499
49.7023
56.5045
52.3537
65.3997
63.1575
51.1144
50.8811
39.9274
42.6272
49.536
56.271
56.868
47.6443
24.5626
10.666
6.76811
34.6217
28.7924
1.039
30.3204
-50.2632
-33.2288
-31.4484
-14.2858
-28.4861
-33.6406
-51.6489
-40.3715
1.21864
-7.4889
-6.55458
-20.1536
-10.4482
-26.0156
48.8422
36.1505
24.4035
51.9408
51.049
29.5003
47.3866
-13.3143
1.90371
-6.69544
4.09347
2.84464
-13.8578
-7.28828
-34.6149
-63.9568
-63.0853
-34.346
-16.492
-33.4151
-18.8203
-14.7392
22.7194
0.439929
6.87806
5.44144
8.01784
-14.5864
-55.0098
-35.3077
-49.272
-55.1475
-45.386
-42.6237
-58.8377
-1.3043
9.2857
1.06859
-5.05608
3.2797
1.27845
4.68424
-1.61056
12.2303
5.95552
13.1148
6.17094
7.53122
12.41
-31.0327
-31.0371
-18.9371
-35.368
-24.3143
-27.9471
-22.9366
-64.1285
-50.5022
-71.5152
-78.2293
-56.4759
-76.5945
-56.8339
-11.5335
-31.9385
-31.5298
-20.8073
7.17442
-4.11698
-7.96171
-18.378
-11.3771
-0.897256
-0.763003
-7.38895
-15.271
-9.64496
-26.8766
-21.3397
-40.565
-32.2307
-12.3257
-24.7873
-17.1187
-23.4597
-18.7316
-6.81256
-9.57005
-19.3583
-24.3392
-9.38385
-37.1049
-22.1938
-24.6694
-42.6122
-43.158
-30.5389
-29.7917
-100.068
-72.7632
-109.256
-61.1102
-86.7307
-89.4577
-62.8758
5.7455
3.48336
-7.06275
17.4404
7.61063
-1.33864
7.5649
-49.6576
-31.3959
-33.111
-48.0523
-35.1457
-36.5117
-49.592
42.8931
79.7536
82.4008
46.6926
40.2342
75.8646
76.7812
58.3032
77.1889
53.0048
74.2671
57.4053
73.9969
75.9733
-104.554
-87.9841
-75.2362
-123.92
-99.5578
-79.1741
-67.6601
-62.1813
-16.3314
-43.1678
-34.1285
-41.2713
-60.0794
-24.5574
-19.5205
-12.4324
-37.2933
-36.8055
-5.96703
-17.1071
-15.724
-11.8141
-16.8187
-5.62792
-24.7507
-7.25497
-19.8395
-13.935
1.98103
-11.0919
0.968899
-1.30684
4.78406
-8.3843
0.260464
43.0198
83.6959
84.2837
49.5099
39.9924
77.034
79.6865
65.7958
82.7229
58.2505
80.439
63.617
78.981
80.1396
-63.8551
-43.0686
-59.7208
-50.9739
-36.1414
-52.3226
-36.3595
-17.6812
-17.5509
-11.6645
-55.2636
-51.6443
-49.9475
-61.8429
-77.9403
-76.2704
-54.0878
-53.835
-104.48
-78.3506
-71.8271
-53.453
-92.0695
-70.7015
-48.6335
-46.8359
-80.5645
-62.1
-36.7634
-25.2516
-27.8654
-24.8754
-31.7439
-33.0074
-23.4828
46.1474
30.3415
35.8493
24.553
38.148
32.0076
31.9643
7.01664
18.5807
22.7355
15.3782
4.50962
15.1336
23.5832
86.4921
76.0812
83.6728
61.1276
69.6777
67.5313
63.3288
76.7101
72.4921
80.3278
58.4253
61.8242
64.5467
55.6233
54.8124
53.5447
61.6249
43.7118
44.9528
38.5747
49.5229
72.3731
59.706
67.5719
48.4272
58.0439
54.5389
52.127
89.0461
83.5217
91.2012
67.1097
72.1213
73.7198
65.4032
94.8371
85.7594
93.1924
68.7541
76.975
75.7057
70.0597
100.039
91.6547
98.9568
73.3962
81.649
80.8222
74.2308
96.3855
90.2317
97.686
72.3598
78.5605
71.3464
79.5771
105.61
97.9724
105.213
78.2742
86.6003
86.2881
78.5945
104.218
97.3938
104.729
77.8777
85.3911
85.7731
77.4909
101.068
94.5705
101.979
75.7395
82.6805
75.0512
83.3273
103.569
95.5573
102.862
76.4325
84.7136
84.1869
76.966
105.963
99.0269
106.307
79.1629
87.0437
87.2729
78.8887
107.017
99.4785
106.67
79.4519
87.9226
87.6314
79.7231
108.928
101.145
108.379
80.7642
89.2665
88.9304
81.1761
107.433
100.674
107.862
80.3674
88.2698
80.0502
88.5528
112.933
104.542
112.767
83.9499
91.664
91.5655
84.074
112.018
104.299
112.451
83.7201
91.1548
91.3799
83.4187
109.537
102.551
110.171
82.0884
89.6912
81.6325
90.0476
111.457
103.085
110.835
82.5705
90.8141
90.461
83.0139
112.946
104.59
112.801
83.9796
91.6788
91.6023
84.0847
112.095
104.382
112.507
83.7698
91.2455
91.4469
83.4873
109.718
102.763
110.325
82.2249
89.9071
90.2345
81.7928
111.56
103.258
110.96
82.6819
90.9387
83.1049
90.6113
106.469
99.6243
106.762
79.5675
87.6418
87.8152
79.3399
107.377
100.007
107.074
79.8088
88.3524
88.1073
80.0422
109.141
101.469
108.623
80.9795
89.5236
81.3646
89.2201
107.75
101.049
108.143
80.6159
88.6453
88.8886
80.3304
106.178
98.7876
105.844
78.8391
87.2766
87.0318
79.1021
105.005
98.3113
105.438
78.5135
86.317
86.6133
78.1991
102.313
95.9907
103.093
76.7483
84.1329
84.6367
76.182
104.454
96.8149
103.849
77.3238
85.7608
77.7644
85.3428
92.6346
87.304
94.3167
69.9643
76.0989
77.2239
68.6906
97.1953
89.0408
95.8843
71.2177
79.6723
78.7428
72.217
101.452
93.647
100.547
74.8431
83.2993
75.5156
82.6597
98.4397
92.5004
99.4989
74.0141
80.91
81.6749
73.2218
90.6836
81.8155
88.5544
65.5955
74.2959
72.8152
67.1694
83.4984
79.1987
86.0869
63.6959
68.9546
70.7261
61.8283
69.0305
66.1669
73.3402
54.3497
58.4002
61.0709
51.4159
80.475
70.3574
77.2549
57.2467
66.4452
59.5258
64.2976
-10.9198
-4.65067
1.14946
11.3917
10.0809
15.4594
5.30483
28.0616
9.11688
15.0278
18.9921
31.0556
24.2201
26.0016
63.6004
50.9512
57.3387
43.6348
53.9381
47.6161
50.2731
39.8229
42.5246
49.3177
38.4674
38.9923
44.2722
32.9324
0.416133
-44.3526
-12.4301
-10.6842
-18.9833
-18.2519
3.33807
-14.3205
-8.67682
-21.8581
2.71248
-30.7738
-8.59286
0.941739
-24.1292
-16.1853
-19.651
-29.2273
-38.7623
-40.2328
-27.2177
-20.1359
-23.7519
-24.1011
-1.39902
3.50981
2.9317
0.311578
-22.5724
-16.3113
-22.8879
-0.755638
5.78759
2.08636
2.0608
-18.4106
-61.1781
-28.5208
-19.7157
-41.5194
-31.6264
-10.0782
-36.5554
-32.5311
-40.0513
-12.9303
-20.7363
-55.9106
-24.4051
-49.9575
-23.0015
-28.2265
-25.7638
-25.629
-42.8621
-16.096
-21.1182
-4.62121
-4.93989
-40.1232
0.0756697
-33.6135
-26.4165
-19.9501
-11.6448
-15.5626
-15.1662
-12.672
-21.0879
-15.3275
-42.5336
-70.8253
-68.8244
-62.1563
-42.2562
-65.8128
-40.047
-65.3686
-43.4896
-68.5037
-36.3488
-54.8193
-58.8011
-38.6106
-70.9273
-43.1688
-73.0157
-72.7138
-43.6187
-68.5214
-46.574
-74.5337
-42.7629
-73.2022
-75.385
-49.8325
-77.9969
-48.1075
-44.2484
-78.3217
-77.4493
-85.2689
-55.4924
-86.6987
-54.5593
-74.8711
-44.171
-76.9149
-83.2686
-50.8364
-79.8462
-53.351
-48.3553
-85.8022
-85.3095
-98.1938
-63.6598
-98.7623
-63.304
-82.8578
-47.9805
-84.6451
-96.8453
-60.5806
-94.4109
-62.4149
-79.0055
-45.8552
-80.7303
-90.6849
-56.3418
-88.0867
-58.2584
-82.1982
-46.1539
-81.4032
-92.2457
-59.8961
-93.279
-59.2461
-86.4668
-50.0002
-88.0039
-101.738
-64.2795
-99.6851
-65.8482
-88.9672
-50.3764
-88.6081
-102.839
-66.8122
-103.196
-66.6022
-52.2044
-91.551
-91.4472
-106.682
-69.3432
-106.714
-69.3667
-89.5159
-51.8728
-90.947
-105.802
-67.3163
-103.948
-68.7535
-54.3256
-94.477
-94.8669
-111.273
-72.2313
-110.806
-72.6423
-93.7181
-54.2507
-94.7073
-110.879
-71.3649
-109.551
-72.3838
-92.0358
-53.304
-93.1549
-108.742
-69.7436
-107.273
-70.8833
-93.4479
-53.5523
-93.5321
-109.362
-71.1291
-109.18
-71.3179
-94.5735
-54.4698
-95.3049
-112.058
-72.3381
-110.991
-73.1515
-94.7825
-54.435
-95.326
-112.258
-72.7195
-111.622
-73.267
-54.3251
-94.805
-95.4078
-112.68
-72.8452
-111.896
-73.4903
-94.774
-54.3613
-95.4224
-112.624
-72.7433
-111.694
-73.464
-54.5467
-94.7508
-95.4557
-112.233
-72.4563
-111.194
-73.2535
-94.8843
-54.5035
-95.4578
-112.406
-72.7854
-111.737
-73.3544
-94.8166
-54.3427
-95.4447
-112.717
-72.8516
-111.907
-73.5122
-94.8573
-54.3894
-95.4788
-112.688
-72.7983
-111.787
-73.5023
-94.6738
-54.4421
-95.0972
-111.533
-72.3594
-111.031
-72.7929
-93.9986
-54.3753
-94.9587
-111.17
-71.5473
-109.874
-72.5494
-53.474
-92.4363
-93.5192
-109.166
-69.9947
-107.737
-71.1152
-93.751
-53.7164
-93.8719
-109.752
-71.3229
-109.531
-71.5353
-50.2464
-87.1927
-88.6743
-102.531
-64.6692
-100.537
-66.2201
-89.5445
-50.6255
-89.244
-103.581
-67.1455
-103.875
-66.9632
-91.9782
-52.4146
-91.9198
-107.228
-69.6059
-107.212
-69.6544
-90.0621
-52.0873
-91.4487
-106.391
-67.6394
-104.584
-69.0558
-86.5666
-48.6182
-86.1532
-99.1863
-64.0549
-99.6696
-63.729
-83.8133
-48.225
-85.5322
-97.9052
-61.0177
-95.543
-62.8435
-46.0107
-80.2562
-81.8927
-92.09
-56.7598
-89.5824
-58.6938
-83.2022
-46.3626
-82.5116
-93.5648
-60.3262
-94.4859
-59.6993
-42.2216
-73.2504
-75.112
-75.2541
-43.2569
-71.2077
-46.4555
-76.2902
-42.1318
-75.1728
-77.7439
-49.9763
-80.1523
-48.1668
-79.637
-44.2413
-78.9131
-87.0262
-55.8753
-88.2988
-54.9444
-76.5351
-44.0327
-78.4526
-85.1513
-51.0846
-81.8482
-53.6744
-73.3591
-40.304
-71.7847
-65.2928
-41.6056
-68.7292
-39.0369
-69.4038
-40.5351
-71.8563
-62.1982
-34.1338
-58.3091
-37.1099
-60.4094
-36.3881
-63.6647
-53.6813
-34.0739
-55.8244
-32.4952
-68.7638
-37.5592
-66.1219
-54.9945
-33.219
-56.1799
-32.4669
-55.0696
-30.2446
-50.9555
-61.1104
-35.7738
-55.9703
-39.8419
-26.7766
-46.1515
-44.9904
-62.9882
-48.7858
-71.9191
-42.6244
5.1691
18.1682
4.33703
23.3397
2.03803
19.5992
17.5937
37.9915
2.30078
34.0614
-22.4019
-6.45894
25.9078
23.6087
20.4429
16.208
15.9835
27.7065
32.7705
33.3442
27.2072
-28.6915
-27.5649
-26.9063
-22.0102
-24.7731
-21.1052
-18.2507
-7.52551
-5.73241
-6.87739
2.49619
0.176007
0.116301
0.793942
-7.37834
-6.28283
0.193987
-6.62731
3.92534
3.84621
-0.0273064
14.219
32.6289
17.7487
30.4731
9.22083
25.384
29.441
29.6065
-11.4692
28.6433
-34.632
-16.6057
20.6373
15.5983
25.5325
14.7303
14.1701
27.4347
36.7933
33.0476
32.9178
16.4282
5.47935
5.42201
16.2319
18.1619
17.5191
6.97123
22.2509
32.9653
34.799
26.5428
29.564
37.1768
24.4208
-5.23429
0.709586
-1.37384
-4.23527
-4.43634
-2.70999
0.628299
-6.0338
1.32482
-5.25256
-5.80483
0.566199
1.34933
-7.67728
8.8906
9.68888
4.21029
5.44003
15.7846
12.29
11.2885
36.6111
31.9733
24.0316
40.4654
38.7488
34.2455
29.076
33.2515
46.5131
42.433
38.2879
40.0563
39.2903
47.945
17.3177
28.5303
17.736
22.9802
13.8437
19.8763
23.4611
3.15467
7.61569
4.37189
10.37
12.001
13.1182
8.50336
19.7572
16.3496
13.924
20.8738
28.0535
27.7375
22.7485
-8.48562
-10.5771
-12.7015
-12.3764
-1.46958
-8.68491
-9.49897
-11.8269
-12.5808
-14.0326
-12.2163
-6.68477
-9.08281
-10.2731
-29.468
-73.7559
-25.5114
-54.1436
-19.5013
-43.5069
-61.0406
-13.308
-17.7903
-30.8669
-25.7423
-9.21418
-13.5012
-11.7236
-8.24198
-11.6952
-18.0277
-28.4818
-14.7152
-26.8853
-14.6747
-9.74194
-8.69752
-16.2085
-13.5317
-4.18809
-7.79065
-10.6518
-9.76505
-10.7127
-10.5027
-5.68174
-5.20459
-4.89709
-5.34107
-13.3216
-10.5156
-11.3557
-6.0042
-5.59629
-8.1237
-4.49182
-27.6448
-28.075
-18.8606
-33.2266
-20.557
-25.2764
-21.0805
-16.4995
-13.0559
-18.0983
-21.7608
-14.0466
-19.9383
-16.3115
-13.5423
-11.4249
-15.563
-18.9326
-9.44239
-15.033
-14.2795
-5.0959
2.65396
-0.579981
-2.38638
-2.87616
-0.251202
4.07419
-3.57047
-3.09054
-5.02032
-1.84154
2.5145
-0.0241697
0.148278
0.365621
-1.32119
-2.27521
0.855212
7.58619
4.995
2.09762
-29.2498
-31.1729
-22.9655
-32.5368
-23.5475
-26.1407
-25.313
-15.34
-17.8823
-20.6785
-22.8967
-11.6113
-17.993
-19.4305
-20.1779
-17.8971
-20.5782
-22.0538
-17.5252
-21.6613
-18.8822
-12.1002
-51.6582
-0.0748905
-37.4782
-4.12016
-27.149
-33.7543
-15.6654
-20.6826
-23.394
-19.6268
-13.6459
-13.6893
-17.053
-6.05504
-5.2616
-7.99589
-19.863
-14.0159
-14.0507
-20.2665
-54.5143
-26.2977
-36.583
-27.5801
-24.6738
-37.8121
-19.2098
1.76154
-5.88004
-4.71208
-25.546
-30.3483
-28.9133
-26.3685
-26.7781
-22.1462
-36.0252
-21.6236
-33.5545
-19.3761
-28.6479
-20.3519
-14.0746
-14.5888
-17.0961
-14.3395
-17.7483
-21.2911
-8.83347
-17.3718
-11.1306
-41.0166
-61.9202
-50.708
-46.3744
-15.7637
-11.7619
-14.8169
-31.8597
-22.1806
-24.1624
-30.0841
-9.69152
-17.3218
-12.4029
-38.5985
-48.0147
-43.2419
-38.644
-16.4912
-11.0411
-13.9991
-32.8104
-27.6238
-38.0818
-24.4123
-18.5673
-30.7496
-12.7665
-43.1912
-16.6805
-40.9037
-29.5845
-17.8709
-70.3855
-4.90756
-58.4536
-12.2454
-53.362
-59.992
-5.95887
-16.1139
-11.5398
-52.4705
-66.1039
-59.5298
-54.1799
-11.9107
-16.3192
-15.5194
-40.3619
-28.3492
-39.9354
-29.3533
-4.86138
-9.17909
5.4753
3.12856
-11.2953
0.0660435
2.23571
-7.45797
-13.4065
-2.43946
-0.0265079
-13.1407
-2.42756
-3.20177
-21.0298
-23.7585
-20.0981
-22.3508
-16.4394
-15.6346
-14.2977
-16.711
-16.3083
-6.71253
-19.1592
-10.4202
-10.0378
-6.96927
14.2022
2.67567
25.321
24.5729
1.5741
16.1594
17.2143
13.5999
1.73183
23.442
23.8284
1.18236
15.5989
15.962
10.7227
-0.320629
19.9238
-0.712068
20.5462
13.1542
13.338
11.5542
1.04789
22.4636
-0.179616
21.5342
13.8838
15.0804
1.00588
-7.33839
8.16405
9.61557
-7.37279
4.86108
4.58442
2.71045
-4.4902
13.27
11.6489
-6.22229
6.41397
8.13448
7.89116
-1.25284
18.6328
-2.69229
17.4382
10.7773
12.1767
6.69978
-3.19606
15.1158
-3.49903
16.0342
9.70689
9.75939
15.7183
3.09562
25.9977
26.2442
2.63878
17.4707
17.7935
16.1291
3.79058
27.3862
26.7911
2.84137
17.844
18.7664
17.5381
4.48087
28.9676
3.66054
28.4985
19.0762
19.8641
17.2176
4.12252
27.9534
3.49399
28.0673
18.7765
19.2549
19.2519
5.15302
31.0424
30.7025
4.45829
20.5116
21.1712
19.0777
5.06842
30.4684
30.4528
4.3894
20.3531
20.905
18.3128
4.71875
29.3724
4.10351
29.4445
19.7486
20.216
18.5286
4.88522
30.1284
4.1676
29.7446
19.9196
20.6152
20.6005
5.18572
32.8382
32.6467
4.64411
21.5127
22.0183
20.5719
5.26964
32.7001
32.5754
4.65887
21.4782
22.0082
20.4333
5.36468
32.3896
4.77288
32.309
21.4217
21.9169
20.4736
5.24043
32.5885
4.72858
32.3953
21.4349
21.9214
19.6988
5.23863
31.2569
31.249
4.67837
20.8886
21.3377
19.8106
5.28178
31.7189
31.4267
4.66609
20.9636
21.5576
20.2298
5.32153
32.2569
4.74672
32.0152
21.2727
21.8161
20.1289
5.3679
31.9306
4.72983
31.8608
21.1909
21.7225
20.6963
5.15648
32.8752
32.7731
4.65758
21.6021
22.0362
20.7036
5.10468
33.0083
32.8214
4.60774
21.6011
22.0703
20.8777
5.15981
33.308
4.62603
33.1004
21.7142
22.2091
20.8154
5.13377
33.0955
4.60134
33.0201
21.6694
22.1232
21.7561
5.75996
34.3745
34.0741
5.14941
22.3606
22.9296
21.5823
5.43631
33.89
33.8913
5.03206
22.226
22.5785
21.1033
5.21434
33.4074
4.75449
33.3747
21.8886
22.2806
21.1983
5.33299
33.7259
4.78687
33.485
21.9427
22.4521
24.3823
7.50239
36.8506
36.6975
7.01732
24.3033
24.7458
24.3176
7.35942
36.6811
36.6339
6.96371
24.2502
24.6076
23.8666
7.00097
36.1555
6.65453
36.185
23.9333
24.2377
24.0123
7.27949
36.5683
6.74278
36.3318
24.0285
24.524
22.3092
5.88588
34.565
34.6272
5.55497
22.7906
23.0716
22.5082
6.27354
35.1496
34.8316
5.67252
22.9242
23.486
23.3372
6.86667
35.9647
6.26465
35.661
23.5386
24.0971
23.1165
6.43072
35.3763
6.10743
35.443
23.3753
23.6536
24.3848
7.50183
36.8519
36.7042
7.01725
24.3039
24.7454
24.3189
7.35784
36.6918
36.6425
6.96194
24.2518
24.6109
23.8677
6.99502
36.1751
6.64818
36.2028
23.9399
24.2467
24.0131
7.27847
36.5827
6.73733
36.3465
24.0329
24.5307
22.3138
5.87479
34.6098
34.6689
5.54484
22.8148
23.0977
22.5118
6.26491
35.1849
34.8691
5.66289
22.9453
23.5062
23.3386
6.86158
35.9883
6.25678
35.6858
23.5505
24.1098
23.1185
6.42063
35.4065
6.09883
35.4714
23.3898
23.6689
20.7428
5.16516
33.0239
32.9153
4.67001
21.7086
22.1447
20.745
5.10724
33.1316
32.9523
4.61664
21.6986
22.1584
20.9034
5.15529
33.4006
4.62541
33.1988
21.7836
22.2724
20.8447
5.13043
33.207
4.60276
33.1268
21.7458
22.1996
21.7644
5.75065
34.4245
34.1274
5.14081
22.3944
22.9608
21.5923
5.42427
33.9509
33.9501
5.02384
22.264
22.6157
21.1209
5.20564
33.4912
4.74901
33.4542
21.9426
22.3355
21.2133
5.32398
33.7943
4.78035
33.5578
21.9916
22.4964
20.6628
5.20186
33.0008
32.8192
4.66869
21.646
22.1402
20.6418
5.29402
32.8947
32.7624
4.68902
21.6241
22.1546
20.5355
5.41614
32.6476
4.82778
32.5544
21.6189
22.1188
20.5656
5.27542
32.8019
4.77541
32.6222
21.6159
22.0866
19.9154
5.39111
31.716
31.6831
4.82845
21.2557
21.7195
20.006
5.39297
32.0938
31.8257
4.798
21.2993
21.8665
20.364
5.38774
32.539
4.82753
32.3147
21.5182
22.0423
20.2778
5.4588
32.2729
4.82274
32.1866
21.4594
21.9987
16.6931
3.98241
27.6481
27.7753
3.46386
18.8539
19.2737
17.0087
4.45441
28.6839
28.1843
3.57707
19.097
19.9271
18.1382
4.91683
29.9028
4.14591
29.4996
19.9637
20.6874
17.8814
4.70249
29.1288
4.03777
29.1628
19.7531
20.2938
19.5347
5.33438
31.5456
31.2384
4.66531
20.9712
21.5972
19.3904
5.30911
31.0878
31.0359
4.62296
20.8563
21.431
18.7681
5.09632
30.2214
4.46234
30.2396
20.4472
20.9532
18.9399
5.16682
30.8094
4.48619
30.4727
20.5549
21.2029
15.4999
3.68674
27.149
26.5425
2.6854
17.9462
18.8707
15.0417
3.08314
25.7997
26.0033
2.42802
17.5801
18.098
12.895
1.76523
23.3731
1.19322
23.7073
16.0545
16.4892
13.5001
2.5857
25.0868
1.51375
24.3776
16.483
17.4786
6.33919
-2.04944
16.312
16.9375
-2.64895
11.6069
12.0633
7.41226
-0.752157
19.1371
18.1098
-2.07704
12.3539
13.5503
10.8701
1.12112
22.4949
-0.075463
21.6519
14.6461
15.7308
10.0452
0.0765005
20.3137
-0.542498
20.756
14.0543
14.5289
-16.1031
-14.2648
-7.69655
-7.98316
-15.839
-5.73983
-4.37174
-15.0968
-13.1335
-5.4744
-6.37757
-13.8061
-3.09613
-2.54967
-9.3431
-9.1548
1.85425
-10.3368
0.251094
1.84155
2.91643
-11.1695
-10.6925
-3.00467
-11.8896
-2.05553
-0.27045
0.571741
2.9192
-3.08731
14.7853
13.5198
-4.47
9.58197
10.8162
1.50756
-4.43246
11.0887
11.9273
-5.2638
8.5256
9.12534
-4.48533
-7.29772
4.38907
-8.24885
5.45427
4.65925
5.30825
-2.74318
-5.82345
9.02093
-7.17406
7.51624
6.14915
7.37539
-16.097
-17.1199
-8.95157
-7.98604
-17.0551
-7.66629
-7.9967
-15.2381
-17.716
-5.83131
-7.81328
-19.2921
-10.3908
-8.56628
-9.67373
-20.7393
-0.909822
-21.6559
-2.62597
-13.0435
-11.5309
-11.6047
-20.3191
-5.57656
-20.2053
-3.92951
-11.472
-11.9286
-15.851
-26.7771
-17.2956
-13.0572
-25.2828
-20.9238
-23.0237
-11.9224
-28.8275
-5.80803
-7.71075
-25.6387
-18.6557
-17.4186
-6.374
-13.2419
-9.45349
-18.412
-21.524
-16.2808
-20.9856
-16.7234
-13.7056
-13.9254
-20.361
-20.5983
-20.4904
-21.7332
0.892808
31.3025
-16.1078
28.8817
-5.91598
20.3401
17.6005
9.16736
8.33813
5.9922
19.2535
22.1302
22.6044
18.6135
-17.8912
2.13932
-3.35998
18.3555
17.3212
13.0969
21.8617
-22.9512
-12.4932
-19.3006
-17.3656
-21.3838
-15.6158
-12.6803
-20.5685
-13.4825
-6.3183
-18.9251
-14.6875
-12.8961
-5.9485
-15.3967
-12.4481
-16.6201
-11.3583
-5.33383
-9.38903
-5.81028
2.6647
24.3927
-21.2549
28.7583
-4.6506
19.9927
11.4341
20.3124
13.2866
11.8857
24.0017
30.6171
26.7985
28.5142
-22.5007
3.10216
-2.40045
17.9654
13.3076
7.71117
21.8375
10.5096
19.8282
22.8199
13.5423
19.0641
23.1025
11.7386
-18.5039
-21.4737
-13.5974
-19.0525
-14.4515
-14.7125
-15.1329
4.65099
2.49849
1.90963
3.22523
8.81428
6.07618
3.97249
-6.78204
-2.34719
-6.22218
-6.48848
-4.01354
-7.89991
-2.72518
25.9169
37.2849
34.6905
29.8077
33.0691
38.3777
30.3913
4.36793
7.87444
4.81247
9.60804
4.24611
9.24211
9.02281
20.2648
14.1264
16.4304
21.9329
25.815
25.3484
19.9703
7.19214
9.15577
7.98344
12.6206
12.207
11.3502
13.6875
-28.3862
-26.4226
-20.3342
-28.6622
-24.597
-21.9968
-24.2959
-18.3876
-21.8185
-20.3792
-16.0042
-19.2807
-22.1523
-19.9937
-30.9276
-62.5303
-58.2283
-28.2904
-12.0238
-13.3703
-33.9698
111.189
101.664
106.775
125.825
129.848
121.343
118.835
-3.39906
-20.4508
-3.87024
6.65235
-7.78874
6.29936
-9.9263
-50.8444
-89.6828
-85.1564
-25.6465
-51.3868
-50.7583
-27.8899
-75.3536
-38.3702
-68.9958
-40.1554
-21.9003
-21.2985
-48.4996
-135.79
-124.061
-160.572
-112.928
-103.982
-104.497
-90.6643
61.9185
82.6835
59.2964
56.5873
76.0931
59.0249
76.1915
98.8055
100.003
104.307
115.802
108.137
113.325
109.785
84.4482
63.7733
60.6168
56.4118
77.063
77.007
59.429
111.813
102.654
108.155
126.255
130.495
122.407
119.645
102.244
100.372
106.395
117.144
109.377
111.251
114.397
57.661
89.8411
60.1972
88.0053
56.4982
57.1068
83.432
65.8158
86.1847
64.5623
61.209
79.4969
63.7513
81.923
54.9597
38.3811
41.3389
29.355
40.3882
30.8177
36.8284
56.7178
90.6817
60.6432
87.8835
55.7087
57.2884
83.8752
68.4583
87.7656
66.7601
62.4887
80.8662
65.561
82.9248
60.2628
47.1734
43.5204
30.4301
47.5331
37.5133
39.8178
-81.7109
-82.7184
-56.1904
-88.8394
-61.1911
-41.9662
-70.5055
-24.9659
-38.6223
-36.9122
-8.59399
-15.9149
-51.7476
-16.74
36.9118
46.8449
37.7608
37.6393
44.1945
34.2398
45.4375
49.9272
59.4008
51.5349
49.387
53.4984
44.4853
55.8507
-23.9993
-4.45906
-11.2802
-4.27943
-10.4234
-13.3433
0.0412066
-130.788
-83.334
-93.091
-105.29
-113.678
-80.8721
-86.5279
-59.4195
-45.4913
-65.1652
-48.9834
-63.8157
-67.709
-51.8118
-124.035
-76.0588
-114.776
-95.1852
-70.5587
-66.478
-101.018
-164.913
-105.624
-159.778
-139.558
-101.229
-97.9209
-144.083
-151.057
-103.629
-156.757
-135.342
-90.9719
-130.092
-94.9796
-184.281
-121.419
-182.616
-163.676
-116.5
-115.54
-165.081
-178.917
-120.622
-181.448
-162.044
-112.422
-159.576
-114.377
-185.324
-123.994
-186.37
-167.613
-117.423
-118.373
-166.462
-186.827
-124.202
-186.673
-168.068
-118.599
-168.071
-118.699
-168.669
-114.329
-172.694
-152.535
-104.259
-107.259
-148.721
-177.894
-115.71
-174.691
-155.258
-111.242
-158.035
-109.204
-132.141
-90.9565
-139.281
-115.694
-75.6139
-80.1688
-109.719
-149.506
-93.4545
-142.872
-121.11
-88.3263
-126.915
-83.9747
-98.9981
-58.8626
-87.8615
-85.3113
-59.443
-85.2567
-59.8016
-128.861
-90.0637
-136.468
-113.429
-74.6972
-107.298
-79.2479
-147.4
-92.6019
-140.398
-119.071
-87.5004
-125.065
-83.1026
-167.567
-113.881
-171.749
-151.593
-103.699
-147.662
-106.751
-177.196
-115.293
-173.848
-154.426
-110.848
-157.322
-108.744
-185.057
-123.904
-186.2
-167.423
-117.263
-166.188
-118.264
-186.802
-124.137
-186.557
-167.949
-118.579
-168.034
-118.631
-184.608
-121.652
-183.051
-164.121
-116.701
-165.432
-115.798
-179.533
-120.881
-181.951
-162.569
-112.773
-160.194
-114.676
-166.144
-106.247
-161.225
-140.91
-101.842
-145.279
-98.6014
-152.925
-104.283
-158.374
-136.852
-91.7422
-131.746
-95.7123
-127.81
-77.2743
-119.215
-98.055
-71.5306
-103.704
-67.4607
-105.862
-74.1285
-114.348
-92.5837
-62.1833
-89.9901
-63.924
-10.9229
-8.50283
2.61634
-0.998733
-23.619
-10.5531
-12.2038
11.3028
18.3269
16.842
19.0277
15.8659
16.0259
17.9706
2.97109
14.5724
11.9858
8.13662
2.04404
8.80723
-2.05696
-0.367497
-10.8578
-2.39132
-6.3921
1.62389
-8.95411
-4.79247
-5.0932
6.62869
-0.481724
6.72758
9.90019
-1.94073
12.1145
13.7089
5.12366
22.9136
15.015
2.80252
18.5901
18.8352
37.9718
16.3614
40.4268
31.3945
42.3705
36.0659
17.3466
39.976
19.5782
46.1711
33.2105
44.6402
18.8001
41.4782
30.8718
14.3285
37.503
26.306
13.0028
35.013
33.4295
27.3441
8.68223
27.9688
23.247
23.78
10.4543
31.2385
45.4139
22.7065
51.506
37.5449
50.5798
22.2492
46.3115
44.2027
20.7309
47.9563
36.4301
49.1422
43.0111
21.4462
47.9566
23.4256
52.6852
39.5393
23.7252
47.2791
53.4344
48.7109
24.4212
54.9525
40.228
24.1919
54.3636
49.2647
51.7258
25.6604
57.6343
42.604
57.9067
51.4931
25.6978
51.9956
25.8827
58.4927
42.8453
58.2742
25.8116
52.2046
50.7797
25.4041
57.1411
41.8899
25.2857
56.7663
51.1179
50.3054
24.8359
55.6829
41.4776
49.8537
25.0507
56.1666
52.7828
26.2418
59.4349
43.4448
59.2092
26.1493
52.9705
52.5902
26.0087
58.7633
43.3205
58.9463
52.4058
26.0919
53.4161
26.3964
59.708
43.8479
26.4704
53.2072
59.9229
53.6925
26.8016
60.4699
44.0159
26.6084
60.2045
53.9872
55.7493
27.7482
61.8912
45.2327
62.064
55.5458
27.8486
55.91
28.0438
62.3044
45.324
62.21
27.9412
56.0102
54.9494
27.5744
61.632
44.7653
27.3481
61.3487
55.2643
54.621
27.0036
60.7715
44.5849
54.3084
27.1756
61.0448
55.7947
27.801
61.9803
45.2872
62.1315
27.8886
55.6073
55.9382
28.0517
62.3197
45.3558
62.25
56.0197
27.967
55.0479
27.6468
61.7522
44.8864
27.4326
55.3461
61.4912
54.7418
27.124
60.9728
44.7356
27.2796
61.22
54.449
53.0956
26.4857
59.8314
43.8312
59.646
53.251
26.4187
52.9461
26.3531
59.3107
43.7626
59.4429
26.4004
52.8028
53.6341
26.6069
60.0535
44.1203
26.6585
60.233
53.4523
53.8809
26.9469
60.709
44.2497
54.1534
26.77
60.4719
52.2895
26.2095
58.4832
43.2984
58.6775
26.1929
52.1212
52.4938
26.2768
59.1133
43.4555
58.9555
52.6536
26.2453
51.5732
26.0326
58.1032
42.8484
25.9829
51.8295
57.8266
51.2074
25.7276
57.0145
42.57
25.8495
57.3692
50.8639
47.62
24.427
53.9673
40.0527
53.3402
48.2481
24.1967
46.7596
23.3112
51.5451
39.3223
52.3214
23.7101
45.9449
49.4413
24.912
54.8308
41.2894
25.0452
55.3564
48.9605
50.0064
25.4457
56.4684
41.7556
50.4168
25.3368
56.0465
42.6343
21.0555
46.7096
36.3253
47.8621
21.4016
41.5198
43.9381
22.5901
50.3264
37.4565
49.3606
44.9019
22.2539
38.5374
19.8706
44.8454
33.7385
19.4796
39.907
43.4671
36.5394
17.7636
39.4181
31.8963
18.1466
41.1417
34.7928
15.2483
10.5206
22.0277
19.8728
18.9096
18.7773
10.5885
10.9112
8.18427
12.5616
15.7231
14.2612
7.45793
8.52896
26.3356
13.412
27.0545
24.8602
13.5276
29.9514
23.2277
29.8397
15.966
36.2884
28.0893
32.1713
15.7308
34.0349
5.91783
4.91927
9.74913
13.5118
10.5337
5.91694
6.16498
5.66034
4.03202
10.3773
12.9142
10.1829
3.27127
7.75037
-27.186
-23.8092
-43.8909
-21.0843
-40.4499
-16.7644
-31.2925
-19.2275
7.07275
0.678414
26.7425
27.0481
21.3479
31.7531
8.09332
6.4743
3.76285
5.40251
9.16047
8.07539
5.72139
-9.3317
1.70089
-1.66933
5.7756
3.2169
4.61709
8.15669
-28.8121
1.93081
-6.46072
22.2745
21.5267
14.4747
28.2256
22.0903
38.9764
33.7454
34.7128
27.9633
23.4746
39.9592
-24.2257
-7.84502
-17.7723
-7.97939
-7.85812
-1.94198
-14.0749
13.1258
3.2469
-7.07034
-1.42517
19.4626
15.7451
5.85889
43.5208
55.3286
53.3652
50.8636
42.6049
40.6591
54.7687
3.12212
8.67736
7.11197
11.7809
8.28677
13.1188
6.60101
32.5734
16.2571
13.9842
15.9646
32.8281
33.3157
18.3675
-20.3009
-11.8927
-21.2049
-15.4219
-3.16619
-10.5584
-8.60023
-16.521
-7.24429
-17.411
-12.4726
-3.286
-10.0282
-4.73675
-75.8656
-40.2223
-51.5538
-43.9917
-42.5336
-64.0268
-30.2992
-27.5358
-19.8099
-20.2586
-39.8531
-56.7033
-55.4665
-40.5455
-28.6048
-12.9368
-17.1115
-21.3626
-20.1463
-28.5317
-16.3804
-15.9483
-26.1996
-22.2873
-61.2095
-50.6975
-47.7595
-67.7473
-38.1365
-18.0563
-26.2245
-50.3304
-70.5344
-62.6205
-47.7998
-28.3134
-15.6894
-17.0542
-31.8522
-30.9967
-19.5667
-19.5726
-30.2374
-21.7434
-30.3232
-20.9793
-19.8134
-31.118
-20.9729
-26.1111
-13.5606
-12.7296
-31.8311
-33.526
-19.2036
-18.4032
-25.2765
-10.7156
-11.2705
-34.8797
-34.0286
-18.7342
-18.9565
-24.6626
-8.48925
-8.68584
-37.715
-37.2598
-19.3168
-19.4228
-24.8983
-9.57154
-9.36704
-35.0449
-36.6815
-19.3718
-18.3791
-26.025
-7.71483
-7.64255
-42.5444
-42.3853
-21.3958
-21.3964
-25.8419
-7.49452
-7.71037
-40.4987
-41.8016
-21.1472
-20.2258
-25.012
-8.01153
-8.02983
-38.0136
-39.302
-20.077
-19.2484
-25.0631
-7.75331
-7.75767
-40.2058
-39.8907
-20.2172
-20.2733
-26.8894
-7.66816
-7.90549
-42.867
-44.0061
-22.2975
-21.4739
-27.1198
-8.04966
-7.955
-44.6229
-44.5467
-22.5919
-22.5498
-28.212
-8.49256
-8.4239
-46.3488
-46.4309
-23.7481
-23.6105
-27.9876
-8.043
-8.33768
-44.906
-45.9806
-23.4857
-22.6555
-29.422
-8.80149
-8.92982
-48.2851
-48.6582
-25.1357
-24.7737
-29.3963
-8.80427
-8.95958
-47.7131
-48.4795
-25.0442
-24.4317
-28.8683
-8.5569
-8.77
-46.5907
-47.4501
-24.3964
-23.7263
-29.0385
-8.83372
-8.845
-47.5883
-47.7878
-24.611
-24.3838
-29.3702
-8.70994
-8.75368
-48.3166
-48.9265
-25.2429
-24.7524
-29.3079
-8.46719
-8.66291
-48.5168
-48.9962
-25.2635
-24.818
-29.0751
-8.20156
-8.35289
-48.5138
-49.0532
-25.2205
-24.7407
-29.1234
-8.35785
-8.41072
-48.4976
-49.0508
-25.2385
-24.7741
-29.3856
-8.66301
-8.71164
-48.36
-48.9644
-25.2235
-24.7293
-29.3231
-8.43632
-8.63084
-48.5375
-49.0286
-25.2495
-24.8009
-29.0763
-8.19772
-8.34206
-48.5148
-49.0587
-25.2158
-24.738
-29.1276
-8.3377
-8.39345
-48.5175
-49.0642
-25.2316
-24.7656
-29.4441
-8.74059
-8.86523
-48.3272
-48.7111
-25.1015
-24.7382
-29.4165
-8.71608
-8.88026
-47.7739
-48.5362
-25.0005
-24.3813
-28.8801
-8.39928
-8.62884
-46.6588
-47.5161
-24.3068
-23.6236
-29.0574
-8.72565
-8.72758
-47.6463
-47.8546
-24.5392
-24.3162
-26.7915
-7.18204
-7.47501
-42.8658
-44.0218
-21.974
-21.1029
-27.0545
-7.72294
-7.5917
-44.6613
-44.5834
-22.3243
-22.3081
-28.2077
-8.3037
-8.21702
-46.4092
-46.4961
-23.6071
-23.4801
-27.9685
-7.76872
-8.09145
-44.9612
-46.04
-23.3137
-22.4602
-25.8197
-7.13864
-6.9964
-42.5069
-42.3331
-20.894
-20.9457
-25.5707
-6.62387
-6.94382
-40.3553
-41.7038
-20.544
-19.5336
-24.3669
-6.40733
-6.63231
-37.5483
-38.9397
-18.9481
-17.9475
-24.553
-6.71904
-6.5828
-39.9906
-39.6269
-19.2756
-19.4385
-22.8139
-7.41382
-7.53979
-29.1167
-31.3397
-15.1307
-13.6302
-22.6258
-7.03982
-6.96796
-33.4297
-32.2747
-15.3333
-16.0075
-23.4962
-6.57764
-6.4871
-37.1068
-36.532
-17.545
-17.8637
-23.4467
-6.51037
-6.73663
-33.8902
-35.752
-17.2497
-15.9186
-22.0623
-8.24553
-8.15974
-28.4912
-26.8552
-12.8766
-13.8661
-22.3711
-8.73427
-9.00558
-23.8756
-25.986
-12.9891
-11.5007
-20.581
-8.32401
-9.12823
-23.7208
-23.3532
-12.2671
-11.9145
-21.0657
-9.53638
-9.05926
-23.8315
-23.1594
-11.679
-12.2919
-17.8799
-7.85823
-7.07118
-24.9352
-26.798
-13.5332
-12.9876
-16.1353
-5.89833
-6.24291
-31.0417
-28.22
-14.7586
-15.7633
-15.6825
-48.0135
-8.73633
-57.1333
-6.30876
-40.8227
-38.0252
-13.9544
-36.0173
-10.4521
-25.846
-8.44538
-23.149
-31.0564
-8.73187
-1.16165
-5.14416
-2.5699
-7.60886
-1.71236
0.88141
0.223179
9.65576
-6.27113
7.02645
-5.27739
1.50273
0.269703
-9.95832
-6.4618
-9.59216
-5.55833
-8.78451
-4.5162
-5.33712
-2.63356
4.651
-9.35401
1.57221
-9.18929
-4.67724
-4.52659
-10.0252
-9.69196
-9.47364
-4.90958
-4.18642
-5.6995
-4.85849
-7.30637
-16.0985
-2.83753
-2.40774
-17.8958
-10.9526
-9.35747
-6.4759
-19.7373
-1.23183
-1.04659
-17.4595
-9.92673
-11.9307
-21.443
-7.00101
-0.516998
-20.556
-12.8882
-0.20277
-11.9861
-6.52636
-19.7458
-0.374829
-20.7881
-0.347702
-12.5136
-11.204
-17.7634
-21.9065
-11.9431
-15.2093
-28.5817
-24.2092
-19.533
-21.921
-45.768
-20.8459
-16.472
-36.1974
-28.0945
-32.4077
-19.4797
-20.1483
-17.1901
-27.0068
-33.1477
-29.642
-28.6308
-12.7514
-16.1028
-16.2183
-23.7909
-19.0955
-23.7226
-19.4309
84.0218
110.297
100.329
95.2204
85.8347
112.314
101.045
-72.6928
-83.1559
-66.5665
-88.6001
-75.3875
-91.1472
-71.6325
86.3374
112.948
101.498
92.3248
84.454
110.758
100.709
-102.369
-58.8634
-95.9201
-35.603
-65.6631
-62.3783
-36.3884
-65.4484
-58.9968
-74.2915
-40.4167
-34.652
-40.843
-28.1562
-8.36191
35.4296
56.6141
55.619
0.0318059
14.0801
37.8579
-12.0812
32.5097
54.4236
53.8863
-3.46227
11.482
35.6915
4.14302
-8.98369
3.49262
15.463
12.442
-8.51664
8.0297
18.3343
27.7142
9.31699
-5.10881
25.828
-4.93561
20.1233
15.3891
-6.68966
19.7939
6.80019
22.493
12.3807
-6.66498
23.0144
30.0356
-3.926
11.6821
31.321
21.9331
-4.10678
24.1932
-3.88439
12.8883
33.7151
32.9546
-3.44736
24.7615
26.2742
36.3313
14.0499
-4.15632
36.1165
-3.69962
26.3777
25.8079
-3.44831
34.8375
13.5405
35.3434
25.5061
-3.89015
26.7085
36.8256
-4.02831
13.9963
36.9943
26.6525
-4.35624
26.9352
-4.51369
14.1928
37.4905
37.3641
-4.30935
27.0361
27.6672
38.335
14.3742
-4.36335
38.2401
-4.40217
27.7796
27.4565
-4.41058
37.8165
14.2434
37.993
27.2907
-4.48469
27.7495
38.3798
-4.33687
14.4669
38.3504
27.8107
-4.33653
27.5992
-4.25291
14.4138
38.0848
38.1902
-4.36595
27.4888
27.1476
37.5317
14.5002
-3.59738
37.5789
-4.0008
27.1943
27.2786
-4.29099
37.8607
14.5838
37.8224
27.3079
-4.0363
27.1004
37.2065
-3.61268
14.9354
37.1606
27.0533
-3.04688
26.8332
-2.46636
14.6272
36.3657
36.6235
-3.07695
26.7649
25.4321
33.2841
13.8897
-1.70463
34.0348
-2.2834
24.9452
26.1268
-2.66792
35.5797
14.7173
35.1841
26.3257
-1.9735
23.0543
31.6361
-2.37359
12.8978
30.4904
23.9007
-1.60514
21.2825
-1.77576
10.9916
26.2065
28.0197
-2.59681
19.6441
11.6622
15.8988
7.15186
-0.349113
16.9671
-2.65264
11.2461
14.4297
-3.11188
22.6988
9.33864
20.4867
16.8082
-1.59849
7.3447
32.2302
-4.67696
11.5192
37.385
17.042
33.5647
15.1562
-1.04627
11.9937
13.7054
9.33525
16.7013
0.741412
2.59728
28.526
-11.0207
5.10523
34.6429
12.278
30.0235
-52.9177
-39.6799
-34.0744
-41.1769
-32.0474
-21.3486
-30.9637
-27.115
-7.72484
-18.7924
-12.0067
-13.565
-21.9007
-3.89725
-8.37961
9.99915
1.8513
2.85298
1.56
-7.07296
10.7319
-141.675
-108.52
-99.9559
-130.908
-123.101
-92.9149
-98.444
-173.055
-114.141
-121.106
-138.951
-145.973
-109.165
-104.045
-179.409
-130.244
-125.371
-156.933
-152.024
-113.487
-117.153
-194.681
-133.037
-136.102
-161.036
-164.437
-122.677
-120.123
-196.71
-138.372
-137.521
-167.23
-166.466
-124.177
-124.744
-196.931
-138.406
-137.656
-167.29
-166.64
-124.289
-124.782
-195.033
-133.353
-136.312
-161.438
-164.727
-122.864
-120.382
-180.3
-130.645
-125.899
-157.459
-152.674
-113.903
-117.489
-174.136
-114.907
-121.74
-139.822
-146.75
-109.661
-104.601
-143.472
-109.414
-101.007
-131.907
-124.205
-93.6264
-99.0836
-132.796
-84.6358
-94.277
-106.533
-114.88
-87.3127
-81.7002
-77.3199
-90.3742
-67.5598
-96.2165
-88.1177
-69.5656
-74.9053
-52.7974
-69.7467
-77.7771
-81.6425
-57.9053
-58.1575
-79.9442
-51.2333
-35.2075
-33.508
-38.0236
-55.0881
-52.2436
-40.0141
-94.3326
-92.2151
-70.1546
-96.2394
-71.1753
-53.0395
-78.2116
-31.9209
-42.7279
-39.2975
-11.0205
-20.9901
-56.667
-19.7052
-54.8193
-34.2714
-48.2954
-52.8876
-70.1377
-61.8835
-48.5495
-58.9399
-35.4511
-37.0189
-57.7202
-41.3178
-60.9362
-43.4625
-60.4862
-39.0413
-37.3751
-66.6418
-63.592
-44.8321
-46.8936
-68.7034
-43.0388
-41.5664
-76.2498
-73.938
-51.3648
-52.9648
-67.3544
-39.5154
-41.0163
-68.9071
-71.8174
-50.1258
-48.1068
-74.1389
-43.5444
-44.8396
-77.9143
-80.1987
-55.6331
-53.9577
-75.1385
-46.4354
-45.3459
-83.1422
-81.6789
-56.5752
-57.6016
-79.3324
-48.5505
-48.0129
-87.2234
-86.6109
-60.031
-60.4203
-78.7527
-46.8469
-47.695
-84.226
-85.7284
-59.4397
-58.2924
-80.9848
-48.71
-49.0559
-87.7443
-88.5368
-61.3909
-60.7575
-81.1415
-49.1531
-49.1213
-88.6582
-88.8039
-61.5583
-61.3705
-81.0057
-48.6599
-49.0103
-87.8075
-88.578
-61.3689
-60.7327
-81.1607
-49.1403
-49.1018
-88.6649
-88.8295
-61.5487
-61.3641
-79.3925
-48.466
-47.9194
-87.297
-86.7095
-59.9839
-60.3752
-78.8063
-46.6853
-47.5582
-84.3487
-85.8366
-59.3658
-58.2002
-74.1658
-43.1153
-44.487
-78.0492
-80.3398
-55.4178
-53.6869
-75.1946
-46.2121
-45.0824
-83.2678
-81.8223
-56.4193
-57.4675
-68.6156
-42.4765
-40.8828
-76.3692
-74.0458
-50.9309
-52.6055
-67.1715
-38.4286
-40.1334
-68.9219
-71.8904
-49.5645
-47.4109
-58.0651
-32.8394
-34.8884
-57.3252
-60.7038
-42.1796
-39.7735
-59.8736
-37.6588
-35.6791
-66.595
-63.4607
-43.7828
-46.0218
-49.1949
-32.0011
-29.6592
-54.5596
-51.5308
-35.9312
-38.2012
-47.0945
-26.2791
-28.585
-47.0656
-48.7469
-34.1809
-32.6128
-19.4774
-24.4494
-40.0675
-16.0166
-27.877
-26.2588
-36.8965
-38.4351
-24.6682
-22.4561
-44.709
-44.3279
-29.8682
-30.7632
1.91287
12.8573
8.14041
8.23745
10.8863
1.9968
13.6984
6.92618
1.43874
11.8027
8.9958
0.57355
12.141
5.74579
-41.6622
-38.1576
-57.6759
-30.7342
-57.8492
-28.7149
-42.8282
7.105
6.8048
13.7935
3.05632
10.0458
3.1665
7.36969
-7.36007
-8.88766
-7.85616
-0.589489
-0.0261193
-0.0793186
-1.91027
-11.0458
-2.84373
-2.70419
-32.6965
-31.8869
-17.6504
-17.9419
-12.4775
-5.07926
-32.3629
-3.54456
-31.7181
-17.3854
-16.9893
-22.5492
-8.8648
-12.3744
-48.1137
-62.7636
-46.3225
-39.1485
-16.2258
-4.51148
-7.98935
-4.08373
-10.4875
-14.6681
-9.45695
-8.79355
-14.6661
-3.77791
-4.75826
-14.7827
-9.60299
-9.78841
-1.19103
33.5574
20.124
-5.48396
-14.2156
27.9876
9.60565
54.999
100.911
86.3491
68.611
51.1088
107.38
87.8634
-22.2801
-17.4009
-8.86513
-33.0805
-23.3248
-20.7648
-9.94851
0.757744
-12.7281
1.32914
7.79829
-2.14473
7.35219
-3.83058
-78.1145
-96.9981
-75.0422
-95.0089
-79.9198
-102.365
-78.6187
-0.000535566
-23.5509
0.55792
12.4049
-8.85443
11.5992
-9.42865
-81.3837
-105.471
-80.5125
-97.9919
-82.0139
-107.329
-81.7728
1.13354
-25.4566
1.06822
14.6479
-8.67181
14.4804
-8.93686
-82.0275
-107.372
-81.7908
-97.1737
-81.4163
-105.615
-80.5826
1.33042
-25.4085
1.34819
15.2039
-8.66673
15.2169
-8.56123
-79.9796
-102.597
-78.7253
-92.666
-78.1943
-97.3271
-75.1993
1.80965
-23.0261
2.04035
14.5382
-8.56616
14.6651
-7.9471
-75.4946
-91.5531
-71.8259
-85.0953
-72.8242
-83.6252
-66.8011
0.940217
-19.1589
0.00874546
10.4412
-8.90181
11.4546
-7.75473
-69.2675
-76.4722
-63.0295
-75.289
-66.8846
-68.2876
-58.0797
1.66802
-12.4058
3.33102
-5.5538
8.24285
9.44118
-3.14697
-56.1519
-41.081
-36.1217
-42.8843
-34.3815
-22.9343
-32.2326
50.028
106.908
87.391
68.1974
54.2489
100.518
85.9642
-20.5927
-1.19613
-2.47271
8.66978
-10.1158
-9.07157
9.76422
-23.6468
1.05775
1.02165
13.5409
-9.13287
-8.65139
13.8865
-25.5412
1.25996
1.14495
14.9798
-8.73107
-8.72701
15.1337
-25.2206
1.66354
1.42383
15.0426
-8.26131
-8.6403
15.045
-22.742
1.73139
1.90858
13.6584
-7.81659
-8.5434
13.0899
-18.8628
-0.939242
-1.26774
8.18055
-6.476
-8.54801
7.4359
-69.9881
-63.2305
-77.9017
-43.0944
-38.5413
-44.1302
-31.1235
13.7515
7.92618
-1.82358
17.6565
17.4359
-0.709394
12.4728
-77.1114
-50.3814
-59.5167
-66.6329
-76.8285
-62.2614
-56.4128
-39.1789
-33.2652
-45.3081
-50.4366
-37.1835
-46.4332
-39.3124
-47.9392
-74.7871
-69.4818
-72.4291
-57.7742
-55.0586
-76.2745
-78.4439
-56.2387
-82.8698
-83.8162
-60.3644
-80.2497
-62.8255
-57.8156
-88.9289
-85.7374
-86.9526
-66.6047
-64.8511
-89.5141
-90.8252
-62.2435
-92.8106
-93.4019
-67.9347
-91.6109
-69.1766
-62.7806
-94.3445
-93.791
-94.494
-70.0675
-69.8735
-94.8528
-94.3531
-62.751
-93.8345
-94.5423
-70.0629
-94.8702
-69.8633
-62.1788
-90.9215
-92.8731
-93.4851
-67.9062
-69.1563
-91.7244
-89.0368
-57.6433
-85.8726
-87.1269
-66.5584
-89.6589
-64.7923
-55.9944
-78.5901
-83.0101
-84.0205
-60.252
-62.7432
-80.4664
-74.9246
-47.4428
-69.6166
-72.6957
-57.6389
-76.5207
-54.9044
-44.9157
-59.5639
-65.2931
-68.0083
-48.8325
-51.6544
-64.1386
-55.206
-34.8738
-49.5632
-55.5606
-45.2788
-59.2
-42.5783
0.00093192
-23.5813
-8.89079
-3.91687
2.8721
-10.8259
-9.63947
-34.8193
-18.6334
-20.2334
-42.2406
-42.4878
-28.4019
-28.0144
-59.7737
-54.356
-36.3972
-73.2418
-52.6309
-64.864
-50.1497
-0.320795
8.95137
2.80776
3.46771
8.8216
2.55882
9.28099
-3.40091
-5.67084
-31.8545
-0.118428
-18.5557
-28.527
-17.5694
-15.3589
26.8645
8.21137
5.9655
-2.02333
32.7684
19.1756
-79.0766
-51.6011
-60.8087
-67.7956
-78.0502
-63.1419
-57.2832
-27.5865
-6.79533
-19.0197
-12.4459
-13.4969
-22.4854
-3.40813
-3.35456
14.5092
8.71086
8.52031
5.00265
-3.25251
14.8257
-16.7973
-39.9822
-24.2692
-14.1183
-26.4775
-37.1154
-25.2685
-23.2765
-20.5709
-9.76486
-30.4286
-22.2576
-17.3611
-8.75609
-11.7425
2.03001
2.82331
8.43102
-1.47511
-3.10842
8.04534
-32.9722
-39.6853
-45.6819
-50.881
-37.279
-39.3279
-46.9105
)
;

boundaryField
{
    inlet
    {
        type            zeroGradient;
    }
    outlet
    {
        type            fixedValue;
        value           uniform 0;
    }
    top
    {
        type            slip;
    }
    bottom
    {
        type            slip;
    }
    front
    {
        type            slip;
    }
    back
    {
        type            slip;
    }
    wing
    {
        type            zeroGradient;
    }
}


// ************************************************************************* //
