solid wing
 facet normal -0.9056224371446459 0.4240848981858365 0.0
  outer loop
   vertex 0.00010269644645593267 -0.003923509049858563 -0.4
   vertex 0.00010269644645593267 -0.003923509049858563 0.4
   vertex 0.002354154342322548 0.0008844216156889556 -0.4
  endloop
 endfacet
 facet normal -0.9056224371446459 0.4240848981858365 0.0
  outer loop
   vertex 0.002354154342322548 0.0008844216156889556 -0.4
   vertex 0.00010269644645593267 -0.003923509049858563 0.4
   vertex 0.002354154342322548 0.0008844216156889556 0.4
  endloop
 endfacet
 facet normal -0.629814923773585 0.7767452355717611 0.0
  outer loop
   vertex 0.002354154342322548 0.0008844216156889556 -0.4
   vertex 0.002354154342322548 0.0008844216156889556 0.4
   vertex 0.004755540133720135 0.002831557613306945 -0.4
  endloop
 endfacet
 facet normal -0.629814923773585 0.7767452355717611 0.0
  outer loop
   vertex 0.004755540133720135 0.002831557613306945 -0.4
   vertex 0.002354154342322548 0.0008844216156889556 0.4
   vertex 0.004755540133720135 0.002831557613306945 0.4
  endloop
 endfacet
 facet normal -0.5179428451354036 0.8554152256604354 0.0
  outer loop
   vertex 0.004755540133720135 0.002831557613306945 -0.4
   vertex 0.004755540133720135 0.002831557613306945 0.4
   vertex 0.007181974810856534 0.004300732398267004 -0.4
  endloop
 endfacet
 facet normal -0.5179428451354036 0.8554152256604354 0.0
  outer loop
   vertex 0.007181974810856534 0.004300732398267004 -0.4
   vertex 0.004755540133720135 0.002831557613306945 0.4
   vertex 0.007181974810856534 0.004300732398267004 0.4
  endloop
 endfacet
 facet normal -0.44664679966626286 0.8947103639899481 0.0
  outer loop
   vertex 0.007181974810856534 0.004300732398267004 -0.4
   vertex 0.007181974810856534 0.004300732398267004 0.4
   vertex 0.00962157976483532 0.0055186033305822885 -0.4
  endloop
 endfacet
 facet normal -0.44664679966626286 0.8947103639899481 0.0
  outer loop
   vertex 0.00962157976483532 0.0055186033305822885 -0.4
   vertex 0.007181974810856534 0.004300732398267004 0.4
   vertex 0.00962157976483532 0.0055186033305822885 0.4
  endloop
 endfacet
 facet normal -0.3955822858222685 0.9184305385851204 0.0
  outer loop
   vertex 0.00962157976483532 0.0055186033305822885 -0.4
   vertex 0.00962157976483532 0.0055186033305822885 0.4
   vertex 0.012069748499297714 0.006573067596926463 -0.4
  endloop
 endfacet
 facet normal -0.3955822858222685 0.9184305385851204 0.0
  outer loop
   vertex 0.012069748499297714 0.006573067596926463 -0.4
   vertex 0.00962157976483532 0.0055186033305822885 0.4
   vertex 0.012069748499297714 0.006573067596926463 0.4
  endloop
 endfacet
 facet normal -0.35640115461527017 0.9343330327229137 0.0
  outer loop
   vertex 0.012069748499297714 0.006573067596926463 -0.4
   vertex 0.012069748499297714 0.006573067596926463 0.4
   vertex 0.014524114291696807 0.00750928495371842 -0.4
  endloop
 endfacet
 facet normal -0.35640115461527017 0.9343330327229137 0.0
  outer loop
   vertex 0.014524114291696807 0.00750928495371842 -0.4
   vertex 0.012069748499297714 0.006573067596926463 0.4
   vertex 0.014524114291696807 0.00750928495371842 0.4
  endloop
 endfacet
 facet normal -0.3249179339150322 0.945742213956285 0.0
  outer loop
   vertex 0.014524114291696807 0.00750928495371842 -0.4
   vertex 0.014524114291696807 0.00750928495371842 0.4
   vertex 0.0169832677379697 0.008354148432531001 -0.4
  endloop
 endfacet
 facet normal -0.3249179339150322 0.945742213956285 0.0
  outer loop
   vertex 0.0169832677379697 0.008354148432531001 -0.4
   vertex 0.014524114291696807 0.00750928495371842 0.4
   vertex 0.0169832677379697 0.008354148432531001 0.4
  endloop
 endfacet
 facet normal -0.29876697130332763 0.9543260951527952 0.0
  outer loop
   vertex 0.0169832677379697 0.008354148432531001 -0.4
   vertex 0.0169832677379697 0.008354148432531001 0.4
   vertex 0.019446287615817383 0.009125236001970906 -0.4
  endloop
 endfacet
 facet normal -0.29876697130332763 0.9543260951527952 0.0
  outer loop
   vertex 0.019446287615817383 0.009125236001970906 -0.4
   vertex 0.0169832677379697 0.008354148432531001 0.4
   vertex 0.019446287615817383 0.009125236001970906 0.4
  endloop
 endfacet
 facet normal -0.2764960597073994 0.9610150508665896 0.0
  outer loop
   vertex 0.019446287615817383 0.009125236001970906 -0.4
   vertex 0.019446287615817383 0.009125236001970906 0.4
   vertex 0.021912531532372704 0.009834805248144507 -0.4
  endloop
 endfacet
 facet normal -0.2764960597073994 0.9610150508665896 0.0
  outer loop
   vertex 0.021912531532372704 0.009834805248144507 -0.4
   vertex 0.019446287615817383 0.009125236001970906 0.4
   vertex 0.021912531532372704 0.009834805248144507 0.4
  endloop
 endfacet
 facet normal -0.25715759135686 0.9663694801829341 0.0
  outer loop
   vertex 0.021912531532372704 0.009834805248144507 -0.4
   vertex 0.021912531532372704 0.009834805248144507 0.4
   vertex 0.024381529573078382 0.010491822674949509 -0.4
  endloop
 endfacet
 facet normal -0.25715759135686 0.9663694801829341 0.0
  outer loop
   vertex 0.024381529573078382 0.010491822674949509 -0.4
   vertex 0.021912531532372704 0.009834805248144507 0.4
   vertex 0.024381529573078382 0.010491822674949509 0.4
  endloop
 endfacet
 facet normal -0.2401033165143165 0.9707473391242661 0.0
  outer loop
   vertex 0.024381529573078382 0.010491822674949509 -0.4
   vertex 0.024381529573078382 0.010491822674949509 0.4
   vertex 0.026852925052498405 0.011103094245946086 -0.4
  endloop
 endfacet
 facet normal -0.2401033165143165 0.9707473391242661 0.0
  outer loop
   vertex 0.026852925052498405 0.011103094245946086 -0.4
   vertex 0.024381529573078382 0.010491822674949509 0.4
   vertex 0.026852925052498405 0.011103094245946086 0.4
  endloop
 endfacet
 facet normal -0.22487272067428374 0.9743881457159277 0.0
  outer loop
   vertex 0.026852925052498405 0.011103094245946086 -0.4
   vertex 0.026852925052498405 0.011103094245946086 0.4
   vertex 0.029326439132053177 0.0116739405181849 -0.4
  endloop
 endfacet
 facet normal -0.22487272067428374 0.9743881457159277 0.0
  outer loop
   vertex 0.029326439132053177 0.0116739405181849 -0.4
   vertex 0.026852925052498405 0.011103094245946086 0.4
   vertex 0.029326439132053177 0.0116739405181849 0.4
  endloop
 endfacet
 facet normal -0.21112839005352949 0.9774583376933444 0.0
  outer loop
   vertex 0.029326439132053177 0.0116739405181849 -0.4
   vertex 0.029326439132053177 0.0116739405181849 0.4
   vertex 0.03180184851056917 0.01220862233188022 -0.4
  endloop
 endfacet
 facet normal -0.21112839005352949 0.9774583376933444 0.0
  outer loop
   vertex 0.03180184851056917 0.01220862233188022 -0.4
   vertex 0.029326439132053177 0.0116739405181849 0.4
   vertex 0.03180184851056917 0.01220862233188022 0.4
  endloop
 endfacet
 facet normal -0.1986166430659791 0.9800772561936495 0.0
  outer loop
   vertex 0.03180184851056917 0.01220862233188022 -0.4
   vertex 0.03180184851056917 0.01220862233188022 0.4
   vertex 0.03427897072828925 0.012710621226598478 -0.4
  endloop
 endfacet
 facet normal -0.1986166430659791 0.9800772561936495 0.0
  outer loop
   vertex 0.03427897072828925 0.012710621226598478 -0.4
   vertex 0.03180184851056917 0.01220862233188022 0.4
   vertex 0.03427897072828925 0.012710621226598478 0.4
  endloop
 endfacet
 facet normal -0.18714252778991844 0.9823327711634277 0.0
  outer loop
   vertex 0.03427897072828925 0.012710621226598478 -0.4
   vertex 0.03427897072828925 0.012710621226598478 0.4
   vertex 0.036757654130784884 0.013182830941219489 -0.4
  endloop
 endfacet
 facet normal -0.18714252778991844 0.9823327711634277 0.0
  outer loop
   vertex 0.036757654130784884 0.013182830941219489 -0.4
   vertex 0.03427897072828925 0.012710621226598478 0.4
   vertex 0.036757654130784884 0.013182830941219489 0.4
  endloop
 endfacet
 facet normal -0.17655337498860935 0.9842910671076667 0.0
  outer loop
   vertex 0.036757654130784884 0.013182830941219489 -0.4
   vertex 0.036757654130784884 0.013182830941219489 0.4
   vertex 0.03923777080479623 0.013627692206138731 -0.4
  endloop
 endfacet
 facet normal -0.17655337498860935 0.9842910671076667 0.0
  outer loop
   vertex 0.03923777080479623 0.013627692206138731 -0.4
   vertex 0.036757654130784884 0.013182830941219489 0.4
   vertex 0.03923777080479623 0.013627692206138731 0.4
  endloop
 endfacet
 facet normal -0.16672764947844612 0.9860029867632322 0.0
  outer loop
   vertex 0.03923777080479623 0.013627692206138731 -0.4
   vertex 0.03923777080479623 0.013627692206138731 0.4
   vertex 0.041719211476306445 0.014047290093807669 -0.4
  endloop
 endfacet
 facet normal -0.16672764947844612 0.9860029867632322 0.0
  outer loop
   vertex 0.041719211476306445 0.014047290093807669 -0.4
   vertex 0.03923777080479623 0.013627692206138731 0.4
   vertex 0.041719211476306445 0.014047290093807669 0.4
  endloop
 endfacet
 facet normal -0.15756719443430323 0.9875082674305573 0.0
  outer loop
   vertex 0.041719211476306445 0.014047290093807669 -0.4
   vertex 0.041719211476306445 0.014047290093807669 0.4
   vertex 0.04420188174313832 0.01444342590507334 -0.4
  endloop
 endfacet
 facet normal -0.15756719443430323 0.9875082674305573 0.0
  outer loop
   vertex 0.04420188174313832 0.01444342590507334 -0.4
   vertex 0.041719211476306445 0.014047290093807669 0.4
   vertex 0.04420188174313832 0.01444342590507334 0.4
  endloop
 endfacet
 facet normal -0.14899171244428125 0.9888384441493159 0.0
  outer loop
   vertex 0.04420188174313832 0.01444342590507334 -0.4
   vertex 0.04420188174313832 0.01444342590507334 0.4
   vertex 0.04668569923871328 0.014817671287880179 -0.4
  endloop
 endfacet
 facet normal -0.14899171244428125 0.9888384441493159 0.0
  outer loop
   vertex 0.04668569923871328 0.014817671287880179 -0.4
   vertex 0.04420188174313832 0.01444342590507334 0.4
   vertex 0.04668569923871328 0.014817671287880179 0.4
  endloop
 endfacet
 facet normal -0.14093475907111522 0.9900188850166086 0.0
  outer loop
   vertex 0.04668569923871328 0.014817671287880179 -0.4
   vertex 0.04668569923871328 0.014817671287880179 0.4
   vertex 0.0491705914602356 0.015171409677983779 -0.4
  endloop
 endfacet
 facet normal -0.14093475907111522 0.9900188850166086 0.0
  outer loop
   vertex 0.0491705914602356 0.015171409677983779 -0.4
   vertex 0.04668569923871328 0.014817671287880179 0.4
   vertex 0.0491705914602356 0.015171409677983779 0.4
  endloop
 endfacet
 facet normal -0.13334078240413866 0.9910702471324431 0.0
  outer loop
   vertex 0.0491705914602356 0.015171409677983779 -0.4
   vertex 0.0491705914602356 0.015171409677983779 0.4
   vertex 0.05165649408042134 0.015505868513081639 -0.4
  endloop
 endfacet
 facet normal -0.13334078240413866 0.9910702471324431 0.0
  outer loop
   vertex 0.05165649408042134 0.015505868513081639 -0.4
   vertex 0.0491705914602356 0.015171409677983779 0.4
   vertex 0.05165649408042134 0.015505868513081639 0.4
  endloop
 endfacet
 facet normal -0.12616290057731053 0.9920095370109437 0.0
  outer loop
   vertex 0.05165649408042134 0.015505868513081639 -0.4
   vertex 0.05165649408042134 0.015505868513081639 0.4
   vertex 0.054143349617357506 0.015822144613412265 -0.4
  endloop
 endfacet
 facet normal -0.12616290057731053 0.9920095370109437 0.0
  outer loop
   vertex 0.054143349617357506 0.015822144613412265 -0.4
   vertex 0.05165649408042134 0.015505868513081639 0.4
   vertex 0.054143349617357506 0.015822144613412265 0.4
  endloop
 endfacet
 facet normal -0.11936120934199486 0.9928508955058052 0.0
  outer loop
   vertex 0.054143349617357506 0.015822144613412265 -0.4
   vertex 0.054143349617357506 0.015822144613412265 0.4
   vertex 0.05663110637379735 0.016121224421207676 -0.4
  endloop
 endfacet
 facet normal -0.11936120934199486 0.9928508955058052 0.0
  outer loop
   vertex 0.05663110637379735 0.016121224421207676 -0.4
   vertex 0.054143349617357506 0.015822144613412265 0.4
   vertex 0.05663110637379735 0.016121224421207676 0.4
  endloop
 endfacet
 facet normal -0.11290147655258688 0.9936061873771179 0.0
  outer loop
   vertex 0.05663110637379735 0.016121224421207676 -0.4
   vertex 0.05663110637379735 0.016121224421207676 0.4
   vertex 0.05911971758204435 0.01640400031727782 -0.4
  endloop
 endfacet
 facet normal -0.11290147655258688 0.9936061873771179 0.0
  outer loop
   vertex 0.05911971758204435 0.01640400031727782 -0.4
   vertex 0.05663110637379735 0.016121224421207676 0.4
   vertex 0.05911971758204435 0.01640400031727782 0.4
  endloop
 endfacet
 facet normal -0.10675412323866175 0.9942854500459285 0.0
  outer loop
   vertex 0.05911971758204435 0.01640400031727782 -0.4
   vertex 0.05911971758204435 0.01640400031727782 0.4
   vertex 0.061609140707723366 0.016671283905848523 -0.4
  endloop
 endfacet
 facet normal -0.10675412323866175 0.9942854500459285 0.0
  outer loop
   vertex 0.061609140707723366 0.016671283905848523 -0.4
   vertex 0.05911971758204435 0.01640400031727782 0.4
   vertex 0.061609140707723366 0.016671283905848523 0.4
  endloop
 endfacet
 facet normal -0.10089341979625857 0.9948972393383158 0.0
  outer loop
   vertex 0.061609140707723366 0.016671283905848523 -0.4
   vertex 0.061609140707723366 0.016671283905848523 0.4
   vertex 0.06409933687777992 0.016923816928985314 -0.4
  endloop
 endfacet
 facet normal -0.10089341979625857 0.9948972393383158 0.0
  outer loop
   vertex 0.06409933687777992 0.016923816928985314 -0.4
   vertex 0.061609140707723366 0.016671283905848523 0.4
   vertex 0.06409933687777992 0.016923816928985314 0.4
  endloop
 endfacet
 facet normal -0.09529684563051737 0.9954488988460438 0.0
  outer loop
   vertex 0.06409933687777992 0.016923816928985314 -0.4
   vertex 0.06409933687777992 0.016923816928985314 0.4
   vertex 0.06659027040664442 0.01716228030792044 -0.4
  endloop
 endfacet
 facet normal -0.09529684563051737 0.9954488988460438 0.0
  outer loop
   vertex 0.06659027040664442 0.01716228030792044 -0.4
   vertex 0.06409933687777992 0.016923816928985314 0.4
   vertex 0.06659027040664442 0.01716228030792044 0.4
  endloop
 endfacet
 facet normal -0.08994457438663937 0.9959467719407081 0.0
  outer loop
   vertex 0.06659027040664442 0.01716228030792044 -0.4
   vertex 0.06659027040664442 0.01716228030792044 0.4
   vertex 0.06908190840072358 0.017387301689802456 -0.4
  endloop
 endfacet
 facet normal -0.08994457438663937 0.9959467719407081 0.0
  outer loop
   vertex 0.06908190840072358 0.017387301689802456 -0.4
   vertex 0.06659027040664442 0.01716228030792044 0.4
   vertex 0.06908190840072358 0.017387301689802456 0.4
  endloop
 endfacet
 facet normal -0.08481905667529403 0.9963963702388942 0.0
  outer loop
   vertex 0.06908190840072358 0.017387301689802456 -0.4
   vertex 0.06908190840072358 0.017387301689802456 0.4
   vertex 0.07157422042595281 0.017599461791178328 -0.4
  endloop
 endfacet
 facet normal -0.08481905667529403 0.9963963702388942 0.0
  outer loop
   vertex 0.07157422042595281 0.017599461791178328 -0.4
   vertex 0.06908190840072358 0.017387301689802456 0.4
   vertex 0.07157422042595281 0.017599461791178328 0.4
  endloop
 endfacet
 facet normal -0.07990467920646321 0.9968025086451648 0.0
  outer loop
   vertex 0.07157422042595281 0.017599461791178328 -0.4
   vertex 0.07157422042595281 0.017599461791178328 0.4
   vertex 0.0740671782265388 0.01779929976470211 -0.4
  endloop
 endfacet
 facet normal -0.07990467920646321 0.9968025086451648 0.0
  outer loop
   vertex 0.0740671782265388 0.01779929976470211 -0.4
   vertex 0.07157422042595281 0.017599461791178328 0.4
   vertex 0.0740671782265388 0.01779929976470211 0.4
  endloop
 endfacet
 facet normal -0.07518748433641739 0.9971694144925541 0.0
  outer loop
   vertex 0.0740671782265388 0.01779929976470211 -0.4
   vertex 0.0740671782265388 0.01779929976470211 0.4
   vertex 0.07656075548557634 0.017987317766839633 -0.4
  endloop
 endfacet
 facet normal -0.07518748433641739 0.9971694144925541 0.0
  outer loop
   vertex 0.07656075548557634 0.017987317766839633 -0.4
   vertex 0.0740671782265388 0.01779929976470211 0.4
   vertex 0.07656075548557634 0.017987317766839633 0.4
  endloop
 endfacet
 facet normal -0.07065493777426599 0.9975008164248704 0.0
  outer loop
   vertex 0.07656075548557634 0.017987317766839633 -0.4
   vertex 0.07656075548557634 0.017987317766839633 0.4
   vertex 0.07905492762016245 0.018163984867322916 -0.4
  endloop
 endfacet
 facet normal -0.07065493777426599 0.9975008164248704 0.0
  outer loop
   vertex 0.07905492762016245 0.018163984867322916 -0.4
   vertex 0.07656075548557634 0.017987317766839633 0.4
   vertex 0.07905492762016245 0.018163984867322916 0.4
  endloop
 endfacet
 facet normal -0.0662957349742001 0.9978000173002244 0.0
  outer loop
   vertex 0.07905492762016245 0.018163984867322916 -0.4
   vertex 0.07905492762016245 0.018163984867322916 0.4
   vertex 0.08154967160511965 0.018329740412710363 -0.4
  endloop
 endfacet
 facet normal -0.0662957349742001 0.9978000173002244 0.0
  outer loop
   vertex 0.08154967160511965 0.018329740412710363 -0.4
   vertex 0.07905492762016245 0.018163984867322916 0.4
   vertex 0.08154967160511965 0.018329740412710363 0.4
  endloop
 endfacet
 facet normal -0.06209963882592525 0.9980699543908421 0.0
  outer loop
   vertex 0.08154967160511965 0.018329740412710363 -0.4
   vertex 0.08154967160511965 0.018329740412710363 0.4
   vertex 0.08404496582059223 0.018484996934423657 -0.4
  endloop
 endfacet
 facet normal -0.06209963882592525 0.9980699543908421 0.0
  outer loop
   vertex 0.08404496582059223 0.018484996934423657 -0.4
   vertex 0.08154967160511965 0.018329740412710363 0.4
   vertex 0.08404496582059223 0.018484996934423657 0.4
  endloop
 endfacet
 facet normal -0.05805734283630182 0.9983132494076218 0.0
  outer loop
   vertex 0.08404496582059223 0.018484996934423657 -0.4
   vertex 0.08404496582059223 0.018484996934423657 0.4
   vertex 0.086540789919679 0.01863014267446644 -0.4
  endloop
 endfacet
 facet normal -0.05805734283630182 0.9983132494076218 0.0
  outer loop
   vertex 0.086540789919679 0.01863014267446644 -0.4
   vertex 0.08404496582059223 0.018484996934423657 0.4
   vertex 0.086540789919679 0.01863014267446644 0.4
  endloop
 endfacet
 facet normal -0.05416035520326667 0.9985322503175637 0.0
  outer loop
   vertex 0.086540789919679 0.01863014267446644 -0.4
   vertex 0.086540789919679 0.01863014267446644 0.4
   vertex 0.08903712471297383 0.018765543788519714 -0.4
  endloop
 endfacet
 facet normal -0.05416035520326667 0.9985322503175637 0.0
  outer loop
   vertex 0.08903712471297383 0.018765543788519714 -0.4
   vertex 0.086540789919679 0.01863014267446644 0.4
   vertex 0.08903712471297383 0.018765543788519714 0.4
  endloop
 endfacet
 facet normal -0.05040090011407364 0.998729066497863 0.0
  outer loop
   vertex 0.08903712471297383 0.018765543788519714 -0.4
   vertex 0.08903712471297383 0.018765543788519714 0.4
   vertex 0.09153395206744727 0.01889154627539654 -0.4
  endloop
 endfacet
 facet normal -0.05040090011407364 0.998729066497863 0.0
  outer loop
   vertex 0.09153395206744727 0.01889154627539654 -0.4
   vertex 0.08903712471297383 0.018765543788519714 0.4
   vertex 0.09153395206744727 0.01889154627539654 0.4
  endloop
 endfacet
 facet normal -0.04677183332307035 0.9989055984464269 0.0
  outer loop
   vertex 0.09153395206744727 0.01889154627539654 -0.4
   vertex 0.09153395206744727 0.01889154627539654 0.4
   vertex 0.09403125481755027 0.019008477673285114 -0.4
  endloop
 endfacet
 facet normal -0.04677183332307035 0.9989055984464269 0.0
  outer loop
   vertex 0.09403125481755027 0.019008477673285114 -0.4
   vertex 0.09153395206744727 0.01889154627539654 0.4
   vertex 0.09403125481755027 0.019008477673285114 0.4
  endloop
 endfacet
 facet normal -0.04326656962971901 0.9990635630191494 0.0
  outer loop
   vertex 0.09403125481755027 0.019008477673285114 -0.4
   vertex 0.09403125481755027 0.019008477673285114 0.4
   vertex 0.0965290166867814 0.0191166485563338 -0.4
  endloop
 endfacet
 facet normal -0.04326656962971901 0.9990635630191494 0.0
  outer loop
   vertex 0.0965290166867814 0.0191166485563338 -0.4
   vertex 0.09403125481755027 0.019008477673285114 0.4
   vertex 0.0965290166867814 0.0191166485563338 0.4
  endloop
 endfacet
 facet normal -0.03987902032364906 0.9992045149708361 0.0
  outer loop
   vertex 0.0965290166867814 0.0191166485563338 -0.4
   vertex 0.0965290166867814 0.0191166485563338 0.4
   vertex 0.09902722221825075 0.01921635385957197 -0.4
  endloop
 endfacet
 facet normal -0.03987902032364906 0.9992045149708361 0.0
  outer loop
   vertex 0.09902722221825075 0.01921635385957197 -0.4
   vertex 0.0965290166867814 0.0191166485563338 0.4
   vertex 0.09902722221825075 0.01921635385957197 0.4
  endloop
 endfacet
 facet normal -0.03660353901635748 0.999329865425627 0.0
  outer loop
   vertex 0.09902722221825075 0.01921635385957197 -0.4
   vertex 0.09902722221825075 0.01921635385957197 0.4
   vertex 0.10152585671301029 0.019307874055636155 -0.4
  endloop
 endfacet
 facet normal -0.03660353901635748 0.999329865425627 0.0
  outer loop
   vertex 0.10152585671301029 0.019307874055636155 -0.4
   vertex 0.09902722221825075 0.01921635385957197 0.4
   vertex 0.10152585671301029 0.019307874055636155 0.4
  endloop
 endfacet
 facet normal -0.03343487456175381 0.9994408977839655 0.0
  outer loop
   vertex 0.10152585671301029 0.019307874055636155 -0.4
   vertex 0.10152585671301029 0.019307874055636155 0.4
   vertex 0.10402490617511471 0.01939147620307113 -0.4
  endloop
 endfacet
 facet normal -0.03343487456175381 0.9994408977839655 0.0
  outer loop
   vertex 0.10402490617511471 0.01939147620307113 -0.4
   vertex 0.10152585671301029 0.019307874055636155 0.4
   vertex 0.10402490617511471 0.01939147620307113 0.4
  endloop
 endfacet
 facet normal -0.030368129993613806 0.9995387814792045 0.0
  outer loop
   vertex 0.10402490617511471 0.01939147620307113 -0.4
   vertex 0.10402490617511471 0.01939147620307113 0.4
   vertex 0.10652435726253633 0.019467414882932226 -0.4
  endloop
 endfacet
 facet normal -0.030368129993613806 0.9995387814792045 0.0
  outer loop
   vertex 0.10652435726253633 0.019467414882932226 -0.4
   vertex 0.10402490617511471 0.01939147620307113 0.4
   vertex 0.10652435726253633 0.019467414882932226 0.4
  endloop
 endfacet
 facet normal -0.027398726590704723 0.9996245839221438 0.0
  outer loop
   vertex 0.10652435726253633 0.019467414882932226 -0.4
   vertex 0.10652435726253633 0.019467414882932226 0.4
   vertex 0.10902419724318871 0.019535933037899633 -0.4
  endloop
 endfacet
 facet normal -0.027398726590704723 0.9996245839221438 0.0
  outer loop
   vertex 0.10902419724318871 0.019535933037899633 -0.4
   vertex 0.10652435726253633 0.019467414882932226 0.4
   vertex 0.10902419724318871 0.019535933037899633 0.4
  endloop
 endfacet
 facet normal -0.02452237232880597 0.9996992809118924 0.0
  outer loop
   vertex 0.10902419724318871 0.019535933037899633 -0.4
   vertex 0.10902419724318871 0.019535933037899633 0.4
   vertex 0.1115244139554246 0.019597262726027673 -0.4
  endloop
 endfacet
 facet normal -0.02452237232880597 0.9996992809118924 0.0
  outer loop
   vertex 0.1115244139554246 0.019597262726027673 -0.4
   vertex 0.10902419724318871 0.019535933037899633 0.4
   vertex 0.1115244139554246 0.019597262726027673 0.4
  endloop
 endfacet
 facet normal -0.021735034099098657 0.9997637657432781 0.0
  outer loop
   vertex 0.1115244139554246 0.019597262726027673 -0.4
   vertex 0.1115244139554246 0.019597262726027673 0.4
   vertex 0.11402499577246324 0.01965162579950885 -0.4
  endloop
 endfacet
 facet normal -0.021735034099098657 0.9997637657432781 0.0
  outer loop
   vertex 0.11402499577246324 0.01965162579950885 -0.4
   vertex 0.1115244139554246 0.019597262726027673 0.4
   vertex 0.11402499577246324 0.01965162579950885 0.4
  endloop
 endfacet
 facet normal -0.019032913171967866 0.999818857202015 0.0
  outer loop
   vertex 0.11402499577246324 0.01965162579950885 -0.4
   vertex 0.11402499577246324 0.01965162579950885 0.4
   vertex 0.11652593157028024 0.01969923451737373 -0.4
  endloop
 endfacet
 facet normal -0.019032913171967866 0.999818857202015 0.0
  outer loop
   vertex 0.11652593157028024 0.01969923451737373 -0.4
   vertex 0.11402499577246324 0.01965162579950885 0.4
   vertex 0.11652593157028024 0.01969923451737373 0.4
  endloop
 endfacet
 facet normal -0.016412423466332968 0.9998653066071489 0.0
  outer loop
   vertex 0.11652593157028024 0.01969923451737373 -0.4
   vertex 0.11652593157028024 0.01969923451737373 0.4
   vertex 0.11902721069855632 0.01974029209981958 -0.4
  endloop
 endfacet
 facet normal -0.016412423466332968 0.9998653066071489 0.0
  outer loop
   vertex 0.11902721069855632 0.01974029209981958 -0.4
   vertex 0.11652593157028024 0.01969923451737373 0.4
   vertex 0.11902721069855632 0.01974029209981958 0.4
  endloop
 endfacet
 facet normal -0.013870172252030613 0.9999038040343879 0.0
  outer loop
   vertex 0.11902721069855632 0.01974029209981958 -0.4
   vertex 0.11902721069855632 0.01974029209981958 0.4
   vertex 0.12152882295433659 0.019774993230823847 -0.4
  endloop
 endfacet
 facet normal -0.013870172252030613 0.9999038040343879 0.0
  outer loop
   vertex 0.12152882295433659 0.019774993230823847 -0.4
   vertex 0.11902721069855632 0.01974029209981958 0.4
   vertex 0.12152882295433659 0.019774993230823847 0.4
  endloop
 endfacet
 facet normal -0.01140294296884509 0.9999349838326929 0.0
  outer loop
   vertex 0.12152882295433659 0.019774993230823847 -0.4
   vertex 0.12152882295433659 0.019774993230823847 0.4
   vertex 0.12403075855809706 0.019803524514819985 -0.4
  endloop
 endfacet
 facet normal -0.01140294296884509 0.9999349838326929 0.0
  outer loop
   vertex 0.12403075855809706 0.019803524514819985 -0.4
   vertex 0.12152882295433659 0.019774993230823847 0.4
   vertex 0.12403075855809706 0.019803524514819985 0.4
  endloop
 endfacet
 facet normal -0.00900767989211011 0.9999594295289688 0.0
  outer loop
   vertex 0.12403075855809706 0.019803524514819985 -0.4
   vertex 0.12403075855809706 0.019803524514819985 0.4
   vertex 0.12653300813195528 0.019826064892465207 -0.4
  endloop
 endfacet
 facet normal -0.00900767989211011 0.9999594295289688 0.0
  outer loop
   vertex 0.12653300813195528 0.019826064892465207 -0.4
   vertex 0.12403075855809706 0.019803524514819985 0.4
   vertex 0.12653300813195528 0.019826064892465207 0.4
  endloop
 endfacet
 facet normal -0.006681474413979801 0.9999776782012179 0.0
  outer loop
   vertex 0.12653300813195528 0.019826064892465207 -0.4
   vertex 0.12653300813195528 0.019826064892465207 0.4
   vertex 0.12903556267979455 0.019842786019891825 -0.4
  endloop
 endfacet
 facet normal -0.006681474413979801 0.9999776782012179 0.0
  outer loop
   vertex 0.12903556267979455 0.019842786019891825 -0.4
   vertex 0.12653300813195528 0.019826064892465207 0.4
   vertex 0.12903556267979455 0.019842786019891825 0.4
  endloop
 endfacet
 facet normal -0.0044215527420744674 0.9999902243884676 0.0
  outer loop
   vertex 0.12903556267979455 0.019842786019891825 -0.4
   vertex 0.12903556267979455 0.019842786019891825 0.4
   vertex 0.13153841356910045 0.019853852615287177 -0.4
  endloop
 endfacet
 facet normal -0.0044215527420744674 0.9999902243884676 0.0
  outer loop
   vertex 0.13153841356910045 0.019853852615287177 -0.4
   vertex 0.12903556267979455 0.019842786019891825 0.4
   vertex 0.13153841356910045 0.019853852615287177 0.4
  endloop
 endfacet
 facet normal -0.002225264844825523 0.999997523595747 0.0
  outer loop
   vertex 0.13153841356910045 0.019853852615287177 -0.4
   vertex 0.13153841356910045 0.019853852615287177 0.4
   vertex 0.13404155251433272 0.019859422776177686 -0.4
  endloop
 endfacet
 facet normal -0.002225264844825523 0.999997523595747 0.0
  outer loop
   vertex 0.13404155251433272 0.019859422776177686 -0.4
   vertex 0.13153841356910045 0.019853852615287177 0.4
   vertex 0.13404155251433272 0.019859422776177686 0.4
  endloop
 endfacet
 facet normal -9.007449614065615e-05 0.9999999954439754 0.0
  outer loop
   vertex 0.13404155251433272 0.019859422776177686 -0.4
   vertex 0.13404155251433272 0.019859422776177686 0.4
   vertex 0.13654497156167672 0.019859648270388032 -0.4
  endloop
 endfacet
 facet normal -9.007449614065615e-05 0.9999999954439754 0.0
  outer loop
   vertex 0.13654497156167672 0.019859648270388032 -0.4
   vertex 0.13404155251433272 0.019859422776177686 0.4
   vertex 0.13654497156167672 0.019859648270388032 0.4
  endloop
 endfacet
 facet normal 0.00198644970825754 0.9999980265075691 -0.0
  outer loop
   vertex 0.13654497156167672 0.019859648270388032 -0.4
   vertex 0.13654497156167672 0.019859648270388032 0.4
   vertex 0.13904866307503713 0.01985467480329665 -0.4
  endloop
 endfacet
 facet normal 0.00198644970825754 0.9999980265075691 -0.0
  outer loop
   vertex 0.13904866307503713 0.01985467480329665 -0.4
   vertex 0.13654497156167672 0.019859648270388032 0.4
   vertex 0.13904866307503713 0.01985467480329665 0.4
  endloop
 endfacet
 facet normal 0.004006642473513498 0.9999919728766213 -0.0
  outer loop
   vertex 0.13904866307503713 0.01985467480329665 -0.4
   vertex 0.13904866307503713 0.01985467480329665 0.4
   vertex 0.14155261972315245 0.019844642263706042 -0.4
  endloop
 endfacet
 facet normal 0.004006642473513498 0.9999919728766213 -0.0
  outer loop
   vertex 0.14155261972315245 0.019844642263706042 -0.4
   vertex 0.13904866307503713 0.01985467480329665 0.4
   vertex 0.14155261972315245 0.019844642263706042 0.4
  endloop
 endfacet
 facet normal 0.005972749163907092 0.9999821624754742 -0.0
  outer loop
   vertex 0.14155261972315245 0.019844642263706042 -0.4
   vertex 0.14155261972315245 0.019844642263706042 0.4
   vertex 0.14405683446772255 0.019829684950382724 -0.4
  endloop
 endfacet
 facet normal 0.005972749163907092 0.9999821624754742 -0.0
  outer loop
   vertex 0.14405683446772255 0.019829684950382724 -0.4
   vertex 0.14155261972315245 0.019844642263706042 0.4
   vertex 0.14405683446772255 0.019829684950382724 0.4
  endloop
 endfacet
 facet normal 0.007886932480736002 0.9999688971652361 -0.0
  outer loop
   vertex 0.14405683446772255 0.019829684950382724 -0.4
   vertex 0.14405683446772255 0.019829684950382724 0.4
   vertex 0.14656130055245364 0.019809931781092596 -0.4
  endloop
 endfacet
 facet normal 0.007886932480736002 0.9999688971652361 -0.0
  outer loop
   vertex 0.14656130055245364 0.019809931781092596 -0.4
   vertex 0.14405683446772255 0.019829684950382724 0.4
   vertex 0.14656130055245364 0.019809931781092596 0.4
  endloop
 endfacet
 facet normal 0.009751278533478342 0.9999524546541655 -0.0
  outer loop
   vertex 0.14656130055245364 0.019809931781092596 -0.4
   vertex 0.14656130055245364 0.019809931781092596 0.4
   vertex 0.14906601149293533 0.019785506485756995 -0.4
  endloop
 endfacet
 facet normal 0.009751278533478342 0.9999524546541655 -0.0
  outer loop
   vertex 0.14906601149293533 0.019785506485756995 -0.4
   vertex 0.14656130055245364 0.019809931781092596 0.4
   vertex 0.14906601149293533 0.019785506485756995 0.4
  endloop
 endfacet
 facet normal 0.011567802368823887 0.9999330902367409 -0.0
  outer loop
   vertex 0.14906601149293533 0.019785506485756995 -0.4
   vertex 0.14906601149293533 0.019785506485756995 0.4
   vertex 0.1515709610672739 0.01975652778517918 -0.4
  endloop
 endfacet
 facet normal 0.011567802368823887 0.9999330902367409 -0.0
  outer loop
   vertex 0.1515709610672739 0.01975652778517918 -0.4
   vertex 0.14906601149293533 0.019785506485756995 0.4
   vertex 0.1515709610672739 0.01975652778517918 0.4
  endloop
 endfacet
 facet normal 0.013338453014088827 0.9999110383795892 -0.0
  outer loop
   vertex 0.1515709610672739 0.01975652778517918 -0.4
   vertex 0.1515709610672739 0.01975652778517918 0.4
   vertex 0.15407614330741415 0.01972310955663758 -0.4
  endloop
 endfacet
 facet normal 0.013338453014088827 0.9999110383795892 -0.0
  outer loop
   vertex 0.15407614330741415 0.01972310955663758 -0.4
   vertex 0.1515709610672739 0.01975652778517918 0.4
   vertex 0.15407614330741415 0.01972310955663758 0.4
  endloop
 endfacet
 facet normal 0.015065118085193226 0.9998865141701591 -0.0
  outer loop
   vertex 0.15407614330741415 0.01972310955663758 -0.4
   vertex 0.15407614330741415 0.01972310955663758 0.4
   vertex 0.1565815524910883 0.019685360987506107 -0.4
  endloop
 endfacet
 facet normal 0.015065118085193226 0.9998865141701591 -0.0
  outer loop
   vertex 0.1565815524910883 0.019685360987506107 -0.4
   vertex 0.15407614330741415 0.01972310955663758 0.4
   vertex 0.1565815524910883 0.019685360987506107 0.4
  endloop
 endfacet
 facet normal 0.016749628003101702 0.9998597146420817 -0.0
  outer loop
   vertex 0.1565815524910883 0.019685360987506107 -0.4
   vertex 0.1565815524910883 0.019685360987506107 0.4
   vertex 0.15908718313433787 0.019643386717943075 -0.4
  endloop
 endfacet
 facet normal 0.016749628003101702 0.9998597146420817 -0.0
  outer loop
   vertex 0.15908718313433787 0.019643386717943075 -0.4
   vertex 0.1565815524910883 0.019685360987506107 0.4
   vertex 0.15908718313433787 0.019643386717943075 0.4
  endloop
 endfacet
 facet normal 0.018393759857749093 0.9998308199894608 -0.0
  outer loop
   vertex 0.15908718313433787 0.019643386717943075 -0.4
   vertex 0.15908718313433787 0.019643386717943075 0.4
   vertex 0.16159302998456004 0.019597286973584555 -0.4
  endloop
 endfacet
 facet normal 0.018393759857749093 0.9998308199894608 -0.0
  outer loop
   vertex 0.16159302998456004 0.019597286973584555 -0.4
   vertex 0.15908718313433787 0.019643386717943075 0.4
   vertex 0.16159302998456004 0.019597286973584555 0.4
  endloop
 endfacet
 facet normal 0.019999240953952918 0.9997999946808775 -0.0
  outer loop
   vertex 0.16159302998456004 0.019597286973584555 -0.4
   vertex 0.16159302998456004 0.019597286973584555 0.4
   vertex 0.1640990880140325 0.019547157689085003 -0.4
  endloop
 endfacet
 facet normal 0.019999240953952918 0.9997999946808775 -0.0
  outer loop
   vertex 0.1640990880140325 0.019547157689085003 -0.4
   vertex 0.16159302998456004 0.019597286973584555 0.4
   vertex 0.1640990880140325 0.019547157689085003 0.4
  endloop
 endfacet
 facet normal 0.021567752069990356 0.9997673884826305 -0.0
  outer loop
   vertex 0.1640990880140325 0.019547157689085003 -0.4
   vertex 0.1640990880140325 0.019547157689085003 0.4
   vertex 0.16660535241387928 0.019493090623265045 -0.4
  endloop
 endfacet
 facet normal 0.021567752069990356 0.9997673884826305 -0.0
  outer loop
   vertex 0.16660535241387928 0.019493090623265045 -0.4
   vertex 0.1640990880140325 0.019547157689085003 0.4
   vertex 0.16660535241387928 0.019493090623265045 0.4
  endloop
 endfacet
 facet normal 0.023100930456060813 0.9997331373996314 -0.0
  outer loop
   vertex 0.16660535241387928 0.019493090623265045 -0.4
   vertex 0.16660535241387928 0.019493090623265045 0.4
   vertex 0.16911181858843977 0.019435173466553008 -0.4
  endloop
 endfacet
 facet normal 0.023100930456060813 0.9997331373996314 -0.0
  outer loop
   vertex 0.16911181858843977 0.019435173466553008 -0.4
   vertex 0.16660535241387928 0.019493090623265045 0.4
   vertex 0.16911181858843977 0.019435173466553008 0.4
  endloop
 endfacet
 facet normal 0.024600372596934414 0.9996973645414158 -0.0
  outer loop
   vertex 0.16911181858843977 0.019435173466553008 -0.4
   vertex 0.16911181858843977 0.019435173466553008 0.4
   vertex 0.17161848215000924 0.0193734899413413 -0.4
  endloop
 endfacet
 facet normal 0.024600372596934414 0.9996973645414158 -0.0
  outer loop
   vertex 0.17161848215000924 0.0193734899413413 -0.4
   vertex 0.16911181858843977 0.019435173466553008 0.4
   vertex 0.17161848215000924 0.0193734899413413 0.4
  endloop
 endfacet
 facet normal 0.026067636760427327 0.9996601809198965 -0.0
  outer loop
   vertex 0.17161848215000924 0.0193734899413413 -0.4
   vertex 0.17161848215000924 0.0193734899413413 0.4
   vertex 0.17412533891392143 0.019308119895820482 -0.4
  endloop
 endfacet
 facet normal 0.026067636760427327 0.9996601809198965 -0.0
  outer loop
   vertex 0.17412533891392143 0.019308119895820482 -0.4
   vertex 0.17161848215000924 0.0193734899413413 0.4
   vertex 0.17412533891392143 0.019308119895820482 0.4
  endloop
 endfacet
 facet normal 0.027504245351095857 0.9996216861847559 -0.0
  outer loop
   vertex 0.17412533891392143 0.019308119895820482 -0.4
   vertex 0.17412533891392143 0.019308119895820482 0.4
   vertex 0.1766323848939457 0.019239139391801763 -0.4
  endloop
 endfacet
 facet normal 0.027504245351095857 0.9996216861847559 -0.0
  outer loop
   vertex 0.1766323848939457 0.019239139391801763 -0.4
   vertex 0.17412533891392143 0.019308119895820482 0.4
   vertex 0.1766323848939457 0.019239139391801763 0.4
  endloop
 endfacet
 facet normal 0.028911687086510932 0.9995819693017239 -0.0
  outer loop
   vertex 0.1766323848939457 0.019239139391801763 -0.4
   vertex 0.1766323848939457 0.019239139391801763 0.4
   vertex 0.17913961629797526 0.01916662078699198 -0.4
  endloop
 endfacet
 facet normal 0.028911687086510932 0.9995819693017239 -0.0
  outer loop
   vertex 0.17913961629797526 0.01916662078699198 -0.4
   vertex 0.1766323848939457 0.019239139391801763 0.4
   vertex 0.17913961629797526 0.01916662078699198 0.4
  endloop
 endfacet
 facet normal 0.030291419011584185 0.9995411091784464 -0.0
  outer loop
   vertex 0.17913961629797526 0.01916662078699198 -0.4
   vertex 0.17913961629797526 0.01916662078699198 0.4
   vertex 0.18164702952398407 0.019090632812143554 -0.4
  endloop
 endfacet
 facet normal 0.030291419011584185 0.9995411091784464 -0.0
  outer loop
   vertex 0.18164702952398407 0.019090632812143554 -0.4
   vertex 0.17913961629797526 0.01916662078699198 0.4
   vertex 0.18164702952398407 0.019090632812143554 0.4
  endloop
 endfacet
 facet normal 0.03164486836502151 0.9994991752421245 -0.0
  outer loop
   vertex 0.18164702952398407 0.019090632812143554 -0.4
   vertex 0.18164702952398407 0.019090632812143554 0.4
   vertex 0.18415462115623185 0.019011240643464187 -0.4
  endloop
 endfacet
 facet normal 0.03164486836502151 0.9994991752421245 -0.0
  outer loop
   vertex 0.18415462115623185 0.019011240643464187 -0.4
   vertex 0.18164702952398407 0.019090632812143554 0.4
   vertex 0.18415462115623185 0.019011240643464187 0.4
  endloop
 endfacet
 facet normal 0.03297343431038169 0.9994562279727003 -0.0
  outer loop
   vertex 0.18415462115623185 0.019011240643464187 -0.4
   vertex 0.18415462115623185 0.019011240643464187 0.4
   vertex 0.1866623879616992 0.018928505970637582 -0.4
  endloop
 endfacet
 facet normal 0.03297343431038169 0.9994562279727003 -0.0
  outer loop
   vertex 0.1866623879616992 0.018928505970637582 -0.4
   vertex 0.18415462115623185 0.019011240643464187 0.4
   vertex 0.1866623879616992 0.018928505970637582 0.4
  endloop
 endfacet
 facet normal 0.03427848954313855 0.9994123193949493 -0.0
  outer loop
   vertex 0.1866623879616992 0.018928505970637582 -0.4
   vertex 0.1866623879616992 0.018928505970637582 0.4
   vertex 0.18917032688673618 0.01884248706077588 -0.4
  endloop
 endfacet
 facet normal 0.03427848954313855 0.9994123193949493 -0.0
  outer loop
   vertex 0.18917032688673618 0.01884248706077588 -0.4
   vertex 0.1866623879616992 0.018928505970637582 0.4
   vertex 0.18917032688673618 0.01884248706077588 0.4
  endloop
 endfacet
 facet normal 0.035561381783851466 0.9993674935325274 -0.0
  outer loop
   vertex 0.18917032688673618 0.01884248706077588 -0.4
   vertex 0.18917032688673618 0.01884248706077588 0.4
   vertex 0.1916784350539085 0.01875323881859748 -0.4
  endloop
 endfacet
 facet normal 0.035561381783851466 0.9993674935325274 -0.0
  outer loop
   vertex 0.1916784350539085 0.01875323881859748 -0.4
   vertex 0.18917032688673618 0.01884248706077588 0.4
   vertex 0.1916784350539085 0.01875323881859748 0.4
  endloop
 endfacet
 facet normal 0.03682343516680221 0.9993217868266914 -0.0
  outer loop
   vertex 0.1916784350539085 0.01875323881859748 -0.4
   vertex 0.1916784350539085 0.01875323881859748 0.4
   vertex 0.19418670975902724 0.01866081284309887 -0.4
  endloop
 endfacet
 facet normal 0.03682343516680221 0.9993217868266914 -0.0
  outer loop
   vertex 0.19418670975902724 0.01866081284309887 -0.4
   vertex 0.1916784350539085 0.01875323881859748 0.4
   vertex 0.19418670975902724 0.01866081284309887 0.4
  endloop
 endfacet
 facet normal 0.038065951532269084 0.999275228522167 -0.0
  outer loop
   vertex 0.19418670975902724 0.01866081284309887 -0.4
   vertex 0.19418670975902724 0.01866081284309887 0.4
   vertex 0.19669514846834996 0.018565257480967098 -0.4
  endloop
 endfacet
 facet normal 0.038065951532269084 0.999275228522167 -0.0
  outer loop
   vertex 0.19669514846834996 0.018565257480967098 -0.4
   vertex 0.19418670975902724 0.01866081284309887 0.4
   vertex 0.19669514846834996 0.018565257480967098 0.4
  endloop
 endfacet
 facet normal 0.039290211630207524 0.9992278410223824 -0.0
  outer loop
   vertex 0.19669514846834996 0.018565257480967098 -0.4
   vertex 0.19669514846834996 0.018565257480967098 0.4
   vertex 0.1992037488159402 0.01846661787695888 -0.4
  endloop
 endfacet
 facet normal 0.039290211630207524 0.9992278410223824 -0.0
  outer loop
   vertex 0.1992037488159402 0.01846661787695888 -0.4
   vertex 0.19669514846834996 0.018565257480967098 0.4
   vertex 0.1992037488159402 0.01846661787695888 0.4
  endloop
 endfacet
 facet normal 0.040497476241962364 0.999179640216083 -0.0
  outer loop
   vertex 0.1992037488159402 0.01846661787695888 -0.4
   vertex 0.1992037488159402 0.01846661787695888 0.4
   vertex 0.20171250860117534 0.01836493602145452 -0.4
  endloop
 endfacet
 facet normal 0.040497476241962364 0.999179640216083 -0.0
  outer loop
   vertex 0.20171250860117534 0.01836493602145452 -0.4
   vertex 0.1992037488159402 0.01846661787695888 0.4
   vertex 0.20171250860117534 0.01836493602145452 0.4
  endloop
 endfacet
 facet normal 0.04168898722639416 0.999130635777153 -0.0
  outer loop
   vertex 0.20171250860117534 0.01836493602145452 -0.4
   vertex 0.20171250860117534 0.01836493602145452 0.4
   vertex 0.20422142578639257 0.018260250795377707 -0.4
  endloop
 endfacet
 facet normal 0.04168898722639416 0.999130635777153 -0.0
  outer loop
   vertex 0.20422142578639257 0.018260250795377707 -0.4
   vertex 0.20171250860117534 0.01836493602145452 0.4
   vertex 0.20422142578639257 0.018260250795377707 0.4
  endloop
 endfacet
 facet normal 0.04286596849597431 0.9990808314392956 -0.0
  outer loop
   vertex 0.20422142578639257 0.018260250795377707 -0.4
   vertex 0.20422142578639257 0.018260250795377707 0.4
   vertex 0.20673049849466338 0.018152598012657513 -0.4
  endloop
 endfacet
 facet normal 0.04286596849597431 0.9990808314392956 -0.0
  outer loop
   vertex 0.20673049849466338 0.018152598012657513 -0.4
   vertex 0.20422142578639257 0.018260250795377707 0.4
   vertex 0.20673049849466338 0.018152598012657513 0.4
  endloop
 endfacet
 facet normal 0.044029626928057876 0.999030225247074 -0.0
  outer loop
   vertex 0.20673049849466338 0.018152598012657513 -0.4
   vertex 0.20673049849466338 0.018152598012657513 0.4
   vertex 0.20923972500768862 0.018042010460394848 -0.4
  endloop
 endfacet
 facet normal 0.044029626928057876 0.999030225247074 -0.0
  outer loop
   vertex 0.20923972500768862 0.018042010460394848 -0.4
   vertex 0.20673049849466338 0.018152598012657513 0.4
   vertex 0.20923972500768862 0.018042010460394848 0.4
  endloop
 endfacet
 facet normal 0.04518115321593979 0.9989788097846884 -0.0
  outer loop
   vertex 0.20923972500768862 0.018042010460394848 -0.4
   vertex 0.20923972500768862 0.018042010460394848 0.4
   vertex 0.2117491037638059 0.017928517936883367 -0.4
  endloop
 endfacet
 facet normal 0.04518115321593979 0.9989788097846884 -0.0
  outer loop
   vertex 0.2117491037638059 0.017928517936883367 -0.4
   vertex 0.20923972500768862 0.018042010460394848 0.4
   vertex 0.2117491037638059 0.017928517936883367 0.4
  endloop
 endfacet
 facet normal 0.04632172266405867 0.9989265723837267 -0.0
  outer loop
   vertex 0.2117491037638059 0.017928517936883367 -0.4
   vertex 0.2117491037638059 0.017928517936883367 0.4
   vertex 0.21425863335610212 0.017812147287623134 -0.4
  endloop
 endfacet
 facet normal 0.04632172266405867 0.9989265723837267 -0.0
  outer loop
   vertex 0.21425863335610212 0.017812147287623134 -0.4
   vertex 0.2117491037638059 0.017928517936883367 0.4
   vertex 0.21425863335610212 0.017812147287623134 0.4
  endloop
 endfacet
 facet normal 0.047452495931096725 0.9988734953110369 -0.0
  outer loop
   vertex 0.21425863335610212 0.017812147287623134 -0.4
   vertex 0.21425863335610212 0.017812147287623134 0.4
   vertex 0.2167683125306248 0.017692922439455236 -0.4
  endloop
 endfacet
 facet normal 0.047452495931096725 0.9988734953110369 -0.0
  outer loop
   vertex 0.2167683125306248 0.017692922439455236 -0.4
   vertex 0.21425863335610212 0.017812147287623134 0.4
   vertex 0.2167683125306248 0.017692922439455236 0.4
  endloop
 endfacet
 facet normal 0.04857461972471178 0.9988195559377535 -0.0
  outer loop
   vertex 0.2167683125306248 0.017692922439455236 -0.4
   vertex 0.2167683125306248 0.017692922439455236 0.4
   vertex 0.219278140184685 0.01757086443293565 -0.4
  endloop
 endfacet
 facet normal 0.04857461972471178 0.9988195559377535 -0.0
  outer loop
   vertex 0.219278140184685 0.01757086443293565 -0.4
   vertex 0.2167683125306248 0.017692922439455236 0.4
   vertex 0.219278140184685 0.01757086443293565 0.4
  endloop
 endfacet
 facet normal 0.04968922745100445 0.9987647268904359 -0.0
  outer loop
   vertex 0.219278140184685 0.01757086443293565 -0.4
   vertex 0.219278140184685 0.01757086443293565 0.4
   vertex 0.22178811536524765 0.017445991453058144 -0.4
  endloop
 endfacet
 facet normal 0.04968922745100445 0.9987647268904359 -0.0
  outer loop
   vertex 0.22178811536524765 0.017445991453058144 -0.4
   vertex 0.219278140184685 0.01757086443293565 0.4
   vertex 0.22178811536524765 0.017445991453058144 0.4
  endloop
 endfacet
 facet normal 0.05079743982173264 0.9987089761851926 -0.0
  outer loop
   vertex 0.22178811536524765 0.017445991453058144 -0.4
   vertex 0.22178811536524765 0.017445991453058144 0.4
   vertex 0.2242982372674023 0.017318318858428064 -0.4
  endloop
 endfacet
 facet normal 0.05079743982173264 0.9987089761851926 -0.0
  outer loop
   vertex 0.2242982372674023 0.017318318858428064 -0.4
   vertex 0.22178811536524765 0.017445991453058144 0.4
   vertex 0.2242982372674023 0.017318318858428064 0.4
  endloop
 endfacet
 facet normal 0.051900365422055256 0.9986522673455911 -0.0
  outer loop
   vertex 0.2242982372674023 0.017318318858428064 -0.4
   vertex 0.2242982372674023 0.017318318858428064 0.4
   vertex 0.22680850523291066 0.01718785920898126 -0.4
  endloop
 endfacet
 facet normal 0.051900365422055256 0.9986522673455911 -0.0
  outer loop
   vertex 0.22680850523291066 0.01718785920898126 -0.4
   vertex 0.2242982372674023 0.017318318858428064 0.4
   vertex 0.22680850523291066 0.01718785920898126 0.4
  endloop
 endfacet
 facet normal 0.05299910124117009 0.9985945595050955 -0.0
  outer loop
   vertex 0.22680850523291066 0.01718785920898126 -0.4
   vertex 0.22680850523291066 0.01718785920898126 0.4
   vertex 0.22931891874882535 0.017054622292336025 -0.4
  endloop
 endfacet
 facet normal 0.05299910124117009 0.9985945595050955 -0.0
  outer loop
   vertex 0.22931891874882535 0.017054622292336025 -0.4
   vertex 0.22680850523291066 0.01718785920898126 0.4
   vertex 0.22931891874882535 0.017054622292336025 0.4
  endloop
 endfacet
 facet normal 0.05409473316828067 0.9985358074947119 -0.0
  outer loop
   vertex 0.22931891874882535 0.017054622292336025 -0.4
   vertex 0.22931891874882535 0.017054622292336025 0.4
   vertex 0.23182947744617638 0.01691861514885937 -0.4
  endloop
 endfacet
 facet normal 0.05409473316828067 0.9985358074947119 -0.0
  outer loop
   vertex 0.23182947744617638 0.01691861514885937 -0.4
   vertex 0.22931891874882535 0.017054622292336025 0.4
   vertex 0.23182947744617638 0.01691861514885937 0.4
  endloop
 endfacet
 facet normal 0.05518833645581111 0.9984759619164705 -0.0
  outer loop
   vertex 0.23182947744617638 0.01691861514885937 -0.4
   vertex 0.23182947744617638 0.01691861514885937 0.4
   vertex 0.23434018109872085 0.01677984209552366 -0.4
  endloop
 endfacet
 facet normal 0.05518833645581111 0.9984759619164705 -0.0
  outer loop
   vertex 0.23434018109872085 0.01677984209552366 -0.4
   vertex 0.23182947744617638 0.01691861514885937 0.4
   vertex 0.23434018109872085 0.01677984209552366 0.4
  endloop
 endfacet
 facet normal 0.05628097615195917 0.9984149692033276 -0.0
  outer loop
   vertex 0.23434018109872085 0.01677984209552366 -0.4
   vertex 0.23434018109872085 0.01677984209552366 0.4
   vertex 0.23685102962175225 0.016638304748624034 -0.4
  endloop
 endfacet
 facet normal 0.05628097615195917 0.9984149692033276 -0.0
  outer loop
   vertex 0.23685102962175225 0.016638304748624034 -0.4
   vertex 0.23434018109872085 0.01677984209552366 0.4
   vertex 0.23685102962175225 0.016638304748624034 0.4
  endloop
 endfacet
 facet normal 0.05737370750416398 0.9983527716660303 -0.0
  outer loop
   vertex 0.23685102962175225 0.016638304748624034 -0.4
   vertex 0.23685102962175225 0.016638304748624034 0.4
   vertex 0.23936202307096643 0.016494002045422566 -0.4
  endloop
 endfacet
 facet normal 0.05737370750416398 0.9983527716660303 -0.0
  outer loop
   vertex 0.23936202307096643 0.016494002045422566 -0.4
   vertex 0.23685102962175225 0.016638304748624034 0.4
   vertex 0.23936202307096643 0.016494002045422566 0.4
  endloop
 endfacet
 facet normal 0.05846757633530589 0.9982893075274392 -0.0
  outer loop
   vertex 0.23936202307096643 0.016494002045422566 -0.4
   vertex 0.23936202307096643 0.016494002045422566 0.4
   vertex 0.2418731616413799 0.016346930264780315 -0.4
  endloop
 endfacet
 facet normal 0.05846757633530589 0.9982893075274392 -0.0
  outer loop
   vertex 0.2418731616413799 0.016346930264780315 -0.4
   vertex 0.23936202307096643 0.016494002045422566 0.4
   vertex 0.2418731616413799 0.016346930264780315 0.4
  endloop
 endfacet
 facet normal 0.05956361939387438 0.9982245109447887 -0.0
  outer loop
   vertex 0.2418731616413799 0.016346930264780315 -0.4
   vertex 0.2418731616413799 0.016346930264780315 0.4
   vertex 0.24438444566629894 0.016197083046834704 -0.4
  endloop
 endfacet
 facet normal 0.05956361939387438 0.9982245109447887 -0.0
  outer loop
   vertex 0.24438444566629894 0.016197083046834704 -0.4
   vertex 0.2418731616413799 0.016346930264780315 0.4
   vertex 0.24438444566629894 0.016197083046834704 0.4
  endloop
 endfacet
 facet normal 0.06066286467968706 0.9981583120203119 -0.0
  outer loop
   vertex 0.24438444566629894 0.016197083046834704 -0.4
   vertex 0.24438444566629894 0.016197083046834704 0.4
   vertex 0.24689587561633555 0.01604445141177551 -0.4
  endloop
 endfacet
 facet normal 0.06066286467968706 0.9981583120203119 -0.0
  outer loop
   vertex 0.24689587561633555 0.01604445141177551 -0.4
   vertex 0.24438444566629894 0.016197083046834704 0.4
   vertex 0.24689587561633555 0.01604445141177551 0.4
  endloop
 endfacet
 facet normal 0.06176633174625769 0.9980906368006469 -0.0
  outer loop
   vertex 0.24689587561633555 0.01604445141177551 -0.4
   vertex 0.24689587561633555 0.01604445141177551 0.4
   vertex 0.24940745209846782 0.015889023777769497 -0.4
  endloop
 endfacet
 facet normal 0.06176633174625769 0.9980906368006469 -0.0
  outer loop
   vertex 0.24940745209846782 0.015889023777769497 -0.4
   vertex 0.24689587561633555 0.01604445141177551 0.4
   vertex 0.24940745209846782 0.015889023777769497 0.4
  endloop
 endfacet
 facet normal 0.06287503198093648 0.9980214072654119 -0.0
  outer loop
   vertex 0.24940745209846782 0.015889023777769497 -0.4
   vertex 0.24940745209846782 0.015889023777769497 0.4
   vertex 0.25191917585514295 0.015730785978080468 -0.4
  endloop
 endfacet
 facet normal 0.06287503198093648 0.9980214072654119 -0.0
  outer loop
   vertex 0.25191917585514295 0.015730785978080468 -0.4
   vertex 0.24940745209846782 0.015889023777769497 0.4
   vertex 0.25191917585514295 0.015730785978080468 0.4
  endloop
 endfacet
 facet normal 0.06398996886403026 0.9979505413053026 -0.0
  outer loop
   vertex 0.25191917585514295 0.015730785978080468 -0.4
   vertex 0.25191917585514295 0.015730785978080468 0.4
   vertex 0.2544310477634198 0.01556972127742824 -0.4
  endloop
 endfacet
 facet normal 0.06398996886403026 0.9979505413053026 -0.0
  outer loop
   vertex 0.2544310477634198 0.01556972127742824 -0.4
   vertex 0.25191917585514295 0.015730785978080468 0.4
   vertex 0.2544310477634198 0.01556972127742824 0.4
  endloop
 endfacet
 facet normal 0.06511213820758917 0.9978779526900737 -0.0
  outer loop
   vertex 0.2544310477634198 0.01556972127742824 -0.4
   vertex 0.2544310477634198 0.01556972127742824 0.4
   vertex 0.25694306883414936 0.015405810387627752 -0.4
  endloop
 endfacet
 facet normal 0.06511213820758917 0.9978779526900737 -0.0
  outer loop
   vertex 0.25694306883414936 0.015405810387627752 -0.4
   vertex 0.2544310477634198 0.01556972127742824 0.4
   vertex 0.25694306883414936 0.015405810387627752 0.4
  endloop
 endfacet
 facet normal 0.0662425283749787 0.9978035510267144 -0.0
  outer loop
   vertex 0.25694306883414936 0.015405810387627752 -0.4
   vertex 0.25694306883414936 0.015405810387627752 0.4
   vertex 0.25945524021119076 0.015239031482546446 -0.4
  endloop
 endfacet
 facet normal 0.0662425283749787 0.9978035510267144 -0.0
  outer loop
   vertex 0.25945524021119076 0.015239031482546446 -0.4
   vertex 0.25694306883414936 0.015405810387627752 0.4
   vertex 0.25945524021119076 0.015239031482546446 0.4
  endloop
 endfacet
 facet normal 0.06738212048186423 0.9977272417081404 -0.0
  outer loop
   vertex 0.25945524021119076 0.015239031482546446 -0.4
   vertex 0.25945524021119076 0.015239031482546446 0.4
   vertex 0.2619675631706612 0.015069360212415974 -0.4
  endloop
 endfacet
 facet normal 0.06738212048186423 0.9977272417081404 -0.0
  outer loop
   vertex 0.2619675631706612 0.015069360212415974 -0.4
   vertex 0.25945524021119076 0.015239031482546446 0.4
   vertex 0.2619675631706612 0.015069360212415974 0.4
  endloop
 endfacet
 facet normal 0.06853188857937921 0.9976489258527013 -0.0
  outer loop
   vertex 0.2619675631706612 0.015069360212415974 -0.4
   vertex 0.2619675631706612 0.015069360212415974 0.4
   vertex 0.2644800391202183 0.014896769717531969 -0.4
  endloop
 endfacet
 facet normal 0.06853188857937921 0.9976489258527013 -0.0
  outer loop
   vertex 0.2644800391202183 0.014896769717531969 -0.4
   vertex 0.2619675631706612 0.015069360212415974 0.4
   vertex 0.2644800391202183 0.014896769717531969 0.4
  endloop
 endfacet
 facet normal 0.06969279982015048 0.9975685002347832 -0.0
  outer loop
   vertex 0.2644800391202183 0.014896769717531969 -0.4
   vertex 0.2644800391202183 0.014896769717531969 0.4
   vertex 0.26699266959837187 0.014721230641373536 -0.4
  endloop
 endfacet
 facet normal 0.06969279982015048 0.9975685002347832 -0.0
  outer loop
   vertex 0.26699266959837187 0.014721230641373536 -0.4
   vertex 0.2644800391202183 0.014896769717531969 0.4
   vertex 0.26699266959837187 0.014721230641373536 0.4
  endloop
 endfacet
 facet normal 0.07086581460766754 0.9974858572067985 -0.0
  outer loop
   vertex 0.26699266959837187 0.014721230641373536 -0.4
   vertex 0.26699266959837187 0.014721230641373536 0.4
   vertex 0.26950545627382616 0.014542711143172326 -0.4
  endloop
 endfacet
 facet normal 0.07086581460766754 0.9974858572067985 -0.0
  outer loop
   vertex 0.26950545627382616 0.014542711143172326 -0.4
   vertex 0.26699266959837187 0.014721230641373536 0.4
   vertex 0.26950545627382616 0.014542711143172326 0.4
  endloop
 endfacet
 facet normal 0.07205188672974346 0.9974008846128126 -0.0
  outer loop
   vertex 0.26950545627382616 0.014542711143172326 -0.4
   vertex 0.26950545627382616 0.014542711143172326 0.4
   vertex 0.2720184009448475 0.014361176909958936 -0.4
  endloop
 endfacet
 facet normal 0.07205188672974346 0.9974008846128126 -0.0
  outer loop
   vertex 0.2720184009448475 0.014361176909958936 -0.4
   vertex 0.26950545627382616 0.014542711143172326 0.4
   vertex 0.2720184009448475 0.014361176909958936 0.4
  endloop
 endfacet
 facet normal 0.07325196347623755 0.9973134656940931 -0.0
  outer loop
   vertex 0.2720184009448475 0.014361176909958936 -0.4
   vertex 0.2720184009448475 0.014361176909958936 0.4
   vertex 0.2745315055386598 0.014176591168113185 -0.4
  endloop
 endfacet
 facet normal 0.07325196347623755 0.9973134656940931 -0.0
  outer loop
   vertex 0.2745315055386598 0.014176591168113185 -0.4
   vertex 0.2720184009448475 0.014361176909958936 0.4
   vertex 0.2745315055386598 0.014176591168113185 0.4
  endloop
 endfacet
 facet normal 0.07446698574172868 0.9972234789868226 -0.0
  outer loop
   vertex 0.2745315055386598 0.014176591168113185 -0.4
   vertex 0.2745315055386598 0.014176591168113185 0.4
   vertex 0.2770447721108633 0.013988914694442918 -0.4
  endloop
 endfacet
 facet normal 0.07446698574172868 0.9972234789868226 -0.0
  outer loop
   vertex 0.2770447721108633 0.013988914694442918 -0.4
   vertex 0.2745315055386598 0.014176591168113185 0.4
   vertex 0.2770447721108633 0.013988914694442918 0.4
  endloop
 endfacet
 facet normal 0.07569788811337481 0.9971307982122367 -0.0
  outer loop
   vertex 0.2770447721108633 0.013988914694442918 -0.4
   vertex 0.2770447721108633 0.013988914694442918 0.4
   vertex 0.27955820284487803 0.013798105826814634 -0.4
  endloop
 endfacet
 facet normal 0.07569788811337481 0.9971307982122367 -0.0
  outer loop
   vertex 0.27955820284487803 0.013798105826814634 -0.4
   vertex 0.2770447721108633 0.013988914694442918 0.4
   vertex 0.27955820284487803 0.013798105826814634 0.4
  endloop
 endfacet
 facet normal 0.07694559894435023 0.9970352921594369 -0.0
  outer loop
   vertex 0.27955820284487803 0.013798105826814634 -0.4
   vertex 0.27955820284487803 0.013798105826814634 0.4
   vertex 0.2820718000514085 0.013604120474357917 -0.4
  endloop
 endfacet
 facet normal 0.07694559894435023 0.9970352921594369 -0.0
  outer loop
   vertex 0.2820718000514085 0.013604120474357917 -0.4
   vertex 0.27955820284487803 0.013798105826814634 0.4
   vertex 0.2820718000514085 0.013604120474357917 0.4
  endloop
 endfacet
 facet normal 0.07821104041309837 0.9969368245611271 -0.0
  outer loop
   vertex 0.2820718000514085 0.013604120474357917 -0.4
   vertex 0.2820718000514085 0.013604120474357917 0.4
   vertex 0.28458556616793057 0.013406912127264376 -0.4
  endloop
 endfacet
 facet normal 0.07821104041309837 0.9969368245611271 -0.0
  outer loop
   vertex 0.28458556616793057 0.013406912127264376 -0.4
   vertex 0.2820718000514085 0.013604120474357917 0.4
   vertex 0.28458556616793057 0.013406912127264376 0.4
  endloop
 endfacet
 facet normal 0.07949512856870151 0.9968352539625277 -0.0
  outer loop
   vertex 0.28458556616793057 0.013406912127264376 -0.4
   vertex 0.28458556616793057 0.013406912127264376 0.4
   vertex 0.2870995037581978 0.013206431866200597 -0.4
  endloop
 endfacet
 facet normal 0.07949512856870151 0.9968352539625277 -0.0
  outer loop
   vertex 0.2870995037581978 0.013206431866200597 -0.4
   vertex 0.28458556616793057 0.013406912127264376 0.4
   vertex 0.2870995037581978 0.013206431866200597 0.4
  endloop
 endfacet
 facet normal 0.08079877336251406 0.9967304335837134 -0.0
  outer loop
   vertex 0.2870995037581978 0.013206431866200597 -0.4
   vertex 0.2870995037581978 0.013206431866200597 0.4
   vertex 0.2896136155117677 0.0130026283713536 -0.4
  endloop
 endfacet
 facet normal 0.08079877336251406 0.9967304335837134 -0.0
  outer loop
   vertex 0.2896136155117677 0.0130026283713536 -0.4
   vertex 0.2870995037581978 0.013206431866200597 0.4
   vertex 0.2896136155117677 0.0130026283713536 0.4
  endloop
 endfacet
 facet normal 0.08212287866634929 0.9966222111756258 -0.0
  outer loop
   vertex 0.2896136155117677 0.0130026283713536 -0.4
   vertex 0.2896136155117677 0.0130026283713536 0.4
   vertex 0.2921279042435457 0.012795447931125995 -0.4
  endloop
 endfacet
 facet normal 0.08212287866634929 0.9966222111756258 -0.0
  outer loop
   vertex 0.2921279042435457 0.012795447931125995 -0.4
   vertex 0.2896136155117677 0.0130026283713536 0.4
   vertex 0.2921279042435457 0.012795447931125995 0.4
  endloop
 endfacet
 facet normal 0.08346834227716296 0.9965104288700274 -0.0
  outer loop
   vertex 0.2921279042435457 0.012795447931125995 -0.4
   vertex 0.2921279042435457 0.012795447931125995 0.4
   vertex 0.29464237289334727 0.012584834450497576 -0.4
  endloop
 endfacet
 facet normal 0.08346834227716296 0.9965104288700274 -0.0
  outer loop
   vertex 0.29464237289334727 0.012584834450497576 -0.4
   vertex 0.2921279042435457 0.012795447931125995 0.4
   vertex 0.29464237289334727 0.012584834450497576 0.4
  endloop
 endfacet
 facet normal 0.08483605590855296 0.9963949230236431 -0.0
  outer loop
   vertex 0.29464237289334727 0.012584834450497576 -0.4
   vertex 0.29464237289334727 0.012584834450497576 0.4
   vertex 0.2971570245254763 0.012370729459068619 -0.4
  endloop
 endfacet
 facet normal 0.08483605590855296 0.9963949230236431 -0.0
  outer loop
   vertex 0.2971570245254763 0.012370729459068619 -0.4
   vertex 0.29464237289334727 0.012584834450497576 0.4
   vertex 0.2971570245254763 0.012370729459068619 0.4
  endloop
 endfacet
 facet normal 0.08622690516907043 0.9962755240567575 -0.0
  outer loop
   vertex 0.2971570245254763 0.012370729459068619 -0.4
   vertex 0.2971570245254763 0.012370729459068619 0.4
   vertex 0.29967186232831927 0.012153072118799584 -0.4
  endloop
 endfacet
 facet normal 0.08622690516907043 0.9962755240567575 -0.0
  outer loop
   vertex 0.29967186232831927 0.012153072118799584 -0.4
   vertex 0.2971570245254763 0.012370729459068619 0.4
   vertex 0.29967186232831927 0.012153072118799584 0.4
  endloop
 endfacet
 facet normal 0.8563323999747428 0.5164250383962775 -0.0
  outer loop
   vertex 0.00010287334035799234 -0.0039268843865830115 -0.4
   vertex 0.00010287334035799234 -0.0039268843865830115 0.4
   vertex 0.00284456311826424 -0.00847313527091581 -0.4
  endloop
 endfacet
 facet normal 0.8563323999747428 0.5164250383962775 -0.0
  outer loop
   vertex 0.00284456311826424 -0.00847313527091581 -0.4
   vertex 0.00010287334035799234 -0.0039268843865830115 0.4
   vertex 0.00284456311826424 -0.00847313527091581 0.4
  endloop
 endfacet
 facet normal 0.5451727458977454 0.8383237300241891 -0.0
  outer loop
   vertex 0.00284456311826424 -0.00847313527091581 -0.4
   vertex 0.00284456311826424 -0.00847313527091581 0.4
   vertex 0.005436325000639533 -0.010158591487319082 -0.4
  endloop
 endfacet
 facet normal 0.5451727458977454 0.8383237300241891 -0.0
  outer loop
   vertex 0.005436325000639533 -0.010158591487319082 -0.4
   vertex 0.00284456311826424 -0.00847313527091581 0.4
   vertex 0.005436325000639533 -0.010158591487319082 0.4
  endloop
 endfacet
 facet normal 0.425690261042458 0.904868941213176 -0.0
  outer loop
   vertex 0.005436325000639533 -0.010158591487319082 -0.4
   vertex 0.005436325000639533 -0.010158591487319082 0.4
   vertex 0.008003037997275997 -0.011366086491064423 -0.4
  endloop
 endfacet
 facet normal 0.425690261042458 0.904868941213176 -0.0
  outer loop
   vertex 0.008003037997275997 -0.011366086491064423 -0.4
   vertex 0.005436325000639533 -0.010158591487319082 0.4
   vertex 0.008003037997275997 -0.011366086491064423 0.4
  endloop
 endfacet
 facet normal 0.35067732234675275 0.9364963505934508 -0.0
  outer loop
   vertex 0.008003037997275997 -0.011366086491064423 -0.4
   vertex 0.008003037997275997 -0.011366086491064423 0.4
   vertex 0.010556580717070075 -0.012322277642164989 -0.4
  endloop
 endfacet
 facet normal 0.35067732234675275 0.9364963505934508 -0.0
  outer loop
   vertex 0.010556580717070075 -0.012322277642164989 -0.4
   vertex 0.008003037997275997 -0.011366086491064423 0.4
   vertex 0.010556580717070075 -0.012322277642164989 0.4
  endloop
 endfacet
 facet normal 0.29741311185369157 0.954748888430685 -0.0
  outer loop
   vertex 0.010556580717070075 -0.012322277642164989 -0.4
   vertex 0.010556580717070075 -0.012322277642164989 0.4
   vertex 0.01310155965638056 -0.013115062127294443 -0.4
  endloop
 endfacet
 facet normal 0.29741311185369157 0.954748888430685 -0.0
  outer loop
   vertex 0.01310155965638056 -0.013115062127294443 -0.4
   vertex 0.010556580717070075 -0.012322277642164989 0.4
   vertex 0.01310155965638056 -0.013115062127294443 0.4
  endloop
 endfacet
 facet normal 0.2567843557086869 0.9664687236075306 -0.0
  outer loop
   vertex 0.01310155965638056 -0.013115062127294443 -0.4
   vertex 0.01310155965638056 -0.013115062127294443 0.4
   vertex 0.01564034153775433 -0.01378959970287168 -0.4
  endloop
 endfacet
 facet normal 0.2567843557086869 0.9664687236075306 -0.0
  outer loop
   vertex 0.01564034153775433 -0.01378959970287168 -0.4
   vertex 0.01310155965638056 -0.013115062127294443 0.4
   vertex 0.01564034153775433 -0.01378959970287168 0.4
  endloop
 endfacet
 facet normal 0.2242810192041223 0.974524511473831 -0.0
  outer loop
   vertex 0.01564034153775433 -0.01378959970287168 -0.4
   vertex 0.01564034153775433 -0.01378959970287168 0.4
   vertex 0.018174335765254315 -0.014372783400469543 -0.4
  endloop
 endfacet
 facet normal 0.2242810192041223 0.974524511473831 -0.0
  outer loop
   vertex 0.018174335765254315 -0.014372783400469543 -0.4
   vertex 0.01564034153775433 -0.01378959970287168 0.4
   vertex 0.018174335765254315 -0.014372783400469543 0.4
  endloop
 endfacet
 facet normal 0.19737605439148015 0.9803278493362294 -0.0
  outer loop
   vertex 0.018174335765254315 -0.014372783400469543 -0.4
   vertex 0.018174335765254315 -0.014372783400469543 0.4
   vertex 0.020704463561179477 -0.014882191188694728 -0.4
  endloop
 endfacet
 facet normal 0.19737605439148015 0.9803278493362294 -0.0
  outer loop
   vertex 0.020704463561179477 -0.014882191188694728 -0.4
   vertex 0.018174335765254315 -0.014372783400469543 0.4
   vertex 0.020704463561179477 -0.014882191188694728 0.4
  endloop
 endfacet
 facet normal 0.17452795891789205 0.984652218086054 -0.0
  outer loop
   vertex 0.020704463561179477 -0.014882191188694728 -0.4
   vertex 0.020704463561179477 -0.014882191188694728 0.4
   vertex 0.02323136731839705 -0.015330080653653606 -0.4
  endloop
 endfacet
 facet normal 0.17452795891789205 0.984652218086054 -0.0
  outer loop
   vertex 0.02323136731839705 -0.015330080653653606 -0.4
   vertex 0.020704463561179477 -0.014882191188694728 0.4
   vertex 0.02323136731839705 -0.015330080653653606 0.4
  endloop
 endfacet
 facet normal 0.15473573845228195 0.9879558948997285 -0.0
  outer loop
   vertex 0.02323136731839705 -0.015330080653653606 -0.4
   vertex 0.02323136731839705 -0.015330080653653606 0.4
   vertex 0.025755516951464223 -0.015725418299243895 -0.4
  endloop
 endfacet
 facet normal 0.15473573845228195 0.9879558948997285 -0.0
  outer loop
   vertex 0.025755516951464223 -0.015725418299243895 -0.4
   vertex 0.02323136731839705 -0.015330080653653606 0.4
   vertex 0.025755516951464223 -0.015725418299243895 0.4
  endloop
 endfacet
 facet normal 0.13731727784420258 0.9905271143302816 -0.0
  outer loop
   vertex 0.025755516951464223 -0.015725418299243895 -0.4
   vertex 0.025755516951464223 -0.015725418299243895 0.4
   vertex 0.028277269145817078 -0.01607501008902575 -0.4
  endloop
 endfacet
 facet normal 0.13731727784420258 0.9905271143302816 -0.0
  outer loop
   vertex 0.028277269145817078 -0.01607501008902575 -0.4
   vertex 0.025755516951464223 -0.015725418299243895 0.4
   vertex 0.028277269145817078 -0.01607501008902575 0.4
  endloop
 endfacet
 facet normal 0.12178954888370538 0.9925559454246808 -0.0
  outer loop
   vertex 0.028277269145817078 -0.01607501008902575 -0.4
   vertex 0.028277269145817078 -0.01607501008902575 0.4
   vertex 0.030796902740035187 -0.016384176580049845 -0.4
  endloop
 endfacet
 facet normal 0.12178954888370538 0.9925559454246808 -0.0
  outer loop
   vertex 0.030796902740035187 -0.016384176580049845 -0.4
   vertex 0.028277269145817078 -0.01607501008902575 0.4
   vertex 0.030796902740035187 -0.016384176580049845 0.4
  endloop
 endfacet
 facet normal 0.10779958869484678 0.9941726448107759 -0.0
  outer loop
   vertex 0.030796902740035187 -0.016384176580049845 -0.4
   vertex 0.030796902740035187 -0.016384176580049845 0.4
   vertex 0.03331464103529205 -0.016657178612530445 -0.4
  endloop
 endfacet
 facet normal 0.10779958869484678 0.9941726448107759 -0.0
  outer loop
   vertex 0.03331464103529205 -0.016657178612530445 -0.4
   vertex 0.030796902740035187 -0.016384176580049845 0.4
   vertex 0.03331464103529205 -0.016657178612530445 0.4
  endloop
 endfacet
 facet normal 0.0950826308401626 0.9954693829161119 -0.0
  outer loop
   vertex 0.03331464103529205 -0.016657178612530445 -0.4
   vertex 0.03331464103529205 -0.016657178612530445 0.4
   vertex 0.03583066649134484 -0.016897497726033987 -0.4
  endloop
 endfacet
 facet normal 0.0950826308401626 0.9954693829161119 -0.0
  outer loop
   vertex 0.03583066649134484 -0.016897497726033987 -0.4
   vertex 0.03331464103529205 -0.016657178612530445 0.4
   vertex 0.03583066649134484 -0.016897497726033987 0.4
  endloop
 endfacet
 facet normal 0.08343560645446903 0.9965131703017247 -0.0
  outer loop
   vertex 0.03583066649134484 -0.016897497726033987 -0.4
   vertex 0.03583066649134484 -0.016897497726033987 0.4
   vertex 0.03834513076262207 -0.017108027659440275 -0.4
  endloop
 endfacet
 facet normal 0.08343560645446903 0.9965131703017247 -0.0
  outer loop
   vertex 0.03834513076262207 -0.017108027659440275 -0.4
   vertex 0.03583066649134484 -0.016897497726033987 0.4
   vertex 0.03834513076262207 -0.017108027659440275 0.4
  endloop
 endfacet
 facet normal 0.07269976447449501 0.9973538706262541 -0.0
  outer loop
   vertex 0.03834513076262207 -0.017108027659440275 -0.4
   vertex 0.03834513076262207 -0.017108027659440275 0.4
   vertex 0.040858161762383605 -0.0172912091431448 -0.4
  endloop
 endfacet
 facet normal 0.07269976447449501 0.9973538706262541 -0.0
  outer loop
   vertex 0.040858161762383605 -0.0172912091431448 -0.4
   vertex 0.03834513076262207 -0.017108027659440275 0.4
   vertex 0.040858161762383605 -0.0172912091431448 0.4
  endloop
 endfacet
 facet normal 0.06274892098592381 0.9980293442187582 -0.0
  outer loop
   vertex 0.040858161762383605 -0.0172912091431448 -0.4
   vertex 0.040858161762383605 -0.0172912091431448 0.4
   vertex 0.04336986876464625 -0.017449127249599017 -0.4
  endloop
 endfacet
 facet normal 0.06274892098592381 0.9980293442187582 -0.0
  outer loop
   vertex 0.04336986876464625 -0.017449127249599017 -0.4
   vertex 0.040858161762383605 -0.0172912091431448 0.4
   vertex 0.04336986876464625 -0.017449127249599017 0.4
  endloop
 endfacet
 facet normal 0.05348130319804497 0.9985688505124909 -0.0
  outer loop
   vertex 0.04336986876464625 -0.017449127249599017 -0.4
   vertex 0.04336986876464625 -0.017449127249599017 0.4
   vertex 0.04588034617158724 -0.01758358327964997 -0.4
  endloop
 endfacet
 facet normal 0.05348130319804497 0.9985688505124909 -0.0
  outer loop
   vertex 0.04588034617158724 -0.01758358327964997 -0.4
   vertex 0.04336986876464625 -0.017449127249599017 0.4
   vertex 0.04588034617158724 -0.01758358327964997 0.4
  endloop
 endfacet
 facet normal 0.044813757267346856 0.9989953584298089 -0.0
  outer loop
   vertex 0.04588034617158724 -0.01758358327964997 -0.4
   vertex 0.04588034617158724 -0.01758358327964997 0.4
   vertex 0.04838967634978514 -0.01769614888124209 -0.4
  endloop
 endfacet
 facet normal 0.044813757267346856 0.9989953584298089 -0.0
  outer loop
   vertex 0.04838967634978514 -0.01769614888124209 -0.4
   vertex 0.04588034617158724 -0.01758358327964997 0.4
   vertex 0.04838967634978514 -0.01769614888124209 0.4
  endloop
 endfacet
 facet normal 0.0366775510579341 0.9993271517638027 -0.0
  outer loop
   vertex 0.04838967634978514 -0.01769614888124209 -0.4
   vertex 0.04838967634978514 -0.01769614888124209 0.4
   vertex 0.0508979318020357 -0.01778820749013097 -0.4
  endloop
 endfacet
 facet normal 0.0366775510579341 0.9993271517638027 -0.0
  outer loop
   vertex 0.0508979318020357 -0.01778820749013097 -0.4
   vertex 0.04838967634978514 -0.01769614888124209 0.4
   vertex 0.0508979318020357 -0.01778820749013097 0.4
  endloop
 endfacet
 facet normal 0.029015277723404707 0.9995789676968715 -0.0
  outer loop
   vertex 0.0508979318020357 -0.01778820749013097 -0.4
   vertex 0.0508979318020357 -0.01778820749013097 0.4
   vertex 0.05340517685562284 -0.01786098654401411 -0.4
  endloop
 endfacet
 facet normal 0.029015277723404707 0.9995789676968715 -0.0
  outer loop
   vertex 0.05340517685562284 -0.01786098654401411 -0.4
   vertex 0.0508979318020357 -0.01778820749013097 0.4
   vertex 0.05340517685562284 -0.01786098654401411 0.4
  endloop
 endfacet
 facet normal 0.02177853455669534 0.9997628190902631 -0.0
  outer loop
   vertex 0.05340517685562284 -0.01786098654401411 -0.4
   vertex 0.05340517685562284 -0.01786098654401411 0.4
   vertex 0.05591146899245953 -0.017915582863130018 -0.4
  endloop
 endfacet
 facet normal 0.02177853455669534 0.9997628190902631 -0.0
  outer loop
   vertex 0.05591146899245953 -0.017915582863130018 -0.4
   vertex 0.05340517685562284 -0.01786098654401411 0.4
   vertex 0.05591146899245953 -0.017915582863130018 0.4
  endloop
 endfacet
 facet normal 0.014926157787114527 0.9998885982028084 -0.0
  outer loop
   vertex 0.05591146899245953 -0.017915582863130018 -0.4
   vertex 0.05591146899245953 -0.017915582863130018 0.4
   vertex 0.058416859909792555 -0.01795298288971071 -0.4
  endloop
 endfacet
 facet normal 0.014926157787114527 0.9998885982028084 -0.0
  outer loop
   vertex 0.058416859909792555 -0.01795298288971071 -0.4
   vertex 0.05591146899245953 -0.017915582863130018 0.4
   vertex 0.058416859909792555 -0.01795298288971071 0.4
  endloop
 endfacet
 facet normal 0.008422862591192362 0.999964526564626 -0.0
  outer loop
   vertex 0.058416859909792555 -0.01795298288971071 -0.4
   vertex 0.058416859909792555 -0.01795298288971071 0.4
   vertex 0.06092139637531843 -0.017974079004566133 -0.4
  endloop
 endfacet
 facet normal 0.008422862591192362 0.999964526564626 -0.0
  outer loop
   vertex 0.06092139637531843 -0.017974079004566133 -0.4
   vertex 0.058416859909792555 -0.01795298288971071 0.4
   vertex 0.06092139637531843 -0.017974079004566133 0.4
  endloop
 endfacet
 facet normal 0.0022381828390043153 0.9999974947663965 -0.0
  outer loop
   vertex 0.06092139637531843 -0.017974079004566133 -0.4
   vertex 0.06092139637531843 -0.017974079004566133 0.4
   vertex 0.06342512092341229 -0.017979682811922117 -0.4
  endloop
 endfacet
 facet normal 0.0022381828390043153 0.9999974947663965 -0.0
  outer loop
   vertex 0.06342512092341229 -0.017979682811922117 -0.4
   vertex 0.06092139637531843 -0.017974079004566133 0.4
   vertex 0.06342512092341229 -0.017979682811922117 0.4
  endloop
 endfacet
 facet normal -0.003654364451301904 0.9999933222885256 0.0
  outer loop
   vertex 0.06342512092341229 -0.017979682811922117 -0.4
   vertex 0.06342512092341229 -0.017979682811922117 0.4
   vertex 0.0659280724271286 -0.017970536053844192 -0.4
  endloop
 endfacet
 facet normal -0.003654364451301904 0.9999933222885256 0.0
  outer loop
   vertex 0.0659280724271286 -0.017970536053844192 -0.4
   vertex 0.06342512092341229 -0.017979682811922117 0.4
   vertex 0.0659280724271286 -0.017970536053844192 0.4
  endloop
 endfacet
 facet normal -0.00927794411877425 0.9999569584506409 0.0
  outer loop
   vertex 0.0659280724271286 -0.017970536053844192 -0.4
   vertex 0.0659280724271286 -0.017970536053844192 0.4
   vertex 0.06843028657203698 -0.0179473196515646 -0.4
  endloop
 endfacet
 facet normal -0.00927794411877425 0.9999569584506409 0.0
  outer loop
   vertex 0.06843028657203698 -0.0179473196515646 -0.4
   vertex 0.0659280724271286 -0.017970536053844192 0.4
   vertex 0.06843028657203698 -0.0179473196515646 0.4
  endloop
 endfacet
 facet normal -0.014652936970250613 0.9998926394562853 0.0
  outer loop
   vertex 0.06843028657203698 -0.0179473196515646 -0.4
   vertex 0.06843028657203698 -0.0179473196515646 0.4
   vertex 0.07093179625173068 -0.017910661252231893 -0.4
  endloop
 endfacet
 facet normal -0.014652936970250613 0.9998926394562853 0.0
  outer loop
   vertex 0.07093179625173068 -0.017910661252231893 -0.4
   vertex 0.06843028657203698 -0.0179473196515646 0.4
   vertex 0.07093179625173068 -0.017910661252231893 0.4
  endloop
 endfacet
 facet normal -0.019797372378476744 0.9998040123181332 0.0
  outer loop
   vertex 0.07093179625173068 -0.017910661252231893 -0.4
   vertex 0.07093179625173068 -0.017910661252231893 0.4
   vertex 0.07343263190027433 -0.017861141572393047 -0.4
  endloop
 endfacet
 facet normal -0.019797372378476744 0.9998040123181332 0.0
  outer loop
   vertex 0.07343263190027433 -0.017861141572393047 -0.4
   vertex 0.07093179625173068 -0.017910661252231893 0.4
   vertex 0.07343263190027433 -0.017861141572393047 0.4
  endloop
 endfacet
 facet normal -0.024727281396815487 0.9996942335309855 0.0
  outer loop
   vertex 0.07343263190027433 -0.017861141572393047 -0.4
   vertex 0.07343263190027433 -0.017861141572393047 0.4
   vertex 0.07593282177346118 -0.01779929976470211 -0.4
  endloop
 endfacet
 facet normal -0.024727281396815487 0.9996942335309855 0.0
  outer loop
   vertex 0.07593282177346118 -0.01779929976470211 -0.4
   vertex 0.07343263190027433 -0.017861141572393047 0.4
   vertex 0.07593282177346118 -0.01779929976470211 0.4
  endloop
 endfacet
 facet normal -0.029456987084186065 0.9995660482990527 0.0
  outer loop
   vertex 0.07593282177346118 -0.01779929976470211 -0.4
   vertex 0.07593282177346118 -0.01779929976470211 0.4
   vertex 0.07843239218819652 -0.017725637985624914 -0.4
  endloop
 endfacet
 facet normal -0.029456987084186065 0.9995660482990527 0.0
  outer loop
   vertex 0.07843239218819652 -0.017725637985624914 -0.4
   vertex 0.07593282177346118 -0.01779929976470211 0.4
   vertex 0.07843239218819652 -0.017725637985624914 0.4
  endloop
 endfacet
 facet normal -0.0339993448167318 0.9994218546500779 0.0
  outer loop
   vertex 0.07843239218819652 -0.017725637985624914 -0.4
   vertex 0.07843239218819652 -0.017725637985624914 0.4
   vertex 0.0809313677273833 -0.017640625304893475 -0.4
  endloop
 endfacet
 facet normal -0.0339993448167318 0.9994218546500779 0.0
  outer loop
   vertex 0.0809313677273833 -0.017640625304893475 -0.4
   vertex 0.07843239218819652 -0.017725637985624914 0.4
   vertex 0.0809313677273833 -0.017640625304893475 0.4
  endloop
 endfacet
 facet normal -0.03836594245545592 0.9992637557019681 0.0
  outer loop
   vertex 0.0809313677273833 -0.017640625304893475 -0.4
   vertex 0.0809313677273833 -0.017640625304893475 0.4
   vertex 0.08342977141619896 -0.017544701069066203 -0.4
  endloop
 endfacet
 facet normal -0.03836594245545592 0.9992637557019681 0.0
  outer loop
   vertex 0.08342977141619896 -0.017544701069066203 -0.4
   vertex 0.0809313677273833 -0.017640625304893475 0.4
   vertex 0.08342977141619896 -0.017544701069066203 0.4
  endloop
 endfacet
 facet normal -0.04256726805924629 0.9990936025668565 0.0
  outer loop
   vertex 0.08342977141619896 -0.017544701069066203 -0.4
   vertex 0.08342977141619896 -0.017544701069066203 0.4
   vertex 0.08592762487449923 -0.017438277809564782 -0.4
  endloop
 endfacet
 facet normal -0.04256726805924629 0.9990936025668565 0.0
  outer loop
   vertex 0.08592762487449923 -0.017438277809564782 -0.4
   vertex 0.08342977141619896 -0.017544701069066203 0.4
   vertex 0.08592762487449923 -0.017438277809564782 0.4
  endloop
 endfacet
 facet normal -0.046612851182712925 0.9989130298002098 0.0
  outer loop
   vertex 0.08592762487449923 -0.017438277809564782 -0.4
   vertex 0.08592762487449923 -0.017438277809564782 0.4
   vertex 0.08842494844918533 -0.017321743768392843 -0.4
  endloop
 endfacet
 facet normal -0.046612851182712925 0.9989130298002098 0.0
  outer loop
   vertex 0.08842494844918533 -0.017321743768392843 -0.4
   vertex 0.08592762487449923 -0.017438277809564782 0.4
   vertex 0.08842494844918533 -0.017321743768392843 0.4
  endloop
 endfacet
 facet normal -0.05051138253831346 0.9987234848715985 0.0
  outer loop
   vertex 0.08842494844918533 -0.017321743768392843 -0.4
   vertex 0.08842494844918533 -0.017321743768392843 0.4
   vertex 0.09092176132966338 -0.017195465101231402 -0.4
  endloop
 endfacet
 facet normal -0.05051138253831346 0.9987234848715985 0.0
  outer loop
   vertex 0.09092176132966338 -0.017195465101231402 -0.4
   vertex 0.08842494844918533 -0.017321743768392843 0.4
   vertex 0.09092176132966338 -0.017195465101231402 0.4
  endloop
 endfacet
 facet normal -0.05427081583204525 0.9985262528090716 0.0
  outer loop
   vertex 0.09092176132966338 -0.017195465101231402 -0.4
   vertex 0.09092176132966338 -0.017195465101231402 0.4
   vertex 0.09341808164896281 -0.017059787806893507 -0.4
  endloop
 endfacet
 facet normal -0.05427081583204525 0.9985262528090716 0.0
  outer loop
   vertex 0.09341808164896281 -0.017059787806893507 -0.4
   vertex 0.09092176132966338 -0.017195465101231402 0.4
   vertex 0.09341808164896281 -0.017059787806893507 0.4
  endloop
 endfacet
 facet normal -0.057898454828753596 0.9983224769223913 0.0
  outer loop
   vertex 0.09341808164896281 -0.017059787806893507 -0.4
   vertex 0.09341808164896281 -0.017059787806893507 0.4
   vertex 0.09591392657263266 -0.016915039423567358 -0.4
  endloop
 endfacet
 facet normal -0.057898454828753596 0.9983224769223913 0.0
  outer loop
   vertex 0.09591392657263266 -0.016915039423567358 -0.4
   vertex 0.09341808164896281 -0.017059787806893507 0.4
   vertex 0.09591392657263266 -0.016915039423567358 0.4
  endloop
 endfacet
 facet normal -0.06140102811486633 0.9981131763214425 0.0
  outer loop
   vertex 0.09591392657263266 -0.016915039423567358 -0.4
   vertex 0.09591392657263266 -0.016915039423567358 0.4
   vertex 0.0984093123771744 -0.016761530525401323 -0.4
  endloop
 endfacet
 facet normal -0.06140102811486633 0.9981131763214425 0.0
  outer loop
   vertex 0.0984093123771744 -0.016761530525401323 -0.4
   vertex 0.09591392657263266 -0.016915039423567358 0.4
   vertex 0.0984093123771744 -0.016761530525401323 0.4
  endloop
 endfacet
 facet normal -0.06478475356229683 0.9978992608003828 0.0
  outer loop
   vertex 0.0984093123771744 -0.016761530525401323 -0.4
   vertex 0.0984093123771744 -0.016761530525401323 0.4
   vertex 0.10090425451947793 -0.016599556047424777 -0.4
  endloop
 endfacet
 facet normal -0.06478475356229683 0.9978992608003828 0.0
  outer loop
   vertex 0.10090425451947793 -0.016599556047424777 -0.4
   vertex 0.0984093123771744 -0.016761530525401323 0.4
   vertex 0.10090425451947793 -0.016599556047424777 0.4
  endloop
 endfacet
 facet normal -0.06805539413067575 0.9976815435447538 0.0
  outer loop
   vertex 0.10090425451947793 -0.016599556047424777 -0.4
   vertex 0.10090425451947793 -0.016599556047424777 0.4
   vertex 0.10339876769849127 -0.016429396462274246 -0.4
  endloop
 endfacet
 facet normal -0.06805539413067575 0.9976815435447538 0.0
  outer loop
   vertex 0.10339876769849127 -0.016429396462274246 -0.4
   vertex 0.10090425451947793 -0.016599556047424777 0.4
   vertex 0.10339876769849127 -0.016429396462274246 0.4
  endloop
 endfacet
 facet normal -0.07121830635164621 0.9974607520301648 0.0
  outer loop
   vertex 0.10339876769849127 -0.016429396462274246 -0.4
   vertex 0.10339876769849127 -0.016429396462274246 0.4
   vertex 0.10589286591015969 -0.016251318828494503 -0.4
  endloop
 endfacet
 facet normal -0.07121830635164621 0.9974607520301648 0.0
  outer loop
   vertex 0.10589286591015969 -0.016251318828494503 -0.4
   vertex 0.10339876769849127 -0.016429396462274246 0.4
   vertex 0.10589286591015969 -0.016251318828494503 0.4
  endloop
 endfacet
 facet normal -0.07427848260440433 0.9972375374113377 0.0
  outer loop
   vertex 0.10589286591015969 -0.016251318828494503 -0.4
   vertex 0.10589286591015969 -0.016251318828494503 0.4
   vertex 0.10838656249651098 -0.01606557772714088 -0.4
  endloop
 endfacet
 facet normal -0.07427848260440433 0.9972375374113377 0.0
  outer loop
   vertex 0.10838656249651098 -0.01606557772714088 -0.4
   vertex 0.10589286591015969 -0.016251318828494503 0.4
   vertex 0.10838656249651098 -0.01606557772714088 0.4
  endloop
 endfacet
 facet normal -0.0772405881022848 0.997012482644989 0.0
  outer loop
   vertex 0.10838656249651098 -0.01606557772714088 -0.4
   vertex 0.10838656249651098 -0.01606557772714088 0.4
   vertex 0.11087987018963144 -0.015872416100893568 -0.4
  endloop
 endfacet
 facet normal -0.0772405881022848 0.997012482644989 0.0
  outer loop
   vertex 0.11087987018963144 -0.015872416100893568 -0.4
   vertex 0.10838656249651098 -0.01606557772714088 0.4
   vertex 0.11087987018963144 -0.015872416100893568 0.4
  endloop
 endfacet
 facet normal -0.08010899335612885 0.9967861095460023 0.0
  outer loop
   vertex 0.11087987018963144 -0.015872416100893568 -0.4
   vertex 0.11087987018963144 -0.015872416100893568 0.4
   vertex 0.11337280115116842 -0.015672066007806885 -0.4
  endloop
 endfacet
 facet normal -0.08010899335612885 0.9967861095460023 0.0
  outer loop
   vertex 0.11337280115116842 -0.015672066007806885 -0.4
   vertex 0.11087987018963144 -0.015872416100893568 0.4
   vertex 0.11337280115116842 -0.015672066007806885 0.4
  endloop
 endfacet
 facet normal -0.08288780275569872 0.9965588849409759 0.0
  outer loop
   vertex 0.11337280115116842 -0.015672066007806885 -0.4
   vertex 0.11337280115116842 -0.015672066007806885 0.4
   vertex 0.11586536700790262 -0.015464749300073343 -0.4
  endloop
 endfacet
 facet normal -0.08288780275569872 0.9965588849409759 0.0
  outer loop
   vertex 0.11586536700790262 -0.015464749300073343 -0.4
   vertex 0.11337280115116842 -0.015672066007806885 0.4
   vertex 0.11586536700790262 -0.015464749300073343 0.4
  endloop
 endfacet
 facet normal -0.08558087980718233 0.9963312260548616 0.0
  outer loop
   vertex 0.11586536700790262 -0.015464749300073343 -0.4
   vertex 0.11586536700790262 -0.015464749300073343 0.4
   vertex 0.1183575788838585 -0.015250678236723504 -0.4
  endloop
 endfacet
 facet normal -0.08558087980718233 0.9963312260548616 0.0
  outer loop
   vertex 0.1183575788838585 -0.015250678236723504 -0.4
   vertex 0.11586536700790262 -0.015464749300073343 0.4
   vertex 0.1183575788838585 -0.015250678236723504 0.4
  endloop
 endfacet
 facet normal -0.08819186948096104 0.9961035052433553 0.0
  outer loop
   vertex 0.1183575788838585 -0.015250678236723504 -0.4
   vertex 0.1183575788838585 -0.015250678236723504 0.4
   vertex 0.1208494474293553 -0.015030056037954636 -0.4
  endloop
 endfacet
 facet normal -0.08819186948096104 0.9961035052433553 0.0
  outer loop
   vertex 0.1208494474293553 -0.015030056037954636 -0.4
   vertex 0.1183575788838585 -0.015250678236723504 0.4
   vertex 0.1208494474293553 -0.015030056037954636 0.4
  endloop
 endfacet
 facet normal -0.090724218054023 0.9958760541649884 0.0
  outer loop
   vertex 0.1208494474293553 -0.015030056037954636 -0.4
   vertex 0.1208494474293553 -0.015030056037954636 0.4
   vertex 0.1233409828473479 -0.014803077387744182 -0.4
  endloop
 endfacet
 facet normal -0.090724218054023 0.9958760541649884 0.0
  outer loop
   vertex 0.1233409828473479 -0.014803077387744182 -0.4
   vertex 0.1208494474293553 -0.015030056037954636 0.4
   vertex 0.1233409828473479 -0.014803077387744182 0.4
  endloop
 endfacet
 facet normal -0.09318119077344439 0.9956491674715955 0.0
  outer loop
   vertex 0.1233409828473479 -0.014803077387744182 -0.4
   vertex 0.1233409828473479 -0.014803077387744182 0.4
   vertex 0.12583219491736033 -0.014569928890525599 -0.4
  endloop
 endfacet
 facet normal -0.09318119077344439 0.9956491674715955 0.0
  outer loop
   vertex 0.12583219491736033 -0.014569928890525599 -0.4
   vertex 0.1233409828473479 -0.014803077387744182 0.4
   vertex 0.12583219491736033 -0.014569928890525599 0.4
  endloop
 endfacet
 facet normal -0.09556588761949145 0.9954231060832566 0.0
  outer loop
   vertex 0.12583219491736033 -0.014569928890525599 -0.4
   vertex 0.12583219491736033 -0.014569928890525599 0.4
   vertex 0.12832309301727496 -0.014330789486956102 -0.4
  endloop
 endfacet
 facet normal -0.09556588761949145 0.9954231060832566 0.0
  outer loop
   vertex 0.12832309301727496 -0.014330789486956102 -0.4
   vertex 0.12583219491736033 -0.014569928890525599 0.4
   vertex 0.12832309301727496 -0.014330789486956102 0.4
  endloop
 endfacet
 facet normal -0.0978812574062832 0.995198100103496 0.0
  outer loop
   vertex 0.12832309301727496 -0.014330789486956102 -0.4
   vertex 0.12832309301727496 -0.014330789486956102 0.4
   vertex 0.13081368614320857 -0.014085830833168002 -0.4
  endloop
 endfacet
 facet normal -0.0978812574062832 0.995198100103496 0.0
  outer loop
   vertex 0.13081368614320857 -0.014085830833168002 -0.4
   vertex 0.12832309301727496 -0.014330789486956102 0.4
   vertex 0.13081368614320857 -0.014085830833168002 0.4
  endloop
 endfacet
 facet normal -0.10013011042448274 0.9949743514219499 0.0
  outer loop
   vertex 0.13081368614320857 -0.014085830833168002 -0.4
   vertex 0.13081368614320857 -0.014085830833168002 0.4
   vertex 0.13330398292767554 -0.013835217647348637 -0.4
  endloop
 endfacet
 facet normal -0.10013011042448274 0.9949743514219499 0.0
  outer loop
   vertex 0.13330398292767554 -0.013835217647348637 -0.4
   vertex 0.13081368614320857 -0.014085830833168002 0.4
   vertex 0.13330398292767554 -0.013835217647348637 0.4
  endloop
 endfacet
 facet normal -0.1023151298017498 0.9947520360446153 0.0
  outer loop
   vertex 0.13330398292767554 -0.013835217647348637 -0.4
   vertex 0.13330398292767554 -0.013835217647348637 0.4
   vertex 0.1357939916562161 -0.013579108027024429 -0.4
  endloop
 endfacet
 facet normal -0.1023151298017498 0.9947520360446153 0.0
  outer loop
   vertex 0.1357939916562161 -0.013579108027024429 -0.4
   vertex 0.13330398292767554 -0.013835217647348637 0.4
   vertex 0.1357939916562161 -0.013579108027024429 0.4
  endloop
 endfacet
 facet normal -0.10443888173279335 0.9945313061858683 0.0
  outer loop
   vertex 0.1357939916562161 -0.013579108027024429 -0.4
   vertex 0.1357939916562161 -0.013579108027024429 0.4
   vertex 0.138283720282645 -0.013317653740020054 -0.4
  endloop
 endfacet
 facet normal -0.10443888173279335 0.9945313061858683 0.0
  outer loop
   vertex 0.138283720282645 -0.013317653740020054 -0.4
   vertex 0.1357939916562161 -0.013579108027024429 0.4
   vertex 0.138283720282645 -0.013317653740020054 0.4
  endloop
 endfacet
 facet normal -0.10650382471043467 0.9943122921514775 0.0
  outer loop
   vertex 0.138283720282645 -0.013317653740020054 -0.4
   vertex 0.138283720282645 -0.013317653740020054 0.4
   vertex 0.14077317644305745 -0.01305100049171395 -0.4
  endloop
 endfacet
 facet normal -0.10650382471043467 0.9943122921514775 0.0
  outer loop
   vertex 0.14077317644305745 -0.01305100049171395 -0.4
   vertex 0.138283720282645 -0.013317653740020054 0.4
   vertex 0.14077317644305745 -0.01305100049171395 0.4
  endloop
 endfacet
 facet normal -0.10851231787160341 0.9940951040376973 0.0
  outer loop
   vertex 0.14077317644305745 -0.01305100049171395 -0.4
   vertex 0.14077317644305745 -0.01305100049171395 0.4
   vertex 0.143262367468715 -0.012779288170908622 -0.4
  endloop
 endfacet
 facet normal -0.10851231787160341 0.9940951040376973 0.0
  outer loop
   vertex 0.143262367468715 -0.012779288170908622 -0.4
   vertex 0.14077317644305745 -0.01305100049171395 0.4
   vertex 0.143262367468715 -0.012779288170908622 0.4
  endloop
 endfacet
 facet normal -0.11046662855767274 0.9938798332679872 0.0
  outer loop
   vertex 0.143262367468715 -0.012779288170908622 -0.4
   vertex 0.143262367468715 -0.012779288170908622 0.4
   vertex 0.14575130039791778 -0.012502651076370587 -0.4
  endloop
 endfacet
 facet normal -0.11046662855767274 0.9938798332679872 0.0
  outer loop
   vertex 0.14575130039791778 -0.012502651076370587 -0.4
   vertex 0.143262367468715 -0.012779288170908622 0.4
   vertex 0.14575130039791778 -0.012502651076370587 0.4
  endloop
 endfacet
 facet normal -0.11236893917551469 0.9936665539859857 0.0
  outer loop
   vertex 0.14575130039791778 -0.012502651076370587 -0.4
   vertex 0.14575130039791778 -0.012502651076370587 0.4
   vertex 0.14823998198695953 -0.012221218125865744 -0.4
  endloop
 endfacet
 facet normal -0.11236893917551469 0.9936665539859857 0.0
  outer loop
   vertex 0.14823998198695953 -0.012221218125865744 -0.4
   vertex 0.14575130039791778 -0.012502651076370587 0.4
   vertex 0.14823998198695953 -0.012221218125865744 0.4
  endloop
 endfacet
 facet normal -0.11422135343509632 0.9934553243208188 0.0
  outer loop
   vertex 0.14823998198695953 -0.012221218125865744 -0.4
   vertex 0.14823998198695953 -0.012221218125865744 0.4
   vertex 0.15072841872025075 -0.011935113049315422 -0.4
  endloop
 endfacet
 facet normal -0.11422135343509632 0.9934553243208188 0.0
  outer loop
   vertex 0.15072841872025075 -0.011935113049315422 -0.4
   vertex 0.14823998198695953 -0.012221218125865744 0.4
   vertex 0.15072841872025075 -0.011935113049315422 0.4
  endloop
 endfacet
 facet normal -0.11602590203001174 0.9932461875387012 0.0
  outer loop
   vertex 0.15072841872025075 -0.011935113049315422 -0.4
   vertex 0.15072841872025075 -0.011935113049315422 0.4
   vertex 0.15321661681968501 -0.011644454567522888 -0.4
  endloop
 endfacet
 facet normal -0.11602590203001174 0.9932461875387012 0.0
  outer loop
   vertex 0.15321661681968501 -0.011644454567522888 -0.4
   vertex 0.15072841872025075 -0.011935113049315422 0.4
   vertex 0.15321661681968501 -0.011644454567522888 0.4
  endloop
 endfacet
 facet normal -0.11778454781903434 0.9930391730929969 0.0
  outer loop
   vertex 0.15321661681968501 -0.011644454567522888 -0.4
   vertex 0.15321661681968501 -0.011644454567522888 0.4
   vertex 0.15570458225331762 -0.011349356557766569 -0.4
  endloop
 endfacet
 facet normal -0.11778454781903434 0.9930391730929969 0.0
  outer loop
   vertex 0.15570458225331762 -0.011349356557766569 -0.4
   vertex 0.15321661681968501 -0.011644454567522888 0.4
   vertex 0.15570458225331762 -0.011349356557766569 0.4
  endloop
 endfacet
 facet normal -0.11949919056029175 0.9928342975832913 0.0
  outer loop
   vertex 0.15570458225331762 -0.011349356557766569 -0.4
   vertex 0.15570458225331762 -0.011349356557766569 0.4
   vertex 0.1581923207434164 -0.011049928207420375 -0.4
  endloop
 endfacet
 facet normal -0.11949919056029175 0.9928342975832913 0.0
  outer loop
   vertex 0.1581923207434164 -0.011049928207420375 -0.4
   vertex 0.15570458225331762 -0.011349356557766569 0.4
   vertex 0.1581923207434164 -0.011049928207420375 0.4
  endloop
 endfacet
 facet normal -0.12117167124312939 0.9926315656327548 0.0
  outer loop
   vertex 0.1581923207434164 -0.011049928207420375 -0.4
   vertex 0.1581923207434164 -0.011049928207420375 0.4
   vertex 0.16067983777393963 -0.010746274156642626 -0.4
  endloop
 endfacet
 facet normal -0.12117167124312939 0.9926315656327548 0.0
  outer loop
   vertex 0.16067983777393963 -0.010746274156642626 -0.4
   vertex 0.1581923207434164 -0.011049928207420375 0.4
   vertex 0.16067983777393963 -0.010746274156642626 0.4
  endloop
 endfacet
 facet normal -0.1228037760578142 0.9924309706918888 0.0
  outer loop
   vertex 0.16067983777393963 -0.010746274156642626 -0.4
   vertex 0.16067983777393963 -0.010746274156642626 0.4
   vertex 0.16316713859749035 -0.010438494631069386 -0.4
  endloop
 endfacet
 facet normal -0.1228037760578142 0.9924309706918888 0.0
  outer loop
   vertex 0.16316713859749035 -0.010438494631069386 -0.4
   vertex 0.16067983777393963 -0.010746274156642626 0.4
   vertex 0.16316713859749035 -0.010438494631069386 0.4
  endloop
 endfacet
 facet normal -0.12439724003845243 0.9922324957757797 0.0
  outer loop
   vertex 0.16316713859749035 -0.010438494631069386 -0.4
   vertex 0.16316713859749035 -0.010438494631069386 0.4
   vertex 0.16565422824179077 -0.010126685565355112 -0.4
  endloop
 endfacet
 facet normal -0.12439724003845243 0.9922324957757797 0.0
  outer loop
   vertex 0.16565422824179077 -0.010126685565355112 -0.4
   vertex 0.16316713859749035 -0.010438494631069386 0.4
   vertex 0.16565422824179077 -0.010126685565355112 0.4
  endloop
 endfacet
 facet normal -0.12595375041068238 0.9920361141411208 0.0
  outer loop
   vertex 0.16565422824179077 -0.010126685565355112 -0.4
   vertex 0.16565422824179077 -0.010126685565355112 0.4
   vertex 0.16814111151571687 -0.009810938718320438 -0.4
  endloop
 endfacet
 facet normal -0.12595375041068238 0.9920361141411208 0.0
  outer loop
   vertex 0.16814111151571687 -0.009810938718320438 -0.4
   vertex 0.16565422824179077 -0.010126685565355112 0.4
   vertex 0.16814111151571687 -0.009810938718320438 0.4
  endloop
 endfacet
 facet normal -0.12747494967206785 0.9918417899085267 0.0
  outer loop
   vertex 0.16814111151571687 -0.009810938718320438 -0.4
   vertex 0.16814111151571687 -0.009810938718320438 0.4
   vertex 0.17062779301492925 -0.009491341780393679 -0.4
  endloop
 endfacet
 facet normal -0.12747494967206785 0.9918417899085267 0.0
  outer loop
   vertex 0.17062779301492925 -0.009491341780393679 -0.4
   vertex 0.16814111151571687 -0.009810938718320438 0.4
   vertex 0.17062779301492925 -0.009491341780393679 0.4
  endloop
 endfacet
 facet normal -0.12896243843010397 0.9916494786350273 0.0
  outer loop
   vertex 0.17062779301492925 -0.009491341780393679 -0.4
   vertex 0.17062779301492925 -0.009491341780393679 0.4
   vertex 0.17311427712713265 -0.009167978473967255 -0.4
  endloop
 endfacet
 facet normal -0.12896243843010397 0.9916494786350273 0.0
  outer loop
   vertex 0.17311427712713265 -0.009167978473967255 -0.4
   vertex 0.17062779301492925 -0.009491341780393679 0.4
   vertex 0.17311427712713265 -0.009167978473967255 0.4
  endloop
 endfacet
 facet normal -0.1304177780201737 0.9914591278410598 0.0
  outer loop
   vertex 0.17311427712713265 -0.009167978473967255 -0.4
   vertex 0.17311427712713265 -0.009167978473967255 0.4
   vertex 0.17560056803699334 -0.008840928647231716 -0.4
  endloop
 endfacet
 facet normal -0.1304177780201737 0.9914591278410598 0.0
  outer loop
   vertex 0.17560056803699334 -0.008840928647231716 -0.4
   vertex 0.17311427712713265 -0.009167978473967255 0.4
   vertex 0.17560056803699334 -0.008840928647231716 0.4
  endloop
 endfacet
 facet normal -0.1318424929231592 0.9912706774958062 0.0
  outer loop
   vertex 0.17560056803699334 -0.008840928647231716 -0.4
   vertex 0.17560056803699334 -0.008840928647231716 0.4
   vertex 0.17808666973074194 -0.00851026836199828 -0.4
  endloop
 endfacet
 facet normal -0.1318424929231592 0.9912706774958062 0.0
  outer loop
   vertex 0.17808666973074194 -0.00851026836199828 -0.4
   vertex 0.17560056803699334 -0.008840928647231716 0.4
   vertex 0.17808666973074194 -0.00851026836199828 0.4
  endloop
 endfacet
 facet normal -0.1332380730007359 0.9910840604642736 0.0
  outer loop
   vertex 0.17808666973074194 -0.00851026836199828 -0.4
   vertex 0.17808666973074194 -0.00851026836199828 0.4
   vertex 0.1805725860004852 -0.008176069975973779 -0.4
  endloop
 endfacet
 facet normal -0.1332380730007359 0.9910840604642736 0.0
  outer loop
   vertex 0.1805725860004852 -0.008176069975973779 -0.4
   vertex 0.17808666973074194 -0.00851026836199828 0.4
   vertex 0.1805725860004852 -0.008176069975973779 0.4
  endloop
 endfacet
 facet normal -0.13460597556406467 0.9908992029191771 0.0
  outer loop
   vertex 0.1805725860004852 -0.008176069975973779 -0.4
   vertex 0.1805725860004852 -0.008176069975973779 0.4
   vertex 0.18305832044824927 -0.007838402219910627 -0.4
  endloop
 endfacet
 facet normal -0.13460597556406467 0.9908992029191771 0.0
  outer loop
   vertex 0.18305832044824927 -0.007838402219910627 -0.4
   vertex 0.1805725860004852 -0.008176069975973779 0.4
   vertex 0.18305832044824927 -0.007838402219910627 0.4
  endloop
 endfacet
 facet normal -0.1359476272904073 0.9907160247203208 0.0
  outer loop
   vertex 0.18305832044824927 -0.007838402219910627 -0.4
   vertex 0.18305832044824927 -0.007838402219910627 0.4
   vertex 0.18554387648977438 -0.007497330270016542 -0.4
  endloop
 endfacet
 facet normal -0.1359476272904073 0.9907160247203208 0.0
  outer loop
   vertex 0.18554387648977438 -0.007497330270016542 -0.4
   vertex 0.18305832044824927 -0.007838402219910627 0.4
   vertex 0.18554387648977438 -0.007497330270016542 0.4
  endloop
 endfacet
 facet normal -0.13726442600043218 0.9905344397639141 0.0
  outer loop
   vertex 0.18554387648977438 -0.007497330270016542 -0.4
   vertex 0.18554387648977438 -0.007497330270016542 0.4
   vertex 0.1880292573580799 -0.007152915815975222 -0.4
  endloop
 endfacet
 facet normal -0.13726442600043218 0.9905344397639141 0.0
  outer loop
   vertex 0.1880292573580799 -0.007152915815975222 -0.4
   vertex 0.18554387648977438 -0.007497330270016542 0.4
   vertex 0.1880292573580799 -0.007152915815975222 0.4
  endloop
 endfacet
 facet normal -0.1385577423079188 0.9903543563039867 0.0
  outer loop
   vertex 0.1880292573580799 -0.007152915815975222 -0.4
   vertex 0.1880292573580799 -0.007152915815975222 0.4
   vertex 0.19051446610681577 -0.006805217124898799 -0.4
  endloop
 endfacet
 facet normal -0.1385577423079188 0.9903543563039867 0.0
  outer loop
   vertex 0.19051446610681577 -0.006805217124898799 -0.4
   vertex 0.1880292573580799 -0.007152915815975222 0.4
   vertex 0.19051446610681577 -0.006805217124898799 0.4
  endloop
 endfacet
 facet normal -0.1398289211521963 0.9901756772478689 0.0
  outer loop
   vertex 0.19051446610681577 -0.006805217124898799 -0.4
   vertex 0.19051446610681577 -0.006805217124898799 0.4
   vertex 0.1929995056134163 -0.006454289101505679 -0.4
  endloop
 endfacet
 facet normal -0.1398289211521963 0.9901756772478689 0.0
  outer loop
   vertex 0.1929995056134163 -0.006454289101505679 -0.4
   vertex 0.19051446610681577 -0.006805217124898799 0.4
   vertex 0.1929995056134163 -0.006454289101505679 0.4
  endloop
 endfacet
 facet normal -0.14107928322293636 0.9899983004274692 0.0
  outer loop
   vertex 0.1929995056134163 -0.006454289101505679 -0.4
   vertex 0.1929995056134163 -0.006454289101505679 0.4
   vertex 0.19548437858207046 -0.00610018334479235 -0.4
  endloop
 endfacet
 facet normal -0.14107928322293636 0.9899983004274692 0.0
  outer loop
   vertex 0.19548437858207046 -0.00610018334479235 -0.4
   vertex 0.1929995056134163 -0.006454289101505679 0.4
   vertex 0.19548437858207046 -0.00610018334479235 0.4
  endloop
 endfacet
 facet normal -0.14231012628572506 0.989822118847941 0.0
  outer loop
   vertex 0.19548437858207046 -0.00610018334479235 -0.4
   vertex 0.19548437858207046 -0.00610018334479235 0.4
   vertex 0.1979690875465206 -0.0057429482014458594 -0.4
  endloop
 endfacet
 facet normal -0.14231012628572506 0.989822118847941 0.0
  outer loop
   vertex 0.1979690875465206 -0.0057429482014458594 -0.4
   vertex 0.19548437858207046 -0.00610018334479235 0.4
   vertex 0.1979690875465206 -0.0057429482014458594 0.4
  endloop
 endfacet
 facet normal -0.14352272641621716 0.9896470209151613 0.0
  outer loop
   vertex 0.1979690875465206 -0.0057429482014458594 -0.4
   vertex 0.1979690875465206 -0.0057429482014458594 0.4
   vertex 0.20045363487270326 -0.005382628816222926 -0.4
  endloop
 endfacet
 facet normal -0.14352272641621716 0.9896470209151613 0.0
  outer loop
   vertex 0.20045363487270326 -0.005382628816222926 -0.4
   vertex 0.1979690875465206 -0.0057429482014458594 0.4
   vertex 0.20045363487270326 -0.005382628816222926 0.4
  endloop
 endfacet
 facet normal -0.14471833914990279 0.9894728906432975 0.0
  outer loop
   vertex 0.20045363487270326 -0.005382628816222926 -0.4
   vertex 0.20045363487270326 -0.005382628816222926 0.4
   vertex 0.20293802276124098 -0.005019267179503841 -0.4
  endloop
 endfacet
 facet normal -0.14471833914990279 0.9894728906432975 0.0
  outer loop
   vertex 0.20293802276124098 -0.005019267179503841 -0.4
   vertex 0.20045363487270326 -0.005382628816222926 0.4
   vertex 0.20293802276124098 -0.005019267179503841 0.4
  endloop
 endfacet
 facet normal -0.14589820055379574 0.9892996078436425 0.0
  outer loop
   vertex 0.20293802276124098 -0.005019267179503841 -0.4
   vertex 0.20293802276124098 -0.005019267179503841 0.4
   vertex 0.20542225324979663 -0.004652902172212309 -0.4
  endloop
 endfacet
 facet normal -0.14589820055379574 0.9892996078436425 0.0
  outer loop
   vertex 0.20542225324979663 -0.004652902172212309 -0.4
   vertex 0.20293802276124098 -0.005019267179503841 0.4
   vertex 0.20542225324979663 -0.004652902172212309 0.4
  endloop
 endfacet
 facet normal -0.14706352822593305 0.9891270482957547 0.0
  outer loop
   vertex 0.20542225324979663 -0.004652902172212309 -0.4
   vertex 0.20542225324979663 -0.004652902172212309 0.4
   vertex 0.20790632821529867 -0.004283569608277396 -0.4
  endloop
 endfacet
 facet normal -0.14706352822593305 0.9891270482957547 0.0
  outer loop
   vertex 0.20790632821529867 -0.004283569608277396 -0.4
   vertex 0.20542225324979663 -0.004652902172212309 0.4
   vertex 0.20790632821529867 -0.004283569608277396 0.4
  endloop
 endfacet
 facet normal -0.14821552222786397 0.9889550839018751 0.0
  outer loop
   vertex 0.20790632821529867 -0.004283569608277396 -0.4
   vertex 0.20790632821529867 -0.004283569608277396 0.4
   vertex 0.21039024937604628 -0.003911302274800017 -0.4
  endloop
 endfacet
 facet normal -0.14821552222786397 0.9889550839018751 0.0
  outer loop
   vertex 0.21039024937604628 -0.003911302274800017 -0.4
   vertex 0.20790632821529867 -0.004283569608277396 0.4
   vertex 0.21039024937604628 -0.003911302274800017 0.4
  endloop
 endfacet
 facet normal -0.14935536595498383 0.9887835828254875 0.0
  outer loop
   vertex 0.21039024937604628 -0.003911302274800017 -0.4
   vertex 0.21039024937604628 -0.003911302274800017 0.4
   vertex 0.21287401829370192 -0.003536129970073812 -0.4
  endloop
 endfacet
 facet normal -0.14935536595498383 0.9887835828254875 0.0
  outer loop
   vertex 0.21287401829370192 -0.003536129970073812 -0.4
   vertex 0.21039024937604628 -0.003911302274800017 0.4
   vertex 0.21287401829370192 -0.003536129970073812 0.4
  endloop
 endfacet
 facet normal -0.15048422694907865 0.9886124096148121 0.0
  outer loop
   vertex 0.21287401829370192 -0.003536129970073812 -0.4
   vertex 0.21287401829370192 -0.003536129970073812 0.4
   vertex 0.21535763637517852 -0.00315807953959886 -0.4
  endloop
 endfacet
 facet normal -0.15048422694907865 0.9886124096148121 0.0
  outer loop
   vertex 0.21535763637517852 -0.00315807953959886 -0.4
   vertex 0.21287401829370192 -0.003536129970073812 0.4
   vertex 0.21535763637517852 -0.00315807953959886 0.4
  endloop
 endfacet
 facet normal -0.15160325765700247 0.9884414253119722 0.0
  outer loop
   vertex 0.21535763637517852 -0.00315807953959886 -0.4
   vertex 0.21535763637517852 -0.00315807953959886 0.4
   vertex 0.21784110487442873 -0.002777174910216246 -0.4
  endloop
 endfacet
 facet normal -0.15160325765700247 0.9884414253119722 0.0
  outer loop
   vertex 0.21784110487442873 -0.002777174910216246 -0.4
   vertex 0.21535763637517852 -0.00315807953959886 0.4
   vertex 0.21784110487442873 -0.002777174910216246 0.4
  endloop
 endfacet
 facet normal -0.15271359613926488 0.9882704875484773 0.0
  outer loop
   vertex 0.21784110487442873 -0.002777174910216246 -0.4
   vertex 0.21784110487442873 -0.002777174910216246 0.4
   vertex 0.22032442489414142 -0.002393437122481942 -0.4
  endloop
 endfacet
 facet normal -0.15271359613926488 0.9882704875484773 0.0
  outer loop
   vertex 0.22032442489414142 -0.002393437122481942 -0.4
   vertex 0.21784110487442873 -0.002777174910216246 0.4
   vertex 0.22032442489414142 -0.002393437122481942 0.4
  endloop
 endfacet
 facet normal -0.15381636673175506 0.9880994506276415 0.0
  outer loop
   vertex 0.22032442489414142 -0.002393437122481942 -0.4
   vertex 0.22032442489414142 -0.002393437122481942 0.4
   vertex 0.22280759738735165 -0.0020068843613897116 -0.4
  endloop
 endfacet
 facet normal -0.15381636673175506 0.9880994506276415 0.0
  outer loop
   vertex 0.22280759738735165 -0.0020068843613897116 -0.4
   vertex 0.22032442489414142 -0.002393437122481942 0.4
   vertex 0.22280759738735165 -0.0020068843613897116 0.4
  endloop
 endfacet
 facet normal -0.15491268066361588 0.9879281655945087 0.0
  outer loop
   vertex 0.22280759738735165 -0.0020068843613897116 -0.4
   vertex 0.22280759738735165 -0.0020068843613897116 0.4
   vertex 0.2252906231589698 -0.0016175319855449165 -0.4
  endloop
 endfacet
 facet normal -0.15491268066361588 0.9879281655945087 0.0
  outer loop
   vertex 0.2252906231589698 -0.0016175319855449165 -0.4
   vertex 0.22280759738735165 -0.0020068843613897116 0.4
   vertex 0.2252906231589698 -0.0016175319855449165 0.4
  endloop
 endfacet
 facet normal -0.15600363663423952 0.9877564802937638 0.0
  outer loop
   vertex 0.2252906231589698 -0.0016175319855449165 -0.4
   vertex 0.2252906231589698 -0.0016175319855449165 0.4
   vertex 0.22777350286723433 -0.0012253925548833945 -0.4
  endloop
 endfacet
 facet normal -0.15600363663423952 0.9877564802937638 0.0
  outer loop
   vertex 0.22777350286723433 -0.0012253925548833945 -0.4
   vertex 0.2252906231589698 -0.0016175319855449165 0.4
   vertex 0.22777350286723433 -0.0012253925548833945 0.4
  endloop
 endfacet
 facet normal -0.1570903213516912 0.9875842394161474 0.0
  outer loop
   vertex 0.22777350286723433 -0.0012253925548833945 -0.4
   vertex 0.22777350286723433 -0.0012253925548833945 0.4
   vertex 0.23025623702509251 -0.0008304758570234368 -0.4
  endloop
 endfacet
 facet normal -0.1570903213516912 0.9875842394161474 0.0
  outer loop
   vertex 0.23025623702509251 -0.0008304758570234368 -0.4
   vertex 0.22777350286723433 -0.0012253925548833945 0.4
   vertex 0.23025623702509251 -0.0008304758570234368 0.4
  endloop
 endfacet
 facet normal -0.15817381003510614 0.9874112845337761 0.0
  outer loop
   vertex 0.23025623702509251 -0.0008304758570234368 -0.4
   vertex 0.23025623702509251 -0.0008304758570234368 0.4
   vertex 0.23273882600151435 -0.0004327889323320629 -0.4
  endloop
 endfacet
 facet normal -0.15817381003510614 0.9874112845337761 0.0
  outer loop
   vertex 0.23273882600151435 -0.0004327889323320629 -0.4
   vertex 0.23025623702509251 -0.0008304758570234368 0.4
   vertex 0.23273882600151435 -0.0004327889323320629 0.4
  endloop
 endfacet
 facet normal -0.15925516688307592 0.9872374541248039 0.0
  outer loop
   vertex 0.23273882600151435 -0.0004327889323320629 -0.4
   vertex 0.23273882600151435 -0.0004327889323320629 0.4
   vertex 0.23522127002274276 -3.233609778163658e-05 -0.4
  endloop
 endfacet
 facet normal -0.15925516688307592 0.9872374541248039 0.0
  outer loop
   vertex 0.23522127002274276 -3.233609778163658e-05 -0.4
   vertex 0.23273882600151435 -0.0004327889323320629 0.4
   vertex 0.23522127002274276 -3.233609778163658e-05 0.4
  endloop
 endfacet
 facet normal -0.16033544551007017 0.9870625835877815 0.0
  outer loop
   vertex 0.23522127002274276 -3.233609778163658e-05 -0.4
   vertex 0.23522127002274276 -3.233609778163658e-05 0.4
   vertex 0.23770356917348417 0.00037088103033271083 -0.4
  endloop
 endfacet
 facet normal -0.16033544551007017 0.9870625835877815 0.0
  outer loop
   vertex 0.23770356917348417 0.00037088103033271083 -0.4
   vertex 0.23522127002274276 -3.233609778163658e-05 0.4
   vertex 0.23770356917348417 0.00037088103033271083 0.4
  endloop
 endfacet
 facet normal -0.16141568935259892 0.9868865052460913 0.0
  outer loop
   vertex 0.23770356917348417 0.00037088103033271083 -0.4
   vertex 0.23770356917348417 0.00037088103033271083 0.4
   vertex 0.24018572339804295 0.0007768635147489016 -0.4
  endloop
 endfacet
 facet normal -0.16141568935259892 0.9868865052460913 0.0
  outer loop
   vertex 0.24018572339804295 0.0007768635147489016 -0.4
   vertex 0.23770356917348417 0.00037088103033271083 0.4
   vertex 0.24018572339804295 0.0007768635147489016 0.4
  endloop
 endfacet
 facet normal -0.1624969320469497 0.9867090483427563 0.0
  outer loop
   vertex 0.24018572339804295 0.0007768635147489016 -0.4
   vertex 0.24018572339804295 0.0007768635147489016 0.4
   vertex 0.24266773250140236 0.0011856150766058704 -0.4
  endloop
 endfacet
 facet normal -0.1624969320469497 0.9867090483427563 0.0
  outer loop
   vertex 0.24266773250140236 0.0011856150766058704 -0.4
   vertex 0.24018572339804295 0.0007768635147489016 0.4
   vertex 0.24266773250140236 0.0011856150766058704 0.4
  endloop
 endfacet
 facet normal -0.16358019777975508 0.9865300390259777 0.0
  outer loop
   vertex 0.24266773250140236 0.0011856150766058704 -0.4
   vertex 0.24266773250140236 0.0011856150766058704 0.4
   vertex 0.2451495961502561 0.0015971420757661975 -0.4
  endloop
 endfacet
 facet normal -0.16358019777975508 0.9865300390259777 0.0
  outer loop
   vertex 0.2451495961502561 0.0015971420757661975 -0.4
   vertex 0.24266773250140236 0.0011856150766058704 0.4
   vertex 0.2451495961502561 0.0015971420757661975 0.4
  endloop
 endfacet
 facet normal -0.1646665016130287 0.9863493003256559 0.0
  outer loop
   vertex 0.2451495961502561 0.0015971420757661975 -0.4
   vertex 0.2451495961502561 0.0015971420757661975 0.4
   vertex 0.2476313138739924 0.002011453492040108 -0.4
  endloop
 endfacet
 facet normal -0.1646665016130287 0.9863493003256559 0.0
  outer loop
   vertex 0.2476313138739924 0.002011453492040108 -0.4
   vertex 0.2451495961502561 0.0015971420757661975 0.4
   vertex 0.2476313138739924 0.002011453492040108 0.4
  endloop
 endfacet
 facet normal -0.1657568497848403 0.9861666521211898 0.0
  outer loop
   vertex 0.2476313138739924 0.002011453492040108 -0.4
   vertex 0.2476313138739924 0.002011453492040108 0.4
   vertex 0.250112885065633 0.0024285609072608474 -0.4
  endloop
 endfacet
 facet normal -0.1657568497848403 0.9861666521211898 0.0
  outer loop
   vertex 0.250112885065633 0.0024285609072608474 -0.4
   vertex 0.2476313138739924 0.002011453492040108 0.4
   vertex 0.250112885065633 0.0024285609072608474 0.4
  endloop
 endfacet
 facet normal -0.16685223998669696 0.9859819111008369 0.0
  outer loop
   vertex 0.250112885065633 0.0024285609072608474 -0.4
   vertex 0.250112885065633 0.0024285609072608474 0.4
   vertex 0.2525943089827307 0.002848478488164595 -0.4
  endloop
 endfacet
 facet normal -0.16685223998669696 0.9859819111008369 0.0
  outer loop
   vertex 0.2525943089827307 0.002848478488164595 -0.4
   vertex 0.250112885065633 0.0024285609072608474 0.4
   vertex 0.2525943089827307 0.002848478488164595 0.4
  endloop
 endfacet
 facet normal -0.16795366161897513 0.9857948907128423 0.0
  outer loop
   vertex 0.2525943089827307 0.002848478488164595 -0.4
   vertex 0.2525943089827307 0.002848478488164595 0.4
   vertex 0.2550755847482267 0.003271222970031537 -0.4
  endloop
 endfacet
 facet normal -0.16795366161897513 0.9857948907128423 0.0
  outer loop
   vertex 0.2550755847482267 0.003271222970031537 -0.4
   vertex 0.2525943089827307 0.002848478488164595 0.4
   vertex 0.2550755847482267 0.003271222970031537 0.4
  endloop
 endfacet
 facet normal -0.16906209602505984 0.9856054011086337 0.0
  outer loop
   vertex 0.2550755847482267 0.003271222970031537 -0.4
   vertex 0.2550755847482267 0.003271222970031537 0.4
   vertex 0.25755671135127 0.0036968136410467423 -0.4
  endloop
 endfacet
 facet normal -0.16906209602505984 0.9856054011086337 0.0
  outer loop
   vertex 0.25755671135127 0.0036968136410467423 -0.4
   vertex 0.2550755847482267 0.003271222970031537 0.4
   vertex 0.25755671135127 0.0036968136410467423 0.4
  endloop
 endfacet
 facet normal -0.1701785167053012 0.985413249078281 0.0
  outer loop
   vertex 0.25755671135127 0.0036968136410467423 -0.4
   vertex 0.25755671135127 0.0036968136410467423 0.4
   vertex 0.26003768764800156 0.004125272327342776 -0.4
  endloop
 endfacet
 facet normal -0.1701785167053012 0.985413249078281 0.0
  outer loop
   vertex 0.26003768764800156 0.004125272327342776 -0.4
   vertex 0.25755671135127 0.0036968136410467423 0.4
   vertex 0.26003768764800156 0.004125272327342776 0.4
  endloop
 endfacet
 facet normal -0.17130388951158218 0.9852182379784542 0.0
  outer loop
   vertex 0.26003768764800156 0.004125272327342776 -0.4
   vertex 0.26003768764800156 0.004125272327342776 0.4
   vertex 0.26251851236230395 0.004556623378687963 -0.4
  endloop
 endfacet
 facet normal -0.17130388951158218 0.9852182379784542 0.0
  outer loop
   vertex 0.26251851236230395 0.004556623378687963 -0.4
   vertex 0.26003768764800156 0.004125272327342776 0.4
   vertex 0.26251851236230395 0.004556623378687963 0.4
  endloop
 endfacet
 facet normal -0.17243917282314009 0.9850201676531176 0.0
  outer loop
   vertex 0.26251851236230395 0.004556623378687963 -0.4
   vertex 0.26251851236230395 0.004556623378687963 0.4
   vertex 0.2649991840865198 0.004990893654786689 -0.4
  endloop
 endfacet
 facet normal -0.17243917282314009 0.9850201676531176 0.0
  outer loop
   vertex 0.2649991840865198 0.004990893654786689 -0.4
   vertex 0.26251851236230395 0.004556623378687963 0.4
   vertex 0.2649991840865198 0.004990893654786689 0.4
  endloop
 endfacet
 facet normal -0.17358531770441787 0.9848188343471618 0.0
  outer loop
   vertex 0.2649991840865198 0.004990893654786689 -0.4
   vertex 0.2649991840865198 0.004990893654786689 0.4
   vertex 0.26747970128213894 0.005428112512159837 -0.4
  endloop
 endfacet
 facet normal -0.17358531770441787 0.9848188343471618 0.0
  outer loop
   vertex 0.26747970128213894 0.005428112512159837 -0.4
   vertex 0.2649991840865198 0.004990893654786689 0.4
   vertex 0.26747970128213894 0.005428112512159837 0.4
  endloop
 endfacet
 facet normal -0.17474326804547738 0.9846140306132025 0.0
  outer loop
   vertex 0.26747970128213894 0.005428112512159837 -0.4
   vertex 0.26747970128213894 0.005428112512159837 0.4
   vertex 0.2699600622804576 0.005868311791575767 -0.4
  endloop
 endfacet
 facet normal -0.17474326804547738 0.9846140306132025 0.0
  outer loop
   vertex 0.2699600622804576 0.005868311791575767 -0.4
   vertex 0.26747970128213894 0.005428112512159837 0.4
   vertex 0.2699600622804576 0.005868311791575767 0.4
  endloop
 endfacet
 facet normal -0.17591396068570153 0.9844055452117316 0.0
  outer loop
   vertex 0.2699600622804576 0.005868311791575767 -0.4
   vertex 0.2699600622804576 0.005868311791575767 0.4
   vertex 0.2724402652832091 0.006311525806003876 -0.4
  endloop
 endfacet
 facet normal -0.17591396068570153 0.9844055452117316 0.0
  outer loop
   vertex 0.2724402652832091 0.006311525806003876 -0.4
   vertex 0.2699600622804576 0.005868311791575767 0.4
   vertex 0.2724402652832091 0.006311525806003876 0.4
  endloop
 endfacet
 facet normal -0.17709832552097712 0.9841931630048814 0.0
  outer loop
   vertex 0.2724402652832091 0.006311525806003876 -0.4
   vertex 0.2724402652832091 0.006311525806003876 0.4
   vertex 0.2749203083631697 0.0067577913290643495 -0.4
  endloop
 endfacet
 facet normal -0.17709832552097712 0.9841931630048814 0.0
  outer loop
   vertex 0.2749203083631697 0.0067577913290643495 -0.4
   vertex 0.2724402652832091 0.006311525806003876 0.4
   vertex 0.2749203083631697 0.0067577913290643495 0.4
  endloop
 endfacet
 facet normal -0.17829728559514071 0.9839766648439612 0.0
  outer loop
   vertex 0.2749203083631697 0.0067577913290643495 -0.4
   vertex 0.2749203083631697 0.0067577913290643495 0.4
   vertex 0.27740018946473904 0.007207147583949332 -0.4
  endloop
 endfacet
 facet normal -0.17829728559514071 0.9839766648439612 0.0
  outer loop
   vertex 0.27740018946473904 0.007207147583949332 -0.4
   vertex 0.2749203083631697 0.0067577913290643495 0.4
   vertex 0.27740018946473904 0.007207147583949332 0.4
  endloop
 endfacet
 facet normal -0.17951175717586218 0.9837558274510153 0.0
  outer loop
   vertex 0.27740018946473904 0.007207147583949332 -0.4
   vertex 0.27740018946473904 0.007207147583949332 0.4
   vertex 0.2798799064044972 0.0076596362327923375 -0.4
  endloop
 endfacet
 facet normal -0.17951175717586218 0.9837558274510153 0.0
  outer loop
   vertex 0.2798799064044972 0.0076596362327923375 -0.4
   vertex 0.27740018946473904 0.007207147583949332 0.4
   vertex 0.2798799064044972 0.0076596362327923375 0.4
  endloop
 endfacet
 facet normal -0.18074264981542476 0.983530423294601 0.0
  outer loop
   vertex 0.2798799064044972 0.0076596362327923375 -0.4
   vertex 0.2798799064044972 0.0076596362327923375 0.4
   vertex 0.2823594568717396 0.008115301366463773 -0.4
  endloop
 endfacet
 facet normal -0.18074264981542476 0.983530423294601 0.0
  outer loop
   vertex 0.2823594568717396 0.008115301366463773 -0.4
   vertex 0.2798799064044972 0.0076596362327923375 0.4
   vertex 0.2823594568717396 0.008115301366463773 0.4
  endloop
 endfacet
 facet normal -0.18199086639666703 0.9833002204600145 0.0
  outer loop
   vertex 0.2823594568717396 0.008115301366463773 -0.4
   vertex 0.2823594568717396 0.008115301366463773 0.4
   vertex 0.2848388384289904 0.008574189494772028 -0.4
  endloop
 endfacet
 facet normal -0.18199086639666703 0.9833002204600145 0.0
  outer loop
   vertex 0.2848388384289904 0.008574189494772028 -0.4
   vertex 0.2823594568717396 0.008115301366463773 0.4
   vertex 0.2848388384289904 0.008574189494772028 0.4
  endloop
 endfacet
 facet normal -0.18325730316441513 0.983064982514176 0.0
  outer loop
   vertex 0.2848388384289904 0.008574189494772028 -0.4
   vertex 0.2848388384289904 0.008574189494772028 0.4
   vertex 0.28731804851249604 0.009036349537050535 -0.4
  endloop
 endfacet
 facet normal -0.18325730316441513 0.983064982514176 0.0
  outer loop
   vertex 0.28731804851249604 0.009036349537050535 -0.4
   vertex 0.2848388384289904 0.008574189494772028 0.4
   vertex 0.28731804851249604 0.009036349537050535 0.4
  endloop
 endfacet
 facet normal -0.1845428497425283 0.9828244683654204 0.0
  outer loop
   vertex 0.28731804851249604 0.009036349537050535 -0.4
   vertex 0.28731804851249604 0.009036349537050535 0.4
   vertex 0.289797084432699 0.009501832813112251 -0.4
  endloop
 endfacet
 facet normal -0.1845428497425283 0.9828244683654204 0.0
  outer loop
   vertex 0.289797084432699 0.009501832813112251 -0.4
   vertex 0.28731804851249604 0.009036349537050535 0.4
   vertex 0.289797084432699 0.009501832813112251 0.4
  endloop
 endfacet
 facet normal -0.18584838913695104 0.9825784321183945 0.0
  outer loop
   vertex 0.289797084432699 0.009501832813112251 -0.4
   vertex 0.289797084432699 0.009501832813112251 0.4
   vertex 0.2922759433746939 0.009970693034554572 -0.4
  endloop
 endfacet
 facet normal -0.18584838913695104 0.9825784321183945 0.0
  outer loop
   vertex 0.2922759433746939 0.009970693034554572 -0.4
   vertex 0.289797084432699 0.009501832813112251 0.4
   vertex 0.2922759433746939 0.009970693034554572 0.4
  endloop
 endfacet
 facet normal -0.18717479772470527 0.9823266229243406 0.0
  outer loop
   vertex 0.2922759433746939 0.009970693034554572 -0.4
   vertex 0.2922759433746939 0.009970693034554572 0.4
   vertex 0.2947546223986652 0.010442986296397708 -0.4
  endloop
 endfacet
 facet normal -0.18717479772470527 0.9823266229243406 0.0
  outer loop
   vertex 0.2947546223986652 0.010442986296397708 -0.4
   vertex 0.2922759433746939 0.009970693034554572 0.4
   vertex 0.2947546223986652 0.010442986296397708 0.4
  endloop
 endfacet
 facet normal -0.18852294522909865 0.9820687848269879 0.0
  outer loop
   vertex 0.2947546223986652 0.010442986296397708 -0.4
   vertex 0.2947546223986652 0.010442986296397708 0.4
   vertex 0.29723311844030903 0.010918771069041386 -0.4
  endloop
 endfacet
 facet normal -0.18852294522909865 0.9820687848269879 0.0
  outer loop
   vertex 0.29723311844030903 0.010918771069041386 -0.4
   vertex 0.2947546223986652 0.010442986296397708 0.4
   vertex 0.29723311844030903 0.010918771069041386 0.4
  endloop
 endfacet
 facet normal -0.18989369468131426 0.9818046566042974 0.0
  outer loop
   vertex 0.29723311844030903 0.010918771069041386 -0.4
   vertex 0.29723311844030903 0.010918771069041386 0.4
   vertex 0.2997114283112389 0.01139810819052514 -0.4
  endloop
 endfacet
 facet normal -0.18989369468131426 0.9818046566042974 0.0
  outer loop
   vertex 0.2997114283112389 0.01139810819052514 -0.4
   vertex 0.29723311844030903 0.010918771069041386 0.4
   vertex 0.2997114283112389 0.01139810819052514 0.4
  endloop
 endfacet
 facet normal -0.05107201656346632 0.9986949730101817 0.0
  outer loop
   vertex 0.00010269644645593267 -0.003923509049858563 -0.4
   vertex 0.00010269644645593267 -0.003923509049858563 0.4
   vertex 0.2997114283112389 0.01139810819052514 0.4
  endloop
 endfacet
 facet normal 0.05107201656346632 -0.9986949730101817 0.0
  outer loop
   vertex 0.2997114283112389 0.01139810819052514 0.4
   vertex 0.00010269644645593267 -0.003923509049858563 0.4
   vertex 0.2997114283112389 0.01139810819052514 -0.4
  endloop
 endfacet
 facet normal 0.05359981208890659 -0.9985624968602119 0.0
  outer loop
   vertex 0.00010287334035799234 -0.0039268843865830115 0.4
   vertex 0.00010287334035799234 -0.0039268843865830115 -0.4
   vertex 0.29967186232831927 0.012153072118799584 -0.4
  endloop
 endfacet
 facet normal -0.05359981208890659 0.9985624968602119 0.0
  outer loop
   vertex 0.29967186232831927 0.012153072118799584 -0.4
   vertex 0.00010287334035799234 -0.0039268843865830115 -0.4
   vertex 0.29967186232831927 0.012153072118799584 0.4
  endloop
 endfacet
 facet normal -0.08622686740358128 -0.9962750877099765 -0.0009359251288707315
  outer loop
   vertex 0.29967186232831927 0.012153072118799584 -0.4
   vertex 0.2997114283112389 0.01139810819052514 0.4
   vertex 0.2971570245254763 0.012370729459068619 -0.4
  endloop
 endfacet
 facet normal 0.18989338705886363 -0.981803066108336 -0.0017999836630157647
  outer loop
   vertex 0.2971570245254763 0.012370729459068619 -0.4
   vertex 0.2997114283112389 0.01139810819052514 0.4
   vertex 0.29723311844030903 0.010918771069041386 0.4
  endloop
 endfacet
 facet normal -0.08483591842322769 -0.9963933082658772 -0.001800332658190474
  outer loop
   vertex 0.2971570245254763 0.012370729459068619 -0.4
   vertex 0.29723311844030903 0.010918771069041386 0.4
   vertex 0.29464237289334727 0.012584834450497576 -0.4
  endloop
 endfacet
 facet normal 0.18852228040329727 -0.9820653215633195 -0.002655745411140704
  outer loop
   vertex 0.29464237289334727 0.012584834450497576 -0.4
   vertex 0.29723311844030903 0.010918771069041386 0.4
   vertex 0.2947546223986652 0.010442986296397708 0.4
  endloop
 endfacet
 facet normal -0.08346804781511521 -0.996506913351527 -0.0026562465572907844
  outer loop
   vertex 0.29464237289334727 0.012584834450497576 -0.4
   vertex 0.2947546223986652 0.010442986296397708 0.4
   vertex 0.2921279042435457 0.012795447931125995 -0.4
  endloop
 endfacet
 facet normal 0.18717364920778823 -0.9823205953033236 -0.0035031549199857335
  outer loop
   vertex 0.2921279042435457 0.012795447931125995 -0.4
   vertex 0.2947546223986652 0.010442986296397708 0.4
   vertex 0.2922759433746939 0.009970693034554572 0.4
  endloop
 endfacet
 facet normal -0.08212237456975092 -0.9966160935884849 -0.003503798581733525
  outer loop
   vertex 0.2921279042435457 0.012795447931125995 -0.4
   vertex 0.2922759433746939 0.009970693034554572 0.4
   vertex 0.2896136155117677 0.0130026283713536 -0.4
  endloop
 endfacet
 facet normal 0.1858466369589682 -0.9825691683722668 -0.0043423385778051365
  outer loop
   vertex 0.2896136155117677 0.0130026283713536 -0.4
   vertex 0.2922759433746939 0.009970693034554572 0.4
   vertex 0.289797084432699 0.009501832813112251 0.4
  endloop
 endfacet
 facet normal -0.08079801131923232 -0.9967210330482967 -0.004343115801688834
  outer loop
   vertex 0.2896136155117677 0.0130026283713536 -0.4
   vertex 0.289797084432699 0.009501832813112251 0.4
   vertex 0.2870995037581978 0.013206431866200597 -0.4
  endloop
 endfacet
 facet normal 0.18454038015012847 -0.9828113159954378 -0.005173418042199128
  outer loop
   vertex 0.2870995037581978 0.013206431866200597 -0.4
   vertex 0.289797084432699 0.009501832813112251 0.4
   vertex 0.28731804851249604 0.009036349537050535 0.4
  endloop
 endfacet
 facet normal -0.0794940643764736 -0.9968219094425693 -0.005174320523885946
  outer loop
   vertex 0.2870995037581978 0.013206431866200597 -0.4
   vertex 0.28731804851249604 0.009036349537050535 0.4
   vertex 0.28458556616793057 0.013406912127264376 -0.4
  endloop
 endfacet
 facet normal 0.18325400833945055 -0.983047307764028 -0.005996510162602868
  outer loop
   vertex 0.28458556616793057 0.013406912127264376 -0.4
   vertex 0.28731804851249604 0.009036349537050535 0.4
   vertex 0.2848388384289904 0.008574189494772028 0.4
  endloop
 endfacet
 facet normal -0.07820963376046856 -0.9969188943073085 -0.005997530215623753
  outer loop
   vertex 0.28458556616793057 0.013406912127264376 -0.4
   vertex 0.2848388384289904 0.008574189494772028 0.4
   vertex 0.2820718000514085 0.013604120474357917 -0.4
  endloop
 endfacet
 facet normal 0.1819866441938538 -0.9832774078154042 -0.00681172690473667
  outer loop
   vertex 0.2820718000514085 0.013604120474357917 -0.4
   vertex 0.2848388384289904 0.008574189494772028 0.4
   vertex 0.2823594568717396 0.008115301366463773 0.4
  endloop
 endfacet
 facet normal -0.07694381320762579 -0.997012153181234 -0.0068128574306654845
  outer loop
   vertex 0.2820718000514085 0.013604120474357917 -0.4
   vertex 0.2823594568717396 0.008115301366463773 0.4
   vertex 0.27955820284487803 0.013798105826814634 -0.4
  endloop
 endfacet
 facet normal 0.18073740351831985 -0.9835018750088603 -0.007619175276842474
  outer loop
   vertex 0.27955820284487803 0.013798105826814634 -0.4
   vertex 0.2823594568717396 0.008115301366463773 0.4
   vertex 0.2798799064044972 0.0076596362327923375 0.4
  endloop
 endfacet
 facet normal -0.07569569016888708 -0.9971018457778146 -0.007620409736844326
  outer loop
   vertex 0.27955820284487803 0.013798105826814634 -0.4
   vertex 0.2798799064044972 0.0076596362327923375 0.4
   vertex 0.2770447721108633 0.013988914694442918 -0.4
  endloop
 endfacet
 facet normal 0.1795053952704515 -0.9837209630966127 -0.008418957257531404
  outer loop
   vertex 0.2770447721108633 0.013988914694442918 -0.4
   vertex 0.2798799064044972 0.0076596362327923375 0.4
   vertex 0.27740018946473904 0.007207147583949332 0.4
  endloop
 endfacet
 facet normal -0.07446434579271448 -0.9971881261507427 -0.008420289645205126
  outer loop
   vertex 0.2770447721108633 0.013988914694442918 -0.4
   vertex 0.27740018946473904 0.007207147583949332 0.4
   vertex 0.2745315055386598 0.014176591168113185 -0.4
  endloop
 endfacet
 facet normal 0.17828972156034978 -0.9839349208897464 -0.009211169725068915
  outer loop
   vertex 0.2745315055386598 0.014176591168113185 -0.4
   vertex 0.27740018946473904 0.007207147583949332 0.4
   vertex 0.2749203083631697 0.0067577913290643495 0.4
  endloop
 endfacet
 facet normal -0.0732488548936844 -0.997271142852597 -0.00921259454051014
  outer loop
   vertex 0.2745315055386598 0.014176591168113185 -0.4
   vertex 0.2749203083631697 0.0067577913290643495 0.4
   vertex 0.2720184009448475 0.014361176909958936 -0.4
  endloop
 endfacet
 facet normal 0.17708947763545055 -0.9841439924188977 -0.009995904387923743
  outer loop
   vertex 0.2720184009448475 0.014361176909958936 -0.4
   vertex 0.2749203083631697 0.0067577913290643495 0.4
   vertex 0.2724402652832091 0.006311525806003876 0.4
  endloop
 endfacet
 facet normal -0.07204828590656756 -0.997351039086429 -0.009997416612935926
  outer loop
   vertex 0.2720184009448475 0.014361176909958936 -0.4
   vertex 0.2724402652832091 0.006311525806003876 0.4
   vertex 0.26950545627382616 0.014542711143172326 -0.4
  endloop
 endfacet
 facet normal 0.1759037518502164 -0.9843484170894232 -0.010773247716407136
  outer loop
   vertex 0.26950545627382616 0.014542711143172326 -0.4
   vertex 0.2724402652832091 0.006311525806003876 0.4
   vertex 0.2699600622804576 0.005868311791575767 0.4
  endloop
 endfacet
 facet normal -0.07086170082561963 -0.9974279528500202 -0.010774842790788816
  outer loop
   vertex 0.26950545627382616 0.014542711143172326 -0.4
   vertex 0.2699600622804576 0.005868311791575767 0.4
   vertex 0.26699266959837187 0.014721230641373536 -0.4
  endloop
 endfacet
 facet normal 0.17473162562038325 -0.9845484298308285 -0.011543280875228754
  outer loop
   vertex 0.26699266959837187 0.014721230641373536 -0.4
   vertex 0.2699600622804576 0.005868311791575767 0.4
   vertex 0.26747970128213894 0.005428112512159837 0.4
  endloop
 endfacet
 facet normal -0.0696881551288683 -0.9975020170725575 -0.011544954674066476
  outer loop
   vertex 0.26699266959837187 0.014721230641373536 -0.4
   vertex 0.26747970128213894 0.005428112512159837 0.4
   vertex 0.2644800391202183 0.014896769717531969 -0.4
  endloop
 endfacet
 facet normal 0.17357217336151204 -0.9847442612402282 -0.012306079656795001
  outer loop
   vertex 0.2644800391202183 0.014896769717531969 -0.4
   vertex 0.26747970128213894 0.005428112512159837 0.4
   vertex 0.2649991840865198 0.004990893654786689 0.4
  endloop
 endfacet
 facet normal -0.06852669768702824 -0.9975733597434708 -0.012307828468692182
  outer loop
   vertex 0.2644800391202183 0.014896769717531969 -0.4
   vertex 0.2649991840865198 0.004990893654786689 0.4
   vertex 0.2619675631706612 0.015069360212415974 -0.4
  endloop
 endfacet
 facet normal 0.17242446241141612 -0.9849361377196305 -0.013061714415074957
  outer loop
   vertex 0.2619675631706612 0.015069360212415974 -0.4
   vertex 0.2649991840865198 0.004990893654786689 0.4
   vertex 0.26251851236230395 0.004556623378687963 0.4
  endloop
 endfacet
 facet normal -0.06737637065682917 -0.997642104033168 -0.013063534921247746
  outer loop
   vertex 0.2619675631706612 0.015069360212415974 -0.4
   vertex 0.26251851236230395 0.004556623378687963 0.4
   vertex 0.25945524021119076 0.015239031482546446 -0.4
  endloop
 endfacet
 facet normal 0.1712875529363045 -0.9851242816067907 -0.013810249999857813
  outer loop
   vertex 0.25945524021119076 0.015239031482546446 -0.4
   vertex 0.26251851236230395 0.004556623378687963 0.4
   vertex 0.26003768764800156 0.004125272327342776 0.4
  endloop
 endfacet
 facet normal -0.06623620935808926 -0.9977083684054293 -0.013812139254030594
  outer loop
   vertex 0.25945524021119076 0.015239031482546446 -0.4
   vertex 0.26003768764800156 0.004125272327342776 0.4
   vertex 0.25694306883414936 0.015405810387627752 -0.4
  endloop
 endfacet
 facet normal 0.17016049781987522 -0.9853089112994796 -0.014551745691224466
  outer loop
   vertex 0.25694306883414936 0.015405810387627752 -0.4
   vertex 0.26003768764800156 0.004125272327342776 0.4
   vertex 0.25755671135127 0.0036968136410467423 0.4
  endloop
 endfacet
 facet normal -0.065105242134382 -0.9977722667211745 -0.014553701100257374
  outer loop
   vertex 0.25694306883414936 0.015405810387627752 -0.4
   vertex 0.25755671135127 0.0036968136410467423 0.4
   vertex 0.2544310477634198 0.01556972127742824 -0.4
  endloop
 endfacet
 facet normal 0.16904234253519526 -0.9854902413728934 -0.01528625513405354
  outer loop
   vertex 0.2544310477634198 0.01556972127742824 -0.4
   vertex 0.25755671135127 0.0036968136410467423 0.4
   vertex 0.2550755847482267 0.003271222970031537 0.4
  endloop
 endfacet
 facet normal -0.06398249019656614 -0.9978339083333455 -0.01528827443923619
  outer loop
   vertex 0.2544310477634198 0.01556972127742824 -0.4
   vertex 0.2550755847482267 0.003271222970031537 0.4
   vertex 0.25191917585514295 0.015730785978080468 -0.4
  endloop
 endfacet
 facet normal 0.16793212499863844 -0.9856684826900234 -0.016013826272380616
  outer loop
   vertex 0.25191917585514295 0.015730785978080468 -0.4
   vertex 0.2550755847482267 0.003271222970031537 0.4
   vertex 0.2525943089827307 0.002848478488164595 0.4
  endloop
 endfacet
 facet normal -0.06286696744870897 -0.997893398172628 -0.01601590753132655
  outer loop
   vertex 0.25191917585514295 0.015730785978080468 -0.4
   vertex 0.2525943089827307 0.002848478488164595 0.4
   vertex 0.24940745209846782 0.015889023777769497 -0.4
  endloop
 endfacet
 facet normal 0.16682887540539096 -0.9858438425047569 -0.016734501283426136
  outer loop
   vertex 0.24940745209846782 0.015889023777769497 -0.4
   vertex 0.2525943089827307 0.002848478488164595 0.4
   vertex 0.250112885065633 0.0024285609072608474 0.4
  endloop
 endfacet
 facet normal -0.061757680295743536 -0.9979508368237212 -0.016736642852503085
  outer loop
   vertex 0.24940745209846782 0.015889023777769497 -0.4
   vertex 0.250112885065633 0.0024285609072608474 0.4
   vertex 0.24689587561633555 0.01604445141177551 -0.4
  endloop
 endfacet
 facet normal 0.16573161604572662 -0.9860165245575053 -0.017448316511104407
  outer loop
   vertex 0.24689587561633555 0.01604445141177551 -0.4
   vertex 0.250112885065633 0.0024285609072608474 0.4
   vertex 0.2476313138739924 0.002011453492040108 0.4
  endloop
 endfacet
 facet normal -0.060653627432102716 -0.9980063205918623 -0.017450517028336443
  outer loop
   vertex 0.24689587561633555 0.01604445141177551 -0.4
   vertex 0.2476313138739924 0.002011453492040108 0.4
   vertex 0.24438444566629894 0.016197083046834704 -0.4
  endloop
 endfacet
 facet normal 0.16463936110145855 -0.986186729163123 -0.018155302398822376
  outer loop
   vertex 0.24438444566629894 0.016197083046834704 -0.4
   vertex 0.2476313138739924 0.002011453492040108 0.4
   vertex 0.2451495961502561 0.0015971420757661975 0.4
  endloop
 endfacet
 facet normal -0.05955379961071523 -0.9980599415592917 -0.018157560767200143
  outer loop
   vertex 0.24438444566629894 0.016197083046834704 -0.4
   vertex 0.2451495961502561 0.0015971420757661975 0.4
   vertex 0.2418731616413799 0.016346930264780315 -0.4
  endloop
 endfacet
 facet normal 0.16355111642176345 -0.9863546532908835 -0.018855483421373106
  outer loop
   vertex 0.2418731616413799 0.016346930264780315 -0.4
   vertex 0.2451495961502561 0.0015971420757661975 0.4
   vertex 0.24266773250140236 0.0011856150766058704 0.4
  endloop
 endfacet
 facet normal -0.058457179391255935 -0.998111787631343 -0.018857798792509532
  outer loop
   vertex 0.2418731616413799 0.016346930264780315 -0.4
   vertex 0.24266773250140236 0.0011856150766058704 0.4
   vertex 0.23936202307096643 0.016494002045422566 -0.4
  endloop
 endfacet
 facet normal 0.16246587927727865 -0.9865204906363151 -0.019548878015723224
  outer loop
   vertex 0.23936202307096643 0.016494002045422566 -0.4
   vertex 0.24266773250140236 0.0011856150766058704 0.4
   vertex 0.24018572339804295 0.0007768635147489016 0.4
  endloop
 endfacet
 facet normal -0.05736274086697311 -0.998161942571805 -0.019551249773791576
  outer loop
   vertex 0.23936202307096643 0.016494002045422566 -0.4
   vertex 0.24018572339804295 0.0007768635147489016 0.4
   vertex 0.23685102962175225 0.016638304748624034 -0.4
  endloop
 endfacet
 facet normal 0.16138263809183698 -0.9866844316846054 -0.020235498510488843
  outer loop
   vertex 0.23685102962175225 0.016638304748624034 -0.4
   vertex 0.24018572339804295 0.0007768635147489016 0.4
   vertex 0.23770356917348417 0.00037088103033271083 0.4
  endloop
 endfacet
 facet normal -0.05626944936889409 -0.9982104860272032 -0.02023792625638109
  outer loop
   vertex 0.23685102962175225 0.016638304748624034 -0.4
   vertex 0.23770356917348417 0.00037088103033271083 0.4
   vertex 0.23434018109872085 0.01677984209552366 -0.4
  endloop
 endfacet
 facet normal 0.16030037215049167 -0.9868466637653607 -0.02091535105388809
  outer loop
   vertex 0.23434018109872085 0.01677984209552366 -0.4
   vertex 0.23770356917348417 0.00037088103033271083 0.4
   vertex 0.23522127002274276 -3.233609778163658e-05 0.4
  endloop
 endfacet
 facet normal -0.05517626114629281 -0.9982574935396173 -0.020917834589531777
  outer loop
   vertex 0.23434018109872085 0.01677984209552366 -0.4
   vertex 0.23522127002274276 -3.233609778163658e-05 0.4
   vertex 0.23182947744617638 0.01691861514885937 -0.4
  endloop
 endfacet
 facet normal 0.1592180512827643 -0.9870073710984477 -0.021588435539951673
  outer loop
   vertex 0.23182947744617638 0.01691861514885937 -0.4
   vertex 0.23522127002274276 -3.233609778163658e-05 0.4
   vertex 0.23273882600151435 -0.0004327889323320629 0.4
  endloop
 endfacet
 facet normal -0.054082123022327316 -0.9983030365476219 -0.0215909748527228
  outer loop
   vertex 0.23182947744617638 0.01691861514885937 -0.4
   vertex 0.23273882600151435 -0.0004327889323320629 0.4
   vertex 0.22931891874882535 0.017054622292336025 -0.4
  endloop
 endfacet
 facet normal 0.15813463551998977 -0.9871667348306172 -0.022254745532765033
  outer loop
   vertex 0.22931891874882535 0.017054622292336025 -0.4
   vertex 0.23273882600151435 -0.0004327889323320629 0.4
   vertex 0.23025623702509251 -0.0008304758570234368 0.4
  endloop
 endfacet
 facet normal -0.05298597202326886 -0.9983471823749237 -0.022257340779935984
  outer loop
   vertex 0.22931891874882535 0.017054622292336025 -0.4
   vertex 0.23025623702509251 -0.0008304758570234368 0.4
   vertex 0.22680850523291066 0.01718785920898126 -0.4
  endloop
 endfacet
 facet normal 0.15704907472505397 -0.9873249330626663 -0.022914268188507614
  outer loop
   vertex 0.22680850523291066 0.01718785920898126 -0.4
   vertex 0.23025623702509251 -0.0008304758570234368 0.4
   vertex 0.22777350286723433 -0.0012253925548833945 0.4
  endloop
 endfacet
 facet normal -0.05188673498008999 -0.998389994206224 -0.02291691968166751
  outer loop
   vertex 0.22680850523291066 0.01718785920898126 -0.4
   vertex 0.22777350286723433 -0.0012253925548833945 0.4
   vertex 0.2242982372674023 0.017318318858428064 -0.4
  endloop
 endfacet
 facet normal 0.15596030819333656 -0.9874821408667811 -0.02356698417504508
  outer loop
   vertex 0.2242982372674023 0.017318318858428064 -0.4
   vertex 0.22777350286723433 -0.0012253925548833945 0.4
   vertex 0.2252906231589698 -0.0016175319855449165 0.4
  endloop
 endfacet
 facet normal -0.05078332810059616 -0.9984315310498102 -0.023569692364431134
  outer loop
   vertex 0.2242982372674023 0.017318318858428064 -0.4
   vertex 0.2252906231589698 -0.0016175319855449165 0.4
   vertex 0.22178811536524765 0.017445991453058144 -0.4
  endloop
 endfacet
 facet normal 0.1548672642230119 -0.9876385302937587 -0.0242128675888201
  outer loop
   vertex 0.22178811536524765 0.017445991453058144 -0.4
   vertex 0.2252906231589698 -0.0016175319855449165 0.4
   vertex 0.22280759738735165 -0.0020068843613897116 0.4
  endloop
 endfacet
 facet normal -0.04967465651052533 -0.9984718476863365 -0.024215633047497406
  outer loop
   vertex 0.22178811536524765 0.017445991453058144 -0.4
   vertex 0.22280759738735165 -0.0020068843613897116 0.4
   vertex 0.219278140184685 0.01757086443293565 -0.4
  endloop
 endfacet
 facet normal 0.15376885965295264 -0.9877942703697505 -0.02485188586877603
  outer loop
   vertex 0.219278140184685 0.01757086443293565 -0.4
   vertex 0.22280759738735165 -0.0020068843613897116 0.4
   vertex 0.22032442489414142 -0.002393437122481942 0.4
  endloop
 endfacet
 facet normal -0.04855961376152479 -0.9985109946032171 -0.02485470927660348
  outer loop
   vertex 0.219278140184685 0.01757086443293565 -0.4
   vertex 0.22032442489414142 -0.002393437122481942 0.4
   vertex 0.2167683125306248 0.017692922439455236 -0.4
  endloop
 endfacet
 facet normal 0.15266399936626646 -0.9879495270821496 -0.02548399970703515
  outer loop
   vertex 0.2167683125306248 0.017692922439455236 -0.4
   vertex 0.22032442489414142 -0.002393437122481942 0.4
   vertex 0.21784110487442873 -0.002777174910216246 0.4
  endloop
 endfacet
 facet normal -0.04743708130408448 -0.9985490179139996 -0.02548688183435375
  outer loop
   vertex 0.2167683125306248 0.017692922439455236 -0.4
   vertex 0.21784110487442873 -0.002777174910216246 0.4
   vertex 0.21425863335610212 0.017812147287623134 -0.4
  endloop
 endfacet
 facet normal 0.1515515757574014 -0.988104463354205 -0.026109162956039145
  outer loop
   vertex 0.21425863335610212 0.017812147287623134 -0.4
   vertex 0.21784110487442873 -0.002777174910216246 0.4
   vertex 0.21535763637517852 -0.00315807953959886 0.4
  endloop
 endfacet
 facet normal -0.046305927922989175 -0.9985859592620459 -0.026112104647019577
  outer loop
   vertex 0.21425863335610212 0.017812147287623134 -0.4
   vertex 0.21535763637517852 -0.00315807953959886 0.4
   vertex 0.2117491037638059 0.017928517936883367 -0.4
  endloop
 endfacet
 facet normal 0.15043046816025718 -0.9882592390079572 -0.026727322531844715
  outer loop
   vertex 0.2117491037638059 0.017928517936883367 -0.4
   vertex 0.21535763637517852 -0.00315807953959886 0.4
   vertex 0.21287401829370192 -0.003536129970073812 0.4
  endloop
 endfacet
 facet normal -0.04516500913292005 -0.9986218557077741 -0.026730324687428822
  outer loop
   vertex 0.2117491037638059 0.017928517936883367 -0.4
   vertex 0.21287401829370192 -0.003536129970073812 0.4
   vertex 0.20923972500768862 0.018042010460394848 -0.4
  endloop
 endfacet
 facet normal 0.14929954223504047 -0.9884140107149756 -0.027338418313250207
  outer loop
   vertex 0.20923972500768862 0.018042010460394848 -0.4
   vertex 0.21287401829370192 -0.003536129970073812 0.4
   vertex 0.21039024937604628 -0.003911302274800017 0.4
  endloop
 endfacet
 facet normal -0.04401316653141862 -0.9986567395986709 -0.027341481873620878
  outer loop
   vertex 0.20923972500768862 0.018042010460394848 -0.4
   vertex 0.21039024937604628 -0.003911302274800017 0.4
   vertex 0.20673049849466338 0.018152598012657513 -0.4
  endloop
 endfacet
 facet normal 0.14815764931083444 -0.9885689319344232 -0.027942383036410563
  outer loop
   vertex 0.20673049849466338 0.018152598012657513 -0.4
   vertex 0.21039024937604628 -0.003911302274800017 0.4
   vertex 0.20790632821529867 -0.004283569608277396 0.4
  endloop
 endfacet
 facet normal -0.04284922710619373 -0.9986906384211909 -0.02794550896292328
  outer loop
   vertex 0.20673049849466338 0.018152598012657513 -0.4
   vertex 0.20790632821529867 -0.004283569608277396 0.4
   vertex 0.20422142578639257 0.018260250795377707 -0.4
  endloop
 endfacet
 facet normal 0.14700362568091227 -0.9887241528378741 -0.028539142184578325
  outer loop
   vertex 0.20422142578639257 0.018260250795377707 -0.4
   vertex 0.20790632821529867 -0.004283569608277396 0.4
   vertex 0.20542225324979663 -0.004652902172212309 0.4
  endloop
 endfacet
 facet normal -0.041672002493660945 -0.9987235746335928 -0.028542331441085478
  outer loop
   vertex 0.20422142578639257 0.018260250795377707 -0.4
   vertex 0.20542225324979663 -0.004652902172212309 0.4
   vertex 0.20171250860117534 0.01836493602145452 -0.4
  endloop
 endfacet
 facet normal 0.14583629184749383 -0.9888798202202719 -0.029128613872585724
  outer loop
   vertex 0.20171250860117534 0.01836493602145452 -0.4
   vertex 0.20542225324979663 -0.004652902172212309 0.4
   vertex 0.20293802276124098 -0.005019267179503841 0.4
  endloop
 endfacet
 facet normal -0.04048028818496865 -0.9987555654786752 -0.02913186740608399
  outer loop
   vertex 0.20171250860117534 0.01836493602145452 -0.4
   vertex 0.20293802276124098 -0.005019267179503841 0.4
   vertex 0.1992037488159402 0.01846661787695888 -0.4
  endloop
 endfacet
 facet normal 0.14465445171224633 -0.9890360773963695 -0.029710708725658397
  outer loop
   vertex 0.1992037488159402 0.01846661787695888 -0.4
   vertex 0.20293802276124098 -0.005019267179503841 0.4
   vertex 0.20045363487270326 -0.005382628816222926 0.4
  endloop
 endfacet
 facet normal -0.039272862675752175 -0.9987866227752633 -0.029714027446186977
  outer loop
   vertex 0.1992037488159402 0.01846661787695888 -0.4
   vertex 0.20045363487270326 -0.005382628816222926 0.4
   vertex 0.19669514846834996 0.018565257480967098 -0.4
  endloop
 endfacet
 facet normal 0.14345689170848486 -0.9891930640819314 -0.03028532975212528
  outer loop
   vertex 0.19669514846834996 0.018565257480967098 -0.4
   vertex 0.20045363487270326 -0.005382628816222926 0.4
   vertex 0.1979690875465206 -0.0057429482014458594 0.4
  endloop
 endfacet
 facet normal -0.038048486555239604 -0.998816752687208 -0.0302887145118406
  outer loop
   vertex 0.19669514846834996 0.018565257480967098 -0.4
   vertex 0.1979690875465206 -0.0057429482014458594 0.4
   vertex 0.19418670975902724 0.01866081284309887 -0.4
  endloop
 endfacet
 facet normal 0.1422423798708092 -0.9893509162588832 -0.03085237220955838
  outer loop
   vertex 0.19418670975902724 0.01866081284309887 -0.4
   vertex 0.1979690875465206 -0.0057429482014458594 0.4
   vertex 0.19548437858207046 -0.00610018334479235 0.4
  endloop
 endfacet
 facet normal -0.036805901530090626 -0.9988459554685136 -0.030855823780908544
  outer loop
   vertex 0.19418670975902724 0.01866081284309887 -0.4
   vertex 0.19548437858207046 -0.00610018334479235 0.4
   vertex 0.1916784350539085 0.01875323881859748 -0.4
  endloop
 endfacet
 facet normal 0.1410096648372248 -0.9895097660235552 -0.03141172346384504
  outer loop
   vertex 0.1916784350539085 0.01875323881859748 -0.4
   vertex 0.19548437858207046 -0.00610018334479235 0.4
   vertex 0.1929995056134163 -0.006454289101505679 0.4
  endloop
 endfacet
 facet normal -0.03554382937774511 -0.9988742251830975 -0.03141524251676404
  outer loop
   vertex 0.1916784350539085 0.01875323881859748 -0.4
   vertex 0.1929995056134163 -0.006454289101505679 0.4
   vertex 0.18917032688673618 0.01884248706077588 -0.4
  endloop
 endfacet
 facet normal 0.13975747477856587 -0.9896697414170396 -0.031963262840658174
  outer loop
   vertex 0.18917032688673618 0.01884248706077588 -0.4
   vertex 0.1929995056134163 -0.006454289101505679 0.4
   vertex 0.19051446610681577 -0.006805217124898799 0.4
  endloop
 endfacet
 facet normal -0.034260970823710865 -0.9989015493975134 -0.031966849918696714
  outer loop
   vertex 0.18917032688673618 0.01884248706077588 -0.4
   vertex 0.19051446610681577 -0.006805217124898799 0.4
   vertex 0.1866623879616992 0.018928505970637582 -0.4
  endloop
 endfacet
 facet normal 0.1384845162493668 -0.9898309662366136 -0.03250686146875182
  outer loop
   vertex 0.1866623879616992 0.018928505970637582 -0.4
   vertex 0.19051446610681577 -0.006805217124898799 0.4
   vertex 0.1880292573580799 -0.007152915815975222 0.4
  endloop
 endfacet
 facet normal -0.032956004336391155 -0.9989279088448152 -0.03251051696405791
  outer loop
   vertex 0.1866623879616992 0.018928505970637582 -0.4
   vertex 0.1880292573580799 -0.007152915815975222 0.4
   vertex 0.18415462115623185 0.019011240643464187 -0.4
  endloop
 endfacet
 facet normal 0.13718947295378664 -0.9899935598270563 -0.0330423821144646
  outer loop
   vertex 0.18415462115623185 0.019011240643464187 -0.4
   vertex 0.1880292573580799 -0.007152915815975222 0.4
   vertex 0.18554387648977438 -0.007497330270016542 0.4
  endloop
 endfacet
 facet normal -0.03162758483280864 -0.9989532770575353 -0.03304610624152199
  outer loop
   vertex 0.18415462115623185 0.019011240643464187 -0.4
   vertex 0.18554387648977438 -0.007497330270016542 0.4
   vertex 0.18164702952398407 0.019090632812143554 -0.4
  endloop
 endfacet
 facet normal 0.13587100441956707 -0.9901576368505617 -0.033569679006766114
  outer loop
   vertex 0.18164702952398407 0.019090632812143554 -0.4
   vertex 0.18554387648977438 -0.007497330270016542 0.4
   vertex 0.18305832044824927 -0.007838402219910627 0.4
  endloop
 endfacet
 facet normal -0.03027434228743637 -0.9989776199675476 -0.0335734717747948
  outer loop
   vertex 0.18164702952398407 0.019090632812143554 -0.4
   vertex 0.18305832044824927 -0.007838402219910627 0.4
   vertex 0.17913961629797526 0.01916662078699198 -0.4
  endloop
 endfacet
 facet normal 0.13452774457221137 -0.9903233070338284 -0.034088597652128176
  outer loop
   vertex 0.17913961629797526 0.01916662078699198 -0.4
   vertex 0.18305832044824927 -0.007838402219910627 0.4
   vertex 0.1805725860004852 -0.008176069975973779 0.4
  endloop
 endfacet
 facet normal -0.028894880235944352 -0.9990008954703411 -0.034092458836044566
  outer loop
   vertex 0.17913961629797526 0.01916662078699198 -0.4
   vertex 0.1805725860004852 -0.008176069975973779 0.4
   vertex 0.1766323848939457 0.019239139391801763 -0.4
  endloop
 endfacet
 facet normal 0.1331583002009098 -0.9904906748907184 -0.03459897463844361
  outer loop
   vertex 0.1766323848939457 0.019239139391801763 -0.4
   vertex 0.1805725860004852 -0.008176069975973779 0.4
   vertex 0.17808666973074194 -0.00851026836199828 0.4
  endloop
 endfacet
 facet normal -0.027487774164480745 -0.9990230529509593 -0.03460290374827207
  outer loop
   vertex 0.1766323848939457 0.019239139391801763 -0.4
   vertex 0.17808666973074194 -0.00851026836199828 0.4
   vertex 0.17412533891392143 0.019308119895820482 -0.4
  endloop
 endfacet
 facet normal 0.13176124930657618 -0.9906598394187481 -0.03510063742715003
  outer loop
   vertex 0.17412533891392143 0.019308119895820482 -0.4
   vertex 0.17808666973074194 -0.00851026836199828 0.4
   vertex 0.17560056803699334 -0.008840928647231716 0.4
  endloop
 endfacet
 facet normal -0.02605156977435928 -0.9990440327685612 -0.03510463367576998
  outer loop
   vertex 0.17412533891392143 0.019308119895820482 -0.4
   vertex 0.17560056803699334 -0.008840928647231716 0.4
   vertex 0.17161848215000924 0.0193734899413413 -0.4
  endloop
 endfacet
 facet normal 0.13033513932165433 -0.9908308937674285 -0.035593404132643766
  outer loop
   vertex 0.17161848215000924 0.0193734899413413 -0.4
   vertex 0.17560056803699334 -0.008840928647231716 0.4
   vertex 0.17311427712713265 -0.009167978473967255 0.4
  endloop
 endfacet
 facet normal -0.024584781110728968 -0.9990637656962174 -0.035597466401748386
  outer loop
   vertex 0.17161848215000924 0.0193734899413413 -0.4
   vertex 0.17311427712713265 -0.009167978473967255 0.4
   vertex 0.16911181858843977 0.019435173466553008 -0.4
  endloop
 endfacet
 facet normal 0.12887848518991146 -0.9910039248762815 -0.03607708328798797
  outer loop
   vertex 0.16911181858843977 0.019435173466553008 -0.4
   vertex 0.17311427712713265 -0.009167978473967255 0.4
   vertex 0.17062779301492925 -0.009491341780393679 0.4
  endloop
 endfacet
 facet normal -0.02308588854272161 -0.999082172312156 -0.036081210092120806
  outer loop
   vertex 0.16911181858843977 0.019435173466553008 -0.4
   vertex 0.17062779301492925 -0.009491341780393679 0.4
   vertex 0.16660535241387928 0.019493090623265045 -0.4
  endloop
 endfacet
 facet normal 0.12738976729347873 -0.9911790130800788 -0.036551473595830386
  outer loop
   vertex 0.16660535241387928 0.019493090623265045 -0.4
   vertex 0.17062779301492925 -0.009491341780393679 0.4
   vertex 0.16814111151571687 -0.009810938718320438 0.4
  endloop
 endfacet
 facet normal -0.021553336580973116 -0.99909916233826 -0.03655566304435582
  outer loop
   vertex 0.16660535241387928 0.019493090623265045 -0.4
   vertex 0.16814111151571687 -0.009810938718320438 0.4
   vertex 0.1640990880140325 0.019547157689085003 -0.4
  endloop
 endfacet
 facet normal 0.12586742921251842 -0.9913562316785978 -0.037016363663345035
  outer loop
   vertex 0.1640990880140325 0.019547157689085003 -0.4
   vertex 0.16814111151571687 -0.009810938718320438 0.4
   vertex 0.16565422824179077 -0.010126685565355112 0.4
  endloop
 endfacet
 facet normal -0.01998553151701725 -0.9991146339210908 -0.03702061342019564
  outer loop
   vertex 0.1640990880140325 0.019547157689085003 -0.4
   vertex 0.16565422824179077 -0.010126685565355112 0.4
   vertex 0.16159302998456004 0.019597286973584555 -0.4
  endloop
 endfacet
 facet normal 0.12430987530185786 -0.9915356464678 -0.03747153171990143
  outer loop
   vertex 0.16159302998456004 0.019597286973584555 -0.4
   vertex 0.16565422824179077 -0.010126685565355112 0.4
   vertex 0.16316713859749035 -0.010438494631069386 0.4
  endloop
 endfacet
 facet normal -0.01838083886715891 -0.9991284728501718 -0.037475838960931866
  outer loop
   vertex 0.16159302998456004 0.019597286973584555 -0.4
   vertex 0.16316713859749035 -0.010438494631069386 0.4
   vertex 0.15908718313433787 0.019643386717943075 -0.4
  endloop
 endfacet
 facet normal 0.12271546806639672 -0.991717315229044 -0.03791674531604014
  outer loop
   vertex 0.15908718313433787 0.019643386717943075 -0.4
   vertex 0.16316713859749035 -0.010438494631069386 0.4
   vertex 0.16067983777393963 -0.010746274156642626 0.4
  endloop
 endfacet
 facet normal -0.016737580601401663 -0.9991405517076124 -0.03792110668380034
  outer loop
   vertex 0.15908718313433787 0.019643386717943075 -0.4
   vertex 0.16067983777393963 -0.010746274156642626 0.4
   vertex 0.1565815524910883 0.019685360987506107 -0.4
  endloop
 endfacet
 facet normal 0.12108252531570503 -0.99190128717243 -0.038351761002193396
  outer loop
   vertex 0.1565815524910883 0.019685360987506107 -0.4
   vertex 0.16067983777393963 -0.010746274156642626 0.4
   vertex 0.1581923207434164 -0.011049928207420375 0.4
  endloop
 endfacet
 facet normal -0.015054032135753825 -0.9991507289424201 -0.03835617255791635
  outer loop
   vertex 0.1565815524910883 0.019685360987506107 -0.4
   vertex 0.1581923207434164 -0.011049928207420375 0.4
   vertex 0.15407614330741415 0.01972310955663758 -0.4
  endloop
 endfacet
 facet normal 0.11940931707527508 -0.9920876023299635 -0.0387763239854342
  outer loop
   vertex 0.15407614330741415 0.01972310955663758 -0.4
   vertex 0.1581923207434164 -0.011049928207420375 0.4
   vertex 0.15570458225331762 -0.011349356557766569 0.4
  endloop
 endfacet
 facet normal -0.013328419063576015 -0.9991588478620144 -0.038780781158011354
  outer loop
   vertex 0.15407614330741415 0.01972310955663758 -0.4
   vertex 0.15570458225331762 -0.011349356557766569 0.4
   vertex 0.1515709610672739 0.01975652778517918 -0.4
  endloop
 endfacet
 facet normal 0.11769406222961376 -0.9922762908936068 -0.039190167762359514
  outer loop
   vertex 0.1515709610672739 0.01975652778517918 -0.4
   vertex 0.15570458225331762 -0.011349356557766569 0.4
   vertex 0.15321661681968501 -0.011644454567522888 0.4
  endloop
 endfacet
 facet normal -0.011558913598710472 -0.9991647355324919 -0.039194665294053334
  outer loop
   vertex 0.1515709610672739 0.01975652778517918 -0.4
   vertex 0.15321661681968501 -0.011644454567522888 0.4
   vertex 0.14906601149293533 0.019785506485756995 -0.4
  endloop
 endfacet
 facet normal 0.1159349248690972 -0.9924673724926748 -0.03959301372601725
  outer loop
   vertex 0.14906601149293533 0.019785506485756995 -0.4
   vertex 0.15321661681968501 -0.011644454567522888 0.4
   vertex 0.15072841872025075 -0.011935113049315422 0.4
  endloop
 endfacet
 facet normal -0.0097436306996739 -0.9991682015780909 -0.03959754561463216
  outer loop
   vertex 0.14906601149293533 0.019785506485756995 -0.4
   vertex 0.15072841872025075 -0.011935113049315422 0.4
   vertex 0.14656130055245364 0.019809931781092596 -0.4
  endloop
 endfacet
 facet normal 0.11413001030905019 -0.9926608554042794 -0.039984570744562166
  outer loop
   vertex 0.14656130055245364 0.019809931781092596 -0.4
   vertex 0.15072841872025075 -0.011935113049315422 0.4
   vertex 0.14823998198695953 -0.012221218125865744 0.4
  endloop
 endfacet
 facet normal -0.007880623840369284 -0.9991690368690401 -0.03998913018176282
  outer loop
   vertex 0.14656130055245364 0.019809931781092596 -0.4
   vertex 0.14823998198695953 -0.012221218125865744 0.4
   vertex 0.14405683446772255 0.019829684950382724 -0.4
  endloop
 endfacet
 facet normal 0.11227736074559004 -0.9928567356896726 -0.04036453470907442
  outer loop
   vertex 0.14405683446772255 0.019829684950382724 -0.4
   vertex 0.14823998198695953 -0.012221218125865744 0.4
   vertex 0.14575130039791778 -0.012502651076370587 0.4
  endloop
 endfacet
 facet normal -0.005967880388250023 -0.9991670120855022 -0.040369114014502716
  outer loop
   vertex 0.14405683446772255 0.019829684950382724 -0.4
   vertex 0.14575130039791778 -0.012502651076370587 0.4
   vertex 0.14155261972315245 0.019844642263706042 -0.4
  endloop
 endfacet
 facet normal 0.11037495050805354 -0.9930549962483505 -0.04073258804768805
  outer loop
   vertex 0.14155261972315245 0.019844642263706042 -0.4
   vertex 0.14575130039791778 -0.012502651076370587 0.4
   vertex 0.143262367468715 -0.012779288170908622 0.4
  endloop
 endfacet
 facet normal -0.0040033165459883915 -0.9991618761436429 -0.0407371785984875
  outer loop
   vertex 0.14155261972315245 0.019844642263706042 -0.4
   vertex 0.143262367468715 -0.012779288170908622 0.4
   vertex 0.13904866307503713 0.01985467480329665 -0.4
  endloop
 endfacet
 facet normal 0.10842068086287635 -0.9932556057806109 -0.04108839920285466
  outer loop
   vertex 0.13904866307503713 0.01985467480329665 -0.4
   vertex 0.143262367468715 -0.012779288170908622 0.4
   vertex 0.14077317644305745 -0.01305100049171395 0.4
  endloop
 endfacet
 facet normal -0.0019847718064194167 -0.9991533544678887 -0.04109299135816042
  outer loop
   vertex 0.13904866307503713 0.01985467480329665 -0.4
   vertex 0.14077317644305745 -0.01305100049171395 0.4
   vertex 0.13654497156167672 0.019859648270388032 -0.4
  endloop
 endfacet
 facet normal 0.10641237431725223 -0.9934585176479676 -0.04143162206819783
  outer loop
   vertex 0.13654497156167672 0.019859648270388032 -0.4
   vertex 0.14077317644305745 -0.01305100049171395 0.4
   vertex 0.138283720282645 -0.013317653740020054 0.4
  endloop
 endfacet
 facet normal 8.99971358076625e-05 -0.9991411470911588 -0.04143620508809215
  outer loop
   vertex 0.13654497156167672 0.019859648270388032 -0.4
   vertex 0.138283720282645 -0.013317653740020054 0.4
   vertex 0.13404155251433272 0.019859422776177686 -0.4
  endloop
 endfacet
 facet normal 0.10434776836447007 -0.9936636686192056 -0.041761895380995256
  outer loop
   vertex 0.13404155251433272 0.019859422776177686 -0.4
   vertex 0.138283720282645 -0.013317653740020054 0.4
   vertex 0.1357939916562161 -0.013579108027024429 0.4
  endloop
 endfacet
 facet normal 0.002223323080514485 -0.9991249265622029 -0.04176645733936077
  outer loop
   vertex 0.13404155251433272 0.019859422776177686 -0.4
   vertex 0.1357939916562161 -0.013579108027024429 0.4
   vertex 0.13153841356910045 0.019853852615287177 -0.4
  endloop
 endfacet
 facet normal 0.10222450860440052 -0.9938709774880878 -0.042078842065847555
  outer loop
   vertex 0.13153841356910045 0.019853852615287177 -0.4
   vertex 0.1357939916562161 -0.013579108027024429 0.4
   vertex 0.13330398292767554 -0.013835217647348637 0.4
  endloop
 endfacet
 facet normal 0.004417635699940656 -0.9991043356360718 -0.042083369756471076
  outer loop
   vertex 0.13153841356910045 0.019853852615287177 -0.4
   vertex 0.13330398292767554 -0.013835217647348637 0.4
   vertex 0.12903556267979455 0.019842786019891825 -0.4
  endloop
 endfacet
 facet normal 0.10004014116330937 -0.9940803435465628 -0.04238206852454394
  outer loop
   vertex 0.12903556267979455 0.019842786019891825 -0.4
   vertex 0.13330398292767554 -0.013835217647348637 0.4
   vertex 0.13081368614320857 -0.014085830833168002 0.4
  endloop
 endfacet
 facet normal 0.00667546968244341 -0.9990789847201176 -0.042386547359730686
  outer loop
   vertex 0.12903556267979455 0.019842786019891825 -0.4
   vertex 0.13081368614320857 -0.014085830833168002 0.4
   vertex 0.12653300813195528 0.019826064892465207 -0.4
  endloop
 endfacet
 facet normal 0.09779210432650846 -0.9942916448948085 -0.042671163866507184
  outer loop
   vertex 0.12653300813195528 0.019826064892465207 -0.4
   vertex 0.13081368614320857 -0.014085830833168002 0.4
   vertex 0.12832309301727496 -0.014330789486956102 0.4
  endloop
 endfacet
 facet normal 0.008999473738582786 -0.9990484490436389 -0.042675577767356934
  outer loop
   vertex 0.12653300813195528 0.019826064892465207 -0.4
   vertex 0.12832309301727496 -0.014330789486956102 0.4
   vertex 0.12403075855809706 0.019803524514819985 -0.4
  endloop
 endfacet
 facet normal 0.09547771928434423 -0.9945047365665041 -0.0429456990734782
  outer loop
   vertex 0.12403075855809706 0.019803524514819985 -0.4
   vertex 0.12832309301727496 -0.014330789486956102 0.4
   vertex 0.12583219491736033 -0.014569928890525599 0.4
  endloop
 endfacet
 facet normal 0.011392420580358366 -0.9990122655142639 -0.04295003035084595
  outer loop
   vertex 0.12403075855809706 0.019803524514819985 -0.4
   vertex 0.12583219491736033 -0.014569928890525599 0.4
   vertex 0.12152882295433659 0.019774993230823847 -0.4
  endloop
 endfacet
 facet normal 0.09309417987755125 -0.9947194484441834 -0.043205226091266105
  outer loop
   vertex 0.12152882295433659 0.019774993230823847 -0.4
   vertex 0.12583219491736033 -0.014569928890525599 0.4
   vertex 0.1233409828473479 -0.014803077387744182 0.4
  endloop
 endfacet
 facet normal 0.013857218001321546 -0.9989699292181963 -0.04320945531627927
  outer loop
   vertex 0.12152882295433659 0.019774993230823847 -0.4
   vertex 0.1233409828473479 -0.014803077387744182 0.4
   vertex 0.11902721069855632 0.01974029209981958 -0.4
  endloop
 endfacet
 facet normal 0.09063854121045319 -0.9949355829353824 -0.043449276840427875
  outer loop
   vertex 0.11902721069855632 0.01974029209981958 -0.4
   vertex 0.1233409828473479 -0.014803077387744182 0.4
   vertex 0.1208494474293553 -0.015030056037954636 0.4
  endloop
 endfacet
 facet normal 0.01639692120502568 -0.9989208895143952 -0.04345338270325303
  outer loop
   vertex 0.11902721069855632 0.01974029209981958 -0.4
   vertex 0.1208494474293553 -0.015030056037954636 0.4
   vertex 0.11652593157028024 0.01969923451737373 -0.4
  endloop
 endfacet
 facet normal 0.08810770698007318 -0.9951529123753291 -0.04367736213662389
  outer loop
   vertex 0.11652593157028024 0.01969923451737373 -0.4
   vertex 0.1208494474293553 -0.015030056037954636 0.4
   vertex 0.1183575788838585 -0.015250678236723504 0.4
  endloop
 endfacet
 facet normal 0.01901474655258012 -0.9988645456643451 -0.043681321291964045
  outer loop
   vertex 0.11652593157028024 0.01969923451737373 -0.4
   vertex 0.1183575788838585 -0.015250678236723504 0.4
   vertex 0.11402499577246324 0.01965162579950885 -0.4
  endloop
 endfacet
 facet normal 0.0854984153452859 -0.9953711761159889 -0.04388897051009808
  outer loop
   vertex 0.11402499577246324 0.01965162579950885 -0.4
   vertex 0.1183575788838585 -0.015250678236723504 0.4
   vertex 0.11586536700790262 -0.015464749300073343 0.4
  endloop
 endfacet
 facet normal 0.021714086927701142 -0.9988002419290265 -0.04389275740764838
  outer loop
   vertex 0.11402499577246324 0.01965162579950885 -0.4
   vertex 0.11586536700790262 -0.015464749300073343 0.4
   vertex 0.1115244139554246 0.019597262726027673 -0.4
  endloop
 endfacet
 facet normal 0.0828072231314896 -0.9955900772541822 -0.04408356691221606
  outer loop
   vertex 0.1115244139554246 0.019597262726027673 -0.4
   vertex 0.11586536700790262 -0.015464749300073343 0.4
   vertex 0.11337280115116842 -0.015672066007806885 0.4
  endloop
 endfacet
 facet normal 0.024498528950270167 -0.9987272620526587 -0.04408715361000499
  outer loop
   vertex 0.1115244139554246 0.019597262726027673 -0.4
   vertex 0.11337280115116842 -0.015672066007806885 0.4
   vertex 0.10902419724318871 0.019535933037899633 -0.4
  endloop
 endfacet
 facet normal 0.0800304881326497 -0.9958092789429178 -0.04426059129522388
  outer loop
   vertex 0.10902419724318871 0.019535933037899633 -0.4
   vertex 0.11337280115116842 -0.015672066007806885 0.4
   vertex 0.11087987018963144 -0.015872416100893568 0.4
  endloop
 endfacet
 facet normal 0.02737187230859425 -0.9986448230382816 -0.04426394725340547
  outer loop
   vertex 0.10902419724318871 0.019535933037899633 -0.4
   vertex 0.11087987018963144 -0.015872416100893568 0.4
   vertex 0.10652435726253633 0.019467414882932226 -0.4
  endloop
 endfacet
 facet normal 0.07716434923207072 -0.9960284002197597 -0.044419457049309816
  outer loop
   vertex 0.10652435726253633 0.019467414882932226 -0.4
   vertex 0.11087987018963144 -0.015872416100893568 0.4
   vertex 0.10838656249651098 -0.01606557772714088 0.4
  endloop
 endfacet
 facet normal 0.030338151526906682 -0.9985520681027352 -0.044422548901537774
  outer loop
   vertex 0.10652435726253633 0.019467414882932226 -0.4
   vertex 0.10838656249651098 -0.01606557772714088 0.4
   vertex 0.10402490617511471 0.01939147620307113 -0.4
  endloop
 endfacet
 facet normal 0.07420470401531237 -0.9962470112734705 -0.04455954927860211
  outer loop
   vertex 0.10402490617511471 0.01939147620307113 -0.4
   vertex 0.10838656249651098 -0.01606557772714088 0.4
   vertex 0.10589286591015969 -0.016251318828494503 0.4
  endloop
 endfacet
 facet normal 0.03340166054073088 -0.9984480586773357 -0.04456234057759327
  outer loop
   vertex 0.10402490617511471 0.01939147620307113 -0.4
   vertex 0.10589286591015969 -0.016251318828494503 0.4
   vertex 0.10152585671301029 0.019307874055636155 -0.4
  endloop
 endfacet
 facet normal 0.07114718349062855 -0.9964646280549027 -0.04468022289484081
  outer loop
   vertex 0.10152585671301029 0.019307874055636155 -0.4
   vertex 0.10589286591015969 -0.016251318828494503 0.4
   vertex 0.10339876769849127 -0.016429396462274246 0.4
  endloop
 endfacet
 facet normal 0.03656698052015875 -0.9983317652946502 -0.04468267382810002
  outer loop
   vertex 0.10152585671301029 0.019307874055636155 -0.4
   vertex 0.10339876769849127 -0.016429396462274246 0.4
   vertex 0.09902722221825075 0.01921635385957197 -0.4
  endloop
 endfacet
 facet normal 0.06798712346265899 -0.9966807061193765 -0.044780800504025525
  outer loop
   vertex 0.09902722221825075 0.01921635385957197 -0.4
   vertex 0.10339876769849127 -0.016429396462274246 0.4
   vertex 0.10090425451947793 -0.016599556047424777 0.4
  endloop
 endfacet
 facet normal 0.03983901146218844 -0.9982020571700714 -0.044782867574931974
  outer loop
   vertex 0.09902722221825075 0.01921635385957197 -0.4
   vertex 0.10090425451947793 -0.016599556047424777 0.4
   vertex 0.0965290166867814 0.0191166485563338 -0.4
  endloop
 endfacet
 facet normal 0.06471953202096697 -0.9968946335647566 -0.04486057005725041
  outer loop
   vertex 0.0965290166867814 0.0191166485563338 -0.4
   vertex 0.10090425451947793 -0.016599556047424777 0.4
   vertex 0.0984093123771744 -0.016761530525401323 0.4
  endloop
 endfacet
 facet normal 0.0432230081728636 -0.9980576902478915 -0.044862205725762536
  outer loop
   vertex 0.0965290166867814 0.0191166485563338 -0.4
   vertex 0.0984093123771744 -0.016761530525401323 0.4
   vertex 0.09403125481755027 0.019008477673285114 -0.4
  endloop
 endfacet
 facet normal 0.06133905250202197 -0.9971057229010348 -0.0449187822320423
  outer loop
   vertex 0.09403125481755027 0.019008477673285114 -0.4
   vertex 0.0984093123771744 -0.016761530525401323 0.4
   vertex 0.09591392657263266 -0.016915039423567358 0.4
  endloop
 endfacet
 facet normal 0.04672462138023816 -0.9978972934333895 -0.04491993450812083
  outer loop
   vertex 0.09403125481755027 0.019008477673285114 -0.4
   vertex 0.09591392657263266 -0.016915039423567358 0.4
   vertex 0.09153395206744727 0.01889154627539654 -0.4
  endloop
 endfacet
 facet normal 0.05783992115851117 -0.9973132016518869 -0.04495464750464071
  outer loop
   vertex 0.09153395206744727 0.01889154627539654 -0.4
   vertex 0.09591392657263266 -0.016915039423567358 0.4
   vertex 0.09341808164896281 -0.017059787806893507 0.4
  endloop
 endfacet
 facet normal 0.05034994486769156 -0.9977193526725708 -0.04495525948606332
  outer loop
   vertex 0.09153395206744727 0.01889154627539654 -0.4
   vertex 0.09341808164896281 -0.017059787806893507 0.4
   vertex 0.08903712471297383 0.018765543788519714 -0.4
  endloop
 endfacet
 facet normal 0.054215918615847535 -0.9975162014446285 -0.044967332866564916
  outer loop
   vertex 0.08903712471297383 0.018765543788519714 -0.4
   vertex 0.09341808164896281 -0.017059787806893507 0.4
   vertex 0.09092176132966338 -0.017195465101231402 0.4
  endloop
 endfacet
 facet normal 0.05410556969986571 -0.9975221924663841 -0.04496734221103859
  outer loop
   vertex 0.08903712471297383 0.018765543788519714 -0.4
   vertex 0.09092176132966338 -0.017195465101231402 0.4
   vertex 0.086540789919679 0.01863014267446644 -0.4
  endloop
 endfacet
 facet normal 0.05046031400627217 -0.9977137452896977 -0.044955958130214406
  outer loop
   vertex 0.086540789919679 0.01863014267446644 -0.4
   vertex 0.09092176132966338 -0.017195465101231402 0.4
   vertex 0.08842494844918533 -0.017321743768392843 0.4
  endloop
 endfacet
 facet normal 0.057998646839422546 -0.9973039543123057 -0.04495529644949107
  outer loop
   vertex 0.086540789919679 0.01863014267446644 -0.4
   vertex 0.08842494844918533 -0.017321743768392843 0.4
   vertex 0.08404496582059223 0.018484996934423657 -0.4
  endloop
 endfacet
 facet normal 0.046565800436385224 -0.9979047326809606 -0.04491959175777308
  outer loop
   vertex 0.08404496582059223 0.018484996934423657 -0.4
   vertex 0.08842494844918533 -0.017321743768392843 0.4
   vertex 0.08592762487449923 -0.017438277809564782 0.4
  endloop
 endfacet
 facet normal 0.06203695973547413 -0.9970625714473894 -0.04491818391871878
  outer loop
   vertex 0.08404496582059223 0.018484996934423657 -0.4
   vertex 0.08592762487449923 -0.017438277809564782 0.4
   vertex 0.08154967160511965 0.018329740412710363 -0.4
  endloop
 endfacet
 facet normal 0.042524420150276826 -0.9980879220595418 -0.04485724613485475
  outer loop
   vertex 0.08154967160511965 0.018329740412710363 -0.4
   vertex 0.08592762487449923 -0.017438277809564782 0.4
   vertex 0.08342977141619896 -0.017544701069066203 0.4
  endloop
 endfacet
 facet normal 0.0662290088174574 -0.996795739115841 -0.04485500944895141
  outer loop
   vertex 0.08154967160511965 0.018329740412710363 -0.4
   vertex 0.08342977141619896 -0.017544701069066203 0.4
   vertex 0.07905492762016245 0.018163984867322916 -0.4
  endloop
 endfacet
 facet normal 0.038327477383921275 -0.9982619100705286 -0.04476787219452401
  outer loop
   vertex 0.07905492762016245 0.018163984867322916 -0.4
   vertex 0.08342977141619896 -0.017544701069066203 0.4
   vertex 0.0809313677273833 -0.017640625304893475 0.4
  endloop
 endfacet
 facet normal 0.07058411027441891 -0.9965008793907665 -0.0447647154728858
  outer loop
   vertex 0.07905492762016245 0.018163984867322916 -0.4
   vertex 0.0809313677273833 -0.017640625304893475 0.4
   vertex 0.07656075548557634 0.017987317766839633 -0.4
  endloop
 endfacet
 facet normal 0.033965436442183375 -0.9984251068961708 -0.04465035327774792
  outer loop
   vertex 0.07656075548557634 0.017987317766839633 -0.4
   vertex 0.0809313677273833 -0.017640625304893475 0.4
   vertex 0.07843239218819652 -0.017725637985624914 0.4
  endloop
 endfacet
 facet normal 0.07511251206530835 -0.9961750993303325 -0.04464617572312321
  outer loop
   vertex 0.07656075548557634 0.017987317766839633 -0.4
   vertex 0.07843239218819652 -0.017725637985624914 0.4
   vertex 0.0740671782265388 0.01779929976470211 -0.4
  endloop
 endfacet
 facet normal 0.02942780194132456 -0.998575706760252 -0.04450349809192741
  outer loop
   vertex 0.0740671782265388 0.01779929976470211 -0.4
   vertex 0.07843239218819652 -0.017725637985624914 0.4
   vertex 0.07593282177346118 -0.01779929976470211 0.4
  endloop
 endfacet
 facet normal 0.0798255308292389 -0.9958151409245769 -0.04449818799195308
  outer loop
   vertex 0.0740671782265388 0.01779929976470211 -0.4
   vertex 0.07593282177346118 -0.01779929976470211 0.4
   vertex 0.07157422042595281 0.017599461791178328 -0.4
  endloop
 endfacet
 facet normal 0.02470297740662606 -0.9987116524516402 -0.04432603259853367
  outer loop
   vertex 0.07157422042595281 0.017599461791178328 -0.4
   vertex 0.07593282177346118 -0.01779929976470211 0.4
   vertex 0.07343263190027433 -0.017861141572393047 0.4
  endloop
 endfacet
 facet normal 0.08473571429586713 -0.9954173208648136 -0.044319465775185356
  outer loop
   vertex 0.07157422042595281 0.017599461791178328 -0.4
   vertex 0.07343263190027433 -0.017861141572393047 0.4
   vertex 0.06908190840072358 0.017387301689802456 -0.4
  endloop
 endfacet
 facet normal 0.019778097444035525 -0.9988305923903575 -0.04411659062217851
  outer loop
   vertex 0.06908190840072358 0.017387301689802456 -0.4
   vertex 0.07343263190027433 -0.017861141572393047 0.4
   vertex 0.07093179625173068 -0.017910661252231893 0.4
  endloop
 endfacet
 facet normal 0.08985703500439322 -0.9949774576072948 -0.04410862858020499
  outer loop
   vertex 0.06908190840072358 0.017387301689802456 -0.4
   vertex 0.07093179625173068 -0.017910661252231893 0.4
   vertex 0.06659027040664442 0.01716228030792044 -0.4
  endloop
 endfacet
 facet normal 0.014638827444671695 -0.9989298283285158 -0.04387370292418981
  outer loop
   vertex 0.06659027040664442 0.01716228030792044 -0.4
   vertex 0.07093179625173068 -0.017910661252231893 0.4
   vertex 0.06843028657203698 -0.0179473196515646 0.4
  endloop
 endfacet
 facet normal 0.0952051227205813 -0.9944907824562441 -0.04386419062533505
  outer loop
   vertex 0.06659027040664442 0.01716228030792044 -0.4
   vertex 0.06843028657203698 -0.0179473196515646 0.4
   vertex 0.06409933687777992 0.016923816928985314 -0.4
  endloop
 endfacet
 facet normal 0.009269123130371744 -0.9990062512011764 -0.043595784420558614
  outer loop
   vertex 0.06409933687777992 0.016923816928985314 -0.4
   vertex 0.06843028657203698 -0.0179473196515646 0.4
   vertex 0.0659280724271286 -0.017970536053844192 0.4
  endloop
 endfacet
 facet normal 0.10079754502807038 -0.9939518303871151 -0.04358454758917173
  outer loop
   vertex 0.06409933687777992 0.016923816928985314 -0.4
   vertex 0.0659280724271286 -0.017970536053844192 0.4
   vertex 0.061609140707723366 0.016671283905848523 -0.4
  endloop
 endfacet
 facet normal 0.003650940068119271 -0.9990562618614265 -0.043281119142341264
  outer loop
   vertex 0.061609140707723366 0.016671283905848523 -0.4
   vertex 0.0659280724271286 -0.017970536053844192 0.4
   vertex 0.06342512092341229 -0.017979682811922117 0.4
  endloop
 endfacet
 facet normal 0.10665414835056596 -0.9933543049661137 -0.04326796097957596
  outer loop
   vertex 0.061609140707723366 0.016671283905848523 -0.4
   vertex 0.06342512092341229 -0.017979682811922117 0.4
   vertex 0.05911971758204435 0.01640400031727782 -0.4
  endloop
 endfacet
 facet normal -0.002236119626763164 -0.9990756723670868 -0.04292784242981191
  outer loop
   vertex 0.05911971758204435 0.01640400031727782 -0.4
   vertex 0.06342512092341229 -0.017979682811922117 0.4
   vertex 0.06092139637531843 -0.017974079004566133 0.4
  endloop
 endfacet
 facet normal 0.11279747540410073 -0.9926909098467835 -0.042912539575195745
  outer loop
   vertex 0.05911971758204435 0.01640400031727782 -0.4
   vertex 0.06092139637531843 -0.017974079004566133 0.4
   vertex 0.05663110637379735 0.016121224421207676 -0.4
  endloop
 endfacet
 facet normal -0.008415240097183436 -0.9990595820124475 -0.042533919710864766
  outer loop
   vertex 0.05663110637379735 0.016121224421207676 -0.4
   vertex 0.06092139637531843 -0.017974079004566133 0.4
   vertex 0.058416859909792555 -0.01795298288971071 0.4
  endloop
 endfacet
 facet normal 0.11925328017039337 -0.9919531367174479 -0.04251621723746174
  outer loop
   vertex 0.05663110637379735 0.016121224421207676 -0.4
   vertex 0.058416859909792555 -0.01795298288971071 0.4
   vertex 0.054143349617357506 0.015822144613412265 -0.4
  endloop
 endfacet
 facet normal -0.01491292609571006 -0.9990022202376151 -0.04209712102658506
  outer loop
   vertex 0.054143349617357506 0.015822144613412265 -0.4
   vertex 0.058416859909792555 -0.01795298288971071 0.4
   vertex 0.05591146899245953 -0.017915582863130018 0.4
  endloop
 endfacet
 facet normal 0.12605116849173142 -0.9911309959027621 -0.04207672618323227
  outer loop
   vertex 0.054143349617357506 0.015822144613412265 -0.4
   vertex 0.05591146899245953 -0.017915582863130018 0.4
   vertex 0.05165649408042134 0.015505868513081639 -0.4
  endloop
 endfacet
 facet normal -0.02175966827118603 -0.9988967456298041 -0.041614990214168
  outer loop
   vertex 0.05165649408042134 0.015505868513081639 -0.4
   vertex 0.05591146899245953 -0.017915582863130018 0.4
   vertex 0.05340517685562284 -0.01786098654401411 0.4
  endloop
 endfacet
 facet normal 0.13322540215904863 -0.9902126705834393 -0.04159156452629017
  outer loop
   vertex 0.05165649408042134 0.015505868513081639 -0.4
   vertex 0.05340517685562284 -0.01786098654401411 0.4
   vertex 0.0491705914602356 0.015171409677983779 -0.4
  endloop
 endfacet
 facet normal -0.028990779046537327 -0.9987349860410956 -0.04108480731266205
  outer loop
   vertex 0.0491705914602356 0.015171409677983779 -0.4
   vertex 0.05340517685562284 -0.01786098654401411 0.4
   vertex 0.0508979318020357 -0.01778820749013097 0.4
  endloop
 endfacet
 facet normal 0.1408159181725039 -0.9891840680082781 -0.04105795650822277
  outer loop
   vertex 0.0491705914602356 0.015171409677983779 -0.4
   vertex 0.0508979318020357 -0.01778820749013097 0.4
   vertex 0.04668569923871328 0.014817671287880179 -0.4
  endloop
 endfacet
 facet normal -0.03664745327007758 -0.9985070987410745 -0.04050354228063504
  outer loop
   vertex 0.04668569923871328 0.014817671287880179 -0.4
   vertex 0.0508979318020357 -0.01778820749013097 0.4
   vertex 0.04838967634978514 -0.01769614888124209 0.4
  endloop
 endfacet
 facet normal 0.14886963465751446 -0.9880282298981252 -0.040472803298642335
  outer loop
   vertex 0.04668569923871328 0.014817671287880179 -0.4
   vertex 0.04838967634978514 -0.01769614888124209 0.4
   vertex 0.04420188174313832 0.01444342590507334 -0.4
  endloop
 endfacet
 facet normal -0.044778128686611386 -0.9982011204780142 -0.03986779744697184
  outer loop
   vertex 0.04420188174313832 0.01444342590507334 -0.4
   vertex 0.04838967634978514 -0.01769614888124209 0.4
   vertex 0.04588034617158724 -0.01758358327964997 0.4
  endloop
 endfacet
 facet normal 0.15744214378387247 -0.9867245474970313 -0.03983262147919918
  outer loop
   vertex 0.04420188174313832 0.01444342590507334 -0.4
   vertex 0.04588034617158724 -0.01758358327964997 0.4
   vertex 0.041719211476306445 0.014047290093807669 -0.4
  endloop
 endfacet
 facet normal -0.05344025173281605 -0.9978023636844794 -0.03917373516478817
  outer loop
   vertex 0.041719211476306445 0.014047290093807669 -0.4
   vertex 0.04588034617158724 -0.01758358327964997 0.4
   vertex 0.04336986876464625 -0.017449127249599017 0.4
  endloop
 endfacet
 facet normal 0.16659993485944807 -0.985247701145164 -0.03913346522326599
  outer loop
   vertex 0.041719211476306445 0.014047290093807669 -0.4
   vertex 0.04336986876464625 -0.017449127249599017 0.4
   vertex 0.03923777080479623 0.013627692206138731 -0.4
  endloop
 endfacet
 facet normal -0.06270259942680025 -0.9972925940954271 -0.03841698576009895
  outer loop
   vertex 0.03923777080479623 0.013627692206138731 -0.4
   vertex 0.04336986876464625 -0.017449127249599017 0.4
   vertex 0.040858161762383605 -0.0172912091431448 0.4
  endloop
 endfacet
 facet normal 0.1764233555515744 -0.9835662043264702 -0.03837082656512797
  outer loop
   vertex 0.03923777080479623 0.013627692206138731 -0.4
   vertex 0.040858161762383605 -0.0172912091431448 0.4
   vertex 0.036757654130784884 0.013182830941219489 -0.4
  endloop
 endfacet
 facet normal -0.07264837672376315 -0.9966488921099504 -0.037592528831271045
  outer loop
   vertex 0.036757654130784884 0.013182830941219489 -0.4
   vertex 0.040858161762383605 -0.0172912091431448 0.4
   vertex 0.03834513076262207 -0.017108027659440275 0.4
  endloop
 endfacet
 facet normal 0.1870106193206796 -0.9816403683533472 -0.03753950572820972
  outer loop
   vertex 0.036757654130784884 0.013182830941219489 -0.4
   vertex 0.03834513076262207 -0.017108027659440275 0.4
   vertex 0.03427897072828925 0.012710621226598478 -0.4
  endloop
 endfacet
 facet normal -0.08337941496499907 -0.9958420472441378 -0.03669453788488778
  outer loop
   vertex 0.03427897072828925 0.012710621226598478 -0.4
   vertex 0.03834513076262207 -0.017108027659440275 0.4
   vertex 0.03583066649134484 -0.016897497726033987 0.4
  endloop
 endfacet
 facet normal 0.19848332567038074 -0.9794193992020906 -0.03663343976446405
  outer loop
   vertex 0.03427897072828925 0.012710621226598478 -0.4
   vertex 0.03583066649134484 -0.016897497726033987 0.4
   vertex 0.03180184851056917 0.01220862233188022 -0.4
  endloop
 endfacet
 facet normal -0.09502196564330605 -0.9948342475023527 -0.035716173552219774
  outer loop
   vertex 0.03180184851056917 0.01220862233188022 -0.4
   vertex 0.03583066649134484 -0.016897497726033987 0.4
   vertex 0.03331464103529205 -0.016657178612530445 0.4
  endloop
 endfacet
 facet normal 0.21099421758894937 -0.976837161194251 -0.03564547190658095
  outer loop
   vertex 0.03180184851056917 0.01220862233188022 -0.4
   vertex 0.03331464103529205 -0.016657178612530445 0.4
   vertex 0.029326439132053177 0.0116739405181849 -0.4
  endloop
 endfacet
 facet normal -0.10773485855783241 -0.9935756765635683 -0.03464930311269754
  outer loop
   vertex 0.029326439132053177 0.0116739405181849 -0.4
   vertex 0.03331464103529205 -0.016657178612530445 0.4
   vertex 0.030796902740035187 -0.016384176580049845 0.4
  endloop
 endfacet
 facet normal 0.22473833257331788 -0.9738058333211037 -0.03456703455204402
  outer loop
   vertex 0.029326439132053177 0.0116739405181849 -0.4
   vertex 0.030796902740035187 -0.016384176580049845 0.4
   vertex 0.026852925052498405 0.011103094245946086 -0.4
  endloop
 endfacet
 facet normal -0.1217212553830725 -0.9919993695878513 -0.03348411176968587
  outer loop
   vertex 0.026852925052498405 0.011103094245946086 -0.4
   vertex 0.030796902740035187 -0.016384176580049845 0.4
   vertex 0.028277269145817078 -0.01607501008902575 0.4
  endloop
 endfacet
 facet normal 0.23996945296805677 -0.9702061234375198 -0.0333877029026568
  outer loop
   vertex 0.026852925052498405 0.011103094245946086 -0.4
   vertex 0.028277269145817078 -0.01607501008902575 0.4
   vertex 0.024381529573078382 0.010491822674949509 -0.4
  endloop
 endfacet
 facet normal -0.13724603352768505 -0.9900131991962209 -0.03220855036644862
  outer loop
   vertex 0.024381529573078382 0.010491822674949509 -0.4
   vertex 0.028277269145817078 -0.01607501008902575 0.4
   vertex 0.025755516951464223 -0.015725418299243895 0.4
  endloop
 endfacet
 facet normal 0.2570251133523778 -0.9658716426520582 -0.03209454858402923
  outer loop
   vertex 0.024381529573078382 0.010491822674949509 -0.4
   vertex 0.025755516951464223 -0.015725418299243895 0.4
   vertex 0.021912531532372704 0.009834805248144507 -0.4
  endloop
 endfacet
 facet normal -0.1546622908847512 -0.9874869472730573 -0.03080752774209262
  outer loop
   vertex 0.021912531532372704 0.009834805248144507 -0.4
   vertex 0.025755516951464223 -0.015725418299243895 0.4
   vertex 0.02323136731839705 -0.015330080653653606 0.4
  endloop
 endfacet
 facet normal 0.2763659763104495 -0.9605629210877098 -0.030671172062834866
  outer loop
   vertex 0.021912531532372704 0.009834805248144507 -0.4
   vertex 0.02323136731839705 -0.015330080653653606 0.4
   vertex 0.019446287615817383 0.009125236001970906 -0.4
  endloop
 endfacet
 facet normal -0.17445322344551387 -0.9842305753355008 -0.029261688783579952
  outer loop
   vertex 0.019446287615817383 0.009125236001970906 -0.4
   vertex 0.02323136731839705 -0.015330080653653606 0.4
   vertex 0.020704463561179477 -0.014882191188694728 0.4
  endloop
 endfacet
 facet normal 0.29864047817082934 -0.9539220488264087 -0.0290961954983957
  outer loop
   vertex 0.019446287615817383 0.009125236001970906 -0.4
   vertex 0.020704463561179477 -0.014882191188694728 0.4
   vertex 0.0169832677379697 0.008354148432531001 -0.4
  endloop
 endfacet
 facet normal -0.19730116025143202 -0.9799558649459887 -0.027545488797818662
  outer loop
   vertex 0.0169832677379697 0.008354148432531001 -0.4
   vertex 0.020704463561179477 -0.014882191188694728 0.4
   vertex 0.018174335765254315 -0.014372783400469543 0.4
  endloop
 endfacet
 facet normal 0.3247964700077735 -0.9453886676217307 -0.0273407981194143
  outer loop
   vertex 0.0169832677379697 0.008354148432531001 -0.4
   vertex 0.018174335765254315 -0.014372783400469543 0.4
   vertex 0.014524114291696807 0.00750928495371842 -0.4
  endloop
 endfacet
 facet normal -0.22420737682165276 -0.9742045276113807 -0.025624004353434034
  outer loop
   vertex 0.014524114291696807 0.00750928495371842 -0.4
   vertex 0.018174335765254315 -0.014372783400469543 0.4
   vertex 0.01564034153775433 -0.01378959970287168 0.4
  endloop
 endfacet
 facet normal 0.35628649004128654 -0.934032430724944 -0.025364432118889186
  outer loop
   vertex 0.014524114291696807 0.00750928495371842 -0.4
   vertex 0.01564034153775433 -0.01378959970287168 0.4
   vertex 0.012069748499297714 0.006573067596926463 -0.4
  endloop
 endfacet
 facet normal -0.25671375900521837 -0.966203016198276 -0.023447312752658635
  outer loop
   vertex 0.012069748499297714 0.006573067596926463 -0.4
   vertex 0.01564034153775433 -0.01378959970287168 0.4
   vertex 0.01310155965638056 -0.013115062127294443 0.4
  endloop
 endfacet
 facet normal 0.3954766665981429 -0.9181853205246175 -0.023106761172907397
  outer loop
   vertex 0.012069748499297714 0.006573067596926463 -0.4
   vertex 0.01310155965638056 -0.013115062127294443 0.4
   vertex 0.00962157976483532 0.0055186033305822885 -0.4
  endloop
 endfacet
 facet normal -0.2973479008294637 -0.9545395494660831 -0.02093975739422956
  outer loop
   vertex 0.00962157976483532 0.0055186033305822885 -0.4
   vertex 0.01310155965638056 -0.013115062127294443 0.4
   vertex 0.010556580717070075 -0.012322277642164989 0.4
  endloop
 endfacet
 facet normal 0.446553205786297 -0.8945228793500176 -0.02047075486314564
  outer loop
   vertex 0.00962157976483532 0.0055186033305822885 -0.4
   vertex 0.010556580717070075 -0.012322277642164989 0.4
   vertex 0.007181974810856534 0.004300732398267004 -0.4
  endloop
 endfacet
 facet normal -0.35062065260904685 -0.9363450120289969 -0.017977082513914368
  outer loop
   vertex 0.007181974810856534 0.004300732398267004 -0.4
   vertex 0.010556580717070075 -0.012322277642164989 0.4
   vertex 0.008003037997275997 -0.011366086491064423 0.4
  endloop
 endfacet
 facet normal 0.5178655015721809 -0.8552874878951416 -0.017281043087527495
  outer loop
   vertex 0.007181974810856534 0.004300732398267004 -0.4
   vertex 0.008003037997275997 -0.011366086491064423 0.4
   vertex 0.004755540133720135 0.002831557613306945 -0.4
  endloop
 endfacet
 facet normal -0.42564655584579203 -0.9047760392169303 -0.01432925239778201
  outer loop
   vertex 0.004755540133720135 0.002831557613306945 -0.4
   vertex 0.008003037997275997 -0.011366086491064423 0.4
   vertex 0.005436325000639533 -0.010158591487319082 0.4
  endloop
 endfacet
 facet normal 0.6297604886178249 -0.7766781011703866 -0.013147369684786511
  outer loop
   vertex 0.004755540133720135 0.002831557613306945 -0.4
   vertex 0.005436325000639533 -0.010158591487319082 0.4
   vertex 0.002354154342322548 0.0008844216156889556 -0.4
  endloop
 endfacet
 facet normal -0.5451482933324776 -0.8382861287943434 -0.009471205787756093
  outer loop
   vertex 0.002354154342322548 0.0008844216156889556 -0.4
   vertex 0.005436325000639533 -0.010158591487319082 0.4
   vertex 0.00284456311826424 -0.00847313527091581 0.4
  endloop
 endfacet
 facet normal 0.9056086618338172 -0.4240784474829269 -0.005515570790045795
  outer loop
   vertex 0.002354154342322548 0.0008844216156889556 -0.4
   vertex 0.00284456311826424 -0.00847313527091581 0.4
   vertex 0.00010269644645593267 -0.003923509049858563 -0.4
  endloop
 endfacet
 facet normal -0.8563323999730478 -0.5164250383952556 -1.989535522286151e-06
  outer loop
   vertex 0.00010269644645593267 -0.003923509049858563 -0.4
   vertex 0.00284456311826424 -0.00847313527091581 0.4
   vertex 0.00010287334035799234 -0.0039268843865830115 0.4
  endloop
 endfacet
 facet normal 0.8563323999730479 0.5164250383952554 -1.989535522286151e-06
  outer loop
   vertex 0.00010287334035799234 -0.0039268843865830115 -0.4
   vertex 0.00010269644645593267 -0.003923509049858563 0.4
   vertex 0.00284456311826424 -0.00847313527091581 -0.4
  endloop
 endfacet
 facet normal -0.905608661833817 0.4240784474829269 -0.0055155707900457936
  outer loop
   vertex 0.00284456311826424 -0.00847313527091581 -0.4
   vertex 0.00010269644645593267 -0.003923509049858563 0.4
   vertex 0.002354154342322548 0.0008844216156889556 0.4
  endloop
 endfacet
 facet normal 0.5451482933324775 0.8382861287943436 -0.009471205787756098
  outer loop
   vertex 0.00284456311826424 -0.00847313527091581 -0.4
   vertex 0.002354154342322548 0.0008844216156889556 0.4
   vertex 0.005436325000639533 -0.010158591487319082 -0.4
  endloop
 endfacet
 facet normal -0.6297604886178246 0.7766781011703868 -0.013147369684786515
  outer loop
   vertex 0.005436325000639533 -0.010158591487319082 -0.4
   vertex 0.002354154342322548 0.0008844216156889556 0.4
   vertex 0.004755540133720135 0.002831557613306945 0.4
  endloop
 endfacet
 facet normal 0.4256465558457916 0.9047760392169306 -0.014329252397782018
  outer loop
   vertex 0.005436325000639533 -0.010158591487319082 -0.4
   vertex 0.004755540133720135 0.002831557613306945 0.4
   vertex 0.008003037997275997 -0.011366086491064423 -0.4
  endloop
 endfacet
 facet normal -0.5178655015721803 0.855287487895142 -0.017281043087527502
  outer loop
   vertex 0.008003037997275997 -0.011366086491064423 -0.4
   vertex 0.004755540133720135 0.002831557613306945 0.4
   vertex 0.007181974810856534 0.004300732398267004 0.4
  endloop
 endfacet
 facet normal 0.35062065260904696 0.9363450120289967 -0.017977082513914364
  outer loop
   vertex 0.008003037997275997 -0.011366086491064423 -0.4
   vertex 0.007181974810856534 0.004300732398267004 0.4
   vertex 0.010556580717070075 -0.012322277642164989 -0.4
  endloop
 endfacet
 facet normal -0.44655320578629737 0.8945228793500175 -0.020470754863145632
  outer loop
   vertex 0.010556580717070075 -0.012322277642164989 -0.4
   vertex 0.007181974810856534 0.004300732398267004 0.4
   vertex 0.00962157976483532 0.0055186033305822885 0.4
  endloop
 endfacet
 facet normal 0.2973479008294642 0.9545395494660829 -0.020939757394229555
  outer loop
   vertex 0.010556580717070075 -0.012322277642164989 -0.4
   vertex 0.00962157976483532 0.0055186033305822885 0.4
   vertex 0.01310155965638056 -0.013115062127294443 -0.4
  endloop
 endfacet
 facet normal -0.39547666659814334 0.9181853205246173 -0.0231067611729074
  outer loop
   vertex 0.01310155965638056 -0.013115062127294443 -0.4
   vertex 0.00962157976483532 0.0055186033305822885 0.4
   vertex 0.012069748499297714 0.006573067596926463 0.4
  endloop
 endfacet
 facet normal 0.2567137590052181 0.9662030161982762 -0.02344731275265864
  outer loop
   vertex 0.01310155965638056 -0.013115062127294443 -0.4
   vertex 0.012069748499297714 0.006573067596926463 0.4
   vertex 0.01564034153775433 -0.01378959970287168 -0.4
  endloop
 endfacet
 facet normal -0.35628649004128565 0.9340324307249445 -0.025364432118889193
  outer loop
   vertex 0.01564034153775433 -0.01378959970287168 -0.4
   vertex 0.012069748499297714 0.006573067596926463 0.4
   vertex 0.014524114291696807 0.00750928495371842 0.4
  endloop
 endfacet
 facet normal 0.2242073768216534 0.9742045276113804 -0.025624004353434024
  outer loop
   vertex 0.01564034153775433 -0.01378959970287168 -0.4
   vertex 0.014524114291696807 0.00750928495371842 0.4
   vertex 0.018174335765254315 -0.014372783400469543 -0.4
  endloop
 endfacet
 facet normal -0.3247964700077747 0.9453886676217302 -0.02734079811941429
  outer loop
   vertex 0.018174335765254315 -0.014372783400469543 -0.4
   vertex 0.014524114291696807 0.00750928495371842 0.4
   vertex 0.0169832677379697 0.008354148432531001 0.4
  endloop
 endfacet
 facet normal 0.19730116025143235 0.9799558649459887 -0.027545488797818662
  outer loop
   vertex 0.018174335765254315 -0.014372783400469543 -0.4
   vertex 0.0169832677379697 0.008354148432531001 0.4
   vertex 0.020704463561179477 -0.014882191188694728 -0.4
  endloop
 endfacet
 facet normal -0.2986404781708302 0.9539220488264083 -0.029096195498395695
  outer loop
   vertex 0.020704463561179477 -0.014882191188694728 -0.4
   vertex 0.0169832677379697 0.008354148432531001 0.4
   vertex 0.019446287615817383 0.009125236001970906 0.4
  endloop
 endfacet
 facet normal 0.17445322344551417 0.9842305753355007 -0.029261688783579945
  outer loop
   vertex 0.020704463561179477 -0.014882191188694728 -0.4
   vertex 0.019446287615817383 0.009125236001970906 0.4
   vertex 0.02323136731839705 -0.015330080653653606 -0.4
  endloop
 endfacet
 facet normal -0.27636597631044985 0.9605629210877096 -0.030671172062834866
  outer loop
   vertex 0.02323136731839705 -0.015330080653653606 -0.4
   vertex 0.019446287615817383 0.009125236001970906 0.4
   vertex 0.021912531532372704 0.009834805248144507 0.4
  endloop
 endfacet
 facet normal 0.15466229088475084 0.9874869472730573 -0.03080752774209262
  outer loop
   vertex 0.02323136731839705 -0.015330080653653606 -0.4
   vertex 0.021912531532372704 0.009834805248144507 0.4
   vertex 0.025755516951464223 -0.015725418299243895 -0.4
  endloop
 endfacet
 facet normal -0.2570251133523772 0.9658716426520584 -0.03209454858402923
  outer loop
   vertex 0.025755516951464223 -0.015725418299243895 -0.4
   vertex 0.021912531532372704 0.009834805248144507 0.4
   vertex 0.024381529573078382 0.010491822674949509 0.4
  endloop
 endfacet
 facet normal 0.1372460335276854 0.9900131991962207 -0.03220855036644862
  outer loop
   vertex 0.025755516951464223 -0.015725418299243895 -0.4
   vertex 0.024381529573078382 0.010491822674949509 0.4
   vertex 0.028277269145817078 -0.01607501008902575 -0.4
  endloop
 endfacet
 facet normal -0.23996945296805705 0.9702061234375198 -0.0333877029026568
  outer loop
   vertex 0.028277269145817078 -0.01607501008902575 -0.4
   vertex 0.024381529573078382 0.010491822674949509 0.4
   vertex 0.026852925052498405 0.011103094245946086 0.4
  endloop
 endfacet
 facet normal 0.1217212553830725 0.9919993695878513 -0.033484111769685874
  outer loop
   vertex 0.028277269145817078 -0.01607501008902575 -0.4
   vertex 0.026852925052498405 0.011103094245946086 0.4
   vertex 0.030796902740035187 -0.016384176580049845 -0.4
  endloop
 endfacet
 facet normal -0.22473833257331824 0.9738058333211037 -0.03456703455204403
  outer loop
   vertex 0.030796902740035187 -0.016384176580049845 -0.4
   vertex 0.026852925052498405 0.011103094245946086 0.4
   vertex 0.029326439132053177 0.0116739405181849 0.4
  endloop
 endfacet
 facet normal 0.10773485855783409 0.9935756765635683 -0.034649303112697524
  outer loop
   vertex 0.030796902740035187 -0.016384176580049845 -0.4
   vertex 0.029326439132053177 0.0116739405181849 0.4
   vertex 0.03331464103529205 -0.016657178612530445 -0.4
  endloop
 endfacet
 facet normal -0.2109942175889507 0.9768371611942508 -0.03564547190658094
  outer loop
   vertex 0.03331464103529205 -0.016657178612530445 -0.4
   vertex 0.029326439132053177 0.0116739405181849 0.4
   vertex 0.03180184851056917 0.01220862233188022 0.4
  endloop
 endfacet
 facet normal 0.09502196564330534 0.9948342475023527 -0.035716173552219774
  outer loop
   vertex 0.03331464103529205 -0.016657178612530445 -0.4
   vertex 0.03180184851056917 0.01220862233188022 0.4
   vertex 0.03583066649134484 -0.016897497726033987 -0.4
  endloop
 endfacet
 facet normal -0.19848332567037974 0.9794193992020909 -0.03663343976446406
  outer loop
   vertex 0.03583066649134484 -0.016897497726033987 -0.4
   vertex 0.03180184851056917 0.01220862233188022 0.4
   vertex 0.03427897072828925 0.012710621226598478 0.4
  endloop
 endfacet
 facet normal 0.08337941496499941 0.9958420472441378 -0.03669453788488778
  outer loop
   vertex 0.03583066649134484 -0.016897497726033987 -0.4
   vertex 0.03427897072828925 0.012710621226598478 0.4
   vertex 0.03834513076262207 -0.017108027659440275 -0.4
  endloop
 endfacet
 facet normal -0.18701061932067925 0.9816403683533472 -0.037539505728209716
  outer loop
   vertex 0.03834513076262207 -0.017108027659440275 -0.4
   vertex 0.03427897072828925 0.012710621226598478 0.4
   vertex 0.036757654130784884 0.013182830941219489 0.4
  endloop
 endfacet
 facet normal 0.07264837672376348 0.9966488921099502 -0.03759252883127103
  outer loop
   vertex 0.03834513076262207 -0.017108027659440275 -0.4
   vertex 0.036757654130784884 0.013182830941219489 0.4
   vertex 0.040858161762383605 -0.0172912091431448 -0.4
  endloop
 endfacet
 facet normal -0.17642335555157507 0.9835662043264702 -0.038370826565127976
  outer loop
   vertex 0.040858161762383605 -0.0172912091431448 -0.4
   vertex 0.036757654130784884 0.013182830941219489 0.4
   vertex 0.03923777080479623 0.013627692206138731 0.4
  endloop
 endfacet
 facet normal 0.06270259942680025 0.9972925940954271 -0.03841698576009896
  outer loop
   vertex 0.040858161762383605 -0.0172912091431448 -0.4
   vertex 0.03923777080479623 0.013627692206138731 0.4
   vertex 0.04336986876464625 -0.017449127249599017 -0.4
  endloop
 endfacet
 facet normal -0.16659993485944777 0.985247701145164 -0.03913346522326599
  outer loop
   vertex 0.04336986876464625 -0.017449127249599017 -0.4
   vertex 0.03923777080479623 0.013627692206138731 0.4
   vertex 0.041719211476306445 0.014047290093807669 0.4
  endloop
 endfacet
 facet normal 0.05344025173281536 0.9978023636844794 -0.039173735164788163
  outer loop
   vertex 0.04336986876464625 -0.017449127249599017 -0.4
   vertex 0.041719211476306445 0.014047290093807669 0.4
   vertex 0.04588034617158724 -0.01758358327964997 -0.4
  endloop
 endfacet
 facet normal -0.15744214378387178 0.9867245474970313 -0.03983262147919917
  outer loop
   vertex 0.04588034617158724 -0.01758358327964997 -0.4
   vertex 0.041719211476306445 0.014047290093807669 0.4
   vertex 0.04420188174313832 0.01444342590507334 0.4
  endloop
 endfacet
 facet normal 0.04477812868660931 0.9982011204780142 -0.039867797446971845
  outer loop
   vertex 0.04588034617158724 -0.01758358327964997 -0.4
   vertex 0.04420188174313832 0.01444342590507334 0.4
   vertex 0.04838967634978514 -0.01769614888124209 -0.4
  endloop
 endfacet
 facet normal -0.1488696346575141 0.9880282298981252 -0.04047280329864234
  outer loop
   vertex 0.04838967634978514 -0.01769614888124209 -0.4
   vertex 0.04420188174313832 0.01444342590507334 0.4
   vertex 0.04668569923871328 0.014817671287880179 0.4
  endloop
 endfacet
 facet normal 0.03664745327007929 0.9985070987410742 -0.04050354228063501
  outer loop
   vertex 0.04838967634978514 -0.01769614888124209 -0.4
   vertex 0.04668569923871328 0.014817671287880179 0.4
   vertex 0.0508979318020357 -0.01778820749013097 -0.4
  endloop
 endfacet
 facet normal -0.14081591817250355 0.9891840680082781 -0.041057956508222776
  outer loop
   vertex 0.0508979318020357 -0.01778820749013097 -0.4
   vertex 0.04668569923871328 0.014817671287880179 0.4
   vertex 0.0491705914602356 0.015171409677983779 0.4
  endloop
 endfacet
 facet normal 0.028990779046534566 0.9987349860410956 -0.04108480731266206
  outer loop
   vertex 0.0508979318020357 -0.01778820749013097 -0.4
   vertex 0.0491705914602356 0.015171409677983779 0.4
   vertex 0.05340517685562284 -0.01786098654401411 -0.4
  endloop
 endfacet
 facet normal -0.13322540215904594 0.9902126705834398 -0.04159156452629019
  outer loop
   vertex 0.05340517685562284 -0.01786098654401411 -0.4
   vertex 0.0491705914602356 0.015171409677983779 0.4
   vertex 0.05165649408042134 0.015505868513081639 0.4
  endloop
 endfacet
 facet normal 0.021759668271185337 0.9988967456298041 -0.041614990214167986
  outer loop
   vertex 0.05340517685562284 -0.01786098654401411 -0.4
   vertex 0.05165649408042134 0.015505868513081639 0.4
   vertex 0.05591146899245953 -0.017915582863130018 -0.4
  endloop
 endfacet
 facet normal -0.1260511684917341 0.9911309959027617 -0.04207672618323225
  outer loop
   vertex 0.05591146899245953 -0.017915582863130018 -0.4
   vertex 0.05165649408042134 0.015505868513081639 0.4
   vertex 0.054143349617357506 0.015822144613412265 0.4
  endloop
 endfacet
 facet normal 0.014912926095712827 0.9990022202376151 -0.042097121026585055
  outer loop
   vertex 0.05591146899245953 -0.017915582863130018 -0.4
   vertex 0.054143349617357506 0.015822144613412265 0.4
   vertex 0.058416859909792555 -0.01795298288971071 -0.4
  endloop
 endfacet
 facet normal -0.11925328017039263 0.9919531367174479 -0.042516217237461726
  outer loop
   vertex 0.058416859909792555 -0.01795298288971071 -0.4
   vertex 0.054143349617357506 0.015822144613412265 0.4
   vertex 0.05663110637379735 0.016121224421207676 0.4
  endloop
 endfacet
 facet normal 0.008415240097180665 0.9990595820124475 -0.04253391971086476
  outer loop
   vertex 0.058416859909792555 -0.01795298288971071 -0.4
   vertex 0.05663110637379735 0.016121224421207676 0.4
   vertex 0.06092139637531843 -0.017974079004566133 -0.4
  endloop
 endfacet
 facet normal -0.112797475404099 0.9926909098467835 -0.04291253957519574
  outer loop
   vertex 0.06092139637531843 -0.017974079004566133 -0.4
   vertex 0.05663110637379735 0.016121224421207676 0.4
   vertex 0.05911971758204435 0.01640400031727782 0.4
  endloop
 endfacet
 facet normal 0.002236119626760742 0.9990756723670868 -0.04292784242981191
  outer loop
   vertex 0.06092139637531843 -0.017974079004566133 -0.4
   vertex 0.05911971758204435 0.01640400031727782 0.4
   vertex 0.06342512092341229 -0.017979682811922117 -0.4
  endloop
 endfacet
 facet normal -0.10665414835056351 0.9933543049661139 -0.04326796097957596
  outer loop
   vertex 0.06342512092341229 -0.017979682811922117 -0.4
   vertex 0.05911971758204435 0.01640400031727782 0.4
   vertex 0.061609140707723366 0.016671283905848523 0.4
  endloop
 endfacet
 facet normal -0.003650940068121349 0.9990562618614265 -0.043281119142341264
  outer loop
   vertex 0.06342512092341229 -0.017979682811922117 -0.4
   vertex 0.061609140707723366 0.016671283905848523 0.4
   vertex 0.0659280724271286 -0.017970536053844192 -0.4
  endloop
 endfacet
 facet normal -0.10079754502806729 0.9939518303871153 -0.04358454758917172
  outer loop
   vertex 0.0659280724271286 -0.017970536053844192 -0.4
   vertex 0.061609140707723366 0.016671283905848523 0.4
   vertex 0.06409933687777992 0.016923816928985314 0.4
  endloop
 endfacet
 facet normal -0.009269123130371397 0.9990062512011764 -0.0435957844205586
  outer loop
   vertex 0.0659280724271286 -0.017970536053844192 -0.4
   vertex 0.06409933687777992 0.016923816928985314 0.4
   vertex 0.06843028657203698 -0.0179473196515646 -0.4
  endloop
 endfacet
 facet normal -0.0952051227205813 0.9944907824562441 -0.043864190625335045
  outer loop
   vertex 0.06843028657203698 -0.0179473196515646 -0.4
   vertex 0.06409933687777992 0.016923816928985314 0.4
   vertex 0.06659027040664442 0.01716228030792044 0.4
  endloop
 endfacet
 facet normal -0.014638827444674814 0.9989298283285158 -0.043873702924189815
  outer loop
   vertex 0.06843028657203698 -0.0179473196515646 -0.4
   vertex 0.06659027040664442 0.01716228030792044 0.4
   vertex 0.07093179625173068 -0.017910661252231893 -0.4
  endloop
 endfacet
 facet normal -0.08985703500439184 0.9949774576072948 -0.04410862858020499
  outer loop
   vertex 0.07093179625173068 -0.017910661252231893 -0.4
   vertex 0.06659027040664442 0.01716228030792044 0.4
   vertex 0.06908190840072358 0.017387301689802456 0.4
  endloop
 endfacet
 facet normal -0.01977809744403622 0.9988305923903575 -0.044116590622178514
  outer loop
   vertex 0.07093179625173068 -0.017910661252231893 -0.4
   vertex 0.06908190840072358 0.017387301689802456 0.4
   vertex 0.07343263190027433 -0.017861141572393047 -0.4
  endloop
 endfacet
 facet normal -0.08473571429586643 0.9954173208648136 -0.044319465775185356
  outer loop
   vertex 0.07343263190027433 -0.017861141572393047 -0.4
   vertex 0.06908190840072358 0.017387301689802456 0.4
   vertex 0.07157422042595281 0.017599461791178328 0.4
  endloop
 endfacet
 facet normal -0.024702977406626067 0.9987116524516402 -0.044326032598533675
  outer loop
   vertex 0.07343263190027433 -0.017861141572393047 -0.4
   vertex 0.07157422042595281 0.017599461791178328 0.4
   vertex 0.07593282177346118 -0.01779929976470211 -0.4
  endloop
 endfacet
 facet normal -0.07982553082923922 0.9958151409245767 -0.04449818799195306
  outer loop
   vertex 0.07593282177346118 -0.01779929976470211 -0.4
   vertex 0.07157422042595281 0.017599461791178328 0.4
   vertex 0.0740671782265388 0.01779929976470211 0.4
  endloop
 endfacet
 facet normal -0.02942780194132629 0.998575706760252 -0.04450349809192742
  outer loop
   vertex 0.07593282177346118 -0.01779929976470211 -0.4
   vertex 0.0740671782265388 0.01779929976470211 0.4
   vertex 0.07843239218819652 -0.017725637985624914 -0.4
  endloop
 endfacet
 facet normal -0.07511251206530695 0.9961750993303325 -0.0446461757231232
  outer loop
   vertex 0.07843239218819652 -0.017725637985624914 -0.4
   vertex 0.0740671782265388 0.01779929976470211 0.4
   vertex 0.07656075548557634 0.017987317766839633 0.4
  endloop
 endfacet
 facet normal -0.03396543644218234 0.9984251068961708 -0.04465035327774792
  outer loop
   vertex 0.07843239218819652 -0.017725637985624914 -0.4
   vertex 0.07656075548557634 0.017987317766839633 0.4
   vertex 0.0809313677273833 -0.017640625304893475 -0.4
  endloop
 endfacet
 facet normal -0.07058411027442028 0.9965008793907665 -0.04476471547288579
  outer loop
   vertex 0.0809313677273833 -0.017640625304893475 -0.4
   vertex 0.07656075548557634 0.017987317766839633 0.4
   vertex 0.07905492762016245 0.018163984867322916 0.4
  endloop
 endfacet
 facet normal -0.038327477383921275 0.9982619100705286 -0.044767872194524
  outer loop
   vertex 0.0809313677273833 -0.017640625304893475 -0.4
   vertex 0.07905492762016245 0.018163984867322916 0.4
   vertex 0.08342977141619896 -0.017544701069066203 -0.4
  endloop
 endfacet
 facet normal -0.06622900881745773 0.996795739115841 -0.04485500944895141
  outer loop
   vertex 0.08342977141619896 -0.017544701069066203 -0.4
   vertex 0.07905492762016245 0.018163984867322916 0.4
   vertex 0.08154967160511965 0.018329740412710363 0.4
  endloop
 endfacet
 facet normal -0.04252442015027476 0.998087922059542 -0.04485724613485475
  outer loop
   vertex 0.08342977141619896 -0.017544701069066203 -0.4
   vertex 0.08154967160511965 0.018329740412710363 0.4
   vertex 0.08592762487449923 -0.017438277809564782 -0.4
  endloop
 endfacet
 facet normal -0.062036959735475496 0.9970625714473892 -0.044918183918718775
  outer loop
   vertex 0.08592762487449923 -0.017438277809564782 -0.4
   vertex 0.08154967160511965 0.018329740412710363 0.4
   vertex 0.08404496582059223 0.018484996934423657 0.4
  endloop
 endfacet
 facet normal -0.046565800436386265 0.9979047326809606 -0.04491959175777309
  outer loop
   vertex 0.08592762487449923 -0.017438277809564782 -0.4
   vertex 0.08404496582059223 0.018484996934423657 0.4
   vertex 0.08842494844918533 -0.017321743768392843 -0.4
  endloop
 endfacet
 facet normal -0.05799864683941909 0.9973039543123059 -0.04495529644949107
  outer loop
   vertex 0.08842494844918533 -0.017321743768392843 -0.4
   vertex 0.08404496582059223 0.018484996934423657 0.4
   vertex 0.086540789919679 0.01863014267446644 0.4
  endloop
 endfacet
 facet normal -0.050460314006274244 0.9977137452896975 -0.0449559581302144
  outer loop
   vertex 0.08842494844918533 -0.017321743768392843 -0.4
   vertex 0.086540789919679 0.01863014267446644 0.4
   vertex 0.09092176132966338 -0.017195465101231402 -0.4
  endloop
 endfacet
 facet normal -0.05410556969986606 0.9975221924663841 -0.0449673422110386
  outer loop
   vertex 0.09092176132966338 -0.017195465101231402 -0.4
   vertex 0.086540789919679 0.01863014267446644 0.4
   vertex 0.08903712471297383 0.018765543788519714 0.4
  endloop
 endfacet
 facet normal -0.0542159186158465 0.9975162014446285 -0.044967332866564916
  outer loop
   vertex 0.09092176132966338 -0.017195465101231402 -0.4
   vertex 0.08903712471297383 0.018765543788519714 0.4
   vertex 0.09341808164896281 -0.017059787806893507 -0.4
  endloop
 endfacet
 facet normal -0.05034994486769294 0.9977193526725708 -0.044955259486063326
  outer loop
   vertex 0.09341808164896281 -0.017059787806893507 -0.4
   vertex 0.08903712471297383 0.018765543788519714 0.4
   vertex 0.09153395206744727 0.01889154627539654 0.4
  endloop
 endfacet
 facet normal -0.05783992115851187 0.9973132016518869 -0.04495464750464071
  outer loop
   vertex 0.09341808164896281 -0.017059787806893507 -0.4
   vertex 0.09153395206744727 0.01889154627539654 0.4
   vertex 0.09591392657263266 -0.016915039423567358 -0.4
  endloop
 endfacet
 facet normal -0.04672462138023609 0.9978972934333897 -0.044919934508120846
  outer loop
   vertex 0.09591392657263266 -0.016915039423567358 -0.4
   vertex 0.09153395206744727 0.01889154627539654 0.4
   vertex 0.09403125481755027 0.019008477673285114 0.4
  endloop
 endfacet
 facet normal -0.061339052502021645 0.9971057229010348 -0.044918782232042306
  outer loop
   vertex 0.09591392657263266 -0.016915039423567358 -0.4
   vertex 0.09403125481755027 0.019008477673285114 0.4
   vertex 0.0984093123771744 -0.016761530525401323 -0.4
  endloop
 endfacet
 facet normal -0.04322300817286359 0.9980576902478915 -0.04486220572576252
  outer loop
   vertex 0.0984093123771744 -0.016761530525401323 -0.4
   vertex 0.09403125481755027 0.019008477673285114 0.4
   vertex 0.0965290166867814 0.0191166485563338 0.4
  endloop
 endfacet
 facet normal -0.0647195320209663 0.9968946335647566 -0.0448605700572504
  outer loop
   vertex 0.0984093123771744 -0.016761530525401323 -0.4
   vertex 0.0965290166867814 0.0191166485563338 0.4
   vertex 0.10090425451947793 -0.016599556047424777 -0.4
  endloop
 endfacet
 facet normal -0.039839011462189836 0.9982020571700714 -0.04478286757493199
  outer loop
   vertex 0.10090425451947793 -0.016599556047424777 -0.4
   vertex 0.0965290166867814 0.0191166485563338 0.4
   vertex 0.09902722221825075 0.01921635385957197 0.4
  endloop
 endfacet
 facet normal -0.06798712346266 0.9966807061193763 -0.04478080050402551
  outer loop
   vertex 0.10090425451947793 -0.016599556047424777 -0.4
   vertex 0.09902722221825075 0.01921635385957197 0.4
   vertex 0.10339876769849127 -0.016429396462274246 -0.4
  endloop
 endfacet
 facet normal -0.03656698052015632 0.9983317652946502 -0.04468267382810001
  outer loop
   vertex 0.10339876769849127 -0.016429396462274246 -0.4
   vertex 0.09902722221825075 0.01921635385957197 0.4
   vertex 0.10152585671301029 0.019307874055636155 0.4
  endloop
 endfacet
 facet normal -0.07114718349063132 0.9964646280549024 -0.04468022289484081
  outer loop
   vertex 0.10339876769849127 -0.016429396462274246 -0.4
   vertex 0.10152585671301029 0.019307874055636155 0.4
   vertex 0.10589286591015969 -0.016251318828494503 -0.4
  endloop
 endfacet
 facet normal -0.033401660540728816 0.9984480586773359 -0.044562340577593264
  outer loop
   vertex 0.10589286591015969 -0.016251318828494503 -0.4
   vertex 0.10152585671301029 0.019307874055636155 0.4
   vertex 0.10402490617511471 0.01939147620307113 0.4
  endloop
 endfacet
 facet normal -0.07420470401531135 0.9962470112734705 -0.04455954927860211
  outer loop
   vertex 0.10589286591015969 -0.016251318828494503 -0.4
   vertex 0.10402490617511471 0.01939147620307113 0.4
   vertex 0.10838656249651098 -0.01606557772714088 -0.4
  endloop
 endfacet
 facet normal -0.03033815152690772 0.9985520681027352 -0.044422548901537774
  outer loop
   vertex 0.10838656249651098 -0.01606557772714088 -0.4
   vertex 0.10402490617511471 0.01939147620307113 0.4
   vertex 0.10652435726253633 0.019467414882932226 0.4
  endloop
 endfacet
 facet normal -0.07716434923207109 0.9960284002197597 -0.044419457049309836
  outer loop
   vertex 0.10838656249651098 -0.01606557772714088 -0.4
   vertex 0.10652435726253633 0.019467414882932226 0.4
   vertex 0.11087987018963144 -0.015872416100893568 -0.4
  endloop
 endfacet
 facet normal -0.02737187230859667 0.9986448230382816 -0.04426394725340547
  outer loop
   vertex 0.11087987018963144 -0.015872416100893568 -0.4
   vertex 0.10652435726253633 0.019467414882932226 0.4
   vertex 0.10902419724318871 0.019535933037899633 0.4
  endloop
 endfacet
 facet normal -0.08003048813264797 0.995809278942918 -0.04426059129522389
  outer loop
   vertex 0.11087987018963144 -0.015872416100893568 -0.4
   vertex 0.10902419724318871 0.019535933037899633 0.4
   vertex 0.11337280115116842 -0.015672066007806885 -0.4
  endloop
 endfacet
 facet normal -0.02449852895026912 0.9987272620526587 -0.044087153610004974
  outer loop
   vertex 0.11337280115116842 -0.015672066007806885 -0.4
   vertex 0.10902419724318871 0.019535933037899633 0.4
   vertex 0.1115244139554246 0.019597262726027673 0.4
  endloop
 endfacet
 facet normal -0.08280722313148924 0.9955900772541822 -0.04408356691221605
  outer loop
   vertex 0.11337280115116842 -0.015672066007806885 -0.4
   vertex 0.1115244139554246 0.019597262726027673 0.4
   vertex 0.11586536700790262 -0.015464749300073343 -0.4
  endloop
 endfacet
 facet normal -0.021714086927702183 0.9988002419290265 -0.04389275740764839
  outer loop
   vertex 0.11586536700790262 -0.015464749300073343 -0.4
   vertex 0.1115244139554246 0.019597262726027673 0.4
   vertex 0.11402499577246324 0.01965162579950885 0.4
  endloop
 endfacet
 facet normal -0.08549841534528557 0.9953711761159889 -0.04388897051009808
  outer loop
   vertex 0.11586536700790262 -0.015464749300073343 -0.4
   vertex 0.11402499577246324 0.01965162579950885 0.4
   vertex 0.1183575788838585 -0.015250678236723504 -0.4
  endloop
 endfacet
 facet normal -0.019014746552581858 0.9988645456643451 -0.04368132129196405
  outer loop
   vertex 0.1183575788838585 -0.015250678236723504 -0.4
   vertex 0.11402499577246324 0.01965162579950885 0.4
   vertex 0.11652593157028024 0.01969923451737373 0.4
  endloop
 endfacet
 facet normal -0.08810770698007114 0.9951529123753293 -0.0436773621366239
  outer loop
   vertex 0.1183575788838585 -0.015250678236723504 -0.4
   vertex 0.11652593157028024 0.01969923451737373 0.4
   vertex 0.1208494474293553 -0.015030056037954636 -0.4
  endloop
 endfacet
 facet normal -0.016396921205026373 0.9989208895143952 -0.04345338270325303
  outer loop
   vertex 0.1208494474293553 -0.015030056037954636 -0.4
   vertex 0.11652593157028024 0.01969923451737373 0.4
   vertex 0.11902721069855632 0.01974029209981958 0.4
  endloop
 endfacet
 facet normal -0.09063854121045249 0.9949355829353824 -0.043449276840427875
  outer loop
   vertex 0.1208494474293553 -0.015030056037954636 -0.4
   vertex 0.11902721069855632 0.01974029209981958 0.4
   vertex 0.1233409828473479 -0.014803077387744182 -0.4
  endloop
 endfacet
 facet normal -0.013857218001323278 0.9989699292181963 -0.043209455316279274
  outer loop
   vertex 0.1233409828473479 -0.014803077387744182 -0.4
   vertex 0.11902721069855632 0.01974029209981958 0.4
   vertex 0.12152882295433659 0.019774993230823847 0.4
  endloop
 endfacet
 facet normal -0.09309417987754923 0.9947194484441836 -0.043205226091266126
  outer loop
   vertex 0.1233409828473479 -0.014803077387744182 -0.4
   vertex 0.12152882295433659 0.019774993230823847 0.4
   vertex 0.12583219491736033 -0.014569928890525599 -0.4
  endloop
 endfacet
 facet normal -0.011392420580359405 0.9990122655142639 -0.04295003035084595
  outer loop
   vertex 0.12583219491736033 -0.014569928890525599 -0.4
   vertex 0.12152882295433659 0.019774993230823847 0.4
   vertex 0.12403075855809706 0.019803524514819985 0.4
  endloop
 endfacet
 facet normal -0.09547771928434352 0.9945047365665041 -0.0429456990734782
  outer loop
   vertex 0.12583219491736033 -0.014569928890525599 -0.4
   vertex 0.12403075855809706 0.019803524514819985 0.4
   vertex 0.12832309301727496 -0.014330789486956102 -0.4
  endloop
 endfacet
 facet normal -0.008999473738582441 0.9990484490436389 -0.042675577767356934
  outer loop
   vertex 0.12832309301727496 -0.014330789486956102 -0.4
   vertex 0.12403075855809706 0.019803524514819985 0.4
   vertex 0.12653300813195528 0.019826064892465207 0.4
  endloop
 endfacet
 facet normal -0.09779210432650985 0.9942916448948085 -0.042671163866507184
  outer loop
   vertex 0.12832309301727496 -0.014330789486956102 -0.4
   vertex 0.12653300813195528 0.019826064892465207 0.4
   vertex 0.13081368614320857 -0.014085830833168002 -0.4
  endloop
 endfacet
 facet normal -0.006675469682441677 0.9990789847201176 -0.042386547359730666
  outer loop
   vertex 0.13081368614320857 -0.014085830833168002 -0.4
   vertex 0.12653300813195528 0.019826064892465207 0.4
   vertex 0.12903556267979455 0.019842786019891825 0.4
  endloop
 endfacet
 facet normal -0.10004014116331036 0.9940803435465626 -0.04238206852454392
  outer loop
   vertex 0.13081368614320857 -0.014085830833168002 -0.4
   vertex 0.12903556267979455 0.019842786019891825 0.4
   vertex 0.13330398292767554 -0.013835217647348637 -0.4
  endloop
 endfacet
 facet normal -0.004417635699942734 0.9991043356360718 -0.042083369756471076
  outer loop
   vertex 0.13330398292767554 -0.013835217647348637 -0.4
   vertex 0.12903556267979455 0.019842786019891825 0.4
   vertex 0.13153841356910045 0.019853852615287177 0.4
  endloop
 endfacet
 facet normal -0.10222450860439847 0.9938709774880881 -0.04207884206584757
  outer loop
   vertex 0.13330398292767554 -0.013835217647348637 -0.4
   vertex 0.13153841356910045 0.019853852615287177 0.4
   vertex 0.1357939916562161 -0.013579108027024429 -0.4
  endloop
 endfacet
 facet normal -0.002223323080515177 0.9991249265622029 -0.04176645733936077
  outer loop
   vertex 0.1357939916562161 -0.013579108027024429 -0.4
   vertex 0.13153841356910045 0.019853852615287177 0.4
   vertex 0.13404155251433272 0.019859422776177686 0.4
  endloop
 endfacet
 facet normal -0.10434776836446803 0.9936636686192059 -0.04176189538099526
  outer loop
   vertex 0.1357939916562161 -0.013579108027024429 -0.4
   vertex 0.13404155251433272 0.019859422776177686 0.4
   vertex 0.138283720282645 -0.013317653740020054 -0.4
  endloop
 endfacet
 facet normal -8.999713580870102e-05 0.9991411470911588 -0.04143620508809215
  outer loop
   vertex 0.138283720282645 -0.013317653740020054 -0.4
   vertex 0.13404155251433272 0.019859422776177686 0.4
   vertex 0.13654497156167672 0.019859648270388032 0.4
  endloop
 endfacet
 facet normal -0.10641237431725153 0.9934585176479676 -0.04143162206819784
  outer loop
   vertex 0.138283720282645 -0.013317653740020054 -0.4
   vertex 0.13654497156167672 0.019859648270388032 0.4
   vertex 0.14077317644305745 -0.01305100049171395 -0.4
  endloop
 endfacet
 facet normal 0.0019847718064166476 0.9991533544678887 -0.04109299135816043
  outer loop
   vertex 0.14077317644305745 -0.01305100049171395 -0.4
   vertex 0.13654497156167672 0.019859648270388032 0.4
   vertex 0.13904866307503713 0.01985467480329665 0.4
  endloop
 endfacet
 facet normal -0.10842068086287499 0.9932556057806111 -0.04108839920285467
  outer loop
   vertex 0.14077317644305745 -0.01305100049171395 -0.4
   vertex 0.13904866307503713 0.01985467480329665 0.4
   vertex 0.143262367468715 -0.012779288170908622 -0.4
  endloop
 endfacet
 facet normal 0.004003316545987699 0.9991618761436429 -0.0407371785984875
  outer loop
   vertex 0.143262367468715 -0.012779288170908622 -0.4
   vertex 0.13904866307503713 0.01985467480329665 0.4
   vertex 0.14155261972315245 0.019844642263706042 0.4
  endloop
 endfacet
 facet normal -0.11037495050805456 0.9930549962483503 -0.040732588047688034
  outer loop
   vertex 0.143262367468715 -0.012779288170908622 -0.4
   vertex 0.14155261972315245 0.019844642263706042 0.4
   vertex 0.14575130039791778 -0.012502651076370587 -0.4
  endloop
 endfacet
 facet normal 0.005967880388251408 0.9991670120855022 -0.040369114014502716
  outer loop
   vertex 0.14575130039791778 -0.012502651076370587 -0.4
   vertex 0.14155261972315245 0.019844642263706042 0.4
   vertex 0.14405683446772255 0.019829684950382724 0.4
  endloop
 endfacet
 facet normal -0.11227736074559108 0.9928567356896726 -0.04036453470907442
  outer loop
   vertex 0.14575130039791778 -0.012502651076370587 -0.4
   vertex 0.14405683446772255 0.019829684950382724 0.4
   vertex 0.14823998198695953 -0.012221218125865744 -0.4
  endloop
 endfacet
 facet normal 0.007880623840371704 0.9991690368690401 -0.039989130181762804
  outer loop
   vertex 0.14823998198695953 -0.012221218125865744 -0.4
   vertex 0.14405683446772255 0.019829684950382724 0.4
   vertex 0.14656130055245364 0.019809931781092596 0.4
  endloop
 endfacet
 facet normal -0.11413001030905157 0.9926608554042792 -0.03998457074456216
  outer loop
   vertex 0.14823998198695953 -0.012221218125865744 -0.4
   vertex 0.14656130055245364 0.019809931781092596 0.4
   vertex 0.15072841872025075 -0.011935113049315422 -0.4
  endloop
 endfacet
 facet normal 0.009743630699674589 0.9991682015780907 -0.03959754561463215
  outer loop
   vertex 0.15072841872025075 -0.011935113049315422 -0.4
   vertex 0.14656130055245364 0.019809931781092596 0.4
   vertex 0.14906601149293533 0.019785506485756995 0.4
  endloop
 endfacet
 facet normal -0.11593492486909888 0.9924673724926746 -0.03959301372601723
  outer loop
   vertex 0.15072841872025075 -0.011935113049315422 -0.4
   vertex 0.14906601149293533 0.019785506485756995 0.4
   vertex 0.15321661681968501 -0.011644454567522888 -0.4
  endloop
 endfacet
 facet normal 0.011558913598712547 0.9991647355324919 -0.03919466529405333
  outer loop
   vertex 0.15321661681968501 -0.011644454567522888 -0.4
   vertex 0.14906601149293533 0.019785506485756995 0.4
   vertex 0.1515709610672739 0.01975652778517918 0.4
  endloop
 endfacet
 facet normal -0.11769406222961447 0.9922762908936068 -0.03919016776235951
  outer loop
   vertex 0.15321661681968501 -0.011644454567522888 -0.4
   vertex 0.1515709610672739 0.01975652778517918 0.4
   vertex 0.15570458225331762 -0.011349356557766569 -0.4
  endloop
 endfacet
 facet normal 0.013328419063576014 0.9991588478620144 -0.03878078115801135
  outer loop
   vertex 0.15570458225331762 -0.011349356557766569 -0.4
   vertex 0.1515709610672739 0.01975652778517918 0.4
   vertex 0.15407614330741415 0.01972310955663758 0.4
  endloop
 endfacet
 facet normal -0.11940931707527508 0.9920876023299635 -0.0387763239854342
  outer loop
   vertex 0.15570458225331762 -0.011349356557766569 -0.4
   vertex 0.15407614330741415 0.01972310955663758 0.4
   vertex 0.1581923207434164 -0.011049928207420375 -0.4
  endloop
 endfacet
 facet normal 0.015054032135753136 0.9991507289424201 -0.03835617255791636
  outer loop
   vertex 0.1581923207434164 -0.011049928207420375 -0.4
   vertex 0.15407614330741415 0.01972310955663758 0.4
   vertex 0.1565815524910883 0.019685360987506107 0.4
  endloop
 endfacet
 facet normal -0.12108252531570361 0.99190128717243 -0.03835176100219338
  outer loop
   vertex 0.1581923207434164 -0.011049928207420375 -0.4
   vertex 0.1565815524910883 0.019685360987506107 0.4
   vertex 0.16067983777393963 -0.010746274156642626 -0.4
  endloop
 endfacet
 facet normal 0.01673758060140028 0.9991405517076124 -0.037921106683800346
  outer loop
   vertex 0.16067983777393963 -0.010746274156642626 -0.4
   vertex 0.1565815524910883 0.019685360987506107 0.4
   vertex 0.15908718313433787 0.019643386717943075 0.4
  endloop
 endfacet
 facet normal -0.12271546806639741 0.991717315229044 -0.03791674531604013
  outer loop
   vertex 0.16067983777393963 -0.010746274156642626 -0.4
   vertex 0.15908718313433787 0.019643386717943075 0.4
   vertex 0.16316713859749035 -0.010438494631069386 -0.4
  endloop
 endfacet
 facet normal 0.01838083886716029 0.9991284728501718 -0.03747583896093187
  outer loop
   vertex 0.16316713859749035 -0.010438494631069386 -0.4
   vertex 0.15908718313433787 0.019643386717943075 0.4
   vertex 0.16159302998456004 0.019597286973584555 0.4
  endloop
 endfacet
 facet normal -0.12430987530185651 0.9915356464678002 -0.03747153171990143
  outer loop
   vertex 0.16316713859749035 -0.010438494631069386 -0.4
   vertex 0.16159302998456004 0.019597286973584555 0.4
   vertex 0.16565422824179077 -0.010126685565355112 -0.4
  endloop
 endfacet
 facet normal 0.019985531517016212 0.9991146339210908 -0.03702061342019564
  outer loop
   vertex 0.16565422824179077 -0.010126685565355112 -0.4
   vertex 0.16159302998456004 0.019597286973584555 0.4
   vertex 0.1640990880140325 0.019547157689085003 0.4
  endloop
 endfacet
 facet normal -0.12586742921251975 0.9913562316785975 -0.03701636366334503
  outer loop
   vertex 0.16565422824179077 -0.010126685565355112 -0.4
   vertex 0.1640990880140325 0.019547157689085003 0.4
   vertex 0.16814111151571687 -0.009810938718320438 -0.4
  endloop
 endfacet
 facet normal 0.02155333658097346 0.99909916233826 -0.03655566304435581
  outer loop
   vertex 0.16814111151571687 -0.009810938718320438 -0.4
   vertex 0.1640990880140325 0.019547157689085003 0.4
   vertex 0.16660535241387928 0.019493090623265045 0.4
  endloop
 endfacet
 facet normal -0.12738976729347704 0.991179013080079 -0.036551473595830386
  outer loop
   vertex 0.16814111151571687 -0.009810938718320438 -0.4
   vertex 0.16660535241387928 0.019493090623265045 0.4
   vertex 0.17062779301492925 -0.009491341780393679 -0.4
  endloop
 endfacet
 facet normal 0.02308588854272092 0.999082172312156 -0.036081210092120806
  outer loop
   vertex 0.17062779301492925 -0.009491341780393679 -0.4
   vertex 0.16660535241387928 0.019493090623265045 0.4
   vertex 0.16911181858843977 0.019435173466553008 0.4
  endloop
 endfacet
 facet normal -0.1288784851899125 0.9910039248762814 -0.03607708328798796
  outer loop
   vertex 0.17062779301492925 -0.009491341780393679 -0.4
   vertex 0.16911181858843977 0.019435173466553008 0.4
   vertex 0.17311427712713265 -0.009167978473967255 -0.4
  endloop
 endfacet
 facet normal 0.02458478111073035 0.9990637656962174 -0.035597466401748386
  outer loop
   vertex 0.17311427712713265 -0.009167978473967255 -0.4
   vertex 0.16911181858843977 0.019435173466553008 0.4
   vertex 0.17161848215000924 0.0193734899413413 0.4
  endloop
 endfacet
 facet normal -0.13033513932165472 0.9908308937674285 -0.03559340413264377
  outer loop
   vertex 0.17311427712713265 -0.009167978473967255 -0.4
   vertex 0.17161848215000924 0.0193734899413413 0.4
   vertex 0.17560056803699334 -0.008840928647231716 -0.4
  endloop
 endfacet
 facet normal 0.026051569774359278 0.9990440327685612 -0.03510463367576997
  outer loop
   vertex 0.17560056803699334 -0.008840928647231716 -0.4
   vertex 0.17161848215000924 0.0193734899413413 0.4
   vertex 0.17412533891392143 0.019308119895820482 0.4
  endloop
 endfacet
 facet normal -0.1317612493065769 0.9906598394187481 -0.03510063742715004
  outer loop
   vertex 0.17560056803699334 -0.008840928647231716 -0.4
   vertex 0.17412533891392143 0.019308119895820482 0.4
   vertex 0.17808666973074194 -0.00851026836199828 -0.4
  endloop
 endfacet
 facet normal 0.027487774164480745 0.9990230529509593 -0.034602903748272074
  outer loop
   vertex 0.17808666973074194 -0.00851026836199828 -0.4
   vertex 0.17412533891392143 0.019308119895820482 0.4
   vertex 0.1766323848939457 0.019239139391801763 0.4
  endloop
 endfacet
 facet normal -0.13315830020090913 0.9904906748907184 -0.0345989746384436
  outer loop
   vertex 0.17808666973074194 -0.00851026836199828 -0.4
   vertex 0.1766323848939457 0.019239139391801763 0.4
   vertex 0.1805725860004852 -0.008176069975973779 -0.4
  endloop
 endfacet
 facet normal 0.0288948802359447 0.9990008954703411 -0.034092458836044566
  outer loop
   vertex 0.1805725860004852 -0.008176069975973779 -0.4
   vertex 0.1766323848939457 0.019239139391801763 0.4
   vertex 0.17913961629797526 0.01916662078699198 0.4
  endloop
 endfacet
 facet normal -0.1345277445722117 0.9903233070338284 -0.03408859765212817
  outer loop
   vertex 0.1805725860004852 -0.008176069975973779 -0.4
   vertex 0.17913961629797526 0.01916662078699198 0.4
   vertex 0.18305832044824927 -0.007838402219910627 -0.4
  endloop
 endfacet
 facet normal 0.03027434228743603 0.9989776199675476 -0.033573471774794805
  outer loop
   vertex 0.18305832044824927 -0.007838402219910627 -0.4
   vertex 0.17913961629797526 0.01916662078699198 0.4
   vertex 0.18164702952398407 0.019090632812143554 0.4
  endloop
 endfacet
 facet normal -0.13587100441956707 0.9901576368505617 -0.033569679006766114
  outer loop
   vertex 0.18305832044824927 -0.007838402219910627 -0.4
   vertex 0.18164702952398407 0.019090632812143554 0.4
   vertex 0.18554387648977438 -0.007497330270016542 -0.4
  endloop
 endfacet
 facet normal 0.0316275848328083 0.9989532770575353 -0.03304610624152199
  outer loop
   vertex 0.18554387648977438 -0.007497330270016542 -0.4
   vertex 0.18164702952398407 0.019090632812143554 0.4
   vertex 0.18415462115623185 0.019011240643464187 0.4
  endloop
 endfacet
 facet normal -0.1371894729537863 0.9899935598270563 -0.0330423821144646
  outer loop
   vertex 0.18554387648977438 -0.007497330270016542 -0.4
   vertex 0.18415462115623185 0.019011240643464187 0.4
   vertex 0.1880292573580799 -0.007152915815975222 -0.4
  endloop
 endfacet
 facet normal 0.0329560043363915 0.9989279088448152 -0.032510516964057906
  outer loop
   vertex 0.1880292573580799 -0.007152915815975222 -0.4
   vertex 0.18415462115623185 0.019011240643464187 0.4
   vertex 0.1866623879616992 0.018928505970637582 0.4
  endloop
 endfacet
 facet normal -0.13848451624936717 0.9898309662366136 -0.03250686146875182
  outer loop
   vertex 0.1880292573580799 -0.007152915815975222 -0.4
   vertex 0.1866623879616992 0.018928505970637582 0.4
   vertex 0.19051446610681577 -0.006805217124898799 -0.4
  endloop
 endfacet
 facet normal 0.03426097082371051 0.9989015493975134 -0.03196684991869671
  outer loop
   vertex 0.19051446610681577 -0.006805217124898799 -0.4
   vertex 0.1866623879616992 0.018928505970637582 0.4
   vertex 0.18917032688673618 0.01884248706077588 0.4
  endloop
 endfacet
 facet normal -0.13975747477856518 0.9896697414170396 -0.03196326284065817
  outer loop
   vertex 0.19051446610681577 -0.006805217124898799 -0.4
   vertex 0.18917032688673618 0.01884248706077588 0.4
   vertex 0.1929995056134163 -0.006454289101505679 -0.4
  endloop
 endfacet
 facet normal 0.03554382937774477 0.9988742251830975 -0.03141524251676404
  outer loop
   vertex 0.1929995056134163 -0.006454289101505679 -0.4
   vertex 0.18917032688673618 0.01884248706077588 0.4
   vertex 0.1916784350539085 0.01875323881859748 0.4
  endloop
 endfacet
 facet normal -0.14100966483722382 0.9895097660235554 -0.03141172346384505
  outer loop
   vertex 0.1929995056134163 -0.006454289101505679 -0.4
   vertex 0.1916784350539085 0.01875323881859748 0.4
   vertex 0.19548437858207046 -0.00610018334479235 -0.4
  endloop
 endfacet
 facet normal 0.03680590153008993 0.9988459554685136 -0.030855823780908544
  outer loop
   vertex 0.19548437858207046 -0.00610018334479235 -0.4
   vertex 0.1916784350539085 0.01875323881859748 0.4
   vertex 0.19418670975902724 0.01866081284309887 0.4
  endloop
 endfacet
 facet normal -0.14224237987081056 0.9893509162588829 -0.03085237220955838
  outer loop
   vertex 0.19548437858207046 -0.00610018334479235 -0.4
   vertex 0.19418670975902724 0.01866081284309887 0.4
   vertex 0.1979690875465206 -0.0057429482014458594 -0.4
  endloop
 endfacet
 facet normal 0.038048486555239264 0.9988167526872083 -0.030288714511840606
  outer loop
   vertex 0.1979690875465206 -0.0057429482014458594 -0.4
   vertex 0.19418670975902724 0.01866081284309887 0.4
   vertex 0.19669514846834996 0.018565257480967098 0.4
  endloop
 endfacet
 facet normal -0.1434568917084845 0.9891930640819314 -0.030285329752125275
  outer loop
   vertex 0.1979690875465206 -0.0057429482014458594 -0.4
   vertex 0.19669514846834996 0.018565257480967098 0.4
   vertex 0.20045363487270326 -0.005382628816222926 -0.4
  endloop
 endfacet
 facet normal 0.03927286267575354 0.9987866227752633 -0.02971402744618697
  outer loop
   vertex 0.20045363487270326 -0.005382628816222926 -0.4
   vertex 0.19669514846834996 0.018565257480967098 0.4
   vertex 0.1992037488159402 0.01846661787695888 0.4
  endloop
 endfacet
 facet normal -0.14465445171224597 0.9890360773963695 -0.02971070872565839
  outer loop
   vertex 0.20045363487270326 -0.005382628816222926 -0.4
   vertex 0.1992037488159402 0.01846661787695888 0.4
   vertex 0.20293802276124098 -0.005019267179503841 -0.4
  endloop
 endfacet
 facet normal 0.040480288184969 0.9987555654786752 -0.029131867406083995
  outer loop
   vertex 0.20293802276124098 -0.005019267179503841 -0.4
   vertex 0.1992037488159402 0.01846661787695888 0.4
   vertex 0.20171250860117534 0.01836493602145452 0.4
  endloop
 endfacet
 facet normal -0.14583629184749589 0.9888798202202718 -0.029128613872585717
  outer loop
   vertex 0.20293802276124098 -0.005019267179503841 -0.4
   vertex 0.20171250860117534 0.01836493602145452 0.4
   vertex 0.20542225324979663 -0.004652902172212309 -0.4
  endloop
 endfacet
 facet normal 0.04167200249366336 0.9987235746335926 -0.028542331441085478
  outer loop
   vertex 0.20542225324979663 -0.004652902172212309 -0.4
   vertex 0.20171250860117534 0.01836493602145452 0.4
   vertex 0.20422142578639257 0.018260250795377707 0.4
  endloop
 endfacet
 facet normal -0.147003625680912 0.9887241528378743 -0.028539142184578335
  outer loop
   vertex 0.20542225324979663 -0.004652902172212309 -0.4
   vertex 0.20422142578639257 0.018260250795377707 0.4
   vertex 0.20790632821529867 -0.004283569608277396 -0.4
  endloop
 endfacet
 facet normal 0.04284922710619373 0.9986906384211909 -0.027945508962923273
  outer loop
   vertex 0.20790632821529867 -0.004283569608277396 -0.4
   vertex 0.20422142578639257 0.018260250795377707 0.4
   vertex 0.20673049849466338 0.018152598012657513 0.4
  endloop
 endfacet
 facet normal -0.1481576493108358 0.988568931934423 -0.02794238303641056
  outer loop
   vertex 0.20790632821529867 -0.004283569608277396 -0.4
   vertex 0.20673049849466338 0.018152598012657513 0.4
   vertex 0.21039024937604628 -0.003911302274800017 -0.4
  endloop
 endfacet
 facet normal 0.04401316653141862 0.9986567395986709 -0.02734148187362088
  outer loop
   vertex 0.21039024937604628 -0.003911302274800017 -0.4
   vertex 0.20673049849466338 0.018152598012657513 0.4
   vertex 0.20923972500768862 0.018042010460394848 0.4
  endloop
 endfacet
 facet normal -0.14929954223504047 0.9884140107149756 -0.027338418313250207
  outer loop
   vertex 0.21039024937604628 -0.003911302274800017 -0.4
   vertex 0.20923972500768862 0.018042010460394848 0.4
   vertex 0.21287401829370192 -0.003536129970073812 -0.4
  endloop
 endfacet
 facet normal 0.04516500913292039 0.9986218557077741 -0.026730324687428822
  outer loop
   vertex 0.21287401829370192 -0.003536129970073812 -0.4
   vertex 0.20923972500768862 0.018042010460394848 0.4
   vertex 0.2117491037638059 0.017928517936883367 0.4
  endloop
 endfacet
 facet normal -0.15043046816025826 0.9882592390079572 -0.02672732253184472
  outer loop
   vertex 0.21287401829370192 -0.003536129970073812 -0.4
   vertex 0.2117491037638059 0.017928517936883367 0.4
   vertex 0.21535763637517852 -0.00315807953959886 -0.4
  endloop
 endfacet
 facet normal 0.04630592792298951 0.9985859592620459 -0.02611210464701957
  outer loop
   vertex 0.21535763637517852 -0.00315807953959886 -0.4
   vertex 0.2117491037638059 0.017928517936883367 0.4
   vertex 0.21425863335610212 0.017812147287623134 0.4
  endloop
 endfacet
 facet normal -0.15155157575740194 0.988104463354205 -0.026109162956039135
  outer loop
   vertex 0.21535763637517852 -0.00315807953959886 -0.4
   vertex 0.21425863335610212 0.017812147287623134 0.4
   vertex 0.21784110487442873 -0.002777174910216246 -0.4
  endloop
 endfacet
 facet normal 0.04743708130408585 0.9985490179139996 -0.02548688183435375
  outer loop
   vertex 0.21784110487442873 -0.002777174910216246 -0.4
   vertex 0.21425863335610212 0.017812147287623134 0.4
   vertex 0.2167683125306248 0.017692922439455236 0.4
  endloop
 endfacet
 facet normal -0.152663999366267 0.9879495270821496 -0.02548399970703515
  outer loop
   vertex 0.21784110487442873 -0.002777174910216246 -0.4
   vertex 0.2167683125306248 0.017692922439455236 0.4
   vertex 0.22032442489414142 -0.002393437122481942 -0.4
  endloop
 endfacet
 facet normal 0.048559613761524095 0.9985109946032171 -0.024854709276603475
  outer loop
   vertex 0.22032442489414142 -0.002393437122481942 -0.4
   vertex 0.2167683125306248 0.017692922439455236 0.4
   vertex 0.219278140184685 0.01757086443293565 0.4
  endloop
 endfacet
 facet normal -0.1537688596529512 0.9877942703697508 -0.02485188586877605
  outer loop
   vertex 0.22032442489414142 -0.002393437122481942 -0.4
   vertex 0.219278140184685 0.01757086443293565 0.4
   vertex 0.22280759738735165 -0.0020068843613897116 -0.4
  endloop
 endfacet
 facet normal 0.04967465651052498 0.9984718476863365 -0.024215633047497406
  outer loop
   vertex 0.22280759738735165 -0.0020068843613897116 -0.4
   vertex 0.219278140184685 0.01757086443293565 0.4
   vertex 0.22178811536524765 0.017445991453058144 0.4
  endloop
 endfacet
 facet normal -0.1548672642230116 0.9876385302937587 -0.02421286758882009
  outer loop
   vertex 0.22280759738735165 -0.0020068843613897116 -0.4
   vertex 0.22178811536524765 0.017445991453058144 0.4
   vertex 0.2252906231589698 -0.0016175319855449165 -0.4
  endloop
 endfacet
 facet normal 0.05078332810059633 0.9984315310498102 -0.023569692364431134
  outer loop
   vertex 0.2252906231589698 -0.0016175319855449165 -0.4
   vertex 0.22178811536524765 0.017445991453058144 0.4
   vertex 0.2242982372674023 0.017318318858428064 0.4
  endloop
 endfacet
 facet normal -0.155960308193338 0.987482140866781 -0.023566984175045082
  outer loop
   vertex 0.2252906231589698 -0.0016175319855449165 -0.4
   vertex 0.2242982372674023 0.017318318858428064 0.4
   vertex 0.22777350286723433 -0.0012253925548833945 -0.4
  endloop
 endfacet
 facet normal 0.05188673498009016 0.998389994206224 -0.022916919681667508
  outer loop
   vertex 0.22777350286723433 -0.0012253925548833945 -0.4
   vertex 0.2242982372674023 0.017318318858428064 0.4
   vertex 0.22680850523291066 0.01718785920898126 0.4
  endloop
 endfacet
 facet normal -0.15704907472505314 0.9873249330626666 -0.022914268188507617
  outer loop
   vertex 0.22777350286723433 -0.0012253925548833945 -0.4
   vertex 0.22680850523291066 0.01718785920898126 0.4
   vertex 0.23025623702509251 -0.0008304758570234368 -0.4
  endloop
 endfacet
 facet normal 0.05298597202326886 0.9983471823749237 -0.022257340779935984
  outer loop
   vertex 0.23025623702509251 -0.0008304758570234368 -0.4
   vertex 0.22680850523291066 0.01718785920898126 0.4
   vertex 0.22931891874882535 0.017054622292336025 0.4
  endloop
 endfacet
 facet normal -0.1581346355199902 0.9871667348306172 -0.022254745532765033
  outer loop
   vertex 0.23025623702509251 -0.0008304758570234368 -0.4
   vertex 0.22931891874882535 0.017054622292336025 0.4
   vertex 0.23273882600151435 -0.0004327889323320629 -0.4
  endloop
 endfacet
 facet normal 0.05408212302232765 0.9983030365476218 -0.0215909748527228
  outer loop
   vertex 0.23273882600151435 -0.0004327889323320629 -0.4
   vertex 0.22931891874882535 0.017054622292336025 0.4
   vertex 0.23182947744617638 0.01691861514885937 0.4
  endloop
 endfacet
 facet normal -0.15921805128276495 0.9870073710984477 -0.021588435539951677
  outer loop
   vertex 0.23273882600151435 -0.0004327889323320629 -0.4
   vertex 0.23182947744617638 0.01691861514885937 0.4
   vertex 0.23522127002274276 -3.233609778163658e-05 -0.4
  endloop
 endfacet
 facet normal 0.05517626114629213 0.9982574935396176 -0.02091783458953178
  outer loop
   vertex 0.23522127002274276 -3.233609778163658e-05 -0.4
   vertex 0.23182947744617638 0.01691861514885937 0.4
   vertex 0.23434018109872085 0.01677984209552366 0.4
  endloop
 endfacet
 facet normal -0.16030037215049006 0.9868466637653609 -0.020915351053888094
  outer loop
   vertex 0.23522127002274276 -3.233609778163658e-05 -0.4
   vertex 0.23434018109872085 0.01677984209552366 0.4
   vertex 0.23770356917348417 0.00037088103033271083 -0.4
  endloop
 endfacet
 facet normal 0.05626944936889409 0.9982104860272032 -0.02023792625638109
  outer loop
   vertex 0.23770356917348417 0.00037088103033271083 -0.4
   vertex 0.23434018109872085 0.01677984209552366 0.4
   vertex 0.23685102962175225 0.016638304748624034 0.4
  endloop
 endfacet
 facet normal -0.16138263809183714 0.9866844316846054 -0.02023549851048884
  outer loop
   vertex 0.23770356917348417 0.00037088103033271083 -0.4
   vertex 0.23685102962175225 0.016638304748624034 0.4
   vertex 0.24018572339804295 0.0007768635147489016 -0.4
  endloop
 endfacet
 facet normal 0.05736274086697241 0.998161942571805 -0.019551249773791572
  outer loop
   vertex 0.24018572339804295 0.0007768635147489016 -0.4
   vertex 0.23685102962175225 0.016638304748624034 0.4
   vertex 0.23936202307096643 0.016494002045422566 0.4
  endloop
 endfacet
 facet normal -0.1624658792772787 0.9865204906363151 -0.019548878015723224
  outer loop
   vertex 0.24018572339804295 0.0007768635147489016 -0.4
   vertex 0.23936202307096643 0.016494002045422566 0.4
   vertex 0.24266773250140236 0.0011856150766058704 -0.4
  endloop
 endfacet
 facet normal 0.0584571793912561 0.998111787631343 -0.018857798792509536
  outer loop
   vertex 0.24266773250140236 0.0011856150766058704 -0.4
   vertex 0.23936202307096643 0.016494002045422566 0.4
   vertex 0.2418731616413799 0.016346930264780315 0.4
  endloop
 endfacet
 facet normal -0.1635511164217634 0.9863546532908835 -0.018855483421373102
  outer loop
   vertex 0.24266773250140236 0.0011856150766058704 -0.4
   vertex 0.2418731616413799 0.016346930264780315 0.4
   vertex 0.2451495961502561 0.0015971420757661975 -0.4
  endloop
 endfacet
 facet normal 0.05955379961071557 0.9980599415592917 -0.018157560767200143
  outer loop
   vertex 0.2451495961502561 0.0015971420757661975 -0.4
   vertex 0.2418731616413799 0.016346930264780315 0.4
   vertex 0.24438444566629894 0.016197083046834704 0.4
  endloop
 endfacet
 facet normal -0.16463936110145883 0.986186729163123 -0.01815530239882238
  outer loop
   vertex 0.2451495961502561 0.0015971420757661975 -0.4
   vertex 0.24438444566629894 0.016197083046834704 0.4
   vertex 0.2476313138739924 0.002011453492040108 -0.4
  endloop
 endfacet
 facet normal 0.06065362743210254 0.9980063205918623 -0.017450517028336443
  outer loop
   vertex 0.2476313138739924 0.002011453492040108 -0.4
   vertex 0.24438444566629894 0.016197083046834704 0.4
   vertex 0.24689587561633555 0.01604445141177551 0.4
  endloop
 endfacet
 facet normal -0.16573161604572662 0.9860165245575053 -0.017448316511104407
  outer loop
   vertex 0.2476313138739924 0.002011453492040108 -0.4
   vertex 0.24689587561633555 0.01604445141177551 0.4
   vertex 0.250112885065633 0.0024285609072608474 -0.4
  endloop
 endfacet
 facet normal 0.06175768029574405 0.9979508368237212 -0.01673664285250308
  outer loop
   vertex 0.250112885065633 0.0024285609072608474 -0.4
   vertex 0.24689587561633555 0.01604445141177551 0.4
   vertex 0.24940745209846782 0.015889023777769497 0.4
  endloop
 endfacet
 facet normal -0.1668288754053913 0.9858438425047567 -0.016734501283426136
  outer loop
   vertex 0.250112885065633 0.0024285609072608474 -0.4
   vertex 0.24940745209846782 0.015889023777769497 0.4
   vertex 0.2525943089827307 0.002848478488164595 -0.4
  endloop
 endfacet
 facet normal 0.06286696744870915 0.997893398172628 -0.01601590753132655
  outer loop
   vertex 0.2525943089827307 0.002848478488164595 -0.4
   vertex 0.24940745209846782 0.015889023777769497 0.4
   vertex 0.25191917585514295 0.015730785978080468 0.4
  endloop
 endfacet
 facet normal -0.16793212499863913 0.9856684826900234 -0.01601382627238062
  outer loop
   vertex 0.2525943089827307 0.002848478488164595 -0.4
   vertex 0.25191917585514295 0.015730785978080468 0.4
   vertex 0.2550755847482267 0.003271222970031537 -0.4
  endloop
 endfacet
 facet normal 0.06398249019656597 0.9978339083333455 -0.01528827443923619
  outer loop
   vertex 0.2550755847482267 0.003271222970031537 -0.4
   vertex 0.25191917585514295 0.015730785978080468 0.4
   vertex 0.2544310477634198 0.01556972127742824 0.4
  endloop
 endfacet
 facet normal -0.16904234253519457 0.9854902413728934 -0.01528625513405354
  outer loop
   vertex 0.2550755847482267 0.003271222970031537 -0.4
   vertex 0.2544310477634198 0.01556972127742824 0.4
   vertex 0.25755671135127 0.0036968136410467423 -0.4
  endloop
 endfacet
 facet normal 0.06510524213438164 0.9977722667211745 -0.014553701100257374
  outer loop
   vertex 0.25755671135127 0.0036968136410467423 -0.4
   vertex 0.2544310477634198 0.01556972127742824 0.4
   vertex 0.25694306883414936 0.015405810387627752 0.4
  endloop
 endfacet
 facet normal -0.17016049781987488 0.9853089112994796 -0.014551745691224468
  outer loop
   vertex 0.25755671135127 0.0036968136410467423 -0.4
   vertex 0.25694306883414936 0.015405810387627752 0.4
   vertex 0.26003768764800156 0.004125272327342776 -0.4
  endloop
 endfacet
 facet normal 0.06623620935808858 0.9977083684054295 -0.013812139254030591
  outer loop
   vertex 0.26003768764800156 0.004125272327342776 -0.4
   vertex 0.25694306883414936 0.015405810387627752 0.4
   vertex 0.25945524021119076 0.015239031482546446 0.4
  endloop
 endfacet
 facet normal -0.17128755293630382 0.9851242816067907 -0.013810249999857815
  outer loop
   vertex 0.26003768764800156 0.004125272327342776 -0.4
   vertex 0.25945524021119076 0.015239031482546446 0.4
   vertex 0.26251851236230395 0.004556623378687963 -0.4
  endloop
 endfacet
 facet normal 0.06737637065682898 0.997642104033168 -0.013063534921247745
  outer loop
   vertex 0.26251851236230395 0.004556623378687963 -0.4
   vertex 0.25945524021119076 0.015239031482546446 0.4
   vertex 0.2619675631706612 0.015069360212415974 0.4
  endloop
 endfacet
 facet normal -0.1724244624114158 0.9849361377196305 -0.013061714415074957
  outer loop
   vertex 0.26251851236230395 0.004556623378687963 -0.4
   vertex 0.2619675631706612 0.015069360212415974 0.4
   vertex 0.2649991840865198 0.004990893654786689 -0.4
  endloop
 endfacet
 facet normal 0.06852669768702806 0.9975733597434708 -0.012307828468692182
  outer loop
   vertex 0.2649991840865198 0.004990893654786689 -0.4
   vertex 0.2619675631706612 0.015069360212415974 0.4
   vertex 0.2644800391202183 0.014896769717531969 0.4
  endloop
 endfacet
 facet normal -0.17357217336151157 0.9847442612402284 -0.012306079656795003
  outer loop
   vertex 0.2649991840865198 0.004990893654786689 -0.4
   vertex 0.2644800391202183 0.014896769717531969 0.4
   vertex 0.26747970128213894 0.005428112512159837 -0.4
  endloop
 endfacet
 facet normal 0.06968815512886796 0.9975020170725575 -0.011544954674066476
  outer loop
   vertex 0.26747970128213894 0.005428112512159837 -0.4
   vertex 0.2644800391202183 0.014896769717531969 0.4
   vertex 0.26699266959837187 0.014721230641373536 0.4
  endloop
 endfacet
 facet normal -0.17473162562038294 0.9845484298308287 -0.011543280875228759
  outer loop
   vertex 0.26747970128213894 0.005428112512159837 -0.4
   vertex 0.26699266959837187 0.014721230641373536 0.4
   vertex 0.2699600622804576 0.005868311791575767 -0.4
  endloop
 endfacet
 facet normal 0.07086170082561857 0.9974279528500202 -0.010774842790788813
  outer loop
   vertex 0.2699600622804576 0.005868311791575767 -0.4
   vertex 0.26699266959837187 0.014721230641373536 0.4
   vertex 0.26950545627382616 0.014542711143172326 0.4
  endloop
 endfacet
 facet normal -0.1759037518502163 0.9843484170894232 -0.010773247716407135
  outer loop
   vertex 0.2699600622804576 0.005868311791575767 -0.4
   vertex 0.26950545627382616 0.014542711143172326 0.4
   vertex 0.2724402652832091 0.006311525806003876 -0.4
  endloop
 endfacet
 facet normal 0.07204828590656773 0.997351039086429 -0.009997416612935926
  outer loop
   vertex 0.2724402652832091 0.006311525806003876 -0.4
   vertex 0.26950545627382616 0.014542711143172326 0.4
   vertex 0.2720184009448475 0.014361176909958936 0.4
  endloop
 endfacet
 facet normal -0.17708947763545024 0.9841439924188977 -0.00999590438792374
  outer loop
   vertex 0.2724402652832091 0.006311525806003876 -0.4
   vertex 0.2720184009448475 0.014361176909958936 0.4
   vertex 0.2749203083631697 0.0067577913290643495 -0.4
  endloop
 endfacet
 facet normal 0.07324885489368432 0.997271142852597 -0.009212594540510143
  outer loop
   vertex 0.2749203083631697 0.0067577913290643495 -0.4
   vertex 0.2720184009448475 0.014361176909958936 0.4
   vertex 0.2745315055386598 0.014176591168113185 0.4
  endloop
 endfacet
 facet normal -0.1782897215603496 0.9839349208897464 -0.009211169725068916
  outer loop
   vertex 0.2749203083631697 0.0067577913290643495 -0.4
   vertex 0.2745315055386598 0.014176591168113185 0.4
   vertex 0.27740018946473904 0.007207147583949332 -0.4
  endloop
 endfacet
 facet normal 0.0744643457927142 0.9971881261507427 -0.008420289645205126
  outer loop
   vertex 0.27740018946473904 0.007207147583949332 -0.4
   vertex 0.2745315055386598 0.014176591168113185 0.4
   vertex 0.2770447721108633 0.013988914694442918 0.4
  endloop
 endfacet
 facet normal -0.17950539527045137 0.9837209630966127 -0.008418957257531405
  outer loop
   vertex 0.27740018946473904 0.007207147583949332 -0.4
   vertex 0.2770447721108633 0.013988914694442918 0.4
   vertex 0.2798799064044972 0.0076596362327923375 -0.4
  endloop
 endfacet
 facet normal 0.0756956901688871 0.9971018457778146 -0.007620409736844328
  outer loop
   vertex 0.2798799064044972 0.0076596362327923375 -0.4
   vertex 0.2770447721108633 0.013988914694442918 0.4
   vertex 0.27955820284487803 0.013798105826814634 0.4
  endloop
 endfacet
 facet normal -0.1807374035183197 0.9835018750088603 -0.007619175276842473
  outer loop
   vertex 0.2798799064044972 0.0076596362327923375 -0.4
   vertex 0.27955820284487803 0.013798105826814634 0.4
   vertex 0.2823594568717396 0.008115301366463773 -0.4
  endloop
 endfacet
 facet normal 0.07694381320762562 0.997012153181234 -0.006812857430665486
  outer loop
   vertex 0.2823594568717396 0.008115301366463773 -0.4
   vertex 0.27955820284487803 0.013798105826814634 0.4
   vertex 0.2820718000514085 0.013604120474357917 0.4
  endloop
 endfacet
 facet normal -0.18198664419385346 0.9832774078154044 -0.00681172690473667
  outer loop
   vertex 0.2823594568717396 0.008115301366463773 -0.4
   vertex 0.2820718000514085 0.013604120474357917 0.4
   vertex 0.2848388384289904 0.008574189494772028 -0.4
  endloop
 endfacet
 facet normal 0.07820963376046848 0.9969188943073085 -0.005997530215623754
  outer loop
   vertex 0.2848388384289904 0.008574189494772028 -0.4
   vertex 0.2820718000514085 0.013604120474357917 0.4
   vertex 0.28458556616793057 0.013406912127264376 0.4
  endloop
 endfacet
 facet normal -0.18325400833945055 0.983047307764028 -0.005996510162602869
  outer loop
   vertex 0.2848388384289904 0.008574189494772028 -0.4
   vertex 0.28458556616793057 0.013406912127264376 0.4
   vertex 0.28731804851249604 0.009036349537050535 -0.4
  endloop
 endfacet
 facet normal 0.07949406437647347 0.9968219094425693 -0.005174320523885947
  outer loop
   vertex 0.28731804851249604 0.009036349537050535 -0.4
   vertex 0.28458556616793057 0.013406912127264376 0.4
   vertex 0.2870995037581978 0.013206431866200597 0.4
  endloop
 endfacet
 facet normal -0.18454038015012844 0.9828113159954378 -0.005173418042199128
  outer loop
   vertex 0.28731804851249604 0.009036349537050535 -0.4
   vertex 0.2870995037581978 0.013206431866200597 0.4
   vertex 0.289797084432699 0.009501832813112251 -0.4
  endloop
 endfacet
 facet normal 0.08079801131923223 0.9967210330482967 -0.004343115801688833
  outer loop
   vertex 0.289797084432699 0.009501832813112251 -0.4
   vertex 0.2870995037581978 0.013206431866200597 0.4
   vertex 0.2896136155117677 0.0130026283713536 0.4
  endloop
 endfacet
 facet normal -0.1858466369589682 0.9825691683722668 -0.0043423385778051365
  outer loop
   vertex 0.289797084432699 0.009501832813112251 -0.4
   vertex 0.2896136155117677 0.0130026283713536 0.4
   vertex 0.2922759433746939 0.009970693034554572 -0.4
  endloop
 endfacet
 facet normal 0.08212237456975097 0.9966160935884849 -0.0035037985817335244
  outer loop
   vertex 0.2922759433746939 0.009970693034554572 -0.4
   vertex 0.2896136155117677 0.0130026283713536 0.4
   vertex 0.2921279042435457 0.012795447931125995 0.4
  endloop
 endfacet
 facet normal -0.18717364920778812 0.9823205953033236 -0.0035031549199857335
  outer loop
   vertex 0.2922759433746939 0.009970693034554572 -0.4
   vertex 0.2921279042435457 0.012795447931125995 0.4
   vertex 0.2947546223986652 0.010442986296397708 -0.4
  endloop
 endfacet
 facet normal 0.08346804781511516 0.996506913351527 -0.0026562465572907844
  outer loop
   vertex 0.2947546223986652 0.010442986296397708 -0.4
   vertex 0.2921279042435457 0.012795447931125995 0.4
   vertex 0.29464237289334727 0.012584834450497576 0.4
  endloop
 endfacet
 facet normal -0.18852228040329722 0.9820653215633193 -0.0026557454111407032
  outer loop
   vertex 0.2947546223986652 0.010442986296397708 -0.4
   vertex 0.29464237289334727 0.012584834450497576 0.4
   vertex 0.29723311844030903 0.010918771069041386 -0.4
  endloop
 endfacet
 facet normal 0.08483591842322769 0.9963933082658772 -0.001800332658190474
  outer loop
   vertex 0.29723311844030903 0.010918771069041386 -0.4
   vertex 0.29464237289334727 0.012584834450497576 0.4
   vertex 0.2971570245254763 0.012370729459068619 0.4
  endloop
 endfacet
 facet normal -0.18989338705886363 0.981803066108336 -0.0017999836630157647
  outer loop
   vertex 0.29723311844030903 0.010918771069041386 -0.4
   vertex 0.2971570245254763 0.012370729459068619 0.4
   vertex 0.2997114283112389 0.01139810819052514 -0.4
  endloop
 endfacet
 facet normal 0.08622686740358128 0.9962750877099765 -0.0009359251288707314
  outer loop
   vertex 0.2997114283112389 0.01139810819052514 -0.4
   vertex 0.2971570245254763 0.012370729459068619 0.4
   vertex 0.29967186232831927 0.012153072118799584 0.4
  endloop
 endfacet
endsolid wing
