/*--------------------------------*- C++ -*----------------------------------*\
| =========                 |                                                 |
| \\      /  F ield         | OpenFOAM: The Open Source CFD Toolbox           |
|  \\    /   O peration     | Version:  2506                                  |
|   \\  /    A nd           | Website:  www.openfoam.com                      |
|    \\/     M anipulation  |                                                 |
\*---------------------------------------------------------------------------*/
FoamFile
{
    version     2.0;
    format      ascii;
    arch        "LSB;label=32;scalar=64";
    class       volScalarField;
    location    "85";
    object      nut;
}
// * * * * * * * * * * * * * * * * * * * * * * * * * * * * * * * * * * * * * //

dimensions      [0 2 -1 0 0 0 0];

internalField   nonuniform List<scalar> 
14648
(
0.000994566
0.000989461
0.00098465
0.000980104
0.000975795
0.000971703
0.000967807
0.000964091
0.000960539
0.000957139
0.000953879
0.000950748
0.000947737
0.000944838
0.000942043
0.000939344
0.000936737
0.000934215
0.000931773
0.000929407
0.000927112
0.000924883
0.000922719
0.000920615
0.000918568
0.000916575
0.000914634
0.000912742
0.000910897
0.000909096
0.000907339
0.000905622
0.000903943
0.000902302
0.000900697
0.000899126
0.000897588
0.000896082
0.000894607
0.000893161
0.000994566
0.000989461
0.000984651
0.000980104
0.000975795
0.000971703
0.000967807
0.000964091
0.000960539
0.000957139
0.000953879
0.000950748
0.000947737
0.000944838
0.000942043
0.000939345
0.000936738
0.000934216
0.000931774
0.000929407
0.000927112
0.000924884
0.000922719
0.000920615
0.000918568
0.000916575
0.000914634
0.000912742
0.000910898
0.000909097
0.000907339
0.000905622
0.000903944
0.000902302
0.000900697
0.000899126
0.000897588
0.000896081
0.000894606
0.00089316
0.000994566
0.000989461
0.00098465
0.000980104
0.000975795
0.000971703
0.000967807
0.000964091
0.000960539
0.000957139
0.000953879
0.000950748
0.000947737
0.000944838
0.000942043
0.000939345
0.000936738
0.000934216
0.000931774
0.000929408
0.000927112
0.000924884
0.00092272
0.000920615
0.000918568
0.000916576
0.000914635
0.000912743
0.000910898
0.000909098
0.00090734
0.000905623
0.000903944
0.000902303
0.000900698
0.000899127
0.000897589
0.000896082
0.000894607
0.000893161
0.000994566
0.000989461
0.00098465
0.000980104
0.000975795
0.000971703
0.000967807
0.000964091
0.000960539
0.000957139
0.000953879
0.000950748
0.000947738
0.000944839
0.000942044
0.000939346
0.000936738
0.000934217
0.000931775
0.000929408
0.000927113
0.000924885
0.00092272
0.000920616
0.000918569
0.000916577
0.000914636
0.000912744
0.000910899
0.000909099
0.000907341
0.000905624
0.000903946
0.000902304
0.000900699
0.000899128
0.00089759
0.000896084
0.000894608
0.000893162
0.000994566
0.000989461
0.00098465
0.000980104
0.000975795
0.000971703
0.000967807
0.00096409
0.000960539
0.000957139
0.000953879
0.000950749
0.000947738
0.000944839
0.000942044
0.000939346
0.000936739
0.000934217
0.000931776
0.000929409
0.000927114
0.000924886
0.000922722
0.000920617
0.00091857
0.000916578
0.000914637
0.000912746
0.000910901
0.000909101
0.000907343
0.000905626
0.000903947
0.000902306
0.000900701
0.00089913
0.000897592
0.000896086
0.00089461
0.000893164
0.000994566
0.000989461
0.00098465
0.000980104
0.000975795
0.000971702
0.000967806
0.00096409
0.000960538
0.000957139
0.000953879
0.000950749
0.000947739
0.00094484
0.000942045
0.000939347
0.00093674
0.000934219
0.000931777
0.000929411
0.000927115
0.000924887
0.000922723
0.000920619
0.000918572
0.00091658
0.000914639
0.000912747
0.000910902
0.000909102
0.000907344
0.000905627
0.000903949
0.000902307
0.000900702
0.000899131
0.000897593
0.000896087
0.000894612
0.000893166
0.000994566
0.000989461
0.00098465
0.000980104
0.000975795
0.000971702
0.000967806
0.000964089
0.000960538
0.000957138
0.000953879
0.000950749
0.00094774
0.000944841
0.000942046
0.000939349
0.000936742
0.00093422
0.000931779
0.000929413
0.000927118
0.00092489
0.000922726
0.000920622
0.000918576
0.000916583
0.000914643
0.000912752
0.000910907
0.000909107
0.000907349
0.000905632
0.000903954
0.000902313
0.000900708
0.000899137
0.000897599
0.000896094
0.000894618
0.000893173
0.000994566
0.000989461
0.00098465
0.000980103
0.000975795
0.000971702
0.000967805
0.000964089
0.000960537
0.000957138
0.00095388
0.000950751
0.000947741
0.000944843
0.000942049
0.000939351
0.000936745
0.000934223
0.000931781
0.000929415
0.00092712
0.000924892
0.000922728
0.000920625
0.000918578
0.000916586
0.000914645
0.000912754
0.000910909
0.000909108
0.000907351
0.000905633
0.000903955
0.000902314
0.000900709
0.000899138
0.0008976
0.000896094
0.000894619
0.000893173
0.000994566
0.000989461
0.00098465
0.000980103
0.000975795
0.000971702
0.000967805
0.000964089
0.000960537
0.000957139
0.000953882
0.000950753
0.000947745
0.000944847
0.000942053
0.000939356
0.00093675
0.000934228
0.000931787
0.000929421
0.000927127
0.000924899
0.000922736
0.000920633
0.000918587
0.000916595
0.000914654
0.000912763
0.000910918
0.000909118
0.000907361
0.000905644
0.000903966
0.000902325
0.00090072
0.00089915
0.000897613
0.000896107
0.000894632
0.000893187
0.000994566
0.000989461
0.00098465
0.000980103
0.000975794
0.000971701
0.000967805
0.000964088
0.000960538
0.000957142
0.000953887
0.000950759
0.000947751
0.000944854
0.00094206
0.000939363
0.000936757
0.000934237
0.000931796
0.000929431
0.000927137
0.00092491
0.000922748
0.000920645
0.0009186
0.00091661
0.00091467
0.00091278
0.000910936
0.000909137
0.00090738
0.000905664
0.000903987
0.000902347
0.000900743
0.000899174
0.000897637
0.000896133
0.000894659
0.000893214
0.000994566
0.000989461
0.00098465
0.000980103
0.000975795
0.000971702
0.000967805
0.000964089
0.000960539
0.000957143
0.000953887
0.00095076
0.000947752
0.000944854
0.000942061
0.000939364
0.000936757
0.000934236
0.000931794
0.000929428
0.000927133
0.000924906
0.000922742
0.000920639
0.000918593
0.000916601
0.000914661
0.000912769
0.000910924
0.000909123
0.000907365
0.000905648
0.00090397
0.000902329
0.000900724
0.000899153
0.000897616
0.00089611
0.000894634
0.000893189
0.000994566
0.000989461
0.00098465
0.000980103
0.000975795
0.000971702
0.000967806
0.00096409
0.000960539
0.000957141
0.000953884
0.000950756
0.000947747
0.00094485
0.000942056
0.000939359
0.000936752
0.000934231
0.000931789
0.000929423
0.000927129
0.000924901
0.000922738
0.000920635
0.000918589
0.000916597
0.000914657
0.000912766
0.000910921
0.000909121
0.000907364
0.000905647
0.000903969
0.000902329
0.000900725
0.000899155
0.000897617
0.000896112
0.000894638
0.000893193
0.000994566
0.000989461
0.00098465
0.000980104
0.000975795
0.000971702
0.000967806
0.00096409
0.00096054
0.000957141
0.000953883
0.000950754
0.000947745
0.000944848
0.000942054
0.000939357
0.000936751
0.00093423
0.000931789
0.000929423
0.000927128
0.000924901
0.000922737
0.000920634
0.000918587
0.000916596
0.000914655
0.000912764
0.000910919
0.000909119
0.000907361
0.000905644
0.000903966
0.000902326
0.000900721
0.00089915
0.000897613
0.000896107
0.000894632
0.000893187
0.000994566
0.000989461
0.00098465
0.000980104
0.000975795
0.000971703
0.000967807
0.000964091
0.00096054
0.000957141
0.000953883
0.000950754
0.000947744
0.000944846
0.000942052
0.000939355
0.000936748
0.000934226
0.000931785
0.000929418
0.000927123
0.000924895
0.00092273
0.000920626
0.000918579
0.000916587
0.000914646
0.000912754
0.000910909
0.000909109
0.000907351
0.000905633
0.000903955
0.000902314
0.000900708
0.000899137
0.000897599
0.000896093
0.000894618
0.000893172
0.000994566
0.000989461
0.00098465
0.000980104
0.000975796
0.000971703
0.000967808
0.000964092
0.000960541
0.000957142
0.000953882
0.000950753
0.000947743
0.000944845
0.00094205
0.000939353
0.000936746
0.000934224
0.000931783
0.000929416
0.000927121
0.000924893
0.000922728
0.000920624
0.000918577
0.000916584
0.000914643
0.000912752
0.000910907
0.000909106
0.000907348
0.000905631
0.000903952
0.000902311
0.000900705
0.000899134
0.000897596
0.00089609
0.000894614
0.000893168
0.000994566
0.000989461
0.000984651
0.000980104
0.000975796
0.000971703
0.000967808
0.000964092
0.000960541
0.000957142
0.000953882
0.000950752
0.000947742
0.000944843
0.000942049
0.000939351
0.000936744
0.000934222
0.000931781
0.000929414
0.000927119
0.00092489
0.000922725
0.000920621
0.000918574
0.000916581
0.00091464
0.000912748
0.000910903
0.000909102
0.000907344
0.000905627
0.000903948
0.000902307
0.000900701
0.00089913
0.000897591
0.000896085
0.000894609
0.000893163
0.000994566
0.000989461
0.000984651
0.000980104
0.000975796
0.000971703
0.000967808
0.000964092
0.000960541
0.000957141
0.000953882
0.000950751
0.000947741
0.000944842
0.000942047
0.00093935
0.000936743
0.000934221
0.000931779
0.000929413
0.000927117
0.000924889
0.000922724
0.000920619
0.000918572
0.000916579
0.000914638
0.000912746
0.000910901
0.000909101
0.000907343
0.000905625
0.000903946
0.000902305
0.000900699
0.000899128
0.000897589
0.000896083
0.000894607
0.000893161
0.000994566
0.000989461
0.000984651
0.000980104
0.000975796
0.000971704
0.000967808
0.000964092
0.000960541
0.000957141
0.000953881
0.000950751
0.00094774
0.000944841
0.000942046
0.000939349
0.000936741
0.00093422
0.000931778
0.000929411
0.000927116
0.000924887
0.000922722
0.000920618
0.00091857
0.000916577
0.000914636
0.000912744
0.000910899
0.000909099
0.000907341
0.000905623
0.000903945
0.000902303
0.000900697
0.000899126
0.000897587
0.000896081
0.000894605
0.000893159
0.000994566
0.000989461
0.000984651
0.000980104
0.000975796
0.000971704
0.000967808
0.000964092
0.000960541
0.000957141
0.000953881
0.000950751
0.00094774
0.000944841
0.000942046
0.000939348
0.000936741
0.000934219
0.000931777
0.00092941
0.000927115
0.000924886
0.000922721
0.000920617
0.000918569
0.000916576
0.000914635
0.000912743
0.000910898
0.000909097
0.00090734
0.000905622
0.000903944
0.000902302
0.000900696
0.000899125
0.000897586
0.000896079
0.000894604
0.000893158
0.000994566
0.000989461
0.000984651
0.000980104
0.000975796
0.000971703
0.000967808
0.000964092
0.000960541
0.000957141
0.000953881
0.00095075
0.00094774
0.000944841
0.000942045
0.000939347
0.00093674
0.000934218
0.000931777
0.00092941
0.000927114
0.000924886
0.000922721
0.000920616
0.000918569
0.000916576
0.000914634
0.000912742
0.000910897
0.000909097
0.000907339
0.000905621
0.000903943
0.000902301
0.000900695
0.000899124
0.000897585
0.000896079
0.000894603
0.000893157
0.000994566
0.000989461
0.000984651
0.000980104
0.000975795
0.000971703
0.000967807
0.000964091
0.000960539
0.000957139
0.000953879
0.000950748
0.000947737
0.000944838
0.000942043
0.000939345
0.000936737
0.000934215
0.000931773
0.000929407
0.000927111
0.000924883
0.000922718
0.000920614
0.000918567
0.000916575
0.000914634
0.000912742
0.000910897
0.000909097
0.000907339
0.000905622
0.000903943
0.000902302
0.000900696
0.000899125
0.000897587
0.000896081
0.000894605
0.00089316
0.000994566
0.000989461
0.000984651
0.000980104
0.000975796
0.000971703
0.000967807
0.000964091
0.000960539
0.000957139
0.000953879
0.000950748
0.000947737
0.000944838
0.000942043
0.000939345
0.000936738
0.000934216
0.000931774
0.000929407
0.000927112
0.000924883
0.000922719
0.000920614
0.000918567
0.000916575
0.000914634
0.000912743
0.000910898
0.000909098
0.00090734
0.000905622
0.000903943
0.000902302
0.000900696
0.000899125
0.000897587
0.000896081
0.000894605
0.00089316
0.000994566
0.000989461
0.000984651
0.000980104
0.000975796
0.000971703
0.000967807
0.000964091
0.000960539
0.000957139
0.000953879
0.000950748
0.000947737
0.000944838
0.000942043
0.000939345
0.000936738
0.000934216
0.000931774
0.000929408
0.000927112
0.000924884
0.000922719
0.000920615
0.000918568
0.000916576
0.000914635
0.000912743
0.000910899
0.000909098
0.00090734
0.000905623
0.000903944
0.000902303
0.000900697
0.000899126
0.000897588
0.000896082
0.000894606
0.000893161
0.000994566
0.000989461
0.000984651
0.000980104
0.000975795
0.000971703
0.000967807
0.000964091
0.000960539
0.000957139
0.000953879
0.000950748
0.000947738
0.000944839
0.000942044
0.000939346
0.000936739
0.000934217
0.000931775
0.000929408
0.000927113
0.000924885
0.00092272
0.000920616
0.000918569
0.000916577
0.000914636
0.000912745
0.0009109
0.0009091
0.000907342
0.000905624
0.000903945
0.000902304
0.000900698
0.000899127
0.000897589
0.000896083
0.000894608
0.000893162
0.000994566
0.000989461
0.000984651
0.000980104
0.000975795
0.000971703
0.000967807
0.00096409
0.000960539
0.000957139
0.000953879
0.000950749
0.000947738
0.000944839
0.000942044
0.000939346
0.000936739
0.000934218
0.000931776
0.000929409
0.000927114
0.000924886
0.000922721
0.000920617
0.00091857
0.000916578
0.000914637
0.000912746
0.000910901
0.000909101
0.000907343
0.000905626
0.000903947
0.000902305
0.0009007
0.000899129
0.000897591
0.000896085
0.000894609
0.000893164
0.000994566
0.000989461
0.000984651
0.000980104
0.000975795
0.000971702
0.000967806
0.00096409
0.000960538
0.000957139
0.000953879
0.000950749
0.000947739
0.00094484
0.000942045
0.000939347
0.00093674
0.000934219
0.000931777
0.000929411
0.000927115
0.000924887
0.000922723
0.000920619
0.000918572
0.00091658
0.000914639
0.000912748
0.000910903
0.000909103
0.000907345
0.000905627
0.000903949
0.000902307
0.000900701
0.00089913
0.000897592
0.000896086
0.000894611
0.000893165
0.000994566
0.000989461
0.000984651
0.000980104
0.000975795
0.000971702
0.000967806
0.000964089
0.000960538
0.000957138
0.000953879
0.00095075
0.00094774
0.000944841
0.000942047
0.000939349
0.000936742
0.000934221
0.000931779
0.000929413
0.000927118
0.00092489
0.000922726
0.000920623
0.000918576
0.000916584
0.000914644
0.000912753
0.000910908
0.000909108
0.00090735
0.000905633
0.000903954
0.000902313
0.000900707
0.000899137
0.000897599
0.000896093
0.000894618
0.000893173
0.000994566
0.000989461
0.000984651
0.000980104
0.000975795
0.000971702
0.000967805
0.000964089
0.000960537
0.000957138
0.00095388
0.000950751
0.000947742
0.000944844
0.000942049
0.000939352
0.000936745
0.000934223
0.000931782
0.000929415
0.00092712
0.000924893
0.000922729
0.000920625
0.000918579
0.000916587
0.000914646
0.000912755
0.00091091
0.000909109
0.000907351
0.000905634
0.000903955
0.000902314
0.000900708
0.000899137
0.000897599
0.000896093
0.000894618
0.000893173
0.000994566
0.000989461
0.000984651
0.000980104
0.000975795
0.000971702
0.000967805
0.000964088
0.000960538
0.00095714
0.000953883
0.000950756
0.000947747
0.000944849
0.000942056
0.000939359
0.000936753
0.000934232
0.000931791
0.000929425
0.000927131
0.000924904
0.000922741
0.000920639
0.000918593
0.000916602
0.000914662
0.000912771
0.000910926
0.000909126
0.000907369
0.000905652
0.000903974
0.000902333
0.000900729
0.000899158
0.000897621
0.000896116
0.000894641
0.000893197
0.000994566
0.000989461
0.00098465
0.000980104
0.000975795
0.000971701
0.000967805
0.000964088
0.000960539
0.000957145
0.000953891
0.000950764
0.000947757
0.00094486
0.000942067
0.000939371
0.000936766
0.000934246
0.000931806
0.000929442
0.000927149
0.000924924
0.000922763
0.000920663
0.000918619
0.00091663
0.000914692
0.000912803
0.00091096
0.000909162
0.000907406
0.000905692
0.000904016
0.000902378
0.000900775
0.000899207
0.000897673
0.00089617
0.000894697
0.000893255
0.000994566
0.000989461
0.00098465
0.000980104
0.000975795
0.000971702
0.000967805
0.000964089
0.000960539
0.000957146
0.000953892
0.000950767
0.00094776
0.000944863
0.00094207
0.000939374
0.000936768
0.000934247
0.000931806
0.00092944
0.000927146
0.000924919
0.000922756
0.000920654
0.000918609
0.000916618
0.000914678
0.000912787
0.000910942
0.000909141
0.000907384
0.000905667
0.000903989
0.000902349
0.000900744
0.000899174
0.000897637
0.000896132
0.000894657
0.000893213
0.000994566
0.000989461
0.000984651
0.000980104
0.000975795
0.000971702
0.000967806
0.00096409
0.000960539
0.000957142
0.000953886
0.000950759
0.000947751
0.000944854
0.00094206
0.000939363
0.000936757
0.000934236
0.000931795
0.000929429
0.000927135
0.000924908
0.000922746
0.000920643
0.000918599
0.000916608
0.000914669
0.000912778
0.000910934
0.000909135
0.000907378
0.000905662
0.000903985
0.000902345
0.000900741
0.000899172
0.000897635
0.000896131
0.000894657
0.000893213
0.000994566
0.000989461
0.000984651
0.000980104
0.000975795
0.000971703
0.000967807
0.00096409
0.00096054
0.000957141
0.000953883
0.000950755
0.000947747
0.000944849
0.000942056
0.000939359
0.000936753
0.000934232
0.000931791
0.000929425
0.00092713
0.000924903
0.000922739
0.000920636
0.00091859
0.000916599
0.000914659
0.000912768
0.000910923
0.000909123
0.000907365
0.000905648
0.00090397
0.000902329
0.000900724
0.000899154
0.000897617
0.000896111
0.000894636
0.000893191
0.000994566
0.000989461
0.000984651
0.000980104
0.000975795
0.000971703
0.000967807
0.000964091
0.00096054
0.000957141
0.000953883
0.000950754
0.000947745
0.000944847
0.000942053
0.000939355
0.000936749
0.000934227
0.000931785
0.000929419
0.000927124
0.000924895
0.000922731
0.000920627
0.00091858
0.000916588
0.000914647
0.000912756
0.000910911
0.00090911
0.000907352
0.000905635
0.000903956
0.000902314
0.000900709
0.000899138
0.0008976
0.000896094
0.000894619
0.000893173
0.000994566
0.000989461
0.000984651
0.000980104
0.000975796
0.000971703
0.000967808
0.000964092
0.000960541
0.000957142
0.000953882
0.000950753
0.000947743
0.000944845
0.000942051
0.000939353
0.000936746
0.000934225
0.000931783
0.000929417
0.000927121
0.000924893
0.000922728
0.000920624
0.000918577
0.000916584
0.000914644
0.000912752
0.000910907
0.000909107
0.000907349
0.000905631
0.000903952
0.00090231
0.000900705
0.000899133
0.000897595
0.000896089
0.000894614
0.000893168
0.000994566
0.000989461
0.000984651
0.000980104
0.000975796
0.000971703
0.000967808
0.000964092
0.000960541
0.000957141
0.000953882
0.000950752
0.000947742
0.000944844
0.000942049
0.000939351
0.000936745
0.000934223
0.000931781
0.000929415
0.000927119
0.00092489
0.000922725
0.000920621
0.000918573
0.000916581
0.00091464
0.000912748
0.000910904
0.000909103
0.000907345
0.000905627
0.000903948
0.000902306
0.0009007
0.000899129
0.000897591
0.000896084
0.000894609
0.000893163
0.000994566
0.000989461
0.000984651
0.000980104
0.000975796
0.000971704
0.000967808
0.000964092
0.000960541
0.000957141
0.000953882
0.000950751
0.000947741
0.000944842
0.000942048
0.00093935
0.000936743
0.000934221
0.000931779
0.000929413
0.000927117
0.000924889
0.000922724
0.000920619
0.000918572
0.000916579
0.000914638
0.000912746
0.000910902
0.000909101
0.000907343
0.000905625
0.000903946
0.000902305
0.000900698
0.000899127
0.000897588
0.000896082
0.000894606
0.000893161
0.000994566
0.000989461
0.000984651
0.000980104
0.000975796
0.000971704
0.000967808
0.000964092
0.000960541
0.000957141
0.000953881
0.000950751
0.00094774
0.000944841
0.000942047
0.000939349
0.000936742
0.00093422
0.000931778
0.000929412
0.000927116
0.000924887
0.000922722
0.000920617
0.00091857
0.000916577
0.000914636
0.000912744
0.000910899
0.000909099
0.000907341
0.000905624
0.000903945
0.000902303
0.000900697
0.000899125
0.000897586
0.00089608
0.000894604
0.000893158
0.000994566
0.000989461
0.000984651
0.000980104
0.000975796
0.000971704
0.000967808
0.000964092
0.000960541
0.000957141
0.000953881
0.00095075
0.00094774
0.000944841
0.000942046
0.000939348
0.000936741
0.000934219
0.000931777
0.000929411
0.000927115
0.000924886
0.000922721
0.000920616
0.000918569
0.000916576
0.000914635
0.000912743
0.000910898
0.000909098
0.00090734
0.000905623
0.000903944
0.000902302
0.000900695
0.000899124
0.000897585
0.000896078
0.000894603
0.000893157
0.000994566
0.000989461
0.000984651
0.000980104
0.000975796
0.000971704
0.000967808
0.000964092
0.000960541
0.000957141
0.000953881
0.00095075
0.00094774
0.000944841
0.000942046
0.000939348
0.000936741
0.000934219
0.000931777
0.00092941
0.000927114
0.000924886
0.000922721
0.000920616
0.000918569
0.000916576
0.000914634
0.000912742
0.000910897
0.000909097
0.000907339
0.000905621
0.000903943
0.000902301
0.000900695
0.000899123
0.000897585
0.000896078
0.000894603
0.000893157
0.000994566
0.000989461
0.000984651
0.000980104
0.000975795
0.000971703
0.000967807
0.000964091
0.000960539
0.000957139
0.000953879
0.000950748
0.000947737
0.000944838
0.000942043
0.000939345
0.000936737
0.000934215
0.000931773
0.000929407
0.000927111
0.000924883
0.000922719
0.000920614
0.000918567
0.000916575
0.000914634
0.000912742
0.000910897
0.000909097
0.000907339
0.000905621
0.000903943
0.000902302
0.000900696
0.000899125
0.000897587
0.000896081
0.000894606
0.00089316
0.000994566
0.000989461
0.000984651
0.000980104
0.000975796
0.000971703
0.000967807
0.000964091
0.000960539
0.000957139
0.000953879
0.000950748
0.000947737
0.000944838
0.000942043
0.000939345
0.000936738
0.000934216
0.000931774
0.000929407
0.000927112
0.000924883
0.000922719
0.000920615
0.000918568
0.000916575
0.000914634
0.000912743
0.000910898
0.000909097
0.000907339
0.000905622
0.000903943
0.000902302
0.000900696
0.000899125
0.000897587
0.000896081
0.000894606
0.00089316
0.000994566
0.000989461
0.000984651
0.000980104
0.000975795
0.000971703
0.000967807
0.000964091
0.000960539
0.000957139
0.000953879
0.000950748
0.000947737
0.000944838
0.000942043
0.000939345
0.000936738
0.000934216
0.000931774
0.000929408
0.000927112
0.000924884
0.000922719
0.000920615
0.000918568
0.000916576
0.000914635
0.000912743
0.000910898
0.000909098
0.00090734
0.000905623
0.000903944
0.000902303
0.000900697
0.000899126
0.000897588
0.000896082
0.000894607
0.000893161
0.000994566
0.000989461
0.000984651
0.000980104
0.000975795
0.000971703
0.000967807
0.000964091
0.000960539
0.000957139
0.000953879
0.000950748
0.000947738
0.000944839
0.000942044
0.000939346
0.000936739
0.000934217
0.000931775
0.000929408
0.000927113
0.000924885
0.00092272
0.000920616
0.000918569
0.000916577
0.000914636
0.000912744
0.0009109
0.000909099
0.000907341
0.000905624
0.000903945
0.000902304
0.000900699
0.000899127
0.00089759
0.000896083
0.000894608
0.000893162
0.000994566
0.000989461
0.000984651
0.000980104
0.000975795
0.000971703
0.000967807
0.00096409
0.000960539
0.000957139
0.000953879
0.000950749
0.000947738
0.000944839
0.000942044
0.000939346
0.000936739
0.000934217
0.000931776
0.000929409
0.000927114
0.000924886
0.000922721
0.000920617
0.00091857
0.000916578
0.000914637
0.000912746
0.000910901
0.000909101
0.000907343
0.000905625
0.000903947
0.000902306
0.0009007
0.000899129
0.000897591
0.000896085
0.00089461
0.000893164
0.000994566
0.000989461
0.000984651
0.000980104
0.000975795
0.000971702
0.000967806
0.00096409
0.000960538
0.000957139
0.000953879
0.000950749
0.000947739
0.00094484
0.000942045
0.000939347
0.000936741
0.000934219
0.000931777
0.000929411
0.000927116
0.000924888
0.000922723
0.000920619
0.000918573
0.00091658
0.00091464
0.000912748
0.000910903
0.000909103
0.000907345
0.000905628
0.000903949
0.000902308
0.000900702
0.000899132
0.000897594
0.000896088
0.000894612
0.000893167
0.000994566
0.000989461
0.000984651
0.000980104
0.000975795
0.000971702
0.000967806
0.000964089
0.000960538
0.000957138
0.000953879
0.00095075
0.00094774
0.000944842
0.000942047
0.000939349
0.000936743
0.000934221
0.00093178
0.000929414
0.000927119
0.000924891
0.000922727
0.000920623
0.000918577
0.000916585
0.000914645
0.000912753
0.000910909
0.000909108
0.000907351
0.000905634
0.000903955
0.000902314
0.000900709
0.000899139
0.000897601
0.000896095
0.00089462
0.000893175
0.000994566
0.000989461
0.00098465
0.000980104
0.000975795
0.000971702
0.000967805
0.000964088
0.000960537
0.000957139
0.000953881
0.000950752
0.000947743
0.000944845
0.000942051
0.000939353
0.000936747
0.000934225
0.000931783
0.000929417
0.000927122
0.000924894
0.00092273
0.000920627
0.00091858
0.000916588
0.000914647
0.000912755
0.00091091
0.00090911
0.000907352
0.000905634
0.000903956
0.000902315
0.00090071
0.000899139
0.000897601
0.000896095
0.000894619
0.000893174
0.000994566
0.000989461
0.00098465
0.000980103
0.000975794
0.000971701
0.000967805
0.000964088
0.000960538
0.000957143
0.000953888
0.000950761
0.000947753
0.000944857
0.000942064
0.000939368
0.000936763
0.000934243
0.000931803
0.000929439
0.000927145
0.000924919
0.000922758
0.000920656
0.000918612
0.000916621
0.000914682
0.000912792
0.000910949
0.00090915
0.000907394
0.000905679
0.000904003
0.000902364
0.000900761
0.000899192
0.000897657
0.000896153
0.00089468
0.000893237
0.000994566
0.000989461
0.00098465
0.000980103
0.000975794
0.000971701
0.000967804
0.000964088
0.000960541
0.000957155
0.000953922
0.000950801
0.000947796
0.000944903
0.000942113
0.000939421
0.000936819
0.000934303
0.000931867
0.000929507
0.000927218
0.000924997
0.00092284
0.000920744
0.000918705
0.00091672
0.000914787
0.000912903
0.000911066
0.000909273
0.000907524
0.000905815
0.000904147
0.000902515
0.00090092
0.000899359
0.000897832
0.000896337
0.000894872
0.000893438
0.000994566
0.000989461
0.00098465
0.000980103
0.000975794
0.000971701
0.000967805
0.000964089
0.000960542
0.000957157
0.000953927
0.000950808
0.000947804
0.000944908
0.000942116
0.000939421
0.000936817
0.000934298
0.00093186
0.000929496
0.000927205
0.000924981
0.000922821
0.000920721
0.000918679
0.000916691
0.000914754
0.000912866
0.000911024
0.000909227
0.000907473
0.000905761
0.000904087
0.000902451
0.00090085
0.000899284
0.000897751
0.000896249
0.000894779
0.000893338
0.000994566
0.000989461
0.00098465
0.000980104
0.000975795
0.000971702
0.000967805
0.000964089
0.00096054
0.000957146
0.000953893
0.000950771
0.000947763
0.000944865
0.000942072
0.000939375
0.00093677
0.000934249
0.000931809
0.000929444
0.000927151
0.000924925
0.000922763
0.000920662
0.000918618
0.000916628
0.000914689
0.000912799
0.000910956
0.000909157
0.000907402
0.000905687
0.000904012
0.000902373
0.000900771
0.000899203
0.000897667
0.000896164
0.000894691
0.000893249
0.000994566
0.000989461
0.000984651
0.000980104
0.000975795
0.000971702
0.000967806
0.00096409
0.00096054
0.000957142
0.000953885
0.000950759
0.00094775
0.000944853
0.00094206
0.000939364
0.000936759
0.000934238
0.000931797
0.000929432
0.000927138
0.000924911
0.000922748
0.000920646
0.0009186
0.000916609
0.000914669
0.000912778
0.000910934
0.000909135
0.000907378
0.000905662
0.000903984
0.000902344
0.00090074
0.000899171
0.000897634
0.000896129
0.000894655
0.00089321
0.000994566
0.000989461
0.000984651
0.000980104
0.000975795
0.000971703
0.000967807
0.000964091
0.00096054
0.000957142
0.000953883
0.000950755
0.000947746
0.000944848
0.000942054
0.000939357
0.00093675
0.000934229
0.000931787
0.000929421
0.000927126
0.000924898
0.000922734
0.00092063
0.000918583
0.000916591
0.00091465
0.000912758
0.000910913
0.000909113
0.000907355
0.000905638
0.000903959
0.000902318
0.000900713
0.000899142
0.000897604
0.000896098
0.000894623
0.000893177
0.000994566
0.000989461
0.000984651
0.000980104
0.000975796
0.000971703
0.000967808
0.000964092
0.000960541
0.000957142
0.000953883
0.000950753
0.000947744
0.000944846
0.000942051
0.000939354
0.000936747
0.000934225
0.000931784
0.000929417
0.000927122
0.000924894
0.000922729
0.000920625
0.000918578
0.000916585
0.000914644
0.000912752
0.000910907
0.000909107
0.000907349
0.000905631
0.000903953
0.000902311
0.000900706
0.000899134
0.000897596
0.00089609
0.000894615
0.000893169
0.000994566
0.000989461
0.000984651
0.000980104
0.000975796
0.000971703
0.000967808
0.000964092
0.000960541
0.000957142
0.000953882
0.000950752
0.000947742
0.000944844
0.000942049
0.000939351
0.000936745
0.000934223
0.000931781
0.000929415
0.000927119
0.000924891
0.000922726
0.000920621
0.000918574
0.000916581
0.00091464
0.000912749
0.000910904
0.000909103
0.000907345
0.000905627
0.000903949
0.000902307
0.000900701
0.00089913
0.000897592
0.000896085
0.00089461
0.000893164
0.000994566
0.000989461
0.000984651
0.000980104
0.000975796
0.000971704
0.000967808
0.000964092
0.000960541
0.000957141
0.000953882
0.000950752
0.000947741
0.000944842
0.000942048
0.00093935
0.000936743
0.000934221
0.000931779
0.000929413
0.000927117
0.000924889
0.000922724
0.000920619
0.000918572
0.000916579
0.000914638
0.000912746
0.000910901
0.000909101
0.000907343
0.000905625
0.000903946
0.000902305
0.000900699
0.000899127
0.000897589
0.000896083
0.000894607
0.000893161
0.000994566
0.000989461
0.000984651
0.000980104
0.000975796
0.000971704
0.000967808
0.000964092
0.000960541
0.000957141
0.000953881
0.000950751
0.00094774
0.000944842
0.000942047
0.000939349
0.000936742
0.00093422
0.000931778
0.000929411
0.000927116
0.000924887
0.000922722
0.000920618
0.00091857
0.000916577
0.000914636
0.000912744
0.000910899
0.000909099
0.000907341
0.000905623
0.000903944
0.000902303
0.000900697
0.000899125
0.000897587
0.00089608
0.000894605
0.000893159
0.000994566
0.000989461
0.000984651
0.000980104
0.000975796
0.000971704
0.000967808
0.000964092
0.000960541
0.000957141
0.000953881
0.00095075
0.00094774
0.000944841
0.000942046
0.000939348
0.000936741
0.000934219
0.000931777
0.000929411
0.000927115
0.000924887
0.000922721
0.000920617
0.000918569
0.000916576
0.000914635
0.000912743
0.000910898
0.000909098
0.00090734
0.000905622
0.000903943
0.000902302
0.000900696
0.000899124
0.000897586
0.000896079
0.000894603
0.000893158
0.000994566
0.000989461
0.000984651
0.000980104
0.000975796
0.000971704
0.000967808
0.000964092
0.000960541
0.000957141
0.000953881
0.00095075
0.00094774
0.000944841
0.000942046
0.000939348
0.00093674
0.000934218
0.000931777
0.00092941
0.000927114
0.000924886
0.000922721
0.000920616
0.000918569
0.000916576
0.000914635
0.000912743
0.000910897
0.000909097
0.000907339
0.000905621
0.000903942
0.000902301
0.000900695
0.000899124
0.000897585
0.000896079
0.000894603
0.000893157
0.000994566
0.000989461
0.000984651
0.000980104
0.000975795
0.000971703
0.000967807
0.000964091
0.000960539
0.000957139
0.000953879
0.000950748
0.000947737
0.000944838
0.000942043
0.000939345
0.000936737
0.000934215
0.000931773
0.000929407
0.000927111
0.000924883
0.000922719
0.000920614
0.000918567
0.000916575
0.000914634
0.000912742
0.000910897
0.000909097
0.000907339
0.000905621
0.000903943
0.000902302
0.000900696
0.000899125
0.000897587
0.000896081
0.000894606
0.00089316
0.000994566
0.000989461
0.000984651
0.000980104
0.000975796
0.000971703
0.000967807
0.000964091
0.000960539
0.000957139
0.000953879
0.000950748
0.000947737
0.000944838
0.000942043
0.000939345
0.000936738
0.000934216
0.000931774
0.000929407
0.000927112
0.000924883
0.000922719
0.000920615
0.000918568
0.000916575
0.000914634
0.000912743
0.000910898
0.000909097
0.000907339
0.000905622
0.000903943
0.000902302
0.000900696
0.000899125
0.000897587
0.000896081
0.000894606
0.00089316
0.000994566
0.000989461
0.000984651
0.000980104
0.000975795
0.000971703
0.000967807
0.000964091
0.000960539
0.000957139
0.000953879
0.000950748
0.000947738
0.000944838
0.000942043
0.000939345
0.000936738
0.000934216
0.000931774
0.000929408
0.000927112
0.000924884
0.000922719
0.000920615
0.000918568
0.000916576
0.000914635
0.000912743
0.000910898
0.000909098
0.00090734
0.000905623
0.000903944
0.000902303
0.000900697
0.000899126
0.000897588
0.000896082
0.000894607
0.000893161
0.000994566
0.000989461
0.000984651
0.000980104
0.000975795
0.000971703
0.000967807
0.00096409
0.000960539
0.000957139
0.000953879
0.000950748
0.000947738
0.000944839
0.000942044
0.000939346
0.000936738
0.000934217
0.000931775
0.000929408
0.000927113
0.000924885
0.00092272
0.000920616
0.000918569
0.000916577
0.000914636
0.000912744
0.0009109
0.000909099
0.000907341
0.000905624
0.000903945
0.000902304
0.000900699
0.000899128
0.00089759
0.000896084
0.000894608
0.000893163
0.000994566
0.000989461
0.000984651
0.000980104
0.000975795
0.000971703
0.000967807
0.00096409
0.000960539
0.000957139
0.000953879
0.000950749
0.000947738
0.000944839
0.000942044
0.000939346
0.000936739
0.000934217
0.000931776
0.000929409
0.000927114
0.000924886
0.000922722
0.000920617
0.000918571
0.000916578
0.000914637
0.000912746
0.000910901
0.000909101
0.000907343
0.000905625
0.000903947
0.000902305
0.0009007
0.000899129
0.000897591
0.000896085
0.00089461
0.000893164
0.000994566
0.000989461
0.000984651
0.000980104
0.000975795
0.000971702
0.000967806
0.00096409
0.000960538
0.000957138
0.000953879
0.000950749
0.000947739
0.00094484
0.000942045
0.000939348
0.000936741
0.000934219
0.000931778
0.000929411
0.000927116
0.000924889
0.000922724
0.00092062
0.000918574
0.000916581
0.000914641
0.000912749
0.000910904
0.000909104
0.000907346
0.000905629
0.00090395
0.000902309
0.000900704
0.000899133
0.000897596
0.00089609
0.000894615
0.000893169
0.000994566
0.000989461
0.000984651
0.000980104
0.000975795
0.000971702
0.000967806
0.000964089
0.000960537
0.000957138
0.00095388
0.000950751
0.000947741
0.000944842
0.000942048
0.00093935
0.000936743
0.000934222
0.00093178
0.000929414
0.00092712
0.000924892
0.000922728
0.000920624
0.000918578
0.000916586
0.000914645
0.000912754
0.000910909
0.000909109
0.000907351
0.000905634
0.000903956
0.000902315
0.00090071
0.000899139
0.000897602
0.000896096
0.000894621
0.000893175
0.000994566
0.000989461
0.00098465
0.000980104
0.000975795
0.000971701
0.000967805
0.000964088
0.000960537
0.00095714
0.000953883
0.000950756
0.000947747
0.00094485
0.000942056
0.000939359
0.000936752
0.000934231
0.000931789
0.000929423
0.000927129
0.000924901
0.000922738
0.000920634
0.000918588
0.000916596
0.000914655
0.000912764
0.000910919
0.000909119
0.000907361
0.000905644
0.000903967
0.000902326
0.000900721
0.000899151
0.000897614
0.000896108
0.000894633
0.000893188
0.000994566
0.000989461
0.00098465
0.000980103
0.000975794
0.000971701
0.000967804
0.000964088
0.000960539
0.000957152
0.000953918
0.000950797
0.000947793
0.0009449
0.000942111
0.000939418
0.000936816
0.000934298
0.000931861
0.000929499
0.000927208
0.000924985
0.000922826
0.000920727
0.000918686
0.000916698
0.000914762
0.000912875
0.000911034
0.000909238
0.000907486
0.000905774
0.000904102
0.000902467
0.000900868
0.000899303
0.000897771
0.000896271
0.000894802
0.000893363
0.000994566
0.000989461
0.00098465
0.000980103
0.000975794
0.000971701
0.000967804
0.000964088
0.000960549
0.000957211
0.000955537
0.000952292
0.000947844
0.000945003
0.000942283
0.000939667
0.000937145
0.000934713
0.000932365
0.000930096
0.000927901
0.000925776
0.000923718
0.000921723
0.000919788
0.00091791
0.000916086
0.000914313
0.00091259
0.000910915
0.000909286
0.000907701
0.000906158
0.000904656
0.000903192
0.000901765
0.000900374
0.000899018
0.000897696
0.000896407
0.000994566
0.000989461
0.00098465
0.000980103
0.000975794
0.000971701
0.000967804
0.000964089
0.000960551
0.000957219
0.000955579
0.000952421
0.00094797
0.000945092
0.000942316
0.000939638
0.00093705
0.000934548
0.000932127
0.000929782
0.000927508
0.000925302
0.000923161
0.00092108
0.000919057
0.000917087
0.00091517
0.000913301
0.00091148
0.000909704
0.000907971
0.00090628
0.000904628
0.000903014
0.000901436
0.000899892
0.000898382
0.000896905
0.000895458
0.000894042
0.000994566
0.000989461
0.00098465
0.000980103
0.000975795
0.000971701
0.000967805
0.000964089
0.000960542
0.000957159
0.000953932
0.00095082
0.000947816
0.00094492
0.00094213
0.000939437
0.000936835
0.000934319
0.000931884
0.000929524
0.000927236
0.000925016
0.00092286
0.000920764
0.000918725
0.000916741
0.000914808
0.000912924
0.000911088
0.000909296
0.000907547
0.00090584
0.000904171
0.00090254
0.000900945
0.000899384
0.000897856
0.00089636
0.000894895
0.00089346
0.000994566
0.000989461
0.00098465
0.000980104
0.000975795
0.000971702
0.000967806
0.00096409
0.00096054
0.000957144
0.00095389
0.000950766
0.000947758
0.000944861
0.000942068
0.000939372
0.000936766
0.000934246
0.000931805
0.00092944
0.000927146
0.000924919
0.000922756
0.000920653
0.000918608
0.000916616
0.000914676
0.000912785
0.000910941
0.000909142
0.000907386
0.00090567
0.000903993
0.000902354
0.00090075
0.000899181
0.000897644
0.00089614
0.000894666
0.000893222
0.000994566
0.000989461
0.000984651
0.000980104
0.000975795
0.000971703
0.000967807
0.000964091
0.00096054
0.000957142
0.000953885
0.000950757
0.000947748
0.000944851
0.000942057
0.00093936
0.000936754
0.000934233
0.000931792
0.000929426
0.000927131
0.000924903
0.000922739
0.000920635
0.000918589
0.000916596
0.000914656
0.000912764
0.000910919
0.000909119
0.000907361
0.000905645
0.000903966
0.000902326
0.000900721
0.00089915
0.000897612
0.000896107
0.000894631
0.000893186
0.000994566
0.000989461
0.000984651
0.000980104
0.000975796
0.000971703
0.000967807
0.000964091
0.000960541
0.000957142
0.000953883
0.000950754
0.000947745
0.000944846
0.000942052
0.000939354
0.000936748
0.000934226
0.000931785
0.000929418
0.000927123
0.000924895
0.00092273
0.000920626
0.000918578
0.000916586
0.000914644
0.000912753
0.000910907
0.000909107
0.000907349
0.000905631
0.000903953
0.000902312
0.000900706
0.000899135
0.000897597
0.000896091
0.000894615
0.000893169
0.000994566
0.000989461
0.000984651
0.000980104
0.000975796
0.000971703
0.000967808
0.000964092
0.000960541
0.000957142
0.000953882
0.000950753
0.000947743
0.000944844
0.000942049
0.000939352
0.000936745
0.000934223
0.000931782
0.000929415
0.00092712
0.000924891
0.000922727
0.000920622
0.000918575
0.000916582
0.000914641
0.000912749
0.000910904
0.000909103
0.000907345
0.000905628
0.000903949
0.000902308
0.000900702
0.000899131
0.000897593
0.000896086
0.000894611
0.000893165
0.000994566
0.000989461
0.000984651
0.000980104
0.000975796
0.000971704
0.000967808
0.000964092
0.000960541
0.000957141
0.000953882
0.000950752
0.000947741
0.000944843
0.000942048
0.00093935
0.000936743
0.000934221
0.000931779
0.000929413
0.000927118
0.000924889
0.000922724
0.00092062
0.000918573
0.00091658
0.000914638
0.000912746
0.000910901
0.000909101
0.000907343
0.000905625
0.000903946
0.000902305
0.000900699
0.000899128
0.00089759
0.000896083
0.000894607
0.000893161
0.000994566
0.000989461
0.000984651
0.000980104
0.000975796
0.000971704
0.000967808
0.000964092
0.000960541
0.000957141
0.000953881
0.000950751
0.000947741
0.000944842
0.000942047
0.000939349
0.000936742
0.00093422
0.000931778
0.000929412
0.000927116
0.000924888
0.000922723
0.000920618
0.000918571
0.000916578
0.000914636
0.000912744
0.000910899
0.000909099
0.000907341
0.000905623
0.000903944
0.000902303
0.000900697
0.000899126
0.000897587
0.000896081
0.000894605
0.000893159
0.000994566
0.000989461
0.000984651
0.000980104
0.000975796
0.000971704
0.000967808
0.000964092
0.000960541
0.000957141
0.000953881
0.000950751
0.00094774
0.000944841
0.000942046
0.000939348
0.000936741
0.000934219
0.000931777
0.000929411
0.000927115
0.000924887
0.000922722
0.000920617
0.00091857
0.000916576
0.000914635
0.000912743
0.000910898
0.000909098
0.000907339
0.000905622
0.000903943
0.000902302
0.000900696
0.000899124
0.000897586
0.000896079
0.000894604
0.000893158
0.000994566
0.000989461
0.000984651
0.000980104
0.000975796
0.000971704
0.000967808
0.000964092
0.000960541
0.000957141
0.000953881
0.00095075
0.00094774
0.000944841
0.000942046
0.000939348
0.00093674
0.000934218
0.000931777
0.00092941
0.000927114
0.000924886
0.000922721
0.000920616
0.000918569
0.000916576
0.000914635
0.000912743
0.000910897
0.000909097
0.000907338
0.000905621
0.000903942
0.000902301
0.000900695
0.000899124
0.000897586
0.000896079
0.000894604
0.000893157
0.000994566
0.000989461
0.000984651
0.000980104
0.000975795
0.000971703
0.000967807
0.000964091
0.000960539
0.000957139
0.000953879
0.000950748
0.000947737
0.000944838
0.000942043
0.000939345
0.000936737
0.000934215
0.000931773
0.000929407
0.000927111
0.000924883
0.000922719
0.000920614
0.000918567
0.000916575
0.000914634
0.000912742
0.000910897
0.000909097
0.000907339
0.000905621
0.000903943
0.000902302
0.000900696
0.000899125
0.000897587
0.000896081
0.000894606
0.00089316
0.000994566
0.000989461
0.000984651
0.000980104
0.000975796
0.000971703
0.000967807
0.000964091
0.000960539
0.000957139
0.000953879
0.000950748
0.000947737
0.000944838
0.000942043
0.000939345
0.000936738
0.000934216
0.000931774
0.000929407
0.000927112
0.000924883
0.000922719
0.000920615
0.000918568
0.000916575
0.000914634
0.000912743
0.000910898
0.000909097
0.000907339
0.000905622
0.000903943
0.000902302
0.000900696
0.000899125
0.000897588
0.000896082
0.000894606
0.00089316
0.000994566
0.000989461
0.000984651
0.000980104
0.000975795
0.000971703
0.000967807
0.000964091
0.000960539
0.000957139
0.000953879
0.000950748
0.000947738
0.000944838
0.000942043
0.000939345
0.000936738
0.000934216
0.000931774
0.000929408
0.000927112
0.000924884
0.00092272
0.000920615
0.000918568
0.000916576
0.000914635
0.000912743
0.000910898
0.000909098
0.00090734
0.000905622
0.000903944
0.000902303
0.000900697
0.000899126
0.000897589
0.000896082
0.000894607
0.000893161
0.000994566
0.000989461
0.000984651
0.000980104
0.000975795
0.000971703
0.000967807
0.00096409
0.000960539
0.000957139
0.000953879
0.000950748
0.000947738
0.000944839
0.000942044
0.000939346
0.000936738
0.000934217
0.000931775
0.000929408
0.000927113
0.000924885
0.000922721
0.000920617
0.00091857
0.000916577
0.000914636
0.000912744
0.0009109
0.000909099
0.000907341
0.000905624
0.000903945
0.000902304
0.000900699
0.000899128
0.00089759
0.000896084
0.000894609
0.000893163
0.000994566
0.000989461
0.000984651
0.000980104
0.000975795
0.000971703
0.000967806
0.00096409
0.000960539
0.000957139
0.000953879
0.000950749
0.000947738
0.000944839
0.000942044
0.000939346
0.000936739
0.000934217
0.000931776
0.000929409
0.000927114
0.000924886
0.000922722
0.000920618
0.000918571
0.000916578
0.000914637
0.000912746
0.000910901
0.0009091
0.000907342
0.000905625
0.000903947
0.000902306
0.0009007
0.000899129
0.000897592
0.000896086
0.00089461
0.000893164
0.000994566
0.000989461
0.000984651
0.000980104
0.000975795
0.000971702
0.000967806
0.000964089
0.000960538
0.000957138
0.000953879
0.000950749
0.000947739
0.00094484
0.000942046
0.000939348
0.000936741
0.00093422
0.000931778
0.000929412
0.000927117
0.00092489
0.000922726
0.000920622
0.000918575
0.000916583
0.000914642
0.00091275
0.000910905
0.000909105
0.000907348
0.000905631
0.000903953
0.000902312
0.000900707
0.000899136
0.000897599
0.000896093
0.000894618
0.000893172
0.000994566
0.000989461
0.000984651
0.000980104
0.000975795
0.000971702
0.000967805
0.000964089
0.000960537
0.000957138
0.00095388
0.000950752
0.000947742
0.000944844
0.000942049
0.000939351
0.000936744
0.000934222
0.000931781
0.000929415
0.00092712
0.000924893
0.000922729
0.000920625
0.000918578
0.000916586
0.000914645
0.000912753
0.000910908
0.000909107
0.00090735
0.000905633
0.000903955
0.000902314
0.000900709
0.000899138
0.000897601
0.000896094
0.000894619
0.000893173
0.000994566
0.000989461
0.00098465
0.000980103
0.000975794
0.000971701
0.000967804
0.000964088
0.000960537
0.000957143
0.000953892
0.000950765
0.00094776
0.000944866
0.000942074
0.000939378
0.000936773
0.000934253
0.000931813
0.000929448
0.000927155
0.000924929
0.000922767
0.000920665
0.000918621
0.00091663
0.000914691
0.000912801
0.000910958
0.00090916
0.000907404
0.00090569
0.000904014
0.000902376
0.000900774
0.000899206
0.00089767
0.000896167
0.000894694
0.000893251
0.000994566
0.000989461
0.00098465
0.000980103
0.000975794
0.000971701
0.000967804
0.000964088
0.000960546
0.000957188
0.000955504
0.000952243
0.000947779
0.000944896
0.000942117
0.000939435
0.000936844
0.000934338
0.000931913
0.000929564
0.000927286
0.000925076
0.000922931
0.000920846
0.000918819
0.000916846
0.000914925
0.000913054
0.00091123
0.000909452
0.000907718
0.000906025
0.000904372
0.000902758
0.000901179
0.000899636
0.000898126
0.000896649
0.000895203
0.000893788
0.000994566
0.000989461
0.00098465
0.000980103
0.000975794
0.0009717
0.000967803
0.00096409
0.000960569
0.000958824
0.000955755
0.00095269
0.000949606
0.000962941
0.000961588
0.000960299
0.000959075
0.000957923
0.000956835
0.000955808
0.000954838
0.000953924
0.000953065
0.000952257
0.000951499
0.000950789
0.000950125
0.000949507
0.000948932
0.000948399
0.000947907
0.000947455
0.000947041
0.000946663
0.00094632
0.00094601
0.000945733
0.000945487
0.000945274
0.000945094
0.000994566
0.000989461
0.00098465
0.000980103
0.000975794
0.0009717
0.000967804
0.000964091
0.000960573
0.000958883
0.000957322
0.000955768
0.0009528
0.000967112
0.000964621
0.000962209
0.000959896
0.00095768
0.000955555
0.000953518
0.000951564
0.000949689
0.00094789
0.000946162
0.000944503
0.000942907
0.000941374
0.000939899
0.000938481
0.000937119
0.000935809
0.00093455
0.000933339
0.000932174
0.000931054
0.000929976
0.000928939
0.000927943
0.000926986
0.000926068
0.000994566
0.000989461
0.00098465
0.000980103
0.000975794
0.000971701
0.000967805
0.000964089
0.00096055
0.000957202
0.000955565
0.000952477
0.000948024
0.000945165
0.000942421
0.000939778
0.00093723
0.00093477
0.000932392
0.000930092
0.000927864
0.000925705
0.00092361
0.000921576
0.0009196
0.000917679
0.000915809
0.00091399
0.000912219
0.000910493
0.000908811
0.00090717
0.00090557
0.000904007
0.00090248
0.000900988
0.000899529
0.000898104
0.00089671
0.000895346
0.000994566
0.000989461
0.00098465
0.000980104
0.000975795
0.000971702
0.000967806
0.00096409
0.00096054
0.000957149
0.000953904
0.000950783
0.000947776
0.00094488
0.000942086
0.00093939
0.000936784
0.000934264
0.000931824
0.000929459
0.000927166
0.00092494
0.000922778
0.000920676
0.00091863
0.000916639
0.0009147
0.000912809
0.000910966
0.000909168
0.000907413
0.000905698
0.000904023
0.000902385
0.000900782
0.000899213
0.000897678
0.000896174
0.000894702
0.000893259
0.000994566
0.000989461
0.000984651
0.000980104
0.000975795
0.000971703
0.000967807
0.000964091
0.00096054
0.000957143
0.000953886
0.00095076
0.000947752
0.000944855
0.000942062
0.000939365
0.00093676
0.000934239
0.000931798
0.000929433
0.000927138
0.000924911
0.000922747
0.000920644
0.000918597
0.000916605
0.000914664
0.000912772
0.000910928
0.000909128
0.000907371
0.000905655
0.000903977
0.000902337
0.000900732
0.000899162
0.000897625
0.000896119
0.000894644
0.000893199
0.000994566
0.000989461
0.000984651
0.000980104
0.000975796
0.000971703
0.000967807
0.000964091
0.000960541
0.000957142
0.000953884
0.000950755
0.000947746
0.000944847
0.000942053
0.000939356
0.000936749
0.000934227
0.000931786
0.000929419
0.000927124
0.000924896
0.000922732
0.000920627
0.00091858
0.000916587
0.000914646
0.000912753
0.000910908
0.000909107
0.00090735
0.000905632
0.000903954
0.000902313
0.000900708
0.000899137
0.000897599
0.000896092
0.000894617
0.000893171
0.000994566
0.000989461
0.000984651
0.000980104
0.000975796
0.000971703
0.000967808
0.000964092
0.000960541
0.000957142
0.000953883
0.000950753
0.000947743
0.000944845
0.00094205
0.000939352
0.000936745
0.000934224
0.000931782
0.000929416
0.00092712
0.000924892
0.000922728
0.000920623
0.000918576
0.000916583
0.000914641
0.000912749
0.000910904
0.000909103
0.000907345
0.000905628
0.00090395
0.000902308
0.000900703
0.000899132
0.000897594
0.000896087
0.000894611
0.000893165
0.000994566
0.000989461
0.000984651
0.000980104
0.000975796
0.000971704
0.000967808
0.000964092
0.000960541
0.000957141
0.000953882
0.000950752
0.000947742
0.000944843
0.000942048
0.00093935
0.000936743
0.000934221
0.00093178
0.000929413
0.000927118
0.00092489
0.000922725
0.00092062
0.000918573
0.00091658
0.000914639
0.000912746
0.000910901
0.0009091
0.000907342
0.000905625
0.000903946
0.000902305
0.0009007
0.000899129
0.00089759
0.000896084
0.000894608
0.000893162
0.000994566
0.000989461
0.000984651
0.000980104
0.000975796
0.000971704
0.000967808
0.000964092
0.000960541
0.000957141
0.000953881
0.000950751
0.000947741
0.000944842
0.000942047
0.000939349
0.000936742
0.00093422
0.000931778
0.000929412
0.000927116
0.000924888
0.000922723
0.000920618
0.000918571
0.000916578
0.000914637
0.000912744
0.000910899
0.000909098
0.00090734
0.000905623
0.000903944
0.000902303
0.000900697
0.000899126
0.000897588
0.000896081
0.000894605
0.000893159
0.000994566
0.000989461
0.000984651
0.000980104
0.000975796
0.000971704
0.000967808
0.000964092
0.000960541
0.000957141
0.000953881
0.000950751
0.00094774
0.000944841
0.000942046
0.000939348
0.000936741
0.000934219
0.000931777
0.000929411
0.000927115
0.000924887
0.000922722
0.000920617
0.00091857
0.000916577
0.000914635
0.000912743
0.000910898
0.000909097
0.000907339
0.000905622
0.000903943
0.000902301
0.000900696
0.000899124
0.000897586
0.00089608
0.000894604
0.000893158
0.000994566
0.000989461
0.000984651
0.000980104
0.000975796
0.000971704
0.000967808
0.000964092
0.000960541
0.000957141
0.000953881
0.00095075
0.00094774
0.000944841
0.000942046
0.000939348
0.00093674
0.000934218
0.000931777
0.00092941
0.000927114
0.000924886
0.000922721
0.000920617
0.000918569
0.000916576
0.000914635
0.000912743
0.000910897
0.000909096
0.000907338
0.000905621
0.000903942
0.000902301
0.000900695
0.000899124
0.000897586
0.00089608
0.000894604
0.000893158
0.000994566
0.000989461
0.000984651
0.000980104
0.000975795
0.000971703
0.000967807
0.000964091
0.000960539
0.000957139
0.000953879
0.000950748
0.000947737
0.000944838
0.000942043
0.000939345
0.000936737
0.000934215
0.000931773
0.000929407
0.000927111
0.000924883
0.000922719
0.000920615
0.000918568
0.000916575
0.000914634
0.000912742
0.000910897
0.000909097
0.000907339
0.000905621
0.000903943
0.000902301
0.000900696
0.000899125
0.000897588
0.000896082
0.000894606
0.00089316
0.000994566
0.000989461
0.000984651
0.000980104
0.000975796
0.000971703
0.000967807
0.000964091
0.000960539
0.000957139
0.000953879
0.000950748
0.000947737
0.000944838
0.000942043
0.000939345
0.000936738
0.000934215
0.000931774
0.000929407
0.000927112
0.000924883
0.000922719
0.000920615
0.000918568
0.000916575
0.000914634
0.000912743
0.000910897
0.000909097
0.000907339
0.000905621
0.000903943
0.000902302
0.000900696
0.000899126
0.000897588
0.000896082
0.000894606
0.00089316
0.000994566
0.000989461
0.000984651
0.000980104
0.000975795
0.000971703
0.000967807
0.000964091
0.000960539
0.000957139
0.000953879
0.000950748
0.000947738
0.000944838
0.000942043
0.000939345
0.000936738
0.000934216
0.000931774
0.000929407
0.000927112
0.000924884
0.00092272
0.000920616
0.000918569
0.000916576
0.000914635
0.000912743
0.000910898
0.000909098
0.00090734
0.000905622
0.000903944
0.000902303
0.000900697
0.000899127
0.000897589
0.000896083
0.000894607
0.000893161
0.000994566
0.000989461
0.000984651
0.000980104
0.000975795
0.000971703
0.000967807
0.00096409
0.000960539
0.000957139
0.000953879
0.000950748
0.000947738
0.000944839
0.000942044
0.000939346
0.000936738
0.000934216
0.000931775
0.000929408
0.000927113
0.000924885
0.000922721
0.000920617
0.00091857
0.000916577
0.000914636
0.000912744
0.000910899
0.000909099
0.000907341
0.000905624
0.000903945
0.000902304
0.000900699
0.000899128
0.000897591
0.000896085
0.000894609
0.000893163
0.000994566
0.000989461
0.000984651
0.000980104
0.000975795
0.000971703
0.000967806
0.00096409
0.000960538
0.000957139
0.000953879
0.000950749
0.000947738
0.000944839
0.000942044
0.000939346
0.000936739
0.000934217
0.000931776
0.000929409
0.000927114
0.000924886
0.000922722
0.000920618
0.000918571
0.000916579
0.000914638
0.000912746
0.000910901
0.0009091
0.000907342
0.000905625
0.000903947
0.000902306
0.000900701
0.00089913
0.000897592
0.000896086
0.000894611
0.000893165
0.000994566
0.000989461
0.000984651
0.000980104
0.000975795
0.000971702
0.000967806
0.000964089
0.000960538
0.000957138
0.000953879
0.000950749
0.000947739
0.000944841
0.000942046
0.000939348
0.000936742
0.00093422
0.000931779
0.000929413
0.000927118
0.00092489
0.000922726
0.000920623
0.000918576
0.000916583
0.000914643
0.000912751
0.000910906
0.000909106
0.000907348
0.000905631
0.000903954
0.000902313
0.000900708
0.000899138
0.0008976
0.000896094
0.000894619
0.000893173
0.000994566
0.000989461
0.00098465
0.000980104
0.000975795
0.000971702
0.000967805
0.000964088
0.000960537
0.000957139
0.000953881
0.000950753
0.000947744
0.000944846
0.000942051
0.000939353
0.000936746
0.000934225
0.000931784
0.000929418
0.000927123
0.000924896
0.000922732
0.000920628
0.000918582
0.000916589
0.000914648
0.000912756
0.000910911
0.000909111
0.000907354
0.000905637
0.000903959
0.000902319
0.000900714
0.000899144
0.000897606
0.0008961
0.000894625
0.000893179
0.000994566
0.000989461
0.00098465
0.000980103
0.000975794
0.000971701
0.000967804
0.000964087
0.000960538
0.000957148
0.000953903
0.000950777
0.000947774
0.000944881
0.00094209
0.000939396
0.000936793
0.000934275
0.000931837
0.000929475
0.000927185
0.000924962
0.000922802
0.000920703
0.000918661
0.000916674
0.000914737
0.00091285
0.00091101
0.000909216
0.000907464
0.000905753
0.000904082
0.000902448
0.000900849
0.000899285
0.000897754
0.000896254
0.000894786
0.000893347
0.000994566
0.000989461
0.00098465
0.000980103
0.000975794
0.0009717
0.000967803
0.000964088
0.000960553
0.000958787
0.000955438
0.000952234
0.00094831
0.000945532
0.000942931
0.000940394
0.000937935
0.000935565
0.000933278
0.000931069
0.000928932
0.000926866
0.000924866
0.000922929
0.000921053
0.000919234
0.00091747
0.000915759
0.0009141
0.00091249
0.000910927
0.00090941
0.000907937
0.000906505
0.000905113
0.00090376
0.000902445
0.000901167
0.000899925
0.000898721
0.000994566
0.000989461
0.00098465
0.000980103
0.000975794
0.0009717
0.000967803
0.000964091
0.000962241
0.000958867
0.000961072
0.000963453
0.000961733
0.00121931
0.00121673
0.00121423
0.00121184
0.00120956
0.00120738
0.00120531
0.00120334
0.00120146
0.00119967
0.00119797
0.00119636
0.00119482
0.00119335
0.00119196
0.00119064
0.00118939
0.0011882
0.00118708
0.00118602
0.00118502
0.00118408
0.00118319
0.00118235
0.00118157
0.00118083
0.00118016
0.000994566
0.000989461
0.00098465
0.000980103
0.000975794
0.0009717
0.000967803
0.000964092
0.000962254
0.000959182
0.000455412
7.18615e-05
0.00148179
0.00123257
0.00122917
0.00122595
0.00122292
0.00122012
0.00121749
0.00121502
0.0012127
0.00121051
0.00120844
0.00120649
0.00120465
0.00120291
0.00120126
0.00119971
0.00119824
0.00119687
0.00119557
0.00119435
0.0011932
0.00119213
0.00119112
0.00119017
0.00118929
0.00118846
0.0011877
0.00118701
0.000994566
0.000989461
0.00098465
0.000980103
0.000975794
0.000971701
0.000967804
0.00096409
0.000960559
0.000958828
0.000956098
0.000953847
0.000949147
0.000946483
0.000943874
0.000941341
0.000938891
0.000936526
0.000934241
0.000932033
0.000929896
0.000927829
0.000925826
0.000923885
0.000922003
0.000920177
0.000918404
0.000916682
0.00091501
0.000913385
0.000911804
0.000910267
0.00090877
0.000907311
0.00090589
0.000904504
0.000903154
0.000901837
0.000900552
0.0008993
0.000994566
0.000989461
0.00098465
0.000980104
0.000975795
0.000971702
0.000967805
0.000964089
0.000960542
0.000957157
0.000953922
0.000950808
0.000947809
0.000944915
0.000942124
0.00093943
0.000936828
0.000934312
0.000931876
0.000929517
0.000927228
0.000925008
0.000922851
0.000920754
0.000918714
0.000916728
0.000914795
0.00091291
0.000911073
0.000909282
0.000907533
0.000905825
0.000904156
0.000902525
0.000900929
0.000899367
0.000897838
0.000896342
0.000894876
0.000893441
0.000994566
0.000989461
0.000984651
0.000980104
0.000975795
0.000971702
0.000967806
0.00096409
0.00096054
0.000957144
0.000953889
0.000950765
0.000947757
0.00094486
0.000942067
0.00093937
0.000936764
0.000934244
0.000931803
0.000929437
0.000927143
0.000924915
0.000922752
0.000920648
0.000918601
0.000916608
0.000914666
0.000912774
0.000910929
0.000909129
0.000907372
0.000905656
0.000903978
0.000902338
0.000900733
0.000899162
0.000897624
0.000896118
0.000894643
0.000893197
0.000994566
0.000989461
0.000984651
0.000980104
0.000975795
0.000971703
0.000967807
0.000964091
0.000960541
0.000957142
0.000953884
0.000950756
0.000947747
0.000944849
0.000942055
0.000939357
0.000936751
0.000934229
0.000931788
0.000929422
0.000927127
0.000924899
0.000922735
0.00092063
0.000918583
0.00091659
0.000914649
0.000912756
0.000910911
0.00090911
0.000907353
0.000905636
0.000903958
0.000902317
0.000900712
0.000899141
0.000897603
0.000896097
0.000894621
0.000893175
0.000994566
0.000989461
0.000984651
0.000980104
0.000975796
0.000971703
0.000967808
0.000964092
0.000960541
0.000957142
0.000953883
0.000950753
0.000947744
0.000944845
0.00094205
0.000939353
0.000936746
0.000934224
0.000931782
0.000929416
0.000927121
0.000924893
0.000922728
0.000920624
0.000918576
0.000916583
0.000914642
0.000912749
0.000910904
0.000909103
0.000907345
0.000905628
0.00090395
0.000902309
0.000900704
0.000899132
0.000897594
0.000896088
0.000894612
0.000893166
0.000994566
0.000989461
0.000984651
0.000980104
0.000975796
0.000971704
0.000967808
0.000964092
0.000960541
0.000957141
0.000953882
0.000950752
0.000947742
0.000944843
0.000942048
0.00093935
0.000936743
0.000934221
0.00093178
0.000929413
0.000927118
0.00092489
0.000922725
0.000920621
0.000918574
0.000916581
0.000914639
0.000912747
0.000910901
0.0009091
0.000907342
0.000905625
0.000903947
0.000902306
0.0009007
0.000899129
0.000897591
0.000896084
0.000894608
0.000893162
0.000994566
0.000989461
0.000984651
0.000980104
0.000975796
0.000971704
0.000967808
0.000964092
0.000960541
0.000957141
0.000953881
0.000950751
0.000947741
0.000944842
0.000942047
0.000939349
0.000936742
0.00093422
0.000931778
0.000929412
0.000927116
0.000924888
0.000922723
0.000920619
0.000918571
0.000916578
0.000914637
0.000912744
0.000910899
0.000909098
0.00090734
0.000905622
0.000903944
0.000902303
0.000900697
0.000899126
0.000897588
0.000896082
0.000894606
0.000893159
0.000994566
0.000989461
0.000984651
0.000980104
0.000975796
0.000971704
0.000967808
0.000964092
0.000960541
0.000957141
0.000953881
0.000950751
0.00094774
0.000944841
0.000942046
0.000939348
0.000936741
0.000934219
0.000931777
0.000929411
0.000927115
0.000924887
0.000922722
0.000920618
0.00091857
0.000916577
0.000914636
0.000912743
0.000910898
0.000909097
0.000907339
0.000905621
0.000903943
0.000902301
0.000900696
0.000899125
0.000897587
0.00089608
0.000894604
0.000893158
0.000994566
0.000989461
0.000984651
0.000980104
0.000975796
0.000971704
0.000967808
0.000964092
0.000960541
0.000957141
0.000953881
0.00095075
0.00094774
0.000944841
0.000942046
0.000939348
0.00093674
0.000934218
0.000931777
0.00092941
0.000927114
0.000924886
0.000922721
0.000920617
0.000918569
0.000916576
0.000914635
0.000912743
0.000910897
0.000909096
0.000907338
0.00090562
0.000903942
0.0009023
0.000900695
0.000899124
0.000897586
0.00089608
0.000894604
0.000893158
0.000994566
0.000989461
0.000984651
0.000980104
0.000975795
0.000971703
0.000967807
0.000964091
0.000960539
0.000957139
0.000953879
0.000950748
0.000947737
0.000944838
0.000942043
0.000939345
0.000936737
0.000934215
0.000931773
0.000929407
0.000927111
0.000924883
0.000922719
0.000920615
0.000918568
0.000916575
0.000914634
0.000912742
0.000910897
0.000909096
0.000907338
0.000905621
0.000903942
0.000902301
0.000900696
0.000899126
0.000897588
0.000896082
0.000894606
0.00089316
0.000994566
0.000989461
0.000984651
0.000980104
0.000975796
0.000971703
0.000967807
0.000964091
0.000960539
0.000957139
0.000953879
0.000950748
0.000947737
0.000944838
0.000942043
0.000939345
0.000936738
0.000934215
0.000931773
0.000929407
0.000927112
0.000924883
0.000922719
0.000920615
0.000918568
0.000916576
0.000914635
0.000912743
0.000910897
0.000909097
0.000907339
0.000905621
0.000903943
0.000902302
0.000900697
0.000899126
0.000897588
0.000896082
0.000894607
0.00089316
0.000994566
0.000989461
0.000984651
0.000980104
0.000975795
0.000971703
0.000967807
0.000964091
0.000960539
0.000957139
0.000953879
0.000950748
0.000947738
0.000944838
0.000942043
0.000939345
0.000936738
0.000934216
0.000931774
0.000929407
0.000927112
0.000924884
0.00092272
0.000920616
0.000918569
0.000916576
0.000914635
0.000912743
0.000910898
0.000909097
0.000907339
0.000905622
0.000903944
0.000902303
0.000900698
0.000899127
0.000897589
0.000896083
0.000894608
0.000893161
0.000994566
0.000989461
0.000984651
0.000980104
0.000975795
0.000971703
0.000967807
0.00096409
0.000960539
0.000957139
0.000953879
0.000950748
0.000947738
0.000944839
0.000942044
0.000939346
0.000936738
0.000934216
0.000931775
0.000929408
0.000927113
0.000924885
0.000922721
0.000920617
0.00091857
0.000916577
0.000914636
0.000912744
0.000910899
0.000909099
0.000907341
0.000905623
0.000903945
0.000902304
0.000900699
0.000899129
0.000897591
0.000896085
0.000894609
0.000893163
0.000994566
0.000989461
0.000984651
0.000980104
0.000975795
0.000971702
0.000967806
0.00096409
0.000960538
0.000957139
0.000953879
0.000950749
0.000947738
0.00094484
0.000942044
0.000939346
0.000936739
0.000934217
0.000931776
0.00092941
0.000927115
0.000924887
0.000922723
0.000920619
0.000918572
0.000916579
0.000914638
0.000912746
0.000910901
0.0009091
0.000907343
0.000905626
0.000903948
0.000902307
0.000900702
0.000899131
0.000897594
0.000896087
0.000894612
0.000893166
0.000994566
0.000989461
0.000984651
0.000980104
0.000975795
0.000971702
0.000967806
0.000964089
0.000960538
0.000957138
0.000953879
0.00095075
0.00094774
0.000944841
0.000942046
0.000939348
0.000936742
0.00093422
0.000931778
0.000929413
0.000927118
0.00092489
0.000922726
0.000920623
0.000918576
0.000916583
0.000914642
0.00091275
0.000910904
0.000909104
0.000907347
0.00090563
0.000903953
0.000902312
0.000900707
0.000899137
0.000897599
0.000896093
0.000894617
0.000893171
0.000994566
0.000989461
0.00098465
0.000980104
0.000975795
0.000971701
0.000967805
0.000964088
0.000960537
0.000957139
0.000953882
0.000950754
0.000947745
0.000944848
0.000942054
0.000939356
0.00093675
0.000934229
0.000931788
0.000929423
0.000927129
0.000924902
0.000922739
0.000920636
0.00091859
0.000916598
0.000914657
0.000912765
0.000910921
0.000909122
0.000907365
0.00090565
0.000903973
0.000902334
0.00090073
0.00089916
0.000897623
0.000896118
0.000894643
0.000893199
0.000994566
0.000989461
0.00098465
0.000980103
0.000975794
0.000971701
0.000967804
0.000964087
0.000960539
0.000957154
0.000953915
0.00095079
0.000947786
0.000944892
0.000942102
0.000939409
0.000936808
0.000934293
0.000931859
0.000929502
0.000927216
0.000924998
0.000922844
0.000920751
0.000918715
0.000916734
0.000914805
0.000912926
0.000911094
0.000909309
0.000907567
0.000905867
0.000904207
0.000902584
0.000900997
0.000899446
0.000897928
0.000896442
0.000894988
0.000893565
0.000994566
0.000989461
0.00098465
0.000980103
0.000975794
0.0009717
0.000967803
0.00096409
0.00096056
0.000958799
0.000955516
0.000952393
0.000948822
0.000946523
0.000944532
0.000942597
0.000940746
0.000938993
0.00093733
0.000935748
0.000934241
0.000932805
0.000931437
0.000930134
0.00092889
0.000927706
0.000926577
0.000925502
0.000924479
0.000923507
0.000922583
0.000921705
0.000920871
0.00092008
0.00091933
0.000918619
0.000917947
0.000917313
0.000916717
0.00091616
0.000994566
0.000989461
0.00098465
0.000980103
0.000975794
0.0009717
0.000967803
0.000964093
0.00096225
0.00095904
0.000968227
0.000975469
0.000975518
0.00124308
0.00124038
0.00123772
0.00123516
0.00123269
0.00123033
0.00122805
0.00122587
0.00122377
0.00122175
0.00121981
0.00121795
0.00121615
0.00121443
0.00121277
0.00121117
0.00120963
0.00120816
0.00120673
0.00120536
0.00120404
0.00120276
0.00120154
0.00120035
0.00119921
0.00119811
0.00119706
0.000994566
0.000989461
0.00098465
0.000980103
0.000975794
0.0009717
0.000967803
0.000964094
0.000962268
0.000959536
0.000523621
4.85405e-05
0.00155444
0.001254
0.0012497
0.00124545
0.00124134
0.00123738
0.00123357
0.0012299
0.00122635
0.00122292
0.00121961
0.0012164
0.0012133
0.0012103
0.0012074
0.00120459
0.00120187
0.00119923
0.00119668
0.0011942
0.0011918
0.00118947
0.00118722
0.00118503
0.00118291
0.00118085
0.00117886
0.00117693
0.000994566
0.000989461
0.00098465
0.000980103
0.000975794
0.000971701
0.000967804
0.000964092
0.000960568
0.000958865
0.000956886
0.000955703
0.000949946
0.00094768
0.000945421
0.000943206
0.00094107
0.000939019
0.000937049
0.000935156
0.000933338
0.000931592
0.000929913
0.000928298
0.000926744
0.000925248
0.000923808
0.000922422
0.000921087
0.000919801
0.000918562
0.000917368
0.000916216
0.000915104
0.00091403
0.000912993
0.000911993
0.000911027
0.000910096
0.000909198
0.000994566
0.000989461
0.00098465
0.000980103
0.000975795
0.000971702
0.000967805
0.000964089
0.000960544
0.000957165
0.000953942
0.000950837
0.000947849
0.00094496
0.000942171
0.000939477
0.000936873
0.000934355
0.000931918
0.000929556
0.000927265
0.000925041
0.000922881
0.000920781
0.000918738
0.000916749
0.000914811
0.000912923
0.000911083
0.000909288
0.000907536
0.000905825
0.000904153
0.000902518
0.000900918
0.000899353
0.00089782
0.00089632
0.000894851
0.000893412
0.000994566
0.000989461
0.000984651
0.000980104
0.000975795
0.000971702
0.000967806
0.00096409
0.00096054
0.000957145
0.000953891
0.000950769
0.000947761
0.000944864
0.000942069
0.000939372
0.000936766
0.000934245
0.000931804
0.000929438
0.000927144
0.000924917
0.000922753
0.00092065
0.000918602
0.00091661
0.000914668
0.000912776
0.000910931
0.000909132
0.000907375
0.000905659
0.000903982
0.000902342
0.000900737
0.000899167
0.000897629
0.000896123
0.000894648
0.000893203
0.000994566
0.000989461
0.000984651
0.000980104
0.000975795
0.000971703
0.000967807
0.000964091
0.00096054
0.000957142
0.000953885
0.000950757
0.000947748
0.00094485
0.000942056
0.000939359
0.000936753
0.000934231
0.00093179
0.000929424
0.000927129
0.000924902
0.000922738
0.000920633
0.000918586
0.000916593
0.000914651
0.000912758
0.000910913
0.000909112
0.000907355
0.000905638
0.000903961
0.00090232
0.000900715
0.000899144
0.000897606
0.000896099
0.000894624
0.000893178
0.000994566
0.000989461
0.000984651
0.000980104
0.000975796
0.000971703
0.000967808
0.000964092
0.000960541
0.000957142
0.000953883
0.000950754
0.000947744
0.000944845
0.000942051
0.000939353
0.000936746
0.000934224
0.000931782
0.000929416
0.000927121
0.000924893
0.000922729
0.000920624
0.000918577
0.000916583
0.000914642
0.000912749
0.000910903
0.000909103
0.000907345
0.000905628
0.00090395
0.000902309
0.000900704
0.000899133
0.000897595
0.000896088
0.000894612
0.000893166
0.000994566
0.000989461
0.000984651
0.000980104
0.000975796
0.000971703
0.000967808
0.000964092
0.000960541
0.000957141
0.000953882
0.000950752
0.000947742
0.000944843
0.000942048
0.00093935
0.000936743
0.000934222
0.00093178
0.000929414
0.000927118
0.00092489
0.000922726
0.000920622
0.000918574
0.000916581
0.000914639
0.000912747
0.000910901
0.0009091
0.000907342
0.000905625
0.000903947
0.000902306
0.000900701
0.00089913
0.000897592
0.000896085
0.000894609
0.000893163
0.000994566
0.000989461
0.000984651
0.000980104
0.000975796
0.000971704
0.000967808
0.000964092
0.000960541
0.000957141
0.000953881
0.000950751
0.000947741
0.000944842
0.000942047
0.000939349
0.000936742
0.00093422
0.000931778
0.000929412
0.000927116
0.000924888
0.000922723
0.000920619
0.000918572
0.000916579
0.000914637
0.000912745
0.000910899
0.000909098
0.00090734
0.000905622
0.000903944
0.000902303
0.000900697
0.000899126
0.000897588
0.000896082
0.000894606
0.00089316
0.000994566
0.000989461
0.000984651
0.000980104
0.000975796
0.000971704
0.000967808
0.000964092
0.000960541
0.000957141
0.000953881
0.000950751
0.00094774
0.000944841
0.000942046
0.000939348
0.000936741
0.000934219
0.000931777
0.000929411
0.000927115
0.000924887
0.000922722
0.000920618
0.00091857
0.000916577
0.000914636
0.000912744
0.000910898
0.000909097
0.000907339
0.000905621
0.000903942
0.000902301
0.000900696
0.000899125
0.000897587
0.000896081
0.000894605
0.000893158
0.000994566
0.000989461
0.000984651
0.000980104
0.000975796
0.000971704
0.000967808
0.000964092
0.000960541
0.000957141
0.000953881
0.00095075
0.00094774
0.000944841
0.000942046
0.000939348
0.00093674
0.000934218
0.000931776
0.00092941
0.000927114
0.000924886
0.000922721
0.000920617
0.00091857
0.000916577
0.000914635
0.000912743
0.000910897
0.000909096
0.000907338
0.00090562
0.000903942
0.0009023
0.000900695
0.000899124
0.000897587
0.00089608
0.000894604
0.000893158
0.000994566
0.000989461
0.000984651
0.000980104
0.000975795
0.000971703
0.000967807
0.000964091
0.000960539
0.000957139
0.000953879
0.000950748
0.000947737
0.000944838
0.000942043
0.000939345
0.000936737
0.000934215
0.000931773
0.000929407
0.000927111
0.000924883
0.000922719
0.000920615
0.000918568
0.000916575
0.000914634
0.000912742
0.000910897
0.000909096
0.000907338
0.000905621
0.000903942
0.000902301
0.000900696
0.000899126
0.000897588
0.000896082
0.000894606
0.00089316
0.000994566
0.000989461
0.000984651
0.000980104
0.000975796
0.000971703
0.000967807
0.000964091
0.000960539
0.000957139
0.000953879
0.000950748
0.000947737
0.000944838
0.000942043
0.000939345
0.000936737
0.000934215
0.000931773
0.000929407
0.000927112
0.000924883
0.000922719
0.000920615
0.000918568
0.000916576
0.000914635
0.000912743
0.000910897
0.000909097
0.000907338
0.000905621
0.000903943
0.000902302
0.000900697
0.000899126
0.000897588
0.000896082
0.000894607
0.00089316
0.000994566
0.000989461
0.000984651
0.000980104
0.000975795
0.000971703
0.000967807
0.000964091
0.000960539
0.000957139
0.000953879
0.000950748
0.000947738
0.000944838
0.000942043
0.000939345
0.000936738
0.000934216
0.000931774
0.000929407
0.000927112
0.000924884
0.00092272
0.000920616
0.000918569
0.000916576
0.000914635
0.000912743
0.000910898
0.000909097
0.000907339
0.000905622
0.000903944
0.000902303
0.000900698
0.000899127
0.00089759
0.000896083
0.000894608
0.000893161
0.000994566
0.000989461
0.000984651
0.000980104
0.000975795
0.000971703
0.000967807
0.00096409
0.000960539
0.000957139
0.000953879
0.000950749
0.000947738
0.000944839
0.000942044
0.000939346
0.000936738
0.000934216
0.000931775
0.000929408
0.000927113
0.000924885
0.000922721
0.000920617
0.00091857
0.000916577
0.000914636
0.000912744
0.000910899
0.000909098
0.00090734
0.000905623
0.000903945
0.000902305
0.0009007
0.000899129
0.000897591
0.000896085
0.000894609
0.000893163
0.000994566
0.000989461
0.000984651
0.000980104
0.000975795
0.000971702
0.000967806
0.00096409
0.000960538
0.000957139
0.000953879
0.000950749
0.000947738
0.00094484
0.000942044
0.000939346
0.000936739
0.000934217
0.000931776
0.00092941
0.000927115
0.000924887
0.000922723
0.000920619
0.000918572
0.000916579
0.000914638
0.000912746
0.000910901
0.0009091
0.000907343
0.000905626
0.000903948
0.000902308
0.000900703
0.000899132
0.000897594
0.000896088
0.000894612
0.000893166
0.000994566
0.000989461
0.000984651
0.000980104
0.000975795
0.000971702
0.000967806
0.000964089
0.000960537
0.000957138
0.000953879
0.00095075
0.00094774
0.000944841
0.000942046
0.000939348
0.000936741
0.00093422
0.000931778
0.000929412
0.000927118
0.00092489
0.000922726
0.000920622
0.000918575
0.000916582
0.000914641
0.000912748
0.000910903
0.000909103
0.000907346
0.000905629
0.000903951
0.000902311
0.000900706
0.000899135
0.000897597
0.000896091
0.000894615
0.000893169
0.000994566
0.000989461
0.00098465
0.000980104
0.000975795
0.000971701
0.000967805
0.000964088
0.000960537
0.000957139
0.000953882
0.000950755
0.000947746
0.000944849
0.000942055
0.000939358
0.000936751
0.000934231
0.00093179
0.000929425
0.000927132
0.000924905
0.000922742
0.000920639
0.000918593
0.000916601
0.00091466
0.000912769
0.000910925
0.000909126
0.00090737
0.000905655
0.000903979
0.00090234
0.000900736
0.000899167
0.00089763
0.000896125
0.000894651
0.000893206
0.000994566
0.000989461
0.00098465
0.000980103
0.000975794
0.000971701
0.000967804
0.000964087
0.00096054
0.000957157
0.000953921
0.000950796
0.000947792
0.000944897
0.000942107
0.000939414
0.000936813
0.000934299
0.000931866
0.000929509
0.000927225
0.000925008
0.000922856
0.000920765
0.000918731
0.000916752
0.000914826
0.00091295
0.000911122
0.000909341
0.000907604
0.000905909
0.000904253
0.000902636
0.000901055
0.000899509
0.000897998
0.00089652
0.000895074
0.000893659
0.000994566
0.000989461
0.00098465
0.000980103
0.000975794
0.0009717
0.000967803
0.00096409
0.000960563
0.000958804
0.000955548
0.000952461
0.000948999
0.000946806
0.000944947
0.000943138
0.000941413
0.00093979
0.000938259
0.00093681
0.000935438
0.000934138
0.000932906
0.000931738
0.000930632
0.000929585
0.000928594
0.000927657
0.000926774
0.00092594
0.000925156
0.000924417
0.000923723
0.000923071
0.000922459
0.000921888
0.000921355
0.00092086
0.000920403
0.000919985
0.000994566
0.000989461
0.00098465
0.000980103
0.000975793
0.000971699
0.000967803
0.000964093
0.000962254
0.000959109
0.000968932
0.000976547
0.0009772
0.00124602
0.00124325
0.00124051
0.00123786
0.00123531
0.00123285
0.00123048
0.0012282
0.001226
0.00122387
0.00122183
0.00121985
0.00121794
0.0012161
0.00121432
0.0012126
0.00121093
0.00120932
0.00120776
0.00120625
0.00120479
0.00120337
0.00120199
0.00120065
0.00119935
0.00119809
0.00119687
0.000994566
0.000989461
0.00098465
0.000980103
0.000975794
0.0009717
0.000967803
0.000964095
0.000962274
0.000959649
0.000502875
4.85374e-05
0.00154768
0.00125344
0.00124877
0.00124416
0.00123967
0.00123533
0.00123112
0.00122705
0.0012231
0.00121926
0.00121552
0.0012119
0.00120837
0.00120493
0.00120159
0.00119833
0.00119516
0.00119207
0.00118906
0.00118612
0.00118325
0.00118045
0.00117771
0.00117504
0.00117243
0.00116989
0.0011674
0.00116498
0.000994566
0.000989461
0.00098465
0.000980103
0.000975794
0.0009717
0.000967804
0.000964093
0.000960572
0.000958883
0.000957199
0.000956337
0.000950234
0.000948014
0.00094579
0.000943607
0.000941506
0.000939493
0.000937563
0.000935714
0.000933943
0.000932246
0.000930619
0.000929058
0.000927562
0.000926126
0.000924748
0.000923427
0.00092216
0.000920945
0.000919779
0.000918661
0.000917588
0.000916557
0.000915567
0.000914616
0.000913704
0.00091283
0.000911993
0.000911192
0.000994566
0.000989461
0.00098465
0.000980103
0.000975795
0.000971701
0.000967805
0.000964089
0.000960545
0.000957169
0.000953953
0.000950851
0.000947869
0.000944982
0.000942194
0.000939499
0.000936895
0.000934376
0.000931937
0.000929573
0.000927281
0.000925055
0.000922893
0.000920791
0.000918746
0.000916755
0.000914815
0.000912925
0.000911083
0.000909286
0.000907532
0.000905819
0.000904144
0.000902507
0.000900905
0.000899337
0.000897803
0.0008963
0.000894829
0.000893387
0.000994566
0.000989461
0.00098465
0.000980104
0.000975795
0.000971702
0.000967806
0.00096409
0.00096054
0.000957145
0.000953893
0.000950771
0.000947763
0.000944865
0.000942071
0.000939373
0.000936766
0.000934245
0.000931804
0.000929438
0.000927144
0.000924917
0.000922754
0.00092065
0.000918603
0.00091661
0.000914668
0.000912776
0.000910931
0.000909132
0.000907375
0.000905659
0.000903982
0.000902342
0.000900738
0.000899167
0.00089763
0.000896124
0.000894649
0.000893204
0.000994566
0.000989461
0.000984651
0.000980104
0.000975795
0.000971703
0.000967807
0.000964091
0.00096054
0.000957142
0.000953885
0.000950757
0.000947749
0.000944851
0.000942057
0.00093936
0.000936754
0.000934233
0.000931791
0.000929426
0.000927131
0.000924904
0.00092274
0.000920635
0.000918588
0.000916594
0.000914652
0.00091276
0.000910914
0.000909114
0.000907356
0.00090564
0.000903962
0.000902322
0.000900717
0.000899146
0.000897608
0.000896101
0.000894625
0.000893179
0.000994566
0.000989461
0.000984651
0.000980104
0.000975796
0.000971703
0.000967808
0.000964092
0.000960541
0.000957142
0.000953883
0.000950754
0.000947744
0.000944846
0.000942051
0.000939353
0.000936746
0.000934224
0.000931782
0.000929416
0.000927121
0.000924893
0.000922729
0.000920624
0.000918577
0.000916583
0.000914642
0.000912749
0.000910903
0.000909102
0.000907345
0.000905628
0.00090395
0.000902309
0.000900704
0.000899133
0.000897595
0.000896088
0.000894612
0.000893166
0.000994566
0.000989461
0.000984651
0.000980104
0.000975796
0.000971703
0.000967808
0.000964092
0.000960541
0.000957141
0.000953882
0.000950752
0.000947742
0.000944843
0.000942048
0.00093935
0.000936743
0.000934222
0.00093178
0.000929414
0.000927119
0.000924891
0.000922726
0.000920622
0.000918575
0.000916581
0.00091464
0.000912747
0.000910901
0.0009091
0.000907342
0.000905625
0.000903947
0.000902306
0.000900701
0.00089913
0.000897592
0.000896085
0.000894609
0.000893163
0.000994566
0.000989461
0.000984651
0.000980104
0.000975796
0.000971704
0.000967808
0.000964092
0.000960541
0.000957141
0.000953882
0.000950751
0.000947741
0.000944842
0.000942047
0.000939349
0.000936742
0.00093422
0.000931778
0.000929412
0.000927116
0.000924888
0.000922724
0.000920619
0.000918572
0.000916579
0.000914637
0.000912744
0.000910899
0.000909098
0.000907339
0.000905622
0.000903944
0.000902303
0.000900697
0.000899127
0.000897589
0.000896082
0.000894606
0.00089316
0.000994566
0.000989461
0.000984651
0.000980104
0.000975796
0.000971704
0.000967808
0.000964092
0.000960541
0.000957141
0.000953881
0.000950751
0.00094774
0.000944841
0.000942046
0.000939348
0.000936741
0.000934219
0.000931777
0.000929411
0.000927115
0.000924887
0.000922722
0.000920618
0.000918571
0.000916578
0.000914636
0.000912744
0.000910898
0.000909097
0.000907338
0.000905621
0.000903942
0.000902301
0.000900696
0.000899125
0.000897587
0.000896081
0.000894605
0.000893158
0.000994566
0.000989461
0.000984651
0.000980104
0.000975796
0.000971704
0.000967808
0.000964092
0.000960541
0.000957141
0.000953881
0.00095075
0.00094774
0.000944841
0.000942046
0.000939348
0.00093674
0.000934218
0.000931776
0.00092941
0.000927114
0.000924886
0.000922721
0.000920617
0.00091857
0.000916577
0.000914635
0.000912743
0.000910897
0.000909096
0.000907338
0.00090562
0.000903942
0.0009023
0.000900695
0.000899125
0.000897587
0.00089608
0.000894604
0.000893158
0.000994566
0.000989461
0.000984651
0.000980104
0.000975795
0.000971703
0.000967807
0.000964091
0.000960539
0.000957139
0.000953879
0.000950748
0.000947737
0.000944838
0.000942043
0.000939345
0.000936737
0.000934215
0.000931773
0.000929407
0.000927111
0.000924883
0.000922719
0.000920615
0.000918568
0.000916575
0.000914634
0.000912742
0.000910897
0.000909096
0.000907338
0.000905621
0.000903942
0.000902301
0.000900696
0.000899126
0.000897588
0.000896082
0.000894607
0.00089316
0.000994566
0.000989461
0.000984651
0.000980104
0.000975796
0.000971703
0.000967807
0.000964091
0.000960539
0.000957139
0.000953879
0.000950748
0.000947737
0.000944838
0.000942043
0.000939345
0.000936737
0.000934215
0.000931773
0.000929407
0.000927112
0.000924883
0.000922719
0.000920615
0.000918568
0.000916576
0.000914635
0.000912743
0.000910897
0.000909097
0.000907338
0.000905621
0.000903943
0.000902302
0.000900697
0.000899126
0.000897589
0.000896083
0.000894607
0.00089316
0.000994566
0.000989461
0.000984651
0.000980104
0.000975795
0.000971703
0.000967807
0.000964091
0.000960539
0.000957139
0.000953879
0.000950748
0.000947738
0.000944838
0.000942043
0.000939345
0.000936738
0.000934216
0.000931774
0.000929407
0.000927112
0.000924884
0.00092272
0.000920616
0.000918569
0.000916576
0.000914635
0.000912743
0.000910898
0.000909097
0.000907339
0.000905622
0.000903944
0.000902303
0.000900698
0.000899127
0.00089759
0.000896084
0.000894608
0.000893161
0.000994566
0.000989461
0.000984651
0.000980104
0.000975795
0.000971703
0.000967807
0.00096409
0.000960539
0.000957139
0.000953879
0.000950749
0.000947738
0.000944839
0.000942044
0.000939346
0.000936738
0.000934216
0.000931774
0.000929408
0.000927113
0.000924885
0.000922721
0.000920617
0.00091857
0.000916577
0.000914636
0.000912744
0.000910899
0.000909098
0.00090734
0.000905623
0.000903945
0.000902305
0.0009007
0.000899129
0.000897591
0.000896085
0.000894609
0.000893163
0.000994566
0.000989461
0.000984651
0.000980104
0.000975795
0.000971702
0.000967806
0.00096409
0.000960538
0.000957139
0.000953879
0.000950749
0.000947738
0.00094484
0.000942044
0.000939346
0.000936739
0.000934217
0.000931776
0.00092941
0.000927115
0.000924887
0.000922723
0.000920619
0.000918572
0.000916579
0.000914638
0.000912746
0.000910901
0.0009091
0.000907343
0.000905626
0.000903948
0.000902308
0.000900703
0.000899132
0.000897594
0.000896088
0.000894612
0.000893166
0.000994566
0.000989461
0.000984651
0.000980104
0.000975795
0.000971702
0.000967806
0.000964089
0.000960538
0.000957138
0.000953879
0.00095075
0.00094774
0.000944841
0.000942046
0.000939348
0.000936741
0.00093422
0.000931778
0.000929412
0.000927118
0.00092489
0.000922726
0.000920622
0.000918575
0.000916582
0.000914641
0.000912748
0.000910903
0.000909103
0.000907346
0.000905629
0.000903952
0.000902311
0.000900706
0.000899135
0.000897597
0.00089609
0.000894615
0.000893169
0.000994566
0.000989461
0.00098465
0.000980103
0.000975795
0.000971701
0.000967805
0.000964088
0.000960537
0.000957139
0.000953882
0.000950755
0.000947746
0.000944849
0.000942055
0.000939358
0.000936751
0.00093423
0.00093179
0.000929425
0.000927132
0.000924905
0.000922742
0.000920639
0.000918593
0.000916601
0.00091466
0.000912769
0.000910925
0.000909126
0.00090737
0.000905655
0.000903979
0.00090234
0.000900736
0.000899166
0.000897629
0.000896124
0.00089465
0.000893206
0.000994566
0.000989461
0.00098465
0.000980103
0.000975794
0.000971701
0.000967804
0.000964087
0.00096054
0.000957157
0.000953921
0.000950796
0.000947792
0.000944897
0.000942107
0.000939414
0.000936813
0.000934299
0.000931866
0.000929509
0.000927225
0.000925008
0.000922856
0.000920764
0.00091873
0.000916751
0.000914825
0.000912949
0.000911122
0.000909341
0.000907603
0.000905908
0.000904252
0.000902635
0.000901053
0.000899508
0.000897996
0.000896518
0.000895071
0.000893657
0.000994566
0.000989461
0.00098465
0.000980103
0.000975794
0.0009717
0.000967803
0.00096409
0.000960563
0.000958805
0.000955554
0.000952475
0.000948999
0.000946804
0.000944942
0.000943131
0.000941403
0.000939777
0.000938243
0.000936791
0.000935415
0.000934111
0.000932875
0.000931704
0.000930594
0.000929543
0.000928549
0.000927609
0.000926722
0.000925885
0.000925097
0.000924355
0.000923657
0.000923001
0.000922385
0.00092181
0.000921273
0.000920775
0.000920314
0.000919893
0.000994566
0.000989461
0.00098465
0.000980103
0.000975793
0.000971699
0.000967803
0.000964093
0.000962254
0.000959119
0.000969004
0.000976665
0.000977368
0.00124598
0.00124321
0.00124048
0.00123783
0.00123528
0.00123282
0.00123045
0.00122817
0.00122597
0.00122385
0.0012218
0.00121982
0.00121792
0.00121608
0.0012143
0.00121258
0.00121092
0.00120931
0.00120775
0.00120624
0.00120478
0.00120336
0.00120198
0.00120064
0.00119935
0.00119809
0.00119687
0.000994566
0.000989461
0.00098465
0.000980103
0.000975793
0.0009717
0.000967803
0.000964095
0.000962275
0.000959663
0.000500056
4.8461e-05
0.00154709
0.0012535
0.00124883
0.00124422
0.00123973
0.00123539
0.00123119
0.00122712
0.00122317
0.00121933
0.0012156
0.00121197
0.00120845
0.00120502
0.00120167
0.00119842
0.00119525
0.00119216
0.00118915
0.00118621
0.00118334
0.00118054
0.00117781
0.00117514
0.00117253
0.00116999
0.0011675
0.00116508
0.000994566
0.000989461
0.00098465
0.000980103
0.000975794
0.0009717
0.000967804
0.000964093
0.000960572
0.000958885
0.000957251
0.00095643
0.000950234
0.000948014
0.000945789
0.000943607
0.000941506
0.000939493
0.000937563
0.000935714
0.000933943
0.000932246
0.000930619
0.000929059
0.000927562
0.000926126
0.000924749
0.000923428
0.000922161
0.000920947
0.000919782
0.000918664
0.00091759
0.00091656
0.00091557
0.00091462
0.000913709
0.000912836
0.000911999
0.000911199
0.000994566
0.000989461
0.00098465
0.000980103
0.000975795
0.000971701
0.000967805
0.000964089
0.000960545
0.000957169
0.000953953
0.000950851
0.000947869
0.000944982
0.000942193
0.000939499
0.000936895
0.000934375
0.000931936
0.000929573
0.00092728
0.000925055
0.000922893
0.000920791
0.000918746
0.000916755
0.000914815
0.000912926
0.000911083
0.000909286
0.000907532
0.000905819
0.000904144
0.000902507
0.000900905
0.000899338
0.000897803
0.0008963
0.000894829
0.000893387
0.000994566
0.000989461
0.00098465
0.000980104
0.000975795
0.000971702
0.000967806
0.00096409
0.000960541
0.000957145
0.000953893
0.000950771
0.000947763
0.000944865
0.000942071
0.000939373
0.000936766
0.000934245
0.000931804
0.000929438
0.000927144
0.000924917
0.000922754
0.00092065
0.000918603
0.00091661
0.000914668
0.000912776
0.000910931
0.000909132
0.000907375
0.000905659
0.000903982
0.000902342
0.000900738
0.000899167
0.000897629
0.000896124
0.000894649
0.000893203
0.000994566
0.000989461
0.000984651
0.000980104
0.000975795
0.000971703
0.000967807
0.000964091
0.00096054
0.000957142
0.000953885
0.000950757
0.000947749
0.000944851
0.000942057
0.00093936
0.000936754
0.000934233
0.000931791
0.000929426
0.000927131
0.000924904
0.00092274
0.000920635
0.000918588
0.000916594
0.000914652
0.00091276
0.000910914
0.000909114
0.000907357
0.00090564
0.000903962
0.000902322
0.000900717
0.000899146
0.000897607
0.000896101
0.000894625
0.000893179
0.000994566
0.000989461
0.000984651
0.000980104
0.000975796
0.000971703
0.000967808
0.000964092
0.000960541
0.000957142
0.000953883
0.000950754
0.000947744
0.000944846
0.000942051
0.000939353
0.000936746
0.000934224
0.000931782
0.000929416
0.000927121
0.000924893
0.000922729
0.000920624
0.000918577
0.000916583
0.000914642
0.000912749
0.000910903
0.000909103
0.000907345
0.000905628
0.00090395
0.000902309
0.000900704
0.000899133
0.000897594
0.000896088
0.000894612
0.000893166
0.000994566
0.000989461
0.000984651
0.000980104
0.000975796
0.000971703
0.000967808
0.000964092
0.000960541
0.000957141
0.000953882
0.000950752
0.000947742
0.000944843
0.000942048
0.00093935
0.000936743
0.000934222
0.00093178
0.000929414
0.000927119
0.000924891
0.000922726
0.000920622
0.000918575
0.000916581
0.00091464
0.000912747
0.000910901
0.000909101
0.000907342
0.000905625
0.000903947
0.000902306
0.000900701
0.00089913
0.000897592
0.000896085
0.000894609
0.000893163
0.000994566
0.000989461
0.000984651
0.000980104
0.000975796
0.000971704
0.000967808
0.000964092
0.000960541
0.000957141
0.000953882
0.000950751
0.000947741
0.000944842
0.000942047
0.000939349
0.000936742
0.00093422
0.000931778
0.000929412
0.000927116
0.000924888
0.000922724
0.000920619
0.000918572
0.000916579
0.000914637
0.000912744
0.000910899
0.000909098
0.000907339
0.000905622
0.000903944
0.000902303
0.000900698
0.000899127
0.000897589
0.000896082
0.000894606
0.00089316
0.000994566
0.000989461
0.000984651
0.000980104
0.000975796
0.000971704
0.000967808
0.000964092
0.000960541
0.000957141
0.000953881
0.000950751
0.00094774
0.000944841
0.000942046
0.000939348
0.000936741
0.000934219
0.000931777
0.000929411
0.000927115
0.000924887
0.000922722
0.000920618
0.000918571
0.000916578
0.000914636
0.000912744
0.000910898
0.000909097
0.000907338
0.000905621
0.000903942
0.000902301
0.000900696
0.000899125
0.000897587
0.000896081
0.000894605
0.000893158
0.000994566
0.000989461
0.000984651
0.000980104
0.000975796
0.000971704
0.000967808
0.000964092
0.000960541
0.000957141
0.000953881
0.00095075
0.00094774
0.000944841
0.000942046
0.000939348
0.00093674
0.000934218
0.000931776
0.00092941
0.000927114
0.000924886
0.000922722
0.000920617
0.00091857
0.000916577
0.000914635
0.000912743
0.000910897
0.000909096
0.000907338
0.00090562
0.000903942
0.000902301
0.000900695
0.000899125
0.000897587
0.00089608
0.000894604
0.000893158
0.000994566
0.000989461
0.000984651
0.000980104
0.000975795
0.000971703
0.000967807
0.000964091
0.000960539
0.000957139
0.000953879
0.000950748
0.000947737
0.000944838
0.000942043
0.000939345
0.000936737
0.000934215
0.000931773
0.000929407
0.000927111
0.000924883
0.000922719
0.000920615
0.000918568
0.000916575
0.000914634
0.000912742
0.000910897
0.000909096
0.000907338
0.000905621
0.000903942
0.000902301
0.000900696
0.000899126
0.000897588
0.000896082
0.000894607
0.00089316
0.000994566
0.000989461
0.000984651
0.000980104
0.000975796
0.000971703
0.000967807
0.000964091
0.000960539
0.000957139
0.000953879
0.000950748
0.000947737
0.000944838
0.000942043
0.000939345
0.000936737
0.000934215
0.000931773
0.000929407
0.000927112
0.000924883
0.000922719
0.000920615
0.000918568
0.000916576
0.000914635
0.000912743
0.000910897
0.000909097
0.000907338
0.000905621
0.000903943
0.000902302
0.000900697
0.000899126
0.000897589
0.000896082
0.000894607
0.00089316
0.000994566
0.000989461
0.000984651
0.000980104
0.000975795
0.000971703
0.000967807
0.000964091
0.000960539
0.000957139
0.000953879
0.000950748
0.000947738
0.000944838
0.000942043
0.000939345
0.000936738
0.000934216
0.000931774
0.000929407
0.000927112
0.000924884
0.00092272
0.000920616
0.000918569
0.000916576
0.000914635
0.000912743
0.000910898
0.000909097
0.000907339
0.000905622
0.000903944
0.000902303
0.000900698
0.000899127
0.00089759
0.000896083
0.000894608
0.000893161
0.000994566
0.000989461
0.000984651
0.000980104
0.000975795
0.000971703
0.000967807
0.00096409
0.000960539
0.000957139
0.000953879
0.000950749
0.000947738
0.000944839
0.000942044
0.000939346
0.000936738
0.000934216
0.000931774
0.000929408
0.000927113
0.000924885
0.000922721
0.000920617
0.00091857
0.000916577
0.000914636
0.000912744
0.000910899
0.000909098
0.000907341
0.000905624
0.000903946
0.000902305
0.0009007
0.000899129
0.000897591
0.000896085
0.000894609
0.000893163
0.000994566
0.000989461
0.000984651
0.000980104
0.000975795
0.000971702
0.000967806
0.00096409
0.000960538
0.000957139
0.000953879
0.000950749
0.000947738
0.00094484
0.000942044
0.000939346
0.000936739
0.000934217
0.000931776
0.000929409
0.000927115
0.000924887
0.000922723
0.000920619
0.000918572
0.000916579
0.000914638
0.000912746
0.0009109
0.0009091
0.000907343
0.000905626
0.000903948
0.000902308
0.000900703
0.000899132
0.000897594
0.000896087
0.000894611
0.000893166
0.000994566
0.000989461
0.000984651
0.000980104
0.000975795
0.000971702
0.000967806
0.000964089
0.000960538
0.000957138
0.000953879
0.00095075
0.00094774
0.000944841
0.000942046
0.000939348
0.000936741
0.00093422
0.000931778
0.000929413
0.000927118
0.000924891
0.000922727
0.000920623
0.000918576
0.000916583
0.000914641
0.000912749
0.000910904
0.000909104
0.000907347
0.000905631
0.000903953
0.000902313
0.000900708
0.000899137
0.000897598
0.000896092
0.000894617
0.000893171
0.000994566
0.000989461
0.00098465
0.000980104
0.000975795
0.000971701
0.000967805
0.000964088
0.000960537
0.000957139
0.000953882
0.000950754
0.000947745
0.000944848
0.000942053
0.000939356
0.00093675
0.000934229
0.000931788
0.000929423
0.000927129
0.000924903
0.000922739
0.000920636
0.000918589
0.000916597
0.000914656
0.000912765
0.000910921
0.000909122
0.000907366
0.00090565
0.000903974
0.000902334
0.00090073
0.00089916
0.000897622
0.000896117
0.000894643
0.000893198
0.000994566
0.000989461
0.00098465
0.000980103
0.000975794
0.000971701
0.000967804
0.000964087
0.000960539
0.000957154
0.000953915
0.00095079
0.000947786
0.000944892
0.000942102
0.000939409
0.000936808
0.000934293
0.000931859
0.000929502
0.000927216
0.000924998
0.000922844
0.00092075
0.000918714
0.000916732
0.000914803
0.000912924
0.000911093
0.000909308
0.000907566
0.000905866
0.000904205
0.000902581
0.000900994
0.000899442
0.000897923
0.000896437
0.000894983
0.00089356
0.000994566
0.000989461
0.00098465
0.000980103
0.000975794
0.0009717
0.000967803
0.00096409
0.00096056
0.0009588
0.000955533
0.000952436
0.000948822
0.000946519
0.000944522
0.000942581
0.000940724
0.000938964
0.000937295
0.000935705
0.000934191
0.000932748
0.000931373
0.000930061
0.000928811
0.000927618
0.000926482
0.000925401
0.000924371
0.000923392
0.00092246
0.000921575
0.000920733
0.000919934
0.000919175
0.000918457
0.000917777
0.000917136
0.000916533
0.000915969
0.000994566
0.000989461
0.00098465
0.000980103
0.000975793
0.0009717
0.000967803
0.000964093
0.000962252
0.000959082
0.000968733
0.000976195
0.000976678
0.00124304
0.00124035
0.0012377
0.00123514
0.00123268
0.00123033
0.00122806
0.00122588
0.00122379
0.00122179
0.00121986
0.001218
0.00121622
0.0012145
0.00121285
0.00121127
0.00120974
0.00120827
0.00120686
0.0012055
0.00120418
0.00120292
0.0012017
0.00120053
0.0011994
0.00119832
0.00119727
0.000994566
0.000989461
0.00098465
0.000980103
0.000975794
0.0009717
0.000967803
0.000964094
0.000962271
0.000959609
0.000506323
4.85345e-05
0.00154949
0.00125429
0.00124998
0.00124573
0.00124161
0.00123765
0.00123384
0.00123016
0.0012266
0.00122317
0.00121985
0.00121665
0.00121354
0.00121054
0.00120763
0.00120482
0.00120209
0.00119945
0.00119689
0.00119441
0.00119201
0.00118967
0.00118741
0.00118522
0.00118309
0.00118103
0.00117903
0.0011771
0.000994566
0.000989461
0.00098465
0.000980103
0.000975794
0.000971701
0.000967804
0.000964092
0.000960568
0.000958874
0.000957102
0.000956105
0.000949948
0.000947684
0.000945427
0.000943215
0.000941082
0.000939033
0.000937066
0.000935176
0.000933361
0.000931617
0.000929941
0.000928329
0.000926778
0.000925285
0.000923848
0.000922465
0.000921133
0.000919851
0.000918615
0.000917424
0.000916276
0.000915167
0.000914097
0.000913064
0.000912067
0.000911105
0.000910178
0.000909284
0.000994566
0.000989461
0.00098465
0.000980103
0.000975795
0.000971701
0.000967805
0.000964089
0.000960544
0.000957165
0.000953942
0.000950838
0.000947849
0.00094496
0.000942171
0.000939477
0.000936873
0.000934355
0.000931917
0.000929555
0.000927264
0.000925041
0.000922881
0.00092078
0.000918737
0.000916748
0.000914811
0.000912923
0.000911083
0.000909288
0.000907536
0.000905825
0.000904153
0.000902517
0.000900918
0.000899352
0.00089782
0.00089632
0.000894851
0.000893412
0.000994566
0.000989461
0.00098465
0.000980104
0.000975795
0.000971702
0.000967806
0.00096409
0.00096054
0.000957145
0.000953891
0.000950769
0.000947761
0.000944863
0.000942069
0.000939372
0.000936766
0.000934245
0.000931804
0.000929438
0.000927144
0.000924917
0.000922753
0.00092065
0.000918602
0.000916609
0.000914668
0.000912776
0.000910931
0.000909132
0.000907375
0.000905659
0.000903982
0.000902342
0.000900737
0.000899166
0.000897629
0.000896123
0.000894648
0.000893203
0.000994566
0.000989461
0.000984651
0.000980104
0.000975795
0.000971703
0.000967807
0.000964091
0.000960541
0.000957142
0.000953885
0.000950757
0.000947748
0.00094485
0.000942056
0.000939359
0.000936753
0.000934231
0.00093179
0.000929424
0.00092713
0.000924902
0.000922738
0.000920633
0.000918586
0.000916593
0.000914651
0.000912758
0.000910913
0.000909113
0.000907355
0.000905638
0.000903961
0.00090232
0.000900715
0.000899144
0.000897606
0.000896099
0.000894623
0.000893178
0.000994566
0.000989461
0.000984651
0.000980104
0.000975796
0.000971703
0.000967808
0.000964092
0.000960541
0.000957142
0.000953883
0.000950753
0.000947744
0.000944845
0.000942051
0.000939353
0.000936746
0.000934224
0.000931782
0.000929416
0.000927121
0.000924893
0.000922729
0.000920624
0.000918577
0.000916583
0.000914642
0.000912749
0.000910903
0.000909103
0.000907345
0.000905628
0.00090395
0.000902309
0.000900704
0.000899133
0.000897594
0.000896088
0.000894612
0.000893166
0.000994566
0.000989461
0.000984651
0.000980104
0.000975796
0.000971703
0.000967808
0.000964092
0.000960541
0.000957141
0.000953882
0.000950752
0.000947742
0.000944843
0.000942048
0.00093935
0.000936743
0.000934222
0.00093178
0.000929414
0.000927118
0.000924891
0.000922726
0.000920622
0.000918574
0.000916581
0.000914639
0.000912747
0.000910901
0.0009091
0.000907342
0.000905625
0.000903947
0.000902306
0.000900701
0.00089913
0.000897591
0.000896085
0.000894609
0.000893163
0.000994566
0.000989461
0.000984651
0.000980104
0.000975796
0.000971704
0.000967808
0.000964092
0.000960541
0.000957141
0.000953881
0.000950751
0.000947741
0.000944842
0.000942047
0.000939349
0.000936742
0.00093422
0.000931778
0.000929412
0.000927116
0.000924888
0.000922724
0.000920619
0.000918572
0.000916579
0.000914637
0.000912744
0.000910899
0.000909098
0.00090734
0.000905622
0.000903944
0.000902303
0.000900697
0.000899126
0.000897588
0.000896082
0.000894606
0.00089316
0.000994566
0.000989461
0.000984651
0.000980104
0.000975796
0.000971704
0.000967808
0.000964092
0.000960541
0.000957141
0.000953881
0.000950751
0.00094774
0.000944841
0.000942046
0.000939348
0.000936741
0.000934219
0.000931777
0.000929411
0.000927115
0.000924887
0.000922722
0.000920618
0.000918571
0.000916577
0.000914636
0.000912743
0.000910898
0.000909097
0.000907338
0.000905621
0.000903942
0.000902301
0.000900696
0.000899125
0.000897587
0.000896081
0.000894605
0.000893158
0.000994566
0.000989461
0.000984651
0.000980104
0.000975796
0.000971704
0.000967808
0.000964092
0.000960541
0.000957141
0.000953881
0.00095075
0.00094774
0.000944841
0.000942046
0.000939348
0.00093674
0.000934218
0.000931776
0.00092941
0.000927114
0.000924886
0.000922721
0.000920617
0.00091857
0.000916577
0.000914635
0.000912743
0.000910897
0.000909096
0.000907338
0.00090562
0.000903942
0.000902301
0.000900695
0.000899125
0.000897587
0.00089608
0.000894604
0.000893158
0.000994566
0.000989461
0.000984651
0.000980104
0.000975795
0.000971703
0.000967807
0.000964091
0.000960539
0.000957139
0.000953879
0.000950748
0.000947737
0.000944838
0.000942043
0.000939345
0.000936737
0.000934215
0.000931773
0.000929407
0.000927111
0.000924883
0.000922719
0.000920615
0.000918568
0.000916575
0.000914634
0.000912742
0.000910897
0.000909096
0.000907338
0.000905621
0.000903943
0.000902302
0.000900697
0.000899126
0.000897588
0.000896082
0.000894606
0.00089316
0.000994566
0.000989461
0.000984651
0.000980104
0.000975796
0.000971703
0.000967807
0.000964091
0.000960539
0.000957139
0.000953879
0.000950748
0.000947737
0.000944838
0.000942043
0.000939345
0.000936737
0.000934215
0.000931773
0.000929407
0.000927112
0.000924883
0.000922719
0.000920615
0.000918568
0.000916575
0.000914634
0.000912742
0.000910897
0.000909097
0.000907339
0.000905621
0.000903943
0.000902302
0.000900697
0.000899126
0.000897588
0.000896082
0.000894606
0.00089316
0.000994566
0.000989461
0.000984651
0.000980104
0.000975795
0.000971703
0.000967807
0.000964091
0.000960539
0.000957139
0.000953879
0.000950748
0.000947738
0.000944838
0.000942043
0.000939345
0.000936738
0.000934216
0.000931774
0.000929407
0.000927112
0.000924884
0.00092272
0.000920616
0.000918569
0.000916576
0.000914635
0.000912743
0.000910898
0.000909097
0.000907339
0.000905622
0.000903944
0.000902303
0.000900698
0.000899127
0.000897589
0.000896083
0.000894607
0.000893161
0.000994566
0.000989461
0.000984651
0.000980104
0.000975795
0.000971703
0.000967807
0.00096409
0.000960539
0.000957139
0.000953879
0.000950749
0.000947738
0.000944839
0.000942044
0.000939346
0.000936738
0.000934216
0.000931774
0.000929408
0.000927113
0.000924885
0.000922721
0.000920617
0.00091857
0.000916577
0.000914636
0.000912744
0.000910899
0.000909099
0.000907341
0.000905624
0.000903946
0.000902305
0.0009007
0.000899129
0.000897591
0.000896085
0.000894609
0.000893163
0.000994566
0.000989461
0.000984651
0.000980104
0.000975795
0.000971703
0.000967806
0.00096409
0.000960538
0.000957139
0.000953879
0.000950749
0.000947738
0.000944839
0.000942044
0.000939346
0.000936739
0.000934217
0.000931776
0.000929409
0.000927114
0.000924887
0.000922722
0.000920618
0.000918571
0.000916578
0.000914637
0.000912745
0.0009109
0.0009091
0.000907342
0.000905626
0.000903948
0.000902307
0.000900702
0.000899131
0.000897592
0.000896086
0.00089461
0.000893165
0.000994566
0.000989461
0.000984651
0.000980104
0.000975795
0.000971702
0.000967806
0.000964089
0.000960538
0.000957138
0.000953879
0.00095075
0.00094774
0.000944841
0.000942046
0.000939348
0.000936741
0.00093422
0.000931778
0.000929413
0.000927118
0.000924891
0.000922727
0.000920623
0.000918576
0.000916583
0.000914642
0.00091275
0.000910905
0.000909106
0.000907348
0.000905632
0.000903954
0.000902314
0.000900709
0.000899138
0.0008976
0.000896094
0.000894618
0.000893173
0.000994566
0.000989461
0.00098465
0.000980104
0.000975795
0.000971702
0.000967805
0.000964088
0.000960537
0.000957139
0.000953881
0.000950753
0.000947744
0.000944845
0.000942051
0.000939353
0.000936746
0.000934225
0.000931784
0.000929418
0.000927124
0.000924896
0.000922733
0.000920629
0.000918581
0.000916589
0.000914647
0.000912756
0.000910911
0.000909111
0.000907354
0.000905638
0.00090396
0.00090232
0.000900714
0.000899143
0.000897605
0.000896099
0.000894624
0.000893179
0.000994566
0.000989461
0.00098465
0.000980103
0.000975794
0.000971701
0.000967804
0.000964087
0.000960538
0.000957148
0.000953903
0.000950777
0.000947774
0.000944881
0.00094209
0.000939396
0.000936792
0.000934274
0.000931837
0.000929475
0.000927185
0.000924962
0.000922802
0.000920703
0.00091866
0.000916672
0.000914736
0.000912849
0.00091101
0.000909216
0.000907464
0.000905753
0.000904081
0.000902446
0.000900847
0.000899282
0.000897751
0.000896251
0.000894783
0.000893345
0.000994566
0.000989461
0.00098465
0.000980103
0.000975794
0.0009717
0.000967803
0.000964088
0.000960553
0.00095879
0.000955478
0.000952328
0.000948309
0.00094553
0.000942927
0.000940387
0.000937925
0.000935552
0.000933262
0.000931049
0.000928909
0.000926838
0.000924834
0.000922892
0.000921011
0.000919187
0.000917419
0.000915704
0.000914041
0.000912426
0.000910859
0.000909337
0.000907858
0.00090642
0.000905022
0.000903664
0.000902343
0.00090106
0.000899813
0.000898603
0.000994566
0.000989461
0.00098465
0.000980103
0.000975794
0.0009717
0.000967803
0.000964091
0.000962247
0.000958959
0.000966543
0.000973228
0.000972475
0.00121908
0.00121651
0.00121401
0.00121162
0.00120934
0.00120717
0.0012051
0.00120313
0.00120125
0.00119946
0.00119776
0.00119615
0.00119461
0.00119315
0.00119176
0.00119044
0.00118919
0.00118801
0.00118689
0.00118583
0.00118483
0.00118389
0.001183
0.00118216
0.00118138
0.00118065
0.00117998
0.000994566
0.000989461
0.00098465
0.000980103
0.000975794
0.0009717
0.000967803
0.000964091
0.000962261
0.000959396
0.00053483
4.85522e-05
0.00155668
0.00123324
0.00122985
0.00122663
0.00122361
0.00122081
0.00121819
0.00121573
0.00121342
0.00121124
0.00120918
0.00120724
0.0012054
0.00120367
0.00120204
0.0012005
0.00119905
0.00119768
0.00119639
0.00119518
0.00119405
0.00119298
0.00119198
0.00119105
0.00119018
0.00118937
0.00118862
0.00118794
0.000994566
0.000989461
0.00098465
0.000980103
0.000975794
0.000971701
0.000967804
0.00096409
0.000960559
0.000958847
0.000956585
0.000954961
0.000949147
0.000946485
0.000943879
0.000941347
0.000938901
0.000936538
0.000934256
0.000932049
0.000929915
0.000927849
0.000925849
0.00092391
0.000922031
0.000920207
0.000918437
0.000916718
0.000915048
0.000913426
0.000911848
0.000910313
0.000908818
0.000907362
0.000905944
0.000904561
0.000903213
0.000901899
0.000900618
0.000899369
0.000994566
0.000989461
0.00098465
0.000980103
0.000975795
0.000971702
0.000967805
0.000964089
0.000960542
0.000957157
0.000953922
0.000950809
0.000947809
0.000944915
0.000942124
0.00093943
0.000936828
0.000934311
0.000931876
0.000929516
0.000927228
0.000925007
0.00092285
0.000920753
0.000918713
0.000916728
0.000914794
0.00091291
0.000911073
0.000909281
0.000907533
0.000905825
0.000904156
0.000902524
0.000900928
0.000899366
0.000897837
0.000896341
0.000894875
0.00089344
0.000994566
0.000989461
0.00098465
0.000980104
0.000975795
0.000971702
0.000967806
0.00096409
0.00096054
0.000957144
0.000953889
0.000950765
0.000947757
0.00094486
0.000942067
0.00093937
0.000936764
0.000934243
0.000931803
0.000929437
0.000927143
0.000924916
0.000922752
0.000920648
0.000918601
0.000916608
0.000914666
0.000912774
0.00091093
0.00090913
0.000907372
0.000905656
0.000903978
0.000902338
0.000900733
0.000899162
0.000897624
0.000896118
0.000894643
0.000893197
0.000994566
0.000989461
0.000984651
0.000980104
0.000975795
0.000971703
0.000967807
0.000964091
0.000960541
0.000957142
0.000953884
0.000950756
0.000947747
0.000944849
0.000942054
0.000939357
0.000936751
0.000934229
0.000931788
0.000929422
0.000927127
0.000924899
0.000922735
0.000920631
0.000918583
0.00091659
0.000914648
0.000912756
0.000910911
0.000909111
0.000907353
0.000905636
0.000903958
0.000902317
0.000900712
0.000899141
0.000897603
0.000896097
0.000894621
0.000893175
0.000994566
0.000989461
0.000984651
0.000980104
0.000975796
0.000971703
0.000967808
0.000964092
0.000960541
0.000957142
0.000953883
0.000950753
0.000947743
0.000944845
0.00094205
0.000939352
0.000936745
0.000934224
0.000931782
0.000929416
0.000927121
0.000924893
0.000922728
0.000920624
0.000918576
0.000916583
0.000914642
0.000912749
0.000910904
0.000909103
0.000907345
0.000905628
0.00090395
0.000902309
0.000900703
0.000899132
0.000897594
0.000896088
0.000894612
0.000893166
0.000994566
0.000989461
0.000984651
0.000980104
0.000975796
0.000971703
0.000967808
0.000964092
0.000960541
0.000957141
0.000953882
0.000950752
0.000947742
0.000944843
0.000942048
0.00093935
0.000936743
0.000934221
0.00093178
0.000929413
0.000927118
0.00092489
0.000922726
0.000920621
0.000918574
0.000916581
0.000914639
0.000912747
0.000910901
0.000909101
0.000907342
0.000905625
0.000903947
0.000902306
0.0009007
0.000899129
0.000897591
0.000896084
0.000894609
0.000893162
0.000994566
0.000989461
0.000984651
0.000980104
0.000975796
0.000971704
0.000967808
0.000964092
0.000960541
0.000957141
0.000953881
0.000950751
0.000947741
0.000944842
0.000942047
0.000939349
0.000936742
0.00093422
0.000931778
0.000929412
0.000927116
0.000924888
0.000922723
0.000920619
0.000918572
0.000916578
0.000914637
0.000912744
0.000910899
0.000909098
0.00090734
0.000905622
0.000903944
0.000902303
0.000900697
0.000899126
0.000897588
0.000896082
0.000894606
0.000893159
0.000994566
0.000989461
0.000984651
0.000980104
0.000975796
0.000971704
0.000967808
0.000964092
0.000960541
0.000957141
0.000953881
0.000950751
0.00094774
0.000944841
0.000942046
0.000939348
0.000936741
0.000934219
0.000931777
0.000929411
0.000927115
0.000924887
0.000922722
0.000920618
0.00091857
0.000916577
0.000914636
0.000912743
0.000910898
0.000909097
0.000907339
0.000905621
0.000903943
0.000902302
0.000900696
0.000899125
0.000897587
0.00089608
0.000894605
0.000893158
0.000994566
0.000989461
0.000984651
0.000980104
0.000975796
0.000971704
0.000967808
0.000964092
0.000960541
0.000957141
0.000953881
0.00095075
0.00094774
0.000944841
0.000942046
0.000939347
0.00093674
0.000934218
0.000931776
0.00092941
0.000927114
0.000924886
0.000922721
0.000920617
0.00091857
0.000916576
0.000914635
0.000912743
0.000910897
0.000909096
0.000907338
0.000905621
0.000903942
0.000902301
0.000900695
0.000899124
0.000897586
0.00089608
0.000894604
0.000893158
0.000994566
0.000989461
0.000984651
0.000980104
0.000975795
0.000971703
0.000967807
0.000964091
0.000960539
0.000957139
0.000953879
0.000950748
0.000947737
0.000944838
0.000942043
0.000939344
0.000936737
0.000934215
0.000931773
0.000929407
0.000927111
0.000924883
0.000922719
0.000920615
0.000918568
0.000916575
0.000914634
0.000912742
0.000910897
0.000909096
0.000907338
0.000905621
0.000903943
0.000902302
0.000900697
0.000899126
0.000897588
0.000896082
0.000894606
0.00089316
0.000994566
0.000989461
0.000984651
0.000980104
0.000975796
0.000971703
0.000967807
0.000964091
0.000960539
0.000957139
0.000953879
0.000950748
0.000947737
0.000944838
0.000942043
0.000939345
0.000936737
0.000934215
0.000931773
0.000929407
0.000927112
0.000924883
0.000922719
0.000920615
0.000918568
0.000916575
0.000914634
0.000912742
0.000910897
0.000909097
0.000907339
0.000905622
0.000903943
0.000902302
0.000900697
0.000899126
0.000897588
0.000896082
0.000894606
0.00089316
0.000994566
0.000989461
0.000984651
0.000980104
0.000975795
0.000971703
0.000967807
0.000964091
0.000960539
0.000957139
0.000953879
0.000950748
0.000947738
0.000944838
0.000942043
0.000939345
0.000936738
0.000934216
0.000931774
0.000929407
0.000927112
0.000924884
0.00092272
0.000920615
0.000918568
0.000916576
0.000914635
0.000912743
0.000910898
0.000909097
0.00090734
0.000905622
0.000903944
0.000902303
0.000900698
0.000899127
0.000897589
0.000896083
0.000894607
0.000893161
0.000994566
0.000989461
0.000984651
0.000980104
0.000975795
0.000971703
0.000967807
0.000964091
0.000960539
0.000957139
0.000953879
0.000950749
0.000947738
0.000944839
0.000942044
0.000939346
0.000936738
0.000934216
0.000931775
0.000929408
0.000927113
0.000924885
0.000922721
0.000920617
0.00091857
0.000916577
0.000914636
0.000912744
0.000910899
0.000909099
0.000907341
0.000905624
0.000903946
0.000902305
0.0009007
0.000899129
0.000897591
0.000896084
0.000894609
0.000893163
0.000994566
0.000989461
0.000984651
0.000980104
0.000975795
0.000971703
0.000967806
0.00096409
0.000960539
0.000957139
0.000953879
0.000950749
0.000947738
0.000944839
0.000942044
0.000939346
0.000936739
0.000934217
0.000931775
0.000929409
0.000927114
0.000924886
0.000922722
0.000920618
0.000918571
0.000916578
0.000914637
0.000912745
0.0009109
0.0009091
0.000907342
0.000905625
0.000903947
0.000902306
0.000900701
0.00089913
0.000897592
0.000896085
0.00089461
0.000893164
0.000994566
0.000989461
0.000984651
0.000980104
0.000975795
0.000971702
0.000967806
0.000964089
0.000960538
0.000957138
0.000953879
0.000950749
0.000947739
0.000944841
0.000942046
0.000939348
0.000936741
0.00093422
0.000931778
0.000929412
0.000927118
0.00092489
0.000922726
0.000920622
0.000918575
0.000916582
0.000914641
0.00091275
0.000910905
0.000909105
0.000907348
0.000905631
0.000903953
0.000902312
0.000900707
0.000899136
0.000897598
0.000896092
0.000894617
0.000893172
0.000994566
0.000989461
0.00098465
0.000980104
0.000975795
0.000971702
0.000967805
0.000964089
0.000960537
0.000957139
0.000953881
0.000950752
0.000947742
0.000944844
0.000942049
0.000939351
0.000936744
0.000934222
0.000931781
0.000929415
0.000927121
0.000924893
0.000922729
0.000920625
0.000918578
0.000916585
0.000914644
0.000912752
0.000910908
0.000909108
0.00090735
0.000905634
0.000903956
0.000902315
0.000900709
0.000899138
0.0008976
0.000896094
0.000894618
0.000893173
0.000994566
0.000989461
0.00098465
0.000980103
0.000975794
0.000971701
0.000967804
0.000964088
0.000960537
0.000957143
0.000953892
0.000950765
0.00094776
0.000944866
0.000942074
0.000939378
0.000936773
0.000934253
0.000931813
0.000929449
0.000927156
0.00092493
0.000922768
0.000920665
0.00091862
0.000916629
0.00091469
0.000912801
0.000910958
0.00090916
0.000907405
0.00090569
0.000904014
0.000902376
0.000900773
0.000899204
0.000897669
0.000896165
0.000894693
0.00089325
0.000994566
0.000989461
0.00098465
0.000980103
0.000975794
0.000971701
0.000967804
0.000964088
0.000960546
0.000957188
0.000955508
0.000952266
0.000947779
0.000944896
0.000942117
0.000939435
0.000936844
0.000934339
0.000931913
0.000929564
0.000927286
0.000925076
0.00092293
0.000920845
0.000918817
0.000916844
0.000914923
0.000913052
0.000911228
0.00090945
0.000907715
0.000906022
0.000904368
0.000902752
0.000901173
0.000899629
0.000898118
0.000896641
0.000895195
0.00089378
0.000994566
0.000989461
0.00098465
0.000980103
0.000975794
0.0009717
0.000967803
0.00096409
0.000960569
0.000958862
0.000956562
0.00095416
0.000951595
0.000962751
0.00096139
0.000960093
0.000958861
0.000957702
0.000956608
0.000955574
0.000954597
0.000953676
0.000952809
0.000951994
0.000951229
0.000950513
0.000949843
0.000949217
0.000948636
0.000948096
0.000947597
0.000947138
0.000946716
0.00094633
0.000945979
0.000945661
0.000945377
0.000945124
0.000944903
0.000944716
0.000994566
0.000989461
0.00098465
0.000980103
0.000975794
0.0009717
0.000967804
0.000964091
0.000960573
0.000959035
0.000843425
0.000617816
0.00102567
0.000967129
0.000964643
0.000962236
0.000959928
0.000957718
0.000955598
0.000953566
0.000951617
0.000949748
0.000947955
0.000946233
0.000944579
0.000942989
0.000941462
0.000939993
0.000938581
0.000937224
0.000935921
0.000934667
0.000933462
0.000932303
0.000931189
0.000930117
0.000929086
0.000928096
0.000927146
0.000926235
0.000994566
0.000989461
0.00098465
0.000980103
0.000975794
0.000971701
0.000967805
0.000964089
0.000960551
0.000957203
0.000955706
0.000952843
0.000948023
0.000945164
0.000942419
0.000939777
0.000937229
0.000934769
0.000932391
0.000930091
0.000927863
0.000925704
0.000923609
0.000921575
0.000919599
0.000917678
0.000915809
0.00091399
0.000912218
0.000910493
0.000908811
0.00090717
0.000905569
0.000904006
0.000902479
0.000900987
0.000899529
0.000898104
0.00089671
0.000895347
0.000994566
0.000989461
0.00098465
0.000980104
0.000975795
0.000971702
0.000967806
0.00096409
0.000960541
0.000957149
0.000953904
0.000950783
0.000947776
0.00094488
0.000942086
0.00093939
0.000936784
0.000934264
0.000931824
0.000929459
0.000927166
0.00092494
0.000922778
0.000920675
0.00091863
0.000916639
0.0009147
0.00091281
0.000910967
0.000909168
0.000907413
0.000905698
0.000904023
0.000902384
0.000900782
0.000899213
0.000897678
0.000896174
0.000894701
0.000893259
0.000994566
0.000989461
0.000984651
0.000980104
0.000975795
0.000971703
0.000967807
0.000964091
0.00096054
0.000957143
0.000953887
0.00095076
0.000947752
0.000944855
0.000942062
0.000939365
0.000936759
0.000934239
0.000931798
0.000929433
0.000927138
0.000924911
0.000922747
0.000920644
0.000918597
0.000916605
0.000914664
0.000912773
0.000910928
0.000909128
0.000907371
0.000905655
0.000903977
0.000902337
0.000900732
0.000899162
0.000897625
0.000896119
0.000894644
0.0008932
0.000994566
0.000989461
0.000984651
0.000980104
0.000975795
0.000971703
0.000967807
0.000964091
0.000960541
0.000957142
0.000953884
0.000950755
0.000947746
0.000944847
0.000942053
0.000939355
0.000936749
0.000934227
0.000931786
0.00092942
0.000927124
0.000924896
0.000922732
0.000920627
0.00091858
0.000916587
0.000914646
0.000912753
0.000910908
0.000909108
0.00090735
0.000905633
0.000903954
0.000902313
0.000900708
0.000899136
0.000897598
0.000896092
0.000894617
0.000893171
0.000994566
0.000989461
0.000984651
0.000980104
0.000975796
0.000971703
0.000967808
0.000964092
0.000960541
0.000957142
0.000953883
0.000950753
0.000947743
0.000944844
0.00094205
0.000939352
0.000936745
0.000934223
0.000931782
0.000929416
0.00092712
0.000924892
0.000922728
0.000920623
0.000918576
0.000916583
0.000914641
0.000912749
0.000910904
0.000909103
0.000907345
0.000905628
0.00090395
0.000902308
0.000900703
0.000899132
0.000897594
0.000896087
0.000894612
0.000893166
0.000994566
0.000989461
0.000984651
0.000980104
0.000975796
0.000971703
0.000967808
0.000964092
0.000960541
0.000957141
0.000953882
0.000950752
0.000947741
0.000944843
0.000942048
0.00093935
0.000936743
0.000934221
0.00093178
0.000929413
0.000927118
0.00092489
0.000922725
0.000920621
0.000918573
0.00091658
0.000914639
0.000912747
0.000910901
0.000909101
0.000907342
0.000905625
0.000903946
0.000902305
0.0009007
0.000899128
0.00089759
0.000896084
0.000894608
0.000893162
0.000994566
0.000989461
0.000984651
0.000980104
0.000975796
0.000971704
0.000967808
0.000964092
0.000960541
0.000957141
0.000953881
0.000950751
0.000947741
0.000944842
0.000942047
0.000939349
0.000936742
0.00093422
0.000931778
0.000929412
0.000927116
0.000924888
0.000922723
0.000920619
0.000918571
0.000916578
0.000914637
0.000912744
0.000910899
0.000909098
0.00090734
0.000905623
0.000903944
0.000902303
0.000900697
0.000899126
0.000897588
0.000896081
0.000894605
0.000893159
0.000994566
0.000989461
0.000984651
0.000980104
0.000975796
0.000971704
0.000967808
0.000964092
0.000960541
0.000957141
0.000953881
0.00095075
0.00094774
0.000944841
0.000942046
0.000939348
0.000936741
0.000934219
0.000931777
0.000929411
0.000927115
0.000924887
0.000922722
0.000920617
0.00091857
0.000916577
0.000914636
0.000912743
0.000910898
0.000909097
0.000907339
0.000905621
0.000903943
0.000902302
0.000900696
0.000899125
0.000897587
0.00089608
0.000894604
0.000893158
0.000994566
0.000989461
0.000984651
0.000980104
0.000975796
0.000971704
0.000967808
0.000964092
0.000960541
0.000957141
0.000953881
0.00095075
0.00094774
0.000944841
0.000942045
0.000939347
0.00093674
0.000934218
0.000931776
0.00092941
0.000927114
0.000924886
0.000922721
0.000920617
0.000918569
0.000916576
0.000914635
0.000912743
0.000910897
0.000909096
0.000907338
0.000905621
0.000903942
0.000902301
0.000900695
0.000899124
0.000897586
0.00089608
0.000894604
0.000893158
0.000994566
0.000989461
0.000984651
0.000980104
0.000975795
0.000971703
0.000967807
0.000964091
0.000960539
0.000957139
0.000953879
0.000950748
0.000947737
0.000944838
0.000942043
0.000939344
0.000936737
0.000934215
0.000931773
0.000929407
0.000927111
0.000924883
0.000922719
0.000920614
0.000918567
0.000916575
0.000914634
0.000912742
0.000910897
0.000909096
0.000907339
0.000905621
0.000903943
0.000902302
0.000900697
0.000899126
0.000897588
0.000896081
0.000894606
0.00089316
0.000994566
0.000989461
0.000984651
0.000980104
0.000975796
0.000971703
0.000967807
0.000964091
0.000960539
0.000957139
0.000953879
0.000950748
0.000947737
0.000944838
0.000942043
0.000939345
0.000936737
0.000934215
0.000931774
0.000929407
0.000927112
0.000924883
0.000922719
0.000920615
0.000918568
0.000916575
0.000914634
0.000912742
0.000910897
0.000909097
0.000907339
0.000905622
0.000903943
0.000902302
0.000900697
0.000899126
0.000897588
0.000896081
0.000894606
0.00089316
0.000994566
0.000989461
0.000984651
0.000980104
0.000975796
0.000971703
0.000967807
0.000964091
0.000960539
0.000957139
0.000953879
0.000950748
0.000947738
0.000944838
0.000942043
0.000939345
0.000936738
0.000934216
0.000931774
0.000929407
0.000927112
0.000924884
0.000922719
0.000920615
0.000918568
0.000916576
0.000914635
0.000912743
0.000910898
0.000909098
0.00090734
0.000905623
0.000903944
0.000902303
0.000900698
0.000899127
0.000897588
0.000896082
0.000894607
0.000893161
0.000994566
0.000989461
0.000984651
0.000980104
0.000975795
0.000971703
0.000967807
0.000964091
0.000960539
0.000957139
0.000953879
0.000950749
0.000947738
0.000944839
0.000942044
0.000939346
0.000936738
0.000934216
0.000931775
0.000929408
0.000927113
0.000924885
0.00092272
0.000920616
0.000918569
0.000916577
0.000914636
0.000912744
0.000910899
0.000909099
0.000907341
0.000905624
0.000903946
0.000902305
0.000900699
0.000899128
0.00089759
0.000896084
0.000894608
0.000893162
0.000994566
0.000989461
0.000984651
0.000980104
0.000975795
0.000971703
0.000967807
0.00096409
0.000960539
0.000957139
0.000953879
0.000950749
0.000947738
0.000944839
0.000942044
0.000939346
0.000936739
0.000934217
0.000931776
0.000929409
0.000927114
0.000924886
0.000922722
0.000920617
0.00091857
0.000916578
0.000914637
0.000912745
0.000910901
0.0009091
0.000907343
0.000905626
0.000903947
0.000902306
0.0009007
0.000899129
0.000897591
0.000896085
0.00089461
0.000893164
0.000994566
0.000989461
0.000984651
0.000980104
0.000975795
0.000971702
0.000967806
0.00096409
0.000960538
0.000957139
0.000953879
0.000950749
0.000947739
0.00094484
0.000942045
0.000939348
0.000936741
0.000934219
0.000931778
0.000929412
0.000927117
0.000924889
0.000922724
0.00092062
0.000918573
0.000916581
0.00091464
0.000912749
0.000910904
0.000909104
0.000907346
0.000905629
0.000903951
0.00090231
0.000900704
0.000899133
0.000897596
0.00089609
0.000894614
0.000893169
0.000994566
0.000989461
0.000984651
0.000980104
0.000975795
0.000971702
0.000967806
0.000964089
0.000960537
0.000957138
0.00095388
0.000950751
0.000947741
0.000944842
0.000942048
0.00093935
0.000936743
0.000934222
0.00093178
0.000929415
0.00092712
0.000924892
0.000922728
0.000920624
0.000918578
0.000916585
0.000914645
0.000912753
0.000910909
0.000909109
0.000907351
0.000905635
0.000903956
0.000902315
0.00090071
0.000899139
0.000897601
0.000896096
0.00089462
0.000893175
0.000994566
0.000989461
0.00098465
0.000980103
0.000975795
0.000971701
0.000967805
0.000964088
0.000960537
0.00095714
0.000953883
0.000950756
0.000947747
0.00094485
0.000942056
0.000939359
0.000936752
0.000934231
0.00093179
0.000929424
0.000927129
0.000924902
0.000922738
0.000920634
0.000918588
0.000916596
0.000914655
0.000912764
0.000910919
0.000909119
0.000907362
0.000905645
0.000903967
0.000902326
0.000900721
0.000899151
0.000897613
0.000896108
0.000894633
0.000893188
0.000994566
0.000989461
0.00098465
0.000980103
0.000975794
0.000971701
0.000967804
0.000964088
0.000960539
0.000957153
0.000953918
0.000950797
0.000947793
0.0009449
0.00094211
0.000939417
0.000936815
0.000934298
0.000931861
0.000929499
0.000927208
0.000924985
0.000922826
0.000920727
0.000918685
0.000916697
0.000914761
0.000912874
0.000911034
0.000909238
0.000907486
0.000905774
0.000904101
0.000902466
0.000900866
0.000899301
0.000897769
0.000896269
0.0008948
0.000893361
0.000994566
0.000989461
0.00098465
0.000980103
0.000975794
0.000971701
0.000967804
0.000964088
0.00096055
0.000957211
0.00095557
0.000952372
0.000947843
0.000945001
0.00094228
0.000939663
0.00093714
0.000934707
0.000932358
0.000930088
0.000927892
0.000925766
0.000923706
0.00092171
0.000919774
0.000917894
0.000916069
0.000914295
0.000912571
0.000910895
0.000909264
0.000907678
0.000906133
0.000904629
0.000903163
0.000901735
0.000900343
0.000898986
0.000897662
0.000896372
0.000994566
0.000989461
0.00098465
0.000980103
0.000975794
0.000971701
0.000967804
0.000964089
0.000960552
0.00095722
0.000955773
0.000952793
0.000947969
0.000945091
0.000942315
0.000939637
0.000937049
0.000934548
0.000932126
0.000929781
0.000927507
0.000925301
0.00092316
0.000921079
0.000919055
0.000917086
0.000915168
0.0009133
0.000911478
0.000909702
0.000907969
0.000906277
0.000904625
0.000903011
0.000901433
0.000899889
0.000898379
0.000896901
0.000895454
0.000894039
0.000994566
0.000989461
0.00098465
0.000980103
0.000975794
0.000971701
0.000967805
0.000964089
0.000960542
0.00095716
0.000953933
0.00095082
0.000947816
0.00094492
0.000942129
0.000939436
0.000936835
0.000934319
0.000931883
0.000929524
0.000927236
0.000925016
0.000922859
0.000920764
0.000918725
0.000916741
0.000914808
0.000912925
0.000911088
0.000909296
0.000907547
0.00090584
0.000904171
0.00090254
0.000900944
0.000899383
0.000897855
0.000896359
0.000894894
0.000893459
0.000994566
0.000989461
0.00098465
0.000980104
0.000975795
0.000971702
0.000967806
0.00096409
0.00096054
0.000957144
0.00095389
0.000950766
0.000947758
0.000944861
0.000942068
0.000939372
0.000936766
0.000934246
0.000931805
0.00092944
0.000927146
0.000924919
0.000922756
0.000920653
0.000918608
0.000916616
0.000914677
0.000912786
0.000910942
0.000909143
0.000907386
0.00090567
0.000903994
0.000902354
0.00090075
0.000899181
0.000897644
0.00089614
0.000894666
0.000893222
0.000994566
0.000989461
0.000984651
0.000980104
0.000975795
0.000971703
0.000967807
0.000964091
0.00096054
0.000957142
0.000953885
0.000950757
0.000947748
0.000944851
0.000942057
0.00093936
0.000936754
0.000934233
0.000931792
0.000929426
0.000927131
0.000924903
0.000922739
0.000920636
0.000918589
0.000916596
0.000914656
0.000912764
0.000910919
0.000909119
0.000907362
0.000905645
0.000903967
0.000902326
0.000900721
0.00089915
0.000897612
0.000896106
0.000894631
0.000893186
0.000994566
0.000989461
0.000984651
0.000980104
0.000975796
0.000971703
0.000967807
0.000964091
0.000960541
0.000957142
0.000953883
0.000950754
0.000947744
0.000944846
0.000942052
0.000939354
0.000936748
0.000934226
0.000931784
0.000929418
0.000927123
0.000924895
0.00092273
0.000920626
0.000918579
0.000916586
0.000914645
0.000912753
0.000910908
0.000909107
0.000907349
0.000905632
0.000903953
0.000902312
0.000900706
0.000899135
0.000897597
0.000896091
0.000894615
0.000893169
0.000994566
0.000989461
0.000984651
0.000980104
0.000975796
0.000971703
0.000967808
0.000964092
0.000960541
0.000957142
0.000953882
0.000950753
0.000947743
0.000944844
0.000942049
0.000939352
0.000936745
0.000934223
0.000931781
0.000929415
0.00092712
0.000924892
0.000922727
0.000920622
0.000918575
0.000916582
0.000914641
0.000912749
0.000910904
0.000909103
0.000907345
0.000905628
0.000903949
0.000902308
0.000900702
0.000899131
0.000897593
0.000896086
0.000894611
0.000893165
0.000994566
0.000989461
0.000984651
0.000980104
0.000975796
0.000971703
0.000967808
0.000964092
0.000960541
0.000957141
0.000953882
0.000950752
0.000947741
0.000944842
0.000942048
0.00093935
0.000936743
0.000934221
0.000931779
0.000929413
0.000927118
0.000924889
0.000922725
0.00092062
0.000918573
0.00091658
0.000914639
0.000912747
0.000910901
0.000909101
0.000907343
0.000905625
0.000903946
0.000902305
0.000900699
0.000899128
0.000897589
0.000896083
0.000894607
0.000893161
0.000994566
0.000989461
0.000984651
0.000980104
0.000975796
0.000971704
0.000967808
0.000964092
0.000960541
0.000957141
0.000953881
0.000950751
0.00094774
0.000944841
0.000942046
0.000939349
0.000936741
0.00093422
0.000931778
0.000929411
0.000927116
0.000924888
0.000922723
0.000920618
0.000918571
0.000916578
0.000914637
0.000912744
0.000910899
0.000909099
0.000907341
0.000905623
0.000903944
0.000902303
0.000900697
0.000899125
0.000897587
0.000896081
0.000894605
0.000893159
0.000994566
0.000989461
0.000984651
0.000980104
0.000975796
0.000971704
0.000967808
0.000964092
0.000960541
0.000957141
0.000953881
0.00095075
0.00094774
0.000944841
0.000942046
0.000939348
0.000936741
0.000934219
0.000931777
0.000929411
0.000927115
0.000924887
0.000922722
0.000920617
0.00091857
0.000916577
0.000914635
0.000912743
0.000910898
0.000909098
0.000907339
0.000905622
0.000903943
0.000902302
0.000900696
0.000899124
0.000897586
0.00089608
0.000894604
0.000893158
0.000994566
0.000989461
0.000984651
0.000980104
0.000975796
0.000971703
0.000967808
0.000964092
0.000960541
0.000957141
0.000953881
0.00095075
0.00094774
0.000944841
0.000942045
0.000939347
0.00093674
0.000934218
0.000931776
0.00092941
0.000927114
0.000924886
0.000922721
0.000920617
0.000918569
0.000916576
0.000914635
0.000912743
0.000910897
0.000909097
0.000907339
0.000905621
0.000903942
0.000902301
0.000900695
0.000899124
0.000897586
0.000896079
0.000894603
0.000893158
0.000994566
0.000989461
0.000984651
0.000980104
0.000975795
0.000971703
0.000967807
0.000964091
0.000960539
0.000957139
0.000953879
0.000950748
0.000947737
0.000944838
0.000942043
0.000939344
0.000936737
0.000934215
0.000931773
0.000929407
0.000927111
0.000924883
0.000922719
0.000920614
0.000918567
0.000916575
0.000914634
0.000912742
0.000910897
0.000909097
0.000907339
0.000905622
0.000903943
0.000902302
0.000900696
0.000899125
0.000897587
0.000896081
0.000894606
0.00089316
0.000994566
0.000989461
0.000984651
0.000980104
0.000975796
0.000971703
0.000967807
0.000964091
0.000960539
0.000957139
0.000953879
0.000950748
0.000947737
0.000944838
0.000942043
0.000939345
0.000936738
0.000934216
0.000931774
0.000929407
0.000927112
0.000924883
0.000922719
0.000920614
0.000918567
0.000916575
0.000914634
0.000912742
0.000910898
0.000909097
0.00090734
0.000905622
0.000903944
0.000902302
0.000900697
0.000899125
0.000897587
0.000896081
0.000894605
0.00089316
0.000994566
0.000989461
0.000984651
0.000980104
0.000975796
0.000971703
0.000967807
0.000964091
0.000960539
0.000957139
0.000953879
0.000950748
0.000947738
0.000944838
0.000942043
0.000939345
0.000936738
0.000934216
0.000931774
0.000929407
0.000927112
0.000924884
0.000922719
0.000920615
0.000918568
0.000916575
0.000914635
0.000912743
0.000910898
0.000909098
0.00090734
0.000905623
0.000903944
0.000902303
0.000900697
0.000899126
0.000897588
0.000896082
0.000894606
0.000893161
0.000994566
0.000989461
0.000984651
0.000980104
0.000975795
0.000971703
0.000967807
0.000964091
0.000960539
0.000957139
0.000953879
0.000950749
0.000947738
0.000944839
0.000942044
0.000939346
0.000936738
0.000934216
0.000931775
0.000929408
0.000927113
0.000924885
0.00092272
0.000920616
0.000918569
0.000916576
0.000914636
0.000912744
0.0009109
0.000909099
0.000907342
0.000905624
0.000903946
0.000902304
0.000900699
0.000899128
0.00089759
0.000896083
0.000894608
0.000893162
0.000994566
0.000989461
0.000984651
0.000980104
0.000975795
0.000971703
0.000967807
0.00096409
0.000960539
0.000957139
0.000953879
0.000950749
0.000947738
0.000944839
0.000942044
0.000939346
0.000936739
0.000934217
0.000931776
0.000929409
0.000927114
0.000924886
0.000922721
0.000920617
0.00091857
0.000916578
0.000914637
0.000912746
0.000910901
0.000909101
0.000907343
0.000905626
0.000903947
0.000902306
0.0009007
0.000899129
0.000897591
0.000896085
0.00089461
0.000893164
0.000994566
0.000989461
0.000984651
0.000980104
0.000975795
0.000971702
0.000967806
0.00096409
0.000960538
0.000957139
0.000953879
0.000950749
0.000947739
0.00094484
0.000942045
0.000939347
0.00093674
0.000934219
0.000931777
0.000929411
0.000927116
0.000924888
0.000922723
0.000920619
0.000918572
0.00091658
0.000914639
0.000912748
0.000910903
0.000909103
0.000907345
0.000905628
0.000903949
0.000902308
0.000900703
0.000899132
0.000897594
0.000896088
0.000894612
0.000893167
0.000994566
0.000989461
0.000984651
0.000980104
0.000975795
0.000971702
0.000967806
0.000964089
0.000960538
0.000957138
0.000953879
0.00095075
0.00094774
0.000944842
0.000942047
0.000939349
0.000936743
0.000934221
0.00093178
0.000929414
0.000927119
0.000924891
0.000922727
0.000920623
0.000918577
0.000916585
0.000914644
0.000912753
0.000910909
0.000909109
0.000907351
0.000905634
0.000903956
0.000902315
0.000900709
0.000899139
0.000897601
0.000896095
0.00089462
0.000893175
0.000994566
0.000989461
0.00098465
0.000980104
0.000975795
0.000971702
0.000967805
0.000964089
0.000960537
0.000957139
0.000953881
0.000950753
0.000947743
0.000944845
0.000942051
0.000939353
0.000936747
0.000934225
0.000931783
0.000929417
0.000927122
0.000924894
0.00092273
0.000920627
0.00091858
0.000916588
0.000914647
0.000912755
0.00091091
0.00090911
0.000907352
0.000905634
0.000903956
0.000902315
0.00090071
0.000899139
0.000897601
0.000896095
0.000894619
0.000893174
0.000994566
0.000989461
0.00098465
0.000980103
0.000975794
0.000971701
0.000967805
0.000964088
0.000960538
0.000957143
0.000953888
0.000950762
0.000947754
0.000944857
0.000942064
0.000939368
0.000936763
0.000934243
0.000931803
0.000929438
0.000927145
0.000924919
0.000922757
0.000920656
0.000918612
0.000916621
0.000914682
0.000912792
0.000910949
0.00090915
0.000907394
0.000905679
0.000904003
0.000902364
0.000900761
0.000899192
0.000897657
0.000896153
0.00089468
0.000893237
0.000994566
0.000989461
0.00098465
0.000980103
0.000975794
0.000971701
0.000967804
0.000964088
0.000960541
0.000957156
0.000953922
0.000950801
0.000947797
0.000944903
0.000942113
0.00093942
0.000936819
0.000934302
0.000931866
0.000929506
0.000927217
0.000924996
0.000922839
0.000920743
0.000918704
0.00091672
0.000914787
0.000912902
0.000911065
0.000909272
0.000907523
0.000905815
0.000904146
0.000902514
0.000900919
0.000899358
0.000897831
0.000896335
0.00089487
0.000893436
0.000994566
0.000989461
0.00098465
0.000980103
0.000975794
0.000971701
0.000967805
0.000964089
0.000960542
0.000957158
0.000953928
0.000950809
0.000947804
0.000944908
0.000942116
0.000939421
0.000936817
0.000934298
0.000931859
0.000929496
0.000927204
0.000924981
0.000922821
0.000920721
0.000918679
0.000916691
0.000914754
0.000912866
0.000911024
0.000909227
0.000907473
0.000905761
0.000904087
0.000902451
0.00090085
0.000899284
0.00089775
0.000896249
0.000894778
0.000893338
0.000994566
0.000989461
0.00098465
0.000980103
0.000975795
0.000971702
0.000967805
0.000964089
0.00096054
0.000957147
0.000953894
0.000950771
0.000947763
0.000944866
0.000942072
0.000939375
0.00093677
0.000934249
0.000931809
0.000929444
0.000927151
0.000924925
0.000922764
0.000920662
0.000918618
0.000916628
0.000914689
0.000912799
0.000910956
0.000909158
0.000907402
0.000905687
0.000904012
0.000902373
0.000900771
0.000899202
0.000897667
0.000896164
0.000894691
0.000893248
0.000994566
0.000989461
0.00098465
0.000980104
0.000975795
0.000971702
0.000967806
0.00096409
0.00096054
0.000957142
0.000953886
0.000950759
0.000947751
0.000944853
0.00094206
0.000939364
0.000936758
0.000934238
0.000931797
0.000929432
0.000927138
0.000924911
0.000922749
0.000920646
0.0009186
0.000916609
0.000914669
0.000912778
0.000910934
0.000909135
0.000907378
0.000905662
0.000903984
0.000902345
0.00090074
0.00089917
0.000897634
0.000896129
0.000894655
0.000893211
0.000994566
0.000989461
0.000984651
0.000980104
0.000975795
0.000971703
0.000967807
0.000964091
0.00096054
0.000957142
0.000953884
0.000950755
0.000947746
0.000944848
0.000942054
0.000939357
0.00093675
0.000934229
0.000931787
0.000929421
0.000927126
0.000924898
0.000922734
0.00092063
0.000918583
0.000916591
0.00091465
0.000912758
0.000910913
0.000909113
0.000907355
0.000905638
0.000903959
0.000902318
0.000900713
0.000899142
0.000897604
0.000896098
0.000894623
0.000893177
0.000994566
0.000989461
0.000984651
0.000980104
0.000975796
0.000971703
0.000967807
0.000964092
0.000960541
0.000957142
0.000953883
0.000950753
0.000947744
0.000944845
0.000942051
0.000939353
0.000936747
0.000934225
0.000931784
0.000929417
0.000927122
0.000924894
0.000922729
0.000920625
0.000918578
0.000916585
0.000914644
0.000912753
0.000910908
0.000909107
0.000907349
0.000905631
0.000903952
0.000902311
0.000900705
0.000899134
0.000897596
0.00089609
0.000894615
0.000893169
0.000994566
0.000989461
0.000984651
0.000980104
0.000975796
0.000971703
0.000967808
0.000964092
0.000960541
0.000957142
0.000953882
0.000950752
0.000947742
0.000944844
0.000942049
0.000939351
0.000936744
0.000934223
0.000931781
0.000929415
0.000927119
0.000924891
0.000922726
0.000920622
0.000918574
0.000916582
0.000914641
0.000912749
0.000910904
0.000909103
0.000907345
0.000905627
0.000903948
0.000902307
0.000900701
0.00089913
0.000897592
0.000896086
0.00089461
0.000893164
0.000994566
0.000989461
0.000984651
0.000980104
0.000975796
0.000971703
0.000967808
0.000964092
0.000960541
0.000957141
0.000953882
0.000950751
0.000947741
0.000944842
0.000942047
0.00093935
0.000936743
0.000934221
0.000931779
0.000929413
0.000927117
0.000924889
0.000922724
0.00092062
0.000918572
0.00091658
0.000914638
0.000912747
0.000910901
0.000909101
0.000907343
0.000905625
0.000903946
0.000902305
0.000900699
0.000899127
0.000897589
0.000896083
0.000894607
0.000893161
0.000994566
0.000989461
0.000984651
0.000980104
0.000975796
0.000971704
0.000967808
0.000964092
0.000960541
0.000957141
0.000953881
0.000950751
0.00094774
0.000944841
0.000942046
0.000939348
0.000936741
0.00093422
0.000931778
0.000929411
0.000927116
0.000924888
0.000922723
0.000920618
0.000918571
0.000916578
0.000914636
0.000912745
0.000910899
0.000909099
0.000907341
0.000905623
0.000903944
0.000902303
0.000900697
0.000899125
0.000897587
0.00089608
0.000894605
0.000893159
0.000994566
0.000989461
0.000984651
0.000980104
0.000975796
0.000971704
0.000967808
0.000964092
0.000960541
0.000957141
0.000953881
0.00095075
0.00094774
0.000944841
0.000942046
0.000939348
0.000936741
0.000934219
0.000931777
0.000929411
0.000927115
0.000924887
0.000922722
0.000920617
0.00091857
0.000916577
0.000914635
0.000912743
0.000910898
0.000909098
0.00090734
0.000905622
0.000903943
0.000902302
0.000900696
0.000899124
0.000897586
0.000896079
0.000894604
0.000893158
0.000994566
0.000989461
0.000984651
0.000980104
0.000975796
0.000971703
0.000967808
0.000964092
0.000960541
0.000957141
0.000953881
0.00095075
0.00094774
0.00094484
0.000942045
0.000939347
0.00093674
0.000934218
0.000931776
0.00092941
0.000927114
0.000924886
0.000922721
0.000920616
0.000918569
0.000916576
0.000914635
0.000912743
0.000910897
0.000909097
0.000907339
0.000905621
0.000903943
0.000902301
0.000900695
0.000899124
0.000897585
0.000896079
0.000894603
0.000893158
0.000994566
0.000989461
0.000984651
0.000980104
0.000975795
0.000971703
0.000967807
0.000964091
0.000960539
0.000957139
0.000953879
0.000950748
0.000947737
0.000944838
0.000942043
0.000939344
0.000936737
0.000934215
0.000931773
0.000929407
0.000927111
0.000924883
0.000922719
0.000920614
0.000918567
0.000916574
0.000914634
0.000912742
0.000910897
0.000909097
0.000907339
0.000905622
0.000903943
0.000902302
0.000900696
0.000899125
0.000897587
0.000896081
0.000894605
0.00089316
0.000994566
0.000989461
0.000984651
0.000980104
0.000975796
0.000971703
0.000967807
0.000964091
0.000960539
0.000957139
0.000953879
0.000950748
0.000947737
0.000944838
0.000942043
0.000939345
0.000936738
0.000934216
0.000931774
0.000929407
0.000927112
0.000924883
0.000922719
0.000920614
0.000918567
0.000916575
0.000914634
0.000912742
0.000910898
0.000909098
0.00090734
0.000905622
0.000903944
0.000902302
0.000900696
0.000899125
0.000897587
0.000896081
0.000894605
0.000893159
0.000994566
0.000989461
0.000984651
0.000980104
0.000975795
0.000971703
0.000967807
0.000964091
0.000960539
0.000957139
0.000953879
0.000950748
0.000947738
0.000944838
0.000942043
0.000939345
0.000936738
0.000934216
0.000931774
0.000929408
0.000927112
0.000924884
0.000922719
0.000920615
0.000918568
0.000916575
0.000914635
0.000912743
0.000910898
0.000909098
0.000907341
0.000905623
0.000903945
0.000902303
0.000900697
0.000899126
0.000897588
0.000896082
0.000894606
0.000893161
0.000994566
0.000989461
0.000984651
0.000980104
0.000975795
0.000971703
0.000967807
0.000964091
0.000960539
0.000957139
0.000953879
0.000950748
0.000947738
0.000944839
0.000942044
0.000939346
0.000936738
0.000934217
0.000931775
0.000929408
0.000927113
0.000924885
0.00092272
0.000920616
0.000918569
0.000916576
0.000914636
0.000912744
0.0009109
0.0009091
0.000907342
0.000905624
0.000903946
0.000902304
0.000900698
0.000899127
0.000897589
0.000896083
0.000894608
0.000893162
0.000994566
0.000989461
0.000984651
0.000980104
0.000975795
0.000971703
0.000967807
0.00096409
0.000960539
0.000957139
0.000953879
0.000950749
0.000947738
0.000944839
0.000942044
0.000939346
0.000936739
0.000934217
0.000931776
0.000929409
0.000927114
0.000924886
0.000922721
0.000920617
0.00091857
0.000916578
0.000914637
0.000912746
0.000910901
0.000909101
0.000907343
0.000905626
0.000903947
0.000902306
0.0009007
0.000899129
0.000897591
0.000896085
0.00089461
0.000893164
0.000994566
0.000989461
0.000984651
0.000980104
0.000975795
0.000971702
0.000967806
0.00096409
0.000960538
0.000957139
0.000953879
0.000950749
0.000947739
0.00094484
0.000942045
0.000939347
0.00093674
0.000934219
0.000931777
0.000929411
0.000927115
0.000924887
0.000922723
0.000920619
0.000918572
0.00091658
0.000914639
0.000912748
0.000910903
0.000909103
0.000907345
0.000905627
0.000903949
0.000902307
0.000900702
0.000899131
0.000897593
0.000896087
0.000894612
0.000893166
0.000994566
0.000989461
0.000984651
0.000980104
0.000975795
0.000971702
0.000967806
0.000964089
0.000960538
0.000957139
0.000953879
0.00095075
0.00094774
0.000944841
0.000942047
0.000939349
0.000936742
0.000934221
0.000931779
0.000929413
0.000927118
0.00092489
0.000922726
0.000920622
0.000918576
0.000916584
0.000914644
0.000912753
0.000910908
0.000909108
0.00090735
0.000905632
0.000903954
0.000902313
0.000900708
0.000899137
0.0008976
0.000896094
0.000894619
0.000893173
0.000994566
0.000989461
0.00098465
0.000980104
0.000975795
0.000971702
0.000967805
0.000964089
0.000960538
0.000957139
0.00095388
0.000950751
0.000947742
0.000944844
0.000942049
0.000939352
0.000936745
0.000934223
0.000931782
0.000929415
0.00092712
0.000924892
0.000922729
0.000920625
0.000918579
0.000916587
0.000914647
0.000912755
0.00091091
0.000909109
0.000907351
0.000905633
0.000903955
0.000902314
0.000900709
0.000899138
0.0008976
0.000896094
0.000894619
0.000893173
0.000994566
0.000989461
0.00098465
0.000980103
0.000975795
0.000971701
0.000967805
0.000964088
0.000960538
0.00095714
0.000953884
0.000950756
0.000947747
0.00094485
0.000942056
0.000939359
0.000936753
0.000934232
0.000931791
0.000929425
0.000927131
0.000924904
0.000922741
0.000920639
0.000918593
0.000916602
0.000914662
0.000912771
0.000910926
0.000909126
0.000907368
0.000905652
0.000903974
0.000902334
0.00090073
0.000899159
0.000897622
0.000896117
0.000894642
0.000893197
0.000994566
0.000989461
0.00098465
0.000980103
0.000975794
0.000971701
0.000967805
0.000964088
0.000960539
0.000957145
0.000953891
0.000950765
0.000947757
0.00094486
0.000942067
0.000939371
0.000936766
0.000934246
0.000931806
0.000929442
0.000927149
0.000924924
0.000922763
0.000920663
0.00091862
0.00091663
0.000914692
0.000912803
0.00091096
0.000909161
0.000907406
0.000905691
0.000904016
0.000902378
0.000900776
0.000899208
0.000897673
0.00089617
0.000894697
0.000893255
0.000994566
0.000989461
0.00098465
0.000980103
0.000975795
0.000971701
0.000967805
0.000964089
0.00096054
0.000957146
0.000953893
0.000950768
0.000947761
0.000944864
0.00094207
0.000939374
0.000936768
0.000934247
0.000931805
0.00092944
0.000927146
0.000924919
0.000922756
0.000920654
0.000918609
0.000916618
0.000914678
0.000912786
0.000910941
0.000909141
0.000907384
0.000905667
0.00090399
0.00090235
0.000900745
0.000899175
0.000897638
0.000896132
0.000894657
0.000893213
0.000994566
0.000989461
0.00098465
0.000980104
0.000975795
0.000971702
0.000967806
0.00096409
0.000960539
0.000957142
0.000953886
0.00095076
0.000947752
0.000944854
0.00094206
0.000939363
0.000936757
0.000934236
0.000931795
0.000929429
0.000927135
0.000924909
0.000922746
0.000920644
0.000918599
0.000916608
0.000914669
0.000912778
0.000910934
0.000909134
0.000907378
0.000905662
0.000903985
0.000902345
0.000900742
0.000899172
0.000897636
0.000896131
0.000894657
0.000893214
0.000994566
0.000989461
0.00098465
0.000980104
0.000975795
0.000971702
0.000967806
0.00096409
0.00096054
0.000957141
0.000953884
0.000950755
0.000947747
0.000944849
0.000942056
0.000939359
0.000936753
0.000934232
0.000931791
0.000929425
0.00092713
0.000924903
0.00092274
0.000920637
0.000918591
0.000916599
0.000914659
0.000912768
0.000910923
0.000909123
0.000907365
0.000905648
0.00090397
0.000902329
0.000900725
0.000899154
0.000897617
0.000896111
0.000894637
0.000893192
0.000994566
0.000989461
0.000984651
0.000980104
0.000975795
0.000971703
0.000967807
0.000964091
0.00096054
0.000957142
0.000953883
0.000950754
0.000947745
0.000944847
0.000942052
0.000939355
0.000936748
0.000934227
0.000931785
0.000929419
0.000927123
0.000924895
0.000922731
0.000920627
0.000918581
0.000916588
0.000914648
0.000912756
0.000910911
0.00090911
0.000907352
0.000905635
0.000903956
0.000902314
0.000900709
0.000899138
0.0008976
0.000896094
0.000894619
0.000893174
0.000994566
0.000989461
0.000984651
0.000980104
0.000975796
0.000971703
0.000967808
0.000964092
0.000960541
0.000957142
0.000953882
0.000950753
0.000947743
0.000944845
0.00094205
0.000939353
0.000936746
0.000934225
0.000931783
0.000929417
0.000927121
0.000924893
0.000922728
0.000920624
0.000918577
0.000916585
0.000914644
0.000912753
0.000910908
0.000909107
0.000907349
0.000905631
0.000903952
0.00090231
0.000900705
0.000899133
0.000897596
0.00089609
0.000894614
0.000893168
0.000994566
0.000989461
0.000984651
0.000980104
0.000975796
0.000971703
0.000967808
0.000964092
0.000960541
0.000957141
0.000953882
0.000950752
0.000947742
0.000944843
0.000942049
0.000939351
0.000936744
0.000934222
0.000931781
0.000929414
0.000927119
0.00092489
0.000922726
0.000920621
0.000918574
0.000916581
0.000914641
0.000912749
0.000910904
0.000909103
0.000907345
0.000905627
0.000903948
0.000902306
0.0009007
0.000899129
0.000897591
0.000896085
0.000894609
0.000893164
0.000994566
0.000989461
0.000984651
0.000980104
0.000975796
0.000971703
0.000967808
0.000964092
0.000960541
0.000957141
0.000953882
0.000950751
0.000947741
0.000944842
0.000942047
0.000939349
0.000936743
0.000934221
0.000931779
0.000929413
0.000927117
0.000924889
0.000922724
0.000920619
0.000918572
0.000916579
0.000914638
0.000912747
0.000910902
0.000909101
0.000907343
0.000905625
0.000903946
0.000902304
0.000900698
0.000899127
0.000897589
0.000896082
0.000894607
0.000893161
0.000994566
0.000989461
0.000984651
0.000980104
0.000975796
0.000971704
0.000967808
0.000964092
0.000960541
0.000957141
0.000953881
0.000950751
0.00094774
0.000944841
0.000942046
0.000939348
0.000936741
0.00093422
0.000931778
0.000929411
0.000927116
0.000924887
0.000922722
0.000920618
0.00091857
0.000916577
0.000914636
0.000912745
0.0009109
0.000909099
0.000907341
0.000905623
0.000903944
0.000902303
0.000900696
0.000899125
0.000897586
0.00089608
0.000894605
0.000893159
0.000994566
0.000989461
0.000984651
0.000980104
0.000975796
0.000971703
0.000967808
0.000964092
0.00096054
0.000957141
0.000953881
0.00095075
0.00094774
0.000944841
0.000942046
0.000939348
0.000936741
0.000934219
0.000931777
0.000929411
0.000927115
0.000924886
0.000922721
0.000920617
0.000918569
0.000916576
0.000914635
0.000912743
0.000910898
0.000909098
0.00090734
0.000905622
0.000903943
0.000902302
0.000900695
0.000899124
0.000897585
0.000896079
0.000894603
0.000893158
0.000994566
0.000989461
0.000984651
0.000980104
0.000975796
0.000971703
0.000967808
0.000964092
0.00096054
0.000957141
0.000953881
0.00095075
0.00094774
0.00094484
0.000942045
0.000939347
0.00093674
0.000934218
0.000931776
0.00092941
0.000927114
0.000924886
0.000922721
0.000920616
0.000918569
0.000916576
0.000914635
0.000912743
0.000910898
0.000909097
0.000907339
0.000905621
0.000903943
0.000902301
0.000900695
0.000899123
0.000897585
0.000896079
0.000894603
0.000893158
0.000994566
0.000989461
0.00098465
0.000980104
0.000975795
0.000971703
0.000967807
0.000964091
0.000960539
0.000957139
0.000953879
0.000950748
0.000947737
0.000944838
0.000942043
0.000939344
0.000936737
0.000934215
0.000931773
0.000929407
0.000927111
0.000924883
0.000922719
0.000920614
0.000918567
0.000916575
0.000914634
0.000912742
0.000910897
0.000909097
0.000907339
0.000905622
0.000903943
0.000902302
0.000900696
0.000899125
0.000897587
0.000896081
0.000894606
0.00089316
0.000994566
0.000989461
0.00098465
0.000980104
0.000975795
0.000971703
0.000967807
0.000964091
0.000960539
0.000957139
0.000953879
0.000950748
0.000947737
0.000944838
0.000942043
0.000939345
0.000936737
0.000934215
0.000931773
0.000929407
0.000927111
0.000924883
0.000922719
0.000920614
0.000918567
0.000916575
0.000914634
0.000912743
0.000910898
0.000909097
0.00090734
0.000905622
0.000903944
0.000902302
0.000900697
0.000899126
0.000897588
0.000896082
0.000894606
0.000893161
0.000994566
0.000989461
0.00098465
0.000980104
0.000975795
0.000971703
0.000967807
0.000964091
0.000960539
0.000957139
0.000953879
0.000950748
0.000947738
0.000944838
0.000942043
0.000939345
0.000936738
0.000934216
0.000931774
0.000929407
0.000927112
0.000924884
0.000922719
0.000920615
0.000918568
0.000916576
0.000914635
0.000912743
0.000910898
0.000909098
0.00090734
0.000905623
0.000903944
0.000902303
0.000900697
0.000899126
0.000897589
0.000896083
0.000894607
0.000893161
0.000994566
0.000989461
0.00098465
0.000980104
0.000975795
0.000971703
0.000967807
0.000964091
0.000960539
0.000957139
0.000953879
0.000950749
0.000947738
0.000944839
0.000942044
0.000939345
0.000936738
0.000934216
0.000931775
0.000929408
0.000927113
0.000924885
0.00092272
0.000920616
0.000918569
0.000916577
0.000914636
0.000912744
0.0009109
0.000909099
0.000907341
0.000905624
0.000903945
0.000902304
0.000900699
0.000899128
0.00089759
0.000896084
0.000894609
0.000893163
0.000994566
0.000989461
0.00098465
0.000980104
0.000975795
0.000971703
0.000967807
0.00096409
0.000960539
0.000957139
0.000953879
0.000950749
0.000947738
0.000944839
0.000942044
0.000939346
0.000936739
0.000934217
0.000931776
0.000929409
0.000927114
0.000924886
0.000922721
0.000920617
0.00091857
0.000916578
0.000914637
0.000912746
0.000910901
0.000909101
0.000907343
0.000905625
0.000903947
0.000902305
0.0009007
0.000899129
0.000897592
0.000896086
0.000894611
0.000893165
0.000994566
0.000989461
0.00098465
0.000980104
0.000975795
0.000971702
0.000967806
0.00096409
0.000960539
0.000957139
0.000953879
0.000950749
0.000947739
0.00094484
0.000942045
0.000939347
0.00093674
0.000934218
0.000931777
0.00092941
0.000927115
0.000924887
0.000922723
0.000920619
0.000918572
0.00091658
0.000914639
0.000912748
0.000910903
0.000909102
0.000907344
0.000905627
0.000903948
0.000902307
0.000900702
0.000899131
0.000897593
0.000896087
0.000894612
0.000893166
0.000994566
0.000989461
0.00098465
0.000980104
0.000975795
0.000971702
0.000967806
0.00096409
0.000960538
0.000957139
0.000953879
0.00095075
0.00094774
0.000944841
0.000942046
0.000939349
0.000936742
0.00093422
0.000931779
0.000929412
0.000927117
0.00092489
0.000922726
0.000920622
0.000918576
0.000916584
0.000914644
0.000912752
0.000910907
0.000909107
0.000907349
0.000905631
0.000903953
0.000902312
0.000900708
0.000899137
0.0008976
0.000896094
0.000894619
0.000893173
0.000994566
0.000989461
0.00098465
0.000980103
0.000975795
0.000971702
0.000967805
0.000964089
0.000960538
0.000957139
0.00095388
0.000950751
0.000947741
0.000944843
0.000942049
0.000939351
0.000936744
0.000934223
0.000931781
0.000929415
0.00092712
0.000924892
0.000922728
0.000920625
0.000918579
0.000916587
0.000914646
0.000912754
0.000910909
0.000909108
0.00090735
0.000905633
0.000903955
0.000902314
0.000900709
0.000899138
0.000897601
0.000896095
0.000894619
0.000893174
0.000994566
0.000989461
0.00098465
0.000980103
0.000975794
0.000971702
0.000967805
0.000964089
0.000960538
0.00095714
0.000953882
0.000950754
0.000947745
0.000944847
0.000942053
0.000939356
0.00093675
0.000934228
0.000931787
0.000929421
0.000927126
0.000924899
0.000922736
0.000920633
0.000918587
0.000916596
0.000914655
0.000912763
0.000910918
0.000909118
0.00090736
0.000905643
0.000903966
0.000902325
0.000900721
0.00089915
0.000897613
0.000896108
0.000894633
0.000893187
0.000994566
0.000989461
0.00098465
0.000980103
0.000975794
0.000971701
0.000967805
0.000964089
0.000960538
0.000957142
0.000953887
0.00095076
0.000947751
0.000944854
0.00094206
0.000939363
0.000936757
0.000934236
0.000931795
0.00092943
0.000927136
0.00092491
0.000922748
0.000920646
0.000918601
0.00091661
0.000914671
0.00091278
0.000910935
0.000909136
0.000907379
0.000905663
0.000903987
0.000902347
0.000900744
0.000899174
0.000897638
0.000896133
0.000894659
0.000893215
0.000994566
0.000989461
0.00098465
0.000980103
0.000975794
0.000971702
0.000967805
0.000964089
0.000960539
0.000957143
0.000953887
0.00095076
0.000947752
0.000944855
0.000942061
0.000939363
0.000936757
0.000934235
0.000931794
0.000929428
0.000927133
0.000924906
0.000922743
0.00092064
0.000918594
0.000916601
0.000914661
0.000912769
0.000910923
0.000909123
0.000907365
0.000905648
0.00090397
0.000902329
0.000900724
0.000899153
0.000897616
0.00089611
0.000894635
0.00089319
0.000994566
0.000989461
0.00098465
0.000980103
0.000975795
0.000971702
0.000967806
0.00096409
0.000960539
0.000957141
0.000953884
0.000950756
0.000947748
0.00094485
0.000942056
0.000939359
0.000936752
0.000934231
0.000931789
0.000929423
0.000927129
0.000924902
0.000922738
0.000920635
0.000918589
0.000916598
0.000914657
0.000912766
0.000910921
0.000909121
0.000907363
0.000905647
0.000903969
0.000902329
0.000900725
0.000899155
0.000897618
0.000896112
0.000894638
0.000893193
0.000994566
0.000989461
0.00098465
0.000980104
0.000975795
0.000971702
0.000967806
0.00096409
0.00096054
0.000957141
0.000953883
0.000950754
0.000947745
0.000944848
0.000942054
0.000939357
0.000936751
0.00093423
0.000931788
0.000929423
0.000927128
0.000924901
0.000922737
0.000920634
0.000918588
0.000916596
0.000914655
0.000912764
0.000910919
0.000909119
0.000907361
0.000905644
0.000903966
0.000902325
0.00090072
0.00089915
0.000897613
0.000896107
0.000894633
0.000893187
0.000994566
0.000989461
0.00098465
0.000980104
0.000975795
0.000971703
0.000967807
0.000964091
0.00096054
0.000957141
0.000953883
0.000950753
0.000947744
0.000944846
0.000942052
0.000939354
0.000936748
0.000934226
0.000931784
0.000929418
0.000927123
0.000924895
0.00092273
0.000920626
0.00091858
0.000916587
0.000914646
0.000912754
0.000910909
0.000909109
0.000907351
0.000905633
0.000903954
0.000902313
0.000900708
0.000899137
0.0008976
0.000896094
0.000894619
0.000893173
0.000994566
0.000989461
0.00098465
0.000980104
0.000975795
0.000971703
0.000967807
0.000964092
0.000960541
0.000957141
0.000953882
0.000950753
0.000947743
0.000944845
0.00094205
0.000939353
0.000936746
0.000934224
0.000931783
0.000929416
0.000927121
0.000924893
0.000922728
0.000920624
0.000918577
0.000916585
0.000914644
0.000912752
0.000910907
0.000909106
0.000907348
0.00090563
0.000903952
0.00090231
0.000900705
0.000899134
0.000897596
0.00089609
0.000894615
0.000893169
0.000994566
0.000989461
0.00098465
0.000980104
0.000975796
0.000971703
0.000967808
0.000964092
0.000960541
0.000957141
0.000953882
0.000950752
0.000947742
0.000944843
0.000942049
0.000939351
0.000936744
0.000934222
0.00093178
0.000929414
0.000927118
0.00092489
0.000922725
0.000920621
0.000918574
0.000916581
0.00091464
0.000912748
0.000910903
0.000909102
0.000907344
0.000905626
0.000903948
0.000902306
0.000900701
0.000899129
0.000897591
0.000896085
0.00089461
0.000893164
0.000994566
0.000989461
0.00098465
0.000980104
0.000975796
0.000971703
0.000967808
0.000964092
0.000960541
0.000957141
0.000953882
0.000950751
0.000947741
0.000944842
0.000942047
0.00093935
0.000936743
0.000934221
0.000931779
0.000929412
0.000927117
0.000924889
0.000922724
0.000920619
0.000918572
0.000916579
0.000914638
0.000912746
0.000910901
0.000909101
0.000907342
0.000905625
0.000903946
0.000902304
0.000900699
0.000899127
0.000897589
0.000896083
0.000894608
0.000893162
0.000994566
0.000989461
0.00098465
0.000980104
0.000975796
0.000971703
0.000967808
0.000964092
0.000960541
0.000957141
0.000953881
0.000950751
0.00094774
0.000944841
0.000942046
0.000939348
0.000936741
0.00093422
0.000931778
0.000929411
0.000927116
0.000924887
0.000922722
0.000920618
0.00091857
0.000916578
0.000914636
0.000912744
0.000910899
0.000909099
0.000907341
0.000905623
0.000903944
0.000902302
0.000900697
0.000899125
0.000897587
0.000896081
0.000894605
0.00089316
0.000994566
0.000989461
0.00098465
0.000980104
0.000975796
0.000971703
0.000967808
0.000964092
0.000960541
0.000957141
0.000953881
0.00095075
0.00094774
0.000944841
0.000942046
0.000939348
0.000936741
0.000934219
0.000931777
0.00092941
0.000927115
0.000924886
0.000922721
0.000920617
0.000918569
0.000916576
0.000914635
0.000912743
0.000910898
0.000909098
0.00090734
0.000905622
0.000903943
0.000902301
0.000900695
0.000899124
0.000897586
0.00089608
0.000894604
0.000893159
0.000994566
0.000989461
0.00098465
0.000980104
0.000975796
0.000971703
0.000967808
0.000964092
0.000960541
0.000957141
0.000953881
0.00095075
0.00094774
0.000944841
0.000942045
0.000939347
0.00093674
0.000934218
0.000931776
0.00092941
0.000927114
0.000924886
0.000922721
0.000920616
0.000918569
0.000916576
0.000914635
0.000912743
0.000910897
0.000909097
0.000907338
0.000905621
0.000903942
0.000902301
0.000900695
0.000899124
0.000897586
0.00089608
0.000894605
0.000893159
0.000962819
0.000500988
5.09958e-05
0.000966615
0.000970226
0.000479387
3.37182e-05
4.38402e-05
0.000962378
0.000965706
0.000533569
2.87658e-05
0.00096948
0.000977037
0.000972413
0.000465386
3.39003e-05
0.000968744
0.000973198
0.000449649
3.39174e-05
2.86907e-05
0.000972004
0.00098128
0.000506236
2.85738e-05
0.000972872
0.000983088
0.000973511
0.000447776
3.39339e-05
0.000969005
0.000973625
0.000446967
3.39109e-05
2.85733e-05
0.00097322
0.00098385
0.000500043
2.85285e-05
0.000973337
0.000984123
0.000973626
0.000446945
3.39111e-05
0.000968936
0.000973508
0.000447609
3.39356e-05
2.85286e-05
0.000973337
0.000984124
0.000502919
2.85744e-05
0.000973221
0.00098386
0.000973181
0.00044935
3.392e-05
0.000968185
0.000972367
0.000462728
3.38926e-05
2.8576e-05
0.000972889
0.000983137
0.000524975
2.87173e-05
0.000972065
0.000981388
0.000970161
0.000476406
3.37089e-05
0.000961034
0.000962768
0.000505158
5.10917e-05
2.87963e-05
0.000969572
0.000977182
0.000451496
4.37957e-05
0.000962428
0.000965791
0.000954252
0.000956924
0.000956044
0.00095657
0.000955522
0.000970964
0.000943308
0.000956918
0.000955885
0.000954489
0.000848397
0.000554399
0.000956928
0.000956584
0.000957757
0.000959134
0.000964081
0.000958961
0.00095818
0.000959318
0.00097271
0.000963062
7.3456e-05
0.00206943
0.000973285
0.000973461
5.45043e-05
0.00219575
0.0009658
0.000958914
0.000957982
0.000959396
0.000979254
0.000959032
0.000958553
0.000683515
6.30844e-05
0.000973454
0.000465868
0.000735433
4.51316e-05
0.000992104
0.00189786
0.000969663
0.000970123
4.84805e-05
0.00213352
0.000986828
0.000990462
0.000958463
0.000959445
0.000973388
0.000959084
0.000958613
0.000959508
0.000973592
0.000975572
5.41879e-05
0.002181
0.000976203
0.00097628
5.44752e-05
0.00218813
0.000980244
0.000959137
0.000958965
0.000959611
0.000980803
0.000959191
0.000959194
0.000885382
4.13305e-05
0.00101648
0.000516045
0.000891859
4.13868e-05
0.00101775
0.00213168
0.000993279
0.000998814
4.85291e-05
0.00208129
0.000995331
0.00100151
0.000958699
0.000959546
0.000973728
0.000959121
0.000958733
0.000959559
0.000973737
0.000976668
5.45244e-05
0.00218884
0.000976663
0.000976803
5.45094e-05
0.00218831
0.000980935
0.000959228
0.000959327
0.000959666
0.000980775
0.00095924
0.000959378
0.000861838
4.15169e-05
0.00102036
0.000501611
0.000863587
4.15038e-05
0.00102037
0.00207733
0.000996032
0.00100238
4.84607e-05
0.00207123
0.000996232
0.0010026
0.000958733
0.00095956
0.000973739
0.000959111
0.000958699
0.000959545
0.000973725
0.000976805
5.45097e-05
0.00218829
0.000976551
0.000976672
5.45258e-05
0.00218856
0.000980779
0.000959241
0.000959378
0.000959652
0.000980952
0.000959227
0.000959327
0.000859547
4.15159e-05
0.00102045
0.000500554
0.000858861
4.15105e-05
0.00102057
0.00207126
0.000996231
0.0010026
4.85401e-05
0.00207775
0.000996034
0.00100238
0.000958612
0.000959509
0.000973588
0.000959042
0.00095846
0.000959443
0.000973206
0.000976277
5.44765e-05
0.00218774
0.000975428
0.000975523
5.417e-05
0.00217972
0.000980839
0.000959193
0.000959197
0.00095954
0.00098058
0.000959137
0.000958972
0.000873019
4.14729e-05
0.0010198
0.000509754
0.000868696
4.14676e-05
0.00101956
0.0020818
0.000995351
0.00100152
4.8605e-05
0.00213326
0.000993364
0.000998917
0.000958175
0.000959318
0.000972499
0.000958868
0.000957754
0.000959133
0.000964017
0.000973399
5.44806e-05
0.00219443
0.000963427
0.000963046
7.34114e-05
0.00206685
0.00097963
0.000959034
0.00095856
0.000959186
0.000965905
0.000958915
0.000957987
0.000819811
4.09671e-05
0.00101355
0.000528455
0.000870867
4.22626e-05
0.0010052
0.00213525
0.00098695
0.000990602
7.1962e-05
0.0019006
0.000969735
0.000970186
0.00095551
0.000970845
0.000937437
0.000955755
0.000954251
0.000956917
0.000956032
0.000555812
0.000956936
0.000956592
0.000957336
0.000956936
0.000955887
0.000954491
0.000755851
0.000967976
6.42846e-05
0.000468216
0.00082177
0.00098223
4.43421e-05
0.000621329
0.00107697
4.34498e-05
3.57294e-05
0.0010699
0.000926871
3.03294e-05
0.00107654
0.000500464
0.000993653
4.15772e-05
0.000990778
4.13065e-05
0.00108102
0.000521843
3.37218e-05
0.000995964
2.75417e-05
0.000991948
2.77119e-05
0.000487953
0.00056944
4.28853e-05
0.00100507
3.11968e-05
0.00074262
3.0133e-05
0.000510619
0.000822191
0.00052804
4.09946e-05
0.00101269
4.22888e-05
0.00100439
0.000873203
0.000582643
2.8707e-05
2.67522e-05
0.000433713
2.74435e-05
0.00044519
0.000545324
0.00108789
0.000995466
4.18396e-05
0.000457436
0.00108558
0.000995779
4.1918e-05
0.000473723
0.00101582
2.75628e-05
3.39063e-05
0.000480818
0.000997948
2.75328e-05
0.00108974
0.000451777
0.000996416
4.20417e-05
0.000996259
4.20293e-05
0.00109055
0.000473169
3.39318e-05
0.000988549
2.7532e-05
0.00099581
2.75448e-05
0.000470981
0.000520013
2.67599e-05
0.00042446
2.86188e-05
0.000532971
2.6703e-05
0.000417685
0.000874371
0.000509659
4.14686e-05
0.00101971
4.14623e-05
0.00101937
0.000869507
0.000518782
2.86111e-05
2.66642e-05
0.000415183
2.66957e-05
0.000417495
0.000513467
0.00109155
0.000996703
4.20874e-05
0.000447139
0.0010913
0.000996733
4.20789e-05
0.000470415
0.0009889
2.75438e-05
3.39159e-05
0.000471292
0.000985464
2.7531e-05
0.00109176
0.000446631
0.00099691
4.20724e-05
0.000996837
4.20845e-05
0.00109177
0.000470684
3.39124e-05
0.000985266
2.75266e-05
0.000985768
2.75288e-05
0.000470683
0.000511103
2.66663e-05
0.000415506
2.85472e-05
0.000513443
2.66452e-05
0.000414458
0.000859677
0.000500541
4.15158e-05
0.00102045
4.15097e-05
0.00102056
0.000858902
0.000511389
2.85383e-05
2.66333e-05
0.000414245
2.66395e-05
0.000414669
0.000510608
0.00109176
0.000996912
4.20724e-05
0.000446579
0.00109178
0.000996831
4.20846e-05
0.000470593
0.000985279
2.75267e-05
3.3913e-05
0.000470665
0.000985735
2.75289e-05
0.00109155
0.000447028
0.000996679
4.20878e-05
0.000996726
4.20792e-05
0.00109129
0.000470266
3.39169e-05
0.000989014
2.75445e-05
0.000985461
2.75313e-05
0.000471052
0.000511494
2.66335e-05
0.000414244
2.85386e-05
0.000510645
2.664e-05
0.000414669
0.000861592
0.00050165
4.15195e-05
0.00102041
4.15052e-05
0.00102039
0.000863114
0.000511283
2.85479e-05
2.66678e-05
0.00041551
2.66462e-05
0.00041446
0.000513736
0.00108968
0.00099637
4.20424e-05
0.000451384
0.00109051
0.000996151
4.20332e-05
0.000472798
0.000988999
2.75335e-05
3.39355e-05
0.000470642
0.000996947
2.75487e-05
0.00108793
0.000455948
0.000994909
4.18994e-05
0.00099546
4.1949e-05
0.00108566
0.000473078
3.39049e-05
0.00101673
2.75695e-05
0.000999041
2.75382e-05
0.000479887
0.000519355
2.66665e-05
0.000415171
2.86153e-05
0.00051391
2.66985e-05
0.000417465
0.000884045
0.00051685
4.13021e-05
0.00101725
4.13757e-05
0.00101821
0.000890036
0.000521123
2.86333e-05
2.67725e-05
0.000425147
2.67101e-05
0.000417962
0.000534626
0.00107645
0.000993036
4.16399e-05
0.000497766
0.00108104
0.000990161
4.13705e-05
0.000521126
0.000997179
2.75494e-05
3.37085e-05
0.000487176
0.0009924
2.7718e-05
0.000760032
0.000469348
0.000967819
6.4281e-05
0.000981754
4.43996e-05
0.000826739
0.000621372
3.57072e-05
0.00107698
4.36454e-05
0.000924502
3.03308e-05
0.0010696
0.000583611
2.67664e-05
0.000434499
2.87373e-05
0.000546804
2.74572e-05
0.000446047
0.000680053
0.000463223
6.30951e-05
0.000973664
4.51091e-05
0.000992725
0.000732366
0.000567784
3.12321e-05
4.2722e-05
0.001009
3.01487e-05
0.000512116
0.000742671
0.000951151
0.000954666
0.000953234
0.000954168
0.000953043
0.00106246
0.00108181
0.000954272
0.000953048
0.000951625
0.000614591
0.00109467
0.000955675
0.000954597
0.00101019
4.98536e-05
0.00086862
0.0011413
0.000345222
0.00111853
0.000292932
0.000968769
4.85337e-05
0.000942514
0.00107315
0.000328074
0.00107661
0.000325551
0.000917078
4.8496e-05
0.000914012
0.00106286
0.000318575
0.00106124
0.000317429
0.000911741
4.84807e-05
0.000912739
0.0010611
0.000316375
0.00106145
0.000316863
0.000921118
4.85813e-05
0.000929446
0.00106347
0.000319875
0.0010656
0.000322443
0.00097882
4.82123e-05
0.000982155
0.00116276
0.000334162
0.00111342
0.000319196
0.000953044
0.0010604
0.00107915
0.00095269
0.000951152
0.000954653
0.000953222
0.00109472
0.000955686
0.000954602
0.000955784
0.000954287
0.000953049
0.000951622
0.0010838
5.70078e-05
0.00111123
0.0011211
0.000543482
0.00108777
0.00042914
5.47949e-05
0.00111792
0.00111483
0.00113335
0.000418256
0.000442566
0.00113827
4.81404e-05
0.000978247
0.000981133
0.00116217
0.00033323
0.000318436
0.00111302
0.00112435
5.43444e-05
0.00112661
0.00114842
0.000398065
0.00114632
0.000395214
5.44614e-05
0.00112958
0.00112904
0.00115136
0.000394256
0.000393668
0.00115165
4.85698e-05
0.00092138
0.000929891
0.00106333
0.000319875
0.000322422
0.00106558
0.00113054
5.45077e-05
0.00113055
0.00115253
0.000394028
0.00115277
0.000394483
5.45098e-05
0.00113078
0.00113082
0.00115283
0.0003949
0.000394439
0.00115274
4.84801e-05
0.000911749
0.000912771
0.00106111
0.000316376
0.000316865
0.00106145
0.00113078
5.45104e-05
0.0011308
0.00115281
0.000394893
0.00115275
0.000394435
5.45086e-05
0.00113048
0.00113053
0.00115251
0.000394015
0.000394468
0.0011527
4.84976e-05
0.000916938
0.000913951
0.00106286
0.000318567
0.000317428
0.00106125
0.00112947
5.44621e-05
0.00112889
0.00115118
0.000394224
0.00115152
0.000393558
5.43368e-05
0.00112426
0.00112651
0.00114823
0.00039646
0.000394331
0.00114609
4.85703e-05
0.000969073
0.000942374
0.00107323
0.000328978
0.000325948
0.00107683
0.0011178
5.47628e-05
0.00111465
0.00113303
0.000416399
0.001138
0.000440935
5.69587e-05
0.00108396
0.00111118
0.00112094
0.000545578
0.000429405
0.00108791
4.99368e-05
0.00101603
0.000871576
0.00114159
0.000345154
0.000293081
0.00111837
0.000957197
0.000958869
0.000957484
0.000958863
0.000957426
0.000959006
0.000958397
0.000948088
0.000951932
0.000950638
0.000951592
0.000950161
0.00100753
0.00100864
0.000957552
0.000958834
0.000957238
0.000959035
0.000958602
0.000958883
0.000957523
0.000951351
0.000950178
0.000948733
0.00102565
0.00102458
0.000953397
0.000952113
0.000953828
0.000955863
0.000954531
0.00095548
0.000953906
0.000956194
0.000955089
0.000950664
0.000953034
0.000951479
0.000952331
0.000950769
0.00095363
0.000952073
0.000960547
0.00150566
0.00150633
0.000972551
0.000971866
0.00155331
0.00155454
0.00148076
0.000968565
0.00096735
0.00155571
0.00155561
0.000990213
0.00099046
0.000955043
0.000955489
0.000953945
0.000956581
0.000955893
0.000955557
0.000954103
0.000952446
0.000952424
0.00095091
0.000954954
0.000953501
0.000952638
0.000951145
0.000953963
0.000956379
0.000955378
0.000955535
0.000953997
0.000956501
0.000955534
0.000950832
0.000953935
0.000952388
0.000952438
0.00095088
0.000954114
0.000952598
0.000975139
0.00155971
0.00156187
0.000976702
0.000976304
0.00156556
0.00156826
0.00154723
0.000999608
0.00100124
0.00154909
0.00154076
0.00100249
0.00100432
0.000956486
0.000955622
0.000954222
0.000957103
0.000956826
0.000955656
0.000954307
0.000954173
0.00095278
0.000951293
0.000956106
0.000954572
0.000952903
0.000951429
0.000954019
0.000956554
0.000955616
0.000955556
0.00095403
0.000956582
0.000955654
0.000950905
0.000954213
0.000952701
0.000952476
0.000950921
0.000954259
0.000952754
0.000976804
0.00156673
0.00156954
0.000977367
0.00097697
0.00156662
0.00156943
0.00153906
0.00100335
0.00100521
0.00154704
0.00153837
0.00100357
0.00100541
0.000957008
0.000955684
0.000954358
0.000957254
0.000957088
0.000955694
0.000954384
0.000954803
0.000952967
0.000951498
0.000956432
0.000954905
0.000953005
0.000951541
0.000954029
0.000956583
0.000955654
0.00095555
0.000954019
0.000956553
0.000955616
0.00095092
0.000954259
0.000952755
0.000952462
0.000950906
0.000954213
0.000952702
0.000976971
0.0015666
0.00156941
0.000977194
0.000976798
0.00156662
0.00156942
0.00153842
0.00100357
0.00100541
0.00154786
0.00153924
0.00100335
0.00100521
0.000957087
0.000955695
0.000954384
0.000957203
0.000957008
0.000955684
0.000954358
0.000954903
0.000953005
0.000951541
0.000956338
0.000954804
0.000952967
0.000951498
0.000953997
0.000956501
0.000955534
0.000955518
0.000953962
0.000956376
0.000955375
0.000950879
0.000954115
0.000952599
0.000952393
0.000950833
0.000953932
0.000952386
0.000976276
0.00156533
0.00156802
0.000975455
0.000975058
0.00155962
0.00156184
0.00154116
0.00100251
0.00100435
0.00155516
0.00154788
0.000999736
0.0010014
0.000956827
0.000955657
0.000954308
0.000956894
0.000956492
0.000955622
0.000954223
0.000954573
0.000952904
0.000951428
0.000955711
0.000954181
0.000952781
0.000951293
0.000953905
0.000956191
0.000955084
0.000955439
0.000953828
0.00095586
0.000954527
0.000950767
0.000953625
0.000952069
0.000952234
0.000950665
0.00095303
0.000951476
0.000971772
0.00155321
0.00155449
0.000961716
0.000960525
0.00150503
0.00150561
0.00155658
0.000990379
0.000990659
0.00148278
0.0014819
0.000968632
0.000967426
0.0009559
0.000955558
0.000954104
0.000956104
0.000955048
0.00095549
0.000953946
0.000953507
0.000952639
0.000951145
0.000953853
0.000952449
0.000952424
0.00095091
0.000957424
0.000959006
0.000958392
0.000958825
0.000957197
0.000958869
0.000957483
0.000950166
0.00100686
0.00100794
0.000949607
0.000948089
0.000951912
0.000950611
0.000958609
0.000958883
0.000957525
0.000958884
0.000957556
0.000958835
0.000957239
0.000423112
0.000961746
0.000981419
0.000961082
0.000961927
0.00098107
0.00095863
0.00101709
0.000856598
0.00100657
0.00102613
0.000969146
0.000970572
0.00100763
0.00102461
0.000953401
0.000952116
0.000952814
0.000951362
0.000950173
0.000948726
0.000960275
0.000455122
0.000973469
0.000959424
0.000960704
0.000958168
0.000973295
0.000983444
0.000567342
0.000979635
0.000960416
0.00098429
0.000961632
0.000980925
0.000426098
0.000961687
0.000981092
0.000961019
0.000961877
0.000980791
0.000958615
0.000414894
0.00100233
0.000992507
0.000963512
0.00100107
0.000995597
0.000966602
0.000959643
0.000969028
0.000960874
0.000958942
0.000959346
0.000958686
0.000959779
0.000971799
0.000962686
0.000962004
0.000959284
0.000960541
0.000960322
0.000959422
0.00112629
0.00109075
0.00150675
0.00227252
0.00108963
0.00113044
0.00108202
0.00114328
0.00223832
0.00115824
0.0010539
0.00115072
0.00110062
0.00114952
0.000960371
0.000972598
0.000961912
0.000959164
0.000959558
0.000958835
0.000960053
0.000976643
0.000964372
0.00096337
0.000959589
0.000960976
0.000960685
0.000959775
0.00116315
0.00109733
0.00113364
0.00209094
0.00112858
0.000964022
0.00117754
0.00119833
0.00213061
0.00162943
0.00124544
0.0013043
0.00121993
0.00121645
0.000963232
0.000973385
0.000963409
0.00095968
0.000960853
0.000959644
0.000960898
0.000973569
0.000963722
0.000963619
0.000959787
0.000961074
0.000961038
0.000959822
0.00116128
0.00116939
0.00101098
0.00218502
0.00115905
0.00117167
0.000998385
0.00116453
0.00218803
0.00117525
0.00098625
0.00117516
0.000987925
0.0011647
0.000965165
0.000980447
0.000965454
0.000960119
0.000961332
0.000960062
0.000961397
0.000980798
0.000965954
0.000965812
0.000960267
0.000961604
0.00096156
0.000960312
0.00123229
0.00189099
0.00126117
0.00210082
0.00122989
0.00208644
0.00126516
0.00123654
0.00209053
0.00206696
0.00127143
0.0020755
0.00127062
0.0012369
0.000963823
0.000973679
0.000963849
0.000959887
0.000961156
0.000959878
0.000961156
0.00097371
0.000963899
0.000963883
0.000959907
0.000961188
0.000961182
0.000959913
0.00116551
0.00117645
0.000983889
0.00218851
0.00116589
0.00117598
0.000984116
0.0011658
0.00218838
0.00117613
0.000984052
0.00117624
0.00098345
0.00116569
0.000966121
0.000980826
0.000966153
0.000960399
0.000961696
0.000960387
0.000961692
0.000980826
0.000966215
0.000966208
0.000960427
0.000961727
0.000961719
0.000960432
0.00123868
0.00206259
0.00127412
0.00207363
0.00123894
0.00205916
0.00127398
0.00123938
0.00207231
0.00205655
0.0012748
0.00205758
0.00127495
0.00123921
0.0009639
0.000973708
0.000963882
0.000959907
0.00096119
0.000959913
0.000961182
0.000973681
0.000963821
0.000963849
0.000959887
0.000961156
0.000961157
0.000959878
0.00116577
0.00117613
0.000984059
0.0021883
0.00116569
0.00117621
0.000983479
0.00116547
0.00218833
0.00117634
0.000983859
0.00117594
0.000984131
0.0011658
0.000966216
0.000980831
0.000966209
0.000960427
0.000961727
0.000960431
0.000961719
0.000980836
0.000966127
0.000966156
0.000960401
0.000961698
0.000961693
0.000960389
0.00123943
0.00205658
0.00127482
0.00207244
0.00123922
0.00205769
0.001275
0.00123874
0.00207389
0.00206291
0.00127428
0.00205936
0.00127406
0.00123907
0.000963717
0.000973549
0.000963605
0.000959784
0.000961075
0.000959822
0.000961037
0.000973295
0.000963186
0.00096338
0.000959675
0.000960844
0.000960894
0.000959637
0.00116431
0.00117507
0.000986132
0.00218749
0.00116455
0.0011749
0.000987525
0.00116102
0.00218412
0.00116895
0.00100794
0.00117134
0.000996639
0.00115871
0.000965967
0.000980867
0.000965835
0.00096027
0.000961607
0.000960314
0.000961566
0.000980644
0.000965228
0.000965497
0.000960127
0.000961349
0.000961409
0.000960072
0.00123689
0.0020674
0.0012717
0.00209137
0.00123712
0.00207621
0.00127103
0.0012329
0.0021017
0.00189896
0.0012623
0.00208741
0.00126592
0.0012308
0.000962636
0.000971575
0.000961953
0.000959276
0.000960531
0.000959414
0.000960311
0.000968844
0.00095962
0.000960832
0.000958936
0.000959339
0.000959768
0.000958682
0.00114284
0.00115774
0.00104999
0.0022372
0.00114914
0.00115018
0.00109658
0.00112604
0.002272
0.00109083
0.00151686
0.0011301
0.00108171
0.00108973
0.000964444
0.000976996
0.000963436
0.000959599
0.000960994
0.000959785
0.000960703
0.000972878
0.000960401
0.000961965
0.000959173
0.00095957
0.000960069
0.000958841
0.00119906
0.00163096
0.00124658
0.00213229
0.00121738
0.0013043
0.00122081
0.00116353
0.00209205
0.00109577
0.00113349
0.000963804
0.00117802
0.00112845
0.000960231
0.000457809
0.000973222
0.000959381
0.000960671
0.000958158
0.000973119
0.000983319
0.000567154
0.000979385
0.000960359
0.000984166
0.000961603
0.000980743
0.000413774
0.00100246
0.000992851
0.000963598
0.00100134
0.000995909
0.00096665
0.000988226
0.000986149
0.0010705
0.000962809
0.000990328
0.000963545
0.000985942
0.000993614
0.00107733
0.000991915
0.000963987
0.000984532
0.000964567
0.000985258
0.0010171
0.00100639
0.000854574
0.000969135
0.00102621
0.000970589
0.00100747
0.00109357
0.00103441
0.00103079
0.000971097
0.00100654
0.00100725
0.000971707
0.000988215
0.00106839
0.000986067
0.00099037
0.000962821
0.000963591
0.000985856
0.000993704
0.00107492
0.000991983
0.000964054
0.000984417
0.000964651
0.000985157
0.00109362
0.00103427
0.00103069
0.000971058
0.00100669
0.0010074
0.000971647
0.000953903
0.000955563
0.000953962
0.000955571
0.000953967
0.000955715
0.000954191
0.00095071
0.000952373
0.000950793
0.000952373
0.000950798
0.000952617
0.000951043
0.000953993
0.000955553
0.00095393
0.000955772
0.000954311
0.000955602
0.000954032
0.000950855
0.000952333
0.000950762
0.000952793
0.000951233
0.000952483
0.000950941
0.000953859
0.000955531
0.000953922
0.000955509
0.000953873
0.000955626
0.000954085
0.000950658
0.000952337
0.000950774
0.000952268
0.000950692
0.000952524
0.000950964
0.000954006
0.000955526
0.000953896
0.000955706
0.000954284
0.000955535
0.000953929
0.000950964
0.000952299
0.000950736
0.000952843
0.00095138
0.00095237
0.000950831
0.000957076
0.000958813
0.000957196
0.000958791
0.00095709
0.000958827
0.000957281
0.00096047
0.000962252
0.000960529
0.000962248
0.000960487
0.000962258
0.000960572
0.00096054
0.000962244
0.00096048
0.000962262
0.000960589
0.000962251
0.000960499
0.00095726
0.000958797
0.000957095
0.000958848
0.000957379
0.000958801
0.000957113
0.000957106
0.00095884
0.000957335
0.000958801
0.000957111
0.000958846
0.000957372
0.000960499
0.000962265
0.000960609
0.000962253
0.000960508
0.000962267
0.000960627
0.000960629
0.000962255
0.000960515
0.000962273
0.00096065
0.000962257
0.000960525
0.00095746
0.000958813
0.000957137
0.000958876
0.00095752
0.000958814
0.000957145
0.000957118
0.000958853
0.000957391
0.000958806
0.00095712
0.000958854
0.0009574
0.000960512
0.000962271
0.000960639
0.000962255
0.000960515
0.000962271
0.000960643
0.000960662
0.000962259
0.000960531
0.000962277
0.000960668
0.00096226
0.000960534
0.00095755
0.000958821
0.000957157
0.000958888
0.000957565
0.000958821
0.000957159
0.000957119
0.000958855
0.0009574
0.000958806
0.000957118
0.000958853
0.00095739
0.000960515
0.000962271
0.000960643
0.000962255
0.000960513
0.00096227
0.000960638
0.000960667
0.00096226
0.000960534
0.000962276
0.000960663
0.000962259
0.000960531
0.000957565
0.000958821
0.000957159
0.000958885
0.000957551
0.00095882
0.000957156
0.00095711
0.000958847
0.000957372
0.0009588
0.000957106
0.00095884
0.000957334
0.000960507
0.000962268
0.000960627
0.000962252
0.0009605
0.000962265
0.000960608
0.00096065
0.000962257
0.000960525
0.00096227
0.00096063
0.000962255
0.000960515
0.00095752
0.000958814
0.000957145
0.000958867
0.000957462
0.000958813
0.000957137
0.000957089
0.000958827
0.00095728
0.000958788
0.000957077
0.000958813
0.000957195
0.000960487
0.000962259
0.000960573
0.000962242
0.000960471
0.000962252
0.000960529
0.000960589
0.000962251
0.000960499
0.000962255
0.000960541
0.000962244
0.00096048
0.00095738
0.000958801
0.000957113
0.00095883
0.000957262
0.000958797
0.000957095
0.000953872
0.000955625
0.000954083
0.000955505
0.000953859
0.000955531
0.000953921
0.00095069
0.000952523
0.000950964
0.000952244
0.000950659
0.000952337
0.000950774
0.000954285
0.000955535
0.000953929
0.000955566
0.000954008
0.000955526
0.000953896
0.000951378
0.000952371
0.000950832
0.000952478
0.000950965
0.000952299
0.000950736
0.000953966
0.000955715
0.000954191
0.000955538
0.000953903
0.000955563
0.000953961
0.000950796
0.000952616
0.000951041
0.000952294
0.000950711
0.000952372
0.000950793
0.000954312
0.000955603
0.000954033
0.000955581
0.000953994
0.000955554
0.000953931
0.000951231
0.000952483
0.00095094
0.000952422
0.000950855
0.000952333
0.000950762
)
;

boundaryField
{
    inlet
    {
        type            calculated;
        value           uniform 0.001;
    }
    outlet
    {
        type            calculated;
        value           nonuniform List<scalar> 
320
(
0.000893161
0.00089316
0.000893161
0.000893162
0.000893164
0.000893166
0.000893173
0.000893173
0.000893187
0.000893214
0.000893189
0.000893193
0.000893187
0.000893172
0.000893168
0.000893163
0.000893161
0.000893159
0.000893158
0.000893157
0.00089316
0.00089316
0.000893161
0.000893162
0.000893164
0.000893165
0.000893173
0.000893173
0.000893197
0.000893255
0.000893213
0.000893213
0.000893191
0.000893173
0.000893168
0.000893163
0.000893161
0.000893158
0.000893157
0.000893157
0.00089316
0.00089316
0.000893161
0.000893162
0.000893164
0.000893167
0.000893175
0.000893174
0.000893237
0.000893438
0.000893338
0.000893249
0.00089321
0.000893177
0.000893169
0.000893164
0.000893161
0.000893159
0.000893158
0.000893157
0.00089316
0.00089316
0.000893161
0.000893163
0.000893164
0.000893169
0.000893175
0.000893188
0.000893363
0.000896407
0.000894042
0.00089346
0.000893222
0.000893186
0.000893169
0.000893165
0.000893161
0.000893159
0.000893158
0.000893157
0.00089316
0.00089316
0.000893161
0.000893163
0.000893164
0.000893172
0.000893173
0.000893251
0.000893788
0.000945094
0.000926068
0.000895346
0.000893259
0.000893199
0.000893171
0.000893165
0.000893162
0.000893159
0.000893158
0.000893158
0.00089316
0.00089316
0.000893161
0.000893163
0.000893165
0.000893173
0.000893179
0.000893347
0.000898721
0.00118016
0.00118701
0.0008993
0.000893441
0.000893197
0.000893175
0.000893166
0.000893162
0.000893159
0.000893158
0.000893158
0.00089316
0.00089316
0.000893161
0.000893163
0.000893166
0.000893171
0.000893199
0.000893565
0.00091616
0.00119706
0.00117693
0.000909198
0.000893412
0.000893203
0.000893178
0.000893166
0.000893163
0.00089316
0.000893158
0.000893158
0.00089316
0.00089316
0.000893161
0.000893163
0.000893166
0.000893169
0.000893206
0.000893659
0.000919985
0.00119687
0.00116498
0.000911192
0.000893387
0.000893204
0.000893179
0.000893166
0.000893163
0.00089316
0.000893158
0.000893158
0.00089316
0.00089316
0.000893161
0.000893163
0.000893166
0.000893169
0.000893206
0.000893657
0.000919893
0.00119687
0.00116508
0.000911199
0.000893387
0.000893203
0.000893179
0.000893166
0.000893163
0.00089316
0.000893158
0.000893158
0.00089316
0.00089316
0.000893161
0.000893163
0.000893166
0.000893171
0.000893198
0.00089356
0.000915969
0.00119727
0.0011771
0.000909284
0.000893412
0.000893203
0.000893178
0.000893166
0.000893163
0.00089316
0.000893158
0.000893158
0.00089316
0.00089316
0.000893161
0.000893163
0.000893165
0.000893173
0.000893179
0.000893345
0.000898603
0.00117998
0.00118794
0.000899369
0.00089344
0.000893197
0.000893175
0.000893166
0.000893162
0.000893159
0.000893158
0.000893158
0.00089316
0.00089316
0.000893161
0.000893163
0.000893164
0.000893172
0.000893173
0.00089325
0.00089378
0.000944716
0.000926235
0.000895347
0.000893259
0.0008932
0.000893171
0.000893166
0.000893162
0.000893159
0.000893158
0.000893158
0.00089316
0.00089316
0.000893161
0.000893162
0.000893164
0.000893169
0.000893175
0.000893188
0.000893361
0.000896372
0.000894039
0.000893459
0.000893222
0.000893186
0.000893169
0.000893165
0.000893161
0.000893159
0.000893158
0.000893158
0.00089316
0.00089316
0.000893161
0.000893162
0.000893164
0.000893167
0.000893175
0.000893174
0.000893237
0.000893436
0.000893338
0.000893248
0.000893211
0.000893177
0.000893169
0.000893164
0.000893161
0.000893159
0.000893158
0.000893158
0.00089316
0.000893159
0.000893161
0.000893162
0.000893164
0.000893166
0.000893173
0.000893173
0.000893197
0.000893255
0.000893213
0.000893214
0.000893192
0.000893174
0.000893168
0.000893164
0.000893161
0.000893159
0.000893158
0.000893158
0.00089316
0.000893161
0.000893161
0.000893163
0.000893165
0.000893166
0.000893173
0.000893174
0.000893187
0.000893215
0.00089319
0.000893193
0.000893187
0.000893173
0.000893169
0.000893164
0.000893162
0.00089316
0.000893159
0.000893159
)
;
    }
    top
    {
        type            calculated;
        value           nonuniform List<scalar> 
640
(
0.000994566
0.000994566
0.000994566
0.000994566
0.000994566
0.000994566
0.000994566
0.000994566
0.000994566
0.000994566
0.000994566
0.000994566
0.000994566
0.000994566
0.000994566
0.000994566
0.000989461
0.000989461
0.000989461
0.000989461
0.000989461
0.000989461
0.000989461
0.000989461
0.000989461
0.000989461
0.000989461
0.000989461
0.000989461
0.000989461
0.000989461
0.000989461
0.000984651
0.000984651
0.000984651
0.000984651
0.000984651
0.000984651
0.000984651
0.000984651
0.000984651
0.000984651
0.000984651
0.000984651
0.000984651
0.000984651
0.000984651
0.00098465
0.000980104
0.000980104
0.000980104
0.000980104
0.000980104
0.000980104
0.000980104
0.000980104
0.000980104
0.000980104
0.000980104
0.000980104
0.000980104
0.000980104
0.000980104
0.000980104
0.000975796
0.000975796
0.000975796
0.000975796
0.000975796
0.000975796
0.000975796
0.000975796
0.000975796
0.000975796
0.000975796
0.000975796
0.000975796
0.000975796
0.000975796
0.000975796
0.000971703
0.000971704
0.000971704
0.000971704
0.000971704
0.000971704
0.000971704
0.000971704
0.000971704
0.000971704
0.000971704
0.000971704
0.000971703
0.000971703
0.000971703
0.000971703
0.000967808
0.000967808
0.000967808
0.000967808
0.000967808
0.000967808
0.000967808
0.000967808
0.000967808
0.000967808
0.000967808
0.000967808
0.000967808
0.000967808
0.000967808
0.000967808
0.000964092
0.000964092
0.000964092
0.000964092
0.000964092
0.000964092
0.000964092
0.000964092
0.000964092
0.000964092
0.000964092
0.000964092
0.000964092
0.000964092
0.000964092
0.000964092
0.000960541
0.000960541
0.000960541
0.000960541
0.000960541
0.000960541
0.000960541
0.000960541
0.000960541
0.000960541
0.000960541
0.000960541
0.000960541
0.000960541
0.00096054
0.000960541
0.000957141
0.000957141
0.000957141
0.000957141
0.000957141
0.000957141
0.000957141
0.000957141
0.000957141
0.000957141
0.000957141
0.000957141
0.000957141
0.000957141
0.000957141
0.000957141
0.000953881
0.000953881
0.000953881
0.000953881
0.000953881
0.000953881
0.000953881
0.000953881
0.000953881
0.000953881
0.000953881
0.000953881
0.000953881
0.000953881
0.000953881
0.000953881
0.00095075
0.00095075
0.00095075
0.00095075
0.00095075
0.00095075
0.00095075
0.00095075
0.00095075
0.00095075
0.00095075
0.00095075
0.00095075
0.00095075
0.00095075
0.00095075
0.00094774
0.00094774
0.00094774
0.00094774
0.00094774
0.00094774
0.00094774
0.00094774
0.00094774
0.00094774
0.00094774
0.00094774
0.00094774
0.00094774
0.00094774
0.00094774
0.000944841
0.000944841
0.000944841
0.000944841
0.000944841
0.000944841
0.000944841
0.000944841
0.000944841
0.000944841
0.000944841
0.000944841
0.000944841
0.00094484
0.00094484
0.000944841
0.000942045
0.000942046
0.000942046
0.000942046
0.000942046
0.000942046
0.000942046
0.000942046
0.000942046
0.000942046
0.000942046
0.000942045
0.000942045
0.000942045
0.000942045
0.000942045
0.000939347
0.000939348
0.000939348
0.000939348
0.000939348
0.000939348
0.000939348
0.000939348
0.000939348
0.000939348
0.000939347
0.000939347
0.000939347
0.000939347
0.000939347
0.000939347
0.00093674
0.000936741
0.00093674
0.00093674
0.00093674
0.00093674
0.00093674
0.00093674
0.00093674
0.00093674
0.00093674
0.00093674
0.00093674
0.00093674
0.00093674
0.00093674
0.000934218
0.000934219
0.000934218
0.000934218
0.000934218
0.000934218
0.000934218
0.000934218
0.000934218
0.000934218
0.000934218
0.000934218
0.000934218
0.000934218
0.000934218
0.000934218
0.000931777
0.000931777
0.000931777
0.000931777
0.000931777
0.000931777
0.000931776
0.000931776
0.000931776
0.000931776
0.000931776
0.000931776
0.000931776
0.000931776
0.000931776
0.000931776
0.00092941
0.00092941
0.00092941
0.00092941
0.00092941
0.00092941
0.00092941
0.00092941
0.00092941
0.00092941
0.00092941
0.00092941
0.00092941
0.00092941
0.00092941
0.00092941
0.000927114
0.000927114
0.000927114
0.000927114
0.000927114
0.000927114
0.000927114
0.000927114
0.000927114
0.000927114
0.000927114
0.000927114
0.000927114
0.000927114
0.000927114
0.000927114
0.000924886
0.000924886
0.000924886
0.000924886
0.000924886
0.000924886
0.000924886
0.000924886
0.000924886
0.000924886
0.000924886
0.000924886
0.000924886
0.000924886
0.000924886
0.000924886
0.000922721
0.000922721
0.000922721
0.000922721
0.000922721
0.000922721
0.000922721
0.000922721
0.000922722
0.000922721
0.000922721
0.000922721
0.000922721
0.000922721
0.000922721
0.000922721
0.000920616
0.000920616
0.000920616
0.000920616
0.000920617
0.000920617
0.000920617
0.000920617
0.000920617
0.000920617
0.000920617
0.000920617
0.000920617
0.000920616
0.000920616
0.000920616
0.000918569
0.000918569
0.000918569
0.000918569
0.000918569
0.000918569
0.00091857
0.00091857
0.00091857
0.00091857
0.00091857
0.000918569
0.000918569
0.000918569
0.000918569
0.000918569
0.000916576
0.000916576
0.000916576
0.000916576
0.000916576
0.000916576
0.000916577
0.000916577
0.000916577
0.000916577
0.000916576
0.000916576
0.000916576
0.000916576
0.000916576
0.000916576
0.000914634
0.000914634
0.000914635
0.000914635
0.000914635
0.000914635
0.000914635
0.000914635
0.000914635
0.000914635
0.000914635
0.000914635
0.000914635
0.000914635
0.000914635
0.000914635
0.000912742
0.000912742
0.000912743
0.000912743
0.000912743
0.000912743
0.000912743
0.000912743
0.000912743
0.000912743
0.000912743
0.000912743
0.000912743
0.000912743
0.000912743
0.000912743
0.000910897
0.000910897
0.000910897
0.000910897
0.000910897
0.000910897
0.000910897
0.000910897
0.000910897
0.000910897
0.000910897
0.000910897
0.000910897
0.000910897
0.000910898
0.000910897
0.000909097
0.000909097
0.000909097
0.000909097
0.000909096
0.000909096
0.000909096
0.000909096
0.000909096
0.000909096
0.000909096
0.000909096
0.000909097
0.000909097
0.000909097
0.000909097
0.000907339
0.000907339
0.000907339
0.000907338
0.000907338
0.000907338
0.000907338
0.000907338
0.000907338
0.000907338
0.000907338
0.000907338
0.000907339
0.000907339
0.000907339
0.000907338
0.000905621
0.000905621
0.000905621
0.000905621
0.000905621
0.00090562
0.00090562
0.00090562
0.00090562
0.00090562
0.000905621
0.000905621
0.000905621
0.000905621
0.000905621
0.000905621
0.000903943
0.000903943
0.000903942
0.000903942
0.000903942
0.000903942
0.000903942
0.000903942
0.000903942
0.000903942
0.000903942
0.000903942
0.000903942
0.000903943
0.000903943
0.000903942
0.000902301
0.000902301
0.000902301
0.000902301
0.000902301
0.0009023
0.0009023
0.0009023
0.000902301
0.000902301
0.000902301
0.000902301
0.000902301
0.000902301
0.000902301
0.000902301
0.000900695
0.000900695
0.000900695
0.000900695
0.000900695
0.000900695
0.000900695
0.000900695
0.000900695
0.000900695
0.000900695
0.000900695
0.000900695
0.000900695
0.000900695
0.000900695
0.000899124
0.000899123
0.000899124
0.000899124
0.000899124
0.000899124
0.000899124
0.000899125
0.000899125
0.000899125
0.000899124
0.000899124
0.000899124
0.000899124
0.000899123
0.000899124
0.000897585
0.000897585
0.000897585
0.000897586
0.000897586
0.000897586
0.000897587
0.000897587
0.000897587
0.000897587
0.000897586
0.000897586
0.000897586
0.000897585
0.000897585
0.000897586
0.000896079
0.000896078
0.000896079
0.000896079
0.00089608
0.00089608
0.00089608
0.00089608
0.00089608
0.00089608
0.00089608
0.00089608
0.000896079
0.000896079
0.000896079
0.00089608
0.000894603
0.000894603
0.000894603
0.000894604
0.000894604
0.000894604
0.000894604
0.000894604
0.000894604
0.000894604
0.000894604
0.000894604
0.000894603
0.000894603
0.000894603
0.000894605
0.000893157
0.000893157
0.000893157
0.000893157
0.000893158
0.000893158
0.000893158
0.000893158
0.000893158
0.000893158
0.000893158
0.000893158
0.000893158
0.000893158
0.000893158
0.000893159
)
;
    }
    bottom
    {
        type            calculated;
        value           nonuniform List<scalar> 
640
(
0.000994566
0.000994566
0.000994566
0.000994566
0.000994566
0.000994566
0.000994566
0.000994566
0.000994566
0.000994566
0.000994566
0.000994566
0.000994566
0.000994566
0.000994566
0.000994566
0.000989461
0.000989461
0.000989461
0.000989461
0.000989461
0.000989461
0.000989461
0.000989461
0.000989461
0.000989461
0.000989461
0.000989461
0.000989461
0.000989461
0.000989461
0.000989461
0.00098465
0.000984651
0.000984651
0.000984651
0.000984651
0.000984651
0.000984651
0.000984651
0.000984651
0.000984651
0.000984651
0.000984651
0.000984651
0.000984651
0.000984651
0.00098465
0.000980104
0.000980104
0.000980104
0.000980104
0.000980104
0.000980104
0.000980104
0.000980104
0.000980104
0.000980104
0.000980104
0.000980104
0.000980104
0.000980104
0.000980104
0.000980104
0.000975795
0.000975795
0.000975795
0.000975795
0.000975795
0.000975795
0.000975795
0.000975795
0.000975795
0.000975795
0.000975795
0.000975795
0.000975795
0.000975795
0.000975795
0.000975795
0.000971703
0.000971703
0.000971703
0.000971703
0.000971703
0.000971703
0.000971703
0.000971703
0.000971703
0.000971703
0.000971703
0.000971703
0.000971703
0.000971703
0.000971703
0.000971703
0.000967807
0.000967807
0.000967807
0.000967807
0.000967807
0.000967807
0.000967807
0.000967807
0.000967807
0.000967807
0.000967807
0.000967807
0.000967807
0.000967807
0.000967807
0.000967807
0.000964091
0.000964091
0.000964091
0.000964091
0.000964091
0.000964091
0.000964091
0.000964091
0.000964091
0.000964091
0.000964091
0.000964091
0.000964091
0.000964091
0.000964091
0.000964091
0.000960539
0.000960539
0.000960539
0.000960539
0.000960539
0.000960539
0.000960539
0.000960539
0.000960539
0.000960539
0.000960539
0.000960539
0.000960539
0.000960539
0.000960539
0.000960539
0.000957139
0.000957139
0.000957139
0.000957139
0.000957139
0.000957139
0.000957139
0.000957139
0.000957139
0.000957139
0.000957139
0.000957139
0.000957139
0.000957139
0.000957139
0.000957139
0.000953879
0.000953879
0.000953879
0.000953879
0.000953879
0.000953879
0.000953879
0.000953879
0.000953879
0.000953879
0.000953879
0.000953879
0.000953879
0.000953879
0.000953879
0.000953879
0.000950748
0.000950748
0.000950748
0.000950748
0.000950748
0.000950748
0.000950748
0.000950748
0.000950748
0.000950748
0.000950748
0.000950748
0.000950748
0.000950748
0.000950748
0.000950748
0.000947737
0.000947737
0.000947737
0.000947737
0.000947737
0.000947737
0.000947737
0.000947737
0.000947737
0.000947737
0.000947737
0.000947737
0.000947737
0.000947737
0.000947737
0.000947737
0.000944838
0.000944838
0.000944838
0.000944838
0.000944838
0.000944838
0.000944838
0.000944838
0.000944838
0.000944838
0.000944838
0.000944838
0.000944838
0.000944838
0.000944838
0.000944838
0.000942043
0.000942043
0.000942043
0.000942043
0.000942043
0.000942043
0.000942043
0.000942043
0.000942043
0.000942043
0.000942043
0.000942043
0.000942043
0.000942043
0.000942043
0.000942043
0.000939344
0.000939345
0.000939345
0.000939345
0.000939345
0.000939345
0.000939345
0.000939345
0.000939345
0.000939345
0.000939345
0.000939344
0.000939344
0.000939344
0.000939344
0.000939344
0.000936737
0.000936737
0.000936737
0.000936737
0.000936737
0.000936737
0.000936737
0.000936737
0.000936737
0.000936737
0.000936737
0.000936737
0.000936737
0.000936737
0.000936737
0.000936737
0.000934215
0.000934215
0.000934215
0.000934215
0.000934215
0.000934215
0.000934215
0.000934215
0.000934215
0.000934215
0.000934215
0.000934215
0.000934215
0.000934215
0.000934215
0.000934215
0.000931773
0.000931773
0.000931773
0.000931773
0.000931773
0.000931773
0.000931773
0.000931773
0.000931773
0.000931773
0.000931773
0.000931773
0.000931773
0.000931773
0.000931773
0.000931773
0.000929407
0.000929407
0.000929407
0.000929407
0.000929407
0.000929407
0.000929407
0.000929407
0.000929407
0.000929407
0.000929407
0.000929407
0.000929407
0.000929407
0.000929407
0.000929407
0.000927112
0.000927111
0.000927111
0.000927111
0.000927111
0.000927111
0.000927111
0.000927111
0.000927111
0.000927111
0.000927111
0.000927111
0.000927111
0.000927111
0.000927111
0.000927111
0.000924883
0.000924883
0.000924883
0.000924883
0.000924883
0.000924883
0.000924883
0.000924883
0.000924883
0.000924883
0.000924883
0.000924883
0.000924883
0.000924883
0.000924883
0.000924883
0.000922719
0.000922718
0.000922719
0.000922719
0.000922719
0.000922719
0.000922719
0.000922719
0.000922719
0.000922719
0.000922719
0.000922719
0.000922719
0.000922719
0.000922719
0.000922719
0.000920615
0.000920614
0.000920614
0.000920614
0.000920614
0.000920615
0.000920615
0.000920615
0.000920615
0.000920615
0.000920615
0.000920615
0.000920614
0.000920614
0.000920614
0.000920614
0.000918568
0.000918567
0.000918567
0.000918567
0.000918567
0.000918568
0.000918568
0.000918568
0.000918568
0.000918568
0.000918568
0.000918568
0.000918567
0.000918567
0.000918567
0.000918567
0.000916575
0.000916575
0.000916575
0.000916575
0.000916575
0.000916575
0.000916575
0.000916575
0.000916575
0.000916575
0.000916575
0.000916575
0.000916575
0.000916575
0.000916574
0.000916575
0.000914634
0.000914634
0.000914634
0.000914634
0.000914634
0.000914634
0.000914634
0.000914634
0.000914634
0.000914634
0.000914634
0.000914634
0.000914634
0.000914634
0.000914634
0.000914634
0.000912742
0.000912742
0.000912742
0.000912742
0.000912742
0.000912742
0.000912742
0.000912742
0.000912742
0.000912742
0.000912742
0.000912742
0.000912742
0.000912742
0.000912742
0.000912742
0.000910897
0.000910897
0.000910897
0.000910897
0.000910897
0.000910897
0.000910897
0.000910897
0.000910897
0.000910897
0.000910897
0.000910897
0.000910897
0.000910897
0.000910897
0.000910897
0.000909096
0.000909097
0.000909097
0.000909097
0.000909097
0.000909097
0.000909096
0.000909096
0.000909096
0.000909096
0.000909096
0.000909096
0.000909096
0.000909097
0.000909097
0.000909097
0.000907339
0.000907339
0.000907339
0.000907339
0.000907339
0.000907339
0.000907338
0.000907338
0.000907338
0.000907338
0.000907338
0.000907338
0.000907339
0.000907339
0.000907339
0.000907339
0.000905622
0.000905622
0.000905621
0.000905621
0.000905621
0.000905621
0.000905621
0.000905621
0.000905621
0.000905621
0.000905621
0.000905621
0.000905621
0.000905622
0.000905622
0.000905622
0.000903943
0.000903943
0.000903943
0.000903943
0.000903943
0.000903943
0.000903942
0.000903942
0.000903942
0.000903942
0.000903943
0.000903943
0.000903943
0.000903943
0.000903943
0.000903943
0.000902302
0.000902302
0.000902302
0.000902302
0.000902302
0.000902301
0.000902301
0.000902301
0.000902301
0.000902301
0.000902302
0.000902302
0.000902302
0.000902302
0.000902302
0.000902302
0.000900697
0.000900696
0.000900696
0.000900696
0.000900696
0.000900696
0.000900696
0.000900696
0.000900696
0.000900696
0.000900697
0.000900697
0.000900697
0.000900696
0.000900696
0.000900696
0.000899126
0.000899125
0.000899125
0.000899125
0.000899125
0.000899125
0.000899126
0.000899126
0.000899126
0.000899126
0.000899126
0.000899126
0.000899126
0.000899125
0.000899125
0.000899125
0.000897588
0.000897587
0.000897587
0.000897587
0.000897587
0.000897588
0.000897588
0.000897588
0.000897588
0.000897588
0.000897588
0.000897588
0.000897588
0.000897587
0.000897587
0.000897587
0.000896082
0.000896081
0.000896081
0.000896081
0.000896081
0.000896082
0.000896082
0.000896082
0.000896082
0.000896082
0.000896082
0.000896082
0.000896081
0.000896081
0.000896081
0.000896081
0.000894607
0.000894605
0.000894606
0.000894606
0.000894606
0.000894606
0.000894606
0.000894606
0.000894607
0.000894607
0.000894606
0.000894606
0.000894606
0.000894606
0.000894605
0.000894606
0.000893161
0.00089316
0.00089316
0.00089316
0.00089316
0.00089316
0.00089316
0.00089316
0.00089316
0.00089316
0.00089316
0.00089316
0.00089316
0.00089316
0.00089316
0.00089316
)
;
    }
    front
    {
        type            calculated;
        value           nonuniform List<scalar> 
800
(
0.000994566
0.000994566
0.000994566
0.000994566
0.000994566
0.000994566
0.000994566
0.000994566
0.000994566
0.000994566
0.000994566
0.000994566
0.000994566
0.000994566
0.000994566
0.000994566
0.000994566
0.000994566
0.000994566
0.000994566
0.000989461
0.000989461
0.000989461
0.000989461
0.000989461
0.000989461
0.000989461
0.000989461
0.000989461
0.000989461
0.000989461
0.000989461
0.000989461
0.000989461
0.000989461
0.000989461
0.000989461
0.000989461
0.000989461
0.000989461
0.00098465
0.000984651
0.00098465
0.00098465
0.00098465
0.00098465
0.00098465
0.00098465
0.00098465
0.00098465
0.00098465
0.00098465
0.00098465
0.00098465
0.00098465
0.000984651
0.000984651
0.000984651
0.000984651
0.000984651
0.000980104
0.000980104
0.000980104
0.000980104
0.000980104
0.000980104
0.000980104
0.000980103
0.000980103
0.000980103
0.000980103
0.000980103
0.000980104
0.000980104
0.000980104
0.000980104
0.000980104
0.000980104
0.000980104
0.000980104
0.000975795
0.000975795
0.000975795
0.000975795
0.000975795
0.000975795
0.000975795
0.000975795
0.000975795
0.000975794
0.000975795
0.000975795
0.000975795
0.000975795
0.000975796
0.000975796
0.000975796
0.000975796
0.000975796
0.000975796
0.000971703
0.000971703
0.000971703
0.000971703
0.000971703
0.000971702
0.000971702
0.000971702
0.000971702
0.000971701
0.000971702
0.000971702
0.000971702
0.000971703
0.000971703
0.000971703
0.000971703
0.000971704
0.000971704
0.000971703
0.000967807
0.000967807
0.000967807
0.000967807
0.000967807
0.000967806
0.000967806
0.000967805
0.000967805
0.000967805
0.000967805
0.000967806
0.000967806
0.000967807
0.000967808
0.000967808
0.000967808
0.000967808
0.000967808
0.000967808
0.000964091
0.000964091
0.000964091
0.000964091
0.00096409
0.00096409
0.000964089
0.000964089
0.000964089
0.000964088
0.000964089
0.00096409
0.00096409
0.000964091
0.000964092
0.000964092
0.000964092
0.000964092
0.000964092
0.000964092
0.000960539
0.000960539
0.000960539
0.000960539
0.000960539
0.000960538
0.000960538
0.000960537
0.000960537
0.000960538
0.000960539
0.000960539
0.00096054
0.00096054
0.000960541
0.000960541
0.000960541
0.000960541
0.000960541
0.000960541
0.000957139
0.000957139
0.000957139
0.000957139
0.000957139
0.000957139
0.000957138
0.000957138
0.000957139
0.000957142
0.000957143
0.000957141
0.000957141
0.000957141
0.000957142
0.000957142
0.000957141
0.000957141
0.000957141
0.000957141
0.000953879
0.000953879
0.000953879
0.000953879
0.000953879
0.000953879
0.000953879
0.00095388
0.000953882
0.000953887
0.000953887
0.000953884
0.000953883
0.000953883
0.000953882
0.000953882
0.000953882
0.000953881
0.000953881
0.000953881
0.000950748
0.000950748
0.000950748
0.000950748
0.000950749
0.000950749
0.000950749
0.000950751
0.000950753
0.000950759
0.00095076
0.000950756
0.000950754
0.000950754
0.000950753
0.000950752
0.000950751
0.000950751
0.000950751
0.00095075
0.000947737
0.000947737
0.000947737
0.000947738
0.000947738
0.000947739
0.00094774
0.000947741
0.000947745
0.000947751
0.000947752
0.000947747
0.000947745
0.000947744
0.000947743
0.000947742
0.000947741
0.00094774
0.00094774
0.00094774
0.000944838
0.000944838
0.000944838
0.000944839
0.000944839
0.00094484
0.000944841
0.000944843
0.000944847
0.000944854
0.000944854
0.00094485
0.000944848
0.000944846
0.000944845
0.000944843
0.000944842
0.000944841
0.000944841
0.000944841
0.000942043
0.000942043
0.000942043
0.000942044
0.000942044
0.000942045
0.000942046
0.000942049
0.000942053
0.00094206
0.000942061
0.000942056
0.000942054
0.000942052
0.00094205
0.000942049
0.000942047
0.000942046
0.000942046
0.000942045
0.000939344
0.000939345
0.000939345
0.000939346
0.000939346
0.000939347
0.000939349
0.000939351
0.000939356
0.000939363
0.000939364
0.000939359
0.000939357
0.000939355
0.000939353
0.000939351
0.00093935
0.000939349
0.000939348
0.000939347
0.000936737
0.000936738
0.000936738
0.000936738
0.000936739
0.00093674
0.000936742
0.000936745
0.00093675
0.000936757
0.000936757
0.000936752
0.000936751
0.000936748
0.000936746
0.000936744
0.000936743
0.000936741
0.000936741
0.00093674
0.000934215
0.000934216
0.000934216
0.000934217
0.000934217
0.000934219
0.00093422
0.000934223
0.000934228
0.000934237
0.000934236
0.000934231
0.00093423
0.000934226
0.000934224
0.000934222
0.000934221
0.00093422
0.000934219
0.000934218
0.000931773
0.000931774
0.000931774
0.000931775
0.000931776
0.000931777
0.000931779
0.000931781
0.000931787
0.000931796
0.000931794
0.000931789
0.000931789
0.000931785
0.000931783
0.000931781
0.000931779
0.000931778
0.000931777
0.000931777
0.000929407
0.000929407
0.000929408
0.000929408
0.000929409
0.000929411
0.000929413
0.000929415
0.000929421
0.000929431
0.000929428
0.000929423
0.000929423
0.000929418
0.000929416
0.000929414
0.000929413
0.000929411
0.00092941
0.00092941
0.000927112
0.000927112
0.000927112
0.000927113
0.000927114
0.000927115
0.000927118
0.00092712
0.000927127
0.000927137
0.000927133
0.000927129
0.000927128
0.000927123
0.000927121
0.000927119
0.000927117
0.000927116
0.000927115
0.000927114
0.000924883
0.000924884
0.000924884
0.000924885
0.000924886
0.000924887
0.00092489
0.000924892
0.000924899
0.00092491
0.000924906
0.000924901
0.000924901
0.000924895
0.000924893
0.00092489
0.000924889
0.000924887
0.000924886
0.000924886
0.000922719
0.000922719
0.00092272
0.00092272
0.000922722
0.000922723
0.000922726
0.000922728
0.000922736
0.000922748
0.000922742
0.000922738
0.000922737
0.00092273
0.000922728
0.000922725
0.000922724
0.000922722
0.000922721
0.000922721
0.000920615
0.000920615
0.000920615
0.000920616
0.000920617
0.000920619
0.000920622
0.000920625
0.000920633
0.000920645
0.000920639
0.000920635
0.000920634
0.000920626
0.000920624
0.000920621
0.000920619
0.000920618
0.000920617
0.000920616
0.000918568
0.000918568
0.000918568
0.000918569
0.00091857
0.000918572
0.000918576
0.000918578
0.000918587
0.0009186
0.000918593
0.000918589
0.000918587
0.000918579
0.000918577
0.000918574
0.000918572
0.00091857
0.000918569
0.000918569
0.000916575
0.000916575
0.000916576
0.000916577
0.000916578
0.00091658
0.000916583
0.000916586
0.000916595
0.00091661
0.000916601
0.000916597
0.000916596
0.000916587
0.000916584
0.000916581
0.000916579
0.000916577
0.000916576
0.000916576
0.000914634
0.000914634
0.000914635
0.000914636
0.000914637
0.000914639
0.000914643
0.000914645
0.000914654
0.00091467
0.000914661
0.000914657
0.000914655
0.000914646
0.000914643
0.00091464
0.000914638
0.000914636
0.000914635
0.000914634
0.000912742
0.000912742
0.000912743
0.000912744
0.000912746
0.000912747
0.000912752
0.000912754
0.000912763
0.00091278
0.000912769
0.000912766
0.000912764
0.000912754
0.000912752
0.000912748
0.000912746
0.000912744
0.000912743
0.000912742
0.000910897
0.000910898
0.000910898
0.000910899
0.000910901
0.000910902
0.000910907
0.000910909
0.000910918
0.000910936
0.000910924
0.000910921
0.000910919
0.000910909
0.000910907
0.000910903
0.000910901
0.000910899
0.000910898
0.000910897
0.000909096
0.000909097
0.000909098
0.000909099
0.000909101
0.000909102
0.000909107
0.000909108
0.000909118
0.000909137
0.000909123
0.000909121
0.000909119
0.000909109
0.000909106
0.000909102
0.000909101
0.000909099
0.000909097
0.000909097
0.000907339
0.000907339
0.00090734
0.000907341
0.000907343
0.000907344
0.000907349
0.000907351
0.000907361
0.00090738
0.000907365
0.000907364
0.000907361
0.000907351
0.000907348
0.000907344
0.000907343
0.000907341
0.00090734
0.000907339
0.000905622
0.000905622
0.000905623
0.000905624
0.000905626
0.000905627
0.000905632
0.000905633
0.000905644
0.000905664
0.000905648
0.000905647
0.000905644
0.000905633
0.000905631
0.000905627
0.000905625
0.000905623
0.000905622
0.000905621
0.000903943
0.000903944
0.000903944
0.000903946
0.000903947
0.000903949
0.000903954
0.000903955
0.000903966
0.000903987
0.00090397
0.000903969
0.000903966
0.000903955
0.000903952
0.000903948
0.000903946
0.000903945
0.000903944
0.000903943
0.000902302
0.000902302
0.000902303
0.000902304
0.000902306
0.000902307
0.000902313
0.000902314
0.000902325
0.000902347
0.000902329
0.000902329
0.000902326
0.000902314
0.000902311
0.000902307
0.000902305
0.000902303
0.000902302
0.000902301
0.000900697
0.000900697
0.000900698
0.000900699
0.000900701
0.000900702
0.000900708
0.000900709
0.00090072
0.000900743
0.000900724
0.000900725
0.000900721
0.000900708
0.000900705
0.000900701
0.000900699
0.000900697
0.000900696
0.000900695
0.000899126
0.000899126
0.000899127
0.000899128
0.00089913
0.000899131
0.000899137
0.000899138
0.00089915
0.000899174
0.000899153
0.000899155
0.00089915
0.000899137
0.000899134
0.00089913
0.000899128
0.000899126
0.000899125
0.000899124
0.000897588
0.000897588
0.000897589
0.00089759
0.000897592
0.000897593
0.000897599
0.0008976
0.000897613
0.000897637
0.000897616
0.000897617
0.000897613
0.000897599
0.000897596
0.000897591
0.000897589
0.000897587
0.000897586
0.000897585
0.000896082
0.000896081
0.000896082
0.000896084
0.000896086
0.000896087
0.000896094
0.000896094
0.000896107
0.000896133
0.00089611
0.000896112
0.000896107
0.000896093
0.00089609
0.000896085
0.000896083
0.000896081
0.000896079
0.000896079
0.000894607
0.000894606
0.000894607
0.000894608
0.00089461
0.000894612
0.000894618
0.000894619
0.000894632
0.000894659
0.000894634
0.000894638
0.000894632
0.000894618
0.000894614
0.000894609
0.000894607
0.000894605
0.000894604
0.000894603
0.000893161
0.00089316
0.000893161
0.000893162
0.000893164
0.000893166
0.000893173
0.000893173
0.000893187
0.000893214
0.000893189
0.000893193
0.000893187
0.000893172
0.000893168
0.000893163
0.000893161
0.000893159
0.000893158
0.000893157
)
;
    }
    back
    {
        type            calculated;
        value           nonuniform List<scalar> 
800
(
0.000994566
0.000994566
0.000994566
0.000994566
0.000994566
0.000994566
0.000994566
0.000994566
0.000994566
0.000994566
0.000994566
0.000994566
0.000994566
0.000994566
0.000994566
0.000994566
0.000994566
0.000994566
0.000994566
0.000994566
0.000989461
0.000989461
0.000989461
0.000989461
0.000989461
0.000989461
0.000989461
0.000989461
0.000989461
0.000989461
0.000989461
0.000989461
0.000989461
0.000989461
0.000989461
0.000989461
0.000989461
0.000989461
0.000989461
0.000989461
0.00098465
0.00098465
0.00098465
0.00098465
0.00098465
0.00098465
0.00098465
0.00098465
0.00098465
0.00098465
0.00098465
0.00098465
0.00098465
0.00098465
0.00098465
0.00098465
0.00098465
0.00098465
0.00098465
0.00098465
0.000980104
0.000980104
0.000980104
0.000980104
0.000980104
0.000980104
0.000980104
0.000980103
0.000980103
0.000980103
0.000980103
0.000980103
0.000980104
0.000980104
0.000980104
0.000980104
0.000980104
0.000980104
0.000980104
0.000980104
0.000975795
0.000975795
0.000975795
0.000975795
0.000975795
0.000975795
0.000975795
0.000975795
0.000975794
0.000975794
0.000975794
0.000975795
0.000975795
0.000975795
0.000975795
0.000975796
0.000975796
0.000975796
0.000975796
0.000975796
0.000971703
0.000971703
0.000971703
0.000971703
0.000971703
0.000971702
0.000971702
0.000971702
0.000971702
0.000971701
0.000971702
0.000971702
0.000971702
0.000971703
0.000971703
0.000971703
0.000971703
0.000971703
0.000971703
0.000971703
0.000967807
0.000967807
0.000967807
0.000967807
0.000967807
0.000967806
0.000967806
0.000967805
0.000967805
0.000967805
0.000967805
0.000967806
0.000967806
0.000967807
0.000967807
0.000967808
0.000967808
0.000967808
0.000967808
0.000967808
0.000964091
0.000964091
0.000964091
0.000964091
0.00096409
0.00096409
0.00096409
0.000964089
0.000964089
0.000964089
0.000964089
0.00096409
0.00096409
0.000964091
0.000964092
0.000964092
0.000964092
0.000964092
0.000964092
0.000964092
0.000960539
0.000960539
0.000960539
0.000960539
0.000960539
0.000960539
0.000960538
0.000960538
0.000960538
0.000960538
0.000960539
0.000960539
0.00096054
0.00096054
0.000960541
0.000960541
0.000960541
0.000960541
0.000960541
0.000960541
0.000957139
0.000957139
0.000957139
0.000957139
0.000957139
0.000957139
0.000957139
0.000957139
0.00095714
0.000957142
0.000957143
0.000957141
0.000957141
0.000957141
0.000957141
0.000957141
0.000957141
0.000957141
0.000957141
0.000957141
0.000953879
0.000953879
0.000953879
0.000953879
0.000953879
0.000953879
0.000953879
0.00095388
0.000953882
0.000953887
0.000953887
0.000953884
0.000953883
0.000953883
0.000953882
0.000953882
0.000953882
0.000953881
0.000953881
0.000953881
0.000950748
0.000950748
0.000950748
0.000950749
0.000950749
0.000950749
0.00095075
0.000950751
0.000950754
0.00095076
0.00095076
0.000950756
0.000950754
0.000950753
0.000950753
0.000950752
0.000950751
0.000950751
0.00095075
0.00095075
0.000947737
0.000947737
0.000947738
0.000947738
0.000947738
0.000947739
0.00094774
0.000947741
0.000947745
0.000947751
0.000947752
0.000947748
0.000947745
0.000947744
0.000947743
0.000947742
0.000947741
0.00094774
0.00094774
0.00094774
0.000944838
0.000944838
0.000944838
0.000944839
0.000944839
0.00094484
0.000944841
0.000944843
0.000944847
0.000944854
0.000944855
0.00094485
0.000944848
0.000944846
0.000944845
0.000944843
0.000944842
0.000944841
0.000944841
0.000944841
0.000942043
0.000942043
0.000942043
0.000942044
0.000942044
0.000942045
0.000942046
0.000942049
0.000942053
0.00094206
0.000942061
0.000942056
0.000942054
0.000942052
0.00094205
0.000942049
0.000942047
0.000942046
0.000942046
0.000942045
0.000939344
0.000939345
0.000939345
0.000939345
0.000939346
0.000939347
0.000939349
0.000939351
0.000939356
0.000939363
0.000939363
0.000939359
0.000939357
0.000939354
0.000939353
0.000939351
0.00093935
0.000939348
0.000939348
0.000939347
0.000936737
0.000936737
0.000936738
0.000936738
0.000936739
0.00093674
0.000936742
0.000936744
0.00093675
0.000936757
0.000936757
0.000936752
0.000936751
0.000936748
0.000936746
0.000936744
0.000936743
0.000936741
0.000936741
0.00093674
0.000934215
0.000934215
0.000934216
0.000934216
0.000934217
0.000934218
0.00093422
0.000934223
0.000934228
0.000934236
0.000934235
0.000934231
0.00093423
0.000934226
0.000934224
0.000934222
0.000934221
0.00093422
0.000934219
0.000934218
0.000931773
0.000931773
0.000931774
0.000931775
0.000931776
0.000931777
0.000931779
0.000931781
0.000931787
0.000931795
0.000931794
0.000931789
0.000931788
0.000931784
0.000931783
0.00093178
0.000931779
0.000931778
0.000931777
0.000931776
0.000929407
0.000929407
0.000929407
0.000929408
0.000929409
0.00092941
0.000929412
0.000929415
0.000929421
0.00092943
0.000929428
0.000929423
0.000929423
0.000929418
0.000929416
0.000929414
0.000929412
0.000929411
0.00092941
0.00092941
0.000927111
0.000927111
0.000927112
0.000927113
0.000927114
0.000927115
0.000927117
0.00092712
0.000927126
0.000927136
0.000927133
0.000927129
0.000927128
0.000927123
0.000927121
0.000927118
0.000927117
0.000927116
0.000927115
0.000927114
0.000924883
0.000924883
0.000924884
0.000924885
0.000924886
0.000924887
0.00092489
0.000924892
0.000924899
0.00092491
0.000924906
0.000924902
0.000924901
0.000924895
0.000924893
0.00092489
0.000924889
0.000924887
0.000924886
0.000924886
0.000922719
0.000922719
0.000922719
0.00092272
0.000922721
0.000922723
0.000922726
0.000922728
0.000922736
0.000922748
0.000922743
0.000922738
0.000922737
0.00092273
0.000922728
0.000922725
0.000922724
0.000922722
0.000922721
0.000922721
0.000920614
0.000920614
0.000920615
0.000920616
0.000920617
0.000920619
0.000920622
0.000920625
0.000920633
0.000920646
0.00092064
0.000920635
0.000920634
0.000920626
0.000920624
0.000920621
0.000920619
0.000920618
0.000920617
0.000920616
0.000918567
0.000918567
0.000918568
0.000918569
0.00091857
0.000918572
0.000918576
0.000918579
0.000918587
0.000918601
0.000918594
0.000918589
0.000918588
0.00091858
0.000918577
0.000918574
0.000918572
0.00091857
0.000918569
0.000918569
0.000916575
0.000916575
0.000916576
0.000916577
0.000916578
0.00091658
0.000916584
0.000916587
0.000916596
0.00091661
0.000916601
0.000916598
0.000916596
0.000916587
0.000916585
0.000916581
0.000916579
0.000916578
0.000916576
0.000916576
0.000914634
0.000914634
0.000914635
0.000914636
0.000914637
0.000914639
0.000914644
0.000914646
0.000914655
0.000914671
0.000914661
0.000914657
0.000914655
0.000914646
0.000914644
0.00091464
0.000914638
0.000914636
0.000914635
0.000914635
0.000912742
0.000912743
0.000912743
0.000912744
0.000912746
0.000912748
0.000912752
0.000912754
0.000912763
0.00091278
0.000912769
0.000912766
0.000912764
0.000912754
0.000912752
0.000912748
0.000912746
0.000912744
0.000912743
0.000912743
0.000910897
0.000910898
0.000910898
0.0009109
0.000910901
0.000910903
0.000910907
0.000910909
0.000910918
0.000910935
0.000910923
0.000910921
0.000910919
0.000910909
0.000910907
0.000910903
0.000910901
0.000910899
0.000910898
0.000910897
0.000909097
0.000909097
0.000909098
0.000909099
0.000909101
0.000909102
0.000909107
0.000909108
0.000909118
0.000909136
0.000909123
0.000909121
0.000909119
0.000909109
0.000909106
0.000909102
0.000909101
0.000909099
0.000909098
0.000909097
0.000907339
0.00090734
0.00090734
0.000907341
0.000907343
0.000907344
0.000907349
0.00090735
0.00090736
0.000907379
0.000907365
0.000907363
0.000907361
0.000907351
0.000907348
0.000907344
0.000907342
0.000907341
0.00090734
0.000907338
0.000905622
0.000905622
0.000905623
0.000905624
0.000905625
0.000905627
0.000905631
0.000905633
0.000905643
0.000905663
0.000905648
0.000905647
0.000905644
0.000905633
0.00090563
0.000905626
0.000905625
0.000905623
0.000905622
0.000905621
0.000903943
0.000903944
0.000903944
0.000903945
0.000903947
0.000903948
0.000903953
0.000903955
0.000903966
0.000903987
0.00090397
0.000903969
0.000903966
0.000903954
0.000903952
0.000903948
0.000903946
0.000903944
0.000903943
0.000903942
0.000902302
0.000902302
0.000902303
0.000902304
0.000902305
0.000902307
0.000902312
0.000902314
0.000902325
0.000902347
0.000902329
0.000902329
0.000902325
0.000902313
0.00090231
0.000902306
0.000902304
0.000902302
0.000902301
0.000902301
0.000900696
0.000900697
0.000900697
0.000900699
0.0009007
0.000900702
0.000900708
0.000900709
0.000900721
0.000900744
0.000900724
0.000900725
0.00090072
0.000900708
0.000900705
0.000900701
0.000900699
0.000900697
0.000900695
0.000900695
0.000899125
0.000899126
0.000899126
0.000899128
0.000899129
0.000899131
0.000899137
0.000899138
0.00089915
0.000899174
0.000899153
0.000899155
0.00089915
0.000899137
0.000899134
0.000899129
0.000899127
0.000899125
0.000899124
0.000899124
0.000897587
0.000897588
0.000897589
0.00089759
0.000897592
0.000897593
0.0008976
0.000897601
0.000897613
0.000897638
0.000897616
0.000897618
0.000897613
0.0008976
0.000897596
0.000897591
0.000897589
0.000897587
0.000897586
0.000897586
0.000896081
0.000896082
0.000896083
0.000896084
0.000896086
0.000896087
0.000896094
0.000896095
0.000896108
0.000896133
0.00089611
0.000896112
0.000896107
0.000896094
0.00089609
0.000896085
0.000896083
0.000896081
0.00089608
0.00089608
0.000894606
0.000894606
0.000894607
0.000894609
0.000894611
0.000894612
0.000894619
0.000894619
0.000894633
0.000894659
0.000894635
0.000894638
0.000894633
0.000894619
0.000894615
0.00089461
0.000894608
0.000894605
0.000894604
0.000894605
0.00089316
0.000893161
0.000893161
0.000893163
0.000893165
0.000893166
0.000893173
0.000893174
0.000893187
0.000893215
0.00089319
0.000893193
0.000893187
0.000893173
0.000893169
0.000893164
0.000893162
0.00089316
0.000893159
0.000893159
)
;
    }
    wing
    {
        type            nutkWallFunction;
        blending        stepwise;
        value           nonuniform List<scalar> 
192
(
0.000314482
0.000281219
0.000281678
0.0002817
0.000281588
0.000281093
0.000269791
0.000211155
0.000211552
0.000211947
0.000212003
0.000212012
0.000212012
0.000212002
0.000211946
0.000211558
0.00021116
0.000270046
0.000287462
0.000298439
0.000269228
0.00028527
0.000257798
0.000258041
0.000285374
0.000258357
0.000258362
0.000285356
0.000258379
0.000258386
0.000284326
0.000258288
0.000258223
0.000316375
0.000257205
0.000260648
0.000239293
0.000221206
0.000200178
0.000259725
0.00025946
0.000211909
0.000188884
0.00018942
0.000189057
0.000211746
0.000189184
0.000260469
0.000260391
0.000211897
0.000189361
0.000189316
0.000189407
0.000212006
0.00018941
0.00026056
0.000260545
0.000212015
0.000189409
0.000189416
0.000189409
0.000212015
0.000189416
0.000260535
0.000260541
0.000212006
0.000189408
0.00018941
0.000189363
0.000211897
0.000189323
0.000260096
0.000260261
0.00021175
0.000189106
0.000189213
0.000188938
0.000211908
0.000189474
0.000300792
0.000267049
0.00022119
0.00024011
0.000200246
0.000285863
0.00028126
0.000281687
0.000281709
0.000281504
0.000280452
0.000291977
0.000285188
0.000285376
0.000285361
0.0002849
0.000296615
0.000316448
0.000284341
0.000285358
0.000285375
0.000285266
0.00028744
0.000234946
0.000191844
0.000191808
0.000192054
0.000192117
0.000192121
0.000192122
0.000192123
0.000192065
0.000191861
0.000191907
0.000234631
0.000280974
0.000301232
0.000267091
0.000281569
0.000260096
0.000260249
0.0002817
0.000260533
0.00026054
0.000281689
0.000260561
0.000260545
0.00028132
0.000260474
0.000260414
0.0003147
0.000259743
0.000259474
0.00023771
0.000201463
0.000198391
0.000257199
0.000260598
0.000191601
0.000184155
0.000186897
0.000184628
0.000191881
0.00018478
0.00025828
0.000258224
0.000192008
0.000184938
0.000184897
0.000184994
0.000192116
0.000184993
0.000258379
0.000258384
0.000192125
0.000185007
0.000185004
0.000185008
0.000192127
0.000185005
0.000258363
0.000258366
0.000192119
0.000184999
0.000184996
0.000184946
0.000192027
0.000184907
0.000257811
0.000258043
0.000191914
0.00018463
0.000184784
0.000184161
0.000191662
0.0001869
0.000298456
0.000269312
0.000201522
0.000237017
0.000198371
0.000296712
0.000284909
0.000285361
0.000285376
0.000285181
0.000291937
0.000280322
0.00028147
0.000281706
0.000281693
0.000281323
0.000286043
)
;
    }
}


// ************************************************************************* //
