/*--------------------------------*- C++ -*----------------------------------*\
| =========                 |                                                 |
| \\      /  F ield         | OpenFOAM: The Open Source CFD Toolbox           |
|  \\    /   O peration     | Version:  2506                                  |
|   \\  /    A nd           | Website:  www.openfoam.com                      |
|    \\/     M anipulation  |                                                 |
\*---------------------------------------------------------------------------*/
FoamFile
{
    version     2.0;
    format      ascii;
    arch        "LSB;label=32;scalar=64";
    class       volScalarField;
    location    "83";
    object      nut;
}
// * * * * * * * * * * * * * * * * * * * * * * * * * * * * * * * * * * * * * //

dimensions      [0 2 -1 0 0 0 0];

internalField   nonuniform List<scalar> 
14780
(
0.00105579
0.00107843
0.00108747
0.00109103
0.00109327
0.00109573
0.00109894
0.00110312
0.00110836
0.00111473
0.00112222
0.00113084
0.00114056
0.00115137
0.00116326
0.00117622
0.00119024
0.00120533
0.00122147
0.00123867
0.00125693
0.00127626
0.00129667
0.00131817
0.00134076
0.00136447
0.0013893
0.00141527
0.0014424
0.00147072
0.00150023
0.00153096
0.00156295
0.0015962
0.00163075
0.00166663
0.00170386
0.00174248
0.00178256
0.00182427
0.00105579
0.00107843
0.00108747
0.00109102
0.00109326
0.00109573
0.00109893
0.00110311
0.00110835
0.00111471
0.0011222
0.00113081
0.00114051
0.00115131
0.00116318
0.00117612
0.00119012
0.00120517
0.00122127
0.00123843
0.00125665
0.00127592
0.00129627
0.00131769
0.0013402
0.00136381
0.00138854
0.0014144
0.00144141
0.00146958
0.00149894
0.00152951
0.00156132
0.00159438
0.00162872
0.00166437
0.00170135
0.00173971
0.0017795
0.00182091
0.00105579
0.00107843
0.00108746
0.00109102
0.00109326
0.00109571
0.00109892
0.00110309
0.00110832
0.00111468
0.00112216
0.00113075
0.00114044
0.00115121
0.00116304
0.00117593
0.00118987
0.00120486
0.00122088
0.00123795
0.00125606
0.00127521
0.00129543
0.0013167
0.00133905
0.00136248
0.00138701
0.00141264
0.00143941
0.00146732
0.0014964
0.00152666
0.00155812
0.00159081
0.00162476
0.00165998
0.00169651
0.00173438
0.00177363
0.00181447
0.00105579
0.00107842
0.00108746
0.00109101
0.00109325
0.0010957
0.0010989
0.00110306
0.00110829
0.00111464
0.0011221
0.00113067
0.00114033
0.00115105
0.00116282
0.00117564
0.00118948
0.00120435
0.00122023
0.00123714
0.00125505
0.00127399
0.00129394
0.00131492
0.00133694
0.00136
0.00138411
0.00140929
0.00143555
0.00146291
0.00149138
0.00152098
0.00155173
0.00158364
0.00161674
0.00165105
0.0016866
0.00172341
0.00176153
0.00180116
0.00105579
0.00107842
0.00108745
0.001091
0.00109324
0.00109569
0.00109888
0.00110304
0.00110826
0.0011146
0.00112205
0.0011306
0.00114021
0.00115086
0.00116254
0.00117523
0.00118893
0.00120361
0.00121928
0.00123594
0.00125358
0.00127219
0.00129179
0.00131237
0.00133393
0.00135649
0.00138005
0.00140462
0.0014302
0.00145682
0.00148447
0.00151318
0.00154295
0.00157381
0.00160577
0.00163884
0.00167305
0.00170842
0.00174499
0.00178293
0.00105579
0.00107842
0.00108745
0.001091
0.00109323
0.00109568
0.00109887
0.00110302
0.00110824
0.00111458
0.00112203
0.00113056
0.00114012
0.00115068
0.00116224
0.00117476
0.00118823
0.00120263
0.00121796
0.00123419
0.00125132
0.00126935
0.00128827
0.00130808
0.00132878
0.00135037
0.00137285
0.00139622
0.0014205
0.00144567
0.00147175
0.00149874
0.00152665
0.00155549
0.00158525
0.00161596
0.00164763
0.00168025
0.00171389
0.00174869
0.00105579
0.00107843
0.00108746
0.00109101
0.00109323
0.00109568
0.00109886
0.00110301
0.00110824
0.0011146
0.00112207
0.00113061
0.00114012
0.00115058
0.00116197
0.00117428
0.00118748
0.00120157
0.00121652
0.00123231
0.00124894
0.00126638
0.00128462
0.00130366
0.00132348
0.00134408
0.00136546
0.00138759
0.00141049
0.00143415
0.00145856
0.00148372
0.00150964
0.0015363
0.00156372
0.00159188
0.0016208
0.00165047
0.00168095
0.00171235
0.0010558
0.00107843
0.00108747
0.00109102
0.00109325
0.0010957
0.00109888
0.00110303
0.00110828
0.00111468
0.00112224
0.00113084
0.00114036
0.00115078
0.00116205
0.00117413
0.00118699
0.0012006
0.00121496
0.00123003
0.00124581
0.00126227
0.00127942
0.00129723
0.00131569
0.00133481
0.00135456
0.00137495
0.00139597
0.00141761
0.00143987
0.00146275
0.00148624
0.00151034
0.00153507
0.0015604
0.00158635
0.00161294
0.0016402
0.00166827
0.0010558
0.00107845
0.00108749
0.00109105
0.00109329
0.00109573
0.00109892
0.00110308
0.00110835
0.00111485
0.00112257
0.00113131
0.00114084
0.0011512
0.00116244
0.00117452
0.00118741
0.00120108
0.00121551
0.00123067
0.00124655
0.00126313
0.00128042
0.0012984
0.00131707
0.00133643
0.00135649
0.00137724
0.0013987
0.00142087
0.00144376
0.00146739
0.00149177
0.0015169
0.00154282
0.00156953
0.00159706
0.00162543
0.00165473
0.0016851
0.00105581
0.00107846
0.00108752
0.00109109
0.00109333
0.00109579
0.00109898
0.00110314
0.00110838
0.00111487
0.00112278
0.00113184
0.00114169
0.00115231
0.0011638
0.00117617
0.00118941
0.00120353
0.00121854
0.00123444
0.00125127
0.00126901
0.00128771
0.00130736
0.00132799
0.00134962
0.00137227
0.00139595
0.0014207
0.00144654
0.00147349
0.00150158
0.00153084
0.0015613
0.00159299
0.00162595
0.0016602
0.0016958
0.00173281
0.00177142
0.00105581
0.00107848
0.00108755
0.00109113
0.00109339
0.00109586
0.00109906
0.00110321
0.00110841
0.00111476
0.0011226
0.00113185
0.00114229
0.00115413
0.00116744
0.00118213
0.00119813
0.00121538
0.00123387
0.00125359
0.00127451
0.00129664
0.00132
0.00134459
0.00137044
0.00139756
0.00142599
0.00145575
0.00148688
0.0015194
0.00155335
0.00158878
0.00162571
0.0016642
0.00170428
0.00174601
0.00178943
0.00183462
0.00188168
0.0019309
0.00105582
0.00107849
0.00108758
0.00109117
0.00109344
0.00109592
0.00109914
0.00110331
0.00110855
0.00111495
0.00112271
0.00113196
0.00114265
0.0011548
0.00116832
0.00118318
0.00119939
0.00121698
0.00123596
0.00125637
0.00127823
0.00130156
0.00132639
0.00135274
0.00138065
0.00141013
0.00144122
0.00147395
0.00150836
0.00154447
0.00158234
0.001622
0.0016635
0.00170687
0.00175218
0.00179947
0.0018488
0.00190024
0.00195387
0.00200996
0.00105582
0.0010785
0.00108759
0.00109119
0.00109347
0.00109597
0.00109921
0.00110341
0.0011087
0.00111515
0.00112287
0.001132
0.00114254
0.00115447
0.00116778
0.00118245
0.00119847
0.00121583
0.0012345
0.0012545
0.00127581
0.00129843
0.0013224
0.00134771
0.0013744
0.0014025
0.00143202
0.00146302
0.00149552
0.00152956
0.0015652
0.00160248
0.00164144
0.00168213
0.00172462
0.00176896
0.00181521
0.00186343
0.0019137
0.00196627
0.00105582
0.00107851
0.0010876
0.0010912
0.00109349
0.001096
0.00109925
0.00110348
0.00110879
0.00111527
0.00112297
0.00113194
0.00114226
0.00115389
0.00116683
0.00118105
0.00119654
0.00121327
0.00123125
0.00125048
0.00127097
0.00129274
0.00131579
0.00134015
0.00136583
0.00139286
0.00142127
0.00145108
0.00148232
0.00151503
0.00154922
0.00158495
0.00162225
0.00166116
0.00170172
0.00174397
0.00178797
0.00183376
0.00188141
0.00193109
0.00105582
0.00107851
0.0010876
0.00109121
0.00109349
0.00109601
0.00109927
0.00110351
0.00110884
0.00111532
0.001123
0.00113189
0.00114201
0.00115338
0.00116601
0.00117987
0.00119495
0.00121124
0.00122874
0.00124745
0.00126737
0.0012885
0.00131086
0.00133446
0.00135931
0.00138544
0.00141286
0.00144161
0.00147171
0.00150319
0.00153609
0.00157044
0.00160628
0.00164365
0.0016826
0.00172315
0.00176537
0.0018093
0.00185499
0.0019026
0.00105582
0.0010785
0.0010876
0.0010912
0.00109349
0.00109601
0.00109927
0.00110351
0.00110885
0.00111533
0.00112298
0.00113182
0.00114182
0.001153
0.00116538
0.00117896
0.00119371
0.00120962
0.00122671
0.00124495
0.00126436
0.00128494
0.00130671
0.00132967
0.00135384
0.00137925
0.00140592
0.00143387
0.00146312
0.0014937
0.00152565
0.001559
0.00159377
0.00163001
0.00166776
0.00170704
0.0017479
0.00179039
0.00183454
0.0018805
0.00105582
0.0010785
0.0010876
0.0010912
0.00109349
0.001096
0.00109927
0.00110351
0.00110884
0.00111531
0.00112295
0.00113174
0.00114169
0.00115276
0.00116496
0.00117832
0.00119283
0.00120848
0.00122527
0.00124319
0.00126226
0.00128247
0.00130383
0.00132635
0.00135006
0.00137496
0.00140107
0.00142843
0.00145704
0.00148694
0.00151816
0.00155072
0.00158466
0.00162001
0.00165681
0.00169509
0.00173488
0.00177624
0.0018192
0.00186389
0.00105582
0.0010785
0.00108759
0.00109119
0.00109348
0.00109599
0.00109926
0.0011035
0.00110883
0.00111529
0.00112291
0.00113168
0.00114158
0.0011526
0.00116473
0.00117794
0.00119228
0.00120773
0.00122431
0.001242
0.0012608
0.00128073
0.00130178
0.00132398
0.00134733
0.00137185
0.00139756
0.00142447
0.00145263
0.00148204
0.00151273
0.00154474
0.00157808
0.00161281
0.00164894
0.0016865
0.00172555
0.00176611
0.00180822
0.001852
0.00105582
0.0010785
0.00108759
0.00109119
0.00109348
0.00109599
0.00109925
0.00110349
0.00110881
0.00111528
0.00112289
0.00113164
0.00114152
0.0011525
0.00116458
0.00117774
0.00119198
0.00120732
0.00122376
0.00124131
0.00125996
0.00127972
0.00130059
0.00132259
0.00134573
0.00137003
0.0013955
0.00142216
0.00145003
0.00147914
0.00150952
0.00154118
0.00157416
0.00160849
0.00164421
0.00168133
0.0017199
0.00175995
0.00180153
0.00184474
0.00105582
0.0010785
0.00108759
0.00109118
0.00109347
0.00109598
0.00109925
0.00110348
0.00110881
0.00111527
0.00112287
0.00113162
0.00114149
0.00115246
0.00116452
0.00117766
0.00119186
0.00120714
0.00122352
0.001241
0.00125957
0.00127925
0.00130003
0.00132194
0.00134497
0.00136915
0.0013945
0.00142103
0.00144876
0.00147772
0.00150794
0.00153943
0.00157224
0.00160637
0.00164188
0.00167879
0.00171713
0.00175694
0.00179825
0.00184119
0.00101125
0.00101418
0.00102072
0.00102939
0.00103996
0.00105276
0.00106781
0.001085
0.00110426
0.00112555
0.00114887
0.00117419
0.00120151
0.00123084
0.00126219
0.00129561
0.00133112
0.00136877
0.0014086
0.00145068
0.00149506
0.00154181
0.001591
0.00164271
0.00169701
0.00175399
0.00181374
0.00187635
0.00194193
0.00201058
0.00208239
0.0021575
0.00223601
0.00231804
0.00240372
0.00249319
0.00258658
0.00268403
0.00278565
0.00289124
0.00101125
0.00101418
0.00102072
0.00102939
0.00103996
0.00105276
0.0010678
0.00108499
0.00110424
0.00112553
0.00114884
0.00117414
0.00120144
0.00123074
0.00126207
0.00129544
0.0013309
0.00136849
0.00140826
0.00145027
0.00149456
0.00154121
0.00159028
0.00164186
0.00169601
0.00175283
0.00181239
0.0018748
0.00194016
0.00200855
0.00208009
0.00215489
0.00223307
0.00231475
0.00240004
0.00248908
0.00258201
0.00267895
0.00278004
0.00288504
0.00101125
0.00101418
0.00102072
0.00102939
0.00103996
0.00105275
0.00106779
0.00108497
0.00110422
0.0011255
0.00114879
0.00117407
0.00120133
0.00123058
0.00126183
0.00129512
0.00133047
0.00136794
0.00140756
0.00144939
0.0014935
0.00153994
0.00158878
0.00164009
0.00169395
0.00175045
0.00180966
0.00187168
0.0019366
0.00200452
0.00207555
0.00214979
0.00222735
0.00230835
0.00239291
0.00248115
0.00257321
0.00266921
0.00276928
0.00287317
0.00101125
0.00101418
0.00102072
0.00102938
0.00103995
0.00105274
0.00106778
0.00108496
0.0011042
0.00112547
0.00114874
0.00117399
0.00120119
0.00123035
0.00126148
0.00129461
0.00132979
0.00136704
0.00140641
0.00144795
0.00149171
0.00153775
0.00158613
0.00163692
0.00169019
0.00174602
0.0018045
0.00186569
0.00192971
0.00199663
0.00206656
0.00213959
0.00221584
0.0022954
0.0023784
0.00246494
0.00255516
0.00264916
0.00274707
0.00284862
0.00101125
0.00101418
0.00102072
0.00102938
0.00103995
0.00105274
0.00106777
0.00108494
0.00110419
0.00112546
0.00114873
0.00117394
0.00120106
0.00123008
0.00126102
0.00129391
0.00132879
0.00136569
0.00140466
0.00144575
0.001489
0.00153447
0.00158221
0.00163229
0.00168476
0.00173971
0.00179719
0.00185729
0.00192009
0.00198567
0.00205412
0.00212553
0.0022
0.00227761
0.00235848
0.00244272
0.00253041
0.00262168
0.00271664
0.00281496
0.00101125
0.00101418
0.00102072
0.00102938
0.00103995
0.00105274
0.00106777
0.00108495
0.00110421
0.00112552
0.00114882
0.00117401
0.00120102
0.00122985
0.00126054
0.0012931
0.00132755
0.00136391
0.00140221
0.00144249
0.00148479
0.00152916
0.00157564
0.00162429
0.00167516
0.00172831
0.00178381
0.0018417
0.00190207
0.00196498
0.00203049
0.00209868
0.00216963
0.00224341
0.00232011
0.00239979
0.00248255
0.00256847
0.00265764
0.00274968
0.00101125
0.00101418
0.00102072
0.00102939
0.00103996
0.00105274
0.00106778
0.00108498
0.00110429
0.00112569
0.00114911
0.00117434
0.00120121
0.00122974
0.00125999
0.00129203
0.00132587
0.00136156
0.0013991
0.00143852
0.00147983
0.00152305
0.00156823
0.00161538
0.00166455
0.00171577
0.00176909
0.00182455
0.0018822
0.00194208
0.00200424
0.00206874
0.00213563
0.00220496
0.00227679
0.00235118
0.00242817
0.00250783
0.00259024
0.00267492
0.00101125
0.00101418
0.00102073
0.0010294
0.00103997
0.00105276
0.00106781
0.00108503
0.00110441
0.001126
0.00114969
0.00117507
0.00120191
0.00123027
0.00126016
0.00129153
0.00132443
0.00135888
0.00139491
0.00143256
0.00147184
0.00151277
0.00155537
0.00159967
0.00164569
0.00169345
0.00174299
0.00179432
0.00184748
0.00190249
0.00195938
0.0020182
0.00207896
0.00214171
0.00220648
0.00227331
0.00234224
0.00241331
0.0024866
0.00256162
0.00101125
0.00101419
0.00102075
0.00102942
0.00103999
0.00105278
0.00106783
0.00108507
0.00110456
0.00112651
0.00115077
0.00117632
0.00120272
0.00123061
0.00126022
0.00129149
0.00132435
0.0013588
0.00139483
0.00143245
0.00147166
0.00151249
0.00155494
0.00159907
0.00164489
0.00169244
0.00174178
0.00179295
0.00184599
0.00190096
0.00195793
0.00201693
0.00207805
0.00214135
0.00220689
0.00227475
0.00234501
0.00241774
0.00249307
0.00257066
0.00101126
0.0010142
0.00102076
0.00102944
0.00104002
0.0010528
0.00106782
0.001085
0.00110421
0.00112612
0.00115136
0.00117849
0.00120611
0.00123448
0.00126418
0.00129545
0.00132837
0.00136305
0.00139955
0.00143794
0.00147828
0.00152063
0.00156507
0.00161165
0.00166045
0.00171155
0.00176504
0.00182099
0.00187949
0.00194064
0.00200453
0.00207126
0.00214094
0.00221368
0.00228959
0.00236879
0.0024514
0.00253753
0.00262727
0.0027205
0.00101126
0.00101421
0.00102078
0.00102947
0.00104005
0.00105283
0.00106782
0.00108485
0.00110364
0.0011246
0.00114837
0.00117469
0.0012025
0.00123205
0.00126385
0.0012978
0.00133382
0.00137194
0.00141219
0.00145466
0.0014994
0.00154652
0.0015961
0.00164823
0.001703
0.00176053
0.0018209
0.00188424
0.00195065
0.00202025
0.00209314
0.00216946
0.00224932
0.00233286
0.0024202
0.00251148
0.0026068
0.00270627
0.00280984
0.00291708
0.00101126
0.00101422
0.00102079
0.00102949
0.00104008
0.00105288
0.00106789
0.00108494
0.00110395
0.00112502
0.00114827
0.00117367
0.00120104
0.00123039
0.00126168
0.00129479
0.00132969
0.00136642
0.00140502
0.00144556
0.00148808
0.00153265
0.00157934
0.00162822
0.00167936
0.00173284
0.00178873
0.00184712
0.00190809
0.00197172
0.0020381
0.00210732
0.00217947
0.00225466
0.00233297
0.00241451
0.00249936
0.00258761
0.00267923
0.00277386
0.00101126
0.00101422
0.0010208
0.0010295
0.00104011
0.00105294
0.00106799
0.00108514
0.00110432
0.00112557
0.00114908
0.00117452
0.00120182
0.00123089
0.00126167
0.00129419
0.00132847
0.00136454
0.00140243
0.00144218
0.00148383
0.00152744
0.00157306
0.00162075
0.00167057
0.00172259
0.00177688
0.00183351
0.00189256
0.00195409
0.0020182
0.00208496
0.00215447
0.00222681
0.00230207
0.00238035
0.00246174
0.00254632
0.00263413
0.0027249
0.00101126
0.00101422
0.0010208
0.00102951
0.00104013
0.00105297
0.00106807
0.0010853
0.00110461
0.001126
0.0011496
0.00117535
0.00120296
0.0012324
0.00126364
0.00129668
0.00133151
0.00136817
0.00140667
0.00144705
0.00148935
0.00153364
0.00157996
0.00162836
0.00167892
0.00173171
0.00178678
0.00184421
0.00190408
0.00196647
0.00203146
0.00209914
0.0021696
0.00224293
0.00231922
0.00239858
0.0024811
0.00256687
0.00265596
0.00274806
0.00101126
0.00101422
0.0010208
0.00102951
0.00104014
0.001053
0.00106812
0.0010854
0.00110477
0.00112624
0.00114985
0.00117565
0.00120352
0.00123324
0.00126479
0.00129817
0.00133338
0.00137047
0.00140947
0.00145042
0.00149338
0.0015384
0.00158554
0.00163487
0.00168645
0.00174036
0.00179665
0.00185542
0.00191674
0.0019807
0.00204737
0.00211685
0.00218924
0.00226461
0.00234308
0.00242475
0.00250972
0.00259808
0.00268992
0.00278498
0.00101126
0.00101422
0.0010208
0.00102951
0.00104014
0.001053
0.00106814
0.00108544
0.00110485
0.00112635
0.00114994
0.00117565
0.0012035
0.00123341
0.0012652
0.00129887
0.00133445
0.00137196
0.00141145
0.00145296
0.00149655
0.00154227
0.0015902
0.00164038
0.00169291
0.00174785
0.00180528
0.00186528
0.00192795
0.00199336
0.00206161
0.0021328
0.00220703
0.0022844
0.00236502
0.00244899
0.00253644
0.00262746
0.00272216
0.00282026
0.00101126
0.00101422
0.0010208
0.00102951
0.00104013
0.001053
0.00106814
0.00108545
0.00110487
0.00112637
0.00114995
0.0011756
0.00120334
0.00123316
0.00126507
0.0012989
0.00133466
0.0013724
0.00141215
0.00145397
0.00149792
0.00154405
0.00159244
0.00164315
0.00169626
0.00175186
0.00181002
0.00187083
0.00193439
0.00200077
0.00207009
0.00214244
0.00221793
0.00229666
0.00237875
0.00246431
0.00255345
0.00264631
0.00274296
0.00284317
0.00101126
0.00101421
0.00102079
0.0010295
0.00104013
0.00105299
0.00106813
0.00108545
0.00110486
0.00112636
0.00114992
0.00117553
0.0012032
0.00123292
0.00126471
0.0012986
0.00133445
0.00137231
0.00141221
0.00145421
0.00149837
0.00154474
0.00159341
0.00164444
0.00169791
0.00175391
0.00181252
0.00187383
0.00193793
0.00200493
0.00207492
0.002148
0.00222429
0.00230389
0.00238693
0.00247352
0.00256379
0.00265786
0.00275583
0.00285744
0.00101126
0.00101421
0.00102079
0.0010295
0.00104012
0.00105299
0.00106813
0.00108544
0.00110485
0.00112634
0.00114989
0.00117547
0.0012031
0.00123276
0.00126448
0.00129827
0.00133416
0.00137207
0.00141204
0.00145411
0.00149836
0.00154485
0.00159365
0.00164484
0.00169849
0.00175469
0.00181353
0.00187509
0.00193949
0.0020068
0.00207714
0.00215062
0.00222734
0.00230742
0.00239097
0.00247812
0.002569
0.00266373
0.00276242
0.0028648
0.00101126
0.00101421
0.00102079
0.0010295
0.00104012
0.00105299
0.00106813
0.00108543
0.00110485
0.00112633
0.00114987
0.00117545
0.00120306
0.0012327
0.00126438
0.00129812
0.00133397
0.00137189
0.00141188
0.00145398
0.00149827
0.0015448
0.00159365
0.0016449
0.00169862
0.0017549
0.00181383
0.00187551
0.00194002
0.00200747
0.00207796
0.0021516
0.0022285
0.00230878
0.00239256
0.00247995
0.0025711
0.00266612
0.00276512
0.00286784
0.00100397
0.0010051
0.0010073
0.00100969
0.00101243
0.00101583
0.00102001
0.00102495
0.00103065
0.00103711
0.00104431
0.00105224
0.00106089
0.00107025
0.00108032
0.00109109
0.00110258
0.00111477
0.00112769
0.00114134
0.00115572
0.00117085
0.00118674
0.0012034
0.00122084
0.00123909
0.00125814
0.00127803
0.00129876
0.00132036
0.00134284
0.00136623
0.00139055
0.00141581
0.00144205
0.00146928
0.00149753
0.00152684
0.00155723
0.00158872
0.00100397
0.0010051
0.0010073
0.00100969
0.00101243
0.00101583
0.00102
0.00102495
0.00103065
0.00103712
0.00104433
0.00105227
0.00106094
0.00107033
0.00108042
0.00109123
0.00110275
0.00111499
0.00112796
0.00114166
0.00115611
0.0011713
0.00118727
0.00120402
0.00122155
0.0012399
0.00125907
0.00127908
0.00129995
0.0013217
0.00134434
0.0013679
0.00139241
0.00141787
0.00144432
0.00147179
0.0015003
0.00152989
0.00156057
0.00159238
0.00100397
0.0010051
0.00100729
0.00100969
0.00101243
0.00101583
0.00102
0.00102495
0.00103066
0.00103714
0.00104438
0.00105236
0.00106108
0.00107052
0.00108068
0.00109156
0.00110317
0.0011155
0.00112857
0.00114239
0.00115696
0.00117229
0.00118841
0.00120531
0.00122303
0.00124156
0.00126094
0.00128118
0.00130229
0.0013243
0.00134722
0.00137109
0.00139592
0.00142174
0.00144857
0.00147645
0.00150539
0.00153544
0.00156662
0.00159897
0.00100397
0.00100509
0.00100729
0.00100969
0.00101243
0.00101582
0.00102
0.00102495
0.00103068
0.00103719
0.00104448
0.00105254
0.00106135
0.00107089
0.00108117
0.00109219
0.00110395
0.00111647
0.00112974
0.00114379
0.00115862
0.00117424
0.00119068
0.00120794
0.00122604
0.001245
0.00126484
0.00128558
0.00130723
0.00132983
0.00135339
0.00137795
0.00140352
0.00143014
0.00145784
0.00148664
0.00151658
0.00154771
0.00158005
0.00161365
0.00100397
0.00100509
0.00100729
0.00100969
0.00101242
0.00101582
0.00102
0.00102496
0.00103072
0.00103729
0.00104468
0.00105287
0.00106185
0.00107157
0.00108205
0.00109329
0.0011053
0.00111808
0.00113163
0.00114599
0.00116116
0.00117715
0.00119398
0.00121168
0.00123026
0.00124974
0.00127014
0.00129149
0.00131381
0.00133712
0.00136146
0.00138684
0.00141331
0.00144088
0.00146959
0.00149948
0.00153058
0.00156294
0.00159659
0.0016316
0.00100397
0.0010051
0.00100729
0.00100969
0.00101242
0.00101582
0.00101999
0.00102497
0.00103078
0.00103745
0.00104502
0.00105346
0.00106271
0.00107274
0.00108358
0.00109523
0.00110771
0.00112102
0.00113517
0.00115018
0.00116607
0.00118284
0.00120053
0.00121915
0.00123872
0.00125927
0.00128082
0.00130341
0.00132705
0.00135179
0.00137765
0.00140466
0.00143287
0.0014623
0.001493
0.00152501
0.00155837
0.00159313
0.00162935
0.00166709
0.00100397
0.0010051
0.00100729
0.00100969
0.00101242
0.00101581
0.00101998
0.00102498
0.00103085
0.00103771
0.00104562
0.00105451
0.00106421
0.00107468
0.00108596
0.00109806
0.00111101
0.00112484
0.00113955
0.00115518
0.00117173
0.00118923
0.00120771
0.00122719
0.00124769
0.00126924
0.00129186
0.00131558
0.00134044
0.00136646
0.00139367
0.00142211
0.00145181
0.0014828
0.00151513
0.00154882
0.00158393
0.0016205
0.0016586
0.00169832
0.00100397
0.0010051
0.0010073
0.00100969
0.00101241
0.0010158
0.00101996
0.00102494
0.00103088
0.001038
0.00104649
0.00105612
0.00106657
0.00107794
0.00109022
0.00110339
0.00111744
0.0011324
0.00114829
0.00116512
0.00118291
0.00120169
0.00122147
0.00124227
0.00126411
0.00128703
0.00131103
0.00133615
0.0013624
0.00138982
0.00141844
0.00144826
0.00147934
0.00151168
0.00154533
0.0015803
0.00161664
0.00165438
0.00169358
0.00173432
0.00100397
0.0010051
0.0010073
0.00100969
0.00101241
0.00101577
0.00101989
0.00102482
0.00103081
0.00103838
0.00104797
0.00105862
0.0010694
0.00108101
0.0010936
0.00110711
0.00112152
0.00113683
0.00115305
0.00117022
0.00118833
0.00120741
0.00122747
0.00124854
0.00127063
0.00129376
0.00131796
0.00134324
0.00136963
0.00139716
0.00142585
0.00145573
0.00148683
0.00151918
0.00155281
0.00158775
0.00162404
0.00166172
0.00170084
0.00174146
0.00100397
0.00100511
0.00100731
0.0010097
0.00101241
0.00101574
0.00101976
0.00102452
0.00102992
0.00103946
0.00105237
0.00106712
0.00107901
0.00109129
0.00110408
0.00111758
0.00113186
0.00114695
0.00116289
0.00117971
0.00119743
0.00121606
0.00123565
0.00125621
0.00127777
0.00130036
0.001324
0.00134874
0.00137461
0.00140163
0.00142984
0.00145929
0.00149001
0.00152204
0.00155542
0.00159018
0.00162635
0.00166395
0.00170292
0.00174316
0.00100398
0.00100511
0.00100732
0.00100971
0.00101242
0.00101571
0.00101964
0.00102413
0.00102868
0.00103588
0.00104456
0.00105501
0.00106248
0.00107082
0.00108053
0.00109136
0.00110313
0.00111572
0.0011291
0.00114323
0.0011581
0.00117371
0.00119007
0.00120719
0.00122508
0.00124377
0.00126327
0.0012836
0.00130477
0.00132681
0.00134973
0.00137355
0.00139828
0.00142396
0.00145058
0.00147816
0.00150672
0.00153624
0.00156667
0.00159796
0.00100398
0.00100512
0.00100733
0.00100973
0.00101243
0.00101573
0.00101965
0.00102406
0.00102877
0.00103352
0.00103866
0.00104485
0.00105202
0.00106012
0.00106903
0.0010787
0.00108914
0.00110034
0.00111231
0.00112502
0.00113846
0.00115262
0.00116746
0.00118298
0.00119915
0.00121595
0.00123337
0.00125138
0.00126997
0.00128913
0.00130883
0.00132907
0.00134984
0.00137113
0.00139292
0.00141521
0.00143799
0.00146125
0.00148495
0.00150905
0.00100398
0.00100512
0.00100733
0.00100974
0.00101245
0.00101578
0.00101976
0.0010243
0.00102927
0.00103452
0.00104012
0.00104647
0.00105357
0.00106134
0.00106976
0.00107882
0.00108855
0.00109893
0.00110995
0.00112158
0.00113381
0.00114665
0.00116009
0.00117411
0.00118873
0.00120394
0.00121974
0.00123613
0.00125311
0.00127069
0.00128887
0.00130765
0.00132703
0.00134702
0.00136763
0.00138885
0.0014107
0.00143316
0.00145625
0.00148005
0.00100398
0.00100512
0.00100734
0.00100974
0.00101247
0.00101582
0.00101987
0.00102455
0.00102979
0.00103549
0.00104167
0.00104844
0.00105591
0.00106407
0.00107289
0.00108235
0.00109242
0.00110311
0.00111439
0.00112627
0.00113873
0.0011518
0.00116545
0.0011797
0.00119454
0.00120998
0.00122603
0.00124269
0.00125996
0.00127785
0.00129638
0.00131553
0.00133533
0.00135579
0.00137691
0.00139871
0.00142119
0.00144437
0.00146826
0.00149295
0.00100398
0.00100512
0.00100734
0.00100975
0.00101249
0.00101586
0.00101996
0.00102475
0.00103017
0.00103619
0.00104278
0.00104993
0.00105772
0.00106617
0.00107526
0.00108499
0.00109534
0.00110632
0.00111791
0.00113013
0.00114296
0.00115641
0.00117048
0.00118517
0.00120048
0.00121643
0.001233
0.00125022
0.00126809
0.0012866
0.00130578
0.00132563
0.00134616
0.00136738
0.0013893
0.00141193
0.00143528
0.00145938
0.00148424
0.00150998
0.00100398
0.00100512
0.00100734
0.00100975
0.0010125
0.00101589
0.00102002
0.00102488
0.00103042
0.00103662
0.00104346
0.00105091
0.00105897
0.00106765
0.001077
0.00108699
0.00109763
0.00110891
0.00112083
0.00113339
0.00114658
0.00116042
0.0011749
0.00119004
0.00120582
0.00122227
0.00123939
0.00125718
0.00127566
0.00129484
0.00131473
0.00133533
0.00135666
0.00137874
0.00140158
0.00142518
0.00144958
0.00147478
0.00150083
0.00152782
0.00100398
0.00100512
0.00100734
0.00100975
0.0010125
0.00101591
0.00102006
0.00102496
0.00103058
0.00103689
0.00104387
0.00105151
0.00105977
0.00106866
0.00107815
0.00108832
0.00109914
0.00111061
0.00112274
0.00113552
0.00114897
0.00116307
0.00117784
0.00119329
0.00120942
0.00122623
0.00124374
0.00126196
0.0012809
0.00130056
0.00132097
0.00134212
0.00136405
0.00138676
0.00141027
0.00143459
0.00145974
0.00148574
0.00151263
0.00154054
0.00100398
0.00100512
0.00100733
0.00100975
0.00101251
0.00101592
0.00102009
0.00102501
0.00103067
0.00103704
0.0010441
0.00105184
0.00106024
0.00106927
0.00107892
0.00108918
0.00110012
0.00111172
0.00112399
0.00113692
0.00115053
0.00116481
0.00117978
0.00119543
0.00121178
0.00122884
0.00124661
0.00126511
0.00128435
0.00130434
0.00132509
0.00134662
0.00136894
0.00139208
0.00141604
0.00144085
0.00146652
0.00149308
0.00152056
0.0015491
0.00100398
0.00100511
0.00100733
0.00100975
0.00101251
0.00101592
0.0010201
0.00102504
0.00103071
0.00103712
0.00104423
0.00105202
0.00106048
0.00106959
0.00107934
0.00108971
0.0011007
0.00111238
0.00112472
0.00113774
0.00115144
0.00116582
0.00118089
0.00119667
0.00121314
0.00123034
0.00124826
0.00126692
0.00128633
0.00130651
0.00132746
0.00134921
0.00137177
0.00139515
0.00141938
0.00144447
0.00147044
0.00149732
0.00152515
0.00155405
0.00100397
0.00100511
0.00100733
0.00100975
0.00101251
0.00101592
0.00102011
0.00102505
0.00103074
0.00103715
0.00104428
0.0010521
0.00106059
0.00106974
0.00107952
0.00108994
0.00110099
0.0011127
0.00112508
0.00113813
0.00115187
0.0011663
0.00118142
0.00119725
0.00121378
0.00123104
0.00124903
0.00126776
0.00128725
0.00130751
0.00132856
0.00135041
0.00137307
0.00139657
0.00142091
0.00144613
0.00147224
0.00149927
0.00152725
0.00155633
0.000999956
0.000997409
0.0009949
0.00099265
0.000990886
0.000989785
0.000989414
0.000989757
0.00099077
0.000992408
0.000994629
0.000997395
0.00100067
0.00100443
0.00100865
0.00101332
0.00101842
0.00102393
0.00102987
0.0010362
0.00104295
0.00105009
0.00105764
0.00106558
0.00107392
0.00108266
0.0010918
0.00110134
0.00111129
0.00112164
0.0011324
0.00114357
0.00115516
0.00116718
0.00117962
0.00119248
0.00120579
0.00121953
0.00123373
0.00124838
0.000999956
0.000997409
0.0009949
0.000992649
0.000990885
0.000989783
0.000989414
0.000989758
0.000990774
0.000992418
0.000994648
0.000997426
0.00100072
0.00100449
0.00100873
0.00101341
0.00101853
0.00102406
0.00103002
0.00103638
0.00104316
0.00105033
0.00105791
0.00106589
0.00107427
0.00108305
0.00109224
0.00110183
0.00111183
0.00112224
0.00113307
0.00114431
0.00115598
0.00116807
0.00118059
0.00119355
0.00120695
0.0012208
0.00123511
0.00124988
0.000999956
0.000997409
0.000994899
0.000992648
0.000990883
0.000989782
0.000989413
0.000989761
0.000990785
0.000992443
0.000994695
0.0009975
0.00100082
0.00100463
0.0010089
0.00101363
0.00101878
0.00102437
0.00103037
0.00103679
0.00104361
0.00105085
0.00105849
0.00106654
0.001075
0.00108387
0.00109314
0.00110283
0.00111294
0.00112346
0.00113441
0.00114578
0.00115758
0.00116982
0.0011825
0.00119563
0.00120921
0.00122324
0.00123776
0.00125274
0.000999956
0.000997408
0.000994898
0.000992646
0.00099088
0.000989779
0.000989412
0.000989767
0.000990806
0.000992491
0.000994784
0.000997643
0.00100102
0.0010049
0.00100923
0.00101403
0.00101927
0.00102494
0.00103105
0.00103758
0.00104453
0.0010519
0.00105969
0.0010679
0.00107654
0.00108559
0.00109507
0.00110498
0.00111532
0.0011261
0.00113732
0.00114899
0.00116111
0.00117369
0.00118674
0.00120026
0.00121426
0.00122876
0.00124376
0.00125926
0.000999956
0.000997408
0.000994898
0.000992645
0.000990878
0.000989776
0.000989412
0.000989776
0.00099084
0.000992576
0.00099495
0.000997912
0.0010014
0.00100538
0.00100983
0.00101474
0.0010201
0.00102591
0.00103215
0.00103883
0.00104595
0.00105351
0.0010615
0.00106993
0.00107879
0.00108811
0.00109786
0.00110807
0.00111874
0.00112987
0.00114146
0.00115353
0.00116609
0.00117913
0.00119267
0.00120671
0.00122128
0.00123637
0.001252
0.00126819
0.000999957
0.000997409
0.000994898
0.000992644
0.000990876
0.000989773
0.00098941
0.000989788
0.000990891
0.000992715
0.000995238
0.000998384
0.00100206
0.00100624
0.0010109
0.00101605
0.00102168
0.00102777
0.00103434
0.00104137
0.00104886
0.00105683
0.00106526
0.00107418
0.00108357
0.00109345
0.00110382
0.0011147
0.00112608
0.00113798
0.00115041
0.00116338
0.00117691
0.00119099
0.00120565
0.0012209
0.00123676
0.00125324
0.00127037
0.00128816
0.000999957
0.00099741
0.000994899
0.000992645
0.000990874
0.000989768
0.000989404
0.000989794
0.000990956
0.000992946
0.000995774
0.000999276
0.00100325
0.00100767
0.00101258
0.00101799
0.0010239
0.00103032
0.00103725
0.00104468
0.00105261
0.00106106
0.00107003
0.00107951
0.00108953
0.00110008
0.00111118
0.00112284
0.00113507
0.00114788
0.00116128
0.00117529
0.00118993
0.00120521
0.00122114
0.00123774
0.00125504
0.00127306
0.00129182
0.00131137
0.000999958
0.000997412
0.000994903
0.000992648
0.000990873
0.000989758
0.00098938
0.000989761
0.000990972
0.000993224
0.000996631
0.00100082
0.00100543
0.00101053
0.00101612
0.00102223
0.00102886
0.00103605
0.0010438
0.0010521
0.00106097
0.00107041
0.00108043
0.00109103
0.00110223
0.00111402
0.00112643
0.00113947
0.00115314
0.00116746
0.00118244
0.00119809
0.00121444
0.00123149
0.00124926
0.00126777
0.00128703
0.00130707
0.00132792
0.00134962
0.00099996
0.000997416
0.000994908
0.000992654
0.000990873
0.000989739
0.000989321
0.000989635
0.000990864
0.000995259
0.00100178
0.00100853
0.00101311
0.00101847
0.00102454
0.00103119
0.00103838
0.00104612
0.00105438
0.00106317
0.00107248
0.0010823
0.00109264
0.0011035
0.00111488
0.0011268
0.00113925
0.00115224
0.00116578
0.00117989
0.00119456
0.00120982
0.00122567
0.00124212
0.0012592
0.0012769
0.00129524
0.00131425
0.00133394
0.00135436
0.000999961
0.00099742
0.000994915
0.000992662
0.000990873
0.000989709
0.0009892
0.000989263
0.000991559
0.000991661
0.000993869
0.00100083
0.00102022
0.0010264
0.00103301
0.00104013
0.00104776
0.00105586
0.00106443
0.00107344
0.00108288
0.00109272
0.00110298
0.00111363
0.00112467
0.00113611
0.00114795
0.0011602
0.00117286
0.00118594
0.00119945
0.0012134
0.00122782
0.0012427
0.00125807
0.00127394
0.0012903
0.00130717
0.00132449
0.00134218
0.000999962
0.000997423
0.000994922
0.000992671
0.000990878
0.00098969
0.000989104
0.000988912
0.000990458
0.000989725
0.000990309
0.000998916
0.00100754
0.00102164
0.00103481
0.00104718
0.00105879
0.00106973
0.00108012
0.00109003
0.00109957
0.0011088
0.00111778
0.00112659
0.00113527
0.00114386
0.00115239
0.00116091
0.00116944
0.001178
0.00118661
0.00119529
0.00120405
0.00121291
0.00122187
0.00123094
0.00124012
0.00124941
0.0012588
0.00126815
0.000999963
0.000997426
0.000994928
0.000992679
0.000990888
0.000989703
0.000989117
0.000988966
0.00098893
0.000990216
0.000992239
0.000995777
0.000999839
0.00100478
0.0010101
0.00101578
0.00102183
0.00102822
0.00103493
0.00104193
0.00104918
0.00105665
0.00106433
0.00107217
0.00108015
0.00108826
0.00109647
0.00110476
0.00111312
0.00112152
0.00112996
0.00113842
0.00114689
0.00115536
0.00116382
0.00117227
0.0011807
0.0011891
0.00119746
0.00120562
0.000999963
0.000997427
0.00099493
0.000992684
0.000990901
0.000989734
0.000989201
0.000989201
0.000989577
0.00099024
0.000991397
0.000993391
0.000996133
0.0009994
0.00100309
0.00100719
0.00101166
0.00101649
0.00102164
0.00102709
0.00103284
0.00103886
0.00104515
0.0010517
0.00105849
0.00106553
0.0010728
0.0010803
0.00108802
0.00109595
0.00110408
0.00111242
0.00112094
0.00112965
0.00113854
0.0011476
0.00115682
0.0011662
0.00117573
0.00118534
0.000999963
0.000997426
0.000994931
0.000992688
0.000990912
0.000989765
0.000989284
0.000989403
0.00099002
0.000991061
0.000992554
0.000994634
0.000997352
0.00100062
0.00100436
0.0010085
0.00101301
0.00101787
0.00102305
0.00102854
0.00103433
0.00104041
0.00104676
0.0010534
0.00106031
0.00106748
0.00107492
0.00108262
0.00109058
0.0010988
0.00110727
0.001116
0.00112498
0.00113422
0.00114371
0.00115345
0.00116344
0.00117369
0.00118418
0.00119487
0.000999962
0.000997425
0.00099493
0.000992689
0.00099092
0.00098979
0.000989349
0.000989553
0.00099033
0.000991619
0.000993397
0.00099567
0.000998461
0.00100177
0.00100554
0.00100974
0.00101432
0.00101928
0.00102458
0.00103022
0.00103619
0.00104248
0.00104907
0.00105597
0.00106316
0.00107064
0.00107841
0.00108647
0.00109481
0.00110343
0.00111233
0.00112151
0.00113096
0.00114069
0.0011507
0.00116099
0.00117155
0.00118239
0.0011935
0.00120485
0.000999961
0.000997424
0.000994928
0.000992689
0.000990925
0.000989808
0.000989395
0.000989653
0.000990524
0.000991954
0.000993905
0.000996353
0.000999277
0.00100267
0.00100653
0.00101082
0.00101553
0.00102062
0.00102609
0.00103191
0.00103807
0.00104458
0.00105141
0.00105857
0.00106605
0.00107385
0.00108197
0.0010904
0.00109914
0.00110819
0.00111756
0.00112724
0.00113722
0.00114752
0.00115814
0.00116906
0.0011803
0.00119186
0.00120373
0.00121586
0.000999961
0.000997423
0.000994927
0.000992688
0.000990927
0.000989819
0.000989424
0.000989716
0.000990643
0.000992154
0.000994208
0.000996769
0.00099981
0.0010033
0.00100722
0.00101157
0.00101635
0.00102153
0.00102708
0.00103301
0.0010393
0.00104595
0.00105294
0.00106028
0.00106796
0.00107598
0.00108433
0.00109302
0.00110204
0.0011114
0.00112108
0.00113111
0.00114147
0.00115216
0.00116319
0.00117456
0.00118628
0.00119833
0.00121072
0.0012234
0.00099996
0.000997422
0.000994925
0.000992687
0.000990928
0.000989826
0.000989442
0.000989753
0.000990712
0.000992269
0.00099438
0.000997008
0.00100012
0.00100369
0.00100768
0.00101209
0.00101691
0.00102215
0.00102777
0.00103377
0.00104015
0.00104689
0.00105399
0.00106145
0.00106926
0.00107742
0.00108593
0.00109478
0.00110399
0.00111354
0.00112345
0.0011337
0.00114431
0.00115527
0.00116659
0.00117826
0.0011903
0.0012027
0.00121545
0.00122851
0.00099996
0.000997421
0.000994924
0.000992686
0.000990929
0.000989829
0.000989451
0.000989774
0.00099075
0.00099233
0.000994472
0.000997136
0.00100029
0.0010039
0.00100794
0.0010124
0.00101726
0.00102252
0.00102818
0.00103422
0.00104065
0.00104744
0.0010546
0.00106212
0.00107
0.00107824
0.00108684
0.0010958
0.00110511
0.00111478
0.00112481
0.0011352
0.00114595
0.00115706
0.00116855
0.0011804
0.00119262
0.00120522
0.00121819
0.00123146
0.00099996
0.000997421
0.000994924
0.000992685
0.000990929
0.000989831
0.000989456
0.000989783
0.000990766
0.000992357
0.000994513
0.000997192
0.00100036
0.00100399
0.00100806
0.00101254
0.00101742
0.0010227
0.00102837
0.00103444
0.00104088
0.0010477
0.00105489
0.00106244
0.00107036
0.00107864
0.00108728
0.00109628
0.00110564
0.00111537
0.00112545
0.00113591
0.00114672
0.00115791
0.00116947
0.00118141
0.00119372
0.00120641
0.00121948
0.00123286
0.000998142
0.000994348
0.000990504
0.000986918
0.000983789
0.000981225
0.000979258
0.000977864
0.000976999
0.000976617
0.000976676
0.000977135
0.000977963
0.000979129
0.000980612
0.000982395
0.000984464
0.000986807
0.000989417
0.000992286
0.000995408
0.00099878
0.0010024
0.00100626
0.00101036
0.0010147
0.00101927
0.00102409
0.00102914
0.00103442
0.00103994
0.0010457
0.00105169
0.00105792
0.00106438
0.00107108
0.00107802
0.0010852
0.00109262
0.00110029
0.000998142
0.000994348
0.000990504
0.000986917
0.000983789
0.000981225
0.000979258
0.000977865
0.000977003
0.000976625
0.00097669
0.000977157
0.000977992
0.000979167
0.000980659
0.000982451
0.000984529
0.000986884
0.000989506
0.000992389
0.000995527
0.000998917
0.00100255
0.00100643
0.00101056
0.00101492
0.00101953
0.00102437
0.00102945
0.00103477
0.00104033
0.00104612
0.00105216
0.00105843
0.00106494
0.00107169
0.00107869
0.00108593
0.00109341
0.00110115
0.000998142
0.000994348
0.000990504
0.000986917
0.000983788
0.000981224
0.000979258
0.000977868
0.000977011
0.000976644
0.000976723
0.000977208
0.000978063
0.000979257
0.000980769
0.000982582
0.000984684
0.000987063
0.000989713
0.000992626
0.000995798
0.000999223
0.0010029
0.00100683
0.001011
0.00101541
0.00102007
0.00102498
0.00103012
0.00103551
0.00104115
0.00104702
0.00105314
0.0010595
0.00106611
0.00107297
0.00108007
0.00108742
0.00109502
0.00110289
0.000998142
0.000994348
0.000990503
0.000986916
0.000983786
0.000981223
0.000979258
0.000977873
0.000977027
0.00097668
0.000976788
0.000977309
0.0009782
0.000979431
0.00098098
0.000982834
0.00098498
0.00098741
0.000990116
0.000993091
0.000996331
0.000999833
0.00100359
0.00100761
0.00101188
0.0010164
0.00102118
0.00102621
0.0010315
0.00103703
0.00104283
0.00104887
0.00105518
0.00106174
0.00106856
0.00107564
0.00108299
0.0010906
0.00109848
0.00110664
0.000998142
0.000994348
0.000990503
0.000986915
0.000983785
0.000981221
0.000979258
0.000977881
0.000977055
0.000976745
0.000976912
0.000977505
0.000978468
0.000979766
0.000981381
0.000983301
0.000985518
0.000988027
0.000990819
0.000993892
0.00099724
0.00100086
0.00100475
0.00100891
0.00101333
0.00101802
0.00102298
0.0010282
0.00103369
0.00103944
0.00104547
0.00105177
0.00105834
0.00106518
0.00107231
0.00107971
0.0010874
0.00109537
0.00110363
0.00111219
0.000998143
0.000994348
0.000990504
0.000986915
0.000983784
0.000981219
0.000979258
0.000977891
0.000977096
0.000976856
0.00097714
0.000977871
0.000978965
0.000980388
0.000982136
0.0009842
0.000986571
0.000989244
0.000992217
0.000995486
0.000999051
0.00100291
0.00100706
0.00101151
0.00101625
0.00102129
0.00102662
0.00103226
0.00103819
0.00104443
0.00105098
0.00105784
0.00106502
0.00107251
0.00108033
0.00108848
0.00109696
0.00110579
0.00111496
0.00112449
0.000998143
0.00099435
0.000990505
0.000986916
0.000983784
0.000981217
0.000979255
0.000977898
0.000977152
0.00097706
0.000977616
0.000978656
0.000979996
0.000981626
0.000983579
0.000985866
0.000988486
0.000991431
0.000994698
0.000998282
0.00100218
0.0010064
0.00101094
0.00101579
0.00102097
0.00102648
0.00103232
0.00103849
0.00104501
0.00105186
0.00105907
0.00106664
0.00107457
0.00108287
0.00109155
0.00110061
0.00111008
0.00111994
0.00113022
0.00114095
0.000998144
0.000994352
0.000990508
0.00098692
0.000983785
0.000981211
0.000979239
0.000977876
0.000977177
0.000977331
0.000978454
0.000980186
0.000982123
0.000984354
0.000986851
0.000989666
0.000992851
0.000996425
0.00100039
0.00100474
0.00100947
0.0010146
0.00102011
0.00102601
0.00103231
0.00103901
0.00104612
0.00105364
0.00106158
0.00106995
0.00107876
0.00108801
0.00109771
0.00110788
0.00111853
0.00112965
0.00114128
0.00115341
0.00116606
0.00117925
0.000998145
0.000994354
0.000990513
0.000986926
0.000983787
0.000981201
0.000979197
0.000977778
0.00097701
0.000976472
0.000976826
0.000979643
0.000989521
0.000995194
0.001001
0.00100684
0.00101278
0.00101886
0.0010251
0.0010315
0.00103809
0.00104487
0.00105185
0.00105904
0.00106646
0.00107411
0.00108199
0.00109013
0.00109853
0.0011072
0.00111614
0.00112537
0.00113488
0.0011447
0.00115483
0.00116528
0.00117606
0.00118717
0.00119864
0.00121051
0.000998147
0.000994358
0.00099052
0.000986933
0.000983791
0.000981182
0.000979107
0.000977477
0.000976532
0.000976034
0.000983779
0.00100706
0.00102536
0.00114079
0.00114168
0.00114315
0.00114508
0.00114737
0.00114998
0.00115287
0.00115602
0.00115939
0.00116299
0.00116679
0.00117079
0.00117499
0.00117939
0.00118399
0.0011888
0.00119381
0.00119903
0.00120448
0.00121014
0.00121604
0.00122218
0.00122857
0.0012352
0.00124209
0.0012492
0.00125651
0.000998148
0.000994361
0.000990526
0.000986942
0.000983797
0.000981173
0.000979041
0.000977228
0.000976077
0.000973479
0.00100056
0.00112896
0.0011776
0.00131536
0.00132474
0.00133211
0.00133792
0.00134252
0.00134616
0.00134903
0.0013513
0.00135308
0.00135447
0.00135555
0.0013564
0.00135706
0.00135758
0.00135801
0.00135836
0.00135868
0.00135898
0.00135929
0.00135961
0.00135997
0.00136037
0.00136083
0.00136136
0.00136197
0.00136267
0.00136345
0.000998148
0.000994362
0.000990529
0.000986947
0.000983804
0.000981183
0.000979055
0.000977266
0.000975523
0.00097411
0.000971501
0.000971617
0.000976074
0.00097932
0.000983261
0.000987844
0.000992996
0.000998625
0.00100465
0.001011
0.00101761
0.00102444
0.00103142
0.00103854
0.00104574
0.00105301
0.00106031
0.00106763
0.00107494
0.00108223
0.00108949
0.0010967
0.00110386
0.00111096
0.00111799
0.00112496
0.00113185
0.00113866
0.00114543
0.00115208
0.000998148
0.000994363
0.00099053
0.000986949
0.00098381
0.000981201
0.000979117
0.000977464
0.000976099
0.000974945
0.000974218
0.000974081
0.000974597
0.000975607
0.000977009
0.000978735
0.000980743
0.000982998
0.000985472
0.000988147
0.000991005
0.000994036
0.000997226
0.00100057
0.00100405
0.00100766
0.0010114
0.00101526
0.00101923
0.00102329
0.00102746
0.00103171
0.00103604
0.00104045
0.00104493
0.00104948
0.00105408
0.00105874
0.00106346
0.00106823
0.000998148
0.000994362
0.000990529
0.000986949
0.000983814
0.000981218
0.000979171
0.000977614
0.000976459
0.000975641
0.000975188
0.000975191
0.000975646
0.00097648
0.00097762
0.000979022
0.000980663
0.000982528
0.000984603
0.000986878
0.000989346
0.000992
0.000994834
0.000997842
0.00100102
0.00100436
0.00100787
0.00101153
0.00101535
0.00101931
0.00102342
0.00102768
0.00103208
0.00103661
0.00104128
0.00104609
0.00105102
0.00105608
0.00106127
0.00106661
0.000998147
0.00099436
0.000990527
0.000986948
0.000983816
0.000981231
0.000979212
0.000977718
0.000976685
0.000976061
0.000975823
0.000975972
0.000976505
0.000977385
0.000978574
0.000980041
0.000981766
0.000983732
0.000985927
0.000988338
0.000990957
0.000993775
0.000996787
0.000999987
0.00100337
0.00100693
0.00101067
0.00101458
0.00101866
0.00102291
0.00102732
0.00103189
0.00103662
0.00104152
0.00104657
0.00105177
0.00105713
0.00106265
0.00106833
0.00107419
0.000998146
0.000994359
0.000990525
0.000986946
0.000983817
0.00098124
0.00097924
0.000977783
0.000976818
0.000976294
0.000976175
0.000976437
0.000977057
0.000978005
0.000979271
0.000980819
0.000982631
0.000984691
0.000986987
0.000989508
0.000992246
0.000995196
0.000998352
0.00100171
0.00100526
0.00100901
0.00101295
0.00101708
0.00102139
0.00102588
0.00103056
0.00103542
0.00104046
0.00104567
0.00105107
0.00105663
0.00106238
0.0010683
0.00107439
0.0010807
0.000998145
0.000994358
0.000990523
0.000986944
0.000983817
0.000981245
0.000979257
0.000977823
0.000976896
0.000976427
0.000976375
0.000976706
0.000977393
0.000978405
0.000979717
0.000981319
0.00098319
0.000985316
0.000987686
0.000990291
0.000993123
0.000996176
0.000999445
0.00100293
0.00100661
0.00101051
0.0010146
0.0010189
0.00102339
0.00102808
0.00103296
0.00103804
0.00104331
0.00104877
0.00105442
0.00106026
0.00106629
0.00107252
0.00107893
0.00108558
0.000998145
0.000994357
0.000990521
0.000986942
0.000983816
0.000981248
0.000979267
0.000977847
0.000976941
0.000976501
0.000976485
0.000976856
0.000977583
0.000978636
0.000979993
0.00098163
0.000983542
0.000985712
0.000988131
0.00099079
0.00099368
0.000996798
0.00100014
0.00100369
0.00100746
0.00101145
0.00101564
0.00102004
0.00102464
0.00102945
0.00103446
0.00103968
0.00104509
0.00105071
0.00105653
0.00106255
0.00106877
0.00107518
0.00108181
0.00108868
0.000998145
0.000994356
0.00099052
0.000986941
0.000983816
0.00098125
0.000979273
0.00097786
0.000976965
0.000976541
0.000976544
0.000976936
0.000977685
0.000978762
0.000980143
0.000981808
0.000983741
0.000985937
0.000988383
0.000991071
0.000993995
0.000997149
0.00100053
0.00100413
0.00100795
0.00101198
0.00101623
0.00102069
0.00102536
0.00103024
0.00103533
0.00104062
0.00104612
0.00105183
0.00105775
0.00106387
0.00107019
0.00107673
0.00108347
0.00109047
0.000998144
0.000994356
0.00099052
0.00098694
0.000983816
0.00098125
0.000979275
0.000977866
0.000976976
0.000976558
0.000976569
0.000976971
0.000977729
0.000978817
0.000980209
0.000981887
0.000983834
0.000986039
0.000988497
0.0009912
0.00099414
0.000997311
0.00100071
0.00100433
0.00100817
0.00101223
0.0010165
0.00102099
0.00102569
0.0010306
0.00103572
0.00104105
0.00104659
0.00105234
0.0010583
0.00106447
0.00107084
0.00107743
0.00108423
0.00109128
0.000997278
0.000992966
0.000988553
0.000984307
0.000980423
0.000976996
0.000974068
0.000971633
0.000969664
0.000968125
0.000966979
0.000966193
0.000965736
0.00096558
0.000965704
0.000966089
0.000966722
0.000967589
0.000968681
0.000969988
0.000971504
0.000973223
0.000975139
0.000977247
0.000979544
0.000982026
0.00098469
0.000987535
0.000990556
0.000993753
0.000997124
0.00100067
0.00100438
0.00100827
0.00101232
0.00101654
0.00102093
0.00102549
0.00103022
0.0010351
0.000997278
0.000992966
0.000988553
0.000984307
0.000980422
0.000976996
0.000974068
0.000971634
0.000969667
0.000968131
0.00096699
0.00096621
0.000965758
0.000965608
0.000965738
0.000966131
0.00096677
0.000967645
0.000968746
0.000970063
0.00097159
0.000973321
0.000975249
0.000977372
0.000979684
0.000982183
0.000984865
0.000987728
0.00099077
0.000993989
0.000997384
0.00100095
0.00100469
0.00100861
0.00101269
0.00101695
0.00102137
0.00102596
0.00103073
0.00103565
0.000997278
0.000992966
0.000988553
0.000984307
0.000980422
0.000976995
0.000974068
0.000971636
0.000969674
0.000968145
0.000967016
0.000966249
0.000965812
0.000965677
0.000965822
0.000966229
0.000966885
0.000967777
0.000968895
0.000970233
0.000971782
0.000973536
0.000975491
0.000977642
0.000979985
0.000982517
0.000985236
0.000988138
0.000991222
0.000994485
0.000997927
0.00100155
0.00100534
0.00100931
0.00101346
0.00101778
0.00102227
0.00102693
0.00103177
0.00103678
0.000997278
0.000992966
0.000988553
0.000984306
0.000980421
0.000976995
0.000974068
0.00097164
0.000969686
0.000968173
0.000967065
0.000966326
0.000965917
0.000965809
0.000965981
0.000966418
0.000967107
0.000968036
0.000969195
0.000970576
0.000972173
0.00097398
0.000975991
0.000978204
0.000980614
0.000983218
0.000986014
0.000988999
0.000992173
0.000995533
0.000999078
0.00100281
0.00100672
0.00101082
0.00101509
0.00101955
0.0010242
0.00102902
0.00103403
0.00103921
0.000997279
0.000992966
0.000988553
0.000984306
0.00098042
0.000976994
0.000974069
0.000971646
0.000969706
0.000968222
0.000967161
0.000966479
0.000966126
0.000966069
0.00096629
0.000966775
0.000967514
0.000968498
0.000969719
0.00097117
0.000972844
0.000974734
0.000976838
0.00097915
0.000981667
0.000984386
0.000987306
0.000990424
0.000993738
0.000997248
0.00100095
0.00100485
0.00100894
0.00101323
0.00101771
0.00102238
0.00102725
0.00103231
0.00103757
0.00104302
0.000997279
0.000992967
0.000988554
0.000984306
0.00098042
0.000976993
0.000974069
0.000971654
0.000969738
0.000968309
0.000967341
0.000966771
0.000966524
0.000966572
0.000966906
0.00096751
0.000968372
0.000969485
0.000970844
0.000972443
0.000974279
0.000976348
0.000978645
0.000981168
0.000983915
0.000986884
0.000990073
0.000993482
0.000997109
0.00100096
0.00100502
0.00100931
0.00101381
0.00101854
0.00102348
0.00102865
0.00103405
0.00103967
0.00104552
0.0010516
0.00099728
0.000992968
0.000988555
0.000984308
0.00098042
0.000976992
0.000974067
0.000971661
0.000969785
0.000968479
0.000967749
0.000967461
0.000967416
0.000967629
0.000968134
0.000968931
0.000970011
0.000971361
0.000972973
0.000974839
0.000976956
0.00097932
0.000981928
0.00098478
0.000987874
0.000991211
0.00099479
0.000998612
0.00100268
0.00100699
0.00101155
0.00101636
0.00102142
0.00102673
0.0010323
0.00103814
0.00104423
0.0010506
0.00105723
0.00106415
0.00099728
0.000992969
0.000988558
0.000984311
0.000980422
0.00097699
0.000974059
0.000971651
0.000969827
0.000968774
0.000968639
0.000969055
0.000969757
0.000970652
0.000971755
0.000973139
0.000974855
0.00097691
0.000979296
0.000982005
0.000985033
0.000988374
0.000992025
0.000995986
0.00100026
0.00100484
0.00100973
0.00101494
0.00102046
0.00102631
0.00103249
0.001039
0.00104584
0.00105303
0.00106057
0.00106847
0.00107674
0.00108537
0.00109439
0.0011038
0.000997281
0.000992972
0.000988562
0.000984317
0.000980427
0.000976986
0.000974036
0.000971602
0.000969872
0.000969544
0.000970515
0.00097404
0.000983002
0.000986195
0.000989104
0.000991941
0.000994901
0.000998075
0.0010015
0.0010052
0.00100917
0.00101342
0.00101796
0.00102277
0.00102786
0.00103322
0.00103885
0.00104475
0.00105092
0.00105736
0.00106407
0.00107105
0.00107829
0.0010858
0.00109359
0.00110165
0.00110999
0.00111862
0.00112755
0.00113684
0.000997282
0.000992975
0.000988567
0.000984324
0.000980433
0.00097698
0.000973983
0.000971481
0.00097053
0.000969737
0.000987248
0.00104303
0.00105311
0.0013101
0.00129213
0.00127716
0.00126452
0.0012538
0.00124466
0.00123685
0.00123019
0.00122452
0.00121974
0.00121574
0.00121246
0.00120983
0.00120779
0.0012063
0.00120532
0.00120482
0.00120476
0.00120512
0.00120587
0.001207
0.0012085
0.00121034
0.00121252
0.00121502
0.00121786
0.00122108
0.000997283
0.000992977
0.000988572
0.000984331
0.00098044
0.000976978
0.000973944
0.000971301
0.00097013
0.000968102
0.000273068
0.00289418
0.00180867
0.00178726
0.00176776
0.00174967
0.00173276
0.00171688
0.00170194
0.00168785
0.00167453
0.00166194
0.00165003
0.00163876
0.00162809
0.00161799
0.00160843
0.00159938
0.00159083
0.00158274
0.00157511
0.0015679
0.00156112
0.00155473
0.00154873
0.0015431
0.00153785
0.00153297
0.00152855
0.000997283
0.000992978
0.000988574
0.000984334
0.000980444
0.000976983
0.000973951
0.00097126
0.000968797
0.000967589
0.000967569
0.000971832
0.000980662
0.000997387
0.00101363
0.00102924
0.00104431
0.00105895
0.00107322
0.00108714
0.00110073
0.00111399
0.00112693
0.00113956
0.00115187
0.00116387
0.00117557
0.00118697
0.00119807
0.00120888
0.00121941
0.00122967
0.00123966
0.00124939
0.00125888
0.00126814
0.00127717
0.00128601
0.00129469
0.00130328
0.000997283
0.000992978
0.000988574
0.000984335
0.000980446
0.000976992
0.000973985
0.000971374
0.000969066
0.000966997
0.00096535
0.000964249
0.000964011
0.000964424
0.000965343
0.000966664
0.00096831
0.000970229
0.000972386
0.000974756
0.000977321
0.000980067
0.000982984
0.000986062
0.000989294
0.000992673
0.000996193
0.000999848
0.00100363
0.00100755
0.00101158
0.00101573
0.00102
0.00102438
0.00102887
0.00103346
0.00103816
0.00104298
0.00104793
0.00105301
0.000997283
0.000992977
0.000988573
0.000984333
0.000980445
0.000976999
0.000974016
0.000971467
0.000969293
0.000967447
0.000965953
0.000964873
0.000964215
0.000963912
0.000963899
0.000964133
0.000964591
0.000965255
0.000966109
0.000967141
0.000968339
0.000969694
0.000971197
0.00097284
0.000974617
0.000976521
0.000978547
0.000980689
0.000982942
0.000985301
0.000987762
0.000990321
0.000992975
0.000995718
0.000998549
0.00100146
0.00100446
0.00100754
0.0010107
0.00101392
0.000997282
0.000992975
0.00098857
0.00098433
0.000980444
0.000977004
0.000974039
0.000971532
0.000969442
0.000967727
0.000966369
0.000965363
0.000964697
0.00096436
0.000964308
0.000964513
0.000964952
0.000965606
0.000966461
0.000967502
0.000968719
0.000970101
0.000971641
0.000973333
0.00097517
0.000977146
0.000979258
0.0009815
0.000983868
0.00098636
0.000988972
0.0009917
0.000994542
0.000997496
0.00100056
0.00100373
0.001007
0.00101038
0.00101386
0.00101742
0.000997281
0.000992974
0.000988568
0.000984328
0.000980443
0.000977007
0.000974054
0.000971573
0.00096953
0.000967886
0.00096661
0.000965681
0.000965076
0.000964768
0.000964747
0.000964985
0.000965461
0.000966157
0.000967061
0.000968159
0.000969442
0.000970901
0.00097253
0.000974321
0.00097627
0.000978371
0.000980621
0.000983015
0.000985549
0.000988221
0.000991027
0.000993966
0.000997033
0.00100023
0.00100355
0.00100699
0.00101056
0.00101424
0.00101805
0.00102195
0.000997281
0.000992973
0.000988566
0.000984325
0.000980441
0.000977009
0.000974064
0.000971599
0.000969582
0.000967976
0.000966748
0.000965867
0.000965308
0.000965043
0.000965049
0.000965313
0.000965819
0.000966552
0.000967499
0.000968649
0.000969991
0.000971518
0.000973222
0.000975099
0.000977142
0.000979348
0.000981711
0.000984229
0.000986898
0.000989715
0.000992677
0.000995784
0.000999031
0.00100242
0.00100594
0.0010096
0.0010134
0.00101733
0.00102138
0.00102555
0.00099728
0.000992972
0.000988565
0.000984324
0.00098044
0.00097701
0.00097407
0.000971613
0.000969612
0.000968027
0.000966825
0.000965972
0.000965441
0.000965204
0.00096524
0.000965528
0.000966055
0.000966813
0.000967788
0.000968969
0.000970347
0.000971914
0.000973664
0.000975591
0.000977689
0.000979955
0.000982385
0.000984975
0.000987722
0.000990624
0.000993678
0.000996883
0.00100024
0.00100374
0.00100738
0.00101117
0.0010151
0.00101917
0.00102338
0.00102771
0.00099728
0.000992971
0.000988564
0.000984322
0.000980439
0.00097701
0.000974073
0.000971622
0.000969628
0.000968055
0.000966866
0.000966028
0.000965512
0.000965292
0.000965345
0.000965651
0.000966194
0.000966965
0.000967955
0.000969154
0.000970552
0.000972142
0.000973917
0.000975872
0.000978001
0.000980302
0.00098277
0.000985401
0.000988193
0.000991144
0.000994251
0.000997513
0.00100093
0.00100449
0.00100821
0.00101207
0.00101608
0.00102024
0.00102453
0.00102895
0.00099728
0.000992971
0.000988563
0.000984322
0.000980439
0.00097701
0.000974074
0.000971625
0.000969635
0.000968066
0.000966883
0.000966052
0.000965544
0.000965331
0.000965391
0.000965705
0.000966258
0.000967035
0.000968032
0.000969238
0.000970645
0.000972244
0.00097403
0.000975997
0.00097814
0.000980455
0.000982939
0.000985587
0.000988399
0.00099137
0.0009945
0.000997785
0.00100123
0.00100482
0.00100856
0.00101246
0.0010165
0.00102069
0.00102503
0.00102948
0.000996865
0.000992321
0.000987669
0.000983152
0.000978965
0.000975206
0.000971915
0.000969089
0.000966703
0.000964718
0.000963097
0.000961804
0.000960804
0.000960071
0.000959581
0.000959314
0.000959256
0.000959392
0.000959714
0.000960211
0.000960878
0.000961707
0.000962693
0.000963833
0.000965123
0.000966559
0.000968138
0.000969859
0.000971718
0.000973715
0.000975847
0.000978113
0.000980512
0.000983043
0.000985705
0.000988496
0.000991416
0.000994464
0.000997642
0.00100095
0.000996865
0.000992321
0.000987669
0.000983152
0.000978965
0.000975206
0.000971915
0.00096909
0.000966705
0.000964723
0.000963105
0.000961814
0.000960818
0.000960088
0.0009596
0.000959337
0.000959281
0.000959422
0.000959747
0.000960249
0.000960921
0.000961755
0.000962749
0.000963896
0.000965193
0.000966638
0.000968227
0.000969958
0.000971829
0.000973838
0.000975984
0.000978265
0.000980679
0.000983227
0.000985907
0.000988717
0.000991658
0.000994729
0.000997929
0.00100127
0.000996865
0.000992321
0.000987669
0.000983152
0.000978965
0.000975206
0.000971915
0.000969092
0.00096671
0.000964733
0.000963122
0.000961839
0.000960851
0.000960128
0.000959648
0.000959391
0.000959343
0.000959491
0.000959825
0.000960338
0.00096102
0.000961868
0.000962876
0.00096404
0.000965355
0.00096682
0.000968431
0.000970186
0.000972084
0.000974121
0.000976298
0.000978612
0.000981062
0.000983647
0.000986367
0.000989221
0.000992208
0.000995326
0.000998578
0.00100197
0.000996865
0.000992321
0.000987669
0.000983151
0.000978964
0.000975206
0.000971916
0.000969095
0.000966719
0.000964752
0.000963155
0.000961888
0.000960916
0.000960207
0.000959739
0.000959496
0.000959464
0.000959629
0.000959982
0.000960516
0.000961223
0.000962097
0.000963135
0.000964331
0.000965683
0.000967188
0.000968843
0.000970646
0.000972596
0.000974691
0.000976929
0.00097931
0.000981832
0.000984494
0.000987297
0.000990239
0.000993319
0.000996538
0.000999895
0.0010034
0.000996865
0.000992321
0.000987669
0.000983152
0.000978964
0.000975206
0.000971917
0.000969101
0.000966734
0.000964786
0.000963218
0.000961986
0.000961046
0.000960364
0.000959921
0.000959702
0.000959694
0.000959889
0.000960277
0.00096085
0.000961603
0.000962528
0.000963623
0.000964883
0.000966305
0.000967886
0.000969624
0.000971518
0.000973565
0.000975765
0.000978117
0.000980619
0.000983272
0.000986074
0.000989025
0.000992125
0.000995373
0.00099877
0.00100231
0.00100602
0.000996865
0.000992322
0.00098767
0.000983152
0.000978964
0.000975206
0.000971918
0.000969107
0.000966758
0.000964848
0.000963343
0.000962183
0.000961305
0.000960682
0.000960302
0.000960149
0.000960209
0.000960473
0.000960936
0.000961592
0.000962437
0.000963465
0.000964674
0.000966061
0.000967623
0.000969358
0.000971266
0.000973343
0.000975591
0.000978007
0.000980592
0.000983346
0.000986268
0.000989358
0.000992618
0.000996047
0.000999646
0.00100341
0.00100735
0.00101148
0.000996866
0.000992323
0.000987671
0.000983153
0.000978965
0.000975206
0.000971918
0.000969114
0.000966795
0.00096497
0.000963632
0.000962673
0.000961917
0.000961382
0.000961095
0.00096106
0.000961265
0.000961697
0.000962348
0.000963209
0.000964276
0.000965545
0.000967015
0.000968683
0.000970547
0.000972609
0.000974866
0.00097732
0.000979971
0.000982819
0.000985865
0.000989111
0.000992558
0.000996207
0.00100006
0.00100412
0.00100838
0.00101286
0.00101754
0.00102245
0.000996866
0.000992324
0.000987673
0.000983156
0.000978967
0.000975205
0.000971915
0.000969113
0.000966842
0.000965234
0.000964365
0.000963841
0.00096371
0.000963648
0.000963728
0.000964025
0.000964582
0.00096541
0.000966509
0.000967875
0.000969506
0.000971399
0.000973554
0.000975969
0.000978645
0.000981583
0.000984785
0.000988253
0.000991989
0.000995997
0.00100028
0.00100485
0.00100969
0.00101483
0.00102026
0.00102599
0.00103203
0.00103837
0.00104502
0.00105202
0.000996867
0.000992326
0.000987676
0.00098316
0.000978971
0.000975205
0.000971904
0.000969095
0.000966915
0.000966181
0.000966283
0.000968785
0.000974914
0.000977351
0.000979763
0.000982186
0.000984737
0.000987471
0.000990415
0.000993583
0.000996984
0.00100063
0.00100452
0.00100866
0.00101307
0.00101773
0.00102266
0.00102786
0.00103333
0.00103907
0.00104509
0.00105139
0.00105797
0.00106484
0.001072
0.00107945
0.00108721
0.00109528
0.00110366
0.00111244
0.000996868
0.000992328
0.00098768
0.000983165
0.000978976
0.000975202
0.000971874
0.000969042
0.000967837
0.00096709
0.000995678
0.00105604
0.0010751
0.00134548
0.00133305
0.00132144
0.00131069
0.00130086
0.00129191
0.0012838
0.00127648
0.00126992
0.00126409
0.00125895
0.00125448
0.00125065
0.00124744
0.00124481
0.00124276
0.00124126
0.00124029
0.00123984
0.00123988
0.00124041
0.00124141
0.00124288
0.0012448
0.00124717
0.00125003
0.00125352
0.000996869
0.000992329
0.000987683
0.00098317
0.00097898
0.000975201
0.000971852
0.000968938
0.000967646
0.000967258
0.000283842
0.00282756
0.00183836
0.00180572
0.00177615
0.00174897
0.00172381
0.00170045
0.00167871
0.00165844
0.00163952
0.00162185
0.00160535
0.00158992
0.00157551
0.00156206
0.00154952
0.00153784
0.00152698
0.0015169
0.00150758
0.00149898
0.00149108
0.00148386
0.00147728
0.00147135
0.00146604
0.00146136
0.00145742
0.000996869
0.00099233
0.000987684
0.000983172
0.000978982
0.000975203
0.000971851
0.000968893
0.000966299
0.000965201
0.000966748
0.000973187
0.00098587
0.00101356
0.00104055
0.00106629
0.00109065
0.0011137
0.00113546
0.00115599
0.00117534
0.00119356
0.00121072
0.00122687
0.00124206
0.00125636
0.00126983
0.0012825
0.00129445
0.0013057
0.00131632
0.00132635
0.00133583
0.00134481
0.00135332
0.0013614
0.0013691
0.00137646
0.00138354
0.00139038
0.000996869
0.000992329
0.000987684
0.000983171
0.000978982
0.000975205
0.000971866
0.000968937
0.000966377
0.000964189
0.000962518
0.000961404
0.000961301
0.000962017
0.00096343
0.000965472
0.000968065
0.000971156
0.000974701
0.000978665
0.000983015
0.000987722
0.000992758
0.0009981
0.00100372
0.0010096
0.00101573
0.00102207
0.00102861
0.00103534
0.00104224
0.0010493
0.0010565
0.00106384
0.0010713
0.00107888
0.00108657
0.00109437
0.00110231
0.00111039
0.000996868
0.000992328
0.000987682
0.000983169
0.00097898
0.000975207
0.000971881
0.000968985
0.00096648
0.000964338
0.000962574
0.000961182
0.000960169
0.000959472
0.000959041
0.000958843
0.000958857
0.000959068
0.000959463
0.000960033
0.00096077
0.000961667
0.000962717
0.000963917
0.000965262
0.000966747
0.000968369
0.000970125
0.000972012
0.000974027
0.000976166
0.000978429
0.000980811
0.000983312
0.000985929
0.000988661
0.000991509
0.000994476
0.000997569
0.00100079
0.000996867
0.000992327
0.000987681
0.000983167
0.000978978
0.000975209
0.000971893
0.000969021
0.000966561
0.000964478
0.000962748
0.000961356
0.000960276
0.000959481
0.000958935
0.000958607
0.000958473
0.000958518
0.000958727
0.000959089
0.000959593
0.000960234
0.000961003
0.000961895
0.000962905
0.000964029
0.000965263
0.000966603
0.000968046
0.000969589
0.00097123
0.000972965
0.000974793
0.000976711
0.000978717
0.000980809
0.000982987
0.000985249
0.0009876
0.000990043
0.000996867
0.000992326
0.000987679
0.000983164
0.000978976
0.00097521
0.000971901
0.000969044
0.000966611
0.000964564
0.000962871
0.000961505
0.000960438
0.000959639
0.000959083
0.00095875
0.000958618
0.000958669
0.000958891
0.000959273
0.000959805
0.000960482
0.000961295
0.000962241
0.000963313
0.000964508
0.000965822
0.000967252
0.000968794
0.000970447
0.000972206
0.00097407
0.000976036
0.000978103
0.000980269
0.000982532
0.00098489
0.000987343
0.000989893
0.000992546
0.000996866
0.000992325
0.000987677
0.000983162
0.000978975
0.00097521
0.000971906
0.000969059
0.000966641
0.000964615
0.000962946
0.000961601
0.00096055
0.000959765
0.00095922
0.000958895
0.000958775
0.000958843
0.000959087
0.000959496
0.000960061
0.000960776
0.000961635
0.000962631
0.000963762
0.000965022
0.000966408
0.000967918
0.000969548
0.000971297
0.000973161
0.000975139
0.000977229
0.00097943
0.000981739
0.000984155
0.000986678
0.000989306
0.00099204
0.000994891
0.000996866
0.000992325
0.000987676
0.000983161
0.000978974
0.00097521
0.000971909
0.000969068
0.000966659
0.000964645
0.000962989
0.000961657
0.000960618
0.000959844
0.000959311
0.000958997
0.000958885
0.000958965
0.000959223
0.000959648
0.000960234
0.000960972
0.000961858
0.000962885
0.00096405
0.000965348
0.000966777
0.000968334
0.000970017
0.000971822
0.000973748
0.000975793
0.000977955
0.000980233
0.000982626
0.000985132
0.00098775
0.000990479
0.00099332
0.000996284
0.000996866
0.000992324
0.000987675
0.00098316
0.000978973
0.000975211
0.000971911
0.000969073
0.000966668
0.000964661
0.000963012
0.000961688
0.000960656
0.000959889
0.000959362
0.000959056
0.000958952
0.000959039
0.000959305
0.000959741
0.000960339
0.000961091
0.000961993
0.000963038
0.000964222
0.000965543
0.000966997
0.000968581
0.000970293
0.00097213
0.000974091
0.000976173
0.000978376
0.000980698
0.000983137
0.000985692
0.000988363
0.000991148
0.000994049
0.000997076
0.000996866
0.000992324
0.000987675
0.00098316
0.000978973
0.000975211
0.000971912
0.000969075
0.000966673
0.000964668
0.000963023
0.000961702
0.000960673
0.000959909
0.000959385
0.000959082
0.000958983
0.000959074
0.000959344
0.000959785
0.000960388
0.000961146
0.000962054
0.000963107
0.0009643
0.000965631
0.000967095
0.000968691
0.000970415
0.000972266
0.000974242
0.000976341
0.000978561
0.000980902
0.000983361
0.000985938
0.000988631
0.00099144
0.000994366
0.000997421
0.000996708
0.000992075
0.000987347
0.000982747
0.000978462
0.000974583
0.000971143
0.00096814
0.000965545
0.000963325
0.00096144
0.000959859
0.00095855
0.000957488
0.000956652
0.000956024
0.000955588
0.000955334
0.000955251
0.000955331
0.000955567
0.000955951
0.00095648
0.000957149
0.000957954
0.00095889
0.000959956
0.000961148
0.000962465
0.000963903
0.00096546
0.000967136
0.000968928
0.000970835
0.000972856
0.000974989
0.000977234
0.000979588
0.000982052
0.000984619
0.000996708
0.000992075
0.000987347
0.000982747
0.000978462
0.000974583
0.000971144
0.000968141
0.000965547
0.000963328
0.000961446
0.000959866
0.00095856
0.000957501
0.000956667
0.000956042
0.00095561
0.000955359
0.000955281
0.000955365
0.000955606
0.000955997
0.000956533
0.00095721
0.000958022
0.000958968
0.000960043
0.000961246
0.000962573
0.000964023
0.000965593
0.000967282
0.000969088
0.00097101
0.000973047
0.000975197
0.000977459
0.000979832
0.000982315
0.000984902
0.000996708
0.000992075
0.000987347
0.000982747
0.000978462
0.000974583
0.000971145
0.000968143
0.000965552
0.000963336
0.000961458
0.000959884
0.000958583
0.00095753
0.000956703
0.000956084
0.00095566
0.000955418
0.000955349
0.000955444
0.000955696
0.0009561
0.00095665
0.000957341
0.000958171
0.000959135
0.000960231
0.000961455
0.000962805
0.00096428
0.000965878
0.000967596
0.000969433
0.000971388
0.000973459
0.000975646
0.000977947
0.000980362
0.000982888
0.000985521
0.000996708
0.000992076
0.000987347
0.000982747
0.000978462
0.000974584
0.000971146
0.000968146
0.000965559
0.000963349
0.00096148
0.000959917
0.000958628
0.000957586
0.000956772
0.000956167
0.000955759
0.000955536
0.000955488
0.000955607
0.000955886
0.000956318
0.0009569
0.000957625
0.000958492
0.000959496
0.000960634
0.000961904
0.000963303
0.00096483
0.000966483
0.000968259
0.000970159
0.00097218
0.000974321
0.000976581
0.00097896
0.000981456
0.000984067
0.00098679
0.000996708
0.000992076
0.000987348
0.000982747
0.000978462
0.000974585
0.000971148
0.000968151
0.00096557
0.000963372
0.000961522
0.000959982
0.000958718
0.0009577
0.000956908
0.000956328
0.000955947
0.000955755
0.000955742
0.000955901
0.000956224
0.000956707
0.000957344
0.000958131
0.000959064
0.00096014
0.000961357
0.000962712
0.000964202
0.000965827
0.000967584
0.000969472
0.00097149
0.000973637
0.000975912
0.000978314
0.000980842
0.000983495
0.000986272
0.00098917
0.000996708
0.000992076
0.000987348
0.000982748
0.000978463
0.000974585
0.00097115
0.000968157
0.000965587
0.000963413
0.000961604
0.000960114
0.000958898
0.000957936
0.000957209
0.000956699
0.000956392
0.000956277
0.000956347
0.000956593
0.000957011
0.000957595
0.000958342
0.000959246
0.000960306
0.000961518
0.00096288
0.00096439
0.000966046
0.000967847
0.000969792
0.000971879
0.000974109
0.000976479
0.000978991
0.000981643
0.000984435
0.000987367
0.000990434
0.000993641
0.000996709
0.000992077
0.000987349
0.000982748
0.000978463
0.000974585
0.000971151
0.000968163
0.000965614
0.000963495
0.000961803
0.000960475
0.000959353
0.000958464
0.000957822
0.000957424
0.000957255
0.000957303
0.000957555
0.000958006
0.000958649
0.00095948
0.000960494
0.00096169
0.000963065
0.000964617
0.000966345
0.000968249
0.000970327
0.000972579
0.000975006
0.000977607
0.000980382
0.000983333
0.000986461
0.000989765
0.000993246
0.000996904
0.00100074
0.00100476
0.000996709
0.000992078
0.00098735
0.000982749
0.000978464
0.000974584
0.000971148
0.000968166
0.000965658
0.000963712
0.000962392
0.000961368
0.000960871
0.000960442
0.000960155
0.000960065
0.000960197
0.000960559
0.000961149
0.000961965
0.000963004
0.000964265
0.000965746
0.000967447
0.000969367
0.000971507
0.000973867
0.000976449
0.000979256
0.000982288
0.000985549
0.000989043
0.000992771
0.000996739
0.00100095
0.00100541
0.00101012
0.00101508
0.00102029
0.00102578
0.00099671
0.000992078
0.000987351
0.000982751
0.000978464
0.000974582
0.000971141
0.000968166
0.000965769
0.000964804
0.000964374
0.000966174
0.000971262
0.000972949
0.000974652
0.000976467
0.000978518
0.000980858
0.000983503
0.000986465
0.000989749
0.000993361
0.000997304
0.00100158
0.0010062
0.00101117
0.00101648
0.00102215
0.00102818
0.00103458
0.00104135
0.0010485
0.00105604
0.00106398
0.00107232
0.00108108
0.00109027
0.00109989
0.00110995
0.00112053
0.00099671
0.000992079
0.000987353
0.000982752
0.000978464
0.000974576
0.000971119
0.00096816
0.000966848
0.000966165
0.000998469
0.00105559
0.00107117
0.00135917
0.00134808
0.00133778
0.00132829
0.00131964
0.00131182
0.00130478
0.0012985
0.00129298
0.00128821
0.00128416
0.00128084
0.00127824
0.00127636
0.00127517
0.00127469
0.00127491
0.00127583
0.00127744
0.00127975
0.00128275
0.00128645
0.00129085
0.00129595
0.00130178
0.00130835
0.00131582
0.00099671
0.00099208
0.000987354
0.000982754
0.000978464
0.00097457
0.0009711
0.000968097
0.000966788
0.000967239
0.000277252
0.00281386
0.00184409
0.00181006
0.00177957
0.00175172
0.00172607
0.00170234
0.00168034
0.00165991
0.00164092
0.00162326
0.00160686
0.00159165
0.00157758
0.00156458
0.00155264
0.0015417
0.00153174
0.00152275
0.00151469
0.00150756
0.00150133
0.00149599
0.00149154
0.00148795
0.00148525
0.0014834
0.00148251
0.000996711
0.00099208
0.000987354
0.000982754
0.000978463
0.000974568
0.000971093
0.000968042
0.000965467
0.000964503
0.000966929
0.000973677
0.000988246
0.00101846
0.00104778
0.00107564
0.00110194
0.0011268
0.00115027
0.00117238
0.0011932
0.00121279
0.0012312
0.0012485
0.00126474
0.00128
0.00129433
0.00130779
0.00132046
0.00133238
0.00134362
0.00135424
0.0013643
0.00137385
0.00138294
0.00139163
0.00139998
0.00140804
0.00141587
0.0014235
0.00099671
0.00099208
0.000987354
0.000982753
0.000978463
0.000974569
0.000971099
0.000968042
0.000965395
0.000963195
0.000961504
0.000960261
0.000960041
0.000960739
0.000962287
0.000964626
0.000967668
0.000971348
0.000975618
0.000980431
0.000985746
0.000991527
0.000997738
0.00100435
0.00101133
0.00101865
0.00102629
0.00103421
0.00104241
0.00105085
0.00105951
0.00106838
0.00107744
0.00108668
0.00109608
0.00110563
0.00111532
0.00112515
0.00113515
0.00114529
0.00099671
0.000992079
0.000987353
0.000982752
0.000978462
0.000974571
0.000971107
0.000968062
0.000965409
0.000963128
0.000961213
0.000959614
0.000958316
0.000957288
0.000956508
0.000955963
0.000955641
0.00095553
0.000955623
0.000955913
0.000956394
0.000957063
0.000957916
0.000958951
0.000960164
0.000961556
0.000963122
0.000964864
0.000966779
0.000968868
0.000971129
0.000973562
0.000976166
0.000978943
0.000981892
0.000985015
0.000988314
0.000991793
0.00099546
0.0009993
0.00099671
0.000992079
0.000987352
0.000982751
0.000978462
0.000974573
0.000971115
0.000968081
0.000965445
0.000963172
0.000961233
0.000959599
0.000958238
0.00095712
0.000956222
0.000955525
0.00095501
0.000954665
0.000954475
0.000954431
0.000954525
0.000954748
0.000955094
0.000955559
0.000956137
0.000956823
0.000957616
0.00095851
0.000959503
0.000960593
0.000961778
0.000963054
0.000964421
0.000965876
0.000967419
0.000969048
0.000970763
0.000972563
0.00097445
0.000976406
0.000996709
0.000992078
0.000987351
0.00098275
0.000978461
0.000974574
0.000971121
0.000968096
0.000965471
0.000963212
0.000961285
0.000959658
0.0009583
0.000957183
0.000956285
0.000955586
0.000955074
0.000954734
0.000954554
0.000954525
0.000954636
0.000954881
0.000955254
0.000955748
0.00095636
0.000957085
0.000957919
0.000958859
0.000959901
0.000961042
0.00096228
0.000963613
0.000965037
0.000966551
0.000968153
0.000969841
0.000971614
0.000973469
0.000975406
0.000977409
0.000996709
0.000992077
0.00098735
0.000982749
0.000978461
0.000974576
0.000971125
0.000968105
0.000965489
0.000963241
0.000961325
0.000959708
0.000958361
0.000957257
0.000956373
0.00095569
0.000955193
0.000954872
0.000954716
0.000954713
0.000954856
0.000955138
0.000955553
0.000956096
0.000956762
0.000957547
0.000958448
0.000959462
0.000960584
0.000961814
0.000963148
0.000964584
0.00096612
0.000967754
0.000969485
0.00097131
0.000973229
0.00097524
0.000977341
0.000979517
0.000996709
0.000992077
0.000987349
0.000982748
0.000978461
0.000974576
0.000971128
0.000968112
0.000965501
0.000963259
0.00096135
0.000959741
0.000958403
0.000957308
0.000956435
0.000955765
0.000955282
0.000954975
0.000954834
0.00095485
0.000955014
0.000955321
0.000955763
0.000956337
0.000957037
0.000957859
0.000958801
0.000959859
0.00096103
0.000962312
0.000963703
0.0009652
0.000966802
0.000968506
0.000970312
0.000972217
0.000974221
0.000976322
0.000978517
0.000980794
0.000996708
0.000992077
0.000987349
0.000982748
0.000978461
0.000974577
0.00097113
0.000968115
0.000965507
0.000963269
0.000961365
0.000959761
0.000958427
0.000957338
0.000956471
0.000955809
0.000955335
0.000955037
0.000954905
0.000954931
0.000955107
0.000955427
0.000955884
0.000956474
0.000957193
0.000958036
0.000959
0.000960082
0.000961279
0.00096259
0.000964012
0.000965542
0.00096718
0.000968923
0.000970769
0.000972719
0.000974769
0.000976919
0.000979166
0.000981499
0.000996708
0.000992077
0.000987349
0.000982748
0.00097846
0.000974577
0.000971131
0.000968117
0.00096551
0.000963274
0.000961372
0.00095977
0.000958438
0.000957352
0.000956488
0.000955829
0.000955359
0.000955066
0.000954938
0.00095497
0.000955151
0.000955477
0.000955942
0.00095654
0.000957267
0.000958119
0.000959093
0.000960186
0.000961396
0.000962719
0.000964155
0.0009657
0.000967353
0.000969112
0.000970977
0.000972945
0.000975015
0.000977186
0.000979455
0.000981812
0.000996734
0.000992097
0.000987381
0.000982802
0.000978536
0.000974666
0.000971219
0.000968188
0.000965547
0.000963259
0.000961289
0.000959605
0.000958179
0.000956986
0.000956006
0.000955223
0.000954621
0.00095419
0.00095392
0.000953802
0.00095383
0.000953999
0.000954302
0.000954735
0.000955295
0.000955978
0.000956782
0.000957703
0.000958739
0.000959888
0.000961147
0.000962516
0.000963993
0.000965576
0.000967263
0.000969055
0.000970948
0.000972944
0.00097504
0.00097724
0.000996734
0.000992097
0.000987381
0.000982802
0.000978537
0.000974667
0.00097122
0.000968189
0.000965549
0.000963261
0.000961292
0.000959609
0.000958184
0.000956992
0.000956013
0.00095523
0.00095463
0.0009542
0.000953932
0.000953816
0.000953847
0.000954017
0.000954323
0.00095476
0.000955324
0.000956012
0.00095682
0.000957746
0.000958788
0.000959943
0.00096121
0.000962586
0.000964071
0.000965662
0.000967359
0.00096916
0.000971065
0.000973071
0.00097518
0.000977393
0.000996734
0.000992097
0.000987381
0.000982803
0.000978537
0.000974668
0.000971221
0.000968192
0.000965552
0.000963266
0.000961299
0.000959618
0.000958194
0.000957004
0.000956028
0.000955248
0.000954651
0.000954225
0.00095396
0.000953849
0.000953885
0.000954063
0.000954376
0.000954821
0.000955393
0.000956091
0.00095691
0.000957849
0.000958904
0.000960074
0.000961357
0.000962751
0.000964255
0.000965867
0.000967587
0.000969412
0.000971342
0.000973376
0.000975513
0.000977757
0.000996734
0.000992097
0.000987382
0.000982803
0.000978538
0.000974669
0.000971223
0.000968196
0.000965558
0.000963275
0.00096131
0.000959633
0.000958213
0.000957028
0.000956056
0.000955282
0.000954691
0.000954273
0.000954018
0.000953917
0.000953965
0.000954156
0.000954485
0.000954948
0.00095554
0.00095626
0.000957103
0.000958067
0.000959151
0.000960352
0.000961668
0.000963098
0.00096464
0.000966293
0.000968055
0.000969927
0.000971906
0.000973992
0.000976185
0.000978489
0.000996734
0.000992097
0.000987382
0.000982804
0.000978539
0.00097467
0.000971226
0.0009682
0.000965566
0.000963287
0.000961328
0.000959659
0.000958249
0.000957074
0.000956114
0.000955352
0.000954776
0.000954373
0.000954135
0.000954056
0.000954127
0.000954345
0.000954706
0.000955205
0.00095584
0.000956608
0.000957506
0.000958533
0.000959686
0.000960964
0.000962366
0.00096389
0.000965536
0.000967301
0.000969186
0.00097119
0.000973311
0.000975549
0.000977903
0.00098038
0.000996735
0.000992097
0.000987382
0.000982804
0.000978539
0.000974671
0.000971228
0.000968205
0.000965576
0.000963307
0.000961365
0.000959715
0.000958328
0.000957183
0.000956258
0.000955534
0.000954998
0.000954641
0.000954455
0.000954434
0.000954572
0.000954866
0.000955311
0.000955903
0.000956641
0.000957521
0.000958542
0.000959701
0.000960997
0.00096243
0.000963998
0.0009657
0.000967535
0.000969504
0.000971605
0.000973838
0.000976204
0.0009787
0.000981327
0.000984095
0.000996735
0.000992098
0.000987382
0.000982804
0.000978539
0.000974671
0.000971229
0.000968211
0.000965593
0.000963345
0.000961456
0.0009599
0.000958571
0.000957479
0.000956616
0.00095597
0.00095553
0.00095529
0.000955242
0.000955381
0.000955704
0.000956207
0.000956886
0.000957741
0.000958768
0.000959967
0.000961337
0.000962876
0.000964585
0.000966463
0.00096851
0.000970726
0.000973113
0.00097567
0.000978398
0.000981299
0.000984371
0.000987615
0.000991027
0.000994625
0.000996735
0.000992098
0.000987382
0.000982803
0.000978537
0.000974668
0.000971227
0.000968215
0.000965629
0.000963501
0.000961858
0.000960472
0.000959654
0.000958938
0.000958384
0.000958035
0.000957902
0.000957985
0.000958281
0.00095879
0.000959507
0.000960433
0.000961566
0.000962904
0.00096445
0.000966202
0.000968163
0.000970333
0.000972714
0.000975308
0.000978118
0.000981145
0.000984394
0.000987866
0.000991566
0.000995497
0.00099966
0.00100406
0.00100869
0.00101357
0.000996735
0.000992098
0.000987382
0.000982801
0.000978533
0.000974661
0.000971219
0.000968225
0.000965765
0.000964692
0.000963845
0.000965054
0.000969545
0.000971009
0.000972388
0.000973852
0.00097555
0.000977536
0.00097983
0.000982447
0.000985394
0.000988681
0.000992311
0.000996291
0.00100062
0.00100532
0.00101038
0.00101581
0.00102162
0.00102781
0.00103439
0.00104137
0.00104876
0.00105656
0.00106478
0.00107343
0.00108252
0.00109205
0.00110201
0.00111245
0.000996735
0.000992098
0.000987381
0.000982798
0.000978526
0.000974648
0.000971196
0.000968252
0.000966926
0.000966226
0.000999108
0.00105425
0.00106907
0.00136287
0.00135362
0.00134522
0.00133772
0.00133114
0.00132546
0.00132062
0.00131662
0.00131341
0.001311
0.00130936
0.00130848
0.00130835
0.00130896
0.00131031
0.00131238
0.00131518
0.0013187
0.00132293
0.00132788
0.00133354
0.00133993
0.00134703
0.00135487
0.00136344
0.00137276
0.00138293
0.000996735
0.000992098
0.00098738
0.000982795
0.000978519
0.000974634
0.000971173
0.000968219
0.000966946
0.000967727
0.000273628
0.00282153
0.0018457
0.00181234
0.00178253
0.00175541
0.00173056
0.00170773
0.00168671
0.00166737
0.00164956
0.00163319
0.00161818
0.00160445
0.00159195
0.00158063
0.00157044
0.00156135
0.00155333
0.00154635
0.00154039
0.00153542
0.00153143
0.0015284
0.00152632
0.00152518
0.00152497
0.00152566
0.0015273
0.000996735
0.000992097
0.000987379
0.000982794
0.000978517
0.000974629
0.000971163
0.00096815
0.000965723
0.000964906
0.000967938
0.000975082
0.000989833
0.00102057
0.00105066
0.00107947
0.00110685
0.00113285
0.00115753
0.00118091
0.00120302
0.00122392
0.00124366
0.00126229
0.00127987
0.00129647
0.00131213
0.00132694
0.00134094
0.0013542
0.00136678
0.00137874
0.00139015
0.00140105
0.00141152
0.00142161
0.00143137
0.00144086
0.00145014
0.00145924
0.000996735
0.000992097
0.000987379
0.000982794
0.000978517
0.000974631
0.000971164
0.000968123
0.000965532
0.000963471
0.000961968
0.000960868
0.000960744
0.000961549
0.000963262
0.000965839
0.000969202
0.000973296
0.000978081
0.000983516
0.000989563
0.000996185
0.00100335
0.00101101
0.00101915
0.00102773
0.00103672
0.00104609
0.00105582
0.00106586
0.00107621
0.00108683
0.0010977
0.0011088
0.00112012
0.00113163
0.00114333
0.0011552
0.00116726
0.0011795
0.000996735
0.000992097
0.000987379
0.000982794
0.000978519
0.000974635
0.00097117
0.000968123
0.000965477
0.000963226
0.000961356
0.000959783
0.000958481
0.000957426
0.000956619
0.000956058
0.000955735
0.000955645
0.000955783
0.000956145
0.000956732
0.000957541
0.000958574
0.000959831
0.000961314
0.000963024
0.000964964
0.000967136
0.000969543
0.000972186
0.000975068
0.000978193
0.000981562
0.000985178
0.000989044
0.000993163
0.000997539
0.00100218
0.00100709
0.00101226
0.000996735
0.000992097
0.000987379
0.000982795
0.000978521
0.000974639
0.000971177
0.00096813
0.000965475
0.000963183
0.000961223
0.000959557
0.000958149
0.000956972
0.000956004
0.00095523
0.000954636
0.00095421
0.000953941
0.00095382
0.000953841
0.000953998
0.000954285
0.0009547
0.000955237
0.000955894
0.000956669
0.00095756
0.000958565
0.000959682
0.000960912
0.000962252
0.000963703
0.000965265
0.000966937
0.000968721
0.000970618
0.000972627
0.000974752
0.000976986
0.000996734
0.000992096
0.000987379
0.000982795
0.000978523
0.000974643
0.000971184
0.000968139
0.000965483
0.000963183
0.000961204
0.000959514
0.00095808
0.000956877
0.000955882
0.000955078
0.000954453
0.000953995
0.000953693
0.000953539
0.000953526
0.000953646
0.000953894
0.000954265
0.000954754
0.000955357
0.00095607
0.000956889
0.000957814
0.000958839
0.000959964
0.000961186
0.000962503
0.000963914
0.000965416
0.00096701
0.000968693
0.000970464
0.000972323
0.000974265
0.000996734
0.000992096
0.000987379
0.000982796
0.000978524
0.000974646
0.000971189
0.000968146
0.000965492
0.000963191
0.000961209
0.000959513
0.000958075
0.000956868
0.000955872
0.000955069
0.000954444
0.000953987
0.000953687
0.000953535
0.000953524
0.000953648
0.0009539
0.000954275
0.000954768
0.000955377
0.000956096
0.000956922
0.000957854
0.000958888
0.000960022
0.000961255
0.000962583
0.000964006
0.000965521
0.000967128
0.000968824
0.000970609
0.000972481
0.00097444
0.000996734
0.000992096
0.000987379
0.000982796
0.000978525
0.000974648
0.000971192
0.000968151
0.000965499
0.000963199
0.000961217
0.000959521
0.000958083
0.000956876
0.000955881
0.000955081
0.000954459
0.000954004
0.000953707
0.00095356
0.000953555
0.000953685
0.000953944
0.000954329
0.000954834
0.000955455
0.000956189
0.000957034
0.000957986
0.000959044
0.000960204
0.000961464
0.000962824
0.000964281
0.000965834
0.000967481
0.000969221
0.000971052
0.000972974
0.000974987
0.000996734
0.000992096
0.000987379
0.000982797
0.000978526
0.00097465
0.000971195
0.000968155
0.000965503
0.000963204
0.000961223
0.000959528
0.00095809
0.000956885
0.000955891
0.000955092
0.000954473
0.000954022
0.000953729
0.000953585
0.000953584
0.000953719
0.000953985
0.000954376
0.000954889
0.00095552
0.000956265
0.000957122
0.000958088
0.00095916
0.000960336
0.000961615
0.000962994
0.000964473
0.000966049
0.00096772
0.000969487
0.000971347
0.0009733
0.000975346
0.000996734
0.000992096
0.000987379
0.000982797
0.000978526
0.00097465
0.000971196
0.000968157
0.000965505
0.000963207
0.000961227
0.000959532
0.000958095
0.00095689
0.000955897
0.000955099
0.000954481
0.000954031
0.000953739
0.000953597
0.000953598
0.000953735
0.000954004
0.000954398
0.000954915
0.00095555
0.0009563
0.000957162
0.000958134
0.000959213
0.000960397
0.000961684
0.000963072
0.00096456
0.000966146
0.000967829
0.000969607
0.000971479
0.000973446
0.000975507
0.000996935
0.000992362
0.00098773
0.000983256
0.000979108
0.000975364
0.000972049
0.000969151
0.000966641
0.000964482
0.000962637
0.000961073
0.000959762
0.000958679
0.000957802
0.000957116
0.000956605
0.000956258
0.000956064
0.000956016
0.000956107
0.000956331
0.000956683
0.000957159
0.000957756
0.000958469
0.000959297
0.000960237
0.000961287
0.000962444
0.000963707
0.000965075
0.000966546
0.000968119
0.000969793
0.000971566
0.000973437
0.000975407
0.000977472
0.000979634
0.000996936
0.000992362
0.00098773
0.000983256
0.000979109
0.000975365
0.00097205
0.000969152
0.000966643
0.000964484
0.000962639
0.000961075
0.000959765
0.000958682
0.000957807
0.000957123
0.000956614
0.00095627
0.000956079
0.000956035
0.00095613
0.000956358
0.000956715
0.000957196
0.000957799
0.000958518
0.000959353
0.0009603
0.000961357
0.000962523
0.000963795
0.000965172
0.000966653
0.000968236
0.00096992
0.000971704
0.000973587
0.000975568
0.000977647
0.000979821
0.000996936
0.000992362
0.00098773
0.000983257
0.00097911
0.000975366
0.000972052
0.000969155
0.000966646
0.000964487
0.000962642
0.000961079
0.00095977
0.00095869
0.000957819
0.000957139
0.000956636
0.000956297
0.000956114
0.000956077
0.00095618
0.000956417
0.000956784
0.000957276
0.00095789
0.000958622
0.00095947
0.000960432
0.000961505
0.000962688
0.000963979
0.000965377
0.00096688
0.000968487
0.000970197
0.000972009
0.000973922
0.000975935
0.000978047
0.000980258
0.000996936
0.000992362
0.000987731
0.000983257
0.000979111
0.000975368
0.000972055
0.000969159
0.00096665
0.000964492
0.000962646
0.000961084
0.000959777
0.000958702
0.000957839
0.000957169
0.000956678
0.000956353
0.000956186
0.000956167
0.000956291
0.00095655
0.000956942
0.000957461
0.000958104
0.000958869
0.000959753
0.000960753
0.000961867
0.000963095
0.000964434
0.000965882
0.00096744
0.000969105
0.000970876
0.000972753
0.000974735
0.00097682
0.000979007
0.000981298
0.000996936
0.000992362
0.000987731
0.000983258
0.000979112
0.00097537
0.000972058
0.000969163
0.000966655
0.000964495
0.000962648
0.000961086
0.000959786
0.000958725
0.000957878
0.000957229
0.000956761
0.000956462
0.000956322
0.000956335
0.000956495
0.000956797
0.000957236
0.000957809
0.000958513
0.000959344
0.0009603
0.000961379
0.000962579
0.000963898
0.000965336
0.00096689
0.00096856
0.000970345
0.000972243
0.000974254
0.000976377
0.000978611
0.000980954
0.000983406
0.000996936
0.000992362
0.000987731
0.000983258
0.000979112
0.000975371
0.00097206
0.000969167
0.000966659
0.000964496
0.000962646
0.000961091
0.000959811
0.000958786
0.000957988
0.000957395
0.000956995
0.000956774
0.000956722
0.000956831
0.000957094
0.000957506
0.000958062
0.000958759
0.000959593
0.000960562
0.000961663
0.000962896
0.000964258
0.000965749
0.000967366
0.00096911
0.00097098
0.000972975
0.000975094
0.000977338
0.000979705
0.000982194
0.000984803
0.000987538
0.000996936
0.000992362
0.00098773
0.000983257
0.000979111
0.00097537
0.00097206
0.00096917
0.000966663
0.000964492
0.000962645
0.000961144
0.00095992
0.000958982
0.000958293
0.000957824
0.000957559
0.000957489
0.000957605
0.0009579
0.000958368
0.000959004
0.000959802
0.000960759
0.000961872
0.000963139
0.000964558
0.000966126
0.000967842
0.000969706
0.000971717
0.000973873
0.000976175
0.000978621
0.000981213
0.000983949
0.000986829
0.000989851
0.000993011
0.000996314
0.000996936
0.000992362
0.000987729
0.000983254
0.000979107
0.000975365
0.000972057
0.000969172
0.000966682
0.000964554
0.000962828
0.000961453
0.000960723
0.000960207
0.000959938
0.000959912
0.000960102
0.000960494
0.000961081
0.00096186
0.000962825
0.000963976
0.000965311
0.000966828
0.000968526
0.000970405
0.000972466
0.000974707
0.00097713
0.000979735
0.000982522
0.000985493
0.000988649
0.000991991
0.00099552
0.000999237
0.00100314
0.00100724
0.00101151
0.00101598
0.000996936
0.000992361
0.000987726
0.000983249
0.000979098
0.000975354
0.000972047
0.000969188
0.000966794
0.000965623
0.000964329
0.000964888
0.000969176
0.000970862
0.000972453
0.000974116
0.000975947
0.000977957
0.000980143
0.000982503
0.000985035
0.000987737
0.000990607
0.000993646
0.000996853
0.00100023
0.00100377
0.00100748
0.00101137
0.00101543
0.00101966
0.00102407
0.00102865
0.00103342
0.00103837
0.0010435
0.00104882
0.00105432
0.00105998
0.00106579
0.000996936
0.00099236
0.000987723
0.000983241
0.000979084
0.000975333
0.000972024
0.000969231
0.00096791
0.00096705
0.000996667
0.00105232
0.00106871
0.00136444
0.00135982
0.00135528
0.00135113
0.00134748
0.00134436
0.00134174
0.00133961
0.00133795
0.00133674
0.00133596
0.0013356
0.00133562
0.00133602
0.00133678
0.00133789
0.00133933
0.00134108
0.00134315
0.00134551
0.00134816
0.0013511
0.0013543
0.00135779
0.00136154
0.00136556
0.00136978
0.000996935
0.000992358
0.00098772
0.000983234
0.000979072
0.000975313
0.000971998
0.000969226
0.000968009
0.000969006
0.000272975
0.0028248
0.00185025
0.00181952
0.00179204
0.00176703
0.00174408
0.00172299
0.00170357
0.00168566
0.00166915
0.00165391
0.00163986
0.00162693
0.00161503
0.00160412
0.00159412
0.00158501
0.00157671
0.00156921
0.00156246
0.00155643
0.00155109
0.00154641
0.00154235
0.00153891
0.00153604
0.00153371
0.00153183
0.000996935
0.000992358
0.000987718
0.000983231
0.000979067
0.000975305
0.000971986
0.000969156
0.00096698
0.0009663
0.000969928
0.000977905
0.000990528
0.00101928
0.00104785
0.00107555
0.0011021
0.00112752
0.0011518
0.00117495
0.00119698
0.00121793
0.00123782
0.0012567
0.00127461
0.0012916
0.0013077
0.00132297
0.00133745
0.00135118
0.0013642
0.00137656
0.00138831
0.00139947
0.0014101
0.00142023
0.00142991
0.00143915
0.00144802
0.00145652
0.000996935
0.000992358
0.000987718
0.000983232
0.000979068
0.000975307
0.000971982
0.000969106
0.000966718
0.000964893
0.000963584
0.000962585
0.000962316
0.000962722
0.000963806
0.000965561
0.000967938
0.00097091
0.000974457
0.000978556
0.000983187
0.000988328
0.000993957
0.00100005
0.0010066
0.00101357
0.00102094
0.0010287
0.00103682
0.00104528
0.00105407
0.00106316
0.00107253
0.00108217
0.00109206
0.00110219
0.00111253
0.0011231
0.00113388
0.00114491
0.000996935
0.000992358
0.000987718
0.000983233
0.000979072
0.000975313
0.000971985
0.000969089
0.000966613
0.000964545
0.00096284
0.000961395
0.000960165
0.000959131
0.000958295
0.000957657
0.000957207
0.000956938
0.000956844
0.00095692
0.000957166
0.000957578
0.000958157
0.000958903
0.000959816
0.000960897
0.000962149
0.000963573
0.00096517
0.000966944
0.000968896
0.000971029
0.000973346
0.00097585
0.000978543
0.00098143
0.000984515
0.000987803
0.0009913
0.000995006
0.000996935
0.000992358
0.00098772
0.000983236
0.000979076
0.00097532
0.000971992
0.000969088
0.000966584
0.000964447
0.000962637
0.0009611
0.000959797
0.000958698
0.000957786
0.000957047
0.000956466
0.000956033
0.00095574
0.000955581
0.000955548
0.000955637
0.000955843
0.000956163
0.000956594
0.000957132
0.000957775
0.000958521
0.000959367
0.000960313
0.000961356
0.000962495
0.00096373
0.00096506
0.000966483
0.000967999
0.000969608
0.00097131
0.000973104
0.00097498
0.000996935
0.000992358
0.000987721
0.000983238
0.000979081
0.000975326
0.000971999
0.000969093
0.000966578
0.000964421
0.000962581
0.000961018
0.000959698
0.000958592
0.000957682
0.00095695
0.000956383
0.000955969
0.0009557
0.000955568
0.000955567
0.00095569
0.000955933
0.00095629
0.000956759
0.000957336
0.000958019
0.000958804
0.000959689
0.000960673
0.000961752
0.000962927
0.000964195
0.000965554
0.000967004
0.000968543
0.000970171
0.000971885
0.000973685
0.000975566
0.000996935
0.000992359
0.000987722
0.00098324
0.000979084
0.000975331
0.000972005
0.000969098
0.000966581
0.000964417
0.000962568
0.000960998
0.000959676
0.000958575
0.000957674
0.000956956
0.000956407
0.000956013
0.000955767
0.00095566
0.000955686
0.000955838
0.000956111
0.000956502
0.000957006
0.000957622
0.000958345
0.000959173
0.000960105
0.000961138
0.00096227
0.000963499
0.000964825
0.000966246
0.00096776
0.000969367
0.000971065
0.000972852
0.000974729
0.000976693
0.000996935
0.000992359
0.000987722
0.000983242
0.000979087
0.000975334
0.00097201
0.000969103
0.000966586
0.000964419
0.000962568
0.000960996
0.000959675
0.000958578
0.000957683
0.000956974
0.000956435
0.000956055
0.000955824
0.000955733
0.000955777
0.000955948
0.000956242
0.000956655
0.000957183
0.000957822
0.00095857
0.000959424
0.000960381
0.000961441
0.000962599
0.000963856
0.000965209
0.000966657
0.000968199
0.000969833
0.000971559
0.000973375
0.000975281
0.000977274
0.000996935
0.000992359
0.000987723
0.000983243
0.000979088
0.000975337
0.000972013
0.000969107
0.000966589
0.000964423
0.00096257
0.000960999
0.000959678
0.000958583
0.000957692
0.000956988
0.000956455
0.000956083
0.000955859
0.000955778
0.00095583
0.000956012
0.000956316
0.00095674
0.00095728
0.000957931
0.000958692
0.000959559
0.000960531
0.000961605
0.00096278
0.000964054
0.000965425
0.000966892
0.000968453
0.000970108
0.000971856
0.000973694
0.000975623
0.00097764
0.000996935
0.000992359
0.000987723
0.000983243
0.000979089
0.000975338
0.000972014
0.000969109
0.000966591
0.000964425
0.000962572
0.000961001
0.000959681
0.000958587
0.000957698
0.000956995
0.000956465
0.000956096
0.000955876
0.000955798
0.000955855
0.000956041
0.000956351
0.00095678
0.000957326
0.000957984
0.000958751
0.000959626
0.000960606
0.000961688
0.000962872
0.000964155
0.000965536
0.000967013
0.000968586
0.000970253
0.000972013
0.000973864
0.000975806
0.000977838
0.000997361
0.000992934
0.000988468
0.000984174
0.000980205
0.000976633
0.000973479
0.000970731
0.000968358
0.000966328
0.000964606
0.000963162
0.000961972
0.000961012
0.000960263
0.00095971
0.000959339
0.000959139
0.000959101
0.000959216
0.000959478
0.000959881
0.000960421
0.000961092
0.000961891
0.000962816
0.000963862
0.000965027
0.000966309
0.000967706
0.000969215
0.000970836
0.000972567
0.000974406
0.000976352
0.000978403
0.00098056
0.00098282
0.000985182
0.000987644
0.000997361
0.000992935
0.000988468
0.000984175
0.000980206
0.000976634
0.00097348
0.000970732
0.00096836
0.000966328
0.000964605
0.000963161
0.000961969
0.000961008
0.00096026
0.000959707
0.000959337
0.000959137
0.0009591
0.000959216
0.000959479
0.000959884
0.000960426
0.000961099
0.000961901
0.000962829
0.000963878
0.000965047
0.000966333
0.000967735
0.000969249
0.000970875
0.000972612
0.000974457
0.000976409
0.000978468
0.000980632
0.000982901
0.000985272
0.000987743
0.000997361
0.000992935
0.000988468
0.000984175
0.000980207
0.000976636
0.000973482
0.000970734
0.000968362
0.000966329
0.000964603
0.000963155
0.000961961
0.000960999
0.00096025
0.000959698
0.00095933
0.000959133
0.000959098
0.000959218
0.000959486
0.000959896
0.000960443
0.000961122
0.000961932
0.000962867
0.000963927
0.000965107
0.000966407
0.000967824
0.000969356
0.000971002
0.00097276
0.00097463
0.000976608
0.000978696
0.000980891
0.000983192
0.000985598
0.000988103
0.000997361
0.000992935
0.000988469
0.000984176
0.000980209
0.000976638
0.000973485
0.000970738
0.000968364
0.000966327
0.000964596
0.000963142
0.000961943
0.00096098
0.000960231
0.000959681
0.000959314
0.000959121
0.000959092
0.00095922
0.000959498
0.000959921
0.000960485
0.000961186
0.00096202
0.000962982
0.000964071
0.000965283
0.000966617
0.00096807
0.00096964
0.000971327
0.000973128
0.000975042
0.000977068
0.000979206
0.000981453
0.000983809
0.000986273
0.000988839
0.000997361
0.000992935
0.000988469
0.000984177
0.00098021
0.00097664
0.000973488
0.000970741
0.000968364
0.000966319
0.000964574
0.000963105
0.000961898
0.000960934
0.000960191
0.00095965
0.000959297
0.00095912
0.000959112
0.000959265
0.000959573
0.000960029
0.000960628
0.000961365
0.000962237
0.000963241
0.000964373
0.000965631
0.000967012
0.000968516
0.000970139
0.00097188
0.000973739
0.000975713
0.000977801
0.000980003
0.000982317
0.000984741
0.000987275
0.000989914
0.000997361
0.000992935
0.000988469
0.000984177
0.00098021
0.000976641
0.00097349
0.000970742
0.00096836
0.000966299
0.000964528
0.000963038
0.000961822
0.00096086
0.000960127
0.000959612
0.000959304
0.000959187
0.000959246
0.000959472
0.000959857
0.000960393
0.000961075
0.000961899
0.00096286
0.000963956
0.000965184
0.000966542
0.000968027
0.000969637
0.000971373
0.000973231
0.000975211
0.000977313
0.000979534
0.000981875
0.000984334
0.000986911
0.000989602
0.00099241
0.000997361
0.000992934
0.000988468
0.000984175
0.000980208
0.000976639
0.00097349
0.000970742
0.00096835
0.000966249
0.00096441
0.000962887
0.000961699
0.000960829
0.000960206
0.000959789
0.000959562
0.000959518
0.000959649
0.000959948
0.00096041
0.000961029
0.000961801
0.00096272
0.000963785
0.00096499
0.000966334
0.000967813
0.000969427
0.000971172
0.000973048
0.000975052
0.000977185
0.000979444
0.00098183
0.00098434
0.000986974
0.00098973
0.000992606
0.000995601
0.000997361
0.000992933
0.000988465
0.00098417
0.000980202
0.000976633
0.000973486
0.000970744
0.000968356
0.000966231
0.000964325
0.000962744
0.000961675
0.000961005
0.000960747
0.000960808
0.000961107
0.000961608
0.000962294
0.000963154
0.000964182
0.000965372
0.000966721
0.000968226
0.000969885
0.000971697
0.00097366
0.000975774
0.000978038
0.000980451
0.000983013
0.000985724
0.000988583
0.00099159
0.000994745
0.000998047
0.0010015
0.00100509
0.00100883
0.00101271
0.00099736
0.000992932
0.00098846
0.000984162
0.00098019
0.000976619
0.000973478
0.000970767
0.000968547
0.000967461
0.000965637
0.000965304
0.000970227
0.000970863
0.000971357
0.000971988
0.000972816
0.00097384
0.000975055
0.000976452
0.000978021
0.000979755
0.000981643
0.00098368
0.000985858
0.000988171
0.000990616
0.000993186
0.00099588
0.000998693
0.00100162
0.00100467
0.00100782
0.00101109
0.00101447
0.00101795
0.00102154
0.00102523
0.00102901
0.00103285
0.00099736
0.000992929
0.000988454
0.000984151
0.000980172
0.000976597
0.000973468
0.000970922
0.000969771
0.000968653
0.000989064
0.00104593
0.00106613
0.00135154
0.00134196
0.00133342
0.00132599
0.00131959
0.00131408
0.00130936
0.00130532
0.0013019
0.00129902
0.00129664
0.0012947
0.00129317
0.001292
0.00129118
0.00129067
0.00129045
0.0012905
0.0012908
0.00129133
0.00129209
0.00129305
0.00129422
0.00129558
0.00129714
0.00129892
0.00130088
0.000997359
0.000992927
0.000988449
0.00098414
0.000980155
0.000976575
0.00097345
0.000970974
0.000969971
0.000971186
0.000274989
0.0027972
0.00186182
0.00184918
0.00183801
0.00182768
0.00181796
0.00180873
0.00179991
0.00179146
0.00178333
0.00177551
0.00176799
0.00176075
0.00175379
0.0017471
0.00174069
0.00173454
0.00172867
0.00172306
0.00171771
0.00171262
0.00170779
0.00170321
0.00169889
0.00169481
0.00169098
0.00168742
0.00168412
0.000997359
0.000992926
0.000988446
0.000984136
0.000980148
0.000976564
0.000973431
0.00097082
0.000969053
0.000968675
0.000972657
0.000980582
0.000989193
0.00101055
0.00103182
0.0010527
0.00107315
0.00109322
0.00111295
0.00113233
0.00115134
0.00116997
0.00118822
0.00120607
0.00122352
0.00124054
0.00125715
0.00127332
0.00128906
0.00130436
0.00131922
0.00133364
0.00134762
0.00136117
0.00137429
0.00138699
0.00139928
0.00141117
0.00142271
0.00143395
0.000997358
0.000992926
0.000988446
0.000984136
0.000980149
0.000976563
0.000973416
0.000970733
0.000968569
0.000967044
0.000966119
0.000965507
0.00096543
0.00096579
0.00096658
0.000967797
0.000969408
0.000971387
0.00097372
0.000976393
0.000979397
0.000982721
0.000986361
0.000990309
0.000994562
0.000999116
0.00100397
0.00100911
0.00101454
0.00102026
0.00102625
0.00103252
0.00103907
0.00104587
0.00105294
0.00106027
0.00106785
0.00107569
0.00108381
0.00109221
0.000997359
0.000992926
0.000988448
0.000984139
0.000980154
0.000976568
0.000973412
0.000970692
0.000968404
0.000966546
0.000965068
0.000963856
0.000962867
0.000962085
0.000961507
0.000961126
0.000960929
0.000960903
0.000961039
0.00096133
0.000961771
0.000962355
0.000963079
0.00096394
0.000964934
0.000966061
0.000967318
0.000968704
0.000970219
0.000971862
0.000973633
0.000975533
0.000977563
0.000979722
0.000982012
0.000984435
0.000986994
0.000989689
0.000992525
0.000995485
0.000997359
0.000992927
0.00098845
0.000984143
0.00098016
0.000976575
0.000973415
0.000970675
0.000968337
0.000966372
0.00096474
0.000963385
0.000962266
0.000961359
0.000960647
0.000960117
0.000959758
0.000959558
0.000959508
0.0009596
0.000959829
0.000960187
0.000960669
0.000961272
0.00096199
0.00096282
0.000963759
0.000964803
0.00096595
0.000967198
0.000968544
0.000969987
0.000971524
0.000973155
0.000974878
0.000976691
0.000978594
0.000980584
0.000982661
0.00098481
0.000997359
0.000992928
0.000988452
0.000984146
0.000980165
0.000976582
0.00097342
0.000970672
0.000968312
0.000966307
0.000964622
0.000963215
0.000962053
0.00096111
0.000960369
0.000959816
0.000959439
0.000959225
0.000959165
0.000959251
0.000959477
0.000959835
0.00096032
0.000960929
0.000961656
0.000962497
0.000963451
0.000964513
0.000965681
0.000966953
0.000968325
0.000969797
0.000971366
0.000973031
0.00097479
0.000976641
0.000978583
0.000980613
0.00098273
0.000984924
0.000997359
0.000992928
0.000988453
0.00098415
0.00098017
0.000976588
0.000973425
0.000970674
0.000968304
0.000966283
0.000964576
0.000963148
0.000961971
0.000961018
0.000960272
0.000959717
0.000959338
0.000959126
0.00095907
0.000959162
0.000959395
0.000959764
0.000960264
0.00096089
0.000961639
0.000962508
0.000963492
0.000964591
0.0009658
0.000967118
0.000968543
0.000970073
0.000971706
0.000973442
0.000975277
0.000977211
0.000979243
0.00098137
0.000983592
0.000985896
0.000997359
0.000992929
0.000988455
0.000984152
0.000980174
0.000976592
0.00097343
0.000970677
0.000968303
0.000966275
0.000964559
0.000963123
0.000961938
0.000960981
0.000960233
0.000959676
0.000959299
0.000959088
0.000959036
0.000959133
0.000959373
0.000959751
0.000960261
0.000960899
0.00096166
0.000962542
0.000963542
0.000964656
0.000965882
0.000967218
0.000968662
0.000970212
0.000971867
0.000973624
0.000975484
0.000977443
0.000979501
0.000981655
0.000983906
0.000986242
0.000997359
0.000992929
0.000988456
0.000984154
0.000980176
0.000976595
0.000973433
0.000970679
0.000968304
0.000966273
0.000964553
0.000963113
0.000961926
0.000960967
0.000960218
0.000959662
0.000959285
0.000959076
0.000959026
0.000959127
0.000959371
0.000959753
0.000960268
0.000960911
0.000961678
0.000962567
0.000963574
0.000964696
0.00096593
0.000967275
0.000968727
0.000970287
0.000971951
0.000973718
0.000975587
0.000977557
0.000979626
0.000981792
0.000984053
0.0009864
0.000997359
0.000992929
0.000988456
0.000984155
0.000980177
0.000976597
0.000973435
0.000970681
0.000968305
0.000966273
0.000964551
0.00096311
0.000961921
0.000960962
0.000960213
0.000959657
0.00095928
0.000959072
0.000959023
0.000959125
0.000959371
0.000959754
0.000960271
0.000960917
0.000961688
0.000962581
0.000963591
0.000964718
0.000965957
0.000967307
0.000968765
0.00097033
0.000972001
0.000973775
0.000975652
0.000977629
0.000979706
0.000981881
0.000984152
0.000986509
0.000998135
0.000994006
0.000989919
0.000986097
0.000982664
0.000979675
0.000977128
0.000974987
0.00097321
0.000971758
0.000970598
0.000969701
0.000969044
0.000968604
0.000968366
0.000968316
0.000968441
0.000968731
0.00096918
0.00096978
0.000970525
0.000971411
0.000972434
0.00097359
0.000974877
0.000976292
0.000977833
0.000979498
0.000981285
0.000983192
0.000985219
0.000987365
0.000989627
0.000992006
0.000994501
0.00099711
0.000999833
0.00100267
0.00100562
0.0010087
0.000998135
0.000994006
0.000989919
0.000986097
0.000982665
0.000979676
0.000977129
0.000974988
0.000973211
0.000971758
0.000970597
0.000969699
0.00096904
0.000968601
0.000968364
0.000968314
0.000968441
0.000968734
0.000969185
0.000969787
0.000970535
0.000971424
0.000972451
0.000973611
0.000974903
0.000976323
0.000977869
0.00097954
0.000981333
0.000983248
0.000985283
0.000987437
0.000989709
0.000992098
0.000994604
0.000997225
0.00099996
0.00100281
0.00100577
0.00100887
0.000998135
0.000994006
0.00098992
0.000986098
0.000982667
0.000979678
0.000977131
0.00097499
0.000973212
0.000971757
0.000970592
0.000969691
0.000969031
0.000968591
0.000968356
0.00096831
0.000968441
0.000968739
0.000969195
0.000969804
0.000970558
0.000971455
0.000972489
0.000973659
0.000974961
0.000976393
0.000977954
0.00097964
0.00098145
0.000983382
0.000985436
0.00098761
0.000989903
0.000992314
0.000994842
0.000997487
0.00100025
0.00100312
0.00100611
0.00100924
0.000998135
0.000994006
0.00098992
0.000986099
0.000982668
0.000979681
0.000977134
0.000974993
0.000973211
0.000971751
0.000970579
0.000969671
0.000969007
0.000968569
0.000968339
0.000968299
0.000968439
0.000968747
0.000969216
0.00096984
0.000970615
0.000971534
0.000972593
0.000973789
0.000975117
0.000976576
0.000978163
0.000979877
0.000981715
0.000983676
0.000985759
0.000987962
0.000990285
0.000992728
0.000995288
0.000997965
0.00100076
0.00100367
0.0010067
0.00100986
0.000998135
0.000994006
0.000989921
0.0009861
0.00098267
0.000979683
0.000977137
0.000974994
0.000973207
0.000971735
0.000970545
0.000969622
0.000968952
0.000968518
0.000968299
0.000968278
0.000968439
0.000968774
0.00096927
0.000969919
0.000970716
0.000971656
0.000972737
0.000973954
0.000975307
0.000976791
0.000978407
0.00098015
0.000982021
0.000984017
0.000986138
0.000988382
0.000990749
0.000993237
0.000995846
0.000998574
0.00100142
0.00100439
0.00100747
0.00101069
0.000998135
0.000994006
0.00098992
0.000986099
0.000982669
0.000979684
0.000977138
0.000974992
0.000973194
0.000971697
0.000970472
0.000969522
0.000968847
0.000968425
0.000968229
0.00096824
0.00096844
0.000968818
0.000969365
0.00097007
0.000970929
0.000971936
0.000973086
0.000974377
0.000975804
0.000977367
0.000979063
0.00098089
0.000982846
0.000984931
0.000987144
0.000989484
0.000991949
0.000994541
0.000997257
0.0010001
0.00100306
0.00100615
0.00100936
0.00101271
0.000998135
0.000994005
0.000989918
0.000986097
0.000982667
0.000979681
0.000977136
0.000974986
0.000973167
0.000971607
0.000970289
0.000969288
0.000968642
0.000968306
0.000968204
0.000968295
0.000968561
0.000968995
0.000969595
0.000970354
0.00097127
0.00097234
0.000973559
0.000974925
0.000976435
0.000978088
0.000979881
0.000981811
0.000983879
0.000986081
0.000988418
0.000990887
0.000993488
0.000996221
0.000999083
0.00100208
0.0010052
0.00100844
0.00101182
0.00101533
0.000998134
0.000994003
0.000989914
0.000986091
0.000982659
0.000979674
0.000977131
0.000974983
0.000973143
0.000971492
0.000970071
0.000969094
0.00096843
0.000968144
0.000968257
0.000968677
0.000969324
0.000970159
0.000971167
0.000972337
0.000973663
0.00097514
0.000976763
0.000978532
0.000980442
0.000982494
0.000984684
0.000987013
0.000989478
0.000992079
0.000994814
0.000997684
0.00100069
0.00100382
0.00100709
0.00101049
0.00101402
0.00101767
0.00102146
0.00102538
0.000998134
0.000994001
0.000989908
0.000986081
0.000982646
0.000979661
0.000977127
0.000975004
0.000973147
0.000971921
0.000969664
0.000968235
0.000972553
0.000974423
0.000976506
0.000978825
0.000981323
0.000983961
0.000986713
0.000989561
0.000992496
0.000995509
0.000998596
0.00100175
0.00100498
0.00100828
0.00101164
0.00101507
0.00101856
0.00102213
0.00102576
0.00102946
0.00103323
0.00103707
0.00104097
0.00104495
0.00104901
0.00105314
0.00105735
0.00106164
0.000998133
0.000993997
0.0009899
0.000986067
0.000982627
0.000979642
0.000977134
0.000975066
0.000973821
0.000972043
0.000973987
0.000983275
0.000991358
0.00113977
0.00114499
0.00114972
0.00115424
0.00115867
0.00116304
0.00116741
0.00117178
0.00117617
0.00118059
0.00118505
0.00118956
0.00119411
0.00119871
0.00120337
0.00120809
0.00121287
0.00121772
0.00122263
0.00122762
0.00123269
0.00123783
0.00124306
0.00124839
0.00125382
0.00125939
0.00126514
0.000998132
0.000993994
0.000989893
0.000986055
0.000982609
0.000979622
0.000977126
0.000975145
0.000974093
0.000974633
0.000314469
0.00216425
0.00136735
0.00138544
0.00140152
0.001416
0.00142926
0.00144156
0.00145309
0.00146398
0.00147433
0.00148424
0.00149376
0.00150295
0.00151185
0.00152051
0.00152896
0.00153722
0.00154533
0.0015533
0.00156115
0.0015689
0.00157657
0.00158417
0.00159172
0.00159923
0.00160674
0.00161433
0.00162222
0.000998131
0.000993992
0.000989889
0.000986048
0.0009826
0.000979609
0.000977104
0.000975134
0.000973815
0.000973311
0.000975488
0.000979111
0.000978856
0.000982272
0.00098648
0.000991439
0.000997082
0.00100337
0.00101025
0.00101768
0.00102562
0.00103403
0.00104287
0.00105209
0.00106167
0.00107155
0.00108172
0.00109213
0.00110275
0.00111356
0.00112452
0.00113561
0.00114681
0.00115808
0.00116942
0.0011808
0.00119222
0.00120365
0.00121514
0.00122674
0.000998131
0.000993992
0.000989889
0.000986048
0.000982599
0.000979603
0.000977078
0.000975028
0.000973477
0.000972471
0.000971874
0.000971456
0.000971274
0.000971243
0.000971415
0.000971818
0.000972445
0.000973289
0.000974344
0.000975606
0.00097707
0.000978732
0.000980592
0.000982649
0.000984901
0.00098735
0.000989997
0.000992843
0.00099589
0.00099914
0.0010026
0.00100626
0.00101013
0.00101421
0.00101851
0.00102302
0.00102775
0.0010327
0.00103788
0.00104329
0.000998131
0.000993993
0.00098989
0.000986051
0.000982602
0.000979604
0.000977064
0.000974966
0.000973291
0.000972015
0.000971068
0.000970348
0.00096981
0.000969446
0.000969256
0.000969235
0.000969375
0.000969665
0.000970098
0.000970668
0.000971372
0.000972205
0.000973164
0.000974247
0.000975453
0.000976781
0.000978228
0.000979795
0.000981479
0.000983282
0.000985202
0.00098724
0.000989395
0.000991667
0.000994056
0.000996563
0.000999188
0.00100193
0.00100479
0.00100776
0.000998131
0.000993994
0.000989893
0.000986055
0.000982608
0.000979608
0.00097706
0.000974937
0.000973203
0.000971824
0.000970748
0.000969919
0.000969298
0.000968865
0.00096861
0.000968525
0.000968602
0.000968831
0.000969207
0.000969725
0.000970379
0.000971164
0.000972078
0.000973117
0.000974276
0.000975555
0.000976949
0.000978458
0.000980079
0.00098181
0.00098365
0.000985597
0.000987651
0.000989809
0.000992072
0.000994437
0.000996904
0.000999471
0.00100214
0.0010049
0.000998132
0.000993995
0.000989896
0.00098606
0.000982614
0.000979614
0.000977062
0.000974926
0.000973167
0.000971745
0.00097062
0.000969751
0.000969106
0.000968661
0.000968405
0.000968325
0.000968412
0.000968657
0.000969052
0.00096959
0.000970267
0.000971076
0.000972014
0.000973078
0.000974263
0.000975568
0.000976989
0.000978525
0.000980173
0.000981933
0.000983803
0.000985781
0.000987866
0.000990057
0.000992353
0.000994753
0.000997256
0.00099986
0.00100257
0.00100537
0.000998132
0.000993996
0.000989898
0.000986064
0.000982619
0.00097962
0.000977066
0.000974924
0.000973153
0.000971714
0.000970569
0.000969685
0.000969031
0.000968587
0.000968336
0.000968265
0.000968363
0.00096862
0.000969029
0.000969583
0.000970276
0.000971104
0.000972062
0.000973148
0.000974358
0.00097569
0.000977141
0.00097871
0.000980394
0.000982191
0.000984101
0.000986123
0.000988254
0.000990494
0.000992842
0.000995296
0.000997856
0.00100052
0.00100329
0.00100616
0.000998132
0.000993997
0.0009899
0.000986067
0.000982623
0.000979625
0.00097707
0.000974926
0.00097315
0.000971703
0.000970549
0.000969659
0.000969003
0.00096856
0.000968313
0.000968248
0.000968354
0.000968621
0.000969041
0.000969609
0.000970317
0.000971161
0.000972137
0.000973243
0.000974475
0.00097583
0.000977307
0.000978904
0.000980618
0.000982448
0.000984394
0.000986453
0.000988625
0.000990908
0.000993302
0.000995805
0.000998417
0.00100114
0.00100396
0.00100691
0.000998133
0.000993998
0.000989901
0.000986069
0.000982626
0.000979628
0.000977073
0.000974928
0.00097315
0.000971699
0.000970543
0.000969649
0.000968992
0.00096855
0.000968306
0.000968245
0.000968355
0.000968628
0.000969055
0.000969629
0.000970344
0.000971197
0.000972183
0.000973298
0.00097454
0.000975905
0.000977393
0.000979001
0.000980728
0.000982572
0.000984532
0.000986606
0.000988794
0.000991094
0.000993506
0.000996028
0.00099866
0.0010014
0.00100425
0.00100723
0.000998133
0.000993998
0.000989902
0.00098607
0.000982628
0.00097963
0.000977075
0.000974929
0.00097315
0.000971699
0.000970541
0.000969646
0.000968989
0.000968548
0.000968304
0.000968245
0.000968358
0.000968633
0.000969062
0.000969639
0.000970359
0.000971215
0.000972204
0.000973323
0.000974569
0.00097594
0.000977433
0.000979046
0.000980777
0.000982626
0.000984591
0.00098667
0.000988862
0.000991166
0.000993582
0.000996109
0.000998744
0.00100149
0.00100434
0.00100733
0.000999606
0.000995882
0.000992056
0.000988432
0.000985229
0.000982553
0.000980408
0.000978748
0.000977517
0.00097667
0.000976165
0.00097597
0.000976055
0.000976399
0.000976981
0.000977787
0.000978802
0.000980017
0.000981423
0.000983013
0.00098478
0.000986719
0.000988827
0.000991099
0.000993533
0.000996126
0.000998876
0.00100178
0.00100484
0.00100805
0.00101141
0.00101492
0.00101858
0.00102239
0.00102634
0.00103044
0.00103469
0.00103909
0.00104362
0.00104828
0.000999606
0.000995882
0.000992056
0.000988433
0.00098523
0.000982555
0.00098041
0.000978748
0.000977517
0.000976668
0.000976162
0.000975964
0.000976048
0.000976391
0.000976973
0.000977779
0.000978795
0.000980011
0.000981418
0.000983009
0.000984778
0.000986719
0.000988829
0.000991104
0.000993541
0.000996138
0.000998893
0.00100181
0.00100487
0.00100809
0.00101146
0.00101498
0.00101865
0.00102247
0.00102643
0.00103054
0.0010348
0.00103921
0.00104375
0.00104841
0.000999607
0.000995882
0.000992057
0.000988434
0.000985232
0.000982556
0.000980412
0.00097875
0.000977516
0.000976664
0.000976152
0.00097595
0.00097603
0.00097637
0.000976953
0.00097776
0.000978779
0.000979999
0.000981411
0.000983006
0.000984781
0.00098673
0.000988851
0.000991138
0.000993589
0.000996199
0.000998967
0.00100189
0.00100497
0.0010082
0.00101158
0.00101511
0.00101879
0.00102262
0.0010266
0.00103072
0.00103499
0.0010394
0.00104396
0.00104862
0.000999607
0.000995883
0.000992058
0.000988435
0.000985233
0.000982559
0.000980414
0.000978751
0.000977513
0.000976653
0.000976131
0.000975919
0.000975992
0.000976331
0.000976915
0.000977725
0.000978748
0.000979972
0.000981394
0.000983005
0.000984798
0.000986768
0.000988908
0.000991214
0.000993684
0.000996314
0.000999102
0.00100205
0.00100514
0.00100839
0.00101179
0.00101534
0.00101904
0.00102289
0.00102689
0.00103103
0.00103532
0.00103975
0.00104433
0.00104902
0.000999607
0.000995883
0.000992058
0.000988436
0.000985235
0.000982561
0.000980416
0.00097875
0.000977505
0.000976629
0.000976085
0.000975851
0.000975912
0.000976251
0.000976842
0.000977667
0.000978719
0.000979979
0.000981437
0.000983081
0.000984907
0.000986907
0.000989078
0.000991415
0.000993916
0.000996578
0.000999398
0.00100238
0.00100551
0.00100879
0.00101223
0.00101582
0.00101956
0.00102344
0.00102748
0.00103166
0.00103599
0.00104047
0.00104509
0.00104982
0.000999607
0.000995882
0.000992057
0.000988435
0.000985234
0.000982561
0.000980416
0.000978746
0.000977487
0.000976582
0.000975996
0.000975729
0.00097578
0.000976122
0.000976736
0.0009776
0.000978694
0.000980003
0.000981514
0.000983216
0.0009851
0.000987161
0.000989392
0.000991789
0.000994349
0.000997069
0.000999947
0.00100298
0.00100617
0.00100951
0.001013
0.00101664
0.00102043
0.00102437
0.00102846
0.0010327
0.00103708
0.00104162
0.00104629
0.00105109
0.000999606
0.000995881
0.000992054
0.000988432
0.000985231
0.000982559
0.000980414
0.000978739
0.000977455
0.000976485
0.000975798
0.000975465
0.00097555
0.00097601
0.000976762
0.000977758
0.000978972
0.000980387
0.000981997
0.000983792
0.000985767
0.000987917
0.000990238
0.000992726
0.000995377
0.00099819
0.00100116
0.00100429
0.00100757
0.00101101
0.00101459
0.00101833
0.00102222
0.00102625
0.00103043
0.00103476
0.00103924
0.00104386
0.00104863
0.00105351
0.000999605
0.000995878
0.00099205
0.000988425
0.000985223
0.000982552
0.000980411
0.000978738
0.000977435
0.000976373
0.000975542
0.000975178
0.000975296
0.000975805
0.000976671
0.000977837
0.000979244
0.000980862
0.000982674
0.000984671
0.000986843
0.000989186
0.000991693
0.000994362
0.00099719
0.00100017
0.00100331
0.0010066
0.00101004
0.00101363
0.00101737
0.00102125
0.00102529
0.00102946
0.00103378
0.00103825
0.00104286
0.00104761
0.0010525
0.00105751
0.000999604
0.000995874
0.000992042
0.000988414
0.00098521
0.000982542
0.000980412
0.000978764
0.000977462
0.000977015
0.00097633
0.000976837
0.000978114
0.000979624
0.000981447
0.000983584
0.000985979
0.000988595
0.000991408
0.000994404
0.000997573
0.00100091
0.0010044
0.00100804
0.00101184
0.00101578
0.00101986
0.00102409
0.00102846
0.00103297
0.00103761
0.0010424
0.00104732
0.00105238
0.00105758
0.00106292
0.0010684
0.00107401
0.00107978
0.00108565
0.000999602
0.00099587
0.000992032
0.000988399
0.000985193
0.000982529
0.000980435
0.000978909
0.00097913
0.000978756
0.000977463
0.000977189
0.000986723
0.000990823
0.000994922
0.000999145
0.00100357
0.00100822
0.00101308
0.00101817
0.00102347
0.00102898
0.0010347
0.00104061
0.00104672
0.00105303
0.00105952
0.0010662
0.00107307
0.00108012
0.00108736
0.00109479
0.0011024
0.0011102
0.00111819
0.00112637
0.00113475
0.00114333
0.00115214
0.00116119
0.000999601
0.000995866
0.000992024
0.000988385
0.000985175
0.000982515
0.000980443
0.000979024
0.000979599
0.000980319
0.00098752
0.00100123
0.000994359
0.00100768
0.00102007
0.00103175
0.00104285
0.00105352
0.00106386
0.00107396
0.00108388
0.00109367
0.00110339
0.00111307
0.00112274
0.00113242
0.00114213
0.00115191
0.00116176
0.0011717
0.00118174
0.00119191
0.0012022
0.00121264
0.00122324
0.001234
0.00124495
0.00125612
0.00126758
0.00127947
0.0009996
0.000995863
0.000992019
0.000988377
0.000985165
0.0009825
0.00098042
0.000978947
0.000978208
0.000979309
0.000980711
0.000982047
0.000982844
0.000983983
0.000985644
0.000987784
0.000990348
0.000993315
0.000996677
0.00100043
0.00100456
0.00100906
0.00101394
0.00101918
0.00102479
0.00103075
0.00103705
0.0010437
0.00105069
0.001058
0.00106562
0.00107356
0.0010818
0.00109033
0.00109914
0.00110824
0.0011176
0.00112723
0.00113715
0.00114739
0.0009996
0.000995863
0.000992018
0.000988375
0.000985161
0.000982489
0.000980386
0.000978838
0.000977841
0.000977379
0.000977291
0.000977381
0.000977629
0.000978045
0.000978677
0.000979532
0.000980601
0.000981883
0.000983376
0.000985076
0.00098698
0.000989086
0.000991388
0.000993887
0.000996578
0.00099946
0.00100253
0.0010058
0.00100925
0.00101289
0.00101672
0.00102073
0.00102494
0.00102934
0.00103394
0.00103873
0.00104371
0.00104889
0.00105427
0.00105982
0.0009996
0.000995863
0.000992019
0.000988378
0.000985162
0.000982485
0.000980362
0.000978765
0.000977657
0.000976993
0.000976682
0.00097662
0.000976766
0.00097712
0.000977689
0.000978473
0.000979462
0.000980646
0.000982017
0.000983568
0.000985294
0.000987189
0.000989248
0.000991469
0.000993848
0.000996384
0.000999074
0.00100192
0.00100491
0.00100806
0.00101135
0.0010148
0.00101839
0.00102213
0.00102603
0.00103007
0.00103426
0.0010386
0.00104308
0.00104769
0.000999601
0.000995865
0.000992022
0.000988382
0.000985166
0.000982486
0.000980351
0.000978723
0.000977555
0.000976799
0.000976393
0.000976274
0.000976401
0.000976756
0.000977329
0.00097811
0.000979089
0.000980256
0.000981604
0.000983126
0.000984818
0.000986674
0.000988691
0.000990865
0.000993193
0.000995673
0.000998302
0.00100108
0.001004
0.00100706
0.00101027
0.00101362
0.0010171
0.00102073
0.00102449
0.00102839
0.00103242
0.00103659
0.00104089
0.0010453
0.000999601
0.000995866
0.000992025
0.000988387
0.000985171
0.000982489
0.000980347
0.000978702
0.000977505
0.000976705
0.000976253
0.000976102
0.000976215
0.000976567
0.000977144
0.000977933
0.000978924
0.000980105
0.000981471
0.000983013
0.000984726
0.000986604
0.000988645
0.000990842
0.000993195
0.000995699
0.000998352
0.00100115
0.0010041
0.00100719
0.00101042
0.00101379
0.0010173
0.00102096
0.00102475
0.00102867
0.00103274
0.00103694
0.00104127
0.00104572
0.000999602
0.000995868
0.000992028
0.000988391
0.000985177
0.000982493
0.000980347
0.000978694
0.000977481
0.00097666
0.000976186
0.000976018
0.000976123
0.000976476
0.000977059
0.000977858
0.00097886
0.000980055
0.000981434
0.000982991
0.000984719
0.000986614
0.00098867
0.000990886
0.000993257
0.000995781
0.000998455
0.00100128
0.00100425
0.00100736
0.00101062
0.00101403
0.00101757
0.00102125
0.00102508
0.00102904
0.00103314
0.00103738
0.00104176
0.00104624
0.000999602
0.000995869
0.000992031
0.000988395
0.000985181
0.000982497
0.00098035
0.000978692
0.000977471
0.000976639
0.000976154
0.000975978
0.000976078
0.000976431
0.000977016
0.000977819
0.000978826
0.000980028
0.000981415
0.000982981
0.000984719
0.000986626
0.000988695
0.000990925
0.000993311
0.000995851
0.000998543
0.00100138
0.00100437
0.00100751
0.00101079
0.00101422
0.00101778
0.00102149
0.00102534
0.00102934
0.00103347
0.00103774
0.00104214
0.00104666
0.000999602
0.00099587
0.000992032
0.000988397
0.000985184
0.0009825
0.000980352
0.000978692
0.000977467
0.00097663
0.00097614
0.000975959
0.000976057
0.000976409
0.000976996
0.000977801
0.000978811
0.000980017
0.00098141
0.000982981
0.000984726
0.000986639
0.000988716
0.000990954
0.000993349
0.000995899
0.000998602
0.00100146
0.00100446
0.00100761
0.0010109
0.00101434
0.00101793
0.00102166
0.00102553
0.00102955
0.0010337
0.00103799
0.00104243
0.00104697
0.000999603
0.00099587
0.000992033
0.000988398
0.000985185
0.000982502
0.000980353
0.000978692
0.000977466
0.000976627
0.000976135
0.000975952
0.000976049
0.000976401
0.000976988
0.000977794
0.000978806
0.000980013
0.000981407
0.000982981
0.000984728
0.000986644
0.000988725
0.000990966
0.000993364
0.000995917
0.000998623
0.00100148
0.00100449
0.00100764
0.00101094
0.00101439
0.00101798
0.00102171
0.00102559
0.00102961
0.00103377
0.00103806
0.0010425
0.00104704
0.0010027
0.00100196
0.00100147
0.00100063
0.000999725
0.000999025
0.00099862
0.000998522
0.000998732
0.00099925
0.00100007
0.00100117
0.00100255
0.0010042
0.0010061
0.00100825
0.00101063
0.00101325
0.00101609
0.00101915
0.00102243
0.00102592
0.00102961
0.00103352
0.00103763
0.00104195
0.00104647
0.00105119
0.00105612
0.00106125
0.00106658
0.0010721
0.00107783
0.00108376
0.00108989
0.00109623
0.00110276
0.0011095
0.00111644
0.00112365
0.0010027
0.00100196
0.00100147
0.00100063
0.000999726
0.000999026
0.000998621
0.000998522
0.000998731
0.000999247
0.00100006
0.00100116
0.00100254
0.00100419
0.00100609
0.00100824
0.00101063
0.00101324
0.00101608
0.00101915
0.00102243
0.00102592
0.00102962
0.00103353
0.00103765
0.00104197
0.0010465
0.00105124
0.00105617
0.0010613
0.00106664
0.00107218
0.00107791
0.00108385
0.00108998
0.00109632
0.00110286
0.0011096
0.00111655
0.00112377
0.0010027
0.00100196
0.00100147
0.00100063
0.000999727
0.000999028
0.000998622
0.000998522
0.000998728
0.00099924
0.00100005
0.00100115
0.00100252
0.00100417
0.00100607
0.00100822
0.00101061
0.00101323
0.00101608
0.00101914
0.00102243
0.00102593
0.00102965
0.00103357
0.0010377
0.00104204
0.00104658
0.00105132
0.00105627
0.00106142
0.00106677
0.00107232
0.00107808
0.00108403
0.00109019
0.00109655
0.00110311
0.00110988
0.00111686
0.0011241
0.0010027
0.00100196
0.00100147
0.00100063
0.000999728
0.000999029
0.000998623
0.00099852
0.000998722
0.000999226
0.00100002
0.00100111
0.00100248
0.00100413
0.00100603
0.00100818
0.00101058
0.00101321
0.00101607
0.00101916
0.00102246
0.00102599
0.00102972
0.00103367
0.00103783
0.00104219
0.00104676
0.00105153
0.00105651
0.00106169
0.00106707
0.00107265
0.00107843
0.00108442
0.00109061
0.001097
0.00110359
0.00111039
0.00111741
0.00112469
0.0010027
0.00100196
0.00100147
0.00100063
0.000999729
0.00099903
0.000998623
0.000998516
0.000998709
0.000999197
0.000999975
0.00100104
0.0010024
0.00100405
0.00100596
0.00100813
0.00101055
0.00101321
0.0010161
0.00101921
0.00102254
0.00102609
0.00102986
0.00103384
0.00103803
0.00104243
0.00104703
0.00105185
0.00105687
0.00106209
0.00106752
0.00107316
0.001079
0.00108505
0.0010913
0.00109776
0.00110443
0.0011113
0.00111839
0.00112574
0.0010027
0.00100196
0.00100147
0.00100063
0.000999728
0.00099903
0.000998621
0.00099851
0.000998688
0.000999146
0.000999884
0.00100092
0.00100227
0.00100391
0.00100584
0.00100804
0.00101049
0.00101318
0.00101612
0.00101929
0.00102269
0.00102631
0.00103015
0.0010342
0.00103846
0.00104293
0.00104761
0.0010525
0.0010576
0.0010629
0.0010684
0.00107412
0.00108004
0.00108616
0.0010925
0.00109904
0.00110579
0.00111276
0.00111994
0.00112739
0.00100269
0.00100196
0.00100147
0.00100063
0.000999725
0.000999027
0.000998619
0.000998502
0.000998657
0.000999058
0.000999709
0.00100068
0.00100201
0.00100369
0.00100568
0.00100794
0.00101045
0.00101321
0.0010162
0.00101942
0.00102287
0.00102654
0.00103044
0.00103456
0.00103889
0.00104344
0.00104821
0.00105319
0.00105838
0.00106378
0.00106939
0.0010752
0.00108123
0.00108746
0.0010939
0.00110054
0.00110739
0.00111445
0.00112173
0.00112926
0.00100269
0.00100196
0.00100146
0.00100062
0.000999718
0.000999023
0.000998621
0.000998507
0.000998647
0.000998959
0.000999449
0.00100029
0.00100158
0.00100323
0.00100523
0.00100757
0.0010102
0.00101311
0.00101626
0.00101966
0.00102328
0.00102712
0.00103118
0.00103544
0.00103992
0.00104461
0.0010495
0.00105459
0.00105989
0.00106539
0.00107109
0.001077
0.00108311
0.00108942
0.00109594
0.00110265
0.00110957
0.00111669
0.00112402
0.00113159
0.00100269
0.00100195
0.00100145
0.00100061
0.000999708
0.00099902
0.000998636
0.000998562
0.000998757
0.00099898
0.000999186
0.000999941
0.00100142
0.00100331
0.00100549
0.00100796
0.00101072
0.00101375
0.00101704
0.00102059
0.00102438
0.00102842
0.00103269
0.0010372
0.00104193
0.00104688
0.00105205
0.00105744
0.00106305
0.00106887
0.0010749
0.00108115
0.00108761
0.00109428
0.00110117
0.00110827
0.00111558
0.00112311
0.00113087
0.00113887
0.00100269
0.00100195
0.00100144
0.0010006
0.000999696
0.000999021
0.000998687
0.0009988
0.000999242
0.00100088
0.00100203
0.00100368
0.00100501
0.00100707
0.00100973
0.0010128
0.00101621
0.00101992
0.0010239
0.00102815
0.00103265
0.00103741
0.00104243
0.0010477
0.00105323
0.00105902
0.00106508
0.0010714
0.001078
0.00108487
0.00109201
0.00109944
0.00110715
0.00111515
0.00112343
0.00113201
0.0011409
0.00115008
0.0011596
0.00116947
0.00100269
0.00100194
0.00100144
0.00100059
0.000999682
0.000999014
0.00099871
0.000998923
0.000999698
0.00100216
0.00100449
0.00100689
0.00100954
0.00101271
0.00101617
0.00101992
0.00102397
0.00102832
0.00103298
0.00103792
0.00104317
0.0010487
0.00105453
0.00106066
0.00106707
0.00107379
0.0010808
0.00108811
0.00109573
0.00110366
0.0011119
0.00112045
0.00112932
0.00113852
0.00114805
0.00115792
0.00116814
0.00117872
0.00118969
0.00120115
0.00100269
0.00100194
0.00100143
0.00100058
0.00099967
0.000998997
0.000998677
0.000998784
0.000999439
0.00100065
0.00100207
0.00100351
0.00100517
0.00100715
0.00100952
0.00101222
0.00101526
0.0010186
0.00102226
0.00102623
0.00103052
0.00103512
0.00104005
0.0010453
0.00105089
0.00105681
0.00106307
0.00106967
0.00107662
0.00108392
0.00109158
0.00109959
0.00110797
0.0011167
0.00112581
0.00113528
0.00114513
0.00115535
0.00116597
0.00117705
0.00100269
0.00100194
0.00100143
0.00100057
0.000999663
0.00099898
0.000998631
0.000998659
0.000999097
0.000999935
0.00100106
0.00100236
0.00100384
0.00100554
0.00100749
0.00100966
0.00101206
0.00101468
0.00101753
0.00102062
0.00102394
0.0010275
0.0010313
0.00103533
0.00103959
0.00104409
0.00104883
0.00105381
0.00105903
0.00106448
0.00107018
0.00107612
0.00108231
0.00108874
0.00109543
0.00110236
0.00110955
0.001117
0.00112471
0.0011327
0.00100269
0.00100194
0.00100143
0.00100057
0.00099966
0.000998969
0.000998597
0.000998572
0.000998907
0.00099959
0.00100057
0.00100177
0.00100319
0.00100483
0.00100671
0.00100883
0.00101119
0.00101377
0.00101658
0.0010196
0.00102285
0.0010263
0.00102997
0.00103384
0.00103792
0.0010422
0.0010467
0.0010514
0.0010563
0.00106141
0.00106673
0.00107226
0.00107799
0.00108394
0.0010901
0.00109647
0.00110306
0.00110986
0.00111688
0.00112415
0.00100269
0.00100194
0.00100143
0.00100058
0.000999661
0.000998964
0.000998577
0.00099852
0.000998798
0.000999403
0.00100031
0.00100147
0.00100288
0.00100453
0.00100642
0.00100854
0.00101088
0.00101344
0.00101622
0.00101922
0.00102242
0.00102583
0.00102945
0.00103327
0.0010373
0.00104152
0.00104595
0.00105057
0.0010554
0.00106042
0.00106564
0.00107106
0.00107668
0.00108249
0.00108851
0.00109472
0.00110113
0.00110774
0.00111454
0.00112158
0.00100269
0.00100194
0.00100143
0.00100058
0.000999665
0.000998964
0.000998567
0.000998492
0.00099874
0.000999307
0.00100017
0.00100132
0.00100272
0.00100437
0.00100626
0.00100839
0.00101074
0.00101332
0.00101612
0.00101913
0.00102235
0.00102578
0.00102942
0.00103326
0.00103729
0.00104153
0.00104597
0.0010506
0.00105542
0.00106044
0.00106566
0.00107107
0.00107668
0.00108248
0.00108847
0.00109467
0.00110105
0.00110764
0.00111442
0.00112142
0.00100269
0.00100194
0.00100144
0.00100058
0.000999669
0.000998966
0.000998564
0.000998479
0.000998712
0.000999259
0.00100011
0.00100124
0.00100264
0.00100429
0.00100619
0.00100833
0.00101069
0.00101328
0.00101609
0.00101912
0.00102235
0.00102579
0.00102943
0.00103328
0.00103733
0.00104157
0.00104602
0.00105065
0.00105549
0.00106052
0.00106575
0.00107117
0.00107679
0.0010826
0.0010886
0.0010948
0.00110119
0.00110778
0.00111457
0.00112158
0.00100269
0.00100194
0.00100144
0.00100059
0.000999673
0.000998969
0.000998564
0.000998473
0.000998698
0.000999236
0.00100008
0.0010012
0.0010026
0.00100425
0.00100616
0.0010083
0.00101067
0.00101327
0.00101609
0.00101912
0.00102236
0.00102581
0.00102947
0.00103333
0.00103739
0.00104164
0.0010461
0.00105075
0.0010556
0.00106064
0.00106588
0.00107131
0.00107694
0.00108276
0.00108878
0.00109499
0.00110139
0.00110799
0.00111479
0.00112182
0.00100269
0.00100194
0.00100144
0.00100059
0.000999675
0.000998971
0.000998565
0.000998472
0.000998693
0.000999226
0.00100006
0.00100118
0.00100258
0.00100423
0.00100614
0.00100828
0.00101066
0.00101326
0.00101609
0.00101913
0.00102237
0.00102583
0.00102949
0.00103336
0.00103742
0.00104168
0.00104615
0.00105081
0.00105566
0.00106071
0.00106596
0.0010714
0.00107704
0.00108287
0.0010889
0.00109512
0.00110154
0.00110815
0.00111497
0.00112201
0.00100269
0.00100195
0.00100144
0.00100059
0.000999677
0.000998972
0.000998566
0.000998471
0.000998691
0.000999221
0.00100005
0.00100118
0.00100257
0.00100423
0.00100613
0.00100828
0.00101066
0.00101326
0.00101609
0.00101913
0.00102238
0.00102584
0.0010295
0.00103337
0.00103744
0.00104171
0.00104617
0.00105084
0.0010557
0.00106075
0.00106601
0.00107145
0.0010771
0.00108294
0.00108898
0.00109521
0.00110164
0.00110826
0.00111509
0.00112217
0.00100627
0.00100398
0.00100409
0.00100539
0.00100752
0.00101043
0.00101399
0.0010181
0.0010227
0.00102777
0.00103328
0.00103923
0.00104559
0.00105236
0.00105953
0.0010671
0.00107506
0.00108341
0.00109216
0.00110129
0.0011108
0.0011207
0.001131
0.00114168
0.00115275
0.00116421
0.00117607
0.00118833
0.00120098
0.00121404
0.00122751
0.00124139
0.00125568
0.0012704
0.00128554
0.0013011
0.0013171
0.00133354
0.00135042
0.00136767
0.00100627
0.00100398
0.00100409
0.00100539
0.00100753
0.00101043
0.00101399
0.0010181
0.0010227
0.00102777
0.00103328
0.00103921
0.00104557
0.00105234
0.00105951
0.00106708
0.00107505
0.0010834
0.00109215
0.00110128
0.00111079
0.0011207
0.00113099
0.00114167
0.00115274
0.00116419
0.00117604
0.00118828
0.00120093
0.00121397
0.00122742
0.00124128
0.00125555
0.00127025
0.00128536
0.00130091
0.00131688
0.00133329
0.00135014
0.00136737
0.00100627
0.00100398
0.00100409
0.00100539
0.00100753
0.00101043
0.00101399
0.0010181
0.00102269
0.00102776
0.00103326
0.00103919
0.00104555
0.00105231
0.00105948
0.00106706
0.00107503
0.00108338
0.00109213
0.00110127
0.00111079
0.00112069
0.00113097
0.00114163
0.00115268
0.00116411
0.00117593
0.00118815
0.00120076
0.00121377
0.00122718
0.001241
0.00125523
0.00126987
0.00128494
0.00130042
0.00131634
0.00133268
0.00134946
0.00136661
0.00100627
0.00100398
0.00100409
0.00100539
0.00100753
0.00101043
0.00101399
0.00101809
0.00102269
0.00102774
0.00103323
0.00103915
0.0010455
0.00105226
0.00105944
0.00106702
0.00107499
0.00108336
0.0010921
0.00110121
0.0011107
0.00112057
0.00113081
0.00114144
0.00115244
0.00116382
0.00117558
0.00118774
0.00120028
0.00121322
0.00122655
0.00124028
0.00125442
0.00126896
0.00128391
0.00129929
0.00131508
0.00133129
0.00134793
0.00136494
0.00100627
0.00100398
0.00100409
0.00100539
0.00100753
0.00101043
0.00101399
0.00101809
0.00102267
0.0010277
0.00103317
0.00103908
0.00104542
0.00105218
0.00105937
0.00106696
0.00107493
0.00108327
0.00109199
0.00110107
0.00111052
0.00112034
0.00113052
0.00114107
0.001152
0.00116329
0.00117496
0.001187
0.00119942
0.00121222
0.00122541
0.00123898
0.00125295
0.0012673
0.00128206
0.00129722
0.00131278
0.00132875
0.00134512
0.00136185
0.00100627
0.00100398
0.00100409
0.00100539
0.00100753
0.00101043
0.00101399
0.00101808
0.00102265
0.00102765
0.00103308
0.00103896
0.00104529
0.00105207
0.00105924
0.00106679
0.0010747
0.00108298
0.00109162
0.00110062
0.00110997
0.00111967
0.00112972
0.00114013
0.00115089
0.001162
0.00117347
0.00118529
0.00119747
0.00121001
0.00122292
0.00123619
0.00124983
0.00126384
0.00127822
0.00129298
0.00130812
0.00132364
0.00133955
0.00135577
0.00100627
0.00100397
0.00100409
0.00100539
0.00100753
0.00101043
0.00101399
0.00101807
0.00102262
0.00102757
0.00103294
0.00103877
0.00104509
0.00105185
0.00105901
0.00106655
0.00107444
0.00108267
0.00109123
0.00110013
0.00110935
0.00111891
0.00112878
0.00113899
0.00114952
0.00116037
0.00117155
0.00118306
0.00119489
0.00120705
0.00121954
0.00123236
0.00124551
0.00125899
0.0012728
0.00128695
0.00130144
0.00131627
0.00133144
0.00134687
0.00100627
0.00100397
0.00100408
0.00100538
0.00100752
0.00101043
0.00101399
0.00101808
0.00102261
0.00102749
0.00103273
0.00103848
0.00104474
0.00105144
0.00105851
0.00106596
0.00107374
0.00108184
0.00109025
0.00109896
0.00110796
0.00111724
0.00112682
0.00113668
0.00114682
0.00115725
0.00116796
0.00117896
0.00119024
0.0012018
0.00121364
0.00122576
0.00123816
0.00125085
0.00126382
0.00127707
0.00129061
0.00130443
0.00131853
0.00133285
0.00100626
0.00100396
0.00100407
0.00100537
0.00100751
0.00101043
0.00101402
0.00101814
0.00102267
0.00102745
0.00103252
0.00103824
0.00104468
0.0010516
0.00105885
0.00106641
0.00107427
0.00108242
0.00109085
0.00109955
0.00110852
0.00111777
0.00112727
0.00113704
0.00114707
0.00115736
0.00116791
0.00117871
0.00118977
0.0012011
0.00121267
0.00122451
0.00123661
0.00124898
0.0012616
0.00127449
0.00128765
0.00130108
0.00131478
0.00132869
0.00100626
0.00100396
0.00100406
0.00100536
0.00100751
0.00101044
0.00101407
0.0010183
0.00102288
0.00102761
0.00103256
0.00103817
0.00104475
0.00105194
0.00105952
0.00106738
0.00107551
0.00108389
0.00109253
0.00110143
0.00111059
0.00112004
0.00112976
0.00113978
0.00115009
0.00116071
0.00117164
0.00118288
0.00119445
0.00120635
0.00121858
0.00123116
0.00124408
0.00125736
0.00127099
0.001285
0.00129938
0.00131415
0.00132932
0.00134484
0.00100626
0.00100395
0.00100405
0.00100535
0.0010075
0.00101045
0.00101411
0.00101845
0.0010233
0.00102863
0.00103426
0.00104044
0.00104733
0.00105451
0.00106191
0.00106966
0.0010778
0.00108637
0.0010954
0.00110487
0.00111482
0.00112523
0.00113611
0.00114747
0.0011593
0.00117162
0.00118443
0.00119774
0.00121154
0.00122585
0.00124068
0.00125602
0.0012719
0.00128832
0.00130529
0.00132282
0.00134091
0.0013596
0.00137888
0.00139873
0.00100625
0.00100394
0.00100404
0.00100534
0.00100748
0.00101043
0.00101409
0.00101839
0.00102331
0.00102875
0.00103449
0.00104048
0.00104683
0.0010536
0.00106082
0.00106849
0.0010766
0.00108515
0.00109413
0.00110356
0.00111343
0.00112374
0.00113451
0.00114574
0.00115745
0.00116963
0.0011823
0.00119548
0.00120916
0.00122337
0.00123811
0.00125339
0.00126923
0.00128563
0.00130262
0.0013202
0.00133839
0.00135719
0.00137662
0.00139662
0.00100625
0.00100394
0.00100404
0.00100533
0.00100747
0.00101041
0.00101405
0.00101829
0.0010231
0.0010284
0.00103408
0.00104009
0.00104647
0.00105323
0.00106037
0.00106788
0.00107576
0.00108402
0.00109267
0.00110173
0.00111118
0.00112104
0.00113131
0.001142
0.00115311
0.00116465
0.00117661
0.00118901
0.00120185
0.00121513
0.00122887
0.00124306
0.00125772
0.00127284
0.00128845
0.00130455
0.00132114
0.00133823
0.00135582
0.00137387
0.00100625
0.00100394
0.00100404
0.00100533
0.00100747
0.0010104
0.00101401
0.00101821
0.00102295
0.00102817
0.00103381
0.00103981
0.00104617
0.0010529
0.00106001
0.0010675
0.00107537
0.00108363
0.00109227
0.0011013
0.00111071
0.00112051
0.00113069
0.00114126
0.00115223
0.00116359
0.00117534
0.0011875
0.00120007
0.00121305
0.00122644
0.00124026
0.00125451
0.00126919
0.00128432
0.00129989
0.00131591
0.00133239
0.00134934
0.00136669
0.00100626
0.00100394
0.00100404
0.00100533
0.00100747
0.00101039
0.00101398
0.00101816
0.00102284
0.00102801
0.00103361
0.00103961
0.00104599
0.00105275
0.00105989
0.00106741
0.00107531
0.00108358
0.00109223
0.00110125
0.00111066
0.00112044
0.00113061
0.00114116
0.0011521
0.00116342
0.00117515
0.00118727
0.00119979
0.00121271
0.00122604
0.00123979
0.00125395
0.00126854
0.00128355
0.00129899
0.00131487
0.00133119
0.00134795
0.0013651
0.00100626
0.00100395
0.00100404
0.00100533
0.00100747
0.00101039
0.00101397
0.00101812
0.00102278
0.00102792
0.0010335
0.00103949
0.00104588
0.00105265
0.00105981
0.00106735
0.00107527
0.00108357
0.00109224
0.0011013
0.00111073
0.00112054
0.00113073
0.0011413
0.00115226
0.0011636
0.00117533
0.00118745
0.00119997
0.00121288
0.00122621
0.00123993
0.00125407
0.00126863
0.00128361
0.00129902
0.00131485
0.00133112
0.00134783
0.00136493
0.00100626
0.00100395
0.00100405
0.00100534
0.00100747
0.00101038
0.00101396
0.0010181
0.00102275
0.00102787
0.00103343
0.00103942
0.00104581
0.00105259
0.00105977
0.00106733
0.00107526
0.00108358
0.00109228
0.00110135
0.0011108
0.00112063
0.00113084
0.00114143
0.0011524
0.00116376
0.00117551
0.00118765
0.00120018
0.00121311
0.00122645
0.00124019
0.00125435
0.00126892
0.00128391
0.00129932
0.00131516
0.00133144
0.00134815
0.00136524
0.00100626
0.00100395
0.00100405
0.00100534
0.00100748
0.00101039
0.00101396
0.00101809
0.00102273
0.00102784
0.00103339
0.00103938
0.00104577
0.00105256
0.00105974
0.00106731
0.00107526
0.00108359
0.0010923
0.00110138
0.00111085
0.00112069
0.00113091
0.00114151
0.0011525
0.00116387
0.00117563
0.00118778
0.00120033
0.00121327
0.00122662
0.00124037
0.00125454
0.00126911
0.00128411
0.00129953
0.00131538
0.00133166
0.00134838
0.00136548
0.00100626
0.00100395
0.00100405
0.00100534
0.00100748
0.00101039
0.00101396
0.00101809
0.00102272
0.00102782
0.00103337
0.00103935
0.00104574
0.00105254
0.00105972
0.00106729
0.00107525
0.00108359
0.0010923
0.0011014
0.00111087
0.00112072
0.00113095
0.00114156
0.00115256
0.00116394
0.00117571
0.00118787
0.00120042
0.00121338
0.00122673
0.00124049
0.00125467
0.00126926
0.00128426
0.0012997
0.00131556
0.00133185
0.00134857
0.00136568
0.00100626
0.00100395
0.00100405
0.00100535
0.00100748
0.00101039
0.00101396
0.00101809
0.00102272
0.00102782
0.00103337
0.00103934
0.00104573
0.00105253
0.00105971
0.00106729
0.00107525
0.00108359
0.00109231
0.00110141
0.00111088
0.00112073
0.00113097
0.00114158
0.00115258
0.00116397
0.00117574
0.0011879
0.00120046
0.00121342
0.00122678
0.00124055
0.00125472
0.00126931
0.00128433
0.00129976
0.00131562
0.00133192
0.00134865
0.00136575
0.0010446
0.00105409
0.00105528
0.00105405
0.00105247
0.00105105
0.0010499
0.00104902
0.00104841
0.00104807
0.00104797
0.00104811
0.00104847
0.00104904
0.00104981
0.00105078
0.00105194
0.00105328
0.0010548
0.0010565
0.00105837
0.0010604
0.0010626
0.00106497
0.00106749
0.00107017
0.00107301
0.00107601
0.00107915
0.00108245
0.0010859
0.0010895
0.00109325
0.00109714
0.00110118
0.00110537
0.0011097
0.00111418
0.0011188
0.00112362
0.0010446
0.00105409
0.00105528
0.00105405
0.00105247
0.00105106
0.0010499
0.00104902
0.00104841
0.00104807
0.00104797
0.00104811
0.00104846
0.00104903
0.00104981
0.00105077
0.00105193
0.00105327
0.00105479
0.00105649
0.00105835
0.00106038
0.00106258
0.00106494
0.00106746
0.00107014
0.00107298
0.00107597
0.00107911
0.00108241
0.00108585
0.00108944
0.00109318
0.00109707
0.0011011
0.00110528
0.00110961
0.00111408
0.00111869
0.0011235
0.0010446
0.00105409
0.00105528
0.00105406
0.00105248
0.00105106
0.0010499
0.00104902
0.00104842
0.00104807
0.00104797
0.0010481
0.00104846
0.00104903
0.0010498
0.00105076
0.00105191
0.00105325
0.00105477
0.00105646
0.00105832
0.00106035
0.00106254
0.00106489
0.00106741
0.00107008
0.00107291
0.00107589
0.00107902
0.00108231
0.00108574
0.00108932
0.00109304
0.00109692
0.00110093
0.00110509
0.00110939
0.00111384
0.00111844
0.00112321
0.0010446
0.00105409
0.00105528
0.00105406
0.00105248
0.00105106
0.0010499
0.00104903
0.00104842
0.00104807
0.00104797
0.0010481
0.00104845
0.00104901
0.00104978
0.00105074
0.00105188
0.00105321
0.00105472
0.0010564
0.00105825
0.00106027
0.00106245
0.00106479
0.00106729
0.00106995
0.00107275
0.00107571
0.00107882
0.00108208
0.00108548
0.00108903
0.00109272
0.00109656
0.00110054
0.00110466
0.00110892
0.00111332
0.00111786
0.00112259
0.0010446
0.00105409
0.00105528
0.00105406
0.00105248
0.00105106
0.00104991
0.00104903
0.00104842
0.00104807
0.00104796
0.00104808
0.00104843
0.00104898
0.00104974
0.00105069
0.00105183
0.00105315
0.00105465
0.00105631
0.00105815
0.00106015
0.00106231
0.00106462
0.00106709
0.00106972
0.00107249
0.00107541
0.00107847
0.00108168
0.00108504
0.00108853
0.00109216
0.00109594
0.00109985
0.00110389
0.00110808
0.0011124
0.00111685
0.00112149
0.0010446
0.00105408
0.00105527
0.00105405
0.00105248
0.00105106
0.00104991
0.00104903
0.00104842
0.00104806
0.00104794
0.00104806
0.00104839
0.00104894
0.00104968
0.00105062
0.00105173
0.00105303
0.00105449
0.00105613
0.00105792
0.00105987
0.00106198
0.00106424
0.00106665
0.00106921
0.0010719
0.00107474
0.00107772
0.00108084
0.0010841
0.00108749
0.00109101
0.00109466
0.00109844
0.00110236
0.0011064
0.00111057
0.00111487
0.00111935
0.0010446
0.00105408
0.00105527
0.00105405
0.00105247
0.00105106
0.0010499
0.00104903
0.00104841
0.00104805
0.00104792
0.00104801
0.00104833
0.00104886
0.00104959
0.00105051
0.0010516
0.00105287
0.0010543
0.00105589
0.00105764
0.00105954
0.00106158
0.00106377
0.0010661
0.00106857
0.00107118
0.00107392
0.00107678
0.00107978
0.0010829
0.00108615
0.00108952
0.00109301
0.00109662
0.00110035
0.00110419
0.00110815
0.00111223
0.00111648
0.00104459
0.00105408
0.00105526
0.00105404
0.00105246
0.00105105
0.0010499
0.00104902
0.00104841
0.00104803
0.00104788
0.00104795
0.00104824
0.00104874
0.00104943
0.0010503
0.00105133
0.00105254
0.0010539
0.00105541
0.00105707
0.00105887
0.00106081
0.00106288
0.00106508
0.00106741
0.00106987
0.00107245
0.00107514
0.00107796
0.00108089
0.00108393
0.00108708
0.00109034
0.0010937
0.00109717
0.00110075
0.00110443
0.00110821
0.00111214
0.00104459
0.00105407
0.00105525
0.00105402
0.00105244
0.00105103
0.00104989
0.00104902
0.00104841
0.00104803
0.00104785
0.00104791
0.00104821
0.00104872
0.00104941
0.00105027
0.0010513
0.00105248
0.00105382
0.00105531
0.00105694
0.00105871
0.00106062
0.00106265
0.00106482
0.00106711
0.00106952
0.00107205
0.0010747
0.00107745
0.00108032
0.0010833
0.00108638
0.00108957
0.00109287
0.00109626
0.00109976
0.00110336
0.00110706
0.00111092
0.00104459
0.00105406
0.00105523
0.00105401
0.00105242
0.00105101
0.00104987
0.00104903
0.00104845
0.00104807
0.00104787
0.00104788
0.00104814
0.00104861
0.00104926
0.00105009
0.0010511
0.00105227
0.00105362
0.00105512
0.00105677
0.00105858
0.00106054
0.00106264
0.00106488
0.00106726
0.00106978
0.00107244
0.00107523
0.00107815
0.00108121
0.0010844
0.00108771
0.00109115
0.00109473
0.00109843
0.00110226
0.00110621
0.00111031
0.00111458
0.00104458
0.00105405
0.00105522
0.00105399
0.0010524
0.00105099
0.00104985
0.00104902
0.00104849
0.00104823
0.0010482
0.00104839
0.00104885
0.00104954
0.00105044
0.00105155
0.00105287
0.00105441
0.00105614
0.00105807
0.00106019
0.0010625
0.00106498
0.00106764
0.00107048
0.00107349
0.00107668
0.00108003
0.00108356
0.00108725
0.00109111
0.00109513
0.00109933
0.00110369
0.00110822
0.00111292
0.00111778
0.00112282
0.00112804
0.00113351
0.00104458
0.00105404
0.00105521
0.00105398
0.00105239
0.00105097
0.00104983
0.001049
0.00104846
0.00104823
0.00104826
0.00104853
0.00104902
0.00104975
0.0010507
0.00105188
0.00105329
0.00105493
0.0010568
0.00105889
0.00106121
0.00106375
0.00106651
0.0010695
0.00107271
0.00107614
0.0010798
0.00108368
0.00108779
0.00109212
0.00109668
0.00110147
0.00110649
0.00111175
0.00111723
0.00112295
0.00112891
0.00113511
0.00114156
0.00114834
0.00104458
0.00105404
0.00105521
0.00105397
0.00105238
0.00105096
0.00104982
0.00104897
0.00104841
0.00104814
0.00104812
0.00104835
0.0010488
0.00104948
0.00105038
0.0010515
0.00105283
0.00105437
0.00105612
0.00105808
0.00106024
0.0010626
0.00106516
0.00106792
0.00107089
0.00107405
0.00107741
0.00108097
0.00108473
0.00108869
0.00109285
0.00109722
0.00110179
0.00110656
0.00111155
0.00111675
0.00112216
0.00112779
0.00113364
0.00113977
0.00104458
0.00105404
0.00105521
0.00105397
0.00105238
0.00105096
0.00104981
0.00104895
0.00104838
0.00104808
0.00104804
0.00104823
0.00104864
0.00104927
0.00105011
0.00105116
0.00105241
0.00105386
0.0010555
0.00105734
0.00105936
0.00106158
0.00106398
0.00106656
0.00106934
0.00107229
0.00107543
0.00107875
0.00108225
0.00108593
0.0010898
0.00109384
0.00109807
0.00110248
0.00110707
0.00111185
0.00111681
0.00112196
0.0011273
0.00113289
0.00104458
0.00105404
0.00105521
0.00105397
0.00105239
0.00105096
0.00104981
0.00104894
0.00104836
0.00104804
0.00104798
0.00104815
0.00104855
0.00104915
0.00104997
0.00105098
0.00105219
0.00105359
0.00105517
0.00105694
0.00105889
0.00106102
0.00106332
0.0010658
0.00106844
0.00107126
0.00107425
0.00107741
0.00108074
0.00108424
0.0010879
0.00109173
0.00109573
0.00109989
0.00110422
0.00110873
0.0011134
0.00111824
0.00112325
0.00112849
0.00104458
0.00105405
0.00105522
0.00105398
0.00105239
0.00105097
0.00104981
0.00104894
0.00104835
0.00104803
0.00104795
0.00104811
0.0010485
0.00104909
0.00104988
0.00105088
0.00105206
0.00105343
0.00105498
0.00105671
0.00105861
0.00106069
0.00106294
0.00106535
0.00106793
0.00107067
0.00107358
0.00107665
0.00107988
0.00108327
0.00108682
0.00109053
0.0010944
0.00109842
0.0011026
0.00110694
0.00111143
0.00111608
0.0011209
0.00112593
0.00104458
0.00105405
0.00105522
0.00105399
0.0010524
0.00105098
0.00104982
0.00104895
0.00104835
0.00104802
0.00104794
0.00104809
0.00104847
0.00104906
0.00104984
0.00105083
0.001052
0.00105335
0.00105489
0.00105659
0.00105848
0.00106053
0.00106274
0.00106512
0.00106766
0.00107036
0.00107322
0.00107624
0.00107941
0.00108274
0.00108622
0.00108985
0.00109364
0.00109758
0.00110167
0.0011059
0.00111029
0.00111483
0.00111953
0.00112443
0.00104458
0.00105405
0.00105523
0.00105399
0.0010524
0.00105098
0.00104982
0.00104895
0.00104835
0.00104802
0.00104793
0.00104808
0.00104846
0.00104904
0.00104982
0.0010508
0.00105196
0.00105331
0.00105484
0.00105653
0.0010584
0.00106044
0.00106264
0.001065
0.00106752
0.0010702
0.00107303
0.00107602
0.00107917
0.00108246
0.00108591
0.0010895
0.00109325
0.00109714
0.00110119
0.00110538
0.00110971
0.0011142
0.00111884
0.00112367
0.00104458
0.00105405
0.00105523
0.001054
0.00105241
0.00105098
0.00104983
0.00104895
0.00104835
0.00104802
0.00104793
0.00104808
0.00104845
0.00104903
0.00104981
0.00105079
0.00105195
0.00105329
0.00105481
0.0010565
0.00105837
0.00106039
0.00106259
0.00106494
0.00106745
0.00107012
0.00107294
0.00107591
0.00107904
0.00108232
0.00108575
0.00108932
0.00109305
0.00109692
0.00110094
0.0011051
0.00110941
0.00111386
0.00111846
0.00112326
0.00104458
0.00105405
0.00105523
0.001054
0.00105241
0.00105099
0.00104983
0.00104895
0.00104835
0.00104802
0.00104793
0.00104808
0.00104845
0.00104903
0.00104981
0.00105078
0.00105194
0.00105328
0.0010548
0.00105649
0.00105835
0.00106038
0.00106257
0.00106491
0.00106742
0.00107008
0.0010729
0.00107587
0.00107899
0.00108226
0.00108569
0.00108925
0.00109297
0.00109683
0.00110084
0.00110499
0.00110929
0.00111373
0.00111832
0.00112311
0.00101225
0.000316758
5.34725e-05
0.000994517
0.00102108
0.000263689
6.10986e-05
0.000992361
0.00100772
0.000286719
0.000996301
0.00101109
0.00102052
0.000261443
6.03157e-05
0.000998789
0.0010228
0.000259846
6.21267e-05
0.000994098
0.00100884
0.00027849
0.000994559
0.00101221
0.00102159
0.000258328
6.0479e-05
0.00100028
0.00102294
0.000257951
6.09714e-05
0.00099387
0.00101047
0.000274337
0.000994195
0.00101348
0.0010211
0.000256591
5.93326e-05
0.000999022
0.00102175
0.000256361
5.98219e-05
0.000994672
0.00101282
0.000273042
0.000995851
0.00101534
0.00101853
0.000255422
5.80571e-05
0.00099433
0.00101634
0.000255727
5.73396e-05
0.000997677
0.00101611
0.000273843
0.000999355
0.00101788
0.00101053
0.000256425
5.51371e-05
0.000979519
0.000997104
0.000299681
4.89841e-05
0.00100306
0.0010196
0.000260168
0.00100321
0.00102404
0.000995532
0.000990314
0.00102019
0.000985141
0.00100082
0.00041724
7.25086e-05
0.00108605
0.000973637
0.000980132
0.00033892
0.000978028
0.000995138
0.000972459
0.000969218
0.000995513
0.000969069
0.000972644
0.000969396
0.0010255
0.00104975
8.10465e-05
0.00165199
0.00105756
0.00106817
9.19699e-05
0.00168807
0.00102554
0.000967657
0.00096782
0.000968747
0.00106226
0.00096762
0.000969211
0.000231252
3.12168e-05
0.000869787
0.000285948
0.000230451
3.06229e-05
0.000677256
0.00122577
0.00101412
0.00115256
0.00131367
0.00101186
0.00117413
0.000971355
0.000967765
0.00102684
0.000966823
0.00097168
0.000967957
0.00103973
0.00106702
9.11667e-05
0.00169703
0.00105735
0.0010671
9.43166e-05
0.00172328
0.00105949
0.000965988
0.000968638
0.000967718
0.00106295
0.00096603
0.000969415
0.00022523
3.09623e-05
0.000628109
0.000280778
0.000225549
3.1325e-05
0.000622183
0.00143467
0.00100928
0.00116815
0.00148195
0.00101332
0.00118358
0.00097117
0.000967405
0.00103762
0.000966097
0.000971402
0.000967539
0.00104239
0.00106499
9.20341e-05
0.00173447
0.00105646
0.0010655
9.28379e-05
0.00173894
0.00106023
0.000965667
0.000969478
0.000967508
0.0010613
0.000965734
0.000969863
0.000223215
3.10171e-05
0.000613991
0.000275799
0.000223772
3.11749e-05
0.000610339
0.00153571
0.00101125
0.00118332
0.00157356
0.00101531
0.00118917
0.000971312
0.000967677
0.00103999
0.000966258
0.000971296
0.000967826
0.00104309
0.00106324
9.02842e-05
0.00173513
0.00105581
0.00106488
9.08643e-05
0.00173908
0.00105934
0.000966172
0.000970464
0.000968009
0.00106051
0.000966344
0.000970811
0.000220573
3.01956e-05
0.000606665
0.000272459
0.000221464
3.02509e-05
0.000602388
0.00155002
0.00101425
0.00118576
0.00153935
0.00101693
0.00119128
0.000971495
0.000968634
0.00103953
0.000967196
0.000971153
0.000968868
0.00103539
0.00106163
8.79392e-05
0.00172299
0.00105089
0.0010608
8.61347e-05
0.00170715
0.00105941
0.000967533
0.000972045
0.000969432
0.00105945
0.000967906
0.000972387
0.000217828
2.98636e-05
0.000601908
0.000272459
0.000219293
2.97699e-05
0.000598613
0.00142554
0.00101752
0.0011879
0.00141738
0.00101904
0.00118214
0.000971457
0.000970266
0.00103007
0.000968874
0.000970499
0.000970492
0.00100831
0.00105675
8.24877e-05
0.00170801
0.00102587
0.00103187
7.29603e-05
0.00167672
0.00105901
0.000969818
0.000974089
0.000971737
0.00105677
0.00097045
0.000974743
0.000216002
2.8691e-05
0.000605693
0.000275823
0.000217165
2.8111e-05
0.00060874
0.00124883
0.0010211
0.00119099
0.00105947
0.0010313
0.00118001
0.000979066
0.000400796
6.37824e-05
0.000971809
0.000974599
0.000982398
0.000995675
0.000990692
0.00101355
0.00100984
0.00108762
0.000980799
0.000988478
0.000548403
0.00100202
7.00467e-05
0.000278275
0.000695262
0.00101042
5.80851e-05
0.00046981
0.000718679
5.01043e-05
5.59605e-05
0.000550361
0.00103307
4.201e-05
0.000540125
0.000267192
0.00103218
5.64712e-05
0.00102047
5.56887e-05
0.000515876
0.000457378
5.91759e-05
0.00113916
4.20458e-05
0.00113363
4.14118e-05
0.000451577
8.01457e-05
7.24929e-05
8.14765e-05
7.20942e-05
0.000229363
0.000288927
3.15721e-05
0.000632559
3.11664e-05
0.000641291
0.000227274
8.05425e-05
7.30375e-05
7.27684e-05
8.11529e-05
0.000505738
0.00103342
5.54641e-05
0.000260326
0.000514932
0.00103337
5.59253e-05
0.000448393
0.00114224
4.13079e-05
6.07498e-05
0.000451185
0.00113999
4.15037e-05
0.000503891
0.000259907
0.00104524
5.70738e-05
0.00103796
5.64733e-05
0.000496987
0.000450216
6.1365e-05
0.00115314
4.22026e-05
0.00114535
4.18136e-05
0.00045121
8.03577e-05
7.16126e-05
7.9506e-05
7.23153e-05
0.000225564
0.00027964
3.19814e-05
0.000613135
3.16824e-05
0.000616885
0.000225512
8.09661e-05
7.37579e-05
7.30623e-05
8.15899e-05
0.000492763
0.00104374
5.56402e-05
0.000257281
0.000497586
0.00104251
5.5689e-05
0.000447439
0.00115222
4.11551e-05
6.04733e-05
0.000449524
0.00114887
4.11144e-05
0.000499859
0.000257993
0.00104836
5.59678e-05
0.00104356
5.56062e-05
0.000497239
0.000446756
6.05209e-05
0.00115465
4.1274e-05
0.00115017
4.10554e-05
0.000447696
7.95298e-05
7.17743e-05
7.92735e-05
7.19803e-05
0.000223077
0.000274676
3.11502e-05
0.000604467
3.09179e-05
0.000606735
0.000223232
7.94737e-05
7.24413e-05
7.19232e-05
8.00752e-05
0.000496948
0.00104599
5.45535e-05
0.000256349
0.000499014
0.00104392
5.45718e-05
0.00044458
0.00115153
4.03067e-05
5.92415e-05
0.000446064
0.00114901
4.02608e-05
0.000489683
0.000255453
0.00104714
5.52318e-05
0.0010447
5.48644e-05
0.000490973
0.00044573
5.94105e-05
0.00115262
4.0695e-05
0.00114927
4.04258e-05
0.000447214
7.77627e-05
7.03184e-05
7.77525e-05
7.02854e-05
0.000220723
0.000272976
3.08535e-05
0.000599029
3.06637e-05
0.000600633
0.000220854
7.80525e-05
7.09833e-05
7.05526e-05
7.85633e-05
0.000495016
0.00104421
5.37755e-05
0.000254767
0.000493865
0.00104048
5.3489e-05
0.000443972
0.0011474
3.96896e-05
5.77164e-05
0.000445652
0.00114317
3.9486e-05
0.000495498
0.000254721
0.00103811
5.33355e-05
0.00103769
5.32176e-05
0.000503999
0.000442685
5.73796e-05
0.00113949
3.94393e-05
0.00113868
3.93233e-05
0.000445057
7.5997e-05
6.89934e-05
7.64078e-05
6.83322e-05
0.000217355
0.000272788
2.97461e-05
0.000598793
2.96544e-05
0.000597901
0.000217676
7.56728e-05
6.80739e-05
6.78504e-05
7.59346e-05
0.000524797
0.00103175
5.16995e-05
0.000257173
0.000515039
0.00102285
5.07073e-05
0.000446297
0.0011316
3.83334e-05
5.33772e-05
0.000444516
0.0011277
3.75917e-05
0.000533997
0.000266779
0.00100295
6.50023e-05
0.00101307
5.30021e-05
0.000723744
0.000460109
5.07548e-05
0.000693365
4.61063e-05
0.00104801
3.82871e-05
0.000542622
7.25172e-05
6.63826e-05
7.38556e-05
6.52256e-05
0.000217145
0.000273639
2.9651e-05
0.000791172
2.76892e-05
0.000636274
0.000222264
7.20381e-05
6.65443e-05
6.44362e-05
7.55483e-05
0.00101625
0.00103876
0.00105232
0.00101068
0.001016
9.91202e-05
0.00138278
0.00115849
0.000991913
0.00100568
0.000769807
0.00100668
0.0010679
8.62589e-05
8.5843e-05
0.000623465
0.000134894
0.000930081
0.000136903
8.59891e-05
8.72011e-05
0.000587104
0.000160218
0.000574664
0.00016774
8.45713e-05
8.48991e-05
0.000653867
0.000149968
0.000606507
0.000150031
8.29468e-05
8.28807e-05
0.000668752
0.000147613
0.000654431
0.000147171
8.10245e-05
8.12314e-05
0.000593852
0.000141544
0.000623941
0.000150431
7.91773e-05
7.76404e-05
0.000532966
0.000139827
0.000548192
0.000131427
0.000985838
8.71882e-05
0.001397
0.000980597
0.000988541
0.00101275
0.00103332
0.00068926
0.00102621
0.00108966
0.00112825
0.00117045
0.00100021
0.00101545
7.98416e-05
9.25417e-05
0.000301965
8.04229e-05
0.000111892
0.00030207
0.00121288
8.39022e-05
0.00115731
0.00119466
0.000468378
0.001259
0.000588272
8.87579e-05
0.00115155
0.00114453
0.0011825
0.000834626
0.000695353
0.00119438
8.73775e-05
8.69084e-05
0.000589629
0.000154491
0.000145375
0.000563646
0.00115703
9.17383e-05
0.00115332
0.00120194
0.000845317
0.00120424
0.000832915
9.29107e-05
0.00116762
0.00115894
0.00120947
0.000746678
0.000796708
0.00122081
8.68174e-05
8.72074e-05
0.000593482
0.000151957
0.000159777
0.000589962
0.0011672
9.19445e-05
0.00116201
0.00121486
0.000733743
0.00122059
0.000729121
9.20689e-05
0.00116892
0.00116364
0.0012173
0.000713525
0.000725709
0.00122432
8.55802e-05
8.49244e-05
0.000674934
0.000152199
0.000150501
0.000666135
0.00116564
9.00717e-05
0.00116192
0.001215
0.000710242
0.00121981
0.000716789
9.02435e-05
0.00116611
0.00116233
0.00121579
0.000713186
0.000716368
0.00122014
8.35582e-05
8.31254e-05
0.000666153
0.000148276
0.000147286
0.000646096
0.0011599
8.72591e-05
0.00115553
0.0012056
0.000711835
0.00121102
0.000759781
8.64759e-05
0.00115106
0.00115098
0.00119983
0.000725366
0.000790775
0.00119794
8.14701e-05
8.15541e-05
0.000592334
0.000152169
0.00015838
0.000594398
0.00114169
7.98069e-05
0.00113671
0.0011742
0.000663772
0.00118351
0.000597471
7.55526e-05
0.00120132
0.00114741
0.00118103
0.000371939
0.000477091
0.00123947
7.8659e-05
7.64544e-05
0.000564626
0.000118477
0.000121784
0.000826854
7.342e-05
8.55712e-05
0.000288345
7.07918e-05
9.71325e-05
0.000295671
0.000972684
0.000973509
0.000972451
0.000973013
0.000995792
0.000972801
0.000971408
0.00102841
0.000973559
0.000976504
0.000974622
0.00097891
0.000973774
0.000975944
8.78572e-05
0.00104567
0.000250603
0.000461798
0.00101113
0.000252874
0.000995065
9.02881e-05
0.000162255
0.000107824
0.00117743
0.000317834
0.000697648
0.000471163
0.000710443
7.27754e-05
0.000716107
0.00102415
0.000252263
0.00108427
0.000245528
9.58759e-05
0.00101039
0.000255113
0.000476691
0.00105541
0.000269888
0.000987166
0.000678694
6.46583e-05
0.000745733
0.00102251
0.000248811
0.00108326
0.000242761
0.000100176
0.000122662
0.000181459
0.000316483
0.000979436
0.000642985
0.000471737
0.000977888
0.000974911
0.000976276
0.000974939
0.000976587
0.000974218
0.000989636
0.000972211
0.000973491
0.000996756
0.000972234
0.000971934
0.00097373
0.000976043
0.000995571
0.000196679
0.000953075
0.000993734
0.00100994
0.000978512
0.000333426
0.000991999
0.000200278
0.00103941
0.000993961
0.00100928
0.000978929
0.000328079
0.000993161
0.000283593
0.000382904
0.00115831
0.00135133
0.00122024
0.000606932
0.000920985
0.000338692
0.000278472
0.00132131
0.00115327
0.00122027
0.000591296
0.000996901
0.000993767
0.00099824
0.000995805
0.00100109
0.000997376
0.00100902
0.00100435
0.00100322
0.00100717
0.00100667
0.00101046
0.00102047
0.00102802
0.000994219
0.00098866
0.000989654
0.000990079
0.000998091
0.000987676
0.000988672
0.00100258
0.000991231
0.000993472
0.00100716
0.00101383
0.000990531
0.000993432
0.000978008
0.000978175
0.000981118
0.000977044
0.000978384
0.000979138
0.000983367
0.000980869
0.000984564
0.000986981
0.00097974
0.00098068
0.000988285
0.000992162
0.00103414
0.00106492
0.00107763
0.00102335
0.00103227
0.00139182
0.00140154
0.00119276
0.00101978
0.00103589
0.0020865
0.00206997
0.00108764
0.00110951
0.000971302
0.000971649
0.000970904
0.000972303
0.000973067
0.000972028
0.000971631
0.000972605
0.000970507
0.000970222
0.000974105
0.000977559
0.000971641
0.000971894
0.000972144
0.000973547
0.00097945
0.000969291
0.000970572
0.000973421
0.000979534
0.000975503
0.00098455
0.000988113
0.000972186
0.000973722
0.000982705
0.000984085
0.00105526
0.00161523
0.0015877
0.00107594
0.00108173
0.00167058
0.00165491
0.0028299
0.00119209
0.00122765
0.00277564
0.00267736
0.0012392
0.0012961
0.000969758
0.000965665
0.000965349
0.000968369
0.000971345
0.000965548
0.00096517
0.000977518
0.000965291
0.000965384
0.000974402
0.000981605
0.000964932
0.000965015
0.000967369
0.00097076
0.000977004
0.00096569
0.000966688
0.000970835
0.000977277
0.000970058
0.000979579
0.00097998
0.000968012
0.000969487
0.000979386
0.000979321
0.00108104
0.00167819
0.00165969
0.00107409
0.00107989
0.00170254
0.00168198
0.00273512
0.00123671
0.00129846
0.00281289
0.0027134
0.00125517
0.00131662
0.000969952
0.000963441
0.000963168
0.000967181
0.00097063
0.00096354
0.000963296
0.000981009
0.000962952
0.000963235
0.000973943
0.000982772
0.000963043
0.000963247
0.000965125
0.000969447
0.000975623
0.000964135
0.000964863
0.000969602
0.000975894
0.000967212
0.00097742
0.000976899
0.000965866
0.000967097
0.000977507
0.000976931
0.0010756
0.00171424
0.0016929
0.00107123
0.00107578
0.00171938
0.00169877
0.00271175
0.00125647
0.00131878
0.00282716
0.00271921
0.00126347
0.00132587
0.000970446
0.000962999
0.000962843
0.000967274
0.000971038
0.000963239
0.000963174
0.000982892
0.000962632
0.000963011
0.000974388
0.000983952
0.000963026
0.000963357
0.000964304
0.00096895
0.000974701
0.000963709
0.000964101
0.00096888
0.000974585
0.00096587
0.000975994
0.000975148
0.000964796
0.000965808
0.000975785
0.000975128
0.00107309
0.00171611
0.00169574
0.0010709
0.00107565
0.00172206
0.00170422
0.00271512
0.0012592
0.0013213
0.00282597
0.00271704
0.00126642
0.00132985
0.000971748
0.000963742
0.000963769
0.00096835
0.000972424
0.000964082
0.000964195
0.000984484
0.000963683
0.000964194
0.000975977
0.000985485
0.000964163
0.000964563
0.000964438
0.000968794
0.000973626
0.000964334
0.000964347
0.000968324
0.000972783
0.000965482
0.000974466
0.000973721
0.000964791
0.000965662
0.000973739
0.000973586
0.00107385
0.00170839
0.00169401
0.00106878
0.00107572
0.00169927
0.00169361
0.00272445
0.00126132
0.00132478
0.00285036
0.00274954
0.00125397
0.00131782
0.000974116
0.0009655
0.000965721
0.00097046
0.000974873
0.000965991
0.000966287
0.000987008
0.000965796
0.000966461
0.000978825
0.000986966
0.000966426
0.000966912
0.000965224
0.000968488
0.000971611
0.000965623
0.000964893
0.000967391
0.000969683
0.000965637
0.000972578
0.000973036
0.000964605
0.000964693
0.000972124
0.000974755
0.00107319
0.0017145
0.00172176
0.00103582
0.00103961
0.00166282
0.00165567
0.00271291
0.00126239
0.00132574
0.00290926
0.00286722
0.00122902
0.00127281
0.000976805
0.000968254
0.000968589
0.000973431
0.000977296
0.000969104
0.000969832
0.000988359
0.000968801
0.000969539
0.000980212
0.00098633
0.000970553
0.000971669
0.000968786
0.000970232
0.000970643
0.000969664
0.000968659
0.000969734
0.000968967
0.00096806
0.000973154
0.000976511
0.00096794
0.000967457
0.000969317
0.00097019
0.000999874
0.00141736
0.00143859
0.000996128
0.00100408
0.00104964
0.00106594
0.0021869
0.00111078
0.00113076
0.00120622
0.00123722
0.00103081
0.00104612
0.00097764
0.000972713
0.00097284
0.000973524
0.000974283
0.000972006
0.000971736
0.000982195
0.000972962
0.000973474
0.000975174
0.000976302
0.00097162
0.000971575
0.000976687
0.000980604
0.000983742
0.000976488
0.000975786
0.000977215
0.000977127
0.000978351
0.000989539
0.000995095
0.000975892
0.000976564
0.000977948
0.000979211
0.000994212
0.000982805
0.000984882
0.00097921
0.000979682
0.000978766
0.000978556
0.00100788
0.000987124
0.00099069
0.000980564
0.000982716
0.000978601
0.000979288
0.00113371
0.00114451
0.00100114
0.00100553
0.00111513
0.00117122
0.00100123
0.00113615
0.00101096
0.00117581
0.00100609
0.00117237
0.00100606
0.00113871
0.00113511
0.00116809
0.00100385
0.00100869
0.00113322
0.00117099
0.00100375
0.00113609
0.00101041
0.00117681
0.00100582
0.00117185
0.00100483
0.00113948
0.00113493
0.00116952
0.00100457
0.00100957
0.00113447
0.00117037
0.00100407
0.00113543
0.00101064
0.00117827
0.00100617
0.00117124
0.00100473
0.00113939
0.00113591
0.00117256
0.00100608
0.00101067
0.00113602
0.00117203
0.00100502
0.00113742
0.00101204
0.00117986
0.00100808
0.00117316
0.00100632
0.00114147
0.00113958
0.0011771
0.00100934
0.00101328
0.00114029
0.00117618
0.00100789
0.0011411
0.00101421
0.00118381
0.00101133
0.00117787
0.00100923
0.00114475
0.00114415
0.00118383
0.00101401
0.00101767
0.00114571
0.00118286
0.00101292
0.00114539
0.00101563
0.00117217
0.00101584
0.00117781
0.00101188
0.00113734
0.00105941
0.000984817
0.00102963
0.000990919
0.000984462
0.00101338
0.000980045
0.000977501
0.00100973
0.000977465
0.000970302
0.000972367
0.000971198
0.000973544
0.00101866
0.000985143
0.000980471
0.000971091
0.00097618
0.000974884
0.000972739
0.000974228
0.00105864
0.000982174
0.000969717
0.00097094
0.000968225
0.000974401
0.00106116
0.000985223
0.000984619
0.000970737
0.000976607
0.000975866
0.000971074
0.000682482
0.000703781
0.00127511
0.00146225
0.000795842
0.000997925
0.00127936
0.00116365
0.00100851
0.0011879
0.0011958
0.00102214
0.00117524
0.00101424
0.000672272
0.00133557
0.00084122
0.00114636
0.000847194
0.00118309
0.000658264
0.00101213
0.00118753
0.00118523
0.00119072
0.00101647
0.00101693
0.00119205
0.000984667
0.00102973
0.000983285
0.000970308
0.000975117
0.00097138
0.000974754
0.0010345
0.000988631
0.000985094
0.000970858
0.00097699
0.000975603
0.000972256
0.000984168
0.00106002
0.000985703
0.000969838
0.000975631
0.000969757
0.000975956
0.00106127
0.000988946
0.000986751
0.000970478
0.000978196
0.000976839
0.000971476
0.000681686
0.000918195
0.00114921
0.00145111
0.000668602
0.000970989
0.00118231
0.00117878
0.00100877
0.00118127
0.00118431
0.00101373
0.00118334
0.00101297
0.000670424
0.0014612
0.00104438
0.00118669
0.000976931
0.00121261
0.000636034
0.00101094
0.00118852
0.00118333
0.00119456
0.00102019
0.00101598
0.00120913
0.000987816
0.00103778
0.000986167
0.000970635
0.000976349
0.000971675
0.000975561
0.00103912
0.000989693
0.000987024
0.000970921
0.000977161
0.00097596
0.00097211
0.000987415
0.00105958
0.00098669
0.00097015
0.00097746
0.000970799
0.000976874
0.00105981
0.000989616
0.000987124
0.000970496
0.000978483
0.000977214
0.000971638
0.000626976
0.00103347
0.0011489
0.00155272
0.000618228
0.00105731
0.00114953
0.00118067
0.00100974
0.00118026
0.00119916
0.00101762
0.00120025
0.00101546
0.000630036
0.00156507
0.00107394
0.00114822
0.00106943
0.00114826
0.000627263
0.00101123
0.00118907
0.0011805
0.00120088
0.00102267
0.00101723
0.00121159
0.000988936
0.00103892
0.000987146
0.000971076
0.000977002
0.000972065
0.000976078
0.00104032
0.000989309
0.00098715
0.000971177
0.000977487
0.000976299
0.00097228
0.00098894
0.00105838
0.000987232
0.000970669
0.000978344
0.000971675
0.000977475
0.00105888
0.00099107
0.000988043
0.000971024
0.00097924
0.000977857
0.000972391
0.000622925
0.00105183
0.00112633
0.00158935
0.000617131
0.00108973
0.00114118
0.00118354
0.00101098
0.00118192
0.00120142
0.00102105
0.0012044
0.00101679
0.000627057
0.00158859
0.00108095
0.0011663
0.00109811
0.00114473
0.00062677
0.00101242
0.00119125
0.00118256
0.0012023
0.00102376
0.00101829
0.00121188
0.000988521
0.00103631
0.000986221
0.000971679
0.000977783
0.000972771
0.000976492
0.00103421
0.000986994
0.000985244
0.000971619
0.000977766
0.000976341
0.000972854
0.000991619
0.0010577
0.000988326
0.000971793
0.000979858
0.000973309
0.000978381
0.00105749
0.000992815
0.000988609
0.000972114
0.000980303
0.000978482
0.00097414
0.000657291
0.000995058
0.00116617
0.00154641
0.000626695
0.00103996
0.00118874
0.00118998
0.00101364
0.00118826
0.0011993
0.0010241
0.00120975
0.00101875
0.000675696
0.00152085
0.000989737
0.00118119
0.00106166
0.00116745
0.000674104
0.00101426
0.00119592
0.00118803
0.00119149
0.00102417
0.0010184
0.00120221
0.000985933
0.0010208
0.000981687
0.000972149
0.000978457
0.000973795
0.000976026
0.00101305
0.000979977
0.000979007
0.000971726
0.000977204
0.000975138
0.000973293
0.000994683
0.0010553
0.000987724
0.000973299
0.000981738
0.000975982
0.000978565
0.0010538
0.00099075
0.000985949
0.000973354
0.000981361
0.000978049
0.000976598
0.000628267
0.000853491
0.00115564
0.00132481
0.000639083
0.000839194
0.00115707
0.00119816
0.00101902
0.0011981
0.00120555
0.0010266
0.00120578
0.00102431
0.000634007
0.00126276
0.000550247
0.00128273
0.000871347
0.00123076
0.000721116
0.00101795
0.00119389
0.00120361
0.00121235
0.00104195
0.00102348
0.00120603
0.00108532
0.00100148
0.00105222
0.00100523
0.000997957
0.00102788
0.000993371
0.000457506
0.00164958
0.000927255
0.00135217
0.00179583
0.00112777
0.00148753
0.00108614
0.000990695
0.0010195
0.00103723
0.00110504
0.00105977
0.000997489
0.000389827
0.00142588
0.00072527
0.00137779
0.00184704
0.00101554
0.0015149
0.00111029
0.00104216
0.00100465
0.00112651
0.00105066
0.00107237
0.00101283
0.000974972
0.000982356
0.000973822
0.000974253
0.000972696
0.000972627
0.000973808
0.000989996
0.000983341
0.000988437
0.000979203
0.000977597
0.000974774
0.000976333
0.000979731
0.000980181
0.00097636
0.000974676
0.000975725
0.000974795
0.0009738
0.000980216
0.000978479
0.000980966
0.000975818
0.000974729
0.00097459
0.000973439
0.00099216
0.000991344
0.000991586
0.000991789
0.00099278
0.00099139
0.00099217
0.000989213
0.000989615
0.000988824
0.000989611
0.000988348
0.000989632
0.000988376
0.000976274
0.000976484
0.000976574
0.000976443
0.000976361
0.000976512
0.000976902
0.000975596
0.000976383
0.000975206
0.000976295
0.000975285
0.00097622
0.000975035
0.000974655
0.000976044
0.00097459
0.00097583
0.0009744
0.000975817
0.000974329
0.000972544
0.000974223
0.000972805
0.000974114
0.000972704
0.000974209
0.000972986
0.000969644
0.000969646
0.000970352
0.000969112
0.000968784
0.000969272
0.000969797
0.000969746
0.000970458
0.000969509
0.000970195
0.000969142
0.000970164
0.000969114
0.000968952
0.000970113
0.000968811
0.000969893
0.000968785
0.000969856
0.00096846
0.000966542
0.000967642
0.000966506
0.000967523
0.000966697
0.000967494
0.000966352
0.000965844
0.000966368
0.000966964
0.000965937
0.000965393
0.000966172
0.000966751
0.000966901
0.000967838
0.000966996
0.000967679
0.000966631
0.000967703
0.000966846
0.00096678
0.0009676
0.000966383
0.000967548
0.000966772
0.000967486
0.000966253
0.000964698
0.000965075
0.000964072
0.00096518
0.000964826
0.000965035
0.000964081
0.000964214
0.000965043
0.000965555
0.000964707
0.00096403
0.000964974
0.000965515
0.000965859
0.000966894
0.000966148
0.000966811
0.000965794
0.000966861
0.000966124
0.000966134
0.000966727
0.000965625
0.000966778
0.000966183
0.00096671
0.000965623
0.000964371
0.00096428
0.000963426
0.000964529
0.000964499
0.000964328
0.000963557
0.000963934
0.000964942
0.000965309
0.00096466
0.000963862
0.000964918
0.000965269
0.000965924
0.000966991
0.000966291
0.000966959
0.000965983
0.000967023
0.000966367
0.000966399
0.000966885
0.000965889
0.000966999
0.000966529
0.000966935
0.000966001
0.000965042
0.000964641
0.000963951
0.000964982
0.000965229
0.000964744
0.000964171
0.000964709
0.000965847
0.000965912
0.000965706
0.000964805
0.000965902
0.000965871
0.000966893
0.000967989
0.000967317
0.000968055
0.000967123
0.000968132
0.000967558
0.000967552
0.000967951
0.000967075
0.000968171
0.000967842
0.000968115
0.000967381
0.000966689
0.000966006
0.000965485
0.000966471
0.000967021
0.000966213
0.000965858
0.000966435
0.000967608
0.000967189
0.000967543
0.000966545
0.000967668
0.000967072
0.000968811
0.000969855
0.000969235
0.000969914
0.000969091
0.000970017
0.000969552
0.000969631
0.000969922
0.000969254
0.000970167
0.00097
0.000970115
0.000969677
0.000969321
0.00096837
0.000968076
0.000968937
0.000969928
0.00096862
0.00096861
0.000970746
0.000971993
0.000970984
0.000972007
0.00097078
0.000972048
0.000970864
0.000972726
0.000973916
0.000973153
0.000973878
0.000972684
0.000974004
0.000973117
0.000973573
0.000974053
0.000973317
0.000974046
0.000973279
0.000974047
0.000973153
0.000973703
0.000973071
0.00097271
0.000973116
0.00097297
0.000972936
0.000972311
0.000978251
0.000979336
0.000979881
0.000978387
0.000977456
0.000978558
0.000977913
0.000982585
0.000980005
0.000981052
0.000979156
0.000978968
0.000979185
0.000978861
)
;

boundaryField
{
    inlet
    {
        type            calculated;
        value           uniform 0.001;
    }
    outlet
    {
        type            calculated;
        value           nonuniform List<scalar> 
320
(
0.00182427
0.00182091
0.00181447
0.00180116
0.00178293
0.00174869
0.00171235
0.00166827
0.0016851
0.00177142
0.0019309
0.00200996
0.00196627
0.00193109
0.0019026
0.0018805
0.00186389
0.001852
0.00184474
0.00184119
0.00289124
0.00288504
0.00287317
0.00284862
0.00281496
0.00274968
0.00267492
0.00256162
0.00257066
0.0027205
0.00291708
0.00277386
0.0027249
0.00274806
0.00278498
0.00282026
0.00284317
0.00285744
0.0028648
0.00286784
0.00158872
0.00159238
0.00159897
0.00161365
0.0016316
0.00166709
0.00169832
0.00173432
0.00174146
0.00174316
0.00159796
0.00150905
0.00148005
0.00149295
0.00150998
0.00152782
0.00154054
0.0015491
0.00155405
0.00155633
0.00124838
0.00124988
0.00125274
0.00125926
0.00126819
0.00128816
0.00131137
0.00134962
0.00135436
0.00134218
0.00126815
0.00120562
0.00118534
0.00119487
0.00120485
0.00121586
0.0012234
0.00122851
0.00123146
0.00123286
0.00110029
0.00110115
0.00110289
0.00110664
0.00111219
0.00112449
0.00114095
0.00117925
0.00121051
0.00125651
0.00136345
0.00115208
0.00106823
0.00106661
0.00107419
0.0010807
0.00108558
0.00108868
0.00109047
0.00109128
0.0010351
0.00103565
0.00103678
0.00103921
0.00104302
0.0010516
0.00106415
0.0011038
0.00113684
0.00122108
0.00152855
0.00130328
0.00105301
0.00101392
0.00101742
0.00102195
0.00102555
0.00102771
0.00102895
0.00102948
0.00100095
0.00100127
0.00100197
0.0010034
0.00100602
0.00101148
0.00102245
0.00105202
0.00111244
0.00125352
0.00145742
0.00139038
0.00111039
0.00100079
0.000990043
0.000992546
0.000994891
0.000996284
0.000997076
0.000997421
0.000984619
0.000984902
0.000985521
0.00098679
0.00098917
0.000993641
0.00100476
0.00102578
0.00112053
0.00131582
0.00148251
0.0014235
0.00114529
0.0009993
0.000976406
0.000977409
0.000979517
0.000980794
0.000981499
0.000981812
0.00097724
0.000977393
0.000977757
0.000978489
0.00098038
0.000984095
0.000994625
0.00101357
0.00111245
0.00138293
0.0015273
0.00145924
0.0011795
0.00101226
0.000976986
0.000974265
0.00097444
0.000974987
0.000975346
0.000975507
0.000979634
0.000979821
0.000980258
0.000981298
0.000983406
0.000987538
0.000996314
0.00101598
0.00106579
0.00136978
0.00153183
0.00145652
0.00114491
0.000995006
0.00097498
0.000975566
0.000976693
0.000977274
0.00097764
0.000977838
0.000987644
0.000987743
0.000988103
0.000988839
0.000989914
0.00099241
0.000995601
0.00101271
0.00103285
0.00130088
0.00168412
0.00143395
0.00109221
0.000995485
0.00098481
0.000984924
0.000985896
0.000986242
0.0009864
0.000986509
0.0010087
0.00100887
0.00100924
0.00100986
0.00101069
0.00101271
0.00101533
0.00102538
0.00106164
0.00126514
0.00162222
0.00122674
0.00104329
0.00100776
0.0010049
0.00100537
0.00100616
0.00100691
0.00100723
0.00100733
0.00104828
0.00104841
0.00104862
0.00104902
0.00104982
0.00105109
0.00105351
0.00105751
0.00108565
0.00116119
0.00127947
0.00114739
0.00105982
0.00104769
0.0010453
0.00104572
0.00104624
0.00104666
0.00104697
0.00104704
0.00112365
0.00112377
0.0011241
0.00112469
0.00112574
0.00112739
0.00112926
0.00113159
0.00113887
0.00116947
0.00120115
0.00117705
0.0011327
0.00112415
0.00112158
0.00112142
0.00112158
0.00112182
0.00112201
0.00112217
0.00136767
0.00136737
0.00136661
0.00136494
0.00136185
0.00135577
0.00134687
0.00133285
0.00132869
0.00134484
0.00139873
0.00139662
0.00137387
0.00136669
0.0013651
0.00136493
0.00136524
0.00136548
0.00136568
0.00136575
0.00112362
0.0011235
0.00112321
0.00112259
0.00112149
0.00111935
0.00111648
0.00111214
0.00111092
0.00111458
0.00113351
0.00114834
0.00113977
0.00113289
0.00112849
0.00112593
0.00112443
0.00112367
0.00112326
0.00112311
)
;
    }
    top
    {
        type            calculated;
        value           nonuniform List<scalar> 
640
(
0.00105582
0.00101126
0.00100397
0.00099996
0.000998144
0.00099728
0.000996866
0.000996708
0.000996734
0.000996935
0.000997359
0.000998133
0.000999603
0.00100269
0.00100626
0.00104458
0.0010785
0.00101421
0.00100511
0.000997421
0.000994356
0.000992971
0.000992324
0.000992077
0.000992096
0.000992359
0.000992929
0.000993998
0.00099587
0.00100195
0.00100395
0.00105405
0.00108759
0.00102079
0.00100733
0.000994924
0.00099052
0.000988563
0.000987675
0.000987349
0.000987379
0.000987723
0.000988456
0.000989902
0.000992033
0.00100144
0.00100405
0.00105523
0.00109118
0.0010295
0.00100975
0.000992685
0.00098694
0.000984322
0.00098316
0.000982748
0.000982797
0.000983243
0.000984155
0.00098607
0.000988398
0.00100059
0.00100535
0.001054
0.00109347
0.00104012
0.00101251
0.000990929
0.000983816
0.000980439
0.000978973
0.00097846
0.000978526
0.000979089
0.000980177
0.000982628
0.000985185
0.000999677
0.00100748
0.00105241
0.00109598
0.00105299
0.00101592
0.000989831
0.00098125
0.00097701
0.000975211
0.000974577
0.00097465
0.000975338
0.000976597
0.00097963
0.000982502
0.000998972
0.00101039
0.00105099
0.00109925
0.00106813
0.00102011
0.000989456
0.000979275
0.000974074
0.000971912
0.000971131
0.000971196
0.000972014
0.000973435
0.000977075
0.000980353
0.000998566
0.00101396
0.00104983
0.00110348
0.00108543
0.00102505
0.000989783
0.000977866
0.000971625
0.000969075
0.000968117
0.000968157
0.000969109
0.000970681
0.000974929
0.000978692
0.000998471
0.00101809
0.00104895
0.00110881
0.00110485
0.00103074
0.000990766
0.000976976
0.000969635
0.000966673
0.00096551
0.000965505
0.000966591
0.000968305
0.00097315
0.000977466
0.000998691
0.00102272
0.00104835
0.00111527
0.00112633
0.00103715
0.000992357
0.000976558
0.000968066
0.000964668
0.000963274
0.000963207
0.000964425
0.000966273
0.000971699
0.000976627
0.000999221
0.00102782
0.00104802
0.00112287
0.00114987
0.00104428
0.000994513
0.000976569
0.000966883
0.000963023
0.000961372
0.000961227
0.000962572
0.000964551
0.000970541
0.000976135
0.00100005
0.00103337
0.00104793
0.00113162
0.00117545
0.0010521
0.000997192
0.000976971
0.000966052
0.000961702
0.00095977
0.000959532
0.000961001
0.00096311
0.000969646
0.000975952
0.00100118
0.00103934
0.00104808
0.00114149
0.00120306
0.00106059
0.00100036
0.000977729
0.000965544
0.000960673
0.000958438
0.000958095
0.000959681
0.000961921
0.000968989
0.000976049
0.00100257
0.00104573
0.00104845
0.00115246
0.0012327
0.00106974
0.00100399
0.000978817
0.000965331
0.000959909
0.000957352
0.00095689
0.000958587
0.000960962
0.000968548
0.000976401
0.00100423
0.00105253
0.00104903
0.00116452
0.00126438
0.00107952
0.00100806
0.000980209
0.000965391
0.000959385
0.000956488
0.000955897
0.000957698
0.000960213
0.000968304
0.000976988
0.00100613
0.00105971
0.00104981
0.00117766
0.00129812
0.00108994
0.00101254
0.000981887
0.000965705
0.000959082
0.000955829
0.000955099
0.000956995
0.000959657
0.000968245
0.000977794
0.00100828
0.00106729
0.00105078
0.00119186
0.00133397
0.00110099
0.00101742
0.000983834
0.000966258
0.000958983
0.000955359
0.000954481
0.000956465
0.00095928
0.000968358
0.000978806
0.00101066
0.00107525
0.00105194
0.00120714
0.00137189
0.0011127
0.0010227
0.000986039
0.000967035
0.000959074
0.000955066
0.000954031
0.000956096
0.000959072
0.000968633
0.000980013
0.00101326
0.00108359
0.00105328
0.00122352
0.00141188
0.00112508
0.00102837
0.000988497
0.000968032
0.000959344
0.000954938
0.000953739
0.000955876
0.000959023
0.000969062
0.000981407
0.00101609
0.00109231
0.0010548
0.001241
0.00145398
0.00113813
0.00103444
0.0009912
0.000969238
0.000959785
0.00095497
0.000953597
0.000955798
0.000959125
0.000969639
0.000982981
0.00101913
0.00110141
0.00105649
0.00125957
0.00149827
0.00115187
0.00104088
0.00099414
0.000970645
0.000960388
0.000955151
0.000953598
0.000955855
0.000959371
0.000970359
0.000984728
0.00102238
0.00111088
0.00105835
0.00127925
0.0015448
0.0011663
0.0010477
0.000997311
0.000972244
0.000961146
0.000955477
0.000953735
0.000956041
0.000959754
0.000971215
0.000986644
0.00102584
0.00112073
0.00106038
0.00130003
0.00159365
0.00118142
0.00105489
0.00100071
0.00097403
0.000962054
0.000955942
0.000954004
0.000956351
0.000960271
0.000972204
0.000988725
0.0010295
0.00113097
0.00106257
0.00132194
0.0016449
0.00119725
0.00106244
0.00100433
0.000975997
0.000963107
0.00095654
0.000954398
0.00095678
0.000960917
0.000973323
0.000990966
0.00103337
0.00114158
0.00106491
0.00134497
0.00169862
0.00121378
0.00107036
0.00100817
0.00097814
0.0009643
0.000957267
0.000954915
0.000957326
0.000961688
0.000974569
0.000993364
0.00103744
0.00115258
0.00106742
0.00136915
0.0017549
0.00123104
0.00107864
0.00101223
0.000980455
0.000965631
0.000958119
0.00095555
0.000957984
0.000962581
0.00097594
0.000995917
0.00104171
0.00116397
0.00107008
0.0013945
0.00181383
0.00124903
0.00108728
0.0010165
0.000982939
0.000967095
0.000959093
0.0009563
0.000958751
0.000963591
0.000977433
0.000998623
0.00104617
0.00117574
0.0010729
0.00142103
0.00187551
0.00126776
0.00109628
0.00102099
0.000985587
0.000968691
0.000960186
0.000957162
0.000959626
0.000964718
0.000979046
0.00100148
0.00105084
0.0011879
0.00107587
0.00144876
0.00194002
0.00128725
0.00110564
0.00102569
0.000988399
0.000970415
0.000961396
0.000958134
0.000960606
0.000965957
0.000980777
0.00100449
0.0010557
0.00120046
0.00107899
0.00147772
0.00200747
0.00130751
0.00111537
0.0010306
0.00099137
0.000972266
0.000962719
0.000959213
0.000961688
0.000967307
0.000982626
0.00100764
0.00106075
0.00121342
0.00108226
0.00150794
0.00207796
0.00132856
0.00112545
0.00103572
0.0009945
0.000974242
0.000964155
0.000960397
0.000962872
0.000968765
0.000984591
0.00101094
0.00106601
0.00122678
0.00108569
0.00153943
0.0021516
0.00135041
0.00113591
0.00104105
0.000997785
0.000976341
0.0009657
0.000961684
0.000964155
0.00097033
0.00098667
0.00101439
0.00107145
0.00124055
0.00108925
0.00157224
0.0022285
0.00137307
0.00114672
0.00104659
0.00100123
0.000978561
0.000967353
0.000963072
0.000965536
0.000972001
0.000988862
0.00101798
0.0010771
0.00125472
0.00109297
0.00160637
0.00230878
0.00139657
0.00115791
0.00105234
0.00100482
0.000980902
0.000969112
0.00096456
0.000967013
0.000973775
0.000991166
0.00102171
0.00108294
0.00126931
0.00109683
0.00164188
0.00239256
0.00142091
0.00116947
0.0010583
0.00100856
0.000983361
0.000970977
0.000966146
0.000968586
0.000975652
0.000993582
0.00102559
0.00108898
0.00128433
0.00110084
0.00167879
0.00247995
0.00144613
0.00118141
0.00106447
0.00101246
0.000985938
0.000972945
0.000967829
0.000970253
0.000977629
0.000996109
0.00102961
0.00109521
0.00129976
0.00110499
0.00171713
0.0025711
0.00147224
0.00119372
0.00107084
0.0010165
0.000988631
0.000975015
0.000969607
0.000972013
0.000979706
0.000998744
0.00103377
0.00110164
0.00131562
0.00110929
0.00175694
0.00266612
0.00149927
0.00120641
0.00107743
0.00102069
0.00099144
0.000977186
0.000971479
0.000973864
0.000981881
0.00100149
0.00103806
0.00110826
0.00133192
0.00111373
0.00179825
0.00276512
0.00152725
0.00121948
0.00108423
0.00102503
0.000994366
0.000979455
0.000973446
0.000975806
0.000984152
0.00100434
0.0010425
0.00111509
0.00134865
0.00111832
0.00184119
0.00286784
0.00155633
0.00123286
0.00109128
0.00102948
0.000997421
0.000981812
0.000975507
0.000977838
0.000986509
0.00100733
0.00104704
0.00112217
0.00136575
0.00112311
)
;
    }
    bottom
    {
        type            calculated;
        value           nonuniform List<scalar> 
640
(
0.00105579
0.00101125
0.00100397
0.000999956
0.000998142
0.000997278
0.000996865
0.000996708
0.000996734
0.000996935
0.000997361
0.000998135
0.000999606
0.0010027
0.00100627
0.0010446
0.00107843
0.00101418
0.0010051
0.000997409
0.000994348
0.000992966
0.000992321
0.000992075
0.000992097
0.000992362
0.000992934
0.000994006
0.000995882
0.00100196
0.00100398
0.00105409
0.00108747
0.00102072
0.0010073
0.0009949
0.000990504
0.000988553
0.000987669
0.000987347
0.000987381
0.00098773
0.000988468
0.000989919
0.000992056
0.00100147
0.00100409
0.00105528
0.00109103
0.00102939
0.00100969
0.00099265
0.000986918
0.000984307
0.000983152
0.000982747
0.000982802
0.000983256
0.000984174
0.000986097
0.000988432
0.00100063
0.00100539
0.00105405
0.00109327
0.00103996
0.00101243
0.000990886
0.000983789
0.000980423
0.000978965
0.000978462
0.000978536
0.000979108
0.000980205
0.000982664
0.000985229
0.000999725
0.00100752
0.00105247
0.00109573
0.00105276
0.00101583
0.000989785
0.000981225
0.000976996
0.000975206
0.000974583
0.000974666
0.000975364
0.000976633
0.000979675
0.000982553
0.000999025
0.00101043
0.00105105
0.00109894
0.00106781
0.00102001
0.000989414
0.000979258
0.000974068
0.000971915
0.000971143
0.000971219
0.000972049
0.000973479
0.000977128
0.000980408
0.00099862
0.00101399
0.0010499
0.00110312
0.001085
0.00102495
0.000989757
0.000977864
0.000971633
0.000969089
0.00096814
0.000968188
0.000969151
0.000970731
0.000974987
0.000978748
0.000998522
0.0010181
0.00104902
0.00110836
0.00110426
0.00103065
0.00099077
0.000976999
0.000969664
0.000966703
0.000965545
0.000965547
0.000966641
0.000968358
0.00097321
0.000977517
0.000998732
0.0010227
0.00104841
0.00111473
0.00112555
0.00103711
0.000992408
0.000976617
0.000968125
0.000964718
0.000963325
0.000963259
0.000964482
0.000966328
0.000971758
0.00097667
0.00099925
0.00102777
0.00104807
0.00112222
0.00114887
0.00104431
0.000994629
0.000976676
0.000966979
0.000963097
0.00096144
0.000961289
0.000962637
0.000964606
0.000970598
0.000976165
0.00100007
0.00103328
0.00104797
0.00113084
0.00117419
0.00105224
0.000997395
0.000977135
0.000966193
0.000961804
0.000959859
0.000959605
0.000961073
0.000963162
0.000969701
0.00097597
0.00100117
0.00103923
0.00104811
0.00114056
0.00120151
0.00106089
0.00100067
0.000977963
0.000965736
0.000960804
0.00095855
0.000958179
0.000959762
0.000961972
0.000969044
0.000976055
0.00100255
0.00104559
0.00104847
0.00115137
0.00123084
0.00107025
0.00100443
0.000979129
0.00096558
0.000960071
0.000957488
0.000956986
0.000958679
0.000961012
0.000968604
0.000976399
0.0010042
0.00105236
0.00104904
0.00116326
0.00126219
0.00108032
0.00100865
0.000980612
0.000965704
0.000959581
0.000956652
0.000956006
0.000957802
0.000960263
0.000968366
0.000976981
0.0010061
0.00105953
0.00104981
0.00117622
0.00129561
0.00109109
0.00101332
0.000982395
0.000966089
0.000959314
0.000956024
0.000955223
0.000957116
0.00095971
0.000968316
0.000977787
0.00100825
0.0010671
0.00105078
0.00119024
0.00133112
0.00110258
0.00101842
0.000984464
0.000966722
0.000959256
0.000955588
0.000954621
0.000956605
0.000959339
0.000968441
0.000978802
0.00101063
0.00107506
0.00105194
0.00120533
0.00136877
0.00111477
0.00102393
0.000986807
0.000967589
0.000959392
0.000955334
0.00095419
0.000956258
0.000959139
0.000968731
0.000980017
0.00101325
0.00108341
0.00105328
0.00122147
0.0014086
0.00112769
0.00102987
0.000989417
0.000968681
0.000959714
0.000955251
0.00095392
0.000956064
0.000959101
0.00096918
0.000981423
0.00101609
0.00109216
0.0010548
0.00123867
0.00145068
0.00114134
0.0010362
0.000992286
0.000969988
0.000960211
0.000955331
0.000953802
0.000956016
0.000959216
0.00096978
0.000983013
0.00101915
0.00110129
0.0010565
0.00125693
0.00149506
0.00115572
0.00104295
0.000995408
0.000971504
0.000960878
0.000955567
0.00095383
0.000956107
0.000959478
0.000970525
0.00098478
0.00102243
0.0011108
0.00105837
0.00127626
0.00154181
0.00117085
0.00105009
0.00099878
0.000973223
0.000961707
0.000955951
0.000953999
0.000956331
0.000959881
0.000971411
0.000986719
0.00102592
0.0011207
0.0010604
0.00129667
0.001591
0.00118674
0.00105764
0.0010024
0.000975139
0.000962693
0.00095648
0.000954302
0.000956683
0.000960421
0.000972434
0.000988827
0.00102961
0.001131
0.0010626
0.00131817
0.00164271
0.0012034
0.00106558
0.00100626
0.000977247
0.000963833
0.000957149
0.000954735
0.000957159
0.000961092
0.00097359
0.000991099
0.00103352
0.00114168
0.00106497
0.00134076
0.00169701
0.00122084
0.00107392
0.00101036
0.000979544
0.000965123
0.000957954
0.000955295
0.000957756
0.000961891
0.000974877
0.000993533
0.00103763
0.00115275
0.00106749
0.00136447
0.00175399
0.00123909
0.00108266
0.0010147
0.000982026
0.000966559
0.00095889
0.000955978
0.000958469
0.000962816
0.000976292
0.000996126
0.00104195
0.00116421
0.00107017
0.0013893
0.00181374
0.00125814
0.0010918
0.00101927
0.00098469
0.000968138
0.000959956
0.000956782
0.000959297
0.000963862
0.000977833
0.000998876
0.00104647
0.00117607
0.00107301
0.00141527
0.00187635
0.00127803
0.00110134
0.00102409
0.000987535
0.000969859
0.000961148
0.000957703
0.000960237
0.000965027
0.000979498
0.00100178
0.00105119
0.00118833
0.00107601
0.0014424
0.00194193
0.00129876
0.00111129
0.00102914
0.000990556
0.000971718
0.000962465
0.000958739
0.000961287
0.000966309
0.000981285
0.00100484
0.00105612
0.00120098
0.00107915
0.00147072
0.00201058
0.00132036
0.00112164
0.00103442
0.000993753
0.000973715
0.000963903
0.000959888
0.000962444
0.000967706
0.000983192
0.00100805
0.00106125
0.00121404
0.00108245
0.00150023
0.00208239
0.00134284
0.0011324
0.00103994
0.000997124
0.000975847
0.00096546
0.000961147
0.000963707
0.000969215
0.000985219
0.00101141
0.00106658
0.00122751
0.0010859
0.00153096
0.0021575
0.00136623
0.00114357
0.0010457
0.00100067
0.000978113
0.000967136
0.000962516
0.000965075
0.000970836
0.000987365
0.00101492
0.0010721
0.00124139
0.0010895
0.00156295
0.00223601
0.00139055
0.00115516
0.00105169
0.00100438
0.000980512
0.000968928
0.000963993
0.000966546
0.000972567
0.000989627
0.00101858
0.00107783
0.00125568
0.00109325
0.0015962
0.00231804
0.00141581
0.00116718
0.00105792
0.00100827
0.000983043
0.000970835
0.000965576
0.000968119
0.000974406
0.000992006
0.00102239
0.00108376
0.0012704
0.00109714
0.00163075
0.00240372
0.00144205
0.00117962
0.00106438
0.00101232
0.000985705
0.000972856
0.000967263
0.000969793
0.000976352
0.000994501
0.00102634
0.00108989
0.00128554
0.00110118
0.00166663
0.00249319
0.00146928
0.00119248
0.00107108
0.00101654
0.000988496
0.000974989
0.000969055
0.000971566
0.000978403
0.00099711
0.00103044
0.00109623
0.0013011
0.00110537
0.00170386
0.00258658
0.00149753
0.00120579
0.00107802
0.00102093
0.000991416
0.000977234
0.000970948
0.000973437
0.00098056
0.000999833
0.00103469
0.00110276
0.0013171
0.0011097
0.00174248
0.00268403
0.00152684
0.00121953
0.0010852
0.00102549
0.000994464
0.000979588
0.000972944
0.000975407
0.00098282
0.00100267
0.00103909
0.0011095
0.00133354
0.00111418
0.00178256
0.00278565
0.00155723
0.00123373
0.00109262
0.00103022
0.000997642
0.000982052
0.00097504
0.000977472
0.000985182
0.00100562
0.00104362
0.00111644
0.00135042
0.0011188
0.00182427
0.00289124
0.00158872
0.00124838
0.00110029
0.0010351
0.00100095
0.000984619
0.00097724
0.000979634
0.000987644
0.0010087
0.00104828
0.00112365
0.00136767
0.00112362
)
;
    }
    front
    {
        type            calculated;
        value           nonuniform List<scalar> 
800
(
0.00105579
0.00105579
0.00105579
0.00105579
0.00105579
0.00105579
0.00105579
0.0010558
0.0010558
0.00105581
0.00105581
0.00105582
0.00105582
0.00105582
0.00105582
0.00105582
0.00105582
0.00105582
0.00105582
0.00105582
0.00107843
0.00107843
0.00107843
0.00107842
0.00107842
0.00107842
0.00107843
0.00107843
0.00107845
0.00107846
0.00107848
0.00107849
0.0010785
0.00107851
0.00107851
0.0010785
0.0010785
0.0010785
0.0010785
0.0010785
0.00108747
0.00108747
0.00108746
0.00108746
0.00108745
0.00108745
0.00108746
0.00108747
0.00108749
0.00108752
0.00108755
0.00108758
0.00108759
0.0010876
0.0010876
0.0010876
0.0010876
0.00108759
0.00108759
0.00108759
0.00109103
0.00109102
0.00109102
0.00109101
0.001091
0.001091
0.00109101
0.00109102
0.00109105
0.00109109
0.00109113
0.00109117
0.00109119
0.0010912
0.00109121
0.0010912
0.0010912
0.00109119
0.00109119
0.00109118
0.00109327
0.00109326
0.00109326
0.00109325
0.00109324
0.00109323
0.00109323
0.00109325
0.00109329
0.00109333
0.00109339
0.00109344
0.00109347
0.00109349
0.00109349
0.00109349
0.00109349
0.00109348
0.00109348
0.00109347
0.00109573
0.00109573
0.00109571
0.0010957
0.00109569
0.00109568
0.00109568
0.0010957
0.00109573
0.00109579
0.00109586
0.00109592
0.00109597
0.001096
0.00109601
0.00109601
0.001096
0.00109599
0.00109599
0.00109598
0.00109894
0.00109893
0.00109892
0.0010989
0.00109888
0.00109887
0.00109886
0.00109888
0.00109892
0.00109898
0.00109906
0.00109914
0.00109921
0.00109925
0.00109927
0.00109927
0.00109927
0.00109926
0.00109925
0.00109925
0.00110312
0.00110311
0.00110309
0.00110306
0.00110304
0.00110302
0.00110301
0.00110303
0.00110308
0.00110314
0.00110321
0.00110331
0.00110341
0.00110348
0.00110351
0.00110351
0.00110351
0.0011035
0.00110349
0.00110348
0.00110836
0.00110835
0.00110832
0.00110829
0.00110826
0.00110824
0.00110824
0.00110828
0.00110835
0.00110838
0.00110841
0.00110855
0.0011087
0.00110879
0.00110884
0.00110885
0.00110884
0.00110883
0.00110881
0.00110881
0.00111473
0.00111471
0.00111468
0.00111464
0.0011146
0.00111458
0.0011146
0.00111468
0.00111485
0.00111487
0.00111476
0.00111495
0.00111515
0.00111527
0.00111532
0.00111533
0.00111531
0.00111529
0.00111528
0.00111527
0.00112222
0.0011222
0.00112216
0.0011221
0.00112205
0.00112203
0.00112207
0.00112224
0.00112257
0.00112278
0.0011226
0.00112271
0.00112287
0.00112297
0.001123
0.00112298
0.00112295
0.00112291
0.00112289
0.00112287
0.00113084
0.00113081
0.00113075
0.00113067
0.0011306
0.00113056
0.00113061
0.00113084
0.00113131
0.00113184
0.00113185
0.00113196
0.001132
0.00113194
0.00113189
0.00113182
0.00113174
0.00113168
0.00113164
0.00113162
0.00114056
0.00114051
0.00114044
0.00114033
0.00114021
0.00114012
0.00114012
0.00114036
0.00114084
0.00114169
0.00114229
0.00114265
0.00114254
0.00114226
0.00114201
0.00114182
0.00114169
0.00114158
0.00114152
0.00114149
0.00115137
0.00115131
0.00115121
0.00115105
0.00115086
0.00115068
0.00115058
0.00115078
0.0011512
0.00115231
0.00115413
0.0011548
0.00115447
0.00115389
0.00115338
0.001153
0.00115276
0.0011526
0.0011525
0.00115246
0.00116326
0.00116318
0.00116304
0.00116282
0.00116254
0.00116224
0.00116197
0.00116205
0.00116244
0.0011638
0.00116744
0.00116832
0.00116778
0.00116683
0.00116601
0.00116538
0.00116496
0.00116473
0.00116458
0.00116452
0.00117622
0.00117612
0.00117593
0.00117564
0.00117523
0.00117476
0.00117428
0.00117413
0.00117452
0.00117617
0.00118213
0.00118318
0.00118245
0.00118105
0.00117987
0.00117896
0.00117832
0.00117794
0.00117774
0.00117766
0.00119024
0.00119012
0.00118987
0.00118948
0.00118893
0.00118823
0.00118748
0.00118699
0.00118741
0.00118941
0.00119813
0.00119939
0.00119847
0.00119654
0.00119495
0.00119371
0.00119283
0.00119228
0.00119198
0.00119186
0.00120533
0.00120517
0.00120486
0.00120435
0.00120361
0.00120263
0.00120157
0.0012006
0.00120108
0.00120353
0.00121538
0.00121698
0.00121583
0.00121327
0.00121124
0.00120962
0.00120848
0.00120773
0.00120732
0.00120714
0.00122147
0.00122127
0.00122088
0.00122023
0.00121928
0.00121796
0.00121652
0.00121496
0.00121551
0.00121854
0.00123387
0.00123596
0.0012345
0.00123125
0.00122874
0.00122671
0.00122527
0.00122431
0.00122376
0.00122352
0.00123867
0.00123843
0.00123795
0.00123714
0.00123594
0.00123419
0.00123231
0.00123003
0.00123067
0.00123444
0.00125359
0.00125637
0.0012545
0.00125048
0.00124745
0.00124495
0.00124319
0.001242
0.00124131
0.001241
0.00125693
0.00125665
0.00125606
0.00125505
0.00125358
0.00125132
0.00124894
0.00124581
0.00124655
0.00125127
0.00127451
0.00127823
0.00127581
0.00127097
0.00126737
0.00126436
0.00126226
0.0012608
0.00125996
0.00125957
0.00127626
0.00127592
0.00127521
0.00127399
0.00127219
0.00126935
0.00126638
0.00126227
0.00126313
0.00126901
0.00129664
0.00130156
0.00129843
0.00129274
0.0012885
0.00128494
0.00128247
0.00128073
0.00127972
0.00127925
0.00129667
0.00129627
0.00129543
0.00129394
0.00129179
0.00128827
0.00128462
0.00127942
0.00128042
0.00128771
0.00132
0.00132639
0.0013224
0.00131579
0.00131086
0.00130671
0.00130383
0.00130178
0.00130059
0.00130003
0.00131817
0.00131769
0.0013167
0.00131492
0.00131237
0.00130808
0.00130366
0.00129723
0.0012984
0.00130736
0.00134459
0.00135274
0.00134771
0.00134015
0.00133446
0.00132967
0.00132635
0.00132398
0.00132259
0.00132194
0.00134076
0.0013402
0.00133905
0.00133694
0.00133393
0.00132878
0.00132348
0.00131569
0.00131707
0.00132799
0.00137044
0.00138065
0.0013744
0.00136583
0.00135931
0.00135384
0.00135006
0.00134733
0.00134573
0.00134497
0.00136447
0.00136381
0.00136248
0.00136
0.00135649
0.00135037
0.00134408
0.00133481
0.00133643
0.00134962
0.00139756
0.00141013
0.0014025
0.00139286
0.00138544
0.00137925
0.00137496
0.00137185
0.00137003
0.00136915
0.0013893
0.00138854
0.00138701
0.00138411
0.00138005
0.00137285
0.00136546
0.00135456
0.00135649
0.00137227
0.00142599
0.00144122
0.00143202
0.00142127
0.00141286
0.00140592
0.00140107
0.00139756
0.0013955
0.0013945
0.00141527
0.0014144
0.00141264
0.00140929
0.00140462
0.00139622
0.00138759
0.00137495
0.00137724
0.00139595
0.00145575
0.00147395
0.00146302
0.00145108
0.00144161
0.00143387
0.00142843
0.00142447
0.00142216
0.00142103
0.0014424
0.00144141
0.00143941
0.00143555
0.0014302
0.0014205
0.00141049
0.00139597
0.0013987
0.0014207
0.00148688
0.00150836
0.00149552
0.00148232
0.00147171
0.00146312
0.00145704
0.00145263
0.00145003
0.00144876
0.00147072
0.00146958
0.00146732
0.00146291
0.00145682
0.00144567
0.00143415
0.00141761
0.00142087
0.00144654
0.0015194
0.00154447
0.00152956
0.00151503
0.00150319
0.0014937
0.00148694
0.00148204
0.00147914
0.00147772
0.00150023
0.00149894
0.0014964
0.00149138
0.00148447
0.00147175
0.00145856
0.00143987
0.00144376
0.00147349
0.00155335
0.00158234
0.0015652
0.00154922
0.00153609
0.00152565
0.00151816
0.00151273
0.00150952
0.00150794
0.00153096
0.00152951
0.00152666
0.00152098
0.00151318
0.00149874
0.00148372
0.00146275
0.00146739
0.00150158
0.00158878
0.001622
0.00160248
0.00158495
0.00157044
0.001559
0.00155072
0.00154474
0.00154118
0.00153943
0.00156295
0.00156132
0.00155812
0.00155173
0.00154295
0.00152665
0.00150964
0.00148624
0.00149177
0.00153084
0.00162571
0.0016635
0.00164144
0.00162225
0.00160628
0.00159377
0.00158466
0.00157808
0.00157416
0.00157224
0.0015962
0.00159438
0.00159081
0.00158364
0.00157381
0.00155549
0.0015363
0.00151034
0.0015169
0.0015613
0.0016642
0.00170687
0.00168213
0.00166116
0.00164365
0.00163001
0.00162001
0.00161281
0.00160849
0.00160637
0.00163075
0.00162872
0.00162476
0.00161674
0.00160577
0.00158525
0.00156372
0.00153507
0.00154282
0.00159299
0.00170428
0.00175218
0.00172462
0.00170172
0.0016826
0.00166776
0.00165681
0.00164894
0.00164421
0.00164188
0.00166663
0.00166437
0.00165998
0.00165105
0.00163884
0.00161596
0.00159188
0.0015604
0.00156953
0.00162595
0.00174601
0.00179947
0.00176896
0.00174397
0.00172315
0.00170704
0.00169509
0.0016865
0.00168133
0.00167879
0.00170386
0.00170135
0.00169651
0.0016866
0.00167305
0.00164763
0.0016208
0.00158635
0.00159706
0.0016602
0.00178943
0.0018488
0.00181521
0.00178797
0.00176537
0.0017479
0.00173488
0.00172555
0.0017199
0.00171713
0.00174248
0.00173971
0.00173438
0.00172341
0.00170842
0.00168025
0.00165047
0.00161294
0.00162543
0.0016958
0.00183462
0.00190024
0.00186343
0.00183376
0.0018093
0.00179039
0.00177624
0.00176611
0.00175995
0.00175694
0.00178256
0.0017795
0.00177363
0.00176153
0.00174499
0.00171389
0.00168095
0.0016402
0.00165473
0.00173281
0.00188168
0.00195387
0.0019137
0.00188141
0.00185499
0.00183454
0.0018192
0.00180822
0.00180153
0.00179825
0.00182427
0.00182091
0.00181447
0.00180116
0.00178293
0.00174869
0.00171235
0.00166827
0.0016851
0.00177142
0.0019309
0.00200996
0.00196627
0.00193109
0.0019026
0.0018805
0.00186389
0.001852
0.00184474
0.00184119
)
;
    }
    back
    {
        type            calculated;
        value           nonuniform List<scalar> 
800
(
0.0010446
0.0010446
0.0010446
0.0010446
0.0010446
0.0010446
0.0010446
0.00104459
0.00104459
0.00104459
0.00104458
0.00104458
0.00104458
0.00104458
0.00104458
0.00104458
0.00104458
0.00104458
0.00104458
0.00104458
0.00105409
0.00105409
0.00105409
0.00105409
0.00105409
0.00105408
0.00105408
0.00105408
0.00105407
0.00105406
0.00105405
0.00105404
0.00105404
0.00105404
0.00105404
0.00105405
0.00105405
0.00105405
0.00105405
0.00105405
0.00105528
0.00105528
0.00105528
0.00105528
0.00105528
0.00105527
0.00105527
0.00105526
0.00105525
0.00105523
0.00105522
0.00105521
0.00105521
0.00105521
0.00105521
0.00105522
0.00105522
0.00105523
0.00105523
0.00105523
0.00105405
0.00105405
0.00105406
0.00105406
0.00105406
0.00105405
0.00105405
0.00105404
0.00105402
0.00105401
0.00105399
0.00105398
0.00105397
0.00105397
0.00105397
0.00105398
0.00105399
0.00105399
0.001054
0.001054
0.00105247
0.00105247
0.00105248
0.00105248
0.00105248
0.00105248
0.00105247
0.00105246
0.00105244
0.00105242
0.0010524
0.00105239
0.00105238
0.00105238
0.00105239
0.00105239
0.0010524
0.0010524
0.00105241
0.00105241
0.00105105
0.00105106
0.00105106
0.00105106
0.00105106
0.00105106
0.00105106
0.00105105
0.00105103
0.00105101
0.00105099
0.00105097
0.00105096
0.00105096
0.00105096
0.00105097
0.00105098
0.00105098
0.00105098
0.00105099
0.0010499
0.0010499
0.0010499
0.0010499
0.00104991
0.00104991
0.0010499
0.0010499
0.00104989
0.00104987
0.00104985
0.00104983
0.00104982
0.00104981
0.00104981
0.00104981
0.00104982
0.00104982
0.00104983
0.00104983
0.00104902
0.00104902
0.00104902
0.00104903
0.00104903
0.00104903
0.00104903
0.00104902
0.00104902
0.00104903
0.00104902
0.001049
0.00104897
0.00104895
0.00104894
0.00104894
0.00104895
0.00104895
0.00104895
0.00104895
0.00104841
0.00104841
0.00104842
0.00104842
0.00104842
0.00104842
0.00104841
0.00104841
0.00104841
0.00104845
0.00104849
0.00104846
0.00104841
0.00104838
0.00104836
0.00104835
0.00104835
0.00104835
0.00104835
0.00104835
0.00104807
0.00104807
0.00104807
0.00104807
0.00104807
0.00104806
0.00104805
0.00104803
0.00104803
0.00104807
0.00104823
0.00104823
0.00104814
0.00104808
0.00104804
0.00104803
0.00104802
0.00104802
0.00104802
0.00104802
0.00104797
0.00104797
0.00104797
0.00104797
0.00104796
0.00104794
0.00104792
0.00104788
0.00104785
0.00104787
0.0010482
0.00104826
0.00104812
0.00104804
0.00104798
0.00104795
0.00104794
0.00104793
0.00104793
0.00104793
0.00104811
0.00104811
0.0010481
0.0010481
0.00104808
0.00104806
0.00104801
0.00104795
0.00104791
0.00104788
0.00104839
0.00104853
0.00104835
0.00104823
0.00104815
0.00104811
0.00104809
0.00104808
0.00104808
0.00104808
0.00104847
0.00104846
0.00104846
0.00104845
0.00104843
0.00104839
0.00104833
0.00104824
0.00104821
0.00104814
0.00104885
0.00104902
0.0010488
0.00104864
0.00104855
0.0010485
0.00104847
0.00104846
0.00104845
0.00104845
0.00104904
0.00104903
0.00104903
0.00104901
0.00104898
0.00104894
0.00104886
0.00104874
0.00104872
0.00104861
0.00104954
0.00104975
0.00104948
0.00104927
0.00104915
0.00104909
0.00104906
0.00104904
0.00104903
0.00104903
0.00104981
0.00104981
0.0010498
0.00104978
0.00104974
0.00104968
0.00104959
0.00104943
0.00104941
0.00104926
0.00105044
0.0010507
0.00105038
0.00105011
0.00104997
0.00104988
0.00104984
0.00104982
0.00104981
0.00104981
0.00105078
0.00105077
0.00105076
0.00105074
0.00105069
0.00105062
0.00105051
0.0010503
0.00105027
0.00105009
0.00105155
0.00105188
0.0010515
0.00105116
0.00105098
0.00105088
0.00105083
0.0010508
0.00105079
0.00105078
0.00105194
0.00105193
0.00105191
0.00105188
0.00105183
0.00105173
0.0010516
0.00105133
0.0010513
0.0010511
0.00105287
0.00105329
0.00105283
0.00105241
0.00105219
0.00105206
0.001052
0.00105196
0.00105195
0.00105194
0.00105328
0.00105327
0.00105325
0.00105321
0.00105315
0.00105303
0.00105287
0.00105254
0.00105248
0.00105227
0.00105441
0.00105493
0.00105437
0.00105386
0.00105359
0.00105343
0.00105335
0.00105331
0.00105329
0.00105328
0.0010548
0.00105479
0.00105477
0.00105472
0.00105465
0.00105449
0.0010543
0.0010539
0.00105382
0.00105362
0.00105614
0.0010568
0.00105612
0.0010555
0.00105517
0.00105498
0.00105489
0.00105484
0.00105481
0.0010548
0.0010565
0.00105649
0.00105646
0.0010564
0.00105631
0.00105613
0.00105589
0.00105541
0.00105531
0.00105512
0.00105807
0.00105889
0.00105808
0.00105734
0.00105694
0.00105671
0.00105659
0.00105653
0.0010565
0.00105649
0.00105837
0.00105835
0.00105832
0.00105825
0.00105815
0.00105792
0.00105764
0.00105707
0.00105694
0.00105677
0.00106019
0.00106121
0.00106024
0.00105936
0.00105889
0.00105861
0.00105848
0.0010584
0.00105837
0.00105835
0.0010604
0.00106038
0.00106035
0.00106027
0.00106015
0.00105987
0.00105954
0.00105887
0.00105871
0.00105858
0.0010625
0.00106375
0.0010626
0.00106158
0.00106102
0.00106069
0.00106053
0.00106044
0.00106039
0.00106038
0.0010626
0.00106258
0.00106254
0.00106245
0.00106231
0.00106198
0.00106158
0.00106081
0.00106062
0.00106054
0.00106498
0.00106651
0.00106516
0.00106398
0.00106332
0.00106294
0.00106274
0.00106264
0.00106259
0.00106257
0.00106497
0.00106494
0.00106489
0.00106479
0.00106462
0.00106424
0.00106377
0.00106288
0.00106265
0.00106264
0.00106764
0.0010695
0.00106792
0.00106656
0.0010658
0.00106535
0.00106512
0.001065
0.00106494
0.00106491
0.00106749
0.00106746
0.00106741
0.00106729
0.00106709
0.00106665
0.0010661
0.00106508
0.00106482
0.00106488
0.00107048
0.00107271
0.00107089
0.00106934
0.00106844
0.00106793
0.00106766
0.00106752
0.00106745
0.00106742
0.00107017
0.00107014
0.00107008
0.00106995
0.00106972
0.00106921
0.00106857
0.00106741
0.00106711
0.00106726
0.00107349
0.00107614
0.00107405
0.00107229
0.00107126
0.00107067
0.00107036
0.0010702
0.00107012
0.00107008
0.00107301
0.00107298
0.00107291
0.00107275
0.00107249
0.0010719
0.00107118
0.00106987
0.00106952
0.00106978
0.00107668
0.0010798
0.00107741
0.00107543
0.00107425
0.00107358
0.00107322
0.00107303
0.00107294
0.0010729
0.00107601
0.00107597
0.00107589
0.00107571
0.00107541
0.00107474
0.00107392
0.00107245
0.00107205
0.00107244
0.00108003
0.00108368
0.00108097
0.00107875
0.00107741
0.00107665
0.00107624
0.00107602
0.00107591
0.00107587
0.00107915
0.00107911
0.00107902
0.00107882
0.00107847
0.00107772
0.00107678
0.00107514
0.0010747
0.00107523
0.00108356
0.00108779
0.00108473
0.00108225
0.00108074
0.00107988
0.00107941
0.00107917
0.00107904
0.00107899
0.00108245
0.00108241
0.00108231
0.00108208
0.00108168
0.00108084
0.00107978
0.00107796
0.00107745
0.00107815
0.00108725
0.00109212
0.00108869
0.00108593
0.00108424
0.00108327
0.00108274
0.00108246
0.00108232
0.00108226
0.0010859
0.00108585
0.00108574
0.00108548
0.00108504
0.0010841
0.0010829
0.00108089
0.00108032
0.00108121
0.00109111
0.00109668
0.00109285
0.0010898
0.0010879
0.00108682
0.00108622
0.00108591
0.00108575
0.00108569
0.0010895
0.00108944
0.00108932
0.00108903
0.00108853
0.00108749
0.00108615
0.00108393
0.0010833
0.0010844
0.00109513
0.00110147
0.00109722
0.00109384
0.00109173
0.00109053
0.00108985
0.0010895
0.00108932
0.00108925
0.00109325
0.00109318
0.00109304
0.00109272
0.00109216
0.00109101
0.00108952
0.00108708
0.00108638
0.00108771
0.00109933
0.00110649
0.00110179
0.00109807
0.00109573
0.0010944
0.00109364
0.00109325
0.00109305
0.00109297
0.00109714
0.00109707
0.00109692
0.00109656
0.00109594
0.00109466
0.00109301
0.00109034
0.00108957
0.00109115
0.00110369
0.00111175
0.00110656
0.00110248
0.00109989
0.00109842
0.00109758
0.00109714
0.00109692
0.00109683
0.00110118
0.0011011
0.00110093
0.00110054
0.00109985
0.00109844
0.00109662
0.0010937
0.00109287
0.00109473
0.00110822
0.00111723
0.00111155
0.00110707
0.00110422
0.0011026
0.00110167
0.00110119
0.00110094
0.00110084
0.00110537
0.00110528
0.00110509
0.00110466
0.00110389
0.00110236
0.00110035
0.00109717
0.00109626
0.00109843
0.00111292
0.00112295
0.00111675
0.00111185
0.00110873
0.00110694
0.0011059
0.00110538
0.0011051
0.00110499
0.0011097
0.00110961
0.00110939
0.00110892
0.00110808
0.0011064
0.00110419
0.00110075
0.00109976
0.00110226
0.00111778
0.00112891
0.00112216
0.00111681
0.0011134
0.00111143
0.00111029
0.00110971
0.00110941
0.00110929
0.00111418
0.00111408
0.00111384
0.00111332
0.0011124
0.00111057
0.00110815
0.00110443
0.00110336
0.00110621
0.00112282
0.00113511
0.00112779
0.00112196
0.00111824
0.00111608
0.00111483
0.0011142
0.00111386
0.00111373
0.0011188
0.00111869
0.00111844
0.00111786
0.00111685
0.00111487
0.00111223
0.00110821
0.00110706
0.00111031
0.00112804
0.00114156
0.00113364
0.0011273
0.00112325
0.0011209
0.00111953
0.00111884
0.00111846
0.00111832
0.00112362
0.0011235
0.00112321
0.00112259
0.00112149
0.00111935
0.00111648
0.00111214
0.00111092
0.00111458
0.00113351
0.00114834
0.00113977
0.00113289
0.00112849
0.00112593
0.00112443
0.00112367
0.00112326
0.00112311
)
;
    }
    wing
    {
        type            nutkWallFunction;
        blending        stepwise;
        value           nonuniform List<scalar> 
238
(
0.000300324
0.000306275
0.000307481
0.000312406
0.000311945
0.000313583
0.000312802
0.000314249
0.000312966
0.000311325
0.000309126
0.000307458
0.000336312
0.000394725
0.000210557
0.000207707
0.000403099
0.000206694
0.000207468
0.000404867
0.000208648
0.00020903
0.00040544
0.000207699
0.00020768
0.00040105
0.000209637
0.000209314
0.000390907
0.00020918
0.000208198
0.000345317
0.000273314
0.000300105
0.000250744
0.000290953
0.000288677
0.000303267
0.000249023
0.000247118
0.000377429
0.000206324
0.000205695
0.000376676
0.000249851
0.000308834
0.000250998
0.000296663
0.000295009
0.000310527
0.000253823
0.000252385
0.000379581
0.000208893
0.000208184
0.000380968
0.000253441
0.000312208
0.000253696
0.000298332
0.00029748
0.000312539
0.000254672
0.000253886
0.000381831
0.000382063
0.000254107
0.000312751
0.000254147
0.000298922
0.000298006
0.000313375
0.000255518
0.000254786
0.000382193
0.000383074
0.000254585
0.000312112
0.000253948
0.000296551
0.000296607
0.000311418
0.000253492
0.000253445
0.000382417
0.000209664
0.000209327
0.000382204
0.000251986
0.000306206
0.000249888
0.000321281
0.000297235
0.000304427
0.000280437
0.000254474
0.000379877
0.000218244
0.000210409
0.000380962
0.000410149
0.00039004
0.000400536
0.000403382
0.000404314
0.000401479
0.000389849
0.000382974
0.00036893
0.000457735
0.000396796
0.000376954
0.000469208
0.000402774
0.000369861
0.000476717
0.000403852
0.000370456
0.000477895
0.000403651
0.000370744
0.000477803
0.000397757
0.000378031
0.000471399
0.000419706
0.00040268
0.000488058
0.000352124
0.000348578
0.000348708
0.000353329
0.000352481
0.000354173
0.000353039
0.000354799
0.000353793
0.000352493
0.000351847
0.000358895
0.000370341
0.000313277
0.000292947
0.000374962
0.000466574
0.000292034
0.000293396
0.000370514
0.000476899
0.000296312
0.00029657
0.000371825
0.000478994
0.000297788
0.00029793
0.000372234
0.000479601
0.000297967
0.000297269
0.000380686
0.000474436
0.000294938
0.000292373
0.000375294
0.000466368
0.000384055
0.000384671
0.000347494
0.000347748
0.000377725
0.0003781
0.000350076
0.000351727
0.000382332
0.000208048
0.000207437
0.000381472
0.000352837
0.000353031
0.000383283
0.000210078
0.000209759
0.000382293
0.000352945
0.000353781
0.000384179
0.000383376
0.000352469
0.000351875
0.000382884
0.000382145
0.000349865
0.000349795
0.000393477
0.000390042
0.000476517
0.000369173
0.000457662
0.000384572
0.000380663
0.000471198
0.000398409
0.000370292
0.000476627
0.000402939
0.000370335
0.000477303
0.000403625
0.00037442
0.000475388
0.00040247
0.000374028
0.000466971
0.000393644
0.00040519
0.000338935
0.000328515
0.000372084
0.00046216
0.000373971
0.000473175
0.000370545
0.000477053
0.000371175
0.000478147
0.000382238
0.000474652
0.000371324
0.000463691
0.0004224
0.000345568
0.000349094
0.000314216
0.000280337
0.00028828
0.00030553
0.000296905
0.000305544
)
;
    }
}


// ************************************************************************* //
