/*--------------------------------*- C++ -*----------------------------------*\
| =========                 |                                                 |
| \\      /  F ield         | OpenFOAM: The Open Source CFD Toolbox           |
|  \\    /   O peration     | Version:  2506                                  |
|   \\  /    A nd           | Website:  www.openfoam.com                      |
|    \\/     M anipulation  |                                                 |
\*---------------------------------------------------------------------------*/
FoamFile
{
    version     2.0;
    format      ascii;
    arch        "LSB;label=32;scalar=64";
    class       surfaceScalarField;
    location    "76";
    object      phi;
}
// * * * * * * * * * * * * * * * * * * * * * * * * * * * * * * * * * * * * * //

dimensions      [0 3 -1 0 0 0 0];

oriented        oriented;

internalField   nonuniform List<scalar> 
42688
(
1.52064
0.177435
-9.19281e-06
1.40661
0.114029
-5.04443e-06
1.32161
0.0850092
-4.38744e-06
1.25574
0.0658804
-7.24511e-06
1.20428
0.0514689
-9.83004e-06
1.16332
0.0409729
-1.24673e-05
1.12998
0.033351
-1.62696e-05
1.10241
0.02759
-2.14235e-05
1.07938
0.0230593
-2.76151e-05
1.06001
0.0194107
-3.44055e-05
1.04362
0.0164296
-4.12661e-05
1.0297
0.0139653
-4.76631e-05
1.01784
0.0119085
-5.32489e-05
1.00772
0.0101783
-5.79256e-05
0.999071
0.00871441
-6.16958e-05
0.991665
0.00747116
-6.45631e-05
0.985319
0.00641252
-6.65984e-05
0.979877
0.00550921
-6.7975e-05
0.975209
0.0047371
-6.88924e-05
0.971203
0.00407624
-6.95041e-05
0.967762
0.00351007
-6.99142e-05
0.964808
0.00302473
-7.01992e-05
0.96227
0.00260855
-7.04197e-05
0.960089
0.00225163
-7.062e-05
0.958214
0.00194557
-7.0829e-05
0.956602
0.00168325
-7.10623e-05
0.955214
0.00145858
-7.1325e-05
0.95402
0.00126639
-7.16154e-05
0.952989
0.00110227
-7.19283e-05
0.952099
0.000962464
-7.22598e-05
0.951328
0.000843784
-7.26104e-05
0.950657
0.000743525
-7.29863e-05
0.950071
0.000659417
-7.33967e-05
0.949556
0.000589588
-7.385e-05
0.949098
0.000532569
-7.43492e-05
0.948685
0.000487392
-7.48887e-05
0.948307
0.000453999
-7.54538e-05
0.947948
0.000434705
-7.60161e-05
0.947585
0.000439633
-7.64798e-05
0.000501713
-7.67167e-05
1.61655
0.258945
4.96085e-06
1.54735
0.183223
5.82519e-06
1.49193
0.140424
3.99858e-06
1.44586
0.111946
3.36496e-07
1.40697
0.0903659
-3.53811e-06
1.37408
0.0738688
-7.8129e-06
1.3462
0.0612429
-1.313e-05
1.32249
0.0513265
-1.96606e-05
1.30226
0.0433164
-2.71695e-05
1.28497
0.0367321
-3.51579e-05
1.27018
0.0312647
-4.29342e-05
1.2575
0.0266899
-4.98322e-05
1.24663
0.0228364
-5.55337e-05
1.2373
0.0195717
-6.00663e-05
1.22928
0.0167945
-6.34668e-05
1.22239
0.0144259
-6.57123e-05
1.21647
0.0124026
-6.69256e-05
1.21137
0.0106719
-6.73934e-05
1.20699
0.00918962
-6.73981e-05
1.20321
0.00791887
-6.71223e-05
1.19996
0.00682884
-6.66688e-05
1.19716
0.00589351
-6.60989e-05
1.19474
0.00509079
-6.54488e-05
1.19266
0.0044019
-6.47357e-05
1.19085
0.00381088
-6.39655e-05
1.1893
0.00330409
-6.31394e-05
1.18795
0.00286992
-6.22583e-05
1.18678
0.00249845
-6.13246e-05
1.18576
0.00218123
-6.03435e-05
1.18487
0.00191106
-5.93247e-05
1.18409
0.0016818
-5.82821e-05
1.1834
0.00148827
-5.72333e-05
1.18279
0.0013261
-5.61983e-05
1.18225
0.00119166
-5.51963e-05
1.18175
0.00108191
-5.4244e-05
1.1813
0.000994266
-5.33554e-05
1.18088
0.000925975
-5.2545e-05
1.18049
0.000872128
-5.18424e-05
1.18017
0.000817113
-5.13032e-05
0.000721071
-5.13925e-05
1.66771
0.289302
-1.89412e-06
1.62536
0.225578
-4.24007e-06
1.58493
0.180863
-6.3699e-06
1.54832
0.148561
-9.42701e-06
1.51553
0.123175
-1.3595e-05
1.48667
0.102742
-1.91872e-05
1.46165
0.0862915
-2.67637e-05
1.4401
0.0729163
-3.66163e-05
1.42158
0.0618807
-4.84867e-05
1.40569
0.0526796
-6.14749e-05
1.39207
0.0449622
-7.41829e-05
1.38038
0.0384613
-8.53398e-05
1.37036
0.0329604
-9.46377e-05
1.36174
0.0282847
-0.000102428
1.35435
0.0242975
-0.000108702
1.348
0.0208921
-0.000113212
1.34254
0.0179806
-0.000116118
1.33784
0.0154885
-0.000117909
1.33379
0.013353
-0.000119009
1.33031
0.0115218
-0.000119678
1.32731
0.00995071
-0.000120103
1.32472
0.00860263
-0.000120446
1.32248
0.00744583
-0.000120836
1.32055
0.00645332
-0.000121357
1.31888
0.0056021
-0.000122052
1.31744
0.00487252
-0.000122935
1.31619
0.00424781
-0.000123997
1.3151
0.00371366
-0.000125219
1.31415
0.00325783
-0.000126571
1.31331
0.00286989
-0.000128025
1.31259
0.00254099
-0.000129554
1.31194
0.00226362
-0.00013114
1.31137
0.00203147
-0.000132768
1.31086
0.00183933
-0.00013443
1.31039
0.00168302
-0.000136122
1.30996
0.00155958
-0.000137843
1.30956
0.00146803
-0.000139596
1.30916
0.00141211
-0.000141382
1.30871
0.00141162
-0.000143144
0.00151637
-0.000144999
1.68228
0.305089
-1.89163e-06
1.65536
0.252499
-3.61325e-06
1.62647
0.209757
-5.6688e-06
1.59912
0.175927
-9.58802e-06
1.57403
0.148272
-1.603e-05
1.55152
0.125285
-2.55918e-05
1.53167
0.10618
-3.90758e-05
1.51437
0.0902701
-5.69607e-05
1.49939
0.0769385
-7.87509e-05
1.48647
0.0657076
-0.000102513
1.47533
0.0562204
-0.000125103
1.46575
0.0481897
-0.000143864
1.4575
0.0413684
-0.000158904
1.45041
0.0355501
-0.000171412
1.44431
0.0305751
-0.000181006
1.43907
0.0263188
-0.000187107
1.43456
0.0226763
-0.000190479
1.43069
0.019556
-0.000192367
1.42736
0.0168804
-0.00019348
1.42449
0.0145847
-0.000194019
1.42202
0.0126142
-0.00019403
1.41989
0.0109226
-0.000193554
1.41806
0.00947035
-0.00019263
1.41648
0.00822379
-0.000191304
1.41512
0.00715418
-0.000189624
1.41394
0.006237
-0.000187648
1.41292
0.00545129
-0.000185438
1.41204
0.00477915
-0.000183054
1.41127
0.00420529
-0.000180553
1.4106
0.00371669
-0.00017799
1.41002
0.00330225
-0.000175417
1.4095
0.00295257
-0.00017288
1.40904
0.00265971
-0.000170424
1.40864
0.00241702
-0.000168089
1.40827
0.00221891
-0.000165913
1.40793
0.00206043
-0.000163933
1.40762
0.0019363
-0.000162194
1.40736
0.0018376
-0.000160764
1.40719
0.00173921
-0.000159769
0.00158198
-0.000159827
1.68882
0.31434
-2.42293e-06
1.67236
0.268961
-5.36633e-06
1.65307
0.229052
-9.55214e-06
1.63368
0.195338
-1.6405e-05
1.61519
0.166786
-2.72137e-05
1.59806
0.142457
-4.35043e-05
1.58256
0.12175
-6.70059e-05
1.56878
0.104155
-9.88544e-05
1.55666
0.0891915
-0.000138258
1.54609
0.076458
-0.000181178
1.5369
0.0656296
-0.000220607
1.52892
0.0564228
-0.000251516
1.522
0.0485686
-0.000277044
1.51601
0.0418371
-0.000300424
1.51085
0.0360589
-0.000318664
1.50639
0.0311038
-0.000329339
1.50255
0.0268561
-0.000334162
1.49923
0.0232118
-0.000335869
1.49636
0.020083
-0.000336135
1.49388
0.0173963
-0.00033587
1.49174
0.0150896
-0.000335711
1.48989
0.0131091
-0.000336085
1.48829
0.0114092
-0.00033718
1.4869
0.00995045
-0.00033901
1.4857
0.0086993
-0.000341491
1.48465
0.00762703
-0.000344499
1.48374
0.00670901
-0.000347893
1.48295
0.00592421
-0.000351538
1.48226
0.00525464
-0.000355314
1.48165
0.00468497
-0.000359126
1.48111
0.00420216
-0.000362906
1.48063
0.00379515
-0.000366614
1.48021
0.00345464
-0.000370229
1.47983
0.00317287
-0.000373747
1.47948
0.0029436
-0.000377178
1.47916
0.00276217
-0.000380541
1.47885
0.00262651
-0.000383867
1.47854
0.00254032
-0.000387186
1.47814
0.00252644
-0.000390419
0.00264167
-0.000393596
1.69262
0.31979
-3.4633e-06
1.6824
0.279182
-7.71063e-06
1.66954
0.241933
-1.40402e-05
1.65584
0.209059
-2.44248e-05
1.64231
0.180356
-4.13343e-05
1.62948
0.155356
-6.79753e-05
1.61767
0.13367
-0.000108008
1.60705
0.114939
-0.000164117
1.59766
0.0988142
-0.000235028
1.58945
0.0849809
-0.00031175
1.58229
0.0731683
-0.000376949
1.57603
0.0631031
-0.00042042
1.57057
0.0544826
-0.000456815
1.56585
0.0470538
-0.000494509
1.56178
0.0406543
-0.000524743
1.55827
0.0351588
-0.000543797
1.55524
0.0304432
-0.000556162
1.55262
0.026392
-0.000565279
1.55037
0.0229087
-0.000571497
1.54842
0.0199136
-0.000574515
1.54675
0.0173387
-0.000574572
1.54531
0.0151253
-0.000572252
1.54406
0.0132231
-0.000568148
1.54298
0.011589
-0.000562775
1.54205
0.0101859
-0.000556572
1.54125
0.00898229
-0.000549905
1.54055
0.00795087
-0.000543063
1.53994
0.00706836
-0.000536257
1.53941
0.00631481
-0.00052964
1.53895
0.00567317
-0.000523317
1.53854
0.00512892
-0.000517355
1.53818
0.00466969
-0.000511803
1.53785
0.00428505
-0.0005067
1.53756
0.00396623
-0.000502088
1.5373
0.0037058
-0.000498015
1.53706
0.0034973
-0.000494529
1.53684
0.00333411
-0.000491687
1.53666
0.00320611
-0.000489567
1.53659
0.00308706
-0.00048828
0.00291717
-0.00048859
1.69484
0.323024
-4.6566e-06
1.68855
0.285478
-1.04276e-05
1.68027
0.250232
-1.94922e-05
1.67112
0.218242
-3.48513e-05
1.66186
0.189676
-6.07439e-05
1.65294
0.164379
-0.00010315
1.64465
0.142136
-0.000169437
1.63715
0.122704
-0.000265869
1.63052
0.105833
-0.000391119
1.62474
0.0912869
-0.000526354
1.61967
0.0788628
-0.000629154
1.61517
0.0682918
-0.000684282
1.6112
0.0591978
-0.000743566
1.60776
0.0512979
-0.000810944
1.60481
0.0444581
-0.00085155
1.60226
0.0385721
-0.000861996
1.60005
0.0335146
-0.000859234
1.59813
0.0291656
-0.000855019
1.59647
0.0254254
-0.000853137
1.59502
0.0222111
-0.000854276
1.59377
0.0194501
-0.000858406
1.59268
0.0170792
-0.00086514
1.59173
0.0150437
-0.000873837
1.59091
0.013297
-0.000883802
1.59019
0.0117991
-0.000894435
1.58956
0.0105154
-0.00090526
1.58901
0.00941664
-0.000915919
1.58853
0.0084775
-0.000926159
1.5881
0.00767648
-0.000935826
1.58773
0.00699519
-0.000944849
1.58739
0.006418
-0.000953218
1.58709
0.00593166
-0.000960957
1.58682
0.00552498
-0.00096811
1.58657
0.00518861
-0.000974745
1.58634
0.00491496
-0.000980967
1.58613
0.00469825
-0.000986917
1.58592
0.00453539
-0.000992761
1.5857
0.00442904
-0.000998659
1.58539
0.00440013
-0.00100454
0.00450149
-0.00101029
1.69628
0.324809
-5.91002e-06
1.69273
0.289043
-1.33826e-05
1.6879
0.255086
-2.5621e-05
1.68241
0.223779
-4.70534e-05
1.67674
0.195434
-8.45158e-05
1.6712
0.170069
-0.000148468
1.66601
0.147578
-0.000253025
1.66133
0.127796
-0.000412062
1.65726
0.110533
-0.000625363
1.65378
0.0956169
-0.000851342
1.65069
0.082921
-0.000969366
1.64777
0.0721805
-0.000969623
1.64512
0.0629003
-0.00105131
1.64284
0.0547765
-0.00120039
1.64089
0.0477249
-0.00131384
1.63919
0.0416511
-0.00138433
1.63772
0.0364171
-0.00143028
1.63645
0.0318976
-0.00145733
1.63534
0.0279959
-0.00146733
1.63439
0.0246318
-0.00146422
1.63355
0.0217343
-0.00145263
1.63283
0.0192399
-0.00143617
1.6322
0.0170939
-0.00141723
1.63164
0.015249
-0.00139741
1.63116
0.0136642
-0.00137779
1.63073
0.0123044
-0.00135907
1.63034
0.011139
-0.00134164
1.63001
0.0101418
-0.00132565
1.6297
0.00929038
-0.00131112
1.62943
0.00856546
-0.001298
1.62918
0.00795062
-0.0012862
1.62896
0.0074319
-0.00127564
1.62875
0.00699748
-0.00126628
1.62856
0.00663742
-0.00125806
1.62839
0.00634329
-0.00125099
1.62822
0.00610779
-0.0012451
1.62807
0.00592365
-0.00124046
1.62796
0.0057806
-0.00123728
1.62794
0.00565365
-0.00123573
0.00548747
-0.00123674
1.69737
0.325511
-6.99871e-06
1.6959
0.290528
-1.60338e-05
1.69382
0.257193
-3.13346e-05
1.6914
0.226263
-5.89829e-05
1.68885
0.19809
-0.000109096
1.68635
0.172766
-0.00019842
1.68404
0.150242
-0.000351973
1.68205
0.130387
-0.000598969
1.68049
0.113038
-0.00094786
1.67938
0.0980507
-0.00132501
1.67835
0.0853457
-0.0013972
1.67702
0.0746529
-0.00113664
1.67573
0.065333
-0.00114114
1.67471
0.0570757
-0.00128367
1.67387
0.0498721
-0.00130315
1.67311
0.0436702
-0.0012609
1.67243
0.0383405
-0.0012397
1.67182
0.0337526
-0.00124852
1.67128
0.0298033
-0.00127264
1.67081
0.0264073
-0.0013031
1.67039
0.023489
-0.00133666
1.67002
0.0209821
-0.00137143
1.66969
0.0188293
-0.00140569
1.6694
0.0169816
-0.00143823
1.66913
0.0153968
-0.00146841
1.6689
0.0140387
-0.00149599
1.66868
0.0128765
-0.00152098
1.66848
0.0118834
-0.00154355
1.6683
0.0110368
-0.00156393
1.66813
0.0103173
-0.00158236
1.66797
0.00970838
-0.0015991
1.66782
0.00919602
-0.00161439
1.66768
0.00876843
-0.00162848
1.66754
0.00841571
-0.00164162
1.66741
0.00812979
-0.0016541
1.66728
0.00790444
-0.00166627
1.66715
0.00773607
-0.00167856
1.66699
0.0076267
-0.00169142
1.66675
0.00759594
-0.00170478
0.00769488
-0.00171722
1.69829
0.325297
-7.61469e-06
1.69859
0.290241
-1.76135e-05
1.69891
0.256906
-3.49349e-05
1.69924
0.226006
-6.69641e-05
1.69957
0.197889
-0.000126761
1.69991
0.172656
-0.000237665
1.70033
0.150268
-0.000438952
1.70089
0.130611
-0.000787926
1.70173
0.113531
-0.00133683
1.70293
0.0988681
-0.0020078
1.70388
0.0864302
-0.002036
1.70387
0.0758935
-0.00123647
1.70364
0.0668219
-0.00125519
1.70364
0.0588968
-0.0018273
1.70376
0.0519542
-0.00219553
1.70386
0.0458881
-0.00232337
1.70395
0.0406107
-0.00235148
1.70401
0.0360355
-0.00234582
1.70405
0.032079
-0.00231963
1.70407
0.0286638
-0.00227937
1.70408
0.0257196
-0.00223314
1.70406
0.0231842
-0.00218653
1.70403
0.0210027
-0.00214216
1.70399
0.0191276
-0.0021011
1.70393
0.0175172
-0.00206373
1.70386
0.0161355
-0.00203001
1.70379
0.0149515
-0.00199971
1.7037
0.0139384
-0.00197247
1.70362
0.0130733
-0.00194789
1.70352
0.0123366
-0.00192559
1.70342
0.0117114
-0.00190516
1.70332
0.0111837
-0.00188632
1.70322
0.0107414
-0.00186882
1.70311
0.0103744
-0.00185255
1.70301
0.0100743
-0.0018375
1.7029
0.00983363
-0.00182381
1.7028
0.00964503
-0.00181189
1.70273
0.00949747
-0.00180244
1.70276
0.00936312
-0.00179644
0.00917997
-0.00179402
1.69917
0.324197
-7.49526e-06
1.70118
0.288251
-1.73936e-05
1.70381
0.254308
-3.45666e-05
1.7068
0.223082
-6.62388e-05
1.70994
0.194877
-0.000125107
1.71309
0.169736
-0.000233358
1.71622
0.147567
-0.000426181
1.71937
0.128207
-0.000746208
1.72266
0.111435
-0.00119703
1.72613
0.0969625
-0.00156312
1.72906
0.0843818
-0.000880495
1.73063
0.0733851
0.000936964
1.73166
0.0639381
0.00185653
1.7327
0.0559001
0.00195473
1.73367
0.049042
0.00194274
1.73451
0.0431521
0.00189816
1.73523
0.0380723
0.00181919
1.73585
0.033693
0.00172165
1.73638
0.0299225
0.00162542
1.73683
0.0266768
0.00153971
1.7372
0.0238827
0.00146518
1.7375
0.0214781
0.00140093
1.73775
0.0194096
0.00134638
1.73795
0.0176311
0.00130085
1.7381
0.0161027
0.00126341
1.73821
0.0147902
0.00123305
1.73829
0.0136641
0.00120884
1.73834
0.0126992
0.00118986
1.73836
0.0118739
0.00117534
1.73836
0.0111697
0.00116459
1.73835
0.0105709
0.00115702
1.73831
0.0100643
0.001152
1.73827
0.00963879
0.00114893
1.73821
0.00928512
0.00114729
1.73814
0.00899588
0.00114656
1.73806
0.00876563
0.00114613
1.73797
0.00859203
0.00114516
1.73785
0.00847967
0.00114256
1.73762
0.00845548
0.00113733
0.00858382
0.00113183
1.70014
0.322128
-6.63381e-06
1.70398
0.284424
-1.53177e-05
1.70906
0.249257
-3.00517e-05
1.71483
0.217372
-5.63566e-05
1.72085
0.188963
-0.000103221
1.72684
0.163926
-0.000184558
1.73268
0.142049
-0.000317781
1.73833
0.123066
-0.000511
1.74383
0.106658
-0.000719226
1.74906
0.0924466
-0.000723811
1.75346
0.0800151
-2.7605e-05
1.75647
0.0691511
0.00121867
1.7588
0.0599455
0.00167086
1.76096
0.0522477
0.00149273
1.7629
0.0456892
0.00141179
1.76458
0.0400241
0.00144731
1.76603
0.0351293
0.00148594
1.7673
0.0309107
0.00151873
1.76839
0.0272775
0.00155775
1.76931
0.0241478
0.00160163
1.7701
0.0214523
0.00164505
1.77076
0.0191321
0.00168507
1.77131
0.0171364
0.00172071
1.77177
0.0154211
0.00175171
1.77215
0.0139477
0.0017781
1.77245
0.0126832
0.00180012
1.7727
0.0115993
0.00181814
1.7729
0.0106715
0.00183254
1.77305
0.00987897
0.00184372
1.77316
0.00920384
0.00185202
1.77324
0.00863094
0.00185774
1.7733
0.00814741
0.00186116
1.77333
0.00774242
0.00186258
1.77335
0.00740686
0.00186223
1.77335
0.00713303
0.00186022
1.77335
0.00691408
0.00185657
1.77334
0.00674249
0.00185113
1.77337
0.00660534
0.0018438
1.77353
0.00646673
0.0018351
0.00624234
0.0018286
1.70132
0.318877
-5.3285e-06
1.70736
0.2784
-1.21725e-05
1.71527
0.241371
-2.3378e-05
1.72412
0.208561
-4.2413e-05
1.73324
0.179922
-7.43403e-05
1.7422
0.155089
-0.000125714
1.75079
0.133662
-0.000201792
1.7589
0.115249
-0.000296673
1.76649
0.0994383
-0.000370398
1.77344
0.0858013
-0.000304893
1.77943
0.0739374
9.19122e-05
1.7842
0.0636073
0.000771753
1.78812
0.0547829
0.00124035
1.79153
0.0473369
0.00149666
1.79449
0.0410121
0.00172236
1.79702
0.0356056
0.00188836
1.7992
0.0309862
0.00196729
1.80107
0.0270419
0.00199291
1.80268
0.0236695
0.00199428
1.80407
0.020782
0.00198212
1.80525
0.0183077
0.0019613
1.80626
0.0161868
0.001936
1.80712
0.0143685
0.00190944
1.80785
0.0128095
0.00188356
1.80846
0.011473
0.00185938
1.80898
0.0103277
0.00183737
1.80942
0.00934702
0.00181774
1.80978
0.00850823
0.00180051
1.81008
0.00779206
0.00178562
1.81033
0.00718212
0.0017729
1.81053
0.00666453
0.00176219
1.8107
0.0062276
0.0017533
1.81083
0.00586154
0.00174605
1.81094
0.00555825
0.00174021
1.81103
0.00531133
0.0017355
1.81109
0.00511628
0.00173155
1.81114
0.00497196
0.00172798
1.81113
0.00488539
0.0017244
1.81099
0.00489164
0.00172083
0.00507317
0.00171866
1.70291
0.314032
-3.94622e-06
1.71181
0.269509
-8.88532e-06
1.7232
0.23
-1.66633e-05
1.7356
0.196187
-2.90988e-05
1.74807
0.167501
-4.85257e-05
1.76009
0.143146
-7.71506e-05
1.77139
0.122482
-0.000114567
1.78182
0.104964
-0.00015165
1.79134
0.0900778
-0.000159519
1.79988
0.0773442
-7.55921e-05
1.80727
0.0663623
0.000179722
1.81343
0.0568729
0.000573948
1.81856
0.0487712
0.000880733
1.82294
0.0419386
0.00101706
1.82672
0.0361724
0.00106112
1.82998
0.0312752
0.00107152
1.8328
0.027102
0.0010688
1.83523
0.0235405
0.00106599
1.83734
0.0204957
0.00106928
1.83915
0.0178883
0.00107844
1.84072
0.0156531
0.00109152
1.84206
0.0137359
0.00110698
1.84321
0.012091
0.00112363
1.8442
0.0106798
0.00114042
1.84505
0.00946925
0.00115656
1.84577
0.00843151
0.00117149
1.84639
0.00754269
0.00118493
1.84692
0.00678245
0.00119673
1.84737
0.00613345
0.00120687
1.84776
0.00558096
0.00121533
1.84809
0.00511245
0.00122218
1.84837
0.00471734
0.00122751
1.84862
0.00438668
0.00123146
1.84883
0.00411296
0.00123412
1.84901
0.00388972
0.00123556
1.84918
0.00371093
0.00123582
1.84935
0.00356906
0.00123493
1.84955
0.00344926
0.00123296
1.84991
0.0033074
0.00123025
0.00304127
0.00122705
1.70529
0.306805
-2.74153e-06
1.71829
0.256516
-6.08163e-06
1.7343
0.214002
-1.12029e-05
1.75111
0.179401
-1.88271e-05
1.76754
0.151096
-2.97913e-05
1.78305
0.127681
-4.43807e-05
1.79734
0.10825
-6.06552e-05
1.81029
0.0920859
-7.13862e-05
1.82188
0.0785529
-5.9823e-05
1.8321
0.0671161
2.72698e-06
1.84096
0.0573637
0.000143996
1.84847
0.0490168
0.000342694
1.85482
0.0419117
0.000511721
1.86024
0.03591
0.000612378
1.86489
0.0308426
0.000679484
1.86888
0.026545
0.000739658
1.8723
0.0228892
0.000791095
1.87523
0.0197763
0.000829675
1.87775
0.0171228
0.000856764
1.8799
0.0148578
0.000874788
1.88175
0.012922
0.000885521
1.88333
0.0112664
0.000890508
1.88468
0.00984985
0.000891198
1.88583
0.00863749
0.000888827
1.88682
0.00759993
0.000884365
1.88766
0.00671226
0.00087856
1.88837
0.00595338
0.000871982
1.88899
0.00530537
0.00086505
1.88951
0.00475302
0.000858063
1.88996
0.00428346
0.000851229
1.89034
0.00388578
0.000844702
1.89067
0.00355081
0.000838593
1.89095
0.00327085
0.000832959
1.89119
0.00303958
0.000827803
1.89141
0.00285201
0.000823084
1.8916
0.00270484
0.000818729
1.89175
0.00259802
0.000814644
1.89185
0.00254027
0.000810731
1.89178
0.00257121
0.000806996
0.0027844
0.000803272
1.7091
0.295766
-1.75945e-06
1.72811
0.237517
-3.81059e-06
1.74995
0.19217
-6.89668e-06
1.77162
0.15774
-1.10537e-05
1.79206
0.130666
-1.65322e-05
1.81089
0.108882
-2.30731e-05
1.82789
0.0912761
-2.88413e-05
1.84304
0.0769679
-2.9126e-05
1.8564
0.0652016
-1.50029e-05
1.86809
0.0553984
2.62946e-05
1.87821
0.0471429
0.00010458
1.88687
0.0401491
0.000209888
1.89424
0.0342278
0.00030787
1.90055
0.0292335
0.000375199
1.90595
0.0250249
0.00041683
1.91058
0.0214682
0.000442831
1.91456
0.0184537
0.000456816
1.91798
0.0158938
0.000461935
1.92092
0.0137161
0.000462645
1.92346
0.01186
0.000462217
1.92564
0.0102754
0.00046213
1.92753
0.00892081
0.000462921
1.92915
0.00776193
0.000464764
1.93055
0.00676998
0.000467612
1.93176
0.00592074
0.000471284
1.9328
0.00519382
0.000475544
1.9337
0.00457198
0.000480164
1.93448
0.00404062
0.000484953
1.93516
0.00358738
0.000489758
1.93574
0.00320178
0.000494459
1.93626
0.00287495
0.00049897
1.9367
0.00259943
0.000503229
1.9371
0.0023689
0.000507186
1.93745
0.00217804
0.000510798
1.93777
0.00202222
0.000514026
1.93806
0.00189686
0.000516827
1.93834
0.00179564
0.000519154
1.93865
0.00170481
0.000520943
1.93912
0.00158141
0.000522083
0.00132589
0.000521817
1.71667
0.277158
-1.21908e-06
1.74614
0.208052
-2.92415e-06
1.77689
0.161431
-5.44032e-06
1.80534
0.12929
-8.05746e-06
1.83095
0.105067
-1.08448e-05
1.85365
0.0862048
-1.35684e-05
1.87348
0.0714604
-1.49094e-05
1.89067
0.0597876
-1.2083e-05
1.90551
0.0503573
-5.85648e-07
1.91828
0.042602
2.51319e-05
1.92922
0.0361414
6.82691e-05
1.93853
0.0307148
0.000123648
1.94644
0.0261431
0.000176753
1.95316
0.0222937
0.000216066
1.95889
0.0190522
0.000242099
1.96378
0.016316
0.000260594
1.96796
0.0139992
0.000274988
1.97154
0.012033
0.000286528
1.97459
0.0103613
0.000295968
1.97721
0.00893758
0.000303737
1.97946
0.00772324
0.000309916
1.98138
0.00668629
0.000314505
1.98302
0.00580014
0.00031758
1.98443
0.00504252
0.000319285
1.98563
0.0043947
0.000319788
1.98667
0.0038409
0.000319269
1.98755
0.00336777
0.000317906
1.98831
0.00296402
0.000315875
1.98897
0.00262011
0.000313329
1.98953
0.00232794
0.000310407
1.99002
0.00208068
0.000307224
1.99044
0.00187257
0.000303875
1.99081
0.00169881
0.000300435
1.99114
0.00155541
0.000296956
1.99143
0.00143928
0.000293464
1.99169
0.00134848
0.000289972
1.99191
0.00128358
0.000286478
1.99208
0.00125215
0.000282996
1.9921
0.00128697
0.000279639
0.0014658
0.000276485
1.72977
0.245453
1.58988e-07
1.77242
0.165398
3.33359e-07
1.81218
0.121674
-4.43997e-07
1.84742
0.0940554
-1.37683e-06
1.87842
0.0740693
-2.50831e-06
1.9053
0.0593225
-3.51123e-06
1.92836
0.0484038
-3.35887e-06
1.94806
0.0400854
-4.20414e-07
1.96489
0.0335259
7.51489e-06
1.97924
0.0282224
2.27981e-05
1.99148
0.0238612
4.64676e-05
2.00188
0.0202322
7.60659e-05
2.01073
0.0171918
0.000105502
2.01826
0.0146382
0.000129333
2.02467
0.0124905
0.000146581
2.03015
0.0106796
0.000159016
2.03483
0.00914812
0.000168002
2.03884
0.00784981
0.000174113
2.04228
0.00674703
0.000177942
2.04523
0.00580865
0.000180224
2.04776
0.00500882
0.000181585
2.04994
0.00432615
0.000182477
2.05181
0.00374287
0.000183216
2.05343
0.00324418
0.000184012
2.05482
0.00281767
0.000184986
2.05602
0.00245289
0.000186192
2.05706
0.00214106
0.000187639
2.05796
0.00187476
0.00018931
2.05874
0.00164773
0.000191172
2.05942
0.00145466
0.000193189
2.06001
0.00129109
0.000195323
2.06054
0.00115324
0.000197537
2.061
0.00103794
0.000199791
2.06141
0.000942477
0.000202044
2.06178
0.000864484
0.000204253
2.06212
0.000801525
0.000206373
2.06244
0.000749988
0.000208354
2.06278
0.000701496
0.000210134
2.06323
0.000628931
0.000211578
0.000468162
0.000212132
1.77804
0.165479
-5.30489e-06
1.84268
0.100768
-6.88737e-06
1.89263
0.0717343
-6.70038e-06
1.93297
0.0537136
-5.82878e-06
1.96628
0.0407707
-5.39838e-06
1.99392
0.0316886
-5.011e-06
2.017
0.0253264
-3.75049e-06
2.03641
0.0206722
-6.43269e-07
2.05283
0.0171054
5.4229e-06
2.06675
0.014286
1.54602e-05
2.07857
0.0120099
2.97067e-05
2.08861
0.0101425
4.68066e-05
2.09715
0.00859339
6.38786e-05
2.10441
0.00730089
7.8167e-05
2.11059
0.00621871
8.87287e-05
2.11586
0.00530943
9.61873e-05
2.12037
0.00454258
0.000101444
2.12422
0.00389381
0.000105124
2.12751
0.00334358
0.000107704
2.13034
0.00287593
0.000109571
2.13276
0.00247771
0.000110973
2.13483
0.0021381
0.000112018
2.13662
0.00184818
0.000112743
2.13815
0.00160051
0.000113159
2.13946
0.00138887
0.000113271
2.14059
0.00120804
0.000113087
2.14157
0.00105362
0.000112622
2.14241
0.000921888
0.000111898
2.14314
0.000809722
0.000110946
2.14377
0.000714464
0.0001098
2.14432
0.000633875
0.000108496
2.1448
0.000566069
0.000107067
2.14522
0.000509463
0.00010554
2.14559
0.000462753
0.000103933
2.14593
0.000424921
0.000102255
2.14624
0.000395355
0.000100511
2.14651
0.000374355
9.87079e-05
2.14675
0.000364901
9.68692e-05
2.14691
0.000379827
9.50987e-05
0.000451581
9.35527e-05
1.86354
6.91854e-06
1.9643
1.69398e-06
2.03604
-1.21299e-07
2.08975
-3.33006e-08
2.13052
-3.97501e-07
2.16221
-7.32625e-07
2.18754
-1.51374e-07
2.20821
1.94956e-06
2.22531
6.15142e-06
2.23958
1.29781e-05
2.25157
2.24925e-05
2.26168
3.38915e-05
2.27022
4.5566e-05
2.27747
5.58819e-05
2.28362
6.40643e-05
2.28886
7.02588e-05
2.29333
7.4925e-05
2.29715
7.84206e-05
2.30041
8.09993e-05
2.3032
8.28874e-05
2.30559
8.42807e-05
2.30765
8.53273e-05
2.30941
8.61358e-05
2.31092
8.67882e-05
2.31222
8.7345e-05
2.31334
8.78481e-05
2.31431
8.83252e-05
2.31514
8.87937e-05
2.31586
8.92635e-05
2.31649
8.97397e-05
2.31703
9.02233e-05
2.31751
9.07119e-05
2.31793
9.11996e-05
2.3183
9.16768e-05
2.31863
9.21308e-05
2.31893
9.25481e-05
2.31921
9.29165e-05
2.31949
9.32262e-05
2.31977
9.34686e-05
9.35271e-05
1.52063
0.177425
-4.35753e-06
1.40662
0.11402
-5.18537e-06
1.32161
0.0850027
-6.28744e-06
1.25574
0.0658757
-9.86505e-06
1.20428
0.0514649
-1.46669e-05
1.16332
0.0409692
-2.05698e-05
1.12999
0.0333471
-2.83245e-05
1.10242
0.0275857
-3.82235e-05
1.07938
0.0230542
-4.99555e-05
1.06001
0.0194047
-6.28028e-05
1.04362
0.0164226
-7.57733e-05
1.0297
0.0139575
-8.78542e-05
1.01785
0.0119
-9.83883e-05
1.00773
0.0101692
-0.000107193
0.999076
0.00870489
-0.00011428
0.991669
0.00746134
-0.000119662
0.985324
0.00640253
-0.000123481
0.979882
0.00549914
-0.000126069
0.975214
0.00472699
-0.000127804
0.971208
0.0040661
-0.000128972
0.967768
0.00349992
-0.000129763
0.964813
0.00301458
-0.000130317
0.962275
0.00259839
-0.000130739
0.960094
0.00224145
-0.000131108
0.958219
0.00193536
-0.000131475
0.956607
0.001673
-0.000131872
0.95522
0.00144828
-0.000132315
0.954025
0.00125603
-0.000132809
0.952994
0.00109183
-0.000133355
0.952104
0.000951949
-0.000133949
0.951333
0.000833179
-0.00013459
0.950663
0.000732824
-0.00013528
0.950077
0.000648614
-0.000136022
0.949561
0.000578678
-0.00013682
0.949103
0.000521547
-0.000137675
0.948691
0.000476252
-0.000138584
0.948313
0.000442733
-0.000139538
0.947954
0.00042329
-0.000140506
0.947591
0.000428016
-0.000141369
0.000489682
-0.000141881
1.61655
0.258947
5.18825e-07
1.54735
0.183225
6.05664e-07
1.49193
0.140425
-1.41377e-06
1.44586
0.111947
-5.59695e-06
1.40697
0.0903661
-1.12253e-05
1.37408
0.0738677
-1.83912e-05
1.3462
0.06124
-2.76357e-05
1.32249
0.0513215
-3.91723e-05
1.30226
0.0433087
-5.26547e-05
1.28497
0.0367216
-6.7182e-05
1.27018
0.0312515
-8.14329e-05
1.25751
0.0266745
-9.41096e-05
1.24664
0.0228192
-0.000104571
1.23731
0.0195532
-0.000112856
1.22929
0.0167748
-0.00011903
1.22241
0.0144054
-0.00012305
1.21649
0.0123817
-0.000125153
1.21139
0.0106508
-0.000125882
1.20701
0.0091684
-0.000125759
1.20324
0.00789757
-0.000125119
1.19999
0.00680748
-0.000124146
1.19719
0.00587208
-0.000122951
1.19477
0.0050693
-0.000121598
1.19269
0.00438034
-0.000120118
1.19089
0.00378924
-0.000118526
1.18933
0.00328237
-0.000116829
1.18799
0.00284813
-0.000115035
1.18682
0.00247659
-0.000113156
1.1858
0.0021593
-0.000111208
1.18491
0.00188906
-0.000109212
1.18414
0.00165974
-0.00010719
1.18345
0.00146616
-0.000105168
1.18284
0.00130394
-0.000103173
1.1823
0.00116944
-0.000101234
1.1818
0.00105963
-9.93788e-05
1.18135
0.000971926
-9.76373e-05
1.18094
0.000903566
-9.60462e-05
1.18055
0.000849638
-9.46708e-05
1.18023
0.000794544
-9.3648e-05
0.00069844
-9.3864e-05
1.66771
0.289303
-2.23457e-06
1.62536
0.225577
-5.1841e-06
1.58492
0.180861
-9.0054e-06
1.54832
0.148558
-1.4411e-05
1.51552
0.12317
-2.20607e-05
1.48667
0.102736
-3.26891e-05
1.46165
0.0862827
-4.71332e-05
1.44009
0.072904
-6.58458e-05
1.42158
0.061864
-8.83909e-05
1.40569
0.052658
-0.000113135
1.39207
0.0449362
-0.000137444
1.38039
0.0384318
-0.00015883
1.37036
0.0329283
-0.000176638
1.36175
0.0282503
-0.000191542
1.35436
0.0242613
-0.00020352
1.34801
0.0208547
-0.00021211
1.34255
0.0179426
-0.000217645
1.33785
0.0154503
-0.000221072
1.33381
0.0133147
-0.000223197
1.33033
0.0114834
-0.000224515
1.32733
0.00991237
-0.000225379
1.32475
0.00856428
-0.000226089
1.32251
0.00740744
-0.000226878
1.32059
0.00641485
-0.000227895
1.31892
0.00556349
-0.000229216
1.31747
0.00483372
-0.000230867
1.31622
0.00420879
-0.000232835
1.31513
0.00367436
-0.000235086
1.31419
0.00321823
-0.000237573
1.31336
0.00282997
-0.000240247
1.31263
0.00250073
-0.000243059
1.31199
0.00222301
-0.000245971
1.31142
0.00199051
-0.00024895
1.31091
0.00179801
-0.000251979
1.31044
0.00164134
-0.00025505
1.31002
0.00151753
-0.000258167
1.30962
0.00142561
-0.000261346
1.30922
0.00136929
-0.000264607
1.30877
0.00136836
-0.000267907
0.00147253
-0.000271494
1.68228
0.305089
-3.22746e-06
1.65536
0.252499
-6.7887e-06
1.62647
0.209756
-1.16753e-05
1.59911
0.175925
-1.94101e-05
1.57403
0.148268
-3.14519e-05
1.55151
0.125278
-4.93056e-05
1.53166
0.106168
-7.45365e-05
1.51437
0.0902526
-0.000108081
1.49939
0.076913
-0.000149145
1.48646
0.0656733
-0.000194231
1.47533
0.0561784
-0.000237383
1.46575
0.0481426
-0.000273247
1.45751
0.0413173
-0.000301859
1.45042
0.0354949
-0.000325523
1.44432
0.0305165
-0.000343468
1.43909
0.0262584
-0.000354672
1.43458
0.022615
-0.000360679
1.43071
0.0194941
-0.000363827
1.42738
0.0168178
-0.000365419
1.42451
0.0145214
-0.000365838
1.42205
0.0125502
-0.000365202
1.41992
0.010858
-0.00036362
1.4181
0.00940513
-0.000361205
1.41652
0.008158
-0.000358064
1.41516
0.00708786
-0.000354307
1.41398
0.0061702
-0.000350058
1.41297
0.00538406
-0.000345437
1.41209
0.00471155
-0.000340561
1.41133
0.00413737
-0.000335539
1.41066
0.00364848
-0.000330469
1.41008
0.00323379
-0.000325438
1.40956
0.00288388
-0.000320525
1.40911
0.00259083
-0.000315797
1.4087
0.00234796
-0.000311321
1.40834
0.00214968
-0.00030716
1.408
0.00199104
-0.000303384
1.4077
0.00186675
-0.000300079
1.40744
0.00176789
-0.000297388
1.40727
0.00166938
-0.000295592
0.0015122
-0.000295985
1.68882
0.31434
-4.54071e-06
1.67236
0.26896
-9.90054e-06
1.65307
0.22905
-1.78248e-05
1.63368
0.195334
-3.04538e-05
1.61519
0.16678
-5.0346e-05
1.59806
0.142446
-8.06216e-05
1.58255
0.121732
-0.000124672
1.56876
0.104126
-0.000184837
1.55665
0.0891492
-0.000259977
1.54608
0.0764009
-0.000342795
1.5369
0.0655613
-0.000419879
1.52892
0.0563494
-0.000480605
1.522
0.0484908
-0.000530933
1.51602
0.0417528
-0.000576848
1.51086
0.0359695
-0.000612038
1.50641
0.0310121
-0.000632238
1.50257
0.0267636
-0.000641228
1.49925
0.0231189
-0.000644396
1.49639
0.0199898
-0.000644961
1.49392
0.017303
-0.000644627
1.49178
0.0149959
-0.000644541
1.48993
0.013015
-0.000645439
1.48833
0.0113144
-0.000647636
1.48695
0.00985488
-0.000651134
1.48575
0.00860281
-0.000655772
1.4847
0.00752951
-0.000661323
1.4838
0.00661042
-0.000667539
1.48301
0.00582453
-0.000674182
1.48232
0.00515388
-0.000681045
1.48171
0.00458316
-0.000687966
1.48118
0.00409934
-0.00069483
1.4807
0.00369138
-0.000701565
1.48028
0.00334998
-0.000708132
1.4799
0.00306738
-0.000714525
1.47956
0.00283731
-0.000720757
1.47924
0.00265514
-0.00072687
1.47894
0.00251875
-0.000732929
1.47863
0.00243183
-0.000739017
1.47824
0.00241718
-0.000745097
0.00253144
-0.000751483
1.69262
0.319789
-6.4181e-06
1.6824
0.279181
-1.41623e-05
1.66954
0.241931
-2.60206e-05
1.65584
0.209054
-4.54224e-05
1.6423
0.180348
-7.70303e-05
1.62947
0.155341
-0.000127069
1.61765
0.133644
-0.000202765
1.60703
0.114896
-0.000309825
1.59764
0.0987485
-0.000446817
1.58943
0.0848907
-0.000597479
1.58228
0.073064
-0.000727681
1.57603
0.0629991
-0.000814112
1.57057
0.054375
-0.000887132
1.56586
0.0469355
-0.000961766
1.56179
0.0405283
-0.00101965
1.55829
0.0350292
-0.00105477
1.55526
0.0303103
-0.00107629
1.55265
0.0262549
-0.00109075
1.5504
0.0227673
-0.00109911
1.54846
0.019768
-0.00110124
1.54679
0.0171895
-0.00109794
1.54535
0.0149729
-0.0010905
1.54411
0.0130681
-0.00108012
1.54304
0.0114317
-0.00106781
1.54211
0.0100267
-0.00105437
1.54131
0.00882154
-0.00104044
1.54062
0.00778885
-0.00102653
1.54001
0.00690532
-0.00101298
1.53948
0.00615096
-0.00100002
1.53902
0.00550869
-0.000987805
1.53862
0.00496393
-0.000976424
1.53826
0.00450432
-0.000965929
1.53794
0.00411941
-0.000956371
1.53765
0.00380039
-0.000947811
1.53739
0.00353984
-0.000940325
1.53716
0.00333125
-0.000933994
1.53694
0.00316797
-0.000928916
1.53677
0.0030399
-0.000925251
1.5367
0.00292081
-0.000923291
0.00275116
-0.000924664
1.69483
0.323023
-8.63567e-06
1.68855
0.285476
-1.92706e-05
1.68027
0.250229
-3.61949e-05
1.67111
0.218237
-6.48951e-05
1.66185
0.189666
-0.000113428
1.65292
0.164361
-0.000193438
1.64461
0.142102
-0.000319721
1.6371
0.122645
-0.000505974
1.63048
0.105737
-0.000752621
1.62471
0.0911539
-0.00102672
1.61967
0.078725
-0.00124297
1.61516
0.0681841
-0.00136365
1.61119
0.0590961
-0.00149782
1.60777
0.0511796
-0.0016369
1.60483
0.0443291
-0.00171268
1.60229
0.0384402
-0.00172924
1.60008
0.0333815
-0.00172301
1.59817
0.0290311
-0.00171598
1.59651
0.0252892
-0.0017143
1.59507
0.0220727
-0.00171852
1.59382
0.0193091
-0.00172814
1.59273
0.0169352
-0.00174225
1.59179
0.0148965
-0.00175959
1.59097
0.0131465
-0.0017789
1.59026
0.0116453
-0.00179913
1.58963
0.0103585
-0.00181946
1.58909
0.00925676
-0.00183929
1.58861
0.0083149
-0.0018582
1.58819
0.00751139
-0.00187598
1.58782
0.00682789
-0.00189252
1.58749
0.00624874
-0.00190785
1.58719
0.00576067
-0.001922
1.58693
0.00535246
-0.00193507
1.58669
0.00501476
-0.00194717
1.58646
0.00473992
-0.00195849
1.58625
0.00452215
-0.00196932
1.58605
0.00435829
-0.00198
1.58583
0.00425093
-0.00199088
1.58553
0.00422089
-0.00200207
0.00432076
-0.00201401
1.69628
0.324808
-1.09689e-05
1.69273
0.289042
-2.48025e-05
1.6879
0.255083
-4.76331e-05
1.6824
0.223774
-8.77606e-05
1.67672
0.195424
-0.000158315
1.67116
0.170049
-0.000279873
1.66595
0.147539
-0.000481283
1.66126
0.127722
-0.000793602
1.65719
0.110406
-0.00122397
1.65375
0.0954313
-0.00169801
1.6507
0.082755
-0.00194544
1.64775
0.0721219
-0.00195408
1.64509
0.0628815
-0.00218033
1.64283
0.0547484
-0.00250601
1.64088
0.047684
-0.0027259
1.6392
0.0415943
-0.00285302
1.63774
0.0363404
-0.00292717
1.63647
0.0318011
-0.00296248
1.63538
0.0278823
-0.00296605
1.63443
0.0245044
-0.00294701
1.6336
0.0215958
-0.00291445
1.63289
0.0190928
-0.00287509
1.63226
0.01694
-0.00283313
1.63171
0.0150899
-0.00279125
1.63123
0.0135013
-0.00275115
1.6308
0.0121386
-0.00271384
1.63042
0.0109711
-0.00267976
1.63009
0.00997243
-0.002649
1.62979
0.00911995
-0.00262138
1.62952
0.0083943
-0.00259665
1.62928
0.00777897
-0.00257458
1.62906
0.00725997
-0.00255496
1.62886
0.00682543
-0.00253767
1.62867
0.00646536
-0.0025226
1.6285
0.00617129
-0.00250969
1.62834
0.00593588
-0.00249898
1.6282
0.0057518
-0.00249066
1.62809
0.00560869
-0.00248512
1.62807
0.00548168
-0.00248289
0.00531615
-0.00248595
1.69737
0.325511
-1.29955e-05
1.6959
0.290527
-2.97731e-05
1.69381
0.257192
-5.83548e-05
1.69138
0.22626
-0.000110295
1.68882
0.198083
-0.00020524
1.68629
0.172751
-0.000376672
1.68395
0.15021
-0.000677154
1.68192
0.130322
-0.00117524
1.68038
0.112916
-0.00191098
1.6794
0.0978689
-0.00278563
1.67846
0.0852651
-0.00296854
1.67701
0.0748403
-0.00240715
1.67573
0.0655633
-0.00253644
1.67474
0.0572579
-0.00280833
1.6739
0.0500288
-0.00280336
1.67313
0.043833
-0.00273211
1.67244
0.038516
-0.00272394
1.67183
0.033937
-0.00277318
1.67129
0.029993
-0.00284658
1.67082
0.0266
-0.00292677
1.6704
0.0236829
-0.00300804
1.67003
0.0211757
-0.00308739
1.66971
0.0190215
-0.00316234
1.66942
0.0171718
-0.00323131
1.66916
0.0155848
-0.00329375
1.66893
0.0142246
-0.00334975
1.66872
0.0130603
-0.00339979
1.66853
0.0120653
-0.00344451
1.66835
0.0112171
-0.00348462
1.66819
0.0104963
-0.00352079
1.66804
0.00988632
-0.00355359
1.66789
0.00937322
-0.00358357
1.66775
0.00894511
-0.00361121
1.66762
0.00859209
-0.00363704
1.6675
0.00830603
-0.0036616
1.66737
0.00808063
-0.00368558
1.66724
0.00791223
-0.00370985
1.66709
0.00780264
-0.00373545
1.66686
0.00777114
-0.00376292
0.00786853
-0.00379162
1.69829
0.325297
-1.4146e-05
1.69859
0.290241
-3.27566e-05
1.6989
0.256906
-6.51686e-05
1.69922
0.226006
-0.000125553
1.69952
0.197889
-0.000239578
1.69983
0.172656
-0.000454861
1.70019
0.150271
-0.000856917
1.70069
0.130622
-0.00158757
1.70154
0.113572
-0.00283789
1.70301
0.0990001
-0.00461595
1.70418
0.0867575
-0.00469704
1.70381
0.0764495
-0.00247637
1.70351
0.0675097
-0.00289759
1.70354
0.0596098
-0.00421508
1.70369
0.0526531
-0.00496019
1.70381
0.0465656
-0.00518353
1.70391
0.0412715
-0.00520582
1.70399
0.0366839
-0.00516828
1.70404
0.0327192
-0.0050973
1.70407
0.0292994
-0.00500544
1.70407
0.0263536
-0.00490767
1.70405
0.0238184
-0.00481343
1.70402
0.0216385
-0.00472644
1.70397
0.0197656
-0.00464772
1.70391
0.0181576
-0.00457711
1.70384
0.0167782
-0.00451392
1.70377
0.0155962
-0.00445727
1.70368
0.0145848
-0.00440621
1.70359
0.0137209
-0.00435983
1.70349
0.0129849
-0.00431726
1.70339
0.01236
-0.00427771
1.70329
0.0118321
-0.00424057
1.70318
0.0113892
-0.00420546
1.70307
0.0110213
-0.0041722
1.70296
0.0107199
-0.00414084
1.70285
0.0104778
-0.00411175
1.70275
0.0102875
-0.00408585
1.70267
0.010138
-0.00406488
1.7027
0.0100018
-0.00405162
0.00981815
-0.0040477
1.69917
0.324197
-1.39269e-05
1.70117
0.288252
-3.23802e-05
1.7038
0.254309
-6.45412e-05
1.70678
0.223085
-0.000124373
1.7099
0.194884
-0.000237053
1.71302
0.169752
-0.000448576
1.7161
0.147602
-0.000838055
1.71921
0.128281
-0.00152054
1.72259
0.111582
-0.00258076
1.72647
0.0972103
-0.00365806
1.72968
0.0846114
-0.00194139
1.73082
0.0734627
0.00278465
1.73168
0.0639872
0.00451531
1.73267
0.0560158
0.00456017
1.73359
0.0492662
0.00441212
1.73439
0.0434644
0.00419637
1.73508
0.0384445
0.00395114
1.73569
0.0341124
0.00368998
1.7362
0.0303808
0.00344667
1.73664
0.027166
0.00323746
1.737
0.0243959
0.00306096
1.7373
0.0220099
0.00291307
1.73754
0.0199557
0.00279063
1.73772
0.0181883
0.00269053
1.73787
0.0166684
0.0026096
1.73797
0.0153625
0.0025449
1.73804
0.0142414
0.00249379
1.73808
0.0132802
0.002454
1.7381
0.0124577
0.00242363
1.73809
0.0117555
0.00240115
1.73806
0.011158
0.00238524
1.73802
0.0106521
0.0023745
1.73796
0.0102269
0.00236765
1.7379
0.00987317
0.00236368
1.73782
0.00958354
0.00236159
1.73773
0.00935266
0.00236015
1.73763
0.00917831
0.00235765
1.73749
0.00906525
0.00235136
1.73725
0.00904069
0.00233665
0.00916887
0.00230943
1.70014
0.322129
-1.23222e-05
1.70398
0.284426
-2.85261e-05
1.70905
0.249259
-5.60827e-05
1.71481
0.217377
-0.000105696
1.72082
0.188973
-0.000195172
1.72679
0.163947
-0.000353386
1.7326
0.142089
-0.000620399
1.73826
0.123141
-0.00102724
1.74386
0.106781
-0.00151441
1.74935
0.092601
-0.00160719
1.75385
0.0800873
-3.55141e-06
1.75653
0.0690664
0.00292967
1.75876
0.0598823
0.00355034
1.76095
0.0522625
0.00305087
1.76289
0.0457195
0.00301971
1.76457
0.0400423
0.00319385
1.76602
0.035137
0.00333804
1.76728
0.0309131
0.00345956
1.76836
0.027278
0.00358237
1.76928
0.0241489
0.00370292
1.77005
0.0214561
0.00381257
1.7707
0.0191405
0.00390766
1.77123
0.0171507
0.00398807
1.77168
0.0154419
0.00405483
1.77204
0.0139754
0.00410919
1.77233
0.0127181
0.00415257
1.77256
0.0116412
0.00418639
1.77274
0.0107202
0.00421191
1.77288
0.00993422
0.00423024
1.77298
0.00926537
0.00424229
1.77305
0.00869844
0.00424879
1.77309
0.00822057
0.00425047
1.77311
0.00782094
0.00424802
1.77311
0.00749045
0.00424199
1.7731
0.0072214
0.00423268
1.77309
0.007007
0.00422015
1.77307
0.00683976
0.00420412
1.77309
0.00670684
0.00418421
1.77323
0.00657239
0.00416085
0.0063516
0.00413943
1.70132
0.318877
-9.8907e-06
1.70736
0.278401
-2.26766e-05
1.71526
0.241373
-4.35626e-05
1.72411
0.208566
-7.93198e-05
1.73322
0.179932
-0.000139925
1.74217
0.155107
-0.000238928
1.75075
0.133694
-0.000389201
1.75888
0.115303
-0.000584999
1.76653
0.099518
-0.000757784
1.7736
0.0858891
-0.000663333
1.77966
0.0739702
0.000150495
1.78434
0.0635257
0.00163064
1.78822
0.0546415
0.00259493
1.79163
0.047181
0.0031732
1.79455
0.0408458
0.00367495
1.79705
0.0354359
0.00399449
1.79921
0.0308205
0.00412611
1.80107
0.0268811
0.0041612
1.80268
0.0235123
0.00415516
1.80405
0.0206273
0.00412632
1.80523
0.0181548
0.00408374
1.80624
0.0160351
0.0040351
1.8071
0.0142177
0.00398603
1.80782
0.0126594
0.00393968
1.80844
0.0113234
0.00389748
1.80895
0.0101786
0.00385991
1.80939
0.00919845
0.00382708
1.80975
0.0083603
0.00379887
1.81005
0.00764488
0.00377501
1.8103
0.0070358
0.00375514
1.8105
0.0065192
0.00373884
1.81066
0.00608337
0.00372578
1.8108
0.00571853
0.0037156
1.8109
0.00541658
0.00370785
1.81099
0.00517113
0.00370197
1.81105
0.00497769
0.00369727
1.81109
0.00483514
0.00369294
1.81108
0.00475055
0.00368812
1.81093
0.00475888
0.00368222
0.00494182
0.00367543
1.70291
0.314033
-7.32436e-06
1.71181
0.26951
-1.6588e-05
1.7232
0.230002
-3.10153e-05
1.7356
0.196191
-5.42875e-05
1.74806
0.167508
-9.09976e-05
1.76008
0.143159
-0.000145732
1.77137
0.122503
-0.000218726
1.78182
0.104996
-0.000294188
1.79138
0.0901191
-0.000317959
1.79998
0.0773802
-0.000161451
1.80741
0.0663584
0.000357257
1.81353
0.0567989
0.00117867
1.81862
0.0486505
0.00178657
1.82298
0.0418059
0.00203299
1.82674
0.0360352
0.00210524
1.83
0.0311311
0.00212152
1.83282
0.026951
0.00212009
1.83526
0.0233832
0.00212322
1.83737
0.0203326
0.00213912
1.83919
0.0177201
0.00216547
1.84075
0.0154808
0.00219814
1.8421
0.0135604
0.00223416
1.84326
0.0119132
0.00227128
1.84425
0.0105003
0.00230764
1.8451
0.00928866
0.00234187
1.84583
0.00825029
0.00237309
1.84645
0.0073612
0.00240094
1.84698
0.00660096
0.00242528
1.84743
0.00595218
0.00244615
1.84782
0.00540006
0.00246358
1.84815
0.00493207
0.00247774
1.84843
0.00453757
0.00248887
1.84868
0.00420759
0.00249727
1.84889
0.0039346
0.00250318
1.84908
0.00371215
0.00250673
1.84925
0.0035342
0.00250802
1.84942
0.00339322
0.00250713
1.84963
0.00327437
0.00250419
1.84998
0.00313348
0.00249988
0.00286823
0.00249489
1.70529
0.306805
-5.09271e-06
1.71829
0.256517
-1.13878e-05
1.7343
0.214004
-2.07251e-05
1.7511
0.179404
-3.48293e-05
1.76754
0.151101
-5.53729e-05
1.78305
0.127689
-8.30005e-05
1.79734
0.108262
-0.000114389
1.8103
0.0921025
-0.000136306
1.8219
0.0785714
-0.00011691
1.83216
0.0671276
1.39901e-06
1.84103
0.0573514
0.000278788
1.84853
0.0489668
0.00067299
1.85486
0.0418311
0.00100094
1.86027
0.0358145
0.00119291
1.86492
0.0307388
0.00132651
1.86891
0.0264342
0.00144741
1.87233
0.0227741
0.00154728
1.87527
0.019659
0.00161952
1.87778
0.0170042
0.00166866
1.87994
0.014738
0.00170024
1.88179
0.0128011
0.00171813
1.88337
0.0111444
0.00172552
1.88472
0.00972659
0.00172528
1.88588
0.00851295
0.00171976
1.88686
0.00747407
0.00171074
1.88771
0.00658509
0.00169957
1.88843
0.00582494
0.00168724
1.88904
0.00517572
0.00167447
1.88957
0.00462225
0.00166175
1.89002
0.00415168
0.00164942
1.89041
0.00375312
0.00163773
1.89074
0.00341737
0.00162688
1.89103
0.00313676
0.00161693
1.89128
0.00290496
0.00160789
1.89149
0.00271697
0.00159967
1.89169
0.0025695
0.00159214
1.89185
0.00246251
0.00158513
1.89195
0.0024047
0.00157843
1.89188
0.0024356
0.00157202
0.00264856
0.00156564
1.7091
0.295767
-3.35465e-06
1.72811
0.237518
-7.37801e-06
1.74994
0.192172
-1.30272e-05
1.77162
0.157742
-2.09217e-05
1.79206
0.13067
-3.14404e-05
1.81089
0.108887
-4.39719e-05
1.82789
0.0912834
-5.51765e-05
1.84304
0.0769768
-5.63428e-05
1.85642
0.06521
-3.05207e-05
1.86812
0.0554013
4.7492e-05
1.87825
0.0471321
0.000198442
1.88691
0.0401182
0.000403258
1.89427
0.0341786
0.000592381
1.90057
0.0291737
0.000720255
1.90597
0.0249595
0.00079852
1.9106
0.021399
0.000846556
1.91458
0.0183814
0.000871411
1.918
0.0158192
0.000879978
1.92094
0.0136394
0.000881018
1.92348
0.0117813
0.000880444
1.92567
0.0101947
0.000880751
1.92756
0.00883836
0.000882791
1.92918
0.00767792
0.000886797
1.93059
0.00668459
0.000892631
1.9318
0.00583416
0.000899921
1.93284
0.00510622
0.000908224
1.93375
0.00448352
0.000917125
1.93453
0.00395145
0.000926283
1.93521
0.00349761
0.000935428
1.9358
0.00311153
0.000944353
1.93632
0.00278431
0.000952905
1.93677
0.00250847
0.000960971
1.93716
0.0022777
0.000968465
1.93752
0.00208666
0.000975318
1.93784
0.0019307
0.000981471
1.93813
0.00180527
0.000986865
1.93842
0.00170403
0.000991424
1.93873
0.00161324
0.000995041
1.9392
0.00149
0.000997627
0.00123496
0.000998325
1.71667
0.277159
-2.22188e-06
1.74614
0.208052
-4.94908e-06
1.77689
0.16143
-8.63793e-06
1.80534
0.12929
-1.31895e-05
1.83095
0.105067
-1.84439e-05
1.85364
0.0862061
-2.3625e-05
1.87348
0.0714626
-2.62817e-05
1.89067
0.0597902
-2.12569e-05
1.90552
0.0503591
-1.28974e-08
1.9183
0.0426003
4.82103e-05
1.92924
0.0361324
0.000130029
1.93855
0.0306956
0.000235604
1.94645
0.0261143
0.000336351
1.95318
0.0222584
0.0004101
1.95891
0.0190131
0.000458724
1.9638
0.0162743
0.000493494
1.96798
0.0139554
0.000520628
1.97155
0.0119878
0.000542255
1.97461
0.0103152
0.000559715
1.97723
0.00889084
0.0005738
1.97948
0.00767596
0.000584711
1.9814
0.00663854
0.00059253
1.98305
0.00575195
0.000597478
1.98446
0.00499388
0.000599877
1.98566
0.00434559
0.00060008
1.9867
0.00379129
0.000598441
1.98759
0.00331764
0.000595307
1.98835
0.00291337
0.000591003
1.98901
0.00256893
0.000585814
1.98957
0.00227622
0.000579983
1.99006
0.00202844
0.000573716
1.99049
0.00181983
0.000567178
1.99086
0.00164558
0.0005605
1.99119
0.00150172
0.000553776
1.99148
0.00138515
0.000547063
1.99174
0.00129395
0.000540391
1.99197
0.00122868
0.000533771
1.99214
0.0011969
0.000527231
1.99216
0.00123136
0.000521015
0.00140972
0.000515504
1.72977
0.245455
-1.12235e-06
1.77242
0.1654
-2.12494e-06
1.81218
0.121677
-3.64585e-06
1.84741
0.0940584
-5.59305e-06
1.87842
0.0740724
-7.74504e-06
1.9053
0.0593258
-9.40211e-06
1.92836
0.0484071
-8.87005e-06
1.94807
0.0400885
-3.21252e-06
1.96489
0.0335281
1.17547e-05
1.97925
0.0282223
4.05702e-05
1.99149
0.0238573
8.53501e-05
2.0019
0.0202231
0.000141475
2.01074
0.0171777
0.000197197
2.01827
0.0146204
0.000242108
2.02468
0.0124703
0.00027452
2.03016
0.0106579
0.000297861
2.03484
0.0091254
0.000314629
2.03885
0.00782632
0.000325902
2.04229
0.00672299
0.000332872
2.04524
0.00578415
0.000336968
2.04777
0.00498388
0.000339382
2.04995
0.00430079
0.000340955
2.05183
0.00371712
0.000342267
2.05344
0.00321807
0.000343701
2.05484
0.00279121
0.000345472
2.05604
0.00242613
0.000347676
2.05708
0.00211404
0.000350325
2.05798
0.00184751
0.000353384
2.05877
0.00162028
0.000356794
2.05945
0.00142704
0.000360483
2.06005
0.00126333
0.000364377
2.06057
0.00112538
0.000368403
2.06103
0.00100998
0.00037249
2.06145
0.000914456
0.000376567
2.06182
0.000836416
0.000380568
2.06216
0.000773432
0.000384424
2.06249
0.000721895
0.000388062
2.06283
0.00067344
0.000391378
2.06328
0.000600999
0.000394178
0.000440599
0.000395656
1.77805
0.165469
-2.67126e-06
1.84268
0.100762
-5.04771e-06
1.89263
0.071731
-6.27115e-06
1.93298
0.0537121
-6.76391e-06
1.96628
0.0407699
-7.10463e-06
1.99392
0.0316884
-6.91202e-06
2.017
0.0253266
-4.97813e-06
2.03642
0.0206726
4.1707e-07
2.05283
0.0171056
1.13793e-05
2.06676
0.0142854
2.98425e-05
2.07858
0.0120079
5.62808e-05
2.08862
0.0101385
8.81466e-05
2.09716
0.00858747
0.000119963
2.10441
0.00729345
0.000146509
2.1106
0.00621026
0.000166052
2.11587
0.00530031
0.000179816
2.12038
0.00453297
0.00018949
2.12423
0.00388384
0.000196232
2.12752
0.00333334
0.000200923
2.13035
0.00286548
0.000204277
2.13277
0.00246709
0.000206741
2.13484
0.00212735
0.000208513
2.13663
0.0018373
0.000209664
2.13816
0.00158952
0.000210224
2.13948
0.00137776
0.000210212
2.14061
0.00119681
0.000209649
2.14158
0.00104226
0.00020857
2.14243
0.000910404
0.00020702
2.14315
0.000798101
0.000205058
2.14379
0.000702701
0.000202744
2.14434
0.000621966
0.000200141
2.14482
0.00055401
0.000197304
2.14524
0.000497253
0.000194282
2.14562
0.000450391
0.000191115
2.14596
0.000412409
0.00018783
2.14626
0.000382697
0.00018445
2.14654
0.000361558
0.000180998
2.14678
0.00035197
0.000177521
2.14694
0.000366752
0.000174217
0.000438326
0.000171455
1.86354
2.06785e-06
1.9643
4.96853e-07
2.03603
-1.24297e-06
2.08975
-1.85491e-06
2.13052
-2.24587e-06
2.16221
-2.19658e-06
2.18754
-6.98775e-07
2.20821
3.40657e-06
2.22531
1.13489e-05
2.23958
2.41638e-05
2.25157
4.19906e-05
2.26168
6.33383e-05
2.27023
8.51858e-05
2.27747
0.000104463
2.28363
0.000119731
2.28887
0.000131282
2.29333
0.000139978
2.29715
0.000146477
2.30041
0.000151252
2.30321
0.000154728
2.3056
0.000157273
2.30765
0.000159167
2.30942
0.000160614
2.31093
0.000161767
2.31223
0.000162741
2.31335
0.000163613
2.31432
0.000164435
2.31515
0.000165238
2.31588
0.00016604
2.3165
0.000166846
2.31705
0.000167657
2.31752
0.000168467
2.31794
0.000169267
2.31831
0.000170045
2.31865
0.000170788
2.31895
0.000171479
2.31923
0.0001721
2.31951
0.000172633
2.31979
0.000173072
0.000173269
1.52064
0.177426
-2.85496e-06
1.40662
0.11402
-4.9081e-06
1.32161
0.0850023
-7.23354e-06
1.25574
0.0658749
-1.15281e-05
1.20428
0.0514636
-1.76933e-05
1.16332
0.040967
-2.57423e-05
1.12998
0.0333437
-3.62221e-05
1.10241
0.0275807
-4.94207e-05
1.07938
0.0230473
-6.50186e-05
1.06001
0.0193956
-8.21219e-05
1.04362
0.0164113
-9.9419e-05
1.0297
0.0139444
-0.000115542
1.01785
0.0118853
-0.000129589
1.00773
0.0101533
-0.000141307
0.999076
0.00868803
-0.000150722
0.99167
0.00744379
-0.000157862
0.985325
0.00638458
-0.000162926
0.979884
0.00548097
-0.000166366
0.975217
0.00470869
-0.000168688
0.97121
0.00404774
-0.000170271
0.96777
0.00348154
-0.000171369
0.964816
0.00299623
-0.000172162
0.962278
0.00258007
-0.00017279
0.960097
0.00222319
-0.000173354
0.958222
0.00191715
-0.000173921
0.95661
0.00165484
-0.00017453
0.955223
0.00143016
-0.000175203
0.954028
0.00123795
-0.000175948
0.952997
0.00107379
-0.000176764
0.952107
0.000933932
-0.000177647
0.951336
0.000815181
-0.000178593
0.950666
0.000714837
-0.000179601
0.95008
0.000630632
-0.000180672
0.949564
0.000560693
-0.000181809
0.949106
0.00050355
-0.000183011
0.948694
0.000458229
-0.000184279
0.948315
0.000424662
-0.0001856
0.947957
0.000405123
-0.000186935
0.947594
0.000409636
-0.000188104
0.000470619
-0.000188676
1.61655
0.258946
-1.21601e-06
1.54735
0.183224
-2.5496e-06
1.49193
0.140424
-5.32784e-06
1.44586
0.111945
-1.01167e-05
1.40697
0.0903631
-1.69183e-05
1.37408
0.0738629
-2.59931e-05
1.3462
0.0612325
-3.78745e-05
1.32249
0.0513103
-5.28132e-05
1.30226
0.0432931
-7.0416e-05
1.28497
0.0367009
-8.95323e-05
1.27019
0.0312259
-0.000108399
1.25752
0.0266449
-0.000125222
1.24665
0.0227864
-0.000139067
1.23732
0.0195177
-0.000149974
1.22931
0.0167373
-0.000158045
1.22243
0.0143666
-0.000163237
1.21651
0.0123423
-0.000165893
1.21142
0.0106112
-0.000166752
1.20704
0.00912873
-0.000166508
1.20327
0.00785799
-0.000165594
1.20003
0.00676807
-0.000164249
1.19723
0.00583291
-0.000162615
1.19482
0.0050304
-0.000160775
1.19274
0.00434175
-0.000158774
1.19094
0.00375098
-0.000156632
1.18939
0.00324446
-0.000154361
1.18805
0.00281059
-0.000151975
1.18688
0.00243943
-0.00014949
1.18587
0.00212254
-0.000146927
1.18499
0.0018527
-0.000144311
1.18421
0.00162377
-0.000141669
1.18353
0.00143058
-0.000139031
1.18293
0.00126873
-0.00013643
1.18239
0.00113459
-0.0001339
1.1819
0.00102511
-0.00013148
1.18145
0.000937706
-0.00012921
1.18103
0.000869606
-0.000127137
1.18065
0.000815895
-0.000125346
1.18033
0.000760988
-0.000124009
0.000665102
-0.000124332
1.66771
0.289302
-2.74551e-06
1.62536
0.225576
-6.14591e-06
1.58492
0.180859
-1.0898e-05
1.54832
0.148555
-1.78065e-05
1.51552
0.123165
-2.77781e-05
1.48667
0.102728
-4.18429e-05
1.46164
0.0862696
-6.10664e-05
1.44009
0.0728841
-8.60587e-05
1.42157
0.0618356
-0.000116328
1.40569
0.05262
-0.000149785
1.39207
0.0448892
-0.000182901
1.38039
0.0383778
-0.000212129
1.37037
0.032869
-0.000236396
1.36177
0.0281861
-0.000256638
1.35438
0.0241933
-0.000272841
1.34804
0.0207843
-0.000284408
1.34258
0.0178712
-0.00029187
1.33789
0.0153785
-0.000296556
1.33385
0.013243
-0.000299568
1.33037
0.0114119
-0.000301571
1.32738
0.00984136
-0.000303034
1.3248
0.00849386
-0.000304342
1.32257
0.00733763
-0.000305784
1.32064
0.00634565
-0.000307539
1.31898
0.00549486
-0.000309691
1.31754
0.00476564
-0.000312264
1.31629
0.00414119
-0.000315235
1.31521
0.00360721
-0.000318555
1.31426
0.00315147
-0.000322162
1.31344
0.00276357
-0.000325987
1.31271
0.00243463
-0.00032997
1.31208
0.00215718
-0.000334056
1.31151
0.00192491
-0.000338208
1.311
0.0017326
-0.000342402
1.31054
0.00157607
-0.000346633
1.31012
0.00145235
-0.00035091
1.30972
0.00136045
-0.000355252
1.30933
0.00130406
-0.000359691
1.30888
0.00130289
-0.000364148
0.00140638
-0.000368951
1.68228
0.305088
-4.12987e-06
1.65536
0.252497
-8.87306e-06
1.62647
0.209753
-1.55961e-05
1.59911
0.17592
-2.59653e-05
1.57403
0.14826
-4.18983e-05
1.55151
0.125265
-6.55466e-05
1.53165
0.106147
-9.91075e-05
1.51435
0.090219
-0.000143996
1.49938
0.0768638
-0.000199423
1.48646
0.0656068
-0.000260956
1.47533
0.0560965
-0.00032054
1.46576
0.0480501
-0.000370122
1.45752
0.0412166
-0.000409266
1.45043
0.0353857
-0.000441327
1.44435
0.0304007
-0.000465279
1.43912
0.0261393
-0.000479992
1.43462
0.0224946
-0.000487802
1.43075
0.0193733
-0.000491851
1.42743
0.016697
-0.000493796
1.42457
0.014401
-0.000494118
1.42211
0.0124306
-0.000492991
1.41999
0.0107393
-0.000490594
1.41816
0.00928754
-0.000487107
1.41659
0.00804164
-0.000482694
1.41524
0.00697282
-0.000477518
1.41407
0.00605652
-0.000471742
1.41306
0.00527176
-0.000465526
1.41218
0.00460062
-0.000459019
1.41142
0.00402778
-0.000452355
1.41076
0.00354018
-0.000445656
1.41018
0.00312671
-0.000439027
1.40967
0.00277795
-0.000432563
1.40922
0.00248596
-0.000426347
1.40882
0.00224405
-0.000420463
1.40846
0.00204662
-0.000414995
1.40813
0.00188871
-0.000410036
1.40783
0.00176502
-0.0004057
1.40757
0.00166665
-0.000402177
1.40741
0.00156858
-0.000399817
0.00141196
-0.000400411
1.68881
0.314339
-5.95777e-06
1.67236
0.268959
-1.29814e-05
1.65307
0.229047
-2.34373e-05
1.63367
0.195328
-4.00457e-05
1.61518
0.166769
-6.62632e-05
1.59804
0.142426
-0.000106442
1.58253
0.121699
-0.0001654
1.56874
0.104072
-0.000246783
1.55663
0.0890682
-0.000349849
1.54607
0.0762896
-0.000465544
1.53689
0.0654262
-0.000575672
1.52892
0.0562029
-0.000662934
1.52201
0.0483335
-0.000735047
1.51604
0.0415805
-0.000800201
1.51089
0.0357862
-0.00084882
1.50645
0.0308246
-0.000876288
1.50261
0.0265756
-0.000888918
1.4993
0.0229323
-0.00089428
1.49645
0.0198055
-0.000896652
1.49398
0.0171215
-0.000898169
1.49185
0.0148175
-0.000900177
1.49001
0.0128396
-0.000903488
1.48841
0.0111419
-0.000908403
1.48703
0.00968487
-0.00091486
1.48584
0.00843507
-0.00092262
1.4848
0.00736378
-0.000931378
1.4839
0.00644645
-0.000940812
1.48311
0.00566209
-0.000950622
1.48243
0.00499276
-0.000960554
1.48183
0.00442319
-0.000970419
1.4813
0.00394035
-0.000980085
1.48083
0.00353322
-0.000989477
1.48042
0.00319249
-0.000998562
1.48004
0.00291041
-0.00100734
1.4797
0.00268072
-0.00101584
1.47939
0.00249875
-0.00102413
1.47909
0.00236239
-0.0010323
1.47879
0.00227529
-0.00104048
1.4784
0.00226014
-0.00104854
0.00237327
-0.00105685
1.69262
0.319789
-8.41189e-06
1.6824
0.279179
-1.85462e-05
1.66953
0.241926
-3.41753e-05
1.65583
0.209046
-5.98291e-05
1.64229
0.180332
-0.000101809
1.62944
0.155314
-0.000168753
1.61761
0.133595
-0.00027107
1.60698
0.114813
-0.000417845
1.59759
0.0986188
-0.00060933
1.5894
0.0847084
-0.000825433
1.58227
0.0728488
-0.00101806
1.57602
0.0627813
-0.00114371
1.57057
0.0541431
-0.00124997
1.56587
0.0466761
-0.00135661
1.56182
0.0402526
-0.00143674
1.55833
0.0347489
-0.00148482
1.55531
0.0300291
-0.00151365
1.55271
0.0259737
-0.00153162
1.55047
0.022487
-0.00154037
1.54854
0.01949
-0.00154039
1.54688
0.0169146
-0.00153319
1.54545
0.0147019
-0.00152077
1.54421
0.012801
-0.00150483
1.54315
0.0111687
-0.00148673
1.54223
0.00976791
-0.0014675
1.54143
0.00856665
-0.00144796
1.54074
0.00753766
-0.00142871
1.54015
0.00665756
-0.00141015
1.53963
0.00590631
-0.00139252
1.53917
0.00526682
-0.00137598
1.53877
0.00472453
-0.00136061
1.53842
0.00426708
-0.00134646
1.5381
0.00388402
-0.00133359
1.53782
0.00356658
-0.00132209
1.53757
0.00330732
-0.00131209
1.53733
0.00309974
-0.00130369
1.53713
0.00293716
-0.001297
1.53696
0.00280945
-0.00129223
1.5369
0.00269049
-0.00128972
0.00252098
-0.00129183
1.69483
0.323022
-1.13302e-05
1.68854
0.285474
-2.52918e-05
1.68026
0.250224
-4.76361e-05
1.6711
0.218228
-8.57061e-05
1.66182
0.189648
-0.000150513
1.65287
0.164325
-0.000258435
1.64454
0.142035
-0.000431265
1.63702
0.122526
-0.000691529
1.63039
0.105541
-0.00104653
1.62466
0.0908728
-0.00145958
1.61964
0.078427
-0.00181023
1.61513
0.0679414
-0.00201223
1.61118
0.0588399
-0.0022419
1.60779
0.0508759
-0.00245093
1.60488
0.0440096
-0.00255667
1.60235
0.0381296
-0.00258367
1.60016
0.0330861
-0.00258455
1.59825
0.0287505
-0.00258682
1.5966
0.0250224
-0.00259666
1.59517
0.0218181
-0.00261339
1.59392
0.0190649
-0.00263569
1.59285
0.0166996
-0.00266222
1.59191
0.014668
-0.00269141
1.5911
0.0129237
-0.00272182
1.59039
0.011427
-0.00275227
1.58978
0.0101439
-0.00278189
1.58924
0.00904499
-0.00281009
1.58877
0.00810534
-0.00283646
1.58836
0.00730353
-0.00286088
1.588
0.00662128
-0.00288335
1.58767
0.00604302
-0.00290397
1.58739
0.00555549
-0.00292287
1.58713
0.00514752
-0.00294015
1.58689
0.00480975
-0.00295598
1.58668
0.0045346
-0.00297068
1.58648
0.00431623
-0.00298469
1.58628
0.00415147
-0.0029985
1.58607
0.0040428
-0.00301268
1.58578
0.00401083
-0.00302731
0.00410784
-0.0030431
1.69628
0.324808
-1.44091e-05
1.69272
0.28904
-3.26124e-05
1.68788
0.255079
-6.28251e-05
1.68238
0.223765
-0.000116278
1.67667
0.195405
-0.00021115
1.67108
0.17001
-0.000376875
1.66583
0.147461
-0.000656982
1.6611
0.12757
-0.00110395
1.65703
0.110131
-0.00174469
1.6537
0.0949935
-0.00248901
1.65071
0.082333
-0.00286409
1.64767
0.0718923
-0.00286474
1.64503
0.062642
-0.00334199
1.64281
0.0544576
-0.00386872
1.64091
0.0473853
-0.00419213
1.63925
0.0412957
-0.0043625
1.63781
0.0360393
-0.00444359
1.63657
0.0314986
-0.00446625
1.63549
0.0275822
-0.00444741
1.63455
0.0242096
-0.00440162
1.63374
0.0213077
-0.00434139
1.63302
0.0188115
-0.00427534
1.6324
0.0166654
-0.00420865
1.63186
0.0148216
-0.00414435
1.63138
0.0132386
-0.00408433
1.63096
0.0118809
-0.00402952
1.63059
0.0107177
-0.00398018
1.63026
0.00972259
-0.00393605
1.62996
0.00887303
-0.00389667
1.6297
0.00814969
-0.00386152
1.62946
0.00753618
-0.00383022
1.62924
0.00701858
-0.00380253
1.62905
0.0065851
-0.00377825
1.62887
0.00622578
-0.00375722
1.6287
0.00593217
-0.00373932
1.62854
0.00569689
-0.00372455
1.6284
0.00551255
-0.00371314
1.6283
0.00536869
-0.00370571
1.62829
0.00524043
-0.0037032
0.0050738
-0.00370989
1.69737
0.325511
-1.70915e-05
1.69589
0.290526
-3.92176e-05
1.6938
0.257189
-7.71598e-05
1.69134
0.226254
-0.000146716
1.68875
0.198069
-0.000275511
1.68618
0.172721
-0.000512598
1.68376
0.150144
-0.000940352
1.68165
0.130179
-0.00168237
1.6801
0.112623
-0.00285068
1.67943
0.0973725
-0.00448825
1.67865
0.0849572
-0.00481647
1.6769
0.0750957
-0.0038591
1.67572
0.0658274
-0.00454514
1.67482
0.0575353
-0.00498313
1.67399
0.0503646
-0.00495324
1.67322
0.0442315
-0.00490029
1.67253
0.0389589
-0.00495094
1.67192
0.034408
-0.00507164
1.67138
0.030484
-0.00521386
1.67091
0.0271069
-0.00535604
1.6705
0.0242028
-0.00549264
1.67014
0.0217063
-0.00562134
1.66982
0.0195616
-0.00574021
1.66954
0.0177205
-0.00584824
1.66929
0.0161417
-0.00594557
1.66907
0.0147894
-0.00603304
1.66886
0.0136331
-0.00611185
1.66868
0.0126463
-0.00618326
1.66851
0.0118064
-0.00624846
1.66835
0.011094
-0.00630849
1.66821
0.0104926
-0.00636415
1.66807
0.00998813
-0.0064161
1.66794
0.00956874
-0.00646496
1.66781
0.0092244
-0.00651139
1.66769
0.00894694
-0.00655609
1.66758
0.00872997
-0.00659999
1.66745
0.00856961
-0.00664433
1.66731
0.00846731
-0.00669077
1.66709
0.00844145
-0.00674031
0.00854211
-0.00679374
1.69828
0.325297
-1.86241e-05
1.69858
0.290241
-4.32154e-05
1.69888
0.256906
-8.63747e-05
1.69917
0.226006
-0.000167675
1.69944
0.197888
-0.000323809
1.69967
0.172656
-0.00062649
1.6999
0.150274
-0.00121637
1.70022
0.130639
-0.00236747
1.70099
0.113649
-0.00462879
1.70312
0.099287
-0.00866282
1.70471
0.0875552
-0.00215972
-0.00153206
-0.00269359
-0.00249848
1.70343
0.0778378
-0.000539854
-0.000271811
-0.00146775
-0.00165428
1.7033
0.0692996
-0.00624888
1.70346
0.0614147
-0.00824868
1.70368
0.0542887
-0.00910929
1.70386
0.0480752
-0.00920274
1.70398
0.0427098
-0.00907725
1.70406
0.0380755
-0.00891678
1.70411
0.0340781
-0.00873746
1.70412
0.030636
-0.00854953
1.70411
0.0276754
-0.00836933
1.70408
0.0251308
-0.00820576
1.70403
0.0229456
-0.00806078
1.70396
0.0210702
-0.00793334
1.70389
0.019462
-0.00782135
1.7038
0.0180841
-0.0077225
1.70371
0.016905
-0.0076346
1.70361
0.0158973
-0.00755572
1.7035
0.015038
-0.00748416
1.70339
0.0143072
-0.00741835
1.70327
0.0136879
-0.00735694
1.70315
0.0131659
-0.00729881
1.70303
0.012729
-0.00724342
1.7029
0.0123671
-0.00719048
1.70278
0.0120717
-0.00714
1.70265
0.0118354
-0.00709253
1.70254
0.0116508
-0.00704954
1.70245
0.0115065
-0.007014
1.70245
0.0113747
-0.00699147
0.0111937
-0.00698958
1.69917
0.324198
-1.83464e-05
1.70117
0.288253
-4.27571e-05
1.70378
0.254312
-8.56571e-05
1.70674
0.223092
-0.000166479
1.70981
0.194898
-0.000321723
1.71286
0.169783
-0.000622467
1.71583
0.147672
-0.00120543
1.71883
0.128437
-0.00231829
1.72233
0.11191
-0.00434318
1.72722
0.0978103
-0.00706768
1.73104
0.0851934
-0.0012807
8.44549e-05
-0.00170269
-0.000502254
1.73114
0.0737686
0.00217521
0.00287056
0.000726451
0.000984407
1.73181
0.0642154
0.00892138
1.73257
0.0563534
0.00886704
1.73339
0.0498428
0.00803922
1.73414
0.0441632
0.00735654
1.73481
0.0391754
0.00681798
1.73539
0.0348465
0.0063305
1.7359
0.0311056
0.00591527
1.73632
0.0278725
0.00557972
1.73667
0.0250794
0.00531064
1.73695
0.0226686
0.00509577
1.73717
0.0205895
0.00492618
1.73733
0.0187979
0.00479424
1.73746
0.0172551
0.00469339
1.73754
0.0159276
0.00461806
1.73759
0.0147866
0.00456352
1.73761
0.0138069
0.00452581
1.7376
0.0129672
0.00450181
1.73757
0.012249
0.00448918
1.73752
0.0116368
0.00448584
1.73746
0.0111173
0.00448934
1.73737
0.0106795
0.00449763
1.73728
0.0103143
0.00450922
1.73718
0.0100143
0.00452269
1.73706
0.00977395
0.00453625
1.73693
0.00959124
0.00454727
1.73677
0.0094713
0.00455135
1.7365
0.00944254
0.00454146
0.00957167
0.00451318
1.70014
0.32213
-1.62288e-05
1.70397
0.284428
-3.7656e-05
1.70904
0.249264
-7.43676e-05
1.71478
0.217386
-0.000141241
1.72075
0.188992
-0.000264061
1.72668
0.163987
-0.000487554
1.73245
0.14217
-0.000882926
1.73809
0.123296
-0.0015343
1.7439
0.10705
-0.00246081
1.75
0.092951
-0.00285117
1.75478
0.0802336
0.000180953
1.75654
0.0688089
0.00612506
1.75868
0.0597562
0.00587422
1.76091
0.0522799
0.00489546
1.76281
0.0457353
0.00522815
1.76447
0.0400356
0.00566125
1.76592
0.0351161
0.00594641
1.76717
0.0308818
0.00617325
1.76824
0.0272365
0.0063838
1.76914
0.0240969
0.00657506
1.7699
0.0213938
0.00673919
1.77053
0.0190682
0.00687477
1.77106
0.0170688
0.00698456
1.77149
0.0153506
0.0070721
1.77184
0.0138747
0.00714058
1.77212
0.0126079
0.00719293
1.77233
0.0115214
0.00723173
1.7725
0.010591
0.00725903
1.77263
0.00979551
0.00727652
1.77272
0.00911727
0.00728551
1.77278
0.00854107
0.00728702
1.77281
0.00805411
0.00728216
1.77282
0.00764562
0.00727201
1.77281
0.00730654
0.00725731
1.77279
0.00702927
0.0072385
1.77276
0.00680706
0.00721557
1.77273
0.00663253
0.00718803
1.77274
0.00649302
0.00715494
1.77288
0.00635281
0.00711612
0.00612636
0.00707881
1.70132
0.318878
-1.3016e-05
1.70735
0.278403
-2.99018e-05
1.71525
0.241378
-5.76348e-05
1.72409
0.208575
-0.000105573
1.73318
0.17995
-0.000188033
1.74211
0.155141
-0.000325852
1.75068
0.133758
-0.000543142
1.75882
0.115413
-0.000845577
1.76659
0.0996862
-0.0011659
1.77393
0.0860836
-0.00113233
1.78016
0.0740442
0.000110518
1.7846
0.0633219
0.00267398
1.78843
0.0543092
0.00421434
1.7918
0.0468257
0.00526039
1.79463
0.0404834
0.00609117
1.79707
0.0350902
0.00649936
1.7992
0.0305045
0.00661241
1.80104
0.0265918
0.00660664
1.80264
0.0232432
0.00655456
1.80401
0.0203733
0.00647766
1.80519
0.0179118
0.00638815
1.80619
0.0157999
0.00629623
1.80705
0.0139875
0.00620872
1.80778
0.0124321
0.00612886
1.8084
0.0110973
0.00605758
1.80892
0.0099526
0.00599474
1.80936
0.00897158
0.00593993
1.80972
0.00813187
0.00589269
1.81002
0.00741437
0.00585247
1.81028
0.00680282
0.00581849
1.81048
0.00628346
0.00579005
1.81065
0.00584468
0.00576664
1.81079
0.00547677
0.00574775
1.8109
0.00517171
0.00573272
1.81098
0.00492314
0.00572069
1.81105
0.0047267
0.00571063
1.81109
0.0045814
0.00570126
1.81109
0.00449445
0.00569111
1.81094
0.00450102
0.00567919
0.00468267
0.00566623
1.70291
0.314034
-9.63162e-06
1.71181
0.269512
-2.18536e-05
1.72319
0.230006
-4.09385e-05
1.73558
0.196198
-7.1966e-05
1.74804
0.167522
-0.000121493
1.76005
0.143183
-0.000196663
1.77135
0.122544
-0.000300007
1.78182
0.10506
-0.000413572
1.79145
0.0902028
-0.000466389
1.80018
0.077456
-0.000260655
1.80769
0.0663499
0.000534678
1.81372
0.0566368
0.00183648
1.81871
0.0483949
0.00271165
1.82303
0.0415353
0.00300699
1.82677
0.0357613
0.00308628
1.83001
0.0308505
0.0031154
1.83284
0.0266665
0.00313613
1.83528
0.0230971
0.00316956
1.8374
0.0200456
0.00321904
1.83923
0.0174331
0.00327845
1.8408
0.0151945
0.00334199
1.84216
0.0132752
0.003406
1.84332
0.0116294
0.00346789
1.84431
0.010218
0.00352567
1.84517
0.00900791
0.003578
1.8459
0.00797095
0.00362426
1.84652
0.00708312
0.00366439
1.84706
0.00632393
0.00369863
1.84751
0.00567599
0.00372723
1.84791
0.00512451
0.00375041
1.84824
0.00465697
0.00376853
1.84853
0.00426274
0.00378212
1.84878
0.00393285
0.00379171
1.849
0.00365977
0.00379773
1.84919
0.0034371
0.00380044
1.84936
0.00325884
0.00380004
1.84954
0.00311751
0.00379665
1.84975
0.0029983
0.0037904
1.85011
0.00285703
0.00378178
0.00259128
0.00376941
1.70529
0.306806
-6.69463e-06
1.71829
0.256518
-1.49905e-05
1.7343
0.214007
-2.72663e-05
1.7511
0.179409
-4.5941e-05
1.76753
0.15111
-7.34336e-05
1.78303
0.127704
-0.000110955
1.79733
0.108285
-0.000154753
1.81031
0.0921354
-0.000187861
1.82195
0.078609
-0.000167057
1.83226
0.0671521
-6.82086e-06
1.84117
0.0573277
0.000393277
1.84865
0.048865
0.000969379
1.85494
0.0416675
0.00143378
1.86034
0.0356238
0.00170369
1.86499
0.0305344
0.00190823
1.86897
0.0262208
0.00209396
1.87239
0.0225579
0.00223953
1.87532
0.0194448
0.0023397
1.87784
0.0167937
0.00240483
1.87999
0.0145317
0.00244438
1.88184
0.0125989
0.00246459
1.88343
0.010946
0.00247048
1.88478
0.00953171
0.00246628
1.88594
0.00832116
0.0024553
1.88694
0.00728498
0.00243999
1.88779
0.00639836
0.00242211
1.88851
0.00564026
0.00240295
1.88914
0.00499282
0.00238342
1.88967
0.00444091
0.00236411
1.89013
0.00397169
0.00234548
1.89052
0.00357429
0.00232786
1.89086
0.00323956
0.00231148
1.89115
0.00295982
0.00229646
1.89141
0.00272876
0.00228274
1.89163
0.00254141
0.00227021
1.89183
0.0023945
0.00225872
1.892
0.00228801
0.002248
1.8921
0.00223064
0.00223769
1.89204
0.00226187
0.00222747
0.00247482
0.00221589
1.7091
0.295768
-4.43195e-06
1.72811
0.237519
-9.76945e-06
1.74994
0.192174
-1.7208e-05
1.77161
0.157745
-2.77042e-05
1.79206
0.130675
-4.18152e-05
1.81088
0.108896
-5.87914e-05
1.82789
0.091296
-7.43836e-05
1.84305
0.0769925
-7.71273e-05
1.85645
0.0652251
-4.39292e-05
1.86818
0.0554057
6.16165e-05
1.87833
0.0471096
0.000272671
1.88698
0.0400555
0.000562906
1.89433
0.0340803
0.000828123
1.90061
0.0290558
0.00100372
1.906
0.0248321
0.00111051
1.91063
0.0212657
0.00117535
1.91461
0.0182445
0.00120848
1.91803
0.0156803
0.00122105
1.92098
0.0134994
0.00122527
1.92352
0.0116406
0.00122835
1.92572
0.0100538
0.00123295
1.92761
0.00869754
0.00123984
1.92924
0.00753755
0.00124913
1.93065
0.00654492
0.00126049
1.93186
0.0056954
0.00127339
1.93291
0.00496852
0.00128721
1.93382
0.00434698
0.00130143
1.93461
0.00381613
0.00131564
1.93529
0.00336354
0.00132953
1.93589
0.00297869
0.00134286
1.93641
0.00265269
0.00135546
1.93686
0.00237802
0.00136722
1.93726
0.00214837
0.00137804
1.93762
0.00195838
0.00138785
1.93794
0.00180343
0.00139661
1.93824
0.00167894
0.00140425
1.93853
0.0015786
0.00141067
1.93885
0.0014887
0.00141569
1.93933
0.00136642
0.00141886
0.00111267
0.0014176
1.71667
0.277159
-2.89669e-06
1.74614
0.208053
-6.33746e-06
1.77689
0.161431
-1.08851e-05
1.80534
0.129292
-1.67254e-05
1.83095
0.105071
-2.36737e-05
1.85364
0.0862109
-3.06313e-05
1.87348
0.071469
-3.43832e-05
1.89068
0.0597973
-2.80951e-05
1.90554
0.0503644
-1.8084e-07
1.91833
0.0425986
6.45047e-05
1.92928
0.0361165
0.000176159
1.93859
0.0306597
0.000321327
1.94649
0.0260593
0.000458895
1.95321
0.022191
0.000558249
1.95893
0.0189387
0.000623977
1.96383
0.0161952
0.000672085
1.96801
0.0138733
0.000710255
1.97158
0.0119041
0.000740812
1.97465
0.0102309
0.000765354
1.97727
0.00880665
0.000784876
1.97952
0.00759224
0.000799703
1.98144
0.00655553
0.000810076
1.98309
0.00566976
0.000816413
1.9845
0.00491256
0.000819234
1.98571
0.00426513
0.000819065
1.98675
0.00371167
0.000816416
1.98764
0.00323882
0.000811772
1.98841
0.0028353
0.000805571
1.98907
0.00249157
0.000798197
1.98964
0.00219953
0.000789974
1.99013
0.00195237
0.000781172
1.99056
0.00174434
0.000772012
1.99094
0.00157063
0.000762665
1.99127
0.00142728
0.000753255
1.99156
0.00131119
0.00074386
1.99183
0.00122044
0.000734519
1.99206
0.0011556
0.000725243
1.99224
0.00112422
0.000716039
1.99226
0.00115894
0.000707105
0.00133719
0.000698375
1.72977
0.245455
-1.75939e-06
1.77242
0.1654
-3.58339e-06
1.81218
0.121677
-5.82399e-06
1.84741
0.0940595
-8.53838e-06
1.87841
0.0740741
-1.14456e-05
1.9053
0.0593281
-1.3616e-05
1.92836
0.04841
-1.28998e-05
1.94807
0.0400914
-5.45201e-06
1.96491
0.0335295
1.43677e-05
1.97927
0.0282199
5.28635e-05
1.99151
0.0238476
0.00011323
2.00192
0.0202038
0.000189284
2.01076
0.0171489
0.000264671
2.01829
0.0145847
0.000325112
2.0247
0.0124304
0.000368705
2.03018
0.0106154
0.000400234
2.03486
0.00908115
0.0004229
2.03887
0.00778106
0.000438145
2.04231
0.00667717
0.000447714
2.04526
0.005738
0.000453607
2.0478
0.00493755
0.000457418
2.04998
0.00425439
0.000460234
2.05186
0.00367074
0.000462787
2.05348
0.0031718
0.000465545
2.05488
0.00274514
0.000468762
2.05608
0.00238033
0.000472536
2.05713
0.00206858
0.000476869
2.05803
0.00180246
0.000481703
2.05882
0.00157568
0.000486957
2.0595
0.00138293
0.000492532
2.0601
0.00121974
0.000498332
2.06063
0.00108232
0.000504261
2.06109
0.000967465
0.000510226
2.06151
0.000872483
0.000516138
2.06188
0.000794985
0.000521911
2.06223
0.000732541
0.00052746
2.06256
0.000681549
0.000532689
2.0629
0.000633667
0.000537431
2.06335
0.000561904
0.000541288
0.000402516
0.000542529
1.77805
0.165471
-1.90368e-06
1.84268
0.100763
-3.98217e-06
1.89263
0.0717313
-5.67848e-06
1.93298
0.0537125
-6.93841e-06
1.96628
0.0407706
-7.85732e-06
1.99392
0.0316892
-7.87752e-06
2.017
0.0253276
-5.55717e-06
2.03642
0.0206735
1.33255e-06
2.05284
0.0171058
1.56091e-05
2.06677
0.0142839
3.99177e-05
2.07859
0.0120035
7.49829e-05
2.08864
0.0101304
0.000117413
2.09717
0.00857551
0.000159751
2.10443
0.00727852
0.000194927
2.11061
0.0061934
0.000220731
2.11588
0.00528217
0.000238921
2.12039
0.00451392
0.000251761
2.12424
0.00386417
0.00026077
2.12754
0.00331328
0.0002671
2.13036
0.00284519
0.000271673
2.13279
0.00244669
0.000275049
2.13486
0.00210691
0.000277474
2.13665
0.00181689
0.000279041
2.13818
0.00156917
0.000279793
2.1395
0.0013575
0.000279765
2.14063
0.00117666
0.000278993
2.14161
0.00102222
0.000277529
2.14246
0.000890471
0.000275439
2.14318
0.000778276
0.000272799
2.14382
0.000682981
0.000269693
2.14437
0.000602345
0.0002662
2.14485
0.000534484
0.000262394
2.14528
0.000477818
0.000258337
2.14566
0.000431042
0.000254082
2.146
0.000393143
0.00024967
2.1463
0.00036351
0.00024513
2.14658
0.000342446
0.000240491
2.14683
0.000332925
0.000235802
2.14698
0.000347733
0.00023126
0.00041921
0.000227119
1.86354
1.55787e-07
1.9643
-8.55941e-07
2.03603
-2.34494e-06
2.08975
-3.26365e-06
2.13052
-3.73268e-06
2.16221
-3.42974e-06
2.18754
-1.27362e-06
2.20821
4.22897e-06
2.22531
1.47594e-05
2.23959
3.17376e-05
2.25158
5.53909e-05
2.26169
8.37543e-05
2.27024
0.000112778
2.27748
0.000138344
2.28364
0.000158569
2.28888
0.000173885
2.29334
0.000185441
2.29716
0.000194099
2.30042
0.000200483
2.30322
0.000205163
2.30562
0.000208631
2.30767
0.000211256
2.30943
0.00021331
2.31095
0.000214992
2.31225
0.000216449
2.31338
0.000217782
2.31434
0.000219052
2.31518
0.000220298
2.3159
0.000221539
2.31653
0.000222783
2.31707
0.000224026
2.31755
0.000225262
2.31797
0.000226478
2.31835
0.000227661
2.31868
0.000228791
2.31899
0.000229848
2.31927
0.000230804
2.31954
0.00023162
2.31983
0.000232226
0.000232155
1.52064
0.177427
-2.28472e-06
1.40662
0.11402
-4.64502e-06
1.32161
0.0850023
-7.59047e-06
1.25574
0.0658744
-1.21968e-05
1.20428
0.0514624
-1.88192e-05
1.16332
0.0409647
-2.7677e-05
1.12998
0.0333398
-3.92192e-05
1.10241
0.0275746
-5.37027e-05
1.07938
0.0230385
-7.08266e-05
1.06
0.0193839
-8.96548e-05
1.04361
0.0163965
-0.000108753
1.0297
0.0139269
-0.000126585
1.01784
0.0118657
-0.000142106
1.00773
0.010132
-0.000155022
0.999075
0.00866531
-0.000165372
0.99167
0.00742009
-0.0001732
0.985326
0.00636028
-0.000178735
0.979885
0.00545631
-0.000182484
0.975218
0.00468379
-0.000185006
0.971212
0.00402267
-0.000186723
0.967772
0.00345634
-0.00018791
0.964818
0.00297091
-0.000188765
0.96228
0.00255464
-0.000189441
0.960099
0.00219762
-0.000190045
0.958224
0.00189145
-0.000190649
0.956612
0.00162896
-0.000191295
0.955224
0.0014041
-0.000192006
0.954029
0.00121167
-0.000192791
0.952999
0.00104728
-0.000193647
0.952109
0.00090717
-0.000194572
0.951338
0.000788155
-0.000195561
0.950667
0.000687537
-0.000196614
0.950081
0.000603047
-0.000197732
0.949566
0.000532815
-0.000198917
0.949108
0.000475371
-0.000200173
0.948695
0.000429739
-0.000201497
0.948317
0.00039584
-0.000202878
0.947959
0.000375916
-0.000204269
0.947596
0.000379894
-0.000205475
0.000439679
-0.000205998
1.61655
0.258946
-1.83978e-06
1.54735
0.183223
-3.87787e-06
1.49193
0.140422
-6.99806e-06
1.44586
0.111943
-1.19227e-05
1.40697
0.090359
-1.90381e-05
1.37408
0.0738564
-2.87597e-05
1.3462
0.0612225
-4.16142e-05
1.32248
0.0512955
-5.78676e-05
1.30226
0.0432721
-7.71422e-05
1.28497
0.036673
-9.822e-05
1.27019
0.0311913
-0.000119157
1.25753
0.0266045
-0.00013788
1.24666
0.0227417
-0.000153239
1.23734
0.0194693
-0.000165253
1.22934
0.0166861
-0.000174073
1.22246
0.0143137
-0.000179665
1.21655
0.0122885
-0.000182432
1.21146
0.0105569
-0.000183205
1.20709
0.00907426
-0.000182754
1.20332
0.00780339
-0.000181551
1.20008
0.00671338
-0.000179856
1.19729
0.00577815
-0.000177828
1.19489
0.00497557
-0.000175566
1.19281
0.00428685
-0.000173127
1.19102
0.00369601
-0.000170541
1.18947
0.00318942
-0.000167828
1.18813
0.00275547
-0.000165006
1.18697
0.00238424
-0.000162097
1.18597
0.00206728
-0.000159123
1.18509
0.00179737
-0.000156111
1.18432
0.00156838
-0.000153087
1.18364
0.00137511
-0.000150082
1.18304
0.0012132
-0.000147132
1.18251
0.00107897
-0.000144275
1.18202
0.000969413
-0.000141551
1.18158
0.000881903
-0.000139004
1.18117
0.000813679
-0.000136685
1.1808
0.000759814
-0.000134686
1.18048
0.000704755
-0.000133206
0.00060881
-0.000133582
1.66771
0.289302
-2.96248e-06
1.62536
0.225575
-6.50366e-06
1.58492
0.180857
-1.15212e-05
1.54831
0.148551
-1.89235e-05
1.51552
0.123159
-2.97374e-05
1.48666
0.102717
-4.51346e-05
1.46164
0.0862521
-6.63035e-05
1.44008
0.0728574
-9.39794e-05
1.42157
0.061797
-0.000127746
1.40569
0.052568
-0.000165418
1.39208
0.0448243
-0.000203091
1.3804
0.0383028
-0.000236504
1.37038
0.0327862
-0.000264103
1.36179
0.0280966
-0.00028698
1.35441
0.0240982
-0.000305188
1.34807
0.0206861
-0.000318075
1.34262
0.0177713
-0.000326324
1.33793
0.0152777
-0.000331501
1.3339
0.0131417
-0.000334867
1.33043
0.0113103
-0.000337171
1.32744
0.00973948
-0.000338924
1.32486
0.00839171
-0.000340533
1.32264
0.00723515
-0.000342295
1.32072
0.00624272
-0.000344386
1.31906
0.00539138
-0.000346888
1.31763
0.00466149
-0.000349819
1.31639
0.0040363
-0.000353152
1.31531
0.0035015
-0.000356835
1.31437
0.0030449
-0.000360801
1.31355
0.0026561
-0.000364982
1.31283
0.00232625
-0.000369314
1.3122
0.00204788
-0.000373745
1.31164
0.00181468
-0.000378238
1.31113
0.00162145
-0.000382773
1.31068
0.00146401
-0.000387349
1.31026
0.00133937
-0.000391977
1.30987
0.00124653
-0.00039668
1.30948
0.00118915
-0.000401496
1.30905
0.00118684
-0.000406386
0.00128869
-0.000411843
1.68228
0.305088
-4.44807e-06
1.65536
0.252496
-9.61788e-06
1.62647
0.20975
-1.70361e-05
1.59911
0.175914
-2.8422e-05
1.57402
0.14825
-4.58691e-05
1.5515
0.125247
-7.18466e-05
1.53164
0.106118
-0.00010893
1.51434
0.0901734
-0.000158939
1.49936
0.0767965
-0.000221384
1.48645
0.0655145
-0.000291716
1.47533
0.055981
-0.000360991
1.46576
0.0479186
-0.000418836
1.45753
0.0410728
-0.000463696
1.45046
0.0352295
-0.000499868
1.44438
0.0302351
-0.000526242
1.43916
0.0259685
-0.000541699
1.43467
0.0223209
-0.000549185
1.43081
0.0191973
-0.000552322
1.42749
0.0165191
-0.000552964
1.42464
0.0142213
-0.000551702
1.42219
0.0122494
-0.000548819
1.42007
0.0105568
-0.000544594
1.41826
0.009104
-0.00053929
1.41669
0.00785717
-0.000533124
1.41535
0.00678756
-0.000526294
1.41418
0.00587058
-0.00051898
1.41318
0.00508524
-0.000511349
1.41231
0.00441359
-0.000503549
1.41156
0.00384032
-0.00049571
1.41091
0.00335236
-0.000487947
1.41034
0.00293857
-0.000480361
1.40984
0.00258954
-0.000473037
1.40939
0.00229731
-0.00046606
1.409
0.00205519
-0.000459512
1.40864
0.00185754
-0.000453485
1.40832
0.00169942
-0.000448075
1.40803
0.00157549
-0.000443406
1.40778
0.00147687
-0.000439687
1.40763
0.00137864
-0.000437357
0.00122223
-0.000438563
1.68881
0.314338
-6.46972e-06
1.67235
0.268956
-1.41094e-05
1.65306
0.229043
-2.55195e-05
1.63366
0.19532
-4.36627e-05
1.61516
0.166754
-7.24114e-05
1.59802
0.1424
-0.000116779
1.5825
0.121653
-0.000182505
1.56871
0.103998
-0.000274393
1.55659
0.0889547
-0.000392803
1.54604
0.0761304
-0.00052892
1.53688
0.0652283
-0.000663093
1.52892
0.055986
-0.00077049
1.52202
0.0480985
-0.000857905
1.51606
0.0413218
-0.000936017
1.51093
0.0355118
-0.000992353
1.5065
0.0305435
-0.00102314
1.50268
0.0262916
-0.00103729
1.49938
0.0226463
-0.00104382
1.49653
0.0195178
-0.00104742
1.49407
0.0168321
-0.0010503
1.49195
0.0145262
-0.00105374
1.49011
0.0125462
-0.00105848
1.48853
0.0108459
-0.00106478
1.48716
0.00938612
-0.00107255
1.48597
0.00813344
-0.00108154
1.48494
0.00705921
-0.00109144
1.48405
0.00613896
-0.00110194
1.48327
0.00535177
-0.00111274
1.48259
0.00467974
-0.00112359
1.482
0.00410762
-0.00113431
1.48148
0.00362241
-0.00114479
1.48103
0.00321308
-0.00115496
1.48062
0.00287033
-0.0011648
1.48026
0.00258638
-0.00117431
1.47993
0.00235493
-0.00118353
1.47962
0.00217129
-0.00119252
1.47933
0.00203331
-0.0012014
1.47904
0.00194456
-0.00121033
1.47866
0.00192759
-0.00121933
0.0020382
-0.00122917
1.69262
0.319787
-9.13885e-06
1.6824
0.279176
-2.01591e-05
1.66952
0.241921
-3.72296e-05
1.65581
0.209036
-6.5372e-05
1.64226
0.180312
-0.000111701
1.6294
0.155276
-0.000186238
1.61756
0.133527
-0.000301588
1.60691
0.114697
-0.000469972
1.59752
0.0984315
-0.000695025
1.58935
0.0844361
-0.000957571
1.58225
0.0725173
-0.00120543
1.57601
0.0624449
-0.00136333
1.57057
0.0537777
-0.00149346
1.56589
0.0462629
-0.00161817
1.56186
0.0398086
-0.00170357
1.55838
0.0342861
-0.00174888
1.55538
0.0295506
-0.00177099
1.5528
0.025481
-0.00177998
1.55057
0.0219825
-0.0017787
1.54865
0.0189764
-0.00176865
1.547
0.016394
-0.00175202
1.54559
0.014176
-0.00173112
1.54436
0.0122712
-0.00170778
1.54331
0.0106359
-0.00168335
1.5424
0.00923285
-0.00165879
1.54162
0.00802995
-0.00163484
1.54094
0.00699978
-0.00161196
1.54035
0.00611886
-0.00159043
1.53984
0.00536711
-0.00157041
1.5394
0.00472738
-0.00155194
1.53901
0.00418507
-0.00153501
1.53867
0.00372779
-0.00151964
1.53837
0.00334509
-0.00150588
1.5381
0.00302815
-0.00149387
1.53785
0.0027695
-0.00148375
1.53764
0.00256255
-0.0014756
1.53744
0.00240055
-0.00146948
1.53729
0.0022733
-0.00146562
1.53723
0.00215476
-0.00146443
0.00198597
-0.00146876
1.69483
0.323021
-1.23237e-05
1.68854
0.285471
-2.75377e-05
1.68025
0.250218
-5.20081e-05
1.67107
0.218216
-9.39496e-05
1.66178
0.189623
-0.000165947
1.65281
0.164277
-0.000287311
1.64445
0.141942
-0.000485095
1.63689
0.122354
-0.000790538
1.63025
0.105246
-0.00122249
1.62456
0.0904238
-0.00175624
1.61961
0.077944
-0.00228671
1.61509
0.0675639
-0.00260858
1.61117
0.0584218
-0.00296954
1.60783
0.0503725
-0.00322203
1.60495
0.0434646
-0.0033331
1.60245
0.0375713
-0.00336346
1.60026
0.0325196
-0.00337212
1.59837
0.0281731
-0.00338472
1.59673
0.0244323
-0.00340522
1.59531
0.0212151
-0.00343152
1.59408
0.0184492
-0.00346179
1.59302
0.0160715
-0.00349472
1.5921
0.0140281
-0.00352902
1.5913
0.012273
-0.00356348
1.59061
0.0107665
-0.00359716
1.59001
0.00947455
-0.00362936
1.5895
0.00836786
-0.00365958
1.58904
0.00742138
-0.00368756
1.58865
0.00661366
-0.00371327
1.58831
0.00592635
-0.00373683
1.588
0.00534373
-0.0037584
1.58773
0.00485245
-0.00377805
1.58749
0.00444119
-0.0037958
1.58727
0.00410056
-0.00381182
1.58708
0.0038229
-0.00382659
1.58689
0.00360232
-0.00384067
1.58671
0.00343549
-0.00385473
1.58652
0.00332467
-0.00386954
1.58624
0.00329003
-0.00388562
0.00338282
-0.00390498
1.69628
0.324807
-1.56944e-05
1.69272
0.289038
-3.5574e-05
1.68787
0.255073
-6.87685e-05
1.68234
0.223753
-0.000127963
1.67661
0.195379
-0.00023422
1.67098
0.169955
-0.000422888
1.66566
0.147346
-0.00074927
1.66087
0.127337
-0.00128748
1.65678
0.109675
-0.00209338
1.65362
0.0941489
-0.0030522
1.65073
0.0815537
-0.00358131
1.64749
0.0716355
-0.00369753
1.64492
0.0621972
-0.00455085
1.64276
0.0537969
-0.00512682
1.6409
0.0465676
-0.00543943
1.6393
0.0403782
-0.00556285
1.6379
0.0350492
-0.00557955
1.63669
0.0304546
-0.00553971
1.63565
0.0265012
-0.00546777
1.63473
0.0231043
-0.00537881
1.63394
0.0201862
-0.00528419
1.63325
0.0176795
-0.00519111
1.63264
0.0155267
-0.00510335
1.63212
0.0136789
-0.00502281
1.63165
0.012094
-0.00495051
1.63125
0.0107359
-0.00488661
1.6309
0.0095733
-0.0048306
1.63058
0.00857952
-0.00478153
1.63031
0.00773173
-0.00473836
1.63006
0.00701051
-0.00470022
1.62984
0.00639943
-0.00466668
1.62964
0.00588461
-0.00463757
1.62947
0.0054542
-0.00461275
1.6293
0.00509816
-0.00459201
1.62915
0.00480798
-0.00457505
1.62902
0.00457611
-0.00456173
1.6289
0.00439496
-0.00455226
1.62881
0.00425381
-0.0045474
1.62882
0.00412769
-0.00454845
0.00396341
-0.00456202
1.69736
0.32551
-1.86425e-05
1.69588
0.290525
-4.2862e-05
1.69377
0.257186
-8.47072e-05
1.6913
0.226245
-0.000162215
1.68866
0.19805
-0.000307922
1.68601
0.172677
-0.000582246
1.68346
0.150041
-0.00109377
1.68121
0.129939
-0.00202984
1.67957
0.112047
-0.00357963
1.67954
0.0961902
-0.00650588
1.67911
0.0221984
-0.00203147
0.0212975
0.0221539
0.021162
-0.00173713
-0.0027516
-0.00312551
1.67664
0.0197629
-0.00116926
0.0189671
0.0197887
0.0190762
-0.00101523
-0.00248871
-0.00267121
1.67576
0.0665409
-0.00800499
1.67487
0.0580222
-0.00832692
1.67404
0.0510039
-0.00855552
1.67327
0.0449891
-0.00873714
1.67258
0.0397489
-0.00896271
1.67198
0.0351876
-0.00921074
1.67148
0.0312391
-0.0094426
1.67104
0.0278325
-0.00964665
1.67066
0.0248969
-0.00982609
1.67033
0.0223689
-0.00998464
1.67005
0.0201938
-0.0101243
1.6698
0.0183241
-0.0102466
1.66959
0.0167187
-0.0103538
1.6694
0.015342
-0.010448
1.66923
0.0141632
-0.0105319
1.66908
0.0131559
-0.0106075
1.66894
0.012297
-0.0106765
1.66881
0.0115672
-0.0107403
1.6687
0.0109496
-0.0107998
1.66859
0.0104302
-0.0108556
1.66849
0.00999651
-0.010908
1.6684
0.00963852
-0.0109578
1.66831
0.00934781
-0.0110055
1.66822
0.00911779
-0.0110524
1.66813
0.00894424
-0.0110998
1.66801
0.00882793
-0.01115
1.66782
0.00878567
-0.0112055
0.00886622
-0.0112728
1.69828
0.325297
-2.03393e-05
1.69857
0.290241
-4.73124e-05
1.69885
0.256906
-9.50777e-05
1.69911
0.226006
-0.000186207
1.69932
0.197888
-0.000364601
1.69943
0.172655
-0.000720718
1.69943
0.150272
-0.00144728
1.69933
0.130649
-0.00297426
1.69965
0.113737
-0.00663614
0.425598
0.0997422
-0.00240368
-0.00326719
-0.00364133
-0.00588255
0.425673
0.42561
0.425745
0.425831
0.0229452
-0.00314001
-0.426017
0.425551
0.0210475
-0.00135778
1.70235
0.0730934
-0.00206439
-0.0016455
-0.00385975
-0.00401525
-0.425346
-0.426247
-0.42548
-0.426494
1.70279
0.0655469
-0.0162109
1.70322
0.0580905
-0.0166233
1.70351
0.0516493
-0.0161594
1.70369
0.0461716
-0.0156821
1.7038
0.0414724
-0.0153062
1.70385
0.0374346
-0.0149805
1.70385
0.0339661
-0.0146881
1.70382
0.0309864
-0.0144319
1.70377
0.0284259
-0.0142114
1.7037
0.0262253
-0.014022
1.70362
0.0243339
-0.0138579
1.70352
0.0227081
-0.0137135
1.70341
0.0213108
-0.0135841
1.7033
0.0201103
-0.0134663
1.70318
0.0190796
-0.0133575
1.70305
0.0181958
-0.0132554
1.70292
0.017439
-0.0131582
1.70278
0.0167927
-0.0130641
1.70264
0.0162424
-0.0129718
1.7025
0.0157763
-0.0128813
1.70236
0.0153846
-0.0127925
1.70221
0.0150589
-0.0127058
1.70206
0.0147921
-0.0126219
1.70193
0.0145764
-0.0125431
1.70181
0.0144007
-0.0124739
1.7018
0.014237
-0.0124248
0.0140264
-0.0124224
1.69916
0.324198
-2.00498e-05
1.70115
0.288255
-4.6855e-05
1.70375
0.254316
-9.44317e-05
1.70668
0.2231
-0.000185386
1.70969
0.194917
-0.000364152
1.71262
0.169827
-0.000723505
1.71538
0.147776
-0.00146408
1.71805
0.128685
-0.00303312
1.72152
0.112489
-0.00656259
0.431786
0.0990932
-0.00278956
-0.00395097
-0.00264902
-0.0031562
0.431842
0.431966
0.432055
-0.0234594
0.432864
0.0236497
-0.00254932
-0.0213221
-0.433141
0.432649
0.0206952
0.00329451
1.73203
0.0641451
0.00413153
0.00491973
0.00490017
0.00426718
-0.43265
-0.433342
-0.432889
-0.433502
1.73204
0.0567069
0.0176986
1.73273
0.0509382
0.0145076
1.73335
0.0456616
0.01272
1.73394
0.0409014
0.0114954
1.73449
0.0367356
0.0105186
1.73496
0.0331123
0.00976451
1.73536
0.0299618
0.00919234
1.73567
0.0272273
0.00875408
1.73592
0.0248588
0.00841649
1.7361
0.0228109
0.00815608
1.73623
0.0210427
0.00795541
1.73631
0.0195175
0.0078016
1.73636
0.0182032
0.00768481
1.73636
0.0170717
0.00759726
1.73633
0.0160987
0.00753285
1.73628
0.0152631
0.00748705
1.73621
0.0145467
0.00745694
1.73611
0.0139341
0.00743967
1.736
0.0134127
0.00743098
1.73587
0.0129715
0.00742845
1.73573
0.0126016
0.00743033
1.73559
0.0122957
0.00743485
1.73543
0.0120488
0.00743973
1.73525
0.011859
0.0074413
1.73504
0.0117322
0.00743225
1.73472
0.0116985
0.00739508
0.0118261
0.0072839
1.70013
0.322131
-1.77308e-05
1.70396
0.284431
-4.1244e-05
1.70902
0.24927
-8.19e-05
1.71473
0.217399
-0.000156974
1.72066
0.189019
-0.000297831
1.72652
0.164044
-0.000563112
1.73219
0.14229
-0.00106079
1.73776
0.12354
-0.00196497
1.7439
0.107511
-0.00361831
1.75112
0.0936044
-0.0045818
1.7564
0.0803719
0.000358796
-0.0227535
-0.0213164
-0.0226586
-0.0212865
0.00207289
-0.00052878
0.000637277
1.75622
0.0676832
0.00447139
-0.0191777
-0.0183986
-0.0188499
-0.0179586
0.00559881
0.00150516
0.00143161
1.75897
0.0589731
0.00829988
1.76114
0.0515785
0.00785262
1.76294
0.044902
0.00946234
1.76455
0.039167
0.0105415
1.76595
0.0342626
0.0111902
1.76713
0.0300623
0.0116607
1.76813
0.0264587
0.0120384
1.76897
0.0233635
0.0123401
1.76966
0.0207056
0.0125718
1.77022
0.018425
0.0127437
1.77068
0.0164692
0.0128684
1.77104
0.0147924
0.0129563
1.77133
0.0133554
0.0130153
1.77155
0.0121248
0.0130514
1.77171
0.0110719
0.0130693
1.77183
0.0101727
0.0130722
1.7719
0.00940636
0.0130625
1.77193
0.00875527
0.0130419
1.77194
0.00820443
0.0130115
1.77192
0.00774116
0.0129734
1.77188
0.00735475
0.012929
1.77182
0.00703627
0.0128796
1.77175
0.00677822
0.0128258
1.77167
0.00657405
0.0127675
1.7716
0.00641665
0.0127041
1.77156
0.00629375
0.0126338
1.77165
0.00617009
0.0125541
0.00595877
0.0124598
1.70132
0.318879
-1.42069e-05
1.70734
0.278407
-3.27019e-05
1.71524
0.241384
-6.33011e-05
1.72406
0.208587
-0.000116779
1.73312
0.179975
-0.000210344
1.74202
0.155189
-0.000370949
1.75056
0.133849
-0.000635909
1.75871
0.115578
-0.00103381
1.76665
0.0999594
-0.00155809
1.77444
0.0864305
-0.00174796
1.78108
0.0741803
-0.000338728
1.7851
0.0628596
0.00347666
1.7889
0.0535876
0.00579817
1.79216
0.0460455
0.00753652
1.79484
0.0396431
0.00866621
1.79721
0.0342304
0.00907526
1.79929
0.0296429
0.00914641
1.80111
0.0257263
0.0091187
1.8027
0.0223713
0.00905627
1.80407
0.0194946
0.00897457
1.80525
0.0170271
0.00888487
1.80627
0.0149101
0.00879726
1.80713
0.0130936
0.00871798
1.80787
0.0115351
0.00864892
1.8085
0.0101985
0.00858964
1.80902
0.00905317
0.00853891
1.80947
0.00807263
0.0084959
1.80984
0.00723435
0.00846018
1.81015
0.00651906
0.00843122
1.8104
0.00591041
0.0084081
1.81061
0.00539457
0.00839003
1.81078
0.00495988
0.00837658
1.81092
0.00459658
0.00836717
1.81103
0.00429661
0.00836106
1.81112
0.00405356
0.00835736
1.81119
0.00386309
0.00835486
1.81123
0.00372427
0.00835197
1.81122
0.00364446
0.00834655
1.81108
0.0036588
0.008336
0.003847
0.00831427
1.70291
0.314035
-1.05018e-05
1.7118
0.269515
-2.38617e-05
1.72318
0.230011
-4.48337e-05
1.73557
0.196208
-7.92222e-05
1.74801
0.167541
-0.000134839
1.76001
0.143216
-0.000220974
1.7713
0.122601
-0.000343579
1.7818
0.105151
-0.000487476
1.79155
0.0903307
-0.000579187
1.80049
0.0775801
-0.000357593
1.80815
0.0663376
0.0007163
1.81401
0.0563548
0.00248957
1.81886
0.0479491
0.00349994
1.82313
0.0410473
0.00372762
1.82686
0.0352311
0.0037757
1.83011
0.0302779
0.00381555
1.83295
0.0260633
0.00387231
1.83542
0.0224709
0.00395289
1.83756
0.0194013
0.00404935
1.83941
0.0167748
0.00415114
1.841
0.0145257
0.00425176
1.84237
0.0125989
0.00434777
1.84355
0.0109476
0.00443694
1.84456
0.0095324
0.00451773
1.84543
0.00831976
0.00458934
1.84617
0.00728122
0.00465175
1.84681
0.00639254
0.00470553
1.84736
0.00563307
0.00475135
1.84783
0.00498529
0.00478968
1.84823
0.00443437
0.00482085
1.84858
0.00396772
0.00484538
1.84889
0.00357464
0.00486419
1.84915
0.00324608
0.00487816
1.84938
0.00297449
0.00488785
1.84959
0.00275346
0.0048936
1.84978
0.00257703
0.00489567
1.84997
0.00243774
0.0048943
1.85019
0.0023208
0.00488962
1.85057
0.00218198
0.00488232
0.00191893
0.00487
1.70529
0.306807
-7.29357e-06
1.71829
0.25652
-1.63437e-05
1.73429
0.214011
-2.97734e-05
1.75109
0.179416
-5.03432e-05
1.76751
0.151122
-8.0951e-05
1.78302
0.127725
-0.000123409
1.79732
0.108318
-0.000174464
1.81032
0.0921817
-0.000216249
1.82202
0.0786639
-0.000200219
1.83242
0.0671904
-1.80429e-05
1.84138
0.0572927
0.000475241
1.84882
0.0487049
0.00118346
1.85507
0.041407
0.00172498
1.86047
0.0353169
0.00203648
1.86511
0.0301993
0.00229731
1.86909
0.0258643
0.00252976
1.8725
0.0221889
0.00269936
1.87544
0.0190683
0.00280847
1.87796
0.0164109
0.00287511
1.88012
0.0141427
0.00291236
1.88198
0.0122039
0.00292837
1.88357
0.0105451
0.00292932
1.88494
0.00912496
0.00292014
1.88612
0.00790873
0.00290451
1.88712
0.00686716
0.00288499
1.88799
0.00597548
0.00286333
1.88873
0.00521273
0.00284076
1.88937
0.00456108
0.00281813
1.88991
0.00400541
0.00279601
1.89039
0.00353288
0.00277483
1.8908
0.0031326
0.00275499
1.89115
0.00279539
0.00273674
1.89146
0.00251355
0.00272013
1.89173
0.00228076
0.00270505
1.89197
0.00209204
0.00269136
1.89218
0.00194408
0.00267893
1.89236
0.00183688
0.00266747
1.89249
0.00177911
0.00265644
1.89244
0.0018101
0.00264536
0.00202253
0.00263268
1.7091
0.295768
-4.83327e-06
1.7281
0.23752
-1.06598e-05
1.74994
0.192176
-1.87881e-05
1.77161
0.15775
-3.03323e-05
1.79205
0.130683
-4.59893e-05
1.81088
0.108907
-6.50665e-05
1.82789
0.091313
-8.31152e-05
1.84307
0.0770142
-8.75897e-05
1.85649
0.0652464
-5.22363e-05
1.86827
0.0554127
6.73841e-05
1.87844
0.0470776
0.000316366
1.88708
0.0399635
0.000662108
1.89441
0.0339351
0.000971225
1.90068
0.028881
0.00116881
1.90606
0.0246409
0.0012869
1.91068
0.0210617
0.00135627
1.91466
0.0180303
0.00138949
1.91809
0.0154581
0.00140174
1.92105
0.0132703
0.0014071
1.9236
0.0114053
0.00141255
1.9258
0.00981309
0.00142017
1.92771
0.00845226
0.00143036
1.92935
0.00728834
0.00144303
1.93077
0.0062924
0.00145772
1.932
0.0054401
0.00147376
1.93306
0.00471092
0.00149049
1.93398
0.00408749
0.0015074
1.93477
0.00355509
0.00152408
1.93547
0.00310125
0.00154025
1.93607
0.00271542
0.00155568
1.9366
0.00238865
0.00157024
1.93707
0.0021134
0.00158379
1.93748
0.00188333
0.00159626
1.93785
0.00169308
0.00160757
1.93818
0.00153799
0.00161769
1.93849
0.0014135
0.00162656
1.93879
0.0013133
0.00163406
1.93912
0.00122374
0.00163998
1.9396
0.00110216
0.00164403
0.000850143
0.00164423
1.71667
0.277159
-3.14044e-06
1.74614
0.208053
-6.83069e-06
1.77688
0.161433
-1.16773e-05
1.80534
0.129295
-1.79945e-05
1.83095
0.105075
-2.56348e-05
1.85364
0.0862174
-3.34026e-05
1.87348
0.0714775
-3.78093e-05
1.89069
0.0598069
-3.13103e-05
1.90557
0.0503717
-7.8199e-07
1.91838
0.0425966
7.17047e-05
1.92934
0.0360945
0.000199401
1.93865
0.030609
0.000366447
1.94654
0.0259813
0.000522632
1.95325
0.0220949
0.000632956
1.95898
0.0188317
0.000705795
1.96387
0.0160803
0.000760091
1.96805
0.0137527
0.000803373
1.97163
0.0117796
0.000837611
1.9747
0.0101037
0.000864479
1.97733
0.00867732
0.000885124
1.97958
0.00746109
0.000900073
1.98151
0.00642271
0.000909813
1.98317
0.00553532
0.000914994
1.98458
0.00477648
0.000916314
1.9858
0.0041274
0.000914426
1.98685
0.00357226
0.000909932
1.98774
0.00309772
0.000903378
1.98852
0.00269253
0.000895249
1.98918
0.00234715
0.000885957
1.98976
0.00205351
0.000875846
1.99026
0.0018048
0.000865205
1.9907
0.00159528
0.000854267
1.99108
0.00142016
0.000843211
1.99142
0.00127547
0.00083216
1.99172
0.00115813
0.000821193
1.99199
0.00106623
0.000810346
1.99223
0.00100034
0.000799626
1.99241
0.000967987
0.000789044
1.99244
0.00100169
0.000778893
0.0011786
0.000769453
1.72977
0.245455
-1.98335e-06
1.77242
0.165401
-4.12618e-06
1.81218
0.121678
-6.68438e-06
1.84741
0.0940607
-9.72463e-06
1.87841
0.0740762
-1.29531e-05
1.9053
0.0593311
-1.53616e-05
1.92837
0.0484137
-1.46389e-05
1.94808
0.0400951
-6.56908e-06
1.96492
0.0335314
1.51856e-05
1.9793
0.0282164
5.79542e-05
1.99154
0.0238343
0.000125789
2.00195
0.020177
0.00021171
2.01079
0.0171088
0.000296513
2.01831
0.0145351
0.000363827
2.02473
0.0123749
0.000412093
2.03021
0.0105559
0.00044694
2.03489
0.00901886
0.000471737
2.0389
0.00771675
0.000488111
2.04235
0.00661135
0.000498221
2.0453
0.00567089
0.000504417
2.04784
0.00486927
0.000508474
2.05003
0.00418504
0.000511559
2.05191
0.00360043
0.000514437
2.05353
0.00310063
0.000517583
2.05494
0.00267322
0.000521242
2.05615
0.00230777
0.000525498
2.0572
0.00199547
0.00053034
2.05811
0.0017289
0.000535704
2.0589
0.00150176
0.000541498
2.05959
0.00130874
0.000547623
2.06019
0.00114534
0.000553976
2.06072
0.00100778
0.000560457
2.06119
0.000892838
0.000566967
2.06161
0.000797819
0.000573409
2.06199
0.000720334
0.000579695
2.06234
0.000657952
0.000585735
2.06268
0.00060708
0.000591426
2.06303
0.000559415
0.000596591
2.06348
0.000488103
0.000600874
0.000329888
0.000602786
1.77805
0.165471
-1.61902e-06
1.84268
0.100764
-3.43273e-06
1.89263
0.071732
-5.24088e-06
1.93298
0.0537134
-6.84479e-06
1.96628
0.0407717
-8.05962e-06
1.99392
0.0316907
-8.20957e-06
2.01701
0.0253292
-5.78165e-06
2.03643
0.0206749
1.64098e-06
2.05285
0.0171062
1.71898e-05
2.06678
0.0142821
4.38815e-05
2.07861
0.0119978
8.26475e-05
2.08865
0.0101193
0.000129719
2.09719
0.00855918
0.000176592
2.10444
0.00725808
0.000215269
2.11063
0.00617022
0.000243449
2.1159
0.0052571
0.000263258
2.12041
0.00448744
0.000277219
2.12426
0.00383664
0.000286977
2.12756
0.00328497
0.000293784
2.13039
0.00281627
0.000298632
2.13281
0.00241727
0.000302107
2.13489
0.00207705
0.000304469
2.13668
0.00178664
0.000305828
2.13822
0.00153855
0.00030625
2.13954
0.00132652
0.000305788
2.14067
0.00114529
0.000304501
2.14165
0.000990468
0.000302456
2.1425
0.000858324
0.000299735
2.14323
0.000745722
0.000296431
2.14387
0.000650012
0.000292634
2.14442
0.000568958
0.000288434
2.14491
0.000500677
0.000283911
2.14534
0.000443593
0.000279132
2.14572
0.000396407
0.000274155
2.14606
0.000358106
0.000269024
2.14637
0.000328083
0.000263774
2.14665
0.000306643
0.000258432
2.1469
0.000296756
0.000253056
2.14706
0.000311168
0.00024789
0.000382116
0.000243357
1.86354
-6.00976e-07
1.9643
-1.54406e-06
2.03603
-2.79529e-06
2.08975
-3.78822e-06
2.13052
-4.31643e-06
2.16221
-3.92064e-06
2.18754
-1.51377e-06
2.20821
4.50724e-06
2.22532
1.60192e-05
2.2396
3.46335e-05
2.25159
6.06541e-05
2.2617
9.19265e-05
2.27025
0.000123918
2.27749
0.000152024
2.28365
0.00017419
2.28889
0.000190954
2.29336
0.000203589
2.29718
0.000213024
2.30044
0.000219943
2.30324
0.000224981
2.30564
0.000228687
2.30769
0.00023147
2.30946
0.000233628
2.31098
0.000235379
2.31228
0.000236882
2.31341
0.000238244
2.31438
0.000239531
2.31522
0.000240785
2.31594
0.000242026
2.31657
0.000243261
2.31712
0.000244491
2.3176
0.000245708
2.31802
0.000246901
2.3184
0.000248057
2.31874
0.000249157
2.31904
0.000250178
2.31933
0.000251088
2.31961
0.000251843
2.3199
0.000252395
0.000252376
1.52064
0.177427
-1.88587e-06
1.40662
0.11402
-4.07345e-06
1.32161
0.0850018
-6.92806e-06
1.25574
0.0658734
-1.11689e-05
1.20428
0.0514605
-1.72514e-05
1.16331
0.0409616
-2.54878e-05
1.12998
0.033335
-3.62587e-05
1.1024
0.0275674
-4.97822e-05
1.07937
0.0230283
-6.58057e-05
1.05999
0.0193702
-8.34835e-05
1.04361
0.0163794
-0.000101476
1.02969
0.0139067
-0.000118308
1.01784
0.0118431
-0.000132948
1.00772
0.0101073
-0.000145098
0.999073
0.00863906
-0.000154814
0.991669
0.00739277
-0.000162155
0.985326
0.00633234
-0.000167345
0.979886
0.00542805
-0.000170869
0.975219
0.00465535
-0.000173258
0.971213
0.00399414
-0.000174908
0.967773
0.00342779
-0.000176077
0.964819
0.00294238
-0.000176951
0.962281
0.00252615
-0.000177669
0.9601
0.00216918
-0.00017833
0.958225
0.00186304
-0.000178998
0.956613
0.00160059
-0.000179709
0.955226
0.00137575
-0.000180481
0.954031
0.00118334
-0.000181321
0.953001
0.00101896
-0.000182225
0.95211
0.000878846
-0.000183189
0.951339
0.000759819
-0.00018421
0.950669
0.000659177
-0.000185285
0.950083
0.000574652
-0.000186418
0.949567
0.000504372
-0.000187609
0.949109
0.000446867
-0.000188862
0.948697
0.000401158
-0.000190172
0.948319
0.000367152
-0.000191524
0.947961
0.000347049
-0.000192862
0.947599
0.000350664
-0.000193965
0.000409324
-0.000194223
1.61655
0.258945
-1.84986e-06
1.54734
0.183222
-3.95069e-06
1.49193
0.140421
-6.92443e-06
1.44586
0.11194
-1.14222e-05
1.40696
0.0903546
-1.79321e-05
1.37407
0.0738494
-2.69129e-05
1.34619
0.0612115
-3.88507e-05
1.32248
0.051279
-5.40073e-05
1.30225
0.0432487
-7.20766e-05
1.28498
0.0366416
-9.19612e-05
1.2702
0.0311519
-0.000111836
1.25754
0.0265583
-0.000129664
1.24668
0.0226902
-0.000144236
1.23736
0.0194137
-0.000155558
1.22937
0.0166272
-0.000163828
1.22249
0.014253
-0.000169049
1.21659
0.0122271
-0.000171606
1.21151
0.0104954
-0.000172291
1.20714
0.00901283
-0.00017182
1.20338
0.00774226
-0.000170632
1.20015
0.00665267
-0.000168968
1.19736
0.00571793
-0.00016698
1.19496
0.00491588
-0.000164769
1.19289
0.00422772
-0.000162394
1.19111
0.00363745
-0.000159891
1.18956
0.00313145
-0.000157284
1.18823
0.0026981
-0.000154591
1.18708
0.00232747
-0.000151834
1.18607
0.0020111
-0.000149031
1.1852
0.00174178
-0.000146205
1.18444
0.00151337
-0.000143377
1.18377
0.00132065
-0.000140575
1.18317
0.00115926
-0.00013783
1.18264
0.00102553
-0.000135176
1.18217
0.000916413
-0.000132653
1.18173
0.0008293
-0.000130297
1.18133
0.000761412
-0.000128154
1.18096
0.000707809
-0.0001263
1.18065
0.000652953
-0.000124901
0.000557192
-0.000125245
1.66771
0.289301
-2.74747e-06
1.62536
0.225574
-5.98926e-06
1.58492
0.180855
-1.05814e-05
1.54831
0.148547
-1.73983e-05
1.51551
0.123152
-2.74301e-05
1.48665
0.102705
-4.18077e-05
1.46163
0.0862327
-6.16838e-05
1.44007
0.0728275
-8.78287e-05
1.42156
0.0617534
-0.00011998
1.40569
0.0525085
-0.000156202
1.39208
0.0447489
-0.000192824
1.38041
0.0382146
-0.000225491
1.3704
0.0326885
-0.000252287
1.36181
0.0279905
-0.000274276
1.35444
0.0239857
-0.00029171
1.34811
0.02057
-0.000304036
1.34267
0.0176539
-0.000311977
1.33799
0.01516
-0.00031709
1.33396
0.0130241
-0.000320599
1.3305
0.0111934
-0.000323209
1.32751
0.00962328
-0.000325383
1.32494
0.00827634
-0.000327471
1.32272
0.00712059
-0.00032972
1.32081
0.00612892
-0.000332268
1.31916
0.00527828
-0.000335172
1.31773
0.004549
-0.000338435
1.31649
0.00392434
-0.000342028
1.31542
0.00339001
-0.000345898
1.31448
0.0029338
-0.000349984
1.31367
0.00254532
-0.000354224
1.31296
0.00221575
-0.000358563
1.31233
0.00193759
-0.000362956
1.31177
0.00170455
-0.000367376
1.31128
0.00151141
-0.000371811
1.31083
0.00135399
-0.000376264
1.31042
0.0012293
-0.000380745
1.31003
0.00113631
-0.000385275
1.30965
0.00107864
-0.000389886
1.30921
0.00107578
-0.000394514
0.00117641
-0.000399652
1.68228
0.305087
-4.10782e-06
1.65536
0.252494
-8.90198e-06
1.62646
0.209747
-1.58175e-05
1.5991
0.175908
-2.64354e-05
1.57401
0.148238
-4.27245e-05
1.55148
0.125227
-6.70774e-05
1.53162
0.106085
-0.000102063
1.51432
0.090122
-0.000149657
1.49934
0.0767192
-0.000209794
1.48643
0.0654063
-0.000278554
1.47533
0.0558424
-0.000347616
1.46577
0.0477583
-0.000405732
1.45755
0.0408971
-0.000449914
1.45048
0.0350388
-0.000485116
1.44442
0.0300344
-0.000510812
1.43921
0.0257641
-0.000525773
1.43473
0.0221161
-0.000532813
1.43088
0.0189932
-0.00053542
1.42757
0.0163161
-0.000535385
1.42472
0.0140198
-0.000533357
1.42228
0.0120498
-0.000529716
1.42018
0.0103594
-0.000524824
1.41837
0.00890879
-0.000518995
1.41681
0.00766423
-0.000512476
1.41547
0.00659689
-0.000505466
1.41432
0.00568214
-0.000498135
1.41332
0.00489896
-0.000490626
1.41246
0.00422937
-0.000483059
1.41172
0.00365806
-0.000475538
1.41107
0.00317192
-0.000468151
1.41051
0.00275982
-0.000460974
1.41002
0.00241234
-0.000454075
1.40958
0.00212149
-0.000447525
1.40919
0.00188059
-0.000441404
1.40885
0.00168398
-0.000435799
1.40853
0.0015267
-0.0004308
1.40825
0.0014034
-0.000426511
1.408
0.00130522
-0.000423122
1.40786
0.00120733
-0.00042102
0.00105138
-0.000422373
1.68881
0.314337
-5.99428e-06
1.67235
0.268954
-1.3084e-05
1.65306
0.229038
-2.36999e-05
1.63365
0.195311
-4.06221e-05
1.61515
0.166737
-6.75544e-05
1.598
0.14237
-0.000109409
1.58247
0.121602
-0.000172011
1.56867
0.103913
-0.00026069
1.55655
0.0888211
-0.000377033
1.54601
0.0759372
-0.000514075
1.53686
0.0649776
-0.000655139
1.52892
0.0557036
-0.00076933
1.52202
0.0477864
-0.000856711
1.51609
0.0409737
-0.000933608
1.51097
0.0351458
-0.000989557
1.50656
0.0301743
-0.00102092
1.50275
0.0259251
-0.00103709
1.49946
0.0222841
-0.00104684
1.49663
0.0191606
-0.00105432
1.49418
0.0164798
-0.00106121
1.49206
0.0141786
-0.00106843
1.49024
0.0122028
-0.00107647
1.48866
0.0105062
-0.00108548
1.4873
0.00904953
-0.00109539
1.48612
0.00779949
-0.00110597
1.4851
0.00672746
-0.001117
1.48422
0.00580901
-0.00112823
1.48345
0.00502328
-0.00113941
1.48278
0.00435244
-0.00115038
1.4822
0.00378125
-0.00116102
1.48169
0.00329673
-0.00117126
1.48124
0.00288788
-0.00118108
1.48084
0.0025454
-0.00119049
1.48049
0.00226151
-0.0011995
1.48016
0.00202989
-0.00120816
1.47987
0.00184587
-0.00121655
1.47959
0.00170724
-0.00122478
1.4793
0.00161751
-0.00123302
1.47893
0.0015991
-0.00124126
0.00170725
-0.00125037
1.69261
0.319786
-8.47445e-06
1.68239
0.279173
-1.87079e-05
1.66951
0.241915
-3.46177e-05
1.6558
0.209024
-6.09658e-05
1.64224
0.18029
-0.000104618
1.62936
0.155234
-0.000175496
1.6175
0.133449
-0.000286609
1.60684
0.11456
-0.000451743
1.59744
0.0982027
-0.000677934
1.58928
0.0840873
-0.000950377
1.58222
0.072065
-0.00123447
1.576
0.0619835
-0.00141782
1.57058
0.0532646
-0.00155356
1.56593
0.04569
-0.0016866
1.56193
0.03922
-0.0017745
1.55847
0.0336977
-0.00181509
1.55549
0.0289654
-0.00182853
1.55292
0.0249001
-0.00182705
1.55071
0.0214072
-0.00181532
1.54881
0.018408
-0.00179607
1.54717
0.0158333
-0.00177196
1.54577
0.013623
-0.00174533
1.54456
0.0117257
-0.00171784
1.54351
0.0100976
-0.00169058
1.54262
0.00870114
-0.00166429
1.54185
0.00750423
-0.00163946
1.54118
0.00647943
-0.00161634
1.54061
0.00560324
-0.00159501
1.54011
0.00485559
-0.00157545
1.53967
0.00421936
-0.00155759
1.5393
0.00367997
-0.00154132
1.53897
0.00322512
-0.00152666
1.53868
0.00284442
-0.00151372
1.53842
0.00252908
-0.00150273
1.53819
0.0022716
-0.00149384
1.53798
0.00206538
-0.00148705
1.53779
0.00190361
-0.00148235
1.53765
0.00177604
-0.00147986
1.53761
0.00165664
-0.00147996
0.0014865
-0.00148606
1.69483
0.32302
-1.14413e-05
1.68853
0.285468
-2.5595e-05
1.68023
0.250212
-4.84671e-05
1.67105
0.218202
-8.79103e-05
1.66173
0.189595
-0.000156209
1.65273
0.16422
-0.000272788
1.64433
0.141831
-0.000466162
1.63673
0.122143
-0.000772334
1.63006
0.104867
-0.00121993
1.6244
0.0898055
-0.0018085
1.61954
0.0772066
-0.00257004
1.61498
0.0668062
-0.00287657
1.61115
0.0573443
-0.00321473
1.60788
0.0492467
-0.00351356
1.60505
0.0423823
-0.0036638
1.60258
0.0365421
-0.00373363
1.60042
0.0315361
-0.00378227
1.59854
0.0272226
-0.00382951
1.59691
0.0235051
-0.0038771
1.59551
0.0203051
-0.0039231
1.59429
0.0175519
-0.00396664
1.59325
0.0151832
-0.00400762
1.59234
0.0131461
-0.00404599
1.59156
0.011395
-0.00408162
1.59089
0.00989073
-0.00411438
1.59031
0.00859967
-0.00414418
1.58981
0.00749283
-0.00417098
1.58937
0.0065454
-0.00419485
1.589
0.00573609
-0.00421609
1.58867
0.00504666
-0.00423508
1.58838
0.00446143
-0.00425202
1.58813
0.00396705
-0.00426688
1.5879
0.00355225
-0.00427947
1.5877
0.00320768
-0.00429002
1.58752
0.00292579
-0.00429927
1.58735
0.00270067
-0.00430796
1.58719
0.00252891
-0.00431684
1.58701
0.00241253
-0.00432689
1.58675
0.00237129
-0.00433891
0.0024551
-0.00435673
1.69628
0.324806
-1.45909e-05
1.69271
0.289035
-3.31241e-05
1.68785
0.255067
-6.42548e-05
1.6823
0.223739
-0.000120216
1.67654
0.195349
-0.000221819
1.67085
0.16989
-0.000405158
1.66545
0.147206
-0.000729359
1.66056
0.12703
-0.00127903
1.65644
0.109019
-0.00212955
1.65352
0.0926402
-0.00296515
1.65082
0.0209249
-0.00495152
0.0198332
0.0208654
0.0196578
1.6472
0.0182633
-0.004764
0.0175392
0.0181707
0.0175146
1.64489
0.0608052
-0.00570218
1.64279
0.0525649
-0.00634515
1.64102
0.0452407
-0.00652359
1.63948
0.0390177
-0.0064984
1.63813
0.0336917
-0.00638991
1.63696
0.0291054
-0.00625244
1.63594
0.0251638
-0.00610876
1.63506
0.0217814
-0.00596874
1.63429
0.0188779
-0.00583832
1.63361
0.0163843
-0.0057205
1.63303
0.0142432
-0.00561604
1.63252
0.0124055
-0.0055249
1.63208
0.0108295
-0.00544679
1.63169
0.00947894
-0.00538072
1.63136
0.00832275
-0.00532504
1.63107
0.00733426
-0.00527779
1.63081
0.00649076
-0.00523721
1.63059
0.00577306
-0.00520214
1.63039
0.00516504
-0.00517244
1.63021
0.00465302
-0.00514823
1.63006
0.00422529
-0.00512954
1.62992
0.00387181
-0.00511598
1.62979
0.00358399
-0.00510689
1.62968
0.00335428
-0.00510192
1.62958
0.00317488
-0.00510107
1.62951
0.0030347
-0.00510496
1.62954
0.0029082
-0.00511533
0.00274114
-0.00514455
1.69736
0.32551
-1.73566e-05
1.69587
0.290523
-3.99862e-05
1.69375
0.257181
-7.9376e-05
1.69124
0.226236
-0.000153085
1.68855
0.198027
-0.000293696
1.6858
0.172623
-0.000564043
1.68309
0.149907
-0.00108187
1.68057
0.12959
-0.00207663
1.67848
0.111043
-0.00351642
0.41948
0.0250399
-0.001346
0.0232994
0.0248198
0.0227486
0.419549
0.41947
0.419648
-0.00179826
-0.00247971
-0.00381095
0.419383
0.0212848
-0.00229447
-0.419378
0.418859
0.0192306
-0.00161744
1.67586
0.0169974
-0.0120815
0.0161424
0.0169641
0.0161258
-0.418772
-0.419694
-0.418819
-0.41992
1.67491
0.0584356
-0.0132535
1.67413
0.0512955
-0.0138229
1.67335
0.0452962
-0.014237
1.67266
0.0399978
-0.0145832
1.67208
0.0353444
-0.0148733
1.6716
0.0313025
-0.0150985
1.6712
0.0278066
-0.0152657
1.67085
0.0247845
-0.0153903
1.67056
0.0221732
-0.0154843
1.67032
0.0199183
-0.0155548
1.67011
0.0179726
-0.0156063
1.66994
0.0162952
-0.0156429
1.66978
0.0148504
-0.0156686
1.66965
0.0136071
-0.0156867
1.66954
0.0125385
-0.0157
1.66945
0.0116215
-0.0157106
1.66936
0.0108364
-0.0157198
1.66929
0.0101664
-0.0157279
1.66922
0.00959707
-0.015735
1.66917
0.00911579
-0.0157408
1.66911
0.00871229
-0.0157459
1.66907
0.00837802
-0.0157509
1.66902
0.00810602
-0.0157564
1.66897
0.00789152
-0.0157638
1.66889
0.00773414
-0.0157753
1.66874
0.00764736
-0.0157938
0.00767241
-0.0158319
1.69828
0.325297
-1.89593e-05
1.69855
0.290241
-4.42087e-05
1.69882
0.256906
-8.93092e-05
1.69904
0.226005
-0.000176378
1.69917
0.197886
-0.00034966
1.69913
0.17265
-0.000703065
1.69877
0.150261
-0.00144101
1.69775
0.130624
-0.00299251
0.424201
0.113755
-0.000893085
0.423959
0.423983
0.423708
-0.00149036
-0.00189224
-0.00317331
0.423975
0.02588
-0.00301739
0.426112
0.0218235
-0.00620265
-0.424637
0.00421141
-0.021307
-0.425993
0.425175
0.0220631
-0.00394723
0.0023794
-0.019678
-0.42497
0.424507
0.0192919
-0.00389593
1.7018
0.0715177
-0.0302651
-0.424494
-0.425906
-0.424632
-0.425797
1.70214
0.0634756
-0.0291467
1.70235
0.0566388
-0.0277068
1.70242
0.0508173
-0.0265764
1.7024
0.0458183
-0.0257601
1.70232
0.041525
-0.0251227
1.70221
0.0378336
-0.0245976
1.70206
0.0346556
-0.0241615
1.70191
0.0319164
-0.0237969
1.70174
0.0295525
-0.0234878
1.70156
0.0275097
-0.0232197
1.70138
0.0257421
-0.0229806
1.7012
0.024211
-0.022762
1.70102
0.0228832
-0.0225581
1.70083
0.0217307
-0.0223649
1.70065
0.0207299
-0.0221792
1.70046
0.0198605
-0.0219988
1.70028
0.0191049
-0.0218208
1.7001
0.0184475
-0.0216419
1.69992
0.0178764
-0.0214636
1.69975
0.0173818
-0.0212859
1.69957
0.0169551
-0.0211092
1.6994
0.016589
-0.0209348
1.69924
0.0162756
-0.0207652
1.6991
0.0160032
-0.0206056
1.69905
0.0157418
-0.0204679
0.0154265
-0.0204002
1.69916
0.324199
-1.87015e-05
1.70114
0.288257
-4.38177e-05
1.70372
0.254321
-8.88176e-05
1.70661
0.22311
-0.000176006
1.70954
0.194939
-0.000350854
1.7123
0.169879
-0.000713151
1.71469
0.147907
-0.00149604
1.71653
0.129032
-0.00327926
0.429354
0.113444
-0.00144854
0.429671
0.429156
0.429606
-0.00189312
-0.00176479
-0.00240556
-0.0266261
0.429614
0.0271886
-0.00361282
-0.0237166
0.434992
0.0252469
-0.431109
-0.00195255
-0.00261195
-0.00344414
-0.00203025
0.0046254
-0.435464
-0.0233082
0.431672
0.0211635
0.00442666
0.00237541
0.00134418
0.00391437
-0.00612396
-0.432402
-0.022091
0.431661
0.0200733
0.00688992
1.72995
0.0586764
0.0299044
-0.431576
-0.433256
-0.431471
-0.433008
1.73074
0.0535344
0.0236593
1.7313
0.0482218
0.0205698
1.73186
0.0433914
0.0183609
1.73237
0.0391753
0.0166519
1.7328
0.0354887
0.0153742
1.73314
0.032262
0.014419
1.73341
0.0294445
0.0136959
1.73361
0.0269904
0.0131428
1.73375
0.0248574
0.0127134
1.73383
0.0230058
0.0123757
1.73387
0.0213995
0.0121078
1.73387
0.0200068
0.0118934
1.73383
0.0187997
0.0117203
1.73376
0.0177539
0.0115791
1.73366
0.016848
0.0114633
1.73355
0.0160635
0.0113699
1.73341
0.015385
0.0112947
1.73326
0.0148004
0.0112284
1.7331
0.0142985
0.0111693
1.73293
0.0138699
0.0111155
1.73274
0.0135073
0.0110653
1.73255
0.0132054
0.0110164
1.73234
0.0129627
0.0109646
1.73209
0.0127863
0.0109016
1.73171
0.0127102
0.0108086
0.012815
0.0106014
1.70013
0.322132
-1.65339e-05
1.70395
0.284434
-3.85487e-05
1.70899
0.249277
-7.69457e-05
1.71468
0.217413
-0.00014874
1.72056
0.18905
-0.000286064
1.72631
0.164112
-0.000552748
1.7318
0.142441
-0.00108227
1.73713
0.123874
-0.00213269
1.74365
0.10825
-0.00495368
0.438117
0.0948051
-0.000890807
-0.0264395
-0.0254183
-0.0265448
-0.0258235
0.437888
0.438333
0.438139
-0.000674723
-0.00134312
-0.00107465
-0.0237726
0.439475
0.0229215
-0.000148495
-0.0190088
-0.43994
0.439244
0.0184338
0.00574189
1.75962
0.0579482
0.0113381
-0.0162426
-0.0155143
-0.0167902
-0.0157501
-0.438798
-0.439288
-0.439005
-0.439223
1.76097
0.0501363
0.0150507
1.7627
0.0433093
0.0179536
1.76428
0.0376172
0.0195673
1.7656
0.0327502
0.0205132
1.76671
0.0285758
0.0211486
1.76764
0.0249906
0.0216068
1.7684
0.0219078
0.0219286
1.76903
0.0192587
0.0221343
1.76953
0.016984
0.0222482
1.76993
0.0150308
0.0222967
1.77024
0.0133536
0.0222989
1.77047
0.0119132
0.0222674
1.77064
0.0106765
0.0222121
1.77076
0.00961545
0.0221389
1.77082
0.00870646
0.0220517
1.77085
0.00792914
0.0219532
1.77085
0.0072661
0.0218447
1.77081
0.00670271
0.0217271
1.77076
0.00622673
0.0216034
1.77068
0.00582786
0.0214749
1.77059
0.00549728
0.0213427
1.77049
0.00522751
0.0212074
1.77038
0.00501205
0.0210692
1.77028
0.00484404
0.0209273
1.7702
0.00471177
0.0207796
1.77027
0.00458122
0.0206214
0.00436748
0.0204126
1.70131
0.318881
-1.32357e-05
1.70734
0.27841
-3.05194e-05
1.71522
0.241391
-5.93171e-05
1.72402
0.208601
-0.000110159
1.73306
0.180003
-0.000200487
1.74192
0.155245
-0.000359244
1.75039
0.133961
-0.000632464
1.75851
0.115792
-0.00106779
1.76663
0.100352
-0.00177901
1.77497
0.0870064
-0.0022963
1.78229
0.0745019
0.000954145
-0.0217328
-0.0200925
-0.0215087
-0.0197725
1.78573
0.0620007
0.00553304
-0.0177379
-0.0167116
-0.0171272
-0.0159295
1.78961
0.0524246
0.00744152
1.79256
0.0450262
0.00970456
1.79501
0.0386603
0.0108616
1.79728
0.0333068
0.011113
1.79933
0.0287675
0.0110784
1.80115
0.0248778
0.0109999
1.80275
0.0215377
0.0109144
1.80413
0.0186689
0.0108242
1.80534
0.0162043
0.0107353
1.80638
0.0140864
0.0106557
1.80727
0.0122662
0.0105895
1.80804
0.0107022
0.0105355
1.80869
0.00935886
0.0104912
1.80924
0.00820602
0.0104535
1.80972
0.00721751
0.0104218
1.81012
0.00637087
0.0103961
1.81045
0.00564694
0.0103759
1.81074
0.00502948
0.0103603
1.81098
0.00450472
0.0103485
1.81118
0.00406098
0.0103413
1.81135
0.00368863
0.0103379
1.81149
0.00337975
0.0103378
1.8116
0.0031281
0.0103397
1.8117
0.0029296
0.0103421
1.81177
0.0027836
0.0103432
1.81179
0.00269776
0.0103403
1.81167
0.00270782
0.0103294
0.00289398
0.0102958
1.70291
0.314036
-9.77396e-06
1.7118
0.269518
-2.22329e-05
1.72317
0.230017
-4.18958e-05
1.73555
0.196219
-7.43915e-05
1.74798
0.167561
-0.000127565
1.75996
0.143255
-0.000211378
1.77125
0.122669
-0.000334327
1.78177
0.105264
-0.000485836
1.79165
0.0904981
-0.000603034
1.8009
0.0777588
-0.000364631
1.80875
0.0663275
0.00104495
1.8143
0.0559832
0.00295176
1.81897
0.0474027
0.00385916
1.82321
0.040472
0.00403861
1.82691
0.0345926
0.00414322
1.83017
0.0295964
0.00426232
1.83304
0.0253669
0.00440477
1.83554
0.0217701
0.00456471
1.8377
0.0186999
0.00472608
1.83957
0.0160757
0.00487784
1.84117
0.0138308
0.00501577
1.84256
0.0119092
0.00513878
1.84375
0.0102635
0.00524665
1.84478
0.0088539
0.00533954
1.84566
0.00764676
0.0054182
1.84642
0.00661343
0.0054839
1.84708
0.00572953
0.00553832
1.84764
0.00497437
0.00558283
1.84813
0.00433048
0.00561813
1.84855
0.00378312
0.00564456
1.84892
0.00331974
0.00566289
1.84924
0.00292952
0.00567461
1.84953
0.00260338
0.00568118
1.84978
0.0023338
0.00568336
1.85
0.00211446
0.00568155
1.85021
0.00193947
0.0056764
1.85042
0.00180148
0.00566839
1.85066
0.00168581
0.00565768
1.85106
0.00154833
0.00564465
0.00128744
0.0056199
1.70529
0.306808
-6.7828e-06
1.71829
0.256522
-1.52061e-05
1.73429
0.214015
-2.77523e-05
1.75108
0.179424
-4.70879e-05
1.7675
0.151136
-7.61266e-05
1.783
0.127748
-0.000116975
1.7973
0.108355
-0.000167325
1.81033
0.0922365
-0.000210904
1.82209
0.0787316
-0.000201229
1.83261
0.067241
-1.50515e-05
1.84163
0.057249
0.000527965
1.84901
0.0484974
0.0012962
1.85521
0.0410762
0.00185216
1.86061
0.0349391
0.00216929
1.86524
0.0297973
0.00245973
1.8692
0.0254508
0.00271047
1.87261
0.0217767
0.00288111
1.87555
0.018662
0.0029834
1.87807
0.0160106
0.00304119
1.88024
0.0137476
0.00306977
1.88211
0.0118136
0.0030782
1.88371
0.0101592
0.00307303
1.8851
0.00874278
0.00305926
1.88628
0.00752981
0.00304037
1.88731
0.00649107
0.00301861
1.88819
0.00560189
0.00299539
1.88894
0.00484136
0.00297168
1.8896
0.00419168
0.00294812
1.89016
0.00363777
0.00292518
1.89065
0.00316683
0.00290335
1.89107
0.00276797
0.00288309
1.89144
0.00243201
0.00286461
1.89176
0.00215126
0.00284783
1.89205
0.0019194
0.00283254
1.89231
0.00173147
0.00281869
1.89253
0.00158418
0.00280631
1.89273
0.00147756
0.0027951
1.89287
0.00142034
0.00278432
1.89284
0.00145181
0.00277273
0.00166451
0.00275741
1.7091
0.295769
-4.4951e-06
1.7281
0.237522
-9.91355e-06
1.74994
0.192179
-1.74925e-05
1.7716
0.157755
-2.83134e-05
1.79205
0.130691
-4.30995e-05
1.81087
0.108921
-6.13208e-05
1.82789
0.0913323
-7.8979e-05
1.84308
0.0770392
-8.42697e-05
1.85654
0.0652717
-5.16437e-05
1.86836
0.0554217
6.59807e-05
1.87857
0.0470387
0.000322236
1.8872
0.03985
0.000679883
1.8945
0.0337588
0.000988926
1.90075
0.0286742
0.00117947
1.90612
0.0244189
0.00129471
1.91074
0.0208281
0.00136384
1.91472
0.017789
0.00139872
1.91815
0.0152125
0.00141564
1.92112
0.0130223
0.00142798
1.92368
0.0111561
0.00144122
1.92589
0.00956369
0.00145639
1.92781
0.00820361
0.00147343
1.92946
0.0070411
0.00149204
1.93089
0.00604703
0.00151171
1.93212
0.00519694
0.0015318
1.9332
0.0044702
0.00155175
1.93412
0.00384936
0.00157116
1.93493
0.00331961
0.00158978
1.93563
0.00286843
0.00160745
1.93624
0.00248522
0.00162404
1.93678
0.00216102
0.00163948
1.93726
0.00188825
0.00165366
1.93768
0.00166053
0.00166653
1.93805
0.00147251
0.00167808
1.93839
0.00131952
0.0016883
1.93871
0.00119701
0.00169714
1.93902
0.0010987
0.0017045
1.93936
0.00101101
0.00171012
1.93985
0.000891421
0.00171337
0.000642045
0.00171028
1.71667
0.27716
-2.91319e-06
1.74614
0.208055
-6.31959e-06
1.77688
0.161435
-1.07905e-05
1.80534
0.129298
-1.66606e-05
1.83095
0.10508
-2.38305e-05
1.85364
0.0862244
-3.121e-05
1.87349
0.071487
-3.55633e-05
1.89071
0.0598178
-2.97538e-05
1.9056
0.0503802
-1.06443e-06
1.91843
0.0425944
6.87354e-05
1.9294
0.0360685
0.000194478
1.93871
0.0305486
0.000359978
1.94659
0.025889
0.00051283
1.95329
0.0219825
0.000619179
1.95902
0.018708
0.000690198
1.96392
0.015949
0.000744672
1.9681
0.0136166
0.000788564
1.97169
0.0116415
0.000823114
1.97476
0.00996518
0.00084982
1.97739
0.00853908
0.000869836
1.97965
0.00732357
0.00088384
1.98158
0.00628614
0.00089252
1.98324
0.00539979
0.00089668
1.98467
0.00464202
0.000897104
1.98589
0.00399398
0.000894483
1.98694
0.00343985
0.00088942
1.98784
0.00296629
0.000882446
1.98862
0.00256201
0.000874018
1.9893
0.0022175
0.00086452
1.98988
0.00192469
0.000854274
1.99038
0.00167676
0.000843551
1.99083
0.00146797
0.000832566
1.99122
0.00129354
0.000821475
1.99156
0.00114951
0.000810386
1.99187
0.00103279
0.000799365
1.99215
0.000941484
0.00078845
1.99239
0.000876153
0.000777644
1.99258
0.000844316
0.000766934
1.99261
0.000878359
0.000756443
0.0010551
0.000745728
1.72977
0.245455
-1.86074e-06
1.77242
0.165401
-3.89738e-06
1.81218
0.121679
-6.32957e-06
1.84741
0.0940623
-9.2089e-06
1.87841
0.0740786
-1.22624e-05
1.9053
0.0593345
-1.45577e-05
1.92837
0.048418
-1.39557e-05
1.94809
0.0400994
-6.49128e-06
1.96494
0.0335336
1.39236e-05
1.97932
0.0282126
5.45755e-05
1.99158
0.0238192
0.000119857
2.00199
0.0201462
0.000203063
2.01083
0.0170628
0.000284934
2.01835
0.0144783
0.00034941
2.02476
0.0123119
0.000395577
2.03024
0.010489
0.000429131
2.03492
0.00894927
0.000453111
2.03894
0.00764561
0.000469065
2.04238
0.00653933
0.000479212
2.04534
0.00559836
0.000485869
2.04789
0.00479647
0.000490698
2.05008
0.0041122
0.000494744
2.05196
0.00352774
0.00049867
2.05359
0.00302826
0.000502869
2.055
0.00260132
0.000507528
2.05621
0.00223647
0.000512698
2.05727
0.00192488
0.000518347
2.05818
0.00165912
0.00052441
2.05898
0.00143286
0.000530801
2.05967
0.00124076
0.000537433
2.06028
0.00107833
0.000544214
2.06082
0.000941744
0.000551055
2.06129
0.000827797
0.000557861
2.06172
0.000733769
0.000564547
2.0621
0.000657267
0.000571032
2.06245
0.000595857
0.000577237
2.06279
0.000545958
0.000583061
2.06315
0.000499305
0.000588313
2.0636
0.000429164
0.000592491
0.000272663
0.000593407
1.77805
0.165472
-1.37759e-06
1.84268
0.100764
-2.8861e-06
1.89263
0.0717326
-4.50105e-06
1.93298
0.0537142
-6.04572e-06
1.96628
0.0407728
-7.24877e-06
1.99392
0.0316921
-7.44134e-06
2.01701
0.0253308
-5.23191e-06
2.03643
0.0206763
1.63379e-06
2.05286
0.0171066
1.6128e-05
2.0668
0.01428
4.11889e-05
2.07863
0.0119912
7.78297e-05
2.08868
0.0101067
0.000122486
2.09721
0.00854053
0.000166889
2.10446
0.00723481
0.00020333
2.11064
0.00614397
0.000229785
2.11592
0.00522888
0.000248435
2.12043
0.0044578
0.000261668
2.12428
0.00380605
0.000270987
2.12758
0.00325381
0.000277549
2.13041
0.00278478
0.000282251
2.13284
0.0023856
0.000285616
2.13492
0.00204533
0.000287875
2.13671
0.00175495
0.000289134
2.13825
0.00150693
0.000289471
2.13957
0.00129499
0.000288947
2.14071
0.00111389
0.000287631
2.1417
0.000959187
0.000285594
2.14255
0.000827169
0.000282922
2.14328
0.000714691
0.000279701
2.14392
0.000619102
0.000276022
2.14448
0.000538165
0.000271964
2.14496
0.000469998
0.000267602
2.14539
0.000413024
0.000262997
2.14578
0.000365942
0.000258203
2.14612
0.000327741
0.000253259
2.14644
0.000297817
0.000248195
2.14672
0.000276473
0.000243037
2.14697
0.000266673
0.000237817
2.14713
0.000281117
0.000232702
0.000351913
0.000227816
1.86354
-7.93427e-07
1.9643
-1.66965e-06
2.03603
-2.71458e-06
2.08975
-3.63505e-06
2.13052
-4.1517e-06
2.16221
-3.77601e-06
2.18754
-1.52585e-06
2.20822
4.07878e-06
2.22533
1.4815e-05
2.23961
3.22365e-05
2.2516
5.66802e-05
2.26172
8.61321e-05
2.27026
0.000116267
2.27751
0.000142693
2.28366
0.000163505
2.2889
0.000179265
2.29337
0.000191181
2.29719
0.00020011
2.30046
0.000206689
2.30326
0.000211523
2.30566
0.00021513
2.30772
0.000217896
2.30949
0.000220096
2.31101
0.000221931
2.31231
0.000223547
2.31344
0.000225035
2.31441
0.000226455
2.31525
0.000227841
2.31598
0.000229209
2.31661
0.000230564
2.31716
0.000231906
2.31765
0.000233228
2.31807
0.000234519
2.31845
0.000235767
2.31879
0.000236954
2.3191
0.000238056
2.31939
0.000239037
2.31967
0.000239841
2.31996
0.00024035
0.000239914
1.52064
0.177427
-1.38647e-06
1.40662
0.11402
-3.05541e-06
1.32161
0.0850013
-5.27527e-06
1.25574
0.0658725
-8.5248e-06
1.20427
0.0514589
-1.31755e-05
1.16331
0.0409588
-1.95058e-05
1.12997
0.0333305
-2.78057e-05
1.1024
0.0275607
-3.82416e-05
1.07936
0.0230188
-5.06347e-05
1.05999
0.0193573
-6.43481e-05
1.0436
0.0163631
-7.83438e-05
1.02969
0.0138873
-9.14512e-05
1.01784
0.0118211
-0.000102831
1.00772
0.0100834
-0.000112242
0.999072
0.00861357
-0.000119741
0.991669
0.00736617
-0.00012539
0.985325
0.00630508
-0.00012937
0.979886
0.00540038
-0.000132061
0.975219
0.00462739
-0.000133878
0.971214
0.00396596
-0.000135127
0.967774
0.00339942
-0.000136009
0.96482
0.00291383
-0.000136666
0.962282
0.00249742
-0.000137205
0.960101
0.00214025
-0.000137701
0.958226
0.0018339
-0.000138202
0.956614
0.00157122
-0.000138734
0.955227
0.00134612
-0.000139311
0.954032
0.00115344
-0.000139935
0.953002
0.000988771
-0.000140604
0.952111
0.000848362
-0.000141315
0.95134
0.000729028
-0.000142065
0.95067
0.000628071
-0.000142856
0.950084
0.000543224
-0.000143688
0.949568
0.000472615
-0.000144564
0.94911
0.000414776
-0.000145484
0.948698
0.000368725
-0.000146443
0.94832
0.000334359
-0.000147427
0.947962
0.000313837
-0.000148386
0.9476
0.000316864
-0.000149147
0.000374163
-0.000149257
1.61655
0.258945
-1.45107e-06
1.54734
0.183221
-3.12253e-06
1.49192
0.140419
-5.43106e-06
1.44586
0.111938
-8.85682e-06
1.40696
0.0903506
-1.38118e-05
1.37407
0.0738428
-2.06815e-05
1.34619
0.0612012
-2.98513e-05
1.32248
0.0512635
-4.15408e-05
1.30225
0.0432264
-5.55462e-05
1.28498
0.0366115
-7.10462e-05
1.2702
0.0311137
-8.66142e-05
1.25755
0.0265131
-0.00010059
1.2467
0.0226396
-0.000111953
1.23738
0.0193588
-0.000120714
1.22939
0.0165691
-0.000127076
1.22253
0.0141929
-0.000131062
1.21663
0.0121661
-0.000132977
1.21156
0.010434
-0.000133431
1.20719
0.00895128
-0.000132979
1.20344
0.00768068
-0.000131953
1.20021
0.00659114
-0.000130542
1.19743
0.00565649
-0.000128866
1.19503
0.00485455
-0.00012701
1.19297
0.00416648
-0.000125026
1.19119
0.00357629
-0.000122947
1.18965
0.00307036
-0.000120795
1.18833
0.00263705
-0.000118589
1.18718
0.00226646
-0.000116345
1.18618
0.00195012
-0.000114078
1.18532
0.00168082
-0.000111805
1.18456
0.00145241
-0.000109541
1.18389
0.0012597
-0.000107308
1.18331
0.00109829
-0.000105128
1.18278
0.000964523
-0.000103029
1.18231
0.000855356
-0.00010104
1.18188
0.000768167
-9.91894e-05
1.18148
0.00070017
-9.75062e-05
1.18112
0.000646418
-9.60454e-05
1.18082
0.000591393
-9.49376e-05
0.000495482
-9.51883e-05
1.66771
0.289301
-2.10817e-06
1.62535
0.225573
-4.587e-06
1.58492
0.180852
-8.09044e-06
1.54831
0.148543
-1.33054e-05
1.51551
0.123145
-2.10159e-05
1.48665
0.102693
-3.21192e-05
1.46162
0.0862142
-4.75415e-05
1.44007
0.0727989
-6.79443e-05
1.42155
0.0617114
-9.32213e-05
1.40568
0.0524504
-0.000121947
1.39208
0.044674
-0.00015119
1.38042
0.0381256
-0.000177225
1.37042
0.032589
-0.000198306
1.36183
0.0278821
-0.000215368
1.35447
0.0238704
-0.000228777
1.34815
0.0204506
-0.000238172
1.34271
0.0175324
-0.000244164
1.33804
0.0150373
-0.000248005
1.33402
0.0129005
-0.000250667
1.33056
0.011069
-0.000252697
1.32758
0.00949829
-0.00025444
1.32502
0.00815068
-0.000256152
1.32281
0.00699421
-0.000258004
1.3209
0.00600175
-0.000260089
1.31925
0.00515023
-0.00026244
1.31783
0.00442003
-0.000265053
1.3166
0.00379441
-0.000267902
1.31553
0.00325907
-0.000270945
1.3146
0.00280185
-0.000274135
1.31379
0.00241236
-0.000277427
1.31309
0.00208178
-0.000280781
1.31246
0.00180264
-0.000284165
1.31191
0.00156863
-0.000287563
1.31142
0.00137452
-0.000290969
1.31098
0.00121613
-0.000294385
1.31058
0.00109046
-0.000297818
1.3102
0.000996462
-0.000301283
1.30982
0.000937734
-0.000304804
1.30939
0.000933645
-0.000308352
0.00103244
-0.000312388
1.68228
0.305086
-3.14438e-06
1.65536
0.252492
-6.82131e-06
1.62646
0.209743
-1.21372e-05
1.5991
0.175902
-2.03108e-05
1.574
0.148228
-3.28786e-05
1.55147
0.125209
-5.17436e-05
1.53161
0.106055
-7.90069e-05
1.5143
0.0900724
-0.000116412
1.49932
0.0766435
-0.000164225
1.48642
0.0652984
-0.000219669
1.47532
0.0557001
-0.000275883
1.46577
0.0475889
-0.00032285
1.45756
0.0407095
-0.000357802
1.45051
0.034834
-0.000385243
1.44446
0.0298171
-0.000405114
1.43926
0.0255406
-0.000416414
1.43479
0.0218897
-0.000421334
1.43095
0.0187652
-0.000422617
1.42765
0.0160872
-0.000421683
1.42481
0.0137906
-0.000419097
1.42237
0.0118206
-0.000415231
1.42028
0.0101303
-0.000410434
1.41848
0.00867988
-0.000404994
1.41693
0.00743553
-0.000399134
1.4156
0.00636837
-0.00039302
1.41446
0.00545377
-0.000386786
1.41347
0.00467071
-0.000380536
1.41262
0.00400123
-0.000374353
1.41189
0.00342999
-0.000368304
1.41125
0.00294393
-0.000362445
1.41069
0.00253192
-0.000356822
1.41021
0.00218451
-0.000351476
1.40978
0.00189375
-0.000346461
1.40941
0.00165291
-0.000341844
1.40907
0.00145632
-0.000337692
1.40876
0.00129899
-0.000334069
1.40849
0.00117557
-0.000331046
1.40825
0.00107721
-0.000328757
1.40812
0.000979203
-0.000327509
0.000823376
-0.000329014
1.68881
0.314336
-4.59638e-06
1.67235
0.268952
-1.00404e-05
1.65305
0.229033
-1.82087e-05
1.63365
0.195302
-3.12637e-05
1.61514
0.166721
-5.21288e-05
1.59798
0.142342
-8.47611e-05
1.58244
0.121552
-0.000134019
1.56863
0.103829
-0.000204722
1.55651
0.088687
-0.000299215
1.54597
0.0757386
-0.000413022
1.53684
0.0647018
-0.000530586
1.52891
0.0553729
-0.00062272
1.52203
0.0474204
-0.000690214
1.51612
0.0405667
-0.000748501
1.51102
0.034713
-0.000790643
1.50662
0.0297302
-0.000813967
1.50283
0.0254746
-0.000826129
1.49955
0.0218284
-0.000834037
1.49672
0.0187001
-0.00084071
1.49429
0.016015
-0.000847209
1.49218
0.0137098
-0.000854033
1.49037
0.0117302
-0.000861438
1.4888
0.01003
-0.000869476
1.48745
0.00857001
-0.000878057
1.48628
0.00731683
-0.000887028
1.48527
0.00624186
-0.000896212
1.4844
0.00532069
-0.000905423
1.48364
0.00453248
-0.000914493
1.48299
0.00385938
-0.000923304
1.48242
0.00328617
-0.000931788
1.48192
0.00279984
-0.000939905
1.48148
0.00238934
-0.000947647
1.48109
0.00204535
-0.000955018
1.48075
0.00176005
-0.000962033
1.48044
0.00152708
-0.000968727
1.48015
0.00134172
-0.000975171
1.47988
0.00120175
-0.000981468
1.47961
0.00111059
-0.000987768
1.47925
0.00109045
-0.000994148
0.00119576
-0.00100158
1.69261
0.319785
-6.50466e-06
1.68239
0.279171
-1.43701e-05
1.66951
0.241909
-2.66348e-05
1.65578
0.209013
-4.70289e-05
1.64221
0.180268
-8.10176e-05
1.62932
0.155192
-0.000136695
1.61744
0.133373
-0.000225145
1.60675
0.114422
-0.000359278
1.59734
0.0979679
-0.000548741
1.58919
0.083727
-0.000786963
1.58218
0.0715111
-0.00103311
1.57598
0.0613458
-0.0011856
1.57058
0.0525618
-0.00129408
1.56596
0.0448892
-0.00139732
1.56199
0.0383737
-0.001463
1.55856
0.032836
-0.00148926
1.5556
0.0280986
-0.00149259
1.55305
0.0240328
-0.00148351
1.55086
0.0205419
-0.00146664
1.54898
0.0175459
-0.0014448
1.54736
0.0149751
-0.00142038
1.54597
0.0127687
-0.00139522
1.54478
0.0108751
-0.00137055
1.54376
0.00925033
-0.00134714
1.54288
0.00785702
-0.00132543
1.54212
0.00666305
-0.00130569
1.54148
0.00564103
-0.00128799
1.54092
0.00476756
-0.00127223
1.54044
0.00402261
-0.00125827
1.54002
0.0033891
-0.00124594
1.53966
0.00285249
-0.00123503
1.53935
0.00240046
-0.0012256
1.53908
0.00202265
-0.00121788
1.53884
0.00171019
-0.00121222
1.53862
0.00145539
-0.00120868
1.53843
0.00125162
-0.0012071
1.53827
0.00109199
-0.00120731
1.53814
0.000966135
-0.0012092
1.53812
0.000848013
-0.00121291
0.000678238
-0.00122112
1.69483
0.323019
-8.79206e-06
1.68853
0.285465
-1.9688e-05
1.68022
0.250205
-3.73663e-05
1.67102
0.218188
-6.80231e-05
1.66169
0.189568
-0.000121548
1.65266
0.164165
-0.000214073
1.64421
0.141721
-0.000370618
1.63656
0.121928
-0.000626381
1.62985
0.104483
-0.00102016
1.62413
0.0891989
-0.00156448
1.61947
0.0757632
-0.00216321
1.61488
0.0654681
-0.00240469
1.61112
0.0557618
-0.00265135
1.60793
0.0474344
-0.00287299
1.60514
0.0404819
-0.00298708
1.60271
0.0345899
-0.00304852
1.60057
0.0295473
-0.0031
1.59872
0.0252053
-0.0031518
1.59713
0.0214662
-0.00320276
1.59575
0.0182513
-0.00325051
1.59456
0.0154888
-0.00329426
1.59354
0.0131148
-0.00333414
1.59267
0.0110752
-0.00337046
1.59191
0.00932374
-0.00340343
1.59127
0.00782062
-0.00343316
1.59072
0.00653172
-0.00345968
1.59024
0.00542786
-0.00348307
1.58983
0.00448405
-0.00350351
1.58948
0.00367888
-0.00352144
1.58918
0.00299382
-0.00353728
1.58892
0.00241279
-0.00355088
1.58869
0.00192225
-0.00356186
1.58849
0.00151095
-0.00356962
1.58832
0.0011699
-0.00357492
1.58816
0.00089184
-0.0035795
1.58802
0.000670777
-0.00358406
1.58788
0.000503128
-0.00358936
1.58773
0.000390706
-0.00359652
1.58749
0.000352646
-0.00360669
0.000435391
-0.00362593
1.69627
0.324804
-1.12268e-05
1.6927
0.289032
-2.55208e-05
1.68783
0.255061
-4.96567e-05
1.68227
0.223725
-9.33668e-05
1.67647
0.19532
-0.000173625
1.67072
0.169826
-0.000321046
1.66524
0.147063
-0.00058958
1.66025
0.126709
-0.00106916
1.65616
0.108333
-0.00188987
1.65281
0.0241786
-0.00310664
0.0224078
0.0239887
0.0221131
1.65105
0.0198897
-0.00443035
0.0189148
0.0195944
0.0186024
1.64677
0.0177195
-0.00450732
0.0170761
0.017629
0.0170661
1.64482
0.0571722
-0.00515822
1.64288
0.0486421
-0.00561775
1.64122
0.0413102
-0.00569441
1.63978
0.0351368
-0.00560241
1.6385
0.0298877
-0.00545384
1.63739
0.0253661
-0.00529785
1.63642
0.0214785
-0.00515205
1.63558
0.0181443
-0.00502137
1.63485
0.0152846
-0.00490757
1.63423
0.0128314
-0.00481081
1.63369
0.0107281
-0.00473036
1.63323
0.00892679
-0.00466585
1.63283
0.00738602
-0.00461689
1.63249
0.00606967
-0.00458159
1.63221
0.00494665
-0.00455733
1.63196
0.00399019
-0.00454107
1.63176
0.00317751
-0.00453017
1.63158
0.00248971
-0.00452366
1.63144
0.00191128
-0.00452313
1.63131
0.00142869
-0.00452953
1.63121
0.00103006
-0.0045428
1.63112
0.000704676
-0.00456128
1.63104
0.000443596
-0.00458305
1.63098
0.000239195
-0.00460769
1.63093
8.344e-05
-0.00463525
1.63092
-3.53481e-05
-0.0046662
1.631
-0.000143508
-0.00470053
-0.000297658
-0.00474784
1.69736
0.325509
-1.33723e-05
1.69586
0.290521
-3.08601e-05
1.69372
0.257177
-6.1501e-05
1.69119
0.226226
-0.000119388
1.68844
0.198005
-0.00023148
1.68559
0.172568
-0.00045235
1.68269
0.14977
-0.000895047
1.67988
0.12925
-0.00180888
0.41914
0.029174
-0.00367905
0.418947
0.41896
0.418942
0.0272153
0.0290032
0.0269987
0.418712
0.0245742
-0.0013131
0.419109
0.0195419
-0.002158
0.0022964
-0.4189
-0.419326
0.41844
0.0186447
-0.00212094
0.00208118
1.67562
0.0150835
-0.0109714
-0.418396
-0.419974
-0.418494
-0.42023
0.014454
0.0142062
0.0137897
1.67475
0.0482225
-0.0119637
1.67417
0.0407487
-0.0126846
1.67357
0.0347309
-0.013231
1.67304
0.0294827
-0.0136417
1.6726
0.0248908
-0.0139582
1.67224
0.0209317
-0.0141925
1.67194
0.0175334
-0.0143608
1.67171
0.0146139
-0.0144807
1.67151
0.0121047
-0.0145656
1.67136
0.00994903
-0.0146232
1.67124
0.00809872
-0.0146586
1.67115
0.0065131
-0.0146777
1.67108
0.0051567
-0.0146865
1.67103
0.00399844
-0.0146888
1.671
0.00301156
-0.0146881
1.67098
0.0021732
-0.0146872
1.67097
0.00146392
-0.0146872
1.67097
0.00086705
-0.014687
1.67099
0.000367722
-0.0146861
1.67101
-4.69745e-05
-0.0146848
1.67104
-0.000386956
-0.0146837
1.67107
-0.000660206
-0.0146822
1.67111
-0.000873543
-0.0146807
1.67114
-0.00103184
-0.0146798
1.67115
-0.00113629
-0.0146805
1.67107
-0.00117658
-0.0146832
-0.00112564
-0.014694
1.69827
0.325297
-1.46228e-05
1.69854
0.290241
-3.41653e-05
1.69879
0.256906
-6.9335e-05
1.69898
0.226005
-0.000137968
1.69902
0.197884
-0.000276855
1.69881
0.172643
-0.000567735
1.69812
0.150233
-0.00120581
0.424251
0.130505
-0.00265096
0.424106
0.424081
0.424082
0.423476
0.0300512
-0.000995282
0.422364
0.0249921
-0.00303027
0.00324107
-0.0244952
-0.423072
0.429323
-0.008948
0.00917966
-0.422388
7.79047e-05
0.0041863
0.00221852
0.00354897
-0.0171984
-0.432582
0.425393
-0.00653254
0.00579794
0.00727879
0.00871333
0.00705832
0.00617008
-0.0212974
-0.424867
0.00651116
0.424324
0.0162975
-0.00718236
1.6884
0.0450965
-0.0290042
-0.423398
-0.421486
-0.423466
-0.41818
1.68946
0.0380631
-0.0275217
1.69014
0.0324277
-0.0260901
1.69066
0.0273942
-0.0250092
1.69106
0.0230038
-0.0242695
1.69137
0.0192293
-0.0237316
1.69163
0.0159833
-0.0233018
1.69184
0.013191
-0.0229503
1.69201
0.0107896
-0.022659
1.69216
0.00872428
-0.0224131
1.69229
0.0069485
-0.0221977
1.6924
0.00542211
-0.0219992
1.6925
0.00411095
-0.0218098
1.69257
0.00298577
-0.021625
1.69264
0.00202141
-0.0214425
1.6927
0.00119647
-0.0212604
1.69275
0.000493327
-0.0210781
1.6928
-0.000104204
-0.0208949
1.69284
-0.000610315
-0.0207068
1.69288
-0.00103526
-0.0205146
1.69291
-0.00138822
-0.0203193
1.69294
-0.00167737
-0.0201231
1.69297
-0.0019098
-0.0199275
1.693
-0.00209318
-0.0197348
1.69305
-0.00223995
-0.0195483
1.69316
-0.00238148
-0.0193704
-0.00259316
-0.0192057
1.69916
0.3242
-1.44317e-05
1.70113
0.288259
-3.38813e-05
1.70369
0.254325
-6.89902e-05
1.70654
0.223119
-0.000137713
1.70939
0.19496
-0.000277513
1.71196
0.169931
-0.000572476
1.71388
0.148039
-0.00122648
0.428565
0.129391
-0.0026993
0.428708
0.428435
0.42871
-0.0303838
0.428174
0.0306901
-0.00136327
-0.0268514
0.02845
-0.00400477
0.00392719
0.106575
0.106446
0.106691
0.106307
-0.42754
-0.0082326
0.0274735
-0.105306
0.0904113
0.00820933
-0.0125555
-0.0843016
-0.0196867
0.000889801
0.018796
0.0843024
-0.105685
-0.0113224
-0.017352
0.420879
0.0152474
0.0130824
-0.107141
-0.101541
-0.106167
1.69336
0.041344
0.0289428
-0.421147
-0.429103
-0.409833
-0.428565
1.69555
0.0369324
0.0225997
1.6977
0.0312588
0.0195909
1.69964
0.0263191
0.0174946
1.70128
0.0221227
0.0158947
1.70267
0.0184817
0.0147281
1.70389
0.0153118
0.0138797
1.70494
0.0125604
0.0132678
1.70587
0.0101822
0.0128211
1.70669
0.00813556
0.0124808
1.70742
0.00637768
0.0122163
1.70808
0.00486994
0.0120069
1.70866
0.00357877
0.0118387
1.70919
0.00247463
0.0117009
1.70968
0.00153208
0.0115856
1.71012
0.000729351
0.0114873
1.71054
4.6267e-05
0.0114004
1.71094
-0.000532155
0.011323
1.71132
-0.00101751
0.0112521
1.71169
-0.00142129
0.0111865
1.71204
-0.00175268
0.011125
1.71238
-0.00201894
0.0110661
1.71271
-0.00222508
0.011008
1.713
-0.00237216
0.010948
1.71324
-0.0024519
0.0108801
1.7133
-0.00242705
0.0107942
-0.00220711
0.0106082
1.70013
0.322133
-1.27563e-05
1.70394
0.284437
-2.97892e-05
1.70896
0.249283
-5.96858e-05
1.71462
0.217427
-0.000116035
1.72044
0.18908
-0.000224844
1.72608
0.16418
-0.000437748
1.73129
0.142602
-0.000858664
1.73594
0.124262
-0.00165276
0.435497
0.10956
-0.00321146
-0.0300253
-0.0287777
-0.0300133
-0.0288396
0.435566
0.435524
0.435709
-0.0274838
0.436454
0.0267617
-0.00112551
-0.0268116
0.441515
0.0236894
-0.000502737
0.000402502
-0.438292
-0.0132308
-0.442013
0.439249
0.0161765
0.00677177
-0.00695325
1.76266
0.0539688
0.0113597
-0.015984
-0.0143593
-0.0160785
-0.0139616
-0.438887
-0.438958
-0.439373
-0.439047
1.76151
0.0441904
0.0133486
1.76297
0.0371571
0.0162679
1.76418
0.0314958
0.0181257
1.76521
0.026557
0.0192493
1.76617
0.0222797
0.0200268
1.76706
0.0185876
0.0206078
1.76787
0.0154044
0.0210278
1.7686
0.012668
0.0212986
1.76926
0.0103198
0.0214537
1.76985
0.00830465
0.0215361
1.77038
0.00657591
0.0215677
1.77086
0.00509317
0.0215633
1.77129
0.00382169
0.0215357
1.77169
0.00273342
0.0214888
1.77204
0.00180436
0.0214251
1.77236
0.00101305
0.0213484
1.77265
0.000341031
0.0212634
1.7729
-0.000228948
0.0211703
1.77313
-0.000710277
0.0210689
1.77333
-0.0011128
0.0209615
1.77352
-0.0014454
0.0208493
1.77369
-0.00171543
0.0207332
1.77385
-0.0019294
0.0206135
1.77401
-0.00209444
0.02049
1.7742
-0.00222219
0.0203616
1.77451
-0.00234592
0.0202293
-0.00253909
0.0200838
1.70131
0.318882
-1.02053e-05
1.70733
0.278413
-2.35569e-05
1.7152
0.241398
-4.59148e-05
1.72399
0.208615
-8.56336e-05
1.733
0.18003
-0.000156702
1.7418
0.155301
-0.000282306
1.75019
0.134077
-0.00049756
1.75818
0.116029
-0.000830252
1.76637
0.100884
-0.00128522
1.77626
0.087847
-0.00125341
-0.0253958
-0.0240694
-0.0252767
-0.0240421
1.78396
0.0740508
0.00108807
-0.0214551
-0.0195599
-0.0214466
-0.0194268
1.78645
0.0600354
0.00517476
-0.0164976
-0.0152997
-0.0159526
-0.014411
1.79081
0.0503477
0.00669851
1.7932
0.043053
0.00844923
1.79546
0.0364342
0.00933345
1.79772
0.0309137
0.00943479
1.79982
0.0262322
0.00930298
1.80172
0.0222144
0.00915993
1.80343
0.0187673
0.00903021
1.80493
0.0158111
0.00890826
1.80627
0.0132749
0.00879777
1.80744
0.0110978
0.00870751
1.80846
0.00922852
0.00863883
1.80936
0.00762393
0.00858731
1.81015
0.0062474
0.00854744
1.81085
0.00506751
0.00851343
1.81146
0.00405663
0.00848655
1.812
0.00319126
0.00846841
1.81248
0.00245161
0.00845864
1.8129
0.00182131
0.00845714
1.81327
0.0012871
0.00846229
1.81359
0.000837238
0.00847132
1.81387
0.000461139
0.00848209
1.81412
0.000150221
0.00849339
1.81435
-0.000102218
0.00850415
1.81454
-0.000300267
0.00851389
1.81472
-0.000444392
0.00852207
1.81483
-0.000526543
0.00852721
1.8148
-0.000510001
0.00852712
-0.000313033
0.0085115
1.70291
0.314037
-7.53175e-06
1.71179
0.26952
-1.71411e-05
1.72316
0.230022
-3.23654e-05
1.73553
0.19623
-5.76509e-05
1.74795
0.167581
-9.92692e-05
1.75991
0.143292
-0.000165227
1.77118
0.122737
-0.000261974
1.78172
0.105382
-0.000378432
1.79176
0.0906955
-0.000452649
1.80147
0.0779771
-0.00020987
1.80945
0.0662192
0.000897724
1.81464
0.0553151
0.00248184
1.81915
0.0464874
0.0032081
1.82342
0.0394885
0.00333585
1.82714
0.0334514
0.00340401
1.83046
0.0283499
0.00350433
1.83339
0.0240671
0.00363784
1.83595
0.0204356
0.00378886
1.83817
0.0173388
0.00393804
1.84009
0.0146934
0.00407462
1.84175
0.0124314
0.00419535
1.84319
0.0104956
0.00429986
1.84444
0.00883805
0.0043885
1.84552
0.00741857
0.00446204
1.84646
0.00620331
0.0045217
1.84728
0.00516353
0.00456911
1.848
0.00427466
0.004606
1.84862
0.00351582
0.00463371
1.84917
0.00286949
0.00465241
1.84965
0.00232095
0.00466203
1.85008
0.00185759
0.00466411
1.85046
0.00146837
0.00466124
1.85081
0.00114397
0.00465481
1.85112
0.000876817
0.00464618
1.8514
0.00066031
0.00463628
1.85166
0.0004882
0.00462485
1.85192
0.000353165
0.00461134
1.85222
0.000240647
0.00459589
1.85266
0.000106692
0.00457915
-0.000146756
0.00455904
1.70529
0.306809
-5.22554e-06
1.71828
0.256525
-1.17133e-05
1.73428
0.214019
-2.14046e-05
1.75107
0.179431
-3.6401e-05
1.76748
0.151149
-5.90368e-05
1.78298
0.127771
-9.10437e-05
1.79729
0.108392
-0.00013056
1.81033
0.0922917
-0.000163925
1.82217
0.0788042
-0.000150933
1.83282
0.0672987
1.11586e-05
1.84193
0.0571824
0.000462464
1.84923
0.0482125
0.00109296
1.85539
0.040641
0.00154051
1.86081
0.0344474
0.00178813
1.86544
0.0292636
0.0020174
1.8694
0.0248855
0.00221423
1.87282
0.0211923
0.00234187
1.87576
0.0180614
0.00241155
1.8783
0.0153933
0.00244498
1.8805
0.0131138
0.00245569
1.88239
0.0111644
0.00245151
1.88403
0.00949564
0.002438
1.88544
0.00806618
0.00241931
1.88666
0.00684131
0.00239816
1.88771
0.00579188
0.00237611
1.88862
0.00489319
0.00235403
1.88941
0.00412423
0.00233241
1.8901
0.00346708
0.00231157
1.89069
0.00290656
0.0022919
1.89121
0.00242977
0.00227401
1.89167
0.00202576
0.00225862
1.89207
0.00168529
0.00224561
1.89243
0.00140059
0.00223456
1.89275
0.00116529
0.00222509
1.89304
0.000974323
0.00221705
1.8933
0.000824342
0.00221053
1.89352
0.000715379
0.00220529
1.89369
0.000656225
0.00220062
1.89369
0.000686183
0.00219603
0.000898203
0.00219097
1.7091
0.295769
-3.46459e-06
1.7281
0.237523
-7.63462e-06
1.74993
0.192182
-1.34797e-05
1.7716
0.15776
-2.18535e-05
1.79204
0.130699
-3.33448e-05
1.81086
0.108933
-4.75739e-05
1.82789
0.0913509
-6.14093e-05
1.8431
0.0770638
-6.53471e-05
1.85659
0.0652974
-3.83227e-05
1.86846
0.0554314
5.86984e-05
1.87871
0.0469947
0.000267745
1.88732
0.0397201
0.000555853
1.8946
0.0335576
0.000800283
1.90084
0.0284372
0.000946903
1.9062
0.0241596
0.00103466
1.91082
0.0205484
0.0010865
1.9148
0.0174931
0.0011117
1.91825
0.0149044
0.00112397
1.92123
0.0127044
0.00113393
1.92381
0.0108304
0.00114529
1.92604
0.00923171
0.00115836
1.92797
0.00786664
0.00117283
1.92964
0.00670012
0.00118835
1.93109
0.0057028
0.00120444
1.93234
0.00485011
0.00122055
1.93343
0.00412133
0.00123628
1.93437
0.00349891
0.00125133
1.9352
0.00296799
0.00126555
1.93592
0.00251601
0.00127886
1.93655
0.00213231
0.00129121
1.9371
0.00180789
0.00130254
1.93759
0.00153514
0.00131276
1.93803
0.00130768
0.00132179
1.93842
0.00112013
0.00132962
1.93878
0.000967828
0.00133616
1.93912
0.000846194
0.0013414
1.93944
0.000748946
0.00134528
1.9398
0.000662541
0.00134769
1.9403
0.000544719
0.00134856
0.000298659
0.00134631
1.71667
0.27716
-2.24501e-06
1.74614
0.208055
-4.8586e-06
1.77688
0.161437
-8.29176e-06
1.80534
0.129301
-1.2817e-05
1.83095
0.105085
-1.83739e-05
1.85364
0.0862311
-2.41291e-05
1.87349
0.071496
-2.7562e-05
1.89072
0.0598282
-2.30233e-05
1.90562
0.0503885
-2.77097e-07
1.91848
0.0425923
5.55167e-05
1.92947
0.0360419
0.000156208
1.93877
0.0304854
0.000288202
1.94664
0.0257914
0.000408794
1.95335
0.0218632
0.000491481
1.95907
0.0185755
0.000546471
1.96397
0.0158066
0.000588825
1.96816
0.013467
0.000622781
1.97176
0.011487
0.000649065
1.97483
0.00980718
0.000668814
1.97747
0.00837804
0.000682972
1.97974
0.00715969
0.000692185
1.98168
0.00611954
0.000697135
1.98335
0.00523053
0.000698571
1.98478
0.00447012
0.000697186
1.98601
0.00381949
0.000693563
1.98707
0.00326283
0.000688194
1.98798
0.00278681
0.000681499
1.98877
0.00238019
0.000673826
1.98945
0.00203342
0.000665467
1.99004
0.00173845
0.000656671
1.99056
0.00148846
0.000647651
1.99101
0.00127774
0.00063857
1.99141
0.00110147
0.000629528
1.99176
0.000955728
0.000620601
1.99208
0.000837428
0.000611831
1.99237
0.000744658
0.000603231
1.99262
0.000677983
0.000594796
1.99282
0.000644898
0.00058654
1.99286
0.000677671
0.000578591
0.000852873
0.00057098
1.72977
0.245455
-1.44126e-06
1.77242
0.165402
-3.01908e-06
1.81218
0.12168
-4.90938e-06
1.84741
0.0940637
-7.1478e-06
1.87841
0.0740809
-9.52284e-06
1.9053
0.0593377
-1.13183e-05
1.92837
0.048422
-1.08817e-05
1.9481
0.0401034
-5.11054e-06
1.96495
0.0335357
1.08345e-05
1.97935
0.028209
4.28367e-05
1.99161
0.0238042
9.44609e-05
2.00202
0.0201154
0.000160233
2.01086
0.0170165
0.000224562
2.01838
0.0144211
0.000274739
2.02479
0.0122481
0.000310414
2.03027
0.0104207
0.000336254
2.03496
0.00887761
0.000354568
2.03897
0.00757152
0.000366568
2.04242
0.00646337
0.000374083
2.04539
0.00552084
0.000378974
2.04794
0.00471762
0.000382539
2.05013
0.00403223
0.000385568
2.05203
0.00344684
0.000388551
2.05366
0.0029466
0.000391766
2.05507
0.00251905
0.000395339
2.0563
0.00215373
0.000399292
2.05736
0.00184181
0.000403594
2.05828
0.00157581
0.000408192
2.05908
0.00134942
0.000413022
2.05978
0.00115728
0.00041802
2.06039
0.000994882
0.000423119
2.06094
0.000858399
0.000428249
2.06142
0.000744619
0.000433336
2.06185
0.000650815
0.000438312
2.06224
0.000574593
0.000443118
2.0626
0.000513519
0.000447689
2.06295
0.000464022
0.000451946
2.0633
0.000417879
0.000455751
2.06377
0.000348513
0.00045879
0.000193635
0.000459797
1.77805
0.165472
-1.03397e-06
1.84268
0.100764
-2.13911e-06
1.89263
0.0717331
-3.35222e-06
1.93298
0.0537149
-4.55592e-06
1.96628
0.0407738
-5.51358e-06
1.99392
0.0316934
-5.69105e-06
2.01701
0.0253324
-4.01581e-06
2.03644
0.0206778
1.25961e-06
2.05287
0.0171071
1.24631e-05
2.06681
0.014278
3.19347e-05
2.07865
0.0119849
6.05099e-05
2.0887
0.0100944
9.53644e-05
2.09723
0.00852221
0.000129917
2.10448
0.00721187
0.000158104
2.11066
0.00611799
0.000178454
2.11594
0.00520074
0.000192762
2.12045
0.00442802
0.000202887
2.1243
0.00377505
0.000209974
2.12761
0.00322189
0.000214908
2.13044
0.00275214
0.000218373
2.13287
0.00235236
0.000220762
2.13496
0.00201155
0.000222249
2.13675
0.00172066
0.000222927
2.13829
0.00147214
0.000222866
2.13962
0.00125972
0.000222127
2.14076
0.00107811
0.000220773
2.14174
0.00092291
0.000218869
2.1426
0.000790387
0.000216486
2.14333
0.000677403
0.000213696
2.14398
0.00058131
0.000210569
2.14454
0.000499873
0.00020717
2.14503
0.000431212
0.000203555
2.14546
0.000373752
0.000199771
2.14585
0.000326197
0.000195857
2.1462
0.000287536
0.000191845
2.14651
0.000257169
0.000187758
2.1468
0.000235402
0.000183611
2.14705
0.000225197
0.000179431
2.14722
0.000239212
0.000175373
0.000309444
0.000171672
1.86354
-6.82015e-07
1.9643
-1.36875e-06
2.03603
-2.14069e-06
2.08975
-2.84395e-06
2.13052
-3.2516e-06
2.16221
-2.96494e-06
2.18754
-1.23349e-06
2.20822
3.08107e-06
2.22533
1.13669e-05
2.23962
2.4853e-05
2.25162
4.38245e-05
2.26173
6.67109e-05
2.27028
9.01074e-05
2.27752
0.000110568
2.28368
0.000126635
2.28892
0.000138779
2.29339
0.000147946
2.29721
0.000154789
2.30048
0.000159802
2.30328
0.000163458
2.30568
0.000166163
2.30774
0.000168215
2.30951
0.000169829
2.31104
0.00017116
2.31235
0.000172319
2.31348
0.000173377
2.31445
0.000174377
2.31529
0.000175345
2.31602
0.000176294
2.31666
0.00017723
2.31721
0.000178151
2.3177
0.000179054
2.31813
0.000179932
2.31851
0.000180775
2.31885
0.000181568
2.31916
0.000182293
2.31946
0.000182921
2.31974
0.000183407
2.32003
0.000183687
0.000183402
1.52064
0.177427
-7.38199e-07
1.40662
0.11402
-1.636e-06
1.32161
0.0850009
-2.83603e-06
1.25574
0.0658717
-4.59007e-06
1.20427
0.0514575
-7.09746e-06
1.16331
0.0409566
-1.05162e-05
1.12997
0.033327
-1.50075e-05
1.10239
0.0275554
-2.06656e-05
1.07936
0.0230112
-2.73995e-05
1.05998
0.0193471
-3.48683e-05
1.0436
0.01635
-4.2505e-05
1.02968
0.0138717
-4.96602e-05
1.01783
0.0118035
-5.58638e-05
1.00772
0.0100642
-6.09818e-05
0.99907
0.00859318
-6.50526e-05
0.991668
0.00734498
-6.81161e-05
0.985325
0.00628343
-7.02744e-05
0.979886
0.00537848
-7.17371e-05
0.97522
0.00460536
-7.27309e-05
0.971214
0.00394386
-7.34227e-05
0.967775
0.00337728
-7.39212e-05
0.964821
0.00289168
-7.4303e-05
0.962283
0.00247526
-7.46251e-05
0.960102
0.00211808
-7.49267e-05
0.958227
0.00181171
-7.52326e-05
0.956615
0.001549
-7.55559e-05
0.955228
0.00132387
-7.59021e-05
0.954033
0.00113115
-7.62719e-05
0.953003
0.00096644
-7.66634e-05
0.952112
0.000825983
-7.70745e-05
0.951341
0.000706594
-7.75042e-05
0.950671
0.000605576
-7.79526e-05
0.950085
0.000520659
-7.84205e-05
0.949569
0.000449973
-7.89075e-05
0.949111
0.000392047
-7.9411e-05
0.948699
0.000345899
-7.99245e-05
0.948321
0.000311414
-8.04348e-05
0.947963
0.000290722
-8.09096e-05
0.947602
0.000293434
-8.12478e-05
0.000349809
-8.12144e-05
1.61655
0.258945
-7.82387e-07
1.54734
0.18322
-1.69333e-06
1.49192
0.140418
-2.941e-06
1.44586
0.111936
-4.78172e-06
1.40696
0.0903475
-7.44476e-06
1.37407
0.0738377
-1.11474e-05
1.34619
0.0611932
-1.61049e-05
1.32247
0.0512514
-2.24449e-05
1.30225
0.0432089
-3.00687e-05
1.28498
0.0365876
-3.85372e-05
1.2702
0.0310831
-4.7064e-05
1.25755
0.0264767
-5.4715e-05
1.24671
0.0225988
-6.09138e-05
1.2374
0.0193148
-6.56728e-05
1.22941
0.0165227
-6.91201e-05
1.22255
0.0141451
-7.12776e-05
1.21666
0.0121177
-7.23134e-05
1.21159
0.0103855
-7.25614e-05
1.20723
0.00890294
-7.23205e-05
1.20348
0.00763264
-7.17701e-05
1.20026
0.0065435
-7.10105e-05
1.19748
0.00560931
-7.01076e-05
1.19509
0.00480787
-6.91069e-05
1.19303
0.00412032
-6.80377e-05
1.19126
0.00353065
-6.69184e-05
1.18973
0.00302523
-6.57614e-05
1.1884
0.00259242
-6.45761e-05
1.18726
0.00222232
-6.33708e-05
1.18627
0.00190644
-6.21531e-05
1.1854
0.00163758
-6.0931e-05
1.18465
0.0014096
-5.97132e-05
1.18399
0.00121727
-5.851e-05
1.18341
0.00105623
-5.7334e-05
1.18289
0.000922788
-5.61996e-05
1.18242
0.000813905
-5.51211e-05
1.18199
0.000726953
-5.41111e-05
1.1816
0.00065914
-5.31817e-05
1.18124
0.000605509
-5.23576e-05
1.18094
0.000550547
-5.17028e-05
0.000454638
-5.17889e-05
1.66771
0.2893
-1.1375e-06
1.62535
0.225572
-2.47817e-06
1.58492
0.180851
-4.36855e-06
1.54831
0.14854
-7.18648e-06
1.51551
0.123139
-1.13652e-05
1.48664
0.102684
-1.74008e-05
1.46162
0.0861998
-2.5811e-05
1.44006
0.0727764
-3.69803e-05
1.42155
0.0616778
-5.08823e-05
1.40568
0.0524032
-6.6754e-05
1.39208
0.0446125
-8.29433e-05
1.38043
0.0380522
-9.73072e-05
1.37043
0.0325073
-0.00010885
1.36185
0.0277939
-0.000118123
1.35449
0.0237773
-0.000125379
1.34818
0.0203549
-0.000130459
1.34275
0.0174358
-0.000133712
1.33808
0.0149404
-0.00013583
1.33407
0.0128038
-0.000137339
1.33061
0.0109725
-0.000138532
1.32764
0.00940204
-0.00013959
1.32508
0.00805472
-0.000140643
1.32287
0.00689852
-0.000141777
1.32097
0.00590627
-0.000143037
1.31932
0.00505492
-0.000144437
1.31791
0.00432485
-0.000145971
1.31668
0.0036993
-0.000147622
1.31562
0.003164
-0.000149365
1.31469
0.00270679
-0.000151174
1.31389
0.00231728
-0.000153024
1.31319
0.00198666
-0.000154896
1.31257
0.00170744
-0.000156772
1.31202
0.00147332
-0.000158646
1.31153
0.00127907
-0.000160516
1.3111
0.00112048
-0.000162381
1.3107
0.000994552
-0.000164245
1.31032
0.000900236
-0.00016611
1.30995
0.000841091
-0.000167986
1.30952
0.000836405
-0.000169843
0.00093408
-0.00017194
1.68228
0.305086
-1.69713e-06
1.65536
0.252491
-3.68526e-06
1.62646
0.209741
-6.56003e-06
1.59909
0.175897
-1.09859e-05
1.574
0.148219
-1.78057e-05
1.55146
0.125194
-2.80735e-05
1.5316
0.10603
-4.29735e-05
1.51429
0.0900327
-6.35285e-05
1.49931
0.0765818
-8.99794e-05
1.48641
0.0652083
-0.000120845
1.47532
0.0555789
-0.000152165
1.46578
0.0474448
-0.000178171
1.45757
0.0405513
-0.000197354
1.45053
0.0346635
-0.000212274
1.44449
0.029638
-0.000223033
1.4393
0.0253583
-0.000229159
1.43484
0.0217072
-0.000231861
1.431
0.0185837
-0.000232608
1.42771
0.0159074
-0.00023215
1.42488
0.013613
-0.000230785
1.42245
0.0116454
-0.000228719
1.42036
0.00995763
-0.000226146
1.41857
0.00850973
-0.000223229
1.41703
0.00726774
-0.000220093
1.41571
0.00620276
-0.00021683
1.41457
0.00529015
-0.000213511
1.41359
0.00450887
-0.00021019
1.41274
0.00384096
-0.000206906
1.41202
0.00327111
-0.000203691
1.41138
0.00278626
-0.000200574
1.41084
0.00237528
-0.000197576
1.41036
0.00202875
-0.000194723
1.40994
0.00173871
-0.000192057
1.40957
0.00149841
-0.000189624
1.40924
0.00130216
-0.000187455
1.40894
0.00114494
-0.000185572
1.40867
0.00102142
-0.000183996
1.40844
0.000922742
-0.00018278
1.40831
0.000824288
-0.000182071
0.000667974
-0.000182816
1.68881
0.314336
-2.48576e-06
1.67235
0.26895
-5.4335e-06
1.65305
0.22903
-9.86115e-06
1.63364
0.195295
-1.69522e-05
1.61512
0.166709
-2.83213e-05
1.59796
0.142319
-4.61801e-05
1.58242
0.121513
-7.32984e-05
1.5686
0.10376
-0.000112528
1.55647
0.0885736
-0.000165448
1.54593
0.0755625
-0.00022965
1.53682
0.0644543
-0.000295525
1.52891
0.0550841
-0.000346413
1.52204
0.0471101
-0.00038304
1.51614
0.0402306
-0.000413953
1.51106
0.0343629
-0.000436235
1.50668
0.0293771
-0.000448683
1.50289
0.0251218
-0.000455369
1.49963
0.0214762
-0.000459967
1.49681
0.0183485
-0.000464045
1.49438
0.0156639
-0.000468103
1.49228
0.0133592
-0.00047235
1.49047
0.01138
-0.000476883
1.48892
0.00968017
-0.00048171
1.48757
0.00822042
-0.000486776
1.48641
0.00696731
-0.000491991
1.48541
0.00589226
-0.000497249
1.48455
0.0049709
-0.000502443
1.4838
0.00418237
-0.000507477
1.48315
0.00350888
-0.000512296
1.48259
0.00293516
-0.000516883
1.48209
0.00244827
-0.000521221
1.48166
0.00203711
-0.000525297
1.48128
0.00169237
-0.000529123
1.48095
0.00140623
-0.000532723
1.48064
0.00117234
-0.000536139
1.48037
0.000985908
-0.000539408
1.48011
0.000844676
-0.000542564
1.47983
0.000751971
-0.000545655
1.47948
0.000729848
-0.000548722
0.000832099
-0.000552479
1.69261
0.319784
-3.52297e-06
1.68239
0.279168
-7.78665e-06
1.6695
0.241905
-1.44468e-05
1.65577
0.209004
-2.55526e-05
1.64219
0.180251
-4.41369e-05
1.62929
0.15516
-7.47565e-05
1.61739
0.13331
-0.000123794
1.60669
0.114305
-0.000198967
1.59726
0.097756
-0.000306537
1.58912
0.0833646
-0.000443096
1.58215
0.070968
-0.000581942
1.57597
0.060752
-0.000668823
1.57058
0.0519284
-0.000728515
1.566
0.044196
-0.000782291
1.56206
0.0376623
-0.000816892
1.55865
0.0321296
-0.000831664
1.5557
0.0274046
-0.000834299
1.55317
0.0233541
-0.000829966
1.551
0.0198787
-0.0008212
1.54913
0.0168974
-0.000809633
1.54752
0.0143396
-0.000796606
1.54615
0.0121444
-0.000783165
1.54497
0.0102602
-0.000770025
1.54396
0.00864302
-0.000757647
1.54309
0.00725562
-0.000746291
1.54234
0.00606599
-0.00073607
1.54171
0.00504688
-0.000726971
1.54116
0.00417509
-0.000718876
1.54069
0.00343077
-0.000711673
1.54029
0.00279707
-0.000705311
1.53994
0.00225977
-0.000699683
1.53964
0.00180667
-0.000695103
1.53938
0.00142752
-0.000691953
1.53915
0.0011126
-0.000690024
1.53895
0.000854093
-0.000689112
1.53877
0.000645511
-0.000689118
1.53862
0.000480066
-0.000689737
1.53851
0.000347387
-0.000690694
1.5385
0.000221574
-0.000692297
4.22743e-05
-0.000698266
1.69483
0.323018
-4.76806e-06
1.68852
0.285463
-1.06825e-05
1.68021
0.2502
-2.03028e-05
1.67101
0.218178
-3.70487e-05
1.66166
0.189546
-6.6446e-05
1.6526
0.164121
-0.000117662
1.64411
0.141628
-0.000205273
1.63641
0.121734
-0.000350439
1.62964
0.104081
-0.000577473
1.62393
0.088402
-0.000890712
1.61944
0.0745059
-0.00121367
1.61482
0.0643204
-0.0013539
1.61112
0.0544573
-0.00147199
1.60799
0.0460226
-0.00157638
1.60524
0.0390574
-0.00163069
1.60283
0.0331552
-0.00166095
1.60072
0.0281015
-0.00168829
1.59889
0.0237486
-0.00171709
1.59731
0.0199996
-0.00174598
1.59595
0.0167773
-0.00177324
1.59479
0.0140092
-0.00179821
1.59379
0.0116307
-0.0018209
1.59293
0.00958719
-0.00184149
1.5922
0.00783187
-0.00186004
1.59158
0.00632462
-0.00187647
1.59104
0.00503135
-0.00189082
1.59058
0.00392288
-0.0019031
1.5902
0.00297425
-0.00191338
1.58986
0.00216403
-0.00192222
1.58958
0.00147386
-0.00193007
1.58934
0.000887245
-0.0019355
1.58913
0.000390053
-0.00193778
1.58896
-2.92146e-05
-0.00193932
1.58881
-0.000379094
-0.00194124
1.5887
-0.000666059
-0.00194284
1.5886
-0.000896028
-0.00194448
1.58851
-0.00107261
-0.00194684
1.5884
-0.00119401
-0.00195086
1.58822
-0.00124084
-0.00195714
-0.00116769
-0.00196846
1.69627
0.324804
-6.0962e-06
1.69269
0.28903
-1.38669e-05
1.68782
0.255056
-2.7032e-05
1.68224
0.223715
-5.09898e-05
1.67641
0.195296
-9.52916e-05
1.67061
0.169772
-0.000177497
1.66504
0.146938
-0.000329394
1.65991
0.126403
-0.000605636
1.65566
0.107535
-0.00108901
1.65233
0.0236381
-0.00182214
0.0216571
0.0235984
0.0215469
1.65117
0.0190409
-0.00256565
0.0180707
0.0188578
0.0178353
1.64652
0.0171678
-0.00269541
0.0165891
0.0169722
0.0164236
1.64484
0.0539251
-0.00293699
1.64305
0.0453434
-0.00315185
1.64148
0.0381545
-0.00322289
1.6401
0.0321186
-0.0031908
1.63887
0.0269987
-0.00311673
1.63779
0.022571
-0.00303504
1.63684
0.0187486
-0.00295785
1.63603
0.0154599
-0.00288823
1.63532
0.0126309
-0.00282763
1.63472
0.010197
-0.00277671
1.63421
0.0081051
-0.0027365
1.63378
0.00630779
-0.00270723
1.63341
0.00476136
-0.00268708
1.6331
0.00343134
-0.00267468
1.63285
0.0022881
-0.00266776
1.63264
0.00130593
-0.002663
1.63247
0.00046304
-0.00266123
1.63235
-0.000259031
-0.00266559
1.63226
-0.000874731
-0.00267684
1.63221
-0.00139626
-0.00269331
1.63219
-0.00183496
-0.00271211
1.63218
-0.00220042
-0.00273224
1.63219
-0.00250163
-0.00275421
1.63221
-0.00274613
-0.00277781
1.63224
-0.00294187
-0.00280299
1.63231
-0.00310058
-0.00282997
1.63248
-0.00324862
-0.00285897
-0.00344141
-0.00289588
1.69735
0.325509
-7.2701e-06
1.69585
0.29052
-1.67915e-05
1.6937
0.257174
-3.35438e-05
1.69115
0.226219
-6.53806e-05
1.68835
0.197987
-0.00012756
1.6854
0.172523
-0.000251551
1.6823
0.149651
-0.000504068
1.67899
0.128933
-0.00103117
0.418579
0.0288602
-0.0021402
0.41839
0.418544
0.418358
0.0267532
0.0288207
0.0266784
0.00120748
0.418166
0.0238653
-0.00102227
0.0020203
0.419133
0.0180241
-0.00164694
-0.418489
0.00204059
-0.419633
0.418409
0.0180241
-0.00167326
1.67572
0.0130149
-0.00604324
-0.418351
-0.420138
-0.418387
-0.420249
0.0126396
0.0125743
0.0121776
1.67484
0.0405045
-0.00625154
1.6744
0.032497
-0.00658674
1.67392
0.0262382
-0.00687296
1.67349
0.0208817
-0.00709145
1.67315
0.0162215
-0.00726569
1.67287
0.0122314
-0.00740179
1.67266
0.00882033
-0.00750402
1.67249
0.00589912
-0.00758046
1.67236
0.00339419
-0.00763703
1.67228
0.00124427
-0.00767671
1.67223
-0.000601633
-0.00770498
1.67223
-0.0021849
-0.00772697
1.67226
-0.00354083
-0.00774375
1.67232
-0.00470072
-0.00775797
1.6724
-0.00569142
-0.00777308
1.6725
-0.00653571
-0.0077883
1.6726
-0.00725301
-0.0078006
1.67271
-0.00786062
-0.00781041
1.67282
-0.00837356
-0.0078193
1.67294
-0.00880346
-0.00782747
1.67305
-0.00915986
-0.00783512
1.67316
-0.00945065
-0.00784241
1.67326
-0.00968241
-0.00784958
1.67336
-0.00985995
-0.00785698
1.67343
-0.00998477
-0.00786508
1.67341
-0.010047
-0.00787388
-0.0100211
-0.00788626
1.69827
0.325297
-7.95831e-06
1.69853
0.290242
-1.8611e-05
1.69877
0.256906
-3.78697e-05
1.69892
0.226004
-7.56883e-05
1.6989
0.197882
-0.000152869
1.69853
0.172638
-0.000316186
1.69744
0.150222
-0.000678078
0.423763
0.13049
-0.00149889
0.423645
0.423719
0.423598
0.000963042
0.422717
0.0297699
-0.000827658
0.0027634
0.420775
0.0242837
-0.00218464
-0.0237362
-0.421901
0.00679653
0.431909
-0.00465322
-0.420465
-0.00246756
0.00220885
-0.00229254
0.00211137
-0.0131479
-0.437381
0.00621193
0.425062
-0.00458659
0.00982914
0.00977429
0.00636082
0.00652451
-0.0217942
-0.424953
0.00629708
0.424437
0.0119386
-0.00470493
1.68377
0.0240061
-0.0145073
-0.423293
-0.417517
-0.423415
-0.417547
1.68514
0.0173485
-0.0137436
1.68585
0.0124544
-0.0130087
1.68642
0.00776959
-0.0124703
1.6869
0.00359201
-0.0121244
1.6873
-1.24065e-05
-0.0118859
1.68763
-0.00311559
-0.011693
1.6879
-0.00578686
-0.0115369
1.68813
-0.00807952
-0.011414
1.68832
-0.0100489
-0.0113131
1.68848
-0.0117354
-0.0112229
1.68861
-0.0131733
-0.0111376
1.68871
-0.0143962
-0.0110551
1.68879
-0.0154325
-0.0109737
1.68885
-0.0163073
-0.010892
1.68891
-0.0170418
-0.0108091
1.68896
-0.0176541
-0.0107242
1.689
-0.0181601
-0.0106375
1.68904
-0.0185721
-0.0105484
1.68908
-0.0189015
-0.0104571
1.68912
-0.0191581
-0.010364
1.68917
-0.0193504
-0.01027
1.68922
-0.0194859
-0.0101759
1.68928
-0.0195727
-0.0100827
1.68936
-0.0196242
-0.00999139
1.68952
-0.0196737
-0.00989865
-0.0198206
-0.00978705
1.69915
0.324201
-7.85999e-06
1.70112
0.288261
-1.84669e-05
1.70367
0.254328
-3.76959e-05
1.70648
0.223126
-7.55392e-05
1.70926
0.194978
-0.000152995
1.71167
0.169976
-0.00031719
1.71318
0.148161
-0.000680501
0.428054
0.129738
-0.00148347
0.428345
0.428016
0.428306
0.00116911
-0.0304431
0.427471
0.0308011
-0.00094425
0.00351761
-0.0270513
0.0296219
-0.00262285
0.105832
0.105413
0.105863
0.105384
-0.425958
0.00429856
-0.0110633
-0.101378
0.0997711
0.0113572
-0.00298597
-0.0742236
-0.0034428
-0.00970564
0.00197676
0.0853953
-0.0929891
-0.0106855
-0.00691707
0.394481
0.00764753
0.00749943
-0.103272
-0.0925491
-0.103215
1.65659
0.0299308
0.0148274
-0.399992
-0.424883
-0.398806
-0.424717
1.65936
0.025639
0.0115414
1.66231
0.0192034
0.00988663
1.66493
0.0138325
0.00881351
1.66702
0.00938175
0.00801105
1.66876
0.00554528
0.007436
1.67028
0.00221592
0.00702933
1.67169
-0.000669385
0.00673723
1.67307
-0.0031508
0.00651529
1.67442
-0.00526637
0.00634784
1.67574
-0.00706527
0.00621955
1.67705
-0.00859161
0.00612036
1.67833
-0.00988275
0.00604195
1.67959
-0.0109724
0.00597863
1.68083
-0.0118897
0.00592671
1.68206
-0.0126583
0.00588329
1.68325
-0.0132987
0.00584572
1.68443
-0.0138273
0.00581237
1.68559
-0.0142581
0.00578198
1.68672
-0.0146033
0.00575418
1.68783
-0.014873
0.00572836
1.68892
-0.0150753
0.00570375
1.68998
-0.0152157
0.00567946
1.691
-0.0152956
0.00565413
1.69193
-0.015306
0.00562533
1.69267
-0.0152079
0.00559089
-0.0148902
0.00552805
1.70012
0.322134
-6.95014e-06
1.70393
0.284439
-1.62359e-05
1.70895
0.249288
-3.25911e-05
1.71458
0.217438
-6.35439e-05
1.72035
0.189105
-0.000123549
1.7259
0.164236
-0.000241123
1.73094
0.142732
-0.000472023
1.73536
0.124564
-0.000899155
0.435475
0.11031
-0.00163008
-0.0302155
-0.0291074
-0.0302531
-0.0291816
0.435628
0.435485
0.435636
-0.0282803
0.000989813
0.436426
0.0271229
-0.000783107
-0.0297661
0.00039019
0.443755
0.0245283
-0.000221112
-0.438687
-0.00732832
-0.00532657
-0.444325
0.439551
0.013681
0.00374846
1.76473
0.0505479
0.00671913
-0.0147936
-0.0128324
-0.0145669
-0.0125396
-0.439108
-0.438678
-0.439363
-0.438753
1.7621
0.039565
0.00634326
1.76355
0.0326698
0.00778417
1.76475
0.0272698
0.00885486
1.76586
0.0224777
0.00950008
1.76702
0.0182894
0.00995663
1.76821
0.0146549
0.0103127
1.76936
0.0115162
0.010574
1.77041
0.00882047
0.0107559
1.77133
0.0065006
0.0108882
1.77212
0.00450155
0.0109792
1.7728
0.00278041
0.0110412
1.77338
0.00129949
0.011085
1.7739
2.4698e-05
0.0111126
1.77436
-0.00107079
0.0111234
1.77478
-0.00200759
0.011123
1.77517
-0.00280651
0.0111144
1.77552
-0.00348563
0.0110996
1.77584
-0.00406022
0.0110795
1.77614
-0.00454419
0.0110544
1.77642
-0.00494823
0.0110255
1.77669
-0.00528143
0.0109933
1.77694
-0.0055515
0.0109584
1.77718
-0.00576517
0.010921
1.77742
-0.00592935
0.0108809
1.77769
-0.00605545
0.0108379
1.7781
-0.00617708
0.0107939
-0.00636538
0.0107493
1.70131
0.318883
-5.56228e-06
1.70732
0.278416
-1.28364e-05
1.71519
0.241403
-2.50501e-05
1.72396
0.208625
-4.68186e-05
1.73294
0.180051
-8.58942e-05
1.74171
0.155346
-0.000155063
1.75005
0.134168
-0.000273054
1.75802
0.116209
-0.000452349
1.76649
0.101231
-0.000671866
1.77729
0.0882487
-0.000568671
-0.0255492
-0.0243014
-0.0255565
-0.0243277
1.78541
0.073771
0.000735799
-0.0215869
-0.0192769
-0.0215345
-0.0191412
1.78694
0.0585111
0.00291596
-0.0154191
-0.0138953
-0.015082
-0.0133795
1.79173
0.0487105
0.00374584
1.79364
0.0415196
0.00458129
1.79571
0.0348035
0.00512455
1.79797
0.0292267
0.00521787
1.80013
0.0244854
0.00514282
1.80211
0.020409
0.0050523
1.80392
0.016915
0.00496827
1.80553
0.0139239
0.00488818
1.80697
0.0113629
0.00481873
1.80824
0.00916907
0.00476343
1.80937
0.00728954
0.00472092
1.81037
0.00567982
0.00468739
1.81126
0.00430225
0.0046582
1.81204
0.00312491
0.00463527
1.81271
0.00211984
0.00462174
1.81329
0.00126155
0.00461536
1.8138
0.000529696
0.00461515
1.81425
-9.29073e-05
0.00461818
1.81465
-0.000619579
0.00462336
1.815
-0.00106154
0.00463095
1.81533
-0.00142908
0.00463977
1.81562
-0.0017307
0.00464883
1.81589
-0.0019735
0.00465766
1.81613
-0.00216217
0.00466605
1.81635
-0.00229714
0.00467373
1.81651
-0.00236993
0.00468006
1.81652
-0.0023434
0.00468437
-0.00213354
0.0046822
1.70291
0.314038
-4.10823e-06
1.71179
0.269522
-9.34075e-06
1.72315
0.230027
-1.76471e-05
1.73551
0.196238
-3.14797e-05
1.74792
0.167597
-5.43134e-05
1.75987
0.143321
-9.05773e-05
1.77113
0.12279
-0.000143667
1.7817
0.105473
-0.000206689
1.79189
0.0908317
-0.000241961
1.80193
0.0780925
-9.53681e-05
1.81002
0.0660667
0.000510216
1.81489
0.0547311
0.00138641
1.81929
0.045726
0.00179599
1.82357
0.0387036
0.00186977
1.82731
0.0325754
0.00189292
1.83068
0.0274258
0.00193889
1.83366
0.0231371
0.00200826
1.83625
0.0195138
0.00208953
1.8385
0.0164298
0.00217013
1.84046
0.0137991
0.00224319
1.84216
0.0115524
0.00230693
1.84363
0.0096315
0.00236122
1.84492
0.00798761
0.0024064
1.84604
0.0065803
0.00244286
1.84701
0.00537576
0.00247128
1.84787
0.00434547
0.00249306
1.84862
0.00346524
0.00250939
1.84928
0.00271439
0.00251953
1.84987
0.00207561
0.0025231
1.85038
0.00153408
0.00252258
1.85083
0.00107546
0.00252001
1.85122
0.000688611
0.00251558
1.85157
0.000364655
0.00251025
1.85189
9.62691e-05
0.00250373
1.85218
-0.000122667
0.00249568
1.85245
-0.000297435
0.00248646
1.85273
-0.000435035
0.0024762
1.85304
-0.000550113
0.00246492
1.85351
-0.000686631
0.0024528
-0.000941636
0.00243924
1.70529
0.306809
-2.85481e-06
1.71828
0.256526
-6.38684e-06
1.73428
0.214022
-1.16699e-05
1.75106
0.179437
-1.98634e-05
1.76747
0.151159
-3.22639e-05
1.78296
0.127788
-4.98407e-05
1.79727
0.10842
-7.15354e-05
1.81034
0.0923342
-8.95772e-05
1.82224
0.0788565
-8.09343e-05
1.83301
0.0673286
1.17317e-05
1.84217
0.0571058
0.000263619
1.84941
0.0479651
0.00061473
1.85553
0.0402829
0.000863066
1.86097
0.0340561
0.000997547
1.86559
0.0288495
0.00112056
1.86954
0.0244583
0.00123026
1.87296
0.0207624
0.00130294
1.87591
0.0176309
0.00134274
1.87846
0.0149609
0.00136177
1.88067
0.0126794
0.00136784
1.88258
0.0107282
0.00136551
1.88423
0.00905826
0.00135811
1.88566
0.00762802
0.00134799
1.8869
0.0064028
0.0013366
1.88798
0.00535345
0.0013247
1.88891
0.00445527
0.00131275
1.88972
0.0036872
0.00130108
1.89042
0.00303126
0.00128981
1.89104
0.00247216
0.00127958
1.89158
0.00199694
0.00127098
1.89205
0.00159455
0.0012637
1.89247
0.00125575
0.00125697
1.89285
0.000972674
0.00125069
1.89319
0.000738922
0.0012458
1.89349
0.00054986
0.0012426
1.89376
0.000402177
0.00124049
1.89399
0.00029574
0.00123915
1.89417
0.000239431
0.00123798
1.89417
0.000272615
0.00123673
0.000487679
0.00123518
1.7091
0.29577
-1.89827e-06
1.7281
0.237524
-4.16903e-06
1.74993
0.192184
-7.3539e-06
1.7716
0.157763
-1.19243e-05
1.79204
0.130705
-1.82106e-05
1.81086
0.108943
-2.60151e-05
1.82789
0.0913653
-3.36155e-05
1.84311
0.0770827
-3.5718e-05
1.85663
0.0653162
-2.04903e-05
1.86855
0.0554349
3.38768e-05
1.87882
0.0469525
0.00015021
1.88742
0.0396082
0.000309807
1.89467
0.0333903
0.000444704
1.9009
0.0282448
0.000525053
1.90626
0.0239534
0.000573141
1.91087
0.02033
0.000601855
1.91487
0.0172667
0.00061604
1.91832
0.0146737
0.000623281
1.92132
0.0124719
0.000629476
1.92391
0.0105976
0.000636544
1.92615
0.00900016
0.000644527
1.92809
0.00763724
0.000653198
1.92977
0.00647343
0.000662326
1.93123
0.00547919
0.00067162
1.93249
0.00462976
0.000680776
1.93359
0.00390431
0.000689574
1.93454
0.00328524
0.000697898
1.93538
0.00275765
0.000705672
1.93611
0.0023089
0.000712871
1.93675
0.00192833
0.00071947
1.93731
0.00160689
0.000725414
1.93781
0.00133692
0.000730629
1.93826
0.00111201
0.000734918
1.93866
0.000926784
0.000738321
1.93903
0.000776644
0.000741016
1.93938
0.00065705
0.000742993
1.93971
0.000561741
0.000744064
1.94008
0.000477217
0.000744337
1.94059
0.000361292
0.000743971
0.000117492
0.000741434
1.71667
0.277161
-1.23553e-06
1.74614
0.208056
-2.65928e-06
1.77688
0.161438
-4.52987e-06
1.80534
0.129303
-6.99986e-06
1.83094
0.105088
-1.00417e-05
1.85364
0.0862362
-1.32055e-05
1.87349
0.071503
-1.5111e-05
1.89073
0.0598362
-1.26369e-05
1.90565
0.0503947
-9.02778e-08
1.91852
0.0425895
3.07703e-05
1.92952
0.0360186
8.6447e-05
1.93883
0.0304322
0.000159319
1.94669
0.0257111
0.000225703
1.95339
0.0217667
0.000271026
1.95912
0.01847
0.000301168
1.96402
0.0156947
0.00032453
1.96821
0.0133511
0.000343431
1.97181
0.0113695
0.000358189
1.97489
0.00968899
0.000369349
1.97753
0.00825969
0.000377389
1.9798
0.00704143
0.000382656
1.98175
0.00600149
0.000385546
1.98342
0.00511276
0.000386492
1.98486
0.00435267
0.000385885
1.98609
0.00370238
0.00038405
1.98716
0.0031461
0.000381255
1.98808
0.00267049
0.000377731
1.98887
0.0022643
0.000373665
1.98956
0.00191798
0.000369221
1.99015
0.00162347
0.000364548
1.99068
0.00137394
0.000359763
1.99113
0.00116367
0.00035493
1.99154
0.000987867
0.000350066
1.9919
0.00084258
0.000345219
1.99222
0.000724737
0.000340459
1.99251
0.000632438
0.000335805
1.99277
0.000566251
0.000331237
1.99297
0.000533651
0.000326812
1.99302
0.000566814
0.000322372
0.000742057
0.000317866
1.72977
0.245455
-7.99525e-07
1.77242
0.165402
-1.66237e-06
1.81218
0.12168
-2.69713e-06
1.84741
0.0940649
-3.92322e-06
1.87841
0.0740826
-5.22649e-06
1.9053
0.0593402
-6.21972e-06
1.92838
0.0484251
-6.00326e-06
1.9481
0.0401066
-2.87433e-06
1.96497
0.0335373
5.8477e-06
1.97937
0.0282058
2.34401e-05
1.99164
0.0237918
5.18742e-05
2.00205
0.0200903
8.80907e-05
2.01089
0.0169791
0.000123431
2.0184
0.0143754
0.000150911
2.02481
0.0121976
0.000170437
2.03029
0.010367
0.000184631
2.03498
0.00882182
0.000194746
2.039
0.00751444
0.000201433
2.04245
0.00640556
0.000205699
2.04542
0.00546263
0.00020857
2.04798
0.00465928
0.000210749
2.05018
0.00397399
0.000212658
2.05207
0.00338892
0.000214552
2.05371
0.00288916
0.000216575
2.05513
0.00246223
0.000218785
2.05636
0.00209763
0.000221188
2.05742
0.00178652
0.000223765
2.05834
0.00152141
0.000226485
2.05915
0.00129594
0.000229313
2.05985
0.00110476
0.000232219
2.06047
0.000943332
0.000235163
2.06102
0.000807825
0.000238105
2.0615
0.000695016
0.000240994
2.06194
0.00060217
0.000243793
2.06233
0.000526886
0.000246473
2.0627
0.000466732
0.000249003
2.06305
0.000418145
0.000251336
2.06341
0.000372932
0.000253391
2.06388
0.000304614
0.000254932
0.000151211
0.000255049
1.77805
0.165472
-5.73933e-07
1.84268
0.100765
-1.16836e-06
1.89263
0.0717334
-1.82435e-06
1.93298
0.0537154
-2.48457e-06
1.96628
0.0407746
-3.01713e-06
1.99393
0.0316944
-3.12755e-06
2.01701
0.0253336
-2.23154e-06
2.03644
0.0206788
6.24582e-07
2.05288
0.0171074
6.7145e-06
2.06682
0.0142764
1.73339e-05
2.07866
0.0119797
3.29512e-05
2.08871
0.0100845
5.20091e-05
2.09724
0.00850748
7.0878e-05
2.1045
0.00719354
8.62365e-05
2.11068
0.00609734
9.73115e-05
2.11595
0.00517854
0.000105114
2.12046
0.00440469
0.000110659
2.12432
0.00375096
0.000114564
2.12763
0.00319734
0.000117308
2.13046
0.00272731
0.000119259
2.13289
0.00232737
0.000120622
2.13498
0.00198649
0.000121489
2.13678
0.00169557
0.00012191
2.13832
0.00144706
0.000121923
2.13965
0.00123466
0.000121565
2.14079
0.00105309
0.000120869
2.14178
0.000897933
0.000119872
2.14263
0.000765461
0.000118614
2.14337
0.000652533
0.000117133
2.14402
0.000556499
0.000115468
2.14458
0.000475125
0.000113652
2.14507
0.000406528
0.000111715
2.14551
0.000349132
0.00010968
2.1459
0.000301641
0.000107564
2.14625
0.000263044
0.000105384
2.14656
0.000232741
0.000103152
2.14685
0.000211042
0.000100873
2.14711
0.000200903
9.85585e-05
2.14728
0.000214952
9.62668e-05
0.000285085
9.40464e-05
1.86354
-3.98124e-07
1.9643
-7.80619e-07
2.03603
-1.19793e-06
2.08975
-1.58153e-06
2.13052
-1.81052e-06
2.16221
-1.66348e-06
2.18755
-7.32521e-07
2.20823
1.60172e-06
2.22534
6.10095e-06
2.23963
1.34431e-05
2.25163
2.37909e-05
2.26174
3.6284e-05
2.27029
4.9051e-05
2.27753
6.02033e-05
2.28369
6.89538e-05
2.28893
7.55736e-05
2.2934
8.05808e-05
2.29722
8.43303e-05
2.30049
8.70903e-05
2.3033
8.91193e-05
2.3057
9.06379e-05
2.30776
9.18083e-05
2.30953
9.27465e-05
2.31106
9.35363e-05
2.31237
9.42358e-05
2.3135
9.48827e-05
2.31448
9.54994e-05
2.31532
9.60987e-05
2.31606
9.66868e-05
2.31669
9.72658e-05
2.31725
9.7835e-05
2.31774
9.8391e-05
2.31817
9.89281e-05
2.31855
9.94388e-05
2.31889
9.99135e-05
2.31921
0.00010034
2.3195
0.000100699
2.31978
0.000100962
2.32008
0.000101073
0.000100758
1.52064
0.177427
1.7785e-08
1.40662
0.11402
2.86349e-08
1.32161
0.0850007
4.49723e-08
1.25574
0.0658712
6.86181e-08
1.20427
0.0514567
1.0038e-07
1.16331
0.0409553
1.39991e-07
1.12997
0.0333251
1.86289e-07
1.10239
0.0275525
2.36671e-07
1.07936
0.023007
2.87156e-07
1.05998
0.0193414
3.33428e-07
1.0436
0.0163428
3.72155e-07
1.02968
0.013863
4.01704e-07
1.01783
0.0117938
4.223e-07
1.00772
0.0100536
4.3591e-07
0.999069
0.00858195
4.45109e-07
0.991667
0.00733332
4.51471e-07
0.985325
0.00627151
4.55192e-07
0.979887
0.00536641
4.56071e-07
0.97522
0.00459319
4.54233e-07
0.971215
0.0039316
4.50095e-07
0.967775
0.00336495
4.44173e-07
0.964821
0.00287927
4.37028e-07
0.962283
0.00246277
4.2933e-07
0.960102
0.0021055
4.2194e-07
0.958228
0.00179904
4.15956e-07
0.956616
0.00153622
4.12646e-07
0.955228
0.00131098
4.13229e-07
0.954033
0.00111813
4.18575e-07
0.953003
0.000953293
4.28994e-07
0.952113
0.000812705
4.44281e-07
0.951342
0.000693185
4.64071e-07
0.950671
0.000592031
4.88438e-07
0.950085
0.000506975
5.18616e-07
0.94957
0.000436148
5.57645e-07
0.949112
0.000378079
6.10758e-07
0.9487
0.000331786
6.85308e-07
0.948321
0.00029715
7.89819e-07
0.947964
0.000276281
9.30775e-07
0.947603
0.000278743
1.10291e-06
0.000334536
1.24541e-06
1.61655
0.258944
1.5517e-08
1.54734
0.18322
2.55472e-08
1.49192
0.140418
4.07031e-08
1.44586
0.111935
6.23616e-08
1.40696
0.0903458
9.13592e-08
1.37407
0.073835
1.27712e-07
1.34619
0.0611889
1.70519e-07
1.32247
0.0512448
2.17567e-07
1.30225
0.0431994
2.65336e-07
1.28498
0.0365745
3.09739e-07
1.27021
0.0310663
3.46997e-07
1.25756
0.0264567
3.74262e-07
1.24671
0.0225764
3.91079e-07
1.23741
0.0192907
4.00333e-07
1.22943
0.0164972
4.06005e-07
1.22257
0.0141188
4.10102e-07
1.21668
0.0120911
4.12734e-07
1.21161
0.0103588
4.13919e-07
1.20726
0.00887622
4.14014e-07
1.20351
0.00760593
4.13285e-07
1.20029
0.00651684
4.11799e-07
1.19751
0.00558271
4.09641e-07
1.19512
0.00478132
4.07071e-07
1.19307
0.00409382
4.04577e-07
1.19129
0.00350419
4.02871e-07
1.18977
0.00299881
4.02805e-07
1.18845
0.00256603
4.05199e-07
1.1873
0.00219593
4.10632e-07
1.18631
0.00188007
4.19331e-07
1.18545
0.00161121
4.31225e-07
1.1847
0.00138322
4.46184e-07
1.18405
0.0011909
4.64401e-07
1.18347
0.00102984
4.86822e-07
1.18295
0.000896374
5.15542e-07
1.18248
0.000787454
5.5408e-07
1.18206
0.00070045
6.07435e-07
1.18167
0.000632571
6.81671e-07
1.18132
0.000578856
7.82248e-07
1.18102
0.000523802
9.09439e-07
0.000427798
1.04204e-06
1.66771
0.2893
1.44491e-08
1.62535
0.225571
2.56183e-08
1.58492
0.18085
4.26203e-08
1.54831
0.148538
6.6795e-08
1.5155
0.123137
9.94421e-08
1.48664
0.102679
1.41361e-07
1.46161
0.0861918
1.92524e-07
1.44006
0.0727639
2.51595e-07
1.42155
0.0616591
3.15491e-07
1.40568
0.0523769
3.79105e-07
1.39208
0.0445781
4.34977e-07
1.38043
0.0380113
4.74657e-07
1.37043
0.0324619
4.95407e-07
1.36186
0.0277451
5.04211e-07
1.35451
0.023726
5.09426e-07
1.34819
0.0203022
5.12368e-07
1.34277
0.0173824
5.10544e-07
1.3381
0.0148867
5.03615e-07
1.33409
0.0127498
4.9333e-07
1.33064
0.0109183
4.81405e-07
1.32767
0.00934756
4.68978e-07
1.32511
0.00799995
4.569e-07
1.32291
0.00684342
4.45919e-07
1.32101
0.0058508
4.36736e-07
1.31937
0.00499906
4.30034e-07
1.31795
0.00426856
4.26468e-07
1.31672
0.00364257
4.26589e-07
1.31566
0.00310683
4.30746e-07
1.31474
0.00264918
4.39028e-07
1.31394
0.00225925
4.51318e-07
1.31324
0.00192821
4.67432e-07
1.31263
0.0016486
4.87337e-07
1.31208
0.00141409
5.11413e-07
1.3116
0.00121944
5.40745e-07
1.31116
0.00106046
5.77379e-07
1.31076
0.000934135
6.24598e-07
1.31039
0.00083942
6.87012e-07
1.31002
0.000779865
7.70224e-07
1.3096
0.000774718
8.80751e-07
0.000871688
1.03448e-06
1.68228
0.305085
1.33333e-08
1.65535
0.25249
2.58761e-08
1.62646
0.209739
4.51581e-08
1.59909
0.175895
7.30075e-08
1.57399
0.148215
1.11624e-07
1.55146
0.125186
1.63245e-07
1.53159
0.106017
2.29754e-07
1.51428
0.0900107
3.11955e-07
1.4993
0.0765473
4.08125e-07
1.4864
0.0651576
5.11217e-07
1.47531
0.0555111
6.04775e-07
1.46578
0.0473646
6.6492e-07
1.45758
0.0404639
6.85277e-07
1.45054
0.0345697
6.88621e-07
1.44451
0.0295398
6.97056e-07
1.43932
0.0252583
7.12938e-07
1.43486
0.0216065
7.30704e-07
1.43103
0.0184826
7.47588e-07
1.42775
0.0158061
7.62066e-07
1.42492
0.0135116
7.72536e-07
1.42249
0.0115441
7.78326e-07
1.42041
0.0098564
7.79949e-07
1.41862
0.00840858
7.78506e-07
1.41708
0.00716663
7.75206e-07
1.41576
0.00610166
7.71186e-07
1.41463
0.00518901
7.67457e-07
1.41365
0.00440765
7.64875e-07
1.41281
0.00373966
7.64079e-07
1.41209
0.00316972
7.65426e-07
1.41146
0.00268478
7.68972e-07
1.41092
0.00227373
7.7453e-07
1.41044
0.00192714
7.81816e-07
1.41003
0.00163699
7.90782e-07
1.40966
0.00139652
8.0185e-07
1.40933
0.00120002
8.16138e-07
1.40904
0.00104251
8.35891e-07
1.40877
0.000918677
8.65062e-07
1.40855
0.000819729
9.10424e-07
1.40842
0.000721108
9.861e-07
0.000564627
1.14142e-06
1.68881
0.314335
1.20213e-08
1.67235
0.268949
2.61804e-08
1.65305
0.229028
4.85337e-08
1.63363
0.195292
8.17827e-08
1.61512
0.166702
1.29707e-07
1.59795
0.142307
1.97297e-07
1.5824
0.12149
2.90719e-07
1.56858
0.103722
4.16566e-07
1.55645
0.0885094
5.78756e-07
1.54592
0.0754624
7.69523e-07
1.53682
0.0643157
9.50996e-07
1.52891
0.0549245
1.05171e-06
1.52205
0.0469394
1.06214e-06
1.51616
0.0400478
1.04712e-06
1.51108
0.0341737
1.03313e-06
1.50671
0.0291862
9.97062e-07
1.50293
0.02493
9.43542e-07
1.49967
0.0212833
8.95599e-07
1.49685
0.0181542
8.63847e-07
1.49443
0.0154681
8.46629e-07
1.49234
0.0131618
8.39877e-07
1.49053
0.011181
8.40845e-07
1.48898
0.00947952
8.47881e-07
1.48764
0.0080182
8.59867e-07
1.48649
0.00676356
8.75907e-07
1.48549
0.00568706
8.95313e-07
1.48463
0.00476437
9.17655e-07
1.48389
0.0039747
9.42691e-07
1.48324
0.00330025
9.70162e-07
1.48268
0.00272571
9.9964e-07
1.4822
0.00223813
1.03039e-06
1.48177
0.00182647
1.06138e-06
1.4814
0.00148132
1.09175e-06
1.48106
0.00119481
1.12092e-06
1.48077
0.000960506
1.14903e-06
1.4805
0.000773665
1.17746e-06
1.48024
0.000632075
1.20936e-06
1.47997
0.000539193
1.25159e-06
1.47963
0.000517013
1.3212e-06
0.00061829
1.48041e-06
1.69261
0.319784
1.01801e-08
1.68239
0.279167
2.5567e-08
1.6695
0.241902
5.0833e-08
1.65576
0.208999
8.99249e-08
1.64218
0.180242
1.49226e-07
1.62927
0.155141
2.38797e-07
1.61736
0.133275
3.73959e-07
1.60665
0.114239
5.7633e-07
1.59721
0.0976347
8.69852e-07
1.58907
0.0831588
1.25719e-06
1.58213
0.0706715
1.64417e-06
1.57596
0.0604267
1.79064e-06
1.57059
0.0515829
1.73668e-06
1.56602
0.0438281
1.74662e-06
1.56209
0.0372875
1.9194e-06
1.55869
0.031752
2.08247e-06
1.55576
0.0270254
2.15866e-06
1.55323
0.0229742
2.16907e-06
1.55107
0.0194986
2.14188e-06
1.54921
0.0165175
2.0929e-06
1.54761
0.01396
2.03244e-06
1.54624
0.0117652
1.96827e-06
1.54507
0.00988106
1.90593e-06
1.54406
0.00826375
1.84898e-06
1.5432
0.00687583
1.79909e-06
1.54246
0.00568539
1.75673e-06
1.54183
0.00466536
1.72156e-06
1.5413
0.00379275
1.69292e-06
1.54084
0.00304786
1.6698e-06
1.54044
0.00241365
1.65107e-06
1.5401
0.00187616
1.63536e-06
1.53981
0.00142245
1.6231e-06
1.53955
0.00104138
1.61463e-06
1.53933
0.00072416
1.60833e-06
1.53914
0.000463409
1.60096e-06
1.53897
0.000252622
1.59134e-06
1.53883
8.47415e-05
1.57839e-06
1.53872
-5.09248e-05
1.57024e-06
1.53873
-0.000180211
1.58413e-06
-0.000363114
1.67612e-06
1.69483
0.323017
7.3209e-09
1.68852
0.285462
2.28849e-08
1.68021
0.250198
4.9964e-08
1.671
0.218172
9.4032e-08
1.66164
0.189534
1.65242e-07
1.65256
0.164096
2.82193e-07
1.64406
0.141575
4.78662e-07
1.63632
0.121624
8.14114e-07
1.62953
0.103851
1.3813e-06
1.62383
0.0879643
2.26716e-06
1.61942
0.0738619
3.25792e-06
1.6148
0.0636894
3.47566e-06
1.61112
0.0537866
3.23011e-06
1.60803
0.0453406
2.77343e-06
1.60529
0.0383902
2.37852e-06
1.60289
0.0324901
2.18552e-06
1.60079
0.0274325
2.20523e-06
1.59898
0.023073
2.35385e-06
1.59741
0.0193164
2.54834e-06
1.59606
0.0160869
2.74604e-06
1.59491
0.0133125
2.93191e-06
1.59392
0.0109286
3.10233e-06
1.59308
0.00888006
3.25827e-06
1.59236
0.00712014
3.4e-06
1.59175
0.00560901
3.52747e-06
1.59123
0.00431256
3.64223e-06
1.59078
0.00320183
3.74608e-06
1.59041
0.00225235
3.84176e-06
1.59008
0.00144183
3.93015e-06
1.58981
0.000750523
4.01124e-06
1.58959
0.000161432
4.07939e-06
1.58941
-0.00033898
4.13133e-06
1.58927
-0.000760443
4.1756e-06
1.58916
-0.00111143
4.21489e-06
1.58907
-0.00139929
4.24734e-06
1.58901
-0.00163012
4.27045e-06
1.58895
-0.00180754
4.28557e-06
1.58887
-0.00192983
4.29137e-06
1.58871
-0.00197788
4.28736e-06
-0.00190758
4.29351e-06
1.69627
0.324803
2.93483e-09
1.69269
0.289029
1.6913e-08
1.68781
0.255054
4.33684e-08
1.68222
0.223709
8.90406e-08
1.67638
0.195283
1.68333e-07
1.67055
0.169742
3.11785e-07
1.66493
0.146867
5.85218e-07
1.65972
0.126231
1.13097e-06
1.65538
0.107097
2.24707e-06
1.6521
0.0234154
4.35123e-06
0.0213173
0.023402
0.0212838
1.65118
0.0185873
6.87379e-06
0.0175761
0.0185357
0.0175057
1.64644
0.0167356
6.12445e-06
0.0161928
0.0166694
0.0161326
1.64485
0.0524296
6.32398e-06
1.64312
0.0439146
8.99834e-06
1.64159
0.0366896
9.7204e-06
1.64024
0.0306365
8.97815e-06
1.63903
0.025522
8.01497e-06
1.63796
0.0210993
7.2056e-06
1.63703
0.0172795
6.54487e-06
1.63623
0.0139932
5.99698e-06
1.63554
0.0111658
5.54644e-06
1.63496
0.00873243
5.18352e-06
1.63446
0.00663603
4.91414e-06
1.63404
0.00482763
4.72192e-06
1.63369
0.00326809
4.59025e-06
1.6334
0.00192323
4.50156e-06
1.63317
0.000762744
4.43686e-06
1.63299
-0.000240444
4.39654e-06
1.63287
-0.00110651
4.38199e-06
1.6328
-0.00185106
4.38021e-06
1.63277
-0.00248892
4.40838e-06
1.63277
-0.00303262
4.45973e-06
1.63279
-0.00349394
4.51803e-06
1.63282
-0.00388285
4.57683e-06
1.63287
-0.00420771
4.63173e-06
1.63293
-0.00447598
4.67845e-06
1.63301
-0.00469559
4.71065e-06
1.63313
-0.00487818
4.72121e-06
1.63334
-0.00504982
4.7005e-06
-0.00526409
4.61394e-06
1.69735
0.325508
-3.29471e-09
1.69584
0.290519
6.70786e-09
1.69369
0.257173
2.85274e-08
1.69112
0.226214
6.86645e-08
1.6883
0.197977
1.43588e-07
1.68529
0.172498
2.94498e-07
1.68207
0.149585
6.30199e-07
1.67851
0.128762
1.45905e-06
0.418359
0.0287375
3.6679e-06
0.418114
0.418348
0.418103
0.0265482
0.0287243
0.0265251
0.000714187
0.417926
0.0235063
-0.000371585
0.0011321
0.41907
0.017259
-0.000582194
-0.418292
0.00118087
-0.419642
0.418387
0.0174175
-0.000607571
1.67595
0.0121646
-5.68548e-06
-0.418352
-0.42022
-0.418368
-0.420258
0.0117481
0.0120791
0.0116444
1.67497
0.038649
-4.71097e-06
1.67457
0.0305024
8.32481e-07
1.67413
0.0242044
4.68624e-06
1.67373
0.0188233
7.20725e-06
1.67342
0.0141283
9.07604e-06
1.67319
0.0101006
1.0512e-05
1.67301
0.00665555
1.15957e-05
1.67288
0.0037025
1.24205e-05
1.6728
0.00116399
1.30582e-05
1.67277
-0.00102244
1.35408e-05
1.67278
-0.00290561
1.39305e-05
1.67284
-0.00452638
1.42592e-05
1.67292
-0.00592063
1.45407e-05
1.67303
-0.00711935
1.47899e-05
1.67315
-0.00814874
1.50067e-05
1.67327
-0.00903229
1.51891e-05
1.6734
-0.0097902
1.53492e-05
1.67352
-0.0104386
1.54794e-05
1.67364
-0.0109916
1.55789e-05
1.67377
-0.0114607
1.56475e-05
1.67389
-0.0118561
1.56904e-05
1.67401
-0.0121858
1.57108e-05
1.67413
-0.0124565
1.57075e-05
1.67423
-0.0126729
1.56788e-05
1.67431
-0.0128367
1.56171e-05
1.67431
-0.0129366
1.54907e-05
-0.0129401
1.5216e-05
1.69827
0.325297
-1.11868e-08
1.69853
0.290242
-7.6761e-09
1.69876
0.256906
4.45714e-09
1.69889
0.226004
2.79233e-08
1.69883
0.197881
7.22323e-08
1.69838
0.172637
1.64945e-07
1.69706
0.150219
3.90485e-07
0.423544
0.130494
1.0141e-06
0.423387
0.423529
0.423372
0.000574413
0.422356
0.0296529
-0.000302253
0.00146648
0.420071
0.0238989
-0.000743064
-0.0233454
-0.421348
0.00287198
0.431981
-0.001369
-0.419816
-0.00270784
0.00188489
-0.00268574
0.00186235
-0.0120213
-0.437389
0.00294453
0.42501
-0.00143173
0.00964892
0.00961791
0.00620245
0.0062202
-0.0208226
-0.425083
0.00295802
0.424584
0.0111414
-0.00143616
1.68408
0.0219902
5.13793e-05
-0.423437
-0.417532
-0.423474
-0.417541
1.68554
0.0152687
3.80334e-05
1.68622
0.0104831
3.11475e-05
1.68678
0.00576105
2.67086e-05
1.68726
0.00150643
2.37812e-05
1.68762
-0.00217356
2.18509e-05
1.68791
-0.00534582
2.04285e-05
1.68814
-0.00807866
1.93083e-05
1.68831
-0.0104409
1.84477e-05
1.68843
-0.0124777
1.77277e-05
1.68851
-0.0142278
1.70711e-05
1.68856
-0.015729
1.6454e-05
1.68859
-0.0170137
1.58713e-05
1.68859
-0.0181105
1.53189e-05
1.68858
-0.019044
1.47899e-05
1.68856
-0.0198353
1.42786e-05
1.68853
-0.0205027
1.37793e-05
1.6885
-0.0210621
1.33105e-05
1.68848
-0.0215266
1.28721e-05
1.68845
-0.0219078
1.24512e-05
1.68844
-0.0222155
1.20329e-05
1.68843
-0.0224581
1.16111e-05
1.68843
-0.0226431
1.11841e-05
1.68844
-0.0227786
1.07493e-05
1.68848
-0.0228783
1.0302e-05
1.68861
-0.0229769
9.82953e-06
-0.0231837
9.34444e-06
1.69915
0.324201
-1.979e-08
1.70111
0.288261
-2.43161e-08
1.70365
0.25433
-2.56219e-08
1.70645
0.22313
-2.89199e-08
1.70919
0.194988
-4.50732e-08
1.71151
0.170001
-1.057e-07
1.71282
0.148229
-3.12747e-07
0.427825
0.129927
-9.94522e-07
0.42814
0.427813
0.428127
0.000631739
-0.0304669
0.427098
0.0308888
-0.000326628
0.00169368
-0.02724
0.0301468
-0.000825611
0.105623
0.105153
0.105632
0.105146
-0.42533
0.00098881
-0.0115939
-0.101178
0.100419
0.0120342
-0.000670232
-0.0745503
-0.000591951
-0.00980809
0.000394592
0.0845557
-0.0921242
-0.00457611
-0.00726027
0.392482
0.00759188
0.00214185
-0.10305
-0.0921363
-0.103069
1.65286
0.0286103
-5.18761e-05
-0.398081
-0.424236
-0.398072
-0.42421
1.65524
0.0244624
-3.7218e-05
1.65786
0.0177831
-3.07385e-05
1.6602
0.0122605
-2.64669e-05
1.66203
0.00771262
-2.37348e-05
1.66353
0.00378677
-2.21976e-05
1.66488
0.000352159
-2.14798e-05
1.6662
-0.00263954
-2.1084e-05
1.6675
-0.0052107
-2.06995e-05
1.6688
-0.00740701
-2.03864e-05
1.67009
-0.00927997
-2.01475e-05
1.67138
-0.0108749
-1.99595e-05
1.67266
-0.0122317
-1.98049e-05
1.67393
-0.0133845
-1.96731e-05
1.6752
-0.0143617
-1.95576e-05
1.67645
-0.0151872
-1.94593e-05
1.67769
-0.0158815
-1.93838e-05
1.67893
-0.0164623
-1.93391e-05
1.68014
-0.0169441
-1.93045e-05
1.68135
-0.017339
-1.92756e-05
1.68254
-0.0176571
-1.92603e-05
1.68371
-0.0179065
-1.9261e-05
1.68486
-0.0180928
-1.92781e-05
1.68597
-0.0182169
-1.93141e-05
1.68701
-0.0182699
-1.93751e-05
1.68785
-0.0182117
-1.94758e-05
-0.0179269
-1.95999e-05
1.70012
0.322135
-2.74498e-08
1.70393
0.284441
-3.90125e-08
1.70893
0.249291
-5.12821e-08
1.71456
0.217444
-7.38515e-08
1.7203
0.189118
-1.25841e-07
1.7258
0.164267
-2.54531e-07
1.73075
0.142804
-5.86069e-07
1.73505
0.124728
-1.47298e-06
0.435442
0.1107
-3.85925e-06
-0.0303435
-0.0293141
-0.0303557
-0.029339
0.435592
0.435448
0.435597
-0.0286709
0.000508668
0.436528
0.0273386
-0.000262324
-0.0305407
8.07812e-05
0.44489
0.0247387
-3.35106e-05
-0.439135
-0.005912
-0.00235002
-0.445489
0.43997
0.0126661
0.00111458
1.76536
0.0491027
4.20351e-06
-0.0140229
-0.0120157
-0.0139682
-0.0119371
-0.439241
-0.43861
-0.439325
-0.438633
1.76248
0.0378392
3.17596e-06
1.76391
0.0308212
-3.64539e-06
1.76513
0.0254161
-7.89145e-06
1.76626
0.0206419
-1.03611e-05
1.76747
0.016476
-1.20755e-05
1.76872
0.0128645
-1.32646e-05
1.7699
0.00975351
-1.38654e-05
1.77096
0.00707729
-1.41229e-05
1.77188
0.00477068
-1.43558e-05
1.77268
0.00278268
-1.45087e-05
1.77339
0.00106995
-1.45909e-05
1.77402
-0.000406965
-1.46173e-05
1.77459
-0.00167925
-1.4597e-05
1.77512
-0.00277157
-1.45519e-05
1.7756
-0.00370634
-1.44755e-05
1.77605
-0.00450335
-1.43757e-05
1.77646
-0.00518084
-1.42557e-05
1.77685
-0.00575499
-1.41324e-05
1.77721
-0.00623892
-1.40164e-05
1.77755
-0.00664334
-1.39114e-05
1.77788
-0.0069773
-1.38183e-05
1.77819
-0.00724839
-1.37387e-05
1.7785
-0.00746321
-1.36743e-05
1.7788
-0.00762857
-1.36283e-05
1.77914
-0.00775589
-1.36076e-05
1.77962
-0.00787948
-1.36302e-05
-0.00807141
-1.37449e-05
1.70131
0.318884
-3.30547e-08
1.70732
0.278417
-4.91928e-08
1.71518
0.241405
-6.73489e-08
1.72395
0.208631
-9.73242e-08
1.73292
0.180063
-1.55816e-07
1.74166
0.15537
-2.77433e-07
1.74997
0.134218
-5.37954e-07
1.75794
0.116307
-1.10461e-06
1.76656
0.101416
-2.31139e-06
1.77782
0.0884621
-4.59813e-06
-0.0256897
-0.0244518
-0.02569
-0.0244589
1.78617
0.073639
-7.59619e-06
-0.0215842
-0.0190683
-0.0215662
-0.019023
1.78717
0.0577421
-7.44123e-06
-0.0148657
-0.0131761
-0.0147643
-0.0130188
1.79217
0.0478612
-6.72106e-06
1.79389
0.0407017
-9.79677e-06
1.79588
0.0339736
-1.09624e-05
1.79814
0.0283844
-1.03227e-05
1.80031
0.0236195
-9.38595e-06
1.80233
0.0195164
-8.60815e-06
1.80417
0.0160003
-7.96033e-06
1.80583
0.0129936
-7.39469e-06
1.80731
0.0104221
-6.97261e-06
1.80863
0.00822173
-6.67958e-06
1.8098
0.00633833
-6.45548e-06
1.81084
0.00472751
-6.26601e-06
1.81174
0.00335185
-6.10997e-06
1.81252
0.0021779
-5.98711e-06
1.8132
0.00117612
-5.8816e-06
1.8138
0.000321162
-5.80596e-06
1.81432
-0.000407486
-5.75089e-06
1.81479
-0.00102561
-5.70132e-06
1.81521
-0.00154662
-5.65877e-06
1.81559
-0.00198216
-5.63319e-06
1.81594
-0.00234315
-5.6238e-06
1.81625
-0.00263881
-5.62917e-06
1.81654
-0.00287589
-5.64917e-06
1.81681
-0.00305866
-5.68291e-06
1.81705
-0.0031875
-5.73294e-06
1.81723
-0.00325377
-5.80572e-06
1.81726
-0.00322031
-5.9154e-06
-0.00300238
-6.1018e-06
1.70291
0.314039
-3.64738e-08
1.71179
0.269524
-5.47769e-08
1.72315
0.230029
-7.47175e-08
1.73551
0.196242
-1.04656e-07
1.74791
0.167606
-1.56596e-07
1.75985
0.143337
-2.51551e-07
1.77111
0.12282
-4.2819e-07
1.78168
0.105522
-7.55302e-07
1.79195
0.0909055
-1.3397e-06
1.80217
0.0781554
-2.26939e-06
1.81033
0.0659906
-3.27984e-06
1.81504
0.0544254
-3.25971e-06
1.81937
0.0453235
-2.52952e-06
1.82366
0.0382899
-1.94611e-06
1.8274
0.0321192
-1.58185e-06
1.83079
0.0269347
-1.40479e-06
1.8338
0.0226271
-1.42415e-06
1.83641
0.0189924
-1.56693e-06
1.83868
0.0159008
-1.74602e-06
1.84066
0.0132652
-1.91516e-06
1.84237
0.0110154
-2.06612e-06
1.84387
0.0090922
-2.19694e-06
1.84517
0.00744627
-2.30705e-06
1.8463
0.0060372
-2.397e-06
1.8473
0.00483145
-2.47038e-06
1.84817
0.00380051
-2.52991e-06
1.84894
0.00291992
-2.57708e-06
1.84961
0.00216934
-2.61062e-06
1.8502
0.00153029
-2.6289e-06
1.85071
0.000986831
-2.63916e-06
1.85116
0.000526227
-2.64727e-06
1.85156
0.000137198
-2.65966e-06
1.85192
-0.000189363
-2.67532e-06
1.85225
-0.000459996
-2.69247e-06
1.85255
-0.000680385
-2.7145e-06
1.85284
-0.000856187
-2.74549e-06
1.85312
-0.000994617
-2.78989e-06
1.85345
-0.00111026
-2.85294e-06
1.85393
-0.00124751
-2.94393e-06
-0.001503
-3.08669e-06
1.70529
0.30681
-3.81555e-08
1.71828
0.256527
-5.68723e-08
1.73427
0.214024
-7.61269e-08
1.75106
0.17944
-1.02641e-07
1.76747
0.151165
-1.44521e-07
1.78296
0.127798
-2.13685e-07
1.79727
0.108436
-3.28544e-07
1.81034
0.0923574
-5.15529e-07
1.82228
0.0788848
-8.03943e-07
1.83311
0.0673446
-1.1964e-06
1.8423
0.0570644
-1.57938e-06
1.84951
0.0478316
-1.66731e-06
1.85561
0.0400883
-1.50665e-06
1.86106
0.0338417
-1.48067e-06
1.86568
0.0286201
-1.6999e-06
1.86963
0.0242182
-1.91455e-06
1.87304
0.0205169
-2.02318e-06
1.876
0.0173807
-2.0564e-06
1.87856
0.0147055
-2.04821e-06
1.88077
0.0124186
-2.01485e-06
1.88269
0.0104624
-1.96856e-06
1.88436
0.00878783
-1.91981e-06
1.8858
0.00735341
-1.87357e-06
1.88705
0.0061245
-1.8303e-06
1.88814
0.00507203
-1.78955e-06
1.88908
0.00417126
-1.75096e-06
1.8899
0.00340105
-1.71423e-06
1.89062
0.0027434
-1.67929e-06
1.89125
0.00218294
-1.64808e-06
1.8918
0.00170663
-1.62123e-06
1.89229
0.00130343
-1.59927e-06
1.89272
0.000964171
-1.58127e-06
1.8931
0.000681559
-1.57109e-06
1.89344
0.000449054
-1.57093e-06
1.89374
0.000261339
-1.58347e-06
1.89401
0.000115047
-1.61293e-06
1.89425
1.00925e-05
-1.66156e-06
1.89442
-4.44233e-05
-1.73035e-06
1.89442
-9.20311e-06
-1.82552e-06
0.0002075
-1.97328e-06
1.7091
0.29577
-3.8707e-08
1.7281
0.237525
-5.67798e-08
1.74993
0.192185
-7.41017e-08
1.77159
0.157765
-9.6024e-08
1.79203
0.130709
-1.27985e-07
1.81086
0.108948
-1.76584e-07
1.82789
0.0913733
-2.50212e-07
1.84311
0.0770931
-3.58267e-07
1.85665
0.0653264
-5.06927e-07
1.8686
0.0554366
-6.87353e-07
1.87888
0.0469292
-8.5096e-07
1.88748
0.0395468
-9.10068e-07
1.89471
0.0332985
-8.58788e-07
1.90094
0.0281389
-8.00329e-07
1.9063
0.0238391
-7.76391e-07
1.91091
0.020208
-7.39783e-07
1.9149
0.0171386
-6.82311e-07
1.91837
0.0145411
-6.29295e-07
1.92137
0.0123355
-5.9385e-07
1.92396
0.0104584
-5.74147e-07
1.92621
0.00885869
-5.65775e-07
1.92816
0.00749404
-5.65821e-07
1.92985
0.00632888
-5.71661e-07
1.93131
0.00533354
-5.80721e-07
1.93258
0.00448323
-5.9114e-07
1.93369
0.0037571
-6.01868e-07
1.93465
0.00313751
-6.12417e-07
1.93549
0.00260954
-6.2266e-07
1.93622
0.00216053
-6.32715e-07
1.93687
0.00177975
-6.42899e-07
1.93744
0.00145811
-6.54052e-07
1.93795
0.001188
-6.678e-07
1.9384
0.000963145
-6.86064e-07
1.93881
0.000778142
-7.12127e-07
1.93919
0.000628258
-7.48676e-07
1.93954
0.000508909
-7.9863e-07
1.93988
0.000413909
-8.63382e-07
1.94025
0.000329487
-9.48128e-07
1.94077
0.000213844
-1.0657e-06
-2.92179e-05
-1.2291e-06
1.71667
0.277161
-3.87047e-08
1.74614
0.208057
-5.57279e-08
1.77688
0.161439
-7.08766e-08
1.80533
0.129304
-8.86102e-08
1.83094
0.10509
-1.12836e-07
1.85364
0.086239
-1.47394e-07
1.87349
0.0715068
-1.961e-07
1.89073
0.0598406
-2.61805e-07
1.90566
0.050398
-3.43281e-07
1.91854
0.0425879
-4.33025e-07
1.92955
0.0360056
-5.10633e-07
1.93885
0.0304027
-5.46999e-07
1.94671
0.0256667
-5.38213e-07
1.95341
0.0217134
-5.18619e-07
1.95914
0.0184114
-5.16792e-07
1.96404
0.0156321
-5.29592e-07
1.96824
0.0132857
-5.45891e-07
1.97183
0.0113022
-5.62314e-07
1.97492
0.00962038
-5.78162e-07
1.97757
0.00818992
-5.91971e-07
1.97984
0.00697056
-6.02799e-07
1.98179
0.00592955
-6.10785e-07
1.98346
0.00503976
-6.1637e-07
1.98491
0.00427863
-6.19812e-07
1.98615
0.00362732
-6.21256e-07
1.98721
0.00307005
-6.20887e-07
1.98814
0.0025935
-6.18978e-07
1.98893
0.00218641
-6.15888e-07
1.98963
0.00183924
-6.12087e-07
1.99023
0.00154393
-6.08314e-07
1.99075
0.00129365
-6.05744e-07
1.99121
0.00108267
-6.06157e-07
1.99162
0.000906233
-6.11998e-07
1.99198
0.00076041
-6.26448e-07
1.99231
0.000642106
-6.53003e-07
1.99261
0.000549405
-6.95306e-07
1.99287
0.000482877
-7.57028e-07
1.99308
0.000449965
-8.43932e-07
1.99313
0.00048284
-9.62619e-07
0.000657782
-1.12111e-06
1.72977
0.245456
-3.84356e-08
1.77242
0.165402
-5.41502e-08
1.81218
0.121681
-6.6921e-08
1.84741
0.0940655
-8.06835e-08
1.87841
0.0740836
-9.84645e-08
1.9053
0.0593415
-1.22689e-07
1.92838
0.0484268
-1.55225e-07
1.94811
0.0401083
-1.96987e-07
1.96497
0.0335381
-2.46728e-07
1.97938
0.028204
-2.98302e-07
1.99165
0.023785
-3.42147e-07
2.00207
0.0200764
-3.67278e-07
2.0109
0.0169585
-3.71204e-07
2.01842
0.0143503
-3.64702e-07
2.02483
0.0121697
-3.59375e-07
2.03031
0.0103373
-3.55973e-07
2.035
0.00879077
-3.50047e-07
2.03902
0.00748241
-3.4065e-07
2.04247
0.00637277
-3.29799e-07
2.04544
0.00542922
-3.19304e-07
2.048
0.00462534
-3.10037e-07
2.0502
0.00393962
-3.02383e-07
2.0521
0.00335419
-2.96419e-07
2.05374
0.00285415
-2.91962e-07
2.05516
0.002427
-2.88708e-07
2.05639
0.00206225
-2.86395e-07
2.05746
0.00175103
-2.84871e-07
2.05839
0.00148585
-2.84106e-07
2.05919
0.00126035
-2.84227e-07
2.0599
0.00106918
-2.85644e-07
2.06052
0.000907773
-2.89248e-07
2.06107
0.000772317
-2.96629e-07
2.06156
0.000659585
-3.10197e-07
2.062
0.000566844
-3.33115e-07
2.06239
0.000491688
-3.6903e-07
2.06276
0.00043168
-4.21797e-07
2.06311
0.00038326
-4.95476e-07
2.06348
0.000338252
-5.94694e-07
2.06395
0.000270247
-7.2251e-07
0.000117504
-8.63795e-07
1.77805
0.165472
-3.91005e-08
1.84268
0.100765
-5.34559e-08
1.89263
0.0717336
-6.41682e-08
1.93298
0.0537157
-7.51211e-08
1.96628
0.040775
-8.88991e-08
1.99393
0.031695
-1.0716e-07
2.01702
0.0253342
-1.30752e-07
2.03645
0.0206794
-1.58978e-07
2.05288
0.0171076
-1.90805e-07
2.06683
0.0142755
-2.22838e-07
2.07867
0.0119769
-2.49807e-07
2.08872
0.010079
-2.66793e-07
2.09725
0.00849935
-2.72544e-07
2.1045
0.00718342
-2.71057e-07
2.11068
0.00608595
-2.67853e-07
2.11596
0.00516625
-2.65347e-07
2.12047
0.00439172
-2.63267e-07
2.12433
0.00373748
-2.61462e-07
2.12764
0.0031835
-2.60464e-07
2.13047
0.00271318
-2.60648e-07
2.13291
0.00231299
-2.6195e-07
2.135
0.00197188
-2.64104e-07
2.13679
0.00168076
-2.66807e-07
2.13834
0.00143204
-2.69761e-07
2.13967
0.00121943
-2.72707e-07
2.14081
0.00103765
-2.75469e-07
2.1418
0.000882279
-2.77955e-07
2.14265
0.000749595
-2.80148e-07
2.1434
0.000636456
-2.82158e-07
2.14404
0.000540213
-2.84378e-07
2.1446
0.000458632
-2.87741e-07
2.1451
0.000389832
-2.93966e-07
2.14554
0.000332238
-3.05687e-07
2.14593
0.000284555
-3.26355e-07
2.14628
0.000245775
-3.5995e-07
2.1466
0.000215297
-4.10675e-07
2.14689
0.000193433
-4.82795e-07
2.14714
0.000183136
-5.80057e-07
2.14731
0.000197021
-7.01238e-07
0.000266939
-8.14753e-07
1.86354
-3.74038e-08
1.9643
-5.08008e-08
2.03603
-5.98294e-08
2.08975
-6.84517e-08
2.13052
-7.91542e-08
2.16221
-9.33816e-08
2.18755
-1.11813e-07
2.20823
-1.34187e-07
2.22534
-1.58917e-07
2.23963
-1.83509e-07
2.25163
-2.04661e-07
2.26175
-2.19434e-07
2.2703
-2.26866e-07
2.27754
-2.28702e-07
2.28369
-2.27915e-07
2.28894
-2.26398e-07
2.29341
-2.24447e-07
2.29723
-2.21942e-07
2.3005
-2.19108e-07
2.3033
-2.16359e-07
2.30571
-2.13994e-07
2.30777
-2.12133e-07
2.30955
-2.10771e-07
2.31107
-2.09832e-07
2.31239
-2.0923e-07
2.31352
-2.08909e-07
2.3145
-2.08832e-07
2.31534
-2.08974e-07
2.31608
-2.09381e-07
2.31671
-2.10375e-07
2.31727
-2.1284e-07
2.31776
-2.18494e-07
2.31819
-2.29997e-07
2.31857
-2.50805e-07
2.31892
-2.84831e-07
2.31924
-3.3611e-07
2.31953
-4.08533e-07
2.31981
-5.04772e-07
2.32011
-6.20601e-07
-7.16647e-07
1.52064
0.177427
7.73201e-07
1.40662
0.11402
1.69209e-06
1.32161
0.0850007
2.92417e-06
1.25574
0.0658712
4.72448e-06
1.20427
0.0514567
7.29397e-06
1.16331
0.0409553
1.07902e-05
1.12997
0.0333251
1.5372e-05
1.10239
0.0275525
2.11282e-05
1.07936
0.023007
2.79601e-05
1.05998
0.0193414
3.55185e-05
1.0436
0.0163428
4.323e-05
1.02968
0.0138631
5.04421e-05
1.01783
0.0117938
5.66855e-05
1.00772
0.0100537
6.18298e-05
0.999069
0.00858198
6.59184e-05
0.991667
0.00733334
6.8994e-05
0.985325
0.00627154
7.11594e-05
0.979887
0.00536644
7.26236e-05
0.97522
0.00459321
7.36137e-05
0.971215
0.00393162
7.42975e-05
0.967775
0.00336497
7.47845e-05
0.964821
0.00287929
7.51525e-05
0.962283
0.0024628
7.54597e-05
0.960102
0.00210553
7.57473e-05
0.958228
0.00179906
7.60416e-05
0.956616
0.00153624
7.63583e-05
0.955228
0.001311
7.67052e-05
0.954033
0.00111816
7.70848e-05
0.953003
0.000953315
7.74962e-05
0.952113
0.000812728
7.79376e-05
0.951342
0.000693208
7.84073e-05
0.950671
0.000592053
7.89057e-05
0.950085
0.000506997
7.9435e-05
0.94957
0.000436169
7.99999e-05
0.949112
0.0003781
8.06071e-05
0.9487
0.000331807
8.12643e-05
0.948322
0.000297171
8.19769e-05
0.947964
0.000276302
8.27321e-05
0.947603
0.000278766
8.34383e-05
0.000334571
8.38222e-05
1.61655
0.258944
8.13049e-07
1.54734
0.18322
1.74372e-06
1.49192
0.140418
3.02127e-06
1.44586
0.111935
4.90457e-06
1.40696
0.0903458
7.62449e-06
1.37407
0.073835
1.13983e-05
1.34619
0.0611889
1.64394e-05
1.32247
0.0512449
2.2871e-05
1.30225
0.0431994
3.05873e-05
1.28498
0.0365745
3.91413e-05
1.27021
0.0310663
4.77395e-05
1.25756
0.0264567
5.54428e-05
1.24671
0.0225765
6.16739e-05
1.23741
0.0192907
6.64509e-05
1.22943
0.0164973
6.9909e-05
1.22257
0.0141189
7.20741e-05
1.21668
0.0120911
7.31149e-05
1.21161
0.0103589
7.33651e-05
1.20726
0.00887627
7.31243e-05
1.20351
0.00760598
7.25723e-05
1.20029
0.00651689
7.18099e-05
1.19751
0.00558276
7.0903e-05
1.19512
0.00478137
6.98976e-05
1.19307
0.00409387
6.88241e-05
1.19129
0.00350424
6.7702e-05
1.18977
0.00299885
6.65451e-05
1.18845
0.00256607
6.53647e-05
1.1873
0.00219598
6.41702e-05
1.18631
0.00188012
6.297e-05
1.18545
0.00161126
6.17721e-05
1.1847
0.00138327
6.0585e-05
1.18405
0.00119094
5.9419e-05
1.18347
0.00102988
5.82881e-05
1.18295
0.000896419
5.72102e-05
1.18248
0.000787498
5.62062e-05
1.18206
0.000700494
5.52988e-05
1.18167
0.000632614
5.45136e-05
1.18132
0.000578898
5.38908e-05
1.18102
0.000523844
5.35066e-05
0.000427854
5.39297e-05
1.66771
0.2893
1.16588e-06
1.62535
0.225571
2.52828e-06
1.58492
0.18085
4.45184e-06
1.54831
0.148538
7.31696e-06
1.5155
0.123137
1.15593e-05
1.48664
0.102679
1.76764e-05
1.46161
0.0861918
2.61857e-05
1.44006
0.0727639
3.74687e-05
1.42155
0.0616591
5.1493e-05
1.40568
0.0523769
6.74853e-05
1.39208
0.0445782
8.37798e-05
1.38043
0.0380114
9.82182e-05
1.37043
0.032462
0.0001098
1.36186
0.0277452
0.00011909
1.35451
0.0237261
0.000126356
1.34819
0.0203023
0.000131441
1.34277
0.0173825
0.000134692
1.3381
0.0148868
0.000136798
1.33409
0.0127499
0.000138288
1.33064
0.0109184
0.000139459
1.32767
0.00934765
0.000140492
1.32511
0.00800004
0.000141522
1.32291
0.0068435
0.000142635
1.321
0.00585089
0.000143876
1.31937
0.00499915
0.000145261
1.31795
0.00426865
0.000146786
1.31672
0.00364266
0.000148436
1.31566
0.00310692
0.000150185
1.31474
0.00264927
0.000152009
1.31394
0.00225934
0.000153883
1.31324
0.00192831
0.000155786
1.31263
0.00164869
0.000157701
1.31208
0.00141418
0.000159621
1.3116
0.00121954
0.000161547
1.31116
0.00106056
0.000163481
1.31076
0.000934233
0.000165435
1.31039
0.000839517
0.000167422
1.31002
0.00077996
0.000169464
1.3096
0.000774811
0.000171549
0.000871792
0.000173967
1.68228
0.305085
1.72326e-06
1.65535
0.25249
3.73587e-06
1.62646
0.209739
6.64837e-06
1.59909
0.175895
1.11286e-05
1.57399
0.148215
1.80237e-05
1.55146
0.125187
2.83917e-05
1.53159
0.106017
4.34199e-05
1.51428
0.0900107
6.41318e-05
1.4993
0.0765474
9.07643e-05
1.4864
0.0651578
0.000121822
1.47531
0.0555112
0.000153314
1.46578
0.0473648
0.000179431
1.45758
0.040464
0.000198653
1.45054
0.0345699
0.000213579
1.44451
0.02954
0.000224352
1.43932
0.0252585
0.000230508
1.43486
0.0216066
0.000233243
1.43103
0.0184828
0.000234023
1.42775
0.0158063
0.000233595
1.42492
0.0135118
0.000232253
1.42249
0.0115443
0.000230201
1.42041
0.00985657
0.000227635
1.41862
0.00840874
0.000224719
1.41708
0.00716679
0.000221579
1.41576
0.00610181
0.000218311
1.41463
0.00518916
0.000214987
1.41365
0.00440781
0.000211662
1.41281
0.00373981
0.000208378
1.41209
0.00316988
0.000205167
1.41146
0.00268493
0.000202057
1.41092
0.00227388
0.00019907
1.41044
0.00192729
0.000196231
1.41003
0.00163715
0.000193581
1.40966
0.00139668
0.000191167
1.40933
0.00120019
0.000189024
1.40904
0.00104267
0.000187176
1.40877
0.00091884
0.000185656
1.40855
0.000819888
0.000184529
1.40842
0.000721261
0.000183968
0.00056478
0.000184994
1.68881
0.314335
2.50925e-06
1.67235
0.268949
5.48459e-06
1.65305
0.229028
9.95586e-06
1.63363
0.195292
1.71116e-05
1.61512
0.166702
2.85735e-05
1.59795
0.142307
4.65623e-05
1.5824
0.12149
7.38583e-05
1.56858
0.103722
0.000113324
1.55645
0.0885095
0.000166544
1.54592
0.0754626
0.000231092
1.53682
0.064316
0.00029729
1.52891
0.0549248
0.000348357
1.52205
0.0469398
0.000385
1.51616
0.0400482
0.000415881
1.51108
0.0341741
0.000438138
1.50671
0.0291865
0.000450527
1.50293
0.0249303
0.000457123
1.49966
0.0212836
0.000461636
1.49685
0.0181545
0.000465653
1.49443
0.0154684
0.000469673
1.49234
0.0131621
0.000473899
1.49053
0.0111813
0.000478424
1.48898
0.00947984
0.000483256
1.48764
0.00801852
0.000488335
1.48649
0.00676389
0.000493571
1.48549
0.00568741
0.000498857
1.48463
0.00476473
0.000504086
1.48389
0.00397507
0.000509162
1.48324
0.00330062
0.000514027
1.48268
0.00272609
0.000518666
1.4822
0.00223852
0.000523058
1.48177
0.00182686
0.000527189
1.4814
0.00148173
0.000531069
1.48106
0.00119522
0.000534722
1.48077
0.000960924
0.000538189
1.48049
0.000774086
0.00054151
1.48024
0.000632496
0.000544727
1.47997
0.000539609
0.000547898
1.47963
0.000517422
0.000551089
0.000618685
0.000555107
1.69261
0.319784
3.54277e-06
1.68239
0.279167
7.83642e-06
1.6695
0.241902
1.45458e-05
1.65576
0.208999
2.57273e-05
1.64218
0.180242
4.44258e-05
1.62927
0.155141
7.52159e-05
1.61736
0.133275
0.000124507
1.60665
0.114239
0.000200053
1.59721
0.0976349
0.000308152
1.58907
0.0831593
0.000445395
1.58213
0.0706722
0.000584911
1.57596
0.0604275
0.00067204
1.57059
0.0515836
0.000731624
1.56602
0.0438288
0.000785405
1.56209
0.0372883
0.000820305
1.55869
0.0317529
0.000835378
1.55576
0.0270262
0.000838175
1.55323
0.0229749
0.000833895
1.55107
0.0194993
0.000825112
1.54921
0.0165181
0.000813484
1.54761
0.0139606
0.000800371
1.54624
0.0117658
0.00078683
1.54507
0.00988163
0.000773589
1.54406
0.00826432
0.000761112
1.5432
0.00687639
0.000749665
1.54246
0.00568597
0.000739363
1.54183
0.00466594
0.000730194
1.5413
0.00379335
0.000722039
1.54083
0.00304847
0.000714785
1.54044
0.00241428
0.000708378
1.5401
0.0018768
0.00070271
1.53981
0.00142311
0.000698091
1.53955
0.00104207
0.000694908
1.53933
0.000724877
0.000692948
1.53914
0.000464152
0.000692004
1.53897
0.000253388
0.000691974
1.53883
8.55288e-05
0.000692556
1.53872
-5.01196e-05
0.000693481
1.53873
-0.000179398
0.000695078
-0.000362319
0.000701159
1.69483
0.323017
4.7822e-06
1.68852
0.285462
1.07269e-05
1.68021
0.250198
2.03998e-05
1.671
0.218172
3.72306e-05
1.66164
0.189534
6.67639e-05
1.65256
0.164096
0.0001182
1.64406
0.141575
0.000206173
1.63632
0.121624
0.000351943
1.62953
0.103851
0.000579971
1.62383
0.0879653
0.000894724
1.61942
0.0738639
0.00121934
1.6148
0.0636914
0.00135986
1.61112
0.0537884
0.00147748
1.60803
0.0453422
0.00158106
1.60529
0.0383917
0.0016348
1.60289
0.0324915
0.00166476
1.60079
0.0274339
0.00169208
1.59898
0.0230744
0.00172108
1.59741
0.0193179
0.00175024
1.59606
0.0160885
0.00177779
1.59491
0.0133141
0.00180304
1.59392
0.0109303
0.00182598
1.59308
0.00888186
0.0018468
1.59236
0.007122
0.00186557
1.59175
0.00561093
0.00188219
1.59122
0.00431454
0.00189672
1.59078
0.00320386
0.00190916
1.5904
0.00225444
0.0019196
1.59008
0.00144397
0.00192858
1.58981
0.000752708
0.00193656
1.58959
0.000163674
0.00194211
1.58941
-0.00033668
0.00194449
1.58927
-0.000758093
0.0019461
1.58916
-0.00110904
0.00194808
1.58907
-0.00139686
0.00194975
1.58901
-0.00162765
0.00195141
1.58895
-0.00180503
0.00195378
1.58887
-0.0019273
0.00195779
1.58871
-0.00197533
0.00196404
-0.00190503
0.00197533
1.69627
0.324803
6.1017e-06
1.69269
0.289029
1.38995e-05
1.68781
0.255054
2.71158e-05
1.68222
0.223709
5.11612e-05
1.67638
0.195283
9.56129e-05
1.67055
0.169742
0.000178084
1.66493
0.146867
0.000330476
1.65972
0.126231
0.000607678
1.65538
0.107098
0.00109297
1.6521
0.0234023
0.00182965
0.0212843
0.023416
0.0213182
1.65118
0.0185365
0.00257735
0.0175066
0.0185889
0.0175781
1.64644
0.0166702
0.00270499
0.0161331
0.0167372
0.0161937
1.64485
0.0524333
0.00294714
1.64312
0.0439205
0.00316657
1.64159
0.0366947
0.00323897
1.64024
0.0306408
0.00320592
1.63902
0.0255258
0.00313045
1.63796
0.0211027
0.00304754
1.63703
0.0172826
0.00296931
1.63623
0.0139962
0.00289881
1.63554
0.0111687
0.00283747
1.63496
0.00873531
0.00278593
1.63446
0.00663897
0.00274519
1.63404
0.00483066
0.00271551
1.63369
0.00327124
0.00269505
1.6334
0.00192653
0.0026824
1.63316
0.000766211
0.00267528
1.63299
-0.000236794
0.00267036
1.63287
-0.00110266
0.00266843
1.6328
-0.00184701
0.00267264
1.63277
-0.00248468
0.00268379
1.63277
-0.00302817
0.00270021
1.63279
-0.00348929
0.00271897
1.63282
-0.00387799
0.00273905
1.63287
-0.00420264
0.00276097
1.63293
-0.00447069
0.00278449
1.63301
-0.00469009
0.00280957
1.63313
-0.00487247
0.0028364
1.63333
-0.00504391
0.00286521
-0.00525801
0.00290183
1.69735
0.325508
7.2634e-06
1.69584
0.290519
1.68042e-05
1.69369
0.257173
3.35986e-05
1.69112
0.226214
6.5512e-05
1.6883
0.197977
0.000127832
1.68529
0.172498
0.000252099
1.68207
0.149585
0.00050521
1.67851
0.128762
0.00103374
0.418348
0.0287243
0.00214649
0.418104
0.41836
0.418114
0.0265251
0.0287375
0.0265482
-1.42243e-06
0.41791
0.0234675
0.000374406
-3.32725e-06
0.419084
0.01715
0.000588851
-0.418284
-4.31369e-06
-0.419669
0.418409
0.0173182
0.000616104
1.67596
0.0120813
0.0060222
-0.418367
-0.420258
-0.418351
-0.420218
0.0116468
0.012166
0.0117498
1.67497
0.0386589
0.00623889
1.67457
0.0305138
0.00658195
1.67413
0.0242179
0.00687326
1.67373
0.0188378
0.00709527
1.67342
0.0141436
0.00727219
1.67319
0.0101164
0.00741035
1.67301
0.00667175
0.00751416
1.67288
0.00371904
0.00759181
1.6728
0.00118085
0.00764936
1.67277
-0.00100526
0.00768982
1.67278
-0.00288814
0.00771866
1.67283
-0.00450865
0.00774116
1.67292
-0.00590263
0.00775838
1.67303
-0.0071011
0.00777297
1.67315
-0.00813024
0.00778841
1.67327
-0.00901355
0.00780393
1.67339
-0.00977121
0.00781652
1.67352
-0.0104194
0.00782655
1.67364
-0.0109721
0.00783562
1.67377
-0.0114411
0.00784392
1.67389
-0.0118362
0.00785165
1.67401
-0.0121657
0.007859
1.67412
-0.0124362
0.00786618
1.67423
-0.0126525
0.00787356
1.6743
-0.0128161
0.00788157
1.6743
-0.0129157
0.00789018
-0.0129191
0.00790212
1.69827
0.325297
7.93624e-06
1.69853
0.290242
1.85957e-05
1.69876
0.256906
3.7878e-05
1.69889
0.226004
7.57419e-05
1.69883
0.197881
0.000153006
1.69838
0.172637
0.000316496
1.69706
0.150219
0.000678796
0.423529
0.130493
0.00150073
0.423373
0.423544
0.423387
-5.39341e-07
0.422313
0.0296374
0.000303349
-2.49762e-06
0.419984
0.023835
0.000748133
-0.0232894
-0.421276
-1.01757e-05
0.432006
0.00139134
-0.419761
-0.00271551
0.00183507
-0.00270866
0.00184078
-0.0118774
-0.437439
-2.07248e-05
0.425043
0.00147528
0.0096069
0.00961541
0.00620194
0.00619973
-0.0206827
-0.425122
-2.23424e-05
0.424636
0.0111079
0.00148187
1.68408
0.0220301
0.0145755
-0.423471
-0.417539
-0.423434
-0.41753
1.68553
0.0153072
0.0137926
1.68621
0.0105192
0.0130472
1.68678
0.00579643
0.012502
1.68725
0.00154147
0.0121515
1.68762
-0.00213876
0.0119099
1.68791
-0.00531121
0.0117149
1.68813
-0.00804424
0.0115572
1.68831
-0.0104065
0.011433
1.68843
-0.0124436
0.0113313
1.68851
-0.0141939
0.0112403
1.68856
-0.0156952
0.0111543
1.68859
-0.0169802
0.0110712
1.68859
-0.0180772
0.0109891
1.68858
-0.0190109
0.010907
1.68856
-0.0198024
0.0108235
1.68853
-0.0204701
0.0107382
1.6885
-0.0210298
0.0106511
1.68848
-0.0214945
0.0105616
1.68845
-0.021876
0.01047
1.68844
-0.0221839
0.0103765
1.68843
-0.0224267
0.0102822
1.68843
-0.0226119
0.0101877
1.68844
-0.0227476
0.0100941
1.68848
-0.0228476
0.0100023
1.68861
-0.0229463
0.00990901
-0.0231534
0.00979701
1.69915
0.324201
7.82119e-06
1.70111
0.288261
1.84195e-05
1.70365
0.25433
3.76466e-05
1.70645
0.22313
7.54852e-05
1.70919
0.194988
0.000152915
1.71151
0.170001
0.000317009
1.71282
0.148229
0.00067997
0.427813
0.129927
0.00148178
0.428127
0.427825
0.428139
4.61686e-07
-0.0304706
0.427054
0.0309035
0.000325738
2.15062e-06
-0.0272701
0.0302369
0.000821089
0.105604
0.105128
0.105606
0.105125
-0.425254
2.12365e-06
-0.011699
-0.101174
0.100576
0.0121078
0.00018793
-0.074652
4.48254e-06
-0.00981525
-0.000117761
0.0845805
-0.0921366
1.78757e-05
-0.00755657
0.392477
0.00766397
-0.00217617
-0.103084
-0.0921283
-0.103077
1.65286
0.0286234
-0.0148973
-0.398074
-0.424212
-0.398083
-0.424237
1.65524
0.0244771
-0.0115919
1.65786
0.0178001
-0.00992734
1.6602
0.0122785
-0.00884775
1.66203
0.00773125
-0.008041
1.66352
0.00380571
-0.00746339
1.66487
0.0003714
-0.00705542
1.66619
-0.00262014
-0.00676245
1.66749
-0.00519139
-0.00653982
1.66879
-0.00738782
-0.00637188
1.67008
-0.00926094
-0.00624321
1.67136
-0.010856
-0.00614374
1.67264
-0.012213
-0.00606511
1.67391
-0.013366
-0.00600162
1.67518
-0.0143434
-0.00594956
1.67643
-0.0151691
-0.00590605
1.67767
-0.0158636
-0.00586842
1.6789
-0.0164446
-0.00583511
1.68012
-0.0169266
-0.00580475
1.68132
-0.0173216
-0.00577699
1.68251
-0.0176399
-0.00575122
1.68368
-0.0178895
-0.0057267
1.68483
-0.0180759
-0.00570252
1.68594
-0.0182003
-0.00567735
1.68697
-0.0182534
-0.00564875
1.68782
-0.0181954
-0.0056146
-0.0179107
-0.00555232
1.70012
0.322135
6.89642e-06
1.70393
0.284441
1.61599e-05
1.70893
0.249291
3.24923e-05
1.71456
0.217444
6.34041e-05
1.7203
0.189118
0.000123316
1.7258
0.164267
0.000240665
1.73075
0.142804
0.000470998
1.73505
0.124728
0.000896642
0.435447
0.1107
0.00162361
-0.0303557
-0.029339
-0.0303435
-0.0293141
0.435597
0.435441
0.435591
-0.0287319
2.03255e-06
0.436563
0.0273556
0.000258246
-0.03064
6.4132e-06
0.445105
0.0247469
2.07006e-05
-0.439239
-0.00572736
7.27864e-06
-0.445711
0.440083
0.0124754
-0.00112754
1.76536
0.049107
-0.00669492
-0.0139715
-0.0119404
-0.014026
-0.0120183
-0.439326
-0.438634
-0.439242
-0.438611
1.76247
0.0378466
-0.00633135
1.7639
0.030828
-0.00778236
1.76513
0.0254221
-0.00885854
1.76626
0.0206473
-0.00950713
1.76746
0.016481
-0.00996608
1.76871
0.0128691
-0.0103238
1.76989
0.00975778
-0.0105862
1.77095
0.0070814
-0.0107688
1.77187
0.00477473
-0.0109016
1.77267
0.0027867
-0.0109929
1.77338
0.00107394
-0.0110552
1.77401
-0.000402975
-0.0110992
1.77458
-0.00167526
-0.0111269
1.77511
-0.00276757
-0.0111378
1.77559
-0.00370232
-0.0111375
1.77604
-0.00449932
-0.0111289
1.77645
-0.00517679
-0.0111141
1.77683
-0.00575091
-0.0110939
1.7772
-0.00623481
-0.0110689
1.77754
-0.00663921
-0.0110399
1.77787
-0.00697315
-0.0110078
1.77818
-0.00724422
-0.0109729
1.77849
-0.00745901
-0.0109356
1.77879
-0.00762435
-0.0108956
1.77913
-0.00775165
-0.0108527
1.77961
-0.00787521
-0.0108089
-0.00806712
-0.0107647
1.70131
0.318884
5.49759e-06
1.70732
0.278417
1.27405e-05
1.71518
0.241405
2.49198e-05
1.72395
0.208631
4.66325e-05
1.73292
0.180063
8.56012e-05
1.74166
0.15537
0.000154552
1.74997
0.134218
0.000272086
1.75794
0.116307
0.000450411
1.76655
0.101416
0.000667905
1.77782
0.0884632
0.000560951
-0.0256903
-0.0244594
-0.0256902
-0.0244528
1.78617
0.0736412
-0.000748394
-0.021567
-0.0190239
-0.0215859
-0.0190706
1.78717
0.0577443
-0.00292734
-0.0147651
-0.0130194
-0.0148678
-0.0131777
1.79216
0.0478629
-0.00375528
1.79389
0.0407033
-0.00459605
1.79588
0.033975
-0.00514132
1.79814
0.0283858
-0.00523385
1.80031
0.023621
-0.00515754
1.80233
0.019518
-0.00506596
1.80417
0.016002
-0.00498107
1.80583
0.0129953
-0.00490023
1.80731
0.0104239
-0.00483017
1.80863
0.00822357
-0.00477444
1.8098
0.00634022
-0.00473158
1.81083
0.00472942
-0.00469777
1.81174
0.00335379
-0.00466834
1.81252
0.00217987
-0.00464519
1.8132
0.0011781
-0.00463145
1.8138
0.000323159
-0.00462491
1.81432
-0.000405478
-0.00462457
1.81479
-0.0010236
-0.00462749
1.81521
-0.00154461
-0.00463255
1.81559
-0.00198016
-0.00464006
1.81594
-0.00234115
-0.00464883
1.81625
-0.00263682
-0.00465788
1.81654
-0.0028739
-0.00466671
1.81681
-0.00305668
-0.00467514
1.81705
-0.00318552
-0.00468288
1.81723
-0.0032518
-0.00468932
1.81726
-0.00321835
-0.00469381
-0.00300041
-0.00469196
1.70291
0.314039
4.03679e-06
1.71179
0.269524
9.2338e-06
1.72315
0.230029
1.7502e-05
1.73551
0.196242
3.12781e-05
1.74791
0.167606
5.4015e-05
1.75985
0.143337
9.01049e-05
1.77111
0.12282
0.000142878
1.78168
0.105522
0.000205325
1.79195
0.0909057
0.000239594
1.80217
0.0781558
9.1449e-05
1.81033
0.0659914
-0.000515768
1.81504
0.0544262
-0.00139176
1.81937
0.0453242
-0.00179996
1.82366
0.0382906
-0.00187272
1.8274
0.03212
-0.00189541
1.83079
0.0269357
-0.00194113
1.8338
0.022628
-0.0020105
1.83641
0.0189933
-0.00209195
1.83868
0.0159017
-0.00217279
1.84066
0.0132661
-0.00224609
1.84237
0.0110163
-0.00231005
1.84386
0.00909299
-0.00236452
1.84517
0.00744705
-0.00240986
1.8463
0.00603797
-0.00244646
1.84729
0.00483221
-0.002475
1.84817
0.00380127
-0.00249688
1.84894
0.00292068
-0.00251328
1.84961
0.00217009
-0.0025235
1.8502
0.00153105
-0.00252711
1.85071
0.000987599
-0.00252662
1.85116
0.000527001
-0.00252407
1.85156
0.00013798
-0.00251967
1.85192
-0.000188572
-0.00251438
1.85225
-0.000459197
-0.0025079
1.85255
-0.000679578
-0.00249992
1.85284
-0.000855373
-0.00249077
1.85312
-0.000993794
-0.00248061
1.85345
-0.00110943
-0.00246946
1.85393
-0.00124667
-0.00245753
-0.00150215
-0.00244428
1.70529
0.30681
2.78e-06
1.71828
0.256527
6.27561e-06
1.73427
0.214024
1.15216e-05
1.75106
0.17944
1.96644e-05
1.76747
0.151165
3.19859e-05
1.78295
0.127798
4.94338e-05
1.79727
0.108436
7.09178e-05
1.81034
0.0923575
8.86231e-05
1.82228
0.078885
7.94726e-05
1.83311
0.0673448
-1.38686e-05
1.8423
0.0570647
-0.000266395
1.84951
0.047832
-0.000617624
1.85561
0.0400886
-0.000865637
1.86106
0.0338419
-0.00100003
1.86568
0.0286204
-0.00112341
1.86963
0.0242185
-0.00123347
1.87304
0.0205172
-0.00130635
1.876
0.017381
-0.00134624
1.87856
0.0147058
-0.00136528
1.88077
0.0124189
-0.00137132
1.88269
0.0104627
-0.00136894
1.88436
0.00878816
-0.00136147
1.8858
0.00735376
-0.00135129
1.88705
0.00612487
-0.00133983
1.88814
0.0050724
-0.00132787
1.88908
0.00417166
-0.00131587
1.8899
0.00340146
-0.00130413
1.89062
0.00274382
-0.00129281
1.89125
0.00218337
-0.00128252
1.8918
0.00170708
-0.00127388
1.89229
0.00130389
-0.00126656
1.89272
0.000964636
-0.00125981
1.8931
0.000682031
-0.00125351
1.89344
0.000449532
-0.00124862
1.89374
0.000261824
-0.00124544
1.89401
0.000115539
-0.00124339
1.89425
1.05922e-05
-0.00124214
1.89442
-4.3918e-05
-0.00124109
1.89442
-8.69684e-06
-0.00124002
0.000208008
-0.00123876
1.7091
0.29577
1.8223e-06
1.7281
0.237525
4.05781e-06
1.74993
0.192185
7.20913e-06
1.77159
0.157765
1.17373e-05
1.79203
0.130709
1.79626e-05
1.81086
0.108948
2.56752e-05
1.82789
0.0913733
3.31379e-05
1.84311
0.0770931
3.50414e-05
1.85665
0.0653265
1.9545e-05
1.8686
0.0554367
-3.51411e-05
1.87888
0.0469293
-0.000151757
1.88748
0.039547
-0.00031145
1.89471
0.0332987
-0.000446245
1.90094
0.028139
-0.000526477
1.9063
0.0238392
-0.000574515
1.91091
0.0202082
-0.000603166
1.9149
0.0171388
-0.000617253
1.91837
0.0145412
-0.000624398
1.92137
0.0123357
-0.000630522
1.92396
0.0104585
-0.000637545
1.92621
0.00885886
-0.000645501
1.92816
0.00749421
-0.000654159
1.92985
0.00632905
-0.000663285
1.93131
0.00533371
-0.000672584
1.93258
0.00448341
-0.000681748
1.93369
0.00375729
-0.000690555
1.93465
0.0031377
-0.000698888
1.93549
0.00260973
-0.000706672
1.93622
0.00216072
-0.000713881
1.93687
0.00177995
-0.000720491
1.93744
0.0014583
-0.00072645
1.93795
0.0011882
-0.000731686
1.9384
0.000963348
-0.000736008
1.93881
0.000778347
-0.000739459
1.93919
0.000628467
-0.000742222
1.93954
0.000509122
-0.000744294
1.93988
0.000414124
-0.000745493
1.94025
0.000329707
-0.000745932
1.94077
0.000214067
-0.000745788
-2.89936e-05
-0.000743585
1.71667
0.277161
1.1595e-06
1.74614
0.208057
2.55004e-06
1.77688
0.161439
4.39125e-06
1.80533
0.129304
6.82701e-06
1.83094
0.10509
9.82235e-06
1.85364
0.0862391
1.29202e-05
1.87349
0.0715068
1.47334e-05
1.89073
0.0598406
1.21362e-05
1.90566
0.050398
-5.61935e-07
1.91854
0.0425879
-3.15865e-05
1.92955
0.0360056
-8.74027e-05
1.93885
0.0304027
-0.000160339
1.94671
0.0256668
-0.000226705
1.95341
0.0217135
-0.000271988
1.95914
0.0184115
-0.000302122
1.96404
0.0156321
-0.000325502
1.96824
0.0132858
-0.000344429
1.97183
0.0113022
-0.000359214
1.97492
0.00962045
-0.000370403
1.97757
0.00818999
-0.000378468
1.97984
0.00697063
-0.000383756
1.98179
0.00592962
-0.000386662
1.98346
0.00503984
-0.00038762
1.98491
0.00427871
-0.000387021
1.98615
0.0036274
-0.000385189
1.98721
0.00307013
-0.000382395
1.98814
0.00259359
-0.000378867
1.98893
0.0021865
-0.000374796
1.98963
0.00183934
-0.000370346
1.99023
0.00154403
-0.000365665
1.99075
0.00129375
-0.000360876
1.99121
0.00108278
-0.000356046
1.99162
0.000906348
-0.000351195
1.99198
0.000760529
-0.000346378
1.99231
0.000642231
-0.000341671
1.99261
0.000549534
-0.0003371
1.99287
0.000483009
-0.000332652
1.99308
0.0004501
-0.000328391
1.99313
0.000482977
-0.000324184
0.000657927
-0.000320013
1.72977
0.245456
7.23898e-07
1.77242
0.165402
1.55599e-06
1.81218
0.121681
2.56586e-06
1.84741
0.0940655
3.76517e-06
1.87841
0.0740836
5.03396e-06
1.9053
0.0593415
5.98044e-06
1.92838
0.0484268
5.70158e-06
1.94811
0.0401083
2.49332e-06
1.96497
0.0335381
-6.32198e-06
1.97938
0.0282041
-2.40105e-05
1.99165
0.0237851
-5.25255e-05
2.00207
0.0200764
-8.8788e-05
2.0109
0.0169585
-0.000124135
2.01842
0.0143503
-0.000151602
2.02483
0.0121698
-0.000171117
2.03031
0.0103373
-0.000185302
2.035
0.0087908
-0.000195406
2.03902
0.00748244
-0.000202075
2.04247
0.00637281
-0.00020632
2.04544
0.00542925
-0.000209171
2.048
0.00462538
-0.00021133
2.0502
0.00393965
-0.000213222
2.0521
0.00335423
-0.000215103
2.05374
0.00285419
-0.000217115
2.05516
0.00242704
-0.000219315
2.05639
0.00206229
-0.000221711
2.05746
0.00175107
-0.000224281
2.05838
0.00148589
-0.000226995
2.05919
0.00126039
-0.00022982
2.0599
0.00106922
-0.000232725
2.06052
0.000907817
-0.000235674
2.06107
0.000772362
-0.000238626
2.06156
0.000659632
-0.00024154
2.062
0.000566892
-0.000244381
2.06239
0.000491738
-0.000247128
2.06276
0.000431731
-0.000249758
2.06311
0.000383313
-0.000252231
2.06348
0.000338304
-0.000254477
2.06395
0.000270299
-0.000256273
0.000117564
-0.000256716
1.77805
0.165472
4.97536e-07
1.84268
0.100765
1.06393e-06
1.89263
0.0717336
1.69894e-06
1.93298
0.0537157
2.33778e-06
1.96628
0.040775
2.84357e-06
1.99393
0.031695
2.91863e-06
2.01702
0.0253342
1.97708e-06
2.03645
0.0206794
-9.33706e-07
2.05288
0.0171076
-7.08482e-06
2.06683
0.0142755
-1.77653e-05
2.07867
0.0119769
-3.34338e-05
2.08872
0.010079
-5.25239e-05
2.09725
0.00849936
-7.14039e-05
2.1045
0.00718344
-8.67595e-05
2.11068
0.00608597
-9.7828e-05
2.11596
0.00516627
-0.000105625
2.12047
0.00439174
-0.000111165
2.12433
0.0037375
-0.000115066
2.12764
0.00318351
-0.000117808
2.13047
0.00271319
-0.000119759
2.13291
0.002313
-0.000121124
2.135
0.0019719
-0.000121994
2.13679
0.00168077
-0.00012242
2.13834
0.00143205
-0.000122438
2.13967
0.00121944
-0.000122085
2.14081
0.00103766
-0.000121394
2.1418
0.000882295
-0.000120402
2.14265
0.000749611
-0.000119147
2.1434
0.000636473
-0.00011767
2.14404
0.000540231
-0.000116008
2.1446
0.000458651
-0.000114199
2.1451
0.000389851
-0.000112275
2.14554
0.000332258
-0.000110262
2.14593
0.000284578
-0.000108186
2.14628
0.000245799
-0.000106071
2.1466
0.000215322
-0.000103937
2.14689
0.000193459
-0.000101798
2.14714
0.000183163
-9.96755e-05
2.14731
0.000197049
-9.76363e-05
0.000266972
-9.5703e-05
1.86354
3.23532e-07
1.9643
6.80641e-07
2.03603
1.0805e-06
2.08975
1.44729e-06
2.13052
1.65546e-06
2.16221
1.48082e-06
2.18755
5.14208e-07
2.20823
-1.86316e-06
2.22534
-6.41002e-06
2.23963
-1.37994e-05
2.25163
-2.41877e-05
2.26175
-3.67091e-05
2.2703
-4.94904e-05
2.27754
-6.06463e-05
2.28369
-6.93951e-05
2.28894
-7.60117e-05
2.29341
-8.10147e-05
2.29723
-8.47591e-05
2.3005
-8.75133e-05
2.3033
-8.95366e-05
2.30571
-9.10502e-05
2.30777
-9.22167e-05
2.30955
-9.31518e-05
2.31107
-9.39393e-05
2.31239
-9.46372e-05
2.31352
-9.52828e-05
2.3145
-9.58986e-05
2.31534
-9.64973e-05
2.31608
-9.70855e-05
2.31671
-9.76658e-05
2.31727
-9.82393e-05
2.31776
-9.88057e-05
2.31819
-9.93643e-05
2.31857
-9.99139e-05
2.31892
-0.000100453
2.31924
-0.000100976
2.31953
-0.000101475
2.31981
-0.000101929
2.32011
-0.000102285
-0.000102229
1.52064
0.177427
1.4197e-06
1.40662
0.11402
3.10808e-06
1.32161
0.0850009
5.35795e-06
1.25574
0.0658717
8.65067e-06
1.20427
0.0514575
1.33593e-05
1.16331
0.0409566
1.97617e-05
1.12997
0.033327
2.81454e-05
1.10239
0.0275555
3.86717e-05
1.07936
0.0230112
5.11545e-05
1.05998
0.0193471
6.49497e-05
1.0436
0.0163501
7.90137e-05
1.02968
0.0138717
9.21733e-05
1.01783
0.0118036
0.00010359
1.00772
0.0100643
0.000113026
0.99907
0.00859325
0.000120541
0.991668
0.00734505
0.000126201
0.985325
0.0062835
0.000130188
0.979886
0.00537855
0.00013288
0.97522
0.00460543
0.000134693
0.971214
0.00394392
0.000135935
0.967775
0.00337735
0.000136806
0.964821
0.00289174
0.000137451
0.962283
0.00247533
0.000137977
0.960102
0.00211815
0.000138461
0.958227
0.00181178
0.000138951
0.956615
0.00154907
0.000139476
0.955228
0.00132394
0.000140052
0.954033
0.00113122
0.000140682
0.953003
0.000966508
0.000141367
0.952112
0.000826052
0.000142105
0.951341
0.000706665
0.000142894
0.950671
0.000605646
0.000143733
0.950085
0.000520727
0.000144626
0.949569
0.000450039
0.000145577
0.949111
0.00039211
0.000146594
0.948699
0.000345959
0.000147685
0.948321
0.000311471
0.000148856
0.947963
0.000290774
0.000150092
0.947602
0.000293483
0.000151268
0.000349875
0.000152052
1.61655
0.258945
1.48032e-06
1.54734
0.18322
3.17034e-06
1.49192
0.140418
5.50715e-06
1.44586
0.111936
8.97299e-06
1.40696
0.0903475
1.39812e-05
1.37407
0.0738378
2.09173e-05
1.34619
0.0611933
3.01644e-05
1.32247
0.0512515
4.19376e-05
1.30225
0.043209
5.60269e-05
1.28498
0.0365877
7.16039e-05
1.2702
0.0310832
8.72357e-05
1.25755
0.0264769
0.000101258
1.24671
0.022599
0.000112652
1.2374
0.019315
0.000121429
1.22941
0.0165228
0.000127801
1.22255
0.0141452
0.000131794
1.21666
0.0121178
0.000133712
1.21159
0.0103856
0.000134169
1.20723
0.00890309
0.000133715
1.20348
0.00763278
0.000132688
1.20026
0.00654365
0.000131274
1.19748
0.00560946
0.000129596
1.19509
0.00480802
0.000127736
1.19303
0.00412046
0.000125749
1.19126
0.00353079
0.000123669
1.18973
0.00302537
0.000121518
1.1884
0.00259257
0.000119317
1.18726
0.00222246
0.000117084
1.18627
0.00190659
0.000114834
1.1854
0.00163773
0.000112585
1.18465
0.00140974
0.000110353
1.18399
0.00121741
0.000108158
1.18341
0.00105636
0.000106024
1.18289
0.000922919
0.000103979
1.18242
0.00081403
0.000102059
1.18199
0.00072707
0.000100302
1.1816
0.000659249
9.87537e-05
1.18124
0.000605606
9.74932e-05
1.18094
0.000550633
9.66877e-05
0.00045474
9.74186e-05
1.66771
0.2893
2.13494e-06
1.62535
0.225572
4.63383e-06
1.58492
0.180851
8.16811e-06
1.54831
0.14854
1.34269e-05
1.51551
0.123139
2.11962e-05
1.48664
0.102684
3.23742e-05
1.46162
0.0861998
4.78864e-05
1.44006
0.0727764
6.83908e-05
1.42155
0.0616779
9.37749e-05
1.40568
0.0524034
0.000122604
1.39208
0.0446128
0.000151936
1.38043
0.0380525
0.000178033
1.37043
0.0325075
0.000199149
1.36185
0.0277942
0.000216226
1.35449
0.0237776
0.000229642
1.34818
0.0203552
0.000239041
1.34275
0.017436
0.00024503
1.33808
0.0149407
0.000248862
1.33407
0.012804
0.000251508
1.33061
0.0109727
0.000253518
1.32764
0.00940231
0.000255239
1.32508
0.00805499
0.000256927
1.32287
0.00689878
0.000258756
1.32097
0.00590654
0.000260819
1.31932
0.0050552
0.000263152
1.31791
0.00432512
0.000265753
1.31668
0.00369958
0.000268595
1.31562
0.00316429
0.00027164
1.31469
0.00270708
0.00027484
1.31389
0.00231757
0.000278152
1.31318
0.00198695
0.000281533
1.31257
0.00170773
0.000284951
1.31202
0.00147362
0.00028839
1.31153
0.00127936
0.000291844
1.3111
0.00112076
0.00029532
1.3107
0.000994829
0.000298834
1.31032
0.000900502
0.000302412
1.30995
0.00084134
0.000306096
1.30952
0.000836635
0.000309883
0.000934321
0.000314274
1.68228
0.305086
3.16887e-06
1.65536
0.252491
6.86849e-06
1.62646
0.209741
1.22195e-05
1.59909
0.175897
2.04437e-05
1.574
0.148219
3.30809e-05
1.55146
0.125194
5.20368e-05
1.5316
0.10603
7.94144e-05
1.51429
0.0900328
0.000116956
1.49931
0.076582
0.000164922
1.48641
0.0652086
0.00022052
1.47532
0.0555794
0.000276869
1.46578
0.0474453
0.000323924
1.45757
0.0405518
0.00035891
1.45053
0.034664
0.000386357
1.44449
0.0296385
0.000406235
1.4393
0.0253588
0.000417551
1.43484
0.0217077
0.000422494
1.431
0.0185842
0.000423801
1.42771
0.0159079
0.000422894
1.42488
0.0136135
0.000420332
1.42245
0.0116459
0.000416486
1.42036
0.00995814
0.000411704
1.41857
0.00851023
0.000406276
1.41703
0.00726824
0.000400422
1.41571
0.00620325
0.000394314
1.41457
0.00529063
0.000388084
1.41359
0.00450934
0.000381839
1.41274
0.00384143
0.000375664
1.41201
0.00327158
0.000369625
1.41138
0.00278672
0.000363781
1.41084
0.00237573
0.000358173
1.41036
0.0020292
0.000352845
1.40994
0.00173915
0.000347849
1.40957
0.00149884
0.000343251
1.40923
0.00130258
0.000339123
1.40894
0.00114535
0.000335535
1.40867
0.00102181
0.000332567
1.40844
0.000923108
0.000330367
1.40831
0.000824619
0.000329258
0.000668281
0.000330977
1.68881
0.314336
4.61819e-06
1.67235
0.26895
1.00877e-05
1.65305
0.22903
1.82965e-05
1.63364
0.195295
3.14108e-05
1.61512
0.166709
5.23601e-05
1.59796
0.142319
8.51076e-05
1.58242
0.121513
0.000134519
1.5686
0.103761
0.000205417
1.55647
0.088574
0.000300144
1.54593
0.0755631
0.000414204
1.53682
0.0644552
0.00053199
1.52891
0.0550851
0.000624246
1.52204
0.0471111
0.000691749
1.51614
0.0402316
0.00075
1.51106
0.0343639
0.000792106
1.50668
0.0293781
0.000815384
1.50289
0.0251227
0.000827478
1.49962
0.0214772
0.000835309
1.49681
0.0183494
0.000841911
1.49438
0.0156649
0.00084835
1.49228
0.0133602
0.000855127
1.49047
0.011381
0.000862497
1.48892
0.0096812
0.000870509
1.48757
0.00822147
0.000879076
1.48641
0.00696838
0.000888042
1.48541
0.00589336
0.00089723
1.48455
0.00497201
0.000906455
1.4838
0.0041835
0.000915548
1.48315
0.00351001
0.000924389
1.48259
0.00293631
0.00093291
1.48209
0.00244942
0.000941068
1.48166
0.00203827
0.000948853
1.48128
0.00169353
0.000956267
1.48095
0.00140739
0.000963327
1.48064
0.00117348
0.000970065
1.48037
0.000987044
0.000976557
1.4801
0.000845791
0.00098291
1.47983
0.000753054
0.000989281
1.47948
0.000730887
0.000995755
0.000833082
0.00100331
1.69261
0.319784
6.52285e-06
1.68239
0.279168
1.44159e-05
1.6695
0.241905
2.67258e-05
1.65577
0.209004
4.71887e-05
1.64219
0.180251
8.12789e-05
1.62929
0.15516
0.000137103
1.61739
0.13331
0.000225763
1.60669
0.114305
0.000360185
1.59726
0.0977566
0.000550027
1.58912
0.0833658
0.000788691
1.58215
0.0709701
0.00103524
1.57597
0.0607542
0.00118789
1.57058
0.0519302
0.00129631
1.566
0.0441978
0.00139948
1.56206
0.0376645
0.00146527
1.55865
0.0321319
0.00149169
1.5557
0.0274069
0.00149518
1.55317
0.0233563
0.00148621
1.551
0.0198809
0.00146941
1.54913
0.0168994
0.00144761
1.54752
0.0143416
0.00142319
1.54615
0.0121463
0.00139802
1.54497
0.010262
0.00137332
1.54395
0.00864484
0.00134987
1.54309
0.00725742
0.00132813
1.54234
0.00606777
0.00130835
1.54171
0.00504865
0.0012906
1.54116
0.00417685
0.0012748
1.54069
0.00343252
0.00126081
1.54029
0.00279882
0.00124845
1.53994
0.0022615
0.00123751
1.53964
0.00180839
0.00122806
1.53938
0.00142925
0.0012203
1.53915
0.00111435
0.00121459
1.53895
0.000855847
0.001211
1.53877
0.000647271
0.00120938
1.53862
0.000481823
0.00120952
1.53851
0.000349128
0.00121135
1.53849
0.000223278
0.00121499
4.38817e-05
0.00122315
1.69483
0.323018
8.80479e-06
1.68852
0.285463
1.97285e-05
1.68021
0.2502
3.74546e-05
1.67101
0.218178
6.81875e-05
1.66166
0.189546
0.000121831
1.6526
0.164121
0.000214537
1.64412
0.141628
0.000371364
1.63641
0.121735
0.000627554
1.62964
0.104082
0.00102196
1.62393
0.0884046
0.00156709
1.61944
0.0745112
0.00216656
1.61482
0.0643254
0.00240813
1.61111
0.0544618
0.00265437
1.60799
0.0460266
0.00287543
1.60524
0.0390617
0.00298909
1.60283
0.0331596
0.00305016
1.60072
0.0281062
0.00310137
1.59889
0.0237535
0.00315305
1.59731
0.0200048
0.00320398
1.59595
0.0167828
0.00325177
1.59479
0.0140147
0.00329558
1.59379
0.0116364
0.00333555
1.59293
0.00959294
0.00337197
1.5922
0.0078377
0.00340504
1.59157
0.00633051
0.00343487
1.59104
0.00503729
0.00346149
1.59058
0.00392886
0.00348498
1.59019
0.00298028
0.00350552
1.58986
0.00217008
0.00352356
1.58958
0.00147993
0.0035395
1.58934
0.000893353
0.00355319
1.58913
0.000396211
0.00356428
1.58895
-2.30152e-05
0.00357215
1.58881
-0.000372876
0.00357752
1.58869
-0.000659827
0.00358216
1.5886
-0.000889787
0.00358675
1.58851
-0.00106637
0.00359206
1.5884
-0.00118778
0.0035992
1.58821
-0.00123464
0.0036093
-0.00116161
0.00362841
1.69627
0.324804
1.12314e-05
1.69269
0.28903
2.555e-05
1.68782
0.255056
4.97321e-05
1.68224
0.223715
9.35192e-05
1.67641
0.195296
0.000173904
1.67061
0.169772
0.000321535
1.66504
0.146938
0.000590426
1.65991
0.126403
0.00107062
1.65566
0.107537
0.00189236
1.65233
0.0235994
0.00311072
0.0215487
0.0236394
0.0216592
1.65117
0.0188609
0.00443607
0.0178389
0.0190447
0.0180753
1.64653
0.0169749
0.00451224
0.0164248
0.0171707
0.0165895
1.64484
0.0539338
0.00516265
1.64305
0.0453595
0.00562307
1.64148
0.0381693
0.0057009
1.6401
0.0321315
0.00560936
1.63887
0.0270104
0.00546075
1.63778
0.0225819
0.00530455
1.63684
0.0187589
0.00515849
1.63602
0.0154698
0.00502752
1.63532
0.0126404
0.00491344
1.63472
0.0102063
0.0048164
1.63421
0.00811427
0.00473569
1.63378
0.00631693
0.00467091
1.63341
0.00477051
0.0046217
1.6331
0.00344054
0.00458617
1.63285
0.00229738
0.00456169
1.63264
0.00131531
0.00454522
1.63247
0.000472561
0.00453415
1.63234
-0.000249357
0.00452747
1.63226
-0.000864915
0.00452674
1.63221
-0.00138629
0.00453291
1.63218
-0.00182484
0.00454598
1.63217
-0.00219011
0.00456425
1.63218
-0.00249114
0.00458581
1.6322
-0.00273545
0.00461022
1.63224
-0.00293101
0.0046375
1.63231
-0.00308953
0.00466811
1.63247
-0.00323741
0.00470207
-0.00343011
0.00474895
1.69735
0.325509
1.33655e-05
1.69585
0.29052
3.08707e-05
1.6937
0.257174
6.15494e-05
1.69115
0.226219
0.000119503
1.68835
0.197987
0.00023171
1.6854
0.172523
0.000452786
1.6823
0.149651
0.000895872
1.67899
0.128932
0.00181048
0.418546
0.0288207
0.00368224
0.41836
0.41858
0.418393
0.0266784
0.0288602
0.0267532
-0.000716598
0.41811
0.0237277
0.00102417
-0.00113797
0.419165
0.0176244
0.00165162
-0.418442
-0.00118813
-0.419699
0.418445
0.0177389
0.0016788
1.67572
0.0125739
0.0109598
-0.418383
-0.420246
-0.418347
-0.420133
0.0121796
0.0130022
0.0126297
1.67484
0.0405232
0.0119517
1.6744
0.0325184
0.0126726
1.67393
0.0262636
0.0132197
1.67349
0.0209088
0.0136311
1.67315
0.0162495
0.0139484
1.67287
0.01226
0.0141834
1.67266
0.00884933
0.0143523
1.67249
0.00592837
0.0144728
1.67236
0.00342365
0.0145582
1.67227
0.00127394
0.0146163
1.67223
-0.000571787
0.014652
1.67222
-0.00215492
0.0146715
1.67225
-0.00351071
0.0146806
1.67231
-0.00467047
0.0146831
1.67239
-0.00566102
0.0146827
1.67249
-0.00650518
0.014682
1.6726
-0.00722234
0.0146821
1.67271
-0.00782976
0.014682
1.67282
-0.00834251
0.0146813
1.67293
-0.00877223
0.0146801
1.67304
-0.00912847
0.0146792
1.67315
-0.00941909
0.0146778
1.67326
-0.00965068
0.0146762
1.67335
-0.00982807
0.0146754
1.67342
-0.00995273
0.0146761
1.67341
-0.0100148
0.0146787
-0.00998859
0.0146892
1.69827
0.325297
1.46018e-05
1.69853
0.290242
3.41505e-05
1.69877
0.256906
6.93417e-05
1.69892
0.226004
0.000138015
1.6989
0.197882
0.000276973
1.69853
0.172638
0.000567986
1.69744
0.150222
0.00120634
0.42372
0.130488
0.00265217
0.423599
0.423763
0.423646
-0.000575365
0.42258
0.0297081
0.000828465
-0.00147129
0.420403
0.0240484
0.00218872
-0.0235348
-0.421634
-0.00289905
0.432052
0.00468344
-0.420104
-0.00258616
0.00194826
-0.00264208
0.00199299
-0.0124448
-0.437426
-0.00299201
0.425065
0.00462791
0.00967581
0.00973408
0.00628827
0.00624687
-0.0212201
-0.425098
-0.00299995
0.42458
0.0113593
0.00473172
1.68386
0.024079
0.0290115
-0.423416
-0.417555
-0.423293
-0.417592
1.68523
0.0174154
0.0275271
1.68594
0.0125142
0.0260933
1.68651
0.00782654
0.0250108
1.68699
0.0036473
0.0242698
1.68739
4.16728e-05
0.0237308
1.68772
-0.00306236
0.0233005
1.68799
-0.00573426
0.0229486
1.68821
-0.00802728
0.0226569
1.68841
-0.00999699
0.0224108
1.68856
-0.0116838
0.0221952
1.68869
-0.0131219
0.0219967
1.68879
-0.0143451
0.0218072
1.68886
-0.0153818
0.0216225
1.68893
-0.0162568
0.0214399
1.68898
-0.0169915
0.0212579
1.68902
-0.0176042
0.0210756
1.68906
-0.0181104
0.0208925
1.6891
-0.0185227
0.0207046
1.68914
-0.0188525
0.0205126
1.68918
-0.0191094
0.0203175
1.68922
-0.019302
0.0201213
1.68927
-0.0194378
0.0199258
1.68933
-0.0195249
0.0197331
1.68941
-0.0195768
0.0195466
1.68956
-0.0196266
0.0193686
-0.019774
0.0192037
1.69915
0.324201
1.43954e-05
1.70112
0.288261
3.38373e-05
1.70367
0.254328
6.89461e-05
1.70648
0.223126
0.000137669
1.70926
0.194978
0.000277459
1.71167
0.169976
0.000572372
1.71318
0.148161
0.0012262
0.428015
0.129737
0.0026985
0.428305
0.428053
0.428344
-0.000630913
-0.0304573
0.427322
0.0308378
0.000943604
-0.00168861
-0.027163
0.0299435
0.00261788
0.105719
0.10524
0.105712
0.105246
-0.425626
-0.000971226
-0.0114656
-0.101233
0.100314
0.0119349
0.00142004
-0.0745181
0.00060951
-0.00984324
-0.000888997
0.0846409
-0.0922118
0.00460203
-0.006901
0.392854
0.0075576
-0.0075022
-0.103085
-0.092238
-0.103076
1.65642
0.0299466
-0.0289526
-0.398785
-0.424704
-0.399878
-0.424866
1.65919
0.0256587
-0.0226068
1.66215
0.0192285
-0.0195968
1.66477
0.0138601
-0.0174992
1.66686
0.00941066
-0.0158984
1.66859
0.00557509
-0.0147312
1.67011
0.00224642
-0.0138823
1.67152
-0.00063847
-0.01327
1.6729
-0.00311987
-0.0128232
1.67425
-0.00523551
-0.012483
1.67558
-0.00703453
-0.0122185
1.67688
-0.00856102
-0.0120091
1.67816
-0.00985235
-0.0118409
1.67942
-0.0109422
-0.0117031
1.68067
-0.0118597
-0.0115879
1.68189
-0.0126285
-0.0114896
1.68309
-0.0132691
-0.0114028
1.68426
-0.0137979
-0.0113257
1.68542
-0.0142289
-0.0112549
1.68655
-0.0145744
-0.0111894
1.68767
-0.0148444
-0.0111281
1.68875
-0.0150469
-0.0110693
1.68981
-0.0151876
-0.0110115
1.69083
-0.0152677
-0.0109517
1.69177
-0.0152783
-0.010884
1.6925
-0.0151805
-0.0107984
-0.0148631
-0.0106127
1.70012
0.322134
1.27062e-05
1.70393
0.284439
2.97193e-05
1.70895
0.249288
5.95974e-05
1.71458
0.217438
0.000115916
1.72035
0.189105
0.000224662
1.7259
0.164236
0.000437425
1.73094
0.142732
0.000858025
1.73536
0.124564
0.00165142
0.435483
0.110311
0.00320864
-0.0302531
-0.0291816
-0.0302155
-0.0291075
0.435635
0.435473
0.435626
-0.0284769
-0.000505147
0.436515
0.0271701
0.000780344
-0.0302447
-6.84811e-05
0.444485
0.0245961
0.00021101
-0.438979
-0.00633814
0.00235777
-0.445084
0.439847
0.012966
-0.00374858
1.76471
0.0505538
-0.0113454
-0.0145671
-0.0125414
-0.0147755
-0.0128172
-0.439365
-0.438757
-0.43911
-0.438682
1.76208
0.0395815
-0.0133385
1.76353
0.0326854
-0.0162578
1.76473
0.0272837
-0.0181158
1.76584
0.0224905
-0.0192399
1.767
0.0183015
-0.0200178
1.76818
0.0146665
-0.0205993
1.76933
0.0115272
-0.0210199
1.77039
0.00883128
-0.0212914
1.7713
0.0065113
-0.0214469
1.77209
0.00451216
-0.0215297
1.77277
0.00279095
-0.0215615
1.77336
0.00130995
-0.0215574
1.77387
3.5116e-05
-0.0215299
1.77434
-0.00106041
-0.0214832
1.77476
-0.00199727
-0.0214197
1.77514
-0.00279626
-0.0213431
1.77549
-0.00347544
-0.0212582
1.77581
-0.00405007
-0.0211653
1.77611
-0.00453408
-0.0210641
1.77639
-0.00493816
-0.0209568
1.77666
-0.00527139
-0.0208449
1.77691
-0.0055415
-0.0207291
1.77715
-0.0057552
-0.0206097
1.77739
-0.0059194
-0.0204865
1.77767
-0.00604552
-0.0203585
1.77807
-0.00616716
-0.0202265
-0.00635545
-0.0200815
1.70131
0.318883
1.0145e-05
1.70732
0.278416
2.34683e-05
1.71519
0.241403
4.57968e-05
1.72396
0.208625
8.54708e-05
1.73294
0.180051
0.000156458
1.74171
0.155346
0.00028191
1.75005
0.134168
0.000496874
1.75802
0.116209
0.000829026
1.76649
0.101232
0.00128304
1.77729
0.0882516
0.00124983
-0.0255576
-0.0243296
-0.0255505
-0.0243058
1.78541
0.0737768
-0.0010932
-0.0215378
-0.0191453
-0.0215888
-0.0192821
1.78693
0.0585163
-0.00517923
-0.0150853
-0.0133817
-0.015423
-0.013897
1.79172
0.0487138
-0.0067015
1.79364
0.0415224
-0.00845314
1.79571
0.0348067
-0.00933841
1.79797
0.0292302
-0.00944013
1.80012
0.0244891
-0.00930828
1.80211
0.020413
-0.00916508
1.80391
0.0169193
-0.0090352
1.80552
0.0139283
-0.0089131
1.80696
0.0113674
-0.0088024
1.80824
0.00917356
-0.00871193
1.80937
0.00729405
-0.00864305
1.81037
0.00568433
-0.00859137
1.81125
0.00430675
-0.00855137
1.81203
0.00312938
-0.00851726
1.8127
0.00212427
-0.00849028
1.81329
0.00126596
-0.00847202
1.81379
0.00053408
-0.00846213
1.81424
-8.85588e-05
-0.0084605
1.81464
-0.000615275
-0.00846552
1.815
-0.00105727
-0.00847449
1.81532
-0.00142484
-0.00848521
1.81561
-0.0017265
-0.00849651
1.81588
-0.00196932
-0.00850729
1.81613
-0.00215801
-0.00851706
1.81634
-0.00229301
-0.0085253
1.8165
-0.00236582
-0.00853052
1.81651
-0.00233929
-0.00853056
-0.00212943
-0.00851513
1.70291
0.314038
7.46499e-06
1.71179
0.269522
1.70418e-05
1.72315
0.230027
3.22324e-05
1.73551
0.196238
5.74702e-05
1.74792
0.167597
9.90107e-05
1.75987
0.143321
0.000164837
1.77113
0.12279
0.000261359
1.7817
0.105473
0.00037745
1.79188
0.0908323
0.000451105
1.80193
0.0780938
0.000207587
1.81002
0.0660689
-0.000900636
1.81489
0.0547332
-0.00248459
1.81929
0.0457275
-0.00321007
1.82357
0.0387051
-0.00333719
1.82731
0.0325775
-0.00340505
1.83068
0.0274281
-0.00350509
1.83365
0.0231393
-0.00363839
1.83625
0.019516
-0.0037893
1.8385
0.0164319
-0.00393846
1.84046
0.0138012
-0.00407508
1.84216
0.0115544
-0.00419587
1.84363
0.00963336
-0.00430046
1.84492
0.00798942
-0.00438919
1.84604
0.00658206
-0.00446282
1.84701
0.00537747
-0.00452257
1.84787
0.00434715
-0.00457005
1.84862
0.00346688
-0.00460702
1.84928
0.00271599
-0.0046348
1.84986
0.00207718
-0.00465358
1.85038
0.00153563
-0.00466326
1.85082
0.00107699
-0.0046654
1.85122
0.000690128
-0.00466258
1.85157
0.000366162
-0.00465621
1.85189
9.7768e-05
-0.00464763
1.85218
-0.000121174
-0.00463778
1.85245
-0.000295948
-0.00462643
1.85272
-0.000433551
-0.00461304
1.85303
-0.000548631
-0.00459772
1.8535
-0.000685147
-0.00458113
-0.000940151
-0.00456122
1.70529
0.306809
5.15543e-06
1.71828
0.256526
1.16095e-05
1.73428
0.214022
2.12674e-05
1.75106
0.179437
3.62197e-05
1.76747
0.151159
5.8789e-05
1.78296
0.127788
9.06918e-05
1.79727
0.108421
0.000130047
1.81034
0.0923344
0.000163173
1.82224
0.0788568
0.000149853
1.83301
0.0673292
-1.26263e-05
1.84217
0.0571067
-0.000464251
1.84941
0.0479661
-0.00109479
1.85553
0.0402836
-0.00154213
1.86097
0.0340568
-0.0017896
1.86559
0.0288503
-0.00201895
1.86954
0.024459
-0.00221595
1.87296
0.0207631
-0.00234374
1.87591
0.0176316
-0.00241354
1.87846
0.0149616
-0.00244704
1.88067
0.0126801
-0.00245781
1.88258
0.0107289
-0.00245366
1.88423
0.00905896
-0.00244016
1.88566
0.00762872
-0.00242146
1.8869
0.0064035
-0.0024003
1.88797
0.00535415
-0.00237822
1.88891
0.00445597
-0.00235612
1.88972
0.00368789
-0.00233448
1.89042
0.00303194
-0.0023136
1.89104
0.00247282
-0.00229391
1.89158
0.00199759
-0.00227598
1.89205
0.00159519
-0.00226056
1.89247
0.00125638
-0.00224751
1.89285
0.00097329
-0.00223646
1.89319
0.000739525
-0.00222698
1.89349
0.00055045
-0.00221898
1.89376
0.000402757
-0.0022125
1.89399
0.000296309
-0.00220733
1.89417
0.000239988
-0.00220276
1.89417
0.000273154
-0.00219829
0.000488193
-0.00219344
1.7091
0.29577
3.39317e-06
1.7281
0.237524
7.53035e-06
1.74993
0.192184
1.33448e-05
1.7716
0.157763
2.1681e-05
1.79204
0.130705
3.3119e-05
1.81086
0.108943
4.72702e-05
1.82789
0.0913654
6.09936e-05
1.84311
0.0770828
6.47774e-05
1.85663
0.0653164
3.75588e-05
1.86855
0.0554352
-5.96739e-05
1.87882
0.0469529
-0.000268891
1.88742
0.0396087
-0.000557049
1.89467
0.0333907
-0.000801407
1.9009
0.0282452
-0.000947931
1.90626
0.0239537
-0.00103563
1.91087
0.0203304
-0.00108743
1.91487
0.0172671
-0.00111257
1.91832
0.0146741
-0.00112476
1.92132
0.0124723
-0.00113466
1.92391
0.010598
-0.00114597
1.92615
0.00900056
-0.001159
1.92809
0.00763762
-0.00117345
1.92977
0.0064738
-0.00118895
1.93123
0.00547954
-0.00120503
1.93249
0.0046301
-0.00122114
1.93359
0.00390464
-0.00123687
1.93454
0.00328556
-0.00125193
1.93538
0.00275795
-0.00126615
1.93611
0.00230919
-0.00127947
1.93675
0.00192861
-0.00129183
1.93731
0.00160715
-0.00130318
1.93781
0.00133717
-0.00131342
1.93826
0.00111225
-0.00132249
1.93866
0.000927011
-0.00133036
1.93903
0.000776862
-0.00133697
1.93937
0.00065726
-0.0013423
1.93971
0.000561942
-0.0013463
1.94008
0.000477405
-0.00134886
1.94059
0.000361462
-0.00134991
0.000117646
-0.00134793
1.71667
0.277161
2.17334e-06
1.74614
0.208056
4.75588e-06
1.77688
0.161438
8.16211e-06
1.80534
0.129303
1.26564e-05
1.83094
0.105088
1.81719e-05
1.85364
0.0862363
2.38695e-05
1.87349
0.071503
2.72239e-05
1.89073
0.0598363
2.25839e-05
1.90565
0.0503948
-2.82553e-07
1.91852
0.0425897
-5.61996e-05
1.92952
0.0360188
-0.00015699
1.93883
0.0304324
-0.000289027
1.94669
0.0257113
-0.000409606
1.95339
0.0217669
-0.000492258
1.95912
0.0184702
-0.00054723
1.96402
0.0156948
-0.000589586
1.96821
0.0133513
-0.000623553
1.97181
0.0113696
-0.000649855
1.97489
0.00968916
-0.000669626
1.97753
0.00825986
-0.00068381
1.9798
0.00704159
-0.000693049
1.98175
0.00600165
-0.000698023
1.98342
0.00511291
-0.000699481
1.98486
0.00435283
-0.000698114
1.98609
0.00370254
-0.000694506
1.98716
0.00314625
-0.000689149
1.98808
0.00267064
-0.000682461
1.98887
0.00226444
-0.000674792
1.98956
0.00191812
-0.000666436
1.99015
0.0016236
-0.000657641
1.99068
0.00137408
-0.000648626
1.99113
0.0011638
-0.000639553
1.99154
0.000987988
-0.000630531
1.9919
0.000842697
-0.000621638
1.99222
0.00072485
-0.000612921
1.99251
0.000632545
-0.0006044
1.99277
0.00056635
-0.000596073
1.99297
0.000533738
-0.000587961
1.99302
0.000566888
-0.000580216
0.000742137
-0.000572932
1.72977
0.245455
1.3697e-06
1.77242
0.165402
2.9186e-06
1.81218
0.12168
4.7858e-06
1.84741
0.0940649
6.99958e-06
1.87841
0.0740826
9.34322e-06
1.9053
0.0593402
1.10967e-05
1.92838
0.0484251
1.06049e-05
1.9481
0.0401066
4.76554e-06
1.96497
0.0335373
-1.1257e-05
1.97937
0.0282059
-4.33368e-05
1.99164
0.0237919
-9.50245e-05
2.00205
0.0200904
-0.000160832
2.01089
0.0169792
-0.000225166
2.0184
0.0143755
-0.000275331
2.02481
0.0121976
-0.000310994
2.03029
0.0103671
-0.000336824
2.03498
0.00882191
-0.000355127
2.039
0.00751453
-0.000367114
2.04245
0.00640564
-0.000374613
2.04542
0.00546272
-0.000379489
2.04798
0.00465937
-0.000383038
2.05018
0.00397408
-0.000386053
2.05207
0.003389
-0.000389022
2.05371
0.00288924
-0.000392227
2.05513
0.00246231
-0.00039579
2.05636
0.00209771
-0.000399735
2.05742
0.0017866
-0.00040403
2.05834
0.00152148
-0.000408623
2.05915
0.00129601
-0.000413449
2.05985
0.00110482
-0.000418446
2.06047
0.000943391
-0.00042355
2.06102
0.00080788
-0.000428693
2.0615
0.000695067
-0.000433804
2.06194
0.000602219
-0.000438822
2.06233
0.000526932
-0.000443691
2.0627
0.000466774
-0.000448355
2.06305
0.00041818
-0.00045274
2.06341
0.000372958
-0.00045672
2.06387
0.000304633
-0.000460009
0.00015124
-0.000461397
1.77805
0.165472
9.62277e-07
1.84268
0.100765
2.04113e-06
1.89263
0.0717334
3.23466e-06
1.93298
0.0537154
4.41852e-06
1.96628
0.0407746
5.35159e-06
1.99393
0.0316944
5.4969e-06
2.01701
0.0253336
3.78058e-06
2.03644
0.0206788
-1.54408e-06
2.05288
0.0171074
-1.28017e-05
2.06682
0.0142764
-3.23263e-05
2.07866
0.0119797
-6.09452e-05
2.08871
0.0100846
-9.58272e-05
2.09724
0.00850752
-0.00013039
2.1045
0.00719357
-0.000158575
2.11068
0.00609738
-0.000178918
2.11595
0.00517857
-0.000193221
2.12046
0.00440473
-0.000203341
2.12432
0.00375099
-0.000210423
2.12763
0.00319738
-0.000215353
2.13046
0.00272735
-0.000218818
2.13289
0.00232741
-0.000221208
2.13498
0.00198652
-0.000222699
2.13678
0.0016956
-0.000223383
2.13832
0.0014471
-0.000223328
2.13965
0.00123469
-0.000222597
2.14079
0.00105312
-0.000221249
2.14178
0.000897964
-0.000219351
2.14263
0.000765491
-0.000216974
2.14337
0.000652561
-0.00021419
2.14402
0.000556526
-0.00021107
2.14458
0.000475151
-0.000207681
2.14507
0.000406552
-0.000204081
2.14551
0.000349156
-0.000200322
2.1459
0.000301664
-0.000196448
2.14625
0.000263067
-0.000192497
2.14656
0.000232763
-0.0001885
2.14685
0.000211062
-0.000184482
2.14711
0.00020092
-0.000180488
2.14728
0.000214966
-0.000176699
0.000285107
-0.000173402
1.86354
6.097e-07
1.9643
1.2738e-06
2.03603
2.02978e-06
2.08975
2.71748e-06
2.13052
3.10593e-06
2.16221
2.79397e-06
2.18755
1.03007e-06
2.20823
-3.32336e-06
2.22534
-1.16519e-05
2.23963
-2.51798e-05
2.25163
-4.41869e-05
2.26174
-6.70982e-05
2.27029
-9.05074e-05
2.27753
-0.000110972
2.28369
-0.000127036
2.28893
-0.000139177
2.2934
-0.00014834
2.29722
-0.000155178
2.30049
-0.000160185
2.3033
-0.000163836
2.3057
-0.000166537
2.30776
-0.000168585
2.30953
-0.000170196
2.31106
-0.000171526
2.31237
-0.000172684
2.3135
-0.000173741
2.31448
-0.000174741
2.31532
-0.00017571
2.31606
-0.00017666
2.31669
-0.000177598
2.31725
-0.000178526
2.31774
-0.000179441
2.31817
-0.000180341
2.31855
-0.00018122
2.31889
-0.000182071
2.31921
-0.000182884
2.3195
-0.00018364
2.31978
-0.000184312
2.32008
-0.000184864
-0.000184979
1.52064
0.177427
1.91663e-06
1.40662
0.11402
4.1212e-06
1.32161
0.0850013
7.00257e-06
1.25574
0.0658725
1.1282e-05
1.20427
0.0514589
1.74161e-05
1.16331
0.0409588
2.57167e-05
1.12997
0.0333305
3.65613e-05
1.1024
0.0275608
5.01634e-05
1.07936
0.0230188
6.62642e-05
1.05999
0.0193574
8.40119e-05
1.0436
0.0163632
0.000102062
1.02969
0.0138874
0.000118939
1.01784
0.0118212
0.000133611
1.00772
0.0100835
0.000145783
0.999072
0.00861367
0.000155513
0.991669
0.00736628
0.000162863
0.985325
0.00630518
0.000168059
0.979886
0.00540048
0.000171584
0.975219
0.00462749
0.00017397
0.971214
0.00396606
0.000175613
0.967774
0.00339952
0.000176773
0.96482
0.00291393
0.000177636
0.962282
0.00249752
0.000178343
0.960101
0.00214035
0.000178993
0.958226
0.001834
0.000179651
0.956614
0.00157131
0.000180356
0.955227
0.00134622
0.000181127
0.954032
0.00115354
0.000181971
0.953002
0.000988868
0.000182889
0.952112
0.000848461
0.000183876
0.95134
0.000729129
0.00018493
0.95067
0.000628172
0.000186051
0.950084
0.000543323
0.000187239
0.949568
0.000472711
0.000188499
0.94911
0.000414866
0.000189838
0.948698
0.000368807
0.000191265
0.94832
0.00033443
0.000192788
0.947962
0.000313895
0.00019439
0.947601
0.000316905
0.000195924
0.000374196
0.000196987
1.61655
0.258945
1.87689e-06
1.54734
0.183221
3.99421e-06
1.49192
0.140419
6.99335e-06
1.44586
0.111938
1.15271e-05
1.40696
0.0903506
1.80846e-05
1.37407
0.0738428
2.71242e-05
1.34619
0.0612013
3.91295e-05
1.32248
0.0512636
5.43583e-05
1.30225
0.0432266
7.24989e-05
1.28498
0.0366117
9.24478e-05
1.2702
0.0311139
0.000112375
1.25755
0.0265133
0.000130242
1.24669
0.0226398
0.000144841
1.23738
0.0193591
0.000156177
1.22939
0.0165694
0.000164456
1.22253
0.0141931
0.000169682
1.21663
0.0121663
0.000172243
1.21156
0.0104342
0.000172928
1.20719
0.0089515
0.000172457
1.20344
0.0076809
0.000171266
1.20021
0.00659136
0.000169598
1.19743
0.00565671
0.000167608
1.19503
0.00485476
0.000165394
1.19297
0.00416669
0.000163018
1.19119
0.00357651
0.000160515
1.18965
0.00307057
0.00015791
1.18833
0.00263727
0.000155224
1.18718
0.00226668
0.000152478
1.18618
0.00195034
0.000149692
1.18532
0.00168104
0.000146889
1.18456
0.00145263
0.000144092
1.18389
0.00125991
0.000141328
1.18331
0.0010985
0.000138625
1.18278
0.000964725
0.000136021
1.18231
0.000855548
0.000133558
1.18188
0.000768344
0.000131285
1.18148
0.000700328
0.000129263
1.18112
0.000646548
0.000127599
1.18082
0.000591489
0.00012651
0.000495555
0.000127415
1.66771
0.289301
2.77187e-06
1.62535
0.225573
6.03123e-06
1.58492
0.180852
1.06507e-05
1.54831
0.148543
1.75064e-05
1.51551
0.123145
2.75899e-05
1.48665
0.102693
4.20324e-05
1.46162
0.0862143
6.19851e-05
1.44007
0.0727991
8.82145e-05
1.42155
0.0617116
0.000120453
1.40568
0.0524507
0.000156754
1.39208
0.0446744
0.000193443
1.38042
0.038126
0.000226158
1.37042
0.0325894
0.000252982
1.36183
0.0278825
0.000274985
1.35447
0.0238708
0.000292424
1.34814
0.020451
0.000304752
1.34271
0.0175328
0.000312692
1.33804
0.0150377
0.000317799
1.33402
0.0129009
0.000321298
1.33056
0.0110694
0.000323892
1.32758
0.00949867
0.000326046
1.32502
0.00815106
0.000328112
1.32281
0.00699458
0.000330337
1.3209
0.00600212
0.000332862
1.31925
0.00515061
0.000335745
1.31783
0.00442041
0.000338992
1.3166
0.00379479
0.000342574
1.31553
0.00325946
0.000346441
1.3146
0.00280224
0.000350531
1.31379
0.00241276
0.000354785
1.31309
0.00208218
0.000359145
1.31246
0.00180304
0.000363567
1.31191
0.00156903
0.00036802
1.31142
0.00137492
0.000372494
1.31098
0.00121652
0.000376995
1.31058
0.00109083
0.000381543
1.3102
0.000996813
0.000386172
1.30982
0.00093805
0.000390933
1.30939
0.000933917
0.000395797
0.00103269
0.00040131
1.68228
0.305086
4.12987e-06
1.65536
0.252492
8.94396e-06
1.62646
0.209743
1.58906e-05
1.5991
0.175902
2.65531e-05
1.574
0.148228
4.29025e-05
1.55147
0.125209
6.7333e-05
1.53161
0.106055
0.000102413
1.5143
0.0900726
0.000150116
1.49933
0.0766438
0.000210367
1.48642
0.0652989
0.000279235
1.47532
0.0557007
0.000348386
1.46577
0.0475897
0.000406562
1.45756
0.0407102
0.000450776
1.45051
0.0348347
0.000485988
1.44446
0.0298177
0.000511686
1.43926
0.0255412
0.000526651
1.43479
0.0218904
0.0005337
1.43095
0.0187659
0.000536319
1.42765
0.0160879
0.000536304
1.42481
0.0137913
0.000534297
1.42237
0.0118213
0.000530677
1.42028
0.010131
0.000525807
1.41848
0.00868056
0.000519997
1.41693
0.00743621
0.000513494
1.4156
0.00636904
0.000506499
1.41446
0.00545444
0.000499181
1.41347
0.00467137
0.000491685
1.41262
0.00400188
0.000484134
1.41188
0.00343065
0.000476629
1.41125
0.00294458
0.000469262
1.41069
0.00253257
0.000462105
1.41021
0.00218516
0.000455226
1.40978
0.00189439
0.000448695
1.4094
0.00165354
0.000442594
1.40907
0.00145693
0.000437011
1.40876
0.00129958
0.000432044
1.40849
0.00117613
0.000427807
1.40825
0.00107772
0.0004245
1.40811
0.000979647
0.000422524
0.000823752
0.000424046
1.68881
0.314336
6.01364e-06
1.67235
0.268952
1.31257e-05
1.65305
0.229033
2.37771e-05
1.63365
0.195302
4.0751e-05
1.61514
0.166721
6.77548e-05
1.59798
0.142342
0.000109704
1.58244
0.121552
0.000172426
1.56863
0.103829
0.000261248
1.55651
0.0886876
0.000377744
1.54597
0.0757395
0.000514931
1.53684
0.064703
0.000656101
1.52891
0.0553742
0.000770357
1.52203
0.0474217
0.000857755
1.51611
0.0405679
0.000934628
1.51102
0.0347142
0.000990545
1.50662
0.0297314
0.00102188
1.50283
0.0254757
0.00103801
1.49955
0.0218295
0.00104771
1.49672
0.0187012
0.00105512
1.49429
0.0160161
0.00106194
1.49218
0.0137109
0.00106909
1.49037
0.0117313
0.00107706
1.4888
0.0100312
0.00108603
1.48745
0.00857123
0.00109588
1.48628
0.00731808
0.00110644
1.48527
0.00624313
0.00111745
1.4844
0.00532198
0.00112866
1.48364
0.00453379
0.00113985
1.48299
0.00386071
0.00115083
1.48242
0.00328751
0.00116148
1.48192
0.0028012
0.00117174
1.48148
0.00239071
0.00118159
1.48109
0.00204673
0.00119102
1.48075
0.00176143
0.00120007
1.48044
0.00152845
0.00120876
1.48015
0.00134308
0.00121718
1.47988
0.00120308
0.00122545
1.4796
0.00111187
0.00123374
1.47925
0.00109166
0.00124204
0.00119688
0.00125116
1.69261
0.319785
8.4903e-06
1.68239
0.279171
1.87478e-05
1.66951
0.241909
3.46969e-05
1.65578
0.209013
6.11037e-05
1.64221
0.180268
0.00010484
1.62932
0.155193
0.000175833
1.61744
0.133373
0.000287098
1.60676
0.114422
0.000452418
1.59735
0.0979687
0.000678809
1.58919
0.0837286
0.000951424
1.58218
0.0715138
0.00123562
1.57598
0.0613485
0.00141907
1.57058
0.0525639
0.00155486
1.56596
0.0448911
0.00168784
1.56199
0.0383761
0.00177564
1.55856
0.0328386
0.00181624
1.5556
0.0281012
0.00182978
1.55305
0.0240354
0.00182844
1.55086
0.0205444
0.00181684
1.54898
0.0175483
0.0017977
1.54736
0.0149774
0.00177368
1.54597
0.0127709
0.00174712
1.54478
0.0108772
0.00171967
1.54376
0.00925248
0.00169244
1.54288
0.00785914
0.00166616
1.54212
0.00666515
0.00164133
1.54147
0.00564311
0.00161821
1.54092
0.00476963
0.00159687
1.54044
0.00402467
0.00157731
1.54002
0.00339116
0.00155943
1.53966
0.00285454
0.00154316
1.53935
0.0024025
0.00152848
1.53908
0.00202469
0.00151552
1.53884
0.00171221
0.00150449
1.53862
0.0014574
0.00149557
1.53843
0.0012536
0.00148874
1.53827
0.00109394
0.00148398
1.53814
0.000968028
0.00148143
1.53812
0.000849815
0.00148143
0.000679864
0.00148736
1.69483
0.323019
1.14521e-05
1.68853
0.285465
2.56298e-05
1.68022
0.250205
4.85429e-05
1.67102
0.218188
8.80494e-05
1.66169
0.189568
0.000156442
1.65266
0.164165
0.000273154
1.64422
0.141721
0.000466709
1.63656
0.121928
0.000773101
1.62985
0.104484
0.0012209
1.62413
0.0892021
0.00180953
1.61947
0.0757695
0.00257087
1.61488
0.0654739
0.00287743
1.61111
0.0557666
0.00321539
1.60793
0.0474381
0.00351422
1.60514
0.0404858
0.00366421
1.6027
0.0345939
0.00373366
1.60057
0.0295515
0.00378186
1.59872
0.0252099
0.0038287
1.59713
0.021471
0.00387598
1.59575
0.0182564
0.00392176
1.59456
0.015494
0.00396514
1.59354
0.0131201
0.00400602
1.59267
0.0110806
0.00404433
1.59191
0.00932927
0.00407992
1.59127
0.00782623
0.00411268
1.59072
0.0065374
0.00414249
1.59024
0.0054336
0.00416931
1.58983
0.00448985
0.00419322
1.58948
0.00368471
0.00421451
1.58918
0.0029997
0.00423354
1.58892
0.00241871
0.00425053
1.58869
0.00192821
0.00426545
1.58849
0.00151694
0.00427811
1.58832
0.00117591
0.00428871
1.58816
0.000897867
0.00429798
1.58802
0.00067681
0.00430669
1.58788
0.000509149
0.00431556
1.58772
0.000396695
0.00432556
1.58749
0.00035858
0.00433747
0.00044118
0.00435508
1.69627
0.324804
1.45943e-05
1.6927
0.289032
3.31485e-05
1.68783
0.255061
6.43183e-05
1.68227
0.223725
0.000120342
1.67647
0.19532
0.000222041
1.67072
0.169826
0.00040552
1.66524
0.147063
0.000729914
1.66025
0.126709
0.0012798
1.65616
0.108335
0.00213039
1.65281
0.02399
0.00296559
0.0221154
0.0241799
0.022412
1.65105
0.0196006
0.00495092
0.0186052
0.0198936
0.0189173
1.64677
0.0176318
0.00476583
0.017066
0.0177224
0.0170767
1.64482
0.0571794
0.00570217
1.64288
0.0486565
0.00634243
1.64122
0.0413238
0.00652156
1.63978
0.0351487
0.00649797
1.6385
0.0298984
0.00639064
1.63739
0.025376
0.0062539
1.63642
0.0214878
0.0061107
1.63558
0.0181532
0.00597099
1.63485
0.0152933
0.00584075
1.63422
0.0128398
0.00572302
1.63369
0.0107363
0.00561858
1.63322
0.00893495
0.00552741
1.63283
0.00739408
0.00544925
1.63249
0.00607766
0.0053831
1.6322
0.00495457
0.00532733
1.63196
0.00399806
0.00527999
1.63176
0.00318535
0.00523932
1.63158
0.0024975
0.00520417
1.63143
0.00191901
0.00517437
1.63131
0.00143636
0.00515005
1.6312
0.0010377
0.00513123
1.63111
0.000712292
0.00511751
1.63104
0.000451191
0.00510826
1.63097
0.000246768
0.00510311
1.63093
9.10079e-05
0.00510206
1.63091
-2.77984e-05
0.00510569
1.631
-0.000136029
0.00511573
-0.000290334
0.00514454
1.69736
0.325509
1.73499e-05
1.69586
0.290521
3.99942e-05
1.69372
0.257177
7.94157e-05
1.69119
0.226226
0.000153178
1.68844
0.198005
0.000293871
1.68559
0.172568
0.00056434
1.68269
0.14977
0.00108232
1.67989
0.12925
0.00207715
0.418962
0.0290031
0.00351626
0.418944
0.419142
0.418949
0.0269988
0.0291739
0.0272154
-0.00120852
0.418515
0.0243315
0.00131322
-0.00202235
0.419277
0.0189629
0.00215713
-0.418774
-0.00204291
-0.419692
0.41857
0.0186765
0.00211975
1.67563
0.0141864
0.0121063
-0.418489
-0.420224
-0.418391
-0.419969
0.0137753
0.0150709
0.0144469
1.67475
0.0482218
0.0132598
1.67418
0.0407505
0.0138214
1.67358
0.0347368
0.014232
1.67304
0.0294908
0.0145761
1.6726
0.0249002
0.0148647
1.67224
0.020942
0.0150891
1.67194
0.0175444
0.0152558
1.6717
0.0146254
0.0153801
1.67151
0.0121166
0.015474
1.67136
0.00996117
0.0155444
1.67124
0.0081111
0.0155958
1.67115
0.00652566
0.0156324
1.67108
0.0051694
0.0156582
1.67103
0.00401128
0.0156764
1.67099
0.00302451
0.0156898
1.67097
0.00218624
0.0157004
1.67097
0.00147702
0.0157096
1.67097
0.000880212
0.0157177
1.67098
0.000380972
0.0157249
1.671
-3.36439e-05
0.0157308
1.67103
-0.000373568
0.0157359
1.67107
-0.000646764
0.0157409
1.6711
-0.000860047
0.0157463
1.67113
-0.0010183
0.0157536
1.67114
-0.0011227
0.015765
1.67106
-0.00116291
0.0157834
-0.00111175
0.0158213
1.69827
0.325297
1.89402e-05
1.69854
0.290241
4.41948e-05
1.69879
0.256906
8.9314e-05
1.69898
0.226004
0.000176416
1.69902
0.197884
0.000349752
1.69882
0.172642
0.000703243
1.69812
0.150232
0.00144134
0.424082
0.130503
0.00299315
0.424083
0.424252
0.424107
-0.000963539
0.423131
0.0299222
0.000995477
-0.0027652
0.42158
0.02477
0.00302933
-0.024113
-0.422501
-0.00680833
0.431564
0.00892888
-0.421266
-0.00133734
0.00259342
-0.00194242
0.00289401
-0.0146267
-0.437612
-0.00622851
0.425809
0.00651282
0.00983182
0.00974068
0.00734678
0.00704239
-0.022443
-0.425008
-0.00630557
0.424473
0.0138559
0.00717087
1.6886
0.0451461
0.0302214
-0.423476
-0.418295
-0.423407
-0.421558
1.68966
0.0381074
0.0291154
1.69034
0.0324651
0.0276812
1.69086
0.0274287
0.0265542
1.69125
0.0230365
0.0257402
1.69156
0.0192607
0.025104
1.69181
0.0160136
0.0245798
1.69202
0.0132207
0.0241443
1.69219
0.0108188
0.0237801
1.69234
0.00875297
0.0234713
1.69247
0.00697688
0.0232034
1.69258
0.00545023
0.0229645
1.69267
0.00413886
0.0227462
1.69275
0.0030135
0.0225425
1.69281
0.00204898
0.0223494
1.69287
0.00122391
0.022164
1.69292
0.000520661
0.0219837
1.69296
-7.69499e-05
0.0218062
1.693
-0.000583125
0.0216276
1.69304
-0.00100814
0.0214497
1.69307
-0.00136117
0.0212722
1.6931
-0.00165039
0.0210958
1.69313
-0.0018829
0.0209216
1.69316
-0.00206637
0.0207523
1.6932
-0.00221322
0.0205929
1.69331
-0.00235485
0.0204552
-0.00256669
0.0203872
1.69916
0.3242
1.86692e-05
1.70113
0.288259
4.37792e-05
1.70369
0.254325
8.87811e-05
1.70654
0.223119
0.000175976
1.70939
0.19496
0.000350831
1.71196
0.169931
0.000713134
1.71388
0.148039
0.00149603
0.428434
0.12939
0.00327924
0.428709
0.428565
0.428707
-0.00116875
-0.0304124
0.427918
0.0307335
0.0013633
-0.00351579
-0.0268922
0.0292092
0.00400716
0.106201
0.105759
0.106153
0.105808
-0.426729
-0.00428963
-0.0109637
-0.101853
0.0997621
0.0110187
0.00632543
-0.0742141
0.00345243
-0.0101147
-0.00495741
0.0858338
-0.0950679
0.010677
-0.0100398
0.403426
0.009712
-0.0130779
-0.104055
-0.097185
-0.10439
1.69319
0.0413596
-0.0298846
-0.409718
-0.428546
-0.421119
-0.42909
1.69539
0.0369493
-0.0236496
1.69755
0.0312799
-0.0205645
1.69949
0.0263419
-0.0183584
1.70113
0.0221462
-0.0166509
1.70253
0.0185056
-0.0153739
1.70375
0.015336
-0.0144189
1.70481
0.0125847
-0.0136959
1.70574
0.0102065
-0.0131427
1.70656
0.00815964
-0.0127131
1.7073
0.00640162
-0.0123754
1.70795
0.00489372
-0.0121073
1.70854
0.00360238
-0.0118927
1.70907
0.00249806
-0.0117194
1.70955
0.00155534
-0.011578
1.71
0.000752447
-0.011462
1.71041
6.92606e-05
-0.0113684
1.71081
-0.000509275
-0.0112931
1.7112
-0.000994807
-0.0112269
1.71157
-0.00139877
-0.0111678
1.71192
-0.00173035
-0.0111141
1.71226
-0.00199679
-0.011064
1.71259
-0.00220311
-0.0110151
1.71288
-0.00235036
-0.0109635
1.71312
-0.00243025
-0.0109006
1.71318
-0.00240555
-0.0108078
-0.00218574
-0.0106008
1.70013
0.322133
1.64896e-05
1.70394
0.284437
3.84879e-05
1.70896
0.249283
7.68722e-05
1.71462
0.217427
0.000148649
1.72044
0.18908
0.000285945
1.72608
0.16418
0.000552584
1.73129
0.142602
0.00108206
1.73594
0.124262
0.0021326
0.435521
0.109561
0.00495459
-0.0300133
-0.0288396
-0.0300252
-0.0287777
0.435706
0.435495
0.435564
-0.0278478
-0.000988577
0.436422
0.0268094
0.00112604
-0.0287618
-0.000386706
0.442881
0.0242023
0.000507761
-0.438442
-0.00931854
0.00532554
-0.44332
0.43942
0.0146661
-0.00677354
1.76264
0.0539728
-0.01136
-0.0160527
-0.0139412
-0.0159711
-0.014353
-0.439376
-0.439052
-0.438887
-0.438965
1.7615
0.0442069
-0.0150435
1.76295
0.0371732
-0.0179378
1.76416
0.0315106
-0.0195489
1.76518
0.0265709
-0.0204935
1.76614
0.0222931
-0.0211283
1.76704
0.0186007
-0.0215864
1.76784
0.0154173
-0.0219083
1.76857
0.0126807
-0.0221146
1.76923
0.0103323
-0.0222289
1.76982
0.00831709
-0.0222779
1.77035
0.00658827
-0.0222805
1.77083
0.00510547
-0.0222494
1.77126
0.00383394
-0.0221945
1.77165
0.00274562
-0.0221217
1.77201
0.0018165
-0.0220348
1.77233
0.00102513
-0.0219367
1.77261
0.000353055
-0.0218286
1.77287
-0.000216956
-0.0217114
1.7731
-0.000698317
-0.0215881
1.7733
-0.00110088
-0.02146
1.77349
-0.00143353
-0.0213281
1.77366
-0.00170362
-0.0211932
1.77382
-0.00191765
-0.0210554
1.77398
-0.00208275
-0.0209139
1.77417
-0.00221054
-0.0207666
1.77448
-0.00233431
-0.0206088
-0.00252749
-0.0204004
1.70131
0.318882
1.31823e-05
1.70733
0.278413
3.0442e-05
1.7152
0.241397
5.92172e-05
1.72399
0.208615
0.000110029
1.733
0.18003
0.000200308
1.7418
0.155301
0.000358991
1.75019
0.134077
0.00063211
1.75818
0.116029
0.00106736
1.76636
0.100885
0.00177876
1.77626
0.0878504
0.00229712
-0.025278
-0.0240467
-0.025397
-0.0240717
1.78396
0.0740575
-0.000951032
-0.0214489
-0.0194323
-0.0214591
-0.019565
1.78645
0.0600411
-0.00553089
-0.0159564
-0.0144122
-0.0165015
-0.015302
1.79081
0.0503508
-0.00743862
1.7932
0.0430554
-0.00969721
1.79545
0.0364377
-0.0108544
1.79771
0.0309177
-0.0111074
1.79981
0.0262366
-0.0110739
1.80172
0.0222193
-0.0109962
1.80342
0.0187726
-0.0109112
1.80493
0.0158167
-0.0108213
1.80626
0.0132807
-0.0107326
1.80743
0.0111037
-0.0106531
1.80846
0.00923456
-0.0105869
1.80936
0.00763006
-0.010533
1.81015
0.00625359
-0.0104886
1.81084
0.00507373
-0.010451
1.81145
0.00406289
-0.0104193
1.81199
0.00319753
-0.0103935
1.81247
0.0024579
-0.0103734
1.81289
0.00182757
-0.0103578
1.81326
0.00129332
-0.010346
1.81359
0.000843426
-0.0103387
1.81387
0.000467297
-0.0103353
1.81412
0.00015636
-0.0103351
1.81434
-9.61038e-05
-0.0103371
1.81454
-0.00029419
-0.0103395
1.81471
-0.000438348
-0.0103406
1.81483
-0.000520527
-0.0103378
1.81479
-0.000504003
-0.010327
-0.000307016
-0.0102935
1.70291
0.314037
9.71456e-06
1.71179
0.26952
2.21454e-05
1.72316
0.230022
4.17811e-05
1.73553
0.19623
7.42412e-05
1.74795
0.167581
0.000127361
1.75991
0.143292
0.000211094
1.77118
0.122737
0.00033393
1.78172
0.105383
0.000485306
1.79175
0.0906962
0.000602421
1.80147
0.0779787
0.000364119
1.80945
0.0662218
-0.00104507
1.81464
0.0553177
-0.00295194
1.81915
0.046489
-0.00385937
1.82342
0.03949
-0.00403863
1.82714
0.0334536
-0.00414276
1.83046
0.0283525
-0.00426136
1.83339
0.0240699
-0.00440329
1.83595
0.0204384
-0.00456278
1.83816
0.0173416
-0.00472381
1.84008
0.0146962
-0.00487534
1.84175
0.0124341
-0.00501312
1.84319
0.0104983
-0.00513603
1.84444
0.00884072
-0.00524384
1.84552
0.00742122
-0.00533672
1.84646
0.00620593
-0.00541538
1.84728
0.00516613
-0.0054811
1.84799
0.00427724
-0.00553555
1.84862
0.00351838
-0.0055801
1.84917
0.00287203
-0.00561544
1.84965
0.00232346
-0.00564193
1.85008
0.00186007
-0.00566032
1.85046
0.00147082
-0.0056721
1.8508
0.0011464
-0.00567875
1.85111
0.000879217
-0.00568102
1.8514
0.000662703
-0.00567933
1.85166
0.000490594
-0.0056743
1.85192
0.000355562
-0.00566642
1.85221
0.000243049
-0.00565584
1.85266
0.0001091
-0.00564294
-0.000144353
-0.00561831
1.70529
0.306809
6.72014e-06
1.71828
0.256525
1.5114e-05
1.73428
0.214019
2.76324e-05
1.75107
0.179431
4.69329e-05
1.76748
0.151149
7.59218e-05
1.78298
0.127771
0.000116698
1.79729
0.108392
0.000166948
1.81033
0.0922919
0.000210404
1.82217
0.0788047
0.000200604
1.83282
0.0672995
1.43489e-05
1.84193
0.0571835
-0.000528652
1.84923
0.0482137
-0.00129687
1.85539
0.0406419
-0.00185278
1.86081
0.0344482
-0.00216971
1.86544
0.0292645
-0.00245987
1.8694
0.0248865
-0.0027105
1.87282
0.0211932
-0.00288116
1.87576
0.0180624
-0.00298353
1.8783
0.0153942
-0.00304142
1.8805
0.0131148
-0.00307009
1.88239
0.0111654
-0.0030786
1.88403
0.0094967
-0.0030735
1.88544
0.00806727
-0.00305978
1.88666
0.00684244
-0.00304093
1.88771
0.00579304
-0.0030192
1.88862
0.00489437
-0.00299601
1.88941
0.00412543
-0.00297231
1.8901
0.00346831
-0.00294875
1.89069
0.0029078
-0.00292583
1.89121
0.00243102
-0.002904
1.89167
0.00202702
-0.00288374
1.89207
0.00168655
-0.00286527
1.89243
0.00140186
-0.0028485
1.89275
0.00116656
-0.00283324
1.89304
0.000975602
-0.00281943
1.89329
0.000825627
-0.0028071
1.89352
0.000716669
-0.00279595
1.89369
0.000657515
-0.00278524
1.89369
0.00068746
-0.00277373
0.00089944
-0.0027585
1.7091
0.295769
4.43098e-06
1.7281
0.237523
9.82047e-06
1.74993
0.192182
1.73733e-05
1.7716
0.15776
2.8163e-05
1.79204
0.130699
4.29068e-05
1.81086
0.108933
6.10691e-05
1.82789
0.0913509
7.86483e-05
1.8431
0.0770639
8.38409e-05
1.85659
0.0652976
5.11089e-05
1.86846
0.0554318
-6.66062e-05
1.87871
0.0469952
-0.00032291
1.88732
0.0397207
-0.000680567
1.8946
0.0335581
-0.000989583
1.90084
0.0284376
-0.00118007
1.9062
0.0241601
-0.00129523
1.91082
0.0205488
-0.00136431
1.9148
0.0174936
-0.00139914
1.91825
0.0149049
-0.001416
1.92123
0.012705
-0.00142827
1.92381
0.0108309
-0.00144145
1.92604
0.00923229
-0.00145655
1.92797
0.00786722
-0.00147354
1.92964
0.0067007
-0.0014921
1.93109
0.00570339
-0.00151173
1.93234
0.0048507
-0.00153179
1.93343
0.00412191
-0.00155171
1.93437
0.00349949
-0.00157111
1.9352
0.00296857
-0.00158971
1.93592
0.00251658
-0.00160737
1.93655
0.00213288
-0.00162396
1.9371
0.00180845
-0.00163939
1.93759
0.00153571
-0.00165358
1.93803
0.00130824
-0.00166648
1.93842
0.00112068
-0.00167807
1.93878
0.00096838
-0.00168834
1.93912
0.000846742
-0.00169725
1.93944
0.000749486
-0.0017047
1.9398
0.000663066
-0.00171042
1.9403
0.000545216
-0.00171379
0.000299115
-0.00171087
1.71667
0.27716
2.84859e-06
1.74614
0.208055
6.22747e-06
1.77688
0.161437
1.06751e-05
1.80534
0.129301
1.6519e-05
1.83095
0.105085
2.36548e-05
1.85364
0.0862311
3.09882e-05
1.87349
0.071496
3.52814e-05
1.89072
0.0598283
2.93986e-05
1.90562
0.0503887
6.28966e-07
1.91848
0.0425926
-6.9245e-05
1.92947
0.0360422
-0.00019504
1.93877
0.0304857
-0.000360563
1.94664
0.0257917
-0.000513409
1.95335
0.0218634
-0.000619733
1.95907
0.0185757
-0.000690721
1.96397
0.0158068
-0.000745171
1.96816
0.0134672
-0.000789049
1.97176
0.0114873
-0.000823595
1.97483
0.00980743
-0.000850306
1.97747
0.00837828
-0.000870335
1.97974
0.00715994
-0.000884359
1.98168
0.00611978
-0.000893061
1.98335
0.00523078
-0.000897245
1.98478
0.00447038
-0.000897691
1.98601
0.00381975
-0.000895089
1.98707
0.0032631
-0.000890044
1.98798
0.00278709
-0.000883084
1.98877
0.00238047
-0.000874667
1.98945
0.0020337
-0.000865178
1.99004
0.00173873
-0.000854941
1.99056
0.00148876
-0.000844228
1.99101
0.00127803
-0.000833259
1.99141
0.00110177
-0.000822193
1.99176
0.000956033
-0.000811142
1.99208
0.000837735
-0.000800176
1.99237
0.000744965
-0.000789334
1.99262
0.000678285
-0.000778621
1.99282
0.000645187
-0.000768028
1.99286
0.00067794
-0.000757691
0.000853135
-0.000747236
1.72977
0.245455
1.79599e-06
1.77242
0.165402
3.80686e-06
1.81218
0.12168
6.21882e-06
1.84741
0.0940638
9.07687e-06
1.87841
0.0740809
1.21036e-05
1.9053
0.0593377
1.43639e-05
1.92837
0.048422
1.37171e-05
1.9481
0.0401035
6.19918e-06
1.96495
0.0335358
-1.42734e-05
1.97935
0.0282091
-5.49801e-05
1.99161
0.0238043
-0.000120304
2.00202
0.0201155
-0.000203533
2.01086
0.0170166
-0.000285409
2.01838
0.0144213
-0.000349876
2.02479
0.0122482
-0.000396029
2.03027
0.0104208
-0.000429569
2.03496
0.00887774
-0.000453538
2.03897
0.00757164
-0.00046948
2.04242
0.00646349
-0.000479614
2.04539
0.00552097
-0.000486256
2.04794
0.00471775
-0.00049107
2.05013
0.00403236
-0.000495101
2.05203
0.00344697
-0.000499011
2.05366
0.00294673
-0.000503196
2.05507
0.00251919
-0.000507841
2.0563
0.00215387
-0.000512997
2.05736
0.00184194
-0.000518633
2.05828
0.00157595
-0.000524683
2.05908
0.00134955
-0.000531064
2.05978
0.00115742
-0.000537689
2.06039
0.000995016
-0.000544468
2.06094
0.000858533
-0.000551315
2.06142
0.000744752
-0.00055814
2.06185
0.000650948
-0.000564859
2.06224
0.000574724
-0.000571398
2.0626
0.000513647
-0.000577681
2.06294
0.000464143
-0.000583611
2.0633
0.000417988
-0.00058901
2.06377
0.000348605
-0.000593405
0.000193725
-0.000594702
1.77805
0.165472
1.31272e-06
1.84268
0.100764
2.79791e-06
1.89263
0.0717331
4.39563e-06
1.93298
0.0537149
5.92302e-06
1.96628
0.0407738
7.10488e-06
1.99392
0.0316934
7.27002e-06
2.01701
0.0253324
5.02599e-06
2.03644
0.0206778
-1.88068e-06
2.05287
0.0171071
-1.64189e-05
2.06681
0.0142781
-4.15217e-05
2.07865
0.0119849
-7.81964e-05
2.0887
0.0100945
-0.000122874
2.09723
0.00852227
-0.000167286
2.10448
0.00721193
-0.000203726
2.11066
0.00611804
-0.000230176
2.11594
0.00520079
-0.000248819
2.12045
0.00442808
-0.000262045
2.1243
0.0037751
-0.000271358
2.12761
0.00322195
-0.000277915
2.13044
0.0027522
-0.000282615
2.13287
0.00235241
-0.00028598
2.13496
0.0020116
-0.00028824
2.13675
0.00172071
-0.000289504
2.13829
0.0014722
-0.000289846
2.13962
0.00125977
-0.000289329
2.14076
0.00107817
-0.000288019
2.14174
0.000922965
-0.000285988
2.1426
0.000790442
-0.000283321
2.14333
0.000677459
-0.000280106
2.14398
0.000581366
-0.000276433
2.14454
0.000499929
-0.000272385
2.14503
0.000431268
-0.000268038
2.14546
0.000373809
-0.000263458
2.14585
0.000326255
-0.0002587
2.1462
0.000287595
-0.000253812
2.14651
0.000257228
-0.00024883
2.1468
0.000235461
-0.000243786
2.14705
0.000225252
-0.000238734
2.14722
0.000239262
-0.000233883
0.000309497
-0.000229474
1.86354
7.26551e-07
1.9643
1.58363e-06
2.03603
2.61477e-06
2.08975
3.52169e-06
2.13052
4.02167e-06
2.16221
3.62411e-06
2.18754
1.34614e-06
2.20822
-4.2914e-06
2.22533
-1.50633e-05
2.23962
-3.25192e-05
2.25162
-5.69918e-05
2.26173
-8.64639e-05
2.27028
-0.00011661
2.27752
-0.000143039
2.28368
-0.000163849
2.28892
-0.000179605
2.29339
-0.000191517
2.29721
-0.00020044
2.30048
-0.000207013
2.30328
-0.000211842
2.30568
-0.000215445
2.30774
-0.000218207
2.30951
-0.000220404
2.31104
-0.000222238
2.31235
-0.000223851
2.31348
-0.000225339
2.31445
-0.000226758
2.31529
-0.000228142
2.31602
-0.000229509
2.31666
-0.000230866
2.31721
-0.000232213
2.3177
-0.000233545
2.31813
-0.000234856
2.31851
-0.000236136
2.31885
-0.000237371
2.31916
-0.000238546
2.31945
-0.000239637
2.31974
-0.000240608
2.32003
-0.000241394
-0.000241467
1.52064
0.177427
2.3119e-06
1.40662
0.11402
4.68622e-06
1.32161
0.0850018
7.65419e-06
1.25574
0.0658734
1.22931e-05
1.20428
0.0514606
1.8959e-05
1.16331
0.0409616
2.78703e-05
1.12998
0.033335
3.94733e-05
1.1024
0.0275675
5.40208e-05
1.07937
0.0230284
7.12068e-05
1.05999
0.0193703
9.00911e-05
1.04361
0.0163795
0.000109236
1.02969
0.0139068
0.000127105
1.01784
0.0118432
0.000142653
1.00772
0.0101074
0.000155587
0.999073
0.00863918
0.000165948
0.991669
0.00739289
0.000173784
0.985326
0.00633247
0.000179324
0.979886
0.00542817
0.000183074
0.975219
0.00465548
0.000185595
0.971213
0.00399427
0.000187307
0.967773
0.00342791
0.000188486
0.964819
0.0029425
0.000189332
0.962281
0.00252627
0.000189998
0.9601
0.00216929
0.000190593
0.958225
0.00186316
0.000191189
0.956613
0.00160071
0.000191831
0.955226
0.00137587
0.000192541
0.954031
0.00118346
0.00019333
0.953001
0.00101907
0.000194197
0.95211
0.000878962
0.00019514
0.951339
0.000759935
0.000196157
0.950669
0.000659293
0.000197246
0.950083
0.000574766
0.000198409
0.949567
0.000504481
0.000199652
0.949109
0.000446968
0.000200981
0.948697
0.000401245
0.000202408
0.948319
0.000367221
0.000203941
0.947961
0.000347093
0.000205568
0.947599
0.000350675
0.000207163
0.000409291
0.000208409
1.61655
0.258945
1.86365e-06
1.54734
0.183222
3.91562e-06
1.49193
0.140421
7.05732e-06
1.44586
0.11194
1.20124e-05
1.40696
0.0903546
1.91678e-05
1.37407
0.0738494
2.89383e-05
1.34619
0.0612116
4.1848e-05
1.32248
0.0512792
5.81595e-05
1.30225
0.0432488
7.74903e-05
1.28498
0.0366418
9.86184e-05
1.2702
0.0311521
0.000119597
1.25754
0.0265586
0.000138351
1.24668
0.0226905
0.000153731
1.23736
0.019414
0.000165759
1.22936
0.0166275
0.000174586
1.22249
0.0142532
0.000180183
1.21659
0.0122273
0.000182952
1.21151
0.0104956
0.000183726
1.20714
0.0090131
0.000183274
1.20338
0.00774252
0.000182068
1.20015
0.00665293
0.00018037
1.19736
0.00571819
0.000178339
1.19496
0.00491614
0.000176076
1.19289
0.00422798
0.000173636
1.19111
0.00363771
0.000171052
1.18956
0.00313171
0.000168342
1.18823
0.00269835
0.000165528
1.18708
0.00232773
0.00016263
1.18607
0.00201136
0.000159673
1.1852
0.00174204
0.000156682
1.18444
0.00151362
0.000153686
1.18377
0.0013209
0.000150714
1.18317
0.0011595
0.000147801
1.18264
0.00102576
0.000144985
1.18217
0.000916632
0.000142313
1.18173
0.000829495
0.000139836
1.18133
0.000761573
0.000137622
1.18096
0.000707924
0.00013579
1.18065
0.000653006
0.000134587
0.00055716
0.000135479
1.66771
0.289301
2.98368e-06
1.62536
0.225574
6.53943e-06
1.58492
0.180855
1.15798e-05
1.54831
0.148547
1.90144e-05
1.51551
0.123152
2.98711e-05
1.48665
0.102705
4.53212e-05
1.46163
0.0862328
6.6551e-05
1.44007
0.0728277
9.42922e-05
1.42156
0.0617537
0.000128123
1.40569
0.0525089
0.000165852
1.39208
0.0447494
0.000203572
1.38041
0.0382151
0.000237019
1.3704
0.0326889
0.000264642
1.36181
0.0279909
0.000287532
1.35444
0.0239861
0.000305746
1.34811
0.0205704
0.000318634
1.34267
0.0176543
0.000326885
1.33799
0.0151604
0.000332062
1.33396
0.0130246
0.000335423
1.3305
0.0111938
0.000337717
1.32751
0.0096237
0.000339454
1.32494
0.00827675
0.000341045
1.32272
0.007121
0.000342785
1.32081
0.00612934
0.000344855
1.31916
0.00527869
0.000347337
1.31773
0.00454941
0.000350251
1.31649
0.00392476
0.000353571
1.31542
0.00339042
0.000357248
1.31448
0.00293421
0.000361215
1.31367
0.00254574
0.000365404
1.31296
0.00221616
0.000369751
1.31233
0.001938
0.000374202
1.31177
0.00170496
0.000378719
1.31128
0.00151181
0.000383283
1.31083
0.00135438
0.000387897
1.31042
0.00122966
0.000392578
1.31003
0.00113663
0.000397362
1.30965
0.0010789
0.000402307
1.30921
0.00107596
0.000407403
0.00117649
0.000413215
1.68228
0.305087
4.46693e-06
1.65536
0.252494
9.65328e-06
1.62646
0.209747
1.70975e-05
1.5991
0.175908
2.85204e-05
1.57401
0.148238
4.60168e-05
1.55148
0.125227
7.20561e-05
1.53162
0.106086
0.000109212
1.51432
0.0901223
0.0001593
1.49934
0.0767196
0.000221822
1.48643
0.0654069
0.00029222
1.47532
0.0558432
0.000361546
1.46577
0.0477591
0.000419429
1.45755
0.0408979
0.000464319
1.45048
0.0350395
0.000500506
1.44442
0.0300351
0.000526884
1.43921
0.0257648
0.000542339
1.43473
0.0221168
0.000549826
1.43088
0.0189939
0.000552969
1.42757
0.0163168
0.000553622
1.42472
0.0140206
0.000552377
1.42228
0.0120505
0.000549514
1.42018
0.0103601
0.000545312
1.41837
0.0089095
0.00054003
1.41681
0.00766494
0.000533887
1.41547
0.00659759
0.000527079
1.41432
0.00568283
0.000519786
1.41332
0.00489964
0.000512176
1.41246
0.00423005
0.000504398
1.41172
0.00365873
0.000496582
1.41107
0.00317258
0.000488843
1.41051
0.00276048
0.00048128
1.41001
0.00241298
0.000473979
1.40958
0.00212212
0.000467022
1.40919
0.0018812
0.000460495
1.40884
0.00168457
0.000454491
1.40853
0.00152725
0.000449114
1.40825
0.0014039
0.000444492
1.408
0.00130564
0.000440845
1.40786
0.00120765
0.000438621
0.00105155
0.00043998
1.68881
0.314337
6.48598e-06
1.67235
0.268954
1.41442e-05
1.65306
0.229038
2.55836e-05
1.63365
0.195311
4.37689e-05
1.61515
0.166737
7.25745e-05
1.598
0.14237
0.000117014
1.58247
0.121602
0.000182826
1.56867
0.103913
0.000274807
1.55655
0.0888216
0.000393301
1.54601
0.0759381
0.000529475
1.53686
0.0649789
0.000663679
1.52892
0.055705
0.000771107
1.52202
0.0477876
0.000858556
1.51609
0.0409749
0.000936673
1.51097
0.0351469
0.000992998
1.50656
0.0301754
0.00102379
1.50275
0.0259261
0.00103794
1.49946
0.0222851
0.00104444
1.49663
0.0191615
0.001048
1.49418
0.0164808
0.00105082
1.49206
0.0141796
0.0010542
1.49024
0.0122037
0.00105887
1.48866
0.0105071
0.00106511
1.4873
0.00905049
0.00107282
1.48612
0.00780046
0.00108176
1.4851
0.00672844
0.00109163
1.48422
0.00581
0.00110211
1.48345
0.00502428
0.00111289
1.48278
0.00435344
0.00112373
1.4822
0.00378226
0.00113446
1.48169
0.00329775
0.00114494
1.48124
0.0028889
0.00115512
1.48084
0.00254641
0.00116498
1.48048
0.00226251
0.00117451
1.48016
0.00203088
0.00118375
1.47987
0.00184682
0.00119277
1.47959
0.00170814
0.00120168
1.4793
0.00161834
0.00121064
1.47893
0.00159981
0.00121966
0.00170781
0.00122946
1.69261
0.319786
9.15186e-06
1.68239
0.279173
2.01919e-05
1.66951
0.241915
3.72945e-05
1.6558
0.209024
6.54838e-05
1.64224
0.18029
0.000111877
1.62936
0.155234
0.000186497
1.6175
0.133449
0.000301944
1.60684
0.11456
0.000470424
1.59744
0.0982035
0.000695539
1.58928
0.0840889
0.000958073
1.58222
0.0720674
0.00120587
1.576
0.0619859
0.00136382
1.57058
0.0532666
0.00149407
1.56593
0.0456916
0.00161879
1.56193
0.0392218
0.00170406
1.55847
0.0336996
0.00174931
1.55549
0.0289673
0.00177147
1.55292
0.024902
0.00178056
1.55071
0.0214091
0.00177942
1.54881
0.0184097
0.00176951
1.54717
0.015835
0.00175301
1.54576
0.0136247
0.00173222
1.54455
0.0117274
0.00170897
1.54351
0.0100992
0.0016846
1.54262
0.00870271
0.0016601
1.54185
0.00750578
0.00163619
1.54118
0.00648095
0.00161334
1.5406
0.00560474
0.00159184
1.54011
0.00485708
0.00157183
1.53967
0.00422082
0.00155337
1.5393
0.00368142
0.00153645
1.53897
0.00322655
0.00152107
1.53868
0.00284583
0.00150731
1.53842
0.00253047
0.00149528
1.53818
0.00227296
0.00148514
1.53798
0.00206669
0.00147696
1.53779
0.00190487
0.0014708
1.53765
0.0017772
0.00146686
1.53761
0.00165768
0.00146556
0.00148731
0.00146964
1.69483
0.32302
1.23322e-05
1.68853
0.285468
2.75658e-05
1.68023
0.250212
5.20692e-05
1.67105
0.218202
9.40599e-05
1.66173
0.189595
0.000166125
1.65273
0.164221
0.000287576
1.64433
0.141832
0.000485454
1.63673
0.122144
0.000790957
1.63006
0.104868
0.00122285
1.6244
0.0898083
0.00175625
1.61954
0.0772114
0.0022862
1.61498
0.0668106
0.00260812
1.61115
0.0573475
0.00296925
1.60788
0.049249
0.00322202
1.60505
0.0423843
0.00333324
1.60258
0.0365438
0.00336353
1.60042
0.0315376
0.00337191
1.59854
0.0272241
0.00338415
1.59691
0.0235067
0.00340429
1.59551
0.0203068
0.00343028
1.59429
0.0175536
0.00346031
1.59325
0.015185
0.00349305
1.59234
0.0131479
0.00352719
1.59156
0.0113969
0.00356154
1.59089
0.00989269
0.00359513
1.59031
0.00860167
0.00362728
1.58981
0.00749486
0.00365747
1.58937
0.00654746
0.00368543
1.589
0.00573819
0.00371113
1.58867
0.00504878
0.0037347
1.58838
0.00446357
0.00375628
1.58813
0.00396921
0.00377595
1.5879
0.00355442
0.00379373
1.5877
0.00320987
0.00380977
1.58752
0.00292797
0.00382453
1.58735
0.00270284
0.00383861
1.58719
0.00253106
0.00385263
1.58701
0.00241464
0.00386736
1.58675
0.00237333
0.00388328
0.00245699
0.00390234
1.69628
0.324805
1.56965e-05
1.69271
0.289035
3.55932e-05
1.68785
0.255067
6.88185e-05
1.6823
0.223739
0.00012806
1.67654
0.195349
0.000234382
1.67085
0.16989
0.000423127
1.66546
0.147206
0.00074957
1.66056
0.12703
0.00128773
1.65645
0.10902
0.00209317
1.65352
0.0926474
0.00305055
1.65082
0.0208659
0.00357784
0.0196609
0.0209274
0.0198361
1.6472
0.0181728
0.00369608
0.0175151
0.0182658
0.0175409
1.64489
0.0608075
0.00454973
1.64279
0.0525696
0.00512318
1.64102
0.0452455
0.00543549
1.63948
0.0390221
0.00556012
1.63813
0.0336957
0.00557808
1.63696
0.0291091
0.00553919
1.63594
0.0251672
0.00546797
1.63506
0.0217846
0.00537955
1.63429
0.0188809
0.00528532
1.63361
0.0163872
0.00519252
1.63303
0.014246
0.00510494
1.63252
0.0124083
0.00502451
1.63208
0.0108322
0.00495226
1.63169
0.00948157
0.00488838
1.63136
0.00832533
0.00483237
1.63106
0.00733681
0.00478329
1.63081
0.00649329
0.00474008
1.63058
0.00577556
0.00470191
1.63039
0.00516751
0.00466833
1.63021
0.00465544
0.00463916
1.63005
0.00422768
0.00461428
1.62991
0.00387415
0.00459345
1.62979
0.00358629
0.00457639
1.62967
0.00335652
0.00456294
1.62958
0.00317707
0.00455332
1.62951
0.0030368
0.00454827
1.62954
0.00291019
0.00454907
0.00274292
0.00456228
1.69736
0.32551
1.86362e-05
1.69587
0.290523
4.28675e-05
1.69375
0.257181
8.47374e-05
1.69124
0.226236
0.000162284
1.68855
0.198027
0.000308042
1.6858
0.172623
0.000582419
1.68309
0.149907
0.00109393
1.68058
0.129589
0.00202967
1.67849
0.111043
0.00357791
0.419473
0.0248226
0.00649768
0.0227612
0.0250402
0.023307
-0.00134521
-0.00179652
-0.00247815
-0.00380827
0.419639
0.419482
0.419545
-0.00229326
0.4195
0.0208408
0.00229067
-0.0020772
-0.419544
0.418863
0.019318
0.00161311
1.67586
0.016956
0.00802255
0.0161192
0.017004
0.0161495
-0.418816
-0.419916
-0.41877
-0.419692
1.67491
0.0584309
0.00834152
1.67413
0.0512901
0.00856311
1.67335
0.045292
0.00874031
1.67266
0.0399944
0.00896303
1.67209
0.0353415
0.009209
1.6716
0.0313
0.00943937
1.6712
0.0278044
0.00964238
1.67085
0.0247826
0.00982106
1.67056
0.0221715
0.00997907
1.67032
0.0199168
0.0101183
1.67011
0.0179713
0.0102404
1.66993
0.0162941
0.0103473
1.66978
0.0148495
0.0104414
1.66965
0.0136063
0.0105251
1.66954
0.0125378
0.0106005
1.66945
0.0116209
0.0106695
1.66936
0.0108359
0.0107333
1.66929
0.010166
0.0107927
1.66922
0.00959673
0.0108484
1.66917
0.00911553
0.0109007
1.66911
0.00871208
0.0109504
1.66906
0.00837787
0.0109981
1.66902
0.00810593
0.0110448
1.66896
0.00789148
0.011092
1.66889
0.00773415
0.0111421
1.66874
0.00764744
0.0111973
0.0076726
0.0112643
1.69828
0.325297
2.0323e-05
1.69855
0.290241
4.73002e-05
1.69882
0.256906
9.50807e-05
1.69904
0.226005
0.000186236
1.69917
0.197886
0.000364665
1.69913
0.17265
0.000720818
1.69877
0.15026
0.00144736
1.69775
0.130622
0.00297401
0.423986
0.113753
0.00663347
0.423708
0.424204
0.42396
-0.000892985
-0.00148982
-0.00189217
-0.00317275
-0.0032385
0.423575
0.0254573
0.00301455
-0.00914497
0.427445
0.00618407
-0.424258
0.00526846
0.00437159
0.00507008
0.00543138
-0.0203676
-0.00574994
-0.426814
0.425331
0.00390704
0.00633222
0.00608802
0.00583492
0.00551482
-0.020445
-0.425301
-0.00647768
0.424726
0.0201464
0.00386189
1.7018
0.0715046
0.0161676
-0.424627
-0.425799
-0.424492
-0.425904
1.70215
0.0634649
0.0165933
1.70236
0.0566274
0.0161366
1.70244
0.0508063
0.0156637
1.70242
0.0458078
0.0152906
1.70234
0.0415149
0.0149667
1.70223
0.0378238
0.0146754
1.70209
0.034646
0.01442
1.70193
0.0319071
0.0142001
1.70177
0.0295435
0.0140111
1.70159
0.027501
0.0138472
1.70142
0.0257337
0.013703
1.70123
0.0242028
0.0135738
1.70105
0.0228752
0.0134562
1.70087
0.021723
0.0133474
1.70069
0.0207224
0.0132455
1.7005
0.0198533
0.0131484
1.70032
0.0190981
0.0130545
1.70014
0.018441
0.0129624
1.69997
0.0178702
0.012872
1.69979
0.0173759
0.0127833
1.69962
0.0169495
0.0126967
1.69945
0.0165836
0.012613
1.69929
0.0162706
0.0125343
1.69915
0.0159984
0.012465
1.6991
0.0157372
0.0124159
0.0154222
0.0124135
1.69916
0.324199
2.00228e-05
1.70114
0.288257
4.68235e-05
1.70372
0.254321
9.4404e-05
1.70661
0.22311
0.000185369
1.70954
0.194939
0.000364157
1.7123
0.169879
0.000723561
1.71469
0.147906
0.00146431
1.71652
0.129031
0.00303399
0.429155
0.113443
0.00656661
0.429604
0.429352
0.429669
-0.00144895
-0.00189405
-0.00176509
-0.0024064
-0.00393075
-0.0268435
0.428805
0.0275073
0.00361729
-0.0275131
-0.00918141
-0.107023
0.132663
0.00716629
0.00388759
0.0196362
-0.143421
-0.00232114
0.00468901
0.12907
-0.00765281
-0.107553
0.0113137
-0.0251253
0.431165
0.0213302
-0.0068806
-0.10813
-0.107857
-0.108263
1.72996
0.0586622
-0.0176712
-0.431479
-0.433013
-0.431581
-0.43326
1.73075
0.0535198
-0.014494
1.73132
0.0482091
-0.0127123
1.73188
0.0433799
-0.0114913
1.73239
0.0391645
-0.0105169
1.73281
0.0354786
-0.0097641
1.73316
0.0322525
-0.00919264
1.73343
0.0294355
-0.00875474
1.73363
0.0269818
-0.0084173
1.73376
0.0248492
-0.00815693
1.73385
0.0229979
-0.00795621
1.73389
0.021392
-0.00780229
1.73388
0.0199996
-0.00768534
1.73384
0.0187927
-0.00759761
1.73377
0.0177471
-0.007533
1.73368
0.0168414
-0.00748699
1.73356
0.0160572
-0.00745664
1.73343
0.0153789
-0.00743919
1.73328
0.0147944
-0.00743036
1.73312
0.0142927
-0.00742771
1.73294
0.0138643
-0.0074295
1.73276
0.0135018
-0.00743395
1.73257
0.0132
-0.00743879
1.73236
0.0129575
-0.00744034
1.73211
0.0127813
-0.00743129
1.73172
0.0127054
-0.00739414
0.0128103
-0.00728298
1.70013
0.322132
1.7694e-05
1.70395
0.284434
4.11946e-05
1.70899
0.249277
8.18435e-05
1.71468
0.217413
0.000156912
1.72056
0.18905
0.00029777
1.72631
0.164111
0.000563078
1.7318
0.142441
0.0010609
1.73712
0.123874
0.00196563
1.74365
0.108251
0.00362095
0.438336
0.0948097
0.00459166
-0.0265474
-0.0258334
-0.0264396
-0.0254233
-0.000892849
-0.000678499
-0.0013442
-0.00107684
0.438141
0.438116
0.437888
-0.0243773
-0.000411929
0.440165
0.0228046
0.000156036
-0.0171096
0.00695071
-0.440706
0.439195
0.0174084
-0.00573837
1.75962
0.0579478
-0.00831091
-0.0167842
-0.0157459
-0.0162476
-0.0155188
-0.439006
-0.439229
-0.4388
-0.43929
1.76097
0.0501385
-0.00786152
1.7627
0.0433114
-0.00946296
1.76428
0.0376188
-0.0105376
1.7656
0.0327515
-0.0111837
1.76671
0.0285767
-0.0116525
1.76764
0.0249913
-0.0120293
1.76841
0.0219083
-0.0123303
1.76903
0.019259
-0.0125618
1.76953
0.0169842
-0.0127336
1.76993
0.015031
-0.0128582
1.77024
0.0133537
-0.0129462
1.77047
0.0119133
-0.0130052
1.77064
0.0106766
-0.0130414
1.77076
0.00961554
-0.0130595
1.77083
0.00870656
-0.0130625
1.77086
0.00792926
-0.0130529
1.77085
0.00726623
-0.0130324
1.77082
0.00670284
-0.0130023
1.77076
0.00622685
-0.0129643
1.77069
0.00582798
-0.0129202
1.7706
0.00549738
-0.012871
1.77049
0.00522761
-0.0128173
1.77039
0.00501214
-0.0127592
1.77028
0.00484413
-0.012696
1.77021
0.00471187
-0.012626
1.77027
0.00458134
-0.0125465
0.00436766
-0.0124523
1.70131
0.318881
1.41625e-05
1.70734
0.27841
3.26386e-05
1.71522
0.241391
6.32223e-05
1.72402
0.208601
0.000116683
1.73306
0.180003
0.000210229
1.74191
0.155245
0.000370822
1.75039
0.133961
0.000635818
1.75851
0.115792
0.00103393
1.76662
0.100353
0.00155892
1.77497
0.087009
0.00175079
1.78229
0.0745066
0.000344318
-0.0215111
-0.0197778
-0.021735
-0.0200973
1.78573
0.0620047
-0.00347159
-0.0171272
-0.0159305
-0.0177379
-0.0167134
1.78961
0.0524264
-0.00579434
1.79256
0.0450272
-0.00752949
1.79501
0.0386609
-0.00865839
1.79728
0.0333069
-0.00906851
1.79933
0.0287674
-0.0091408
1.80115
0.0248776
-0.00911392
1.80275
0.0215374
-0.0090521
1.80413
0.0186686
-0.00897087
1.80534
0.0162041
-0.00888152
1.80638
0.0140862
-0.00879414
1.80727
0.012266
-0.00871502
1.80804
0.010702
-0.00864607
1.80869
0.0093587
-0.00858685
1.80924
0.00820589
-0.00853617
1.80972
0.00721741
-0.0084932
1.81012
0.00637079
-0.00845748
1.81045
0.00564688
-0.00842852
1.81074
0.00502944
-0.00840542
1.81098
0.0045047
-0.00838734
1.81118
0.00406098
-0.00837388
1.81135
0.00368865
-0.00836446
1.81149
0.00337979
-0.00835835
1.8116
0.00312816
-0.00835467
1.8117
0.00292967
-0.00835221
1.81177
0.00278368
-0.00834937
1.81179
0.00269786
-0.00834402
1.81167
0.00270796
-0.0083335
0.00289419
-0.00831174
1.70291
0.314036
1.04522e-05
1.7118
0.269518
2.37895e-05
1.72317
0.230017
4.47414e-05
1.73555
0.196219
7.91062e-05
1.74798
0.167561
0.000134692
1.75996
0.143255
0.000220792
1.77124
0.122669
0.000343373
1.78177
0.105264
0.000487303
1.79165
0.0904988
0.000579211
1.8009
0.0777602
0.000358143
1.80875
0.0663296
-0.000715064
1.81431
0.0559853
-0.00248848
1.81897
0.047404
-0.0034994
1.82321
0.0404728
-0.00372734
1.82691
0.0345936
-0.00377552
1.83017
0.0295975
-0.00381531
1.83304
0.025368
-0.00387184
1.83554
0.0217711
-0.0039521
1.8377
0.0187009
-0.00404825
1.83956
0.0160767
-0.00414978
1.84117
0.0138317
-0.0042502
1.84256
0.01191
-0.00434605
1.84375
0.0102642
-0.00443511
1.84478
0.00885462
-0.00451581
1.84566
0.00764744
-0.00458736
1.84642
0.00661408
-0.00464974
1.84708
0.00573015
-0.00470349
1.84764
0.00497496
-0.00474929
1.84813
0.00433105
-0.00478762
1.84855
0.00378367
-0.0048188
1.84892
0.00332026
-0.00484335
1.84924
0.00293003
-0.00486218
1.84953
0.00260387
-0.00487619
1.84978
0.00233427
-0.00488594
1.85
0.00211492
-0.00489176
1.85021
0.00193992
-0.00489392
1.85042
0.00180192
-0.00489265
1.85066
0.00168625
-0.00488806
1.85106
0.00154876
-0.0048808
0.00128785
-0.00486843
1.70529
0.306808
7.24092e-06
1.71829
0.256522
1.62669e-05
1.73429
0.214015
2.9675e-05
1.75108
0.179424
5.02195e-05
1.7675
0.151136
8.0794e-05
1.783
0.127748
0.000123209
1.7973
0.108355
0.000174218
1.81033
0.0922367
0.00021597
1.82209
0.078732
0.000199956
1.83261
0.0672418
1.78904e-05
1.84163
0.0572501
-0.000475225
1.84901
0.0484986
-0.00118342
1.85521
0.041077
-0.00172502
1.86061
0.0349398
-0.00203644
1.86524
0.029798
-0.00229702
1.8692
0.0254514
-0.00252931
1.87261
0.0217772
-0.00269889
1.87555
0.0186625
-0.00280807
1.87807
0.016011
-0.0028748
1.88024
0.013748
-0.00291216
1.88211
0.011814
-0.00292828
1.88371
0.0101595
-0.00292933
1.8851
0.00874313
-0.00292024
1.88628
0.00753015
-0.00290469
1.88731
0.0064914
-0.00288522
1.88818
0.00560222
-0.0028636
1.88894
0.00484168
-0.00284107
1.88959
0.00419199
-0.00281847
1.89016
0.00363807
-0.00279637
1.89065
0.00316711
-0.00277521
1.89107
0.00276824
-0.00275537
1.89144
0.00243228
-0.00273714
1.89176
0.00215151
-0.00272055
1.89205
0.00191964
-0.0027055
1.89231
0.00173171
-0.00269184
1.89253
0.00158441
-0.00267945
1.89273
0.00147778
-0.00266804
1.89287
0.00142055
-0.00265705
1.89284
0.00145199
-0.00264597
0.00166463
-0.0026332
1.7091
0.295769
4.77911e-06
1.7281
0.237522
1.05816e-05
1.74994
0.192179
1.8689e-05
1.7716
0.157755
3.02094e-05
1.79205
0.130691
4.58355e-05
1.81087
0.108921
6.48727e-05
1.82789
0.0913324
8.28731e-05
1.84308
0.0770394
8.72982e-05
1.85654
0.065272
5.19084e-05
1.86836
0.0554221
-6.77171e-05
1.87857
0.0470392
-0.000316676
1.8872
0.0398506
-0.000662412
1.8945
0.0337593
-0.000971546
1.90075
0.0286746
-0.00116912
1.90612
0.0244193
-0.00128717
1.91074
0.0208285
-0.00135652
1.91472
0.0177894
-0.00138975
1.91815
0.0152129
-0.001402
1.92112
0.0130227
-0.00140733
1.92368
0.0111565
-0.00141274
1.92589
0.00956408
-0.00142031
1.92781
0.008204
-0.00143047
1.92946
0.00704148
-0.00144309
1.93089
0.0060474
-0.00145774
1.93212
0.0051973
-0.00147375
1.93319
0.00447055
-0.00149047
1.93412
0.00384969
-0.00150735
1.93493
0.00331993
-0.00152402
1.93563
0.00286874
-0.00154017
1.93624
0.00248552
-0.0015556
1.93678
0.00216131
-0.00157015
1.93726
0.00188852
-0.00158371
1.93768
0.0016608
-0.00159619
1.93805
0.00147276
-0.00160754
1.93839
0.00131977
-0.00161771
1.93871
0.00119724
-0.00162663
1.93902
0.00109891
-0.0016342
1.93936
0.00101119
-0.00164018
1.93985
0.000891552
-0.00164426
0.000642092
-0.00164441
1.71667
0.27716
3.08558e-06
1.74614
0.208055
6.75288e-06
1.77688
0.161435
1.15806e-05
1.80534
0.129298
1.78772e-05
1.83095
0.10508
2.54912e-05
1.85364
0.0862245
3.32251e-05
1.87349
0.0714871
3.759e-05
1.89071
0.0598179
3.10443e-05
1.9056
0.0503804
4.71295e-07
1.91843
0.0425947
-7.20494e-05
1.9294
0.0360688
-0.000199764
1.93871
0.030549
-0.00036682
1.94659
0.0258893
-0.000523009
1.95329
0.0219828
-0.000633323
1.95902
0.0187082
-0.000706137
1.96392
0.0159492
-0.000760408
1.9681
0.0136169
-0.000803672
1.97169
0.0116417
-0.000837902
1.97476
0.00996539
-0.00086477
1.97739
0.00853929
-0.000885425
1.97965
0.00732377
-0.000900392
1.98158
0.00628633
-0.000910156
1.98324
0.00539998
-0.000915364
1.98467
0.0046422
-0.000916711
1.98589
0.00399416
-0.00091485
1.98694
0.00344002
-0.00091038
1.98784
0.00296646
-0.000903846
1.98862
0.00256218
-0.000895734
1.9893
0.00221766
-0.000886456
1.98988
0.00192484
-0.000876358
1.99038
0.00167691
-0.000865732
1.99083
0.00146812
-0.000854812
1.99121
0.00129368
-0.000843783
1.99156
0.00114964
-0.00083277
1.99187
0.00103292
-0.000821853
1.99215
0.000941597
-0.000811069
1.99239
0.000876247
-0.000800422
1.99258
0.000844378
-0.000789917
1.99261
0.000878371
-0.000779845
0.00105505
-0.000770485
1.72977
0.245455
1.92807e-06
1.77242
0.165401
4.04932e-06
1.81218
0.121679
6.59089e-06
1.84741
0.0940623
9.61395e-06
1.87841
0.0740786
1.28212e-05
1.9053
0.0593345
1.52024e-05
1.92837
0.048418
1.4446e-05
1.94809
0.0400994
6.33774e-06
1.96494
0.0335337
-1.54558e-05
1.97932
0.0282128
-5.82582e-05
1.99158
0.0238193
-0.000126118
2.00199
0.0201464
-0.000212052
2.01083
0.0170629
-0.00029686
2.01835
0.0144785
-0.00036417
2.02476
0.012312
-0.000412425
2.03024
0.0104891
-0.000447261
2.03492
0.0089494
-0.00047205
2.03894
0.00764574
-0.000488419
2.04238
0.00653946
-0.000498523
2.04534
0.00559849
-0.000504713
2.04789
0.0047966
-0.000508763
2.05008
0.00411232
-0.000511839
2.05196
0.00352787
-0.000514708
2.05359
0.00302838
-0.000517844
2.055
0.00260144
-0.000521492
2.05621
0.00223659
-0.000525737
2.05727
0.001925
-0.000530568
2.05818
0.00165923
-0.00053592
2.05898
0.00143297
-0.000541703
2.05967
0.00124087
-0.00054782
2.06028
0.00107844
-0.00055417
2.06082
0.000941846
-0.000560656
2.06129
0.000827896
-0.000567181
2.06172
0.000733863
-0.000573654
2.0621
0.000657354
-0.000579989
2.06245
0.000595936
-0.000586098
2.06279
0.000546022
-0.000591877
2.06314
0.000499344
-0.000597156
2.0636
0.000429164
-0.000601594
0.000272618
-0.000603768
1.77805
0.165472
1.56374e-06
1.84268
0.100764
3.35776e-06
1.89263
0.0717326
5.1517e-06
1.93298
0.0537142
6.74152e-06
1.96628
0.0407728
7.93924e-06
1.99392
0.0316921
8.06725e-06
2.01701
0.0253308
5.61205e-06
2.03643
0.0206763
-1.8423e-06
2.05286
0.0171067
-1.74242e-05
2.0668
0.0142801
-4.41464e-05
2.07863
0.0119913
-8.29367e-05
2.08868
0.0101068
-0.000130024
2.09721
0.0085406
-0.000176905
2.10446
0.00723488
-0.000215582
2.11064
0.00614404
-0.000243758
2.11592
0.00522894
-0.000263561
2.12043
0.00445786
-0.000277516
2.12428
0.00380611
-0.000287268
2.12758
0.00325387
-0.000294071
2.13041
0.00278484
-0.000298916
2.13284
0.00238566
-0.000302391
2.13492
0.00204539
-0.000304756
2.13671
0.001755
-0.000306119
2.13825
0.00150698
-0.000306547
2.13957
0.00129505
-0.000306093
2.14071
0.00111394
-0.000304812
2.1417
0.000959236
-0.000302773
2.14255
0.000827216
-0.000300059
2.14328
0.000714737
-0.000296759
2.14392
0.000619146
-0.000292969
2.14448
0.000538208
-0.000288778
2.14496
0.000470039
-0.000284269
2.14539
0.000413062
-0.000279513
2.14578
0.000365978
-0.000274572
2.14612
0.000327775
-0.000269493
2.14644
0.000297847
-0.000264314
2.14672
0.000276497
-0.000259071
2.14697
0.000266687
-0.000253832
2.14713
0.000281113
-0.000248884
0.000351887
-0.000244771
1.86354
5.42111e-07
1.9643
1.4707e-06
2.03603
2.71064e-06
2.08975
3.69248e-06
2.13052
4.20706e-06
2.16221
3.7935e-06
2.18754
1.36423e-06
2.20822
-4.68292e-06
2.22533
-1.62227e-05
2.23961
-3.48633e-05
2.2516
-6.09059e-05
2.26172
-9.21938e-05
2.27026
-0.000124194
2.27751
-0.000152303
2.28366
-0.000174467
2.2889
-0.000191227
2.29337
-0.000203858
2.29719
-0.000213289
2.30046
-0.000220203
2.30326
-0.000225238
2.30566
-0.000228941
2.30772
-0.000231722
2.30949
-0.000233877
2.31101
-0.000235628
2.31231
-0.000237131
2.31344
-0.000238492
2.31441
-0.000239779
2.31525
-0.000241032
2.31598
-0.000242272
2.31661
-0.000243509
2.31716
-0.000244743
2.31765
-0.000245969
2.31807
-0.000247181
2.31845
-0.000248365
2.31879
-0.000249508
2.3191
-0.000250591
2.31939
-0.000251591
2.31967
-0.000252484
2.31996
-0.000253271
-0.000253734
1.52064
0.177427
2.87682e-06
1.40662
0.11402
4.94103e-06
1.32161
0.0850023
7.28428e-06
1.25574
0.0658745
1.16044e-05
1.20428
0.0514624
1.78036e-05
1.16332
0.0409647
2.58942e-05
1.12998
0.0333398
3.64204e-05
1.10241
0.0275747
4.96668e-05
1.07938
0.0230386
6.53104e-05
1.06
0.019384
8.2455e-05
1.04361
0.0163966
9.97873e-05
1.0297
0.0139271
0.000115939
1.01784
0.0118659
0.000130006
1.00773
0.0101321
0.000141738
0.999075
0.00866545
0.000151161
0.99167
0.00742023
0.000158307
0.985326
0.00636042
0.000163374
0.979885
0.00545645
0.000166816
0.975218
0.00468393
0.000169138
0.971212
0.00402281
0.000170718
0.967772
0.00345647
0.00017181
0.964818
0.00297104
0.000172595
0.96228
0.00255477
0.000173214
0.960099
0.00219775
0.000173769
0.958224
0.00189157
0.000174329
0.956612
0.00162909
0.000174935
0.955224
0.00140422
0.000175609
0.954029
0.0012118
0.000176359
0.952999
0.00104741
0.000177185
0.952109
0.000907299
0.000178084
0.951338
0.000788285
0.000179051
0.950667
0.000687667
0.000180085
0.950081
0.000603175
0.000181187
0.949566
0.000532938
0.000182364
0.949108
0.000475484
0.000183623
0.948696
0.000429836
0.000184973
0.948317
0.000395914
0.000186421
0.947959
0.000375956
0.000187949
0.947597
0.000379887
0.000189421
0.0004396
0.000190505
1.61655
0.258946
1.23559e-06
1.54735
0.183223
2.58054e-06
1.49193
0.140422
5.37587e-06
1.44586
0.111943
1.01886e-05
1.40697
0.090359
1.70214e-05
1.37408
0.0738564
2.61338e-05
1.3462
0.0612226
3.80567e-05
1.32248
0.0512956
5.30379e-05
1.30226
0.0432723
7.06813e-05
1.28497
0.0366732
8.98338e-05
1.27019
0.0311915
0.000108731
1.25753
0.0266048
0.000125577
1.24666
0.022742
0.000139439
1.23734
0.0194697
0.000150356
1.22934
0.0166864
0.000158432
1.22246
0.014314
0.000163627
1.21655
0.0122888
0.000166285
1.21146
0.0105572
0.000167144
1.20709
0.00907455
0.000166899
1.20332
0.00780367
0.000165983
1.20008
0.00671367
0.000164635
1.19729
0.00577844
0.000162997
1.19488
0.00497586
0.000161154
1.19281
0.00428714
0.000159152
1.19102
0.0036963
0.00015701
1.18947
0.00318971
0.000154743
1.18813
0.00275576
0.000152364
1.18697
0.00238454
0.00014989
1.18597
0.00206757
0.000147343
1.18509
0.00179766
0.000144747
1.18432
0.00156867
0.000142128
1.18364
0.0013754
0.000139516
1.18304
0.00121348
0.000136943
1.18251
0.00107925
0.000134444
1.18202
0.000969672
0.000132062
1.18158
0.000882135
0.000129846
1.18117
0.00081387
0.000127856
1.1808
0.000759946
0.000126197
1.18048
0.000704801
0.000125071
0.000608723
0.000125764
1.66771
0.289302
2.76256e-06
1.62536
0.225575
6.17459e-06
1.58492
0.180857
1.09445e-05
1.54831
0.148551
1.78781e-05
1.51552
0.123159
2.78825e-05
1.48666
0.102717
4.19872e-05
1.46164
0.0862523
6.12551e-05
1.44008
0.0728576
8.62935e-05
1.42157
0.0617973
0.000116607
1.40569
0.0525684
0.000150102
1.39208
0.0448248
0.000183248
1.3804
0.0383033
0.000212499
1.37038
0.0327868
0.000236784
1.36179
0.0280971
0.000257037
1.35441
0.0240987
0.000273245
1.34807
0.0206865
0.000284813
1.34262
0.0177718
0.000292279
1.33793
0.0152782
0.000296967
1.3339
0.0131421
0.000299978
1.33043
0.0113108
0.000301976
1.32744
0.00973994
0.000303429
1.32486
0.00839216
0.000304722
1.32264
0.0072356
0.000306147
1.32072
0.00624316
0.000307882
1.31906
0.00539182
0.000310017
1.31763
0.00466193
0.000312574
1.31639
0.00403674
0.000315534
1.31531
0.00350195
0.000318848
1.31437
0.00304535
0.000322454
1.31355
0.00265654
0.000326285
1.31283
0.0023267
0.000330277
1.3122
0.00204832
0.000334376
1.31163
0.00181512
0.000338543
1.31113
0.00162188
0.000342755
1.31068
0.00146441
0.000347012
1.31026
0.00133974
0.000351328
1.30987
0.00124685
0.000355733
1.30948
0.0011894
0.000360272
1.30904
0.00118697
0.000364886
0.00128866
0.000369966
1.68228
0.305088
4.14474e-06
1.65536
0.252496
8.90108e-06
1.62647
0.20975
1.56444e-05
1.59911
0.175914
2.60422e-05
1.57402
0.14825
4.20126e-05
1.5515
0.125247
6.57064e-05
1.53164
0.106118
9.93185e-05
1.51434
0.0901737
0.000144259
1.49936
0.0767969
0.000199733
1.48645
0.065515
0.000261302
1.47533
0.0559817
0.000320912
1.46576
0.0479194
0.000370518
1.45753
0.0410736
0.000409686
1.45045
0.0352303
0.000441763
1.44438
0.0302358
0.000465716
1.43916
0.0259692
0.000480423
1.43467
0.0223216
0.000488228
1.43081
0.0191981
0.000492273
1.42749
0.0165198
0.000494219
1.42464
0.014222
0.000494547
1.42218
0.0122501
0.000493431
1.42007
0.0105576
0.000491049
1.41826
0.00910476
0.000487578
1.41669
0.00785793
0.000483184
1.41535
0.00678831
0.000478027
1.41418
0.00587134
0.000472271
1.41318
0.005086
0.000466077
1.41231
0.00441435
0.000459593
1.41156
0.00384108
0.000452953
1.41091
0.00335311
0.000446276
1.41034
0.00293933
0.000439669
1.40983
0.00259029
0.000433223
1.40939
0.00229805
0.000427024
1.409
0.00205591
0.000421156
1.40864
0.00185824
0.000415707
1.40832
0.00170007
0.000410775
1.40803
0.00157608
0.00040648
1.40778
0.00147736
0.000403016
1.40763
0.00137899
0.000400739
0.00122236
0.000401474
1.68881
0.314338
5.97026e-06
1.67235
0.268956
1.30085e-05
1.65306
0.229043
2.34872e-05
1.63366
0.19532
4.01275e-05
1.61516
0.166754
6.63871e-05
1.59802
0.1424
0.000106617
1.5825
0.121653
0.00016563
1.56871
0.103998
0.000247066
1.55659
0.0889553
0.000350169
1.54604
0.0761313
0.000465875
1.53688
0.0652295
0.000575996
1.52892
0.0559872
0.000663273
1.52202
0.0480996
0.000735427
1.51606
0.0413228
0.000800607
1.51093
0.0355129
0.000849229
1.5065
0.0305445
0.000876709
1.50268
0.0262926
0.000889358
1.49938
0.0226472
0.000894725
1.49653
0.0195187
0.000897076
1.49407
0.016833
0.000898553
1.49195
0.0145271
0.000900508
1.49011
0.0125471
0.000903761
1.48853
0.0108468
0.000908618
1.48715
0.00938702
0.00091502
1.48597
0.00813434
0.000922732
1.48494
0.00706012
0.00093145
1.48405
0.00613988
0.000940854
1.48327
0.00535269
0.000950643
1.48259
0.00468067
0.000960562
1.482
0.00410856
0.00097042
1.48148
0.00362335
0.000980085
1.48103
0.00321402
0.000989478
1.48062
0.00287127
0.000998567
1.48025
0.0025873
0.00100735
1.47992
0.00235583
0.00101587
1.47962
0.00217216
0.00102418
1.47933
0.00203411
0.00103237
1.47903
0.00194527
0.00104056
1.47866
0.00192815
0.00104863
0.00203854
0.0010569
1.69262
0.319787
8.42154e-06
1.6824
0.279176
1.85714e-05
1.66952
0.241921
3.42251e-05
1.65581
0.209036
5.99138e-05
1.64226
0.180312
0.000101939
1.6294
0.155276
0.000168938
1.61756
0.133527
0.000271309
1.60691
0.114697
0.000418121
1.59752
0.0984323
0.000609594
1.58935
0.0844374
0.000825614
1.58225
0.0725192
0.00101813
1.57601
0.0624468
0.0011438
1.57057
0.0537793
0.00125017
1.56589
0.0462642
0.00135684
1.56186
0.03981
0.00143685
1.55838
0.0342876
0.0014848
1.55538
0.0295522
0.00151358
1.5528
0.0254827
0.00153158
1.55057
0.0219842
0.00154041
1.54865
0.0189781
0.00154051
1.547
0.0163958
0.00153342
1.54558
0.0141778
0.00152109
1.54436
0.0122729
0.00150524
1.54331
0.0106377
0.0014872
1.5424
0.00923458
0.00146803
1.54162
0.00803167
0.00144855
1.54094
0.00700149
0.00142934
1.54035
0.00612057
0.00141081
1.53984
0.00536882
0.00139321
1.5394
0.00472908
0.0013767
1.53901
0.00418676
0.00136134
1.53867
0.00372946
0.00134719
1.53837
0.00334675
0.00133432
1.5381
0.00302979
0.00132282
1.53785
0.0027711
0.00131281
1.53763
0.00256411
0.00130439
1.53744
0.00240204
0.00129766
1.53728
0.00227468
0.00129283
1.53723
0.00215599
0.00129022
0.00198692
0.00129208
1.69483
0.323021
1.13362e-05
1.68854
0.285471
2.5313e-05
1.68025
0.250218
4.76822e-05
1.67107
0.218216
8.57877e-05
1.66178
0.189623
0.000150641
1.65281
0.164277
0.000258613
1.64445
0.141942
0.000431478
1.63689
0.122354
0.000691716
1.63025
0.105247
0.00104655
1.62456
0.0904257
0.00145921
1.61961
0.077947
0.0018094
1.61508
0.0675667
0.00201147
1.61117
0.0584235
0.00224156
1.60783
0.0503739
0.00245094
1.60495
0.0434658
0.00255694
1.60244
0.0375724
0.00258407
1.60026
0.0325205
0.00258487
1.59837
0.028174
0.00258692
1.59673
0.0244332
0.00259649
1.59531
0.021216
0.00261295
1.59408
0.0184501
0.00263502
1.59301
0.0160725
0.00266134
1.5921
0.0140291
0.00269036
1.5913
0.0122741
0.00272062
1.59061
0.0107676
0.00275096
1.59001
0.00947565
0.0027805
1.5895
0.00836898
0.00280862
1.58904
0.00742253
0.00283496
1.58865
0.00661483
0.00285935
1.5883
0.00592753
0.0028818
1.588
0.00534492
0.00290242
1.58773
0.00485365
0.00292131
1.58749
0.0044424
0.00293859
1.58727
0.00410177
0.00295441
1.58708
0.00382409
0.0029691
1.58689
0.00360348
0.00298308
1.58671
0.00343662
0.00299685
1.58652
0.00332572
0.00301094
1.58624
0.00329098
0.00302542
0.00338361
0.00304086
1.69628
0.324807
1.44101e-05
1.69272
0.289038
3.26265e-05
1.68787
0.255073
6.28621e-05
1.68234
0.223753
0.000116347
1.67661
0.195379
0.00021126
1.67098
0.169955
0.000377019
1.66566
0.147346
0.000657114
1.66087
0.127337
0.00110392
1.65679
0.109676
0.00174412
1.65362
0.0941513
0.00248718
1.65073
0.0815584
0.00286079
1.64749
0.0716398
0.00286195
1.64493
0.0621986
0.00333989
1.64276
0.0537987
0.003865
1.6409
0.0465704
0.00418729
1.6393
0.0403815
0.00435791
1.6379
0.0350528
0.00443971
1.63669
0.0304584
0.00446304
1.63565
0.026505
0.00444479
1.63473
0.0231081
0.0043995
1.63394
0.0201901
0.00433967
1.63325
0.0176833
0.00427394
1.63264
0.0155304
0.00420749
1.63212
0.0136826
0.00414339
1.63165
0.0120977
0.00408349
1.63125
0.0107395
0.00402878
1.63089
0.00957688
0.00397951
1.63058
0.00858307
0.00393544
1.63031
0.00773523
0.00389609
1.63006
0.00701396
0.00386097
1.62984
0.00640284
0.00382969
1.62964
0.00588797
0.003802
1.62946
0.0054575
0.00377771
1.6293
0.00510142
0.00375665
1.62915
0.00481117
0.00373871
1.62902
0.00457924
0.00372386
1.6289
0.00439801
0.00371237
1.62881
0.00425678
0.00370481
1.62882
0.00413053
0.00370211
0.00396608
0.00370846
1.69736
0.32551
1.7086e-05
1.69588
0.290525
3.92212e-05
1.69377
0.257186
7.71818e-05
1.6913
0.226245
0.000146764
1.68866
0.19805
0.000275588
1.68601
0.172677
0.000512686
1.68347
0.150041
0.000940359
1.68121
0.129938
0.00168198
1.67957
0.112047
0.00284898
1.67954
0.0961925
0.00448294
1.67911
0.0221546
0.00480671
-0.00202735
-0.00173267
-0.00274703
-0.00312061
0.0211614
0.0221985
0.021298
1.67663
0.019791
0.00385292
-0.00116489
-0.0010111
-0.00248809
-0.00267404
0.0190788
0.0197643
0.0189688
1.67575
0.0665502
0.0045504
1.67487
0.0580283
0.00499159
1.67404
0.0510072
0.00495929
1.67327
0.0449914
0.00490395
1.67258
0.0397506
0.00495286
1.67199
0.0351891
0.00507216
1.67148
0.0312404
0.00521324
1.67104
0.0278337
0.00535454
1.67066
0.024898
0.00549047
1.67033
0.02237
0.00561865
1.67005
0.0201948
0.00573711
1.6698
0.0183251
0.00584484
1.66959
0.0167196
0.00594192
1.6694
0.0153429
0.00602921
1.66923
0.0141641
0.00610787
1.66907
0.0131567
0.00617916
1.66894
0.0122978
0.00624427
1.66881
0.0115679
0.00630422
1.6687
0.0109504
0.00635981
1.66859
0.0104308
0.0064117
1.66849
0.00999712
0.0064605
1.6684
0.00963907
0.00650685
1.66831
0.0093483
0.00655145
1.66822
0.00911822
0.00659524
1.66812
0.0089446
0.00663945
1.66801
0.00882822
0.00668571
1.66782
0.00878592
0.00673506
0.00886647
0.00678821
1.69828
0.325297
1.86109e-05
1.69857
0.290241
4.3206e-05
1.69885
0.256906
8.63772e-05
1.69911
0.226005
0.000167696
1.69932
0.197887
0.000323851
1.69943
0.172654
0.000626539
1.69943
0.150271
0.00121633
1.69933
0.130647
0.00236696
1.69965
0.113732
0.00462621
0.425612
0.0997389
0.00865149
-0.00240119
-0.0032616
-0.00363784
-0.00587362
0.425742
0.4256
0.425675
-0.0042003
0.426186
0.0226493
0.00313219
-0.00235902
-0.426274
0.425591
0.0214877
0.00134534
1.70235
0.0730728
0.00621629
-0.00204421
-0.00162747
-0.00384412
-0.00400077
-0.42548
-0.426495
-0.425348
-0.426248
1.70279
0.0655338
0.00822415
1.70321
0.0580809
0.00909258
1.70351
0.0516408
0.00919075
1.70369
0.0461636
0.00906835
1.7038
0.0414647
0.00891
1.70385
0.037427
0.00873217
1.70385
0.0339586
0.00854528
1.70382
0.0309788
0.00836582
1.70377
0.0284183
0.00820277
1.7037
0.0262177
0.00805813
1.70362
0.0243263
0.00793094
1.70352
0.0227005
0.00781914
1.70341
0.0213032
0.00772041
1.7033
0.0201028
0.0076326
1.70318
0.0190721
0.00755379
1.70305
0.0181883
0.00748227
1.70292
0.0174316
0.00741651
1.70278
0.0167853
0.00735516
1.70264
0.016235
0.00729708
1.7025
0.015769
0.00724172
1.70236
0.0153773
0.00718881
1.70221
0.0150517
0.00713835
1.70207
0.0147849
0.00709089
1.70193
0.0145693
0.00704787
1.70182
0.0143937
0.00701228
1.7018
0.01423
0.00698968
0.0140195
0.00698771
1.69916
0.324198
1.83253e-05
1.70115
0.288255
4.27337e-05
1.70375
0.254316
8.56385e-05
1.70668
0.2231
0.000166473
1.70969
0.194917
0.000321743
1.71262
0.169826
0.000622551
1.71537
0.147775
0.00120571
1.71805
0.128684
0.00231922
1.72152
0.112487
0.00434647
0.431967
0.0990948
0.0070797
-0.00279373
-0.00396043
-0.00265184
-0.00316218
0.432057
0.431783
0.431842
-0.00464575
-0.0237166
0.433897
0.0238729
0.00255928
0.0061121
-0.0220561
-0.434083
0.432618
0.0206943
-0.00328576
1.73204
0.0641457
-0.0088997
0.00412921
0.00491606
0.00487971
0.00424898
-0.43289
-0.433502
-0.432651
-0.433342
1.73205
0.0567048
-0.0088506
1.73273
0.0509334
-0.00803022
1.73336
0.0456557
-0.00735151
1.73395
0.0408949
-0.00681539
1.7345
0.0367288
-0.00632954
1.73497
0.0331053
-0.00591536
1.73536
0.0299548
-0.00558046
1.73568
0.0272203
-0.00531176
1.73592
0.0248518
-0.0050971
1.73611
0.0228039
-0.00492759
1.73624
0.0210358
-0.00479565
1.73632
0.0195106
-0.00469474
1.73636
0.0181963
-0.00461931
1.73637
0.0170649
-0.00456463
1.73634
0.0160919
-0.00452676
1.73629
0.0152564
-0.00450259
1.73621
0.0145401
-0.00448977
1.73612
0.0139275
-0.00448626
1.736
0.0134061
-0.00448961
1.73588
0.012965
-0.00449779
1.73574
0.0125952
-0.00450929
1.73559
0.0122893
-0.00452267
1.73543
0.0120424
-0.00453617
1.73525
0.0118527
-0.00454715
1.73504
0.011726
-0.00455121
1.73473
0.0116924
-0.0045413
0.0118201
-0.00451298
1.70013
0.322131
1.62004e-05
1.70396
0.284431
3.76193e-05
1.70902
0.24927
7.43284e-05
1.71473
0.217399
0.000141205
1.72066
0.189019
0.00026404
1.72652
0.164043
0.000487592
1.73218
0.14229
0.000883154
1.73776
0.12354
0.0015351
1.74389
0.107512
0.00246323
1.75112
0.0936061
0.00285768
1.7564
0.0803753
-0.000169518
0.000353147
0.00206574
-0.000533328
0.000632485
-0.0226585
-0.0212846
-0.022753
-0.0213159
1.75623
0.0676853
-0.00611705
0.00446731
0.00559775
0.00150096
0.00142821
-0.0188504
-0.0179589
-0.0191777
-0.0183987
1.75897
0.0589715
-0.00587786
1.76114
0.0515768
-0.00490246
1.76294
0.0449014
-0.00523229
1.76455
0.0391671
-0.00566298
1.76595
0.0342629
-0.0059467
1.76713
0.0300627
-0.0061725
1.76813
0.0264591
-0.00638226
1.76897
0.0233638
-0.00657298
1.76966
0.0207059
-0.00673676
1.77022
0.0184252
-0.00687212
1.77068
0.0164693
-0.00698177
1.77105
0.0147925
-0.00706924
1.77133
0.0133554
-0.00713767
1.77155
0.0121247
-0.00719001
1.77172
0.0110718
-0.00722881
1.77183
0.0101726
-0.00725613
1.7719
0.00940619
-0.00727365
1.77193
0.00875506
-0.00728269
1.77194
0.00820418
-0.00728427
1.77192
0.00774086
-0.00727949
1.77188
0.00735442
-0.00726942
1.77182
0.0070359
-0.00725482
1.77175
0.00677781
-0.00723611
1.77168
0.0065736
-0.00721331
1.7716
0.00641618
-0.00718588
1.77156
0.00629328
-0.00715291
1.77165
0.00616963
-0.00711418
0.00595836
-0.00707689
1.70132
0.318879
1.29816e-05
1.70734
0.278407
2.98544e-05
1.71524
0.241384
5.75784e-05
1.72406
0.208587
0.00010551
1.73312
0.179974
0.000187968
1.74202
0.155189
0.00032581
1.75056
0.133849
0.000543192
1.75871
0.115579
0.000845913
1.76665
0.09996
0.00116695
1.77444
0.086432
0.00113492
1.78108
0.0741828
-0.000106045
1.7851
0.0628619
-0.00266964
1.7889
0.0535885
-0.00421116
1.79216
0.046046
-0.00525564
1.79484
0.0396436
-0.00608502
1.79721
0.0342308
-0.00649334
1.79929
0.0296433
-0.00660709
1.80112
0.0257267
-0.006602
1.8027
0.0223717
-0.0065505
1.80407
0.0194951
-0.0064741
1.80525
0.0170276
-0.00638502
1.80627
0.0149107
-0.00629344
1.80713
0.0130942
-0.0062062
1.80787
0.0115357
-0.00612655
1.8085
0.0101992
-0.00605543
1.80902
0.00905386
-0.00599272
1.80947
0.00807334
-0.00593801
1.80984
0.00723508
-0.00589085
1.81015
0.0065198
-0.00585068
1.8104
0.00591115
-0.00581676
1.81061
0.00539531
-0.00578835
1.81078
0.00496061
-0.00576498
1.81092
0.00459731
-0.00574611
1.81103
0.00429733
-0.0057311
1.81112
0.00405428
-0.00571912
1.81119
0.00386381
-0.00570912
1.81123
0.00372499
-0.0056998
1.81122
0.00364518
-0.00568971
1.81108
0.00365956
-0.0056778
0.00384783
-0.00566477
1.70291
0.314035
9.5931e-06
1.7118
0.269515
2.1799e-05
1.72318
0.230011
4.08706e-05
1.73557
0.196208
7.18844e-05
1.74801
0.167541
0.000121398
1.76001
0.143217
0.000196561
1.7713
0.122601
0.000299928
1.7818
0.105152
0.000413597
1.79154
0.0903313
0.000466685
1.80049
0.0775811
0.000261483
1.80815
0.0663391
-0.000533255
1.81401
0.0563562
-0.00183512
1.81886
0.0479499
-0.00271089
1.82313
0.0410477
-0.00300657
1.82686
0.0352316
-0.00308603
1.83011
0.0302785
-0.00311523
1.83295
0.0260641
-0.00313587
1.83542
0.0224717
-0.0031691
1.83756
0.0194022
-0.00321833
1.83941
0.0167757
-0.0032775
1.841
0.0145267
-0.00334084
1.84237
0.0125999
-0.00340469
1.84355
0.0109486
-0.00346645
1.84456
0.00953343
-0.00352413
1.84543
0.00832079
-0.00357638
1.84617
0.00728226
-0.00362258
1.84681
0.00639359
-0.00366267
1.84736
0.00563411
-0.00369689
1.84783
0.00498633
-0.00372548
1.84823
0.00443541
-0.00374866
1.84858
0.00396876
-0.00376679
1.84889
0.00357567
-0.00378039
1.84915
0.00324711
-0.00379002
1.84938
0.00297551
-0.00379609
1.84959
0.00275448
-0.00379886
1.84978
0.00257804
-0.00379854
1.84997
0.00243874
-0.00379523
1.85019
0.0023218
-0.00378905
1.85057
0.00218297
-0.00378044
0.00191991
-0.00376794
1.70529
0.306807
6.65356e-06
1.71829
0.25652
1.49319e-05
1.73429
0.214011
2.71926e-05
1.75109
0.179416
4.58508e-05
1.76751
0.151122
7.33237e-05
1.78302
0.127725
0.000110824
1.79732
0.108318
0.00015461
1.81032
0.092182
0.000187734
1.82202
0.0786643
0.000167007
1.83242
0.0671911
6.93319e-06
1.84138
0.0572936
-0.000392979
1.84882
0.0487058
-0.000969058
1.85507
0.0414076
-0.00143357
1.86047
0.0353174
-0.00170346
1.86511
0.0301997
-0.0019078
1.86909
0.0258648
-0.00209333
1.8725
0.0221894
-0.0022388
1.87544
0.0190688
-0.00233895
1.87796
0.0164114
-0.00240412
1.88012
0.0141432
-0.00244373
1.88198
0.0122044
-0.00246403
1.88357
0.0105456
-0.00247
1.88494
0.00912548
-0.00246588
1.88612
0.00790927
-0.00245497
1.88712
0.00686771
-0.00243972
1.88799
0.00597605
-0.0024219
1.88873
0.00521332
-0.00240279
1.88937
0.00456168
-0.00238329
1.88991
0.00400602
-0.00236401
1.89039
0.00353349
-0.0023454
1.89079
0.00313322
-0.0023278
1.89115
0.00279602
-0.00231145
1.89146
0.00251418
-0.00229645
1.89173
0.0022814
-0.00228276
1.89197
0.00209268
-0.00227027
1.89218
0.00194472
-0.00225881
1.89236
0.00183751
-0.00224814
1.89249
0.00177973
-0.00223784
1.89244
0.00181069
-0.00222757
0.00202304
-0.00221578
1.7091
0.295768
4.38947e-06
1.7281
0.23752
9.70928e-06
1.74994
0.192176
1.71328e-05
1.77161
0.15775
2.76123e-05
1.79205
0.130683
4.17028e-05
1.81088
0.108907
5.86543e-05
1.82789
0.0913131
7.42212e-05
1.84307
0.0770144
7.69475e-05
1.85649
0.0652467
4.37528e-05
1.86827
0.0554131
-6.17588e-05
1.87844
0.0470782
-0.000272765
1.88708
0.0399641
-0.000562989
1.89441
0.0339356
-0.000828236
1.90068
0.0288814
-0.00100385
1.90606
0.0246412
-0.0011106
1.91068
0.021062
-0.00117544
1.91466
0.0180307
-0.00120858
1.91809
0.0154585
-0.00122115
1.92105
0.0132707
-0.00122536
1.9236
0.0114057
-0.00122841
1.9258
0.00981349
-0.00123297
1.92771
0.00845267
-0.00123982
1.92935
0.00728876
-0.00124906
1.93077
0.00629283
-0.00126038
1.932
0.00544054
-0.00127324
1.93306
0.00471136
-0.00128703
1.93398
0.00408794
-0.00130122
1.93477
0.00355554
-0.00131541
1.93547
0.00310171
-0.00132928
1.93607
0.00271587
-0.00134259
1.9366
0.0023891
-0.00135518
1.93707
0.00211386
-0.00136694
1.93748
0.00188379
-0.00137776
1.93785
0.00169353
-0.0013876
1.93818
0.00153844
-0.00139639
1.93849
0.00141394
-0.00140407
1.93879
0.00131373
-0.00141054
1.93912
0.00122413
-0.00141558
1.9396
0.00110248
-0.00141872
0.000850338
-0.00141723
1.71667
0.277159
2.85342e-06
1.74614
0.208053
6.27719e-06
1.77688
0.161433
1.0811e-05
1.80534
0.129295
1.66363e-05
1.83095
0.105075
2.35661e-05
1.85364
0.0862174
3.05007e-05
1.87348
0.0714776
3.4226e-05
1.89069
0.0598071
2.79117e-05
1.90557
0.0503719
-2.2612e-08
1.91838
0.0425969
-6.47173e-05
1.92934
0.0360948
-0.000176372
1.93865
0.0306093
-0.000321542
1.94654
0.0259816
-0.000459119
1.95325
0.0220951
-0.000558471
1.95897
0.0188319
-0.00062418
1.96387
0.0160806
-0.000672262
1.96805
0.0137529
-0.00071041
1.97163
0.0117798
-0.000740949
1.9747
0.0101039
-0.00076548
1.97733
0.00867754
-0.000784999
1.97958
0.00746131
-0.000799833
1.98151
0.00642293
-0.000810219
1.98317
0.00553554
-0.000816574
1.98458
0.0047767
-0.000819415
1.9858
0.00412762
-0.000819268
1.98685
0.00357248
-0.00081664
1.98774
0.00309795
-0.000812013
1.98852
0.00269276
-0.000805828
1.98918
0.00234738
-0.000798466
1.98976
0.00205374
-0.000790254
1.99026
0.00180504
-0.000781462
1.9907
0.00159552
-0.000772317
1.99108
0.0014204
-0.000762992
1.99142
0.00127571
-0.000753615
1.99172
0.00115837
-0.000744264
1.99199
0.00106647
-0.000734977
1.99223
0.00100055
-0.000725756
1.99241
0.000968162
-0.000716596
1.99244
0.00100179
-0.000707668
0.00117857
-0.000698826
1.72977
0.245455
1.71557e-06
1.77242
0.165401
3.52357e-06
1.81218
0.121678
5.75184e-06
1.84741
0.0940607
8.45351e-06
1.87841
0.0740762
1.13452e-05
1.9053
0.0593311
1.34959e-05
1.92837
0.0484137
1.27562e-05
1.94808
0.0400951
5.28314e-06
1.96492
0.0335315
-1.45602e-05
1.9793
0.0282165
-5.30744e-05
1.99154
0.0238345
-0.000113453
2.00195
0.0201772
-0.000189515
2.01079
0.017109
-0.000264906
2.01831
0.0145352
-0.000325347
2.02473
0.012375
-0.000368932
2.03021
0.0105561
-0.000400452
2.03489
0.00901899
-0.00042311
2.0389
0.00771688
-0.00043835
2.04235
0.00661147
-0.000447915
2.0453
0.00567102
-0.000453804
2.04784
0.0048694
-0.00045761
2.05003
0.00418517
-0.00046042
2.05191
0.00360057
-0.000462965
2.05353
0.00310077
-0.000465713
2.05494
0.00267336
-0.00046892
2.05615
0.00230791
-0.000472683
2.0572
0.00199561
-0.000477003
2.05811
0.00172904
-0.000481823
2.0589
0.00150191
-0.000487062
2.05959
0.00130889
-0.000492623
2.06019
0.00114549
-0.000498414
2.06072
0.00100792
-0.00050434
2.06119
0.000892986
-0.000510313
2.06161
0.000797966
-0.000516248
2.06199
0.000720476
-0.000522061
2.06234
0.000658085
-0.000527667
2.06268
0.000607196
-0.000532964
2.06303
0.0005595
-0.000537783
2.06348
0.000488127
-0.000541721
0.000329804
-0.000543044
1.77805
0.165471
1.85979e-06
1.84268
0.100764
3.92393e-06
1.89263
0.071732
5.60964e-06
1.93298
0.0537134
6.8591e-06
1.96628
0.0407717
7.76532e-06
1.99392
0.0316907
7.76932e-06
2.01701
0.0253292
5.42908e-06
2.03643
0.0206749
-1.48335e-06
2.05285
0.0171063
-1.57829e-05
2.06678
0.0142822
-4.0112e-05
2.07861
0.0119978
-7.51932e-05
2.08865
0.0101194
-0.000117634
2.09719
0.00855925
-0.000159979
2.10444
0.00725814
-0.000195156
2.11063
0.00617028
-0.000220957
2.1159
0.00525716
-0.000239141
2.12041
0.00448751
-0.000251975
2.12426
0.0038367
-0.000260979
2.12756
0.00328503
-0.000267304
2.13039
0.00281633
-0.000271874
2.13281
0.00241732
-0.000275249
2.13489
0.00207711
-0.000277675
2.13668
0.0017867
-0.000279245
2.13822
0.00153861
-0.000280003
2.13954
0.00132657
-0.000279981
2.14067
0.00114535
-0.000279215
2.14165
0.000990527
-0.000277755
2.1425
0.000858383
-0.000275668
2.14323
0.000745781
-0.00027303
2.14387
0.000650071
-0.000269925
2.14442
0.000569017
-0.000266435
2.14491
0.000500736
-0.000262637
2.14534
0.000443651
-0.000258598
2.14572
0.000396464
-0.000254374
2.14606
0.00035816
-0.000250008
2.14637
0.000328133
-0.000245532
2.14665
0.000306687
-0.000240974
2.1469
0.000296786
-0.000236387
2.14706
0.000311169
-0.000231988
0.000382059
-0.0002281
1.86354
-2.02745e-07
1.9643
7.98783e-07
2.03603
2.27974e-06
2.08975
3.19013e-06
2.13052
3.64879e-06
2.16221
3.33238e-06
2.18754
1.15947e-06
2.20821
-4.36242e-06
2.22532
-1.4913e-05
2.2396
-3.191e-05
2.25159
-5.55789e-05
2.2617
-8.39535e-05
2.27025
-0.000112984
2.27749
-0.000138553
2.28365
-0.000158776
2.28889
-0.000174089
2.29336
-0.000185641
2.29718
-0.000194296
2.30044
-0.000200676
2.30324
-0.000205352
2.30564
-0.000208817
2.30769
-0.000211441
2.30946
-0.000213494
2.31098
-0.000215176
2.31228
-0.000216634
2.31341
-0.000217966
2.31438
-0.000219235
2.31521
-0.000220479
2.31594
-0.000221717
2.31657
-0.000222958
2.31712
-0.000224201
2.3176
-0.000225441
2.31802
-0.000226671
2.3184
-0.000227877
2.31874
-0.000229044
2.31904
-0.000230153
2.31933
-0.000231179
2.31961
-0.000232091
2.3199
-0.000232854
-0.000233102
1.52064
0.177426
4.37245e-06
1.40662
0.11402
5.20801e-06
1.32162
0.0850023
6.32235e-06
1.25574
0.0658749
9.91727e-06
1.20428
0.0514636
1.47424e-05
1.16332
0.040967
2.06734e-05
1.12998
0.0333437
2.84588e-05
1.10241
0.0275808
3.83887e-05
1.07938
0.0230474
5.015e-05
1.06001
0.0193957
6.30242e-05
1.04362
0.0164115
7.60187e-05
1.0297
0.0139445
8.81194e-05
1.01785
0.0118855
9.86681e-05
1.00773
0.0101535
0.000107482
0.999076
0.00868819
0.000114573
0.99167
0.00744394
0.000119957
0.985325
0.00638473
0.000123778
0.979884
0.00548111
0.000126369
0.975217
0.00470884
0.000128107
0.97121
0.00404789
0.000129275
0.96777
0.00348169
0.000130065
0.964816
0.00299637
0.000130613
0.962278
0.00258021
0.000131028
0.960097
0.00222332
0.000131388
0.958222
0.00191729
0.000131747
0.95661
0.00165498
0.000132139
0.955223
0.0014303
0.000132582
0.954028
0.00123809
0.000133082
0.952997
0.00107393
0.000133639
0.952107
0.000934069
0.000134248
0.951336
0.000815316
0.000134906
0.950666
0.000714969
0.000135613
0.95008
0.00063076
0.000136373
0.949564
0.000560814
0.000137192
0.949106
0.000503661
0.000138079
0.948694
0.000458325
0.000139044
0.948316
0.000424732
0.000140088
0.947958
0.000405155
0.000141195
0.947595
0.00040961
0.000142263
0.000470502
0.000143076
1.61655
0.258946
-5.04791e-07
1.54735
0.183224
-5.82848e-07
1.49193
0.140424
1.44904e-06
1.44586
0.111945
5.64906e-06
1.40697
0.0903631
1.12989e-05
1.37408
0.0738629
1.84902e-05
1.3462
0.0612326
2.77618e-05
1.32249
0.0513105
3.93254e-05
1.30226
0.0432932
5.28334e-05
1.28497
0.0367011
6.73839e-05
1.27019
0.0312262
8.16549e-05
1.25752
0.0266452
9.43477e-05
1.24665
0.0227868
0.000104821
1.23732
0.0195181
0.000113112
1.22931
0.0167376
0.000119288
1.22243
0.0143669
0.000123309
1.21651
0.0123426
0.000125414
1.21142
0.0106115
0.000126144
1.20704
0.00912903
0.000126023
1.20327
0.00785829
0.000125382
1.20003
0.00676837
0.000124408
1.19723
0.00583321
0.000123209
1.19482
0.00503069
0.000121852
1.19274
0.00434205
0.00012037
1.19094
0.00375128
0.000118776
1.18939
0.00324476
0.000117081
1.18805
0.00281089
0.000115293
1.18688
0.00243974
0.000113425
1.18587
0.00212284
0.000111493
1.18499
0.001853
0.000109515
1.18421
0.00162407
0.000107513
1.18353
0.00143087
0.00010551
1.18293
0.00126901
0.000103532
1.18238
0.00113486
0.000101608
1.1819
0.00102536
9.97736e-05
1.18145
0.000937928
9.80656e-05
1.18103
0.000869782
9.65309e-05
1.18065
0.000816002
9.52462e-05
1.18033
0.000760993
9.43619e-05
0.000664944
9.4783e-05
1.66771
0.289302
2.24669e-06
1.62536
0.225576
5.20475e-06
1.58492
0.180859
9.03864e-06
1.54832
0.148555
1.44616e-05
1.51552
0.123165
2.21336e-05
1.48667
0.102728
3.27882e-05
1.46164
0.0862698
4.72607e-05
1.44009
0.0728843
6.60015e-05
1.42157
0.0618358
8.85727e-05
1.40569
0.0526204
0.000113339
1.39207
0.0448896
0.000137666
1.38039
0.0383784
0.000159067
1.37037
0.0328695
0.000176887
1.36177
0.0281866
0.000191799
1.35438
0.0241938
0.000203779
1.34804
0.0207848
0.00021237
1.34258
0.0178717
0.000217909
1.33789
0.015379
0.000221341
1.33385
0.0132434
0.000223469
1.33037
0.0114124
0.000224786
1.32738
0.00984183
0.000225645
1.3248
0.00849431
0.000226344
1.32257
0.00733808
0.00022712
1.32064
0.00634609
0.000228122
1.31898
0.00549531
0.000229428
1.31754
0.00476607
0.000231067
1.31629
0.00414163
0.000233027
1.31521
0.00360764
0.000235276
1.31426
0.0031519
0.000237765
1.31344
0.00276399
0.000240445
1.31271
0.00243506
0.000243265
1.31207
0.0021576
0.000246182
1.31151
0.00192532
0.000249166
1.311
0.00173299
0.0002522
1.31054
0.00157643
0.000255283
1.31012
0.00145268
0.000258425
1.30972
0.00136071
0.000261648
1.30933
0.00130423
0.000264981
1.30888
0.00130292
0.000268386
0.0014062
0.000272141
1.68228
0.305088
3.23789e-06
1.65536
0.252497
6.80862e-06
1.62647
0.209753
1.17096e-05
1.59911
0.17592
1.94641e-05
1.57403
0.14826
3.15312e-05
1.55151
0.125265
4.94144e-05
1.53165
0.106147
7.4677e-05
1.51435
0.0902192
0.000108252
1.49938
0.0768642
0.000149341
1.48646
0.0656074
0.000194444
1.47533
0.0560973
0.000237607
1.46576
0.0480509
0.000273484
1.45752
0.0412174
0.000302113
1.45043
0.0353865
0.000325789
1.44435
0.0304014
0.000343734
1.43912
0.02614
0.000354934
1.43462
0.0224952
0.000360936
1.43075
0.0193739
0.00036408
1.42743
0.0166977
0.000365672
1.42457
0.0144017
0.000366095
1.42211
0.0124312
0.000365465
1.41999
0.0107399
0.000363893
1.41816
0.00928822
0.00036149
1.41659
0.00804232
0.000358362
1.41524
0.00697349
0.000354622
1.41407
0.00605719
0.00035039
1.41306
0.00527244
0.00034579
1.41218
0.00460129
0.000340938
1.41142
0.00402845
0.00033594
1.41076
0.00354084
0.000330892
1.41018
0.00312737
0.00032588
1.40967
0.0027786
0.000320981
1.40922
0.00248659
0.000316263
1.40882
0.00224466
0.000311795
1.40846
0.00204719
0.000307645
1.40813
0.00188924
0.000303889
1.40783
0.00176547
0.000300616
1.40757
0.00166699
0.00029797
1.40741
0.00156874
0.000296235
0.00141182
0.000296734
1.68881
0.314339
4.54926e-06
1.67236
0.268959
9.9195e-06
1.65307
0.229047
1.78596e-05
1.63367
0.195328
3.05104e-05
1.61518
0.166769
5.04303e-05
1.59804
0.142426
8.07378e-05
1.58253
0.121699
0.00012482
1.56874
0.104072
0.000185012
1.55663
0.0890687
0.000260163
1.54607
0.0762904
0.000342971
1.53689
0.0654272
0.000420038
1.52892
0.056204
0.000480771
1.52201
0.0483346
0.000531132
1.51604
0.0415814
0.000577073
1.51089
0.0357871
0.000612271
1.50645
0.0308255
0.000632485
1.50261
0.0265765
0.000641499
1.4993
0.0229331
0.000644683
1.49645
0.0198063
0.000645247
1.49398
0.0171223
0.000644893
1.49185
0.0148183
0.000644774
1.49001
0.0128404
0.000645631
1.48841
0.0111426
0.000647783
1.48703
0.00968562
0.000651236
1.48584
0.00843582
0.000655834
1.4848
0.00736452
0.000661352
1.4839
0.00644719
0.000667543
1.48311
0.00566282
0.000674169
1.48243
0.0049935
0.000681021
1.48183
0.00442392
0.000687935
1.4813
0.00394108
0.000694794
1.48083
0.00353394
0.000701524
1.48042
0.00319319
0.000708087
1.48004
0.0029111
0.000714477
1.4797
0.00268137
0.000720713
1.47939
0.00249935
0.000726834
1.47909
0.00236292
0.000732907
1.47879
0.0022757
0.000739008
1.4784
0.00226037
0.000745092
0.0023732
0.000751454
1.69262
0.319789
6.42443e-06
1.6824
0.279179
1.41797e-05
1.66953
0.241926
2.60549e-05
1.65583
0.209046
4.54801e-05
1.64229
0.180333
7.7117e-05
1.62944
0.155314
0.000127187
1.61761
0.133595
0.00020291
1.60698
0.114814
0.000309976
1.59759
0.0986194
0.000446933
1.5894
0.0847095
0.000597509
1.58227
0.0728503
0.000727617
1.57602
0.0627828
0.000814052
1.57057
0.0541443
0.000887154
1.56587
0.0466772
0.000961815
1.56182
0.0402536
0.00101962
1.55833
0.03475
0.00105465
1.55531
0.0300302
0.00107612
1.55271
0.0259748
0.00109058
1.55047
0.0224881
0.00109898
1.54854
0.0194911
0.00110118
1.54688
0.0169157
0.00109796
1.54545
0.0147029
0.00109059
1.54421
0.0128021
0.0010803
1.54315
0.0111698
0.00106805
1.54223
0.00976894
0.00105467
1.54143
0.00856768
0.00104079
1.54074
0.00753868
0.00102693
1.54015
0.00665856
0.00101341
1.53962
0.00590731
0.00100049
1.53917
0.00526781
0.000988297
1.53877
0.00472551
0.000976934
1.53842
0.00426804
0.000966451
1.5381
0.00388496
0.000956896
1.53782
0.00356749
0.000948332
1.53756
0.0033082
0.000940838
1.53733
0.00310056
0.000934493
1.53713
0.0029379
0.000929391
1.53696
0.00281007
0.000925685
1.5369
0.00269093
0.00092364
0.0025211
0.000924805
1.69483
0.323022
8.63928e-06
1.68854
0.285474
1.9285e-05
1.68026
0.250224
3.62264e-05
1.6711
0.218228
6.49497e-05
1.66182
0.189648
0.000113511
1.65287
0.164325
0.000193545
1.64454
0.142035
0.000319835
1.63702
0.122526
0.000506039
1.63039
0.105542
0.000752528
1.62466
0.090874
0.00102633
1.61964
0.0784289
0.00124227
1.61513
0.0679433
0.001363
1.61118
0.0588413
0.00149749
1.60779
0.0508771
0.00163686
1.60488
0.0440108
0.00171286
1.60235
0.0381307
0.00172959
1.60016
0.033087
0.0017234
1.59825
0.0287513
0.00171627
1.5966
0.0250231
0.00171443
1.59517
0.0218187
0.00171847
1.59392
0.0190655
0.0017279
1.59285
0.0167002
0.00174184
1.59191
0.0146685
0.00175903
1.5911
0.0129242
0.00177821
1.59039
0.0114276
0.00179834
1.58978
0.0101444
0.00181859
1.58924
0.00904552
0.00183835
1.58877
0.00810587
0.00185722
1.58836
0.00730405
0.00187497
1.588
0.0066218
0.00189149
1.58767
0.00604353
0.0019068
1.58739
0.00555599
0.00192094
1.58713
0.005148
0.001934
1.58689
0.00481022
0.00194608
1.58668
0.00453504
0.00195738
1.58648
0.00431664
0.00196818
1.58628
0.00415182
0.00197882
1.58607
0.00404306
0.00198963
1.58577
0.00401097
0.0020007
0.00410781
0.00201233
1.69628
0.324808
1.0969e-05
1.69272
0.28904
2.48121e-05
1.68788
0.255079
4.76583e-05
1.68238
0.223765
8.78065e-05
1.67667
0.195405
0.000158384
1.67108
0.17001
0.000279952
1.66584
0.147461
0.000481327
1.6611
0.12757
0.000793487
1.65703
0.110131
0.00122343
1.6537
0.0949945
0.00169664
1.65071
0.0823349
0.00194317
1.64767
0.071894
0.00195192
1.64503
0.0626424
0.00217863
1.64282
0.0544574
0.00250361
1.64091
0.0473852
0.00272267
1.63925
0.0412958
0.0028497
1.63781
0.0360394
0.00292423
1.63657
0.0314989
0.00295998
1.63549
0.0275825
0.00296397
1.63455
0.0242099
0.00294531
1.63374
0.021308
0.00291309
1.63302
0.0188118
0.00287399
1.6324
0.0166657
0.00283226
1.63186
0.0148219
0.00279054
1.63138
0.0132389
0.00275056
1.63096
0.0118812
0.00271334
1.63058
0.010718
0.00267934
1.63025
0.00972288
0.00264862
1.62996
0.00887332
0.00262104
1.6297
0.00814998
0.00259634
1.62946
0.00753646
0.00257428
1.62924
0.00701885
0.00255467
1.62905
0.00658536
0.00253737
1.62887
0.00622602
0.00252227
1.6287
0.00593239
0.00250933
1.62854
0.00569708
0.00249857
1.6284
0.00551269
0.00249018
1.6283
0.00536877
0.00248454
1.62829
0.00524043
0.00248216
0.00507369
0.00248489
1.69737
0.325511
1.29913e-05
1.69589
0.290526
2.97758e-05
1.6938
0.257189
5.83701e-05
1.69135
0.226254
0.000110327
1.68875
0.198069
0.000205286
1.68618
0.172721
0.000376713
1.68376
0.150143
0.00067711
1.68166
0.130178
0.00117489
1.6801
0.112622
0.00190978
1.67943
0.0973718
0.00278254
1.67865
0.0849574
0.00296342
1.67689
0.0750969
0.00240361
1.67572
0.0658306
0.00253803
1.67482
0.0575376
0.00281305
1.67399
0.0503653
0.0028079
1.67322
0.0442313
0.00273558
1.67253
0.0389583
0.00272639
1.67192
0.0344071
0.0027747
1.67138
0.0304829
0.00284728
1.67091
0.0271057
0.00292678
1.6705
0.0242015
0.0030075
1.67014
0.021705
0.00308642
1.66982
0.0195602
0.00316101
1.66954
0.017719
0.00322972
1.66929
0.0161402
0.00329195
1.66907
0.0147879
0.00334779
1.66886
0.0136316
0.0033977
1.66868
0.0126447
0.00344233
1.66851
0.0118048
0.00348237
1.66835
0.0110923
0.00351848
1.66821
0.0104909
0.00355125
1.66807
0.00998643
0.00358118
1.66794
0.009567
0.00360878
1.66781
0.00922263
0.00363456
1.66769
0.00894513
0.00365905
1.66758
0.0087281
0.00368296
1.66745
0.00856769
0.00370714
1.66731
0.00846534
0.00373264
1.66709
0.00843947
0.00375997
0.00854019
0.00378841
1.69828
0.325297
1.41367e-05
1.69858
0.290241
3.27509e-05
1.69888
0.256906
6.51716e-05
1.69917
0.226006
0.000125569
1.69944
0.197888
0.000239605
1.69967
0.172656
0.000454884
1.6999
0.150273
0.000856861
1.70023
0.130637
0.00158716
1.70099
0.113645
0.00283625
1.70313
0.0992794
0.00461036
1.70471
0.0875424
0.00468488
-0.0021545
-0.00152528
-0.00268707
-0.00248991
1.70343
0.0778248
0.00246155
-0.000532305
-0.000263996
-0.00145999
-0.00164779
1.7033
0.0692887
0.00288182
1.70346
0.0614074
0.00420105
1.70368
0.0542842
0.00494903
1.70386
0.0480721
0.00517464
1.70398
0.0427073
0.00519865
1.70406
0.0380735
0.00516245
1.7041
0.0340763
0.00509248
1.70412
0.0306345
0.00500139
1.70411
0.0276739
0.00490419
1.70408
0.0251294
0.00481037
1.70403
0.0229441
0.0047237
1.70396
0.0210688
0.00464521
1.70389
0.0194605
0.00457477
1.7038
0.0180827
0.00451171
1.70371
0.0169034
0.00445516
1.70361
0.0158958
0.00440418
1.7035
0.0150364
0.00435786
1.70339
0.0143056
0.00431534
1.70327
0.0136863
0.00427585
1.70315
0.0131643
0.00423876
1.70303
0.0127273
0.00420368
1.7029
0.0123654
0.00417044
1.70278
0.01207
0.00413909
1.70265
0.0118337
0.00411
1.70254
0.011649
0.00408409
1.70245
0.0115047
0.0040631
1.70245
0.0113729
0.00404979
0.0111919
0.00404575
1.69917
0.324197
1.39125e-05
1.70117
0.288253
3.23655e-05
1.70378
0.254312
6.45315e-05
1.70674
0.223092
0.000124374
1.70981
0.194898
0.000237076
1.71286
0.169782
0.000448652
1.71583
0.147671
0.000838276
1.71883
0.128436
0.00152119
1.72233
0.111909
0.00258272
1.72721
0.0978088
0.00366374
1.73104
0.0851919
0.00195233
-0.00128671
7.70319e-05
-0.0017079
-0.000508658
1.73114
0.073767
-0.00277332
0.00216958
0.002867
0.000719672
0.000977454
1.73182
0.064215
-0.00450504
1.73257
0.0563529
-0.00455132
1.73339
0.0498409
-0.00440579
1.73414
0.0441607
-0.00419202
1.73481
0.0391727
-0.00394826
1.7354
0.0348439
-0.00368823
1.7359
0.031103
-0.00344578
1.73632
0.02787
-0.00323717
1.73667
0.0250771
-0.00306111
1.73695
0.0226663
-0.00291353
1.73717
0.0205874
-0.0027913
1.73734
0.0187959
-0.00269133
1.73746
0.0172532
-0.00261046
1.73754
0.0159258
-0.00254578
1.73759
0.0147848
-0.00249467
1.73761
0.0138053
-0.00245485
1.7376
0.0129656
-0.00242442
1.73757
0.0122476
-0.00240187
1.73752
0.0116354
-0.0023859
1.73746
0.0111159
-0.0023751
1.73738
0.0106782
-0.00236821
1.73728
0.0103131
-0.0023642
1.73718
0.010013
-0.00236208
1.73707
0.00977276
-0.00236063
1.73694
0.00959009
-0.00235812
1.73677
0.00947021
-0.00235183
1.7365
0.00944153
-0.00233712
0.00957081
-0.00230992
1.70014
0.32213
1.23029e-05
1.70397
0.284428
2.85029e-05
1.70904
0.249264
5.606e-05
1.71478
0.217386
0.000105679
1.72075
0.188992
0.000195173
1.72668
0.163987
0.000353443
1.73245
0.14217
0.000620612
1.73809
0.123296
0.00102787
1.7439
0.10705
0.00151607
1.75
0.0929514
0.00161098
1.75478
0.0802344
9.49226e-06
1.75655
0.0688089
-0.00292536
1.75868
0.0597546
-0.00355128
1.76091
0.0522776
-0.00305475
1.76281
0.0457333
-0.0030231
1.76447
0.0400339
-0.00319602
1.76592
0.0351145
-0.00333923
1.76717
0.0308803
-0.00345992
1.76824
0.0272351
-0.00358202
1.76914
0.0240955
-0.00370199
1.7699
0.0213924
-0.00381123
1.77053
0.0190669
-0.00390601
1.77106
0.0170675
-0.00398619
1.77149
0.0153493
-0.00405279
1.77184
0.0138735
-0.00410704
1.77212
0.0126067
-0.00415034
1.77234
0.0115203
-0.00418411
1.7725
0.0105899
-0.0042096
1.77263
0.00979446
-0.00422792
1.77272
0.00911625
-0.00423997
1.77278
0.00854008
-0.0042465
1.77281
0.00805314
-0.00424822
1.77282
0.00764467
-0.00424582
1.77281
0.00730561
-0.00423984
1.77279
0.00702836
-0.00423061
1.77276
0.00680616
-0.00421816
1.77274
0.00663167
-0.00420221
1.77274
0.0064922
-0.00418238
1.77288
0.00635205
-0.00415907
0.00612571
-0.00413765
1.70132
0.318878
9.86737e-06
1.70735
0.278403
2.26461e-05
1.71525
0.241378
4.35282e-05
1.72409
0.208575
7.92844e-05
1.73318
0.17995
0.000139896
1.74211
0.155141
0.000238928
1.75068
0.133758
0.000389291
1.75882
0.115413
0.000585324
1.76659
0.0996866
0.000758634
1.77393
0.0860844
0.000665149
1.78016
0.0740455
-0.000147637
1.7846
0.0633229
-0.00162784
1.78843
0.0543096
-0.00259285
1.7918
0.0468259
-0.00317051
1.79463
0.0404836
-0.00367126
1.79707
0.0350903
-0.0039906
1.7992
0.0305044
-0.00412254
1.80104
0.0265916
-0.00415804
1.80264
0.023243
-0.00415237
1.80401
0.0203729
-0.00412387
1.80519
0.0179114
-0.0040816
1.80619
0.0157995
-0.00403321
1.80705
0.0139871
-0.00398433
1.80778
0.0124316
-0.00393814
1.8084
0.0110969
-0.00389605
1.80892
0.00995211
-0.00385857
1.80936
0.0089711
-0.00382581
1.80972
0.00813139
-0.00379764
1.81003
0.00741389
-0.00377382
1.81028
0.00680235
-0.00375397
1.81048
0.006283
-0.00373768
1.81065
0.00584423
-0.00372463
1.81079
0.00547633
-0.00371446
1.8109
0.00517127
-0.00370673
1.81099
0.00492272
-0.00370088
1.81105
0.00472629
-0.00369621
1.81109
0.00458101
-0.00369192
1.81109
0.00449409
-0.00368712
1.81095
0.00450072
-0.0036812
0.00468248
-0.00367433
1.70291
0.314034
7.29809e-06
1.71181
0.269512
1.65524e-05
1.72319
0.230006
3.09726e-05
1.73558
0.196198
5.42382e-05
1.74804
0.167522
9.09441e-05
1.76005
0.143183
0.000145684
1.77135
0.122544
0.000218711
1.78182
0.10506
0.000294275
1.79145
0.0902032
0.000318273
1.80018
0.0774567
0.000162152
1.80769
0.0663509
-0.000356162
1.81372
0.0566377
-0.00117759
1.81871
0.0483954
-0.00178589
1.82303
0.0415356
-0.00203258
1.82677
0.0357614
-0.00210497
1.83001
0.0308507
-0.00212137
1.83284
0.0266667
-0.00211998
1.83528
0.0230972
-0.00212304
1.8374
0.0200458
-0.0021388
1.83923
0.0174333
-0.002165
1.8408
0.0151946
-0.00219753
1.84216
0.0132754
-0.00223342
1.84332
0.0116296
-0.00227043
1.84431
0.0102181
-0.00230671
1.84517
0.00900805
-0.00234086
1.8459
0.00797108
-0.00237203
1.84652
0.00708324
-0.00239983
1.84706
0.00632405
-0.00242415
1.84751
0.0056761
-0.00244499
1.84791
0.00512461
-0.00246241
1.84824
0.00465706
-0.00247656
1.84853
0.00426282
-0.00248769
1.84878
0.00393293
-0.00249611
1.849
0.00365985
-0.00250203
1.84919
0.00343717
-0.00250562
1.84936
0.00325891
-0.00250697
1.84954
0.00311758
-0.00250613
1.84975
0.00299837
-0.00250323
1.85011
0.0028571
-0.00249888
0.00259136
-0.00249373
1.70529
0.306806
5.06455e-06
1.71829
0.256518
1.13492e-05
1.7343
0.214007
2.06777e-05
1.7511
0.179409
3.47725e-05
1.76753
0.15111
5.53058e-05
1.78303
0.127704
8.2925e-05
1.79733
0.108286
0.000114315
1.81031
0.0921356
0.000136263
1.82195
0.0786093
0.000116945
1.83226
0.0671527
-1.22524e-06
1.84117
0.0573283
-0.000278472
1.84865
0.0488657
-0.000672654
1.85494
0.041668
-0.00100069
1.86034
0.0356241
-0.00119267
1.86499
0.0305347
-0.00132615
1.86897
0.0262211
-0.0014469
1.87239
0.0225583
-0.00154669
1.87532
0.0194451
-0.0016189
1.87784
0.016794
-0.00166805
1.87999
0.0145319
-0.00169968
1.88184
0.0125991
-0.00171763
1.88343
0.0109462
-0.00172509
1.88478
0.0095319
-0.00172492
1.88594
0.00832133
-0.00171946
1.88694
0.00728514
-0.0017105
1.88779
0.00639851
-0.00169938
1.88851
0.00564039
-0.00168709
1.88914
0.00499294
-0.00167435
1.88967
0.00444102
-0.00166165
1.89013
0.00397179
-0.00164934
1.89052
0.00357439
-0.00163767
1.89086
0.00323965
-0.00162683
1.89115
0.0029599
-0.0016169
1.89141
0.00272883
-0.00160788
1.89163
0.00254148
-0.00159969
1.89183
0.00239457
-0.00159219
1.892
0.00228806
-0.00158521
1.8921
0.00223067
-0.0015785
1.89204
0.00226185
-0.00157203
0.00247473
-0.00156537
1.7091
0.295768
3.32536e-06
1.72811
0.237519
7.33804e-06
1.74994
0.192174
1.29781e-05
1.77161
0.157745
2.08624e-05
1.79206
0.130675
3.13688e-05
1.81088
0.108896
4.38864e-05
1.82789
0.0912961
5.50792e-05
1.84305
0.0769927
5.62433e-05
1.85645
0.0652253
3.04382e-05
1.86818
0.0554061
-4.75347e-05
1.87833
0.0471101
-0.00019844
1.88698
0.040056
-0.000403244
1.89433
0.0340807
-0.000592394
1.90061
0.0290561
-0.000720284
1.906
0.0248324
-0.000798538
1.91063
0.0212659
-0.000846571
1.91461
0.0182448
-0.000871441
1.91803
0.0156806
-0.000880023
1.92098
0.0134997
-0.000881065
1.92352
0.0116409
-0.00088048
1.92572
0.010054
-0.000880768
1.92761
0.00869778
-0.000882785
1.92924
0.00753779
-0.000886765
1.93065
0.00654516
-0.000892573
1.93186
0.00569564
-0.000899841
1.93291
0.00496875
-0.000908123
1.93382
0.00434721
-0.000917006
1.93461
0.00381635
-0.000926148
1.93529
0.00336376
-0.000935279
1.93589
0.0029789
-0.000944191
1.93641
0.0026529
-0.000952732
1.93686
0.00237823
-0.000960793
1.93726
0.00214857
-0.00096829
1.93762
0.00195858
-0.000975156
1.93794
0.00180362
-0.000981333
1.93824
0.00167911
-0.000986758
1.93853
0.00157875
-0.000991346
1.93885
0.0014888
-0.000994967
1.93933
0.00136643
-0.000997481
0.00111251
-0.000997867
1.71667
0.277159
2.19191e-06
1.74614
0.208053
4.90883e-06
1.77689
0.161431
8.58909e-06
1.80534
0.129292
1.31312e-05
1.83095
0.105071
1.83739e-05
1.85364
0.086211
2.35406e-05
1.87348
0.0714691
2.61819e-05
1.89068
0.0597974
2.11439e-05
1.90554
0.0503646
-1.0661e-07
1.91833
0.0425989
-4.83275e-05
1.92928
0.0361168
-0.000130139
1.93859
0.03066
-0.000235714
1.94649
0.0260596
-0.000336469
1.95321
0.0221912
-0.000410221
1.95893
0.0189389
-0.000458834
1.96383
0.0161954
-0.000493586
1.96801
0.0138735
-0.000520703
1.97158
0.0119043
-0.000542315
1.97465
0.0102311
-0.000559765
1.97727
0.00880683
-0.000573846
1.97952
0.00759242
-0.000584761
1.98144
0.0065557
-0.000592591
1.98309
0.00566993
-0.000597554
1.9845
0.00491272
-0.000599972
1.98571
0.00426529
-0.000600195
1.98675
0.00371182
-0.000598575
1.98764
0.00323896
-0.00059546
1.98841
0.00283544
-0.00059117
1.98907
0.0024917
-0.000585992
1.98964
0.00219966
-0.00058017
1.99013
0.00195249
-0.000573909
1.99056
0.00174446
-0.00056738
1.99094
0.00157075
-0.000560717
1.99127
0.00142739
-0.000554016
1.99156
0.00131129
-0.000547338
1.99183
0.00122053
-0.000540709
1.99206
0.00115566
-0.000534132
1.99223
0.00112423
-0.000527613
1.99226
0.00115884
-0.000521359
0.00133688
-0.000515618
1.72977
0.245455
1.09191e-06
1.77242
0.1654
2.08483e-06
1.81218
0.121677
3.59811e-06
1.84741
0.0940595
5.53705e-06
1.87841
0.0740742
7.67881e-06
1.9053
0.0593282
9.32302e-06
1.92836
0.0484101
8.77603e-06
1.94807
0.0400915
3.10342e-06
1.96491
0.0335297
-1.18764e-05
1.97927
0.02822
-4.07004e-05
1.99151
0.0238478
-8.54852e-05
2.00192
0.020204
-0.000141614
2.01076
0.017149
-0.000197341
2.01829
0.0145848
-0.000242252
2.0247
0.0124305
-0.00027466
2.03018
0.0106155
-0.000297994
2.03486
0.00908127
-0.000314757
2.03887
0.00778118
-0.000326027
2.04231
0.00667729
-0.000332995
2.04526
0.00573812
-0.00033709
2.0478
0.00493767
-0.000339504
2.04998
0.0042545
-0.000341075
2.05186
0.00367086
-0.000342385
2.05348
0.00317191
-0.000343815
2.05488
0.00274525
-0.000345583
2.05608
0.00238045
-0.000347782
2.05713
0.00206869
-0.000350424
2.05803
0.00180257
-0.000353474
2.05882
0.00157579
-0.000356873
2.0595
0.00138305
-0.000360549
2.0601
0.00121985
-0.000364432
2.06063
0.00108243
-0.000368452
2.06109
0.000967573
-0.000372541
2.06151
0.000872585
-0.000376636
2.06188
0.00079508
-0.00038067
2.06223
0.000732623
-0.000384574
2.06256
0.000681608
-0.000388268
2.0629
0.000633684
-0.000391632
2.06335
0.000561834
-0.000394453
0.000402268
-0.000395865
1.77805
0.165471
2.64052e-06
1.84268
0.100763
5.00878e-06
1.89263
0.0717313
6.22576e-06
1.93298
0.0537125
6.71175e-06
1.96628
0.0407706
7.04413e-06
1.99392
0.0316893
6.84084e-06
2.017
0.0253276
4.89393e-06
2.03642
0.0206735
-5.1591e-07
2.05284
0.0171058
-1.14923e-05
2.06677
0.014284
-2.99678e-05
2.07859
0.0120036
-5.64158e-05
2.08864
0.0101304
-8.82887e-05
2.09717
0.00857559
-0.000120111
2.10443
0.00727859
-0.000146658
2.11061
0.00619346
-0.0001662
2.11588
0.00528223
-0.000179959
2.12039
0.00451398
-0.000189628
2.12424
0.00386423
-0.000196366
2.12754
0.00331334
-0.000201053
2.13036
0.00284525
-0.000204404
2.13279
0.00244674
-0.000206867
2.13486
0.00210696
-0.000208641
2.13665
0.00181694
-0.000209797
2.13818
0.00156922
-0.000210363
2.1395
0.00135755
-0.000210358
2.14063
0.0011767
-0.000209803
2.14161
0.00102227
-0.000208728
2.14246
0.000890518
-0.000207182
2.14318
0.000778323
-0.000205219
2.14382
0.000683027
-0.000202902
2.14437
0.000602391
-0.000200295
2.14485
0.000534529
-0.000197459
2.14528
0.000477859
-0.000194447
2.14566
0.00043108
-0.000191304
2.146
0.000393174
-0.00018806
2.1463
0.000363534
-0.000184737
2.14658
0.000342459
-0.000181351
2.14683
0.000332917
-0.000177943
2.14698
0.000347681
-0.000174707
0.000419062
-0.000172015
1.86354
-2.09949e-06
1.9643
-5.3449e-07
2.03603
1.20085e-06
2.08975
1.8074e-06
2.13052
2.19141e-06
2.16221
2.133e-06
2.18754
6.23871e-07
2.20821
-3.49427e-06
2.22531
-1.14497e-05
2.23959
-2.42767e-05
2.25158
-4.21136e-05
2.26169
-6.34689e-05
2.27024
-8.53215e-05
2.27748
-0.000104601
2.28364
-0.000119869
2.28888
-0.000131418
2.29334
-0.00014011
2.29716
-0.000146605
2.30042
-0.000151377
2.30322
-0.00015485
2.30561
-0.000157395
2.30767
-0.000159289
2.30943
-0.000160738
2.31095
-0.000161894
2.31225
-0.000162871
2.31338
-0.000163746
2.31434
-0.000164569
2.31518
-0.00016537
2.3159
-0.000166167
2.31653
-0.000166966
2.31707
-0.000167772
2.31755
-0.00016858
2.31797
-0.000169387
2.31835
-0.000170185
2.31868
-0.000170961
2.31899
-0.000171698
2.31927
-0.000172373
2.31954
-0.000172965
2.31983
-0.000173475
-0.000173784
1.52063
0.177425
9.19925e-06
1.40662
0.11402
5.05305e-06
1.32161
0.0850027
4.40066e-06
1.25574
0.0658757
7.26569e-06
1.20428
0.0514649
9.86188e-06
1.16332
0.0409692
1.25137e-05
1.12999
0.0333471
1.63317e-05
1.10242
0.0275857
2.15009e-05
1.07938
0.0230543
2.77067e-05
1.06001
0.0194048
3.4511e-05
1.04362
0.0164227
4.13856e-05
1.0297
0.0139577
4.77951e-05
1.01785
0.0119001
5.339e-05
1.00773
0.0101693
5.80703e-05
0.999076
0.00870505
6.18388e-05
0.991669
0.0074615
6.47019e-05
0.985324
0.00640269
6.67342e-05
0.979882
0.0054993
6.81116e-05
0.975214
0.00472715
6.90337e-05
0.971208
0.00406626
6.96524e-05
0.967768
0.00350007
7.0069e-05
0.964813
0.00301473
7.03573e-05
0.962275
0.00259853
7.05759e-05
0.960094
0.00224159
7.07687e-05
0.958219
0.00193551
7.09658e-05
0.956607
0.00167314
7.1186e-05
0.95522
0.00144842
7.14388e-05
0.954025
0.00125617
7.17268e-05
0.952995
0.00109198
7.20475e-05
0.952104
0.000952097
7.2396e-05
0.951333
0.000833323
7.27687e-05
0.950663
0.000732961
7.31647e-05
0.950077
0.000648744
7.35875e-05
0.949561
0.000578801
7.4044e-05
0.949103
0.000521662
7.45422e-05
0.948691
0.000476356
7.50881e-05
0.948313
0.000442817
7.56813e-05
0.947955
0.000423337
7.63065e-05
0.947592
0.000428
7.68807e-05
0.000489558
7.72873e-05
1.61655
0.258947
-4.95317e-06
1.54735
0.183225
-5.81343e-06
1.49193
0.140425
-3.98047e-06
1.44586
0.111947
-3.0964e-07
1.40697
0.0903661
3.5764e-06
1.37408
0.0738678
7.86431e-06
1.3462
0.0612401
1.31946e-05
1.32249
0.0513216
1.97377e-05
1.30226
0.0433089
2.72586e-05
1.28497
0.0367218
3.52591e-05
1.27018
0.0312518
4.30474e-05
1.25751
0.0266749
4.99555e-05
1.24664
0.0228196
5.56634e-05
1.23731
0.0195535
6.01977e-05
1.22929
0.0167751
6.35965e-05
1.22241
0.0144057
6.58395e-05
1.21649
0.012382
6.70523e-05
1.21139
0.0106511
6.75224e-05
1.20701
0.00916871
6.75309e-05
1.20324
0.00789788
6.72588e-05
1.19999
0.00680778
6.68075e-05
1.19719
0.00587238
6.62372e-05
1.19477
0.0050696
6.55836e-05
1.19269
0.00438065
6.48647e-05
1.19089
0.00378955
6.40882e-05
1.18933
0.00328268
6.32579e-05
1.18799
0.00284844
6.23771e-05
1.18682
0.0024769
6.14501e-05
1.1858
0.00215962
6.04824e-05
1.18491
0.00188938
5.94814e-05
1.18414
0.00166006
5.84567e-05
1.18345
0.00146647
5.74215e-05
1.18284
0.00130424
5.63923e-05
1.1823
0.00116973
5.53894e-05
1.1818
0.0010599
5.44348e-05
1.18135
0.000972166
5.35508e-05
1.18094
0.000903758
5.27616e-05
1.18055
0.000849756
5.2104e-05
1.18023
0.000794548
5.16398e-05
0.000698272
5.18231e-05
1.66771
0.289303
1.90186e-06
1.62536
0.225577
4.25101e-06
1.58492
0.180861
6.38682e-06
1.54832
0.148558
9.45244e-06
1.51552
0.12317
1.36316e-05
1.48667
0.102736
1.92368e-05
1.46165
0.0862829
2.68266e-05
1.44009
0.0729042
3.66919e-05
1.42158
0.0618643
4.85742e-05
1.40569
0.0526584
6.15735e-05
1.39207
0.0449366
7.42915e-05
1.38039
0.0384323
8.54568e-05
1.37036
0.0329288
9.47606e-05
1.36175
0.0282508
0.000102554
1.35436
0.0242618
0.000108826
1.34801
0.0208552
0.000113335
1.34255
0.0179431
0.000116242
1.33785
0.0154508
0.000118037
1.33381
0.0133152
0.000119143
1.33033
0.0114839
0.000119815
1.32733
0.00991284
0.00012024
1.32474
0.00856475
0.000120579
1.32251
0.00740791
0.00012096
1.32058
0.00641531
0.000121469
1.31892
0.00556394
0.000122151
1.31747
0.00483417
0.000123024
1.31622
0.00420924
0.00012408
1.31513
0.00367481
0.000125302
1.31419
0.00321867
0.00012666
1.31336
0.00283041
0.000128123
1.31263
0.00250117
0.000129662
1.31199
0.00222344
0.000131252
1.31142
0.00199093
0.000132879
1.31091
0.00179841
0.000134535
1.31044
0.00164171
0.000136223
1.31002
0.00151786
0.000137948
1.30962
0.00142586
0.000139719
1.30922
0.00136945
0.000141543
1.30877
0.00136836
0.000143363
0.0014723
0.000145301
1.68228
0.305089
1.89922e-06
1.65536
0.252499
3.62394e-06
1.62647
0.209756
5.68648e-06
1.59911
0.175925
9.61556e-06
1.57403
0.148268
1.60704e-05
1.55151
0.125278
2.56468e-05
1.53166
0.106169
3.91457e-05
1.51437
0.0902529
5.70443e-05
1.49939
0.0769134
7.88452e-05
1.48646
0.0656739
0.000102615
1.47533
0.0561791
0.000125209
1.46575
0.0481433
0.000143977
1.45751
0.041318
0.000159025
1.45042
0.0354956
0.000171538
1.44432
0.0305172
0.00018113
1.43909
0.0262591
0.000187226
1.43458
0.0226156
0.000190595
1.43071
0.0194947
0.000192482
1.42738
0.0168185
0.000193596
1.42451
0.014522
0.000194138
1.42205
0.0125509
0.000194153
1.41992
0.0108586
0.00019368
1.41809
0.00940579
0.000192761
1.41652
0.00815866
0.000191437
1.41516
0.00708853
0.000189761
1.41398
0.00617088
0.000187791
1.41297
0.00538475
0.00018559
1.41209
0.00471224
0.00018322
1.41133
0.00413806
0.000180737
1.41066
0.00364917
0.000178192
1.41008
0.00323448
0.000175633
1.40956
0.00288457
0.000173106
1.40911
0.00259151
0.000170652
1.4087
0.00234862
0.000168314
1.40833
0.0021503
0.000166134
1.408
0.00199161
0.000164155
1.4077
0.00186723
0.000162426
1.40744
0.00176825
0.00016102
1.40727
0.00166954
0.000160062
0.00151203
0.000160186
1.68882
0.31434
2.42979e-06
1.67236
0.26896
5.37639e-06
1.65307
0.22905
9.57002e-06
1.63368
0.195334
1.64337e-05
1.61519
0.16678
2.72563e-05
1.59806
0.142446
4.35623e-05
1.58255
0.121732
6.70785e-05
1.56876
0.104126
9.8937e-05
1.55665
0.0891498
0.000138342
1.54608
0.0764016
0.000181254
1.5369
0.0655622
0.000220673
1.52892
0.0563504
0.000251584
1.522
0.0484918
0.000277129
1.51602
0.0417537
0.000300523
1.51086
0.0359703
0.000318767
1.50641
0.031013
0.00032945
1.50257
0.0267644
0.000334288
1.49925
0.0231197
0.000336006
1.49639
0.0199906
0.000336277
1.49392
0.0173038
0.000336006
1.49178
0.0149967
0.000335833
1.48993
0.0130158
0.000336186
1.48833
0.0113152
0.000337256
1.48695
0.00985562
0.000339059
1.48575
0.00860354
0.000341515
1.4847
0.00753024
0.000344501
1.4838
0.00661115
0.000347881
1.48301
0.00582525
0.000351517
1.48232
0.0051546
0.00035529
1.48171
0.00458387
0.000359103
1.48118
0.00410005
0.000362885
1.4807
0.00369208
0.000366592
1.48028
0.00335066
0.000370202
1.4799
0.00306803
0.000373712
1.47956
0.00283793
0.000377134
1.47924
0.00265571
0.000380493
1.47894
0.00251924
0.000383818
1.47863
0.00243219
0.000387141
1.47823
0.00241733
0.000390379
0.00253123
0.000393559
1.69262
0.319789
3.46891e-06
1.6824
0.279181
7.71965e-06
1.66954
0.241931
1.40577e-05
1.65584
0.209054
2.4454e-05
1.6423
0.180348
4.13779e-05
1.62947
0.155342
6.80336e-05
1.61765
0.133644
0.000108076
1.60703
0.114897
0.000164183
1.59764
0.0987491
0.000235069
1.58944
0.0848915
0.00031174
1.58228
0.0730651
0.000376889
1.57603
0.0630003
0.000420359
1.57057
0.0543761
0.000456796
1.56586
0.0469364
0.000494507
1.56179
0.0405291
0.000524703
1.55829
0.03503
0.000543702
1.55526
0.0303111
0.000556032
1.55265
0.0262558
0.000565141
1.5504
0.0227681
0.000571374
1.54846
0.0197689
0.00057442
1.54679
0.0171904
0.000574515
1.54535
0.0149739
0.000572233
1.54411
0.013069
0.000568164
1.54304
0.0114327
0.000562822
1.54211
0.0100277
0.000556645
1.54131
0.00882257
0.000550003
1.54061
0.0077899
0.000543183
1.54001
0.00690638
0.0005364
1.53948
0.00615202
0.000529804
1.53902
0.00550975
0.000523499
1.53862
0.00496498
0.000517552
1.53826
0.00450537
0.000512008
1.53794
0.00412044
0.000506906
1.53765
0.0038014
0.000502287
1.53739
0.00354081
0.000498201
1.53715
0.00333217
0.000494698
1.53694
0.00316881
0.000491835
1.53677
0.00304061
0.000489688
1.5367
0.00292131
0.000488359
0.00275129
0.000488566
1.69483
0.323023
4.66059e-06
1.68855
0.285476
1.0435e-05
1.68027
0.250229
1.95083e-05
1.67111
0.218237
3.48791e-05
1.66185
0.189666
6.07851e-05
1.65292
0.164361
0.000103202
1.64461
0.142102
0.000169486
1.6371
0.122645
0.000265884
1.63048
0.105737
0.000391043
1.62471
0.0911548
0.000526121
1.61967
0.0787263
0.00062877
1.61516
0.0681854
0.00068392
1.61119
0.0590972
0.000743375
1.60777
0.0511806
0.000810907
1.60483
0.0443302
0.000851634
1.60229
0.0384412
0.000862179
1.60008
0.0333825
0.000859457
1.59817
0.0290319
0.000855212
1.59651
0.02529
0.000853256
1.59507
0.0220735
0.000854304
1.59382
0.0193099
0.00085834
1.59273
0.0169359
0.000864985
1.59179
0.0148972
0.0008736
1.59097
0.0131472
0.000883493
1.59026
0.0116459
0.000894066
1.58963
0.0103591
0.000904844
1.58909
0.00925735
0.000915468
1.58861
0.00831548
0.000925683
1.58819
0.00751196
0.000935335
1.58782
0.00682845
0.000944351
1.58749
0.00624929
0.000952715
1.58719
0.00576121
0.000960449
1.58693
0.00535298
0.000967592
1.58668
0.00501526
0.000974213
1.58646
0.00474039
0.000980414
1.58625
0.00452257
0.000986337
1.58605
0.00435864
0.000992149
1.58583
0.00425119
0.000998004
1.58553
0.00422101
0.00100382
0.00432069
0.00100939
1.69628
0.324808
5.91203e-06
1.69273
0.289042
1.33877e-05
1.6879
0.255083
2.56342e-05
1.6824
0.223774
4.70772e-05
1.67672
0.195424
8.45501e-05
1.67116
0.170049
0.000148504
1.66595
0.147539
0.000253036
1.66126
0.127722
0.000411979
1.65719
0.110406
0.000625056
1.65376
0.0954317
0.000850635
1.6507
0.0827558
0.000968245
1.64775
0.0721225
0.000968513
1.64509
0.0628815
0.00105043
1.64283
0.0547479
0.0011993
1.64088
0.0476834
0.00131232
1.6392
0.0415938
0.00138267
1.63774
0.0363402
0.00142873
1.63647
0.031801
0.00145598
1.63538
0.0278823
0.00146618
1.63443
0.0245045
0.00146325
1.6336
0.0215961
0.00145183
1.63288
0.0190931
0.00143551
1.63226
0.0169404
0.00141668
1.63171
0.0150904
0.00139695
1.63122
0.0135018
0.0013774
1.6308
0.0121391
0.00135873
1.63042
0.0109716
0.00134133
1.63009
0.00997293
0.00132538
1.62979
0.00912045
0.00131088
1.62952
0.00839479
0.00129778
1.62928
0.00777945
0.00128599
1.62906
0.00726043
0.00127544
1.62886
0.00682587
0.00126608
1.62867
0.00646577
0.00125785
1.6285
0.00617168
0.00125076
1.62834
0.00593622
0.00124482
1.6282
0.00575207
0.00124015
1.62809
0.00560889
0.00123691
1.62807
0.00548179
0.00123528
0.00531616
0.00123611
1.69737
0.325511
6.99836e-06
1.6959
0.290527
1.60356e-05
1.69381
0.257192
3.13434e-05
1.69138
0.22626
5.90004e-05
1.68882
0.198083
0.00010912
1.68629
0.172751
0.000198438
1.68395
0.150209
0.00035194
1.68193
0.130321
0.000598771
1.68038
0.112915
0.000947252
1.6794
0.097868
0.0013236
1.67846
0.0852645
0.00139501
1.67701
0.0748404
0.00113505
1.67572
0.0655646
0.00114152
1.67474
0.0572597
0.00128556
1.6739
0.0500302
0.00130521
1.67313
0.043834
0.00126256
1.67244
0.0385167
0.00124091
1.67183
0.0339375
0.00124929
1.67129
0.0299933
0.00127302
1.67082
0.0266001
0.00130314
1.6704
0.0236828
0.00133643
1.67004
0.0211754
0.00137098
1.66971
0.0190212
0.00140507
1.66942
0.0171715
0.00143747
1.66916
0.0155844
0.00146755
1.66893
0.0142241
0.00149505
1.66872
0.0130597
0.00151998
1.66853
0.0120647
0.0015425
1.66835
0.0112165
0.00156285
1.66819
0.0104956
0.00158126
1.66804
0.0098856
0.00159798
1.66789
0.00937246
0.00161326
1.66775
0.00894431
0.00162732
1.66762
0.00859125
0.00164044
1.6675
0.00830514
0.00165288
1.66737
0.00807969
0.001665
1.66724
0.00791123
0.00167724
1.66709
0.0078016
0.00169004
1.66686
0.00777009
0.00170333
0.00786757
0.00171561
1.69829
0.325297
7.61167e-06
1.69859
0.290241
1.76114e-05
1.6989
0.256906
3.49382e-05
1.69922
0.226006
6.69747e-05
1.69952
0.197888
0.000126778
1.69984
0.172656
0.000237678
1.70019
0.15027
0.000438918
1.70069
0.13062
0.000787713
1.70154
0.11357
0.00133606
1.70302
0.0989951
0.00200552
1.70418
0.0867501
0.00203123
1.70381
0.0764417
0.00123019
1.70351
0.0675029
0.00124834
1.70354
0.0596045
0.0018208
1.70368
0.0526491
0.00219008
1.70381
0.0465623
0.00231898
1.70391
0.0412686
0.00234799
1.70399
0.0366814
0.00234307
1.70404
0.0327168
0.00231746
1.70406
0.0292972
0.00227766
1.70407
0.0263514
0.00223177
1.70405
0.0238163
0.00218541
1.70402
0.0216364
0.00214123
1.70397
0.0197635
0.00210032
1.70391
0.0181555
0.00206305
1.70384
0.0167761
0.00202941
1.70376
0.0155941
0.00199916
1.70368
0.0145827
0.00197196
1.70359
0.0137187
0.00194743
1.70349
0.0129827
0.00192515
1.70339
0.0123578
0.00190475
1.70328
0.0118299
0.00188592
1.70318
0.011387
0.00186843
1.70307
0.011019
0.00185217
1.70296
0.0107177
0.00183711
1.70285
0.0104755
0.0018234
1.70275
0.0102852
0.00181145
1.70267
0.0101358
0.00180198
1.7027
0.00999962
0.00179595
0.00981601
0.00179345
1.69917
0.324197
7.48949e-06
1.70117
0.288252
1.73873e-05
1.7038
0.254309
3.45644e-05
1.70678
0.223085
6.62439e-05
1.7099
0.194884
0.000125126
1.71302
0.169751
0.000233405
1.7161
0.147601
0.000426299
1.71921
0.12828
0.000746529
1.72259
0.111581
0.00119791
1.72647
0.0972087
0.00156536
1.72968
0.0846096
0.000884632
1.73082
0.0734609
-0.00093222
1.73168
0.0639862
-0.00185208
1.73267
0.0560151
-0.00195066
1.73359
0.0492652
-0.00193946
1.73439
0.043463
-0.00189576
1.73509
0.0384428
-0.00181754
1.73569
0.0341105
-0.00172061
1.73621
0.0303787
-0.00162484
1.73664
0.0271637
-0.00153947
1.737
0.0243935
-0.00146519
1.7373
0.0220074
-0.00140111
1.73754
0.0199532
-0.00134668
1.73773
0.0181858
-0.00130122
1.73787
0.0166659
-0.00126381
1.73797
0.0153599
-0.00123348
1.73804
0.0142388
-0.00120926
1.73808
0.0132776
-0.00119026
1.7381
0.0124551
-0.00117571
1.73809
0.0117529
-0.00116492
1.73807
0.0111554
-0.00115731
1.73802
0.0106496
-0.00115226
1.73797
0.0102244
-0.00114917
1.7379
0.00987065
-0.00114751
1.73782
0.00958103
-0.00114677
1.73773
0.00935017
-0.00114633
1.73763
0.00917585
-0.00114537
1.73749
0.00906284
-0.00114278
1.73725
0.00903838
-0.00113755
0.00916673
-0.00113205
1.70014
0.322129
6.62541e-06
1.70398
0.284426
1.53073e-05
1.70905
0.249259
3.00433e-05
1.71481
0.217377
5.63536e-05
1.72082
0.188973
0.00010323
1.72679
0.163946
0.000184599
1.7326
0.142089
0.000317905
1.73826
0.12314
0.000511333
1.74386
0.106781
0.000720038
1.74935
0.0926008
0.000725511
1.75385
0.0800872
3.01283e-05
1.75654
0.0690658
-0.00121679
1.75876
0.0598808
-0.001671
1.76096
0.0522604
-0.00149428
1.76289
0.0457172
-0.00141339
1.76457
0.0400402
-0.00144846
1.76602
0.035135
-0.00148667
1.76728
0.0309113
-0.00151911
1.76836
0.0272763
-0.00155781
1.76928
0.0241474
-0.00160143
1.77005
0.0214547
-0.00164466
1.7707
0.0191392
-0.00168454
1.77123
0.0171494
-0.00172008
1.77168
0.0154406
-0.00175102
1.77204
0.0139742
-0.00177736
1.77233
0.0127169
-0.00179935
1.77256
0.01164
-0.00181735
1.77274
0.010719
-0.00183175
1.77288
0.00993309
-0.00184292
1.77298
0.00926425
-0.00185123
1.77305
0.00869732
-0.00185696
1.77309
0.00821946
-0.0018604
1.77311
0.00781982
-0.00186184
1.77312
0.00748932
-0.00186152
1.7731
0.00722027
-0.00185955
1.77309
0.00700587
-0.00185593
1.77307
0.00683864
-0.00185055
1.77309
0.00670576
-0.00184327
1.77323
0.00657138
-0.00183459
0.0063507
-0.00182808
1.70132
0.318877
5.31781e-06
1.70736
0.278401
1.21585e-05
1.71526
0.241373
2.33637e-05
1.72411
0.208566
4.24006e-05
1.73322
0.179932
7.43341e-05
1.74217
0.155107
0.000125726
1.75075
0.133694
0.000201853
1.75888
0.115303
0.000296858
1.76653
0.0995182
0.000370848
1.7736
0.0858895
0.000305794
1.77966
0.0739708
-9.05556e-05
1.78434
0.0635261
-0.000770422
1.78822
0.0546415
-0.00123936
1.79163
0.0471808
-0.00149551
1.79455
0.0408456
-0.00172072
1.79705
0.0354357
-0.00188654
1.79921
0.0308202
-0.00196556
1.80107
0.0268808
-0.00199136
1.80268
0.023512
-0.00199291
1.80405
0.0206269
-0.00198092
1.80523
0.0181544
-0.00196026
1.80624
0.0160347
-0.0019351
1.8071
0.0142173
-0.00190864
1.80782
0.0126589
-0.00188285
1.80844
0.0113229
-0.00185874
1.80895
0.0101782
-0.00183679
1.80939
0.00919801
-0.0018172
1.80975
0.00835986
-0.00180001
1.81005
0.00764444
-0.00178514
1.8103
0.00703537
-0.00177244
1.8105
0.00651877
-0.00176174
1.81066
0.00608294
-0.00175285
1.8108
0.00571809
-0.00174561
1.8109
0.00541616
-0.00173979
1.81099
0.0051707
-0.00173509
1.81105
0.00497727
-0.00173117
1.81109
0.00483474
-0.00172762
1.81108
0.00475018
-0.00172407
1.81093
0.00475858
-0.0017205
0.00494167
-0.00171826
1.70291
0.314033
3.93376e-06
1.71181
0.26951
8.86857e-06
1.7232
0.230002
1.66444e-05
1.7356
0.196191
2.90785e-05
1.74806
0.167508
4.85055e-05
1.76008
0.143159
7.71355e-05
1.77137
0.122503
0.000114572
1.78182
0.104997
0.000151711
1.79138
0.0901194
0.000159701
1.79998
0.0773807
7.59717e-05
1.80741
0.0663591
-0.000179151
1.81353
0.0567995
-0.000573386
1.81862
0.0486508
-0.000880369
1.82298
0.0418059
-0.00101684
1.82674
0.0360351
-0.00106098
1.83
0.031131
-0.00107147
1.83282
0.0269509
-0.00106879
1.83526
0.0233831
-0.00106595
1.83737
0.0203325
-0.00106919
1.83919
0.0177201
-0.00107828
1.84075
0.0154808
-0.00109128
1.8421
0.0135605
-0.00110667
1.84326
0.0119133
-0.00112325
1.84425
0.0105004
-0.00114
1.8451
0.00928879
-0.0011561
1.84583
0.00825044
-0.00117101
1.84645
0.00736136
-0.00118443
1.84698
0.00660113
-0.00119622
1.84743
0.00595236
-0.00120634
1.84782
0.00540025
-0.0012148
1.84815
0.00493226
-0.00122164
1.84844
0.00453776
-0.00122698
1.84868
0.00420779
-0.00123093
1.84889
0.0039348
-0.0012336
1.84908
0.00371235
-0.00123506
1.84925
0.0035344
-0.00123535
1.84942
0.00339342
-0.0012345
1.84963
0.00327457
-0.00123256
1.84998
0.00313369
-0.00122984
0.00286849
-0.00122653
1.70529
0.306805
2.72781e-06
1.71829
0.256517
6.06311e-06
1.7343
0.214004
1.11811e-05
1.7511
0.179404
1.88018e-05
1.76754
0.151101
2.97623e-05
1.78304
0.127689
4.43487e-05
1.79734
0.108262
6.06256e-05
1.8103
0.0921026
7.13745e-05
1.8219
0.0785717
5.98572e-05
1.83216
0.067128
-2.61611e-06
1.84103
0.0573519
-0.000143808
1.84853
0.0489674
-0.000342494
1.85486
0.0418315
-0.000511567
1.86027
0.0358148
-0.000612239
1.86492
0.030739
-0.000679293
1.86891
0.0264345
-0.000739395
1.87233
0.0227743
-0.000790781
1.87527
0.0196592
-0.000829337
1.87778
0.0170044
-0.000856423
1.87994
0.0147382
-0.000874461
1.88179
0.0128013
-0.000885219
1.88337
0.0111446
-0.000890236
1.88472
0.00972678
-0.000890959
1.88588
0.00851313
-0.000888619
1.88686
0.00747426
-0.000884187
1.88771
0.00658528
-0.00087841
1.88843
0.00582512
-0.000871857
1.88904
0.0051759
-0.000864948
1.88957
0.00462244
-0.000857979
1.89002
0.00415187
-0.000851158
1.89041
0.0037533
-0.00084464
1.89074
0.00341756
-0.000838534
1.89103
0.00313695
-0.000832903
1.89128
0.00290515
-0.000827752
1.89149
0.00271717
-0.000823046
1.89169
0.0025697
-0.000818714
1.89185
0.0024627
-0.000814658
1.89195
0.00240486
-0.000810762
1.89188
0.00243572
-0.000806992
0.00264862
-0.000803072
1.7091
0.295767
1.74486e-06
1.72811
0.237518
3.79113e-06
1.74994
0.192172
6.87344e-06
1.77162
0.157742
1.10262e-05
1.79206
0.13067
1.64992e-05
1.81089
0.108887
2.30335e-05
1.82789
0.0912835
2.87961e-05
1.84304
0.076977
2.90813e-05
1.85642
0.0652103
1.49705e-05
1.86812
0.0554016
-2.63015e-05
1.87825
0.0471325
-0.000104559
1.88691
0.0401186
-0.00020986
1.89427
0.034179
-0.000307856
1.90057
0.029174
-0.000375198
1.90597
0.0249597
-0.000416828
1.9106
0.0213992
-0.000442829
1.91458
0.0183816
-0.000456823
1.918
0.0158194
-0.000461951
1.92094
0.0136396
-0.000462662
1.92348
0.0117815
-0.000462228
1.92567
0.0101949
-0.000462128
1.92756
0.00883857
-0.000462904
1.92918
0.00767814
-0.000464729
1.93059
0.00668481
-0.000467563
1.9318
0.00583439
-0.000471222
1.93284
0.00510646
-0.000475471
1.93375
0.00448377
-0.000480084
1.93453
0.0039517
-0.000484868
1.93521
0.00349787
-0.000489667
1.9358
0.00311178
-0.000494362
1.93632
0.00278457
-0.000498865
1.93677
0.00250873
-0.000503115
1.93716
0.00227796
-0.000507063
1.93752
0.00208692
-0.000510674
1.93784
0.00193097
-0.00051391
1.93813
0.00180553
-0.000516732
1.93842
0.00170427
-0.000519086
1.93873
0.00161344
-0.000520892
1.9392
0.0014901
-0.000521992
0.00123486
-0.000521498
1.71667
0.277159
1.20393e-06
1.74614
0.208052
2.90442e-06
1.77689
0.16143
5.41692e-06
1.80534
0.12929
8.02979e-06
1.83095
0.105067
1.08116e-05
1.85364
0.0862061
1.3528e-05
1.87348
0.0714627
1.48611e-05
1.89067
0.0597904
1.2029e-05
1.90552
0.0503593
5.30418e-07
1.9183
0.0426005
-2.51826e-05
1.92924
0.0361326
-6.83131e-05
1.93855
0.0306959
-0.00012369
1.94645
0.0261145
-0.0001768
1.95318
0.0222586
-0.000216117
1.95891
0.0190133
-0.000242147
1.9638
0.0162744
-0.000260634
1.96798
0.0139556
-0.000275019
1.97155
0.011988
-0.000286549
1.97461
0.0103154
-0.000295981
1.97723
0.00889101
-0.000303744
1.97948
0.00767613
-0.00030992
1.9814
0.00663871
-0.00031451
1.98305
0.00575211
-0.000317591
1.98446
0.00499404
-0.000319304
1.98566
0.00434575
-0.000319818
1.9867
0.00379145
-0.000319311
1.98759
0.0033178
-0.000317962
1.98835
0.00291353
-0.000315943
1.98901
0.00256908
-0.000313408
1.98957
0.00227637
-0.000310491
1.99006
0.00202859
-0.000307309
1.99049
0.00181998
-0.000303958
1.99086
0.00164572
-0.000300516
1.99119
0.00150186
-0.00029704
1.99148
0.00138529
-0.000293565
1.99174
0.00129408
-0.000290101
1.99197
0.00122879
-0.000286644
1.99214
0.00119696
-0.000283188
1.99216
0.0012313
-0.000279808
0.0014094
-0.000276467
1.72977
0.245455
-1.74484e-07
1.77242
0.1654
-3.52973e-07
1.81218
0.121677
4.21126e-07
1.84741
0.0940584
1.35012e-06
1.87842
0.0740724
2.47661e-06
1.9053
0.0593258
3.47299e-06
1.92836
0.0484072
3.31303e-06
1.94807
0.0400886
3.67401e-07
1.96489
0.0335282
-7.57293e-06
1.97925
0.0282225
-2.28585e-05
1.99149
0.0238575
-4.65286e-05
2.0019
0.0202233
-7.61281e-05
2.01074
0.0171779
-0.000105566
2.01827
0.0146206
-0.0001294
2.02468
0.0124705
-0.000146647
2.03016
0.0106581
-0.00015908
2.03484
0.00912551
-0.000168063
2.03885
0.00782644
-0.000174172
2.04229
0.0067231
-0.000177999
2.04524
0.00578426
-0.000180278
2.04777
0.00498399
-0.000181636
2.04995
0.0043009
-0.000182526
2.05183
0.00371723
-0.000183262
2.05344
0.00321818
-0.000184056
2.05484
0.00279133
-0.00018503
2.05604
0.00242625
-0.000186236
2.05708
0.00211415
-0.000187683
2.05798
0.00184762
-0.000189353
2.05877
0.0016204
-0.000191213
2.05945
0.00142717
-0.000193224
2.06005
0.00126346
-0.000195348
2.06057
0.0011255
-0.00019755
2.06103
0.00101011
-0.000199795
2.06145
0.000914579
-0.000202048
2.06182
0.000836534
-0.000204273
2.06216
0.000773538
-0.000206425
2.06249
0.000721979
-0.000208451
2.06283
0.000673478
-0.000210272
2.06328
0.000600936
-0.000211723
0.000440307
-0.000212181
1.77805
0.165469
5.28919e-06
1.84268
0.100762
6.8686e-06
1.89263
0.071731
6.67902e-06
1.93298
0.0537121
5.80427e-06
1.96628
0.04077
5.36986e-06
1.99392
0.0316884
4.97714e-06
2.017
0.0253267
3.71011e-06
2.03642
0.0206726
5.95745e-07
2.05283
0.0171056
-5.47688e-06
2.06676
0.0142855
-1.55193e-05
2.07858
0.012008
-2.97697e-05
2.08862
0.0101386
-4.68729e-05
2.09716
0.00858755
-6.3948e-05
2.10441
0.00729352
-7.82385e-05
2.1106
0.00621033
-8.88005e-05
2.11587
0.00530037
-9.62575e-05
2.12038
0.00453303
-0.000101511
2.12423
0.0038839
-0.000105188
2.12752
0.0033334
-0.000107764
2.13035
0.00286554
-0.000109628
2.13277
0.00246715
-0.000111027
2.13484
0.0021274
-0.000112072
2.13663
0.00183736
-0.000112799
2.13816
0.00158957
-0.000113219
2.13948
0.00137781
-0.000113338
2.14061
0.00119686
-0.000113162
2.14158
0.00104231
-0.000112703
2.14243
0.000910452
-0.000111985
2.14315
0.00079815
-0.000111034
2.14379
0.000702753
-0.000109885
2.14433
0.00062202
-0.000108574
2.14482
0.000554064
-0.000107136
2.14524
0.000497305
-0.000105604
2.14562
0.000450439
-0.000104003
2.14596
0.00041245
-0.000102349
2.14626
0.000382727
-0.000100646
2.14654
0.000361573
-9.88966e-05
2.14678
0.000351959
-9.71107e-05
2.14694
0.000366689
-9.53705e-05
0.000438146
-9.37966e-05
1.86354
-6.934e-06
1.9643
-1.70974e-06
2.03603
1.03799e-07
2.08975
1.33962e-08
2.13052
3.74248e-07
2.16221
7.04689e-07
2.18754
1.17542e-07
2.20821
-1.98993e-06
2.22531
-6.19831e-06
2.23958
-1.30309e-05
2.25157
-2.25504e-05
2.26168
-3.39537e-05
2.27023
-4.56318e-05
2.27747
-5.59501e-05
2.28363
-6.41331e-05
2.28887
-7.03264e-05
2.29333
-7.499e-05
2.29715
-7.84823e-05
2.30041
-8.10577e-05
2.30321
-8.29435e-05
2.3056
-8.43359e-05
2.30765
-8.53835e-05
2.30942
-8.61952e-05
2.31093
-8.68525e-05
2.31223
-8.74152e-05
2.31335
-8.79241e-05
2.31432
-8.8405e-05
2.31515
-8.88736e-05
2.31588
-8.93387e-05
2.3165
-8.98054e-05
2.31705
-9.02765e-05
2.31752
-9.07539e-05
2.31794
-9.12376e-05
2.31831
-9.17243e-05
2.31865
-9.22048e-05
2.31895
-9.26632e-05
2.31923
-9.30784e-05
2.31951
-9.34265e-05
2.31979
-9.36844e-05
-9.37247e-05
1.52064
0.177435
1.40661
0.114029
1.32161
0.0850092
1.25574
0.0658804
1.20428
0.0514689
1.16332
0.040973
1.12998
0.033351
1.10241
0.0275901
1.07938
0.0230594
1.06001
0.0194109
1.04362
0.0164297
1.0297
0.0139655
1.01784
0.0119086
1.00772
0.0101784
0.999071
0.00871456
0.991665
0.00747131
0.985319
0.00641267
0.979877
0.00550937
0.975209
0.00473725
0.971202
0.00407639
0.967762
0.00351021
0.964808
0.00302487
0.962269
0.00260869
0.960088
0.00225176
0.958214
0.00194571
0.956601
0.00168338
0.955214
0.00145872
0.954019
0.00126653
0.952989
0.00110241
0.952099
0.000962609
0.951328
0.000843923
0.950657
0.000743654
0.950071
0.000659536
0.949556
0.000589699
0.949098
0.000532674
0.948686
0.000487491
0.948307
0.000454085
0.947949
0.000434757
0.947587
0.000439619
0.000501574
1.61655
0.258945
1.54735
0.183223
1.49193
0.140424
1.44586
0.111946
1.40697
0.0903659
1.37408
0.0738689
1.3462
0.061243
1.32249
0.0513267
1.30226
0.0433166
1.28497
0.0367323
1.27018
0.031265
1.2575
0.0266902
1.24663
0.0228367
1.2373
0.0195721
1.22928
0.0167948
1.22239
0.0144262
1.21647
0.0124029
1.21137
0.0106722
1.20699
0.00918993
1.20321
0.00791918
1.19996
0.00682914
1.19716
0.00589381
1.19474
0.00509109
1.19266
0.00440221
1.19085
0.00381118
1.1893
0.0033044
1.18795
0.00287023
1.18678
0.00249876
1.18576
0.00218155
1.18487
0.00191137
1.18409
0.00168211
1.1834
0.00148857
1.18279
0.0013264
1.18224
0.00119194
1.18175
0.00108217
1.1813
0.000994496
1.18088
0.000926153
1.18049
0.000872225
1.18017
0.000817089
0.000720872
1.66771
0.289302
1.62536
0.225578
1.58493
0.180863
1.54832
0.148561
1.51553
0.123175
1.48667
0.102742
1.46165
0.0862917
1.4401
0.0729165
1.42158
0.061881
1.40569
0.05268
1.39207
0.0449627
1.38038
0.0384618
1.37035
0.0329609
1.36174
0.0282852
1.35435
0.024298
1.348
0.0208926
1.34253
0.017981
1.33784
0.015489
1.33379
0.0133535
1.33031
0.0115222
1.32731
0.00995118
1.32472
0.0086031
1.32248
0.00744629
1.32055
0.00645378
1.31888
0.00560254
1.31744
0.00487296
1.31618
0.00424825
1.31509
0.00371409
1.31414
0.00325826
1.31331
0.00287032
1.31258
0.00254141
1.31194
0.00226403
1.31137
0.00203187
1.31085
0.00183971
1.31039
0.00168337
1.30996
0.00155988
1.30956
0.00146825
1.30916
0.00141222
1.30871
0.00141157
0.00151609
1.68228
0.305089
1.65536
0.252499
1.62647
0.209757
1.59912
0.175927
1.57403
0.148272
1.55152
0.125285
1.53167
0.10618
1.51437
0.0902703
1.49939
0.0769389
1.48647
0.0657081
1.47533
0.056221
1.46575
0.0481904
1.4575
0.0413691
1.45041
0.0355508
1.44431
0.0305757
1.43907
0.0263195
1.43456
0.0226769
1.43069
0.0195567
1.42736
0.0168811
1.42449
0.0145853
1.42202
0.0126148
1.41989
0.0109232
1.41806
0.00947098
1.41648
0.00822443
1.41512
0.00715482
1.41394
0.00623764
1.41292
0.00545193
1.41204
0.00477979
1.41127
0.00420594
1.4106
0.00371734
1.41002
0.0033029
1.4095
0.00295321
1.40904
0.00266034
1.40863
0.00241763
1.40826
0.00221947
1.40793
0.00206094
1.40762
0.00193672
1.40736
0.00183789
1.40719
0.00173928
0.0015817
1.68882
0.31434
1.67236
0.268961
1.65307
0.229052
1.63368
0.195338
1.61519
0.166786
1.59806
0.142457
1.58256
0.12175
1.56878
0.104155
1.55666
0.089192
1.54609
0.0764587
1.5369
0.0656304
1.52892
0.0564237
1.522
0.0485695
1.51601
0.0418379
1.51085
0.0360597
1.50639
0.0311047
1.50254
0.0268569
1.49922
0.0232126
1.49636
0.0200838
1.49388
0.0173971
1.49174
0.0150903
1.48989
0.0131099
1.48829
0.0114099
1.4869
0.00995115
1.4857
0.00869999
1.48465
0.0076277
1.48374
0.00670967
1.48295
0.00592486
1.48226
0.00525529
1.48165
0.00468561
1.48111
0.00420279
1.48063
0.00379577
1.48021
0.00345523
1.47983
0.00317344
1.47948
0.00294413
1.47916
0.00276264
1.47885
0.0026269
1.47854
0.00254057
1.47814
0.00252647
0.0026413
1.69262
0.31979
1.68241
0.279182
1.66954
0.241933
1.65584
0.209059
1.64231
0.180356
1.62948
0.155356
1.61767
0.13367
1.60705
0.114939
1.59766
0.0988147
1.58945
0.0849817
1.58229
0.0731693
1.57603
0.0631042
1.57057
0.0544836
1.56585
0.0470547
1.56178
0.0406551
1.55827
0.0351596
1.55524
0.0304439
1.55262
0.0263927
1.55037
0.0229095
1.54842
0.0199143
1.54675
0.0173394
1.54531
0.0151261
1.54406
0.0132239
1.54298
0.0115898
1.54205
0.0101868
1.54125
0.00898312
1.54055
0.00795171
1.53994
0.0070692
1.53941
0.00631566
1.53895
0.00567402
1.53854
0.00512975
1.53817
0.00467051
1.53785
0.00428586
1.53756
0.00396701
1.5373
0.00370654
1.53705
0.00349799
1.53684
0.00333471
1.53666
0.00320658
1.53659
0.0030873
0.00291701
1.69484
0.323024
1.68855
0.285478
1.68027
0.250231
1.67112
0.218242
1.66186
0.189676
1.65294
0.164379
1.64465
0.142136
1.63715
0.122705
1.63052
0.105833
1.62474
0.0912876
1.61967
0.0788638
1.61517
0.0682929
1.6112
0.0591988
1.60776
0.0512988
1.60481
0.044459
1.60226
0.0385731
1.60005
0.0335156
1.59813
0.0291664
1.59647
0.0254262
1.59502
0.0222118
1.59377
0.0194508
1.59268
0.0170798
1.59173
0.0150443
1.59091
0.0132975
1.59019
0.0117995
1.58956
0.0105159
1.58901
0.00941705
1.58853
0.0084779
1.5881
0.00767686
1.58773
0.00699555
1.58739
0.00641835
1.58709
0.00593199
1.58682
0.00552528
1.58657
0.00518889
1.58634
0.0049152
1.58613
0.00469844
1.58592
0.0045355
1.5857
0.00442905
1.58539
0.0044
0.00450116
1.69628
0.324809
1.69273
0.289043
1.6879
0.255086
1.68241
0.223779
1.67674
0.195434
1.6712
0.170069
1.66601
0.147578
1.66133
0.127796
1.65726
0.110532
1.65378
0.095617
1.65069
0.0829213
1.64777
0.0721809
1.64512
0.0629003
1.64284
0.0547761
1.64089
0.0477243
1.63919
0.0416505
1.63772
0.0364166
1.63645
0.0318973
1.63534
0.0279956
1.63439
0.0246317
1.63355
0.0217342
1.63283
0.0192399
1.6322
0.017094
1.63164
0.0152491
1.63115
0.0136643
1.63072
0.0123045
1.63034
0.0111391
1.63001
0.0101419
1.6297
0.00929053
1.62943
0.00856561
1.62918
0.00795076
1.62896
0.00743202
1.62875
0.00699759
1.62856
0.0066375
1.62839
0.00634334
1.62822
0.00610779
1.62807
0.00592359
1.62796
0.00578047
1.62794
0.00565343
0.00548717
1.69737
0.325511
1.6959
0.290528
1.69382
0.257193
1.6914
0.226263
1.68885
0.19809
1.68635
0.172766
1.68404
0.150241
1.68205
0.130386
1.68049
0.113037
1.67938
0.0980497
1.67835
0.0853449
1.67702
0.0746527
1.67573
0.0653337
1.67471
0.057077
1.67387
0.0498732
1.67311
0.0436711
1.67243
0.038341
1.67182
0.0337528
1.67128
0.0298033
1.67081
0.0264071
1.67039
0.0234887
1.67002
0.0209816
1.66969
0.0188287
1.6694
0.0169809
1.66913
0.015396
1.6689
0.0140379
1.66868
0.0128756
1.66848
0.0118825
1.6683
0.0110359
1.66813
0.0103164
1.66797
0.00970741
1.66782
0.00919502
1.66768
0.0087674
1.66754
0.00841465
1.66741
0.00812868
1.66728
0.00790328
1.66715
0.00773486
1.66699
0.00762545
1.66675
0.00759471
0.00769376
1.69829
0.325297
1.69859
0.290241
1.69891
0.256906
1.69924
0.226006
1.69957
0.197888
1.69991
0.172655
1.70033
0.150267
1.70089
0.130609
1.70174
0.113529
1.70293
0.0988643
1.70388
0.0864248
1.70387
0.0758875
1.70364
0.0668163
1.70365
0.058892
1.70376
0.0519503
1.70386
0.0458848
1.70394
0.0406078
1.70401
0.036033
1.70405
0.0320769
1.70407
0.0286619
1.70408
0.0257179
1.70406
0.0231826
1.70403
0.0210012
1.70399
0.0191261
1.70393
0.0175157
1.70386
0.0161341
1.70379
0.0149501
1.7037
0.013937
1.70362
0.0130719
1.70352
0.0123351
1.70342
0.01171
1.70332
0.0111823
1.70322
0.0107399
1.70311
0.0103729
1.70301
0.0100728
1.7029
0.00983213
1.7028
0.00964352
1.70273
0.00949595
1.70276
0.00936165
0.0091786
1.69917
0.324197
1.70118
0.288251
1.70381
0.254308
1.7068
0.223082
1.70994
0.194877
1.71309
0.169735
1.71622
0.147566
1.71937
0.128206
1.72266
0.111434
1.72613
0.0969609
1.72906
0.08438
1.73063
0.0733834
1.73166
0.0639369
1.7327
0.0558993
1.73367
0.0490412
1.73451
0.0431511
1.73523
0.038071
1.73585
0.0336915
1.73638
0.0299209
1.73683
0.0266751
1.7372
0.0238809
1.7375
0.0214763
1.73775
0.0194078
1.73795
0.0176293
1.7381
0.0161009
1.73821
0.0147884
1.73829
0.0136623
1.73834
0.0126974
1.73836
0.0118721
1.73836
0.0111679
1.73835
0.0105692
1.73832
0.0100626
1.73827
0.0096371
1.73821
0.00928345
1.73814
0.00899423
1.73806
0.008764
1.73797
0.00859043
1.73785
0.00847813
1.73762
0.00845405
0.00858259
1.70014
0.322128
1.70398
0.284424
1.70906
0.249257
1.71483
0.217372
1.72085
0.188962
1.72684
0.163926
1.73268
0.142049
1.73833
0.123065
1.74382
0.106658
1.74906
0.0924462
1.75346
0.0800147
1.75648
0.0691503
1.7588
0.0599441
1.76096
0.0522459
1.7629
0.0456872
1.76458
0.0400222
1.76603
0.0351274
1.7673
0.030909
1.76839
0.0272759
1.76931
0.0241463
1.7701
0.0214509
1.77076
0.0191308
1.77131
0.0171352
1.77177
0.0154199
1.77215
0.0139465
1.77245
0.0126821
1.7727
0.0115982
1.7729
0.0106705
1.77305
0.00987795
1.77316
0.00920284
1.77324
0.00862995
1.7733
0.00814643
1.77333
0.00774144
1.77335
0.00740588
1.77335
0.00713206
1.77335
0.00691312
1.77334
0.00674156
1.77337
0.00660446
1.77353
0.00646593
0.00624169
1.70132
0.318877
1.70736
0.2784
1.71527
0.24137
1.72412
0.208561
1.73324
0.179922
1.7422
0.155089
1.75079
0.133662
1.7589
0.115249
1.76649
0.0994384
1.77344
0.0858016
1.77943
0.0739377
1.7842
0.0636075
1.78812
0.0547828
1.79153
0.0473367
1.79449
0.0410118
1.79702
0.0356053
1.7992
0.030986
1.80107
0.0270416
1.80269
0.0236692
1.80407
0.0207816
1.80525
0.0183073
1.80626
0.0161863
1.80712
0.014368
1.80785
0.012809
1.80846
0.0114725
1.80898
0.0103272
1.80942
0.00934648
1.80978
0.00850768
1.81008
0.00779151
1.81033
0.00718157
1.81053
0.00666398
1.8107
0.00622705
1.81083
0.00586099
1.81094
0.00555771
1.81103
0.0053108
1.8111
0.00511576
1.81114
0.00497146
1.81113
0.00488493
1.81099
0.00489127
0.00507298
1.70291
0.314032
1.71181
0.269509
1.7232
0.23
1.7356
0.196187
1.74807
0.167501
1.76009
0.143146
1.77139
0.122482
1.78182
0.104964
1.79134
0.090078
1.79988
0.0773446
1.80727
0.0663628
1.81343
0.0568733
1.81856
0.0487714
1.82295
0.0419386
1.82672
0.0361723
1.82998
0.0312751
1.8328
0.0271019
1.83523
0.0235403
1.83734
0.0204955
1.83915
0.0178881
1.84072
0.0156529
1.84206
0.0137357
1.84321
0.0120909
1.8442
0.0106797
1.84505
0.00946919
1.84577
0.00843146
1.84639
0.00754265
1.84692
0.00678242
1.84737
0.00613342
1.84776
0.00558093
1.84809
0.00511243
1.84837
0.00471732
1.84862
0.00438666
1.84883
0.00411294
1.84901
0.00388971
1.84918
0.00371092
1.84935
0.00356905
1.84955
0.00344925
1.84991
0.00330741
0.00304136
1.70529
0.306805
1.71829
0.256516
1.7343
0.214002
1.75111
0.179401
1.76754
0.151096
1.78305
0.127681
1.79734
0.10825
1.81029
0.0920861
1.82188
0.0785532
1.8321
0.0671165
1.84096
0.0573642
1.84847
0.0490172
1.85482
0.0419121
1.86024
0.0359102
1.86489
0.0308428
1.86888
0.0265451
1.8723
0.0228894
1.87523
0.0197765
1.87775
0.017123
1.8799
0.0148579
1.88175
0.0129221
1.88333
0.0112666
1.88468
0.00984997
1.88583
0.0086376
1.88682
0.00760003
1.88766
0.00671235
1.88837
0.00595346
1.88899
0.00530544
1.88951
0.00475308
1.88996
0.0042835
1.89034
0.00388582
1.89067
0.00355085
1.89095
0.00327089
1.89119
0.00303963
1.89141
0.00285206
1.8916
0.00270488
1.89175
0.00259805
1.89185
0.00254028
1.89178
0.00257117
0.00278431
1.7091
0.295766
1.72811
0.237517
1.74995
0.19217
1.77162
0.15774
1.79206
0.130666
1.81089
0.108882
1.82789
0.0912762
1.84304
0.076968
1.8564
0.0652018
1.86809
0.0553987
1.87821
0.0471433
1.88687
0.0401495
1.89424
0.0342281
1.90055
0.0292338
1.90595
0.0250251
1.91058
0.0214684
1.91456
0.0184539
1.91798
0.015894
1.92092
0.0137163
1.92346
0.0118602
1.92564
0.0102755
1.92753
0.00892096
1.92915
0.0077621
1.93055
0.00677015
1.93176
0.00592091
1.9328
0.00519399
1.9337
0.00457215
1.93448
0.0040408
1.93516
0.00358755
1.93574
0.00320195
1.93626
0.00287512
1.9367
0.0025996
1.9371
0.00236907
1.93745
0.00217821
1.93777
0.00202239
1.93806
0.00189703
1.93834
0.0017958
1.93865
0.00170492
1.93912
0.00158141
0.00132567
1.71667
0.277158
1.74614
0.208052
1.77689
0.161431
1.80534
0.12929
1.83095
0.105067
1.85365
0.0862048
1.87348
0.0714605
1.89067
0.0597877
1.90551
0.0503575
1.91828
0.0426022
1.92922
0.0361416
1.93853
0.030715
1.94644
0.0261433
1.95316
0.0222939
1.95889
0.0190524
1.96378
0.0163162
1.96796
0.0139994
1.97154
0.0120331
1.97459
0.0103614
1.97721
0.00893773
1.97946
0.00772339
1.98138
0.00668644
1.98302
0.00580029
1.98443
0.00504267
1.98563
0.00439484
1.98667
0.00384103
1.98755
0.0033679
1.98831
0.00296415
1.98897
0.00262022
1.98953
0.00232805
1.99002
0.00208078
1.99044
0.00187267
1.99081
0.0016989
1.99114
0.00155551
1.99143
0.00143937
1.99169
0.00134857
1.99191
0.00128364
1.99208
0.00125216
1.99209
0.00128685
0.00146539
1.72977
0.245453
1.77242
0.165398
1.81218
0.121674
1.84742
0.0940554
1.87842
0.0740693
1.9053
0.0593226
1.92836
0.0484039
1.94806
0.0400855
1.96489
0.033526
1.97924
0.0282225
1.99148
0.0238614
2.00188
0.0202323
2.01073
0.0171919
2.01826
0.0146383
2.02467
0.0124906
2.03015
0.0106797
2.03483
0.00914823
2.03884
0.00784991
2.04228
0.00674713
2.04523
0.00580876
2.04776
0.00500892
2.04994
0.00432625
2.05181
0.00374297
2.05343
0.00324428
2.05482
0.00281777
2.05602
0.00245299
2.05706
0.00214116
2.05796
0.00187487
2.05874
0.00164784
2.05942
0.00145477
2.06001
0.0012912
2.06054
0.00115335
2.061
0.00103804
2.06141
0.00094258
2.06178
0.000864581
2.06212
0.000801613
2.06244
0.000750057
2.06278
0.00070152
2.06323
0.00062885
0.000467831
1.77804
0.165479
1.84268
0.100768
1.89263
0.0717343
1.93297
0.0537137
1.96628
0.0407707
1.99392
0.0316886
2.017
0.0253264
2.03641
0.0206722
2.05283
0.0171055
2.06675
0.0142861
2.07857
0.01201
2.08861
0.0101425
2.09715
0.00859347
2.10441
0.00730096
2.11059
0.00621877
2.11586
0.00530949
2.12037
0.00454264
2.12422
0.00389387
2.12751
0.00334364
2.13034
0.00287598
2.13276
0.00247776
2.13483
0.00213815
2.13662
0.00184823
2.13815
0.00160056
2.13946
0.00138891
2.14059
0.00120808
2.14157
0.00105365
2.14241
0.000921929
2.14314
0.000809766
2.14377
0.000714512
2.14432
0.000633927
2.1448
0.000566121
2.14522
0.000509512
2.14559
0.000462795
2.14593
0.000424951
2.14624
0.000395371
2.14651
0.000374356
2.14675
0.000364878
2.14691
0.000379755
0.000451388
1.86354
1.9643
2.03604
2.08975
2.13052
2.16221
2.18754
2.20821
2.22531
2.23958
2.25157
2.26168
2.27022
2.27747
2.28362
2.28886
2.29333
2.29715
2.30041
2.3032
2.30559
2.30765
2.30941
2.31092
2.31222
2.31334
2.31431
2.31514
2.31586
2.31649
2.31703
2.31751
2.31793
2.3183
2.31863
2.31893
2.31921
2.31948
2.31977
-0.00793913
0.00821529
-0.000612193
0.00652429
0.002904
0.00532765
-0.0176786
0.0306154
-0.103513
-0.00379042
0.0825086
-0.0140533
0.0127642
0.0716717
-0.0081161
-0.0777713
0.00145147
0.431584
-0.421313
-0.0013155
0.00256016
0.00285965
-0.00191903
-0.0146074
-0.00660111
0.437608
-0.00146119
0.00581258
0.00592979
-0.00209867
-0.0155451
0.0109652
-0.00463252
-0.0999092
0.00659442
-0.00087654
0.0878587
-0.00186913
0.0771865
0.00171111
-0.00797554
-0.0690529
-0.0187685
-0.075736
0.00497461
0.00522839
0.439627
-0.00466997
0.00499489
-0.432657
-0.0101604
-0.00759347
-0.00825222
-0.00810102
0.00349136
-0.00320893
0.440487
-0.00787811
-0.00437497
-0.00628422
-0.00335927
0.0207544
-0.101804
0.00630719
0.0998119
0.0109489
0.00116725
0.0742495
-0.00175534
-0.0686872
-0.00497427
0.443506
-0.00303368
-0.432776
-0.0114658
-0.00895273
-0.00883452
-0.0118507
0.0287381
0.00288225
0.443924
-0.00786601
-0.00145549
-0.00186698
-0.00852645
0.0199055
-0.00482076
-0.00237393
0.00587471
-0.00223637
0.00577643
-0.0142935
-0.0994133
-0.000518154
0.0875245
-0.00328891
0.0765867
-0.00790336
-0.068979
-0.00157347
0.432043
-0.420098
-0.0025848
0.00194763
0.00198813
-0.00264272
-0.0124346
-0.00308983
0.43742
-0.00243905
0.00567574
0.00574662
-0.00249711
-0.0135942
0.0115013
-0.00122036
-0.0990228
0.00170906
-0.000275665
0.0873084
-0.000737689
0.0765646
0.000973533
-0.00763554
-0.0691649
-0.0688965
-0.0048696
0.000709809
0.44517
-0.00178437
-0.432864
-0.0123776
-0.00930741
-0.0122251
-0.0094108
0.00184252
0.445955
-0.00856516
-0.0012257
-0.00849563
-0.00116223
0.0197027
-0.101239
0.00144954
0.100342
0.0119373
0.00021784
0.0745158
-0.000299404
-0.0695037
-0.00493047
0.446645
-0.00093473
-0.433274
-0.0125517
-0.00966839
-0.00962712
-0.0126104
0.0302362
0.00110192
0.447166
-0.00857677
-0.00103559
-0.00108889
-0.00857738
0.0194988
-0.00149864
-0.0025646
0.00564663
-0.0025348
0.00560455
-0.0131513
-0.0989245
-0.000253097
0.0872121
-0.00084885
0.076551
-0.0076158
-0.0691487
-0.000524221
0.432003
-0.419759
-0.0027154
0.0018353
0.00184087
-0.00270837
-0.0118761
1.69375e-05
0.437437
-0.0025742
0.00558563
0.00559678
-0.0025795
-0.0129781
0.0117007
3.01563e-06
-0.0989073
0.000270198
-0.000215981
0.0871494
4.62017e-06
0.0765982
0.000169775
-0.0076022
-0.0691704
-0.0695762
-0.00489782
0.000141592
0.447356
-0.000410356
-0.433425
-0.0127264
-0.00977409
-0.0127022
-0.00979321
0.000499804
0.447749
-0.00861029
-0.00103045
-0.00861013
-0.0010052
0.0194652
-0.101174
0.00019356
0.100575
0.0121081
-4.40437e-06
0.074652
-4.24471e-05
-0.0697102
-0.00489494
0.447723
-1.06344e-05
-0.433558
-0.0127645
-0.00983201
-0.00983515
-0.0127715
0.0306386
-1.68991e-05
0.448077
-0.00862977
-0.0010006
-0.00101174
-0.00862493
0.0194301
0.001535
-0.00257377
0.00558542
-0.00257969
0.00559793
-0.0129809
-0.0989085
-0.000215579
0.0871524
0.000275609
0.076598
-0.00760249
-0.0691703
0.000179418
0.431987
-0.419822
-0.00270813
0.0018849
0.00186199
-0.00268532
-0.0120261
0.00313194
0.437393
-0.00256441
0.00564971
0.00560526
-0.00253332
-0.0131598
0.0115746
0.00123954
-0.0989281
-0.000860208
-0.000252116
0.0872263
0.000758284
0.0765497
-0.000539165
-0.00762137
-0.0691475
-0.0697101
-0.00489464
-5.16771e-05
0.447721
0.000388026
-0.433557
-0.0127645
-0.00983198
-0.0127714
-0.00983516
-0.000534857
0.448075
-0.00863058
-0.0010006
-0.00862516
-0.00101299
0.0194328
-0.101174
-0.000659437
0.100405
0.0120322
-0.000238059
0.0745522
0.000156163
-0.0695783
-0.00489208
0.447349
0.000910012
-0.43342
-0.0127268
-0.00977336
-0.00979334
-0.0127032
0.0305457
-0.00113944
0.447745
-0.00861158
-0.00103438
-0.00100665
-0.00861265
0.0194743
0.00486374
-0.00243515
0.00567856
-0.00249604
0.00575396
-0.0136071
-0.0990295
-0.000274767
0.0873361
0.00174209
0.0765629
-0.00764382
-0.0691624
0.00100158
0.4319
-0.420435
-0.00247932
0.00223974
0.00212843
-0.00231449
-0.0131643
0.00661929
0.437385
-0.00237259
0.00588583
0.00578226
-0.00222892
-0.0143076
0.0110886
0.00464537
-0.0993683
-0.00333615
-0.000592623
0.0875632
0.00188222
0.0766293
-0.00160419
-0.00789003
-0.0690173
-0.0695072
-0.004921
-0.000328007
0.446639
0.00176108
-0.43327
-0.0125522
-0.00966834
-0.0126135
-0.00963071
-0.00187576
0.447158
-0.00858037
-0.00104037
-0.00857958
-0.0010977
0.0195158
-0.101426
-0.00294619
0.0997459
0.0114256
-0.00117935
0.0741884
0.000740648
-0.0688664
-0.00488324
0.445174
0.00302583
-0.432899
-0.012364
-0.00933631
-0.00942629
-0.0121972
0.0297839
-0.00289427
0.445939
-0.00856388
-0.00123576
-0.00116887
-0.00849878
0.0197212
0.0079153
-0.00145423
0.00582296
-0.00209284
0.0059368
-0.015556
-0.0998656
-0.000952286
0.087922
0.00657751
0.0772326
-0.00796022
-0.069095
0.00170482
0.429251
-0.422333
6.13339e-05
0.00422725
0.00358597
0.00221905
-0.0172272
0.432568
0.00816623
-0.00059992
0.00647578
0.00532944
0.00290393
-0.0176773
0.00832308
-0.103452
0.030576
-0.013984
-0.00388748
0.082424
0.0716887
0.012345
0.00145871
-0.00799983
-0.0774925
-0.0686547
-0.00499074
-0.00174803
0.443517
0.0046861
-0.43283
-0.0114385
-0.00898339
-0.0118205
-0.00886668
-0.00347227
0.443905
-0.00786737
-0.00146158
-0.00852661
-0.00187145
0.0199171
-0.10537
-0.0126255
0.0905017
0.00830394
0.0843126
-0.0183628
0.00523702
-0.076042
0.0048552
0.439697
-0.432714
0.00502531
-0.0101388
-0.00763678
-0.0081369
-0.00825128
0.0268416
0.440493
-0.00316537
-0.00788616
-0.00432632
-0.00336086
-0.00628177
0.0207526
0.0225211
-0.00557179
0.00352623
-0.0203565
0.429154
-0.424993
-0.00266744
-0.00330947
-0.00251945
-0.00471132
0.00715265
0.0257536
0.427613
-0.00151665
-0.00103867
-0.000328014
-0.0029655
0.00415741
0.427536
-0.424292
0.00523706
0.00436087
0.00506512
0.00541675
-0.0203465
0.42684
0.00705207
0.00481406
0.00537843
0.00632211
-0.0202275
0.00907224
-0.105076
-0.00494765
0.127024
0.00454261
0.0316804
0.129714
-0.0103355
-0.139841
0.00154573
0.0232044
-0.000303964
0.00223192
-0.000777575
0.00166075
-0.000733535
0.434774
-0.00354301
-0.432148
0.00239067
0.0014635
0.435409
-0.000499683
0.021606
-0.106974
0.13256
0.00709133
0.00386881
0.143423
-0.136566
0.00980109
-0.00374691
0.436325
-0.432587
-0.00665812
-0.00672483
-0.00658756
-0.00667084
0.0243547
0.437711
-0.00620188
-0.0059754
-0.00604359
-0.00610238
0.0211917
-0.0053133
0.00518637
0.00518711
0.00495529
0.00563518
0.00573692
-0.0214121
-0.00528498
0.00511924
0.105283
0.105146
0.105381
0.105039
-0.422543
0.00650538
0.0036552
-0.00509346
-0.00408942
-0.104491
0.421578
0.0247641
-0.0241115
-0.422498
-0.00454307
0.0044858
0.00462424
0.00545335
0.00538381
-0.0204525
0.0268725
-0.00421804
0.104887
0.104426
0.104506
0.104816
-0.421811
0.00651444
-0.00231028
0.00294756
-0.00400309
-0.103058
-0.00676347
0.00576781
-0.0180102
0.00507535
0.0048012
0.00499533
0.00466072
-0.00550903
-0.0105782
0.000852783
0.0869061
0.00571388
0.00374801
0.105124
-0.00503965
-0.105338
-0.00420817
0.425812
0.00981902
0.00972948
0.00733879
0.00703362
-0.022445
-0.00624232
-0.0175395
0.425016
0.00486664
0.0040624
0.004363
0.00452192
-0.00250545
0.00198492
-0.0194853
0.0971923
0.00236822
-0.00319288
0.101724
0.00386664
-0.00357982
-0.101186
0.00306351
0.00754916
-0.00353087
-0.105882
0.430325
-0.00297341
0.00299743
-0.429383
-0.00393151
0.00413597
-0.00739127
-0.00764366
-0.00728234
-0.00716368
0.0269449
0.0292026
0.106197
0.105758
0.105807
0.106151
-0.42673
-0.00208441
0.00269558
0.00859964
-0.104501
0.430008
-0.00236986
-0.429256
0.0278467
-0.00301388
-0.00819884
-0.00810087
-0.00758462
-0.00762804
0.0278264
0.00436073
-0.0155382
-0.107639
0.112499
-0.00384288
0.00957788
-0.0140725
0.0806164
0.0142895
0.107898
-0.00320612
0.00282229
-0.106898
0.0999921
0.00947808
-0.0102434
-0.00823131
-0.103551
0.110086
0.00349885
0.0780948
-0.00771339
-0.00291111
-0.106557
-0.00360931
-0.105641
0.00475836
0.00452089
0.435261
0.0131891
-0.0137614
-0.00271851
-0.00121124
-0.00015092
-0.00335237
0.0152122
-0.0156456
0.433714
0.0139332
-0.00164743
-0.00419559
-0.00427954
-0.00183012
-0.00496382
-0.0101078
0.0858784
0.00381692
0.0951221
-0.00424788
-0.0926327
0.000309808
0.435936
0.00917921
0.000816212
0.000395821
0.000225767
0.00124366
0.00931604
0.0110478
0.434143
0.0111892
-0.00175023
-0.000884118
-0.0017148
-0.00088174
-0.00337152
0.00425637
0.004203
0.00518684
0.00521614
-0.0197233
-0.00307425
0.104452
0.104043
0.104487
0.104012
-0.420906
0.00656396
-0.00384047
-0.00181581
-0.102631
0.420398
0.0240495
-0.023534
-0.421632
-0.00218258
0.00409297
0.00411592
0.00511599
0.00510352
-0.0193176
0.0271669
-0.00196409
0.104306
0.103834
0.103847
0.104291
-0.420505
0.00676707
-0.000782291
0.00106375
-0.00375884
-0.102313
-0.00462535
-0.0164621
0.00382592
0.00364474
0.00399816
0.00348515
-0.0197264
-0.00166178
0.0954695
0.00171831
0.101566
-0.00308596
-0.100972
-0.00241908
0.425063
0.00967303
0.00972635
0.00628135
0.00624367
-0.0212095
-0.00293149
-0.0158409
0.4251
0.0037249
0.00332803
0.00337059
0.00368703
-0.000680617
0.000912186
-0.0194921
0.0958252
0.00185194
-0.000914363
0.101535
0.00130713
-0.00287445
-0.100905
0.00883005
-0.00161478
-0.104113
0.429598
-0.00179093
-0.428836
-0.00213941
-0.00846634
-0.00854437
-0.0078651
-0.00782381
0.0285594
0.029945
0.105719
0.105242
0.105247
0.105713
-0.425629
-0.000666813
0.000923121
0.00915835
-0.103887
0.429569
-0.00115227
-0.428739
0.0284762
-0.00130838
-0.00874762
-0.00871495
-0.00799491
-0.00801035
0.0289322
0.00151268
-0.0198789
-0.10747
0.114523
-0.00106439
0.0196425
-0.00175861
0.00280739
0.0790798
0.107286
-0.00155915
0.00199092
-0.105668
0.100018
0.0116119
-0.0112192
-0.00207049
-0.101326
0.00214969
0.114066
0.0795236
-0.00114364
-0.00115695
-0.105672
-0.0905537
7.88667e-05
0.00302088
0.436642
0.00576087
0.000959933
0.00104573
0.00187856
0.00151875
0.00720352
0.434197
0.00947162
-0.000605231
-0.000977838
-0.000913691
-0.000685124
-0.000864833
-0.00985278
0.0846414
0.00133063
0.0922121
-0.00177529
-0.0896864
-0.000229078
0.437067
0.00334703
0.0011924
0.00111175
0.00186572
0.00201954
0.00632292
0.00428105
0.434471
0.00845562
-0.00075812
-0.000707552
-0.00084648
-0.000624769
-0.00107299
0.00404308
0.00402515
0.00504649
0.00505901
-0.0190288
-0.00095258
0.104171
0.103723
0.104183
0.103714
-0.420145
0.00679788
-0.00374458
-0.00055674
-0.102203
0.419983
0.0238354
-0.0232893
-0.421275
5.28159e-06
0.00400563
0.00400688
0.00503028
0.00503107
-0.0189277
0.0272713
1.80118e-06
0.104141
0.103686
0.103683
0.104144
-0.420044
0.00680829
1.28751e-06
0.000175348
-0.00372728
-0.102165
-0.00141024
-0.0154724
0.00364667
0.0032928
0.00366214
0.0032759
-0.0194788
-0.000480716
0.0958299
0.00198139
0.101487
-0.00289712
-0.100855
-0.000630234
0.425042
0.0096072
0.0096144
0.00620099
0.00619997
-0.0206799
2.23347e-05
-0.0153434
0.425123
0.00364543
0.00326959
0.00327038
0.00364488
3.98855e-06
0.000152247
-0.019484
0.095926
0.00212943
6.34342e-06
0.101486
0.000185422
-0.00294064
-0.100866
0.00922625
-0.000470818
-0.103802
0.429459
-0.000572395
-0.428563
-0.000627036
-0.00883551
-0.00885473
-0.00809441
-0.00808259
0.0292194
0.0302373
0.105605
0.105128
0.105125
0.105607
-0.425254
-8.40761e-07
0.000146133
0.00926537
-0.103776
0.429474
-2.81231e-06
-0.428538
0.0287318
-5.52376e-06
-0.0088855
-0.00888931
-0.0081237
-0.00812074
0.0293138
0.000356514
-0.0203016
-0.107705
0.115143
-0.000218985
0.0202609
-0.000309893
0.000470766
0.0799973
0.10765
-0.000438716
0.000624299
-0.105575
0.100515
0.0120736
-0.0116576
-0.000409257
-0.101192
0.000524834
0.11504
0.0800786
-0.000175054
-0.000274526
-0.105589
-0.0895979
-0.000118312
0.000904089
0.437193
0.00151099
0.00119769
0.00123764
0.00205789
0.00198706
0.00197746
0.43446
0.00798346
-0.000659692
-0.000816548
-0.000724719
-0.000746117
-0.000108297
-0.00981548
0.0845803
-6.5244e-06
0.0921366
-0.000268848
-0.0896252
-0.000106667
0.437314
-2.08002e-05
0.00124284
0.00123063
0.00203742
0.00205989
0.00572373
-2.35422e-05
0.434538
0.00775598
-0.000708594
-0.000780334
-0.000800749
-0.000689165
0.00108369
0.00400543
0.00400671
0.00503012
0.00503089
-0.0189282
0.000956352
0.104141
0.103686
0.104144
0.103683
-0.420044
0.00680773
-0.00372694
0.000177471
-0.102165
0.420074
0.0238979
-0.0233459
-0.421349
0.00219368
0.00404294
0.00402469
0.00504605
0.00505851
-0.0190304
0.0272365
0.00196851
0.104172
0.103724
0.103715
0.104184
-0.420146
0.00679356
0.000787531
-0.000560352
-0.0037439
-0.102205
0.00145621
-0.015346
0.00364662
0.00326949
0.00364473
0.00327167
-0.0194842
0.000160382
0.0959258
0.00212939
0.101485
-0.00294078
-0.100866
0.000198262
0.425011
0.00965154
0.00961832
0.00620315
0.00622277
-0.0208308
0.00297787
-0.0154797
0.425083
0.00364784
0.00329611
0.0032772
0.00366541
0.000693199
-0.000491174
-0.0194839
0.0958315
0.00198682
0.000928091
0.101487
-0.000644129
-0.00290266
-0.100855
0.00926504
0.000143759
-0.103776
0.429473
0.000566744
-0.428538
0.000615705
-0.00888539
-0.0088892
-0.00812362
-0.00812061
0.0293143
0.030146
0.105622
0.105152
0.105146
0.105631
-0.425328
0.000661951
-0.000467236
0.009225
-0.103801
0.429455
0.00114706
-0.428561
0.0286714
0.00129733
-0.00883644
-0.00885452
-0.00809417
-0.00808245
0.029221
-9.82782e-05
-0.0203426
-0.107721
0.115188
0.000209965
0.020371
5.70212e-05
3.40455e-06
0.0801442
0.107716
0.000132494
2.35965e-06
-0.105575
0.100573
0.012111
-0.0117124
0.000401936
-0.101185
4.06295e-06
0.115213
0.0801199
0.000167279
0.000268776
-0.105582
-0.0896249
-0.000106539
-0.000282326
0.437313
-0.00155511
0.00124309
0.00122977
0.00203642
0.00205997
-0.002027
0.434537
0.00775982
-0.000709619
-0.00078009
-0.000688911
-0.000801793
0.000408244
-0.0098023
0.0845558
-0.0013477
0.0921254
0.000920022
-0.0895995
-0.000111437
0.43719
-0.00339479
0.00119431
0.00123674
0.00205669
0.00198396
0.00592281
-0.00433201
0.434457
0.00799389
-0.000660879
-0.000820031
-0.000747305
-0.000728276
0.0033816
0.0040934
0.00411987
0.00511751
0.00510317
-0.0193229
0.00307879
0.104306
0.103836
0.104292
0.103848
-0.420507
0.00676098
-0.00375908
0.00107135
-0.102315
0.420778
0.0242872
-0.0237375
-0.421904
0.00454686
0.00428083
0.00421795
0.00519238
0.00522605
-0.0197391
0.0270634
0.00422008
0.104451
0.104042
0.104012
0.104484
-0.420907
0.00666728
0.00231342
-0.00182452
-0.00390536
-0.102619
0.00466018
-0.0158494
0.00373294
0.00333208
0.00369124
0.00337802
-0.0194992
0.000927404
0.0958279
0.00186117
0.101537
-0.00288155
-0.100905
0.00131727
0.425061
0.00984144
0.009782
0.00636671
0.00653274
-0.0217988
0.00625498
-0.0164633
0.424947
0.00383316
0.00365097
0.00349142
0.0040067
0.00251326
-0.00167853
-0.0197244
0.095519
0.00172709
0.00319045
0.101618
-0.00241894
-0.00308619
-0.10103
0.00915804
0.000916321
-0.103884
0.429563
0.00178667
-0.428736
0.00213005
-0.0087497
-0.00872049
-0.00799694
-0.00801011
0.0289373
0.0296247
0.105834
0.105414
0.105383
0.105866
-0.425956
0.00208279
-0.00160749
0.00889145
-0.104126
0.429593
0.00236823
-0.428832
0.0282814
0.00301134
-0.00849206
-0.00856121
-0.00787259
-0.00783464
0.0285733
-0.000736463
-0.0200571
-0.107546
0.114752
0.00103579
0.0201578
0.000695431
-0.000448582
0.0799097
0.107639
0.000866437
-0.000616395
-0.105623
0.100142
0.0118436
-0.0113511
0.00202141
-0.101236
-0.00050935
0.114957
0.0797398
0.00104063
0.00114971
-0.105616
-0.0896884
-0.000218732
-0.00179128
0.437062
-0.00580003
0.00118764
0.0011021
0.00185802
0.00201504
-0.00724114
0.434467
0.00846791
-0.000766694
-0.000712542
-0.00062994
-0.000854402
0.00200581
-0.00971169
0.0853467
-0.00381721
0.092932
0.00302638
-0.0904916
7.74785e-05
0.436629
-0.00919561
0.000948367
0.00103802
0.00187234
0.00151073
0.00733571
-0.011065
0.434187
0.00947267
-0.000611922
-0.000982872
-0.000690646
-0.000921204
0.00530862
0.00451394
0.00465315
0.00546498
0.0053952
-0.0204754
0.00528353
0.104883
0.104425
0.104812
0.104505
-0.421811
0.00662374
-0.00407585
0.00294454
-0.103045
0.422365
0.0249993
-0.0244986
-0.423075
0.00517798
0.00521326
0.00498443
0.00564699
0.00574926
-0.0214316
0.026872
0.00511673
0.105279
0.105144
0.105037
0.105376
-0.422542
0.00661593
0.00364209
-0.00407506
-0.00516166
-0.104473
0.00674758
-0.0175358
0.00487477
0.0040691
0.00453085
0.00436899
-0.0194832
0.00198353
0.0972456
0.00237562
0.101784
-0.00357903
-0.10125
0.00385979
0.425392
0.00727174
0.00872273
0.00706643
0.00617223
-0.0212942
0.00572737
-0.0180089
0.42486
0.00508489
0.00480669
0.00466771
0.00500203
-0.00556717
0.000880728
-0.0105586
0.0869337
0.00572488
0.00372321
0.105148
-0.00419244
-0.00504559
-0.105358
0.0086687
0.00269943
-0.104515
0.430006
0.00297473
-0.429252
0.00393711
-0.00822898
-0.00813144
-0.00759689
-0.00763976
0.0278474
0.0284568
0.106578
0.106448
0.106309
0.106696
-0.42754
0.00307575
-0.0035448
0.0076154
-0.105901
0.430324
0.00300033
-0.42938
0.027487
0.00414517
-0.00741767
-0.00767337
-0.00729415
-0.00717707
0.0269644
-0.0030986
-0.0185909
-0.10756
0.113941
0.00386985
0.0190343
0.0053741
-0.00277916
0.0781328
0.107458
0.00256159
-0.00199385
-0.10599
0.100745
0.0106157
-0.0109284
0.00827714
-0.102384
-0.00214319
0.113716
0.0797341
0.00779406
0.00292568
-0.106175
-0.0925762
0.000308352
-0.00424163
0.435923
-0.0131747
0.000804445
0.000385468
0.00021672
0.00123633
-0.0152016
0.434133
0.0111848
-0.00175934
-0.000888707
-0.000888829
-0.00172201
0.0187687
0.000877051
0.0843031
-0.00360075
0.105689
0.00451346
-0.105653
0.00477649
0.435248
-0.0137033
-0.00271607
-0.00122097
-0.000164801
-0.0033632
0.0132383
-0.0155867
0.433709
0.0139373
-0.00166325
-0.00421099
-0.00184423
-0.00429522
0.00553885
0.00699312
0.00481922
0.00537984
0.00628692
-0.0202202
-0.10503
-0.00502361
0.126925
0.0045232
0.0307734
0.129725
-0.0101495
-0.1395
0.0014958
0.426095
0.0218387
-0.424637
-0.0213131
0.0224953
0.425988
-0.0203591
0.00350912
0.429066
0.0237701
-0.424969
-0.00266526
-0.00329707
-0.00251697
-0.00468179
0.00713269
0.0256499
0.42758
-0.00152092
-0.00100957
-0.000336829
-0.00293606
0.00413407
-0.136915
0.00961354
-0.00370907
0.436421
0.00355996
-0.432625
-0.00669149
-0.00673712
-0.00659482
-0.00668479
-0.0014363
0.437742
-0.00613774
-0.00598017
-0.00604623
-0.00606538
0.0211791
0.435085
0.0252597
-0.431131
-0.00195989
-0.00262334
-0.00347071
-0.00203477
0.0231801
0.435498
-0.000304752
0.00221102
-0.000799134
0.00166117
-0.000711743
0.434792
-0.432154
0.0237796
0.00240134
0.435416
0.0216041
-0.00048444
0.00529997
-0.105945
-0.006201
0.111608
-0.00468334
0.106188
-0.00366557
0.00330765
-0.105434
0.000624175
-0.0167242
0.0796693
0.0189393
-0.00250347
0.0890337
-0.00909088
-0.101736
0.109932
0.00439823
-0.00341198
-0.105154
0.07495
-0.00884148
0.00189293
0.114622
-0.00294584
-0.00257321
-0.111721
0.000463055
0.109302
0.000363543
-0.00101614
-0.006419
0.00933313
-0.00718744
-0.0700256
-0.00104403
0.0797085
0.0019924
-0.000743672
0.113969
-0.00444048
-0.105677
-0.00914889
-0.00378653
0.112614
-0.00149108
0.0884885
0.0109227
-0.100417
0.00301803
0.105667
-0.00246479
-0.104537
0.00482751
0.0102407
0.0757487
-0.0029582
-0.104703
0.0753256
0.11316
-0.00295753
0.116222
-0.00487261
-0.00276999
-0.00810028
-0.06942
0.0781874
0.00158037
-0.116667
-0.00196111
0.114884
0.00340748
0.00574082
-0.00245257
0.114888
-0.00263457
-0.000491638
-0.00783994
0.113074
-0.000122048
0.00681831
-0.00286111
0.000923157
-0.110383
0.00539143
0.11003
-0.00443952
-0.0700761
-0.00198961
0.00286873
0.0744254
-0.000254579
-0.00268236
0.00412264
0.108994
-0.0186748
-0.107473
-0.0030875
0.113926
0.100787
0.0105456
-0.102334
0.00535313
0.0191184
0.0781478
0.00255215
0.107374
-0.105939
0.0797522
-0.10612
0.113703
-0.00871749
0.114632
2.342e-05
-0.0689856
-0.0044707
0.0745697
0.000633281
0.00962705
-0.000799741
-0.00288571
-0.115158
0.00178149
0.109833
0.109531
-0.000330779
0.00231936
-0.105388
-0.0109371
0.113327
-0.00178888
0.105438
-0.00201843
-0.104194
0.010693
-0.00194255
0.0758159
-0.000368654
0.0874611
-0.00234674
-0.0992539
0.1132
-0.00157518
-0.104088
0.0759149
-0.00133342
0.0022567
0.116893
-0.00635397
-0.00184323
-0.116709
-0.00190629
0.114626
0.00612325
-0.00173893
-0.00776802
-0.0690904
-0.00126184
0.0765468
-0.00168404
0.114679
-0.00126839
-0.105246
-0.0110552
-0.00137526
0.113303
-0.00032031
0.0873172
0.0114245
-0.0990591
0.00123098
0.105236
-0.000914273
-0.103881
0.000982869
0.0110974
0.0759277
-0.00069954
-0.103923
0.0759115
0.113337
-0.00102127
0.116927
-0.00645918
-0.00144721
-0.00768907
-0.0691208
0.0765216
0.00137375
-0.117004
-0.00106665
0.114737
0.000936919
0.00651789
-0.000692078
0.114675
-0.00109335
0.000342563
-0.0101358
0.116073
-0.000321475
0.00998138
-0.000597822
-0.115564
0.00116489
0.110085
-0.0691871
-0.0049168
0.00046172
0.0743519
-0.000397038
0.000719432
0.110439
-0.0200581
-0.107549
-0.00075843
0.114749
0.100205
0.0118428
-0.101244
0.000740553
0.0201577
0.0799148
0.000875133
0.107645
-0.105626
0.0797433
-0.105615
0.114958
-0.0102519
0.116354
-0.000251459
-0.0693547
-0.00490083
0.0744179
0.000260381
0.0103006
-0.000149865
-0.000464594
-0.116618
0.000289127
0.110827
0.110619
-0.000187936
0.000727616
-0.105158
-0.0111164
0.113306
-0.000467413
0.105156
-0.000657379
-0.103782
0.0111094
-0.000488007
0.0758912
-0.0002388
0.0871917
-0.000538896
-0.0989205
0.113286
-0.00042148
-0.10377
0.075898
-0.000310685
0.000783775
0.11702
-0.00655624
-0.000505673
-0.116979
-0.000770332
0.114714
0.00653735
-0.000486904
-0.00759751
-0.0691744
-0.000343458
0.0765911
-0.000499756
0.114756
-0.000319537
-0.105139
-0.011111
-0.000231893
0.113299
-0.000235606
0.0871464
0.0117181
-0.0988976
0.00021036
0.105153
1.89417e-06
-0.103746
0.000165252
0.0110936
0.0758892
1.32027e-06
-0.103745
0.0758899
0.113304
2.14843e-06
0.117023
-0.00655725
-0.000246078
-0.00759782
-0.0691763
0.0766004
0.000240432
-0.117027
3.26871e-06
0.114767
0.000163111
0.00655198
3.69772e-06
0.114762
3.39249e-06
0.000130866
-0.0103823
0.116868
-8.34165e-05
0.0103652
-9.39812e-05
-0.116738
0.000183466
0.110916
-0.0696479
-0.00491128
9.4388e-05
0.0746064
-4.56494e-05
0.000104414
0.11103
-0.0203433
-0.107723
-0.000106146
0.115189
0.100577
0.0121118
-0.101186
6.26059e-05
0.0203713
0.0801447
0.000137765
0.107716
-0.105575
0.0801212
-0.105583
0.115214
-0.0104097
0.116931
-4.54596e-05
-0.0696849
-0.00489459
0.0746314
1.90256e-05
0.0104197
-4.17285e-06
-4.35173e-05
-0.116968
-4.91645e-06
0.111121
0.111085
-5.04349e-06
-0.000237028
-0.10514
-0.0111115
0.1133
0.000473234
0.105154
0.000213864
-0.103746
0.011094
0.00017014
0.0758896
-0.000235037
0.0871505
0.000546273
-0.0988985
0.113304
0.000425227
-0.103745
0.0758914
0.000317695
-0.00025297
0.117022
-0.00655614
0.000513097
-0.117027
0.000246506
0.114767
0.00655183
0.000171143
-0.00759953
-0.0691762
0.000355124
0.0766
0.000505258
0.114762
0.000330189
-0.105159
-0.0111174
0.00073473
0.113307
-0.000237571
0.0871999
0.0116463
-0.0989226
-0.000661584
0.105158
0.000918863
-0.103783
-0.000499277
0.0111099
0.0758955
0.00072023
-0.103771
0.0759008
0.113287
0.00103074
0.117019
-0.00655414
0.000791525
-0.00760038
-0.0691742
0.0765905
-0.000773415
-0.116976
0.00106612
0.114712
-0.000502724
0.00653248
0.000718249
0.114755
0.00110147
-3.50763e-05
-0.0104106
0.116931
7.20649e-05
0.0104197
1.02913e-05
-0.116968
-5.31387e-05
0.111121
-0.0696853
-0.00489285
-0.000105671
0.0746321
3.43692e-05
-0.000113714
0.111086
-0.0203004
-0.107703
0.000344945
0.115142
0.100507
0.012072
-0.10119
-0.000297627
0.0202602
0.0799938
-0.000431835
0.107646
-0.105572
0.0800761
-0.105587
0.115039
-0.0103843
0.116868
0.000117954
-0.0696487
-0.00490833
0.0746075
-7.74769e-05
0.0103699
0.000123064
0.00019114
-0.116741
-0.000293947
0.110917
0.111031
0.000173412
-0.00138862
-0.105246
-0.0110561
0.113297
0.00180688
0.105239
0.00123535
-0.103882
0.0110974
0.001025
0.075934
-0.000323024
0.0873796
0.00240256
-0.0990681
0.113337
0.00157772
-0.103918
0.0759175
0.00143096
-0.00145255
0.116919
-0.00644725
0.00184324
-0.116999
0.00136518
0.114734
0.00650925
0.000980581
-0.00769994
-0.0691172
0.00129791
0.0765208
0.00166628
0.114672
0.00133361
-0.10534
-0.0109778
0.00233328
0.113312
-0.000408782
0.0875108
0.0112006
-0.0992363
-0.00201715
0.105343
0.00246102
-0.10414
-0.00203545
0.0107746
0.0758383
0.00298575
-0.10406
0.0759286
0.113176
0.0029608
0.116889
-0.00635767
0.00225164
-0.00776654
-0.0691072
0.0765675
-0.00188657
-0.116709
0.00195306
0.114639
-0.00179728
0.00614274
0.00247549
0.114685
0.00263155
-0.000238122
-0.0102635
0.116361
0.000312419
0.0103095
0.000216077
-0.116622
-0.000461895
0.110828
-0.0693595
-0.00488909
-0.000498662
0.0744192
0.000332952
-0.000707487
0.110619
-0.0198377
-0.107507
0.00148932
0.114528
0.0999738
0.0116476
-0.101346
-0.00166079
0.0195606
0.0790669
-0.00155637
0.107365
-0.105714
0.079516
-0.105693
0.114075
-0.0101324
0.116068
0.000340796
-0.0691744
-0.00491798
0.0743344
-0.000542069
0.00996305
0.000779482
0.00114891
-0.115547
-0.00177359
0.110053
0.110422
0.000332433
-0.00377973
-0.105576
-0.00923291
0.112584
0.00466695
0.105567
0.00301126
-0.104476
0.010325
0.00480851
0.0757742
-0.00156716
0.0885438
0.00904453
-0.100372
0.113131
0.00340279
-0.10464
0.0753565
0.00876281
-0.00276611
0.116224
-0.0048994
0.00257155
-0.116667
0.00158424
0.114899
0.00576368
0.00339105
-0.00808178
-0.0694689
0.00102231
0.0782332
0.000762049
0.114901
0.00437932
-0.105837
-0.00627974
0.00527413
0.111571
-0.00258507
0.0890458
0.0102853
-0.101686
-0.00365615
0.106067
-0.105372
0.0033006
-0.0165232
0.000639002
0.0794628
0.0188453
-0.10509
0.0750056
0.109821
0.00437835
0.114613
-0.002971
0.00190082
-0.00716212
-0.0701004
0.0797436
0.00042905
-0.111608
0.109281
0.000373288
-0.00631349
-0.00102551
0.00930931
0.113971
0.00199242
1.47252e-05
-0.00869202
0.114617
0.000133727
0.00960465
0.00065299
-0.115141
-0.00288578
0.109801
-0.0689494
-0.00449001
-0.00284962
0.074541
0.00274562
-0.00413465
0.109504
-0.0154571
-0.107734
0.00440068
0.112522
0.099988
0.0095546
-0.103606
-0.0142768
0.00956121
0.0808303
0.014387
-0.00322334
0.108013
0.00283538
-0.106957
0.0780482
-0.106614
0.110192
0.00353132
-0.00781619
0.113072
-0.000486318
-0.0700104
-0.00201165
0.0744094
-0.0029672
0.00682338
0.000932078
0.00541582
-0.110493
0.110047
-0.00444175
0.108981
-0.000245426
0.0204987
-0.00391965
0.00215954
-0.0185335
0.426153
-1.53002e-06
5.29721e-05
-0.000655133
-0.000305627
0.00112467
0.0225582
0.426641
-0.00119328
-0.00131036
-0.00132459
-0.0011702
0.00245067
0.425332
0.00635163
0.00584993
0.00609057
0.00551778
-0.020451
0.425305
0.00521348
0.00544043
0.00509305
0.0049502
-0.0188218
0.00238328
-0.00676704
-0.000268825
0.128858
0.00782221
0.106495
-0.00619811
-0.106539
0.00216751
0.021336
0.000310143
0.00216133
0.00245844
-2.27629e-05
-0.00441516
0.434123
0.00757699
-0.00413659
0.00929085
0.433776
-0.00513843
0.0175307
0.00473292
-0.00767878
0.129066
0.107549
-0.107328
0.0067869
-0.00279461
0.434559
-0.0046959
-0.00524696
-0.00476342
-0.00543651
0.0171108
0.433893
-0.00548909
-0.00532661
-0.00570345
-0.00564731
0.0164777
0.00855397
0.106417
-0.00676896
-0.00582605
0.0905065
0.00854093
0.103844
0.00666741
-0.0048592
-0.00118322
0.00488138
0.104854
0.0042242
0.0150339
-0.00729814
0.10539
-0.0330473
0.106589
-0.00416005
-0.00572227
0.0106668
0.0994127
0.00228099
0.102346
-0.00328769
-0.00981158
0.0848589
0.00128133
0.102411
0.00154335
-0.00248648
0.00199703
0.00187462
0.102905
-0.00166329
0.00481621
-0.00685641
-0.0014456
0.0905443
-0.00325231
0.102967
-0.0017572
0.00340545
0.0900239
0.000476005
0.102544
-0.000714492
-0.00983452
0.0845945
0.000241023
0.102625
0.000284112
-0.000671317
0.00215611
0.000419371
0.102779
-0.00209645
0.00111681
-0.0016759
-0.00245651
0.0896678
-0.000978727
0.102742
-0.00254121
0.000710022
0.0896986
-0.000140117
0.102684
4.37875e-06
-0.00980826
0.084575
-0.00025237
0.102658
-0.000291077
0.000208748
0.00212997
-0.000425736
0.102782
-0.00215325
-0.000357188
9.42351e-06
-0.00264748
0.089729
4.3297e-06
0.102795
-0.00262458
-0.000730304
0.0897026
-0.0010613
0.10252
0.00071424
-0.00977644
0.0846221
-0.00131548
0.102411
-0.00152718
0.00136089
0.0019906
-0.00185833
0.102776
-0.00212716
-0.00239283
0.00170398
-0.00228008
0.0897369
0.000977649
0.102791
-0.00210501
-0.00344085
0.0897657
-0.00481774
0.102029
0.00327915
-0.00952726
0.0876332
-0.00852228
0.102223
-0.00667861
0.0040887
-0.000426668
-0.00488978
0.103668
-0.000907963
-0.00863607
0.00686259
-0.00359491
0.0921101
0.00324351
0.103203
-0.00551794
-0.0106422
0.0947305
0.00387876
0.00521567
0.00544175
0.00509253
0.00495104
-0.0188218
-0.00672407
0.128867
-0.000306555
0.00781485
0.106496
-0.00619613
-0.106539
0.00214686
0.425176
0.0220423
-0.0196819
0.0204891
0.424969
-0.0185421
0.00213841
0.426149
0.0232535
2.36172e-05
4.10247e-05
-0.000668809
-0.00028514
0.0011095
0.022542
0.426641
-0.001204
-0.00129479
-0.00133322
-0.00115296
0.00243953
-0.107334
0.00678278
-0.00278717
0.434557
-0.00754052
-0.00467295
-0.00475566
-0.00522998
-0.00542833
-0.00925034
0.433895
-0.00548709
-0.005324
-0.00569839
-0.00564259
0.0164781
0.431678
0.0211409
0.00440795
0.00238162
0.00135385
0.0039011
0.0213235
0.432405
0.00031859
0.00215174
0.00244786
-1.56362e-05
-0.00441123
0.434122
0.0190124
-0.00411796
0.433776
0.0175375
-0.00511766
-0.000139497
0.106058
8.41903e-05
-0.0172826
0.098245
-0.000401012
0.10622
-0.00095987
0.00207671
0.00738291
-0.00214016
0.105958
-0.00649895
-0.0025867
0.105005
-0.0163117
0.106087
0.00171886
-0.00495719
0.102276
-0.0192009
0.0989722
0.00164749
0.105485
-0.00191474
0.106105
0.00777563
-0.00210489
0.105633
0.00441008
-0.00700444
0.00359202
-0.00381116
0.100006
0.00551646
0.100684
-0.0018731
0.105283
-0.00952002
0.0876668
-0.00481666
0.10207
0.102258
-0.000429084
0.00408866
0.103706
-0.00864853
-0.000903888
0.0921664
0.0947725
0.103246
-0.00177378
0.104588
-0.0196156
0.0957183
-0.00121763
0.104585
-0.0015206
0.00165944
0.00600109
-0.00138238
0.104668
-0.00615026
-0.00284414
0.0992071
0.104748
-0.00200135
0.0991193
-0.0195339
0.09575
0.00123761
0.104638
-0.000957663
0.104584
0.00596012
-0.00111214
0.104635
0.00144605
-0.00594715
0.00227026
-0.00102247
0.0990785
0.00208974
0.0990651
-0.00084631
0.104668
-0.00978925
0.0846236
-0.00106933
0.102522
0.102416
0.00200575
0.00136934
0.102781
-0.00235906
-0.00213939
0.0897342
0.0897655
0.102793
-0.000692717
0.104619
-0.0194725
0.0958944
-0.00031145
0.104658
-0.000448634
0.000610788
0.00597182
-0.000392329
0.10467
-0.00596338
-0.000716712
0.099031
0.10464
-0.000449501
0.0990577
-0.0194796
0.0959207
0.000217099
0.10467
2.64783e-06
0.104666
0.00599136
-0.000190864
0.104674
0.00021939
-0.00600041
0.00264761
6.82815e-06
0.0990525
0.00262349
0.0990585
2.28458e-06
0.104677
-0.00981005
0.0845742
-0.000131883
0.102684
0.102658
0.00213295
0.000200688
0.102781
-0.000338289
-0.00215388
0.0897294
0.0897023
0.102795
0.000221772
0.10467
-0.0194813
0.0959211
0.000320574
0.104665
0.000452121
-0.000194988
0.00599331
0.000395361
0.104674
-0.0060006
0.000233451
0.0990523
0.104677
0.000465002
0.0990583
-0.0194751
0.095895
-0.000693075
0.104619
0.000953705
0.104657
0.00597467
0.000611497
0.10467
-0.000734342
-0.00596916
0.00246188
0.00104251
0.0990306
0.00254276
0.0990576
0.000843505
0.10464
-0.00983156
0.084595
0.000480051
0.102543
0.102625
0.00215153
-0.000674801
0.102779
0.00114035
-0.00208831
0.0896696
0.0896993
0.102742
0.00122658
0.104638
-0.0195444
0.0957554
0.00123709
0.104585
0.00150266
-0.00110424
0.005972
0.00136894
0.104637
-0.00595505
0.00146742
0.099078
0.104669
0.00202352
0.0990663
-0.0196192
0.0957452
-0.00175591
0.104604
0.00190764
0.104594
0.00600619
0.00164605
0.104677
-0.00286138
-0.00614978
0.00144937
0.00381657
0.0992642
0.00176562
0.0991479
0.00186723
0.104766
-0.00980856
0.0848333
0.00226321
0.102306
0.102388
0.00199105
-0.0024693
0.10288
0.00484147
-0.00166539
0.0904825
0.0899906
0.102925
0.00165162
0.105503
-0.0191966
0.0990243
0.000388928
0.106121
0.000975224
-0.00210688
0.00777406
0.00215046
0.10565
-0.00700406
0.00440261
0.100069
0.105302
0.00493625
0.100747
-0.017275
0.0982882
-0.000164344
0.106057
0.000102111
0.10623
0.00738276
0.0020939
0.10597
-0.00254485
-0.00650121
0.00731596
0.105024
-0.0163603
0.0057358
0.102327
0.106088
0.00173351
-0.00583082
0.0904867
0.00857203
0.106416
-0.00677982
0.103822
-0.00119036
-0.00487122
0.104829
0.0150042
0.00423552
-0.0330244
0.105404
0.0993942
-0.004169
0.106586
0.0237922
-0.00442213
0.423969
-0.0043976
-0.00830761
0.0251936
0.423575
0.0254512
0.0227954
0.423051
0.0268302
0.0255298
0.105888
0.10564
0.105957
-0.00253186
-0.00247982
-0.00188552
0.0183782
-0.00386839
0.426371
-0.00638882
-0.00646146
0.02129
0.42473
0.0201543
0.0193267
-0.00697103
0.426064
0.0251375
-0.0112882
-0.106477
-0.106656
-0.106519
0.0240871
-0.0109548
0.0262986
-0.00655054
0.430654
-0.00288321
-0.00376931
0.428795
0.0275055
0.0273631
0.107454
0.107226
0.107464
-0.00217904
-0.00197018
-0.00149398
0.43068
0.018803
0.00749201
0.433448
0.00905899
0.00774758
0.431159
0.0213445
-0.108131
-0.107855
-0.108263
0.019887
0.01138
0.433233
0.0142727
0.0121102
0.0186296
-0.00229996
0.00236867
0.421793
-0.00474454
0.00452139
-0.419227
-0.00419391
0.422926
0.00401268
0.419275
0.0189548
-0.418773
0.0180308
0.419694
-0.00214735
0.422727
-0.00382389
-0.4193
0.424687
-0.00366906
0.0172358
-0.00217211
0.00205731
0.420549
-0.00302319
0.0027475
-0.00311702
0.00291726
0.418571
0.0186712
0.0170365
-0.00206504
0.420916
-0.003026
-0.00293314
0.0158845
-0.00747615
0.42112
-0.0128746
-0.106138
-0.103348
-0.105978
-0.0119599
0.0165235
0.424477
0.0138598
0.0138049
-0.00648063
0.415887
0.0100252
-0.0104155
-0.101866
-0.105428
-0.105493
0.00962878
-0.0100767
0.0132569
0.0143779
0.432043
0.0152074
0.0139475
0.403583
0.00971893
-0.0972292
-0.104099
-0.10443
0.00693934
0.0108174
0.431624
0.0113664
0.00998384
0.0203307
0.0027051
-0.00277963
0.440282
-0.000562456
0.000665148
-0.43815
0.000924524
0.440841
-0.000713128
0.442872
0.0241904
-0.438436
0.0199522
0.443313
0.00221725
0.440883
-0.000326823
-0.438375
0.441444
0.000889108
0.0143213
0.00745097
-0.00747788
0.440271
0.00263822
-0.00238897
0.00324015
-0.00290571
0.439415
0.0146593
0.0125531
0.00612874
0.4405
0.00228829
0.00283546
0.0171535
-0.00173062
0.422786
-0.00287642
-0.418858
-0.00294569
0.424923
0.419163
0.0176194
-0.41844
0.0167743
0.419699
-0.00120577
0.422961
-0.00186547
-0.418787
0.425176
-0.00198106
0.0162658
-0.00168357
0.420756
-0.00262928
-0.00251107
0.418445
0.0177336
0.0159692
-0.00117069
0.420904
-0.00183285
-0.00172809
0.0120436
-0.00474017
0.415261
-0.00689111
-0.105314
-0.101563
-0.105321
-0.00683147
0.00654252
0.424583
0.0113443
0.0115428
-0.00293772
0.415258
0.00685944
-0.00400511
-0.10153
-0.105305
-0.105289
0.0065059
-0.00408379
0.00412236
0.00772599
0.430764
0.00765272
0.0071555
0.392868
0.00753992
-0.0922408
-0.103089
-0.103083
0.00373393
0.00456063
0.430618
0.00447905
0.0042509
0.0197408
0.0016092
0.441276
-0.000162091
-0.438499
0.000771928
0.441857
0.444487
0.0245902
-0.438981
0.0194665
0.445081
0.00104755
0.441677
-8.55343e-05
-0.438698
0.442264
0.000510769
0.0114514
0.00459209
0.440581
0.00182591
0.00229431
0.439843
0.0129591
0.0105828
0.00294523
0.44078
0.00118697
0.00152481
0.0164167
-0.000618027
0.422886
-0.000922209
-0.418591
-0.000997694
0.425168
0.419084
0.0171491
-0.418283
0.016299
0.419669
4.15955e-06
0.42292
5.33287e-06
-0.418574
0.425236
6.42297e-06
0.0156592
-0.000602706
0.42087
-0.000940246
-0.000890974
0.418409
0.017317
0.0155667
3.88627e-06
0.420928
4.84738e-06
2.17076e-06
0.0113796
-0.0014223
0.415192
-0.0018085
-0.105253
-0.101501
-0.105267
-0.00188822
0.0068447
0.424637
0.0111061
0.0113643
2.10662e-05
0.415215
0.00755271
1.80271e-05
-0.101494
-0.105254
-0.105255
0.00713192
1.7521e-05
0.00365401
0.00215226
0.430389
0.00211856
0.00204292
0.392476
0.00766216
-0.0921278
-0.103085
-0.103077
0.00370486
-1.62371e-05
0.430375
-2.48122e-05
-2.45622e-05
0.0194155
0.00049842
0.441868
-2.65652e-05
-0.438773
0.000273156
0.442453
0.445106
0.0247458
-0.439241
0.0193319
0.445711
-8.20041e-06
0.441992
-3.70112e-06
-0.438835
0.442578
-4.44739e-06
0.0102117
0.00144622
0.440833
0.00060778
0.000783129
0.440083
0.0124739
0.00996456
-4.84903e-06
0.4409
-4.35204e-06
-3.56681e-06
0.0163002
0.000626234
0.42292
0.0009329
-0.418575
0.00101003
0.425236
0.419071
0.0172617
-0.418293
0.0164204
0.419642
0.00121303
0.422886
0.00187565
-0.418593
0.425165
0.00199139
0.0155679
0.000610735
0.420928
0.000948525
0.000893673
0.418386
0.0174209
0.0156625
0.00117728
0.420867
0.00183654
0.00172566
0.0113666
0.00146615
0.415214
0.00184318
-0.105254
-0.101493
-0.105255
0.00192279
0.00713618
0.424583
0.0111479
0.0113865
0.00297824
0.415192
0.00727774
0.0040301
-0.101501
-0.105253
-0.105267
0.00686284
0.00410877
0.00370739
-0.00218435
0.430375
-0.00217034
-0.00209471
0.392483
0.00759956
-0.0921371
-0.103048
-0.103068
0.00366282
-0.00458467
0.430388
-0.00452723
-0.004299
0.0193334
-0.000514431
0.441991
1.92298e-05
-0.438834
-0.000281767
0.442578
0.444889
0.024742
-0.439133
0.01942
0.44549
-0.0010617
0.441868
7.91683e-05
-0.438771
0.442453
-0.000517978
0.00996621
-0.00145365
0.4409
-0.000616065
-0.000790224
0.439973
0.0126707
0.0102164
-0.00294586
0.440833
-0.00119336
-0.00152973
0.0167808
0.00173629
0.422959
0.00288478
-0.418788
0.00295256
0.425171
0.419134
0.0180293
-0.41849
0.0171652
0.419631
0.00214974
0.422777
0.00382689
-0.418854
0.424916
0.00367073
0.0159746
0.00168887
0.420899
0.00262734
0.00250399
0.418409
0.0180289
0.0162724
0.00206703
0.420749
0.00302426
0.00292935
0.0115576
0.0047644
0.415264
0.00689181
-0.105306
-0.101533
-0.105292
0.00682745
0.0065476
0.424433
0.0119422
0.0120445
0.00648982
0.415365
0.00694088
0.0104096
-0.101594
-0.105334
-0.105335
0.00657379
0.0100714
0.00375201
-0.00772051
0.430612
-0.00768229
-0.00718054
0.394329
0.00764286
-0.0925105
-0.10323
-0.103184
0.00411611
-0.010812
0.430752
-0.01138
-0.00999496
0.0194739
-0.00161901
0.441676
0.000157213
-0.438696
-0.000776918
0.442264
0.443758
0.0245371
-0.438687
0.0197486
0.444331
-0.00222002
0.441277
0.000324933
-0.438496
0.441857
-0.000890979
0.0105899
-0.00458569
0.440781
-0.00182975
-0.00229733
0.439556
0.0136881
0.0114581
-0.00612545
0.440582
-0.00228963
-0.00283627
0.0180413
0.00229856
0.422712
0.00474122
-0.41929
0.00419105
0.424677
0.419109
0.0195511
-0.418903
0.0186362
0.419324
0.00236461
0.421767
-0.419216
0.00451481
0.422909
0.00400742
0.0170434
0.00217068
0.420908
0.00302601
0.00312176
0.418439
0.0186495
0.0172425
0.00205348
0.42054
0.00275073
0.00292595
0.0137966
0.00746565
0.416036
0.0128677
-0.105452
-0.101925
-0.105517
0.0119563
0.00965305
0.42432
0.0163042
0.0158867
0.00693791
0.421205
0.0173908
0.0112581
-0.103394
-0.106147
-0.105993
0.0165631
0.0109271
0.00693222
-0.0143833
0.431611
-0.0151981
-0.0139392
0.420848
0.0152705
-0.101524
-0.107134
-0.106145
0.0132799
-0.0113706
0.432036
-0.0142255
-0.0120661
0.0199584
-0.00270067
0.440886
0.000563821
-0.438372
-0.000923186
0.441444
0.441537
0.0237018
-0.438301
0.0203359
0.442022
-0.00276931
0.440287
-0.438149
0.000668963
0.440843
-0.000708883
0.0125595
-0.0074554
0.440502
-0.00263736
-0.00323925
0.439256
0.016182
0.0143318
-0.00748123
0.440272
-0.00238537
-0.00290245
0.0228415
0.00441449
0.423045
0.00439421
0.00829283
0.0256989
-0.00252898
-0.00247524
-0.00188491
0.105841
0.105623
0.105932
0.423976
0.0258819
0.0237986
0.423968
0.0266302
0.0252172
0.0193185
0.00383764
0.426067
0.00636233
-0.106479
-0.106656
-0.10652
0.00643605
0.0240776
0.424505
0.0192857
0.0183735
0.426371
0.0220748
0.0212749
0.027413
0.00656651
0.1075
0.107244
0.107488
-0.00218493
-0.00197486
-0.00149577
0.430678
0.00288644
0.00377724
0.429618
0.0271878
0.0263102
0.430652
0.00680749
0.00600126
-0.00433796
0.13858
0.108335
0.00247508
0.00253087
0.109406
-0.00675858
-0.108077
0.108812
0.107843
0.00683304
-0.00616766
-0.00545817
0.109073
0.108092
-0.00378284
-0.111073
0.00636475
-0.00562207
-0.011897
0.1072
0.00531888
0.108459
-0.111085
-0.00593732
-0.00214191
0.107674
0.108625
-0.109938
-0.00565163
0.108061
-0.0067462
0.107832
0.0198749
-0.00748102
0.433237
-0.00902152
-0.00771347
0.431665
0.0200632
0.018794
0.433449
0.106552
0.00293321
-0.0031772
0.00767668
0.137241
0.00422355
0.00326941
0.108864
-0.106453
0.00451505
0.107605
-0.0053349
0.1061
0.00610779
0.108149
0.00543207
-0.109828
0.000333718
0.106574
-0.00413885
0.00507763
0.00579429
0.00170423
0.108135
0.00503607
-0.00754314
-0.109441
0.0108155
0.106676
0.106919
0.00585552
0.00677196
0.00594356
0.138357
0.108241
0.00246803
0.00251711
0.10927
-0.00673536
-0.108031
0.108744
0.107791
0.00680004
0.108987
0.00640431
0.00210466
-0.109294
-0.00259057
0.111044
0.000150315
-0.00673574
0.109282
-0.109434
0.00766581
0.111068
0.109916
-0.00266386
-0.105208
-0.00461948
-0.104009
-0.00360928
0.00641249
-0.10499
-0.0024919
0.00193563
0.00578062
-0.00178764
-0.00595976
-0.00243136
0.00656683
-0.00213294
0.00651207
-0.0042326
-0.103311
0.00646551
0.00225472
-0.104421
-0.0018877
-0.104548
0.00563005
-0.00162582
0.00185698
-0.00554645
0.00658998
-0.00153224
0.00654894
-0.00139368
0.00314859
0.106
0.00477463
-0.00288985
-0.106182
-0.00354505
0.00335023
-0.00519876
-0.00498101
0.00572145
0.00412561
-0.00440132
-0.102885
-0.00426312
0.00399314
0.0028506
-0.00326318
-0.00465804
0.00384292
0.105623
0.00450424
-0.00251804
-0.00400875
-0.101403
0.00314879
0.00277893
-0.105473
-0.00225135
0.00403058
-0.00387886
0.00186255
-0.00319468
0.00315839
-0.00206534
-0.00228422
-0.106635
0.0079469
-0.10542
-0.00319674
-0.106443
-0.0020954
0.00150345
-0.00724135
-0.00141236
0.00709878
-0.0019383
-0.00178006
0.00838717
-0.104757
0.00191209
-0.105885
-0.00156468
-0.106017
-0.00746129
-0.00135589
0.00164284
0.00755548
-0.00135121
-0.0011631
-0.00216114
-0.00320092
0.105836
0.00273255
0.005085
0.00483785
-0.00445259
-0.107103
0.00163442
-0.00110978
-0.0996836
0.00226032
0.00439637
-0.00186917
0.00520889
0.00173317
-0.0029034
0.104899
0.00269269
-0.0954178
0.0014859
-0.00481851
0.00186312
0.00435164
-0.00197301
-0.104484
0.00178465
0.00243566
-0.00159371
-0.104072
-0.00378865
-0.102527
-0.00139071
0.00663716
-0.103995
-0.00127284
0.00121235
0.0054281
-0.000996109
-0.00545028
-0.00129953
0.00662933
-0.00103921
0.00665184
-0.00377202
-0.102349
0.00673539
0.0010172
-0.103799
-0.000764397
-0.103835
0.0054048
-0.000813665
0.000833419
-0.00539998
0.00671283
-0.000624389
0.00669647
-0.000618863
0.00171153
0.105154
0.00299939
-0.00137158
-0.10519
-0.00181732
-0.00320281
-0.00235799
0.000600935
-0.00291967
-0.100936
-0.00178327
0.0016573
-0.00141844
-0.00169155
0.000516139
0.105115
0.00295938
-0.00108583
-0.00288515
-0.100894
0.00177297
0.00110762
-0.105132
-0.000826476
0.00122131
-0.00295452
0.000759014
-0.000852553
0.000660643
-0.000817434
-0.00128917
-0.10558
0.00895827
-0.104042
-0.00121945
-0.105544
-0.00100292
0.000996311
-0.00776266
-0.000810167
0.00770752
-0.00112978
-0.000898674
0.00910587
-0.103911
0.000790107
-0.105424
-0.000582243
-0.105437
-0.00785845
-0.000664329
0.000724139
0.00788298
-0.000538885
-0.00050234
-0.0020433
-0.00129036
0.103943
0.00169002
0.0015764
0.00336685
-0.104022
0.00163584
-0.0900113
-0.000241307
0.00238171
0.00260522
0.00143767
-0.00139735
0.103796
0.00131441
-0.0897308
-0.000130571
-0.00190315
0.00131049
0.00139946
-0.0011733
-0.103794
0.000941595
0.00099857
-0.00055517
-0.103692
-0.00373841
-0.102196
-0.000355223
0.00681197
-0.103681
-0.000357414
0.000451938
0.00538041
-0.000295749
-0.00538312
-0.000454795
0.0067335
-0.00029487
0.00673899
-0.00373566
-0.102167
0.00682523
0.000179411
-0.103648
1.25726e-06
-0.103652
0.00537604
-0.000152368
0.000150309
-0.00537351
0.0067435
7.07373e-07
0.0067474
7.75576e-07
0.000586393
0.105112
0.00299256
-0.000375
-0.105093
-0.000590785
-0.00297874
-0.000586745
0.000888438
-0.00290747
-0.100877
-0.000388084
0.00204148
-0.000376686
-0.000364254
0.000950446
0.10511
0.00301648
-0.000182206
-0.00293092
-0.100875
0.00210925
0.000182252
-0.10511
2.30803e-06
0.000176267
-0.00302742
0.00103145
6.0112e-06
0.00101246
2.25026e-06
-0.000418026
-0.105349
0.00924655
-0.103801
-0.000296926
-0.105349
-0.000266223
0.000365097
-0.00794662
-0.000238631
0.00793683
-0.000391481
-0.0002532
0.00927065
-0.103783
0.000134213
-0.105328
-1.46827e-06
-0.105334
-0.00796697
-0.000124338
0.000130044
0.00796576
-6.51477e-07
-8.99663e-07
-0.000706308
-0.0013757
0.103747
0.000453872
0.00141294
0.00094478
-0.103722
0.000679332
-0.089615
-0.000158702
0.000582944
0.000603141
0.000452846
-0.00143041
0.10374
0.000217218
-0.0896064
-9.80481e-05
-0.000281146
0.00142402
-7.13567e-06
-0.00021667
-0.103751
-3.39958e-06
-3.87477e-06
0.000181767
-0.103648
-0.00373518
-0.102168
0.00035789
0.00682378
-0.103652
0.000359912
-0.000153886
0.00537568
0.000297339
-0.00537324
0.000151596
0.00674314
0.000296334
0.0067467
-0.00373747
-0.102197
0.00680906
-0.000557958
-0.103693
0.000767401
-0.103682
0.00537957
0.00045369
-0.00045656
-0.00538226
0.00673161
0.000626572
0.0067375
0.000620723
-0.000186374
0.10511
0.00301843
0.000378261
-0.10511
0.000186629
-0.00302756
0.000188505
0.00103139
-0.00293291
-0.100874
0.000401469
0.00211055
0.000380324
0.000377377
0.00101349
0.105113
0.0029953
0.000587854
-0.00291012
-0.100877
0.00204348
-0.000593066
-0.105093
0.000826552
-0.000601073
-0.00298444
0.000893083
0.000867711
0.00095199
0.000816012
0.000130906
-0.105328
0.00927003
-0.103782
0.000294133
-0.105333
0.000262728
-0.000122361
-0.00796657
0.000236611
0.00796549
0.000128503
0.000251539
0.00924526
-0.103799
-0.000414005
-0.105347
0.000577854
-0.105348
-0.00794571
0.000362845
-0.000389566
0.00793604
0.000536682
0.000500012
0.000224486
-0.00143248
0.10374
-0.000459696
0.00142417
-0.000295769
-0.103751
-0.000223001
-0.0896068
-9.58709e-05
-0.00059742
-0.000618888
-0.000457829
-0.00137906
0.103747
-0.000709379
-0.0896157
-0.000155319
0.000962323
0.00141964
-0.00141876
0.000681791
-0.103721
-0.000940403
-0.000997379
0.00102031
-0.103801
-0.00378002
-0.102351
0.00140109
0.00673359
-0.103834
0.00127552
-0.000815639
0.00540787
0.000997932
-0.00539941
0.000836183
0.0067107
0.00104234
0.00669853
-0.00382523
-0.102523
0.00668841
-0.00159504
-0.104056
0.00188728
-0.103987
0.00544105
0.00121368
-0.00130223
-0.00547342
0.00666507
0.00153343
0.00667029
0.00139417
-0.00108037
0.105118
0.00297101
0.00136156
-0.105134
0.00110469
-0.00296209
0.00123508
0.000767363
-0.00289586
-0.100896
0.00178962
0.00178649
0.00141279
0.00170331
0.000673235
0.105165
0.00300563
0.00170117
-0.0029247
-0.100966
0.00166684
-0.00180965
-0.105208
0.00224867
-0.00236495
-0.00320475
0.000609415
0.00319436
0.000525986
0.00206048
0.000785236
-0.105422
0.00911278
-0.103909
0.00121003
-0.105437
0.00099815
-0.000661794
-0.00786098
0.000807835
0.0078823
0.000721432
0.000895632
0.00899233
-0.104047
-0.00128611
-0.105593
0.00156486
-0.10555
-0.00777491
0.000994593
-0.00112734
0.00772995
0.00135045
0.00116264
0.00130642
-0.00140998
0.103788
-0.00167537
0.00132065
-0.00192348
-0.103791
-0.00116588
-0.0897294
-0.00011783
-0.00239557
-0.00262385
-0.00142581
-0.00129512
0.103916
-0.00202792
-0.089976
-0.000236885
0.00337845
0.00157502
-0.00435313
0.00162122
-0.103979
-0.00177766
-0.00242761
0.00225263
-0.104404
-0.00430698
-0.103297
0.00360005
0.00657685
-0.10453
0.00248848
-0.00162548
0.00565692
0.00178667
-0.00557267
0.00185652
0.00663015
0.00213094
0.00659015
-0.00469372
-0.103993
0.00652664
-0.00266003
-0.105189
-0.10497
0.00580758
0.00193443
-0.00242787
-0.00598571
0.00661002
0.00655419
-0.00251927
0.105643
0.00450405
0.00289791
-0.105494
0.00278014
-0.00388021
0.0040231
0.00187021
-0.00400629
-0.101465
0.00425231
0.00315418
0.00326882
0.00464419
0.00316432
0.106014
0.00477729
0.00316172
-0.00440214
-0.102936
0.00400431
-0.00355499
-0.106185
0.00335483
-0.00495744
-0.00520594
0.00573433
0.00409478
0.0038545
0.00286059
0.00191527
-0.105901
0.00845811
-0.104772
0.00320602
-0.106034
0.00210102
-0.00135664
-0.0074874
0.00141401
0.00758101
0.00164371
0.00178241
0.00801823
-0.105436
-0.00229147
-0.106653
-0.10646
-0.00726768
0.00150568
-0.00194212
0.00712461
0.00269244
-0.00290419
0.104859
-0.00273894
0.00186096
-0.00480996
-0.10444
-0.00197292
-0.0953754
0.00148813
-0.00438518
-0.00519469
-0.00173734
-0.00321253
0.10581
-0.0021702
-0.0996649
0.0022738
0.00482346
0.00510167
-0.00444038
0.00164339
-0.107098
-0.00111407
-0.00187545
0.106456
0.00292987
-0.00321366
0.00761678
0.13703
0.00326469
0.108728
-0.106407
0.00454004
0.107537
-0.00536868
0.10605
0.108067
-0.109672
0.00034438
0.106544
-0.0041588
0.00502508
0.00597304
0.0017089
0.108063
0.00504163
-0.00746011
-0.109325
0.0106073
0.106664
0.106897
0.00587223
0.00642253
0.00214676
-0.109449
-0.00258958
0.000153756
-0.0067385
0.109353
-0.109555
0.00757861
-4.05132e-05
0.106283
-0.0061916
0.106612
0.0059852
-0.00671184
0.000997226
0.106343
0.0119174
0.10659
0.00104811
0.106333
0.00603148
0.106469
0.106575
0.00676071
-0.106379
0.00226732
-0.00631529
0.00218543
0.00806021
0.00192937
0.106433
0.00586524
-0.00580748
-0.106681
0.0066891
0.00677422
-0.00377487
0.108087
0.00535074
0.108451
0.00637708
-0.0056353
0.107194
0.10862
-0.00213231
0.107673
-0.00566356
0.108059
0.107827
0.00684607
-0.00337285
-0.107871
-7.25391e-05
-0.000547491
-0.00593091
0.108049
-0.107756
0.00595685
0.106277
-2.28853e-05
-0.0067016
0.000968451
0.106343
-0.00616569
0.106609
0.00106485
0.106333
0.106585
0.00602638
0.106469
0.106573
-0.10638
0.00227598
-0.00631258
0.00216064
0.00805091
0.00194213
0.106434
0.00586587
-0.00580828
-0.106679
0.00668382
0.00676717
0.00684023
-0.00336364
-0.10787
-7.8781e-05
-0.000555457
-0.00592395
0.108049
-0.10776
0.00595096
0.0220002
-0.00242095
0.426676
-0.00421072
-0.00315698
0.426934
0.0224004
0.426188
0.0226474
0.0221779
0.426277
0.427622
0.0237124
0.427554
0.0232466
0.0199448
-0.00104536
0.426608
-0.00141616
-0.00174838
0.0204003
0.42559
0.0214972
0.020301
0.426687
0.022073
0.0211955
0.0221777
2.98421e-05
0.432984
-0.00194799
-0.000128781
0.433471
0.433882
0.0238728
0.022351
0.434074
0.433712
0.434148
0.0197168
0.00355255
0.433692
0.00202277
0.00265299
0.432614
0.0207032
0.0200583
0.433887
0.0201778
-0.00207708
0.420342
-0.00356727
-0.00345708
0.420495
0.419503
0.0208346
0.019906
0.419546
0.42109
0.421324
0.0180932
-0.00148294
0.420106
-0.00254661
-0.00270024
0.418864
0.0193165
0.0181346
0.42039
0.0207556
0.00245893
0.439088
-0.000540234
0.000689165
0.439699
0.440141
0.0228004
0.0203162
0.440696
0.439556
0.440076
0.0169108
0.00666521
0.439901
0.00199895
0.00224475
0.439188
0.0174071
0.0158484
0.439965
0.0221122
-0.00169106
0.418748
-0.00220179
-0.00358946
0.418513
0.0243299
0.021768
-0.00160607
0.418704
-0.00174592
-0.00286983
0.0277038
-0.00157445
0.42348
-0.00159887
-0.00297925
0.0284469
0.423129
0.029923
0.027619
-0.00156363
0.42326
0.0304133
-0.00126684
0.0284576
-0.00236835
0.0292687
-0.00208113
0.429072
-0.00146422
-0.00222543
0.42792
0.0307343
0.0295409
-0.00197442
0.429068
-0.00110175
-0.0017114
0.0254374
-0.00100525
0.436774
-0.00118603
-0.00108229
0.436429
0.0268055
0.02574
-0.000926366
0.436965
-0.000913724
-0.00079407
0.021079
-0.00135076
0.418182
-0.00140847
-0.00218996
0.418108
0.0237265
0.0207991
-0.000934541
0.418066
-0.000923389
-0.00142951
0.0273398
-0.00133434
0.422706
-0.00100091
-0.00178525
0.028557
0.422578
0.0297087
0.0272083
-0.000917672
0.422512
0.0304583
-0.000663716
0.0286049
-0.00117565
0.0296696
-0.00157349
0.428682
-0.000853191
-0.00130288
0.427323
0.0308384
0.029784
-0.00105834
0.428596
-0.000557908
-0.00084378
0.0261053
-0.000732902
0.436944
-0.000655862
-0.000545186
0.436518
0.0271688
0.0261974
-0.000461357
0.437025
-0.000431852
-0.00034911
0.0205016
-0.000484652
0.417831
-0.00048008
-0.000716918
0.417909
0.0234672
0.0204233
2.29706e-06
0.417799
1.8106e-06
3.38156e-06
0.0271178
-0.000478913
0.422252
-0.000342829
-0.000585919
0.0286353
0.422313
0.0296376
0.027083
1.1914e-06
0.422196
0.0304709
3.88696e-07
0.0286484
7.97592e-07
0.0298776
-0.000532537
0.428415
-0.000287738
-0.000428431
0.427054
0.0309036
0.0299166
-9.5647e-07
0.428388
-6.01594e-07
-1.35979e-06
0.026384
-0.000233427
0.437023
-0.000213779
-0.000166686
0.436564
0.0273553
0.0264077
-3.83508e-06
0.43705
-1.56276e-06
-2.53948e-06
0.0204238
0.000489196
0.4178
0.000483723
0.000723615
0.417927
0.0235069
0.020503
0.000938491
0.417833
0.000926566
0.00143564
0.0270828
0.000481293
0.422196
0.000343583
0.000587535
0.0286479
0.422357
0.0296526
0.0271172
0.000919836
0.422253
0.0304664
0.000664452
0.0286339
0.00117732
0.0299163
0.000530595
0.428388
0.000286503
0.000425693
0.427097
0.0308885
0.029877
0.00105644
0.428414
0.000556879
0.000841387
0.0264083
0.00022577
0.43705
0.00021067
0.000161658
0.436526
0.0273393
0.0263855
0.000454443
0.437022
0.000429243
0.00034482
0.0208016
0.00135384
0.418069
0.00141103
0.00219485
0.418169
0.0238667
0.0210845
0.00160757
0.418186
0.00174717
0.00287191
0.0272074
0.00133611
0.422513
0.00100153
0.00178679
0.0286031
0.422719
0.0297693
0.0273394
0.00156458
0.422707
0.0304423
0.00126729
0.0285566
0.00236921
0.029783
0.00157184
0.428594
0.000852344
0.00130096
0.42747
0.0308005
0.0296685
0.0019737
0.42868
0.00110131
0.00171052
0.0262002
0.000727435
0.437022
0.000653846
0.000541916
0.43642
0.0271267
0.0261092
0.000924337
0.436944
0.000912726
0.000792645
0.0217738
0.00169087
0.418708
0.00220156
0.0035884
0.418712
0.0245779
0.0221157
0.418752
0.0276187
0.00157446
0.423261
0.00159906
0.00297925
0.0284585
0.423478
0.0300504
0.0277028
0.423481
0.0303831
0.028448
0.02954
0.00208147
0.429066
0.00146415
0.00222562
0.428173
0.0306895
0.0292684
0.42907
0.0257442
0.00100705
0.436964
0.00118608
0.00108279
0.436452
0.0267633
0.0254434
0.436772
0.0199085
0.0020727
0.421065
0.00356167
0.0034529
0.421308
0.41938
0.0212924
0.0201775
0.419378
0.420339
0.420489
0.0181378
0.0014784
0.420383
0.00254921
0.00270839
0.418858
0.0192343
0.0180967
0.420103
0.0203189
-0.00245041
0.439559
0.0005446
-0.000684596
0.440076
0.439483
0.0229225
0.0207595
0.439943
0.439087
0.439697
0.0158533
-0.00666702
0.439967
-0.00199524
-0.00224149
0.439246
0.0184377
0.0169147
0.439902
0.0221717
0.00241005
0.427607
0.00420039
0.00314343
0.427548
0.0232213
0.425832
0.0229438
0.0219982
0.426017
0.426676
0.0234559
0.426936
0.0223914
0.0202958
0.00103228
0.426685
0.00140461
0.00173924
0.0211863
0.425552
0.0210421
0.0199415
0.426609
0.0213141
0.0203935
0.0223416
-1.78005e-05
0.433717
0.00195571
0.000138859
0.434151
0.432865
0.0236471
0.0221726
0.433143
0.432984
0.433471
0.0200504
-0.00354765
0.433888
-0.00201141
-0.00264049
0.43265
0.0206907
0.0197118
0.433692
)
;

boundaryField
{
    inlet
    {
        type            calculated;
        value           nonuniform List<scalar> 
320
(
-1.69806
-1.69806
-1.69806
-1.69806
-1.69806
-1.69806
-1.69806
-1.69806
-1.69806
-1.69806
-1.69806
-1.69806
-1.69806
-1.69806
-1.69806
-1.69806
-1.69806
-1.69806
-1.69806
-1.69806
-1.69806
-1.69806
-1.69806
-1.69806
-1.69806
-1.69806
-1.69806
-1.69806
-1.69806
-1.69806
-1.69806
-1.69806
-1.69806
-1.69806
-1.69806
-1.69806
-1.69806
-1.69806
-1.69806
-1.69806
-1.69806
-1.69806
-1.69806
-1.69806
-1.69806
-1.69806
-1.69806
-1.69806
-1.69806
-1.69806
-1.69806
-1.69806
-1.69806
-1.69806
-1.69806
-1.69806
-1.69806
-1.69806
-1.69806
-1.69806
-1.69806
-1.69806
-1.69806
-1.69806
-1.69806
-1.69806
-1.69806
-1.69806
-1.69806
-1.69806
-1.69806
-1.69806
-1.69806
-1.69806
-1.69806
-1.69806
-1.69806
-1.69806
-1.69806
-1.69806
-1.69806
-1.69806
-1.69806
-1.69806
-1.69806
-1.69806
-1.69806
-1.69806
-1.69806
-1.69806
-1.69806
-1.69806
-1.69806
-1.69806
-1.69806
-1.69806
-1.69806
-1.69806
-1.69806
-1.69806
-1.69806
-1.69806
-1.69806
-1.69806
-1.69806
-1.69806
-1.69806
-1.69806
-1.69806
-1.69806
-1.69806
-1.69806
-1.69806
-1.69806
-1.69806
-1.69806
-1.69806
-1.69806
-1.69806
-1.69806
-1.69806
-1.69806
-1.69806
-1.69806
-1.69806
-1.69806
-1.69806
-1.69806
-1.69806
-1.69806
-1.69806
-1.69806
-1.69806
-1.69806
-1.69806
-1.69806
-1.69806
-1.69806
-1.69806
-1.69806
-1.69806
-1.69806
-1.69806
-1.69806
-1.69806
-1.69806
-1.69806
-1.69806
-1.69806
-1.69806
-1.69806
-1.69806
-1.69806
-1.69806
-1.69806
-1.69806
-1.69806
-1.69806
-1.69806
-1.69806
-1.69806
-1.69806
-1.69806
-1.69806
-1.69806
-1.69806
-1.69806
-1.69806
-1.69806
-1.69806
-1.69806
-1.69806
-1.69806
-1.69806
-1.69806
-1.69806
-1.69806
-1.69806
-1.69806
-1.69806
-1.69806
-1.69806
-1.69806
-1.69806
-1.69806
-1.69806
-1.69806
-1.69806
-1.69806
-1.69806
-1.69806
-1.69806
-1.69806
-1.69806
-1.69806
-1.69806
-1.69806
-1.69806
-1.69806
-1.69806
-1.69806
-1.69806
-1.69806
-1.69806
-1.69806
-1.69806
-1.69806
-1.69806
-1.69806
-1.69806
-1.69806
-1.69806
-1.69806
-1.69806
-1.69806
-1.69806
-1.69806
-1.69806
-1.69806
-1.69806
-1.69806
-1.69806
-1.69806
-1.69806
-1.69806
-1.69806
-1.69806
-1.69806
-1.69806
-1.69806
-1.69806
-1.69806
-1.69806
-1.69806
-1.69806
-1.69806
-1.69806
-1.69806
-1.69806
-1.69806
-1.69806
-1.69806
-1.69806
-1.69806
-1.69806
-1.69806
-1.69806
-1.69806
-1.69806
-1.69806
-1.69806
-1.69806
-1.69806
-1.69806
-1.69806
-1.69806
-1.69806
-1.69806
-1.69806
-1.69806
-1.69806
-1.69806
-1.69806
-1.69806
-1.69806
-1.69806
-1.69806
-1.69806
-1.69806
-1.69806
-1.69806
-1.69806
-1.69806
-1.69806
-1.69806
-1.69806
-1.69806
-1.69806
-1.69806
-1.69806
-1.69806
-1.69806
-1.69806
-1.69806
-1.69806
-1.69806
-1.69806
-1.69806
-1.69806
-1.69806
-1.69806
-1.69806
-1.69806
-1.69806
-1.69806
-1.69806
-1.69806
-1.69806
-1.69806
-1.69806
-1.69806
-1.69806
-1.69806
-1.69806
-1.69806
-1.69806
-1.69806
-1.69806
-1.69806
-1.69806
-1.69806
-1.69806
-1.69806
-1.69806
-1.69806
-1.69806
-1.69806
-1.69806
-1.69806
-1.69806
)
;
    }
    outlet
    {
        type            calculated;
        value           nonuniform List<scalar> 
320
(
0.94716
1.18
1.30806
1.40728
1.47748
1.5368
1.58481
1.62819
1.66626
1.70307
1.73708
1.77404
1.81044
1.85071
1.89123
1.94006
1.99168
2.06402
2.14683
2.32013
0.947167
1.18006
1.30813
1.40737
1.47757
1.53692
1.58496
1.62833
1.66638
1.703
1.73672
1.77374
1.81039
1.85079
1.89134
1.94014
1.99174
2.06406
2.14686
2.32015
0.947171
1.18017
1.30824
1.40751
1.47774
1.53712
1.58522
1.62855
1.66662
1.70274
1.73591
1.77338
1.8104
1.85093
1.89151
1.94027
1.99185
2.06414
2.14691
2.32019
0.947174
1.18032
1.30841
1.40773
1.47801
1.53746
1.58571
1.62909
1.66739
1.70207
1.73415
1.77214
1.81054
1.8514
1.89192
1.94055
1.99204
2.06427
2.14699
2.32026
0.947178
1.18049
1.30858
1.40796
1.47829
1.53785
1.58623
1.62984
1.66837
1.69928
1.731
1.77076
1.81116
1.85192
1.89234
1.94081
1.99222
2.06439
2.14707
2.32032
0.947181
1.18067
1.30877
1.40823
1.47863
1.53837
1.587
1.63134
1.67076
1.69343
1.7129
1.77517
1.81436
1.85356
1.89321
1.94127
1.99248
2.06456
2.14716
2.3204
0.947184
1.1808
1.3089
1.40843
1.47887
1.53876
1.58777
1.6329
1.67319
1.6899
1.69282
1.77891
1.81612
1.85443
1.89369
1.94157
1.99265
2.06467
2.14722
2.32045
0.947186
1.18087
1.30898
1.40854
1.47902
1.53901
1.58828
1.63379
1.67408
1.68906
1.68814
1.78053
1.81688
1.85487
1.89395
1.94175
1.99276
2.06474
2.14726
2.32048
0.947186
1.18087
1.30898
1.40854
1.47902
1.53901
1.58828
1.63379
1.67408
1.68906
1.68811
1.78051
1.81688
1.85487
1.89395
1.94175
1.99276
2.06474
2.14726
2.32048
0.947184
1.1808
1.3089
1.40843
1.47887
1.53876
1.58777
1.6329
1.67318
1.68994
1.69265
1.77888
1.81611
1.85443
1.89369
1.94157
1.99265
2.06467
2.14722
2.32045
0.947182
1.18067
1.30877
1.40823
1.47863
1.53837
1.587
1.63133
1.67075
1.69358
1.71278
1.77514
1.81435
1.85356
1.89321
1.94127
1.99248
2.06456
2.14716
2.3204
0.947179
1.18049
1.30858
1.40796
1.47829
1.53785
1.58623
1.62984
1.66837
1.69933
1.73102
1.77077
1.81116
1.85192
1.89233
1.9408
1.99222
2.06439
2.14707
2.32032
0.947176
1.18032
1.30841
1.40773
1.47801
1.53746
1.58571
1.62909
1.66739
1.70207
1.73416
1.77214
1.81054
1.8514
1.89192
1.94055
1.99204
2.06427
2.14699
2.32026
0.947172
1.18017
1.30824
1.40751
1.47774
1.53712
1.58522
1.62855
1.66662
1.70274
1.73592
1.77338
1.8104
1.85093
1.89151
1.94027
1.99185
2.06414
2.14691
2.32019
0.947169
1.18006
1.30813
1.40737
1.47757
1.53692
1.58496
1.62833
1.66638
1.703
1.73672
1.77374
1.81039
1.85079
1.89134
1.94014
1.99174
2.06406
2.14686
2.32015
0.947162
1.18
1.30806
1.40728
1.47747
1.5368
1.58481
1.62819
1.66626
1.70307
1.73708
1.77404
1.81044
1.85071
1.89123
1.94006
1.99168
2.06402
2.14683
2.32013
)
;
    }
    top
    {
        type            calculated;
        value           uniform 0;
    }
    bottom
    {
        type            calculated;
        value           uniform 0;
    }
    front
    {
        type            calculated;
        value           uniform 0;
    }
    back
    {
        type            calculated;
        value           uniform 0;
    }
    wing
    {
        type            calculated;
        value           uniform 0;
    }
}


// ************************************************************************* //
