/*--------------------------------*- C++ -*----------------------------------*\
| =========                 |                                                 |
| \\      /  F ield         | OpenFOAM: The Open Source CFD Toolbox           |
|  \\    /   O peration     | Version:  2506                                  |
|   \\  /    A nd           | Website:  www.openfoam.com                      |
|    \\/     M anipulation  |                                                 |
\*---------------------------------------------------------------------------*/
FoamFile
{
    version     2.0;
    format      ascii;
    arch        "LSB;label=32;scalar=64";
    class       volVectorField;
    location    "76";
    object      U;
}
// * * * * * * * * * * * * * * * * * * * * * * * * * * * * * * * * * * * * * //

dimensions      [0 1 -1 0 0 0 0];

internalField   nonuniform List<vector> 
14648
(
(65.0187 10.1795 -0.000131098)
(58.9624 7.2889 -0.000114)
(54.1697 5.58661 -9.674e-05)
(51.1526 4.46629 -0.000125169)
(49.0107 3.65001 -0.000159955)
(47.258 3.0422 -0.000193662)
(45.7934 2.58495 -0.000238873)
(44.5853 2.23219 -0.000301116)
(43.5859 1.95238 -0.000377663)
(42.7487 1.72571 -0.000462648)
(42.0411 1.53922 -0.000548951)
(41.4404 1.38386 -0.000629589)
(40.9292 1.253 -0.000700026)
(40.4931 1.14177 -0.000758936)
(40.1205 1.04647 -0.000806319)
(39.8016 0.964291 -0.000842233)
(39.5285 0.893017 -0.000867602)
(39.2943 0.830875 -0.000884644)
(39.0935 0.776429 -0.000895896)
(38.9211 0.728504 -0.000903284)
(38.7731 0.686134 -0.000908075)
(38.646 0.648516 -0.000911194)
(38.5368 0.61498 -0.000913412)
(38.443 0.584965 -0.000915389)
(38.3623 0.557997 -0.000917667)
(38.293 0.533678 -0.000920658)
(38.2333 0.511667 -0.000924592)
(38.1819 0.491677 -0.000929479)
(38.1377 0.473462 -0.000935115)
(38.0995 0.45681 -0.000941177)
(38.0666 0.441541 -0.000947352)
(38.0379 0.4275 -0.000953486)
(38.013 0.414554 -0.000959641)
(37.9911 0.402588 -0.000966073)
(37.9717 0.391505 -0.000973108)
(37.9544 0.38123 -0.000981004)
(37.9388 0.37172 -0.000989852)
(37.9243 0.363027 -0.000999542)
(37.9106 0.355511 -0.00100931)
(37.8909 0.350476 -0.00101877)
(66.5298 8.53287 6.82016e-05)
(63.5026 4.96654 0.000108876)
(60.671 3.18184 0.000104126)
(58.5865 2.16353 6.09909e-05)
(56.9596 1.47712 5.62814e-06)
(55.5665 1.0015 -5.60029e-05)
(54.3597 0.673507 -0.000129803)
(53.331 0.440572 -0.000218684)
(52.4581 0.267658 -0.00031999)
(51.7141 0.135073 -0.000427133)
(51.0775 0.0314436 -0.000531066)
(50.532 -0.0506282 -0.000623208)
(50.0642 -0.116306 -0.0006995)
(49.6628 -0.169253 -0.000760345)
(49.3181 -0.212081 -0.000806294)
(49.0219 -0.246689 -0.000837146)
(48.7673 -0.274527 -0.000854517)
(48.5483 -0.296751 -0.000862106)
(48.3599 -0.314302 -0.000863588)
(48.1976 -0.327946 -0.000861372)
(48.0579 -0.338312 -0.00085682)
(47.9375 -0.345924 -0.000850746)
(47.8338 -0.351222 -0.000843658)
(47.7442 -0.354578 -0.000835856)
(47.6669 -0.356306 -0.000827528)
(47.6001 -0.356673 -0.000818807)
(47.5422 -0.355903 -0.000809782)
(47.4921 -0.354186 -0.000800476)
(47.4486 -0.35168 -0.000790851)
(47.4106 -0.34852 -0.000780834)
(47.3775 -0.344814 -0.000770382)
(47.3483 -0.340652 -0.000759553)
(47.3225 -0.336106 -0.000748553)
(47.2995 -0.331231 -0.000737727)
(47.2788 -0.326069 -0.000727498)
(47.2599 -0.320653 -0.000718271)
(47.2426 -0.315017 -0.000710407)
(47.2266 -0.309234 -0.000704401)
(47.2125 -0.303575 -0.000701193)
(47.1996 -0.298738 -0.000707434)
(67.4101 10.9786 -2.19358e-05)
(66.0196 8.49485 -5.48564e-05)
(64.2443 6.92849 -8.78411e-05)
(62.6175 5.8156 -0.000131433)
(61.2236 4.92975 -0.000188941)
(60.003 4.21255 -0.000263664)
(58.9299 3.63312 -0.000362315)
(58 3.15841 -0.000489154)
(57.202 2.76231 -0.000641383)
(56.5183 2.42787 -0.000807632)
(55.9321 2.14372 -0.000970006)
(55.4293 1.90122 -0.00111227)
(54.9978 1.69334 -0.00123056)
(54.6275 1.51441 -0.00132945)
(54.3094 1.35991 -0.00140895)
(54.0362 1.22623 -0.00146601)
(53.8015 1.11037 -0.00150266)
(53.5995 1.00977 -0.00152512)
(53.4258 0.922247 -0.00153885)
(53.2761 0.845958 -0.00154727)
(53.1472 0.779345 -0.0015528)
(53.0361 0.721082 -0.00155758)
(52.9402 0.670035 -0.00156331)
(52.8573 0.625235 -0.00157117)
(52.7857 0.585852 -0.00158184)
(52.7238 0.551173 -0.0015956)
(52.6701 0.520584 -0.0016124)
(52.6234 0.49356 -0.00163195)
(52.5828 0.469647 -0.00165379)
(52.5474 0.448454 -0.00167739)
(52.5164 0.429649 -0.00170223)
(52.4891 0.412944 -0.0017279)
(52.4649 0.398099 -0.00175417)
(52.4433 0.384908 -0.00178096)
(52.4239 0.373208 -0.00180834)
(52.4062 0.362867 -0.00183645)
(52.3897 0.3538 -0.00186538)
(52.3739 0.346002 -0.00189513)
(52.358 0.339682 -0.00192487)
(52.3305 0.335451 -0.00195633)
(67.6708 11.957 -2.4926e-05)
(66.8702 9.71409 -4.83922e-05)
(65.6925 7.93082 -7.34689e-05)
(64.5001 6.524 -0.000119905)
(63.4312 5.38138 -0.000199428)
(62.4817 4.44544 -0.000320201)
(61.6372 3.68026 -0.000491851)
(60.8952 3.05229 -0.000720263)
(60.2514 2.53274 -0.000999016)
(59.696 2.10002 -0.00130314)
(59.2176 1.73815 -0.00159213)
(58.8058 1.43459 -0.00183206)
(58.4513 1.17897 -0.0020245)
(58.1463 0.962838 -0.00218476)
(57.8841 0.779635 -0.00230823)
(57.6588 0.624212 -0.00238776)
(57.4651 0.492322 -0.00243291)
(57.2986 0.380361 -0.00245968)
(57.1553 0.285296 -0.0024777)
(57.032 0.2046 -0.00249)
(56.9258 0.136148 -0.00249727)
(56.8345 0.0781435 -0.00249988)
(56.7557 0.0290589 -0.00249811)
(56.6879 -0.0124006 -0.00249228)
(56.6294 -0.0473334 -0.00248278)
(56.5789 -0.0766723 -0.00247014)
(56.5352 -0.101209 -0.00245497)
(56.4974 -0.121617 -0.00243782)
(56.4646 -0.138468 -0.00241921)
(56.436 -0.152247 -0.0023996)
(56.4111 -0.163365 -0.00237944)
(56.3892 -0.172168 -0.00235916)
(56.3699 -0.178945 -0.00233929)
(56.3526 -0.183935 -0.00232039)
(56.3371 -0.187332 -0.00230309)
(56.3231 -0.189294 -0.00228805)
(56.3103 -0.189954 -0.0022759)
(56.2988 -0.189452 -0.00226745)
(56.2898 -0.188013 -0.00226404)
(56.2875 -0.186154 -0.00227337)
(67.7788 12.4143 -3.11078e-05)
(67.3005 10.4833 -6.90317e-05)
(66.5536 8.83716 -0.000122453)
(65.7394 7.48721 -0.000209661)
(64.9643 6.37033 -0.000348418)
(64.2491 5.43706 -0.000558144)
(63.5961 4.65598 -0.00086025)
(63.0096 4.00117 -0.0012687)
(62.4917 3.45002 -0.00177283)
(62.0392 2.98447 -0.00232031)
(61.6458 2.59057 -0.00282119)
(61.3041 2.25676 -0.00321189)
(61.0076 1.97278 -0.00353316)
(60.7507 1.73008 -0.00382631)
(60.5288 1.52218 -0.00405526)
(60.3375 1.344 -0.00419037)
(60.1724 1.19119 -0.00425218)
(60.03 1.05994 -0.00427499)
(59.907 0.947044 -0.00428078)
(59.8007 0.849859 -0.00428175)
(59.7089 0.766156 -0.00428643)
(59.6296 0.694037 -0.00430055)
(59.5609 0.631874 -0.00432675)
(59.5014 0.578277 -0.00436518)
(59.4499 0.532053 -0.00441465)
(59.4051 0.49218 -0.00447331)
(59.3662 0.457781 -0.00453906)
(59.3323 0.428104 -0.00460974)
(59.3027 0.402504 -0.00468339)
(59.2768 0.38043 -0.00475828)
(59.254 0.361411 -0.00483302)
(59.2338 0.345051 -0.0049066)
(59.2159 0.331016 -0.00497842)
(59.1999 0.319028 -0.00504829)
(59.1854 0.308863 -0.00511636)
(59.1721 0.300337 -0.00518304)
(59.1597 0.293316 -0.00524881)
(59.1475 0.28772 -0.005314)
(59.1344 0.283575 -0.0053771)
(59.1078 0.281021 -0.00543738)
(67.8391 12.6954 -4.41703e-05)
(67.5503 11 -9.91364e-05)
(67.0736 9.47253 -0.000180672)
(66.5184 8.14531 -0.00031364)
(65.9601 6.99684 -0.000530108)
(65.4277 6.00193 -0.000871034)
(64.9326 5.14238 -0.00138262)
(64.4825 4.40211 -0.00209814)
(64.0818 3.76565 -0.00299966)
(63.7302 3.21942 -0.00397052)
(63.424 2.75193 -0.00478978)
(63.157 2.35227 -0.00533171)
(62.9239 2.00933 -0.0057844)
(62.7211 1.71381 -0.00625154)
(62.546 1.4592 -0.00662976)
(62.3951 1.24029 -0.00687687)
(62.2651 1.05225 -0.00704981)
(62.1529 0.890616 -0.00719385)
(62.056 0.751571 -0.00731411)
(61.9726 0.631918 -0.00740452)
(61.9006 0.52894 -0.00746467)
(61.8386 0.440308 -0.00749867)
(61.7851 0.364031 -0.00751151)
(61.7389 0.298413 -0.00750783)
(61.699 0.242008 -0.00749192)
(61.6645 0.193576 -0.00746759)
(61.6345 0.152058 -0.00743801)
(61.6085 0.116545 -0.00740565)
(61.5859 0.0862593 -0.00737233)
(61.5661 0.0605329 -0.00733929)
(61.5487 0.0387969 -0.00730731)
(61.5333 0.0205676 -0.00727689)
(61.5197 0.00543526 -0.00724845)
(61.5074 -0.00694519 -0.00722258)
(61.4964 -0.0168632 -0.00720011)
(61.4864 -0.0245594 -0.00718201)
(61.4772 -0.030229 -0.00716939)
(61.4693 -0.034025 -0.0071635)
(61.4638 -0.0360582 -0.00716555)
(61.4669 -0.0364729 -0.00718395)
(67.8736 12.8646 -5.93122e-05)
(67.6994 11.3182 -0.000133874)
(67.4009 9.87919 -0.00025039)
(67.0381 8.58546 -0.000447035)
(66.6603 7.439 -0.000778217)
(66.292 6.43047 -0.00131995)
(65.9452 5.54932 -0.00216488)
(65.6278 4.78425 -0.00338974)
(65.3444 4.12348 -0.00497197)
(65.0965 3.55614 -0.0066645)
(64.8807 3.07251 -0.00792768)
(64.6907 2.66146 -0.00857977)
(64.5221 2.30931 -0.00927484)
(64.3741 2.00546 -0.0100585)
(64.2466 1.74372 -0.0105287)
(64.1372 1.51911 -0.0106416)
(64.0426 1.32656 -0.0106003)
(63.9605 1.16144 -0.0105545)
(63.8893 1.01992 -0.0105559)
(63.8274 0.898759 -0.0106149)
(63.7738 0.795129 -0.0107305)
(63.7272 0.706548 -0.0108955)
(63.6867 0.630868 -0.0110986)
(63.6514 0.566244 -0.0113276)
(63.6207 0.511093 -0.0115713)
(63.5938 0.464057 -0.0118206)
(63.5704 0.423973 -0.0120684)
(63.5498 0.389847 -0.0123093)
(63.5317 0.360833 -0.0125397)
(63.5157 0.336214 -0.0127576)
(63.5015 0.315382 -0.0129619)
(63.4889 0.297827 -0.0131524)
(63.4775 0.283121 -0.0133291)
(63.4671 0.270906 -0.0134928)
(63.4577 0.260886 -0.0136446)
(63.4489 0.252817 -0.0137865)
(63.4405 0.246511 -0.013921)
(63.4321 0.24183 -0.0140503)
(63.4225 0.238708 -0.0141738)
(63.4005 0.237089 -0.0142884)
(67.8959 12.9623 -7.52024e-05)
(67.7989 11.5079 -0.000171596)
(67.6279 10.1327 -0.000328689)
(67.4137 8.87166 -0.000602976)
(67.1846 7.73517 -0.00108155)
(66.957 6.72168 -0.00189658)
(66.7404 5.8254 -0.00322434)
(66.5416 5.03846 -0.00523303)
(66.3657 4.35229 -0.00790438)
(66.2147 3.7591 -0.0106923)
(66.0848 3.25248 -0.0120962)
(65.9666 2.82189 -0.0120456)
(65.8556 2.45007 -0.0129619)
(65.7561 2.12579 -0.0146514)
(65.6711 1.84493 -0.016041)
(65.5987 1.60328 -0.0170333)
(65.536 1.39516 -0.017814)
(65.4813 1.21533 -0.0184226)
(65.434 1.05978 -0.0188486)
(65.393 0.925258 -0.0191143)
(65.3574 0.808988 -0.019261)
(65.3264 0.708517 -0.0193259)
(65.2994 0.621734 -0.0193355)
(65.2758 0.546825 -0.019309)
(65.255 0.482227 -0.0192608)
(65.2367 0.426587 -0.019201)
(65.2205 0.378738 -0.0191366)
(65.2062 0.33767 -0.0190714)
(65.1934 0.302516 -0.0190075)
(65.182 0.272528 -0.0189461)
(65.1716 0.247069 -0.0188876)
(65.1622 0.225592 -0.0188324)
(65.1537 0.207634 -0.0187806)
(65.1458 0.1928 -0.0187323)
(65.1384 0.180759 -0.0186875)
(65.1316 0.171234 -0.0186469)
(65.1253 0.163999 -0.0186121)
(65.1199 0.158886 -0.0185864)
(65.1167 0.155793 -0.0185734)
(65.1223 0.154642 -0.0185865)
(67.9125 13.0107 -8.90105e-05)
(67.8736 11.6052 -0.00020545)
(67.8015 10.2672 -0.000401639)
(67.7081 9.02747 -0.000755118)
(67.6059 7.89944 -0.00139413)
(67.5032 6.8859 -0.00252904)
(67.4057 5.98433 -0.00446947)
(67.3185 5.18925 -0.00756405)
(67.2465 4.49387 -0.0118723)
(67.1932 3.89214 -0.0163804)
(67.1528 3.38037 -0.0169823)
(67.1087 2.94851 -0.0135858)
(67.056 2.57354 -0.0132892)
(67.0072 2.24197 -0.0143918)
(66.9692 1.95221 -0.0144309)
(66.9381 1.70255 -0.0139836)
(66.91 1.4883 -0.0138895)
(66.8842 1.30427 -0.0142474)
(66.8613 1.14619 -0.0148772)
(66.8412 1.01052 -0.0156475)
(66.8234 0.894165 -0.0164932)
(66.8077 0.794391 -0.0173691)
(66.7937 0.708848 -0.0182376)
(66.7812 0.635524 -0.0190714)
(66.7701 0.572696 -0.0198541)
(66.76 0.518889 -0.0205773)
(66.7509 0.472836 -0.0212385)
(66.7427 0.433457 -0.0218388)
(66.735 0.399829 -0.0223816)
(66.728 0.371167 -0.0228715)
(66.7215 0.346802 -0.023314)
(66.7153 0.326174 -0.0237142)
(66.7095 0.308807 -0.0240775)
(66.7039 0.294307 -0.0244084)
(66.6986 0.282348 -0.0247115)
(66.6933 0.272666 -0.0249916)
(66.6881 0.265052 -0.0252547)
(66.6824 0.259355 -0.0255078)
(66.6756 0.255507 -0.0257518)
(66.6576 0.253525 -0.0259692)
(67.9266 13.0199 -9.68333e-05)
(67.9369 11.6277 -0.000225616)
(67.9497 10.3015 -0.000447531)
(67.9627 9.06985 -0.000856604)
(67.9756 7.94667 -0.00161767)
(67.989 6.9363 -0.00302204)
(68.0038 6.03752 -0.00555064)
(68.0227 5.24589 -0.00987617)
(68.0498 4.55552 -0.0165115)
(68.0904 3.96083 -0.0241759)
(68.1367 3.4575 -0.0234741)
(68.161 3.03494 -0.0128115)
(68.1555 2.67117 -0.0120065)
(68.1456 2.35131 -0.0175708)
(68.1459 2.07072 -0.0223012)
(68.1516 1.82641 -0.0249534)
(68.1564 1.61456 -0.0265143)
(68.1594 1.43124 -0.0275639)
(68.1614 1.27295 -0.0282276)
(68.1626 1.13658 -0.0285815)
(68.1631 1.01929 -0.0287299)
(68.1628 0.918534 -0.0287553)
(68.1618 0.832099 -0.0287069)
(68.1602 0.758049 -0.0286141)
(68.1581 0.694708 -0.0284958)
(68.1556 0.640624 -0.0283639)
(68.1527 0.594547 -0.0282252)
(68.1495 0.5554 -0.0280839)
(68.1461 0.522258 -0.0279418)
(68.1424 0.494329 -0.0277997)
(68.1386 0.470935 -0.0276574)
(68.1346 0.451499 -0.0275149)
(68.1304 0.435536 -0.0273722)
(68.1262 0.422637 -0.0272295)
(68.1219 0.412469 -0.0270874)
(68.1177 0.404755 -0.0269484)
(68.1136 0.399267 -0.0268184)
(68.1101 0.395793 -0.026708)
(68.1086 0.394078 -0.0266323)
(68.1168 0.393666 -0.0265971)
(67.9403 12.9936 -9.53392e-05)
(67.998 11.5822 -0.00022281)
(68.0923 10.2439 -0.000442779)
(68.2079 9.00634 -0.000847192)
(68.3328 7.88252 -0.00159584)
(68.4599 6.87586 -0.00296426)
(68.5861 5.98439 -0.00537848)
(68.7114 5.2031 -0.00932025)
(68.8394 4.52516 -0.0146943)
(68.9748 3.94215 -0.01861)
(69.1072 3.44238 -0.0095406)
(69.2035 3.01262 0.0125889)
(69.2546 2.64267 0.0233002)
(69.2897 2.32328 0.0243807)
(69.327 2.04656 0.0237034)
(69.364 1.80611 0.0230287)
(69.3959 1.59696 0.0220195)
(69.4227 1.41529 0.0205936)
(69.4454 1.25774 0.0189659)
(69.4648 1.12125 0.0173023)
(69.4811 1.00303 0.0156718)
(69.4946 0.90067 0.0141115)
(69.5055 0.812053 0.0126492)
(69.5142 0.73534 0.0113001)
(69.521 0.668931 0.010068)
(69.5262 0.611443 0.00894947)
(69.5299 0.561681 0.00793681)
(69.5324 0.518616 0.00702035)
(69.5338 0.481368 0.00618989)
(69.5343 0.449177 0.00543573)
(69.534 0.421398 0.0047486)
(69.533 0.397482 0.0041193)
(69.5314 0.37697 0.00353965)
(69.5292 0.359483 0.00300315)
(69.5267 0.344712 0.00250417)
(69.5238 0.332416 0.00203613)
(69.5204 0.322415 0.00158941)
(69.5163 0.314607 0.00115007)
(69.5102 0.309048 0.000706431)
(69.4912 0.30601 0.00030072)
(67.9553 12.9307 -8.44374e-05)
(68.0644 11.4675 -0.000196312)
(68.2459 10.0932 -0.000385149)
(68.4694 8.83599 -0.000721389)
(68.7102 7.70616 -0.00131813)
(68.9534 6.70344 -0.00234789)
(69.1915 5.82266 -0.00401914)
(69.4217 5.05589 -0.00640391)
(69.6446 4.39276 -0.00887583)
(69.8604 3.81981 -0.00868935)
(70.0572 3.31968 -3.58091e-05)
(70.2099 2.88069 0.0146548)
(70.3151 2.50455 0.0194546)
(70.399 2.18776 0.0176348)
(70.4783 1.9194 0.0168849)
(70.5513 1.68998 0.0175965)
(70.6146 1.4933 0.0185558)
(70.6687 1.32493 0.0195248)
(70.7154 1.18101 0.020573)
(70.7555 1.05805 0.0216667)
(70.7895 0.953064 0.0227294)
(70.8183 0.863534 0.0237127)
(70.8423 0.787293 0.0245959)
(70.8624 0.722474 0.0253715)
(70.8789 0.667464 0.0260387)
(70.8924 0.620879 0.0266013)
(70.9034 0.581531 0.0270663)
(70.9121 0.548403 0.0274416)
(70.9189 0.520625 0.0277357)
(70.9241 0.497457 0.0279564)
(70.928 0.478272 0.0281113)
(70.9307 0.462541 0.0282076)
(70.9324 0.449825 0.0282528)
(70.9334 0.439762 0.028254)
(70.9337 0.432054 0.0282169)
(70.9336 0.426461 0.028146)
(70.9334 0.42278 0.0280428)
(70.9338 0.420811 0.0279078)
(70.9363 0.420253 0.0277466)
(70.9526 0.420368 0.0276008)
(67.9738 12.8254 -6.78924e-05)
(68.1452 11.274 -0.000156115)
(68.4294 9.83892 -0.000299867)
(68.7758 8.54933 -0.000543698)
(69.1434 7.40877 -0.000951347)
(69.5096 6.40911 -0.00160411)
(69.863 5.53892 -0.00256332)
(70.1981 4.78539 -0.00374242)
(70.5128 4.13407 -0.00461686)
(70.8048 3.56875 -0.00370574)
(71.066 3.07303 0.00127947)
(71.2835 2.63835 0.00956734)
(71.4562 2.26733 0.0152047)
(71.5995 1.95562 0.0184943)
(71.7247 1.69038 0.0214499)
(71.8341 1.4615 0.0237681)
(71.9279 1.26341 0.0251197)
(72.0084 1.09206 0.0258163)
(72.0777 0.94371 0.0261662)
(72.1373 0.815083 0.0262958)
(72.1883 0.703446 0.0262653)
(72.2319 0.60651 0.0261282)
(72.269 0.522315 0.0259294)
(72.3005 0.449165 0.0257007)
(72.3271 0.385598 0.0254621)
(72.3496 0.330354 0.0252262)
(72.3685 0.28235 0.0250009)
(72.3843 0.240654 0.0247905)
(72.3974 0.204466 0.024597)
(72.4083 0.173103 0.0244208)
(72.4173 0.145982 0.0242611)
(72.4246 0.122609 0.0241173)
(72.4306 0.102569 0.0239886)
(72.4354 0.085512 0.0238735)
(72.4393 0.0711465 0.0237698)
(72.4423 0.0592352 0.0236746)
(72.4446 0.0495947 0.0235841)
(72.4455 0.0421132 0.0234939)
(72.4436 0.0368499 0.0234033)
(72.4265 0.0340336 0.023329)
(67.9988 12.6655 -5.03438e-05)
(68.2528 10.9825 -0.000114004)
(68.6681 9.46308 -0.000213821)
(69.1618 8.13588 -0.000373504)
(69.6716 6.99178 -0.000622257)
(70.1674 6.01058 -0.000987277)
(70.6364 5.17274 -0.00146153)
(71.0724 4.45964 -0.00192555)
(71.4723 3.85252 -0.00200911)
(71.8341 3.33299 -0.000928394)
(72.1538 2.88483 0.00227535)
(72.4259 2.49798 0.00714733)
(72.6508 2.16936 0.0109351)
(72.8386 1.8933 0.0127142)
(72.9996 1.66034 0.0133982)
(73.1392 1.46273 0.0136578)
(73.2601 1.2953 0.0137523)
(73.3645 1.15371 0.0138515)
(73.4547 1.03395 0.0140392)
(73.5327 0.9326 0.0143168)
(73.5998 0.846827 0.0146594)
(73.6576 0.774279 0.0150437)
(73.7072 0.71296 0.0154506)
(73.7498 0.66118 0.015863)
(73.7863 0.617503 0.0162669)
(73.8175 0.580718 0.016652)
(73.8441 0.549797 0.0170116)
(73.8669 0.523873 0.0173416)
(73.8864 0.50221 0.0176398)
(73.903 0.484192 0.0179049)
(73.9172 0.469301 0.0181371)
(73.9294 0.457108 0.0183376)
(73.9398 0.447253 0.0185082)
(73.9489 0.439437 0.018651)
(73.9568 0.433414 0.0187678)
(73.9638 0.428976 0.0188603)
(73.9705 0.425945 0.01893)
(73.9776 0.424142 0.0189784)
(73.9871 0.423309 0.0190085)
(74.0157 0.422825 0.0190185)
(68.0366 12.4278 -3.50272e-05)
(68.4119 10.5552 -7.80328e-05)
(69.0094 8.92377 -0.000143853)
(69.6939 7.54847 -0.000242455)
(70.3758 6.39146 -0.000383872)
(71.0212 5.41374 -0.000571249)
(71.6195 4.58684 -0.000779337)
(72.1656 3.88714 -0.000915141)
(72.6568 3.29276 -0.000764934)
(73.0931 2.78419 3.23301e-05)
(73.4747 2.34566 0.00181609)
(73.8019 1.96662 0.00431072)
(74.0779 1.64172 0.00644166)
(74.311 1.36579 0.00774144)
(74.5104 1.1317 0.00862797)
(74.6819 0.932389 0.00942591)
(74.8292 0.762202 0.0101302)
(74.9556 0.616548 0.0106957)
(75.0638 0.491572 0.0111323)
(75.1566 0.384085 0.0114632)
(75.2361 0.291479 0.0117054)
(75.3042 0.211601 0.0118745)
(75.3623 0.142647 0.0119858)
(75.412 0.0830969 0.0120531)
(75.4545 0.0316665 0.0120878)
(75.4907 -0.0127354 0.0120987)
(75.5216 -0.0510377 0.0120932)
(75.548 -0.0840324 0.0120767)
(75.5705 -0.112395 0.0120532)
(75.5897 -0.136699 0.0120258)
(75.6061 -0.157435 0.0119968)
(75.6202 -0.175019 0.0119678)
(75.6324 -0.189803 0.01194)
(75.6429 -0.20209 0.0119141)
(75.6521 -0.212134 0.0118901)
(75.6601 -0.220152 0.0118679)
(75.667 -0.22632 0.0118466)
(75.6723 -0.230772 0.0118253)
(75.674 -0.23356 0.0118031)
(75.6589 -0.234708 0.011774)
(68.0978 12.0717 -2.24395e-05)
(68.6591 9.94676 -4.84241e-05)
(69.5095 8.21833 -8.75068e-05)
(70.4243 6.86095 -0.000140823)
(71.2873 5.78145 -0.000210551)
(72.0766 4.90944 -0.00029337)
(72.7932 4.20068 -0.000366207)
(73.4364 3.62124 -0.000368895)
(74.0065 3.14271 -0.000187528)
(74.5068 2.74263 0.000339463)
(74.9419 2.4045 0.00133378)
(75.3163 2.11722 0.00266757)
(75.6354 1.87388 0.00391159)
(75.907 1.66888 0.00477691)
(76.1392 1.49618 0.0053238)
(76.3384 1.35004 0.00567635)
(76.5095 1.22587 0.00588142)
(76.6565 1.12015 0.00597808)
(76.7829 1.03 0.00602075)
(76.8918 0.953022 0.00605083)
(76.9856 0.887193 0.00608813)
(77.0664 0.830841 0.00614017)
(77.136 0.78256 0.00620923)
(77.1961 0.741158 0.00629452)
(77.2479 0.705626 0.00639332)
(77.2926 0.675108 0.00650212)
(77.3312 0.648879 0.00661744)
(77.3646 0.626323 0.0067362)
(77.3935 0.606919 0.00685575)
(77.4186 0.590225 0.00697389)
(77.4404 0.575869 0.00708887)
(77.4595 0.563537 0.00719933)
(77.4763 0.552966 0.00730433)
(77.4911 0.543935 0.00740319)
(77.5044 0.53626 0.00749554)
(77.5165 0.529792 0.00758108)
(77.5278 0.524411 0.00765948)
(77.5394 0.520027 0.00772984)
(77.5532 0.516599 0.00778964)
(77.5881 0.51407 0.00782462)
(68.2215 11.4881 -1.56527e-05)
(69.1301 8.9706 -3.80978e-05)
(70.403 7.05078 -7.28634e-05)
(71.6582 5.59915 -0.000110702)
(72.761 4.46494 -0.000149528)
(73.7239 3.56539 -0.000186138)
(74.5701 2.85049 -0.000204438)
(75.3087 2.27849 -0.000169071)
(75.9475 1.81496 -2.24827e-05)
(76.4972 1.43429 0.000305951)
(76.9688 1.11823 0.000856557)
(77.3714 0.854017 0.00156354)
(77.7137 0.632797 0.00224407)
(78.0042 0.447873 0.00275294)
(78.2513 0.293344 0.00309462)
(78.4621 0.16399 0.00333981)
(78.6422 0.055531 0.00353271)
(78.7961 -0.0354663 0.00369079)
(78.9279 -0.11184 0.00382459)
(79.0406 -0.175968 0.00393993)
(79.1371 -0.22982 0.00403782)
(79.2198 -0.275022 0.00411788)
(79.2906 -0.312916 0.00418051)
(79.3512 -0.34462 0.00422696)
(79.4031 -0.371063 0.00425891)
(79.4476 -0.393024 0.00427823)
(79.4857 -0.411153 0.00428691)
(79.5183 -0.425996 0.0042868)
(79.5464 -0.438012 0.00427957)
(79.5706 -0.447589 0.00426664)
(79.5915 -0.455054 0.00424919)
(79.6096 -0.46068 0.00422828)
(79.6253 -0.464696 0.00420485)
(79.6392 -0.467295 0.00417975)
(79.6514 -0.468634 0.00415369)
(79.6623 -0.468847 0.00412719)
(79.672 -0.468057 0.00410056)
(79.68 -0.466407 0.00407388)
(79.6847 -0.464164 0.00404774)
(79.6752 -0.461971 0.00401983)
(68.4423 10.5916 3.42949e-06)
(69.872 7.95099 1.12226e-05)
(71.6495 6.36115 7.39519e-06)
(73.2411 5.29414 -1.06954e-06)
(74.5734 4.48203 -1.29187e-05)
(75.7173 3.84591 -2.42476e-05)
(76.7094 3.34662 -2.21667e-05)
(77.5618 2.94751 1.47614e-05)
(78.2886 2.62028 0.000115376)
(78.908 2.34674 0.000309952)
(79.4361 2.11517 0.000611834)
(79.8859 1.91758 0.000989925)
(80.2683 1.74835 0.00136708)
(80.5934 1.60327 0.00167405)
(80.87 1.47873 0.00189757)
(81.1061 1.37149 0.00205955)
(81.3078 1.27881 0.00217764)
(81.4804 1.1984 0.00225976)
(81.6282 1.12839 0.00231359)
(81.755 1.06722 0.0023484)
(81.8639 1.01359 0.00237224)
(81.9574 0.966415 0.00239096)
(82.0379 0.924786 0.00240875)
(82.1072 0.887943 0.00242838)
(82.1669 0.855239 0.00245148)
(82.2184 0.826125 0.00247874)
(82.2629 0.800133 0.0025102)
(82.3014 0.776861 0.00254547)
(82.3348 0.755965 0.00258393)
(82.3639 0.73715 0.00262487)
(82.3892 0.720162 0.00266761)
(82.4114 0.704785 0.00271156)
(82.431 0.690837 0.00275628)
(82.4483 0.678165 0.00280137)
(82.4639 0.666643 0.0028465)
(82.478 0.656171 0.00289124)
(82.4912 0.646686 0.00293496)
(82.5042 0.638192 0.00297656)
(82.5185 0.630918 0.00301345)
(82.5493 0.625528 0.00303594)
(69.2971 7.94358 -7.48447e-05)
(72.1874 4.1495 -0.000118108)
(74.802 2.29816 -0.000127502)
(76.669 1.28902 -0.000116683)
(78.0796 0.642621 -0.000105443)
(79.2572 0.215229 -9.48667e-05)
(80.2604 -0.0647647 -7.46087e-05)
(81.1058 -0.252654 -3.14967e-05)
(81.8165 -0.384605 4.91837e-05)
(82.4175 -0.480862 0.000180547)
(82.9279 -0.552863 0.000365763)
(83.3619 -0.607589 0.000587709)
(83.7308 -0.649425 0.000809745)
(84.0443 -0.681208 0.000996563)
(84.311 -0.704983 0.00113566)
(84.5384 -0.722368 0.00123458)
(84.7325 -0.734648 0.00130482)
(84.8984 -0.742817 0.0013546)
(85.0403 -0.747654 0.00139022)
(85.1618 -0.749787 0.00141683)
(85.2659 -0.749727 0.00143777)
(85.3552 -0.74789 0.00145459)
(85.4319 -0.744618 0.00146783)
(85.4976 -0.740191 0.00147766)
(85.5542 -0.734841 0.00148411)
(85.6027 -0.728758 0.00148719)
(85.6446 -0.7221 0.00148696)
(85.6806 -0.714996 0.00148356)
(85.7118 -0.707553 0.00147724)
(85.7387 -0.699857 0.00146832)
(85.7621 -0.691977 0.00145721)
(85.7826 -0.683968 0.00144443)
(85.8006 -0.675869 0.0014305)
(85.8165 -0.667709 0.00141589)
(85.8307 -0.659509 0.0014009)
(85.8435 -0.65129 0.0013856)
(85.8551 -0.643096 0.00136984)
(85.8654 -0.635059 0.00135346)
(85.8737 -0.627628 0.00133695)
(85.876 -0.622006 0.00132053)
(70.8597 9.66026 9.75155e-05)
(76.2212 6.76846 5.72147e-05)
(80.3159 5.16188 2.33503e-05)
(82.8348 4.15992 1.68736e-05)
(84.5657 3.46141 1.10591e-05)
(85.9354 2.95648 4.73499e-06)
(87.054 2.58382 8.76398e-06)
(87.9635 2.29965 3.25225e-05)
(88.7084 2.07546 8.40064e-05)
(89.3272 1.89385 0.00016982)
(89.8465 1.74377 0.000290691)
(90.2842 1.61779 0.000436361)
(90.6541 1.51069 0.000586222)
(90.9673 1.41874 0.000719192)
(91.2331 1.33912 0.00082503)
(91.4592 1.26966 0.000905306)
(91.6518 1.20864 0.000965836)
(91.8162 1.1547 0.00101131)
(91.9567 1.10673 0.0010451)
(92.0769 1.06383 0.0010702)
(92.1799 1.02527 0.00108917)
(92.2682 0.990433 0.00110398)
(92.344 0.958818 0.00111605)
(92.409 0.930003 0.00112645)
(92.4649 0.903634 0.00113597)
(92.513 0.879414 0.00114515)
(92.5544 0.857087 0.00115428)
(92.5902 0.83644 0.00116353)
(92.621 0.817287 0.00117293)
(92.6477 0.799467 0.0011825)
(92.6709 0.782843 0.00119232)
(92.6912 0.767296 0.00120252)
(92.709 0.75272 0.00121332)
(92.7247 0.739028 0.00122486)
(92.7387 0.726142 0.00123714)
(92.7513 0.714006 0.00124987)
(92.7629 0.702597 0.00126245)
(92.7739 0.691993 0.00127404)
(92.7845 0.682636 0.00128353)
(92.8007 0.675838 0.00128776)
(65.0188 10.1797 -0.000180771)
(58.9625 7.28905 -0.00016121)
(54.1699 5.58676 -0.000155664)
(51.1527 4.46644 -0.000230217)
(49.0109 3.65015 -0.000326657)
(47.2582 3.04232 -0.000436707)
(45.7935 2.58505 -0.000582946)
(44.5855 2.23226 -0.000774479)
(43.586 1.95243 -0.00100423)
(42.7488 1.72572 -0.00125685)
(42.0412 1.53922 -0.00151236)
(41.4405 1.38383 -0.00175065)
(40.9293 1.25296 -0.00195866)
(40.4933 1.14172 -0.00213268)
(40.1206 1.04641 -0.00227285)
(39.8018 0.964234 -0.00237945)
(39.5286 0.892963 -0.00245516)
(39.2945 0.830826 -0.00250637)
(39.0937 0.776386 -0.00254037)
(38.9213 0.728468 -0.00256268)
(38.7733 0.686105 -0.00257698)
(38.6462 0.648493 -0.00258598)
(38.537 0.614965 -0.00259194)
(38.4432 0.584957 -0.00259675)
(38.3625 0.557998 -0.00260184)
(38.2932 0.533687 -0.00260818)
(38.2335 0.511686 -0.00261622)
(38.1822 0.491706 -0.00262579)
(38.1379 0.473502 -0.00263634)
(38.0998 0.456861 -0.00264715)
(38.0668 0.441605 -0.00265779)
(38.0381 0.427576 -0.00266832)
(38.0132 0.414642 -0.00267933)
(37.9913 0.402689 -0.00269166)
(37.9719 0.391619 -0.00270595)
(37.9547 0.381355 -0.00272225)
(37.939 0.371857 -0.00274003)
(37.9245 0.363174 -0.00275838)
(37.9108 0.355668 -0.00277564)
(37.8911 0.350633 -0.002792)
(66.5298 8.53293 7.23066e-05)
(63.5026 4.96655 0.000103795)
(60.671 3.18181 6.46913e-05)
(58.5864 2.16347 -3.70944e-05)
(56.9596 1.47704 -0.000166369)
(55.5665 1.00138 -0.000319782)
(54.3597 0.673336 -0.000511331)
(53.331 0.440342 -0.00074725)
(52.4581 0.267357 -0.00102064)
(51.7141 0.134694 -0.0013134)
(51.0776 0.0309895 -0.00159954)
(50.5322 -0.0511479 -0.00185377)
(50.0645 -0.11688 -0.00206378)
(49.6632 -0.169875 -0.00223043)
(49.3186 -0.212744 -0.00235517)
(49.0224 -0.247384 -0.00243722)
(48.7679 -0.275243 -0.00248107)
(48.549 -0.297484 -0.00249718)
(48.3607 -0.315048 -0.00249578)
(48.1985 -0.328703 -0.0024835)
(48.0589 -0.339079 -0.00246407)
(47.9386 -0.346701 -0.00243971)
(47.8349 -0.35201 -0.00241187)
(47.7454 -0.355378 -0.0023814)
(47.6682 -0.35712 -0.00234881)
(47.6014 -0.357503 -0.00231443)
(47.5437 -0.35675 -0.00227846)
(47.4936 -0.355051 -0.00224093)
(47.4502 -0.352566 -0.00220181)
(47.4123 -0.349426 -0.00216109)
(47.3793 -0.345741 -0.00211899)
(47.3502 -0.3416 -0.00207608)
(47.3245 -0.337076 -0.00203328)
(47.3016 -0.332223 -0.00199176)
(47.2809 -0.327084 -0.00195258)
(47.2621 -0.32169 -0.00191653)
(47.2449 -0.316076 -0.00188407)
(47.229 -0.310316 -0.00185611)
(47.215 -0.304679 -0.00183552)
(47.2022 -0.299865 -0.00184219)
(67.4101 10.9785 -5.12068e-05)
(66.0196 8.49476 -0.00012156)
(64.2443 6.92838 -0.000202396)
(62.6174 5.81548 -0.000314142)
(61.2236 4.9296 -0.000468323)
(60.0029 4.21236 -0.000677989)
(58.9298 3.63286 -0.000960977)
(57.9999 3.15807 -0.00132752)
(57.2019 2.76185 -0.00176917)
(56.5183 2.42728 -0.00225347)
(55.9321 2.14301 -0.00272854)
(55.4294 1.90041 -0.0031461)
(54.998 1.69247 -0.00349387)
(54.6277 1.51348 -0.00378507)
(54.3098 1.35894 -0.00401953)
(54.0367 1.22524 -0.00418825)
(53.802 1.10938 -0.00429715)
(53.6002 1.00879 -0.00436406)
(53.4265 0.921268 -0.00440455)
(53.277 0.844986 -0.00442824)
(53.1482 0.778381 -0.00444201)
(53.0371 0.720127 -0.00445185)
(52.9413 0.669093 -0.00446258)
(52.8585 0.624307 -0.00447745)
(52.787 0.58494 -0.0044983)
(52.7251 0.550278 -0.00452584)
(52.6715 0.519708 -0.0045599)
(52.625 0.492703 -0.00459968)
(52.5845 0.468809 -0.00464402)
(52.5491 0.447637 -0.00469168)
(52.5182 0.428852 -0.00474159)
(52.491 0.412167 -0.00479302)
(52.4669 0.39734 -0.00484572)
(52.4454 0.384169 -0.00489984)
(52.426 0.372485 -0.00495572)
(52.4084 0.36216 -0.00501368)
(52.392 0.353109 -0.00507373)
(52.3763 0.345324 -0.00513566)
(52.3605 0.339015 -0.00519786)
(52.3331 0.334791 -0.00526634)
(67.6708 11.9569 -6.58521e-05)
(66.8702 9.71408 -0.000134957)
(65.6925 7.93079 -0.000223283)
(64.5001 6.52394 -0.000370406)
(63.4311 5.38126 -0.000606146)
(62.4816 4.44523 -0.000957689)
(61.637 3.67991 -0.00145471)
(60.895 3.05174 -0.00211509)
(60.2512 2.53195 -0.0029221)
(59.6958 2.09895 -0.00380568)
(59.2175 1.73684 -0.00464877)
(58.8059 1.4331 -0.00534909)
(58.4515 1.17732 -0.00590927)
(58.1466 0.961044 -0.00637444)
(57.8846 0.777722 -0.00673021)
(57.6594 0.622228 -0.00695572)
(57.4658 0.490303 -0.00707848)
(57.2994 0.378323 -0.00714312)
(57.1562 0.283247 -0.00717583)
(57.033 0.20254 -0.0071848)
(56.927 0.134072 -0.0071724)
(56.8357 0.0760451 -0.00714065)
(56.7571 0.0269309 -0.00709161)
(56.6894 -0.0145649 -0.0070273)
(56.631 -0.0495397 -0.00694995)
(56.5806 -0.0789249 -0.00686197)
(56.537 -0.103511 -0.00676579)
(56.4993 -0.12397 -0.00666365)
(56.4666 -0.140872 -0.00655759)
(56.4382 -0.154702 -0.0064495)
(56.4134 -0.165871 -0.00634117)
(56.3916 -0.174723 -0.0062344)
(56.3724 -0.181548 -0.00613101)
(56.3552 -0.186584 -0.00603296)
(56.3399 -0.190025 -0.00594216)
(56.3259 -0.19203 -0.00586043)
(56.3132 -0.192733 -0.0057894)
(56.3019 -0.192272 -0.00573125)
(56.293 -0.190872 -0.00569031)
(56.2908 -0.189049 -0.00569093)
(67.7788 12.4143 -8.88374e-05)
(67.3005 10.4833 -0.000195896)
(66.5535 8.83709 -0.000351324)
(65.7393 7.48709 -0.000601098)
(64.9641 6.37011 -0.000995523)
(64.2489 5.4367 -0.00159384)
(63.5957 4.65539 -0.00246081)
(63.0092 4.00027 -0.0036401)
(62.4912 3.4487 -0.00510576)
(62.0388 2.98272 -0.00671106)
(61.6455 2.58848 -0.00819361)
(61.3041 2.25447 -0.00935503)
(61.0077 1.97033 -0.0103145)
(60.751 1.72744 -0.011191)
(60.5293 1.51939 -0.0118706)
(60.3381 1.34112 -0.0122688)
(60.1733 1.18825 -0.0124485)
(60.031 1.05694 -0.0125085)
(59.9081 0.943999 -0.0125108)
(59.802 0.846784 -0.0124893)
(59.7103 0.763069 -0.0124679)
(59.6311 0.690951 -0.0124625)
(59.5625 0.628802 -0.0124807)
(59.5031 0.575226 -0.0125238)
(59.4517 0.529029 -0.0125895)
(59.407 0.489188 -0.0126737)
(59.3682 0.454822 -0.0127718)
(59.3345 0.425178 -0.0128793)
(59.305 0.399612 -0.0129919)
(59.2792 0.37757 -0.0131062)
(59.2565 0.358582 -0.0132199)
(59.2365 0.342252 -0.0133314)
(59.2188 0.328246 -0.0134401)
(59.2029 0.316286 -0.0135462)
(59.1885 0.306147 -0.0136507)
(59.1754 0.297646 -0.013755)
(59.1631 0.290647 -0.0138606)
(59.151 0.285071 -0.0139687)
(59.1381 0.280943 -0.0140769)
(59.1117 0.278403 -0.0141881)
(67.8391 12.6954 -0.000125742)
(67.5503 11 -0.000280559)
(67.0735 9.47245 -0.000514433)
(66.5182 8.14516 -0.000896506)
(65.9598 6.99656 -0.00151851)
(65.4273 6.00143 -0.00250082)
(64.9319 5.14152 -0.00398155)
(64.4816 4.40071 -0.00606554)
(64.0808 3.76354 -0.00871404)
(63.7294 3.21656 -0.0115994)
(63.4235 2.74856 -0.0140643)
(63.1568 2.34871 -0.0156944)
(62.9239 2.00551 -0.0170715)
(62.7212 1.70967 -0.0184817)
(62.5464 1.45488 -0.0195899)
(62.3958 1.23598 -0.0202695)
(62.266 1.04799 -0.0206818)
(62.1539 0.886389 -0.0209553)
(62.0572 0.747336 -0.0211126)
(61.9739 0.627636 -0.0211494)
(61.9022 0.524574 -0.0210781)
(61.8403 0.435831 -0.0209216)
(61.787 0.359425 -0.0207027)
(61.741 0.293669 -0.0204407)
(61.7012 0.237121 -0.0201523)
(61.6668 0.188548 -0.0198507)
(61.637 0.146893 -0.0195468)
(61.6112 0.11125 -0.0192482)
(61.5887 0.0808422 -0.0189607)
(61.569 0.0550021 -0.0186878)
(61.5518 0.0331606 -0.0184319)
(61.5366 0.0148336 -0.0181945)
(61.5231 -0.000388949 -0.0179768)
(61.5111 -0.0128526 -0.0177804)
(61.5002 -0.0228475 -0.0176074)
(61.4903 -0.0306151 -0.0174599)
(61.4813 -0.036352 -0.0173405)
(61.4736 -0.0402125 -0.0172522)
(61.4682 -0.0423073 -0.0171996)
(61.4714 -0.0427793 -0.0172103)
(67.8736 12.8646 -0.000169008)
(67.6994 11.3181 -0.000380688)
(67.4007 9.87909 -0.000714516)
(67.0379 8.58527 -0.00127922)
(66.6598 7.43864 -0.00223213)
(66.2912 6.4298 -0.00379739)
(65.944 5.54812 -0.00625468)
(65.6262 4.7822 -0.00985087)
(65.3426 4.12028 -0.0145597)
(65.095 3.55174 -0.0197006)
(64.8799 3.06773 -0.0236416)
(64.6905 2.65705 -0.0257503)
(64.5218 2.3046 -0.0280987)
(64.3741 1.99996 -0.0306298)
(64.2472 1.73758 -0.0321233)
(64.1383 1.51251 -0.0325018)
(64.044 1.31957 -0.0323697)
(63.962 1.15417 -0.032154)
(63.8909 1.01247 -0.0320002)
(63.8291 0.891217 -0.03194)
(63.7756 0.787551 -0.0319781)
(63.7291 0.698972 -0.0321057)
(63.6888 0.623317 -0.0323036)
(63.6537 0.558732 -0.0325495)
(63.6231 0.503626 -0.0328234)
(63.5965 0.456639 -0.0331096)
(63.5732 0.416603 -0.0333958)
(63.5529 0.382526 -0.0336735)
(63.535 0.353559 -0.0339374)
(63.5192 0.328986 -0.0341855)
(63.5053 0.3082 -0.0344173)
(63.4928 0.290689 -0.0346335)
(63.4817 0.276026 -0.034835)
(63.4716 0.263854 -0.0350237)
(63.4623 0.253876 -0.0352028)
(63.4538 0.24585 -0.0353767)
(63.4456 0.239585 -0.0355514)
(63.4374 0.234945 -0.0357333)
(63.428 0.231858 -0.0359229)
(63.4064 0.230268 -0.036123)
(67.8959 12.9623 -0.000214494)
(67.7988 11.5078 -0.000489203)
(67.6277 10.1326 -0.000939271)
(67.4134 8.87146 -0.00172759)
(67.1839 7.73476 -0.00310858)
(66.9558 6.72088 -0.00547519)
(66.7385 5.82388 -0.00936634)
(66.5389 5.03572 -0.0153328)
(66.3626 4.34777 -0.0234218)
(66.2125 3.75275 -0.0321109)
(66.0845 3.24652 -0.0365393)
(65.9667 2.81849 -0.0365998)
(65.8548 2.44729 -0.0402318)
(65.7551 2.12278 -0.045605)
(65.6706 1.84218 -0.0494458)
(65.5988 1.60089 -0.0516726)
(65.5364 1.39281 -0.0529664)
(65.4822 1.21273 -0.0535856)
(65.4352 1.05678 -0.0536235)
(65.3945 0.92181 -0.0532229)
(65.3592 0.805074 -0.0525472)
(65.3285 0.704148 -0.0517239)
(65.3017 0.616937 -0.0508367)
(65.2783 0.541636 -0.0499407)
(65.2577 0.476687 -0.0490726)
(65.2396 0.420736 -0.0482557)
(65.2236 0.372614 -0.0475022)
(65.2094 0.331307 -0.0468166)
(65.1968 0.295943 -0.0461987)
(65.1856 0.265771 -0.0456458)
(65.1754 0.240148 -0.0451549)
(65.1662 0.218526 -0.0447231)
(65.1578 0.200438 -0.0443474)
(65.1501 0.185486 -0.0440246)
(65.1429 0.173337 -0.0437518)
(65.1363 0.163711 -0.0435272)
(65.1302 0.156382 -0.0433527)
(65.125 0.151178 -0.0432351)
(65.1219 0.147997 -0.043185)
(65.1277 0.146769 -0.0432404)
(67.9125 13.0107 -0.000254019)
(67.8735 11.6052 -0.00058664)
(67.8012 10.2671 -0.00114938)
(67.7076 9.0273 -0.0021675)
(67.6049 7.89907 -0.00401886)
(67.5014 6.88514 -0.00733626)
(67.4027 5.98278 -0.0130851)
(67.3141 5.18616 -0.0224472)
(67.2414 4.4882 -0.0359037)
(67.1905 3.8833 -0.0509585)
(67.1551 3.37285 -0.0533525)
(67.1117 2.94775 -0.0436757)
(67.0562 2.57385 -0.0462103)
(67.0073 2.23977 -0.0508043)
(66.9702 1.94786 -0.0507018)
(66.9392 1.69713 -0.0487487)
(66.9107 1.48236 -0.0475614)
(66.8846 1.29804 -0.0473868)
(66.8615 1.1398 -0.0477492)
(66.8413 1.00407 -0.0483609)
(66.8237 0.887711 -0.049118)
(66.8081 0.78796 -0.0499559)
(66.7943 0.702455 -0.0508147)
(66.782 0.629175 -0.05165)
(66.7711 0.566396 -0.0524362)
(66.7613 0.512638 -0.0531624)
(66.7524 0.466637 -0.0538264)
(66.7444 0.427311 -0.0544312)
(66.737 0.393738 -0.0549831)
(66.7302 0.365131 -0.0554895)
(66.7239 0.340825 -0.0559577)
(66.718 0.320257 -0.0563949)
(66.7124 0.302952 -0.056808)
(66.7071 0.288516 -0.0572028)
(66.7019 0.276624 -0.0575856)
(66.6969 0.267008 -0.0579645)
(66.6918 0.259459 -0.0583529)
(66.6864 0.253819 -0.0587685)
(66.6797 0.250013 -0.0592208)
(66.6622 0.248063 -0.0596899)
(67.9266 13.0199 -0.000276461)
(67.9368 11.6277 -0.00064498)
(67.9494 10.3015 -0.00128238)
(67.9621 9.06978 -0.00246349)
(67.9744 7.94651 -0.00467824)
(67.9866 6.93596 -0.00881575)
(67.9997 6.03683 -0.0164144)
(68.0161 5.24457 -0.029846)
(68.0413 4.55338 -0.0516857)
(68.0865 3.95893 -0.0797305)
(68.1444 3.46175 -0.0806711)
(68.1686 3.05123 -0.0506792)
(68.1529 2.69412 -0.0571176)
(68.1395 2.37569 -0.0747772)
(68.1415 2.0948 -0.0849575)
(68.1491 1.8499 -0.087883)
(68.1549 1.63747 -0.087853)
(68.1584 1.45358 -0.0868236)
(68.1607 1.29476 -0.0851913)
(68.1622 1.15792 -0.0831785)
(68.1628 1.04021 -0.0810516)
(68.1625 0.939112 -0.0789883)
(68.1614 0.852384 -0.0770669)
(68.1598 0.778091 -0.0753146)
(68.1576 0.714547 -0.0737357)
(68.155 0.660297 -0.0723226)
(68.1519 0.614082 -0.0710622)
(68.1486 0.574819 -0.0699388)
(68.145 0.541581 -0.0689361)
(68.1412 0.513572 -0.068038)
(68.1372 0.490111 -0.0672296)
(68.1331 0.47062 -0.066498)
(68.1289 0.454609 -0.0658327)
(68.1245 0.441671 -0.0652245)
(68.1201 0.431469 -0.0646666)
(68.1157 0.423728 -0.0641579)
(68.1114 0.418214 -0.0637094)
(68.1078 0.414713 -0.0633493)
(68.1061 0.412959 -0.0631279)
(68.1141 0.412513 -0.0630743)
(67.9403 12.9936 -0.000272234)
(67.9979 11.5823 -0.000637438)
(68.092 10.2439 -0.00126971)
(68.2073 9.00641 -0.00243895)
(68.3315 7.88267 -0.0046232)
(68.4577 6.87621 -0.00867288)
(68.5823 5.98522 -0.0159828)
(68.7057 5.20505 -0.0283744)
(68.8337 4.52957 -0.0464563)
(68.978 3.95138 -0.0619878)
(69.1264 3.45673 -0.0334389)
(69.2232 3.02984 0.0381103)
(69.2607 2.66246 0.0699049)
(69.288 2.3453 0.0757994)
(69.3236 2.07096 0.0743598)
(69.3598 1.83251 0.072104)
(69.3908 1.62485 0.0695414)
(69.4166 1.44436 0.0666924)
(69.4387 1.28781 0.0640091)
(69.4576 1.15216 0.0617243)
(69.4735 1.03464 0.0598254)
(69.4865 0.932852 0.0582672)
(69.4971 0.844707 0.0570245)
(69.5055 0.768373 0.0560726)
(69.512 0.702264 0.0553806)
(69.5169 0.645003 0.054916)
(69.5203 0.595406 0.054646)
(69.5224 0.552452 0.0545392)
(69.5235 0.515265 0.0545674)
(69.5236 0.483093 0.0547065)
(69.5228 0.455293 0.0549342)
(69.5214 0.431322 0.0552274)
(69.5194 0.410726 0.0555656)
(69.5169 0.393129 0.0559328)
(69.514 0.378228 0.0563146)
(69.5106 0.365784 0.0566931)
(69.5068 0.355625 0.0570403)
(69.5022 0.347652 0.057309)
(69.4957 0.341937 0.0574224)
(69.4766 0.338782 0.057338)
(67.9553 12.9307 -0.000241027)
(68.0644 11.4676 -0.000561784)
(68.2457 10.0933 -0.00110421)
(68.469 8.83617 -0.00207525)
(68.7093 7.70654 -0.00381328)
(68.9518 6.70424 -0.00685146)
(69.189 5.82432 -0.0118849)
(69.4187 5.05921 -0.0193159)
(69.6431 4.39881 -0.0276028)
(69.8656 3.82886 -0.0279278)
(70.0713 3.32636 0.000436994)
(70.2215 2.87907 0.0504739)
(70.3164 2.49989 0.062899)
(70.3967 2.18447 0.0562139)
(70.4774 1.91837 0.053194)
(70.5512 1.69079 0.0535359)
(70.6144 1.49556 0.0541454)
(70.6683 1.32848 0.0547527)
(70.7146 1.18574 0.0556519)
(70.7543 1.06385 0.0567793)
(70.7879 0.959826 0.057957)
(70.816 0.871139 0.0590784)
(70.8395 0.795642 0.0601031)
(70.8589 0.731477 0.0610157)
(70.8749 0.677042 0.0618108)
(70.8878 0.630963 0.0624903)
(70.8982 0.592061 0.0630606)
(70.9063 0.559327 0.0635292)
(70.9125 0.5319 0.0639036)
(70.9172 0.509046 0.0641909)
(70.9205 0.490142 0.0643977)
(70.9226 0.474665 0.0645319)
(70.9238 0.462181 0.0646031)
(70.9243 0.452329 0.06462)
(70.9241 0.444815 0.0645894)
(70.9235 0.439402 0.0645135)
(70.9228 0.435889 0.0643885)
(70.9226 0.434082 0.0642062)
(70.9247 0.433689 0.0639714)
(70.9405 0.433959 0.0637809)
(67.9737 12.8254 -0.000193664)
(68.1451 11.274 -0.000446863)
(68.4293 9.83903 -0.000858982)
(68.7755 8.54954 -0.0015611)
(69.1428 7.40919 -0.00274351)
(69.5086 6.40992 -0.00465713)
(69.8616 5.54045 -0.00751771)
(70.1968 4.78808 -0.011143)
(70.5127 4.13822 -0.0140889)
(70.8082 3.57348 -0.011781)
(71.074 3.07449 0.00352656)
(71.2919 2.6339 0.0299198)
(71.4616 2.26237 0.0465724)
(71.6031 1.95295 0.0560248)
(71.7277 1.68864 0.0641408)
(71.836 1.45953 0.0696967)
(71.9288 1.26093 0.0722092)
(72.0086 1.08906 0.0729164)
(72.0775 0.940204 0.0727846)
(72.1368 0.811092 0.0721971)
(72.1877 0.699026 0.0713357)
(72.2311 0.601735 0.070345)
(72.2681 0.517259 0.0693331)
(72.2995 0.443896 0.0683649)
(72.3261 0.380177 0.0674728)
(72.3485 0.324832 0.0666709)
(72.3673 0.276772 0.0659637)
(72.3831 0.235055 0.0653505)
(72.3962 0.198877 0.0648264)
(72.407 0.167547 0.0643841)
(72.4159 0.14048 0.0640158)
(72.4232 0.117178 0.0637152)
(72.4291 0.0972212 0.0634769)
(72.4338 0.0802573 0.0632946)
(72.4376 0.0659929 0.0631604)
(72.4406 0.0541888 0.0630639)
(72.4427 0.0446613 0.062991)
(72.4435 0.0372994 0.0629247)
(72.4415 0.0321594 0.0628511)
(72.4243 0.0294409 0.0627747)
(67.9988 12.6656 -0.000143552)
(68.2528 10.9825 -0.000326876)
(68.668 9.46318 -0.000612385)
(69.1616 8.13606 -0.0010709)
(69.6713 6.99212 -0.00179018)
(70.1669 6.0112 -0.00285493)
(70.6358 5.17381 -0.00425811)
(71.072 4.46134 -0.00567298)
(71.4728 3.85485 -0.00603089)
(71.8366 3.33527 -0.00292915)
(72.1587 2.8852 0.00679418)
(72.4312 2.49488 0.0217914)
(72.6543 2.16418 0.0329686)
(72.8402 1.88695 0.0377717)
(73.0004 1.65274 0.0393161)
(73.1398 1.45422 0.0395994)
(73.2607 1.28642 0.0393658)
(73.3653 1.14477 0.0391007)
(73.4558 1.02508 0.0390314)
(73.5339 0.923876 0.0391618)
(73.6013 0.838294 0.0394324)
(73.6592 0.765957 0.0397925)
(73.709 0.704854 0.0402019)
(73.7516 0.653282 0.0406258)
(73.7882 0.609801 0.0410364)
(73.8195 0.573196 0.041415)
(73.8462 0.542441 0.0417508)
(73.8691 0.516666 0.0420389)
(73.8886 0.49514 0.0422767)
(73.9053 0.477247 0.0424632)
(73.9196 0.46247 0.0425998)
(73.9318 0.450382 0.0426902)
(73.9423 0.440624 0.0427392)
(73.9514 0.432899 0.0427513)
(73.9594 0.42696 0.04273)
(73.9665 0.422602 0.0426778)
(73.9732 0.419649 0.042596)
(73.9804 0.417925 0.0424861)
(73.99 0.41717 0.0423568)
(74.0187 0.416748 0.0422127)
(68.0366 12.4278 -9.98916e-05)
(68.4119 10.5552 -0.000224308)
(69.0093 8.92385 -0.000410479)
(69.6938 7.54861 -0.000690373)
(70.3756 6.39171 -0.00109551)
(71.0209 5.41415 -0.00163705)
(71.6193 4.5875 -0.00224651)
(72.1656 3.88808 -0.00266056)
(72.6573 3.29387 -0.00225809)
(73.0946 2.78498 4.96781e-05)
(73.4773 2.34512 0.00534249)
(73.8047 1.96395 0.0127928)
(74.0801 1.63751 0.0190439)
(74.3126 1.36104 0.0227485)
(74.5117 1.12687 0.0252444)
(74.6832 0.927615 0.0274247)
(74.8306 0.757489 0.0292278)
(74.9569 0.611819 0.0305442)
(75.0652 0.486735 0.0314373)
(75.158 0.379074 0.0319985)
(75.2376 0.286254 0.0322955)
(75.3056 0.206143 0.032387)
(75.3639 0.13695 0.032327)
(75.4137 0.0771655 0.0321608)
(75.4563 0.0255119 0.0319237)
(75.4926 -0.0190974 0.0316426)
(75.5237 -0.0575891 0.0313379)
(75.5502 -0.0907545 0.0310245)
(75.5729 -0.119269 0.030713)
(75.5922 -0.143707 0.0304107)
(75.6088 -0.16456 0.030123)
(75.6231 -0.182245 0.029854)
(75.6354 -0.197116 0.0296059)
(75.6461 -0.209477 0.0293796)
(75.6554 -0.219584 0.0291743)
(75.6636 -0.227655 0.0289885)
(75.6707 -0.233867 0.0288193)
(75.6761 -0.238355 0.0286622)
(75.678 -0.241174 0.0285152)
(75.6631 -0.242357 0.0283674)
(68.0978 12.0717 -6.5243e-05)
(68.6591 9.94679 -0.000143465)
(69.5095 8.21838 -0.000255721)
(70.4243 6.86103 -0.00041097)
(71.2873 5.78159 -0.000616509)
(72.0765 4.90967 -0.000861227)
(72.7931 4.20102 -0.00107909)
(73.4365 3.62169 -0.00109815)
(74.0069 3.14315 -0.000587794)
(74.5077 2.7428 0.000933609)
(74.9433 2.40394 0.00384688)
(75.3179 2.11561 0.00777879)
(75.6368 1.87142 0.0114233)
(75.9081 1.66599 0.0139148)
(76.14 1.49301 0.0154496)
(76.3391 1.34656 0.0163915)
(76.5101 1.22212 0.0168789)
(76.6572 1.1162 0.0170366)
(76.7837 1.02591 0.0170273)
(76.8926 0.948839 0.0169693)
(76.9866 0.882965 0.0169179)
(77.0675 0.826603 0.0168947)
(77.1373 0.778337 0.0169073)
(77.1975 0.736968 0.0169548)
(77.2494 0.701482 0.0170312)
(77.2943 0.671017 0.0171288)
(77.333 0.644846 0.0172398)
(77.3665 0.622349 0.0173577)
(77.3956 0.603005 0.0174773)
(77.4208 0.58637 0.0175942)
(77.4427 0.572073 0.0177053)
(77.462 0.559798 0.0178085)
(77.4789 0.549282 0.0179022)
(77.4938 0.540304 0.0179855)
(77.5072 0.532681 0.0180579)
(77.5194 0.526264 0.0181186)
(77.5308 0.520931 0.0181666)
(77.5425 0.516597 0.0181993)
(77.5564 0.513219 0.0182127)
(77.5914 0.510742 0.0181829)
(68.2215 11.4881 -4.40146e-05)
(69.1301 8.97064 -0.000101578)
(70.403 7.05083 -0.000183128)
(71.6581 5.59923 -0.000278143)
(72.761 4.46506 -0.000383272)
(73.7239 3.56555 -0.000485686)
(74.5702 2.85069 -0.000537883)
(75.3088 2.27873 -0.000438348)
(75.9477 1.81516 -2.01798e-05)
(76.4977 1.43429 0.000924646)
(76.9695 1.11782 0.00252044)
(77.3723 0.853028 0.00457643)
(77.7145 0.631275 0.00654807)
(78.0049 0.445999 0.00800694)
(78.2519 0.291255 0.00897436)
(78.4627 0.161761 0.00965893)
(78.6428 0.0532235 0.0101846)
(78.7968 -0.0378111 0.0105985)
(78.9286 -0.114209 0.01093)
(79.0414 -0.178366 0.0111959)
(79.138 -0.232261 0.0114006)
(79.2207 -0.277518 0.0115453)
(79.2916 -0.31548 0.0116335)
(79.3523 -0.347262 0.0116708)
(79.4042 -0.37379 0.011664)
(79.4488 -0.395839 0.0116199)
(79.487 -0.414058 0.0115454)
(79.5197 -0.428991 0.0114468)
(79.5479 -0.441097 0.0113299)
(79.5722 -0.450762 0.0111994)
(79.5931 -0.458311 0.0110594)
(79.6113 -0.464018 0.0109134)
(79.6272 -0.468112 0.0107645)
(79.6411 -0.470784 0.0106152)
(79.6535 -0.472192 0.0104675)
(79.6645 -0.47247 0.0103225)
(79.6742 -0.471741 0.0101807)
(79.6824 -0.470149 0.0100422)
(79.6872 -0.467959 0.00991026)
(79.6778 -0.465814 0.00978723)
(68.4423 10.5916 -1.16133e-05)
(69.872 7.95094 -1.91618e-05)
(71.6495 6.36112 -4.51948e-05)
(73.2411 5.29413 -8.07902e-05)
(74.5734 4.48206 -0.00012228)
(75.7172 3.84597 -0.000156733)
(76.7094 3.34671 -0.000149384)
(77.5619 2.94759 -4.11015e-05)
(78.2888 2.62033 0.00025057)
(78.9083 2.34668 0.000814046)
(79.4366 2.11491 0.00168986)
(79.8864 1.91704 0.00278836)
(80.2688 1.74757 0.00388297)
(80.5938 1.60233 0.00477073)
(80.8704 1.4777 0.00541415)
(81.1065 1.37041 0.00587684)
(81.3082 1.27768 0.00620841)
(81.4808 1.19724 0.00643113)
(81.6287 1.12721 0.00656783)
(81.7555 1.06602 0.0066457)
(81.8644 1.01237 0.00668797)
(81.9581 0.965185 0.00671146)
(82.0386 0.923555 0.00672801)
(82.108 0.886719 0.0067456)
(82.1677 0.85403 0.00676889)
(82.2193 0.824936 0.00679997)
(82.2639 0.798968 0.00683919)
(82.3025 0.775723 0.0068858)
(82.3359 0.754857 0.00693849)
(82.3651 0.736073 0.00699579)
(82.3905 0.719118 0.00705633)
(82.4127 0.703776 0.00711902)
(82.4324 0.689863 0.00718299)
(82.4498 0.677226 0.00724748)
(82.4654 0.665739 0.00731161)
(82.4796 0.655303 0.00737412)
(82.4929 0.645853 0.00743316)
(82.5059 0.637394 0.00748578)
(82.5203 0.630154 0.00752657)
(82.5511 0.624799 0.00753655)
(69.2971 7.94364 -0.000105822)
(72.1874 4.14953 -0.000171186)
(74.8021 2.29818 -0.000190698)
(76.6691 1.28904 -0.00018375)
(78.0797 0.642649 -0.000176951)
(79.2572 0.215263 -0.000165262)
(80.2605 -0.0647259 -0.000122004)
(81.1059 -0.252618 -1.15271e-05)
(81.8166 -0.384593 0.0002081)
(82.4177 -0.480908 0.000575003)
(82.9282 -0.553011 0.00109873)
(83.3622 -0.607873 0.0017299)
(83.7311 -0.649846 0.002362)
(84.0446 -0.681739 0.00289242)
(84.3113 -0.705594 0.00328529)
(84.5387 -0.723039 0.0035627)
(84.7328 -0.735367 0.00375747)
(84.8987 -0.743573 0.00389282)
(85.0406 -0.748438 0.00398648)
(85.1622 -0.750593 0.00405289)
(85.2663 -0.750552 0.00410124)
(85.3557 -0.748734 0.00413578)
(85.4323 -0.745483 0.00415806)
(85.4981 -0.741079 0.00416862)
(85.5547 -0.735754 0.00416771)
(85.6033 -0.729699 0.00415556)
(85.6452 -0.723071 0.00413261)
(85.6813 -0.716 0.00409953)
(85.7124 -0.708591 0.00405729)
(85.7394 -0.700931 0.00400716)
(85.7629 -0.693088 0.00395067)
(85.7834 -0.685115 0.00388954)
(85.8014 -0.677052 0.0038255)
(85.8174 -0.668928 0.00375995)
(85.8316 -0.660764 0.00369371)
(85.8445 -0.65258 0.00362683)
(85.8561 -0.64442 0.00355868)
(85.8665 -0.636416 0.0034887)
(85.8748 -0.629017 0.00341905)
(85.8772 -0.62342 0.00335467)
(70.8596 9.66039 0.000119822)
(76.221 6.76861 5.06556e-05)
(80.3158 5.16202 -5.44558e-06)
(82.8347 4.16005 -1.86515e-05)
(84.5656 3.46153 -2.8678e-05)
(85.9354 2.9566 -3.35136e-05)
(87.054 2.58392 -9.23902e-06)
(87.9635 2.29974 6.83516e-05)
(88.7084 2.07554 0.000222972)
(89.3273 1.89391 0.000474577)
(89.8466 1.7438 0.000825888)
(90.2844 1.61779 0.00124777)
(90.6543 1.51067 0.00168099)
(90.9675 1.41869 0.00206484)
(91.2333 1.33907 0.00237003)
(91.4593 1.26961 0.00260127)
(91.6519 1.2086 0.00277522)
(91.8164 1.15466 0.00290513)
(91.9569 1.1067 0.00300053)
(92.0772 1.06381 0.0030699)
(92.1802 1.02526 0.00312051)
(92.2685 0.99043 0.00315788)
(92.3443 0.958824 0.00318605)
(92.4094 0.930018 0.00320802)
(92.4653 0.903659 0.00322601)
(92.5134 0.87945 0.00324149)
(92.5549 0.857137 0.00325537)
(92.5906 0.836506 0.00326811)
(92.6215 0.817369 0.00327996)
(92.6482 0.799569 0.00329114)
(92.6715 0.782965 0.003302)
(92.6918 0.767439 0.00331314)
(92.7096 0.752886 0.00332522)
(92.7254 0.739216 0.0033387)
(92.7394 0.726355 0.00335345)
(92.7521 0.714243 0.00336853)
(92.7637 0.702857 0.00338211)
(92.7747 0.692278 0.00339184)
(92.7854 0.682944 0.00339546)
(92.8016 0.676165 0.00338766)
(65.0188 10.1797 -8.50773e-05)
(58.9626 7.28909 -0.000108886)
(54.1699 5.58678 -0.000155665)
(51.1527 4.46645 -0.000259943)
(49.0109 3.65014 -0.000401836)
(47.2581 3.0423 -0.00058286)
(45.7934 2.585 -0.000820022)
(44.5854 2.23218 -0.00112017)
(43.5859 1.95231 -0.0014749)
(42.7487 1.72557 -0.00186346)
(42.0411 1.53903 -0.00225618)
(41.4404 1.38362 -0.0026223)
(40.9292 1.25273 -0.00294155)
(40.4932 1.14148 -0.0032082)
(40.1206 1.04617 -0.00342273)
(39.8018 0.963998 -0.00358572)
(39.5287 0.892737 -0.00370145)
(39.2946 0.830616 -0.00377984)
(39.0938 0.776192 -0.00383211)
(38.9214 0.728291 -0.00386681)
(38.7734 0.685946 -0.00388971)
(38.6463 0.648352 -0.00390511)
(38.5371 0.614842 -0.00391654)
(38.4433 0.584854 -0.00392677)
(38.3626 0.557916 -0.00393778)
(38.2933 0.533627 -0.00395071)
(38.2336 0.51165 -0.00396585)
(38.1823 0.491695 -0.00398284)
(38.138 0.473517 -0.00400094)
(38.0999 0.456903 -0.00401957)
(38.0669 0.441674 -0.00403874)
(38.0382 0.427673 -0.00405919)
(38.0133 0.414767 -0.00408209)
(37.9914 0.402841 -0.0041084)
(37.972 0.391798 -0.00413821)
(37.9548 0.381561 -0.00417047)
(37.9391 0.372087 -0.00420333)
(37.9246 0.363426 -0.00423494)
(37.9109 0.355938 -0.00426342)
(37.8913 0.350907 -0.00428888)
(66.5298 8.53294 -1.22226e-05)
(63.5026 4.96653 -4.0697e-05)
(60.6709 3.18176 -0.000109872)
(58.5863 2.16341 -0.000227091)
(56.9595 1.47694 -0.000385383)
(55.5664 1.00123 -0.000592028)
(54.3596 0.673104 -0.000861894)
(53.3309 0.440006 -0.00120115)
(52.458 0.266892 -0.00160036)
(51.7141 0.134085 -0.00203315)
(51.0777 0.0302372 -0.00245977)
(50.5324 -0.0520256 -0.00284022)
(50.0649 -0.117864 -0.00315399)
(49.6637 -0.170951 -0.00340193)
(49.3192 -0.213899 -0.00358628)
(49.0233 -0.248598 -0.00370594)
(48.7689 -0.2765 -0.00376812)
(48.5502 -0.298772 -0.003789)
(48.362 -0.31636 -0.00378416)
(48.2 -0.330036 -0.00376355)
(48.0605 -0.340429 -0.00373272)
(47.9403 -0.348067 -0.00369508)
(47.8368 -0.353393 -0.00365279)
(47.7474 -0.35678 -0.00360713)
(47.6703 -0.358542 -0.00355879)
(47.6037 -0.358946 -0.0035081)
(47.5461 -0.358217 -0.00345516)
(47.4962 -0.356543 -0.00339995)
(47.4529 -0.354083 -0.00334245)
(47.4152 -0.35097 -0.0032829)
(47.3823 -0.347313 -0.00322199)
(47.3533 -0.3432 -0.00316093)
(47.3278 -0.338703 -0.00310136)
(47.305 -0.333878 -0.0030449)
(47.2845 -0.328766 -0.00299272)
(47.2659 -0.3234 -0.00294525)
(47.2488 -0.317814 -0.0029024)
(47.233 -0.312082 -0.00286492)
(47.2191 -0.306474 -0.00283709)
(47.2064 -0.301693 -0.00284999)
(67.4101 10.9785 -6.43814e-05)
(66.0196 8.49471 -0.000145016)
(64.2442 6.92831 -0.000253319)
(62.6174 5.81539 -0.000410225)
(61.2235 4.92945 -0.000635559)
(60.0028 4.21212 -0.000952345)
(58.9297 3.63248 -0.00138532)
(57.9997 3.1575 -0.00194816)
(57.2017 2.76105 -0.00262888)
(56.5181 2.42622 -0.00337949)
(55.9321 2.14171 -0.00412056)
(55.4295 1.89893 -0.00477417)
(54.9983 1.69086 -0.00531785)
(54.6282 1.51176 -0.00577237)
(54.3105 1.35714 -0.0061377)
(54.0376 1.22341 -0.00640029)
(53.8031 1.10754 -0.00657067)
(53.6015 1.00696 -0.00667744)
(53.428 0.919458 -0.00674502)
(53.2786 0.843202 -0.00678847)
(53.1499 0.77663 -0.00681849)
(53.039 0.718417 -0.00684418)
(52.9434 0.667429 -0.00687261)
(52.8608 0.622696 -0.00690836)
(52.7894 0.583385 -0.00695382)
(52.7277 0.548783 -0.00700967)
(52.6742 0.518276 -0.00707533)
(52.6278 0.491335 -0.0071494)
(52.5874 0.467505 -0.00723009)
(52.5522 0.446396 -0.00731563)
(52.5215 0.427672 -0.00740461)
(52.4944 0.411047 -0.00749619)
(52.4704 0.396277 -0.00759021)
(52.4491 0.383159 -0.00768695)
(52.4298 0.371527 -0.00778683)
(52.4123 0.361249 -0.00788994)
(52.3961 0.352239 -0.00799579)
(52.3805 0.344491 -0.00810351)
(52.3649 0.338214 -0.00821034)
(52.3376 0.334011 -0.00832466)
(67.6708 11.9569 -9.34436e-05)
(66.8702 9.71404 -0.000200341)
(65.6924 7.93072 -0.000350492)
(64.5 6.52381 -0.000584922)
(63.4309 5.38101 -0.000946051)
(62.4813 4.44481 -0.00148074)
(61.6366 3.67922 -0.00223756)
(60.8945 3.05069 -0.00324683)
(60.2507 2.53043 -0.00448823)
(59.6954 2.09692 -0.0058597)
(59.2173 1.73433 -0.00718092)
(58.8059 1.43022 -0.00827976)
(58.4518 1.17414 -0.0091519)
(58.1472 0.957563 -0.00987137)
(57.8854 0.774007 -0.0104162)
(57.6605 0.618376 -0.0107586)
(57.4672 0.486385 -0.0109463)
(57.301 0.374377 -0.0110484)
(57.158 0.279289 -0.011103)
(57.035 0.198574 -0.0111216)
(56.9292 0.130099 -0.0111078)
(56.8382 0.0720586 -0.0110652)
(56.7598 0.0229235 -0.0109975)
(56.6922 -0.0185999 -0.0109082)
(56.634 -0.0536078 -0.0108009)
(56.5838 -0.0830296 -0.0106791)
(56.5404 -0.107655 -0.0105465)
(56.5029 -0.128153 -0.0104061)
(56.4704 -0.145095 -0.0102609)
(56.4422 -0.158964 -0.0101136)
(56.4176 -0.17017 -0.00996691)
(56.3959 -0.179058 -0.0098233)
(56.3769 -0.185918 -0.00968544)
(56.3599 -0.190987 -0.00955602)
(56.3447 -0.194461 -0.00943765)
(56.331 -0.196498 -0.0093327)
(56.3184 -0.197233 -0.00924323)
(56.3073 -0.196806 -0.009172)
(56.2985 -0.195441 -0.00912495)
(56.2965 -0.193653 -0.00913979)
(67.7788 12.4142 -0.000133517)
(67.3004 10.4832 -0.000293442)
(66.5534 8.83697 -0.000530088)
(65.7391 7.48687 -0.000906152)
(64.9638 6.36973 -0.00149858)
(64.2484 5.43604 -0.00240327)
(63.595 4.65432 -0.00372556)
(63.0083 3.99858 -0.00554192)
(62.4902 3.44622 -0.00782725)
(62.0379 2.97936 -0.0103701)
(61.6449 2.58441 -0.0127624)
(61.3039 2.25001 -0.0146464)
(61.0078 1.96552 -0.0162024)
(60.7514 1.72224 -0.017617)
(60.5301 1.51389 -0.0186911)
(60.3394 1.33547 -0.0193122)
(60.1749 1.18253 -0.0196024)
(60.0329 1.0512 -0.0197226)
(59.9103 0.938281 -0.0197688)
(59.8045 0.841139 -0.0197913)
(59.713 0.757537 -0.0198231)
(59.634 0.685562 -0.0198849)
(59.5656 0.623574 -0.0199854)
(59.5065 0.57017 -0.020124)
(59.4552 0.524147 -0.0202957)
(59.4108 0.484478 -0.0204932)
(59.3722 0.450279 -0.0207087)
(59.3386 0.420794 -0.0209349)
(59.3094 0.395375 -0.0211653)
(59.2838 0.373471 -0.0213951)
(59.2614 0.354611 -0.0216211)
(59.2416 0.338397 -0.0218412)
(59.224 0.324496 -0.022055)
(59.2083 0.312632 -0.0222628)
(59.1941 0.302578 -0.0224658)
(59.1812 0.294152 -0.0226659)
(59.1691 0.287218 -0.0228652)
(59.1573 0.281695 -0.0230654)
(59.1445 0.277609 -0.0232627)
(59.1184 0.275097 -0.0234614)
(67.8391 12.6954 -0.000188488)
(67.5502 10.9999 -0.000419217)
(67.0733 9.4723 -0.000772605)
(66.5179 8.14487 -0.00135131)
(65.9593 6.99603 -0.00229585)
(65.4264 6.00048 -0.00379644)
(64.9307 5.13989 -0.00607817)
(64.4799 4.39803 -0.00932835)
(64.0788 3.75943 -0.0135276)
(63.7276 3.21088 -0.0182041)
(63.4224 2.74174 -0.0222987)
(63.1564 2.34142 -0.0249713)
(62.9238 1.99753 -0.027248)
(62.7215 1.7009 -0.0295727)
(62.5472 1.44571 -0.0313816)
(62.3972 1.22678 -0.0325225)
(62.2679 1.0389 -0.0332519)
(62.1562 0.877404 -0.0337502)
(62.0599 0.738426 -0.0340484)
(61.977 0.618763 -0.0341478)
(61.9056 0.51571 -0.034076)
(61.844 0.426953 -0.0338744)
(61.791 0.350518 -0.0335818)
(61.7452 0.284725 -0.0332295)
(61.7057 0.228138 -0.0328426)
(61.6716 0.179527 -0.0324411)
(61.6421 0.137836 -0.0320394)
(61.6165 0.102161 -0.0316479)
(61.5942 0.0717238 -0.0312733)
(61.5748 0.0458564 -0.0309198)
(61.5578 0.023989 -0.0305898)
(61.5428 0.00563631 -0.030285)
(61.5295 -0.00961204 -0.030007)
(61.5177 -0.0221021 -0.0297581)
(61.507 -0.0321248 -0.0295408)
(61.4973 -0.0399225 -0.0293579)
(61.4886 -0.0456934 -0.0292123)
(61.481 -0.0495938 -0.0291087)
(61.4758 -0.0517358 -0.0290538)
(61.4793 -0.0522631 -0.0290943)
(67.8736 12.8645 -0.000253629)
(67.6993 11.3181 -0.00057098)
(67.4005 9.87891 -0.00107554)
(67.0374 8.58492 -0.00193232)
(66.659 7.43796 -0.00338533)
(66.2897 6.42852 -0.0057921)
(65.9418 5.5458 -0.00961741)
(65.6231 4.77818 -0.0153161)
(65.339 4.11387 -0.0229694)
(65.0918 3.54274 -0.0316541)
(64.8782 3.05781 -0.0386862)
(64.6897 2.64773 -0.0425046)
(64.5211 2.29412 -0.0468459)
(64.3741 1.98773 -0.0509971)
(64.2485 1.72425 -0.0532666)
(64.1405 1.49867 -0.0539072)
(64.0469 1.30559 -0.0539331)
(63.9653 1.14029 -0.0539568)
(63.8944 0.998888 -0.0541447)
(63.833 0.878059 -0.0544988)
(63.7797 0.774871 -0.0549953)
(63.7336 0.686775 -0.0556034)
(63.6935 0.611584 -0.0562853)
(63.6587 0.54743 -0.0570044)
(63.6285 0.492715 -0.0577306)
(63.6022 0.446075 -0.0584414)
(63.5792 0.406345 -0.059121)
(63.5592 0.372533 -0.0597593)
(63.5416 0.343797 -0.0603517)
(63.5262 0.319423 -0.0608978)
(63.5125 0.298807 -0.0614)
(63.5004 0.281441 -0.0618613)
(63.4895 0.2669 -0.0622849)
(63.4797 0.254829 -0.062675)
(63.4708 0.244934 -0.0630379)
(63.4625 0.236975 -0.0633817)
(63.4547 0.230762 -0.0637166)
(63.4467 0.226157 -0.064054)
(63.4377 0.223089 -0.064397)
(63.4165 0.221493 -0.0647582)
(67.8959 12.9622 -0.000322296)
(67.7987 11.5077 -0.000735498)
(67.6273 10.1324 -0.00141662)
(67.4127 8.87108 -0.00261627)
(67.1826 7.73399 -0.00473429)
(66.9535 6.71935 -0.00840675)
(66.7347 5.8209 -0.0145489)
(66.5335 5.0302 -0.024203)
(66.3561 4.33833 -0.037753)
(66.2077 3.7387 -0.053044)
(66.0836 3.23297 -0.060757)
(65.9663 2.80984 -0.0610021)
(65.8524 2.43783 -0.0700128)
(65.7532 2.11217 -0.0805313)
(65.6706 1.83229 -0.0878393)
(65.6003 1.59212 -0.0921929)
(65.539 1.38469 -0.0946762)
(65.4856 1.20485 -0.0958351)
(65.4394 1.04897 -0.0959688)
(65.3993 0.914031 -0.0953859)
(65.3644 0.797299 -0.0943807)
(65.334 0.696367 -0.0931675)
(65.3074 0.609148 -0.0918803)
(65.2842 0.533845 -0.0906009)
(65.2638 0.468898 -0.0893805)
(65.2458 0.412953 -0.0882478)
(65.23 0.364836 -0.0872145)
(65.216 0.323532 -0.0862803)
(65.2036 0.288165 -0.0854391)
(65.1924 0.257982 -0.0846827)
(65.1825 0.232341 -0.0840043)
(65.1734 0.210692 -0.083399)
(65.1652 0.192567 -0.082863)
(65.1577 0.17757 -0.0823924)
(65.1507 0.165367 -0.0819831)
(65.1443 0.155677 -0.0816332)
(65.1384 0.148273 -0.0813464)
(65.1334 0.142977 -0.0811357)
(65.1305 0.139682 -0.0810234)
(65.1365 0.138325 -0.0810941)
(67.9125 13.0107 -0.000382072)
(67.8733 11.6051 -0.000883646)
(67.8008 10.267 -0.00173738)
(67.7066 9.02698 -0.00329352)
(67.603 7.89838 -0.00615424)
(67.4979 6.88365 -0.0113654)
(67.3968 5.97962 -0.0206231)
(67.305 5.17963 -0.0362971)
(67.2298 4.4753 -0.0601334)
(67.1838 3.86106 -0.0907263)
(67.1593 3.35142 -0.094299)
(67.1155 2.93865 -0.0716806)
(67.0541 2.56171 -0.0800886)
(67.0072 2.22213 -0.0890708)
(66.9736 1.9282 -0.0905497)
(66.9434 1.67799 -0.0902572)
(66.9145 1.46449 -0.0916525)
(66.8881 1.28143 -0.0945016)
(66.8651 1.12434 -0.0978166)
(66.8451 0.989633 -0.101108)
(66.8276 0.874136 -0.104241)
(66.8123 0.775088 -0.107161)
(66.7987 0.690139 -0.109823)
(66.7867 0.617295 -0.112206)
(66.7761 0.554853 -0.114317)
(66.7666 0.501354 -0.116176)
(66.758 0.455551 -0.117813)
(66.7502 0.416375 -0.119261)
(66.7432 0.382913 -0.120551)
(66.7366 0.354389 -0.121709)
(66.7306 0.330144 -0.12276)
(66.725 0.30962 -0.123722)
(66.7196 0.29235 -0.124613)
(66.7146 0.277942 -0.125445)
(66.7097 0.266073 -0.126231)
(66.7049 0.256478 -0.126986)
(66.7002 0.248944 -0.127734)
(66.695 0.243305 -0.128508)
(66.6886 0.239466 -0.129334)
(66.6715 0.23745 -0.130224)
(67.9266 13.0199 -0.000416188)
(67.9366 11.6277 -0.000973051)
(67.9489 10.3014 -0.00194254)
(67.9609 9.06964 -0.00375605)
(67.972 7.9462 -0.00720613)
(67.982 6.93527 -0.0137994)
(67.9912 6.03533 -0.0263598)
(68.0014 5.24149 -0.0499606)
(68.0198 4.54775 -0.0930485)
(68.0738 3.95226 -0.160928)
(68.1569 3.46922 -0.125557)
(68.1777 3.08674 -0.0586138)
(68.1421 2.74508 -0.0992709)
(68.1297 2.43236 -0.14787)
(68.139 2.15143 -0.170769)
(68.1508 1.90513 -0.176844)
(68.1578 1.69152 -0.177231)
(68.1614 1.50683 -0.175831)
(68.1636 1.34756 -0.173365)
(68.1647 1.21058 -0.1703)
(68.1648 1.09297 -0.16712)
(68.1638 0.992136 -0.164104)
(68.1621 0.905808 -0.161351)
(68.1598 0.832014 -0.158876)
(68.1569 0.769044 -0.156662)
(68.1536 0.715422 -0.154677)
(68.1499 0.669877 -0.152889)
(68.146 0.631315 -0.151265)
(68.1418 0.598798 -0.149778)
(68.1373 0.571524 -0.1484)
(68.1328 0.548805 -0.147111)
(68.128 0.530057 -0.145891)
(68.1232 0.514781 -0.144733)
(68.1182 0.502567 -0.143632)
(68.1132 0.493072 -0.142585)
(68.1082 0.486016 -0.141599)
(68.1033 0.481159 -0.1407)
(68.099 0.478271 -0.139945)
(68.0966 0.477047 -0.139444)
(68.1037 0.476985 -0.139304)
(67.9402 12.9936 -0.000410006)
(67.9977 11.5823 -0.000962589)
(68.0915 10.244 -0.00192568)
(68.2061 9.00654 -0.00372591)
(68.3292 7.88296 -0.00714594)
(68.4532 6.87689 -0.0136584)
(68.5742 5.98683 -0.0259347)
(68.6927 5.20899 -0.0482944)
(68.8186 4.53909 -0.0855221)
(68.9828 3.97308 -0.129185)
(69.1686 3.49257 -0.0294794)
(69.2652 3.07649 0.110936)
(69.2733 2.7184 0.140781)
(69.2855 2.40551 0.149746)
(69.3158 2.13292 0.144168)
(69.3502 1.89425 0.13447)
(69.38 1.68524 0.123599)
(69.4051 1.5031 0.11275)
(69.4266 1.34492 0.103086)
(69.4451 1.20772 0.0949496)
(69.4604 1.08877 0.0881769)
(69.4728 0.985707 0.0825555)
(69.4827 0.896424 0.0779133)
(69.4903 0.819091 0.0740971)
(69.4961 0.752106 0.0709693)
(69.5001 0.694081 0.0684121)
(69.5026 0.643817 0.0663247)
(69.5039 0.60028 0.0646228)
(69.5041 0.562584 0.063238)
(69.5033 0.529964 0.0621175)
(69.5016 0.50177 0.0612154)
(69.4993 0.477449 0.0604847)
(69.4963 0.456542 0.0598898)
(69.4928 0.43867 0.0594044)
(69.4889 0.423525 0.0590039)
(69.4845 0.410865 0.0586564)
(69.4797 0.400516 0.0583109)
(69.474 0.392386 0.057878)
(69.4663 0.386565 0.0572101)
(69.445 0.383402 0.0562293)
(67.9552 12.9308 -0.000362903)
(68.0642 11.4677 -0.000848325)
(68.2453 10.0934 -0.00167365)
(68.468 8.8365 -0.003166)
(68.7075 7.70726 -0.00587907)
(68.9486 6.70579 -0.0107385)
(69.1839 5.82765 -0.0191141)
(69.4118 5.06615 -0.0323168)
(69.6388 4.41223 -0.0493193)
(69.8768 3.85033 -0.0536557)
(70.1045 3.34256 0.0013381)
(70.2468 2.87652 0.0993233)
(70.3164 2.49125 0.106648)
(70.3903 2.17664 0.100269)
(70.4734 1.91416 0.105274)
(70.5479 1.68952 0.112717)
(70.6104 1.49589 0.118679)
(70.6638 1.32961 0.123774)
(70.7099 1.18715 0.128548)
(70.7491 1.06513 0.132904)
(70.7822 0.96069 0.136661)
(70.8098 0.871412 0.139775)
(70.8327 0.79522 0.142295)
(70.8516 0.730302 0.144295)
(70.867 0.675084 0.145846)
(70.8795 0.62821 0.147014)
(70.8893 0.588514 0.14786)
(70.897 0.554998 0.14843)
(70.9027 0.526807 0.148763)
(70.9069 0.503209 0.14889)
(70.9098 0.483586 0.148834)
(70.9115 0.46742 0.148622)
(70.9122 0.45428 0.14828)
(70.9123 0.443808 0.14783)
(70.9117 0.435713 0.14729)
(70.9107 0.429758 0.146666)
(70.9095 0.425748 0.145953)
(70.909 0.423502 0.145134)
(70.9106 0.422762 0.144202)
(70.9262 0.422827 0.143307)
(67.9737 12.8254 -0.000291349)
(68.145 11.2741 -0.000674445)
(68.429 9.83922 -0.00129961)
(68.7749 8.54993 -0.00237354)
(69.1417 7.40998 -0.00420571)
(69.5068 6.41149 -0.0072299)
(69.8589 5.54349 -0.0118999)
(70.1939 4.7936 -0.0181675)
(70.512 4.14712 -0.0241771)
(70.815 3.58398 -0.0220216)
(71.0911 3.07703 0.00394299)
(71.3095 2.62119 0.0547432)
(71.4719 2.24972 0.086114)
(71.6097 1.94529 0.106056)
(71.7324 1.683 0.121951)
(71.8381 1.45418 0.131303)
(71.9289 1.25563 0.135116)
(72.0076 1.08378 0.136107)
(72.076 0.934869 0.135802)
(72.135 0.805656 0.134784)
(72.1858 0.693481 0.133371)
(72.2292 0.596092 0.13181)
(72.2662 0.511527 0.130271)
(72.2978 0.438082 0.128843)
(72.3245 0.374279 0.127563)
(72.347 0.318847 0.126437)
(72.366 0.270692 0.125462)
(72.3819 0.228874 0.124629)
(72.3952 0.192589 0.123924)
(72.4061 0.161148 0.123334)
(72.4152 0.133965 0.122844)
(72.4226 0.110545 0.122443)
(72.4286 0.0904694 0.12212)
(72.4335 0.0733851 0.121863)
(72.4375 0.0589999 0.12166)
(72.4406 0.0470764 0.121495)
(72.4429 0.0374345 0.121345)
(72.4438 0.0299683 0.121182)
(72.442 0.0247386 0.120981)
(72.4248 0.0219156 0.12074)
(67.9988 12.6656 -0.000215823)
(68.2527 10.9826 -0.000493509)
(68.6678 9.46336 -0.000925061)
(69.1613 8.13641 -0.001623)
(69.6706 6.99277 -0.00273001)
(70.1659 6.01239 -0.00439465)
(70.6346 5.17591 -0.00664746)
(71.0711 4.46476 -0.0090475)
(71.4736 3.85968 -0.00998148)
(71.8415 3.34021 -0.00531733)
(72.1686 2.88607 0.0112533)
(72.4418 2.48786 0.0377762)
(72.6607 2.15307 0.0564053)
(72.8429 1.8736 0.0636683)
(73.0015 1.63725 0.0661248)
(73.1404 1.43761 0.0670723)
(73.2613 1.26978 0.0675567)
(73.3662 1.12858 0.0681816)
(73.457 1.00948 0.069147)
(73.5355 0.908858 0.0703776)
(73.6031 0.823822 0.0717528)
(73.6613 0.751966 0.0731828)
(73.7112 0.691263 0.0746011)
(73.7541 0.64001 0.0759547)
(73.7908 0.596774 0.0772058)
(73.8223 0.560352 0.0783332)
(73.8492 0.529726 0.0793293)
(73.8722 0.504037 0.0801944)
(73.8918 0.48256 0.0809314)
(73.9087 0.464687 0.0815444)
(73.9231 0.44991 0.0820406)
(73.9355 0.437802 0.082431)
(73.9462 0.42801 0.0827279)
(73.9555 0.420239 0.0829416)
(73.9636 0.414247 0.0830804)
(73.9709 0.409831 0.0831502)
(73.9778 0.406818 0.0831543)
(73.9852 0.40504 0.0830941)
(73.995 0.404243 0.0829787)
(74.0241 0.403797 0.0827881)
(68.0366 12.4278 -0.000150159)
(68.4118 10.5553 -0.000338922)
(69.0092 8.92399 -0.000617591)
(69.6936 7.54887 -0.00103942)
(70.3753 6.39217 -0.00165718)
(71.0205 5.41494 -0.00249451)
(71.6189 4.58876 -0.00345994)
(72.1655 3.88991 -0.00416566)
(72.6583 3.29607 -0.00365129)
(73.0976 2.7866 -0.000102742)
(73.4824 2.34397 0.00848258)
(73.8103 1.95826 0.0207699)
(74.0843 1.6288 0.0309155)
(74.3155 1.35148 0.0369687)
(74.5143 1.11739 0.0413887)
(74.6857 0.918478 0.0453302)
(74.8329 0.748703 0.0485195)
(74.9591 0.603259 0.0508255)
(75.0673 0.478259 0.0524094)
(75.1601 0.370585 0.0534432)
(75.2397 0.277703 0.0540489)
(75.3079 0.197503 0.0543287)
(75.3663 0.128214 0.0543729)
(75.4163 0.0683356 0.0542542)
(75.4591 0.0165981 0.0540276)
(75.4957 -0.0280826 0.0537338)
(75.527 -0.0666332 0.0534026)
(75.5538 -0.0998463 0.0530552)
(75.5767 -0.128398 0.0527061)
(75.5963 -0.152866 0.0523656)
(75.6132 -0.173741 0.0520413)
(75.6277 -0.191442 0.0517393)
(75.6403 -0.206327 0.0514623)
(75.6512 -0.2187 0.0512107)
(75.6608 -0.228818 0.0509827)
(75.6693 -0.236899 0.0507751)
(75.6766 -0.243122 0.0505823)
(75.6823 -0.247621 0.0503959)
(75.6844 -0.250457 0.0502088)
(75.6699 -0.25167 0.0499919)
(68.0978 12.0717 -9.93305e-05)
(68.6591 9.94684 -0.000220715)
(69.5094 8.21847 -0.000389942)
(70.4242 6.86119 -0.000627255)
(71.2871 5.78188 -0.000945181)
(72.0763 4.91013 -0.00132637)
(72.793 4.2017 -0.00167346)
(73.4367 3.62257 -0.00172793)
(74.0077 3.14405 -0.000977633)
(74.5095 2.74316 0.00136187)
(74.9461 2.40284 0.00597127)
(75.321 2.11238 0.012279)
(75.6395 1.86657 0.0181037)
(75.9101 1.66034 0.0220457)
(76.1416 1.48683 0.0244824)
(76.3404 1.33989 0.0259883)
(76.5113 1.21506 0.0267907)
(76.6583 1.1089 0.0271168)
(76.785 1.01852 0.0272284)
(76.8941 0.941467 0.0272956)
(76.9882 0.875691 0.0273899)
(77.0694 0.819481 0.0275356)
(77.1394 0.771399 0.0277385)
(77.1998 0.73023 0.0279931)
(77.2519 0.694948 0.0282876)
(77.297 0.664686 0.0286082)
(77.3359 0.638708 0.0289424)
(77.3696 0.616395 0.02928)
(77.3988 0.597221 0.0296132)
(77.4242 0.580744 0.0299357)
(77.4463 0.566592 0.0302433)
(77.4657 0.554449 0.0305331)
(77.4827 0.544052 0.030803)
(77.4979 0.535182 0.0310517)
(77.5114 0.527658 0.0312781)
(77.5238 0.521329 0.0314807)
(77.5354 0.516079 0.0316568)
(77.5472 0.51182 0.0318016)
(77.5613 0.508514 0.0319065)
(77.5965 0.506112 0.0319223)
(68.2215 11.4881 -6.53318e-05)
(69.1301 8.97068 -0.000144954)
(70.4029 7.0509 -0.000250331)
(71.6581 5.59935 -0.000382922)
(72.7609 4.46524 -0.000539482)
(73.7238 3.56581 -0.00069619)
(74.5702 2.85105 -0.000780281)
(75.309 2.27915 -0.000637978)
(75.9482 1.8155 -1.14164e-05)
(76.4987 1.43427 0.00143093)
(76.971 1.117 0.00390434)
(77.374 0.851071 0.00711591)
(77.7161 0.628283 0.0101853)
(78.0062 0.442344 0.0124374)
(78.253 0.287216 0.0139384)
(78.4637 0.157501 0.0150259)
(78.6439 0.0488708 0.0158808)
(78.798 -0.0421697 0.016566)
(78.9299 -0.118543 0.0171219)
(79.0428 -0.18268 0.0175723)
(79.1395 -0.23657 0.0179238)
(79.2223 -0.281842 0.0181799)
(79.2933 -0.319834 0.0183479)
(79.3541 -0.351657 0.0184379)
(79.4062 -0.378234 0.0184608)
(79.4509 -0.400338 0.0184274)
(79.4892 -0.418613 0.0183482)
(79.5221 -0.433602 0.0182331)
(79.5504 -0.445761 0.0180903)
(79.5748 -0.455477 0.0179272)
(79.5959 -0.463074 0.0177498)
(79.6142 -0.468825 0.0175634)
(79.6302 -0.472961 0.0173724)
(79.6443 -0.475672 0.01718)
(79.6568 -0.477115 0.0169882)
(79.6679 -0.477426 0.0167978)
(79.6778 -0.476727 0.0166084)
(79.6861 -0.475162 0.0164194)
(79.6911 -0.472999 0.0162351)
(79.6819 -0.470878 0.0160567)
(68.4423 10.5916 -3.76383e-05)
(69.8719 7.95094 -7.69617e-05)
(71.6495 6.36115 -0.000128192)
(73.2411 5.29419 -0.000189964)
(74.5734 4.48215 -0.000256653)
(75.7172 3.8461 -0.000307386)
(76.7095 3.34687 -0.00029282)
(77.562 2.94776 -0.000126061)
(78.2891 2.62042 0.000318909)
(78.9089 2.34655 0.0011814)
(79.4374 2.11438 0.00253033)
(79.8874 1.916 0.00422959)
(80.2698 1.74605 0.00592218)
(80.5946 1.60051 0.00729098)
(80.8712 1.47572 0.00828422)
(81.1072 1.36834 0.0090031)
(81.3089 1.27555 0.00952143)
(81.4816 1.19506 0.0098732)
(81.6295 1.125 0.0100962)
(81.7564 1.06379 0.0102339)
(81.8654 1.01015 0.0103221)
(81.9592 0.962989 0.0103861)
(82.0398 0.9214 0.0104431)
(82.1093 0.884618 0.0105043)
(82.1692 0.851995 0.0105762)
(82.2209 0.822976 0.0106611)
(82.2656 0.797089 0.0107593)
(82.3043 0.773929 0.0108695)
(82.3378 0.75315 0.0109894)
(82.3671 0.734454 0.0111171)
(82.3926 0.717586 0.0112505)
(82.4149 0.70233 0.0113879)
(82.4347 0.688501 0.0115278)
(82.4522 0.675947 0.0116685)
(82.4679 0.664541 0.0118082)
(82.4822 0.654182 0.0119443)
(82.4956 0.644806 0.0120734)
(82.5087 0.636417 0.0121906)
(82.5232 0.629245 0.0122872)
(82.5541 0.623952 0.0123297)
(69.2971 7.94366 -5.46719e-05)
(72.1874 4.14954 -0.000102679)
(74.8021 2.29819 -0.000136168)
(76.6691 1.28907 -0.000159152)
(78.0797 0.642689 -0.000178157)
(79.2573 0.21532 -0.000179176)
(80.2606 -0.0646549 -0.000127584)
(81.106 -0.25255 2.73991e-05)
(81.8169 -0.384568 0.000349129)
(82.418 -0.480994 0.000896797)
(82.9287 -0.553294 0.00168656)
(83.3628 -0.608418 0.00264335)
(83.7317 -0.650655 0.00360217)
(84.0451 -0.682758 0.00440449)
(84.3118 -0.706763 0.00499713)
(84.5392 -0.724322 0.00541605)
(84.7333 -0.736736 0.00571168)
(84.8992 -0.745005 0.00591904)
(85.0412 -0.749913 0.00606479)
(85.1628 -0.752097 0.00617031)
(85.267 -0.75208 0.00624893)
(85.3564 -0.750283 0.00630664)
(85.4331 -0.747052 0.00634568)
(85.499 -0.742671 0.00636689)
(85.5556 -0.737371 0.0063708)
(85.6043 -0.731345 0.00635791)
(85.6463 -0.724748 0.00632902)
(85.6824 -0.717711 0.00628535)
(85.7137 -0.710338 0.00622852)
(85.7407 -0.702714 0.00616057)
(85.7643 -0.694908 0.00608389)
(85.7848 -0.686973 0.00600101)
(85.8029 -0.678947 0.00591431)
(85.8189 -0.670859 0.00582554)
(85.8332 -0.662729 0.0057355)
(85.8461 -0.654578 0.00564378)
(85.8578 -0.64645 0.00554914)
(85.8683 -0.638476 0.00545059)
(85.8766 -0.631106 0.0053512)
(85.8792 -0.625532 0.005258)
(70.8596 9.66043 2.33171e-05)
(76.221 6.76864 -1.92198e-05)
(80.3157 5.16204 -5.72335e-05)
(82.8347 4.16007 -7.44243e-05)
(84.5656 3.46155 -8.46979e-05)
(85.9353 2.95661 -7.93641e-05)
(87.054 2.58394 -3.15496e-05)
(87.9636 2.29975 9.25791e-05)
(88.7086 2.07553 0.000330498)
(89.3275 1.89387 0.00071413)
(89.8469 1.74372 0.0012488)
(90.2847 1.61765 0.00189084)
(90.6547 1.51048 0.00254985)
(90.9679 1.41848 0.00313304)
(91.2336 1.33885 0.00359635)
(91.4597 1.2694 0.00394784)
(91.6523 1.20841 0.00421306)
(91.8168 1.15449 0.00441192)
(91.9573 1.10655 0.00455885)
(92.0776 1.06368 0.00466683)
(92.1807 1.02515 0.00474701)
(92.2691 0.990342 0.00480782)
(92.3449 0.958756 0.00485538)
(92.4101 0.929971 0.00489427)
(92.4661 0.903636 0.0049278)
(92.5142 0.879454 0.00495819)
(92.5557 0.857172 0.00498676)
(92.5915 0.836573 0.00501426)
(92.6225 0.817472 0.00504112)
(92.6493 0.799709 0.00506775)
(92.6726 0.783145 0.00509478)
(92.6929 0.767659 0.00512306)
(92.7108 0.753148 0.0051534)
(92.7266 0.739521 0.00518617)
(92.7407 0.726703 0.00522081)
(92.7535 0.714633 0.00525553)
(92.7652 0.70329 0.00528742)
(92.7762 0.692751 0.00531289)
(92.7869 0.683455 0.00532847)
(92.8032 0.676707 0.00532458)
(65.0188 10.1797 -6.41388e-05)
(58.9626 7.28911 -0.000119987)
(54.1699 5.5868 -0.000193045)
(51.1527 4.46646 -0.000309786)
(49.0108 3.65014 -0.000474272)
(47.258 3.04228 -0.000692605)
(45.7933 2.58495 -0.000977502)
(44.5852 2.2321 -0.00133533)
(43.5857 1.95218 -0.00175825)
(42.7485 1.72539 -0.00222304)
(42.0409 1.5388 -0.00269442)
(41.4402 1.38335 -0.00313477)
(40.9291 1.25244 -0.00351862)
(40.4931 1.14117 -0.00383853)
(40.1206 1.04586 -0.00409523)
(39.8018 0.963693 -0.00428962)
(39.5287 0.892446 -0.00442701)
(39.2946 0.830343 -0.00451956)
(39.0938 0.775939 -0.00458093)
(38.9215 0.728059 -0.00462155)
(38.7735 0.685734 -0.00464845)
(38.6464 0.648162 -0.00466682)
(38.5372 0.614674 -0.0046808)
(38.4434 0.584709 -0.00469349)
(38.3627 0.557794 -0.00470691)
(38.2934 0.533531 -0.00472211)
(38.2337 0.511581 -0.00473923)
(38.1823 0.491655 -0.00475788)
(38.1381 0.473507 -0.00477754)
(38.0999 0.456924 -0.00479807)
(38.0669 0.441727 -0.00482)
(38.0383 0.427759 -0.00484438)
(38.0134 0.414885 -0.00487226)
(37.9915 0.402992 -0.00490398)
(37.9721 0.391981 -0.00493863)
(37.9548 0.381774 -0.0049743)
(37.9392 0.37233 -0.00500882)
(37.9247 0.363695 -0.00504093)
(37.911 0.356228 -0.00506966)
(37.8914 0.351199 -0.00509488)
(66.5298 8.53294 -4.01386e-05)
(63.5025 4.96652 -8.68069e-05)
(60.6709 3.18173 -0.000162637)
(58.5863 2.16335 -0.000285107)
(56.9594 1.47683 -0.000461688)
(55.5663 1.00104 -0.000702654)
(54.3595 0.672816 -0.0010214)
(53.3307 0.439576 -0.00142411)
(52.4579 0.266286 -0.00190085)
(51.7141 0.133278 -0.00242122)
(51.0778 0.0292314 -0.00293746)
(50.5327 -0.0532076 -0.00339938)
(50.0653 -0.119194 -0.00377953)
(49.6643 -0.17241 -0.00407818)
(49.3201 -0.215466 -0.00429855)
(49.0243 -0.250248 -0.00443964)
(48.7702 -0.278211 -0.00451071)
(48.5517 -0.300527 -0.00453181)
(48.3637 -0.318153 -0.00452192)
(48.2019 -0.33186 -0.00449301)
(48.0626 -0.342285 -0.00445176)
(47.9426 -0.349954 -0.00440231)
(47.8393 -0.355314 -0.00434729)
(47.7501 -0.358737 -0.00428827)
(47.6733 -0.360539 -0.004226)
(47.6069 -0.360988 -0.00416085)
(47.5495 -0.360306 -0.00409295)
(47.4998 -0.358682 -0.00402236)
(47.4567 -0.356275 -0.00394927)
(47.4192 -0.353216 -0.00387421)
(47.3864 -0.349614 -0.00379821)
(47.3577 -0.345557 -0.00372281)
(47.3324 -0.341116 -0.00364981)
(47.3098 -0.336346 -0.00358082)
(47.2895 -0.33129 -0.00351682)
(47.2711 -0.325979 -0.00345796)
(47.2542 -0.32045 -0.00340406)
(47.2386 -0.314776 -0.00335628)
(47.225 -0.309226 -0.00332017)
(47.2126 -0.304506 -0.00333344)
(67.4101 10.9785 -7.30023e-05)
(66.0196 8.49466 -0.000161936)
(64.2442 6.92823 -0.000286963)
(62.6173 5.81526 -0.000471022)
(61.2234 4.92925 -0.000738949)
(60.0026 4.21179 -0.00111916)
(58.9294 3.63197 -0.00164064)
(57.9995 3.15673 -0.00232075)
(57.2015 2.75996 -0.00314809)
(56.5179 2.42478 -0.00406796)
(55.9321 2.13994 -0.00498478)
(55.4297 1.8969 -0.00579744)
(54.9988 1.68863 -0.00647087)
(54.6289 1.50939 -0.00703063)
(54.3114 1.35467 -0.00747787)
(54.0388 1.22089 -0.00779631)
(53.8046 1.10501 -0.00800066)
(53.6032 1.00443 -0.00812772)
(53.4299 0.916951 -0.00820817)
(53.2808 0.840715 -0.00826066)
(53.1523 0.774171 -0.00829819)
(53.0416 0.715991 -0.00833137)
(52.9462 0.665043 -0.00836818)
(52.8638 0.620354 -0.00841357)
(52.7927 0.581093 -0.00846991)
(52.7311 0.546543 -0.0085377)
(52.6779 0.51609 -0.00861614)
(52.6317 0.489204 -0.00870364)
(52.5915 0.46543 -0.00879827)
(52.5566 0.444377 -0.00889814)
(52.526 0.425708 -0.00900179)
(52.4991 0.409135 -0.00910834)
(52.4754 0.394417 -0.00921768)
(52.4542 0.381348 -0.00933024)
(52.4352 0.369761 -0.00944657)
(52.4179 0.359526 -0.00956685)
(52.4019 0.350554 -0.00969051)
(52.3866 0.342839 -0.00981643)
(52.3711 0.336589 -0.0099412)
(52.3442 0.332403 -0.0100752)
(67.6708 11.9569 -0.000109153)
(66.8702 9.71398 -0.000237243)
(65.6923 7.93061 -0.00041985)
(64.4998 6.52362 -0.000700346)
(63.4307 5.38068 -0.00113)
(62.481 4.44425 -0.00176859)
(61.6362 3.67831 -0.00267807)
(60.8939 3.04928 -0.00390056)
(60.25 2.52837 -0.00542034)
(59.6948 2.09413 -0.00712259)
(59.217 1.73084 -0.00878863)
(58.8059 1.4262 -0.01018)
(58.4522 1.16966 -0.0112682)
(58.1479 0.952657 -0.012152)
(57.8865 0.768775 -0.0128053)
(57.662 0.612956 -0.0131977)
(57.469 0.480867 -0.0133961)
(57.3031 0.368798 -0.0134882)
(57.1605 0.273658 -0.0135209)
(57.0378 0.192888 -0.0135086)
(56.9322 0.124346 -0.0134572)
(56.8415 0.0662213 -0.0133724)
(56.7634 0.0169863 -0.0132596)
(56.6961 -0.0246508 -0.0131237)
(56.6382 -0.0597828 -0.0129692)
(56.5883 -0.0893359 -0.0128002)
(56.5452 -0.114096 -0.0126207)
(56.508 -0.134731 -0.0124343)
(56.4758 -0.151808 -0.0122444)
(56.4479 -0.165809 -0.0120541)
(56.4235 -0.177143 -0.0118664)
(56.4022 -0.186156 -0.0116842)
(56.3835 -0.193136 -0.0115104)
(56.3668 -0.198321 -0.0113482)
(56.3519 -0.201906 -0.0112005)
(56.3385 -0.20405 -0.0110705)
(56.3263 -0.204889 -0.0109607)
(56.3154 -0.204563 -0.0108744)
(56.3069 -0.203297 -0.0108186)
(56.3052 -0.201603 -0.0108392)
(67.7788 12.4142 -0.000158076)
(67.3004 10.4831 -0.000347627)
(66.5533 8.83682 -0.000629235)
(65.7389 7.48659 -0.00107617)
(64.9634 6.36923 -0.00178278)
(64.2477 5.43518 -0.00286981)
(63.5941 4.65287 -0.00447348)
(63.0071 3.99628 -0.00670303)
(62.4889 3.44278 -0.00955444)
(62.0366 2.97465 -0.0127988)
(61.6441 2.57861 -0.0159469)
(61.3036 2.2436 -0.0184512)
(61.008 1.95858 -0.0204977)
(60.752 1.71471 -0.0223423)
(60.5313 1.5059 -0.0237012)
(60.3412 1.3272 -0.0244546)
(60.1772 1.17406 -0.0247917)
(60.0357 1.04259 -0.0249272)
(59.9134 0.929592 -0.0249809)
(59.8079 0.832425 -0.0250118)
(59.7167 0.74885 -0.0250565)
(59.638 0.67694 -0.0251368)
(59.57 0.615042 -0.025261)
(59.5112 0.561743 -0.0254276)
(59.4603 0.515834 -0.0256304)
(59.4162 0.476281 -0.0258609)
(59.3779 0.442197 -0.0261102)
(59.3447 0.412824 -0.0263699)
(59.3158 0.387512 -0.0266331)
(59.2906 0.365709 -0.0268946)
(59.2685 0.346945 -0.0271516)
(59.2491 0.330823 -0.0274022)
(59.2319 0.317009 -0.027646)
(59.2166 0.305227 -0.0278835)
(59.2028 0.295249 -0.0281159)
(59.1902 0.286895 -0.0283453)
(59.1785 0.280027 -0.0285742)
(59.167 0.274564 -0.0288053)
(59.1547 0.270529 -0.0290345)
(59.1292 0.268057 -0.0292705)
(67.8391 12.6953 -0.000223063)
(67.5501 10.9998 -0.000496326)
(67.0731 9.4721 -0.000917083)
(66.5175 8.14449 -0.00160853)
(65.9585 6.99533 -0.00274315)
(65.4252 5.99921 -0.00456079)
(64.9289 5.13766 -0.00735719)
(64.4775 4.3943 -0.0114064)
(64.0761 3.7536 -0.0167592)
(63.7251 3.20258 -0.0229137)
(63.4209 2.7315 -0.0285657)
(63.1558 2.33032 -0.0321633)
(62.9236 1.98525 -0.0351315)
(62.7219 1.68756 -0.0380604)
(62.5484 1.43192 -0.0401607)
(62.3992 1.21293 -0.0413484)
(62.2704 1.02506 -0.042008)
(62.1593 0.863456 -0.0423756)
(62.0636 0.724254 -0.042503)
(61.9812 0.604278 -0.0424073)
(61.9103 0.500851 -0.0421304)
(61.8493 0.411686 -0.0417249)
(61.7967 0.33483 -0.0412364)
(61.7515 0.268618 -0.0407)
(61.7124 0.211627 -0.0401428)
(61.6787 0.162633 -0.0395856)
(61.6497 0.120586 -0.0390429)
(61.6245 0.0845811 -0.0385242)
(61.6027 0.0538407 -0.0380355)
(61.5837 0.0276959 -0.0375802)
(61.5672 0.0055741 -0.0371604)
(61.5527 -0.0130117 -0.0367777)
(61.5399 -0.0284737 -0.0364341)
(61.5285 -0.0411598 -0.0361326)
(61.5183 -0.0513632 -0.035876)
(61.5091 -0.0593292 -0.0356663)
(61.5009 -0.0652594 -0.0355061)
(61.4938 -0.0693144 -0.0354007)
(61.489 -0.0716084 -0.0353588)
(61.4931 -0.0722876 -0.0354415)
(67.8736 12.8645 -0.000300493)
(67.6992 11.3179 -0.000677229)
(67.4002 9.87868 -0.00127927)
(67.0368 8.58445 -0.00230695)
(66.6578 7.43704 -0.00406323)
(66.2877 6.42678 -0.00700577)
(65.9386 5.54257 -0.0117604)
(65.6186 4.77247 -0.0190152)
(65.3335 4.10447 -0.0291042)
(65.0867 3.52904 -0.0412292)
(64.8753 3.04262 -0.0523077)
(64.6882 2.63344 -0.0585667)
(64.52 2.27666 -0.0660034)
(64.3744 1.96678 -0.071936)
(64.2506 1.70089 -0.0745828)
(64.1439 1.4738 -0.0750808)
(64.0509 1.2798 -0.0749179)
(63.9697 1.11404 -0.0748311)
(63.8993 0.972521 -0.0749859)
(63.8384 0.851788 -0.0753574)
(63.7856 0.748814 -0.0759021)
(63.74 0.660983 -0.0765784)
(63.7006 0.586072 -0.0773418)
(63.6664 0.522194 -0.0781499)
(63.6369 0.467739 -0.0789691)
(63.6113 0.421339 -0.0797734)
(63.589 0.381829 -0.0805446)
(63.5697 0.348222 -0.081271)
(63.5529 0.319679 -0.0819481)
(63.5382 0.295488 -0.082576)
(63.5252 0.275049 -0.0831575)
(63.5138 0.257855 -0.0836948)
(63.5037 0.243481 -0.0841899)
(63.4946 0.231573 -0.0846468)
(63.4864 0.22184 -0.0850733)
(63.4788 0.21404 -0.0854793)
(63.4717 0.207984 -0.0858773)
(63.4644 0.203527 -0.0862837)
(63.456 0.200591 -0.0867071)
(63.4358 0.199088 -0.0871809)
(67.8958 12.9622 -0.000382355)
(67.7985 11.5076 -0.000873927)
(67.6269 10.1322 -0.0016889)
(67.4117 8.87057 -0.00313482)
(67.1807 7.73293 -0.00571477)
(66.9502 6.71721 -0.0102579)
(66.7293 5.81665 -0.0180279)
(66.5254 5.02199 -0.0306434)
(66.3459 4.32353 -0.0491759)
(66.2001 3.71436 -0.0713457)
(66.0823 3.21018 -0.0824627)
(65.9643 2.79885 -0.0808264)
(65.8467 2.42487 -0.0968427)
(65.7489 2.09712 -0.110666)
(65.6692 1.81692 -0.118762)
(65.6013 1.57618 -0.122919)
(65.5419 1.36719 -0.124706)
(65.4901 1.1853 -0.124976)
(65.4451 1.02733 -0.124201)
(65.4061 0.890454 -0.122758)
(65.3721 0.771998 -0.120969)
(65.3425 0.669553 -0.119062)
(65.3167 0.581028 -0.117171)
(65.2942 0.50461 -0.115373)
(65.2745 0.438718 -0.113715)
(65.2572 0.381973 -0.11222)
(65.2421 0.333176 -0.110889)
(65.2287 0.291287 -0.109714)
(65.217 0.255413 -0.10868)
(65.2066 0.224783 -0.107772)
(65.1973 0.198744 -0.106982)
(65.1891 0.176736 -0.106301)
(65.1816 0.158284 -0.105723)
(65.1748 0.142985 -0.105241)
(65.1686 0.130501 -0.104847)
(65.1629 0.120548 -0.104536)
(65.1577 0.112893 -0.104309)
(65.1534 0.107348 -0.104182)
(65.1512 0.103797 -0.104189)
(65.158 0.102172 -0.10447)
(67.9124 13.0106 -0.00045387)
(67.8731 11.605 -0.00105191)
(67.8002 10.2668 -0.002077)
(67.7053 9.02653 -0.00396367)
(67.6004 7.89741 -0.00748207)
(67.493 6.88152 -0.0140308)
(67.3879 5.9749 -0.026047)
(67.2906 5.16916 -0.047482)
(67.2091 4.45209 -0.0825217)
(67.1718 3.81345 -0.137051)
(67.1707 3.31616 -0.159652)
(67.125 2.91792 -0.133238)
(67.0502 2.52468 -0.150616)
(67.0063 2.16706 -0.155084)
(66.976 1.8658 -0.152252)
(66.946 1.61447 -0.149813)
(66.9165 1.40147 -0.15064)
(66.8904 1.21915 -0.1538)
(66.8682 1.06289 -0.157815)
(66.8494 0.929033 -0.161976)
(66.8332 0.814314 -0.16607)
(66.8192 0.715942 -0.169999)
(66.8071 0.631572 -0.173684)
(66.7965 0.559232 -0.177082)
(66.7873 0.497242 -0.180184)
(66.7791 0.444165 -0.183007)
(66.7719 0.398766 -0.185582)
(66.7655 0.359985 -0.187943)
(66.7597 0.326918 -0.190126)
(66.7545 0.29879 -0.192159)
(66.7497 0.274947 -0.194068)
(66.7453 0.254837 -0.195872)
(66.7412 0.237988 -0.197588)
(66.7374 0.224008 -0.199235)
(66.7337 0.212572 -0.200831)
(66.7301 0.203407 -0.202396)
(66.7265 0.196291 -0.203958)
(66.7225 0.191037 -0.205565)
(66.7172 0.187514 -0.207265)
(66.702 0.185726 -0.209154)
(67.9265 13.0199 -0.000494976)
(67.9364 11.6276 -0.00116028)
(67.9482 10.3013 -0.00232827)
(67.9593 9.06945 -0.0045398)
(67.9687 7.94575 -0.00882584)
(67.9753 6.93422 -0.0172578)
(67.9779 6.03289 -0.0340953)
(67.9756 5.23589 -0.0683947)
(67.974 4.5354 -0.141931)
(68.0376 3.93224 -0.289147)
(68.1283 3.65037 -0.254538)
(68.1409 3.28935 -0.0332115)
(68.0896 2.88344 -0.175446)
(68.0871 2.57465 -0.242642)
(68.1155 2.28975 -0.26947)
(68.1366 2.0373 -0.271198)
(68.1464 1.8177 -0.267135)
(68.1509 1.62763 -0.262418)
(68.1533 1.46373 -0.257233)
(68.1542 1.32281 -0.251847)
(68.1537 1.20185 -0.246736)
(68.1521 1.09811 -0.242149)
(68.1495 1.00924 -0.238131)
(68.1463 0.93317 -0.234638)
(68.1426 0.868133 -0.231598)
(68.1385 0.812602 -0.228938)
(68.134 0.765271 -0.226593)
(68.1292 0.725017 -0.224507)
(68.1241 0.690885 -0.222628)
(68.1189 0.66206 -0.220912)
(68.1135 0.637842 -0.219318)
(68.108 0.617634 -0.217806)
(68.1024 0.600931 -0.216356)
(68.0967 0.587316 -0.214954)
(68.0909 0.576442 -0.213592)
(68.0851 0.568023 -0.212283)
(68.0793 0.561804 -0.211066)
(68.0742 0.557532 -0.210038)
(68.0708 0.554854 -0.209414)
(68.0769 0.553266 -0.209626)
(67.9402 12.9937 -0.000487947)
(67.9974 11.5823 -0.00114891)
(68.0908 10.2441 -0.00231151)
(68.2045 9.00671 -0.00451527)
(68.3259 7.88335 -0.0087952)
(68.4465 6.87781 -0.0172405)
(68.5612 5.98911 -0.0341335)
(68.669 5.21489 -0.0682159)
(68.7834 4.55483 -0.137035)
(68.9813 4.01655 -0.226712)
(69.1704 3.79032 -0.208132)
(69.291 3.39626 0.290387)
(69.2721 2.82579 0.298262)
(69.2722 2.53437 0.275185)
(69.2915 2.27676 0.254398)
(69.3202 2.04613 0.240646)
(69.3466 1.84179 0.227436)
(69.3695 1.66294 0.214411)
(69.3897 1.50718 0.203201)
(69.4071 1.37169 0.194145)
(69.4212 1.2539 0.186938)
(69.4324 1.15155 0.181289)
(69.4409 1.06265 0.176965)
(69.447 0.985424 0.173756)
(69.4512 0.918312 0.17147)
(69.4535 0.859966 0.169941)
(69.4544 0.809216 0.16902)
(69.4539 0.765053 0.168583)
(69.4522 0.726607 0.168531)
(69.4496 0.693129 0.168792)
(69.4461 0.663978 0.169295)
(69.4419 0.638616 0.169947)
(69.4371 0.6166 0.17069)
(69.4318 0.597565 0.171487)
(69.4261 0.581218 0.172306)
(69.4199 0.567329 0.173106)
(69.4133 0.555735 0.173817)
(69.4057 0.546365 0.174296)
(69.3961 0.539351 0.174228)
(69.3738 0.535162 0.173005)
(67.9552 12.9308 -0.000431793)
(68.064 11.4678 -0.00101213)
(68.2447 10.0936 -0.00200716)
(68.4668 8.83696 -0.00383006)
(68.7049 7.70825 -0.0072126)
(68.9439 6.70799 -0.013473)
(69.1757 5.83259 -0.024873)
(69.3996 5.07716 -0.0445762)
(69.6287 4.43576 -0.075762)
(69.8935 3.89409 -0.0927943)
(70.1612 3.32842 0.0552128)
(70.2856 2.79571 0.212555)
(70.3149 2.42066 0.147747)
(70.3931 2.11457 0.134049)
(70.4809 1.86402 0.148956)
(70.5534 1.65019 0.161423)
(70.6129 1.46574 0.169608)
(70.6637 1.30746 0.176578)
(70.7071 1.17182 0.183256)
(70.7436 1.05551 0.189404)
(70.7738 0.955833 0.194748)
(70.7986 0.87059 0.199234)
(70.8189 0.797852 0.202941)
(70.8352 0.735921 0.205966)
(70.8481 0.683314 0.208402)
(70.8581 0.638742 0.210336)
(70.8656 0.601092 0.211846)
(70.871 0.569409 0.212993)
(70.8745 0.542872 0.213829)
(70.8766 0.520772 0.214392)
(70.8773 0.502512 0.214713)
(70.8769 0.487593 0.214826)
(70.8757 0.475601 0.214762)
(70.8737 0.466186 0.214549)
(70.8711 0.459064 0.214209)
(70.8682 0.454009 0.213751)
(70.8651 0.450842 0.213167)
(70.8626 0.449409 0.212427)
(70.8624 0.449502 0.21149)
(70.8763 0.450439 0.210416)
(67.9737 12.8255 -0.000346351)
(68.1449 11.2743 -0.000803615)
(68.4286 9.83948 -0.00155469)
(68.774 8.55046 -0.00285882)
(69.1401 7.41106 -0.00512069)
(69.504 6.4137 -0.00895148)
(69.8548 5.54792 -0.0151272)
(70.1888 4.8021 -0.024047)
(70.5094 4.16204 -0.0344127)
(70.8241 3.6029 -0.0359979)
(71.12 3.07991 -0.00174515)
(71.3421 2.59423 0.0754313)
(71.4932 2.22877 0.121908)
(71.6255 1.92695 0.156792)
(71.7438 1.66038 0.180378)
(71.845 1.42665 0.190383)
(71.933 1.22415 0.192703)
(72.0106 1.04907 0.192114)
(72.0786 0.89746 0.190321)
(72.1376 0.76607 0.187854)
(72.1884 0.65222 0.185057)
(72.232 0.553602 0.182221)
(72.2694 0.468178 0.179536)
(72.3012 0.394165 0.177088)
(72.3283 0.330023 0.174901)
(72.3511 0.274426 0.17297)
(72.3704 0.226239 0.171282)
(72.3865 0.184492 0.169824)
(72.4 0.148357 0.168575)
(72.4111 0.117127 0.167512)
(72.4203 0.0902049 0.166614)
(72.4279 0.0670831 0.165874)
(72.434 0.0473331 0.165279)
(72.439 0.0305945 0.16481)
(72.4429 0.0165685 0.164443)
(72.4461 0.0050148 0.164148)
(72.4483 -0.00424533 0.163885)
(72.4492 -0.0113127 0.163607)
(72.4473 -0.0161255 0.163259)
(72.4303 -0.0185983 0.162773)
(67.9987 12.6657 -0.000256324)
(68.2527 10.9827 -0.000587224)
(68.6676 9.46359 -0.0011036)
(69.1608 8.13687 -0.00194595)
(69.6698 6.99365 -0.00329943)
(70.1646 6.01404 -0.00537536)
(70.6329 5.17889 -0.00828152)
(71.0697 4.46979 -0.0115894)
(71.4745 3.86729 -0.0134125)
(71.8488 3.34864 -0.00792869)
(72.1844 2.88816 0.0153752)
(72.4586 2.47457 0.0537036)
(72.6705 2.13105 0.0779033)
(72.8473 1.84533 0.0850983)
(73.0045 1.60403 0.0867979)
(73.1437 1.40215 0.0873578)
(73.2654 1.23393 0.0878714)
(73.3712 1.09306 0.0888154)
(73.463 0.974534 0.0902049)
(73.5424 0.874602 0.0918597)
(73.6107 0.790294 0.0936254)
(73.6696 0.719143 0.0954029)
(73.7202 0.659087 0.0971204)
(73.7636 0.608411 0.0987226)
(73.8009 0.565687 0.100173)
(73.8329 0.529719 0.101454)
(73.8604 0.499499 0.102565)
(73.8839 0.474176 0.103511)
(73.9042 0.453032 0.104298)
(73.9216 0.435466 0.104929)
(73.9366 0.420976 0.105415)
(73.9495 0.40914 0.105774)
(73.9608 0.399608 0.106021)
(73.9707 0.39209 0.10617)
(73.9794 0.386344 0.106231)
(73.9873 0.382173 0.106212)
(73.9948 0.379407 0.10612)
(74.0028 0.377883 0.105954)
(74.0131 0.377351 0.105721)
(74.0429 0.377156 0.105366)
(68.0366 12.4279 -0.000178216)
(68.4118 10.5554 -0.000402755)
(69.0091 8.92418 -0.000734471)
(69.6934 7.54921 -0.00124042)
(70.3749 6.39278 -0.00198959)
(71.0199 5.416 -0.00302152)
(71.6183 4.5905 -0.00424715)
(72.1653 3.89252 -0.00522074)
(72.6595 3.29935 -0.0047642)
(73.1017 2.78912 -0.000411282)
(73.4899 2.34206 0.0108992)
(73.8186 1.94866 0.0271856)
(74.0907 1.61446 0.0400474)
(74.3204 1.33599 0.047539)
(74.5189 1.1018 0.053457)
(74.6904 0.902851 0.0587209)
(74.8376 0.732843 0.062703)
(74.9637 0.586881 0.0653645)
(75.072 0.46114 0.0670436)
(75.1651 0.352613 0.0680162)
(75.245 0.25884 0.0684615)
(75.3136 0.177759 0.0685203)
(75.3724 0.107625 0.0683104)
(75.4229 0.0469606 0.0679225)
(75.4663 -0.00549614 0.067423)
(75.5034 -0.0508262 0.0668593)
(75.5353 -0.0899585 0.066266)
(75.5627 -0.12369 0.0656672)
(75.5862 -0.152702 0.0650793)
(75.6064 -0.177575 0.0645142)
(75.6239 -0.198806 0.0639817)
(75.6391 -0.216821 0.0634892)
(75.6522 -0.231981 0.06304)
(75.6638 -0.244597 0.0626337)
(75.674 -0.254931 0.0622683)
(75.6831 -0.263203 0.0619396)
(75.691 -0.269595 0.0616388)
(75.6972 -0.274245 0.0613515)
(75.7 -0.277218 0.0610647)
(75.6861 -0.278563 0.0607381)
(68.0977 12.0718 -0.00011815)
(68.659 9.94691 -0.000262806)
(69.5093 8.2186 -0.000463941)
(70.424 6.86142 -0.000748508)
(71.2869 5.78226 -0.00113317)
(72.0761 4.91075 -0.0015998)
(72.7929 4.20262 -0.00203737)
(73.4369 3.6238 -0.00213864)
(74.0087 3.14533 -0.00127102)
(74.5119 2.74372 0.0015997)
(74.95 2.40124 0.0074693)
(75.3255 2.10755 0.0155984)
(75.6434 1.85928 0.0229876)
(75.913 1.65176 0.0278409)
(76.1439 1.4772 0.0307775)
(76.3426 1.32922 0.0325203)
(76.5134 1.20355 0.0333717)
(76.6606 1.09684 0.0336713)
(76.7875 1.00612 0.0337585)
(76.8971 0.928897 0.0338227)
(76.9916 0.863072 0.0339316)
(77.0732 0.806904 0.0341042)
(77.1436 0.758925 0.0343422)
(77.2045 0.717898 0.0346366)
(77.257 0.682782 0.0349722)
(77.3025 0.652697 0.0353325)
(77.3418 0.626903 0.0357037)
(77.3759 0.604775 0.0360749)
(77.4055 0.585786 0.0364378)
(77.4313 0.569492 0.0367863)
(77.4539 0.555517 0.0371158)
(77.4736 0.543549 0.0374233)
(77.4911 0.533321 0.0377069)
(77.5067 0.524617 0.0379648)
(77.5206 0.517255 0.0381955)
(77.5333 0.511087 0.0383966)
(77.5453 0.505996 0.0385642)
(77.5576 0.501898 0.0386915)
(77.572 0.498757 0.0387684)
(77.6076 0.496535 0.0387376)
(68.2215 11.4881 -7.70278e-05)
(69.1301 8.97073 -0.000169322)
(70.4029 7.05099 -0.000290495)
(71.658 5.5995 -0.000447465)
(72.7609 4.46547 -0.000636576)
(73.7237 3.56617 -0.000828409)
(74.5702 2.85154 -0.000936993)
(75.3093 2.27972 -0.000778023)
(75.9489 1.81599 -3.42961e-05)
(76.5 1.43427 0.00171935)
(76.9731 1.11585 0.00478602)
(77.3764 0.848265 0.0087984)
(77.7183 0.623968 0.0125962)
(78.008 0.437057 0.0153284)
(78.2547 0.281338 0.0171379)
(78.4654 0.151251 0.0184657)
(78.6457 0.0424118 0.019515)
(78.7999 -0.0487472 0.0203474)
(78.932 -0.125227 0.0210074)
(79.0451 -0.189498 0.0215231)
(79.142 -0.24356 0.0219056)
(79.225 -0.289036 0.0221637)
(79.2962 -0.327259 0.0223104)
(79.3572 -0.359334 0.0223611)
(79.4096 -0.386174 0.0223307)
(79.4545 -0.408545 0.0222337)
(79.493 -0.427088 0.0220835)
(79.5262 -0.44234 0.021892)
(79.5548 -0.454756 0.0216698)
(79.5795 -0.464719 0.0214258)
(79.6008 -0.472555 0.0211676)
(79.6194 -0.478534 0.0209015)
(79.6357 -0.482887 0.0206324)
(79.6501 -0.485804 0.0203638)
(79.6629 -0.487443 0.0200973)
(79.6743 -0.487939 0.0198333)
(79.6845 -0.487415 0.0195709)
(79.693 -0.486015 0.0193097)
(79.6983 -0.484005 0.0190562)
(79.6895 -0.482016 0.0188154)
(68.4423 10.5916 -4.79552e-05)
(69.8719 7.95096 -9.9929e-05)
(71.6494 6.36119 -0.000162397)
(73.2411 5.29427 -0.000236752)
(74.5734 4.48227 -0.000316111)
(75.7172 3.84626 -0.000375732)
(76.7096 3.34708 -0.000358541)
(77.5622 2.94797 -0.000161216)
(78.2896 2.62053 0.000370288)
(78.9097 2.34637 0.00141199)
(79.4385 2.11365 0.00305905)
(79.8887 1.91454 0.00514629)
(80.271 1.74393 0.00722026)
(80.5958 1.59798 0.00888379)
(80.8723 1.47296 0.0100839)
(81.1083 1.36542 0.0109504)
(81.31 1.2725 0.0115691)
(81.4827 1.19192 0.0119811)
(81.6308 1.12178 0.0122368)
(81.7578 1.06052 0.012392)
(81.867 1.00684 0.0124906)
(81.9609 0.959673 0.0125623)
(82.0417 0.918099 0.0126269)
(82.1114 0.881353 0.0126969)
(82.1715 0.848782 0.0127791)
(82.2234 0.81983 0.0128759)
(82.2683 0.79402 0.0129875)
(82.3072 0.770945 0.0131121)
(82.341 0.750257 0.0132476)
(82.3704 0.731655 0.0133918)
(82.3961 0.714884 0.0135423)
(82.4187 0.699727 0.0136972)
(82.4386 0.685999 0.0138542)
(82.4564 0.673546 0.014011)
(82.4723 0.662241 0.0141649)
(82.4868 0.651985 0.0143126)
(82.5003 0.64271 0.0144502)
(82.5137 0.634423 0.0145727)
(82.5283 0.62735 0.0146704)
(82.5594 0.62216 0.0147051)
(69.2971 7.94368 -4.40814e-05)
(72.1874 4.14956 -9.26791e-05)
(74.8021 2.29821 -0.000138847)
(76.6691 1.28911 -0.000178433)
(78.0797 0.642749 -0.000208547)
(79.2573 0.215402 -0.000212545)
(80.2606 -0.064557 -0.000152877)
(81.1062 -0.252459 2.97401e-05)
(81.8172 -0.384535 0.000411888)
(82.4185 -0.481113 0.00106701)
(82.9294 -0.553684 0.00201768)
(83.3636 -0.609171 0.00317362)
(83.7324 -0.651774 0.00433077)
(84.0458 -0.684167 0.00529372)
(84.3125 -0.708384 0.00600071)
(84.5399 -0.726107 0.00649906)
(84.734 -0.738652 0.00685036)
(84.9 -0.74702 0.0070962)
(85.042 -0.752003 0.00726819)
(85.1637 -0.754252 0.00739136)
(85.268 -0.754292 0.00748086)
(85.3575 -0.752554 0.00754346)
(85.4343 -0.749386 0.00758185)
(85.5003 -0.745073 0.00759738)
(85.557 -0.739849 0.00759107)
(85.6058 -0.733903 0.00756397)
(85.6479 -0.727393 0.00751748)
(85.6841 -0.720446 0.00745342)
(85.7155 -0.713168 0.00737406)
(85.7427 -0.705641 0.00728198)
(85.7663 -0.697933 0.00718)
(85.787 -0.690097 0.00707089)
(85.8052 -0.682169 0.00695707)
(85.8213 -0.674178 0.00684017)
(85.8357 -0.666143 0.00672082)
(85.8488 -0.658086 0.00659859)
(85.8606 -0.650049 0.00647242)
(85.8712 -0.642163 0.00634193)
(85.8796 -0.634876 0.00621189)
(85.8823 -0.62937 0.00609216)
(70.8596 9.66044 -7.07145e-06)
(76.221 6.76866 -3.37452e-05)
(80.3157 5.16207 -6.55355e-05)
(82.8347 4.1601 -8.92713e-05)
(84.5656 3.46158 -0.000102908)
(85.9353 2.95665 -9.45414e-05)
(87.0541 2.58397 -3.65017e-05)
(87.9637 2.29978 0.000110712)
(88.7088 2.07554 0.00039313)
(89.3278 1.89383 0.000850363)
(89.8473 1.74362 0.00149013)
(90.2852 1.61748 0.00226046)
(90.6552 1.51024 0.00305147)
(90.9684 1.41821 0.00375013)
(91.2341 1.33857 0.00430382)
(91.4602 1.26913 0.00472345)
(91.6529 1.20816 0.0050399)
(91.8174 1.15427 0.00527665)
(91.958 1.10635 0.00545083)
(92.0783 1.06351 0.00557811)
(92.1815 1.025 0.00567197)
(92.2699 0.990216 0.00574255)
(92.3459 0.958655 0.00579719)
(92.4111 0.929898 0.00584133)
(92.4672 0.903595 0.00587891)
(92.5154 0.879449 0.00591251)
(92.557 0.857206 0.00594375)
(92.5929 0.836653 0.00597353)
(92.624 0.817601 0.00600246)
(92.6509 0.79989 0.00603108)
(92.6743 0.783382 0.00606008)
(92.6947 0.767955 0.00609025)
(92.7127 0.753505 0.00612223)
(92.7286 0.73994 0.00615605)
(92.7428 0.727185 0.00619081)
(92.7557 0.71518 0.00622442)
(92.7675 0.703902 0.00625385)
(92.7786 0.693427 0.00627553)
(92.7894 0.684191 0.00628613)
(92.8058 0.677495 0.00627492)
(65.0188 10.1797 -5.27051e-05)
(58.9626 7.28911 -0.000110303)
(54.1699 5.5868 -0.000185472)
(51.1526 4.46646 -0.000299204)
(49.0107 3.65012 -0.000462293)
(47.2579 3.04223 -0.000682751)
(45.7932 2.58487 -0.000971229)
(44.585 2.23198 -0.00133361)
(43.5854 1.95201 -0.0017629)
(42.7482 1.72517 -0.0022364)
(42.0406 1.53852 -0.00271835)
(41.44 1.38303 -0.00316966)
(40.9289 1.25209 -0.00356299)
(40.493 1.1408 -0.0038901)
(40.1205 1.04549 -0.00415195)
(39.8017 0.963327 -0.00434987)
(39.5287 0.892098 -0.00448955)
(39.2946 0.830018 -0.00458363)
(39.0938 0.775641 -0.00464626)
(38.9215 0.727788 -0.00468818)
(38.7735 0.685491 -0.00471661)
(38.6464 0.647948 -0.0047368)
(38.5373 0.61449 -0.00475281)
(38.4434 0.584556 -0.00476753)
(38.3628 0.557675 -0.00478274)
(38.2934 0.533447 -0.0047993)
(38.2338 0.511533 -0.00481735)
(38.1824 0.491645 -0.00483672)
(38.1382 0.473536 -0.00485726)
(38.1 0.456994 -0.00487926)
(38.067 0.441838 -0.00490337)
(38.0384 0.427911 -0.00493041)
(38.0134 0.415079 -0.00496071)
(37.9915 0.403226 -0.00499369)
(37.9722 0.392254 -0.00502779)
(37.9549 0.382084 -0.0050611)
(37.9393 0.372674 -0.00509241)
(37.9248 0.36407 -0.00512198)
(37.9111 0.356627 -0.00514988)
(37.8915 0.351601 -0.00517324)
(66.5297 8.53294 -4.76066e-05)
(63.5025 4.9665 -0.000102628)
(60.6709 3.18169 -0.000182418)
(58.5862 2.16327 -0.000304358)
(56.9594 1.4767 -0.000480265)
(55.5662 1.00083 -0.000721943)
(54.3593 0.672491 -0.00104245)
(53.3306 0.439094 -0.00144863)
(52.4578 0.265604 -0.00193199)
(51.7141 0.132369 -0.00246306)
(51.0779 0.0280901 -0.00299339)
(50.533 -0.0545552 -0.00346969)
(50.0658 -0.120713 -0.00386065)
(49.6651 -0.174078 -0.0041657)
(49.3211 -0.217259 -0.00438915)
(49.0256 -0.252134 -0.00453069)
(48.7717 -0.280162 -0.00460018)
(48.5534 -0.302527 -0.00461845)
(48.3656 -0.320191 -0.00460491)
(48.2041 -0.333932 -0.00457166)
(48.065 -0.344385 -0.00452551)
(47.9453 -0.352084 -0.00447073)
(47.8422 -0.357473 -0.00441012)
(47.7533 -0.360928 -0.00434535)
(47.6766 -0.362765 -0.00427729)
(47.6104 -0.36325 -0.00420642)
(47.5532 -0.362607 -0.00413306)
(47.5038 -0.361025 -0.0040575)
(47.4609 -0.35866 -0.00398016)
(47.4236 -0.355644 -0.00390171)
(47.3911 -0.352085 -0.00382313)
(47.3626 -0.348071 -0.00374571)
(47.3375 -0.343672 -0.00367086)
(47.3151 -0.338945 -0.0035998)
(47.2951 -0.333931 -0.00353332)
(47.2769 -0.328665 -0.0034717)
(47.2602 -0.323182 -0.00341522)
(47.2449 -0.317555 -0.00336568)
(47.2314 -0.312054 -0.00332902)
(47.2192 -0.307386 -0.00334286)
(67.4101 10.9785 -7.2999e-05)
(66.0195 8.49462 -0.000160653)
(64.2441 6.92815 -0.000284343)
(62.6172 5.81512 -0.000467343)
(61.2232 4.92902 -0.000735787)
(60.0024 4.21143 -0.00111956)
(58.9292 3.6314 -0.00164909)
(57.9992 3.15588 -0.00234422)
(57.2012 2.75875 -0.00319694)
(56.5177 2.42315 -0.00415491)
(55.9321 2.13791 -0.00512106)
(55.4299 1.89456 -0.00598392)
(54.9993 1.68606 -0.00669664)
(54.6297 1.50665 -0.00728502)
(54.3125 1.35182 -0.00775345)
(54.0402 1.218 -0.00808638)
(53.8063 1.10214 -0.0083009)
(53.6052 1.00159 -0.00843698)
(53.4322 0.914159 -0.00852725)
(53.2833 0.837982 -0.00859111)
(53.1551 0.771506 -0.00864152)
(53.0446 0.713404 -0.00868859)
(52.9494 0.66254 -0.00873953)
(52.8673 0.617941 -0.00879854)
(52.7963 0.578773 -0.00886745)
(52.735 0.54432 -0.00894644)
(52.682 0.513965 -0.00903464)
(52.636 0.487177 -0.0091306)
(52.5961 0.4635 -0.00923257)
(52.5613 0.442541 -0.00933886)
(52.531 0.423963 -0.00944804)
(52.5043 0.407479 -0.00955922)
(52.4808 0.392844 -0.00967228)
(52.4599 0.379854 -0.00978779)
(52.4411 0.368341 -0.00990661)
(52.424 0.358172 -0.0100293)
(52.4082 0.34926 -0.0101558)
(52.3931 0.341595 -0.010285)
(52.3778 0.335386 -0.0104132)
(52.3511 0.331226 -0.0105506)
(67.6708 11.9569 -0.000108943)
(66.8702 9.71392 -0.000237764)
(65.6923 7.9305 -0.000422654)
(64.4997 6.5234 -0.000706248)
(63.4305 5.38031 -0.00114091)
(62.4806 4.44363 -0.00178959)
(61.6356 3.6773 -0.00271914)
(60.8933 3.04769 -0.00397947)
(60.2493 2.52603 -0.00556497)
(59.6942 2.0909 -0.00736835)
(59.2166 1.72674 -0.0091687)
(58.806 1.4214 -0.0106873)
(58.4526 1.16429 -0.0118586)
(58.1488 0.946751 -0.0127965)
(57.8878 0.762478 -0.0134826)
(57.6637 0.606446 -0.0138857)
(57.4712 0.47426 -0.0140779)
(57.3057 0.362144 -0.0141519)
(57.1634 0.266974 -0.0141572)
(57.041 0.186178 -0.0141109)
(56.9358 0.117604 -0.0140221)
(56.8454 0.0594391 -0.0138996)
(56.7676 0.0101535 -0.0137509)
(56.7007 -0.031543 -0.0135822)
(56.6431 -0.0667409 -0.0133986)
(56.5935 -0.0963641 -0.0132044)
(56.5508 -0.121196 -0.0130033)
(56.5139 -0.141904 -0.0127987)
(56.482 -0.159052 -0.0125936)
(56.4543 -0.173123 -0.0123907)
(56.4303 -0.184525 -0.0121925)
(56.4093 -0.193603 -0.0120016)
(56.3908 -0.200646 -0.0118203)
(56.3745 -0.205892 -0.0116516)
(56.3599 -0.209537 -0.0114991)
(56.3467 -0.21174 -0.011366)
(56.3348 -0.212639 -0.0112552)
(56.3242 -0.212374 -0.0111701)
(56.316 -0.21117 -0.0111173)
(56.3146 -0.20954 -0.0111449)
(67.7788 12.4142 -0.000158524)
(67.3003 10.4831 -0.000348963)
(66.5532 8.83665 -0.000632734)
(65.7386 7.48628 -0.00108405)
(64.9629 6.36867 -0.00180071)
(64.247 5.43421 -0.00291097)
(63.5931 4.65125 -0.00456479)
(63.0057 3.99366 -0.00689453)
(62.4872 3.43879 -0.00992833)
(62.035 2.96904 -0.0134671)
(61.643 2.57151 -0.0170492)
(61.3031 2.2357 -0.0199655)
(61.0081 1.95005 -0.0222838)
(60.7527 1.70551 -0.0243422)
(60.5328 1.49632 -0.0258525)
(60.3434 1.31749 -0.0267041)
(60.18 1.16437 -0.0271256)
(60.0389 1.03298 -0.0273518)
(59.9171 0.920133 -0.0275032)
(59.812 0.823176 -0.0276328)
(59.7212 0.739853 -0.0277707)
(59.6429 0.668219 -0.027934)
(59.5752 0.60661 -0.0281284)
(59.5167 0.553601 -0.0283522)
(59.4661 0.507976 -0.0285998)
(59.4224 0.468694 -0.0288641)
(59.3845 0.434866 -0.0291375)
(59.3517 0.405731 -0.0294132)
(59.3231 0.38064 -0.0296856)
(59.2983 0.35904 -0.0299514)
(59.2765 0.340461 -0.0302089)
(59.2575 0.324507 -0.0304575)
(59.2406 0.310844 -0.0306976)
(59.2256 0.299195 -0.03093)
(59.2122 0.289334 -0.0311563)
(59.1999 0.28108 -0.0313788)
(59.1885 0.274297 -0.0316012)
(59.1774 0.268901 -0.0318268)
(59.1654 0.264917 -0.032053)
(59.1403 0.26247 -0.0322928)
(67.839 12.6953 -0.000223848)
(67.5501 10.9997 -0.000498516)
(67.0729 9.47188 -0.000923122)
(66.5171 8.14408 -0.00162405)
(65.9577 6.99454 -0.00278158)
(65.4239 5.99778 -0.00465303)
(64.9269 5.13511 -0.00756957)
(64.4748 4.38995 -0.0118689)
(64.0727 3.74662 -0.017693)
(63.7217 3.19224 -0.0246087)
(63.4187 2.71788 -0.0315141)
(63.1551 2.31502 -0.0360325)
(62.9236 1.96756 -0.0395434)
(62.7227 1.66818 -0.0429311)
(62.5503 1.41204 -0.0452381)
(62.4022 1.19318 -0.046387)
(62.2742 1.00554 -0.0468551)
(62.1638 0.844116 -0.0469465)
(62.0687 0.704994 -0.0467671)
(61.987 0.585031 -0.0463742)
(61.9167 0.48157 -0.0458313)
(61.8562 0.392336 -0.045199)
(61.8042 0.315391 -0.0445232)
(61.7594 0.24908 -0.0438356)
(61.7209 0.191985 -0.0431585)
(61.6877 0.142889 -0.0425072)
(61.6591 0.100742 -0.0418909)
(61.6344 0.0646419 -0.041314)
(61.613 0.0338102 -0.0407781)
(61.5945 0.00757683 -0.0402834)
(61.5784 -0.0146319 -0.0398294)
(61.5644 -0.0333032 -0.0394172)
(61.552 -0.0488487 -0.0390496)
(61.5411 -0.0616167 -0.0387311)
(61.5313 -0.0719019 -0.0384648)
(61.5226 -0.0799518 -0.0382508)
(61.5148 -0.0859706 -0.0380897)
(61.5081 -0.0901234 -0.0379857)
(61.5038 -0.0925288 -0.0379483)
(61.5084 -0.0933443 -0.0380541)
(67.8735 12.8644 -0.000301916)
(67.699 11.3178 -0.000681334)
(67.3998 9.87841 -0.00129058)
(67.0361 8.58393 -0.00233698)
(66.6565 7.43601 -0.00414087)
(66.2854 6.42479 -0.00720123)
(65.9349 5.53881 -0.0122345)
(65.6131 4.76562 -0.0201084)
(65.3265 4.09275 -0.0314333)
(65.0793 3.51124 -0.0458831)
(64.8703 3.02268 -0.0626877)
(64.6849 2.61589 -0.0715098)
(64.5176 2.25393 -0.0810672)
(64.3748 1.94058 -0.0888075)
(64.2537 1.67332 -0.0926103)
(64.1488 1.44592 -0.0940959)
(64.0568 1.25221 -0.094895)
(63.9763 1.08708 -0.095667)
(63.9064 0.946369 -0.0965187)
(63.8461 0.826525 -0.0974103)
(63.7939 0.724438 -0.0983113)
(63.7489 0.637445 -0.0992065)
(63.7101 0.563301 -0.100081)
(63.6766 0.500107 -0.10092)
(63.6477 0.446254 -0.101711)
(63.6228 0.400375 -0.102445)
(63.6012 0.361312 -0.103116)
(63.5826 0.328085 -0.103724)
(63.5664 0.299863 -0.104271)
(63.5523 0.275945 -0.104765)
(63.5401 0.255732 -0.105212)
(63.5293 0.238722 -0.105614)
(63.5198 0.224496 -0.105972)
(63.5114 0.212704 -0.106291)
(63.5038 0.20306 -0.106584)
(63.4969 0.195327 -0.106864)
(63.4903 0.189315 -0.107146)
(63.4837 0.184881 -0.107448)
(63.4759 0.181933 -0.107788)
(63.4566 0.180357 -0.108241)
(67.8958 12.9622 -0.000384707)
(67.7983 11.5075 -0.000880857)
(67.6264 10.1319 -0.00170836)
(67.4106 8.86999 -0.00318843)
(67.1787 7.73174 -0.00585983)
(66.9464 6.71472 -0.0106414)
(66.7228 5.81153 -0.0190038)
(66.5152 5.0116 -0.0329785)
(66.3324 4.30359 -0.0541905)
(66.1896 3.67681 -0.0766972)
(66.0815 3.16057 -0.108062)
(65.9623 2.74066 -0.108301)
(65.84 2.36276 -0.131094)
(65.7473 2.03847 -0.14811)
(65.6724 1.76256 -0.155142)
(65.6076 1.52477 -0.156687)
(65.5503 1.31718 -0.155619)
(65.5001 1.13573 -0.153364)
(65.4565 0.977808 -0.150568)
(65.4186 0.840831 -0.147574)
(65.3856 0.722185 -0.144612)
(65.3569 0.619498 -0.141816)
(65.3318 0.530708 -0.139248)
(65.31 0.454023 -0.13693)
(65.2911 0.387869 -0.134872)
(65.2746 0.330867 -0.133062)
(65.2602 0.281814 -0.131472)
(65.2477 0.239668 -0.130068)
(65.2367 0.203528 -0.128819)
(65.2272 0.172626 -0.127701)
(65.2188 0.146306 -0.126714)
(65.2113 0.124008 -0.12586)
(65.2047 0.105257 -0.125138)
(65.1988 0.0896454 -0.124536)
(65.1935 0.0768348 -0.12404)
(65.1887 0.0665394 -0.123642)
(65.1845 0.0585203 -0.123341)
(65.1812 0.0525818 -0.12315)
(65.1798 0.0485936 -0.123112)
(65.1878 0.0464552 -0.123485)
(67.9124 13.0106 -0.000457322)
(67.8729 11.6049 -0.00106233)
(67.7995 10.2665 -0.00210715)
(67.7038 9.02603 -0.00405026)
(67.5973 7.89628 -0.00772868)
(67.487 6.87896 -0.0147252)
(67.3768 5.96895 -0.0279386)
(67.2711 5.15483 -0.05267)
(67.1763 4.41513 -0.0904173)
(67.1147 3.71069 -0.221464)
(67.1316 3.41675 -0.179765)
(67.0656 3.03154 -0.0628166)
(67.0397 2.47951 -0.260192)
(67.0074 2.10656 -0.283309)
(66.9802 1.80114 -0.294416)
(66.9499 1.55281 -0.302005)
(66.9198 1.34329 -0.309106)
(66.8938 1.16363 -0.315802)
(66.8726 1.00956 -0.321495)
(66.855 0.877559 -0.326104)
(66.8402 0.76437 -0.329862)
(66.8277 0.667218 -0.332979)
(66.817 0.583813 -0.335576)
(66.808 0.512237 -0.337735)
(66.8004 0.450864 -0.339538)
(66.7938 0.398298 -0.341067)
(66.7882 0.353334 -0.342393)
(66.7834 0.314934 -0.343572)
(66.7792 0.28221 -0.344651)
(66.7756 0.254404 -0.345659)
(66.7725 0.230877 -0.346606)
(66.7698 0.211094 -0.347494)
(66.7673 0.194593 -0.348321)
(66.7651 0.180989 -0.349089)
(66.7631 0.169957 -0.349814)
(66.7612 0.16122 -0.350518)
(66.7593 0.15454 -0.351234)
(66.7569 0.1497 -0.352026)
(66.7532 0.146487 -0.352981)
(66.7404 0.144735 -0.354388)
(67.9264 13.0199 -0.000499358)
(67.9361 11.6276 -0.00117377)
(67.9474 10.3012 -0.00236823)
(67.9575 9.06922 -0.00465818)
(67.9647 7.9452 -0.00917637)
(67.967 6.93287 -0.0182901)
(67.9603 6.02947 -0.0370865)
(67.9358 5.22691 -0.0765328)
(67.8741 4.51095 -0.200471)
(67.8851 4.13277 -0.209067)
(68.0232 3.4417 -0.449848)
(68.1412 3.29145 -0.249606)
(67.951 2.83598 -0.196025)
(68.0277 2.70248 -0.558037)
(68.0703 2.39335 -0.55802)
(68.0944 2.12449 -0.538827)
(68.0991 1.89154 -0.520849)
(68.0976 1.68975 -0.507418)
(68.0948 1.51562 -0.496553)
(68.0908 1.36568 -0.487226)
(68.0855 1.23665 -0.479221)
(68.0794 1.12561 -0.472375)
(68.0728 1.03006 -0.466476)
(68.0658 0.947811 -0.461305)
(68.0587 0.877012 -0.456669)
(68.0514 0.816064 -0.452424)
(68.044 0.763606 -0.448476)
(68.0366 0.718471 -0.444758)
(68.0291 0.679672 -0.441216)
(68.0218 0.646372 -0.437807)
(68.0144 0.617847 -0.434494)
(68.0072 0.593464 -0.431269)
(68 0.572695 -0.428142)
(67.9929 0.555116 -0.42511)
(67.9859 0.540373 -0.422162)
(67.979 0.528172 -0.419305)
(67.9724 0.518242 -0.416579)
(67.9663 0.510283 -0.4141)
(67.9619 0.503804 -0.412177)
(67.9658 0.497918 -0.411886)
(67.9401 12.9937 -0.0004926)
(67.9972 11.5824 -0.00116334)
(68.09 10.2442 -0.00235471)
(68.2027 9.0069 -0.00464552)
(68.3219 7.88379 -0.00919332)
(68.438 6.87885 -0.01848)
(68.5429 5.99176 -0.0381072)
(68.6292 5.22219 -0.0814544)
(68.6943 4.57779 -0.192679)
(68.7419 4.32424 -0.290264)
(69.2765 4.06588 -0.594457)
(69.4216 3.74164 0.665785)
(69.0774 3.55766 0.553801)
(69.1795 2.85912 0.546145)
(69.2084 2.59959 0.425133)
(69.241 2.35829 0.364834)
(69.2651 2.14144 0.324387)
(69.2855 1.9512 0.293249)
(69.3039 1.78521 0.269906)
(69.3195 1.6404 0.252494)
(69.3318 1.51407 0.23925)
(69.3411 1.40388 0.228996)
(69.3477 1.30775 0.220942)
(69.3521 1.22382 0.214564)
(69.3543 1.15047 0.209494)
(69.3549 1.08627 0.205459)
(69.3539 1.03001 0.202243)
(69.3517 0.98063 0.199678)
(69.3483 0.937213 0.197642)
(69.344 0.898975 0.196078)
(69.3389 0.865239 0.194913)
(69.3332 0.835436 0.19404)
(69.3269 0.8091 0.193382)
(69.3201 0.785846 0.192882)
(69.313 0.765365 0.192489)
(69.3055 0.74742 0.192144)
(69.2976 0.731844 0.191748)
(69.2886 0.718579 0.191092)
(69.2771 0.707817 0.189687)
(69.2498 0.700212 0.185793)
(67.9552 12.9309 -0.000435794)
(68.0638 11.4679 -0.00102433)
(68.2441 10.0939 -0.00204262)
(68.4653 8.83747 -0.00393355)
(68.7019 7.70939 -0.00751739)
(68.9379 6.71064 -0.0143824)
(69.1646 5.83887 -0.0276871)
(69.3796 5.09252 -0.053238)
(69.6052 4.4742 -0.112662)
(69.9309 3.95572 -0.107024)
(70.1999 3.68626 0.00048336)
(70.3758 2.92407 0.621868)
(70.2641 2.23758 0.275578)
(70.3845 1.97051 0.298916)
(70.4796 1.74575 0.355321)
(70.5454 1.54455 0.389875)
(70.5999 1.368 0.408982)
(70.6477 1.21586 0.421437)
(70.6886 1.08486 0.430512)
(70.7224 0.971847 0.437036)
(70.75 0.874487 0.44139)
(70.7722 0.79082 0.444037)
(70.79 0.7191 0.445455)
(70.804 0.657762 0.445977)
(70.8147 0.605417 0.44583)
(70.8226 0.560848 0.445189)
(70.8282 0.52301 0.444158)
(70.8317 0.491001 0.442803)
(70.8335 0.464037 0.441175)
(70.8339 0.441437 0.439298)
(70.833 0.42263 0.437215)
(70.8311 0.407165 0.434995)
(70.8285 0.394651 0.432672)
(70.8251 0.384753 0.430268)
(70.8213 0.377191 0.427796)
(70.8171 0.371742 0.425258)
(70.8128 0.36824 0.422632)
(70.809 0.36657 0.419863)
(70.8076 0.366656 0.416832)
(70.8208 0.368171 0.41287)
(67.9737 12.8255 -0.000349221)
(68.1447 11.2744 -0.000812068)
(68.4281 9.83977 -0.00157796)
(68.7731 8.55106 -0.00292265)
(69.1383 7.41231 -0.00529509)
(69.5007 6.41632 -0.0094239)
(69.8495 5.55343 -0.0164137)
(70.1812 4.81349 -0.0273547)
(70.5028 4.18495 -0.0440793)
(70.8316 3.63514 -0.054281)
(71.1536 3.0547 0.00147323)
(71.3847 2.53072 0.108546)
(71.5222 2.21002 0.166739)
(71.647 1.91521 0.22106)
(71.7554 1.64216 0.253755)
(71.8491 1.40386 0.264324)
(71.9344 1.1988 0.265835)
(72.0117 1.02174 0.265219)
(72.0801 0.868309 0.264036)
(72.1396 0.735232 0.262529)
(72.1913 0.619887 0.260907)
(72.2359 0.519961 0.259391)
(72.2743 0.433382 0.258101)
(72.3072 0.358331 0.257045)
(72.3354 0.29324 0.256185)
(72.3594 0.236762 0.255473)
(72.3798 0.187748 0.254896)
(72.397 0.145219 0.254456)
(72.4116 0.108335 0.254144)
(72.424 0.0763831 0.253929)
(72.4343 0.0487634 0.253775)
(72.443 0.0249673 0.253673)
(72.4504 0.00456563 0.253625)
(72.4565 -0.012804 0.253633)
(72.4617 -0.0274428 0.253689)
(72.466 -0.0395897 0.253769)
(72.4693 -0.0494176 0.253832)
(72.4713 -0.0570144 0.253814)
(72.4704 -0.0622945 0.253614)
(72.4548 -0.0651665 0.252925)
(67.9987 12.6657 -0.000258158)
(68.2525 10.9829 -0.000592389)
(68.6673 9.46385 -0.00111686)
(69.1602 8.13738 -0.00197986)
(69.6688 6.99464 -0.00338488)
(70.163 6.01595 -0.00558459)
(70.6307 5.18246 -0.00877834)
(71.0675 4.47612 -0.01267)
(71.475 3.87766 -0.0156004)
(71.8578 3.36188 -0.0101839)
(72.2049 2.89429 0.0213523)
(72.4794 2.45964 0.0694723)
(72.6804 2.10461 0.095788)
(72.85 1.80836 0.101878)
(73.006 1.56108 0.103858)
(73.1458 1.35845 0.105842)
(73.2684 1.19155 0.108392)
(73.3754 1.05229 0.111513)
(73.4681 0.93527 0.114882)
(73.5482 0.836749 0.118204)
(73.6173 0.753727 0.121334)
(73.6769 0.683707 0.124211)
(73.7281 0.624617 0.126805)
(73.7722 0.574754 0.129099)
(73.8101 0.532711 0.131095)
(73.8427 0.497314 0.132808)
(73.8708 0.467571 0.134267)
(73.8951 0.442645 0.1355)
(73.916 0.421832 0.136523)
(73.934 0.404543 0.137343)
(73.9497 0.390285 0.13798)
(73.9634 0.378642 0.138465)
(73.9754 0.369265 0.138826)
(73.986 0.361872 0.139081)
(73.9955 0.35623 0.139236)
(74.0041 0.352152 0.139296)
(74.0124 0.349481 0.139273)
(74.0211 0.348066 0.13917)
(74.0322 0.347676 0.138999)
(74.0632 0.347693 0.138596)
(68.0365 12.4279 -0.00017932)
(68.4117 10.5555 -0.00040565)
(69.0089 8.92438 -0.000741207)
(69.6931 7.54959 -0.00125655)
(70.3744 6.39347 -0.00202764)
(71.0192 5.41721 -0.00310723)
(71.6175 4.59253 -0.00442898)
(72.165 3.89564 -0.0055646)
(72.6608 3.30347 -0.00531165)
(73.1066 2.79247 -0.000704987)
(73.4989 2.33932 0.0125388)
(73.8284 1.93528 0.0316981)
(74.0978 1.59564 0.0462216)
(74.3256 1.31696 0.054614)
(74.5241 1.08363 0.061869)
(74.6954 0.885387 0.06828)
(74.8422 0.715707 0.0728522)
(74.9681 0.56971 0.0757181)
(75.0765 0.443718 0.0774227)
(75.1697 0.334847 0.0783499)
(75.25 0.240704 0.078731)
(75.319 0.159255 0.0787342)
(75.3783 0.0887752 0.0784892)
(75.4294 0.0277968 0.0780893)
(75.4733 -0.0249366 0.0775966)
(75.511 -0.0705072 0.0770527)
(75.5435 -0.109848 0.076486)
(75.5715 -0.143761 0.0759161)
(75.5956 -0.172929 0.0753568)
(75.6165 -0.197936 0.0748193)
(75.6346 -0.219279 0.0743143)
(75.6504 -0.23739 0.0738471)
(75.6642 -0.252637 0.0734179)
(75.6764 -0.265332 0.0730233)
(75.6872 -0.27574 0.0726622)
(75.6968 -0.284084 0.0723347)
(75.7054 -0.290548 0.0720332)
(75.7122 -0.29527 0.0717396)
(75.7155 -0.298318 0.071428)
(75.7025 -0.299734 0.071034)
(68.0977 12.0718 -0.000118903)
(68.659 9.94698 -0.000264658)
(69.5093 8.21874 -0.000467785)
(70.4239 6.86167 -0.000756976)
(71.2867 5.78269 -0.00115118)
(72.0758 4.91144 -0.0016357)
(72.7927 4.20368 -0.00210381)
(73.4371 3.62523 -0.00224561)
(74.0098 3.14687 -0.00139891)
(74.5146 2.74444 0.00161405)
(74.9546 2.39921 0.00809069)
(75.3308 2.10151 0.0172003)
(75.6478 1.85048 0.0253219)
(75.9162 1.64164 0.030497)
(76.1465 1.46591 0.0336169)
(76.3448 1.31683 0.0354687)
(76.5156 1.19046 0.0363852)
(76.6629 1.08345 0.0367781)
(76.7901 0.99271 0.0370114)
(76.9 0.915641 0.0372543)
(76.995 0.850094 0.0375497)
(77.077 0.794277 0.037902)
(77.1478 0.746688 0.0383058)
(77.2091 0.706066 0.0387486)
(77.262 0.671354 0.0392138)
(77.3078 0.641664 0.039686)
(77.3475 0.616248 0.0401533)
(77.382 0.594478 0.0406076)
(77.4119 0.575825 0.0410431)
(77.4381 0.559845 0.0414559)
(77.461 0.546163 0.0418431)
(77.4811 0.534463 0.0422024)
(77.4989 0.524484 0.0425324)
(77.5148 0.516007 0.0428322)
(77.5291 0.508852 0.0431004)
(77.5421 0.502874 0.0433352)
(77.5545 0.497957 0.0435323)
(77.567 0.494023 0.0436846)
(77.5818 0.491044 0.0437801)
(77.6178 0.488995 0.0437451)
(68.2215 11.4881 -7.71827e-05)
(69.1301 8.97078 -0.000169119)
(70.4028 7.05109 -0.000289521)
(71.658 5.59966 -0.000447029)
(72.7608 4.46573 -0.000638929)
(73.7237 3.56656 -0.000836268)
(74.5702 2.85208 -0.000953241)
(75.3095 2.28037 -0.00080194)
(75.9497 1.81656 -5.04489e-05)
(76.5016 1.43426 0.00176852)
(76.9754 1.11447 0.0050265)
(77.3791 0.844868 0.00933177)
(77.7207 0.618799 0.0133718)
(78.01 0.430824 0.0162321)
(78.2565 0.274512 0.0181338)
(78.4672 0.144114 0.0195646)
(78.6476 0.0351733 0.0207107)
(78.802 -0.0559817 0.021617)
(78.9342 -0.132447 0.0223237)
(79.0475 -0.196733 0.0228609)
(79.1446 -0.250842 0.0232443)
(79.2278 -0.296393 0.0234895)
(79.2992 -0.334712 0.0236153)
(79.3604 -0.366896 0.0236412)
(79.413 -0.393855 0.023585)
(79.4581 -0.416346 0.0234625)
(79.4969 -0.435008 0.0232877)
(79.5303 -0.450375 0.0230731)
(79.5592 -0.462902 0.0228291)
(79.5841 -0.47297 0.0225647)
(79.6057 -0.480904 0.0222871)
(79.6245 -0.486975 0.0220026)
(79.6411 -0.491413 0.0217153)
(79.6557 -0.49441 0.0214278)
(79.6687 -0.496123 0.0211409)
(79.6804 -0.496689 0.0208546)
(79.6908 -0.496229 0.0205681)
(79.6996 -0.494886 0.0202815)
(79.705 -0.492927 0.0200019)
(79.6967 -0.490981 0.0197331)
(68.4423 10.5916 -4.9086e-05)
(69.8719 7.95099 -0.000103569)
(71.6494 6.36124 -0.000168651)
(73.241 5.29435 -0.000245823)
(74.5733 4.4824 -0.000327953)
(75.7172 3.84645 -0.000390245)
(76.7096 3.34732 -0.000375722)
(77.5624 2.94821 -0.000179387)
(78.2901 2.62066 0.000358832)
(78.9105 2.34617 0.00142844)
(79.4397 2.11281 0.00314219)
(79.8901 1.91284 0.00533081)
(80.2725 1.74148 0.00750267)
(80.5971 1.59507 0.00923257)
(80.8735 1.46981 0.0104769)
(81.1095 1.36212 0.0113782)
(81.3112 1.26909 0.0120216)
(81.484 1.18844 0.0124494)
(81.6322 1.11826 0.012718)
(81.7594 1.05699 0.0128884)
(81.8687 1.00335 0.0130057)
(81.9627 0.956233 0.0130994)
(82.0438 0.914744 0.013188)
(82.1136 0.878105 0.013283)
(82.1739 0.845657 0.0133902)
(82.226 0.816841 0.0135114)
(82.2711 0.791174 0.013646)
(82.3101 0.768248 0.0137925)
(82.3441 0.74771 0.0139488)
(82.3737 0.729259 0.0141129)
(82.3996 0.712638 0.0142823)
(82.4223 0.697628 0.0144549)
(82.4425 0.684043 0.0146279)
(82.4604 0.671729 0.0147985)
(82.4765 0.660559 0.0149637)
(82.4911 0.650433 0.0151205)
(82.5048 0.641284 0.0152657)
(82.5184 0.633118 0.0153949)
(82.5332 0.626161 0.0154989)
(82.5644 0.62108 0.0155354)
(69.2971 7.94369 -3.7829e-05)
(72.1874 4.14958 -7.97747e-05)
(74.8021 2.29824 -0.000123307)
(76.6691 1.28915 -0.000163992)
(78.0797 0.642816 -0.000195699)
(79.2573 0.215495 -0.00020093)
(80.2607 -0.0644439 -0.000142496)
(81.1063 -0.25235 3.961e-05)
(81.8175 -0.384491 0.000424267)
(82.419 -0.481238 0.00108908)
(82.9301 -0.554118 0.00206098)
(83.3644 -0.610024 0.00324812)
(83.7333 -0.653045 0.00443575)
(84.0466 -0.685765 0.00541893)
(84.3132 -0.710215 0.00613709)
(84.5406 -0.728114 0.0066432)
(84.7348 -0.740791 0.00700106)
(84.9008 -0.749252 0.00725232)
(85.0429 -0.7543 0.00742857)
(85.1647 -0.756595 0.00755451)
(85.2691 -0.756675 0.00764474)
(85.3587 -0.754975 0.00770574)
(85.4356 -0.751846 0.00774037)
(85.5017 -0.747575 0.00775044)
(85.5585 -0.742397 0.00773747)
(85.6074 -0.736502 0.00770303)
(85.6496 -0.730047 0.00764899)
(85.6859 -0.723157 0.00757758)
(85.7174 -0.715938 0.00749132)
(85.7446 -0.708472 0.00739283)
(85.7684 -0.700825 0.00728471)
(85.7892 -0.69305 0.00716924)
(85.8075 -0.685182 0.00704825)
(85.8237 -0.67725 0.0069229)
(85.8382 -0.669271 0.00679367)
(85.8513 -0.661267 0.00666047)
(85.8632 -0.653281 0.00652311)
(85.8739 -0.645444 0.0063823)
(85.8825 -0.638201 0.00624375)
(85.8854 -0.632729 0.00611671)
(70.8596 9.66045 -1.83284e-05)
(76.221 6.76867 -4.30199e-05)
(80.3157 5.16208 -7.24168e-05)
(82.8347 4.16012 -9.74627e-05)
(84.5656 3.4616 -0.00011178)
(85.9354 2.95667 -0.00010259)
(87.0541 2.58399 -4.3424e-05)
(87.9638 2.29979 0.00010523)
(88.709 2.07553 0.000390642)
(89.3282 1.89378 0.000854189)
(89.8478 1.7435 0.00150517)
(90.2858 1.61727 0.00229117)
(90.6558 1.50997 0.00309874)
(90.969 1.41789 0.00381087)
(91.2347 1.33825 0.00437421)
(91.4608 1.26883 0.00480127)
(91.6535 1.20788 0.00512383)
(91.818 1.15402 0.00536536)
(91.9587 1.10613 0.00554316)
(92.0791 1.06332 0.00567337)
(92.1823 1.02485 0.00576985)
(92.2709 0.990094 0.00584298)
(92.3469 0.958566 0.00590022)
(92.4122 0.929846 0.0059471)
(92.4684 0.903583 0.00598751)
(92.5167 0.879482 0.00602405)
(92.5584 0.85729 0.00605831)
(92.5944 0.836789 0.00609126)
(92.6255 0.817795 0.0061235)
(92.6525 0.800145 0.00615554)
(92.676 0.783699 0.00618786)
(92.6966 0.768337 0.00622084)
(92.7146 0.753952 0.00625462)
(92.7306 0.740454 0.00628886)
(92.745 0.727765 0.00632253)
(92.7579 0.715827 0.00635393)
(92.7698 0.704613 0.00638081)
(92.781 0.694202 0.00640056)
(92.7919 0.685025 0.00641039)
(92.8084 0.678376 0.00639794)
(65.0188 10.1797 -4.16966e-05)
(58.9626 7.28911 -9.12159e-05)
(54.1699 5.5868 -0.000157135)
(51.1526 4.46644 -0.000254269)
(49.0107 3.6501 -0.000393069)
(47.2578 3.04219 -0.00058156)
(45.793 2.5848 -0.00082855)
(44.5848 2.23187 -0.00113902)
(43.5852 1.95185 -0.00150756)
(42.748 1.72495 -0.00191529)
(42.0404 1.53826 -0.0023316)
(41.4398 1.38273 -0.00272212)
(40.9288 1.25176 -0.0030621)
(40.4929 1.14046 -0.00334387)
(40.1204 1.04514 -0.00356859)
(39.8017 0.962981 -0.00373786)
(39.5287 0.891767 -0.0038569)
(39.2946 0.829708 -0.00393683)
(39.0939 0.775355 -0.00399001)
(38.9215 0.727527 -0.00402578)
(38.7736 0.685256 -0.00405039)
(38.6465 0.64774 -0.00406831)
(38.5373 0.614309 -0.00408291)
(38.4435 0.584403 -0.00409652)
(38.3628 0.557552 -0.00411054)
(38.2935 0.533355 -0.00412565)
(38.2338 0.511473 -0.00414207)
(38.1824 0.491618 -0.00415986)
(38.1382 0.473543 -0.00417918)
(38.1 0.457036 -0.00420039)
(38.0671 0.441915 -0.00422396)
(38.0384 0.428023 -0.00425015)
(38.0135 0.415227 -0.00427865)
(37.9916 0.403409 -0.00430846)
(37.9722 0.392471 -0.00433814)
(37.9549 0.382333 -0.00436658)
(37.9393 0.372951 -0.00439377)
(37.9248 0.364373 -0.00442105)
(37.9111 0.35695 -0.0044485)
(37.8916 0.351925 -0.00446944)
(66.5297 8.53293 -4.24275e-05)
(63.5025 4.96648 -9.18831e-05)
(60.6708 3.18165 -0.00016067)
(58.5862 2.1632 -0.000262994)
(56.9593 1.47658 -0.000410661)
(55.5661 1.00064 -0.000615018)
(54.3592 0.67219 -0.000887587)
(53.3305 0.438642 -0.0012348)
(52.4577 0.26496 -0.00165044)
(51.714 0.131502 -0.00211015)
(51.078 0.0269937 -0.00257214)
(50.5332 -0.0558594 -0.00298836)
(50.0663 -0.122191 -0.00332891)
(49.6658 -0.175703 -0.00359272)
(49.322 -0.219008 -0.00378483)
(49.0268 -0.253978 -0.00390582)
(48.7731 -0.282075 -0.00396454)
(48.5551 -0.304494 -0.00397903)
(48.3676 -0.322204 -0.00396594)
(48.2062 -0.335987 -0.00393557)
(48.0674 -0.346482 -0.00389374)
(47.9479 -0.354223 -0.00384419)
(47.845 -0.359658 -0.00378944)
(47.7563 -0.363161 -0.00373106)
(47.6799 -0.365049 -0.00366996)
(47.6139 -0.365588 -0.00360674)
(47.557 -0.365002 -0.00354189)
(47.5077 -0.363478 -0.00347586)
(47.4651 -0.361173 -0.00340918)
(47.4281 -0.358217 -0.00334238)
(47.3958 -0.354719 -0.00327612)
(47.3675 -0.350765 -0.00321115)
(47.3426 -0.346426 -0.00314835)
(47.3205 -0.341758 -0.00308858)
(47.3007 -0.336805 -0.0030326)
(47.2828 -0.3316 -0.00298102)
(47.2664 -0.32618 -0.0029346)
(47.2513 -0.320617 -0.00289527)
(47.2381 -0.315178 -0.00286776)
(47.2262 -0.310577 -0.00288256)
(67.4101 10.9784 -6.20462e-05)
(66.0195 8.49458 -0.000136061)
(64.2441 6.92808 -0.000240372)
(62.6171 5.815 -0.000395284)
(61.2231 4.92882 -0.000623916)
(60.0022 4.21109 -0.000952716)
(58.9289 3.63087 -0.00140886)
(57.9989 3.15507 -0.00201137)
(57.2009 2.75758 -0.00275641)
(56.5175 2.42158 -0.00360174)
(55.932 2.13592 -0.00446298)
(55.4301 1.89224 -0.00523526)
(54.9997 1.68351 -0.005868)
(54.6304 1.50392 -0.00638372)
(54.3136 1.34897 -0.0067908)
(54.0416 1.21511 -0.00707839)
(53.808 1.09924 -0.00726327)
(53.6071 0.998727 -0.00738187)
(53.4344 0.911329 -0.00746339)
(53.2857 0.835198 -0.00752484)
(53.1578 0.768777 -0.00757708)
(53.0475 0.710735 -0.00762819)
(52.9526 0.659936 -0.00768362)
(52.8706 0.615405 -0.00774632)
(52.7999 0.576307 -0.00781737)
(52.7389 0.541924 -0.00789665)
(52.6861 0.511639 -0.00798335)
(52.6403 0.48492 -0.00807624)
(52.6006 0.46131 -0.00817393)
(52.5661 0.440416 -0.00827496)
(52.536 0.421902 -0.00837801)
(52.5096 0.405478 -0.0084822)
(52.4863 0.390902 -0.00858737)
(52.4656 0.377967 -0.00869414)
(52.4471 0.366505 -0.00880355)
(52.4302 0.356382 -0.00891649)
(52.4147 0.347509 -0.00903308)
(52.3998 0.339879 -0.00915249)
(52.3847 0.333697 -0.00927077)
(52.3584 0.329553 -0.00939537)
(67.6708 11.9568 -9.23592e-05)
(66.8701 9.71386 -0.000201921)
(65.6922 7.93039 -0.000359692)
(64.4995 6.52321 -0.000601929)
(63.4302 5.37997 -0.000973956)
(62.4802 4.44304 -0.0015315)
(61.6351 3.67633 -0.00233553)
(60.8926 3.04617 -0.00343548)
(60.2486 2.52376 -0.00483635)
(59.6935 2.08772 -0.00645498)
(59.2162 1.7226 -0.00809839)
(58.8059 1.41648 -0.00949129)
(58.453 1.15875 -0.0105477)
(58.1496 0.940653 -0.011381)
(57.8891 0.755956 -0.0119888)
(57.6655 0.59967 -0.0123442)
(57.4734 0.467326 -0.0125094)
(57.3082 0.355083 -0.0125648)
(57.1663 0.259793 -0.0125537)
(57.0443 0.178872 -0.0124931)
(56.9395 0.110165 -0.0123936)
(56.8494 0.0518582 -0.0122653)
(56.772 0.002423 -0.0121167)
(56.7054 -0.0394287 -0.0119543)
(56.6482 -0.0747849 -0.011783)
(56.5989 -0.104567 -0.0116067)
(56.5565 -0.129557 -0.0114284)
(56.52 -0.150418 -0.0112507)
(56.4885 -0.167715 -0.0110757)
(56.4612 -0.181929 -0.0109054)
(56.4375 -0.19347 -0.0107412)
(56.4169 -0.202681 -0.0105847)
(56.3988 -0.209852 -0.0104378)
(56.3828 -0.21522 -0.0103028)
(56.3686 -0.218983 -0.010183)
(56.3558 -0.221299 -0.0100813)
(56.3442 -0.222307 -0.0100005)
(56.334 -0.222151 -0.00994321)
(56.3262 -0.221054 -0.00991425)
(56.3252 -0.219529 -0.00995436)
(67.7788 12.4141 -0.000134698)
(67.3003 10.483 -0.000296801)
(66.5531 8.83649 -0.000538923)
(65.7384 7.48599 -0.000925018)
(64.9625 6.36815 -0.00154082)
(64.2463 5.4333 -0.00250134)
(63.592 4.64969 -0.00394599)
(63.0043 3.99111 -0.00600903)
(62.4856 3.43485 -0.00874746)
(62.0334 2.96339 -0.0120234)
(61.6417 2.56405 -0.0154323)
(61.3026 2.22713 -0.018202)
(61.0082 1.94066 -0.0202954)
(60.7534 1.69528 -0.0220982)
(60.5343 1.48553 -0.0234137)
(60.3456 1.30647 -0.0241617)
(60.1828 1.15329 -0.0245584)
(60.0422 1.02195 -0.0248123)
(59.9209 0.909221 -0.0250216)
(59.8162 0.81243 -0.025223)
(59.7258 0.729301 -0.0254342)
(59.6479 0.657874 -0.0256642)
(59.5806 0.596472 -0.0259149)
(59.5226 0.543663 -0.0261834)
(59.4724 0.498229 -0.0264648)
(59.4291 0.459125 -0.0267534)
(59.3917 0.425462 -0.0270432)
(59.3593 0.396481 -0.0273289)
(59.3312 0.371533 -0.0276065)
(59.3068 0.350068 -0.0278742)
(59.2855 0.331616 -0.0281311)
(59.2668 0.315781 -0.0283774)
(59.2504 0.30223 -0.0286135)
(59.2359 0.290685 -0.0288402)
(59.2229 0.280919 -0.0290588)
(59.2111 0.272751 -0.0292719)
(59.2001 0.266047 -0.029483)
(59.1894 0.260724 -0.0296959)
(59.1778 0.256804 -0.029909)
(59.1534 0.254399 -0.0301368)
(67.839 12.6952 -0.000190373)
(67.55 10.9996 -0.000424378)
(67.0727 9.47167 -0.000787334)
(66.5166 8.14368 -0.00138912)
(65.957 6.9938 -0.00238918)
(65.4226 5.9964 -0.004021)
(64.9249 5.13263 -0.00659852)
(64.472 4.38564 -0.0104738)
(64.0692 3.73952 -0.0158779)
(63.718 3.18136 -0.0225623)
(63.416 2.70164 -0.0295971)
(63.1539 2.29652 -0.034248)
(62.9233 1.94665 -0.0376295)
(62.7233 1.64515 -0.040826)
(62.5523 1.38789 -0.0429639)
(62.4054 1.16837 -0.0439403)
(62.2784 0.980127 -0.0442061)
(62.1688 0.81806 -0.0440726)
(62.0746 0.678286 -0.0436802)
(61.9936 0.557694 -0.0431149)
(61.924 0.453643 -0.0424516)
(61.8642 0.363865 -0.04175)
(61.8129 0.286422 -0.0410503)
(61.7688 0.219658 -0.0403772)
(61.7309 0.162154 -0.0397459)
(61.6984 0.112688 -0.0391649)
(61.6705 0.0702098 -0.0386372)
(61.6465 0.0338123 -0.0381615)
(61.6258 0.00271215 -0.0377349)
(61.6081 -0.0237657 -0.0373536)
(61.5927 -0.0461984 -0.0370135)
(61.5794 -0.0650746 -0.0367152)
(61.5677 -0.0808052 -0.0364618)
(61.5575 -0.0937412 -0.0362599)
(61.5485 -0.104183 -0.0361132)
(61.5405 -0.112383 -0.0360203)
(61.5334 -0.11855 -0.0359788)
(61.5275 -0.122852 -0.0359901)
(61.5239 -0.125417 -0.0360604)
(61.5293 -0.126425 -0.0362611)
(67.8735 12.8644 -0.000257066)
(67.6989 11.3177 -0.00058087)
(67.3995 9.87817 -0.0011031)
(67.0354 8.58343 -0.0020054)
(66.6552 7.43503 -0.00357439)
(66.2832 6.42286 -0.00627061)
(65.9312 5.53509 -0.010791)
(65.6076 4.7587 -0.0180713)
(65.3189 4.08072 -0.0290223)
(65.0694 3.49515 -0.043888)
(64.8626 2.99296 -0.0620971)
(64.6813 2.58647 -0.0703717)
(64.5152 2.21738 -0.0782446)
(64.3748 1.89883 -0.0851925)
(64.2565 1.63001 -0.0890005)
(64.1534 1.40278 -0.091069)
(64.0626 1.20991 -0.0927164)
(63.9831 1.04582 -0.0943429)
(63.9144 0.906145 -0.0959415)
(63.8551 0.787262 -0.0974433)
(63.8041 0.686031 -0.0988212)
(63.7602 0.59979 -0.100077)
(63.7225 0.526302 -0.101218)
(63.6901 0.463683 -0.10225)
(63.6623 0.410334 -0.10318)
(63.6385 0.3649 -0.104011)
(63.618 0.326241 -0.104746)
(63.6004 0.293392 -0.105394)
(63.5853 0.265536 -0.105966)
(63.5723 0.241976 -0.106473)
(63.5611 0.22211 -0.10692)
(63.5514 0.205431 -0.107308)
(63.543 0.191516 -0.107627)
(63.5356 0.180021 -0.10788)
(63.529 0.170664 -0.108094)
(63.5231 0.163209 -0.108289)
(63.5175 0.157467 -0.108485)
(63.5119 0.153288 -0.108709)
(63.505 0.150569 -0.10899)
(63.4871 0.149107 -0.109461)
(67.8958 12.9621 -0.000327995)
(67.7981 11.5074 -0.000752272)
(67.6259 10.1316 -0.00146389)
(67.4096 8.86945 -0.00274672)
(67.1766 7.73057 -0.00508895)
(66.9426 6.71226 -0.00935429)
(66.7162 5.80635 -0.0170131)
(66.5047 5.00075 -0.0303513)
(66.3206 4.28519 -0.0521065)
(66.1696 3.61567 -0.0789592)
(66.0674 3.07239 -0.123246)
(65.9568 2.66482 -0.126881)
(65.831 2.269 -0.148001)
(65.7457 1.93265 -0.16367)
(65.6785 1.64899 -0.167983)
(65.6184 1.40551 -0.166399)
(65.5642 1.19358 -0.162527)
(65.5163 1.00887 -0.158091)
(65.4746 0.848683 -0.153773)
(65.4386 0.710217 -0.149812)
(65.4074 0.590628 -0.146308)
(65.3804 0.487377 -0.143285)
(65.3572 0.398293 -0.14072)
(65.3373 0.321509 -0.138583)
(65.3202 0.255388 -0.136852)
(65.3056 0.198499 -0.135483)
(65.2931 0.1496 -0.134416)
(65.2826 0.107621 -0.133587)
(65.2737 0.0716421 -0.132936)
(65.2661 0.040886 -0.132418)
(65.2597 0.0146985 -0.132023)
(65.2543 -0.00747673 -0.131767)
(65.2497 -0.0261111 -0.13166)
(65.2458 -0.0416015 -0.131691)
(65.2425 -0.0542854 -0.131831)
(65.2398 -0.0644492 -0.132061)
(65.2376 -0.0723391 -0.132376)
(65.2363 -0.0781638 -0.132788)
(65.237 -0.0820747 -0.133326)
(65.2474 -0.0842625 -0.134283)
(67.9123 13.0106 -0.000390438)
(67.8726 11.6049 -0.000908913)
(67.7989 10.2663 -0.00181062)
(67.7024 9.02555 -0.00350448)
(67.5943 7.89518 -0.00675961)
(67.4811 6.8764 -0.0130958)
(67.3653 5.96293 -0.0255108)
(67.2531 5.14062 -0.0502599)
(67.1051 4.34972 -0.0932634)
(67.0637 3.96116 -0.0505147)
(67.0156 3.23784 -0.15772)
(67.0155 2.9575 -0.171214)
(67.0119 2.28538 -0.317228)
(66.9945 1.91767 -0.353062)
(66.9788 1.62151 -0.377431)
(66.9562 1.38396 -0.395433)
(66.9322 1.18234 -0.40909)
(66.9117 1.00781 -0.419483)
(66.8957 0.857428 -0.427032)
(66.8828 0.728405 -0.43231)
(66.8723 0.617752 -0.435947)
(66.8638 0.522858 -0.438419)
(66.8569 0.441545 -0.440023)
(66.8515 0.371984 -0.440946)
(66.8472 0.312613 -0.441345)
(66.844 0.262067 -0.441378)
(66.8417 0.219148 -0.441172)
(66.84 0.18281 -0.440828)
(66.8389 0.152152 -0.440422)
(66.8384 0.126412 -0.440013)
(66.8383 0.104949 -0.439624)
(66.8387 0.0872096 -0.43925)
(66.8393 0.0727071 -0.43889)
(66.8403 0.0610185 -0.438565)
(66.8416 0.051815 -0.438261)
(66.8431 0.0448169 -0.437976)
(66.8446 0.0397749 -0.437723)
(66.8456 0.0364384 -0.437534)
(66.8449 0.0345022 -0.437444)
(66.8355 0.0334467 -0.437712)
(67.9264 13.0199 -0.000426811)
(67.9358 11.6276 -0.00100577)
(67.9466 10.3012 -0.00203952)
(67.9557 9.069 -0.00404421)
(67.9608 7.94464 -0.00806646)
(67.9586 6.93145 -0.0163782)
(67.9426 6.02565 -0.0341563)
(67.8988 5.21606 -0.0729169)
(67.864 4.8003 -0.0117498)
(67.6303 3.9371 -0.249344)
(67.8739 2.79451 -0.898983)
(68.2739 3.34475 -0.648754)
(67.9065 2.53917 -0.706903)
(67.4681 1.9976 -0.948288)
(67.5494 1.66651 -0.897074)
(67.5994 1.39991 -0.846209)
(67.6214 1.17496 -0.807202)
(67.6358 0.982269 -0.779398)
(67.6489 0.817674 -0.758506)
(67.6603 0.677161 -0.742068)
(67.6696 0.557056 -0.72887)
(67.6772 0.454292 -0.7181)
(67.6836 0.366286 -0.709123)
(67.6891 0.290885 -0.701422)
(67.6938 0.226293 -0.69458)
(67.6978 0.170996 -0.688297)
(67.7012 0.123707 -0.68238)
(67.7041 0.0833312 -0.676701)
(67.7066 0.0489467 -0.671175)
(67.7087 0.0197918 -0.665745)
(67.7105 -0.00481125 -0.660328)
(67.7122 -0.0254823 -0.654718)
(67.7139 -0.0427227 -0.64898)
(67.7154 -0.0569218 -0.643137)
(67.7167 -0.0684129 -0.637245)
(67.7179 -0.0774793 -0.631356)
(67.7191 -0.0843885 -0.625538)
(67.7206 -0.0894695 -0.619906)
(67.7231 -0.0933195 -0.614653)
(67.7327 -0.0973875 -0.610514)
(67.9401 12.9937 -0.00042128)
(67.9969 11.5824 -0.000997536)
(68.0892 10.2443 -0.00202982)
(68.2008 9.00708 -0.00403879)
(68.3178 7.88419 -0.00809747)
(68.429 6.87981 -0.0165917)
(68.5225 5.99404 -0.0352184)
(68.5798 5.22744 -0.0776302)
(68.5861 4.88968 -0.0786387)
(68.2972 4.46582 -0.367075)
(66.7601 4.91497 -2.92834)
(70.197 4.47801 8.03368)
(67.6372 2.3528 1.38444)
(67.6009 1.63614 1.01825)
(67.7527 1.43193 0.797091)
(67.8732 1.22686 0.680481)
(67.9544 1.03756 0.602619)
(68.0213 0.87122 0.544718)
(68.0808 0.726494 0.502046)
(68.1328 0.600601 0.470721)
(68.178 0.491194 0.447564)
(68.2175 0.3963 0.430212)
(68.2522 0.314168 0.416913)
(68.283 0.243165 0.406529)
(68.3105 0.181814 0.398286)
(68.3352 0.12883 0.391644)
(68.3574 0.08309 0.386203)
(68.3776 0.0436139 0.381669)
(68.396 0.00956025 0.377832)
(68.4129 -0.0198106 0.374541)
(68.4292 -0.045079 0.371704)
(68.4448 -0.066717 0.369027)
(68.4598 -0.0851294 0.366496)
(68.4743 -0.10066 0.364086)
(68.4882 -0.113593 0.361767)
(68.5016 -0.12415 0.359497)
(68.5141 -0.132478 0.357194)
(68.5251 -0.138617 0.354673)
(68.5323 -0.14232 0.35155)
(68.5243 -0.142922 0.345585)
(67.9551 12.9309 -0.000372598)
(68.0635 11.468 -0.000877823)
(68.2434 10.0941 -0.00175865)
(68.4639 8.83796 -0.00341165)
(68.6989 7.71052 -0.00659129)
(68.9316 6.71329 -0.0128034)
(69.1515 5.84541 -0.0251742)
(69.3463 5.10948 -0.0493961)
(69.5765 4.52355 -0.108811)
(69.753 4.30773 -0.100203)
(70.3628 3.94134 0.0032152)
(70.6111 2.39846 0.740093)
(70.2354 1.8049 0.351003)
(70.4369 1.61386 0.411789)
(70.5138 1.42543 0.502753)
(70.5502 1.22831 0.561625)
(70.5876 1.04734 0.597113)
(70.6273 0.889314 0.620767)
(70.6653 0.75193 0.637601)
(70.6996 0.632621 0.649314)
(70.7302 0.529489 0.656731)
(70.7578 0.440823 0.660831)
(70.7826 0.364966 0.662644)
(70.805 0.300307 0.662862)
(70.8252 0.245366 0.661949)
(70.8434 0.198826 0.660267)
(70.8598 0.159563 0.658049)
(70.8746 0.126612 0.65541)
(70.888 0.0991232 0.652439)
(70.9002 0.0763235 0.649217)
(70.9109 0.0575103 0.645702)
(70.9204 0.0421556 0.641926)
(70.929 0.0298501 0.637965)
(70.9368 0.0202453 0.63387)
(70.9439 0.0130532 0.629676)
(70.9506 0.00804321 0.625401)
(70.9569 0.00504938 0.621045)
(70.9637 0.0039862 0.616573)
(70.9723 0.00486195 0.61193)
(70.9966 0.00783497 0.60643)
(67.9736 12.8256 -0.000298329)
(68.1445 11.2745 -0.000694962)
(68.4277 9.84004 -0.00135534)
(68.7721 8.55163 -0.00252462)
(69.1364 7.41352 -0.00461169)
(69.4973 6.41896 -0.00829935)
(69.8435 5.55927 -0.0146675)
(70.1707 4.8266 -0.0247823)
(70.4894 4.2211 -0.040629)
(70.8426 3.64649 -0.0492014)
(71.2156 3.00205 0.0232261)
(71.4433 2.42167 0.143207)
(71.5606 2.17292 0.196046)
(71.6823 1.85268 0.250875)
(71.7785 1.54444 0.281295)
(71.8651 1.28259 0.287563)
(71.9511 1.06217 0.285321)
(72.0322 0.874081 0.281969)
(72.1049 0.712187 0.278782)
(72.1692 0.572525 0.275749)
(72.2257 0.452069 0.272959)
(72.2755 0.348156 0.270598)
(72.3192 0.258393 0.268733)
(72.3576 0.180743 0.267293)
(72.3912 0.113484 0.266167)
(72.4207 0.0551577 0.265231)
(72.4466 0.00454744 0.264425)
(72.4695 -0.0393696 0.263762)
(72.4898 -0.0774724 0.263244)
(72.5077 -0.110499 0.262866)
(72.5235 -0.13906 0.262639)
(72.5373 -0.163672 0.262561)
(72.5493 -0.184787 0.26258)
(72.5598 -0.202788 0.26266)
(72.5692 -0.217968 0.262768)
(72.5777 -0.230554 0.262871)
(72.5852 -0.240737 0.262939)
(72.5912 -0.248612 0.262919)
(72.594 -0.25408 0.262723)
(72.5822 -0.256803 0.262005)
(67.9987 12.6658 -0.00022033)
(68.2525 10.983 -0.000506206)
(68.6671 9.4641 -0.000956929)
(69.1597 8.13787 -0.00170352)
(69.6678 6.99561 -0.00293012)
(70.1614 6.01783 -0.0048736)
(70.6284 5.1861 -0.00773977)
(71.0649 4.48295 -0.0112777)
(71.4747 3.89079 -0.0139497)
(71.8692 3.3807 -0.00810901)
(72.2313 2.89015 0.0247276)
(72.504 2.41981 0.0716936)
(72.692 2.05171 0.0948611)
(72.856 1.73923 0.0996138)
(73.0135 1.48344 0.102006)
(73.1559 1.27991 0.105233)
(73.2813 1.11433 0.10939)
(73.3907 0.976248 0.114094)
(73.4857 0.860088 0.118798)
(73.568 0.762225 0.123162)
(73.6393 0.679724 0.127065)
(73.701 0.610099 0.130488)
(73.7544 0.551304 0.133436)
(73.8008 0.501684 0.13593)
(73.8409 0.459875 0.138004)
(73.8759 0.424739 0.139702)
(73.9063 0.395291 0.141075)
(73.9329 0.370691 0.142164)
(73.9562 0.350235 0.142993)
(73.9767 0.333344 0.143566)
(73.9948 0.319541 0.143905)
(74.0109 0.308413 0.14406)
(74.0253 0.299604 0.144075)
(74.0384 0.292817 0.143983)
(74.0503 0.287785 0.143816)
(74.0611 0.284292 0.14359)
(74.0715 0.282203 0.143303)
(74.0822 0.281389 0.142957)
(74.0953 0.281668 0.142558)
(74.1288 0.28251 0.141945)
(68.0365 12.4279 -0.00015293)
(68.4116 10.5556 -0.000346179)
(69.0088 8.92457 -0.000633678)
(69.6928 7.54995 -0.00107757)
(70.3739 6.39413 -0.0017467)
(71.0185 5.41838 -0.0026929)
(71.6167 4.59453 -0.00386734)
(72.1645 3.89883 -0.00489258)
(72.662 3.30799 -0.00466173)
(73.1119 2.79631 -0.000241669)
(73.5093 2.33385 0.012674)
(73.8397 1.91644 0.0311777)
(74.1064 1.57101 0.0448423)
(74.333 1.29193 0.0526591)
(74.5319 1.05836 0.059696)
(74.7035 0.85919 0.0658348)
(74.8502 0.687985 0.0699953)
(74.9764 0.540108 0.0724068)
(75.0854 0.412161 0.0736837)
(75.1795 0.301426 0.0742393)
(75.2608 0.205563 0.0743159)
(75.3309 0.12255 0.0740832)
(75.3914 0.0506622 0.0736665)
(75.4437 -0.0115759 0.0731503)
(75.4889 -0.0654336 0.0725862)
(75.5279 -0.11201 0.072005)
(75.5617 -0.152256 0.0714252)
(75.591 -0.18699 0.070858)
(75.6164 -0.216904 0.070314)
(75.6386 -0.242586 0.0698045)
(75.658 -0.264542 0.0693447)
(75.6751 -0.283218 0.0689393)
(75.6902 -0.298993 0.0685857)
(75.7036 -0.312188 0.0682765)
(75.7158 -0.323066 0.0680047)
(75.7267 -0.331853 0.067768)
(75.7365 -0.338737 0.0675598)
(75.7446 -0.343862 0.0673606)
(75.7491 -0.347304 0.067145)
(75.7373 -0.349001 0.0668678)
(68.0977 12.0718 -0.000101389)
(68.659 9.94705 -0.000225716)
(69.5092 8.21887 -0.000399419)
(70.4237 6.86191 -0.00064784)
(71.2865 5.7831 -0.000988526)
(72.0755 4.9121 -0.00141081)
(72.7925 4.2047 -0.00182464)
(73.4372 3.62664 -0.0019579)
(74.0109 3.14847 -0.0012111)
(74.5174 2.74519 0.00153526)
(74.9595 2.39675 0.00755844)
(75.3365 2.09428 0.0160267)
(75.6526 1.83997 0.0234154)
(75.9199 1.62941 0.0279874)
(76.1497 1.45191 0.030738)
(76.3479 1.3012 0.0323876)
(76.5188 1.17377 0.0332314)
(76.6666 1.06618 0.0336635)
(76.7944 0.975188 0.0340064)
(76.905 0.89807 0.034386)
(77.0006 0.832603 0.0348187)
(77.0833 0.776948 0.0352963)
(77.1548 0.72957 0.0358078)
(77.2167 0.689187 0.036339)
(77.2704 0.65473 0.0368741)
(77.3169 0.625303 0.0373997)
(77.3572 0.600156 0.037907)
(77.3924 0.57866 0.0383902)
(77.423 0.560284 0.0388465)
(77.4498 0.544582 0.0392738)
(77.4734 0.531178 0.0396705)
(77.4942 0.519756 0.0400347)
(77.5127 0.510055 0.0403653)
(77.5293 0.501859 0.0406622)
(77.5443 0.494987 0.0409236)
(77.558 0.48929 0.0411469)
(77.571 0.484656 0.0413287)
(77.5843 0.481009 0.0414636)
(77.5997 0.478331 0.0415423)
(77.6363 0.476618 0.0414961)
(68.2215 11.4882 -6.56914e-05)
(69.13 8.97083 -0.00014373)
(70.4028 7.05118 -0.000245998)
(71.6579 5.59981 -0.000380571)
(72.7607 4.46597 -0.000545791)
(73.7236 3.56692 -0.000717375)
(74.5702 2.8526 -0.000821837)
(75.3098 2.28101 -0.000695122)
(75.9504 1.81712 -4.11305e-05)
(76.5031 1.43426 0.00157064)
(76.9777 1.11299 0.00449801)
(77.3818 0.841192 0.00837907)
(77.7233 0.61321 0.0119893)
(78.0122 0.424086 0.0145142)
(78.2585 0.267073 0.016201)
(78.4694 0.136228 0.0174945)
(78.6499 0.0270223 0.0185391)
(78.8045 -0.0643336 0.0193604)
(78.937 -0.141024 0.01999)
(79.0505 -0.205583 0.0204547)
(79.1479 -0.260005 0.0207725)
(79.2315 -0.305897 0.0209619)
(79.3032 -0.344575 0.0210441)
(79.3647 -0.377127 0.0210393)
(79.4176 -0.404454 0.0209649)
(79.4631 -0.427309 0.0208357)
(79.5023 -0.446325 0.0206642)
(79.536 -0.462035 0.0204611)
(79.5652 -0.474893 0.0202354)
(79.5905 -0.485279 0.0199946)
(79.6125 -0.493517 0.019745)
(79.6317 -0.49988 0.0194913)
(79.6486 -0.504597 0.0192368)
(79.6636 -0.50786 0.018983)
(79.677 -0.509827 0.0187305)
(79.6891 -0.510635 0.0184788)
(79.6998 -0.510405 0.0182275)
(79.709 -0.509279 0.017977)
(79.7148 -0.507522 0.0177333)
(79.707 -0.505745 0.0174967)
(68.4423 10.5916 -4.20507e-05)
(69.8719 7.95102 -8.90405e-05)
(71.6494 6.36128 -0.00014525)
(73.241 5.29443 -0.000211854)
(74.5733 4.48252 -0.000282724)
(75.7172 3.84663 -0.000336809)
(76.7097 3.34754 -0.000325534)
(77.5626 2.94844 -0.000158052)
(78.2905 2.62079 0.000306807)
(78.9114 2.34597 0.00124071)
(79.4409 2.11196 0.00275115)
(79.8916 1.91112 0.00468846)
(80.2739 1.73899 0.00660548)
(80.5984 1.59211 0.00812143)
(80.8747 1.46659 0.00920793)
(81.1107 1.35871 0.00999684)
(81.3126 1.26552 0.0105606)
(81.4854 1.18475 0.0109361)
(81.6337 1.11449 0.0111759)
(81.7611 1.05317 0.0113351)
(81.8706 0.999513 0.0114532)
(81.9649 0.952421 0.0115545)
(82.0462 0.91098 0.0116541)
(82.1163 0.874411 0.0117609)
(82.1768 0.842051 0.0118788)
(82.2291 0.813335 0.0120087)
(82.2745 0.78778 0.0121498)
(82.3138 0.764972 0.0123006)
(82.348 0.744557 0.0124594)
(82.3779 0.726234 0.0126241)
(82.404 0.709742 0.0127928)
(82.427 0.694863 0.012963)
(82.4474 0.68141 0.0131319)
(82.4656 0.669229 0.0132968)
(82.4819 0.658192 0.0134551)
(82.4969 0.648199 0.0136046)
(82.5108 0.639184 0.0137432)
(82.5246 0.631152 0.0138682)
(82.5397 0.624331 0.0139716)
(82.5711 0.619389 0.0140125)
(69.2971 7.9437 -3.0529e-05)
(72.1874 4.1496 -6.4001e-05)
(74.8021 2.29827 -0.000100355)
(76.6691 1.2892 -0.000136206)
(78.0797 0.642881 -0.00016499)
(79.2573 0.215584 -0.000171041)
(80.2608 -0.0643355 -0.000122619)
(81.1065 -0.252246 3.18197e-05)
(81.8178 -0.384447 0.000360888)
(82.4195 -0.481359 0.000933592)
(82.9307 -0.554543 0.00177576)
(83.3652 -0.610866 0.00280763)
(83.7341 -0.654306 0.00383864)
(84.0474 -0.687353 0.00468806)
(84.314 -0.712043 0.00530601)
(84.5413 -0.730128 0.00574184)
(84.7356 -0.742953 0.0060512)
(84.9017 -0.751527 0.00626929)
(85.0439 -0.756664 0.0064228)
(85.1657 -0.759037 0.00653243)
(85.2703 -0.759193 0.00661016)
(85.36 -0.75757 0.00666134)
(85.437 -0.754524 0.00668862)
(85.5032 -0.750343 0.00669392)
(85.5601 -0.74526 0.00667895)
(85.6092 -0.739465 0.00664549)
(85.6514 -0.733114 0.00659552)
(85.6879 -0.726334 0.00653123)
(85.7195 -0.719225 0.00645492)
(85.7469 -0.711872 0.00636876)
(85.7707 -0.704339 0.00627466)
(85.7916 -0.696676 0.0061741)
(85.8101 -0.688921 0.00606812)
(85.8264 -0.681099 0.00595741)
(85.8411 -0.673228 0.00584248)
(85.8543 -0.665329 0.00572382)
(85.8663 -0.657445 0.00560219)
(85.8771 -0.649706 0.00547921)
(85.8858 -0.642554 0.00536019)
(85.8889 -0.637156 0.00525112)
(70.8596 9.66046 -1.89249e-05)
(76.2209 6.76868 -3.96779e-05)
(80.3157 5.16209 -6.30856e-05)
(82.8347 4.16013 -8.40317e-05)
(84.5656 3.46162 -9.63006e-05)
(85.9354 2.95669 -8.83277e-05)
(87.0542 2.58401 -3.78031e-05)
(87.9639 2.2998 8.89672e-05)
(88.7092 2.07552 0.000332989)
(89.3285 1.89373 0.000730739)
(89.8482 1.74338 0.00129131)
(90.2863 1.61708 0.00196979)
(90.6564 1.5097 0.00266706)
(90.9695 1.41759 0.00328088)
(91.2353 1.33794 0.00376557)
(91.4613 1.26853 0.00413302)
(91.6541 1.2076 0.00441093)
(91.8187 1.15377 0.00461924)
(91.9594 1.10592 0.00477277)
(92.0799 1.06314 0.00488558)
(92.1832 1.02469 0.00496977)
(92.2718 0.989967 0.00503432)
(92.3479 0.958471 0.0050857)
(92.4134 0.929787 0.00512862)
(92.4696 0.903565 0.00516641)
(92.5181 0.879509 0.00520127)
(92.5599 0.857366 0.00523456)
(92.596 0.83692 0.00526713)
(92.6272 0.817984 0.0052995)
(92.6543 0.800396 0.00533197)
(92.678 0.784015 0.00536467)
(92.6986 0.76872 0.00539754)
(92.7168 0.754404 0.00543024)
(92.7329 0.740977 0.00546221)
(92.7474 0.728361 0.00549269)
(92.7604 0.716495 0.00552072)
(92.7724 0.705355 0.00554525)
(92.7837 0.695015 0.00556489)
(92.7947 0.685907 0.00557749)
(92.8113 0.679316 0.0055702)
(65.0188 10.1797 -2.72335e-05)
(58.9626 7.28911 -6.03806e-05)
(54.1699 5.58679 -0.000104711)
(51.1526 4.46643 -0.000169444)
(49.0106 3.65008 -0.000261923)
(47.2577 3.04216 -0.000388)
(45.7929 2.58475 -0.000553641)
(44.5847 2.23178 -0.00076227)
(43.585 1.95173 -0.00101052)
(42.7478 1.72479 -0.00128592)
(42.0402 1.53805 -0.00156776)
(41.4397 1.38248 -0.00183232)
(40.9286 1.25149 -0.00206216)
(40.4928 1.14018 -0.00225182)
(40.1203 1.04485 -0.00240234)
(39.8016 0.962704 -0.00251512)
(39.5287 0.891503 -0.00259388)
(39.2946 0.829461 -0.00264627)
(39.0939 0.775128 -0.00268069)
(38.9216 0.727321 -0.00270347)
(38.7736 0.685072 -0.00271879)
(38.6465 0.647579 -0.00272962)
(38.5373 0.614173 -0.00273815)
(38.4435 0.584294 -0.00274588)
(38.3629 0.557469 -0.00275372)
(38.2935 0.5333 -0.00276214)
(38.2338 0.511447 -0.00277138)
(38.1825 0.491622 -0.00278158)
(38.1382 0.473577 -0.00279287)
(38.1001 0.4571 -0.00280543)
(38.0671 0.44201 -0.0028194)
(38.0385 0.42815 -0.00283478)
(38.0135 0.415384 -0.00285129)
(37.9916 0.403596 -0.00286838)
(37.9723 0.392686 -0.00288547)
(37.955 0.382574 -0.00290224)
(37.9393 0.373216 -0.00291901)
(37.9248 0.364659 -0.00293651)
(37.9112 0.357254 -0.00295369)
(37.8916 0.352229 -0.00296315)
(66.5297 8.53292 -2.87143e-05)
(63.5025 4.96647 -6.23804e-05)
(60.6708 3.18162 -0.000108572)
(58.5862 2.16315 -0.000176651)
(56.9592 1.47649 -0.000275009)
(55.566 1.00049 -0.000411659)
(54.3591 0.671955 -0.000594505)
(53.3304 0.438289 -0.000828179)
(52.4576 0.264454 -0.00110902)
(51.714 0.130816 -0.00142104)
(51.0781 0.0261193 -0.0017358)
(50.5335 -0.0569029 -0.0020194)
(50.0667 -0.123372 -0.00225019)
(49.6664 -0.177 -0.00242746)
(49.3228 -0.220399 -0.00255549)
(49.0278 -0.255439 -0.00263524)
(48.7743 -0.283586 -0.00267283)
(48.5564 -0.306042 -0.00268048)
(48.3691 -0.323783 -0.00266933)
(48.2079 -0.337594 -0.00264623)
(48.0693 -0.348117 -0.00261506)
(47.9499 -0.355885 -0.00257834)
(47.8472 -0.361348 -0.00253781)
(47.7587 -0.364882 -0.0024946)
(47.6824 -0.366802 -0.00244941)
(47.6167 -0.367374 -0.00240277)
(47.5599 -0.366821 -0.00235513)
(47.5108 -0.365332 -0.00230691)
(47.4684 -0.363063 -0.00225845)
(47.4315 -0.360143 -0.00221006)
(47.3994 -0.35668 -0.00216205)
(47.3713 -0.352761 -0.00211484)
(47.3466 -0.348457 -0.00206905)
(47.3247 -0.343823 -0.00202547)
(47.3051 -0.338905 -0.00198491)
(47.2873 -0.333736 -0.00194806)
(47.271 -0.328354 -0.00191546)
(47.2561 -0.322829 -0.00188801)
(47.2431 -0.317428 -0.00186796)
(47.2314 -0.312869 -0.00187405)
(67.4101 10.9784 -4.15023e-05)
(66.0195 8.49455 -9.09738e-05)
(64.2441 6.92802 -0.000160614)
(62.6171 5.81491 -0.000264237)
(61.223 4.92866 -0.000417712)
(60.0021 4.21083 -0.000639228)
(58.9287 3.63045 -0.000947698)
(57.9987 3.15444 -0.0013571)
(57.2006 2.75666 -0.00186651)
(56.5173 2.42031 -0.00244863)
(55.9319 2.13432 -0.00304477)
(55.4303 1.89036 -0.00357791)
(55.0001 1.68144 -0.00400925)
(54.631 1.50171 -0.00435542)
(54.3144 1.34668 -0.00462534)
(54.0427 1.21278 -0.00481355)
(53.8093 1.09694 -0.0049326)
(53.6086 0.996456 -0.00500781)
(53.4361 0.909106 -0.00505909)
(53.2877 0.833036 -0.00509777)
(53.1599 0.766683 -0.00513088)
(53.0499 0.708716 -0.00516345)
(52.955 0.657996 -0.0051988)
(52.8733 0.613546 -0.00523863)
(52.8028 0.574529 -0.0052835)
(52.7419 0.540227 -0.00533327)
(52.6893 0.510021 -0.0053874)
(52.6437 0.48338 -0.00544511)
(52.6042 0.459846 -0.00550549)
(52.5698 0.439024 -0.00556759)
(52.5399 0.420579 -0.00563054)
(52.5137 0.404221 -0.0056938)
(52.4905 0.389705 -0.00575745)
(52.47 0.376827 -0.00582216)
(52.4516 0.365417 -0.00588888)
(52.4349 0.355339 -0.00595832)
(52.4195 0.346506 -0.00603047)
(52.4048 0.338908 -0.00610433)
(52.3899 0.332751 -0.00617657)
(52.3638 0.32862 -0.0062519)
(67.6708 11.9568 -6.1693e-05)
(66.8701 9.71382 -0.000135007)
(65.6921 7.9303 -0.000240715)
(64.4994 6.52306 -0.000403213)
(63.43 5.3797 -0.000653337)
(62.4799 4.44258 -0.00102954)
(61.6347 3.67557 -0.00157488)
(60.8921 3.04497 -0.00232636)
(60.248 2.52193 -0.0032928)
(59.6929 2.08511 -0.00442218)
(59.2158 1.71917 -0.00557631)
(58.8059 1.4124 -0.00654752)
(58.4534 1.15422 -0.00726959)
(58.1503 0.935713 -0.00782869)
(57.8902 0.750723 -0.00823078)
(57.667 0.594274 -0.00845913)
(57.4752 0.461841 -0.00855651)
(57.3103 0.349531 -0.00857758)
(57.1687 0.254176 -0.0085515)
(57.047 0.173188 -0.00849023)
(56.9424 0.104411 -0.0084018)
(56.8526 0.046029 -0.00829377)
(56.7755 -0.00348422 -0.00817251)
(56.7092 -0.0454159 -0.0080428)
(56.6522 -0.0808527 -0.00790824)
(56.6032 -0.110715 -0.00777152)
(56.5611 -0.135782 -0.00763473)
(56.5248 -0.156719 -0.0074995)
(56.4935 -0.174088 -0.00736722)
(56.4665 -0.188371 -0.00723916)
(56.4431 -0.199977 -0.00711632)
(56.4227 -0.209251 -0.0069997)
(56.4049 -0.216483 -0.00689085)
(56.3891 -0.22191 -0.00679187)
(56.3751 -0.225729 -0.006705)
(56.3626 -0.2281 -0.00663219)
(56.3513 -0.229162 -0.00657481)
(56.3414 -0.22906 -0.00653403)
(56.3338 -0.228019 -0.00651232)
(56.3331 -0.226555 -0.00653655)
(67.7788 12.4141 -9.00945e-05)
(67.3002 10.4829 -0.000198671)
(66.553 8.83637 -0.000361121)
(65.7382 7.48577 -0.000620787)
(64.9621 6.36775 -0.00103651)
(64.2458 5.43258 -0.00168853)
(63.5912 4.64845 -0.0026769)
(63.0032 3.98905 -0.00410407)
(62.4842 3.43157 -0.00602725)
(62.0319 2.95854 -0.00836687)
(61.6406 2.55753 -0.010801)
(61.3022 2.21964 -0.01272)
(61.0083 1.93254 -0.0141042)
(60.7541 1.68655 -0.0152611)
(60.5356 1.47647 -0.0160895)
(60.3476 1.29736 -0.0165452)
(60.1852 1.1443 -0.0167778)
(60.045 1.01317 -0.0169267)
(59.924 0.900711 -0.0170536)
(59.8196 0.804225 -0.0171789)
(59.7296 0.721412 -0.017311)
(59.652 0.650297 -0.0174539)
(59.5851 0.589191 -0.0176081)
(59.5273 0.53666 -0.0177715)
(59.4775 0.491479 -0.0179411)
(59.4345 0.452605 -0.0181133)
(59.3974 0.419148 -0.018284)
(59.3653 0.39035 -0.0184499)
(59.3375 0.365564 -0.0186088)
(59.3134 0.344242 -0.0187601)
(59.2924 0.325916 -0.0189037)
(59.2741 0.31019 -0.0190397)
(59.258 0.296732 -0.0191687)
(59.2437 0.28526 -0.0192913)
(59.231 0.275547 -0.0194086)
(59.2195 0.267416 -0.0195227)
(59.2088 0.260733 -0.0196358)
(59.1984 0.255416 -0.0197503)
(59.1871 0.251487 -0.0198659)
(59.1631 0.249051 -0.0199982)
(67.839 12.6952 -0.000127457)
(67.5499 10.9995 -0.000284346)
(67.0726 9.47152 -0.000528297)
(66.5163 8.14337 -0.000934184)
(65.9564 6.99322 -0.00161216)
(65.4216 5.99531 -0.0027268)
(64.9233 5.13063 -0.00450722)
(64.4696 4.38206 -0.00722885)
(64.0661 3.73336 -0.0111169)
(63.7146 3.17141 -0.0160763)
(63.4135 2.68741 -0.0212459)
(63.153 2.28086 -0.02455)
(62.9233 1.92955 -0.0268182)
(62.7242 1.62671 -0.028861)
(62.5543 1.36883 -0.0301506)
(62.4084 1.14899 -0.0306522)
(62.2822 0.960425 -0.0306775)
(62.1733 0.797988 -0.0304371)
(62.0797 0.657839 -0.030031)
(61.9993 0.536897 -0.0295223)
(61.9302 0.432532 -0.0289628)
(61.8709 0.342477 -0.0283924)
(61.8201 0.264787 -0.0278375)
(61.7765 0.197804 -0.0273145)
(61.7391 0.140104 -0.0268331)
(61.707 0.0904628 -0.0263981)
(61.6795 0.0478274 -0.0260099)
(61.656 0.0112875 -0.0256654)
(61.6358 -0.0199448 -0.0253605)
(61.6185 -0.0465479 -0.0250923)
(61.6036 -0.0690979 -0.0248571)
(61.5908 -0.088082 -0.02466)
(61.5796 -0.103906 -0.0245103)
(61.5699 -0.116917 -0.024411)
(61.5614 -0.127427 -0.0243593)
(61.5538 -0.135694 -0.0243506)
(61.5473 -0.141934 -0.0243773)
(61.5418 -0.146325 -0.0244328)
(61.5387 -0.149004 -0.0245202)
(61.5448 -0.150201 -0.024719)
(67.8735 12.8644 -0.000172293)
(67.6988 11.3176 -0.000389699)
(67.3993 9.87798 -0.000741507)
(67.0348 8.58305 -0.00135227)
(66.6541 7.43425 -0.00242183)
(66.2814 6.4213 -0.00427948)
(65.9282 5.53201 -0.00744517)
(65.6026 4.75267 -0.0126709)
(65.3117 4.06922 -0.0208335)
(65.0608 3.47465 -0.0322566)
(64.857 2.96215 -0.0446096)
(64.6795 2.55595 -0.0497931)
(64.5145 2.18266 -0.0543847)
(64.3759 1.86138 -0.0584101)
(64.2597 1.5928 -0.0604544)
(64.158 1.36717 -0.0615127)
(64.068 1.17626 -0.0624291)
(63.9893 1.01407 -0.0633985)
(63.9214 0.876073 -0.0643738)
(63.863 0.75862 -0.0652915)
(63.8128 0.658578 -0.0661277)
(63.7697 0.573308 -0.0668828)
(63.7328 0.5006 -0.0675639)
(63.7012 0.438591 -0.0681759)
(63.6741 0.385693 -0.0687195)
(63.6511 0.340571 -0.0691957)
(63.6313 0.302109 -0.0696058)
(63.6145 0.269365 -0.0699531)
(63.6002 0.241545 -0.0702507)
(63.5879 0.217973 -0.0705118)
(63.5774 0.198055 -0.0707164)
(63.5685 0.181279 -0.0708449)
(63.5608 0.167214 -0.0709178)
(63.5546 0.155461 -0.0709658)
(63.5495 0.145765 -0.071005)
(63.5453 0.137912 -0.0710478)
(63.5416 0.131722 -0.071112)
(63.538 0.127059 -0.0712254)
(63.5332 0.123843 -0.0714148)
(63.5175 0.121837 -0.0718002)
(67.8957 12.9621 -0.00022009)
(67.798 11.5073 -0.000505428)
(67.6255 10.1314 -0.000986109)
(67.4088 8.86901 -0.0018581)
(67.175 7.72964 -0.00346538)
(66.9395 6.71024 -0.00643561)
(66.7104 5.8019 -0.0118964)
(66.4944 4.99066 -0.0217834)
(66.3039 4.26195 -0.0390622)
(66.1484 3.56353 -0.0658251)
(66.057 3.00571 -0.0948408)
(65.9546 2.60391 -0.0982359)
(65.8274 2.1986 -0.109506)
(65.7481 1.85597 -0.117494)
(65.6871 1.56705 -0.118822)
(65.6306 1.31915 -0.116652)
(65.5783 1.10389 -0.113214)
(65.5316 0.916745 -0.109631)
(65.491 0.754845 -0.106319)
(65.4559 0.615203 -0.103382)
(65.4257 0.494794 -0.10085)
(65.3998 0.390951 -0.0987221)
(65.3776 0.301435 -0.0969963)
(65.3588 0.224342 -0.0956697)
(65.3428 0.158008 -0.0947147)
(65.3294 0.10096 -0.0940851)
(65.3182 0.0519226 -0.0937119)
(65.3089 0.00979535 -0.0935011)
(65.3013 -0.0263587 -0.0934125)
(65.2954 -0.0573266 -0.0934893)
(65.2913 -0.0837601 -0.0937887)
(65.2887 -0.106216 -0.094299)
(65.2873 -0.125165 -0.0949747)
(65.2867 -0.140946 -0.0957662)
(65.2867 -0.153892 -0.0966448)
(65.2872 -0.164291 -0.0975932)
(65.2884 -0.172392 -0.0986041)
(65.2904 -0.178413 -0.099679)
(65.2944 -0.18251 -0.100815)
(65.3093 -0.184886 -0.102209)
(67.9123 13.0105 -0.000262301)
(67.8724 11.6048 -0.000611594)
(67.7984 10.2661 -0.0012224)
(67.7012 9.02516 -0.00237898)
(67.5919 7.89428 -0.00462905)
(67.476 6.87427 -0.00909453)
(67.3545 5.95761 -0.0181428)
(67.2303 5.12695 -0.0370454)
(67.0437 4.30449 -0.0770709)
(66.9855 3.86816 -0.107036)
(66.9686 3.06173 -0.170792)
(67.0235 2.86907 -0.16767)
(67.0053 2.09741 -0.231508)
(66.9956 1.7533 -0.243436)
(66.9855 1.4762 -0.254328)
(66.968 1.25345 -0.263943)
(66.9484 1.06152 -0.271568)
(66.9319 0.892725 -0.277563)
(66.9194 0.745781 -0.282105)
(66.9099 0.618762 -0.285444)
(66.9023 0.509144 -0.287887)
(66.8964 0.414614 -0.289666)
(66.8922 0.333213 -0.290892)
(66.8895 0.263087 -0.291696)
(66.8885 0.202492 -0.292245)
(66.8891 0.150246 -0.292617)
(66.8908 0.105273 -0.292893)
(66.8937 0.0666173 -0.293166)
(66.8974 0.033442 -0.293473)
(66.9016 0.00501935 -0.293771)
(66.9059 -0.0192703 -0.294024)
(66.9103 -0.0399467 -0.29425)
(66.9147 -0.0574488 -0.294461)
(66.9192 -0.0721532 -0.29466)
(66.9236 -0.084384 -0.294845)
(66.9279 -0.0944138 -0.295021)
(66.932 -0.102487 -0.295195)
(66.9355 -0.108855 -0.295382)
(66.9373 -0.113821 -0.295582)
(66.9317 -0.117853 -0.2959)
(67.9263 13.0199 -0.000287018)
(67.9356 11.6275 -0.000677582)
(67.946 10.3011 -0.00137925)
(67.9542 9.06882 -0.002752)
(67.9576 7.94419 -0.0055429)
(67.9514 6.93031 -0.0114264)
(67.9259 6.02258 -0.0244428)
(67.8519 5.20801 -0.0541781)
(67.7802 4.76441 -0.0848118)
(67.4117 3.79939 -0.236532)
(67.7769 2.03038 -0.552208)
(68.346 3.17877 -0.520437)
(67.9144 2.18932 -0.549772)
(67.2866 1.43011 -0.542195)
(67.3752 1.06316 -0.508423)
(67.4281 0.788119 -0.478323)
(67.4508 0.562243 -0.456729)
(67.4674 0.371133 -0.442744)
(67.4843 0.209817 -0.433331)
(67.499 0.0730528 -0.42577)
(67.511 -0.0431741 -0.419586)
(67.5209 -0.142238 -0.414524)
(67.5292 -0.226975 -0.410293)
(67.5362 -0.299465 -0.406542)
(67.5418 -0.361226 -0.402982)
(67.5463 -0.413827 -0.399492)
(67.5498 -0.458578 -0.396003)
(67.5527 -0.49658 -0.392477)
(67.555 -0.528746 -0.388888)
(67.557 -0.555837 -0.385228)
(67.5587 -0.578518 -0.381515)
(67.5603 -0.597359 -0.377761)
(67.5619 -0.61284 -0.373966)
(67.5635 -0.625357 -0.37014)
(67.5653 -0.635236 -0.36631)
(67.5673 -0.642754 -0.362498)
(67.5695 -0.64818 -0.358739)
(67.5724 -0.651862 -0.355074)
(67.5765 -0.654453 -0.351473)
(67.5899 -0.658002 -0.347687)
(67.94 12.9937 -0.000283448)
(67.9967 11.5825 -0.000672368)
(68.0886 10.2443 -0.00137324)
(68.1994 9.00723 -0.00274818)
(68.3145 7.88453 -0.00555521)
(68.4216 6.88068 -0.0114992)
(68.5054 5.99649 -0.0246995)
(68.5321 5.23496 -0.0542428)
(68.5015 4.90793 -0.0997712)
(67.9032 4.59622 -0.299852)
(61.965 5.39297 -1.11434)
(67.2206 -0.477898 1.47266)
(63.5822 0.161761 0.919896)
(66.0318 0.765556 0.521109)
(66.271 0.560117 0.396234)
(66.4488 0.349472 0.336648)
(66.5581 0.153299 0.297985)
(66.6437 -0.0186985 0.269081)
(66.7179 -0.168074 0.248496)
(66.7824 -0.297517 0.233726)
(66.8398 -0.409607 0.223348)
(66.8955 -0.505671 0.216042)
(66.9499 -0.587617 0.210788)
(67.0033 -0.657264 0.206958)
(67.0559 -0.716284 0.204141)
(67.1076 -0.766115 0.20204)
(67.1585 -0.808011 0.200437)
(67.2085 -0.843088 0.19918)
(67.2577 -0.872295 0.198159)
(67.306 -0.896442 0.197264)
(67.3535 -0.916193 0.196436)
(67.4002 -0.93208 0.195686)
(67.4459 -0.944556 0.195007)
(67.4909 -0.954006 0.194376)
(67.5349 -0.960752 0.19377)
(67.5779 -0.965047 0.193159)
(67.6196 -0.967067 0.192497)
(67.6591 -0.966875 0.191682)
(67.6935 -0.964241 0.190573)
(67.7171 -0.958587 0.187839)
(67.9551 12.9309 -0.000250676)
(68.0634 11.468 -0.000591423)
(68.2429 10.0943 -0.00118844)
(68.4628 8.83835 -0.00231562)
(68.6965 7.71142 -0.00449777)
(68.9266 6.7155 -0.00877455)
(69.1417 5.85104 -0.0172083)
(69.3274 5.12415 -0.0329191)
(69.5593 4.57117 -0.060319)
(69.7426 4.39632 -0.0781604)
(70.5604 4.16855 -0.0181434)
(70.8869 1.80677 0.471616)
(70.2003 1.44519 0.234093)
(70.4715 1.34841 0.252132)
(70.5494 1.21283 0.303246)
(70.5749 1.03442 0.3403)
(70.6102 0.861607 0.363731)
(70.6558 0.708426 0.380394)
(70.7042 0.573882 0.393362)
(70.752 0.45611 0.403165)
(70.7971 0.35356 0.409989)
(70.8361 0.264299 0.414477)
(70.8699 0.187212 0.417346)
(70.8991 0.120993 0.419077)
(70.9243 0.064334 0.420036)
(70.946 0.0160084 0.420449)
(70.9655 -0.0250982 0.420295)
(70.9831 -0.0598858 0.419697)
(70.999 -0.0891608 0.41876)
(71.0135 -0.113644 0.417592)
(71.0269 -0.133967 0.416258)
(71.0394 -0.15068 0.414776)
(71.0509 -0.164235 0.413175)
(71.0618 -0.175009 0.411479)
(71.0721 -0.183308 0.409702)
(71.082 -0.189371 0.407851)
(71.0917 -0.193359 0.405924)
(71.1018 -0.195334 0.403907)
(71.1138 -0.195237 0.401839)
(71.1442 -0.192341 0.399655)
(67.9736 12.8256 -0.000200634)
(68.1444 11.2746 -0.000467824)
(68.4274 9.84025 -0.000914411)
(68.7714 8.55208 -0.00170884)
(69.135 7.41449 -0.00313345)
(69.4946 6.42106 -0.00565535)
(69.8391 5.5639 -0.00996846)
(70.1642 4.83654 -0.01656)
(70.4861 4.24241 -0.0248053)
(70.8612 3.66637 -0.0214494)
(71.2674 2.97261 0.0269217)
(71.4901 2.33669 0.107684)
(71.5889 2.14012 0.139367)
(71.7077 1.80569 0.171493)
(71.7934 1.47211 0.189011)
(71.8741 1.19296 0.190698)
(71.9611 0.96199 0.18684)
(72.0458 0.766872 0.182561)
(72.1226 0.599913 0.178658)
(72.1909 0.456648 0.175031)
(72.2516 0.33388 0.17179)
(72.3056 0.228667 0.169102)
(72.3535 0.138279 0.166979)
(72.396 0.0604495 0.165307)
(72.4335 -0.00669215 0.163928)
(72.4668 -0.0647246 0.16276)
(72.4957 -0.114892 0.161925)
(72.5206 -0.158249 0.1614)
(72.5423 -0.195705 0.161156)
(72.5611 -0.228019 0.161142)
(72.5779 -0.25573 0.161292)
(72.5929 -0.279402 0.161553)
(72.6065 -0.299504 0.161876)
(72.6188 -0.316426 0.162221)
(72.63 -0.330495 0.162563)
(72.6403 -0.341976 0.162893)
(72.6497 -0.351061 0.163201)
(72.6575 -0.357836 0.163463)
(72.662 -0.362212 0.163644)
(72.6523 -0.363825 0.163554)
(67.9987 12.6658 -0.000148133)
(68.2524 10.9831 -0.00034049)
(68.6669 9.46429 -0.000644668)
(69.1592 8.13825 -0.00115042)
(69.667 6.99636 -0.00198467)
(70.1601 6.01932 -0.00330977)
(70.6266 5.18896 -0.00525417)
(71.0632 4.48814 -0.00758052)
(71.4757 3.89942 -0.00894378)
(71.8795 3.38923 -0.00368123)
(72.2527 2.8818 0.01854)
(72.5234 2.38341 0.0504166)
(72.7009 2.00726 0.0656612)
(72.8605 1.68417 0.0684233)
(73.0189 1.42419 0.0693899)
(73.1634 1.22286 0.0709731)
(73.2908 1.06106 0.0733218)
(73.402 0.926305 0.0761052)
(73.4985 0.81289 0.0788847)
(73.5822 0.717357 0.0814054)
(73.6549 0.636838 0.0835913)
(73.718 0.568846 0.0854365)
(73.7729 0.511363 0.0869528)
(73.8206 0.462794 0.0881575)
(73.8623 0.421841 0.0890767)
(73.8987 0.387427 0.0897518)
(73.9306 0.358614 0.0902237)
(73.9586 0.334567 0.0905011)
(73.9834 0.314586 0.0905747)
(74.0052 0.298068 0.0904721)
(74.0243 0.284424 0.0902513)
(74.0411 0.27329 0.0899523)
(74.0559 0.264353 0.0896093)
(74.0692 0.257353 0.0892388)
(74.0813 0.252035 0.0888476)
(74.0925 0.248214 0.0884359)
(74.1033 0.245771 0.0879984)
(74.1147 0.244594 0.0875332)
(74.1284 0.244506 0.0870469)
(74.1633 0.245076 0.0865115)
(68.0365 12.428 -0.000102824)
(68.4116 10.5556 -0.000232737)
(69.0086 8.92472 -0.000426441)
(69.6925 7.55023 -0.000726474)
(70.3735 6.39464 -0.00118039)
(71.018 5.41929 -0.00182414)
(71.6161 4.59609 -0.00262132)
(72.1642 3.90128 -0.00329485)
(72.6632 3.31121 -0.00301723)
(73.1166 2.79824 0.000303194)
(73.518 2.32857 0.00945091)
(73.8489 1.90083 0.022306)
(74.1132 1.55142 0.0315763)
(74.3386 1.27257 0.0366577)
(74.5378 1.03935 0.0411759)
(74.7094 0.839949 0.0450851)
(74.8559 0.667983 0.0476134)
(74.9821 0.519053 0.0489232)
(75.0914 0.390023 0.049456)
(75.186 0.278302 0.0495069)
(75.2679 0.181584 0.0492486)
(75.3387 0.0978466 0.0488035)
(75.4 0.0253569 0.0482615)
(75.4531 -0.037371 0.0476802)
(75.499 -0.0916214 0.0470917)
(75.5388 -0.13851 0.0465137)
(75.5734 -0.179004 0.0459566)
(75.6035 -0.213932 0.0454255)
(75.6297 -0.243991 0.0449335)
(75.6527 -0.269767 0.0444975)
(75.6729 -0.291771 0.0441245)
(75.6907 -0.310465 0.0438032)
(75.7066 -0.326243 0.0435242)
(75.7208 -0.339436 0.043294)
(75.7336 -0.350286 0.0431184)
(75.745 -0.359004 0.042991)
(75.7552 -0.365789 0.0429015)
(75.7635 -0.370789 0.0428296)
(75.7681 -0.374075 0.0427631)
(75.7566 -0.375597 0.0426965)
(68.0977 12.0719 -6.82153e-05)
(68.659 9.94711 -0.000151756)
(69.5091 8.21898 -0.00026866)
(70.4236 6.86209 -0.0004363)
(71.2863 5.78341 -0.000666932)
(72.0753 4.91262 -0.00095369)
(72.7923 4.2055 -0.00123467)
(73.4374 3.62773 -0.00131909)
(74.0118 3.14963 -0.000779476)
(74.5198 2.7455 0.00117841)
(74.9635 2.39432 0.0054062)
(75.341 2.08797 0.0112582)
(75.6563 1.83113 0.0162657)
(75.9228 1.61939 0.0192763)
(76.1521 1.4407 0.0210486)
(76.3502 1.28897 0.0220797)
(76.5212 1.16102 0.0225648)
(76.6692 1.05336 0.0227798)
(76.7975 0.96257 0.0229455)
(76.9085 0.885801 0.0231402)
(77.0046 0.820767 0.0233685)
(77.0878 0.765586 0.0236225)
(77.1597 0.718692 0.0238939)
(77.2221 0.678782 0.0241728)
(77.2761 0.644779 0.0244487)
(77.323 0.615783 0.0247133)
(77.3638 0.591042 0.024962)
(77.3993 0.569927 0.0251921)
(77.4304 0.551909 0.0254025)
(77.4576 0.536539 0.0255925)
(77.4816 0.523436 0.025761)
(77.5028 0.512284 0.025906)
(77.5217 0.502824 0.026024)
(77.5386 0.494844 0.0261146)
(77.554 0.488166 0.026179)
(77.5682 0.482645 0.0262165)
(77.5815 0.478168 0.0262232)
(77.5952 0.474669 0.0261985)
(77.611 0.472135 0.0261459)
(77.6482 0.470562 0.0260342)
(68.2215 11.4882 -4.42237e-05)
(69.13 8.97086 -9.65886e-05)
(70.4028 7.05124 -0.00016528)
(71.6578 5.59992 -0.00025596)
(72.7606 4.46616 -0.000367738)
(73.7235 3.56721 -0.000484362)
(74.5702 2.853 -0.000555864)
(75.3099 2.28149 -0.000469205)
(75.951 1.81753 -1.78104e-05)
(76.5043 1.43417 0.00109975)
(76.9796 1.11167 0.00312729)
(77.384 0.838086 0.00580034)
(77.7253 0.608617 0.00826116)
(78.0139 0.418664 0.0099572)
(78.2601 0.261188 0.0110786)
(78.471 0.130089 0.0119344)
(78.6517 0.0207799 0.0126181)
(78.8064 -0.0706252 0.0131441)
(78.9391 -0.147383 0.0135335)
(79.0528 -0.212044 0.0138047)
(79.1504 -0.266592 0.0139712)
(79.2341 -0.312626 0.0140478)
(79.306 -0.351453 0.0140509)
(79.3677 -0.384156 0.0139955)
(79.4209 -0.411632 0.0138944)
(79.4666 -0.434628 0.013758)
(79.5059 -0.453777 0.0135953)
(79.5399 -0.469611 0.0134135)
(79.5693 -0.482583 0.0132189)
(79.5948 -0.493075 0.0130168)
(79.6171 -0.501411 0.0128118)
(79.6365 -0.507862 0.0126069)
(79.6536 -0.51266 0.0124034)
(79.6688 -0.515997 0.0122023)
(79.6824 -0.518032 0.0120048)
(79.6947 -0.518899 0.0118113)
(79.7057 -0.51872 0.0116216)
(79.715 -0.517636 0.0114379)
(79.7211 -0.515913 0.011262)
(79.7136 -0.514162 0.0110983)
(68.4423 10.5916 -2.84209e-05)
(69.8719 7.95104 -6.01272e-05)
(71.6494 6.36132 -9.81436e-05)
(73.241 5.29449 -0.000143265)
(74.5733 4.48262 -0.000191379)
(75.7172 3.84676 -0.000228387)
(76.7097 3.34771 -0.000221546)
(77.5628 2.94862 -0.000108933)
(78.2909 2.62088 0.000206926)
(78.912 2.34579 0.000845841)
(79.4419 2.11125 0.00188247)
(79.8927 1.90971 0.00321062)
(80.2751 1.73697 0.00451747)
(80.5995 1.58974 0.00554157)
(80.8757 1.46404 0.00626935)
(81.1117 1.35602 0.00679442)
(81.3136 1.26275 0.0071656)
(81.4865 1.18191 0.00740776)
(81.6349 1.11163 0.00755761)
(81.7624 1.05033 0.00765313)
(81.8721 0.996719 0.00772092)
(81.9665 0.949701 0.00777709)
(82.0479 0.908356 0.00783147)
(82.1182 0.871899 0.0078896)
(82.1789 0.839663 0.00795393)
(82.2314 0.811078 0.00802489)
(82.2769 0.785659 0.00810199)
(82.3164 0.762989 0.00818431)
(82.3508 0.742713 0.00827078)
(82.3808 0.724527 0.00836022)
(82.4071 0.70817 0.0084512)
(82.4303 0.693421 0.00854188)
(82.4508 0.680094 0.00863018)
(82.4691 0.668034 0.00871425)
(82.4856 0.657114 0.00879275)
(82.5007 0.647233 0.00886484)
(82.5148 0.638327 0.0089299)
(82.5287 0.6304 0.00898678)
(82.5439 0.623679 0.00903074)
(82.5755 0.618832 0.00903685)
(69.2971 7.9437 -2.02859e-05)
(72.1874 4.14961 -4.21901e-05)
(74.8021 2.29829 -6.63073e-05)
(76.6691 1.28923 -9.05812e-05)
(78.0797 0.642931 -0.000110299)
(79.2573 0.215653 -0.000114741)
(80.2608 -0.0642514 -8.25731e-05)
(81.1066 -0.252165 2.10323e-05)
(81.818 -0.384415 0.000242764)
(82.4199 -0.481459 0.000630229)
(82.9313 -0.55489 0.00120163)
(83.3658 -0.611548 0.00190204)
(83.7347 -0.65532 0.00259998)
(84.048 -0.688622 0.00317198)
(84.3145 -0.713493 0.00358581)
(84.5419 -0.731716 0.0038766)
(84.7362 -0.744645 0.00408213)
(84.9023 -0.753292 0.0042258)
(85.0446 -0.758481 0.0043254)
(85.1665 -0.760895 0.00439466)
(85.2711 -0.761089 0.00444139)
(85.3609 -0.759504 0.00446913)
(85.438 -0.756498 0.00447975)
(85.5043 -0.752358 0.00447472)
(85.5613 -0.74732 0.00445542)
(85.6104 -0.741573 0.00442328)
(85.6528 -0.735272 0.00437983)
(85.6893 -0.728541 0.00432672)
(85.721 -0.721484 0.00426557)
(85.7484 -0.714182 0.00419779)
(85.7724 -0.7067 0.00412451)
(85.7934 -0.699088 0.00404651)
(85.8119 -0.691382 0.00396433)
(85.8283 -0.683607 0.00387845)
(85.843 -0.675781 0.00378955)
(85.8563 -0.667925 0.00369854)
(85.8684 -0.660081 0.00360662)
(85.8793 -0.652379 0.00351552)
(85.8881 -0.645261 0.00342919)
(85.8913 -0.639888 0.00335181)
(70.8596 9.66046 -1.36716e-05)
(76.2209 6.76869 -2.77551e-05)
(80.3157 5.1621 -4.32241e-05)
(82.8347 4.16014 -5.74305e-05)
(84.5656 3.46164 -6.60599e-05)
(85.9354 2.95671 -6.10754e-05)
(87.0542 2.58403 -2.75215e-05)
(87.964 2.29981 5.72715e-05)
(88.7094 2.07552 0.000221196)
(89.3288 1.89369 0.000489305)
(89.8486 1.74329 0.000868144)
(90.2867 1.61692 0.00132721)
(90.6568 1.50949 0.00179868)
(90.97 1.41735 0.00221279)
(91.2357 1.3377 0.00253887)
(91.4618 1.2683 0.00278557)
(91.6546 1.20739 0.00297175)
(91.8192 1.15359 0.00311073)
(91.96 1.10576 0.00321247)
(92.0805 1.06301 0.00328647)
(92.1839 1.02458 0.00334089)
(92.2726 0.989885 0.00338179)
(92.3488 0.958418 0.00341348)
(92.4142 0.929766 0.00343913)
(92.4706 0.90358 0.00346094)
(92.5191 0.879563 0.00348038)
(92.561 0.857463 0.00349838)
(92.5972 0.837062 0.00351554)
(92.6285 0.818174 0.00353218)
(92.6557 0.800635 0.00354841)
(92.6793 0.784305 0.00356417)
(92.7001 0.769062 0.00357921)
(92.7183 0.754799 0.00359317)
(92.7345 0.741424 0.0036057)
(92.749 0.728861 0.00361655)
(92.7622 0.717048 0.00362554)
(92.7742 0.705959 0.00363252)
(92.7856 0.695669 0.00363705)
(92.7967 0.686606 0.00363805)
(92.8134 0.680053 0.00362738)
(65.0188 10.1797 -9.39944e-06)
(58.9626 7.28911 -2.09488e-05)
(54.1698 5.58679 -3.63956e-05)
(51.1525 4.46643 -5.8946e-05)
(49.0106 3.65007 -9.12143e-05)
(47.2577 3.04214 -0.000135298)
(45.7928 2.58472 -0.000193299)
(44.5846 2.23174 -0.000266439)
(43.5849 1.95166 -0.000353573)
(42.7477 1.7247 -0.000450326)
(42.0401 1.53794 -0.000549366)
(41.4396 1.38235 -0.000642199)
(40.9286 1.25135 -0.00072254)
(40.4927 1.14003 -0.000788435)
(40.1203 1.0447 -0.00084032)
(39.8016 0.962555 -0.000878785)
(39.5286 0.891361 -0.000905232)
(39.2946 0.829329 -0.000922436)
(39.0939 0.775006 -0.000933419)
(38.9216 0.72721 -0.000940451)
(38.7736 0.684973 -0.00094503)
(38.6465 0.647492 -0.000948221)
(38.5374 0.614098 -0.000950815)
(38.4435 0.584232 -0.000953381)
(38.3629 0.55742 -0.000956299)
(38.2935 0.533265 -0.000959814)
(38.2339 0.511426 -0.000964057)
(38.1825 0.491616 -0.000969051)
(38.1383 0.473585 -0.000974724)
(38.1001 0.457123 -0.000980978)
(38.0671 0.442048 -0.000987786)
(38.0385 0.428203 -0.000995289)
(38.0135 0.415453 -0.00100382)
(37.9916 0.403679 -0.00101383)
(37.9723 0.392783 -0.00102563)
(37.955 0.382684 -0.00103917)
(37.9394 0.373337 -0.0010537)
(37.9249 0.364791 -0.00106763)
(37.9112 0.357395 -0.00107783)
(37.8917 0.352369 -0.0010789)
(66.5297 8.53292 -9.9717e-06)
(63.5025 4.96646 -2.17167e-05)
(60.6708 3.1816 -3.77559e-05)
(58.5861 2.16312 -6.1354e-05)
(56.9592 1.47644 -9.55054e-05)
(55.5659 1.00041 -0.000143073)
(54.3591 0.671827 -0.000206872)
(53.3303 0.438095 -0.000288602)
(52.4576 0.264175 -0.000387077)
(51.714 0.130437 -0.000496732)
(51.0781 0.0256356 -0.000607446)
(50.5336 -0.0574804 -0.000707003)
(50.0669 -0.124025 -0.000787568)
(49.6667 -0.177715 -0.000848978)
(49.3232 -0.221166 -0.000892928)
(49.0283 -0.256244 -0.000919889)
(48.7749 -0.284418 -0.000932119)
(48.5572 -0.306896 -0.000933982)
(48.3699 -0.324657 -0.000929442)
(48.2089 -0.338487 -0.000920931)
(48.0703 -0.349029 -0.000909836)
(47.9511 -0.356817 -0.000897071)
(47.8484 -0.3623 -0.000883277)
(47.76 -0.365856 -0.000868886)
(47.6839 -0.367799 -0.000854192)
(47.6182 -0.368395 -0.000839416)
(47.5615 -0.367868 -0.000824723)
(47.5126 -0.366404 -0.000810205)
(47.4702 -0.364161 -0.000795873)
(47.4334 -0.361267 -0.000781711)
(47.4015 -0.35783 -0.000767786)
(47.3735 -0.353936 -0.000754377)
(47.3489 -0.349657 -0.000742029)
(47.3271 -0.345049 -0.000731445)
(47.3075 -0.340156 -0.000723205)
(47.2899 -0.335014 -0.000717414)
(47.2737 -0.329658 -0.000713473)
(47.2589 -0.324159 -0.000710191)
(47.246 -0.318784 -0.000706304)
(47.2344 -0.314252 -0.000706818)
(67.4101 10.9784 -1.44509e-05)
(66.0195 8.49453 -3.17101e-05)
(64.2441 6.92799 -5.59884e-05)
(62.617 5.81485 -9.21691e-05)
(61.223 4.92857 -0.000145897)
(60.002 4.21068 -0.000223647)
(58.9286 3.63022 -0.000332197)
(57.9985 3.15409 -0.000476679)
(57.2005 2.75615 -0.000657036)
(56.5172 2.41961 -0.00086374)
(55.9319 2.13343 -0.00107554)
(55.4303 1.88931 -0.00126423)
(55.0003 1.6803 -0.00141575)
(54.6314 1.50049 -0.00153653)
(54.3149 1.34542 -0.00163036)
(54.0433 1.21151 -0.00169581)
(53.81 1.09567 -0.00173765)
(53.6095 0.995201 -0.00176496)
(53.4371 0.907872 -0.00178474)
(53.2887 0.831826 -0.00180088)
(53.1611 0.765501 -0.00181577)
(53.0511 0.707564 -0.00183108)
(52.9564 0.656874 -0.00184793)
(52.8748 0.612456 -0.00186685)
(52.8044 0.57347 -0.00188802)
(52.7436 0.539198 -0.00191137)
(52.691 0.509023 -0.00193664)
(52.6456 0.482411 -0.00196348)
(52.6062 0.458904 -0.00199147)
(52.5719 0.43811 -0.00202023)
(52.5421 0.419691 -0.00204948)
(52.516 0.403358 -0.00207918)
(52.4929 0.388866 -0.00210962)
(52.4725 0.37601 -0.00214126)
(52.4542 0.364618 -0.00217446)
(52.4376 0.354558 -0.00220915)
(52.4223 0.34574 -0.00224451)
(52.4077 0.338154 -0.00227893)
(52.3929 0.332007 -0.00230965)
(52.367 0.327882 -0.0023372)
(67.6708 11.9568 -2.15255e-05)
(66.8701 9.7138 -4.71309e-05)
(65.6921 7.93026 -8.4059e-05)
(64.4994 6.52297 -0.000140896)
(63.4299 5.37955 -0.000228555)
(62.4798 4.44233 -0.000360728)
(61.6345 3.67515 -0.000552909)
(60.8918 3.0443 -0.000818734)
(60.2476 2.52091 -0.00116208)
(59.6926 2.08365 -0.00156472)
(59.2156 1.71726 -0.00197565)
(58.8059 1.41014 -0.00231874)
(58.4536 1.15171 -0.00257129)
(58.1507 0.932993 -0.00276549)
(57.8908 0.747848 -0.00290467)
(57.6678 0.591308 -0.00298398)
(57.4762 0.458815 -0.00301934)
(57.3115 0.346453 -0.00303029)
(57.17 0.251044 -0.00302699)
(57.0484 0.169998 -0.00301346)
(56.9441 0.101159 -0.0029923)
(56.8544 0.0427126 -0.00296594)
(56.7774 -0.00686797 -0.00293633)
(56.7113 -0.0488686 -0.00290491)
(56.6544 -0.0843748 -0.00287268)
(56.6056 -0.114306 -0.00284034)
(56.5636 -0.139441 -0.00280835)
(56.5275 -0.160442 -0.00277705)
(56.4964 -0.177873 -0.00274671)
(56.4695 -0.192215 -0.00271766)
(56.4462 -0.203877 -0.00269023)
(56.426 -0.213205 -0.00266485)
(56.4084 -0.220487 -0.00264225)
(56.3928 -0.225962 -0.00262331)
(56.379 -0.229825 -0.00260863)
(56.3666 -0.232239 -0.00259831)
(56.3555 -0.233342 -0.0025919)
(56.3457 -0.23328 -0.00258863)
(56.3382 -0.232277 -0.0025881)
(56.3377 -0.230856 -0.00259895)
(67.7787 12.4141 -3.1515e-05)
(67.3002 10.4829 -6.95111e-05)
(66.5529 8.83631 -0.000126413)
(65.7381 7.48565 -0.000217534)
(64.962 6.36753 -0.000363792)
(64.2455 5.43218 -0.000593939)
(63.5908 4.64776 -0.000944256)
(63.0025 3.9879 -0.00145273)
(62.4834 3.42973 -0.00214179)
(62.0311 2.95579 -0.00298264)
(61.64 2.55386 -0.00385023)
(61.302 2.21546 -0.00452355)
(61.0085 1.92803 -0.00500375)
(60.7546 1.68175 -0.00540309)
(60.5363 1.4715 -0.00569113)
(60.3486 1.29234 -0.00585552)
(60.1865 1.1393 -0.00594873)
(60.0465 1.00823 -0.0060181)
(59.9257 0.895838 -0.00608369)
(59.8215 0.799437 -0.00615152)
(59.7317 0.716714 -0.00622372)
(59.6543 0.645688 -0.00630108)
(59.5875 0.584668 -0.00638336)
(59.5299 0.532216 -0.00646961)
(59.4803 0.487106 -0.0065584)
(59.4375 0.448296 -0.00664802)
(59.4006 0.414895 -0.00673671)
(59.3687 0.386148 -0.00682288)
(59.3411 0.361409 -0.0069056)
(59.3172 0.34013 -0.00698475)
(59.2964 0.321845 -0.00706029)
(59.2783 0.306156 -0.00713221)
(59.2624 0.292723 -0.00720059)
(59.2483 0.281269 -0.00726563)
(59.2358 0.271568 -0.00732776)
(59.2245 0.263446 -0.00738738)
(59.2141 0.256773 -0.00744468)
(59.2038 0.251471 -0.00749951)
(59.1927 0.247562 -0.0075509)
(59.169 0.245122 -0.00760498)
(67.839 12.6952 -4.46736e-05)
(67.5499 10.9994 -9.96724e-05)
(67.0725 9.47143 -0.000185306)
(66.5161 8.14321 -0.000328096)
(65.956 6.99289 -0.000567326)
(65.4211 5.99471 -0.000962228)
(64.9224 5.12951 -0.0015964)
(64.4683 4.38004 -0.00257235)
(64.0643 3.72985 -0.00397629)
(63.7127 3.16577 -0.00576996)
(63.4122 2.67958 -0.0076026)
(63.1525 2.27225 -0.00875991)
(62.9233 1.92023 -0.00954331)
(62.7247 1.61679 -0.0102311)
(62.5554 1.35866 -0.0106673)
(62.41 1.13867 -0.0108612)
(62.2842 0.949909 -0.0109198)
(62.1757 0.787234 -0.010907)
(62.0823 0.646828 -0.0108499)
(62.0022 0.525632 -0.0107646)
(61.9335 0.421028 -0.0106647)
(61.8745 0.330749 -0.0105609)
(61.8239 0.252854 -0.0104603)
(61.7806 0.185683 -0.0103677)
(61.7434 0.127814 -0.010286)
(61.7117 0.0780233 -0.010216)
(61.6845 0.0352581 -0.0101572)
(61.6613 -0.00139263 -0.0101072)
(61.6414 -0.0327216 -0.0100641)
(61.6244 -0.0594121 -0.0100268)
(61.6098 -0.0820282 -0.00999439)
(61.5972 -0.101045 -0.00997174)
(61.5864 -0.116887 -0.00996629)
(61.577 -0.129919 -0.00997716)
(61.5687 -0.140454 -0.00999967)
(61.5615 -0.148748 -0.0100297)
(61.5552 -0.155022 -0.0100613)
(61.5502 -0.159452 -0.0100886)
(61.5476 -0.162167 -0.0101132)
(61.5546 -0.163409 -0.0101855)
(67.8735 12.8643 -6.04938e-05)
(67.6988 11.3176 -0.00013684)
(67.3991 9.87788 -0.0002606)
(67.0345 8.58283 -0.000476046)
(66.6536 7.43382 -0.000854776)
(66.2804 6.42043 -0.00151603)
(65.9264 5.53027 -0.00265074)
(65.5998 4.74923 -0.00453881)
(65.3076 4.0626 -0.00750655)
(65.0561 3.46299 -0.011615)
(64.8541 2.94548 -0.0158281)
(64.6787 2.53889 -0.0176628)
(64.5144 2.16406 -0.0192015)
(64.3767 1.84174 -0.020506)
(64.2615 1.57297 -0.0211605)
(64.1604 1.34755 -0.0215272)
(64.0709 1.15702 -0.0218865)
(63.9926 0.995197 -0.0222919)
(63.9251 0.857534 -0.0227181)
(63.8671 0.740364 -0.023137)
(63.8174 0.640561 -0.0235352)
(63.7748 0.555487 -0.023909)
(63.7384 0.482923 -0.0242579)
(63.7073 0.420995 -0.0245803)
(63.6808 0.368127 -0.0248727)
(63.6582 0.322998 -0.0251328)
(63.639 0.28451 -0.0253595)
(63.6227 0.251758 -0.0255524)
(63.6088 0.223947 -0.0257183)
(63.597 0.200371 -0.025865)
(63.5871 0.180418 -0.0259744)
(63.579 0.163516 -0.0260308)
(63.5727 0.149252 -0.0260636)
(63.5677 0.137318 -0.0261007)
(63.5639 0.127457 -0.0261423)
(63.5609 0.119449 -0.0261884)
(63.5586 0.11311 -0.0262443)
(63.5562 0.108286 -0.0263215)
(63.5524 0.10488 -0.0264282)
(63.5377 0.10263 -0.0265971)
(67.8957 12.962 -7.74009e-05)
(67.7979 11.5072 -0.000177778)
(67.6253 10.1313 -0.000347246)
(67.4083 8.86877 -0.000655718)
(67.1741 7.72912 -0.00122701)
(66.9377 6.7091 -0.00228964)
(66.7071 5.79936 -0.00425983)
(66.4885 4.98492 -0.00785799)
(66.2945 4.24887 -0.0141811)
(66.1373 3.5372 -0.0237842)
(66.0514 2.97139 -0.033418)
(65.9536 2.57114 -0.0352034)
(65.8267 2.16459 -0.0384349)
(65.7496 1.82283 -0.0407622)
(65.6907 1.53325 -0.0415827)
(65.6355 1.28407 -0.0415447)
(65.5842 1.06762 -0.0411415)
(65.5382 0.879446 -0.0406643)
(65.4982 0.716697 -0.0402183)
(65.4637 0.576378 -0.0398207)
(65.4341 0.455438 -0.0394797)
(65.4088 0.35119 -0.0392038)
(65.3872 0.261398 -0.0390153)
(65.3689 0.184143 -0.0389331)
(65.3536 0.117724 -0.0389439)
(65.3408 0.0606464 -0.0390273)
(65.3303 0.0116085 -0.0391501)
(65.3221 -0.0305257 -0.0392668)
(65.3163 -0.0666912 -0.0393944)
(65.3126 -0.0976568 -0.0395757)
(65.3108 -0.1241 -0.0398345)
(65.3102 -0.146533 -0.0401595)
(65.3104 -0.165405 -0.0405049)
(65.3115 -0.18111 -0.0408405)
(65.3132 -0.193984 -0.0411657)
(65.3155 -0.204318 -0.0414833)
(65.3184 -0.212361 -0.0417971)
(65.3222 -0.218328 -0.0421128)
(65.3278 -0.222371 -0.0424377)
(65.3447 -0.2247 -0.0428542)
(67.9123 13.0105 -9.23882e-05)
(67.8723 11.6047 -0.000215472)
(67.7981 10.2661 -0.000431278)
(67.7006 9.02495 -0.000841555)
(67.5905 7.89378 -0.00164416)
(67.4731 6.87308 -0.0032484)
(67.3484 5.95464 -0.00652473)
(67.2175 5.11942 -0.0133724)
(67.0143 4.28041 -0.0277528)
(66.9499 3.82106 -0.0422504)
(66.945 2.96239 -0.0741143)
(67.0252 2.78728 -0.0770807)
(67.0099 2.01105 -0.0784177)
(67.0024 1.66956 -0.078266)
(66.992 1.39493 -0.0798653)
(66.9752 1.17467 -0.0822267)
(66.9571 0.984346 -0.0844679)
(66.9421 0.816357 -0.0865034)
(66.9313 0.669886 -0.0882848)
(66.9233 0.543143 -0.0897886)
(66.9173 0.433598 -0.0910447)
(66.913 0.338896 -0.0920783)
(66.9106 0.256762 -0.0929173)
(66.9103 0.185322 -0.0936158)
(66.9117 0.123291 -0.0942157)
(66.9145 0.0694971 -0.0947374)
(66.9185 0.0228655 -0.0952129)
(66.9233 -0.0175776 -0.0956878)
(66.9281 -0.0526542 -0.0961478)
(66.933 -0.0830344 -0.096555)
(66.9379 -0.10929 -0.0969063)
(66.9428 -0.131921 -0.0972194)
(66.9478 -0.151376 -0.097504)
(66.9527 -0.16804 -0.0977669)
(66.9576 -0.182231 -0.0980136)
(66.9623 -0.194217 -0.0982495)
(66.9668 -0.20424 -0.0984798)
(66.9706 -0.212546 -0.0987093)
(66.9728 -0.219399 -0.0989375)
(66.9675 -0.225042 -0.0992027)
(67.9263 13.0199 -0.000101241)
(67.9355 11.6275 -0.000239068)
(67.9457 10.301 -0.00048738)
(67.9534 9.06872 -0.000975169)
(67.9558 7.94394 -0.00197205)
(67.9473 6.92969 -0.00408501)
(67.9166 6.02096 -0.00877085)
(67.8275 5.20397 -0.0193772)
(67.7376 4.74725 -0.0350359)
(67.3103 3.7247 -0.101293)
(67.725 1.8081 -0.198057)
(68.3679 3.03614 -0.202183)
(67.9353 2.01573 -0.20309)
(67.2996 1.35016 -0.164247)
(67.3902 0.971686 -0.162371)
(67.4437 0.694008 -0.159467)
(67.4658 0.466503 -0.157528)
(67.482 0.273507 -0.156774)
(67.4978 0.110025 -0.156204)
(67.5111 -0.028459 -0.15548)
(67.5214 -0.146126 -0.154709)
(67.5293 -0.246647 -0.154033)
(67.5351 -0.332599 -0.153431)
(67.5391 -0.405976 -0.152815)
(67.5416 -0.468683 -0.152169)
(67.5429 -0.522281 -0.151505)
(67.5433 -0.568069 -0.150834)
(67.543 -0.607109 -0.150163)
(67.5423 -0.640311 -0.14949)
(67.5413 -0.668463 -0.148812)
(67.5402 -0.692228 -0.148124)
(67.5391 -0.712168 -0.147411)
(67.538 -0.728763 -0.146664)
(67.5372 -0.74241 -0.145881)
(67.5367 -0.753436 -0.145067)
(67.5365 -0.762117 -0.144231)
(67.5368 -0.768724 -0.14338)
(67.5378 -0.773616 -0.142521)
(67.5404 -0.777446 -0.141599)
(67.5548 -0.782367 -0.140326)
(67.94 12.9937 -0.000100116)
(67.9966 11.5825 -0.000237501)
(68.0883 10.2444 -0.000485711)
(68.1986 9.00731 -0.000974326)
(68.3127 7.88472 -0.00197544)
(68.4174 6.88119 -0.00409912)
(68.4962 5.99794 -0.00879174)
(68.5089 5.23935 -0.0191107)
(68.4562 4.91925 -0.0391419)
(67.7747 4.66173 -0.116487)
(61.8939 5.74839 -0.234923)
(67.5072 -0.271714 0.296666)
(63.3165 0.235468 0.323599)
(65.8673 0.734311 0.166432)
(66.1073 0.522824 0.1436)
(66.2794 0.305854 0.134963)
(66.3758 0.102534 0.128868)
(66.4489 -0.0763209 0.123308)
(66.513 -0.231905 0.118576)
(66.5685 -0.367733 0.114875)
(66.6219 -0.485514 0.111992)
(66.6742 -0.587097 0.109471)
(66.7261 -0.674306 0.107194)
(66.7778 -0.748963 0.105122)
(66.8293 -0.812716 0.103248)
(66.8806 -0.867023 0.101552)
(66.9316 -0.913171 0.100014)
(66.9823 -0.952276 0.0986231)
(67.0327 -0.985294 0.0973696)
(67.0826 -1.01305 0.096237)
(67.1321 -1.03622 0.0952177)
(67.1811 -1.05538 0.0942983)
(67.2295 -1.07101 0.0934624)
(67.2774 -1.08349 0.0926932)
(67.3246 -1.09316 0.0919757)
(67.3711 -1.10027 0.0912959)
(67.4166 -1.10501 0.0906365)
(67.46 -1.10743 0.0899689)
(67.4984 -1.10732 0.089275)
(67.5284 -1.10423 0.0883325)
(67.9551 12.9309 -8.8656e-05)
(68.0633 11.4681 -0.00020909)
(68.2427 10.0944 -0.000420499)
(68.4621 8.83857 -0.000820672)
(68.6951 7.71193 -0.00159716)
(68.9239 6.71672 -0.00311955)
(69.1364 5.85415 -0.00610598)
(69.3176 5.13208 -0.0116144)
(69.5485 4.59498 -0.0208899)
(69.7411 4.44173 -0.0286148)
(70.6827 4.23218 0.0054585)
(71.035 1.60976 0.182036)
(70.1824 1.29953 0.0834342)
(70.4809 1.23201 0.0814909)
(70.5679 1.11299 0.0947038)
(70.5916 0.939632 0.105986)
(70.6256 0.769352 0.113469)
(70.6723 0.618478 0.119014)
(70.7231 0.485824 0.123495)
(70.774 0.369303 0.126861)
(70.8187 0.266782 0.12919)
(70.8578 0.177453 0.130951)
(70.8922 0.100268 0.132341)
(70.9221 0.0339021 0.133483)
(70.9485 -0.0230071 0.134482)
(70.9726 -0.0716949 0.135326)
(70.9945 -0.113201 0.136006)
(71.0145 -0.148424 0.136563)
(71.0329 -0.178173 0.137032)
(71.05 -0.203184 0.137437)
(71.0659 -0.224103 0.137777)
(71.0808 -0.241469 0.138042)
(71.0949 -0.255725 0.138235)
(71.1083 -0.26724 0.138364)
(71.1211 -0.276312 0.138435)
(71.1335 -0.283166 0.138452)
(71.1458 -0.287952 0.138418)
(71.1585 -0.290718 0.138333)
(71.1731 -0.291401 0.138226)
(71.2077 -0.289173 0.138119)
(67.9736 12.8257 -7.1073e-05)
(68.1443 11.2747 -0.00016556)
(68.4272 9.84037 -0.000323676)
(68.771 8.55232 -0.000605522)
(69.1342 7.41502 -0.00111198)
(69.4932 6.42222 -0.00200949)
(69.8366 5.56645 -0.00354112)
(70.1608 4.84192 -0.00586966)
(70.4844 4.2536 -0.00870862)
(70.8708 3.67762 -0.00737298)
(71.294 2.957 0.00917311)
(71.514 2.29284 0.0367858)
(71.6026 2.11573 0.0476744)
(71.7203 1.78239 0.0581127)
(71.8022 1.44031 0.065009)
(71.8802 1.15416 0.0670808)
(71.9674 0.918921 0.0672586)
(72.0536 0.721028 0.0671954)
(72.132 0.552126 0.0671371)
(72.202 0.407692 0.0670374)
(72.2644 0.284421 0.0669831)
(72.3202 0.179054 0.0670498)
(72.3699 0.0887255 0.0672265)
(72.4139 0.0110815 0.0674525)
(72.4527 -0.0558207 0.0676614)
(72.4863 -0.113545 0.0678943)
(72.5153 -0.16337 0.068176)
(72.5405 -0.20638 0.0685001)
(72.5627 -0.2434 0.0688504)
(72.5825 -0.275143 0.0691828)
(72.6001 -0.302272 0.0694743)
(72.6161 -0.32534 0.0697287)
(72.6305 -0.344806 0.0699469)
(72.6437 -0.36107 0.0701293)
(72.6558 -0.374469 0.0702804)
(72.667 -0.385272 0.0704079)
(72.6772 -0.393672 0.070516)
(72.6859 -0.399759 0.0706016)
(72.6913 -0.403458 0.0706592)
(72.6828 -0.404429 0.0706352)
(67.9987 12.6658 -5.26039e-05)
(68.2523 10.9831 -0.000120691)
(68.6667 9.4644 -0.000228409)
(69.159 8.13846 -0.000407806)
(69.6666 6.99678 -0.000704316)
(70.1594 6.02013 -0.0011761)
(70.6256 5.19053 -0.00186848)
(71.0622 4.49097 -0.00269473)
(71.4763 3.90406 -0.00316961)
(71.8851 3.39378 -0.00132296)
(72.2642 2.87775 0.00636648)
(72.5341 2.36498 0.0176248)
(72.7059 1.98461 0.0231904)
(72.863 1.65654 0.0244281)
(73.0219 1.39364 0.0249296)
(73.1675 1.19227 0.0256511)
(73.296 1.03129 0.0266814)
(73.4081 0.897256 0.0278941)
(73.5054 0.784383 0.0291199)
(73.5898 0.689312 0.0302573)
(73.6631 0.609156 0.031274)
(73.7269 0.54141 0.032164)
(73.7824 0.484081 0.0329294)
(73.8308 0.435623 0.0335737)
(73.8732 0.394791 0.0341038)
(73.9103 0.360507 0.0345374)
(73.9429 0.331815 0.0348925)
(73.9716 0.307881 0.0351591)
(73.9967 0.287898 0.0353281)
(74.0186 0.271249 0.0354299)
(74.0377 0.257503 0.0354988)
(74.0545 0.246285 0.0355497)
(74.0696 0.237219 0.0355945)
(74.0833 0.230023 0.035629)
(74.0958 0.224502 0.0356424)
(74.1076 0.220498 0.0356315)
(74.1189 0.217884 0.0355964)
(74.1308 0.216546 0.0355376)
(74.1451 0.216307 0.0354566)
(74.1807 0.21677 0.0353433)
(68.0365 12.428 -3.66569e-05)
(68.4116 10.5557 -8.27197e-05)
(69.0086 8.9248 -0.000151378)
(69.6924 7.55038 -0.000257868)
(70.3733 6.39492 -0.000419303)
(71.0177 5.41979 -0.000648776)
(71.6157 4.59695 -0.000933466)
(72.1641 3.90262 -0.00117404)
(72.6639 3.31296 -0.00107337)
(73.1192 2.7993 0.000107123)
(73.5227 2.32585 0.00333989)
(73.854 1.89249 0.00789485)
(74.117 1.54077 0.0111916)
(74.3417 1.26182 0.0130083)
(74.5411 1.02869 0.0146358)
(74.7128 0.829075 0.0161097)
(74.8592 0.656571 0.0171547)
(74.9855 0.506923 0.017808)
(75.095 0.377146 0.0182103)
(75.19 0.264733 0.0184551)
(75.2723 0.167396 0.0185959)
(75.3435 0.0831162 0.0186717)
(75.4053 0.0101564 0.0187112)
(75.4588 -0.0529734 0.0187311)
(75.5052 -0.107564 0.0187391)
(75.5455 -0.154744 0.0187392)
(75.5806 -0.195491 0.018734)
(75.6112 -0.23063 0.0187247)
(75.6379 -0.260847 0.0187195)
(75.6614 -0.286744 0.0187292)
(75.6821 -0.308856 0.0187512)
(75.7004 -0.327654 0.0187714)
(75.7166 -0.343486 0.0187831)
(75.731 -0.356654 0.0187984)
(75.7437 -0.367446 0.0188272)
(75.7552 -0.376099 0.0188662)
(75.7654 -0.382813 0.0189104)
(75.7738 -0.387718 0.0189503)
(75.7784 -0.390918 0.0189803)
(75.7669 -0.392358 0.0189954)
(68.0977 12.0719 -2.44709e-05)
(68.6589 9.94714 -5.41769e-05)
(69.5091 8.21903 -9.56869e-05)
(70.4236 6.86219 -0.00015527)
(71.2862 5.78358 -0.000237411)
(72.0752 4.91291 -0.000339863)
(72.7923 4.20593 -0.000440795)
(73.4374 3.62833 -0.000472239)
(74.0123 3.15026 -0.000281265)
(74.5211 2.74566 0.000414779)
(74.9657 2.39297 0.00191426)
(75.3435 2.08449 0.00398697)
(75.6584 1.82626 0.00576264)
(75.9243 1.61386 0.00683925)
(76.1535 1.4345 0.00749263)
(76.3515 1.28215 0.00789924)
(76.5226 1.1538 0.0081247)
(76.6708 1.04596 0.00826447)
(76.7994 0.955111 0.00839462)
(76.9107 0.878366 0.00854041)
(77.007 0.813403 0.0087015)
(77.0905 0.758317 0.00887376)
(77.1627 0.711529 0.00905336)
(77.2253 0.671729 0.0092359)
(77.2796 0.637836 0.00941685)
(77.3268 0.60895 0.0095928)
(77.3678 0.584319 0.00976185)
(77.4036 0.563314 0.00992279)
(77.435 0.545401 0.010075)
(77.4624 0.530127 0.0102178)
(77.4867 0.517112 0.0103504)
(77.5082 0.50605 0.0104714)
(77.5273 0.496685 0.0105776)
(77.5445 0.488798 0.0106686)
(77.5602 0.482206 0.0107469)
(77.5746 0.476765 0.0108139)
(77.5882 0.472366 0.0108674)
(77.6021 0.468928 0.0109088)
(77.6181 0.466474 0.0109413)
(77.6556 0.464978 0.0109456)
(68.2215 11.4882 -1.60155e-05)
(69.13 8.97088 -3.47202e-05)
(70.4028 7.05128 -5.91996e-05)
(71.6578 5.59998 -9.15591e-05)
(72.7606 4.46626 -0.000131587)
(73.7235 3.56736 -0.00017364)
(74.5702 2.85321 -0.000200086)
(75.31 2.28176 -0.000170743)
(75.9513 1.81776 -1.18707e-05)
(76.5049 1.43412 0.000383825)
(76.9807 1.11093 0.00110233)
(77.3853 0.836371 0.00204915)
(77.7264 0.606086 0.0029203)
(78.0148 0.41567 0.00352175)
(78.261 0.257918 0.00392374)
(78.472 0.126644 0.00423686)
(78.6527 0.0172342 0.00449462)
(78.8076 -0.0742507 0.00470224)
(78.9403 -0.151105 0.00486666)
(79.0541 -0.215885 0.0049937)
(79.1518 -0.27057 0.00508741)
(79.2357 -0.31675 0.00515242)
(79.3077 -0.355729 0.00519394)
(79.3696 -0.388586 0.00521671)
(79.4229 -0.416213 0.00522456)
(79.4687 -0.439356 0.00522059)
(79.5082 -0.458647 0.00520735)
(79.5424 -0.474618 0.00518688)
(79.5719 -0.48772 0.00516094)
(79.5976 -0.498336 0.00513117)
(79.62 -0.506789 0.00509888)
(79.6396 -0.513351 0.00506463)
(79.6569 -0.518251 0.00502823)
(79.6722 -0.521682 0.0049899)
(79.686 -0.523805 0.00495056)
(79.6984 -0.524754 0.00491098)
(79.7096 -0.52465 0.00487147)
(79.7191 -0.523634 0.00483338)
(79.7253 -0.521976 0.00479504)
(79.718 -0.520271 0.00475474)
(68.4423 10.5917 -1.04463e-05)
(69.8719 7.95105 -2.18665e-05)
(71.6494 6.36134 -3.55132e-05)
(73.241 5.29453 -5.17318e-05)
(74.5733 4.48267 -6.91251e-05)
(75.7172 3.84684 -8.27783e-05)
(76.7097 3.34781 -8.11696e-05)
(77.5629 2.94872 -4.23562e-05)
(78.2911 2.62093 6.84295e-05)
(78.9124 2.34569 0.000294089)
(79.4424 2.11086 0.000661218)
(79.8933 1.90893 0.0011318)
(80.2757 1.73586 0.00159448)
(80.6 1.58844 0.00195701)
(80.8762 1.46263 0.00221586)
(81.1122 1.35453 0.00240509)
(81.3142 1.26119 0.00254215)
(81.4872 1.18031 0.00263586)
(81.6356 1.11 0.0026992)
(81.7632 1.04869 0.0027455)
(81.8729 0.995076 0.00278396)
(81.9675 0.948074 0.00282004)
(82.049 0.906755 0.002857)
(82.1194 0.870333 0.0028966)
(82.1802 0.838138 0.00293951)
(82.2328 0.8096 0.00298571)
(82.2784 0.78423 0.00303486)
(82.318 0.761612 0.00308648)
(82.3525 0.74139 0.00314001)
(82.3826 0.723259 0.00319484)
(82.409 0.706957 0.00325022)
(82.4323 0.692263 0.00330532)
(82.4529 0.678991 0.00335927)
(82.4714 0.666987 0.00341148)
(82.488 0.656121 0.00346181)
(82.5032 0.646295 0.00351037)
(82.5174 0.637443 0.00355726)
(82.5314 0.62957 0.00360213)
(82.5467 0.622904 0.00364229)
(82.5783 0.618113 0.00366481)
(69.2971 7.94371 -7.55082e-06)
(72.1874 4.14962 -1.54406e-05)
(74.8021 2.2983 -2.4121e-05)
(76.6691 1.28925 -3.29657e-05)
(78.0797 0.642958 -4.03337e-05)
(79.2573 0.215691 -4.24542e-05)
(80.2609 -0.0642053 -3.18121e-05)
(81.1067 -0.252121 3.91839e-06)
(81.8182 -0.384398 8.12779e-05)
(82.4201 -0.481515 0.000217264)
(82.9316 -0.555082 0.000418454)
(83.3662 -0.611925 0.000665367)
(83.7351 -0.65588 0.000911329)
(84.0483 -0.689323 0.00111274)
(84.3149 -0.714294 0.00125863)
(84.5422 -0.732596 0.00136177)
(84.7365 -0.745587 0.00143564)
(84.9027 -0.754281 0.00148851)
(85.045 -0.759507 0.00152667)
(85.167 -0.761956 0.00155493)
(85.2716 -0.762182 0.00157598)
(85.3615 -0.760632 0.00159101)
(85.4386 -0.757662 0.00160064)
(85.5049 -0.753562 0.00160535)
(85.562 -0.748565 0.00160558)
(85.6112 -0.742862 0.00160178)
(85.6536 -0.736606 0.00159443)
(85.6902 -0.729922 0.00158399)
(85.7219 -0.722912 0.00157086)
(85.7494 -0.715658 0.00155535)
(85.7734 -0.708224 0.00153763)
(85.7944 -0.70066 0.00151786)
(85.813 -0.693001 0.00149623)
(85.8295 -0.685272 0.00147309)
(85.8442 -0.677491 0.00144898)
(85.8576 -0.669678 0.00142458)
(85.8698 -0.661876 0.00140055)
(85.8807 -0.654214 0.00137743)
(85.8895 -0.647133 0.00135606)
(85.8928 -0.64179 0.00133615)
(70.8596 9.66046 -5.33031e-06)
(76.2209 6.76869 -1.05321e-05)
(80.3157 5.16211 -1.61302e-05)
(82.8347 4.16015 -2.1334e-05)
(84.5656 3.46164 -2.46607e-05)
(85.9354 2.95671 -2.3277e-05)
(87.0542 2.58404 -1.19296e-05)
(87.9641 2.29982 1.73827e-05)
(88.7095 2.07551 7.45757e-05)
(89.3289 1.89367 0.0001686)
(89.8488 1.74324 0.000301867)
(90.287 1.61683 0.00046361)
(90.6571 1.50937 0.000629783)
(90.9702 1.41722 0.000775686)
(91.2359 1.33757 0.00089061)
(91.462 1.26818 0.000977779)
(91.6548 1.20728 0.00104397)
(91.8195 1.15349 0.00109394)
(91.9603 1.10567 0.00113123)
(92.0809 1.06293 0.00115922)
(92.1843 1.02452 0.00118079)
(92.273 0.989836 0.00119809)
(92.3492 0.958384 0.00121261)
(92.4147 0.929749 0.00122547)
(92.4711 0.903581 0.00123743)
(92.5197 0.879584 0.00124902)
(92.5616 0.857506 0.00126054)
(92.5979 0.83713 0.00127212)
(92.6292 0.818267 0.00128379)
(92.6564 0.800756 0.00129542)
(92.6802 0.784454 0.00130685)
(92.701 0.76924 0.00131793)
(92.7193 0.755006 0.00132862)
(92.7355 0.741662 0.00133901)
(92.7501 0.72913 0.00134933)
(92.7632 0.717347 0.0013598)
(92.7754 0.706289 0.00137052)
(92.7868 0.69603 0.00138119)
(92.7979 0.686996 0.00139091)
(92.8147 0.680467 0.00139546)
(65.0188 10.1797 9.85126e-06)
(58.9626 7.28911 2.18133e-05)
(54.1698 5.58679 3.78351e-05)
(51.1525 4.46643 6.11773e-05)
(49.0106 3.65007 9.44666e-05)
(47.2577 3.04214 0.000139794)
(45.7928 2.58472 0.000199262)
(44.5846 2.23174 0.000274098)
(43.5849 1.95166 0.000363155)
(42.7477 1.7247 0.000462052)
(42.0401 1.53794 0.000563437)
(41.4396 1.38235 0.000658795)
(40.9286 1.25135 0.000741835)
(40.4927 1.14003 0.000810657)
(40.1203 1.0447 0.000865771)
(39.8016 0.962555 0.00090779)
(39.5287 0.891361 0.000938064)
(39.2946 0.829329 0.000959288)
(39.0939 0.775006 0.000974413)
(38.9216 0.72721 0.000985649)
(38.7736 0.684973 0.000994441)
(38.6465 0.647492 0.0010018)
(38.5374 0.614099 0.00100847)
(38.4435 0.584232 0.00101491)
(38.3629 0.557421 0.00102138)
(38.2935 0.533265 0.00102795)
(38.2339 0.511427 0.00103467)
(38.1825 0.491616 0.00104161)
(38.1383 0.473586 0.00104895)
(38.1001 0.457124 0.00105686)
(38.0671 0.442049 0.00106533)
(38.0385 0.428203 0.00107393)
(38.0135 0.415453 0.00108176)
(37.9916 0.403679 0.00108762)
(37.9723 0.392783 0.00109065)
(37.955 0.382683 0.00109107)
(37.9394 0.373337 0.00109083)
(37.9249 0.364792 0.00109369)
(37.9112 0.357396 0.00110392)
(37.8917 0.352371 0.00112247)
(66.5297 8.53292 1.03944e-05)
(63.5025 4.96646 2.25373e-05)
(60.6708 3.1816 3.91312e-05)
(58.5861 2.16312 6.34805e-05)
(56.9592 1.47644 9.85955e-05)
(55.5659 1.00041 0.000147343)
(54.3591 0.671827 0.00021255)
(53.3303 0.438095 0.000295923)
(52.4576 0.264176 0.000396274)
(51.714 0.130438 0.000508008)
(51.0781 0.0256369 0.000620929)
(50.5336 -0.0574789 0.000722717)
(50.0669 -0.124024 0.000805497)
(49.6667 -0.177714 0.000869206)
(49.3232 -0.221164 0.000915689)
(49.0283 -0.256242 0.000945481)
(48.7749 -0.284416 0.000960799)
(48.5572 -0.306895 0.000965955)
(48.3699 -0.324656 0.000964873)
(48.2089 -0.338486 0.000959931)
(48.0703 -0.349027 0.00095245)
(47.9511 -0.356815 0.000943268)
(47.8484 -0.362299 0.000932945)
(47.76 -0.365854 0.000921814)
(47.6839 -0.367797 0.000910055)
(47.6182 -0.368394 0.000897783)
(47.5615 -0.367867 0.000885118)
(47.5126 -0.366403 0.000872214)
(47.4702 -0.36416 0.000859247)
(47.4334 -0.361266 0.000846342)
(47.4015 -0.357829 0.000833474)
(47.3735 -0.353935 0.000820401)
(47.3489 -0.349656 0.000806704)
(47.327 -0.345049 0.000791974)
(47.3075 -0.340156 0.000776131)
(47.2899 -0.335013 0.000759818)
(47.2737 -0.329657 0.00074475)
(47.2589 -0.324157 0.000733957)
(47.246 -0.31878 0.000731687)
(47.2344 -0.314248 0.000747437)
(67.4101 10.9784 1.48939e-05)
(66.0195 8.49453 3.26229e-05)
(64.2441 6.92799 5.7558e-05)
(62.617 5.81485 9.46238e-05)
(61.223 4.92857 0.000149505)
(60.002 4.21068 0.000228722)
(58.9286 3.63022 0.000339103)
(57.9985 3.15409 0.000485834)
(57.2005 2.75615 0.000668864)
(56.5172 2.41962 0.000878573)
(55.9319 2.13343 0.00109345)
(55.4303 1.88932 0.00128491)
(55.0003 1.6803 0.00143873)
(54.6314 1.5005 0.00156163)
(54.3149 1.34542 0.00165778)
(54.0433 1.21151 0.00172579)
(53.81 1.09567 0.00177027)
(53.6095 0.995204 0.00180022)
(53.4371 0.907875 0.00182268)
(53.2887 0.831829 0.00184157)
(53.161 0.765504 0.00185925)
(53.0511 0.707567 0.00187735)
(52.9564 0.656877 0.00189691)
(52.8748 0.612458 0.00191839)
(52.8044 0.573473 0.00194189)
(52.7436 0.539201 0.00196725)
(52.691 0.509025 0.00199425)
(52.6456 0.482413 0.00202257)
(52.6062 0.458907 0.00205187)
(52.5719 0.438113 0.00208171)
(52.5421 0.419693 0.00211156)
(52.516 0.40336 0.00214082)
(52.4929 0.388867 0.00216901)
(52.4725 0.37601 0.00219596)
(52.4542 0.364619 0.00222195)
(52.4376 0.354559 0.00224782)
(52.4223 0.345741 0.00227502)
(52.4077 0.338156 0.0023054)
(52.3929 0.332011 0.00234032)
(52.367 0.327886 0.0023834)
(67.6708 11.9568 2.19843e-05)
(66.8701 9.7138 4.81296e-05)
(65.6921 7.93026 8.58231e-05)
(64.4994 6.52297 0.000143715)
(63.4299 5.37955 0.000232805)
(62.4798 4.44233 0.000366901)
(61.6345 3.67516 0.000561644)
(60.8918 3.0443 0.000830827)
(60.2476 2.52091 0.0011784)
(59.6926 2.08366 0.00158595)
(59.2156 1.71726 0.00200177)
(58.8059 1.41015 0.00234862)
(58.4536 1.15171 0.00260342)
(58.1507 0.932998 0.00279938)
(57.8908 0.747853 0.00294093)
(57.6678 0.591312 0.00302334)
(57.4762 0.458819 0.00306221)
(57.3115 0.346457 0.00307687)
(57.17 0.251048 0.00307738)
(57.0484 0.170002 0.0030676)
(56.944 0.101163 0.00305001)
(56.8544 0.0427165 0.00302693)
(56.7774 -0.00686395 0.0030003)
(56.7113 -0.0488644 0.0029715)
(56.6544 -0.0843704 0.00294152)
(56.6056 -0.114301 0.00291107)
(56.5636 -0.139436 0.00288065)
(56.5275 -0.160437 0.0028506)
(56.4964 -0.177867 0.00282114)
(56.4695 -0.192209 0.00279239)
(56.4462 -0.203872 0.00276427)
(56.426 -0.213199 0.0027367)
(56.4083 -0.220482 0.00270994)
(56.3928 -0.225957 0.00268473)
(56.3789 -0.229821 0.00266211)
(56.3666 -0.232234 0.00264344)
(56.3554 -0.233336 0.00263031)
(56.3457 -0.233273 0.00262463)
(56.3382 -0.232271 0.0026289)
(56.3377 -0.230849 0.00265438)
(67.7787 12.4141 3.1978e-05)
(67.3002 10.4829 7.05904e-05)
(66.5529 8.83631 0.000128398)
(65.7381 7.48565 0.000220817)
(64.962 6.36753 0.000368927)
(64.2455 5.43219 0.000601728)
(63.5908 4.64777 0.000955861)
(63.0026 3.9879 0.00146975)
(62.4834 3.42974 0.0021662)
(62.0311 2.9558 0.0030162)
(61.6401 2.55387 0.00389299)
(61.302 2.21547 0.00457215)
(61.0085 1.92804 0.00505418)
(60.7546 1.68176 0.00545437)
(60.5363 1.47151 0.0057437)
(60.3486 1.29235 0.00590872)
(60.1865 1.13931 0.00600194)
(60.0465 1.00824 0.00607172)
(59.9257 0.89585 0.0061387)
(59.8215 0.799447 0.00620878)
(59.7317 0.716724 0.00628377)
(59.6542 0.645697 0.00636423)
(59.5875 0.584677 0.00644977)
(59.5299 0.532224 0.00653929)
(59.4803 0.487114 0.0066313)
(59.4375 0.448303 0.00672404)
(59.4006 0.414902 0.00681567)
(59.3687 0.386155 0.00690447)
(59.3411 0.361416 0.00698924)
(59.3172 0.340137 0.00706951)
(59.2964 0.321852 0.0071448)
(59.2783 0.306162 0.00721472)
(59.2624 0.292729 0.00727919)
(59.2483 0.281275 0.00733865)
(59.2358 0.271575 0.00739423)
(59.2245 0.263453 0.00744759)
(59.214 0.25678 0.00750054)
(59.2038 0.251478 0.0075548)
(59.1927 0.247569 0.00761138)
(59.169 0.245128 0.0076792)
(67.839 12.6952 4.51112e-05)
(67.5499 10.9994 0.00010078)
(67.0725 9.47143 0.000187446)
(66.5161 8.14321 0.00033179)
(65.956 6.99289 0.000573376)
(65.4211 5.99471 0.000971927)
(64.9224 5.12951 0.00161184)
(64.4683 4.38004 0.00259682)
(64.0643 3.72985 0.00401442)
(63.7127 3.16578 0.00582676)
(63.4122 2.6796 0.00767878)
(63.1525 2.27228 0.00884458)
(62.9233 1.92025 0.00962682)
(62.7247 1.61681 0.0103165)
(62.5554 1.35867 0.0107633)
(62.41 1.13868 0.0109682)
(62.2842 0.94992 0.0110337)
(62.1757 0.787245 0.0110245)
(62.0823 0.646841 0.0109689)
(62.0022 0.525647 0.0108842)
(61.9334 0.421044 0.0107842)
(61.8745 0.330767 0.0106799)
(61.8239 0.252873 0.0105788)
(61.7806 0.185703 0.0104858)
(61.7434 0.127834 0.0104039)
(61.7117 0.078045 0.0103339)
(61.6845 0.0352806 0.0102751)
(61.6613 -0.00136942 0.0102249)
(61.6414 -0.0326977 0.0101809)
(61.6244 -0.0593878 0.0101418)
(61.6098 -0.0820035 0.010106)
(61.5972 -0.10102 0.0100785)
(61.5864 -0.116862 0.0100668)
(61.577 -0.129894 0.0100704)
(61.5687 -0.140428 0.0100853)
(61.5615 -0.148722 0.0101081)
(61.5552 -0.154996 0.010134)
(61.5502 -0.159426 0.0101584)
(61.5476 -0.162142 0.0101848)
(61.5546 -0.163384 0.0102671)
(67.8735 12.8643 6.08526e-05)
(67.6988 11.3176 0.000137869)
(67.3991 9.87788 0.000262732)
(67.0345 8.58283 0.000479937)
(66.6536 7.43382 0.000861535)
(66.2804 6.42043 0.00152766)
(65.9264 5.53027 0.00267092)
(65.5998 4.74924 0.00457427)
(65.3076 4.06261 0.0075687)
(65.0562 3.46302 0.0117199)
(64.8541 2.94552 0.0159821)
(64.6787 2.53893 0.0178301)
(64.5144 2.1641 0.0193592)
(64.3767 1.84181 0.0206437)
(64.2615 1.57303 0.0212824)
(64.1604 1.34761 0.021642)
(64.0709 1.15707 0.0220045)
(63.9926 0.995238 0.0224198)
(63.9251 0.857569 0.0228585)
(63.8671 0.740394 0.0232901)
(63.8174 0.640588 0.0237003)
(63.7748 0.555512 0.0240851)
(63.7384 0.482946 0.024444)
(63.7073 0.421017 0.0247758)
(63.6807 0.368148 0.0250766)
(63.6582 0.32302 0.0253446)
(63.639 0.284532 0.0255782)
(63.6226 0.251781 0.025777)
(63.6088 0.223971 0.0259473)
(63.597 0.200396 0.0260969)
(63.5871 0.180444 0.0262069)
(63.579 0.163543 0.0262615)
(63.5726 0.149281 0.0262904)
(63.5677 0.137349 0.0263223)
(63.5638 0.127489 0.026358)
(63.5609 0.119482 0.0263979)
(63.5586 0.113144 0.0264482)
(63.5561 0.108321 0.0265217)
(63.5523 0.104916 0.0266282)
(63.5377 0.102666 0.0268044)
(67.8957 12.962 7.76052e-05)
(67.7979 11.5072 0.000178567)
(67.6253 10.1313 0.000349089)
(67.4083 8.86877 0.000659356)
(67.1741 7.72912 0.00123383)
(66.9377 6.7091 0.00230247)
(66.7071 5.79937 0.00428473)
(66.4885 4.98492 0.00790798)
(66.2945 4.24889 0.0142839)
(66.1373 3.53727 0.0239887)
(66.0514 2.97152 0.0337478)
(65.9536 2.57127 0.0354968)
(65.8267 2.16459 0.0387435)
(65.7496 1.82284 0.041205)
(65.6906 1.5333 0.0420738)
(65.6355 1.28415 0.0420063)
(65.5842 1.06771 0.0415569)
(65.5382 0.879548 0.0410399)
(65.4982 0.716807 0.040562)
(65.4637 0.576496 0.0401385)
(65.4341 0.455561 0.0397765)
(65.4087 0.351318 0.039484)
(65.3872 0.261531 0.039283)
(65.3689 0.184279 0.0391922)
(65.3535 0.117862 0.0391977)
(65.3408 0.0607876 0.039278)
(65.3303 0.0117524 0.039399)
(65.322 -0.0303792 0.0395144)
(65.3163 -0.0665424 0.0396405)
(65.3126 -0.0975056 0.0398199)
(65.3108 -0.123946 0.0400767)
(65.3101 -0.146378 0.0403994)
(65.3104 -0.165249 0.0407415)
(65.3114 -0.180953 0.0410721)
(65.3131 -0.193826 0.041391)
(65.3154 -0.204159 0.0417017)
(65.3183 -0.212202 0.0420091)
(65.3221 -0.218168 0.0423204)
(65.3277 -0.222209 0.0426448)
(65.3446 -0.224538 0.0430677)
(67.9123 13.0105 9.2349e-05)
(67.8723 11.6047 0.000215816)
(67.7981 10.2661 0.000432433)
(67.7006 9.02495 0.0008442)
(67.5905 7.89378 0.00164969)
(67.4731 6.87308 0.00326015)
(67.3485 5.95464 0.00655127)
(67.2175 5.11941 0.0134372)
(67.0144 4.28044 0.0279221)
(66.9474 3.81589 0.0325596)
(66.945 2.94657 0.043242)
(67.0296 2.77204 0.0448691)
(67.0097 2.01166 0.078132)
(67.0025 1.66993 0.0780776)
(66.992 1.39515 0.0799336)
(66.9752 1.17483 0.0824813)
(66.9571 0.984473 0.0848475)
(66.9421 0.816463 0.0869752)
(66.9313 0.669979 0.0888272)
(66.9233 0.543229 0.0903849)
(66.9173 0.433679 0.0916826)
(66.913 0.338975 0.0927492)
(66.9106 0.256848 0.0936139)
(66.9103 0.185417 0.0943333)
(66.9117 0.123395 0.0949512)
(66.9145 0.0696122 0.0954886)
(66.9184 0.0229928 0.0959777)
(66.9232 -0.017437 0.0964641)
(66.928 -0.0524995 0.0969334)
(66.9329 -0.0828652 0.0973473)
(66.9378 -0.109106 0.0977018)
(66.9427 -0.131722 0.0980144)
(66.9476 -0.151162 0.0982948)
(66.9526 -0.167811 0.09855)
(66.9574 -0.181987 0.0987863)
(66.9622 -0.193958 0.0990107)
(66.9666 -0.203966 0.0992303)
(66.9705 -0.212256 0.0994522)
(66.9727 -0.219093 0.0996768)
(66.9674 -0.224719 0.0999422)
(67.9263 13.0199 0.000100879)
(67.9355 11.6275 0.000238766)
(67.9457 10.301 0.000487408)
(67.9534 9.06872 0.000975853)
(67.9558 7.94394 0.00197409)
(67.9473 6.92968 0.00409035)
(67.9166 6.02095 0.00878557)
(67.8276 5.20395 0.0194205)
(67.7332 4.74385 0.0251816)
(67.2971 3.71138 0.0481471)
(67.7201 1.77685 0.0797889)
(68.3765 3.01719 0.084496)
(67.942 1.99191 0.0870476)
(67.2992 1.35118 0.166981)
(67.3899 0.972816 0.16438)
(67.4435 0.695186 0.161087)
(67.4656 0.467713 0.158909)
(67.4818 0.274739 0.158)
(67.4977 0.11128 0.157327)
(67.5111 -0.0271872 0.156527)
(67.5214 -0.144839 0.155697)
(67.5292 -0.245344 0.154974)
(67.5351 -0.331287 0.154335)
(67.5391 -0.404655 0.153686)
(67.5416 -0.467355 0.153008)
(67.5429 -0.520947 0.152315)
(67.5433 -0.566729 0.151616)
(67.543 -0.605766 0.150918)
(67.5423 -0.638964 0.150219)
(67.5413 -0.667113 0.149513)
(67.5402 -0.690876 0.148798)
(67.5391 -0.710815 0.148058)
(67.538 -0.727409 0.147281)
(67.5372 -0.741056 0.146467)
(67.5367 -0.752081 0.14562)
(67.5365 -0.760762 0.144752)
(67.5367 -0.767369 0.143872)
(67.5377 -0.772259 0.14299)
(67.5403 -0.776089 0.142051)
(67.5547 -0.781009 0.140771)
(67.94 12.9937 9.9394e-05)
(67.9966 11.5825 0.000236446)
(68.0883 10.2444 0.000484331)
(68.1986 9.0073 0.000972295)
(68.3127 7.88472 0.00197181)
(68.4174 6.88118 0.00409133)
(68.4962 5.99793 0.00877232)
(68.5089 5.23933 0.0190563)
(68.4512 4.92078 0.0258325)
(67.761 4.67266 0.050156)
(61.9449 5.83089 0.0509781)
(67.6127 -0.223227 -0.0118261)
(63.3209 0.279504 -0.105366)
(65.8676 0.735499 -0.169268)
(66.1074 0.524118 -0.14565)
(66.2793 0.307202 -0.136623)
(66.3758 0.103916 -0.130282)
(66.4488 -0.0749159 -0.12456)
(66.5129 -0.230491 -0.119732)
(66.5683 -0.366313 -0.115975)
(66.6216 -0.4841 -0.113059)
(66.6739 -0.585694 -0.110512)
(66.7257 -0.672917 -0.108213)
(66.7773 -0.747591 -0.106123)
(66.8288 -0.811363 -0.104234)
(66.88 -0.865689 -0.102526)
(66.9309 -0.911857 -0.100978)
(66.9816 -0.950982 -0.0995793)
(67.0318 -0.984021 -0.0983204)
(67.0817 -1.01179 -0.0971854)
(67.1311 -1.03499 -0.0961678)
(67.1801 -1.05417 -0.0952533)
(67.2285 -1.06981 -0.0944253)
(67.2763 -1.08231 -0.0936667)
(67.3235 -1.092 -0.0929607)
(67.37 -1.09913 -0.092291)
(67.4153 -1.10388 -0.0916379)
(67.4587 -1.10632 -0.0909713)
(67.4971 -1.10623 -0.0902737)
(67.5271 -1.10315 -0.0893265)
(67.9551 12.9309 8.76157e-05)
(68.0633 11.4681 0.000207375)
(68.2427 10.0944 0.000417933)
(68.4621 8.83857 0.00081653)
(68.6951 7.71193 0.00158969)
(68.9239 6.71672 0.00310463)
(69.1364 5.85415 0.00607339)
(69.3175 5.13208 0.011537)
(69.5484 4.595 0.0206951)
(69.7426 4.44636 0.0231586)
(70.7076 4.23812 0.010805)
(71.0656 1.57825 -0.0455157)
(70.1825 1.30032 -0.0832191)
(70.4807 1.23253 -0.0813984)
(70.5677 1.11336 -0.0949087)
(70.5914 0.939931 -0.10638)
(70.6254 0.769608 -0.113975)
(70.6721 0.618704 -0.119596)
(70.7228 0.486027 -0.12413)
(70.7736 0.369489 -0.127524)
(70.8183 0.266964 -0.129865)
(70.8575 0.177631 -0.131635)
(70.8918 0.100443 -0.13303)
(70.9217 0.0340757 -0.134176)
(70.9482 -0.0228339 -0.135177)
(70.9722 -0.0715214 -0.13602)
(70.9941 -0.113026 -0.1367)
(71.0141 -0.148248 -0.137256)
(71.0325 -0.177995 -0.137723)
(71.0496 -0.203004 -0.138127)
(71.0655 -0.22392 -0.138467)
(71.0804 -0.241281 -0.138735)
(71.0945 -0.255534 -0.138934)
(71.1079 -0.267045 -0.139068)
(71.1207 -0.276112 -0.139144)
(71.1331 -0.282961 -0.139164)
(71.1453 -0.287743 -0.139129)
(71.158 -0.290506 -0.139039)
(71.1726 -0.291185 -0.138925)
(71.2072 -0.288956 -0.138813)
(67.9736 12.8257 6.98073e-05)
(68.1443 11.2747 0.000163401)
(68.4272 9.84037 0.000320392)
(68.771 8.55232 0.000600329)
(69.1342 7.41502 0.00110319)
(69.4932 6.42222 0.00199366)
(69.8366 5.56645 0.00351112)
(70.1608 4.84192 0.00581037)
(70.4843 4.25362 0.00858892)
(70.8707 3.67769 0.00714101)
(71.294 2.95713 -0.00955333)
(71.514 2.29294 -0.0371571)
(71.6026 2.1157 -0.0480063)
(71.7203 1.78237 -0.0585955)
(71.8021 1.44034 -0.0655586)
(71.8802 1.15422 -0.0676029)
(71.9674 0.918999 -0.0677314)
(72.0535 0.721121 -0.0676248)
(72.132 0.55223 -0.0675303)
(72.2019 0.407804 -0.0673992)
(72.2644 0.284536 -0.0673205)
(72.3201 0.179174 -0.0673696)
(72.3698 0.0888486 -0.0675334)
(72.4138 0.0112075 -0.0677493)
(72.4526 -0.0556923 -0.0679504)
(72.4862 -0.113415 -0.0681772)
(72.5153 -0.163238 -0.0684547)
(72.5405 -0.206247 -0.068777)
(72.5626 -0.243267 -0.0691276)
(72.5824 -0.275009 -0.069462)
(72.6001 -0.302139 -0.0697571)
(72.616 -0.325207 -0.070017)
(72.6304 -0.344673 -0.0702421)
(72.6436 -0.360938 -0.0704318)
(72.6557 -0.374336 -0.0705893)
(72.6669 -0.38514 -0.0707208)
(72.6771 -0.39354 -0.0708297)
(72.6858 -0.399628 -0.0709133)
(72.6912 -0.403329 -0.0709682)
(72.6826 -0.404302 -0.0709455)
(67.9987 12.6658 5.12109e-05)
(68.2523 10.9831 0.000118305)
(68.6667 9.4644 0.000224828)
(69.159 8.13846 0.000402353)
(69.6666 6.99678 0.000695652)
(70.1594 6.02013 0.00116181)
(70.6256 5.19053 0.00184426)
(71.0622 4.49097 0.00265307)
(71.4763 3.90407 0.00309802)
(71.885 3.39381 0.00120491)
(72.2642 2.8778 -0.00653486)
(72.5341 2.36503 -0.0177934)
(72.7059 1.98466 -0.023323)
(72.863 1.65661 -0.0245311)
(73.0219 1.39373 -0.0250146)
(73.1675 1.19235 -0.025725)
(73.296 1.03136 -0.0267524)
(73.4081 0.897313 -0.0279684)
(73.5054 0.784433 -0.0291996)
(73.5898 0.689356 -0.0303424)
(73.6631 0.609197 -0.0313641)
(73.7269 0.541448 -0.0322588)
(73.7824 0.484117 -0.0330284)
(73.8308 0.435657 -0.0336767)
(73.8731 0.394824 -0.0342105)
(73.9102 0.360539 -0.0346478)
(73.9428 0.331845 -0.0350066)
(73.9716 0.30791 -0.0352771)
(73.9967 0.287927 -0.0354501)
(74.0185 0.271277 -0.0355563)
(74.0376 0.257531 -0.0356306)
(74.0544 0.246313 -0.0356877)
(74.0695 0.237248 -0.0357394)
(74.0832 0.230052 -0.03578)
(74.0958 0.224532 -0.0357983)
(74.1076 0.220529 -0.0357901)
(74.1189 0.217915 -0.0357549)
(74.1308 0.216577 -0.0356939)
(74.1451 0.216339 -0.0356103)
(74.1806 0.216802 -0.0354979)
(68.0365 12.428 3.5214e-05)
(68.4116 10.5557 8.02693e-05)
(69.0086 8.9248 0.000147782)
(69.6924 7.55038 0.000252604)
(70.3733 6.39492 0.000411392)
(71.0177 5.4198 0.000636618)
(71.6157 4.59695 0.000914583)
(72.1641 3.90262 0.00114477)
(72.6639 3.31296 0.00102879)
(73.1192 2.79931 -0.000171909)
(73.5227 2.32587 -0.00342423)
(73.854 1.89251 -0.00798423)
(74.1169 1.54078 -0.011273)
(74.3417 1.26183 -0.0130873)
(74.5411 1.0287 -0.0147244)
(74.7128 0.829082 -0.0162079)
(74.8592 0.656579 -0.0172572)
(74.9855 0.506931 -0.0179104)
(75.095 0.377157 -0.0183104)
(75.19 0.264746 -0.0185515)
(75.2722 0.167411 -0.0186884)
(75.3435 0.0831323 -0.0187606)
(75.4053 0.0101741 -0.018797)
(75.4588 -0.052954 -0.0188146)
(75.5052 -0.107543 -0.0188209)
(75.5455 -0.154721 -0.0188197)
(75.5806 -0.195467 -0.0188138)
(75.6112 -0.230604 -0.0188046)
(75.6379 -0.26082 -0.0188004)
(75.6614 -0.286716 -0.0188122)
(75.6821 -0.308827 -0.0188373)
(75.7004 -0.327624 -0.0188615)
(75.7166 -0.343455 -0.0188779)
(75.7309 -0.356623 -0.0188978)
(75.7437 -0.367413 -0.0189304)
(75.7552 -0.376066 -0.0189717)
(75.7653 -0.382781 -0.0190162)
(75.7737 -0.387685 -0.0190543)
(75.7784 -0.390885 -0.0190817)
(75.7668 -0.392324 -0.0190968)
(68.0977 12.0719 2.30279e-05)
(68.6589 9.94714 5.17635e-05)
(69.5091 8.21903 9.22366e-05)
(70.4236 6.86219 0.000150408)
(71.2862 5.78358 0.000230451)
(72.0752 4.91291 0.000329773)
(72.7923 4.20593 0.000426152)
(73.4374 3.62833 0.000451246)
(74.0123 3.15026 0.000251947)
(74.5211 2.74566 -0.00045385)
(74.9657 2.39298 -0.0019621)
(75.3435 2.0845 -0.00403829)
(75.6584 1.82627 -0.00581167)
(75.9243 1.61387 -0.00688512)
(76.1535 1.43451 -0.00753678)
(76.3515 1.28216 -0.00794091)
(76.5226 1.15381 -0.00816252)
(76.6708 1.04597 -0.0082983)
(76.7994 0.955122 -0.0084252)
(76.9107 0.878376 -0.00856859)
(77.007 0.813412 -0.00872805)
(77.0904 0.758327 -0.0088994)
(77.1627 0.711538 -0.00907869)
(77.2253 0.671738 -0.00926139)
(77.2796 0.637844 -0.00944286)
(77.3268 0.608958 -0.00961966)
(77.3678 0.584327 -0.00978995)
(77.4036 0.563322 -0.00995263)
(77.435 0.545409 -0.0101072)
(77.4624 0.530135 -0.0102533)
(77.4867 0.51712 -0.0103901)
(77.5081 0.506058 -0.0105162)
(77.5273 0.496693 -0.0106283)
(77.5445 0.488805 -0.0107255)
(77.5601 0.482213 -0.0108094)
(77.5746 0.476772 -0.0108804)
(77.5882 0.472372 -0.0109357)
(77.6021 0.468934 -0.0109763)
(77.6181 0.466481 -0.0110063)
(77.6555 0.464985 -0.0110096)
(68.2215 11.4882 1.45961e-05)
(69.13 8.97088 3.23871e-05)
(70.4028 7.05128 5.59472e-05)
(71.6578 5.59998 8.71272e-05)
(72.7606 4.46626 0.000125491)
(73.7235 3.56736 0.000165192)
(74.5702 2.85322 0.000188432)
(75.31 2.28176 0.00015495)
(75.9513 1.81776 -8.85762e-06)
(76.5049 1.43412 -0.00040982)
(76.9807 1.11093 -0.00113288)
(77.3853 0.836375 -0.00208209)
(77.7264 0.60609 -0.00295318)
(78.0148 0.415674 -0.00355376)
(78.261 0.257921 -0.00395549)
(78.472 0.126647 -0.00426887)
(78.6527 0.0172369 -0.00452688)
(78.8076 -0.0742484 -0.00473456)
(78.9403 -0.151103 -0.0048989)
(79.0541 -0.215883 -0.00502576)
(79.1518 -0.270568 -0.00511921)
(79.2357 -0.316747 -0.00518396)
(79.3077 -0.355727 -0.00522526)
(79.3696 -0.388583 -0.00524789)
(79.4229 -0.416209 -0.00525569)
(79.4687 -0.439352 -0.00525181)
(79.5082 -0.458642 -0.00523891)
(79.5424 -0.474613 -0.0052192)
(79.5719 -0.487714 -0.00519462)
(79.5976 -0.49833 -0.00516707)
(79.62 -0.506782 -0.00513809)
(79.6396 -0.513344 -0.00510832)
(79.6569 -0.518244 -0.00507741)
(79.6722 -0.521675 -0.00504505)
(79.686 -0.523797 -0.00501132)
(79.6984 -0.524746 -0.00497593)
(79.7096 -0.524641 -0.00493823)
(79.7191 -0.523625 -0.0048991)
(79.7253 -0.521966 -0.00485748)
(79.718 -0.520261 -0.00481443)
(68.4423 10.5917 9.05792e-06)
(69.8719 7.95105 1.96288e-05)
(71.6494 6.36134 3.24767e-05)
(73.241 5.29453 4.77288e-05)
(74.5733 4.48267 6.38157e-05)
(75.7172 3.84684 7.56929e-05)
(76.7097 3.34781 7.1763e-05)
(77.5629 2.94872 3.00854e-05)
(78.2911 2.62093 -8.39837e-05)
(78.9124 2.3457 -0.000312996)
(79.4424 2.11086 -0.000683029)
(79.8933 1.90893 -0.0011555)
(80.2757 1.73586 -0.00161887)
(80.6 1.58844 -0.00198141)
(80.8762 1.46263 -0.00224015)
(81.1122 1.35454 -0.00242916)
(81.3142 1.26119 -0.00256569)
(81.4872 1.18031 -0.00265851)
(81.6356 1.11 -0.00272074)
(81.7632 1.04869 -0.00276588)
(81.8729 0.995078 -0.00280323)
(81.9675 0.948075 -0.00283834)
(82.049 0.906757 -0.00287452)
(82.1194 0.870335 -0.00291353)
(82.1802 0.83814 -0.00295606)
(82.2328 0.809601 -0.00300211)
(82.2784 0.784232 -0.0030514)
(82.318 0.761614 -0.0031036)
(82.3525 0.741392 -0.0031584)
(82.3826 0.723261 -0.00321547)
(82.409 0.706959 -0.00327435)
(82.4323 0.692265 -0.00333428)
(82.4529 0.678993 -0.00339418)
(82.4714 0.666988 -0.00345281)
(82.488 0.656123 -0.00350906)
(82.5032 0.646297 -0.00356198)
(82.5174 0.637445 -0.00361076)
(82.5314 0.629572 -0.0036547)
(82.5467 0.622906 -0.00369163)
(82.5783 0.618115 -0.00371036)
(69.2971 7.94371 6.17124e-06)
(72.1874 4.14962 1.32735e-05)
(74.8021 2.2983 2.12514e-05)
(76.6691 1.28925 2.92776e-05)
(78.0797 0.642958 3.55668e-05)
(79.2573 0.215691 3.6256e-05)
(80.2609 -0.064205 2.37992e-05)
(81.1067 -0.252121 -1.40665e-05)
(81.8182 -0.384398 -9.37758e-05)
(82.4201 -0.481515 -0.000232116)
(82.9316 -0.555081 -0.000435373)
(83.3662 -0.611924 -0.000683798)
(83.7351 -0.655879 -0.000930629)
(84.0483 -0.689322 -0.00113244)
(84.3149 -0.714293 -0.00127848)
(84.5422 -0.732595 -0.00138165)
(84.7365 -0.745586 -0.00145537)
(84.9027 -0.75428 -0.00150791)
(85.045 -0.759506 -0.0015456)
(85.167 -0.761955 -0.00157335)
(85.2716 -0.762182 -0.0015939)
(85.3615 -0.760631 -0.00160851)
(85.4386 -0.757661 -0.00161782)
(85.5049 -0.753561 -0.00162232)
(85.562 -0.748565 -0.00162247)
(85.6112 -0.742861 -0.00161874)
(85.6535 -0.736605 -0.00161164)
(85.6902 -0.729921 -0.00160181)
(85.7219 -0.722911 -0.00158991)
(85.7494 -0.715657 -0.00157658)
(85.7734 -0.708223 -0.00156233)
(85.7944 -0.700658 -0.00154736)
(85.813 -0.692999 -0.00153155)
(85.8295 -0.68527 -0.0015145)
(85.8442 -0.677489 -0.00149575)
(85.8576 -0.669676 -0.00147499)
(85.8698 -0.661873 -0.00145218)
(85.8807 -0.654211 -0.00142779)
(85.8895 -0.647131 -0.00140318)
(85.8928 -0.641787 -0.00137868)
(70.8596 9.66046 3.9677e-06)
(76.2209 6.76869 8.4381e-06)
(80.3157 5.16211 1.34247e-05)
(82.8347 4.16015 1.79452e-05)
(84.5656 3.46164 2.03831e-05)
(85.9354 2.95671 1.78235e-05)
(87.0542 2.58404 4.98768e-06)
(87.9641 2.29982 -2.6087e-05)
(88.7095 2.07551 -8.52046e-05)
(89.3289 1.89367 -0.000181155)
(89.8488 1.74324 -0.000316159)
(90.287 1.61683 -0.000479285)
(90.6571 1.50937 -0.000646419)
(90.9702 1.41722 -0.00079292)
(91.2359 1.33757 -0.000908192)
(91.462 1.26818 -0.000995512)
(91.6548 1.20728 -0.00106164)
(91.8195 1.15349 -0.00111132)
(91.9603 1.10567 -0.00114813)
(92.0809 1.06293 -0.00117552)
(92.1843 1.02452 -0.00119646)
(92.273 0.989836 -0.00121316)
(92.3492 0.958384 -0.00122718)
(92.4147 0.929749 -0.00123966)
(92.4711 0.903581 -0.00125138)
(92.5197 0.879584 -0.00126286)
(92.5616 0.857506 -0.00127445)
(92.5978 0.83713 -0.00128646)
(92.6292 0.818267 -0.00129914)
(92.6564 0.800756 -0.00131276)
(92.6802 0.784454 -0.00132742)
(92.701 0.76924 -0.00134304)
(92.7193 0.755006 -0.00135921)
(92.7355 0.741662 -0.00137527)
(92.7501 0.72913 -0.00139047)
(92.7632 0.717348 -0.00140415)
(92.7754 0.70629 -0.0014159)
(92.7868 0.69603 -0.00142552)
(92.7979 0.686996 -0.00143261)
(92.8147 0.680467 -0.00143274)
(65.0188 10.1797 2.76624e-05)
(58.9626 7.28911 6.11983e-05)
(54.1699 5.58679 0.000106079)
(51.1526 4.46643 0.000171565)
(49.0106 3.65008 0.000265013)
(47.2577 3.04216 0.000392273)
(45.7929 2.58475 0.000559311)
(44.5847 2.23178 0.00076955)
(43.585 1.95173 0.00101962)
(42.7478 1.72479 0.00129704)
(42.0402 1.53805 0.00158109)
(41.4397 1.38248 0.00184803)
(40.9286 1.25149 0.00208042)
(40.4928 1.14018 0.00227287)
(40.1203 1.04486 0.00242649)
(39.8016 0.962704 0.00254269)
(39.5287 0.891503 0.00262517)
(39.2946 0.829462 0.00268146)
(39.0939 0.775128 0.00271989)
(38.9216 0.727322 0.00274668)
(38.7736 0.685073 0.00276593)
(38.6465 0.647581 0.00278055)
(38.5373 0.614175 0.00279272)
(38.4435 0.584295 0.00280394)
(38.3629 0.55747 0.00281513)
(38.2935 0.533301 0.00282677)
(38.2338 0.511449 0.00283902)
(38.1825 0.491624 0.00285189)
(38.1382 0.473578 0.00286539)
(38.1001 0.457102 0.00287952)
(38.0671 0.442011 0.00289423)
(38.0385 0.428151 0.00290913)
(38.0135 0.415385 0.00292345)
(37.9916 0.403596 0.00293613)
(37.9723 0.392686 0.00294636)
(37.955 0.382574 0.00295443)
(37.9393 0.373216 0.00296254)
(37.9248 0.36466 0.0029749)
(37.9112 0.357255 0.00299572)
(37.8917 0.352231 0.00302464)
(66.5297 8.53292 2.91237e-05)
(63.5025 4.96647 6.31765e-05)
(60.6708 3.18162 0.000109908)
(58.5862 2.16315 0.000178711)
(56.9592 1.47649 0.000277991)
(55.566 1.00049 0.000415767)
(54.3591 0.671956 0.000599951)
(53.3304 0.43829 0.000835176)
(52.4576 0.264456 0.00111777)
(51.714 0.130819 0.00143173)
(51.0781 0.026123 0.00174853)
(50.5335 -0.0568988 0.00203422)
(50.0667 -0.123368 0.0022671)
(49.6664 -0.176996 0.00244656)
(49.3228 -0.220395 0.00257703)
(49.0278 -0.255435 0.0026595)
(48.7743 -0.283581 0.00270009)
(48.5564 -0.306037 0.00271092)
(48.3691 -0.323779 0.00270309)
(48.2079 -0.33759 0.00268336)
(48.0693 -0.348113 0.00265555)
(47.9499 -0.355881 0.00262211)
(47.8472 -0.361344 0.00258474)
(47.7587 -0.364878 0.00254455)
(47.6824 -0.366798 0.00250225)
(47.6167 -0.36737 0.00245833)
(47.5599 -0.366818 0.00241317)
(47.5108 -0.365328 0.00236709)
(47.4684 -0.363059 0.00232033)
(47.4315 -0.360139 0.00227308)
(47.3994 -0.356677 0.00222545)
(47.3713 -0.352758 0.00217756)
(47.3466 -0.348454 0.00212963)
(47.3247 -0.343821 0.00208204)
(47.305 -0.338903 0.00203547)
(47.2873 -0.333735 0.00199114)
(47.271 -0.328351 0.00195114)
(47.2561 -0.322825 0.00191918)
(47.2431 -0.317422 0.00190171)
(47.2314 -0.312861 0.00192305)
(67.4101 10.9784 4.19257e-05)
(66.0195 8.49455 9.18421e-05)
(64.2441 6.92802 0.000162106)
(62.6171 5.81491 0.000266566)
(61.223 4.92866 0.000421128)
(60.0021 4.21083 0.000644019)
(58.9287 3.63045 0.000954193)
(57.9987 3.15444 0.00136566)
(57.2006 2.75666 0.00187749)
(56.5173 2.42032 0.00246231)
(55.9319 2.13432 0.00306118)
(55.4303 1.89036 0.00359682)
(55.0001 1.68145 0.00403028)
(54.631 1.50172 0.00437847)
(54.3144 1.34668 0.00465058)
(54.0427 1.21279 0.00484126)
(53.8093 1.09694 0.00496289)
(53.6086 0.996464 0.0050407)
(53.4361 0.909115 0.0050946)
(53.2877 0.833044 0.00513589)
(53.1599 0.766692 0.00517158)
(53.0499 0.708725 0.00520668)
(52.955 0.658005 0.00524448)
(52.8733 0.613554 0.00528669)
(52.8028 0.574537 0.00533384)
(52.7419 0.540235 0.00538578)
(52.6892 0.510029 0.00544188)
(52.6437 0.483388 0.00550129)
(52.6042 0.459853 0.00556298)
(52.5698 0.439031 0.00562584)
(52.5399 0.420585 0.00568879)
(52.5136 0.404225 0.00575099)
(52.4905 0.389709 0.00581212)
(52.47 0.376829 0.00587257)
(52.4516 0.365418 0.00593331)
(52.4349 0.35534 0.00599571)
(52.4195 0.346508 0.00606127)
(52.4048 0.338911 0.0061315)
(52.3899 0.332756 0.00620661)
(52.3638 0.328626 0.00629575)
(67.6708 11.9568 6.21309e-05)
(66.8701 9.71382 0.000135959)
(65.6921 7.9303 0.000242397)
(64.4994 6.52306 0.000405898)
(63.43 5.3797 0.000657371)
(62.4799 4.44258 0.00103537)
(61.6347 3.67557 0.00158306)
(60.8921 3.04497 0.00233757)
(60.248 2.52193 0.00330773)
(59.6929 2.08512 0.00444134)
(59.2158 1.71918 0.00559962)
(58.8059 1.41242 0.00657407)
(58.4534 1.15423 0.0072982)
(58.1503 0.935727 0.00785899)
(57.8902 0.750737 0.00826324)
(57.667 0.594288 0.00849441)
(57.4752 0.461853 0.00859505)
(57.3103 0.349543 0.00861964)
(57.1687 0.254187 0.00859722)
(57.047 0.173199 0.00853957)
(56.9424 0.104422 0.00845462)
(56.8526 0.046041 0.00834987)
(56.7755 -0.00347159 0.00823164)
(56.7092 -0.0454026 0.00810472)
(56.6522 -0.0808387 0.00797269)
(56.6032 -0.1107 0.00783823)
(56.5611 -0.135767 0.00770335)
(56.5248 -0.156702 0.0075696)
(56.4935 -0.174071 0.00743825)
(56.4665 -0.188354 0.00731034)
(56.4431 -0.19996 0.00718658)
(56.4227 -0.209235 0.00706767)
(56.4048 -0.216468 0.00695486)
(56.3891 -0.221896 0.00685017)
(56.3751 -0.225714 0.00675612)
(56.3626 -0.228084 0.00667555)
(56.3513 -0.229145 0.00661139)
(56.3414 -0.229042 0.00656703)
(56.3338 -0.228 0.00654786)
(56.3331 -0.226536 0.00658432)
(67.7788 12.4141 9.05351e-05)
(67.3002 10.4829 0.000199698)
(66.553 8.83637 0.000363006)
(65.7382 7.48577 0.000623893)
(64.9621 6.36775 0.00104133)
(64.2458 5.43258 0.00169578)
(63.5912 4.64845 0.00268755)
(63.0032 3.98905 0.00411944)
(62.4842 3.43159 0.00604882)
(62.0319 2.95855 0.00839585)
(61.6406 2.55755 0.0108372)
(61.3022 2.21967 0.0127608)
(61.0083 1.93256 0.0141465)
(60.7541 1.68658 0.0153041)
(60.5356 1.4765 0.0161335)
(60.3475 1.29739 0.0165902)
(60.1852 1.14433 0.0168233)
(60.045 1.01321 0.0169729)
(59.924 0.900744 0.0171011)
(59.8196 0.804256 0.0172282)
(59.7296 0.721442 0.0173625)
(59.652 0.650325 0.0175079)
(59.585 0.589218 0.0176647)
(59.5273 0.536685 0.0178309)
(59.4775 0.491503 0.0180033)
(59.4345 0.452628 0.0181783)
(59.3974 0.41917 0.0183516)
(59.3652 0.390371 0.0185198)
(59.3375 0.365584 0.0186803)
(59.3133 0.34426 0.0188324)
(59.2924 0.325932 0.0189754)
(59.274 0.310205 0.0191093)
(59.2579 0.296745 0.0192343)
(59.2437 0.285272 0.0193512)
(59.231 0.275559 0.0194618)
(59.2195 0.267427 0.0195691)
(59.2088 0.260744 0.0196768)
(59.1984 0.255426 0.0197891)
(59.1871 0.251496 0.019908)
(59.1631 0.249057 0.0200518)
(67.839 12.6952 0.000127871)
(67.5499 10.9995 0.000285396)
(67.0726 9.47152 0.00053032)
(66.5163 8.14337 0.000937654)
(65.9564 6.99322 0.00161778)
(65.4216 5.99531 0.00273568)
(64.9233 5.13063 0.00452109)
(64.4696 4.38207 0.00725025)
(64.0661 3.73337 0.0111492)
(63.7146 3.17145 0.0161228)
(63.4135 2.68746 0.0213064)
(63.153 2.28092 0.0246168)
(62.9233 1.9296 0.026884)
(62.7241 1.62675 0.0289274)
(62.5543 1.36887 0.030224)
(62.4084 1.14902 0.0307344)
(62.2822 0.960458 0.0307668)
(62.1733 0.798027 0.0305317)
(62.0797 0.657884 0.0301294)
(61.9992 0.536947 0.0296234)
(61.9302 0.432587 0.0290659)
(61.8709 0.342535 0.0284968)
(61.8201 0.264849 0.027943)
(61.7764 0.19787 0.0274208)
(61.739 0.140172 0.0269401)
(61.707 0.0905338 0.0265058)
(61.6795 0.0479006 0.0261181)
(61.656 0.0113626 0.0257736)
(61.6358 -0.0198684 0.025468)
(61.6185 -0.0464706 0.025198)
(61.6036 -0.0690199 0.0249593)
(61.5908 -0.0880039 0.024757)
(61.5796 -0.103828 0.0246002)
(61.5699 -0.116839 0.0244922)
(61.5613 -0.127349 0.0244312)
(61.5538 -0.135616 0.0244134)
(61.5472 -0.141857 0.0244325)
(61.5418 -0.146249 0.0244836)
(61.5387 -0.14893 0.0245715)
(61.5448 -0.15013 0.0247782)
(67.8735 12.8644 0.00017263)
(67.6988 11.3176 0.000390668)
(67.3993 9.87798 0.000743508)
(67.0348 8.58305 0.00135589)
(66.6542 7.43425 0.00242802)
(66.2814 6.4213 0.0042899)
(65.9282 5.53202 0.00746272)
(65.6026 4.75269 0.0127006)
(65.3117 4.06925 0.020883)
(65.0608 3.47472 0.0323358)
(64.8571 2.96227 0.0447209)
(64.6795 2.55605 0.0499116)
(64.5145 2.18277 0.0544934)
(64.3759 1.86154 0.0585023)
(64.2597 1.59298 0.0605352)
(64.1579 1.36734 0.0615878)
(64.068 1.17641 0.0625046)
(63.9893 1.01419 0.0634793)
(63.9214 0.876181 0.0644624)
(63.8629 0.758716 0.0653886)
(63.8128 0.658664 0.0662331)
(63.7697 0.573386 0.0669963)
(63.7328 0.500672 0.0676849)
(63.7011 0.438658 0.0683038)
(63.6741 0.385756 0.068854)
(63.651 0.340632 0.0693362)
(63.6313 0.302168 0.0697517)
(63.6145 0.269422 0.0701035)
(63.6001 0.241601 0.0704045)
(63.5879 0.218027 0.0706672)
(63.5774 0.198108 0.0708715)
(63.5684 0.181331 0.0709977)
(63.5608 0.167266 0.071066)
(63.5545 0.155514 0.0711078)
(63.5494 0.145818 0.0711399)
(63.5452 0.137964 0.0711757)
(63.5415 0.131774 0.071234)
(63.5379 0.12711 0.0713442)
(63.5331 0.123892 0.0715343)
(63.5174 0.121885 0.0719259)
(67.8957 12.9621 0.000220278)
(67.798 11.5073 0.000506164)
(67.6255 10.1314 0.000987821)
(67.4088 8.86901 0.00186144)
(67.175 7.72964 0.00347151)
(66.9395 6.71024 0.00644678)
(66.7104 5.8019 0.0119172)
(66.4945 4.99067 0.021823)
(66.304 4.262 0.0391386)
(66.1485 3.56371 0.0659682)
(66.0571 3.00608 0.0950628)
(65.9546 2.60426 0.0984233)
(65.8275 2.19857 0.109688)
(65.7482 1.856 0.117749)
(65.6871 1.56721 0.119121)
(65.6305 1.3194 0.116953)
(65.5782 1.1042 0.113501)
(65.5316 0.917095 0.109903)
(65.4909 0.755221 0.106577)
(65.4559 0.615597 0.103627)
(65.4256 0.4952 0.101084)
(65.3997 0.391367 0.0989475)
(65.3775 0.301857 0.0972136)
(65.3587 0.224768 0.0958801)
(65.3427 0.158438 0.0949191)
(65.3293 0.101393 0.0942842)
(65.3181 0.0523574 0.093906)
(65.3088 0.0102323 0.0936903)
(65.3012 -0.0259196 0.093596)
(65.2953 -0.0568858 0.0936647)
(65.2912 -0.083318 0.0939543)
(65.2885 -0.105773 0.094453)
(65.2871 -0.124722 0.0951157)
(65.2865 -0.140505 0.095893)
(65.2865 -0.153454 0.0967567)
(65.287 -0.163855 0.0976906)
(65.2882 -0.171958 0.098688)
(65.2902 -0.17798 0.0997522)
(65.2942 -0.182079 0.100882)
(65.309 -0.184458 0.102276)
(67.9123 13.0105 0.000262256)
(67.8724 11.6048 0.000611905)
(67.7984 10.2661 0.00122345)
(67.7012 9.02516 0.00238137)
(67.5919 7.89428 0.00463389)
(67.476 6.87427 0.00910438)
(67.3546 5.95761 0.0181637)
(67.2304 5.12695 0.037093)
(67.0439 4.30456 0.0771857)
(66.9777 3.85143 0.0991964)
(66.9656 3.00945 0.153296)
(67.0333 2.82923 0.160808)
(67.005 2.09895 0.23088)
(66.9958 1.75426 0.242854)
(66.9857 1.47683 0.253897)
(66.9681 1.25393 0.263629)
(66.9484 1.06191 0.27134)
(66.9319 0.893071 0.277402)
(66.9194 0.746098 0.281996)
(66.9098 0.619058 0.285374)
(66.9022 0.509425 0.287848)
(66.8964 0.414885 0.289652)
(66.8921 0.333475 0.290898)
(66.8894 0.263352 0.291716)
(66.8884 0.202762 0.292277)
(66.8889 0.150521 0.292659)
(66.8907 0.105557 0.292943)
(66.8935 0.0669092 0.293223)
(66.8972 0.0337439 0.293534)
(66.9014 0.00533259 0.293835)
(66.9057 -0.0189446 0.294088)
(66.9101 -0.0396078 0.294312)
(66.9145 -0.0570965 0.294517)
(66.919 -0.0717873 0.29471)
(66.9234 -0.0840041 0.294887)
(66.9277 -0.0940191 0.295055)
(66.9318 -0.102076 0.295223)
(66.9353 -0.108426 0.295408)
(66.9371 -0.113373 0.295609)
(66.9315 -0.117384 0.295931)
(67.9263 13.0199 0.000286667)
(67.9356 11.6275 0.000677286)
(67.946 10.3011 0.00137926)
(67.9542 9.06882 0.00275259)
(67.9576 7.94419 0.00554465)
(67.9514 6.9303 0.0114308)
(67.9259 6.02256 0.0244544)
(67.852 5.20796 0.0542105)
(67.7668 4.75342 0.0793083)
(67.3605 3.7516 0.194835)
(67.758 1.8848 0.387742)
(68.3704 3.08316 0.38882)
(67.9369 2.0753 0.395246)
(67.2899 1.43207 0.543007)
(67.3787 1.06528 0.508938)
(67.4317 0.790279 0.478663)
(67.4545 0.564414 0.456959)
(67.471 0.373305 0.4429)
(67.4879 0.211983 0.433439)
(67.5026 0.0752178 0.425859)
(67.5145 -0.04101 0.419663)
(67.5243 -0.14007 0.414594)
(67.5326 -0.224801 0.410358)
(67.5395 -0.297292 0.406607)
(67.545 -0.359055 0.403049)
(67.5494 -0.411656 0.399561)
(67.5529 -0.45641 0.396074)
(67.5556 -0.494413 0.39255)
(67.5578 -0.526581 0.388961)
(67.5597 -0.553676 0.3853)
(67.5613 -0.576361 0.381582)
(67.5628 -0.595205 0.377823)
(67.5642 -0.61069 0.37402)
(67.5658 -0.623211 0.370185)
(67.5674 -0.633094 0.366343)
(67.5693 -0.640616 0.362523)
(67.5715 -0.646044 0.358757)
(67.5742 -0.649728 0.355089)
(67.5782 -0.652321 0.351491)
(67.5915 -0.655874 0.347712)
(67.94 12.9937 0.000282759)
(67.9967 11.5825 0.000671369)
(68.0886 10.2443 0.00137195)
(68.1994 9.00722 0.00274636)
(68.3145 7.88453 0.0055521)
(68.4216 6.88067 0.0114929)
(68.5054 5.99647 0.0246849)
(68.5321 5.23491 0.0542045)
(68.4856 4.91223 0.0875532)
(67.8285 4.63354 0.224455)
(61.9015 5.66761 0.396571)
(67.4768 -0.321785 -0.388543)
(63.3587 0.179017 -0.592226)
(66.0255 0.767219 -0.521838)
(66.2646 0.561943 -0.396656)
(66.4422 0.351365 -0.336934)
(66.5515 0.155232 -0.298187)
(66.6372 -0.0167422 -0.269228)
(66.7113 -0.166106 -0.248613)
(66.7759 -0.295545 -0.233838)
(66.8332 -0.407644 -0.223456)
(66.8888 -0.503721 -0.21615)
(66.9432 -0.585683 -0.2109)
(66.9966 -0.655348 -0.207074)
(67.0491 -0.714385 -0.204262)
(67.1008 -0.764234 -0.202166)
(67.1517 -0.806149 -0.20057)
(67.2017 -0.841244 -0.199319)
(67.2509 -0.87047 -0.198305)
(67.2992 -0.894636 -0.197419)
(67.3468 -0.914406 -0.196603)
(67.3934 -0.930313 -0.195865)
(67.4392 -0.942809 -0.195198)
(67.4841 -0.952279 -0.194581)
(67.5281 -0.959044 -0.193988)
(67.5712 -0.963356 -0.193389)
(67.6129 -0.965393 -0.192734)
(67.6524 -0.965218 -0.191923)
(67.6869 -0.962602 -0.190814)
(67.7105 -0.956972 -0.188082)
(67.9551 12.9309 0.000249686)
(68.0634 11.468 0.000589804)
(68.2429 10.0943 0.00118606)
(68.4627 8.83835 0.00231188)
(68.6965 7.71142 0.00449126)
(68.9266 6.71549 0.00876219)
(69.1417 5.85103 0.017183)
(69.3273 5.12414 0.0328635)
(69.5591 4.57125 0.0601894)
(69.7456 4.41063 0.0741761)
(70.6395 4.20014 0.023102)
(70.9834 1.67278 -0.2905)
(70.2005 1.44691 -0.233351)
(70.4709 1.34952 -0.251524)
(70.5486 1.21363 -0.302853)
(70.5742 1.0351 -0.340045)
(70.6094 0.862227 -0.36356)
(70.6549 0.70901 -0.380278)
(70.7033 0.574444 -0.393285)
(70.7509 0.456659 -0.403115)
(70.7961 0.354112 -0.409961)
(70.835 0.264852 -0.414464)
(70.8689 0.187766 -0.417343)
(70.8981 0.121547 -0.419082)
(70.9233 0.064888 -0.420047)
(70.945 0.016562 -0.420464)
(70.9644 -0.0245448 -0.420316)
(70.982 -0.0593333 -0.419723)
(70.9979 -0.0886097 -0.418791)
(71.0125 -0.113094 -0.417628)
(71.0259 -0.133418 -0.416299)
(71.0383 -0.15013 -0.414825)
(71.0499 -0.163684 -0.413234)
(71.0607 -0.174457 -0.411548)
(71.071 -0.182754 -0.409782)
(71.0809 -0.188815 -0.40794)
(71.0906 -0.1928 -0.406018)
(71.1007 -0.194773 -0.404003)
(71.1127 -0.194676 -0.401934)
(71.143 -0.191781 -0.399753)
(67.9736 12.8256 0.000199428)
(68.1444 11.2746 0.000465781)
(68.4274 9.84025 0.000911341)
(68.7714 8.55208 0.00170407)
(69.135 7.41449 0.0031256)
(69.4946 6.42106 0.00564171)
(69.839 5.56391 0.00994383)
(70.1642 4.83655 0.0165142)
(70.486 4.24246 0.0247189)
(70.8611 3.66657 0.0212922)
(71.2673 2.97295 -0.0271685)
(71.49 2.33692 -0.10791)
(71.5888 2.13993 -0.139532)
(71.7075 1.80558 -0.171731)
(71.7933 1.47216 -0.189298)
(71.874 1.19311 -0.190984)
(71.961 0.962191 -0.187109)
(72.0457 0.767108 -0.182813)
(72.1224 0.600171 -0.178896)
(72.1907 0.456917 -0.175256)
(72.2514 0.334152 -0.172003)
(72.3054 0.22894 -0.169306)
(72.3533 0.138552 -0.167176)
(72.3958 0.0607217 -0.165498)
(72.4333 -0.00642178 -0.164114)
(72.4666 -0.0644562 -0.162943)
(72.4954 -0.114626 -0.162105)
(72.5204 -0.157985 -0.161578)
(72.542 -0.195444 -0.161332)
(72.5609 -0.227762 -0.161318)
(72.5777 -0.255476 -0.161469)
(72.5927 -0.27915 -0.161734)
(72.6062 -0.299253 -0.162061)
(72.6185 -0.316176 -0.162411)
(72.6298 -0.330245 -0.162758)
(72.6401 -0.341727 -0.16309)
(72.6494 -0.350811 -0.163397)
(72.6572 -0.357589 -0.163656)
(72.6617 -0.361967 -0.163833)
(72.652 -0.363582 -0.163743)
(67.9987 12.6658 0.000146804)
(68.2524 10.9831 0.000338224)
(68.6669 9.46429 0.000641295)
(69.1592 8.13825 0.00114535)
(69.667 6.99636 0.00197675)
(70.1601 6.01932 0.00329703)
(70.6266 5.18896 0.00523331)
(71.0631 4.48815 0.00754616)
(71.4757 3.89946 0.00888777)
(71.8795 3.3893 0.00359413)
(72.2527 2.88193 -0.0186581)
(72.5234 2.38354 -0.0505312)
(72.7009 2.00737 -0.0657461)
(72.8604 1.68435 -0.0684842)
(73.0189 1.42439 -0.069439)
(73.1634 1.22305 -0.0710155)
(73.2908 1.06122 -0.0733621)
(73.4019 0.926448 -0.076147)
(73.4985 0.813018 -0.0789298)
(73.5822 0.717472 -0.0814543)
(73.6548 0.636943 -0.083644)
(73.7179 0.568945 -0.085493)
(73.7728 0.511457 -0.0870129)
(73.8205 0.462885 -0.0882211)
(73.8622 0.421928 -0.0891438)
(73.8986 0.387512 -0.0898223)
(73.9305 0.358696 -0.0902978)
(73.9586 0.334647 -0.0905791)
(73.9833 0.314665 -0.090657)
(74.0052 0.298147 -0.0905591)
(74.0242 0.284503 -0.0903436)
(74.041 0.27337 -0.0900504)
(74.0559 0.264435 -0.0897134)
(74.0691 0.257435 -0.0893481)
(74.0812 0.252118 -0.0889606)
(74.0924 0.248299 -0.0885508)
(74.1032 0.245857 -0.0881129)
(74.1146 0.244679 -0.0876456)
(74.1283 0.244592 -0.0871569)
(74.1632 0.245163 -0.0866222)
(68.0365 12.428 0.000101444)
(68.4116 10.5556 0.000230402)
(69.0086 8.92472 0.000423034)
(69.6925 7.55023 0.00072153)
(70.3735 6.39464 0.00117305)
(71.0179 5.41929 0.00181304)
(71.6161 4.5961 0.00260447)
(72.1642 3.90129 0.00326947)
(72.6632 3.31122 0.00297997)
(73.1166 2.79827 -0.000355153)
(73.5179 2.32863 -0.00951609)
(73.8489 1.90088 -0.0223738)
(74.1132 1.55146 -0.0316369)
(74.3386 1.27259 -0.0367145)
(74.5378 1.03936 -0.0412374)
(74.7094 0.839963 -0.0451532)
(74.8559 0.667997 -0.0476856)
(74.9821 0.519071 -0.0489972)
(75.0914 0.390044 -0.0495301)
(75.186 0.278327 -0.0495802)
(75.2679 0.181612 -0.0493207)
(75.3387 0.097877 -0.0488743)
(75.4 0.0253891 -0.0483313)
(75.453 -0.0373374 -0.0477492)
(75.499 -0.0915867 -0.0471601)
(75.5388 -0.138474 -0.0465818)
(75.5734 -0.178967 -0.0460248)
(75.6034 -0.213895 -0.0454943)
(75.6297 -0.243954 -0.0450035)
(75.6526 -0.26973 -0.0445694)
(75.6728 -0.291734 -0.044199)
(75.6907 -0.310427 -0.043881)
(75.7065 -0.326205 -0.0436057)
(75.7208 -0.339399 -0.0433791)
(75.7335 -0.35025 -0.0432065)
(75.745 -0.358969 -0.043081)
(75.7551 -0.365755 -0.0429916)
(75.7635 -0.370756 -0.0429182)
(75.7681 -0.374043 -0.0428494)
(75.7565 -0.375564 -0.0427825)
(68.0977 12.0719 6.68329e-05)
(68.659 9.94711 0.00014945)
(69.5091 8.21898 0.000265376)
(70.4236 6.86209 0.000431697)
(71.2863 5.78341 0.000660392)
(72.0753 4.91262 0.000944304)
(72.7923 4.2055 0.00122123)
(73.4373 3.62774 0.00130018)
(74.0117 3.14964 0.000753673)
(74.5198 2.74552 -0.00121189)
(74.9635 2.39434 -0.00544621)
(75.341 2.08799 -0.0113006)
(75.6563 1.83115 -0.016306)
(75.9227 1.61941 -0.0193136)
(76.1521 1.44072 -0.0210839)
(76.3502 1.289 -0.022113)
(76.5212 1.16105 -0.0225952)
(76.6692 1.05339 -0.0228072)
(76.7975 0.962597 -0.0229702)
(76.9085 0.885826 -0.0231628)
(77.0046 0.82079 -0.0233898)
(77.0877 0.765607 -0.0236429)
(77.1597 0.718711 -0.0239141)
(77.222 0.6788 -0.0241931)
(77.2761 0.644795 -0.0244695)
(77.323 0.615798 -0.0247349)
(77.3638 0.591056 -0.0249848)
(77.3993 0.569941 -0.0252164)
(77.4304 0.551922 -0.0254288)
(77.4576 0.536551 -0.0256214)
(77.4815 0.523447 -0.0257933)
(77.5028 0.512295 -0.0259425)
(77.5216 0.502835 -0.0260652)
(77.5386 0.494853 -0.0261608)
(77.554 0.488174 -0.0262301)
(77.5681 0.482651 -0.0262717)
(77.5815 0.478174 -0.0262809)
(77.5952 0.474674 -0.0262568)
(77.611 0.472139 -0.0262034)
(77.6481 0.470567 -0.0260911)
(68.2215 11.4882 4.28623e-05)
(69.13 8.97086 9.43561e-05)
(70.4028 7.05124 0.000162178)
(71.6578 5.59992 0.000251749)
(72.7606 4.46616 0.000361974)
(73.7235 3.56721 0.000476425)
(74.5702 2.853 0.000545005)
(75.3099 2.28149 0.000454642)
(75.951 1.81754 -1.08452e-06)
(76.5043 1.43418 -0.00112313)
(76.9796 1.11168 -0.00315442)
(77.384 0.838098 -0.0058294)
(77.7253 0.608628 -0.00829014)
(78.0139 0.418673 -0.00998529)
(78.2601 0.261197 -0.0111062)
(78.471 0.130097 -0.0119619)
(78.6517 0.0207865 -0.0126455)
(78.8064 -0.0706199 -0.0131716)
(78.9391 -0.147379 -0.0135609)
(79.0528 -0.21204 -0.0138322)
(79.1503 -0.266588 -0.0139988)
(79.2341 -0.312622 -0.0140755)
(79.306 -0.351449 -0.0140789)
(79.3677 -0.384152 -0.0140238)
(79.4208 -0.411627 -0.013923)
(79.4665 -0.434623 -0.013787)
(79.5059 -0.453771 -0.0136248)
(79.5399 -0.469605 -0.0134437)
(79.5693 -0.482577 -0.0132502)
(79.5948 -0.493068 -0.0130499)
(79.617 -0.501404 -0.0128475)
(79.6365 -0.507856 -0.0126461)
(79.6536 -0.512654 -0.0124469)
(79.6688 -0.515991 -0.0122508)
(79.6824 -0.518026 -0.0120585)
(79.6947 -0.518894 -0.0118697)
(79.7057 -0.518715 -0.0116833)
(79.715 -0.517632 -0.0115007)
(79.7211 -0.515908 -0.0113236)
(79.7136 -0.514156 -0.011158)
(68.4423 10.5916 2.70867e-05)
(69.8719 7.95104 5.798e-05)
(71.6494 6.36132 9.52348e-05)
(73.241 5.29449 0.000139437)
(74.5733 4.48262 0.000186314)
(75.7172 3.84676 0.000221652)
(76.7097 3.34771 0.000212646)
(77.5628 2.94862 9.73964e-05)
(78.2909 2.62088 -0.000221431)
(78.912 2.3458 -0.000863336)
(79.4419 2.11126 -0.00190252)
(79.8927 1.90971 -0.0032323)
(80.2751 1.73698 -0.00453976)
(80.5995 1.58975 -0.00556382)
(80.8757 1.46404 -0.00629139)
(81.1117 1.35603 -0.00681616)
(81.3136 1.26275 -0.00718682)
(81.4865 1.18192 -0.00742823)
(81.6349 1.11163 -0.00757717)
(81.7624 1.05034 -0.00767178)
(81.8721 0.996723 -0.00773873)
(81.9665 0.949705 -0.0077942)
(82.0479 0.90836 -0.00784802)
(82.1182 0.871903 -0.00790574)
(82.1789 0.839666 -0.00796977)
(82.2314 0.811081 -0.00804058)
(82.2769 0.785662 -0.00811771)
(82.3164 0.762992 -0.00820036)
(82.3508 0.742716 -0.00828764)
(82.3808 0.724529 -0.00837862)
(82.4071 0.708172 -0.00847211)
(82.4302 0.693423 -0.00856648)
(82.4508 0.680096 -0.00865965)
(82.4691 0.668035 -0.00874949)
(82.4856 0.657115 -0.00883411)
(82.5007 0.647234 -0.00891181)
(82.5148 0.638327 -0.00898099)
(82.5287 0.6304 -0.00903965)
(82.5439 0.623679 -0.00908265)
(82.5755 0.618833 -0.00908591)
(69.2971 7.9437 1.89643e-05)
(72.1874 4.14961 4.01154e-05)
(74.8021 2.29829 6.35626e-05)
(76.6691 1.28923 8.7057e-05)
(78.0797 0.642931 0.000105751)
(79.2573 0.215653 0.000108839)
(80.2608 -0.0642506 7.49601e-05)
(81.1066 -0.252164 -3.0663e-05)
(81.818 -0.384414 -0.000254604)
(82.4199 -0.481457 -0.000644265)
(82.9313 -0.554887 -0.00121758)
(83.3658 -0.611545 -0.00191939)
(83.7347 -0.655317 -0.00261813)
(84.048 -0.68862 -0.00319047)
(84.3145 -0.71349 -0.0036044)
(84.5419 -0.731713 -0.00389516)
(84.7362 -0.744642 -0.00410053)
(84.9023 -0.75329 -0.00424392)
(85.0446 -0.758479 -0.00434317)
(85.1665 -0.760894 -0.00441208)
(85.2711 -0.761088 -0.00445852)
(85.3609 -0.759503 -0.00448604)
(85.438 -0.756496 -0.00449651)
(85.5043 -0.752357 -0.00449139)
(85.5613 -0.747319 -0.00447206)
(85.6104 -0.741572 -0.00443992)
(85.6527 -0.73527 -0.00439658)
(85.6893 -0.72854 -0.00434379)
(85.721 -0.721482 -0.00428337)
(85.7484 -0.71418 -0.00421704)
(85.7724 -0.706699 -0.00414626)
(85.7934 -0.699087 -0.00407206)
(85.8119 -0.691381 -0.00399498)
(85.8283 -0.683606 -0.0039152)
(85.843 -0.67578 -0.00383272)
(85.8563 -0.667924 -0.00374752)
(85.8684 -0.66008 -0.00365979)
(85.8793 -0.652378 -0.00357032)
(85.8881 -0.64526 -0.00348262)
(85.8913 -0.639886 -0.00340126)
(70.8596 9.66046 1.23517e-05)
(76.2209 6.76869 2.57437e-05)
(80.3157 5.1621 4.06317e-05)
(82.8347 4.16014 5.41857e-05)
(84.5656 3.46164 6.19667e-05)
(85.9354 2.95671 5.58628e-05)
(87.0542 2.58403 2.08964e-05)
(87.964 2.29981 -6.55644e-05)
(88.7094 2.07552 -0.00023131)
(89.3288 1.89369 -0.000501237)
(89.8486 1.74329 -0.000881708)
(90.2867 1.61692 -0.00134206)
(90.6568 1.50949 -0.00181442)
(90.97 1.41735 -0.00222905)
(91.2357 1.3377 -0.00255543)
(91.4618 1.2683 -0.00280224)
(91.6546 1.20739 -0.00298837)
(91.8192 1.15359 -0.00312715)
(91.96 1.10576 -0.00322856)
(92.0805 1.06301 -0.00330216)
(92.1839 1.02458 -0.00335617)
(92.2726 0.989885 -0.00339667)
(92.3487 0.958418 -0.003428)
(92.4142 0.929766 -0.00345331)
(92.4706 0.90358 -0.00347482)
(92.5191 0.879563 -0.00349401)
(92.561 0.857463 -0.00351186)
(92.5972 0.837063 -0.00352907)
(92.6285 0.818174 -0.00354616)
(92.6557 0.800636 -0.00356358)
(92.6793 0.784306 -0.0035816)
(92.7001 0.769062 -0.00360026)
(92.7183 0.754799 -0.0036192)
(92.7345 0.741425 -0.00363776)
(92.749 0.728861 -0.00365498)
(92.7621 0.717048 -0.00366975)
(92.7742 0.705959 -0.0036809)
(92.7856 0.695669 -0.00368709)
(92.7967 0.686606 -0.00368674)
(92.8134 0.680053 -0.00367182)
(65.0188 10.1797 4.20871e-05)
(58.9626 7.28911 9.19538e-05)
(54.1699 5.5868 0.000158374)
(51.1526 4.46644 0.000256189)
(49.0107 3.6501 0.000395862)
(47.2578 3.04219 0.000585422)
(45.793 2.5848 0.000833673)
(44.5848 2.23187 0.00114559)
(43.5852 1.95185 0.00151576)
(42.748 1.72496 0.00192528)
(42.0404 1.53826 0.00234354)
(41.4398 1.38273 0.00273616)
(40.9288 1.25176 0.0030784)
(40.4929 1.14046 0.00336265)
(40.1204 1.04514 0.00359015)
(39.8017 0.962982 0.00376253)
(39.5287 0.891768 0.00388499)
(39.2946 0.829709 0.00396854)
(39.0939 0.775356 0.00402544)
(38.9215 0.727528 0.00406489)
(38.7736 0.685258 0.00409298)
(38.6465 0.647741 0.00411412)
(38.5373 0.614311 0.00413167)
(38.4435 0.584406 0.00414809)
(38.3628 0.557554 0.00416497)
(38.2935 0.533357 0.00418318)
(38.2338 0.511476 0.004203)
(38.1824 0.491621 0.00422426)
(38.1382 0.473545 0.00424661)
(38.1 0.457038 0.00426969)
(38.0671 0.441917 0.00429331)
(38.0384 0.428025 0.00431737)
(38.0135 0.415228 0.00434173)
(37.9916 0.40341 0.00436605)
(37.9722 0.392471 0.00438998)
(37.9549 0.382333 0.00441368)
(37.9393 0.372951 0.00443843)
(37.9248 0.364373 0.00446711)
(37.9112 0.356951 0.00450245)
(37.8916 0.351925 0.00454454)
(66.5297 8.53293 4.28062e-05)
(63.5025 4.96648 9.26171e-05)
(60.6708 3.18165 0.000161902)
(58.5862 2.1632 0.000264887)
(56.9593 1.47658 0.000413391)
(55.5661 1.00064 0.000618765)
(54.3592 0.672192 0.000892533)
(53.3305 0.438645 0.00124113)
(52.4577 0.264964 0.00165831)
(51.714 0.131507 0.00211968)
(51.078 0.0269992 0.00258343)
(50.5332 -0.0558531 0.00300145)
(50.0663 -0.122184 0.00334385)
(49.6658 -0.175696 0.00360963)
(49.322 -0.219001 0.00380393)
(49.0268 -0.253971 0.00392741)
(48.7731 -0.282068 0.00398887)
(48.5551 -0.304487 0.0040063)
(48.3676 -0.322197 0.00399626)
(48.2062 -0.33598 0.00396893)
(48.0674 -0.346476 0.00393004)
(47.9479 -0.354218 0.00388327)
(47.845 -0.359652 0.00383114)
(47.7563 -0.363155 0.0037753)
(47.6799 -0.365044 0.00371679)
(47.6139 -0.365583 0.0036563)
(47.557 -0.364996 0.00359432)
(47.5077 -0.363472 0.00353108)
(47.4651 -0.361167 0.00346669)
(47.428 -0.358212 0.00340119)
(47.3958 -0.354714 0.00333479)
(47.3675 -0.350761 0.00326802)
(47.3426 -0.346423 0.00320186)
(47.3205 -0.341756 0.00313763)
(47.3007 -0.336803 0.00307677)
(47.2827 -0.331599 0.00302069)
(47.2663 -0.326178 0.0029711)
(47.2513 -0.320614 0.00293119)
(47.2381 -0.315174 0.0029081)
(47.2262 -0.310572 0.00293828)
(67.4101 10.9784 6.24318e-05)
(66.0195 8.49458 0.000136847)
(64.2441 6.92808 0.000241719)
(62.6171 5.815 0.000397382)
(61.2231 4.92882 0.000626982)
(60.0022 4.21109 0.000956994)
(58.9289 3.63087 0.00141461)
(57.9989 3.15507 0.00201888)
(57.2009 2.75759 0.00276594)
(56.5175 2.42158 0.00361343)
(55.932 2.13593 0.00447684)
(55.4301 1.89225 0.00525114)
(54.9997 1.68352 0.00588571)
(54.6304 1.50393 0.00640322)
(54.3136 1.34898 0.00681226)
(54.0416 1.21512 0.00710206)
(53.808 1.09926 0.00728933)
(53.6071 0.998739 0.0074104)
(53.4344 0.911341 0.00749436)
(53.2857 0.835211 0.00755814)
(53.1577 0.768789 0.00761258)
(53.0475 0.710748 0.00766572)
(52.9525 0.659949 0.00772306)
(52.8706 0.615418 0.00778765)
(52.7999 0.57632 0.00786066)
(52.7389 0.541937 0.00794203)
(52.686 0.511651 0.00803087)
(52.6403 0.484932 0.00812574)
(52.6006 0.461322 0.00822491)
(52.5661 0.440428 0.00832656)
(52.536 0.421912 0.00842905)
(52.5096 0.405487 0.00853133)
(52.4863 0.390908 0.00863329)
(52.4656 0.377971 0.00873579)
(52.447 0.366507 0.00884026)
(52.4302 0.356383 0.00894815)
(52.4146 0.347511 0.00906041)
(52.3997 0.339881 0.00917755)
(52.3847 0.3337 0.00929812)
(52.3584 0.329557 0.00943493)
(67.6708 11.9568 9.27562e-05)
(66.8701 9.71386 0.000202783)
(65.6922 7.93039 0.000361215)
(64.4995 6.52321 0.000604351)
(63.4302 5.37997 0.00097757)
(62.4802 4.44304 0.00153666)
(61.6351 3.67633 0.00234268)
(60.8926 3.04618 0.00344508)
(60.2486 2.52377 0.00484884)
(59.6935 2.08773 0.00647058)
(59.2162 1.72262 0.00811695)
(58.8059 1.4165 0.00951226)
(58.453 1.15877 0.0105705)
(58.1496 0.940673 0.0114053)
(57.8891 0.755975 0.012015)
(57.6655 0.599688 0.0123727)
(57.4734 0.467343 0.0125405)
(57.3082 0.355099 0.0125989)
(57.1663 0.259808 0.012591)
(57.0443 0.178887 0.0125335)
(56.9395 0.11018 0.0124372)
(56.8494 0.0518734 0.0123118)
(56.772 0.00243876 0.012166)
(56.7054 -0.0394122 0.0120063)
(56.6482 -0.0747676 0.0118377)
(56.5989 -0.104549 0.0116639)
(56.5565 -0.129537 0.011488)
(56.52 -0.150398 0.0113122)
(56.4884 -0.167694 0.0111384)
(56.4611 -0.181908 0.0109683)
(56.4375 -0.193449 0.0108031)
(56.4168 -0.202661 0.0106442)
(56.3987 -0.209833 0.0104933)
(56.3828 -0.215203 0.0103531)
(56.3685 -0.218966 0.0102269)
(56.3557 -0.221282 0.0101185)
(56.3442 -0.22229 0.0100315)
(56.334 -0.222132 0.00997015)
(56.3262 -0.221034 0.00994184)
(56.3252 -0.219509 0.00999158)
(67.7788 12.4141 0.000135095)
(67.3003 10.483 0.000297727)
(66.5531 8.83649 0.000540618)
(65.7384 7.48599 0.000927792)
(64.9625 6.36816 0.00154508)
(64.2463 5.4333 0.00250762)
(63.592 4.64969 0.00395499)
(63.0043 3.99112 0.00602157)
(62.4856 3.43486 0.00876432)
(62.0334 2.96341 0.0120449)
(61.6417 2.56408 0.015458)
(61.3026 2.22717 0.0182305)
(61.0081 1.94069 0.0203251)
(60.7534 1.69531 0.0221284)
(60.5342 1.48557 0.0234446)
(60.3456 1.30651 0.0241937)
(60.1828 1.15334 0.0245912)
(60.0422 1.022 0.0248458)
(59.9208 0.909267 0.0250556)
(59.8161 0.812474 0.0252577)
(59.7258 0.729344 0.0254698)
(59.6479 0.657915 0.0257008)
(59.5806 0.596511 0.0259527)
(59.5226 0.543701 0.0262227)
(59.4724 0.498264 0.0265059)
(59.4291 0.459159 0.0267964)
(59.3917 0.425496 0.0270882)
(59.3593 0.396513 0.0273755)
(59.3312 0.371564 0.0276543)
(59.3067 0.350097 0.0279222)
(59.2854 0.331643 0.028178)
(59.2668 0.315806 0.0284216)
(59.2504 0.302252 0.0286534)
(59.2359 0.290705 0.0288742)
(59.2228 0.280936 0.0290858)
(59.211 0.272768 0.0292915)
(59.2001 0.266063 0.0294963)
(59.1894 0.260739 0.0297057)
(59.1778 0.256817 0.0299202)
(59.1534 0.25441 0.0301568)
(67.839 12.6952 0.000190743)
(67.55 10.9996 0.000425317)
(67.0727 9.47167 0.000789137)
(66.5166 8.14368 0.00139218)
(65.957 6.9938 0.00239404)
(65.4226 5.9964 0.00402847)
(64.9249 5.13264 0.00660971)
(64.472 4.38565 0.0104901)
(64.0692 3.73955 0.0159008)
(63.718 3.18141 0.0225923)
(63.416 2.70171 0.0296333)
(63.1539 2.29659 0.0342876)
(62.9233 1.94672 0.0376697)
(62.7233 1.6452 0.0408661)
(62.5523 1.38793 0.043005)
(62.4054 1.1684 0.0439851)
(62.2784 0.980159 0.0442559)
(62.1688 0.818096 0.0441279)
(62.0745 0.678328 0.0437404)
(61.9935 0.557742 0.0431796)
(61.924 0.453696 0.04252)
(61.8642 0.363923 0.0418214)
(61.8129 0.286485 0.0411242)
(61.7688 0.219725 0.0404533)
(61.7309 0.162225 0.0398238)
(61.6984 0.112762 0.0392444)
(61.6705 0.0702871 0.0387179)
(61.6465 0.0338922 0.0382431)
(61.6258 0.00279396 0.0378164)
(61.608 -0.0236826 0.0374338)
(61.5926 -0.0461145 0.0370908)
(61.5793 -0.0649903 0.0367875)
(61.5677 -0.0807209 0.0365269)
(61.5575 -0.0936568 0.036316)
(61.5484 -0.104099 0.0361591)
(61.5404 -0.112299 0.0360561)
(61.5333 -0.118465 0.0360063)
(61.5274 -0.122768 0.0360125)
(61.5238 -0.125334 0.0360828)
(61.5292 -0.126346 0.0362898)
(67.8735 12.8644 0.000257362)
(67.6989 11.3177 0.000581728)
(67.3995 9.87817 0.00110486)
(67.0354 8.58343 0.00200853)
(66.6552 7.43503 0.00357959)
(66.2832 6.42286 0.00627899)
(65.9313 5.5351 0.0108042)
(65.6076 4.75872 0.0180916)
(65.3189 4.08076 0.0290519)
(65.0695 3.49524 0.0439274)
(64.8627 2.99311 0.0621419)
(64.6813 2.58659 0.0704167)
(64.5152 2.2175 0.0782818)
(64.3748 1.89901 0.0852227)
(64.2565 1.63022 0.0890233)
(64.1534 1.40299 0.0910832)
(64.0626 1.21009 0.092722)
(63.9831 1.04597 0.0943421)
(63.9143 0.906284 0.0959368)
(63.8551 0.787386 0.0974369)
(63.8041 0.686144 0.0988147)
(63.7602 0.599893 0.100071)
(63.7225 0.526398 0.101214)
(63.6901 0.463773 0.102249)
(63.6623 0.410419 0.103182)
(63.6384 0.364982 0.104015)
(63.618 0.326319 0.104754)
(63.6004 0.293468 0.105405)
(63.5853 0.265609 0.105979)
(63.5723 0.242046 0.106487)
(63.5611 0.222178 0.106932)
(63.5514 0.205497 0.107317)
(63.5429 0.19158 0.107631)
(63.5355 0.180082 0.107877)
(63.5289 0.170722 0.108083)
(63.523 0.163265 0.108271)
(63.5175 0.15752 0.108462)
(63.5118 0.153337 0.108685)
(63.505 0.150614 0.108968)
(63.487 0.149147 0.109445)
(67.8958 12.9621 0.000328152)
(67.7981 11.5074 0.000752911)
(67.6259 10.1316 0.00146537)
(67.4096 8.86944 0.00274953)
(67.1766 7.73057 0.0050939)
(66.9426 6.71226 0.00936271)
(66.7162 5.80636 0.0170273)
(66.5047 5.00077 0.0303745)
(66.3207 4.28525 0.0521417)
(66.1697 3.61589 0.0790063)
(66.0675 3.07282 0.123296)
(65.9568 2.66522 0.126949)
(65.831 2.26891 0.148042)
(65.7458 1.93259 0.163677)
(65.6785 1.64906 0.168003)
(65.6184 1.40568 0.166444)
(65.5641 1.19381 0.162592)
(65.5162 1.00915 0.158167)
(65.4745 0.848999 0.153856)
(65.4385 0.710556 0.149898)
(65.4073 0.590985 0.146396)
(65.3803 0.487747 0.143373)
(65.3571 0.398673 0.140806)
(65.3372 0.321895 0.138668)
(65.3201 0.25578 0.136935)
(65.3055 0.198897 0.135563)
(65.293 0.150002 0.134493)
(65.2825 0.108026 0.13366)
(65.2736 0.0720508 0.133006)
(65.266 0.0412973 0.132483)
(65.2596 0.0151117 0.132081)
(65.2541 -0.00706216 0.131814)
(65.2495 -0.0256958 0.131694)
(65.2456 -0.0411861 0.131712)
(65.2424 -0.05387 0.131838)
(65.2396 -0.064034 0.132056)
(65.2374 -0.0719234 0.132361)
(65.2361 -0.0777473 0.132766)
(65.2368 -0.0816576 0.133301)
(65.2473 -0.0838477 0.134257)
(67.9123 13.0106 0.000390383)
(67.8726 11.6048 0.000909165)
(67.7989 10.2663 0.0018115)
(67.7024 9.02555 0.00350641)
(67.5943 7.89517 0.0067633)
(67.4811 6.8764 0.0131025)
(67.3653 5.96292 0.0255229)
(67.2532 5.14061 0.0502807)
(67.1053 4.3498 0.0932922)
(67.0413 3.93029 0.13766)
(67.0062 3.17183 0.255313)
(67.0416 2.95587 0.247794)
(67.0114 2.28698 0.317444)
(66.9946 1.91869 0.353064)
(66.979 1.62217 0.377275)
(66.9564 1.38445 0.395191)
(66.9323 1.18272 0.408802)
(66.9118 1.00813 0.419171)
(66.8957 0.857716 0.42671)
(66.8828 0.728667 0.431985)
(66.8723 0.617998 0.435624)
(66.8637 0.523091 0.4381)
(66.8568 0.441768 0.43971)
(66.8514 0.3722 0.440641)
(66.8472 0.312823 0.441047)
(66.8439 0.262271 0.441087)
(66.8415 0.219347 0.440887)
(66.8399 0.183004 0.440548)
(66.8388 0.152341 0.440146)
(66.8383 0.126595 0.439738)
(66.8382 0.105127 0.439348)
(66.8385 0.0873818 0.438973)
(66.8391 0.0728746 0.438606)
(66.8401 0.061181 0.438275)
(66.8414 0.0519726 0.437965)
(66.8429 0.0449706 0.437676)
(66.8444 0.0399265 0.437422)
(66.8453 0.0365906 0.437235)
(66.8447 0.034656 0.437151)
(66.8353 0.033603 0.437423)
(67.9264 13.0199 0.000426482)
(67.9358 11.6276 0.00100548)
(67.9466 10.3012 0.00203949)
(67.9557 9.069 0.00404464)
(67.9608 7.94463 0.00806771)
(67.9587 6.93144 0.0163811)
(67.9427 6.02562 0.0341631)
(67.8989 5.21599 0.0729346)
(67.8341 4.78025 0.110494)
(67.523 3.87224 0.337348)
(67.8426 2.32094 0.837161)
(68.3555 3.31326 0.668483)
(67.9193 2.36397 0.72078)
(67.4761 1.99786 0.947806)
(67.5574 1.66703 0.896818)
(67.6073 1.40054 0.846041)
(67.6292 1.17565 0.807071)
(67.6435 0.983007 0.779279)
(67.6565 0.818439 0.758387)
(67.6678 0.677946 0.741945)
(67.677 0.557857 0.728741)
(67.6845 0.455105 0.717964)
(67.6908 0.367111 0.708981)
(67.6962 0.291721 0.701274)
(67.7008 0.227138 0.694428)
(67.7047 0.17185 0.688143)
(67.7081 0.124569 0.682223)
(67.7109 0.0842002 0.676542)
(67.7133 0.0498227 0.671012)
(67.7153 0.0206738 0.665577)
(67.7171 -0.00392298 0.660167)
(67.7187 -0.0245867 0.65456)
(67.7203 -0.0418203 0.648825)
(67.7217 -0.0560125 0.642982)
(67.7229 -0.0674965 0.637091)
(67.7241 -0.0765547 0.631204)
(67.7252 -0.0834549 0.625391)
(67.7266 -0.0885261 0.619765)
(67.7291 -0.0923661 0.614521)
(67.7386 -0.0964262 0.610383)
(67.9401 12.9937 0.000420652)
(67.9969 11.5824 0.000996639)
(68.0892 10.2443 0.00202871)
(68.2008 9.00708 0.00403731)
(68.3178 7.88419 0.0080952)
(68.429 6.87979 0.0165878)
(68.5225 5.99401 0.035211)
(68.5797 5.22736 0.0776141)
(68.56 4.89581 0.137114)
(68.0751 4.53344 0.413716)
(62.1578 5.10352 1.69194)
(67.5862 -0.516973 -2.41738)
(64.8956 0.693929 -1.24773)
(67.5943 1.63769 -1.01804)
(67.7462 1.43353 -0.797054)
(67.8668 1.22845 -0.680507)
(67.9483 1.03913 -0.602664)
(68.0153 0.872762 -0.54476)
(68.075 0.728003 -0.502076)
(68.1272 0.602081 -0.470729)
(68.1725 0.492648 -0.447551)
(68.2121 0.397729 -0.430181)
(68.2469 0.315573 -0.416869)
(68.2778 0.244549 -0.406474)
(68.3054 0.183177 -0.398221)
(68.3301 0.130174 -0.391571)
(68.3524 0.0844162 -0.386124)
(68.3726 0.0449234 -0.381586)
(68.391 0.0108543 -0.377745)
(68.408 -0.0185296 -0.374452)
(68.4243 -0.0438111 -0.371626)
(68.4399 -0.0654628 -0.36896)
(68.4549 -0.0838882 -0.366441)
(68.4694 -0.0994301 -0.364042)
(68.4834 -0.112374 -0.361733)
(68.4967 -0.122939 -0.35947)
(68.5093 -0.131275 -0.357172)
(68.5203 -0.137422 -0.354653)
(68.5274 -0.141135 -0.351529)
(68.5195 -0.141753 -0.345566)
(67.9551 12.9309 0.000371702)
(68.0635 11.468 0.00087638)
(68.2434 10.0941 0.00175659)
(68.4639 8.83796 0.00340857)
(68.6989 7.71051 0.00658636)
(68.9316 6.71329 0.0127951)
(69.1515 5.8454 0.0251601)
(69.3462 5.10948 0.0493734)
(69.5762 4.52364 0.108783)
(69.7506 4.33052 0.117354)
(70.4634 4.0707 0.0852692)
(70.7749 2.02865 -0.587053)
(70.2356 1.80672 -0.35121)
(70.4362 1.61506 -0.411738)
(70.5129 1.42629 -0.50251)
(70.5493 1.22904 -0.561284)
(70.5866 1.048 -0.59672)
(70.6263 0.889933 -0.620346)
(70.6642 0.752527 -0.637167)
(70.6985 0.633207 -0.648881)
(70.7291 0.530069 -0.656306)
(70.7566 0.441398 -0.660414)
(70.7814 0.365536 -0.662236)
(70.8037 0.300873 -0.662462)
(70.8239 0.245928 -0.661558)
(70.8421 0.199384 -0.659884)
(70.8585 0.160117 -0.657675)
(70.8733 0.127162 -0.655044)
(70.8867 0.0996681 -0.652083)
(70.8989 0.0768656 -0.648871)
(70.9095 0.058053 -0.645372)
(70.9191 0.0426982 -0.641612)
(70.9277 0.0303928 -0.637668)
(70.9355 0.0207891 -0.633589)
(70.9426 0.013599 -0.629409)
(70.9493 0.00859158 -0.625147)
(70.9557 0.00560002 -0.6208)
(70.9624 0.00453773 -0.616334)
(70.9711 0.00541205 -0.611696)
(70.9953 0.00838112 -0.606204)
(67.9736 12.8256 0.000297236)
(68.1445 11.2745 0.000693133)
(68.4277 9.84004 0.00135266)
(68.7721 8.55163 0.0025206)
(69.1364 7.41352 0.00460541)
(69.4973 6.41896 0.00828928)
(69.8435 5.55927 0.0146514)
(70.1706 4.82662 0.0247574)
(70.4892 4.22117 0.0405941)
(70.8424 3.64671 0.0491636)
(71.2155 3.00243 -0.0232449)
(71.4433 2.4219 -0.143222)
(71.5605 2.17262 -0.196038)
(71.6821 1.8525 -0.250813)
(71.7783 1.54445 -0.281231)
(71.865 1.28272 -0.287518)
(71.951 1.06238 -0.28529)
(72.032 0.874345 -0.281947)
(72.1048 0.712488 -0.278764)
(72.169 0.572851 -0.275733)
(72.2255 0.452412 -0.272943)
(72.2753 0.348511 -0.270581)
(72.319 0.258758 -0.268714)
(72.3573 0.181114 -0.267272)
(72.3909 0.113861 -0.266144)
(72.4204 0.0555379 -0.265208)
(72.4463 0.00493055 -0.264403)
(72.4692 -0.0389843 -0.263741)
(72.4895 -0.0770855 -0.263225)
(72.5074 -0.110112 -0.262849)
(72.5232 -0.138673 -0.262625)
(72.537 -0.163285 -0.26255)
(72.549 -0.184399 -0.262573)
(72.5595 -0.202398 -0.262657)
(72.5689 -0.217577 -0.262767)
(72.5774 -0.230163 -0.262871)
(72.5849 -0.240346 -0.262939)
(72.5909 -0.248222 -0.262917)
(72.5937 -0.253693 -0.262717)
(72.5819 -0.256419 -0.262)
(67.9987 12.6658 0.000219121)
(68.2525 10.983 0.000504163)
(68.6671 9.4641 0.000953935)
(69.1597 8.13787 0.00169912)
(69.6678 6.99561 0.0029235)
(70.1613 6.01783 0.00486348)
(70.6283 5.18611 0.00772438)
(71.0648 4.48297 0.011255)
(71.4746 3.89083 0.0139181)
(71.8691 3.38079 0.0080696)
(72.2313 2.89031 -0.024768)
(72.504 2.41996 -0.0717305)
(72.6921 2.05183 -0.0948875)
(72.8561 1.73943 -0.0996288)
(73.0135 1.48367 -0.102009)
(73.1559 1.28014 -0.105223)
(73.2812 1.11453 -0.109367)
(73.3906 0.976436 -0.114058)
(73.4856 0.860261 -0.118754)
(73.5679 0.762387 -0.123111)
(73.6392 0.679875 -0.12701)
(73.7009 0.610242 -0.13043)
(73.7543 0.551442 -0.133378)
(73.8007 0.501816 -0.135873)
(73.8409 0.460003 -0.137948)
(73.8758 0.424862 -0.139649)
(73.9062 0.39541 -0.141024)
(73.9328 0.370807 -0.142117)
(73.9561 0.350348 -0.14295)
(73.9766 0.333454 -0.143529)
(73.9946 0.319649 -0.143875)
(74.0108 0.308519 -0.144036)
(74.0252 0.299709 -0.144057)
(74.0383 0.292922 -0.143971)
(74.0501 0.28789 -0.143809)
(74.061 0.284398 -0.143585)
(74.0713 0.282308 -0.143299)
(74.0821 0.281494 -0.142952)
(74.0951 0.281771 -0.142553)
(74.1286 0.282615 -0.141941)
(68.0365 12.4279 0.000151671)
(68.4116 10.5556 0.000344061)
(69.0088 8.92457 0.000630621)
(69.6928 7.54995 0.0010732)
(70.3739 6.39413 0.00174036)
(71.0185 5.41838 0.00268362)
(71.6167 4.59453 0.00385387)
(72.1645 3.89884 0.00487357)
(72.6619 3.30801 0.00463616)
(73.1119 2.79636 0.00020978)
(73.5092 2.33392 -0.0127096)
(73.8397 1.9165 -0.031213)
(74.1064 1.57106 -0.0448737)
(74.333 1.29195 -0.0526854)
(74.5319 1.05837 -0.0597181)
(74.7035 0.859203 -0.0658552)
(74.8502 0.687999 -0.0700157)
(74.9764 0.540127 -0.0724276)
(75.0854 0.412187 -0.0737051)
(75.1795 0.301458 -0.0742613)
(75.2607 0.2056 -0.0743383)
(75.3309 0.122592 -0.074106)
(75.3914 0.0507089 -0.0736896)
(75.4437 -0.0115249 -0.0731739)
(75.4888 -0.0653787 -0.0726104)
(75.5279 -0.111951 -0.07203)
(75.5616 -0.152194 -0.0714511)
(75.5909 -0.186924 -0.0708853)
(75.6164 -0.216835 -0.070343)
(75.6385 -0.242514 -0.0698357)
(75.6579 -0.264468 -0.0693785)
(75.675 -0.28314 -0.0689761)
(75.6901 -0.298914 -0.0686256)
(75.7036 -0.312107 -0.0683192)
(75.7157 -0.322984 -0.0680496)
(75.7266 -0.331772 -0.067814)
(75.7364 -0.338657 -0.0676059)
(75.7445 -0.343783 -0.0674059)
(75.749 -0.347223 -0.0671893)
(75.7373 -0.348919 -0.0669115)
(68.0977 12.0718 0.000100123)
(68.659 9.94705 0.000223614)
(69.5092 8.21887 0.000396447)
(70.4237 6.86191 0.000643715)
(71.2865 5.7831 0.000982745)
(72.0755 4.91211 0.00140268)
(72.7925 4.2047 0.00181331)
(73.4372 3.62665 0.00194252)
(74.0108 3.14848 0.0011911)
(74.5174 2.74521 -0.00155973)
(74.9595 2.39678 -0.00758608)
(75.3365 2.09431 -0.0160553)
(75.6526 1.84 -0.0234426)
(75.9199 1.62943 -0.0280123)
(76.1497 1.45194 -0.0307606)
(76.3479 1.30124 -0.0324081)
(76.5188 1.1738 -0.0332495)
(76.6666 1.06622 -0.0336788)
(76.7944 0.975225 -0.0340189)
(76.905 0.898106 -0.0343959)
(77.0006 0.832637 -0.0348264)
(77.0833 0.776981 -0.0353025)
(77.1548 0.729601 -0.035813)
(77.2167 0.689217 -0.0363437)
(77.2704 0.654759 -0.0368786)
(77.3168 0.625331 -0.0374045)
(77.3572 0.600184 -0.0379123)
(77.3923 0.578687 -0.0383965)
(77.423 0.560311 -0.0388542)
(77.4498 0.544609 -0.0392833)
(77.4734 0.531204 -0.0396823)
(77.4942 0.519782 -0.0400495)
(77.5127 0.510079 -0.0403832)
(77.5292 0.501881 -0.0406835)
(77.5442 0.495007 -0.0409483)
(77.558 0.489308 -0.0411749)
(77.571 0.48467 -0.0413594)
(77.5843 0.481021 -0.0414963)
(77.5997 0.478343 -0.0415759)
(77.6363 0.476631 -0.0415296)
(68.2215 11.4882 6.44417e-05)
(69.13 8.97083 0.000141689)
(70.4028 7.05118 0.000243177)
(71.6579 5.59981 0.000376766)
(72.7607 4.46597 0.000540629)
(73.7236 3.56692 0.00071035)
(74.5702 2.8526 0.000812375)
(75.3097 2.28101 0.000682686)
(75.9504 1.81713 2.5377e-05)
(76.5031 1.43427 -0.00158961)
(76.9777 1.11301 -0.00451949)
(77.3818 0.841209 -0.00840181)
(77.7233 0.613225 -0.012012)
(78.0122 0.424098 -0.0145362)
(78.2585 0.267085 -0.0162222)
(78.4694 0.136239 -0.0175149)
(78.6499 0.0270308 -0.0185589)
(78.8045 -0.0643266 -0.0193796)
(78.937 -0.141018 -0.0200089)
(79.0505 -0.205578 -0.0204736)
(79.1479 -0.26 -0.0207916)
(79.2315 -0.305891 -0.0209814)
(79.3032 -0.344569 -0.0210643)
(79.3647 -0.37712 -0.0210602)
(79.4176 -0.404446 -0.0209865)
(79.4631 -0.427299 -0.0208579)
(79.5023 -0.446314 -0.0206872)
(79.536 -0.462023 -0.0204849)
(79.5652 -0.474879 -0.0202603)
(79.5905 -0.485264 -0.0200208)
(79.6125 -0.493501 -0.0197729)
(79.6317 -0.499864 -0.0195215)
(79.6486 -0.50458 -0.0192698)
(79.6636 -0.507843 -0.0190196)
(79.677 -0.509811 -0.0187712)
(79.689 -0.51062 -0.0185241)
(79.6998 -0.51039 -0.0182772)
(79.709 -0.509264 -0.0180303)
(79.7148 -0.507506 -0.0177881)
(79.707 -0.505726 -0.0175507)
(68.4423 10.5916 4.08228e-05)
(69.8719 7.95102 8.70703e-05)
(71.6494 6.36128 0.000142589)
(73.241 5.29443 0.000208364)
(74.5733 4.48252 0.000278127)
(75.7172 3.84663 0.000330735)
(76.7097 3.34754 0.000317579)
(77.5626 2.94845 0.000147856)
(78.2905 2.6208 -0.000319451)
(78.9114 2.34598 -0.00125574)
(79.4409 2.11197 -0.00276818)
(79.8916 1.91113 -0.00470678)
(80.2739 1.739 -0.00662432)
(80.5984 1.59212 -0.00814023)
(80.8747 1.4666 -0.00922643)
(81.1107 1.35871 -0.0100149)
(81.3126 1.26553 -0.0105781)
(81.4854 1.18475 -0.010953)
(81.6337 1.11449 -0.0111921)
(81.7611 1.05318 -0.0113506)
(81.8706 0.999518 -0.0114681)
(81.9649 0.952427 -0.0115689)
(82.0462 0.910986 -0.0116682)
(82.1163 0.874417 -0.0117747)
(82.1768 0.842057 -0.0118924)
(82.2291 0.813341 -0.012022)
(82.2744 0.787786 -0.012163)
(82.3138 0.764978 -0.0123138)
(82.348 0.744564 -0.0124728)
(82.3779 0.726241 -0.0126381)
(82.404 0.709749 -0.0128081)
(82.427 0.694869 -0.0129803)
(82.4474 0.681415 -0.0131523)
(82.4656 0.669233 -0.0133216)
(82.4819 0.658195 -0.0134855)
(82.4969 0.648201 -0.0136414)
(82.5108 0.639185 -0.0137865)
(82.5246 0.631153 -0.0139166)
(82.5396 0.624332 -0.0140222)
(82.5711 0.619391 -0.0140614)
(69.2971 7.9437 2.93149e-05)
(72.1874 4.1496 6.20993e-05)
(74.8021 2.29827 9.78438e-05)
(76.6691 1.2892 0.000132987)
(78.0797 0.642881 0.000160846)
(79.2573 0.215585 0.000165681)
(80.2608 -0.0643343 0.000115736)
(81.1065 -0.252244 -4.04932e-05)
(81.8178 -0.384445 -0.000371503)
(82.4195 -0.481355 -0.000946117)
(82.9307 -0.554539 -0.00178994)
(83.3652 -0.610861 -0.00282304)
(83.7341 -0.654302 -0.00385476)
(84.0474 -0.687349 -0.0047045)
(84.314 -0.712039 -0.00532248)
(84.5413 -0.730125 -0.0057582)
(84.7356 -0.74295 -0.00606734)
(84.9017 -0.751524 -0.00628516)
(85.0439 -0.756661 -0.0064384)
(85.1657 -0.759035 -0.00654785)
(85.2703 -0.759191 -0.0066255)
(85.36 -0.757568 -0.00667671)
(85.437 -0.754522 -0.00670409)
(85.5032 -0.750341 -0.00670949)
(85.5601 -0.745257 -0.0066946)
(85.6092 -0.739463 -0.00666117)
(85.6514 -0.733112 -0.0066112)
(85.6879 -0.726331 -0.00654695)
(85.7195 -0.719222 -0.00647084)
(85.7469 -0.711868 -0.00638525)
(85.7707 -0.704335 -0.00629237)
(85.7916 -0.696673 -0.00619404)
(85.81 -0.688918 -0.00609169)
(85.8264 -0.681096 -0.00598627)
(85.841 -0.673225 -0.00587823)
(85.8543 -0.665327 -0.0057675)
(85.8663 -0.657442 -0.00565365)
(85.8771 -0.649703 -0.0055365)
(85.8858 -0.642551 -0.00541944)
(85.8889 -0.637151 -0.00530766)
(70.8596 9.66046 1.76986e-05)
(76.2209 6.76868 3.78285e-05)
(80.3157 5.16209 6.07092e-05)
(82.8347 4.16013 8.10602e-05)
(84.5656 3.46162 9.25572e-05)
(85.9354 2.95669 8.35708e-05)
(87.0542 2.58401 3.17744e-05)
(87.9639 2.29981 -9.64905e-05)
(88.7092 2.07552 -0.00034214)
(89.3285 1.89373 -0.000741515)
(89.8482 1.74338 -0.00130355)
(90.2863 1.61708 -0.00198318)
(90.6564 1.5097 -0.00268124)
(90.9695 1.41759 -0.00329551)
(91.2353 1.33794 -0.0037804)
(91.4613 1.26853 -0.00414788)
(91.6541 1.2076 -0.00442571)
(91.8187 1.15377 -0.00463385)
(91.9594 1.10592 -0.00478719)
(92.0799 1.06314 -0.00489981)
(92.1832 1.02469 -0.00498385)
(92.2718 0.989966 -0.00504827)
(92.3479 0.958471 -0.00509952)
(92.4134 0.929787 -0.00514228)
(92.4696 0.903565 -0.00517984)
(92.5181 0.879509 -0.0052144)
(92.5599 0.857367 -0.00524737)
(92.596 0.836921 -0.00527966)
(92.6272 0.817985 -0.0053119)
(92.6543 0.800397 -0.00534461)
(92.6779 0.784016 -0.00537825)
(92.6986 0.768721 -0.00541317)
(92.7168 0.754405 -0.0054495)
(92.7329 0.740977 -0.00548697)
(92.7473 0.728361 -0.00552473)
(92.7604 0.716495 -0.00556118)
(92.7724 0.705354 -0.00559386)
(92.7837 0.695014 -0.00561943)
(92.7947 0.685906 -0.00563372)
(92.8113 0.679316 -0.00562327)
(65.0188 10.1797 5.30466e-05)
(58.9626 7.28911 0.000110936)
(54.1699 5.5868 0.000186534)
(51.1526 4.46646 0.00030085)
(49.0107 3.65012 0.000464688)
(47.2579 3.04224 0.000686068)
(45.7932 2.58487 0.000975639)
(44.585 2.23198 0.00133927)
(43.5854 1.95201 0.00176998)
(42.7482 1.72517 0.00224502)
(42.0406 1.53852 0.00272864)
(41.44 1.38303 0.00318174)
(40.9289 1.25209 0.003577)
(40.493 1.14081 0.0039062)
(40.1205 1.04549 0.00417039)
(39.8017 0.963329 0.00437094)
(39.5287 0.892099 0.00451354)
(39.2946 0.830019 0.0046108)
(39.0938 0.775642 0.00467674)
(38.9215 0.727789 0.00472194)
(38.7735 0.685493 0.00475345)
(38.6464 0.64795 0.00477636)
(38.5373 0.614492 0.0047947)
(38.4434 0.584559 0.00481148)
(38.3628 0.557678 0.00482876)
(38.2934 0.53345 0.00484773)
(38.2338 0.511537 0.00486879)
(38.1824 0.491649 0.00489169)
(38.1382 0.473539 0.00491574)
(38.1 0.456997 0.0049402)
(38.067 0.44184 0.00496464)
(38.0384 0.427913 0.00498911)
(38.0134 0.415081 0.00501403)
(37.9915 0.403227 0.00503996)
(37.9722 0.392255 0.00506728)
(37.9549 0.382085 0.00509625)
(37.9392 0.372673 0.00512731)
(37.9247 0.364069 0.00516169)
(37.9111 0.356625 0.00520049)
(37.8915 0.351599 0.00524522)
(66.5297 8.53294 4.79391e-05)
(63.5025 4.9665 0.000103266)
(60.6709 3.18169 0.000183487)
(58.5862 2.16327 0.000305997)
(56.9594 1.4767 0.000482623)
(55.5662 1.00083 0.000725174)
(54.3593 0.672493 0.00104671)
(53.3306 0.439097 0.00145405)
(52.4578 0.265608 0.0019387)
(51.7141 0.132374 0.00247115)
(51.0779 0.0280969 0.00300292)
(50.533 -0.0545475 0.00348071)
(50.0658 -0.120705 0.00387323)
(49.6651 -0.17407 0.00417994)
(49.3211 -0.21725 0.00440525)
(49.0256 -0.252126 0.00454888)
(48.7717 -0.280154 0.00462073)
(48.5534 -0.302519 0.00464156)
(48.3656 -0.320183 0.0046307)
(48.2041 -0.333924 0.00460013)
(48.065 -0.344378 0.00455653)
(47.9453 -0.352077 0.00450406)
(47.8422 -0.357466 0.00444551)
(47.7533 -0.360921 0.00438264)
(47.6766 -0.362759 0.00431654)
(47.6104 -0.363244 0.00424793)
(47.5532 -0.362601 0.00417726)
(47.5038 -0.361018 0.00410471)
(47.4609 -0.358654 0.00403022)
(47.4236 -0.355639 0.00395367)
(47.3911 -0.35208 0.00387524)
(47.3626 -0.348067 0.0037957)
(47.3374 -0.34367 0.00371655)
(47.3151 -0.338943 0.0036399)
(47.295 -0.33393 0.0035679)
(47.2768 -0.328665 0.00350235)
(47.2602 -0.323183 0.00344469)
(47.2448 -0.317556 0.00339745)
(47.2314 -0.312055 0.00336761)
(47.2192 -0.307388 0.00339704)
(67.4101 10.9785 7.33322e-05)
(66.0195 8.49462 0.000161324)
(64.2441 6.92815 0.000285492)
(62.6172 5.81513 0.000469129)
(61.2232 4.92903 0.000738388)
(60.0024 4.21143 0.00112317)
(58.9292 3.63141 0.00165391)
(57.9992 3.15589 0.00235044)
(57.2012 2.75875 0.00320471)
(56.5177 2.42316 0.0041643)
(55.9321 2.13792 0.00513204)
(55.4299 1.89457 0.00599644)
(54.9993 1.68608 0.00671066)
(54.6297 1.50666 0.00730056)
(54.3125 1.35183 0.00777064)
(54.0402 1.21801 0.00810545)
(53.8063 1.10215 0.00832208)
(53.6052 1.00161 0.00846042)
(53.4322 0.914174 0.00855295)
(53.2833 0.837997 0.00861895)
(53.1551 0.771522 0.00867127)
(53.0446 0.71342 0.00871995)
(52.9494 0.662556 0.00877227)
(52.8672 0.617957 0.00883256)
(52.7963 0.57879 0.00890284)
(52.735 0.544336 0.00898349)
(52.6819 0.513981 0.00907372)
(52.636 0.487193 0.00917187)
(52.5961 0.463515 0.0092758)
(52.5613 0.442555 0.00938315)
(52.531 0.423975 0.00949188)
(52.5043 0.407489 0.00960076)
(52.4808 0.392852 0.00970977)
(52.4598 0.379859 0.00982012)
(52.441 0.368344 0.00993365)
(52.4239 0.358173 0.010052)
(52.4081 0.349259 0.0101759)
(52.393 0.341593 0.010305)
(52.3778 0.335383 0.0104371)
(52.3511 0.331222 0.0105865)
(67.6708 11.9569 0.000109284)
(66.8702 9.71392 0.000238499)
(65.6923 7.9305 0.000423951)
(64.4997 6.52341 0.000708305)
(63.4305 5.38032 0.00114396)
(62.4806 4.44363 0.00179389)
(61.6356 3.6773 0.00272499)
(60.8933 3.0477 0.00398714)
(60.2493 2.52604 0.00557462)
(59.6942 2.09092 0.00737999)
(59.2166 1.72676 0.00918216)
(58.806 1.42142 0.0107024)
(58.4526 1.16431 0.0118752)
(58.1488 0.946774 0.0128146)
(57.8878 0.762499 0.0135023)
(57.6637 0.606467 0.0139071)
(57.4712 0.474279 0.0141014)
(57.3057 0.362161 0.0141779)
(57.1634 0.26699 0.0141859)
(57.041 0.186193 0.0141424)
(56.9358 0.117619 0.0140564)
(56.8454 0.0594538 0.0139364)
(56.7676 0.0101685 0.0137902)
(56.7007 -0.0315274 0.0136239)
(56.6431 -0.0667246 0.0134428)
(56.5935 -0.0963469 0.0132511)
(56.5507 -0.121178 0.0130527)
(56.5138 -0.141885 0.0128506)
(56.4819 -0.159032 0.0126473)
(56.4543 -0.173103 0.0124453)
(56.4303 -0.184506 0.0122465)
(56.4093 -0.193585 0.012053)
(56.3908 -0.20063 0.0118675)
(56.3744 -0.205879 0.0116934)
(56.3598 -0.209525 0.0115348)
(56.3466 -0.211729 0.0113958)
(56.3347 -0.212628 0.0112802)
(56.3242 -0.212363 0.0111924)
(56.316 -0.211159 0.0111408)
(56.3146 -0.20953 0.0111772)
(67.7788 12.4142 0.000158862)
(67.3003 10.4831 0.000349749)
(66.5532 8.83665 0.000634169)
(65.7386 7.48628 0.00108638)
(64.9629 6.36868 0.00180423)
(64.247 5.43422 0.00291605)
(63.5931 4.65125 0.00457182)
(63.0057 3.99367 0.00690387)
(62.4873 3.43881 0.00994011)
(62.035 2.96907 0.0134811)
(61.643 2.57155 0.0170647)
(61.3031 2.23574 0.0199824)
(61.0081 1.95008 0.022302)
(60.7527 1.70555 0.0243613)
(60.5328 1.49636 0.0258726)
(60.3434 1.31753 0.0267256)
(60.18 1.16441 0.0271487)
(60.0389 1.03303 0.0273762)
(59.9171 0.920182 0.0275283)
(59.812 0.823224 0.0276584)
(59.7212 0.7399 0.0277966)
(59.6428 0.668265 0.02796)
(59.5752 0.606654 0.0281548)
(59.5167 0.553643 0.0283791)
(59.4661 0.508016 0.0286276)
(59.4224 0.468732 0.0288932)
(59.3845 0.434903 0.0291681)
(59.3516 0.405766 0.0294453)
(59.3231 0.380673 0.0297187)
(59.2982 0.359071 0.0299845)
(59.2765 0.340489 0.0302406)
(59.2574 0.324531 0.0304861)
(59.2406 0.310864 0.0307214)
(59.2256 0.299211 0.0309475)
(59.2121 0.289347 0.0311666)
(59.1999 0.28109 0.0313821)
(59.1885 0.274305 0.0315985)
(59.1774 0.268907 0.0318207)
(59.1653 0.264921 0.0320476)
(59.1403 0.262471 0.0322945)
(67.839 12.6953 0.000224159)
(67.5501 10.9997 0.000499306)
(67.0729 9.47188 0.00092463)
(66.5171 8.14408 0.00162657)
(65.9577 6.99454 0.0027855)
(65.4239 5.99778 0.00465881)
(64.9269 5.13512 0.00757773)
(64.4748 4.38997 0.0118798)
(64.0727 3.74664 0.0177064)
(63.7218 3.19228 0.0246233)
(63.4187 2.71795 0.0315285)
(63.1551 2.31509 0.0360486)
(62.9236 1.96762 0.0395625)
(62.7227 1.66822 0.0429512)
(62.5503 1.41207 0.0452568)
(62.4022 1.1932 0.0464063)
(62.2742 1.00556 0.0468782)
(62.1638 0.844133 0.0469751)
(62.0687 0.705014 0.0468018)
(61.987 0.585056 0.0464148)
(61.9167 0.481598 0.0458773)
(61.8562 0.392369 0.0452497)
(61.8042 0.315428 0.044578)
(61.7594 0.249121 0.043894)
(61.7209 0.192029 0.04322)
(61.6876 0.142936 0.0425715)
(61.659 0.100792 0.0419576)
(61.6343 0.0646944 0.0413825)
(61.613 0.0338646 0.0408476)
(61.5945 0.00763236 0.0403524)
(61.5784 -0.014576 0.039896)
(61.5643 -0.0332477 0.0394794)
(61.552 -0.0487942 0.0391051)
(61.541 -0.0615632 0.038778)
(61.5313 -0.0718493 0.038502)
(61.5225 -0.0798997 0.0382785)
(61.5147 -0.085919 0.0381094)
(61.5081 -0.0900722 0.0380007)
(61.5038 -0.0924791 0.0379632)
(61.5084 -0.0932988 0.0380736)
(67.8735 12.8644 0.000302159)
(67.699 11.3178 0.000682045)
(67.3998 9.87841 0.00129203)
(67.0361 8.58393 0.0023395)
(66.6565 7.43601 0.00414488)
(66.2855 6.42479 0.00720728)
(65.935 5.53882 0.0122431)
(65.6132 4.76564 0.0201194)
(65.3265 4.09279 0.0314447)
(65.0794 3.51132 0.0458891)
(64.8703 3.02281 0.0626819)
(64.6849 2.616 0.0715026)
(64.5176 2.25403 0.0810601)
(64.3747 1.94073 0.0888056)
(64.2537 1.67349 0.0926101)
(64.1488 1.44609 0.0940923)
(64.0567 1.25237 0.0948837)
(63.9763 1.08722 0.0956471)
(63.9064 0.946493 0.0964912)
(63.846 0.826637 0.0973771)
(63.7939 0.724538 0.0982741)
(63.7489 0.637536 0.0991667)
(63.7101 0.563383 0.10004)
(63.6766 0.500182 0.100878)
(63.6477 0.446323 0.101669)
(63.6227 0.400439 0.102404)
(63.6012 0.361372 0.103077)
(63.5825 0.32814 0.103686)
(63.5664 0.299915 0.104233)
(63.5523 0.275992 0.104727)
(63.54 0.255776 0.105172)
(63.5293 0.238762 0.10557)
(63.5198 0.224532 0.105921)
(63.5113 0.212736 0.106231)
(63.5037 0.203088 0.106515)
(63.4968 0.195351 0.106786)
(63.4903 0.189337 0.107062)
(63.4836 0.184899 0.107362)
(63.4759 0.181948 0.107705)
(63.4566 0.180365 0.108161)
(67.8958 12.9621 0.000384827)
(67.7983 11.5075 0.00088137)
(67.6264 10.1319 0.00170954)
(67.4106 8.86999 0.0031906)
(67.1787 7.73173 0.00586342)
(66.9464 6.71472 0.0106468)
(66.7228 5.81153 0.0190113)
(66.5152 5.01162 0.0329865)
(66.3325 4.30364 0.0541911)
(66.1898 3.67696 0.0766704)
(66.0816 3.16084 0.107991)
(65.9622 2.74089 0.108283)
(65.84 2.36269 0.131068)
(65.7474 2.03834 0.148015)
(65.6724 1.76247 0.155044)
(65.6076 1.52472 0.156627)
(65.5503 1.31717 0.1556)
(65.5001 1.13575 0.153376)
(65.4565 0.977855 0.150604)
(65.4186 0.840898 0.147628)
(65.3856 0.722267 0.144679)
(65.3568 0.619592 0.141892)
(65.3318 0.530812 0.13933)
(65.31 0.454134 0.137017)
(65.291 0.387986 0.134961)
(65.2745 0.330989 0.133153)
(65.2601 0.28194 0.131564)
(65.2476 0.239797 0.13016)
(65.2367 0.20366 0.128909)
(65.2271 0.17276 0.127788)
(65.2187 0.146441 0.126796)
(65.2113 0.124144 0.125934)
(65.2047 0.105392 0.125201)
(65.1987 0.0897818 0.124587)
(65.1934 0.0769718 0.124079)
(65.1887 0.0666774 0.123671)
(65.1844 0.05866 0.123363)
(65.1811 0.0527236 0.12317)
(65.1798 0.0487367 0.123132)
(65.1878 0.0465955 0.123506)
(67.9124 13.0106 0.00045726)
(67.8729 11.6049 0.00106251)
(67.7995 10.2665 0.00210782)
(67.7038 9.02603 0.00405167)
(67.5973 7.89628 0.00773112)
(67.487 6.87895 0.0147288)
(67.3769 5.96894 0.0279426)
(67.2712 5.15483 0.0526685)
(67.1765 4.41516 0.0903828)
(67.1151 3.71102 0.221196)
(67.1355 3.37774 0.270663)
(67.0788 3.02822 0.243555)
(67.0393 2.48042 0.260849)
(67.0073 2.10718 0.283776)
(66.9802 1.80155 0.294654)
(66.95 1.5531 0.302098)
(66.9199 1.34351 0.30911)
(66.8938 1.1638 0.315745)
(66.8726 1.00969 0.321397)
(66.855 0.877667 0.325979)
(66.8402 0.764461 0.32972)
(66.8277 0.667296 0.332824)
(66.817 0.583882 0.335412)
(66.808 0.512298 0.337565)
(66.8003 0.450919 0.339364)
(66.7938 0.398347 0.34089)
(66.7882 0.353378 0.342213)
(66.7834 0.314974 0.343389)
(66.7792 0.282246 0.344464)
(66.7756 0.254436 0.345467)
(66.7724 0.230904 0.346407)
(66.7697 0.211115 0.347287)
(66.7672 0.194608 0.348105)
(66.765 0.180998 0.348863)
(66.763 0.169959 0.34958)
(66.7611 0.161218 0.350276)
(66.7592 0.154535 0.350989)
(66.7568 0.149693 0.351781)
(66.7532 0.146478 0.352738)
(66.7403 0.144721 0.354145)
(67.9264 13.0199 0.000499064)
(67.9361 11.6276 0.0011735)
(67.9474 10.3012 0.00236817)
(67.9575 9.06922 0.00465843)
(67.9647 7.94519 0.00917708)
(67.967 6.93286 0.0182914)
(67.9603 6.02944 0.037088)
(67.9359 5.22683 0.0765322)
(67.8744 4.51075 0.200404)
(67.8409 4.07043 0.357169)
(68.0391 3.29162 0.844861)
(68.2432 3.40809 0.54874)
(67.986 2.83216 0.561174)
(68.0276 2.70192 0.556055)
(68.0704 2.39297 0.556563)
(68.0948 2.1242 0.537659)
(68.0997 1.8913 0.519861)
(68.0983 1.68955 0.506548)
(68.0955 1.51544 0.495762)
(68.0916 1.36553 0.486492)
(68.0865 1.23651 0.478529)
(68.0805 1.12549 0.471714)
(68.0739 1.02995 0.465839)
(68.067 0.947709 0.460688)
(68.06 0.876919 0.456068)
(68.0527 0.81598 0.451838)
(68.0454 0.763529 0.447903)
(68.0381 0.718403 0.444194)
(68.0307 0.679611 0.440661)
(68.0233 0.646318 0.437258)
(68.0161 0.617802 0.433949)
(68.0088 0.593427 0.430726)
(68.0017 0.572667 0.427599)
(67.9947 0.555097 0.424567)
(67.9877 0.540365 0.421621)
(67.9809 0.528174 0.418769)
(67.9743 0.518257 0.416051)
(67.9683 0.510311 0.413582)
(67.9639 0.503845 0.411669)
(67.9679 0.497968 0.41138)
(67.9401 12.9937 0.000492058)
(67.9972 11.5824 0.00116258)
(68.09 10.2442 0.0023538)
(68.2027 9.0069 0.00464443)
(68.3218 7.88378 0.00919195)
(68.438 6.87883 0.0184785)
(68.5429 5.99172 0.0381068)
(68.6291 5.2221 0.0814613)
(68.6941 4.57758 0.192777)
(68.66 4.36977 0.39596)
(68.3545 4.56409 2.07267)
(70.1527 6.5115 -4.52384)
(69.1222 4.06282 -0.791693)
(69.1804 2.8578 -0.54496)
(69.2091 2.59847 -0.424483)
(69.2415 2.35729 -0.364439)
(69.2656 2.14053 -0.324144)
(69.286 1.95035 -0.293101)
(69.3045 1.78442 -0.269814)
(69.3201 1.63964 -0.252436)
(69.3324 1.51335 -0.239213)
(69.3416 1.40319 -0.228973)
(69.3483 1.30708 -0.220928)
(69.3526 1.22318 -0.214555)
(69.3549 1.14985 -0.209488)
(69.3555 1.08567 -0.205454)
(69.3545 1.02942 -0.202239)
(69.3522 0.980055 -0.199674)
(69.3489 0.936652 -0.197638)
(69.3446 0.898427 -0.196073)
(69.3396 0.864706 -0.194909)
(69.3338 0.834918 -0.194039)
(69.3275 0.808597 -0.193386)
(69.3208 0.785359 -0.192889)
(69.3137 0.764895 -0.192498)
(69.3062 0.746967 -0.192152)
(69.2983 0.731409 -0.191753)
(69.2893 0.71816 -0.191092)
(69.2779 0.707412 -0.189681)
(69.2505 0.699816 -0.185787)
(67.9552 12.9309 0.000435026)
(68.0638 11.4679 0.00102312)
(68.2441 10.0939 0.00204096)
(68.4653 8.83747 0.00393124)
(68.7019 7.70939 0.00751415)
(68.9379 6.71063 0.0143781)
(69.1645 5.83886 0.0276833)
(69.3795 5.09251 0.0532426)
(69.6051 4.47422 0.112709)
(69.9305 3.95601 0.107341)
(70.2729 3.69961 0.0549245)
(70.4473 2.71427 -0.591313)
(70.2645 2.2385 -0.275994)
(70.3845 1.97108 -0.29902)
(70.4796 1.74609 -0.355122)
(70.5454 1.54478 -0.389516)
(70.5999 1.36815 -0.408539)
(70.6478 1.21597 -0.420946)
(70.6886 1.08493 -0.429994)
(70.7225 0.971906 -0.436508)
(70.7501 0.874534 -0.440861)
(70.7723 0.790857 -0.44351)
(70.7901 0.719132 -0.444933)
(70.8041 0.657789 -0.445461)
(70.8148 0.60544 -0.445322)
(70.8228 0.560869 -0.444689)
(70.8283 0.523029 -0.443667)
(70.8319 0.491018 -0.44232)
(70.8337 0.464053 -0.440702)
(70.8341 0.441453 -0.438837)
(70.8332 0.422647 -0.436769)
(70.8313 0.407182 -0.434562)
(70.8286 0.394669 -0.432253)
(70.8253 0.384772 -0.429861)
(70.8215 0.377213 -0.427398)
(70.8173 0.371768 -0.424867)
(70.813 0.368269 -0.422246)
(70.8093 0.366602 -0.41948)
(70.8079 0.366687 -0.416452)
(70.8211 0.368198 -0.412495)
(67.9737 12.8255 0.000348284)
(68.1447 11.2744 0.000810522)
(68.4281 9.83977 0.00157575)
(68.7731 8.55106 0.0029195)
(69.1383 7.4123 0.00529056)
(69.5007 6.41632 0.00941757)
(69.8495 5.55343 0.0164058)
(70.1812 4.81351 0.0273483)
(70.5027 4.185 0.0440855)
(70.8315 3.63529 0.0543343)
(71.1535 3.05495 -0.00134396)
(71.3847 2.53086 -0.108425)
(71.5221 2.20985 -0.166631)
(71.6469 1.91497 -0.220849)
(71.7554 1.64196 -0.253512)
(71.8491 1.4037 -0.264107)
(71.9344 1.19866 -0.265648)
(72.0117 1.02163 -0.265053)
(72.0801 0.868213 -0.263884)
(72.1396 0.735149 -0.262388)
(72.1913 0.619813 -0.260773)
(72.2359 0.519896 -0.259261)
(72.2743 0.433322 -0.257973)
(72.3072 0.358276 -0.256919)
(72.3354 0.293189 -0.25606)
(72.3594 0.236714 -0.255349)
(72.3797 0.187703 -0.254773)
(72.397 0.145176 -0.254335)
(72.4116 0.108294 -0.254025)
(72.4239 0.0763447 -0.253814)
(72.4343 0.0487272 -0.253665)
(72.443 0.0249341 -0.253566)
(72.4504 0.00453651 -0.253522)
(72.4565 -0.0128282 -0.253533)
(72.4617 -0.0274617 -0.25359)
(72.466 -0.0396037 -0.253669)
(72.4693 -0.0494278 -0.253729)
(72.4713 -0.0570226 -0.253708)
(72.4704 -0.0623021 -0.253504)
(72.4548 -0.0651731 -0.252815)
(67.9987 12.6657 0.000257116)
(68.2525 10.9829 0.000590647)
(68.6673 9.46385 0.00111436)
(69.1602 8.13738 0.0019763)
(69.6688 6.99464 0.00337978)
(70.163 6.01595 0.00557738)
(70.6307 5.18246 0.00876866)
(71.0675 4.47614 0.0126585)
(71.4749 3.87769 0.0155904)
(71.8577 3.36196 0.0101834)
(72.2049 2.89442 -0.0213357)
(72.4794 2.45975 -0.0694556)
(72.6804 2.10469 -0.0957791)
(72.85 1.80847 -0.101871)
(73.006 1.56122 -0.103845)
(73.1458 1.35858 -0.10582)
(73.2684 1.19167 -0.108357)
(73.3753 1.05239 -0.111464)
(73.4681 0.935355 -0.114821)
(73.5482 0.836821 -0.118134)
(73.6173 0.753788 -0.121257)
(73.6768 0.683759 -0.124128)
(73.7281 0.624662 -0.126719)
(73.7722 0.574793 -0.129011)
(73.8101 0.532745 -0.131006)
(73.8427 0.497344 -0.132718)
(73.8708 0.467598 -0.134178)
(73.895 0.44267 -0.135412)
(73.9159 0.421855 -0.136437)
(73.934 0.404565 -0.13726)
(73.9497 0.390308 -0.137901)
(73.9633 0.378665 -0.138389)
(73.9753 0.36929 -0.138755)
(73.986 0.361899 -0.139013)
(73.9955 0.356258 -0.139169)
(74.0041 0.35218 -0.139231)
(74.0124 0.349509 -0.139207)
(74.0211 0.348092 -0.139103)
(74.0322 0.347702 -0.13893)
(74.0632 0.347719 -0.138527)
(68.0365 12.4279 0.000178229)
(68.4117 10.5555 0.000403829)
(69.0089 8.92438 0.000738614)
(69.693 7.54959 0.00125292)
(70.3744 6.39347 0.00202253)
(71.0192 5.41721 0.00310009)
(71.6175 4.59253 0.0044193)
(72.1649 3.89565 0.00555227)
(72.6608 3.30349 0.00529749)
(73.1066 2.79251 0.000691308)
(73.4989 2.33938 -0.0125495)
(73.8284 1.93534 -0.0317075)
(74.0978 1.59568 -0.0462311)
(74.3256 1.31698 -0.0546196)
(74.5241 1.08364 -0.0618664)
(74.6954 0.88538 -0.0682715)
(74.8422 0.715694 -0.0728416)
(74.9681 0.569694 -0.0757076)
(75.0764 0.443702 -0.0774134)
(75.1697 0.334832 -0.0783424)
(75.25 0.24069 -0.0787254)
(75.319 0.159243 -0.0787304)
(75.3783 0.0887645 -0.0784873)
(75.4294 0.0277876 -0.078089)
(75.4732 -0.0249443 -0.0775981)
(75.511 -0.0705132 -0.077056)
(75.5435 -0.109852 -0.0764911)
(75.5715 -0.143763 -0.0759232)
(75.5956 -0.17293 -0.0753662)
(75.6165 -0.197934 -0.0748314)
(75.6346 -0.219276 -0.0743292)
(75.6503 -0.237385 -0.0738649)
(75.6642 -0.25263 -0.0734381)
(75.6763 -0.265325 -0.0730453)
(75.6872 -0.275733 -0.0726847)
(75.6968 -0.284079 -0.0723564)
(75.7053 -0.290545 -0.0720536)
(75.7122 -0.295269 -0.0717587)
(75.7155 -0.298319 -0.0714461)
(75.7025 -0.299733 -0.0710507)
(68.0977 12.0718 0.000117802)
(68.659 9.94698 0.00026284)
(69.5092 8.21874 0.000465237)
(70.4239 6.86167 0.000753485)
(71.2867 5.78269 0.00114638)
(72.0758 4.91144 0.00162912)
(72.7927 4.20368 0.002095)
(73.4371 3.62524 0.00223426)
(74.0098 3.14689 0.00138517)
(74.5146 2.74446 -0.00162942)
(74.9546 2.39924 -0.00810655)
(75.3308 2.10154 -0.0172162)
(75.6478 1.8505 -0.0253377)
(75.9162 1.64166 -0.0305117)
(76.1465 1.46593 -0.0336297)
(76.3448 1.31685 -0.0354801)
(76.5156 1.19049 -0.0363952)
(76.6629 1.08348 -0.0367863)
(76.7901 0.992738 -0.0370176)
(76.9 0.915668 -0.0372583)
(76.995 0.850119 -0.0375517)
(77.077 0.794299 -0.0379024)
(77.1478 0.746709 -0.038305)
(77.2091 0.706086 -0.038747)
(77.262 0.671373 -0.0392118)
(77.3078 0.641681 -0.0396839)
(77.3475 0.616264 -0.0401515)
(77.382 0.594494 -0.0406064)
(77.4119 0.575841 -0.0410429)
(77.4381 0.559861 -0.041457)
(77.4609 0.546179 -0.0418458)
(77.4811 0.534479 -0.0422069)
(77.4989 0.524499 -0.0425385)
(77.5148 0.51602 -0.0428394)
(77.5291 0.508863 -0.0431085)
(77.5421 0.502881 -0.0433438)
(77.5544 0.49796 -0.0435415)
(77.567 0.494023 -0.0436948)
(77.5818 0.491043 -0.0437911)
(77.6178 0.488994 -0.0437549)
(68.2215 11.4881 7.60925e-05)
(69.1301 8.97078 0.000167347)
(70.4028 7.05109 0.000287085)
(71.658 5.59966 0.000443771)
(72.7608 4.46573 0.000634561)
(73.7237 3.56656 0.000830421)
(74.5702 2.85208 0.000945535)
(75.3095 2.28038 0.000792089)
(75.9497 1.81657 3.83859e-05)
(76.5016 1.43428 -0.00178253)
(76.9754 1.11448 -0.00504186)
(77.3791 0.844886 -0.00934789)
(77.7207 0.618815 -0.0133882)
(78.01 0.430837 -0.0162481)
(78.2565 0.274523 -0.0181489)
(78.4672 0.144123 -0.0195787)
(78.6476 0.0351799 -0.0207238)
(78.802 -0.0559776 -0.0216293)
(78.9342 -0.132445 -0.0223356)
(79.0475 -0.196733 -0.0228725)
(79.1446 -0.250843 -0.0232562)
(79.2278 -0.296394 -0.0235019)
(79.2992 -0.334713 -0.0236285)
(79.3604 -0.366897 -0.0236554)
(79.413 -0.393856 -0.0236002)
(79.4581 -0.416347 -0.0234787)
(79.4969 -0.435007 -0.023305)
(79.5303 -0.450374 -0.0230914)
(79.5591 -0.462899 -0.0228486)
(79.5841 -0.472966 -0.0225854)
(79.6057 -0.480899 -0.0223092)
(79.6245 -0.48697 -0.0220261)
(79.6411 -0.491409 -0.0217404)
(79.6557 -0.494407 -0.0214545)
(79.6687 -0.496122 -0.0211697)
(79.6803 -0.49669 -0.020886)
(79.6908 -0.496233 -0.0206028)
(79.6996 -0.494892 -0.02032)
(79.705 -0.492934 -0.0200431)
(79.6967 -0.490986 -0.0197731)
(68.4423 10.5916 4.80118e-05)
(69.8719 7.95099 0.00010185)
(71.6494 6.36124 0.000166338)
(73.241 5.29435 0.000242803)
(74.5733 4.4824 0.000324002)
(75.7172 3.84645 0.000385074)
(76.7096 3.34732 0.000369032)
(77.5624 2.94822 0.000170943)
(78.2901 2.62067 -0.000369121)
(78.9105 2.34618 -0.00144047)
(79.4397 2.11282 -0.00315564)
(79.8901 1.91285 -0.00534523)
(80.2725 1.74149 -0.0075176)
(80.5971 1.59507 -0.00924756)
(80.8735 1.46982 -0.0104916)
(81.1095 1.36213 -0.0113925)
(81.3112 1.2691 -0.0120354)
(81.484 1.18844 -0.0124626)
(81.6322 1.11826 -0.0127307)
(81.7593 1.057 -0.0129005)
(81.8687 1.00335 -0.0130176)
(81.9627 0.956238 -0.0131109)
(82.0438 0.914749 -0.0131994)
(82.1136 0.87811 -0.0132944)
(82.1739 0.845663 -0.0134016)
(82.226 0.816846 -0.0135226)
(82.271 0.791181 -0.0136571)
(82.3101 0.768255 -0.0138036)
(82.3441 0.747717 -0.01396)
(82.3737 0.729267 -0.0141242)
(82.3996 0.712645 -0.014294)
(82.4223 0.697634 -0.0144672)
(82.4424 0.684048 -0.0146415)
(82.4604 0.671733 -0.0148143)
(82.4765 0.660561 -0.0149831)
(82.4911 0.650432 -0.015145)
(82.5048 0.64128 -0.0152968)
(82.5184 0.633112 -0.0154327)
(82.5332 0.626155 -0.0155413)
(82.5644 0.621076 -0.0155767)
(69.2971 7.94369 3.67666e-05)
(72.1874 4.14958 7.81134e-05)
(74.8021 2.29824 0.000121117)
(76.6691 1.28915 0.000161192)
(78.0797 0.642817 0.000192109)
(79.2573 0.215496 0.000196313)
(80.2607 -0.0644423 0.000136608)
(81.1063 -0.252348 -4.69753e-05)
(81.8175 -0.384488 -0.000433214)
(82.419 -0.481234 -0.00109957)
(82.9301 -0.554113 -0.00207282)
(83.3644 -0.610019 -0.00326101)
(83.7333 -0.65304 -0.00444932)
(84.0466 -0.68576 -0.00543282)
(84.3132 -0.710211 -0.00615102)
(84.5406 -0.72811 -0.00665696)
(84.7348 -0.740788 -0.00701453)
(84.9008 -0.749249 -0.00726545)
(85.0429 -0.754297 -0.00744141)
(85.1647 -0.756593 -0.00756719)
(85.2691 -0.756673 -0.00765743)
(85.3587 -0.754973 -0.00771862)
(85.4356 -0.751844 -0.00775357)
(85.5017 -0.747574 -0.00776401)
(85.5585 -0.742396 -0.00775137)
(85.6074 -0.736501 -0.00771718)
(85.6496 -0.730045 -0.00766332)
(85.6859 -0.723156 -0.00759206)
(85.7174 -0.715936 -0.00750592)
(85.7446 -0.70847 -0.00740758)
(85.7684 -0.700823 -0.00729972)
(85.7891 -0.693048 -0.00718488)
(85.8074 -0.685181 -0.00706537)
(85.8237 -0.677249 -0.00694304)
(85.8382 -0.669272 -0.00681901)
(85.8513 -0.66127 -0.0066934)
(85.8632 -0.653285 -0.00656534)
(85.8739 -0.645449 -0.0064336)
(85.8825 -0.638206 -0.00630078)
(85.8854 -0.632732 -0.00617268)
(70.8596 9.66045 1.72443e-05)
(76.221 6.76867 4.14034e-05)
(80.3157 5.16208 7.03417e-05)
(82.8347 4.16012 9.48696e-05)
(84.5656 3.4616 0.00010852)
(85.9354 2.95667 9.84615e-05)
(87.0541 2.58399 3.82175e-05)
(87.9638 2.29979 -0.000111693)
(88.709 2.07553 -0.000398469)
(89.3282 1.89378 -0.000863379)
(89.8478 1.7435 -0.0015156)
(90.2858 1.61727 -0.00230262)
(90.6558 1.50997 -0.00311091)
(90.969 1.41789 -0.00382346)
(91.2347 1.33825 -0.00438696)
(91.4608 1.26882 -0.00481397)
(91.6535 1.20787 -0.00513635)
(91.818 1.15402 -0.00537764)
(91.9587 1.10613 -0.00555521)
(92.0791 1.06332 -0.00568528)
(92.1823 1.02485 -0.00578174)
(92.2709 0.990093 -0.00585495)
(92.3469 0.958566 -0.00591235)
(92.4122 0.929846 -0.00595937)
(92.4684 0.903584 -0.00599985)
(92.5167 0.879483 -0.00603637)
(92.5584 0.85729 -0.00607053)
(92.5944 0.83679 -0.00610332)
(92.6255 0.817796 -0.00613539)
(92.6525 0.800146 -0.00616725)
(92.676 0.783701 -0.00619948)
(92.6966 0.768338 -0.00623279)
(92.7146 0.753953 -0.0062679)
(92.7306 0.740454 -0.00630526)
(92.7449 0.727765 -0.00634458)
(92.7579 0.715826 -0.00638435)
(92.7698 0.704612 -0.00642143)
(92.781 0.6942 -0.00645094)
(92.7919 0.685023 -0.00646669)
(92.8084 0.678375 -0.00645313)
(65.0188 10.1797 6.44246e-05)
(58.9626 7.28911 0.000120501)
(54.1699 5.5868 0.00019389)
(51.1527 4.46646 0.000311074)
(49.0108 3.65014 0.00047613)
(47.258 3.04228 0.000695174)
(45.7933 2.58495 0.000980925)
(44.5852 2.2321 0.00133975)
(43.5857 1.95218 0.00176381)
(42.7485 1.7254 0.00222987)
(42.0409 1.53881 0.00270262)
(41.4402 1.38336 0.00314446)
(40.9291 1.25244 0.00352988)
(40.4931 1.14117 0.00385148)
(40.1206 1.04586 0.00411001)
(39.8018 0.963695 0.00430642)
(39.5287 0.892447 0.00444608)
(39.2946 0.830344 0.00454116)
(39.0938 0.775941 0.00460525)
(38.9215 0.728061 0.00464867)
(38.7735 0.685736 0.00467826)
(38.6464 0.648164 0.00469903)
(38.5372 0.614676 0.00471498)
(38.4434 0.584711 0.00472919)
(38.3627 0.557797 0.00474389)
(38.2934 0.533535 0.00476046)
(38.2337 0.511585 0.00477951)
(38.1823 0.491659 0.00480089)
(38.1381 0.473511 0.00482383)
(38.0999 0.456928 0.00484736)
(38.0669 0.441731 0.00487071)
(38.0383 0.427762 0.00489367)
(38.0133 0.414888 0.00491678)
(37.9914 0.402994 0.00494104)
(37.9721 0.391983 0.00496754)
(37.9548 0.381775 0.00499705)
(37.9392 0.37233 0.00502995)
(37.9247 0.363694 0.00506655)
(37.911 0.356225 0.00510661)
(37.8914 0.351195 0.00515107)
(66.5298 8.53294 4.0418e-05)
(63.5025 4.96652 8.73287e-05)
(60.6709 3.18173 0.000163493)
(58.5863 2.16335 0.000286402)
(56.9594 1.47683 0.000463537)
(55.5663 1.00104 0.000705181)
(54.3595 0.672819 0.00102473)
(53.3307 0.43958 0.00142836)
(52.4579 0.26629 0.00190611)
(51.7141 0.133285 0.00242758)
(51.0778 0.029239 0.00294496)
(50.5327 -0.0531991 0.00340809)
(50.0653 -0.119185 0.00378948)
(49.6643 -0.172401 0.00408945)
(49.32 -0.215457 0.00431125)
(49.0243 -0.250239 0.00445394)
(48.7702 -0.278201 0.00452683)
(48.5516 -0.300518 0.00454997)
(48.3637 -0.318144 0.00454228)
(48.2019 -0.331852 0.00451563)
(48.0626 -0.342277 0.00447655)
(47.9426 -0.349947 0.00442904)
(47.8393 -0.355306 0.00437565)
(47.7501 -0.35873 0.00431794)
(47.6732 -0.360533 0.00425685)
(47.6068 -0.360981 0.00419306)
(47.5494 -0.360299 0.00412704)
(47.4997 -0.358676 0.00405899)
(47.4566 -0.356269 0.00398883)
(47.4191 -0.353211 0.00391634)
(47.3864 -0.34961 0.00384147)
(47.3577 -0.345554 0.00376476)
(47.3323 -0.341114 0.00368764)
(47.3097 -0.336345 0.00361236)
(47.2895 -0.331289 0.00354151)
(47.271 -0.32598 0.0034774)
(47.2542 -0.320452 0.00342179)
(47.2386 -0.314779 0.00337701)
(47.225 -0.309231 0.00334918)
(47.2126 -0.304512 0.00337726)
(67.4101 10.9785 7.32746e-05)
(66.0196 8.49466 0.000162468)
(64.2442 6.92823 0.000287859)
(62.6173 5.81526 0.000472403)
(61.2234 4.92925 0.00074095)
(60.0026 4.21179 0.00112192)
(58.9294 3.63197 0.00164432)
(57.9995 3.15674 0.00232546)
(57.2015 2.75997 0.00315391)
(56.5179 2.42479 0.00407492)
(55.9321 2.13995 0.00499286)
(55.4297 1.89692 0.00580665)
(54.9988 1.68865 0.00648126)
(54.6289 1.5094 0.00704223)
(54.3114 1.35468 0.00749074)
(54.0388 1.2209 0.00781063)
(53.8046 1.10503 0.00801667)
(53.6032 1.00445 0.00814563)
(53.4299 0.916966 0.00822806)
(53.2808 0.840732 0.00828245)
(53.1523 0.774188 0.00832165)
(53.0416 0.716009 0.00835616)
(52.9462 0.665061 0.00839392)
(52.8638 0.620373 0.00843996)
(52.7926 0.581112 0.00849691)
(52.7311 0.546562 0.00856558)
(52.6778 0.516109 0.00864545)
(52.6316 0.489223 0.00873497)
(52.5915 0.465448 0.00883186)
(52.5565 0.444394 0.0089335)
(52.526 0.425722 0.00903745)
(52.4991 0.409148 0.00914209)
(52.4753 0.394427 0.0092471)
(52.4542 0.381355 0.00935357)
(52.4352 0.369766 0.00946346)
(52.4179 0.359528 0.00957871)
(52.4019 0.350554 0.00970028)
(52.3866 0.342837 0.00982795)
(52.3711 0.336584 0.00995887)
(52.3442 0.332396 0.010105)
(67.6708 11.9569 0.000109428)
(66.8702 9.71398 0.000237824)
(65.6923 7.93062 0.000420863)
(64.4998 6.52362 0.000701938)
(63.4307 5.38068 0.00113234)
(62.481 4.44426 0.00177186)
(61.6362 3.67832 0.00268244)
(60.894 3.04929 0.00390615)
(60.25 2.52839 0.00542718)
(59.6948 2.09414 0.00713056)
(59.217 1.73087 0.00879761)
(58.8059 1.42622 0.01019)
(58.4522 1.16968 0.0112796)
(58.1479 0.95268 0.0121646)
(57.8865 0.768798 0.0128191)
(57.662 0.612977 0.0132128)
(57.469 0.480887 0.0134127)
(57.3031 0.368816 0.0135066)
(57.1604 0.273675 0.0135413)
(57.0378 0.192904 0.0135313)
(56.9322 0.12436 0.013482)
(56.8415 0.0662354 0.0133992)
(56.7634 0.0170005 0.0132883)
(56.6961 -0.0246363 0.0131541)
(56.6382 -0.0597677 0.0130013)
(56.5883 -0.0893199 0.0128343)
(56.5452 -0.114079 0.0126571)
(56.508 -0.134713 0.0124734)
(56.4758 -0.15179 0.0122858)
(56.4478 -0.165792 0.0120971)
(56.4235 -0.177127 0.0119093)
(56.4022 -0.186142 0.011725)
(56.3834 -0.193124 0.0115469)
(56.3668 -0.198311 0.0113788)
(56.3519 -0.201898 0.011225)
(56.3384 -0.204044 0.0110897)
(56.3262 -0.204884 0.0109767)
(56.3154 -0.20456 0.0108901)
(56.3069 -0.203295 0.0108376)
(56.3052 -0.201603 0.0108672)
(67.7788 12.4142 0.000158346)
(67.3004 10.4831 0.000348246)
(66.5533 8.83682 0.000630349)
(65.7389 7.48659 0.00107796)
(64.9634 6.36923 0.00178543)
(64.2477 5.43518 0.00287355)
(63.5941 4.65288 0.00447848)
(63.0071 3.99629 0.00670933)
(62.4889 3.4428 0.00956181)
(62.0366 2.97467 0.0128068)
(61.6441 2.57864 0.0159549)
(61.3036 2.24364 0.01846)
(61.008 1.95862 0.0205081)
(60.752 1.71474 0.0223541)
(60.5313 1.50594 0.0237142)
(60.3412 1.32724 0.0244692)
(60.1772 1.17411 0.0248083)
(60.0356 1.04264 0.0249455)
(59.9134 0.929642 0.0250003)
(59.8079 0.832477 0.0250318)
(59.7167 0.748902 0.0250767)
(59.638 0.676991 0.0251569)
(59.57 0.615092 0.0252808)
(59.5112 0.561793 0.0254473)
(59.4602 0.515883 0.0256501)
(59.4161 0.476329 0.0258811)
(59.3779 0.442244 0.0261313)
(59.3447 0.412869 0.0263922)
(59.3158 0.387555 0.0266562)
(59.2906 0.36575 0.0269179)
(59.2685 0.346982 0.0271735)
(59.2491 0.330856 0.027421)
(59.2319 0.317038 0.0276601)
(59.2165 0.305251 0.0278916)
(59.2027 0.295269 0.0281174)
(59.1902 0.286911 0.0283407)
(59.1785 0.28004 0.0285651)
(59.167 0.274574 0.0287941)
(59.1547 0.270537 0.0290246)
(59.1291 0.26806 0.0292667)
(67.8391 12.6953 0.000223309)
(67.5501 10.9998 0.000496942)
(67.0731 9.4721 0.000918241)
(66.5175 8.14449 0.00161043)
(65.9585 6.99533 0.00274602)
(65.4252 5.99921 0.00456485)
(64.9289 5.13767 0.00736252)
(64.4776 4.39431 0.0114127)
(64.0761 3.75363 0.0167655)
(63.7251 3.20262 0.0229181)
(63.4209 2.73156 0.0285674)
(63.1558 2.33038 0.032166)
(62.9236 1.9853 0.0351379)
(62.7219 1.68759 0.0380686)
(62.5484 1.43194 0.0401671)
(62.3992 1.21295 0.0413538)
(62.2704 1.02507 0.0420149)
(62.1593 0.863465 0.042386)
(62.0636 0.724263 0.0425178)
(61.9812 0.604289 0.0424268)
(61.9103 0.500865 0.0421545)
(61.8493 0.411703 0.0417531)
(61.7967 0.33485 0.0412682)
(61.7514 0.268642 0.040735)
(61.7124 0.211654 0.0401808)
(61.6787 0.162663 0.0396263)
(61.6496 0.120619 0.039086)
(61.6245 0.0846161 0.0385692)
(61.6027 0.0538774 0.0380817)
(61.5837 0.0277334 0.0376264)
(61.5672 0.0056116 0.037205)
(61.5526 -0.0129751 0.0368187)
(61.5398 -0.0284386 0.0364696)
(61.5285 -0.0411265 0.0361609)
(61.5183 -0.0513315 0.0358961)
(61.5091 -0.0592988 0.0356785)
(61.5008 -0.0652297 0.0355116)
(61.4937 -0.069285 0.0354021)
(61.489 -0.0715802 0.0353597)
(61.4931 -0.0722644 0.0354455)
(67.8736 12.8645 0.00030068)
(67.6992 11.3179 0.000677774)
(67.4002 9.87867 0.00128036)
(67.0368 8.58445 0.00230879)
(66.6578 7.43704 0.00406604)
(66.2877 6.42678 0.00700967)
(65.9387 5.54258 0.0117652)
(65.6186 4.77249 0.0190195)
(65.3336 4.1045 0.0291044)
(65.0868 3.5291 0.0412189)
(64.8753 3.04271 0.0522839)
(64.6882 2.63353 0.058544)
(64.52 2.27675 0.0659896)
(64.3744 1.96689 0.0719332)
(64.2505 1.70103 0.0745881)
(64.1439 1.47395 0.0750898)
(64.0509 1.27995 0.0749254)
(63.9697 1.11419 0.0748337)
(63.8993 0.972662 0.0749827)
(63.8383 0.851922 0.0753488)
(63.7856 0.748941 0.0758888)
(63.74 0.661104 0.0765613)
(63.7005 0.586187 0.0773216)
(63.6664 0.522303 0.0781276)
(63.6368 0.467843 0.0789453)
(63.6112 0.421439 0.0797489)
(63.589 0.381926 0.0805198)
(63.5697 0.348315 0.0812462)
(63.5529 0.319768 0.0819228)
(63.5381 0.295573 0.0825496)
(63.5252 0.275129 0.0831285)
(63.5138 0.257931 0.0836617)
(63.5036 0.243552 0.0841506)
(63.4945 0.231639 0.0845997)
(63.4863 0.221902 0.0850176)
(63.4787 0.214099 0.0854155)
(63.4716 0.20804 0.0858074)
(63.4643 0.203581 0.0862109)
(63.456 0.200641 0.0866349)
(63.4358 0.199131 0.087111)
(67.8958 12.9622 0.000382441)
(67.7985 11.5076 0.000874306)
(67.6269 10.1322 0.00168976)
(67.4117 8.87057 0.00313634)
(67.1808 7.73293 0.00571708)
(66.9502 6.71721 0.0102609)
(66.7293 5.81665 0.0180306)
(66.5254 5.022 0.0306421)
(66.346 4.32357 0.0491603)
(66.2002 3.71444 0.0712933)
(66.0823 3.21032 0.0823645)
(65.9643 2.79894 0.0807572)
(65.8467 2.4248 0.096789)
(65.7489 2.09697 0.110566)
(65.6692 1.81678 0.118647)
(65.6013 1.57605 0.122824)
(65.5419 1.36709 0.124638)
(65.49 1.18521 0.124932)
(65.4451 1.02726 0.124176)
(65.4061 0.890409 0.122747)
(65.3721 0.771967 0.120971)
(65.3425 0.669533 0.119073)
(65.3167 0.581017 0.117188)
(65.2941 0.504606 0.115395)
(65.2744 0.43872 0.113741)
(65.2572 0.38198 0.112248)
(65.242 0.333186 0.110919)
(65.2287 0.291301 0.109745)
(65.2169 0.255428 0.108711)
(65.2065 0.2248 0.107802)
(65.1973 0.198761 0.107008)
(65.189 0.176753 0.106321)
(65.1815 0.158301 0.105736)
(65.1747 0.143002 0.105245)
(65.1685 0.130518 0.104841)
(65.1628 0.120567 0.104521)
(65.1576 0.112914 0.104289)
(65.1534 0.107372 0.104161)
(65.1511 0.103823 0.104169)
(65.1579 0.102195 0.104452)
(67.9124 13.0106 0.00045381)
(67.8731 11.605 0.00105202)
(67.8002 10.2667 0.00207744)
(67.7053 9.02653 0.00396456)
(67.6004 7.8974 0.00748342)
(67.493 6.88151 0.0140322)
(67.388 5.97489 0.026046)
(67.2906 5.16915 0.0474704)
(67.2093 4.4521 0.0824715)
(67.1719 3.81356 0.136876)
(67.1707 3.3165 0.159294)
(67.1248 2.9184 0.133025)
(67.05 2.52526 0.150791)
(67.0062 2.1676 0.155286)
(66.976 1.86628 0.152373)
(66.946 1.61489 0.149867)
(66.9166 1.40185 0.150648)
(66.8904 1.2195 0.153773)
(66.8682 1.06323 0.157762)
(66.8494 0.929349 0.161903)
(66.8332 0.814616 0.165982)
(66.8192 0.716231 0.169901)
(66.8071 0.631852 0.173578)
(66.7965 0.559503 0.17697)
(66.7873 0.497505 0.180067)
(66.7791 0.44442 0.182887)
(66.7719 0.399013 0.185459)
(66.7655 0.360226 0.187818)
(66.7597 0.327151 0.189998)
(66.7544 0.299017 0.192027)
(66.7496 0.275167 0.193931)
(66.7452 0.255049 0.195727)
(66.7411 0.238194 0.197434)
(66.7373 0.224209 0.199072)
(66.7336 0.212768 0.200659)
(66.73 0.2036 0.202217)
(66.7264 0.196482 0.203776)
(66.7224 0.191227 0.205384)
(66.7171 0.187703 0.207086)
(66.7019 0.185909 0.208975)
(67.9265 13.0199 0.000494733)
(67.9364 11.6276 0.00116005)
(67.9482 10.3013 0.00232817)
(67.9593 9.06945 0.00453988)
(67.9687 7.94574 0.00882605)
(67.9753 6.9342 0.0172577)
(67.978 6.03286 0.0340928)
(67.9757 5.23583 0.06838)
(67.9742 4.53525 0.141858)
(68.038 3.9319 0.288745)
(68.1479 3.61503 0.370601)
(68.1762 3.32275 0.211482)
(68.0897 2.88304 0.174609)
(68.087 2.57437 0.242185)
(68.1154 2.28953 0.269247)
(68.1365 2.0371 0.271101)
(68.1463 1.81752 0.267114)
(68.1508 1.62746 0.262444)
(68.1532 1.46358 0.257288)
(68.1542 1.32266 0.25192)
(68.1537 1.2017 0.24682)
(68.152 1.09796 0.242239)
(68.1495 1.00909 0.238222)
(68.1463 0.933023 0.234729)
(68.1426 0.867985 0.231688)
(68.1385 0.812454 0.229026)
(68.134 0.76512 0.226679)
(68.1292 0.724865 0.224589)
(68.1242 0.690731 0.222706)
(68.119 0.661903 0.220985)
(68.1136 0.637683 0.219385)
(68.1081 0.617474 0.217866)
(68.1025 0.60077 0.216408)
(68.0967 0.587155 0.214999)
(68.091 0.576283 0.213633)
(68.0852 0.567866 0.212322)
(68.0795 0.561652 0.211107)
(68.0743 0.557384 0.210084)
(68.071 0.55471 0.209464)
(68.0771 0.553121 0.209676)
(67.9402 12.9937 0.000487511)
(67.9974 11.5823 0.0011483)
(68.0908 10.2441 0.00231081)
(68.2045 9.00671 0.0045145)
(68.3258 7.88334 0.0087945)
(68.4465 6.87779 0.0172406)
(68.5611 5.98908 0.0341375)
(68.669 5.21481 0.0682366)
(68.7833 4.55467 0.137127)
(68.981 4.01619 0.227135)
(69.2469 3.84255 0.30346)
(69.3806 3.50348 -0.430102)
(69.2722 2.82504 -0.297477)
(69.2724 2.53373 -0.274839)
(69.2917 2.27617 -0.254277)
(69.3204 2.04556 -0.240618)
(69.3468 1.84124 -0.227458)
(69.3697 1.6624 -0.21446)
(69.3899 1.50665 -0.203262)
(69.4073 1.37116 -0.194208)
(69.4214 1.25338 -0.186997)
(69.4325 1.15104 -0.181341)
(69.441 1.06215 -0.177008)
(69.4472 0.984922 -0.17379)
(69.4514 0.917814 -0.171496)
(69.4537 0.859472 -0.169957)
(69.4546 0.808725 -0.169026)
(69.454 0.764565 -0.168581)
(69.4524 0.726123 -0.168522)
(69.4498 0.692648 -0.168778)
(69.4463 0.663502 -0.169278)
(69.4421 0.638147 -0.169931)
(69.4373 0.616137 -0.170676)
(69.432 0.597111 -0.171474)
(69.4263 0.580773 -0.172291)
(69.4201 0.566893 -0.173088)
(69.4135 0.55531 -0.173792)
(69.4059 0.545948 -0.174262)
(69.3964 0.538941 -0.174187)
(69.3741 0.534754 -0.172961)
(67.9552 12.9308 0.000431181)
(68.064 11.4678 0.00101117)
(68.2447 10.0936 0.00200589)
(68.4668 8.83695 0.00382844)
(68.7049 7.70824 0.00721071)
(68.9439 6.70798 0.0134716)
(69.1757 5.83258 0.0248753)
(69.3995 5.07715 0.0445931)
(69.6286 4.43576 0.0758264)
(69.8934 3.89416 0.0929988)
(70.1612 3.32865 -0.0548035)
(70.2858 2.79603 -0.212259)
(70.3152 2.42098 -0.147872)
(70.3932 2.11483 -0.134219)
(70.4809 1.86421 -0.149057)
(70.5534 1.65033 -0.161475)
(70.6129 1.46583 -0.169633)
(70.6636 1.30752 -0.176582)
(70.7071 1.17186 -0.183243)
(70.7436 1.05552 -0.18938)
(70.7738 0.955836 -0.194716)
(70.7987 0.87058 -0.199198)
(70.8189 0.797831 -0.202902)
(70.8352 0.735891 -0.205925)
(70.8481 0.683276 -0.20836)
(70.8581 0.638696 -0.210294)
(70.8657 0.60104 -0.211804)
(70.871 0.569351 -0.212952)
(70.8746 0.542809 -0.213791)
(70.8766 0.520706 -0.214359)
(70.8774 0.502443 -0.214687)
(70.877 0.487524 -0.214807)
(70.8758 0.475532 -0.21475)
(70.8738 0.466119 -0.214543)
(70.8712 0.459 -0.214206)
(70.8683 0.453948 -0.213749)
(70.8653 0.450784 -0.213163)
(70.8628 0.449352 -0.212419)
(70.8626 0.449444 -0.21148)
(70.8764 0.450378 -0.210406)
(67.9737 12.8255 0.000345602)
(68.1449 11.2743 0.000802391)
(68.4286 9.83948 0.00155298)
(68.774 8.55046 0.00285652)
(69.1401 7.41106 0.00511769)
(69.504 6.4137 0.00894806)
(69.8548 5.54792 0.0151249)
(70.1888 4.8021 0.0240509)
(70.5093 4.16207 0.0344357)
(70.824 3.60298 0.0360668)
(71.12 3.08003 0.00187613)
(71.3421 2.59429 -0.075307)
(71.4932 2.22867 -0.121814)
(71.6254 1.92678 -0.156645)
(71.7438 1.66022 -0.180209)
(71.845 1.42652 -0.190232)
(71.933 1.22405 -0.192578)
(72.0106 1.04899 -0.19201)
(72.0786 0.897399 -0.190233)
(72.1376 0.766024 -0.187779)
(72.1884 0.652186 -0.184993)
(72.232 0.553578 -0.182165)
(72.2694 0.468161 -0.179486)
(72.3013 0.394154 -0.177043)
(72.3283 0.330016 -0.174859)
(72.3511 0.274422 -0.172931)
(72.3704 0.226237 -0.171246)
(72.3865 0.184493 -0.16979)
(72.4 0.148359 -0.168545)
(72.4111 0.117131 -0.167486)
(72.4203 0.0902106 -0.166593)
(72.4279 0.0670916 -0.165857)
(72.434 0.0473455 -0.165266)
(72.439 0.0306116 -0.1648)
(72.4429 0.0165904 -0.164434)
(72.4461 0.00504089 -0.164138)
(72.4483 -0.00421657 -0.163872)
(72.4492 -0.0112833 -0.16359)
(72.4473 -0.0160968 -0.163239)
(72.4303 -0.0185693 -0.162751)
(67.9987 12.6657 0.000255487)
(68.2527 10.9827 0.000585833)
(68.6676 9.46359 0.00110163)
(69.1608 8.13687 0.00194324)
(69.6698 6.99365 0.00329576)
(70.1646 6.01404 0.00537066)
(70.6328 5.17889 0.00827629)
(71.0696 4.4698 0.0115856)
(71.4745 3.86732 0.0134147)
(71.8488 3.3487 0.00794501)
(72.1844 2.88824 -0.0153415)
(72.4586 2.47464 -0.0536719)
(72.6705 2.1311 -0.077887)
(72.8473 1.84539 -0.0850915)
(73.0046 1.60412 -0.0867962)
(73.1437 1.40225 -0.0873585)
(73.2654 1.23403 -0.0878701)
(73.3712 1.09315 -0.0888088)
(73.463 0.974617 -0.0901921)
(73.5424 0.874678 -0.0918412)
(73.6107 0.790364 -0.0936023)
(73.6696 0.719208 -0.0953761)
(73.7202 0.659146 -0.097091)
(73.7636 0.608466 -0.0986914)
(73.8009 0.565738 -0.100141)
(73.8329 0.529766 -0.101421)
(73.8604 0.499544 -0.102533)
(73.8839 0.474218 -0.103481)
(73.9041 0.453073 -0.10427)
(73.9215 0.435507 -0.104905)
(73.9365 0.421016 -0.105396)
(73.9495 0.409182 -0.105758)
(73.9608 0.399652 -0.106009)
(73.9706 0.392135 -0.106161)
(73.9794 0.386391 -0.106223)
(73.9873 0.382219 -0.106203)
(73.9948 0.379452 -0.106109)
(74.0027 0.377926 -0.10594)
(74.0131 0.377392 -0.105706)
(74.0428 0.377198 -0.10535)
(68.0366 12.4279 0.000177335)
(68.4118 10.5554 0.000401289)
(69.0091 8.92418 0.000732399)
(69.6933 7.54921 0.00123757)
(70.3748 6.39279 0.00198572)
(71.0199 5.416 0.0030164)
(71.6182 4.59051 0.00424078)
(72.1653 3.89253 0.0052137)
(72.6595 3.29938 0.00475807)
(73.1017 2.78916 0.000408631)
(73.4899 2.34211 -0.0108971)
(73.8186 1.9487 -0.0271827)
(74.0907 1.61449 -0.0400471)
(74.3204 1.336 -0.0475377)
(74.5189 1.1018 -0.0534499)
(74.6904 0.902844 -0.0587088)
(74.8376 0.73283 -0.0626889)
(74.9637 0.586866 -0.0653505)
(75.072 0.461125 -0.0670309)
(75.1651 0.352599 -0.0680054)
(75.245 0.258829 -0.0684529)
(75.3136 0.17775 -0.0685141)
(75.3724 0.107619 -0.0683064)
(75.4229 0.0469578 -0.0679208)
(75.4662 -0.00549588 -0.0674234)
(75.5034 -0.0508228 -0.0668619)
(75.5353 -0.0899518 -0.0662709)
(75.5627 -0.12368 -0.0656746)
(75.5862 -0.152688 -0.0650895)
(75.6064 -0.177558 -0.0645275)
(75.6239 -0.198785 -0.0639983)
(75.639 -0.216796 -0.0635088)
(75.6522 -0.231953 -0.0630617)
(75.6638 -0.244567 -0.0626561)
(75.674 -0.2549 -0.0622896)
(75.683 -0.263173 -0.0619581)
(75.691 -0.269567 -0.0616538)
(75.6972 -0.27422 -0.0613634)
(75.7 -0.277193 -0.0610744)
(75.6861 -0.278536 -0.060745)
(68.0977 12.0718 0.000117257)
(68.659 9.94691 0.000261332)
(69.5093 8.2186 0.00046188)
(70.424 6.86142 0.000745712)
(71.2869 5.78226 0.0011294)
(72.0761 4.91075 0.0015948)
(72.7929 4.20263 0.00203097)
(73.4369 3.62381 0.00213091)
(74.0087 3.14535 0.00126245)
(74.5118 2.74374 -0.00160821)
(74.95 2.40126 -0.00747707)
(75.3255 2.10758 -0.015606)
(75.6434 1.8593 -0.022996)
(75.913 1.65177 -0.0278494)
(76.1439 1.47722 -0.0307852)
(76.3426 1.32924 -0.0325275)
(76.5134 1.20358 -0.0333787)
(76.6606 1.09686 -0.0336779)
(76.7875 1.00615 -0.0337642)
(76.8971 0.928922 -0.0338272)
(76.9916 0.863097 -0.0339348)
(77.0732 0.806929 -0.0341063)
(77.1436 0.758949 -0.0343433)
(77.2045 0.717921 -0.0346372)
(77.257 0.682804 -0.0349724)
(77.3025 0.65272 -0.0353329)
(77.3418 0.626926 -0.0357046)
(77.3759 0.604798 -0.0360767)
(77.4055 0.58581 -0.0364411)
(77.4313 0.569516 -0.0367913)
(77.4538 0.555543 -0.0371229)
(77.4736 0.543574 -0.0374325)
(77.4911 0.533347 -0.0377174)
(77.5066 0.524641 -0.0379755)
(77.5206 0.517276 -0.0382051)
(77.5333 0.511104 -0.0384041)
(77.5453 0.506007 -0.0385693)
(77.5576 0.501904 -0.0386951)
(77.572 0.49876 -0.0387712)
(77.6076 0.496539 -0.0387375)
(68.2215 11.4881 7.61402e-05)
(69.1301 8.97073 0.000167877)
(70.4029 7.05099 0.000288509)
(71.658 5.5995 0.000444821)
(72.7609 4.46548 0.00063307)
(73.7237 3.56617 0.000823803)
(74.5702 2.85154 0.000931079)
(75.3093 2.27973 0.000770711)
(75.9489 1.816 2.56928e-05)
(76.5 1.43428 -0.00172893)
(76.973 1.11587 -0.00479621)
(77.3764 0.848282 -0.00880907)
(77.7183 0.623983 -0.0126073)
(78.008 0.437069 -0.0153396)
(78.2547 0.281348 -0.0171485)
(78.4654 0.151259 -0.0184755)
(78.6457 0.0424174 -0.0195239)
(78.7999 -0.048744 -0.0203557)
(78.932 -0.125226 -0.021015)
(79.0451 -0.189499 -0.0215304)
(79.142 -0.243562 -0.021913)
(79.225 -0.289038 -0.0221715)
(79.2962 -0.327262 -0.022319)
(79.3572 -0.359335 -0.0223706)
(79.4096 -0.386175 -0.0223414)
(79.4545 -0.408545 -0.0222456)
(79.493 -0.427086 -0.0220966)
(79.5262 -0.442336 -0.0219066)
(79.5548 -0.45475 -0.0216859)
(79.5794 -0.464712 -0.0214436)
(79.6008 -0.472546 -0.021187)
(79.6194 -0.478524 -0.0209224)
(79.6357 -0.482876 -0.0206543)
(79.6501 -0.485794 -0.0203859)
(79.6628 -0.487436 -0.0201191)
(79.6743 -0.487936 -0.0198547)
(79.6845 -0.487416 -0.0195927)
(79.693 -0.486019 -0.0193329)
(79.6982 -0.484011 -0.0190808)
(79.6895 -0.48202 -0.0188373)
(68.4423 10.5916 4.70773e-05)
(69.8719 7.95096 9.85221e-05)
(71.6494 6.36119 0.000160497)
(73.2411 5.29427 0.00023427)
(74.5734 4.48227 0.000312881)
(75.7172 3.84627 0.000371551)
(76.7095 3.34708 0.000353217)
(77.5622 2.94798 0.000154625)
(78.2896 2.62054 -0.000378153)
(78.9097 2.34638 -0.001421)
(79.4385 2.11366 -0.00306899)
(79.8887 1.91455 -0.00515695)
(80.271 1.74394 -0.00723144)
(80.5958 1.59798 -0.00889519)
(80.8723 1.47296 -0.0100952)
(81.1083 1.36542 -0.0109614)
(81.31 1.2725 -0.0115797)
(81.4827 1.19192 -0.0119913)
(81.6308 1.12178 -0.0122465)
(81.7578 1.06052 -0.0124014)
(81.867 1.00685 -0.0124998)
(81.9609 0.959677 -0.0125713)
(82.0417 0.918104 -0.0126359)
(82.1114 0.881359 -0.012706)
(82.1715 0.848789 -0.0127884)
(82.2234 0.819837 -0.0128854)
(82.2683 0.794028 -0.0129972)
(82.3072 0.770954 -0.0131221)
(82.3409 0.750266 -0.0132581)
(82.3704 0.731665 -0.0134027)
(82.3961 0.714895 -0.0135536)
(82.4187 0.699737 -0.0137087)
(82.4386 0.686008 -0.0138657)
(82.4563 0.673553 -0.0140226)
(82.4723 0.662246 -0.0141773)
(82.4868 0.651985 -0.0143273)
(82.5003 0.642705 -0.0144693)
(82.5137 0.634414 -0.0145976)
(82.5283 0.627339 -0.0147002)
(82.5594 0.62215 -0.0147337)
(69.2971 7.94368 4.32118e-05)
(72.1874 4.14956 9.13147e-05)
(74.8021 2.29821 0.000137036)
(76.6691 1.28911 0.000176111)
(78.0797 0.642749 0.000205576)
(79.2573 0.215403 0.000208753)
(80.2606 -0.0645552 0.000148092)
(81.1062 -0.252456 -3.56567e-05)
(81.8172 -0.384532 -0.000418993)
(82.4185 -0.481108 -0.00107527)
(82.9293 -0.553678 -0.00202697)
(83.3636 -0.609166 -0.00318377)
(83.7324 -0.651769 -0.00434156)
(84.0458 -0.684163 -0.0053049)
(84.3125 -0.70838 -0.006012)
(84.5399 -0.726103 -0.00651021)
(84.734 -0.738649 -0.00686119)
(84.9 -0.747017 -0.00710664)
(85.042 -0.752001 -0.00727824)
(85.1637 -0.75425 -0.00740114)
(85.268 -0.754291 -0.00749057)
(85.3575 -0.752553 -0.00755333)
(85.4343 -0.749385 -0.00759209)
(85.5003 -0.745072 -0.00760813)
(85.557 -0.739848 -0.00760239)
(85.6058 -0.733902 -0.00757588)
(85.6479 -0.727391 -0.00752998)
(85.6841 -0.720445 -0.00746655)
(85.7155 -0.713165 -0.00738781)
(85.7427 -0.705638 -0.00729621)
(85.7663 -0.69793 -0.00719434)
(85.787 -0.690093 -0.00708488)
(85.8052 -0.682166 -0.00697051)
(85.8213 -0.674176 -0.00685363)
(85.8357 -0.666144 -0.00673602)
(85.8487 -0.658089 -0.00661836)
(85.8606 -0.650055 -0.00649995)
(85.8711 -0.642171 -0.00637913)
(85.8796 -0.634885 -0.00625721)
(85.8823 -0.629377 -0.0061376)
(70.8596 9.66044 6.17675e-06)
(76.221 6.76866 3.24161e-05)
(80.3157 5.16207 6.38176e-05)
(82.8347 4.1601 8.71128e-05)
(84.5656 3.46158 0.000100194)
(85.9353 2.95665 9.11233e-05)
(87.0541 2.58397 3.22266e-05)
(87.9637 2.29978 -0.000115969)
(88.7088 2.07554 -0.00039944)
(89.3278 1.89383 -0.00085773)
(89.8473 1.74362 -0.00149849)
(90.2852 1.61748 -0.00226968)
(90.6552 1.51025 -0.00306136)
(90.9684 1.41821 -0.00376047)
(91.2341 1.33857 -0.00431435)
(91.4602 1.26913 -0.00473392)
(91.6529 1.20816 -0.00505013)
(91.8174 1.15427 -0.00528652)
(91.958 1.10635 -0.00546034)
(92.0783 1.06351 -0.00558735)
(92.1815 1.025 -0.00568111)
(92.2699 0.990216 -0.00575179)
(92.3459 0.958655 -0.0058067)
(92.4111 0.929898 -0.00585123)
(92.4672 0.903595 -0.00588924)
(92.5154 0.879449 -0.00592328)
(92.557 0.857208 -0.00595496)
(92.5929 0.836654 -0.00598521)
(92.624 0.817602 -0.00601457)
(92.6509 0.799892 -0.00604339)
(92.6743 0.783384 -0.0060721)
(92.6947 0.767957 -0.00610139)
(92.7127 0.753507 -0.00613226)
(92.7286 0.739942 -0.00616569)
(92.7428 0.727186 -0.00620218)
(92.7557 0.71518 -0.00624096)
(92.7675 0.7039 -0.0062793)
(92.7786 0.693424 -0.00631211)
(92.7894 0.684188 -0.00633208)
(92.8058 0.677492 -0.00632176)
(65.0188 10.1797 8.53164e-05)
(58.9626 7.28909 0.000109364)
(54.1699 5.58678 0.000156449)
(51.1527 4.46645 0.000261093)
(49.0109 3.65014 0.00040343)
(47.2581 3.0423 0.000584989)
(45.7934 2.585 0.000822781)
(44.5854 2.23219 0.00112366)
(43.5859 1.95231 0.00147924)
(42.7487 1.72557 0.00186876)
(42.0411 1.53903 0.00226255)
(41.4404 1.38362 0.00262983)
(40.9292 1.25273 0.00295028)
(40.4932 1.14148 0.00321817)
(40.1206 1.04617 0.00343397)
(39.8018 0.963999 0.0035983)
(39.5287 0.892739 0.00371551)
(39.2946 0.830617 0.00379557)
(39.0938 0.776194 0.00384972)
(38.9214 0.728293 0.0038865)
(38.7734 0.685947 0.00391155)
(38.6463 0.648354 0.00392901)
(38.5371 0.614845 0.00394219)
(38.4433 0.584857 0.00395371)
(38.3626 0.557919 0.00396555)
(38.2933 0.533631 0.00397905)
(38.2336 0.511654 0.00399498)
(38.1823 0.4917 0.00401344)
(38.138 0.473521 0.00403387)
(38.0999 0.456908 0.0040553)
(38.0669 0.441678 0.0040767)
(38.0382 0.427677 0.00409744)
(38.0133 0.41477 0.00411765)
(37.9914 0.402843 0.00413821)
(37.972 0.391799 0.00416046)
(37.9547 0.381561 0.00418574)
(37.9391 0.372087 0.00421494)
(37.9246 0.363425 0.00424843)
(37.911 0.355935 0.00428542)
(37.8914 0.350903 0.00432526)
(66.5298 8.53294 1.2465e-05)
(63.5026 4.96654 4.11657e-05)
(60.6709 3.18176 0.000110615)
(58.5863 2.16341 0.000228163)
(56.9595 1.47694 0.000386853)
(55.5664 1.00123 0.000593977)
(54.3596 0.673107 0.000864406)
(53.3309 0.44001 0.00120432)
(52.458 0.266897 0.00160426)
(51.7141 0.134091 0.00203785)
(51.0777 0.0302451 0.00246534)
(50.5324 -0.0520168 0.00284669)
(50.0649 -0.117854 0.0031614)
(49.6637 -0.170942 0.00341028)
(49.3192 -0.213889 0.00359559)
(49.0233 -0.248588 0.00371628)
(48.7689 -0.276491 0.00377963)
(48.5502 -0.298763 0.00380187)
(48.362 -0.316351 0.00379859)
(48.2 -0.330027 0.00377969)
(48.0605 -0.340421 0.00375061)
(47.9403 -0.34806 0.00371459)
(47.8368 -0.353386 0.00367364)
(47.7474 -0.356773 0.00362892)
(47.6703 -0.358535 0.00358118)
(47.6037 -0.35894 0.003531)
(47.5461 -0.35821 0.00347891)
(47.4962 -0.356537 0.00342527)
(47.4529 -0.354078 0.00337013)
(47.4152 -0.350965 0.00331324)
(47.3822 -0.347309 0.00325427)
(47.3533 -0.343198 0.00319324)
(47.3277 -0.338703 0.00313092)
(47.3049 -0.333879 0.00306899)
(47.2844 -0.328768 0.00300987)
(47.2658 -0.323403 0.00295612)
(47.2487 -0.317818 0.00291003)
(47.2329 -0.312088 0.00287419)
(47.2191 -0.306482 0.00285358)
(47.2065 -0.301703 0.0028784)
(67.4101 10.9785 6.46097e-05)
(66.0196 8.49471 0.000145463)
(64.2442 6.92831 0.000254041)
(62.6174 5.81539 0.000411291)
(61.2235 4.92946 0.000637054)
(60.0028 4.21212 0.000954366)
(58.9297 3.63249 0.00138796)
(57.9997 3.15751 0.0019515)
(57.2017 2.76106 0.00263296)
(56.5181 2.42623 0.00338434)
(55.9321 2.14173 0.00412616)
(55.4295 1.89895 0.00478058)
(54.9983 1.69087 0.00532511)
(54.6282 1.51177 0.00578048)
(54.3105 1.35715 0.00614666)
(54.0376 1.22342 0.00641018)
(53.8031 1.10756 0.00658168)
(53.6015 1.00697 0.00668979)
(53.428 0.919474 0.00675886)
(53.2786 0.843219 0.00680383)
(53.1499 0.776648 0.00683526)
(53.039 0.718435 0.00686207)
(52.9433 0.667448 0.00689121)
(52.8608 0.622715 0.00692725)
(52.7894 0.583405 0.00697275)
(52.7276 0.548803 0.00702871)
(52.6742 0.518296 0.00709496)
(52.6278 0.491354 0.00717038)
(52.5874 0.467524 0.00725308)
(52.5522 0.446413 0.00734067)
(52.5214 0.427687 0.00743075)
(52.4943 0.41106 0.00752144)
(52.4704 0.396287 0.00761198)
(52.449 0.383166 0.00770298)
(52.4298 0.371531 0.00779618)
(52.4123 0.36125 0.00789366)
(52.3961 0.352238 0.00799697)
(52.3805 0.344487 0.00810654)
(52.3648 0.338206 0.00821996)
(52.3376 0.334 0.00834502)
(67.6708 11.9569 9.36708e-05)
(66.8702 9.71404 0.00020082)
(65.6924 7.93072 0.000351293)
(64.5 6.52381 0.000586131)
(63.431 5.38102 0.000947772)
(62.4813 4.44482 0.00148308)
(61.6366 3.67923 0.00224061)
(60.8946 3.0507 0.00325064)
(60.2507 2.53044 0.00449273)
(59.6954 2.09694 0.00586479)
(59.2173 1.73435 0.00718655)
(58.8059 1.43025 0.0082861)
(58.4518 1.17416 0.0091592)
(58.1472 0.957586 0.00987962)
(57.8854 0.77403 0.0104252)
(57.6605 0.618398 0.0107684)
(57.4672 0.486406 0.0109569)
(57.301 0.374396 0.0110601)
(57.158 0.279306 0.011116)
(57.035 0.19859 0.0111362)
(56.9292 0.130113 0.011124)
(56.8381 0.0720719 0.0110828)
(56.7597 0.0229365 0.0110164)
(56.6922 -0.0185869 0.0109281)
(56.634 -0.0535943 0.0108218)
(56.5838 -0.0830155 0.0107012)
(56.5404 -0.10764 0.0105702)
(56.5029 -0.128138 0.0104319)
(56.4704 -0.14508 0.010289)
(56.4422 -0.15895 0.0101436)
(56.4175 -0.170157 0.0099974)
(56.3959 -0.179048 0.00985243)
(56.3768 -0.18591 0.00971103)
(56.3599 -0.190982 0.00957639)
(56.3447 -0.194458 0.00945233)
(56.3309 -0.196497 0.0093427)
(56.3184 -0.197234 0.00925095)
(56.3073 -0.196809 0.00918063)
(56.2985 -0.195446 0.00913791)
(56.2965 -0.193662 0.00916099)
(67.7788 12.4142 0.000133739)
(67.3004 10.4832 0.000293946)
(66.5534 8.83697 0.000530956)
(65.7391 7.48687 0.000907484)
(64.9638 6.36973 0.00150049)
(64.2484 5.43605 0.00240586)
(63.5951 4.65432 0.00372887)
(63.0083 3.99859 0.00554585)
(62.4903 3.44624 0.00783148)
(62.0379 2.97939 0.0103742)
(61.6449 2.58445 0.0127661)
(61.3039 2.25004 0.0146507)
(61.0078 1.96555 0.0162081)
(60.7514 1.72227 0.017624)
(60.5301 1.51392 0.0186991)
(60.3394 1.33551 0.0193215)
(60.1749 1.18257 0.0196133)
(60.0329 1.05124 0.019735)
(59.9103 0.938327 0.0197823)
(59.8044 0.841187 0.0198055)
(59.713 0.757585 0.0198375)
(59.634 0.68561 0.0198992)
(59.5656 0.623621 0.0199993)
(59.5065 0.570216 0.0201374)
(59.4552 0.524193 0.0203086)
(59.4108 0.484522 0.020506)
(59.3722 0.450322 0.0207218)
(59.3386 0.420835 0.0209487)
(59.3094 0.395414 0.0211797)
(59.2838 0.373506 0.0214097)
(59.2613 0.354642 0.0216348)
(59.2415 0.338423 0.0218526)
(59.2239 0.324518 0.0220626)
(59.2082 0.312649 0.0222655)
(59.1941 0.302589 0.0224634)
(59.1811 0.294158 0.0226589)
(59.1691 0.28722 0.0228551)
(59.1572 0.281693 0.0230541)
(59.1445 0.277602 0.0232526)
(59.1184 0.275084 0.0234562)
(67.8391 12.6954 0.000188691)
(67.5502 10.9999 0.000419716)
(67.0733 9.4723 0.000773496)
(66.5179 8.14487 0.0013527)
(65.9593 6.99603 0.00229785)
(65.4264 6.00049 0.00379911)
(64.9307 5.1399 0.00608139)
(64.4799 4.39804 0.00933163)
(64.0789 3.75946 0.0135298)
(63.7277 3.21091 0.0182038)
(63.4224 2.74179 0.0222957)
(63.1564 2.34147 0.0249688)
(62.9238 1.99758 0.0272486)
(62.7215 1.70094 0.0295747)
(62.5472 1.44573 0.0313818)
(62.3972 1.22679 0.0325206)
(62.2679 1.03891 0.0332494)
(62.1562 0.877412 0.0337489)
(62.0599 0.738432 0.0340493)
(61.977 0.61877 0.0341517)
(61.9055 0.515718 0.0340831)
(61.844 0.426962 0.0338848)
(61.791 0.35053 0.0335951)
(61.7452 0.284739 0.0332454)
(61.7057 0.228155 0.0328609)
(61.6716 0.179546 0.0324614)
(61.642 0.137858 0.0320617)
(61.6164 0.102185 0.0316718)
(61.5942 0.0717483 0.0312982)
(61.5747 0.0458812 0.0309449)
(61.5577 0.0240132 0.0306139)
(61.5427 0.00565927 0.0303067)
(61.5295 -0.00959105 0.0300249)
(61.5176 -0.0220836 0.0297709)
(61.5069 -0.0321088 0.0295477)
(61.4972 -0.0399087 0.0293587)
(61.4885 -0.0456813 0.0292077)
(61.481 -0.0495829 0.0291002)
(61.4758 -0.0517267 0.0290437)
(61.4793 -0.0522604 0.0290855)
(67.8736 12.8645 0.000253787)
(67.6993 11.3181 0.000571423)
(67.4005 9.87891 0.00107637)
(67.0374 8.58492 0.00193363)
(66.659 7.43796 0.0033872)
(66.2898 6.42852 0.00579443)
(65.9418 5.5458 0.00961969)
(65.6231 4.7782 0.0153168)
(65.339 4.1139 0.0229654)
(65.0918 3.54279 0.0316409)
(64.8782 3.05788 0.0386632)
(64.6897 2.6478 0.0424834)
(64.5211 2.29419 0.0468353)
(64.3741 1.98781 0.0509963)
(64.2484 1.72434 0.0532735)
(64.1405 1.49878 0.0539195)
(64.0468 1.30569 0.0539468)
(63.9653 1.14039 0.0539684)
(63.8944 0.998988 0.0541524)
(63.833 0.878152 0.0545021)
(63.7797 0.774957 0.0549943)
(63.7335 0.686855 0.0555985)
(63.6935 0.611658 0.056277)
(63.6587 0.547498 0.0569932)
(63.6285 0.492778 0.0577171)
(63.6021 0.446132 0.0584262)
(63.5792 0.406397 0.0591045)
(63.5592 0.372581 0.0597417)
(63.5416 0.343841 0.060333)
(63.5262 0.319462 0.0608776)
(63.5125 0.298841 0.0613776)
(63.5004 0.281469 0.0618356)
(63.4895 0.266922 0.0622546)
(63.4797 0.254845 0.0626387)
(63.4707 0.244945 0.0629947)
(63.4625 0.236983 0.0633314)
(63.4546 0.230768 0.0636602)
(63.4467 0.226162 0.0639938)
(63.4377 0.223091 0.0643357)
(63.4164 0.221487 0.064697)
(67.8959 12.9622 0.000322378)
(67.7987 11.5077 0.000735817)
(67.6273 10.1324 0.00141727)
(67.4127 8.87108 0.00261731)
(67.1826 7.73398 0.00473571)
(66.9535 6.71935 0.0084082)
(66.7347 5.8209 0.0145491)
(66.5335 5.0302 0.0241984)
(66.3561 4.33835 0.0377355)
(66.2078 3.73874 0.0529999)
(66.0837 3.23305 0.0606833)
(65.9663 2.80989 0.0609355)
(65.8524 2.43782 0.0699585)
(65.7532 2.1121 0.080449)
(65.6706 1.83221 0.0877319)
(65.6003 1.59205 0.0920831)
(65.539 1.38462 0.094576)
(65.4856 1.20479 0.0957471)
(65.4393 1.04893 0.0958928)
(65.3992 0.913999 0.0953213)
(65.3644 0.797276 0.094326)
(65.334 0.696352 0.0931212)
(65.3074 0.60914 0.0918406)
(65.2841 0.533842 0.0905664)
(65.2637 0.468899 0.0893499)
(65.2458 0.412958 0.0882201)
(65.23 0.364843 0.0871888)
(65.216 0.323541 0.086256)
(65.2035 0.288174 0.0854153)
(65.1924 0.257992 0.0846585)
(65.1824 0.23235 0.0839783)
(65.1734 0.210699 0.0833695)
(65.1652 0.192573 0.0828281)
(65.1576 0.177575 0.0823505)
(65.1507 0.165371 0.0819333)
(65.1442 0.155683 0.0815761)
(65.1383 0.148282 0.081284)
(65.1333 0.14299 0.0810709)
(65.1304 0.139698 0.0809588)
(65.1364 0.138336 0.0810293)
(67.9125 13.0107 0.000382047)
(67.8733 11.6051 0.000883772)
(67.8008 10.2669 0.00173773)
(67.7066 9.02697 0.00329411)
(67.603 7.89837 0.00615495)
(67.4979 6.88364 0.0113656)
(67.3968 5.97961 0.0206205)
(67.305 5.17961 0.0362849)
(67.2298 4.47529 0.0600938)
(67.1839 3.8611 0.0906202)
(67.1594 3.35153 0.0941213)
(67.1154 2.93883 0.0715768)
(67.054 2.56194 0.080182)
(67.0072 2.22235 0.0892369)
(66.9735 1.92837 0.0906997)
(66.9434 1.67812 0.0903744)
(66.9145 1.46458 0.0917391)
(66.8882 1.2815 0.0945603)
(66.8651 1.12439 0.0978511)
(66.8451 0.989668 0.101123)
(66.8277 0.874158 0.10424)
(66.8123 0.775101 0.107147)
(66.7987 0.690145 0.109799)
(66.7868 0.617295 0.112175)
(66.7761 0.554848 0.114279)
(66.7666 0.501345 0.116133)
(66.758 0.455538 0.117766)
(66.7502 0.416359 0.119211)
(66.7432 0.382893 0.120497)
(66.7366 0.354366 0.121652)
(66.7306 0.330117 0.122698)
(66.7249 0.30959 0.123654)
(66.7196 0.292317 0.124537)
(66.7145 0.277907 0.125361)
(66.7097 0.266039 0.126139)
(66.7049 0.256447 0.126888)
(66.7001 0.248917 0.127633)
(66.695 0.243282 0.128407)
(66.6886 0.239446 0.129234)
(66.6715 0.237428 0.130123)
(67.9266 13.0199 0.000416033)
(67.9366 11.6277 0.000972933)
(67.9489 10.3014 0.00194252)
(67.9609 9.06964 0.00375612)
(67.972 7.94619 0.00720616)
(67.982 6.93525 0.0137988)
(67.9912 6.0353 0.0263565)
(68.0014 5.24144 0.0499465)
(68.0199 4.54764 0.0929927)
(68.074 3.95205 0.160721)
(68.157 3.4689 0.125164)
(68.1778 3.08642 0.0581937)
(68.1422 2.74482 0.0987486)
(68.1296 2.43217 0.147382)
(68.1389 2.15129 0.170344)
(68.1507 1.90502 0.176474)
(68.1577 1.69142 0.176908)
(68.1614 1.50675 0.175548)
(68.1635 1.34749 0.173115)
(68.1647 1.21051 0.170076)
(68.1647 1.0929 0.166916)
(68.1638 0.992066 0.163916)
(68.1621 0.905737 0.161175)
(68.1597 0.83194 0.15871)
(68.1569 0.768966 0.156503)
(68.1536 0.715341 0.154525)
(68.1499 0.669791 0.152741)
(68.1459 0.631224 0.151122)
(68.1417 0.598701 0.149637)
(68.1373 0.571421 0.14826)
(68.1327 0.548698 0.14697)
(68.128 0.529944 0.145749)
(68.1231 0.514666 0.144588)
(68.1182 0.50245 0.143482)
(68.1132 0.492956 0.142433)
(68.1082 0.485902 0.141447)
(68.1033 0.481049 0.14055)
(68.099 0.478163 0.139801)
(68.0966 0.476941 0.139305)
(68.1038 0.476876 0.139167)
(67.9402 12.9936 0.000409715)
(67.9977 11.5823 0.000962212)
(68.0915 10.244 0.00192526)
(68.2061 9.00653 0.00372549)
(68.3292 7.88295 0.00714573)
(68.4532 6.87687 0.0136592)
(68.5741 5.9868 0.0259394)
(68.6927 5.20893 0.0483127)
(68.8185 4.53897 0.0855872)
(68.9827 3.97285 0.129399)
(69.1685 3.49221 0.0298273)
(69.2653 3.07609 -0.110623)
(69.2734 2.71803 -0.140491)
(69.2856 2.40522 -0.149502)
(69.3159 2.13268 -0.143976)
(69.3503 1.89404 -0.134321)
(69.3802 1.68506 -0.123489)
(69.4052 1.50294 -0.112673)
(69.4267 1.34478 -0.103035)
(69.4452 1.2076 -0.0949177)
(69.4604 1.08867 -0.0881596)
(69.4729 0.985611 -0.0825491)
(69.4827 0.896335 -0.0779153)
(69.4904 0.819008 -0.0741053)
(69.4961 0.752027 -0.070982)
(69.5002 0.694005 -0.0684276)
(69.5027 0.643743 -0.0663421)
(69.504 0.600208 -0.0646415)
(69.5041 0.562513 -0.0632583)
(69.5033 0.529894 -0.06214)
(69.5017 0.501701 -0.0612414)
(69.4993 0.477383 -0.0605155)
(69.4964 0.45648 -0.0599256)
(69.4929 0.438613 -0.0594443)
(69.4889 0.423474 -0.0590456)
(69.4846 0.410822 -0.058697)
(69.4798 0.40048 -0.0583476)
(69.4741 0.392356 -0.0579089)
(69.4664 0.386537 -0.0572357)
(69.4451 0.383373 -0.056254)
(67.9552 12.9308 0.000362486)
(68.0642 11.4677 0.000847705)
(68.2453 10.0934 0.00167285)
(68.468 8.8365 0.00316505)
(68.7075 7.70725 0.00587818)
(68.9486 6.70578 0.0107387)
(69.1838 5.82763 0.0191183)
(69.4118 5.06613 0.0323336)
(69.6387 4.41221 0.0493698)
(69.8768 3.85033 0.0537816)
(70.1045 3.34261 -0.00113715)
(70.2469 2.87659 -0.0992049)
(70.3165 2.49134 -0.106736)
(70.3904 2.17672 -0.100421)
(70.4734 1.91421 -0.10539)
(70.5479 1.68953 -0.112784)
(70.6104 1.49587 -0.118706)
(70.6639 1.32958 -0.123767)
(70.7099 1.18711 -0.128512)
(70.7491 1.06508 -0.132846)
(70.7822 0.960631 -0.136587)
(70.8098 0.871349 -0.139688)
(70.8327 0.795155 -0.1422)
(70.8516 0.730235 -0.144193)
(70.8671 0.675016 -0.14574)
(70.8795 0.628141 -0.146906)
(70.8893 0.588445 -0.147749)
(70.897 0.554929 -0.148319)
(70.9028 0.526738 -0.148654)
(70.9069 0.503141 -0.148783)
(70.9098 0.48352 -0.148733)
(70.9115 0.467358 -0.148526)
(70.9123 0.454222 -0.14819)
(70.9123 0.443757 -0.147745)
(70.9117 0.435669 -0.147208)
(70.9107 0.42972 -0.146585)
(70.9096 0.425716 -0.14587)
(70.909 0.423473 -0.145047)
(70.9107 0.422734 -0.144112)
(70.9262 0.422798 -0.143217)
(67.9737 12.8254 0.000290832)
(68.145 11.2741 0.000673628)
(68.429 9.83922 0.00129849)
(68.7749 8.54993 0.00237208)
(69.1417 7.40997 0.00420397)
(69.5067 6.41149 0.00722841)
(69.8589 5.54348 0.0119004)
(70.1938 4.7936 0.0181745)
(70.5119 4.14713 0.0242001)
(70.8149 3.58401 0.0220761)
(71.0911 3.07709 -0.00385348)
(71.3096 2.62121 -0.054658)
(71.4719 2.24967 -0.086052)
(71.6097 1.94519 -0.105968)
(71.7324 1.68288 -0.121832)
(71.8382 1.45407 -0.131177)
(71.9289 1.25552 -0.134996)
(72.0076 1.08368 -0.135994)
(72.076 0.934776 -0.135697)
(72.1351 0.805569 -0.134687)
(72.1858 0.6934 -0.133281)
(72.2292 0.596015 -0.131726)
(72.2663 0.511455 -0.130192)
(72.2978 0.438013 -0.128768)
(72.3245 0.374212 -0.127491)
(72.3471 0.318782 -0.126368)
(72.3661 0.270628 -0.125395)
(72.3819 0.228812 -0.124563)
(72.3952 0.192529 -0.123862)
(72.4062 0.16109 -0.123276)
(72.4152 0.13391 -0.12279)
(72.4226 0.110494 -0.122393)
(72.4287 0.0904237 -0.122073)
(72.4336 0.0733457 -0.121819)
(72.4375 0.0589669 -0.121617)
(72.4406 0.0470489 -0.12145)
(72.4429 0.0374105 -0.121297)
(72.4439 0.0299455 -0.12113)
(72.442 0.0247156 -0.120924)
(72.4248 0.0218941 -0.120681)
(67.9988 12.6656 0.000215239)
(68.2527 10.9826 0.000492563)
(68.6678 9.46335 0.000923731)
(69.1613 8.1364 0.00162119)
(69.6706 6.99276 0.00272767)
(70.1659 6.01239 0.00439193)
(70.6346 5.17591 0.00664513)
(71.0711 4.46476 0.00904756)
(71.4736 3.8597 0.00998785)
(71.8415 3.34025 0.00533547)
(72.1686 2.88612 -0.0112227)
(72.4418 2.48791 -0.0377466)
(72.6608 2.1531 -0.0563881)
(72.8429 1.87363 -0.0636588)
(73.0015 1.63729 -0.0661185)
(73.1404 1.43766 -0.0670673)
(73.2613 1.26983 -0.0675499)
(73.3662 1.12863 -0.0681695)
(73.457 1.00952 -0.0691281)
(73.5355 0.908892 -0.0703519)
(73.6031 0.823851 -0.0717207)
(73.6613 0.751989 -0.0731452)
(73.7112 0.691281 -0.0745587)
(73.7541 0.640023 -0.0759083)
(73.7908 0.596783 -0.0771563)
(73.8223 0.560358 -0.0782814)
(73.8491 0.529729 -0.079276)
(73.8722 0.504038 -0.0801406)
(73.8918 0.482559 -0.0808782)
(73.9087 0.464686 -0.0814928)
(73.9231 0.449909 -0.0819914)
(73.9355 0.437803 -0.0823845)
(73.9462 0.428014 -0.0826836)
(73.9555 0.420247 -0.0828983)
(73.9636 0.414257 -0.0830363)
(73.971 0.409842 -0.0831033)
(73.9778 0.40683 -0.0831033)
(73.9852 0.405049 -0.0830386)
(73.995 0.404251 -0.0829193)
(74.0241 0.403807 -0.0827259)
(68.0366 12.4278 0.000149539)
(68.4118 10.5553 0.000337913)
(69.0092 8.92399 0.000616166)
(69.6936 7.54887 0.00103746)
(70.3753 6.39217 0.00165457)
(71.0205 5.41494 0.00249121)
(71.6189 4.58876 0.00345618)
(72.1655 3.88992 0.0041622)
(72.6583 3.29609 0.00364963)
(73.0976 2.78662 0.000104829)
(73.4824 2.34401 -0.00847634)
(73.8103 1.95829 -0.0207631)
(74.0844 1.62882 -0.0309112)
(74.3155 1.35149 -0.0369643)
(74.5143 1.11739 -0.04138)
(74.6857 0.918468 -0.0453164)
(74.8329 0.748685 -0.0485022)
(74.9591 0.603236 -0.0508062)
(75.0673 0.478233 -0.0523894)
(75.1601 0.370557 -0.0534233)
(75.2397 0.277674 -0.0540298)
(75.3079 0.197474 -0.0543107)
(75.3663 0.128185 -0.0543561)
(75.4163 0.0683074 -0.0542386)
(75.4591 0.016571 -0.0540134)
(75.4957 -0.0281084 -0.053721)
(75.527 -0.0666574 -0.0533914)
(75.5538 -0.0998685 -0.0530459)
(75.5767 -0.128418 -0.0526992)
(75.5963 -0.152883 -0.0523615)
(75.6132 -0.173755 -0.0520404)
(75.6277 -0.191453 -0.0517412)
(75.6403 -0.206335 -0.0514662)
(75.6512 -0.218706 -0.0512147)
(75.6608 -0.228823 -0.0509846)
(75.6693 -0.236905 -0.0507728)
(75.6766 -0.24313 -0.0505744)
(75.6823 -0.247633 -0.0503824)
(75.6844 -0.25047 -0.0501909)
(75.6699 -0.251681 -0.0499697)
(68.0978 12.0717 9.86984e-05)
(68.6591 9.94684 0.000219693)
(69.5094 8.21847 0.000388507)
(70.4242 6.8612 0.000625297)
(71.2871 5.78188 0.000942555)
(72.0763 4.91013 0.00132296)
(72.793 4.2017 0.00166924)
(73.4367 3.62258 0.00172315)
(74.0077 3.14406 0.000972838)
(74.5095 2.74318 -0.00136595)
(74.9461 2.40287 -0.00597433)
(75.321 2.1124 -0.0122819)
(75.6395 1.86658 -0.0181074)
(75.9101 1.66035 -0.0220498)
(76.1416 1.48684 -0.0244861)
(76.3404 1.3399 -0.0259915)
(76.5113 1.21507 -0.0267939)
(76.6583 1.10891 -0.0271198)
(76.785 1.01854 -0.0272306)
(76.8941 0.941483 -0.0272967)
(76.9882 0.875706 -0.0273897)
(77.0694 0.819495 -0.027534)
(77.1394 0.771413 -0.0277355)
(77.1998 0.730243 -0.0279891)
(77.2519 0.694961 -0.0282827)
(77.297 0.664698 -0.0286029)
(77.3359 0.63872 -0.028937)
(77.3696 0.616407 -0.0292751)
(77.3988 0.597234 -0.0296092)
(77.4242 0.580759 -0.0299333)
(77.4463 0.566607 -0.0302429)
(77.4657 0.554465 -0.0305345)
(77.4827 0.544068 -0.0308054)
(77.4979 0.535197 -0.0310534)
(77.5114 0.527669 -0.031277)
(77.5238 0.521336 -0.0314749)
(77.5353 0.516079 -0.0316453)
(77.5472 0.511814 -0.0317849)
(77.5613 0.508504 -0.0318858)
(77.5965 0.506104 -0.0318964)
(68.2215 11.4881 6.47008e-05)
(69.1301 8.97068 0.000143947)
(70.4029 7.0509 0.000248939)
(71.6581 5.59935 0.000381049)
(72.7609 4.46524 0.00053699)
(73.7238 3.56582 0.000692938)
(74.5702 2.85106 0.000776179)
(75.309 2.27916 0.000633048)
(75.9482 1.81551 5.82725e-06)
(76.4987 1.43429 -0.00143691)
(76.971 1.11702 -0.0039105)
(77.374 0.851087 -0.00712236)
(77.7161 0.628297 -0.0101922)
(78.0062 0.442354 -0.0124445)
(78.253 0.287224 -0.0139452)
(78.4637 0.157507 -0.0150321)
(78.6439 0.0488747 -0.0158863)
(78.798 -0.0421684 -0.0165708)
(78.9299 -0.118544 -0.0171261)
(79.0428 -0.182683 -0.0175759)
(79.1395 -0.236575 -0.0179271)
(79.2223 -0.281848 -0.0181833)
(79.2933 -0.319841 -0.0183516)
(79.3541 -0.351664 -0.018442)
(79.4062 -0.378242 -0.0184656)
(79.4508 -0.400345 -0.018433)
(79.4892 -0.418619 -0.0183549)
(79.5221 -0.433606 -0.018241)
(79.5504 -0.445764 -0.0180999)
(79.5748 -0.455478 -0.0179386)
(79.5959 -0.463073 -0.0177631)
(79.6142 -0.468824 -0.0175785)
(79.6302 -0.472959 -0.0173883)
(79.6443 -0.47567 -0.0171955)
(79.6568 -0.477117 -0.0170018)
(79.6679 -0.477434 -0.0168084)
(79.6778 -0.476742 -0.0166159)
(79.6861 -0.475184 -0.0164248)
(79.691 -0.473025 -0.0162391)
(79.6819 -0.470902 -0.0160562)
(68.4423 10.5916 3.70116e-05)
(69.8719 7.95094 7.59757e-05)
(71.6495 6.36115 0.000126849)
(73.2411 5.2942 0.000188183)
(74.5734 4.48215 0.000254313)
(75.7172 3.8461 0.000304356)
(76.7095 3.34687 0.00028899)
(77.562 2.94776 0.000121388)
(78.2891 2.62043 -0.000324382)
(78.9089 2.34656 -0.00118756)
(79.4374 2.11439 -0.00253705)
(79.8874 1.91601 -0.0042368)
(80.2698 1.74606 -0.00592983)
(80.5946 1.60051 -0.00729891)
(80.8712 1.47573 -0.00829219)
(81.1072 1.36834 -0.00901091)
(81.3089 1.27555 -0.00952898)
(81.4816 1.19506 -0.00988046)
(81.6295 1.125 -0.0101031)
(81.7564 1.0638 -0.0102405)
(81.8654 1.01016 -0.0103284)
(81.9592 0.962993 -0.0103922)
(82.0398 0.921404 -0.0104491)
(82.1093 0.884623 -0.0105103)
(82.1692 0.852 -0.0105822)
(82.2209 0.822981 -0.0106673)
(82.2656 0.797095 -0.0107657)
(82.3043 0.773936 -0.0108763)
(82.3378 0.753158 -0.010997)
(82.367 0.734463 -0.0111255)
(82.3925 0.717596 -0.0112596)
(82.4149 0.70234 -0.0113972)
(82.4347 0.688511 -0.0115365)
(82.4522 0.675955 -0.011676)
(82.4679 0.664545 -0.0118142)
(82.4822 0.654181 -0.0119494)
(82.4955 0.644798 -0.0120793)
(82.5087 0.636402 -0.0121992)
(82.5232 0.629224 -0.0122988)
(82.5541 0.623932 -0.0123388)
(69.2971 7.94366 5.40461e-05)
(72.1874 4.14954 0.000101713)
(74.8021 2.29819 0.00013487)
(76.6691 1.28907 0.000157457)
(78.0797 0.64269 0.000175962)
(79.2573 0.215322 0.000176366)
(80.2606 -0.064653 0.000124053)
(81.106 -0.252548 -3.173e-05)
(81.8169 -0.384564 -0.000354274)
(82.418 -0.480989 -0.000902719)
(82.9287 -0.553289 -0.0016932)
(83.3628 -0.608413 -0.00265063)
(83.7317 -0.65065 -0.00361001)
(84.0451 -0.682753 -0.00441273)
(84.3118 -0.706759 -0.00500556)
(84.5392 -0.724318 -0.00542444)
(84.7333 -0.736733 -0.00571984)
(84.8992 -0.745002 -0.00592685)
(85.0412 -0.749911 -0.00607218)
(85.1628 -0.752096 -0.00617733)
(85.267 -0.752079 -0.00625572)
(85.3564 -0.750282 -0.00631341)
(85.4331 -0.747052 -0.00635262)
(85.499 -0.742671 -0.0063742)
(85.5556 -0.737371 -0.00637861)
(85.6043 -0.731345 -0.00636636)
(85.6463 -0.724749 -0.00633828)
(85.6824 -0.717711 -0.00629562)
(85.7136 -0.710338 -0.00623995)
(85.7407 -0.702714 -0.00617306)
(85.7642 -0.694907 -0.00609688)
(85.7848 -0.686971 -0.00601353)
(85.8029 -0.678945 -0.00592523)
(85.8189 -0.670858 -0.00583427)
(85.8332 -0.66273 -0.00574263)
(85.8461 -0.654583 -0.00565153)
(85.8578 -0.64646 -0.00556095)
(85.8683 -0.638491 -0.00546967)
(85.8766 -0.631124 -0.0053779)
(85.8792 -0.625549 -0.00528486)
(70.8596 9.66043 -2.39665e-05)
(76.221 6.76864 1.82541e-05)
(80.3157 5.16204 5.59567e-05)
(82.8347 4.16007 7.27793e-05)
(84.5656 3.46155 8.26014e-05)
(85.9353 2.95661 7.67195e-05)
(87.054 2.58394 2.82638e-05)
(87.9636 2.29975 -9.65736e-05)
(88.7086 2.07553 -0.000335233)
(89.3275 1.89387 -0.000719602)
(89.8469 1.74372 -0.00125498)
(90.2847 1.61765 -0.00189769)
(90.6547 1.51048 -0.00255729)
(90.9679 1.41848 -0.00314094)
(91.2336 1.33885 -0.00360451)
(91.4597 1.2694 -0.00395603)
(91.6523 1.20841 -0.00422105)
(91.8168 1.15449 -0.00441955)
(91.9573 1.10655 -0.00456604)
(92.0776 1.06368 -0.00467359)
(92.1807 1.02515 -0.00475345)
(92.2691 0.990342 -0.00481413)
(92.3449 0.958755 -0.00486179)
(92.4101 0.929971 -0.00490099)
(92.4661 0.903637 -0.00493502)
(92.5142 0.879455 -0.00496607)
(92.5557 0.857173 -0.0049955)
(92.5915 0.836574 -0.00502409)
(92.6225 0.817474 -0.00505214)
(92.6493 0.799711 -0.00507973)
(92.6726 0.783147 -0.00510694)
(92.6929 0.767662 -0.00513409)
(92.7108 0.753151 -0.00516191)
(92.7266 0.739524 -0.00519149)
(92.7407 0.726704 -0.00522383)
(92.7535 0.714634 -0.00525916)
(92.7651 0.703289 -0.00529602)
(92.7762 0.692748 -0.00533049)
(92.7869 0.683451 -0.00535572)
(92.8032 0.676702 -0.0053533)
(65.0188 10.1797 0.000180819)
(58.9625 7.28905 0.000161384)
(54.1699 5.58676 0.00015602)
(51.1527 4.46644 0.000230778)
(49.0109 3.65015 0.000327469)
(47.2582 3.04232 0.000437831)
(45.7935 2.58505 0.000584443)
(44.5855 2.23227 0.00077642)
(43.586 1.95243 0.0010067)
(42.7488 1.72573 0.00125996)
(42.0412 1.53922 0.0015162)
(41.4405 1.38383 0.00175531)
(40.9293 1.25296 0.00196418)
(40.4933 1.14172 0.00213905)
(40.1206 1.04642 0.00228006)
(39.8018 0.964236 0.00238745)
(39.5286 0.892964 0.00246397)
(39.2945 0.830828 0.00251606)
(39.0937 0.776388 0.00255105)
(38.9213 0.72847 0.00257451)
(38.7733 0.686107 0.0025901)
(38.6462 0.648496 0.00260048)
(38.537 0.614967 0.00260775)
(38.4432 0.58496 0.0026136)
(38.3625 0.558001 0.00261933)
(38.2932 0.533691 0.00262595)
(38.2335 0.51169 0.00263413)
(38.1822 0.491711 0.00264412)
(38.1379 0.473507 0.00265567)
(38.0998 0.456866 0.00266809)
(38.0668 0.441609 0.00268045)
(38.0381 0.42758 0.00269198)
(38.0132 0.414646 0.00270238)
(37.9913 0.402691 0.00271209)
(37.9719 0.391619 0.00272214)
(37.9546 0.381355 0.00273384)
(37.939 0.371856 0.00274841)
(37.9245 0.363172 0.00276663)
(37.9109 0.355664 0.00278798)
(37.8912 0.350629 0.00281232)
(66.5298 8.53293 -7.21907e-05)
(63.5026 4.96655 -0.000103518)
(60.671 3.18181 -6.42192e-05)
(58.5864 2.16347 3.77809e-05)
(56.9596 1.47704 0.000167307)
(55.5665 1.00138 0.000321019)
(54.3597 0.673339 0.00051292)
(53.331 0.440346 0.000749248)
(52.4581 0.267362 0.00102311)
(51.7142 0.134701 0.00131641)
(51.0776 0.0309976 0.00160314)
(50.5322 -0.0511389 0.00185799)
(50.0645 -0.116871 0.00206862)
(49.6632 -0.169866 0.00223587)
(49.3186 -0.212735 0.00236116)
(49.0224 -0.247374 0.00244374)
(48.7679 -0.275234 0.00248819)
(48.549 -0.297474 0.00250499)
(48.3607 -0.315038 0.00250443)
(48.1985 -0.328694 0.00249316)
(48.0589 -0.339071 0.00247486)
(47.9386 -0.346693 0.00245165)
(47.8349 -0.352003 0.00242481)
(47.7454 -0.355372 0.00239504)
(47.6682 -0.357114 0.00236279)
(47.6014 -0.357497 0.00232851)
(47.5437 -0.356744 0.00229269)
(47.4936 -0.355046 0.00225576)
(47.4502 -0.35256 0.00221791)
(47.4123 -0.349421 0.00217903)
(47.3792 -0.345737 0.00213872)
(47.3502 -0.341599 0.00209662)
(47.3244 -0.337077 0.00205282)
(47.3015 -0.332226 0.00200813)
(47.2809 -0.327088 0.00196417)
(47.2621 -0.321696 0.00192308)
(47.2449 -0.316083 0.00188715)
(47.229 -0.310324 0.00185897)
(47.215 -0.304688 0.00184235)
(47.2022 -0.299876 0.00185619)
(67.4101 10.9785 5.13145e-05)
(66.0196 8.49476 0.000121806)
(64.2443 6.92838 0.000202809)
(62.6174 5.81548 0.000314751)
(61.2236 4.92961 0.000469178)
(60.0029 4.21236 0.000679146)
(58.9298 3.63287 0.000962493)
(57.9999 3.15807 0.00132944)
(57.2019 2.76186 0.00177154)
(56.5183 2.42729 0.0022563)
(55.9321 2.14302 0.00273185)
(55.4294 1.90042 0.00314994)
(54.998 1.69248 0.00349825)
(54.6277 1.5135 0.00378998)
(54.3098 1.35896 0.00402491)
(54.0367 1.22526 0.00419411)
(53.802 1.1094 0.0043036)
(53.6002 1.0088 0.00437126)
(53.4265 0.921284 0.00441263)
(53.277 0.845002 0.00443728)
(53.1481 0.778398 0.00445201)
(53.0371 0.720145 0.00446267)
(52.9413 0.669111 0.00447394)
(52.8585 0.624326 0.00448898)
(52.787 0.58496 0.0045097)
(52.7251 0.550298 0.004537)
(52.6715 0.519729 0.00457106)
(52.6249 0.492724 0.00461138)
(52.5844 0.46883 0.0046569)
(52.5491 0.447657 0.00470608)
(52.5182 0.428869 0.00475717)
(52.491 0.412181 0.0048086)
(52.4668 0.397351 0.00485948)
(52.4453 0.384176 0.0049099)
(52.426 0.37249 0.00496097)
(52.4083 0.362163 0.00501441)
(52.392 0.353109 0.00507191)
(52.3763 0.345321 0.00513451)
(52.3605 0.339009 0.00520106)
(52.3331 0.334781 0.00527656)
(67.6708 11.9569 6.5957e-05)
(66.8702 9.71408 0.000135217)
(65.6925 7.9308 0.000223742)
(64.5001 6.52394 0.000371102)
(63.4311 5.38126 0.000607139)
(62.4816 4.44524 0.000959037)
(61.637 3.67991 0.00145646)
(60.895 3.05175 0.00211724)
(60.2512 2.53196 0.00292461)
(59.6958 2.09897 0.00380848)
(59.2175 1.73686 0.00465186)
(58.8059 1.43312 0.00535261)
(58.4515 1.17734 0.0059134)
(58.1466 0.961067 0.00637916)
(57.8846 0.777745 0.00673535)
(57.6594 0.62225 0.00696121)
(57.4658 0.490324 0.00708438)
(57.2994 0.378343 0.00714959)
(57.1562 0.283265 0.00718303)
(57.033 0.202555 0.00719291)
(56.927 0.134086 0.00718155)
(56.8357 0.0760582 0.00715081)
(56.7571 0.0269434 0.00710265)
(56.6894 -0.0145526 0.00703902)
(56.631 -0.0495271 0.00696221)
(56.5806 -0.0789115 0.00687482)
(56.537 -0.103497 0.00677947)
(56.4993 -0.123956 0.00667855)
(56.4666 -0.140859 0.00657401)
(56.4382 -0.15469 0.00646737)
(56.4134 -0.165861 0.00635984)
(56.3916 -0.174716 0.00625265)
(56.3723 -0.181543 0.00614736)
(56.3552 -0.186581 0.0060461)
(56.3398 -0.190025 0.00595156)
(56.3259 -0.192031 0.00586661)
(56.3132 -0.192736 0.005794)
(56.3019 -0.192277 0.00573655)
(56.293 -0.190882 0.00569879)
(56.2908 -0.189064 0.00570509)
(67.7788 12.4143 8.89384e-05)
(67.3005 10.4833 0.00019617)
(66.5535 8.83709 0.000351823)
(65.7393 7.48709 0.000601866)
(64.9641 6.37011 0.000996617)
(64.2489 5.4367 0.00159531)
(63.5957 4.6554 0.00246264)
(63.0092 4.00028 0.00364218)
(62.4912 3.44872 0.00510784)
(62.0388 2.98274 0.00671285)
(61.6455 2.58851 0.00819509)
(61.3041 2.2545 0.0093568)
(61.0077 1.97036 0.0103172)
(60.751 1.72747 0.0111947)
(60.5292 1.51942 0.0118749)
(60.3381 1.34116 0.0122739)
(60.1733 1.18829 0.0124547)
(60.031 1.05698 0.0125157)
(59.9081 0.944042 0.0125188)
(59.802 0.84683 0.0124979)
(59.7103 0.763116 0.0124767)
(59.631 0.690999 0.0124713)
(59.5625 0.62885 0.0124893)
(59.5031 0.575275 0.0125321)
(59.4517 0.529078 0.0125973)
(59.407 0.489236 0.0126812)
(59.3682 0.454869 0.0127792)
(59.3344 0.425224 0.0128868)
(59.305 0.399655 0.0129997)
(59.2792 0.377609 0.0131142)
(59.2565 0.358618 0.0132274)
(59.2365 0.342283 0.0133377)
(59.2187 0.328272 0.0134442)
(59.2028 0.316307 0.0135476)
(59.1884 0.306163 0.0136491)
(59.1753 0.297657 0.0137506)
(59.163 0.290653 0.0138543)
(59.151 0.285072 0.0139615)
(59.1381 0.280938 0.0140701)
(59.1118 0.278389 0.0141843)
(67.8391 12.6954 0.000125829)
(67.5503 11 0.000280829)
(67.0735 9.47245 0.000514943)
(66.5182 8.14516 0.000897301)
(65.9598 6.99656 0.00151963)
(65.4273 6.00143 0.00250227)
(64.9319 5.14153 0.00398318)
(64.4816 4.40072 0.00606695)
(64.0808 3.76356 0.00871447)
(63.7294 3.21659 0.011598)
(63.4235 2.7486 0.0140611)
(63.1568 2.34875 0.0156913)
(62.9239 2.00555 0.0170704)
(62.7212 1.7097 0.0184816)
(62.5464 1.4549 0.0195889)
(62.3958 1.236 0.0202673)
(62.266 1.048 0.020679)
(62.1539 0.886398 0.0209532)
(62.0572 0.747342 0.0211119)
(61.9739 0.62764 0.021151)
(61.9022 0.524579 0.0210821)
(61.8403 0.435836 0.0209281)
(61.787 0.359432 0.0207116)
(61.7409 0.293677 0.0204518)
(61.7012 0.237131 0.0201653)
(61.6668 0.18856 0.0198654)
(61.637 0.146907 0.019563)
(61.6112 0.111266 0.0192656)
(61.5887 0.0808583 0.0189789)
(61.569 0.0550179 0.0187064)
(61.5518 0.0331755 0.0184504)
(61.5366 0.0148469 0.0182121)
(61.5231 -0.000377825 0.0179929)
(61.511 -0.0128442 0.0177942)
(61.5001 -0.0228423 0.0176183)
(61.4902 -0.030613 0.0174674)
(61.4813 -0.0363526 0.0173445)
(61.4735 -0.0402153 0.0172533)
(61.4681 -0.042313 0.0171988)
(61.4714 -0.0427928 0.0172098)
(67.8736 12.8646 0.000169066)
(67.6994 11.3181 0.000380922)
(67.4007 9.87909 0.000714984)
(67.0379 8.58527 0.00127995)
(66.6598 7.43864 0.00223313)
(66.2912 6.4298 0.00379855)
(65.9441 5.54812 0.00625555)
(65.6262 4.78221 0.00985038)
(65.3427 4.1203 0.0145559)
(65.095 3.55178 0.0196908)
(64.8799 3.06778 0.0236261)
(64.6905 2.6571 0.0257359)
(64.5218 2.30465 0.0280909)
(64.3741 2.00002 0.0306281)
(64.2472 1.73765 0.0321264)
(64.1383 1.51259 0.0325091)
(64.044 1.31966 0.032379)
(63.962 1.15426 0.0321628)
(63.8908 1.01256 0.0320071)
(63.8291 0.891307 0.0319444)
(63.7756 0.787639 0.0319799)
(63.7291 0.699057 0.032105)
(63.6888 0.623398 0.0323006)
(63.6537 0.55881 0.0325445)
(63.6231 0.503701 0.0328168)
(63.5965 0.45671 0.0331015)
(63.5732 0.41667 0.0333864)
(63.5529 0.382589 0.0336629)
(63.535 0.353619 0.0339257)
(63.5192 0.329041 0.0341726)
(63.5052 0.30825 0.034403)
(63.4928 0.290733 0.0346174)
(63.4816 0.276065 0.0348164)
(63.4715 0.263887 0.0350018)
(63.4623 0.253903 0.0351767)
(63.4537 0.245873 0.0353459)
(63.4456 0.239605 0.035516)
(63.4373 0.234963 0.0356943)
(63.428 0.231875 0.0358819)
(63.4064 0.230277 0.0360813)
(67.8959 12.9623 0.000214505)
(67.7988 11.5078 0.000489361)
(67.6277 10.1326 0.000939627)
(67.4134 8.87146 0.00172815)
(67.1839 7.73476 0.00310928)
(66.9558 6.72088 0.00547572)
(66.7385 5.82388 0.00936576)
(66.539 5.03572 0.0153288)
(66.3626 4.34778 0.0234094)
(66.2125 3.75277 0.0320831)
(66.0845 3.24656 0.0364956)
(65.9667 2.81852 0.0365577)
(65.8548 2.44728 0.040198)
(65.7551 2.12274 0.0455614)
(65.6707 1.84213 0.0493891)
(65.5988 1.60083 0.0516144)
(65.5364 1.39275 0.0529155)
(65.4822 1.21268 0.0535449)
(65.4352 1.05673 0.0535933)
(65.3945 0.921772 0.0532027)
(65.3592 0.805042 0.052536)
(65.3285 0.704122 0.0517204)
(65.3017 0.616916 0.0508397)
(65.2782 0.541619 0.0499488)
(65.2577 0.476673 0.0490848)
(65.2396 0.420725 0.0482709)
(65.2236 0.372605 0.0475197)
(65.2094 0.331299 0.0468358)
(65.1968 0.295936 0.046219)
(65.1855 0.265763 0.0456666)
(65.1754 0.240139 0.0451754)
(65.1662 0.218515 0.0447422)
(65.1578 0.200424 0.0443639)
(65.15 0.185471 0.0440373)
(65.1429 0.173321 0.0437596)
(65.1362 0.163698 0.0435301)
(65.1301 0.156373 0.0433514)
(65.125 0.151174 0.0432313)
(65.1219 0.147996 0.0431806)
(65.1277 0.146764 0.0432351)
(67.9125 13.0107 0.000253965)
(67.8735 11.6052 0.000586682)
(67.8012 10.2671 0.00114956)
(67.7076 9.0273 0.00216779)
(67.6049 7.89907 0.00401913)
(67.5014 6.88513 0.00733602)
(67.4028 5.98276 0.0130828)
(67.3142 5.18615 0.0224388)
(67.2414 4.48819 0.0358797)
(67.1905 3.88331 0.0509024)
(67.1552 3.37289 0.0532648)
(67.1117 2.94783 0.043616)
(67.0561 2.57395 0.04623)
(67.0072 2.23989 0.0508723)
(66.9702 1.94796 0.0507725)
(66.9392 1.69722 0.0488054)
(66.9107 1.48244 0.0476019)
(66.8846 1.29812 0.0474117)
(66.8615 1.13987 0.0477602)
(66.8414 1.00413 0.0483602)
(66.8237 0.887766 0.0491079)
(66.8081 0.788011 0.0499384)
(66.7943 0.702501 0.0507913)
(66.782 0.629217 0.0516218)
(66.7711 0.566433 0.0524043)
(66.7613 0.512671 0.0531276)
(66.7525 0.466665 0.0537892)
(66.7444 0.427335 0.0543923)
(66.737 0.393758 0.0549426)
(66.7302 0.365146 0.0554473)
(66.7239 0.340835 0.0559134)
(66.718 0.320262 0.0563475)
(66.7124 0.302952 0.0567564)
(66.707 0.288514 0.0571463)
(66.7019 0.276621 0.0575239)
(66.6968 0.267008 0.0578985)
(66.6918 0.259463 0.058284)
(66.6864 0.253829 0.058699)
(66.6797 0.250025 0.0591519)
(66.6621 0.248072 0.0596203)
(67.9266 13.0199 0.00027633)
(67.9368 11.6277 0.000644879)
(67.9494 10.3015 0.00128234)
(67.9621 9.06978 0.00246349)
(67.9744 7.9465 0.00467817)
(67.9867 6.93595 0.00881523)
(67.9998 6.0368 0.0164121)
(68.0161 5.24452 0.029837)
(68.0413 4.5533 0.051655)
(68.0866 3.95879 0.0796367)
(68.1446 3.46156 0.0804713)
(68.1687 3.05103 0.050421)
(68.153 2.69396 0.0568308)
(68.1395 2.37558 0.0745264)
(68.1415 2.09471 0.0847647)
(68.1491 1.84983 0.0877435)
(68.1549 1.63741 0.0877581)
(68.1584 1.45353 0.0867648)
(68.1607 1.29471 0.0851611)
(68.1622 1.15787 0.0831705)
(68.1628 1.04017 0.0810607)
(68.1625 0.939063 0.0790103)
(68.1614 0.852333 0.0770983)
(68.1598 0.778038 0.0753527)
(68.1576 0.714492 0.0737786)
(68.1549 0.660239 0.0723691)
(68.1519 0.614021 0.0711111)
(68.1486 0.574756 0.0699893)
(68.145 0.541514 0.0689873)
(68.1412 0.513501 0.0680889)
(68.1372 0.490036 0.067279)
(68.1331 0.470542 0.0665445)
(68.1288 0.454529 0.0658753)
(68.1245 0.441591 0.0652628)
(68.1201 0.431392 0.0647013)
(68.1157 0.423655 0.0641905)
(68.1114 0.418148 0.0637417)
(68.1078 0.414652 0.0633832)
(68.1061 0.412902 0.0631639)
(68.114 0.412453 0.0631096)
(67.9403 12.9936 0.000272022)
(67.9979 11.5823 0.000637188)
(68.092 10.2439 0.00126946)
(68.2073 9.0064 0.00243871)
(68.3315 7.88266 0.00462313)
(68.4577 6.87619 0.00867354)
(68.5823 5.98519 0.015986)
(68.7057 5.20499 0.0283857)
(68.8336 4.52948 0.0464911)
(68.9779 3.95122 0.0620824)
(69.1264 3.4565 0.0336158)
(69.2232 3.02959 -0.0379148)
(69.2607 2.66222 -0.0697131)
(69.288 2.34511 -0.0756249)
(69.3237 2.07078 -0.0742243)
(69.3599 1.83235 -0.0720081)
(69.3908 1.6247 -0.0694785)
(69.4166 1.44422 -0.0666552)
(69.4387 1.28767 -0.0639907)
(69.4577 1.15201 -0.0617189)
(69.4735 1.0345 -0.0598289)
(69.4866 0.932711 -0.0582766)
(69.4972 0.844565 -0.0570376)
(69.5056 0.768232 -0.0560876)
(69.5121 0.702122 -0.0553962)
(69.517 0.64486 -0.0549311)
(69.5203 0.595262 -0.0546598)
(69.5225 0.552307 -0.0545514)
(69.5235 0.515118 -0.054578)
(69.5236 0.482945 -0.0547161)
(69.5229 0.455145 -0.0549438)
(69.5215 0.431176 -0.055238)
(69.5195 0.410583 -0.0555779)
(69.5169 0.392991 -0.0559466)
(69.514 0.378097 -0.0563288)
(69.5107 0.365661 -0.056706)
(69.5069 0.355509 -0.0570499)
(69.5023 0.347543 -0.0573139)
(69.4958 0.341832 -0.0574229)
(69.4767 0.338676 -0.0573372)
(67.9553 12.9307 0.000240741)
(68.0644 11.4676 0.000561393)
(68.2457 10.0933 0.00110373)
(68.469 8.83616 0.00207472)
(68.7092 7.70653 0.00381288)
(68.9518 6.70423 0.0068519)
(69.189 5.8243 0.0118882)
(69.4186 5.05918 0.0193273)
(69.643 4.39879 0.0276332)
(69.8656 3.82884 0.0279947)
(70.0713 3.32635 -0.000335966)
(70.2216 2.87908 -0.0504013)
(70.3165 2.4999 -0.0629065)
(70.3968 2.18449 -0.0562641)
(70.4775 1.91837 -0.053241)
(70.5513 1.69078 -0.0535679)
(70.6144 1.49554 -0.0541644)
(70.6683 1.32845 -0.0547607)
(70.7146 1.1857 -0.0556504)
(70.7543 1.06381 -0.0567704)
(70.7879 0.959777 -0.0579427)
(70.8161 0.871086 -0.0590607)
(70.8395 0.795585 -0.0600832)
(70.859 0.731416 -0.0609946)
(70.8749 0.676978 -0.0617891)
(70.8878 0.630895 -0.0624684)
(70.8982 0.59199 -0.0630388)
(70.9063 0.559253 -0.0635081)
(70.9126 0.531824 -0.0638839)
(70.9172 0.508968 -0.0641736)
(70.9205 0.490064 -0.0643838)
(70.9226 0.474589 -0.0645223)
(70.9238 0.462108 -0.0645979)
(70.9243 0.452261 -0.0646187)
(70.9241 0.444754 -0.0645905)
(70.9235 0.439346 -0.0645153)
(70.9228 0.435837 -0.064389)
(70.9227 0.434032 -0.064204)
(70.9248 0.43364 -0.0639665)
(70.9406 0.433909 -0.0637756)
(67.9737 12.8254 0.000193318)
(68.1451 11.274 0.000446354)
(68.4293 9.83903 0.000858314)
(68.7755 8.54954 0.00156025)
(69.1428 7.40918 0.00274259)
(69.5086 6.40992 0.00465657)
(69.8616 5.54045 0.00751879)
(70.1968 4.78808 0.0111486)
(70.5127 4.13822 0.0141047)
(70.8082 3.57349 0.0118145)
(71.074 3.0745 -0.00347506)
(71.2919 2.6339 -0.0298699)
(71.4616 2.26233 -0.0465348)
(71.6031 1.95287 -0.0559777)
(71.7277 1.68854 -0.0640766)
(71.836 1.45942 -0.0696277)
(71.9288 1.26083 -0.0721453)
(72.0087 1.08896 -0.0728605)
(72.0776 0.940108 -0.0727371)
(72.1369 0.811001 -0.0721575)
(72.1877 0.698941 -0.0713034)
(72.2311 0.601655 -0.0703189)
(72.2681 0.517182 -0.0693122)
(72.2995 0.443823 -0.0683483)
(72.3261 0.380107 -0.0674595)
(72.3485 0.324765 -0.0666601)
(72.3674 0.276706 -0.0659551)
(72.3831 0.23499 -0.0653438)
(72.3962 0.198814 -0.0648219)
(72.407 0.167486 -0.0643822)
(72.4159 0.140422 -0.064017)
(72.4232 0.117124 -0.0637197)
(72.4291 0.0971736 -0.0634844)
(72.4338 0.0802165 -0.0633043)
(72.4376 0.065959 -0.0631709)
(72.4406 0.0541608 -0.0630735)
(72.4427 0.0446371 -0.062998)
(72.4436 0.0372764 -0.0629279)
(72.4416 0.0321361 -0.0628505)
(72.4244 0.0294196 -0.062772)
(67.9988 12.6656 0.000143165)
(68.2528 10.9825 0.000326288)
(68.668 9.46318 0.000611584)
(69.1616 8.13606 0.00106984)
(69.6713 6.99212 0.00178885)
(70.1669 6.0112 0.00285352)
(70.6358 5.17382 0.00425724)
(71.072 4.46135 0.00567407)
(71.4728 3.85486 0.00603644)
(71.8366 3.33529 0.00294214)
(72.1587 2.88523 -0.00677394)
(72.4312 2.49491 -0.0217717)
(72.6543 2.1642 -0.0329563)
(72.8402 1.88696 -0.0377644)
(73.0004 1.65276 -0.0393114)
(73.1398 1.45425 -0.0395972)
(73.2607 1.28645 -0.0393651)
(73.3653 1.14479 -0.0390995)
(73.4558 1.02511 -0.0390286)
(73.5339 0.9239 -0.039157)
(73.6013 0.838315 -0.0394257)
(73.6592 0.765976 -0.0397842)
(73.709 0.70487 -0.0401924)
(73.7516 0.653294 -0.0406153)
(73.7882 0.60981 -0.0410253)
(73.8195 0.573203 -0.0414036)
(73.8462 0.542446 -0.0417397)
(73.8691 0.516669 -0.0420286)
(73.8886 0.495142 -0.0422679)
(73.9053 0.477248 -0.0424568)
(73.9195 0.462473 -0.0425963)
(73.9318 0.450387 -0.0426899)
(73.9423 0.440631 -0.0427419)
(73.9514 0.432909 -0.042756)
(73.9594 0.426974 -0.0427353)
(73.9665 0.422619 -0.0426819)
(73.9732 0.419666 -0.0425974)
(73.9804 0.41794 -0.042484)
(73.99 0.417183 -0.0423512)
(74.0187 0.416764 -0.0422047)
(68.0366 12.4278 9.94815e-05)
(68.4119 10.5552 0.00022368)
(69.0093 8.92385 0.000409613)
(69.6938 7.54861 0.000689198)
(70.3756 6.39171 0.00109397)
(71.0209 5.41416 0.00163518)
(71.6193 4.58751 0.00224454)
(72.1656 3.88809 0.00265909)
(72.6573 3.29388 0.00225816)
(73.0946 2.78501 -4.69211e-05)
(73.4773 2.34515 -0.00533702)
(73.8047 1.96398 -0.012787)
(74.0801 1.63753 -0.0190398)
(74.3126 1.36104 -0.0227447)
(74.5117 1.12686 -0.0252384)
(74.6832 0.927604 -0.0274159)
(74.8306 0.757471 -0.0292172)
(74.9569 0.611795 -0.0305328)
(75.0652 0.486707 -0.0314261)
(75.158 0.379043 -0.031988)
(75.2376 0.286223 -0.0322863)
(75.3056 0.206112 -0.0323794)
(75.3639 0.136919 -0.0323209)
(75.4137 0.0771359 -0.0321562)
(75.4563 0.0254838 -0.0319206)
(75.4926 -0.0191238 -0.031641)
(75.5237 -0.0576133 -0.031338)
(75.5502 -0.0907761 -0.0310265)
(75.5729 -0.119287 -0.0307172)
(75.5922 -0.143723 -0.0304175)
(75.6088 -0.164572 -0.0301329)
(75.6231 -0.182253 -0.0298668)
(75.6354 -0.19712 -0.029621)
(75.6461 -0.209478 -0.0293956)
(75.6554 -0.219584 -0.0291893)
(75.6636 -0.227654 -0.0290004)
(75.6707 -0.233867 -0.0288264)
(75.6761 -0.238357 -0.0286641)
(75.678 -0.241177 -0.0285124)
(75.6631 -0.242356 -0.0283604)
(68.0978 12.0717 6.48248e-05)
(68.6591 9.94679 0.000142827)
(69.5095 8.21838 0.000254846)
(70.4243 6.86103 0.000409779)
(71.2872 5.78159 0.000614924)
(72.0765 4.90967 0.000859203)
(72.7931 4.20103 0.00107668)
(73.4365 3.6217 0.00109557)
(74.0069 3.14317 0.000585458)
(74.5077 2.74281 -0.000935234)
(74.9433 2.40396 -0.0038477)
(75.3179 2.11562 -0.00777948)
(75.6368 1.87144 -0.0114246)
(75.9081 1.666 -0.0139165)
(76.14 1.49301 -0.0154513)
(76.3391 1.34657 -0.016393)
(76.5101 1.22213 -0.0168807)
(76.6572 1.11621 -0.0170387)
(76.7837 1.02592 -0.0170295)
(76.8927 0.94885 -0.0169712)
(76.9866 0.882977 -0.0169194)
(77.0675 0.826615 -0.0168958)
(77.1373 0.778349 -0.0169078)
(77.1975 0.73698 -0.0169549)
(77.2494 0.701494 -0.0170311)
(77.2943 0.67103 -0.0171286)
(77.333 0.644859 -0.0172399)
(77.3665 0.622363 -0.0173584)
(77.3955 0.60302 -0.0174791)
(77.4208 0.586387 -0.0175978)
(77.4427 0.572092 -0.0177111)
(77.4619 0.559818 -0.0178166)
(77.4788 0.549302 -0.0179121)
(77.4938 0.540323 -0.0179958)
(77.5072 0.532698 -0.0180666)
(77.5194 0.526275 -0.0181237)
(77.5308 0.520936 -0.0181666)
(77.5425 0.516595 -0.0181939)
(77.5564 0.513212 -0.0182028)
(77.5914 0.510737 -0.018168)
(68.2215 11.4881 4.35964e-05)
(69.1301 8.97064 0.00010095)
(70.403 7.05083 0.000182277)
(71.6581 5.59923 0.000276997)
(72.761 4.46506 0.000381748)
(73.7239 3.56555 0.000483715)
(74.5701 2.8507 0.00053544)
(75.3088 2.27874 0.000435489)
(75.9477 1.81517 1.70501e-05)
(76.4977 1.4343 -0.000927856)
(76.9695 1.11784 -0.00252363)
(77.3723 0.853042 -0.00457975)
(77.7145 0.631288 -0.0065517)
(78.0049 0.446008 -0.00801079)
(78.2519 0.291262 -0.00897812)
(78.4627 0.161766 -0.00966241)
(78.6428 0.0532261 -0.0101877)
(78.7968 -0.0378109 -0.0106013)
(78.9286 -0.114211 -0.0109325)
(79.0414 -0.17837 -0.0111982)
(79.138 -0.232267 -0.0114029)
(79.2207 -0.277526 -0.0115477)
(79.2916 -0.315489 -0.011636)
(79.3523 -0.34727 -0.0116737)
(79.4042 -0.373798 -0.0116673)
(79.4488 -0.395847 -0.0116238)
(79.487 -0.414065 -0.01155)
(79.5197 -0.428996 -0.0114524)
(79.5479 -0.4411 -0.0113368)
(79.5722 -0.450763 -0.011208)
(79.5931 -0.458309 -0.01107)
(79.6113 -0.464014 -0.0109259)
(79.6272 -0.468107 -0.0107783)
(79.6411 -0.470779 -0.0106292)
(79.6535 -0.472191 -0.0104801)
(79.6645 -0.472475 -0.0103323)
(79.6742 -0.471755 -0.010187)
(79.6824 -0.470171 -0.010045)
(79.6872 -0.467987 -0.00991017)
(79.6778 -0.465841 -0.00978247)
(68.4423 10.5916 1.11976e-05)
(69.872 7.95094 1.8548e-05)
(71.6495 6.36112 4.43753e-05)
(73.2411 5.29414 7.96984e-05)
(74.5734 4.48206 0.000120839)
(75.7172 3.84597 0.000154869)
(76.7094 3.34671 0.000147048)
(77.5619 2.9476 3.82909e-05)
(78.2888 2.62034 -0.000253799)
(78.9083 2.34669 -0.000817608)
(79.4366 2.11492 -0.00169369)
(79.8864 1.91705 -0.00279245)
(80.2688 1.74757 -0.00388734)
(80.5938 1.60233 -0.00477532)
(80.8704 1.4777 -0.00541882)
(81.1065 1.37041 -0.00588149)
(81.3082 1.27769 -0.006213)
(81.4808 1.19724 -0.00643564)
(81.6287 1.12721 -0.00657224)
(81.7555 1.06602 -0.00665)
(81.8644 1.01237 -0.00669218)
(81.9581 0.965187 -0.00671558)
(82.0386 0.923559 -0.00673207)
(82.1079 0.886724 -0.00674961)
(82.1677 0.854035 -0.00677287)
(82.2193 0.824942 -0.00680398)
(82.2639 0.798974 -0.00684336)
(82.3025 0.775731 -0.00689037)
(82.3359 0.754865 -0.0069438)
(82.365 0.736083 -0.00700211)
(82.3904 0.719129 -0.00706372)
(82.4127 0.703788 -0.00712718)
(82.4324 0.689876 -0.00719123)
(82.4498 0.677238 -0.00725492)
(82.4654 0.665748 -0.00731753)
(82.4796 0.655306 -0.00737845)
(82.4928 0.645846 -0.00743662)
(82.5059 0.637377 -0.00748959)
(82.5203 0.630129 -0.00753125)
(82.5512 0.624773 -0.00753856)
(69.2971 7.94364 0.000105406)
(72.1874 4.14953 0.000170581)
(74.8021 2.29818 0.000189896)
(76.6691 1.28904 0.000182693)
(78.0797 0.64265 0.000175574)
(79.2572 0.215264 0.000163499)
(80.2605 -0.0647239 0.000119802)
(81.1059 -0.252615 8.85419e-06)
(81.8166 -0.384589 -0.000211234)
(82.4177 -0.480903 -0.000578562)
(82.9282 -0.553006 -0.00110268)
(83.3622 -0.607868 -0.00173423)
(83.7311 -0.649841 -0.00236669)
(84.0446 -0.681735 -0.00289742)
(84.3113 -0.70559 -0.00329049)
(84.5387 -0.723036 -0.00356795)
(84.7328 -0.735365 -0.00376264)
(84.8987 -0.743571 -0.00389782)
(85.0406 -0.748436 -0.00399124)
(85.1622 -0.750592 -0.00405739)
(85.2663 -0.750551 -0.00410554)
(85.3557 -0.748734 -0.00413998)
(85.4323 -0.745483 -0.00416227)
(85.4981 -0.741079 -0.00417298)
(85.5547 -0.735754 -0.00417233)
(85.6033 -0.729699 -0.0041606)
(85.6452 -0.723072 -0.00413827)
(85.6813 -0.716001 -0.0041061)
(85.7124 -0.708592 -0.00406503)
(85.7394 -0.700931 -0.00401613)
(85.7629 -0.693087 -0.00396053)
(85.7834 -0.685114 -0.00389944)
(85.8014 -0.67705 -0.00383426)
(85.8173 -0.668926 -0.00376658)
(85.8316 -0.660763 -0.00369802)
(85.8444 -0.652583 -0.0036299)
(85.8561 -0.644429 -0.00356285)
(85.8665 -0.636431 -0.00349666)
(85.8748 -0.629037 -0.00343176)
(85.8772 -0.623442 -0.00336693)
(70.8596 9.66039 -0.000120223)
(76.221 6.76861 -5.12241e-05)
(80.3158 5.16202 4.68012e-06)
(82.8347 4.16005 1.76307e-05)
(84.5656 3.46153 2.73465e-05)
(85.9353 2.9566 3.18184e-05)
(87.054 2.58392 7.13546e-06)
(87.9635 2.29974 -7.0888e-05)
(88.7084 2.07554 -0.000225944)
(89.3273 1.89391 -0.000477971)
(89.8466 1.7438 -0.000829696)
(90.2844 1.61779 -0.00125199)
(90.6543 1.51067 -0.00168563)
(90.9675 1.41869 -0.00206987)
(91.2333 1.33907 -0.00237533)
(91.4593 1.26961 -0.00260671)
(91.6519 1.2086 -0.00278062)
(91.8164 1.15466 -0.00291032)
(91.9569 1.1067 -0.0030054)
(92.0772 1.06381 -0.00307437)
(92.1802 1.02526 -0.00312461)
(92.2685 0.99043 -0.00316169)
(92.3443 0.958824 -0.00318972)
(92.4094 0.930018 -0.00321174)
(92.4653 0.903659 -0.00322999)
(92.5134 0.879451 -0.00324598)
(92.5549 0.857138 -0.00326066)
(92.5906 0.836507 -0.00327456)
(92.6215 0.817371 -0.00328784)
(92.6482 0.79957 -0.00330041)
(92.6715 0.782967 -0.00331207)
(92.6918 0.767441 -0.00332276)
(92.7096 0.752889 -0.0033328)
(92.7253 0.73922 -0.00334292)
(92.7394 0.726358 -0.00335413)
(92.7521 0.714245 -0.00336718)
(92.7637 0.702857 -0.00338188)
(92.7747 0.692275 -0.00339634)
(92.7853 0.682939 -0.00340632)
(92.8016 0.67616 -0.00339907)
(65.0187 10.1795 0.000131036)
(58.9624 7.2889 0.000113922)
(54.1697 5.58661 9.66749e-05)
(51.1526 4.46629 0.000125121)
(49.0107 3.65001 0.000159946)
(47.258 3.04221 0.000193718)
(45.7934 2.58495 0.000239026)
(44.5853 2.23219 0.000301398)
(43.5859 1.95238 0.000378116)
(42.7487 1.72571 0.000463321)
(42.0411 1.53923 0.0005499)
(41.4404 1.38386 0.000630858)
(40.9292 1.253 0.000701643)
(40.4931 1.14177 0.000760904)
(40.1205 1.04647 0.000808621)
(39.8016 0.964292 0.00084484)
(39.5285 0.893017 0.000870487)
(39.2943 0.830876 0.000887796)
(39.0935 0.77643 0.000899327)
(38.9211 0.728505 0.000907035)
(38.7731 0.686135 0.000912209)
(38.646 0.648517 0.000915772)
(38.5368 0.614982 0.000918456)
(38.443 0.584967 0.000920844)
(38.3623 0.558 0.000923402)
(38.293 0.533681 0.000926505)
(38.2333 0.511671 0.00093043)
(38.1819 0.491681 0.000935314)
(38.1377 0.473466 0.000941104)
(38.0995 0.456814 0.000947551)
(38.0665 0.441545 0.00095427)
(38.0379 0.427504 0.000960878)
(38.0129 0.414557 0.000967155)
(37.991 0.402589 0.000973156)
(37.9717 0.391505 0.000979221)
(37.9544 0.381228 0.000985883)
(37.9388 0.371716 0.000993701)
(37.9243 0.363022 0.00100308)
(37.9106 0.355506 0.00101373)
(37.891 0.35047 0.00102548)
(66.5298 8.53287 -6.82018e-05)
(63.5026 4.96654 -0.000108837)
(60.671 3.18184 -0.000104029)
(58.5865 2.16353 -6.08283e-05)
(56.9596 1.47712 -5.38448e-06)
(55.5665 1.0015 5.63479e-05)
(54.3597 0.67351 0.000130271)
(53.331 0.440576 0.000219298)
(52.4581 0.267663 0.000320778)
(51.7141 0.135079 0.000428124)
(51.0775 0.0314518 0.000532284)
(50.532 -0.0506192 0.000624665)
(50.0642 -0.116296 0.000701196)
(49.6628 -0.169243 0.00076226)
(49.3181 -0.212072 0.000808399)
(49.0219 -0.24668 0.00083942)
(48.7673 -0.274518 0.00085696)
(48.5483 -0.296742 0.000864742)
(48.3599 -0.314293 0.000866463)
(48.1976 -0.327937 0.000864551)
(48.0579 -0.338304 0.000860368)
(47.9375 -0.345917 0.000854697)
(47.8337 -0.351215 0.000847985)
(47.7442 -0.354572 0.000840458)
(47.6669 -0.356301 0.000832255)
(47.6 -0.356668 0.000823526)
(47.5422 -0.355898 0.000814453)
(47.4921 -0.354181 0.000805217)
(47.4485 -0.351676 0.000795909)
(47.4106 -0.348516 0.000786468)
(47.3774 -0.344811 0.000776687)
(47.3483 -0.340651 0.000766308)
(47.3225 -0.336107 0.000755191)
(47.2995 -0.331235 0.000743478)
(47.2787 -0.326075 0.00073167)
(47.2599 -0.320661 0.000720579)
(47.2425 -0.315027 0.000711193)
(47.2266 -0.309245 0.000704658)
(47.2125 -0.303587 0.000702396)
(47.1997 -0.29875 0.000710828)
(67.4101 10.9786 2.19355e-05)
(66.0196 8.49485 5.48829e-05)
(64.2443 6.92849 8.79096e-05)
(62.6175 5.8156 0.000131552)
(61.2236 4.92975 0.00018913)
(60.003 4.21255 0.000263944)
(58.9299 3.63312 0.000362709)
(58 3.15842 0.000489682)
(57.202 2.76232 0.000642061)
(56.5183 2.42788 0.000808474)
(55.9321 2.14373 0.000971022)
(55.4293 1.90123 0.00111348)
(54.9978 1.69336 0.00123197)
(54.6275 1.51442 0.00133105)
(54.3094 1.35992 0.00141071)
(54.0362 1.22624 0.00146792)
(53.8015 1.11038 0.00150475)
(53.5995 1.00978 0.00152743)
(53.4258 0.922263 0.00154143)
(53.2761 0.845975 0.00155016)
(53.1472 0.779362 0.00155601)
(53.036 0.721099 0.00156107)
(52.9401 0.670053 0.001567)
(52.8573 0.625254 0.00157492)
(52.7857 0.585872 0.00158552)
(52.7237 0.551193 0.00159912)
(52.67 0.520605 0.00161582)
(52.6234 0.493581 0.00163543)
(52.5828 0.469667 0.00165758)
(52.5474 0.448473 0.00168168)
(52.5164 0.429665 0.00170699)
(52.4891 0.412957 0.00173281)
(52.4649 0.398108 0.0017586)
(52.4433 0.384914 0.00178423)
(52.4238 0.373211 0.00180996)
(52.4061 0.362868 0.00183638)
(52.3897 0.353799 0.00186419)
(52.3739 0.345999 0.00189389)
(52.358 0.339676 0.00192491)
(52.3305 0.335441 0.00195868)
(67.6708 11.957 2.49244e-05)
(66.8702 9.71409 4.84226e-05)
(65.6925 7.93082 7.35544e-05)
(64.5001 6.524 0.000120059)
(63.4312 5.38138 0.000199672)
(62.4817 4.44545 0.000320557)
(61.6372 3.68027 0.000492333)
(60.8952 3.0523 0.000720875)
(60.2514 2.53275 0.000999745)
(59.696 2.10003 0.00130396)
(59.2176 1.73817 0.00159305)
(58.8058 1.43461 0.00183314)
(58.4513 1.17899 0.00202581)
(58.1463 0.962861 0.00218628)
(57.8841 0.779658 0.00230989)
(57.6588 0.624234 0.00238953)
(57.4651 0.492343 0.00243479)
(57.2986 0.38038 0.00246171)
(57.1553 0.285314 0.00247993)
(57.032 0.204616 0.00249249)
(56.9258 0.136162 0.00250006)
(56.8345 0.0781563 0.00250296)
(56.7557 0.0290708 0.00250145)
(56.6879 -0.0123889 0.00249579)
(56.6294 -0.0473216 0.00248638)
(56.5788 -0.0766598 0.00247382)
(56.5352 -0.101196 0.00245877)
(56.4974 -0.121604 0.00244188)
(56.4646 -0.138456 0.00242365)
(56.436 -0.152236 0.00240444)
(56.4111 -0.163357 0.00238451)
(56.3892 -0.172163 0.00236411)
(56.3698 -0.178943 0.00234362)
(56.3526 -0.183935 0.00232365)
(56.3371 -0.187333 0.00230503)
(56.323 -0.189296 0.00228878)
(56.3102 -0.189958 0.0022759)
(56.2988 -0.189459 0.00226747)
(56.2898 -0.188025 0.00226495)
(56.2875 -0.186172 0.00227613)
(67.7788 12.4143 3.11044e-05)
(67.3005 10.4833 6.90665e-05)
(66.5536 8.83716 0.000122554)
(65.7394 7.48721 0.000209841)
(64.9643 6.37033 0.000348696)
(64.2491 5.43706 0.000558537)
(63.5961 4.65598 0.000860749)
(63.0097 4.00119 0.00126927)
(62.4917 3.45003 0.00177337)
(62.0392 2.98449 0.00232074)
(61.6458 2.5906 0.00282151)
(61.3041 2.25679 0.00321232)
(61.0076 1.97281 0.00353393)
(60.7507 1.73011 0.00382743)
(60.5288 1.52221 0.00405664)
(60.3375 1.34404 0.00419202)
(60.1724 1.19123 0.00425419)
(60.03 1.05998 0.00427736)
(59.907 0.947086 0.00428341)
(59.8007 0.849902 0.00428454)
(59.7089 0.766201 0.00428928)
(59.6296 0.694083 0.00430339)
(59.5609 0.631921 0.00432947)
(59.5014 0.578324 0.00436772)
(59.4498 0.5321 0.00441699)
(59.4051 0.492227 0.00447546)
(59.3662 0.457827 0.00454107)
(59.3323 0.428148 0.00461171)
(59.3026 0.402545 0.00468535)
(59.2767 0.380467 0.00476021)
(59.2539 0.361443 0.0048348)
(59.2338 0.345078 0.00490802)
(59.2159 0.331038 0.00497925)
(59.1998 0.319046 0.00504832)
(59.1853 0.308875 0.00511548)
(59.172 0.300345 0.00518127)
(59.1596 0.293318 0.00524632)
(59.1474 0.287716 0.00531105)
(59.1344 0.283563 0.00537412)
(59.1079 0.280999 0.00543533)
(67.8391 12.6954 4.41615e-05)
(67.5503 11 9.91692e-05)
(67.0736 9.47253 0.000180777)
(66.5184 8.14531 0.000313829)
(65.9601 6.99684 0.000530395)
(65.4277 6.00193 0.000871413)
(64.9326 5.14239 0.00138304)
(64.4825 4.40212 0.00209845)
(64.0818 3.76567 0.00299959)
(63.7302 3.21945 0.00396979)
(63.424 2.75196 0.00478844)
(63.157 2.35231 0.00533044)
(62.9239 2.00936 0.00578381)
(62.7211 1.71384 0.00625134)
(62.5459 1.45922 0.00662931)
(62.3951 1.24031 0.00687593)
(62.2651 1.05227 0.00704856)
(62.1529 0.890625 0.00719255)
(62.056 0.751577 0.007313)
(61.9726 0.631923 0.00740378)
(61.9006 0.528944 0.00746437)
(61.8386 0.440312 0.00749881)
(61.7851 0.364036 0.00751202)
(61.7389 0.29842 0.00750863)
(61.699 0.242016 0.00749289)
(61.6644 0.193586 0.00746864)
(61.6345 0.152069 0.00743904)
(61.6085 0.116557 0.00740657)
(61.5858 0.0862715 0.00737304)
(61.566 0.0605445 0.00733969)
(61.5486 0.0388074 0.00730728)
(61.5333 0.0205764 0.0072763)
(61.5196 0.0054417 0.00724714)
(61.5074 -0.00694169 0.00722035)
(61.4963 -0.0168632 0.00719671)
(61.4863 -0.024563 0.00717721)
(61.4772 -0.030236 0.00716303)
(61.4693 -0.034035 0.00715562)
(61.4637 -0.0360716 0.00715649)
(61.4669 -0.0364951 0.00717461)
(67.8736 12.8646 5.92931e-05)
(67.6994 11.3182 0.000133895)
(67.4009 9.87918 0.00025048)
(67.0381 8.58546 0.000447202)
(66.6603 7.439 0.000778458)
(66.292 6.43047 0.00132022)
(65.9452 5.54933 0.00216501)
(65.6278 4.78426 0.00338936)
(65.3445 4.1235 0.00497038)
(65.0965 3.55616 0.00666093)
(64.8807 3.07255 0.00792229)
(64.6907 2.6615 0.00857477)
(64.522 2.30936 0.00927216)
(64.3741 2.00551 0.010058)
(64.2466 1.74378 0.01053)
(64.1372 1.51918 0.0106445)
(64.0426 1.32663 0.0106041)
(63.9605 1.16152 0.0105582)
(63.8892 1.02 0.010559)
(63.8274 0.898839 0.0106172)
(63.7738 0.795207 0.0107318)
(63.7272 0.706623 0.0108959)
(63.6866 0.630939 0.0110982)
(63.6514 0.566311 0.0113264)
(63.6206 0.511156 0.0115695)
(63.5938 0.464116 0.0118182)
(63.5704 0.424027 0.0120655)
(63.5498 0.389897 0.0123058)
(63.5317 0.360879 0.0125358)
(63.5157 0.336255 0.0127532)
(63.5015 0.315418 0.0129571)
(63.4888 0.297857 0.013147)
(63.4774 0.283145 0.013323)
(63.4671 0.270923 0.0134857)
(63.4576 0.260897 0.0136362)
(63.4488 0.252823 0.0137765)
(63.4405 0.246513 0.0139091)
(63.432 0.241832 0.0140369)
(63.4225 0.238708 0.0141595)
(63.4005 0.23708 0.0142735)
(67.8959 12.9623 7.51669e-05)
(67.7989 11.5079 0.000171591)
(67.6279 10.1327 0.000328741)
(67.4138 8.87166 0.000603083)
(67.1846 7.73516 0.00108168)
(66.957 6.72168 0.00189662)
(66.7404 5.8254 0.00322396)
(66.5417 5.03846 0.00523141)
(66.3657 4.3523 0.00789994)
(66.2147 3.75912 0.0106829)
(66.0848 3.25251 0.0120818)
(65.9666 2.82191 0.0120317)
(65.8556 2.45007 0.0129508)
(65.7561 2.12577 0.0146379)
(65.6711 1.84489 0.0160229)
(65.5987 1.60323 0.0170131)
(65.536 1.39511 0.0177942)
(65.4813 1.21529 0.0184039)
(65.434 1.05974 0.018831)
(65.393 0.925224 0.0190974)
(65.3574 0.808958 0.0192447)
(65.3264 0.708492 0.0193098)
(65.2994 0.621714 0.0193192)
(65.2757 0.546808 0.0192924)
(65.255 0.482212 0.0192435)
(65.2367 0.426575 0.019183)
(65.2205 0.378727 0.0191177)
(65.2062 0.337661 0.0190516)
(65.1934 0.302507 0.0189868)
(65.1819 0.272519 0.0189244)
(65.1716 0.247058 0.0188649)
(65.1622 0.225579 0.0188085)
(65.1536 0.207618 0.0187552)
(65.1457 0.192782 0.018705)
(65.1384 0.180741 0.018658)
(65.1315 0.171216 0.0186152)
(65.1252 0.163986 0.0185784)
(65.1199 0.158878 0.0185511)
(65.1166 0.155789 0.0185375)
(65.1222 0.154634 0.01855)
(67.9125 13.0107 8.8953e-05)
(67.8736 11.6052 0.000205407)
(67.8015 10.2672 0.000401632)
(67.7081 9.02747 0.000755134)
(67.6059 7.89943 0.00139412)
(67.5032 6.88589 0.00252883)
(67.4057 5.98432 0.00446854)
(67.3185 5.18923 0.00756105)
(67.2466 4.49385 0.0118643)
(67.1932 3.89213 0.016363)
(67.1528 3.38038 0.0169562)
(67.1087 2.94855 0.0135678)
(67.056 2.57361 0.0132944)
(67.0072 2.24205 0.0144146)
(66.9692 1.95229 0.0144573)
(66.9381 1.70262 0.014007)
(66.91 1.48836 0.0139084)
(66.8842 1.30432 0.0142619)
(66.8613 1.14624 0.0148876)
(66.8412 1.01056 0.0156544)
(66.8234 0.894197 0.0164973)
(66.8077 0.794416 0.017371)
(66.7937 0.708867 0.0182377)
(66.7813 0.635538 0.0190701)
(66.7701 0.572706 0.0198516)
(66.76 0.518894 0.0205739)
(66.751 0.472837 0.0212343)
(66.7427 0.433454 0.021834)
(66.7351 0.399822 0.0223762)
(66.728 0.371154 0.0228655)
(66.7215 0.346785 0.0233072)
(66.7153 0.326151 0.0237063)
(66.7095 0.30878 0.024068)
(66.7039 0.294277 0.024397)
(66.6985 0.282319 0.0246981)
(66.6933 0.27264 0.0249762)
(66.6881 0.265033 0.0252379)
(66.6825 0.259343 0.0254902)
(66.6756 0.255498 0.0257341)
(66.6576 0.253513 0.0259509)
(67.9266 13.0199 9.67501e-05)
(67.9369 11.6277 0.000225526)
(67.9497 10.3015 0.000447454)
(67.9627 9.06985 0.000856528)
(67.9756 7.94666 0.00161755)
(67.989 6.93628 0.00302177)
(68.0039 6.0375 0.00554973)
(68.0227 5.24585 0.0098731)
(68.0499 4.55545 0.0165018)
(68.0904 3.96072 0.0241487)
(68.1368 3.45735 0.0234196)
(68.161 3.03478 0.012743)
(68.1556 2.67104 0.011935)
(68.1456 2.35121 0.0175057)
(68.1459 2.07063 0.0222441)
(68.1516 1.82634 0.024901)
(68.1564 1.6145 0.0264639)
(68.1594 1.43118 0.0275138)
(68.1613 1.2729 0.0281767)
(68.1626 1.13653 0.0285292)
(68.1631 1.01924 0.028676)
(68.1628 0.918488 0.0286996)
(68.1618 0.832052 0.0286494)
(68.1602 0.758001 0.028555)
(68.1581 0.694658 0.0284352)
(68.1556 0.640573 0.028302)
(68.1527 0.594493 0.0281625)
(68.1495 0.555343 0.0280205)
(68.146 0.522198 0.0278779)
(68.1424 0.494264 0.0277352)
(68.1385 0.470866 0.0275922)
(68.1345 0.451427 0.0274488)
(68.1304 0.435461 0.027305)
(68.1262 0.422563 0.027161)
(68.1219 0.412398 0.0270179)
(68.1176 0.40469 0.0268784)
(68.1135 0.399209 0.0267485)
(68.1101 0.395742 0.026639)
(68.1086 0.394031 0.0265646)
(68.1168 0.393616 0.0265297)
(67.9403 12.9936 9.52297e-05)
(67.998 11.5822 0.000222673)
(68.0923 10.2439 0.000442634)
(68.2079 9.00633 0.000847048)
(68.3328 7.88251 0.00159576)
(68.4599 6.87584 0.00296443)
(68.5861 5.98436 0.00537954)
(68.7114 5.20306 0.00932392)
(68.8394 4.52508 0.014705)
(68.9747 3.94202 0.018637)
(69.1072 3.4422 0.00958815)
(69.2035 3.01242 -0.0125381)
(69.2546 2.64247 -0.0232559)
(69.2897 2.32311 -0.0243447)
(69.3271 2.04641 -0.0236782)
(69.364 1.80597 -0.0230126)
(69.396 1.59683 -0.0220095)
(69.4227 1.41516 -0.0205875)
(69.4455 1.25762 -0.0189621)
(69.4649 1.12113 -0.0172999)
(69.4812 1.00292 -0.0156702)
(69.4946 0.900565 -0.0141105)
(69.5055 0.811952 -0.0126486)
(69.5143 0.735241 -0.0113)
(69.5211 0.668834 -0.0100683)
(69.5263 0.611347 -0.00895008)
(69.53 0.561585 -0.00793773)
(69.5325 0.518521 -0.0070216)
(69.5339 0.481272 -0.00619163)
(69.5343 0.449081 -0.00543825)
(69.534 0.421302 -0.00475231)
(69.533 0.397388 -0.00412462)
(69.5314 0.37688 -0.00354685)
(69.5293 0.359398 -0.00301223)
(69.5267 0.344634 -0.00251478)
(69.5238 0.332346 -0.00204763)
(69.5205 0.322354 -0.00160105)
(69.5163 0.314553 -0.0011612)
(69.5103 0.308997 -0.000716872)
(69.4912 0.305959 -0.000311443)
(67.9553 12.9307 8.43035e-05)
(68.0644 11.4675 0.00019613)
(68.2459 10.0932 0.000384935)
(68.4694 8.83598 0.000721153)
(68.7102 7.70616 0.00131795)
(68.9534 6.70343 0.00234803)
(69.1915 5.82264 0.0040203)
(69.4217 5.05587 0.00640779)
(69.6446 4.39273 0.0088858)
(69.8603 3.81978 0.00871007)
(70.0572 3.31965 6.54084e-05)
(70.21 2.88067 -0.0146347)
(70.3152 2.50454 -0.0194599)
(70.3991 2.18776 -0.0176578)
(70.4784 1.9194 -0.016911)
(70.5513 1.68997 -0.0176195)
(70.6146 1.49328 -0.0185741)
(70.6688 1.32491 -0.0195379)
(70.7154 1.18098 -0.0205805)
(70.7555 1.05801 -0.0216689)
(70.7895 0.953023 -0.0227269)
(70.8183 0.863489 -0.0237062)
(70.8423 0.787245 -0.024586)
(70.8624 0.722422 -0.0253588)
(70.8789 0.66741 -0.0260236)
(70.8924 0.620822 -0.0265842)
(70.9034 0.581471 -0.0270475)
(70.9121 0.54834 -0.0274215)
(70.9189 0.52056 -0.0277146)
(70.9241 0.497391 -0.0279349)
(70.928 0.478206 -0.02809)
(70.9307 0.462478 -0.0281869)
(70.9324 0.449766 -0.0282331)
(70.9334 0.439708 -0.0282351)
(70.9337 0.432007 -0.0281986)
(70.9337 0.426421 -0.0281276)
(70.9335 0.422745 -0.0280237)
(70.9338 0.420778 -0.0278874)
(70.9364 0.420221 -0.0277247)
(70.9527 0.420337 -0.0275783)
(67.9738 12.8254 6.77389e-05)
(68.1452 11.274 0.000155895)
(68.4294 9.83892 0.00029959)
(68.7758 8.54933 0.000543359)
(69.1434 7.40877 0.000950992)
(69.5096 6.40911 0.00160391)
(69.8629 5.53892 0.00256373)
(70.1981 4.78539 0.00374446)
(70.5128 4.13406 0.00462233)
(70.8047 3.56876 0.00371685)
(71.066 3.07303 -0.00126305)
(71.2835 2.63834 -0.00955175)
(71.4563 2.26729 -0.0151937)
(71.5995 1.95555 -0.0184819)
(71.7247 1.69029 -0.0214325)
(71.8341 1.46141 -0.0237486)
(71.928 1.26332 -0.0251007)
(72.0084 1.09197 -0.0257982)
(72.0777 0.943619 -0.0261488)
(72.1373 0.814996 -0.0262788)
(72.1884 0.703362 -0.0262485)
(72.2319 0.60643 -0.0261113)
(72.269 0.522238 -0.0259123)
(72.3005 0.449091 -0.0256832)
(72.3271 0.385526 -0.025444)
(72.3496 0.330284 -0.0252076)
(72.3685 0.282282 -0.0249817)
(72.3843 0.240587 -0.0247708)
(72.3974 0.2044 -0.0245772)
(72.4083 0.173039 -0.0244011)
(72.4173 0.145921 -0.0242419)
(72.4246 0.122554 -0.0240989)
(72.4306 0.10252 -0.023971)
(72.4354 0.0854696 -0.0238566)
(72.4393 0.0711116 -0.0237533)
(72.4423 0.0592069 -0.0236579)
(72.4446 0.0495709 -0.0235665)
(72.4456 0.0420913 -0.0234749)
(72.4437 0.0368284 -0.0233825)
(72.4265 0.0340148 -0.0233073)
(67.9988 12.6655 5.0177e-05)
(68.2528 10.9825 0.000113758)
(68.6681 9.46308 0.000213499)
(69.1618 8.13588 0.000373089)
(69.6716 6.99178 0.000621758)
(70.1673 6.01058 0.000986775)
(70.6363 5.17274 0.00146126)
(71.0723 4.45964 0.00192603)
(71.4723 3.85253 0.00201117)
(71.8341 3.333 0.000932968)
(72.1538 2.88485 -0.00226846)
(72.4259 2.498 -0.00714068)
(72.6509 2.16937 -0.010931)
(72.8386 1.89331 -0.0127121)
(72.9996 1.66035 -0.0133973)
(73.1392 1.46275 -0.013658)
(73.2601 1.29532 -0.013753)
(73.3645 1.15373 -0.0138517)
(73.4547 1.03397 -0.0140383)
(73.5327 0.932615 -0.0143144)
(73.5998 0.846841 -0.0146553)
(73.6576 0.774289 -0.0150379)
(73.7072 0.712968 -0.015443)
(73.7498 0.661184 -0.0158537)
(73.7863 0.617504 -0.0162561)
(73.8175 0.580717 -0.0166397)
(73.8441 0.549794 -0.0169981)
(73.8669 0.523867 -0.0173271)
(73.8864 0.502202 -0.0176245)
(73.903 0.484184 -0.0178893)
(73.9172 0.469295 -0.0181216)
(73.9294 0.457103 -0.0183223)
(73.9398 0.447251 -0.0184932)
(73.9489 0.439439 -0.018636)
(73.9568 0.43342 -0.0187524)
(73.9638 0.428985 -0.0188438)
(73.9705 0.425955 -0.0189118)
(73.9776 0.424152 -0.018958)
(73.9871 0.423318 -0.0189858)
(74.0157 0.422837 -0.018994)
(68.0366 12.4278 3.48535e-05)
(68.4119 10.5552 7.77749e-05)
(69.0093 8.92377 0.000143511)
(69.6939 7.54847 0.000242003)
(70.3758 6.39146 0.000383297)
(71.0211 5.41374 0.000570576)
(71.6195 4.58685 0.000778664)
(72.1656 3.88715 0.000914693)
(72.6568 3.29277 0.000765078)
(73.0931 2.78421 -3.12191e-05)
(73.4747 2.34568 -0.00181405)
(73.8019 1.96664 -0.00430858)
(74.0779 1.64173 -0.00644015)
(74.311 1.36579 -0.00774016)
(74.5104 1.13169 -0.00862609)
(74.6819 0.932377 -0.00942314)
(74.8292 0.762184 -0.0101268)
(74.9556 0.616523 -0.0106917)
(75.0638 0.491543 -0.0111281)
(75.1567 0.384053 -0.0114588)
(75.2361 0.291445 -0.0117009)
(75.3042 0.211566 -0.0118698)
(75.3623 0.142611 -0.011981)
(75.412 0.0830621 -0.0120482)
(75.4545 0.0316325 -0.0120826)
(75.4907 -0.0127683 -0.0120933)
(75.5216 -0.0510691 -0.0120876)
(75.548 -0.0840617 -0.0120711)
(75.5705 -0.112421 -0.0120477)
(75.5897 -0.136723 -0.0120207)
(75.6061 -0.157456 -0.0119923)
(75.6202 -0.175036 -0.011964)
(75.6324 -0.189817 -0.0119368)
(75.6429 -0.2021 -0.0119111)
(75.6521 -0.212142 -0.0118865)
(75.6601 -0.220159 -0.0118628)
(75.667 -0.226328 -0.0118394)
(75.6723 -0.230782 -0.0118156)
(75.674 -0.233571 -0.0117909)
(75.6589 -0.234715 -0.0117596)
(68.0978 12.0717 2.22635e-05)
(68.6591 9.94676 4.81644e-05)
(69.5095 8.21833 8.71622e-05)
(70.4243 6.86095 0.000140367)
(71.2873 5.78145 0.000209959)
(72.0765 4.90944 0.000292636)
(72.7932 4.20068 0.000365361)
(73.4364 3.62125 0.000368026)
(74.0065 3.14272 0.000186789)
(74.5068 2.74264 -0.000339912)
(74.9419 2.40452 -0.00133392)
(75.3163 2.11724 -0.00266766)
(75.6354 1.87389 -0.00391191)
(75.907 1.66889 -0.00477741)
(76.1392 1.49619 -0.00532431)
(76.3384 1.35004 -0.00567686)
(76.5095 1.22587 -0.00588205)
(76.6565 1.12016 -0.00597881)
(76.7829 1.03001 -0.00602145)
(76.8918 0.95303 -0.00605135)
(76.9856 0.887202 -0.00608835)
(77.0664 0.83085 -0.00613999)
(77.136 0.782569 -0.00620858)
(77.1961 0.741167 -0.00629338)
(77.2479 0.705635 -0.00639169)
(77.2926 0.675118 -0.00650005)
(77.3312 0.648889 -0.00661501)
(77.3646 0.626334 -0.00673354)
(77.3935 0.606931 -0.00685306)
(77.4186 0.590238 -0.00697141)
(77.4404 0.575884 -0.00708685)
(77.4595 0.563553 -0.00719789)
(77.4763 0.552983 -0.00730333)
(77.4911 0.543951 -0.00740217)
(77.5044 0.536274 -0.0074937)
(77.5165 0.529801 -0.00757755)
(77.5278 0.524412 -0.0076535)
(77.5394 0.520021 -0.00772109)
(77.5532 0.516588 -0.00777827)
(77.5881 0.514061 -0.00781065)
(68.2215 11.4881 1.54771e-05)
(69.1301 8.9706 3.78428e-05)
(70.403 7.05078 7.25292e-05)
(71.6582 5.59915 0.000110262)
(72.761 4.46494 0.000148957)
(73.7239 3.56539 0.000185417)
(74.5701 2.85049 0.000203567)
(75.3087 2.2785 0.000168079)
(75.9474 1.81497 2.14277e-05)
(76.4972 1.4343 -0.000307)
(76.9688 1.11825 -0.000857573)
(77.3714 0.854031 -0.00156458)
(77.7137 0.632808 -0.00224522)
(78.0042 0.447881 -0.00275417)
(78.2513 0.29335 -0.00309583)
(78.4621 0.163994 -0.00334095)
(78.6422 0.0555328 -0.00353376)
(78.7961 -0.0354669 -0.00369174)
(78.9279 -0.111843 -0.00382544)
(79.0406 -0.175973 -0.00394067)
(79.1371 -0.229827 -0.00403849)
(79.2198 -0.27503 -0.00411848)
(79.2906 -0.312926 -0.00418105)
(79.3512 -0.34463 -0.00422745)
(79.4031 -0.371074 -0.00425936)
(79.4475 -0.393034 -0.00427865)
(79.4857 -0.411162 -0.00428733)
(79.5183 -0.426003 -0.00428731)
(79.5464 -0.438018 -0.00428033)
(79.5706 -0.447593 -0.00426784)
(79.5915 -0.455055 -0.00425101)
(79.6095 -0.460679 -0.00423079)
(79.6253 -0.464694 -0.00420789)
(79.6392 -0.467293 -0.00418291)
(79.6514 -0.468636 -0.00415633)
(79.6623 -0.468855 -0.00412865)
(79.672 -0.468074 -0.00410032)
(79.68 -0.466434 -0.00407181)
(79.6847 -0.464199 -0.00404391)
(79.6752 -0.462006 -0.00401373)
(68.4423 10.5916 -3.60342e-06)
(69.872 7.95099 -1.14695e-05)
(71.6495 6.36115 -7.71341e-06)
(73.2411 5.29414 6.54938e-07)
(74.5734 4.48203 1.23825e-05)
(75.7172 3.84591 2.35682e-05)
(76.7094 3.34663 2.13327e-05)
(77.5618 2.94751 -1.57443e-05)
(78.2886 2.62029 -0.000116482)
(78.908 2.34675 -0.000311148)
(79.4361 2.11518 -0.000613097)
(79.8859 1.91758 -0.00099126)
(80.2683 1.74835 -0.0013685)
(80.5934 1.60327 -0.00167554)
(80.87 1.47873 -0.0018991)
(81.1061 1.3715 -0.00206109)
(81.3078 1.27881 -0.00217919)
(81.4804 1.1984 -0.0022613)
(81.6282 1.12839 -0.00231512)
(81.755 1.06723 -0.00234992)
(81.8639 1.0136 -0.00237371)
(81.9574 0.966418 -0.00239239)
(82.0379 0.924789 -0.00241009)
(82.1072 0.887946 -0.00242962)
(82.1669 0.855243 -0.0024526)
(82.2184 0.82613 -0.00247973)
(82.2629 0.800139 -0.0025111)
(82.3014 0.776868 -0.00254637)
(82.3348 0.755973 -0.00258498)
(82.3639 0.737158 -0.00262621)
(82.3892 0.720172 -0.00266932)
(82.4114 0.704797 -0.0027136)
(82.4309 0.69085 -0.0027584)
(82.4483 0.678178 -0.00280323)
(82.4639 0.666653 -0.00284775)
(82.478 0.656175 -0.00289169)
(82.4911 0.646679 -0.00293472)
(82.5042 0.638173 -0.00297592)
(82.5185 0.63089 -0.00301254)
(82.5493 0.625497 -0.00303357)
(69.2971 7.94358 7.46722e-05)
(72.1874 4.1495 0.000117867)
(74.802 2.29816 0.000127192)
(76.669 1.28902 0.000116282)
(78.0796 0.642622 0.00010493)
(79.2572 0.21523 9.42229e-05)
(80.2604 -0.0647628 7.38197e-05)
(81.1058 -0.252651 3.05561e-05)
(81.8165 -0.384602 -5.02675e-05)
(82.4175 -0.480858 -0.000181758)
(82.9279 -0.552858 -0.00036709)
(83.3619 -0.607584 -0.000589151)
(83.7308 -0.64942 -0.000811306)
(84.0443 -0.681204 -0.000998234)
(84.311 -0.70498 -0.00113741)
(84.5384 -0.722366 -0.00123638)
(84.7325 -0.734646 -0.00130661)
(84.8984 -0.742815 -0.00135635)
(85.0403 -0.747653 -0.00139191)
(85.1618 -0.749786 -0.00141844)
(85.2659 -0.749726 -0.0014393)
(85.3552 -0.74789 -0.00145605)
(85.4319 -0.744618 -0.00146926)
(85.4976 -0.740192 -0.00147908)
(85.5541 -0.734841 -0.00148555)
(85.6027 -0.728759 -0.00148871)
(85.6446 -0.722101 -0.00148864)
(85.6806 -0.714998 -0.00148553)
(85.7118 -0.707555 -0.00147962)
(85.7387 -0.699859 -0.00147118)
(85.7621 -0.691979 -0.00146048)
(85.7826 -0.683968 -0.0014478)
(85.8006 -0.675868 -0.00143352)
(85.8164 -0.667707 -0.00141811)
(85.8306 -0.659507 -0.00140213)
(85.8434 -0.651292 -0.00138609)
(85.855 -0.643104 -0.00137034)
(85.8654 -0.635074 -0.00135489)
(85.8737 -0.62765 -0.00133971)
(85.876 -0.622029 -0.00132277)
(70.8597 9.66026 -9.76606e-05)
(76.2212 6.76846 -5.7405e-05)
(80.3159 5.16188 -2.36044e-05)
(82.8348 4.15992 -1.72173e-05)
(84.5657 3.46141 -1.15125e-05)
(85.9354 2.95648 -5.31498e-06)
(87.054 2.58382 -9.48308e-06)
(87.9635 2.29965 -3.33853e-05)
(88.7084 2.07546 -8.50095e-05)
(89.3272 1.89385 -0.000170957)
(89.8465 1.74377 -0.00029196)
(90.2842 1.61779 -0.00043777)
(90.6541 1.5107 -0.000587784)
(90.9673 1.41874 -0.000720908)
(91.2331 1.33912 -0.000826876)
(91.4592 1.26966 -0.000907236)
(91.6518 1.20864 -0.000967789)
(91.8162 1.1547 -0.00101322)
(91.9567 1.10673 -0.0010469)
(92.077 1.06383 -0.00107185)
(92.1799 1.02527 -0.00109065)
(92.2682 0.990433 -0.00110529)
(92.344 0.958818 -0.00111723)
(92.409 0.930004 -0.00112757)
(92.4649 0.903635 -0.00113712)
(92.513 0.879414 -0.00114643)
(92.5544 0.857088 -0.00115584)
(92.5902 0.836441 -0.00116554)
(92.621 0.817288 -0.00117556)
(92.6477 0.799469 -0.00118578)
(92.6709 0.782845 -0.00119606)
(92.6912 0.767298 -0.00120624)
(92.709 0.752723 -0.00121632)
(92.7247 0.739032 -0.00122648)
(92.7387 0.726146 -0.00123709)
(92.7513 0.714009 -0.0012485)
(92.7629 0.702598 -0.0012608)
(92.7739 0.691992 -0.00127346)
(92.7845 0.682632 -0.00128478)
(92.8007 0.675833 -0.0012888)
(68.3519 3.76041 -0.839547)
(65.4637 3.62618 -3.33978)
(70.4046 3.23103 -1.16067)
(67.8388 2.3182 -0.837337)
(68.4824 4.00008 -0.761866)
(60.5712 4.06413 -1.79998)
(70.0175 4.38788 -1.16771)
(73.68 4.37748 2.94563)
(69.7511 4.6716 -0.547626)
(70.6405 2.72337 0.286371)
(62.2306 5.16965 -1.69228)
(77.3313 1.83498 1.01971)
(69.9743 5.17823 -0.385777)
(71.2094 2.05271 0.331713)
(68.497 3.90386 -0.534944)
(60.2574 3.93227 -1.22818)
(69.7435 4.15808 -1.01313)
(67.756 1.88371 -0.384704)
(68.5198 3.79677 -0.395139)
(60.1337 3.84907 -0.490504)
(69.8559 3.95866 -0.534624)
(77.6522 1.93835 0.624209)
(70.1284 5.44648 -0.234713)
(71.5429 1.79783 0.242943)
(61.9085 5.67828 -0.403735)
(78.2615 2.11819 0.153902)
(70.2605 5.58451 -0.133883)
(71.7709 1.72956 0.14753)
(68.5131 3.73039 -0.209594)
(60.0756 3.85464 -0.301094)
(69.8463 3.94591 -0.352465)
(67.7197 1.77674 -0.0776986)
(68.518 3.70222 -0.0823786)
(60.0512 3.89124 -0.0711416)
(69.886 3.95014 -0.0779817)
(78.3298 2.16422 0.146746)
(70.3224 5.65288 -0.0556479)
(71.8832 1.71855 0.089483)
(61.9453 5.83158 -0.0527069)
(78.4585 2.21284 -0.00726858)
(70.361 5.6808 -0.0280975)
(71.9427 1.71953 0.0170822)
(68.5184 3.70227 0.0857339)
(60.0515 3.89057 0.0727079)
(69.8858 3.95018 0.0834765)
(67.7261 1.80855 0.200514)
(68.514 3.73033 0.213385)
(60.0794 3.84844 0.305815)
(69.8445 3.94673 0.363076)
(78.4586 2.21265 0.00137947)
(70.3607 5.68107 0.0259484)
(71.9424 1.71984 -0.0204648)
(61.8903 5.74214 0.230515)
(78.3328 2.16463 -0.158485)
(70.3213 5.65395 0.0533114)
(71.8823 1.71936 -0.0931059)
(68.5213 3.79518 0.399654)
(60.1411 3.83842 0.498503)
(69.8527 3.95996 0.547633)
(67.7801 2.03311 0.554553)
(68.499 3.89775 0.538492)
(60.3313 3.87436 1.23879)
(69.7698 4.14037 1.02638)
(78.2663 2.11947 -0.167876)
(70.2585 5.58708 0.131277)
(71.7692 1.72963 -0.151357)
(61.8981 5.33204 1.1046)
(77.6335 1.91972 -0.639825)
(70.1245 5.45185 0.232825)
(71.5394 1.79344 -0.245671)
(68.4846 3.9913 0.761596)
(60.6519 4.00107 1.8011)
(70.0461 4.36808 1.16797)
(67.8767 2.79564 0.896175)
(68.3536 3.75498 0.83554)
(65.4915 3.60417 3.32283)
(70.4258 3.23214 1.12099)
(77.3122 1.81439 -1.01874)
(69.9698 5.18406 0.386196)
(71.2055 2.04564 -0.331252)
(66.7349 4.89008 2.94479)
(73.6777 4.37876 -2.90773)
(69.748 4.67494 0.550213)
(70.6377 2.72019 -0.28295)
(68.1792 3.36068 -0.381496)
(68.2361 3.66581 -1.00583)
(68.5973 3.70043 -0.446934)
(68.0378 3.29161 -0.847502)
(68.3116 3.52853 -0.761016)
(67.1727 3.64287 -2.35775)
(70.1486 4.37107 -1.0263)
(69.6838 3.89024 0.266892)
(69.3452 3.98391 -0.336249)
(69.6553 3.59136 0.0639662)
(68.365 4.57647 -2.06331)
(71.7061 6.03244 2.38441)
(69.5253 4.13662 -0.398316)
(70.0105 3.33995 0.267252)
(67.5372 3.36012 -0.489131)
(67.4826 4.12723 -0.605213)
(66.7177 3.60476 -1.69536)
(67.522 3.87215 -0.33731)
(67.3715 3.14777 -0.538281)
(67.257 4.10825 -0.453678)
(65.3527 3.23422 -1.07243)
(68.0118 2.70377 -0.645995)
(68.5535 3.61402 -0.0296821)
(67.433 2.4444 -1.78583)
(68.3553 3.32234 -0.668607)
(68.0287 2.4741 -0.691928)
(65.1773 4.17032 -1.53964)
(64.9693 0.14372 -1.48298)
(67.6396 4.65807 -1.39777)
(68.7631 4.5234 -0.349886)
(68.9703 4.60193 -0.446971)
(68.0767 4.53461 -0.41369)
(66.3673 5.12299 -0.974785)
(68.7306 4.63249 -0.251111)
(68.9252 4.88267 -0.338095)
(70.2167 9.10859 -1.72598)
(69.1608 6.06911 -6.46028)
(68.6202 5.37152 -1.20734)
(64.1939 4.79122 -3.04334)
(69.9974 6.61677 -1.63678)
(67.4233 7.42944 -6.06991)
(68.3568 5.99524 -1.27638)
(67.6771 4.94624 1.59428)
(70.3345 2.76649 1.38527)
(69.5698 3.39315 1.68257)
(67.6205 -0.499777 2.41886)
(59.378 3.45214 1.85622)
(70.759 2.26675 1.15449)
(69.6776 3.45848 1.36481)
(67.2319 2.97809 -0.381264)
(67.0563 4.07383 -0.365025)
(65.0579 3.1646 -0.797118)
(67.3598 3.75161 -0.194388)
(67.171 2.8824 -0.289971)
(66.9678 4.06055 -0.25835)
(64.8457 3.13095 -0.395009)
(68.0131 2.27643 -0.542501)
(64.9135 3.82535 -1.23566)
(64.9195 -0.218192 -1.06808)
(68.3698 3.08564 -0.384033)
(68.034 2.17144 -0.388091)
(64.9857 3.5932 -0.487277)
(64.8925 -0.19954 -0.454447)
(66.0911 5.2441 -0.710219)
(68.6615 4.69734 -0.207031)
(68.8773 5.05578 -0.25887)
(67.8293 4.63426 -0.224984)
(65.9119 5.37011 -0.339489)
(68.6481 4.74788 -0.154426)
(68.8897 5.16389 -0.176809)
(70.9129 11.6776 -0.525771)
(67.027 9.40753 -1.21777)
(67.8694 7.1113 -0.681891)
(61.9334 5.50208 -0.812401)
(70.7385 11.5188 -0.685653)
(67.181 9.59116 -0.83158)
(67.8842 7.24353 -0.558434)
(57.9206 3.38094 1.3123)
(70.9498 1.94242 0.739529)
(69.6855 3.41207 0.883378)
(67.4738 -0.32551 0.378217)
(57.2591 3.59155 0.586973)
(71.1016 1.79517 0.4395)
(69.7353 3.37097 0.54814)
(67.12 2.83016 -0.152121)
(66.8995 4.04995 -0.136192)
(64.7784 3.12702 -0.238274)
(67.2969 3.7114 -0.0476501)
(67.1068 2.8077 -0.063938)
(66.8796 4.04747 -0.0568248)
(64.7484 3.13762 -0.0607816)
(68.0294 2.12197 -0.202089)
(64.986 3.58494 -0.316483)
(64.8525 -0.148202 -0.281598)
(68.3763 3.01729 -0.0803881)
(68.0362 2.10406 -0.0803163)
(65.0447 3.59266 -0.068748)
(64.8531 -0.0666409 -0.0591351)
(65.8621 5.40866 -0.200514)
(68.6227 4.77849 -0.0766762)
(68.8848 5.22281 -0.086667)
(67.7611 4.67281 -0.0506044)
(65.8532 5.43931 -0.0523509)
(68.6207 4.7935 -0.0382725)
(68.894 5.24856 -0.0403001)
(71.1479 11.9277 -0.135099)
(67.3806 9.90501 -0.193428)
(67.8543 7.47512 -0.186338)
(61.9209 5.78224 -0.190331)
(71.0981 11.9152 -0.149795)
(67.4372 9.94233 -0.158244)
(67.8739 7.4963 -0.161589)
(57.1912 3.68771 0.461743)
(71.1765 1.73781 0.243202)
(69.7477 3.34708 0.307761)
(67.6128 -0.223125 0.0067901)
(57.1914 3.78147 0.0279253)
(71.2205 1.71764 0.0650003)
(69.7656 3.33594 0.086916)
(67.1071 2.80771 0.0649811)
(66.8797 4.04731 0.0571773)
(64.7486 3.1373 0.0615758)
(67.3107 3.72469 0.10179)
(67.1207 2.83028 0.153221)
(66.8998 4.04952 0.136598)
(64.7799 3.12507 0.240004)
(68.0362 2.10401 0.084777)
(65.0445 3.59278 0.0733821)
(64.853 -0.0666227 0.0641684)
(68.3683 3.03554 0.206642)
(68.0295 2.12161 0.206744)
(64.9842 3.58707 0.323522)
(64.8526 -0.145061 0.2874)
(65.853 5.439 0.0514273)
(68.6206 4.79347 0.0376991)
(68.8937 5.24861 0.0391657)
(67.7743 4.66132 0.115997)
(65.8605 5.40657 0.198846)
(68.6223 4.77849 0.0761171)
(68.8841 5.22309 0.0855287)
(71.1675 11.9487 0.0385517)
(67.4899 9.98689 0.0348603)
(67.8814 7.52342 0.0483282)
(61.9294 5.81258 0.0706427)
(71.1826 11.9425 0.0416394)
(67.463 9.97277 0.0387038)
(67.8763 7.52113 0.0586082)
(57.1914 3.78148 -0.0331396)
(71.2203 1.71784 -0.0692095)
(69.7655 3.33604 -0.0916479)
(67.5094 -0.26967 -0.305816)
(57.1925 3.69165 -0.468738)
(71.1759 1.73805 -0.247828)
(69.7473 3.34701 -0.312913)
(67.1724 2.88268 0.29107)
(66.9685 4.0598 0.258812)
(64.8486 3.12792 0.397555)
(67.4126 3.79945 0.236843)
(67.2342 2.97868 0.382001)
(67.0575 4.07279 0.365388)
(65.0709 3.15655 0.800193)
(68.0339 2.16982 0.392513)
(64.9832 3.59621 0.494954)
(64.8929 -0.194837 0.459644)
(68.3464 3.17201 0.523942)
(68.0124 2.27195 0.545357)
(64.9478 3.81311 1.24235)
(64.9573 -0.214853 1.06697)
(65.909 5.36685 0.337172)
(68.6475 4.74787 0.153934)
(68.8884 5.1645 0.175728)
(67.9018 4.5952 0.299465)
(66.077 5.23321 0.707717)
(68.6605 4.69742 0.206707)
(68.8753 5.05699 0.258205)
(70.9778 11.8238 0.323618)
(67.3359 9.81957 0.340623)
(67.8716 7.4126 0.316342)
(61.8696 5.59413 0.513564)
(71.0699 11.8594 0.267779)
(67.2326 9.73288 0.456781)
(67.8482 7.36548 0.375375)
(57.2605 3.5981 -0.59349)
(71.1004 1.79388 -0.44419)
(69.7345 3.36925 -0.552927)
(67.1866 -0.493581 -1.48387)
(57.8812 3.37895 -1.313)
(70.9472 1.9359 -0.74281)
(69.6836 3.40602 -0.88649)
(67.3742 3.14838 0.538255)
(67.2585 4.10709 0.453701)
(65.3671 3.22553 1.07295)
(67.6313 3.93714 0.249139)
(67.5393 3.36049 0.488433)
(67.4838 4.12618 0.605021)
(66.7248 3.59949 1.6905)
(68.0276 2.46799 0.691882)
(65.215 4.15656 1.54029)
(65.0109 0.145853 1.48129)
(68.2741 3.33794 0.644566)
(68.0109 2.69919 0.642486)
(68.559 3.61531 0.00521524)
(67.4476 2.45078 1.77579)
(66.352 5.11139 0.974686)
(68.7296 4.63257 0.251098)
(68.9229 4.88396 0.338259)
(68.296 4.46477 0.367372)
(67.632 4.65097 1.40223)
(68.7622 4.52342 0.350117)
(68.9684 4.60274 0.447743)
(70.3748 10.4039 1.45086)
(66.821 9.00693 2.3173)
(67.9953 6.85562 0.930902)
(62.8211 4.98411 2.33251)
(70.6139 11.2216 1.05793)
(66.9409 8.39769 3.80786)
(68.072 6.51683 1.10231)
(59.3421 3.44954 -1.8551)
(70.7562 2.25742 -1.15457)
(69.6758 3.45034 -1.36547)
(70.2146 4.47706 -8.01049)
(67.6844 4.95124 -1.58836)
(70.332 2.75999 -1.38106)
(69.5683 3.3875 -1.67831)
(68.3126 3.52634 0.756645)
(67.1842 3.6322 2.34801)
(70.1495 4.35402 0.99526)
(68.024 3.44222 0.448403)
(68.1798 3.36143 0.379183)
(68.2373 3.66352 1.00316)
(68.5975 3.69748 0.444372)
(71.7034 6.01457 -2.37078)
(69.5242 4.1373 0.400703)
(70.0096 3.33904 -0.263099)
(69.2755 4.06354 0.597187)
(69.6839 3.88732 -0.264731)
(69.3444 3.98426 0.337539)
(69.6547 3.59182 -0.0621179)
(68.9628 -2.09653 -2.15565)
(67.5601 2.61862 -1.37563)
(67.517 2.34551 -7.90623)
(62.4758 4.19228 -3.40307)
(68.7048 0.855145 -1.9207)
(67.32 1.909 -1.49028)
(65.4839 1.14554 -7.32265)
(70.4885 0.645238 -1.06653)
(69.3284 3.6658 0.111818)
(71.0096 2.62609 -4.53942)
(70.6237 4.33142 -0.0259218)
(69.68 2.32007 -0.74337)
(69.6432 3.67705 -0.159664)
(72.4043 2.25093 -4.0642)
(69.0427 -3.23266 -1.65654)
(60.9905 4.21776 -2.49662)
(66.9722 1.12885 -1.12443)
(64.8039 -0.0207406 -2.21444)
(67.0501 1.48458 -1.26329)
(64.864 0.372778 -3.84855)
(69.1667 -3.78345 -1.3575)
(70.8274 0.464464 -0.984229)
(70.1305 4.65394 -0.587078)
(69.7632 3.98295 -0.720928)
(73.2971 1.61081 -1.83668)
(69.6373 4.12668 -0.393026)
(72.9793 1.98454 -2.19763)
(71.1274 0.0991117 -1.07462)
(72.4625 5.8305 -0.0729299)
(73.8336 5.59976 -2.48285)
(71.2108 1.77808 2.11595)
(76.6788 2.54932 1.97391)
(71.5114 4.69744 0.0755052)
(75.1931 6.03915 -2.43251)
(71.9685 1.1101 1.83737)
(70.3913 10.3523 -1.44366)
(62.8935 5.04894 -2.32525)
(66.8991 9.03073 -2.32284)
(68.011 6.8521 -0.929074)
(67.0147 8.42094 -3.78667)
(68.0866 6.51323 -1.09858)
(70.6327 11.1715 -1.05711)
(73.1179 6.1603 0.0463779)
(77.3156 2.01523 1.77011)
(76.8844 6.61694 -0.388393)
(72.8107 -0.101491 0.898963)
(76.2506 6.52173 -0.842552)
(72.4681 0.516511 1.46629)
(73.6288 5.97895 -0.0589201)
(69.1216 -4.11985 -0.838332)
(66.7816 0.960786 -0.866537)
(64.6498 -0.243747 -1.36737)
(60.2148 3.87383 -0.908522)
(69.0885 -3.98063 -1.00998)
(66.7488 0.824884 -0.742171)
(64.6784 -0.324204 -0.949512)
(71.2739 -0.235772 -0.814317)
(69.7477 3.87611 -0.718422)
(73.3138 1.36303 -1.31054)
(69.7952 4.04299 -0.857707)
(71.1693 -0.0847722 -0.917107)
(69.8395 3.75614 -0.696838)
(73.399 1.25679 -0.980707)
(69.083 -4.13417 -0.593656)
(60.1453 3.84094 -0.615671)
(66.6554 0.736848 -0.454117)
(64.6467 -0.358807 -0.513665)
(66.6709 0.789839 -0.529756)
(64.6475 -0.364348 -0.63947)
(69.088 -4.18467 -0.500742)
(71.2799 -0.272617 -0.605692)
(69.8088 3.9765 -0.644041)
(69.9042 3.66113 -0.475454)
(73.4077 1.18828 -0.560095)
(69.8574 3.72243 -0.551152)
(73.3925 1.19626 -0.692019)
(71.313 -0.33819 -0.514425)
(74.26 6.10302 -0.149576)
(77.3145 6.85825 -0.350826)
(73.0702 -0.166825 0.582186)
(77.9501 2.00794 0.353708)
(73.9366 6.09211 -0.099915)
(77.6692 7.00634 -0.339732)
(73.3829 -0.342164 0.344423)
(70.9816 11.8143 -0.335022)
(61.8828 5.61223 -0.526581)
(67.3446 9.82677 -0.358)
(67.8751 7.41266 -0.319653)
(67.2456 9.74249 -0.501542)
(67.8531 7.36427 -0.379009)
(71.0733 11.856 -0.274653)
(74.4275 6.20378 -0.0852228)
(78.1136 2.07729 0.281169)
(78.0304 7.19545 -0.147693)
(73.716 -0.395605 0.125321)
(77.8648 7.12645 -0.181374)
(73.5524 -0.304536 0.253608)
(74.5821 6.18789 -0.1064)
(69.0487 -4.20996 -0.261555)
(66.5976 0.726844 -0.284158)
(64.5957 -0.357091 -0.31721)
(60.0767 3.87027 -0.243847)
(69.044 -4.18641 -0.316222)
(66.5941 0.701559 -0.23834)
(64.597 -0.341504 -0.256767)
(71.3055 -0.387732 -0.272074)
(69.8934 3.64661 -0.320449)
(73.3691 1.17887 -0.359936)
(69.8791 3.9467 -0.282384)
(71.2884 -0.35273 -0.334726)
(69.9205 3.61181 -0.255152)
(73.3764 1.18573 -0.289152)
(69.038 -4.20509 -0.112708)
(60.0622 3.88058 -0.10448)
(66.5739 0.699279 -0.0670889)
(64.5675 -0.32444 -0.0785146)
(66.5785 0.702745 -0.101567)
(64.5826 -0.332597 -0.114406)
(69.0342 -4.21055 -0.0711122)
(71.3026 -0.390896 -0.121088)
(69.8864 3.94653 -0.130915)
(69.9286 3.60042 -0.0633986)
(73.3562 1.19198 -0.0837871)
(69.9247 3.60857 -0.118585)
(73.3662 1.18757 -0.134692)
(71.303 -0.400423 -0.0712098)
(74.7238 6.22692 -0.0639462)
(78.1087 7.25825 -0.0516823)
(73.7901 -0.359508 0.11666)
(78.4015 2.18237 0.0557035)
(74.649 6.23978 -0.0368521)
(78.1872 7.28736 -0.0683514)
(73.8722 -0.403165 0.0340617)
(71.1683 11.9486 -0.0418583)
(61.9303 5.81453 -0.072647)
(67.4906 9.98755 -0.0378314)
(67.8816 7.52367 -0.0503756)
(67.4645 9.97445 -0.04237)
(67.877 7.52126 -0.060774)
(71.1829 11.9427 -0.0446637)
(74.7593 6.24751 -0.00140547)
(78.4365 2.20277 0.0713256)
(78.2495 7.32424 -0.0255047)
(73.936 -0.401657 -0.0158376)
(78.2258 7.31294 0.00540232)
(73.912 -0.385104 0.0524902)
(74.7801 6.23747 -0.0327721)
(69.0385 -4.2048 0.114844)
(66.5741 0.699026 0.0684555)
(64.5678 -0.324961 0.0810449)
(60.0632 3.87866 0.106464)
(69.0344 -4.21075 0.0730835)
(66.5789 0.702741 0.102992)
(64.5841 -0.334182 0.117772)
(71.3026 -0.389477 0.12382)
(69.9285 3.6006 0.0657579)
(73.3565 1.19179 0.0887141)
(69.8861 3.94674 0.137142)
(71.3031 -0.400309 0.0738427)
(69.9242 3.61033 0.12078)
(73.3674 1.187 0.140678)
(69.0497 -4.20967 0.264058)
(60.0788 3.86649 0.24674)
(66.5987 0.727191 0.285932)
(64.6009 -0.361615 0.326095)
(66.5949 0.701253 0.239927)
(64.6002 -0.344477 0.261842)
(69.0452 -4.1847 0.319479)
(71.3055 -0.385499 0.274912)
(69.8785 3.94698 0.289881)
(69.8914 3.65196 0.321289)
(73.3719 1.17767 0.373096)
(69.9196 3.61442 0.256742)
(73.3785 1.18469 0.297404)
(71.2876 -0.347716 0.337858)
(74.7591 6.24891 -0.0028438)
(78.249 7.32393 0.0199057)
(73.9359 -0.401505 0.0119963)
(78.4374 2.20263 -0.0779558)
(74.7799 6.23764 0.0287748)
(78.225 7.31228 -0.0118972)
(73.9124 -0.383515 -0.0562624)
(71.1464 11.9278 0.131069)
(61.9189 5.77845 0.187512)
(67.3757 9.90027 0.184013)
(67.8522 7.47497 0.183384)
(67.4342 9.93922 0.152771)
(67.8725 7.49576 0.159078)
(71.096 11.9165 0.144437)
(74.7235 6.22921 0.0592617)
(78.403 2.18225 -0.0638307)
(78.1067 7.25693 0.0377362)
(73.7917 -0.354244 -0.119649)
(78.1856 7.28622 0.0595035)
(73.8729 -0.400642 -0.0373627)
(74.6491 6.24478 0.0312787)
(69.0842 -4.12393 0.600998)
(66.6573 0.737608 0.455969)
(64.6558 -0.365813 0.530551)
(60.1599 3.82266 0.629196)
(69.0898 -4.181 0.504964)
(66.6733 0.792847 0.531551)
(64.6617 -0.374026 0.681347)
(71.2755 -0.256467 0.60787)
(69.9014 3.66954 0.473529)
(73.4116 1.18692 0.579694)
(69.8035 3.9779 0.662647)
(71.3114 -0.329395 0.516495)
(69.8527 3.73633 0.546898)
(73.3953 1.19474 0.727466)
(69.1259 -4.09339 0.843073)
(60.2589 3.83524 0.932044)
(66.7865 0.96941 0.866575)
(64.7297 -0.265559 1.40767)
(66.7528 0.830302 0.741623)
(64.7256 -0.340747 1.01963)
(69.0951 -3.93574 1.01513)
(71.2699 -0.208494 0.813135)
(69.8052 4.03478 0.886812)
(69.7483 3.89993 0.713525)
(73.342 1.34871 1.33807)
(69.8375 3.77444 0.688635)
(73.4149 1.24872 1.03508)
(71.1652 -0.0455571 0.916635)
(74.4302 6.21942 0.079434)
(78.0277 7.19417 0.127881)
(73.7183 -0.386689 -0.12537)
(78.1211 2.07868 -0.304124)
(74.5826 6.19696 0.10164)
(77.8645 7.12528 0.143394)
(73.5556 -0.290849 -0.251481)
(70.9007 11.7035 0.515996)
(61.8934 5.46206 0.795345)
(66.9524 9.3844 1.17633)
(67.8541 7.11405 0.680908)
(67.1369 9.57404 0.764568)
(67.8736 7.24518 0.556802)
(70.7191 11.5628 0.67799)
(74.2581 6.12921 0.146622)
(77.9446 1.99905 -0.38443)
(77.2981 6.84463 0.32289)
(73.059 -0.144649 -0.57779)
(77.6601 6.99876 0.287868)
(73.3788 -0.32449 -0.338245)
(73.9307 6.12907 0.0986506)
(69.0474 -3.18042 1.65302)
(66.9772 1.13867 1.12315)
(64.888 -0.0432102 2.22125)
(61.0699 4.15705 2.48928)
(69.1725 -3.73201 1.35724)
(67.0546 1.49411 1.26126)
(64.9459 0.351873 3.83005)
(70.8221 0.505408 0.983088)
(69.7641 4.0088 0.719645)
(73.3238 1.59478 1.83628)
(70.1603 4.63351 0.58238)
(71.122 0.141933 1.0727)
(69.6383 4.15162 0.396914)
(73.0044 1.96752 2.1765)
(68.9647 -2.04942 2.1482)
(62.5428 4.14265 3.38635)
(67.5613 2.62238 1.37377)
(67.5403 2.33244 7.83102)
(67.3231 1.91709 1.48735)
(65.5533 1.12766 7.2555)
(68.7024 0.872757 1.91184)
(70.4832 0.681034 1.06684)
(70.6488 4.31717 0.0134983)
(69.3236 3.6863 -0.100501)
(71.0268 2.61177 4.48339)
(69.642 3.70413 0.169722)
(72.4265 2.2343 3.99934)
(69.6748 2.32746 0.746326)
(73.1145 6.19856 -0.0423276)
(76.8711 6.60151 0.390639)
(72.7992 -0.0780447 -0.896644)
(77.3 1.99368 -1.76555)
(73.6241 6.01834 0.0617961)
(76.2425 6.50443 0.864985)
(72.4582 0.540782 -1.46859)
(70.2042 9.1549 1.73918)
(64.1322 4.73752 3.06001)
(69.1419 6.05446 6.53774)
(68.6145 5.37306 1.21273)
(67.3599 7.40876 6.14023)
(68.3451 5.99848 1.28224)
(69.9944 6.63359 1.65221)
(72.4597 5.86456 0.0782295)
(76.6664 2.53618 -1.966)
(73.8202 5.58645 2.53805)
(71.2129 1.80756 -2.12278)
(75.1834 6.02232 2.49981)
(71.9625 1.13949 -1.84479)
(71.512 4.70476 -0.0728856)
(68.025 3.05872 -0.2453)
(68.4504 3.7446 -0.250772)
(68.2286 3.56185 -0.422786)
(68.2429 3.41179 -0.553777)
(68.0683 3.05505 -0.529941)
(69.027 4.82183 -0.201153)
(68.1616 4.26386 -1.26987)
(69.1012 3.67006 0.434388)
(69.6197 3.20475 0.513059)
(69.4438 3.06044 0.611482)
(70.1466 6.52308 4.53063)
(68.6493 5.70569 1.19953)
(69.8513 3.08649 1.11616)
(69.4824 3.19705 1.31272)
(69.3544 -0.424241 3.30443)
(69.5806 1.22632 7.65942)
(68.9177 -3.9774 3.09695)
(66.5143 -2.37614 2.04614)
(66.3678 5.92599 3.79207)
(67.884 0.680146 2.0999)
(60.7984 5.64887 4.45456)
(68.4559 -6.3106 1.0925)
(67.3194 -0.428444 0.851857)
(68.5951 -6.59713 0.726152)
(64.7166 -4.46331 0.829107)
(53.573 5.72089 1.74272)
(64.7723 -4.14161 1.13168)
(53.2781 5.86983 1.20643)
(68.8398 -6.65007 0.253613)
(67.5643 -0.257848 0.152285)
(68.9086 -6.70805 0.12679)
(64.7543 -4.60537 0.192058)
(53.1257 6.21667 0.454827)
(64.713 -4.53165 0.340588)
(53.1582 6.24782 0.260059)
(68.9639 -6.70141 -0.00553313)
(67.5911 -0.232271 -0.126483)
(68.9419 -6.68219 -0.106478)
(64.7691 -4.5762 -0.144811)
(53.18 6.30282 -0.0341568)
(64.7841 -4.60101 -0.0199299)
(53.1625 6.29169 -0.192012)
(68.7933 -6.68645 -0.323984)
(67.3808 -0.351218 -0.628012)
(68.677 -6.55576 -0.5222)
(64.6725 -4.41594 -0.640926)
(53.1593 6.1233 -0.607534)
(64.7157 -4.57545 -0.434525)
(53.1449 6.05037 -0.917246)
(68.502 -6.07967 -1.5055)
(68.4466 -0.130451 -3.73729)
(68.6637 -5.17649 -2.3656)
(65.647 -3.13436 -1.83205)
(54.9948 5.5679 -2.66367)
(65.1114 -4.00246 -1.38997)
(57.1588 5.62612 -2.51621)
(68.068 3.05195 0.525124)
(69.0242 4.80986 0.179086)
(68.1623 4.25934 1.26007)
(68.1415 3.29209 0.246796)
(68.025 3.05933 0.242363)
(68.45 3.7417 0.248794)
(68.2284 3.55919 0.420654)
(68.6525 5.70023 -1.19976)
(69.8508 3.08368 -1.11058)
(69.4824 3.19437 -1.3067)
(69.4224 3.73871 -0.665389)
(69.1019 3.66723 -0.434435)
(69.6194 3.20499 -0.510748)
(69.4436 3.06053 -0.608977)
(68.3414 4.57807 0.0236691)
(66.9554 4.41869 0.442872)
(68.1042 4.94042 -0.231693)
(67.2904 3.99114 -0.849139)
(66.8214 2.7436 -1.71205)
(67.7073 4.02537 -0.702914)
(64.3704 1.87114 -1.35607)
(65.5072 4.53838 -0.735039)
(67.658 5.06514 -0.746002)
(67.7299 5.32613 -0.486154)
(66.8492 4.00645 -0.831651)
(62.6033 1.0845 -1.61334)
(62.7751 1.4035 -1.55623)
(66.7537 3.73466 -0.854935)
(68.4737 -0.112826 3.74441)
(68.5251 -6.09588 1.50757)
(68.6835 -5.19418 2.36318)
(65.6718 -3.14821 1.83042)
(55.0336 5.57334 2.66564)
(57.1885 5.63139 2.52343)
(65.1398 -4.01462 1.39198)
(67.5593 4.75669 -0.706795)
(64.9291 3.68362 -0.852087)
(67.6047 4.61296 -0.656077)
(66.6829 3.35275 -0.630917)
(62.6192 0.873081 -1.08102)
(66.6555 3.46958 -0.696731)
(62.6519 0.866977 -0.773755)
(64.9343 3.61482 -0.602173)
(67.6494 4.52116 -0.438476)
(67.6093 4.56978 -0.507545)
(66.6783 3.31653 -0.476927)
(62.6751 0.956683 -0.42121)
(62.6441 0.90826 -0.538071)
(66.7075 3.28337 -0.411672)
(67.3779 -0.355725 0.611251)
(68.7929 -6.69364 0.32581)
(68.6778 -6.56664 0.526633)
(64.6762 -4.42593 0.645571)
(53.1588 6.11706 0.59876)
(53.146 6.0426 0.906117)
(64.7169 -4.58225 0.436554)
(67.6406 4.51001 -0.291718)
(65.0277 3.5856 -0.253437)
(67.6684 4.4852 -0.235168)
(66.7167 3.26667 -0.219244)
(62.6624 1.00195 -0.260557)
(66.694 3.28055 -0.266919)
(62.6932 1.03712 -0.21195)
(65.042 3.58867 -0.11341)
(67.6792 4.48081 -0.0598586)
(67.675 4.4849 -0.106816)
(66.7214 3.27159 -0.0951183)
(62.7006 1.07853 -0.0592531)
(62.7019 1.06437 -0.0866658)
(66.7241 3.27125 -0.0578871)
(67.5905 -0.232617 0.120728)
(68.9639 -6.70143 0.00210918)
(68.9416 -6.68342 0.103322)
(64.769 -4.57759 0.14176)
(53.1803 6.30278 0.0283305)
(53.1625 6.29078 0.185858)
(64.7841 -4.60108 0.0165313)
(67.6792 4.48092 0.0618042)
(65.0414 3.58935 0.118458)
(67.6746 4.48644 0.108481)
(66.7213 3.27298 0.0966863)
(62.7004 1.07848 0.0637338)
(66.7241 3.27128 0.0596849)
(62.7017 1.06487 0.0915752)
(65.0267 3.58662 0.258875)
(67.6395 4.51438 0.291472)
(67.6678 4.48732 0.235936)
(66.7167 3.26845 0.220012)
(62.6622 1.00438 0.267035)
(62.6931 1.03794 0.217151)
(66.694 3.28445 0.266877)
(67.5654 -0.257051 -0.158886)
(68.8406 -6.64581 -0.255012)
(68.909 -6.70609 -0.128949)
(64.7543 -4.60331 -0.193961)
(53.126 6.2204 -0.463312)
(53.1582 6.24948 -0.266604)
(64.7129 -4.5274 -0.341658)
(67.6483 4.52757 0.435521)
(64.932 3.61891 0.611467)
(67.6083 4.58039 0.502372)
(66.6798 3.32583 0.472944)
(62.6751 0.960536 0.42794)
(66.7081 3.28888 0.409424)
(62.6457 0.914574 0.544338)
(64.9447 3.67943 0.867195)
(67.5678 4.77111 0.701983)
(67.6085 4.62479 0.647574)
(66.6898 3.36201 0.623957)
(62.6596 0.872649 1.08433)
(62.6725 0.869681 0.783174)
(66.6675 3.48016 0.69287)
(67.3033 -0.434454 -0.874357)
(68.4336 -6.2955 -1.08719)
(68.5832 -6.58444 -0.717854)
(64.7004 -4.45286 -0.820781)
(53.531 5.71687 -1.74779)
(53.2551 5.87123 -1.21943)
(64.7445 -4.13004 -1.12647)
(67.6676 5.08135 0.745154)
(65.5445 4.52369 0.731591)
(67.7386 5.34191 0.489653)
(66.8612 4.0176 0.833938)
(62.6467 1.08328 1.61231)
(66.7667 3.74643 0.854083)
(62.8175 1.40096 1.55145)
(66.9817 4.40737 -0.449319)
(68.3379 4.59237 -0.0128539)
(68.1081 4.95795 0.24034)
(67.2979 4.00352 0.855104)
(66.8311 2.75071 1.69414)
(64.4034 1.87162 1.34904)
(67.7074 4.03519 0.711174)
(69.5706 1.21532 -7.65192)
(69.3562 -0.39973 -3.31216)
(68.9063 -3.95484 -3.1044)
(66.4984 -2.35651 -2.05135)
(66.379 5.92929 -3.77937)
(60.7851 5.65015 -4.44763)
(67.8823 0.701126 -2.10556)
(67.8789 3.77098 -0.265373)
(67.8167 4.18659 -0.453228)
(67.8692 3.89782 -0.777293)
(67.8403 4.07054 -0.357454)
(67.8064 3.61194 -0.545098)
(67.7203 4.16516 -0.428252)
(67.6534 3.8303 -0.944383)
(67.8675 2.63544 -0.163637)
(68.2062 3.41084 -0.466435)
(68.2208 3.28349 -0.500895)
(67.9867 2.83482 -0.565297)
(67.9022 2.63462 -0.601042)
(68.1989 3.72544 -0.837153)
(68.1915 3.60803 -0.828746)
(68.823 4.16304 -0.438479)
(68.7862 4.3585 -0.347111)
(68.9913 4.14557 -0.396596)
(68.6608 4.37046 -0.395553)
(68.6358 4.30627 -0.837465)
(68.774 4.40405 -0.264549)
(69.0102 4.28259 -0.364859)
(69.0251 3.4175 0.628566)
(69.3557 2.85962 0.550314)
(69.3677 2.64391 0.444048)
(69.1215 4.06581 0.792579)
(68.9948 3.88018 0.850944)
(69.3245 2.93313 1.23736)
(69.3364 2.67667 1.05014)
(67.0485 3.06001 -0.186026)
(67.1844 3.01185 -0.564357)
(67.4325 2.89082 -0.494441)
(67.0058 3.17103 -0.255296)
(67.0705 3.01742 -0.265239)
(67.225 2.8286 -0.401588)
(67.5375 2.7513 -0.370105)
(66.8933 2.76863 -0.176619)
(67.4089 2.86454 -0.355911)
(67.2848 2.69173 -0.356332)
(67.0416 2.95598 -0.247781)
(66.9142 2.7699 -0.249588)
(67.4936 2.77025 -0.280745)
(67.3268 2.5938 -0.282288)
(67.8421 2.37081 -0.757479)
(67.4408 2.76922 -1.41812)
(67.4319 2.76099 -1.32575)
(67.9204 2.36917 -0.720775)
(67.8715 2.24656 -0.741603)
(66.6288 2.0634 -1.22335)
(66.6318 2.16908 -1.1437)
(67.4413 2.17769 1.45275)
(69.1719 2.8911 1.64196)
(69.0891 2.45218 1.46486)
(64.9227 0.690362 1.24854)
(64.7841 0.468789 1.32148)
(69.1238 2.87357 1.37593)
(69.0056 2.32928 1.24916)
(70.7441 3.21871 0.312408)
(70.2705 3.7051 -0.0907905)
(70.5198 3.19531 0.0579954)
(70.4644 4.06844 -0.0851854)
(70.9784 3.11118 0.215046)
(70.3343 3.72002 -0.0326942)
(70.6236 3.1267 0.101922)
(70.2109 2.02547 0.822945)
(70.5394 2.72281 0.232147)
(70.4143 2.45443 0.293931)
(70.7737 2.02454 0.586985)
(70.2573 1.5958 0.671211)
(70.6204 2.5419 0.261964)
(70.4481 2.25866 0.324479)
(67.0497 2.91604 -0.177009)
(67.1792 2.66112 -0.335747)
(67.5415 2.59913 -0.336684)
(66.9653 3.00891 -0.152774)
(67.057 2.86482 -0.162407)
(67.1831 2.58259 -0.246185)
(67.5754 2.52235 -0.253507)
(66.885 2.68216 -0.169757)
(67.4968 2.61855 -0.295329)
(67.3078 2.43071 -0.290506)
(67.0333 2.82905 -0.160163)
(66.8944 2.64788 -0.161568)
(67.5354 2.5437 -0.231534)
(67.3376 2.35432 -0.221327)
(67.8827 2.077 -0.557262)
(66.5514 1.64062 -0.837008)
(66.5574 1.77392 -0.833603)
(67.9374 2.07649 -0.391521)
(67.9087 1.96476 -0.391653)
(66.5456 1.59072 -0.520342)
(66.5626 1.73716 -0.529653)
(63.3089 -0.177388 0.926332)
(69.0318 2.7781 0.918163)
(68.8479 2.17908 0.824837)
(63.3613 0.171562 0.590577)
(63.0524 -0.19307 0.599964)
(69.0286 2.73641 0.584143)
(68.826 2.12305 0.555645)
(71.1528 3.0482 0.209549)
(70.3754 3.76469 -0.0199905)
(70.6959 3.1082 0.0868572)
(70.6402 4.19887 -0.0242725)
(71.2803 2.99301 0.122689)
(70.4224 3.75601 -0.020145)
(70.765 3.05413 0.0580612)
(70.2456 1.33974 0.551653)
(70.672 2.45662 0.209161)
(70.429 2.17319 0.259118)
(70.9828 1.67001 0.290075)
(70.2868 1.17579 0.359601)
(70.7273 2.35119 0.145671)
(70.4566 2.05104 0.187429)
(67.045 2.8191 -0.0791881)
(67.1591 2.51912 -0.126114)
(67.5688 2.4577 -0.135764)
(66.9449 2.94646 -0.0425768)
(67.0482 2.80179 -0.0443623)
(67.159 2.50088 -0.0593714)
(67.5764 2.43755 -0.0627033)
(66.885 2.60871 -0.0758142)
(67.5349 2.48138 -0.127579)
(67.3335 2.29136 -0.121787)
(67.0296 2.77196 -0.0440059)
(66.8893 2.59526 -0.0440848)
(67.5462 2.46187 -0.0599994)
(67.3437 2.27176 -0.0576581)
(67.9087 1.90056 -0.200271)
(66.5234 1.6163 -0.274668)
(66.5517 1.76202 -0.284937)
(67.9421 1.99186 -0.0825627)
(67.9168 1.87432 -0.0832342)
(66.5203 1.64416 -0.085731)
(66.555 1.79114 -0.0909257)
(62.985 -0.136126 0.323384)
(69.0032 2.69684 0.323666)
(68.7783 2.06549 0.30624)
(63.3209 0.278919 0.101791)
(62.9878 -0.0893264 0.103596)
(69.0054 2.68378 0.0949541)
(68.7745 2.04933 0.0936272)
(71.3498 2.97949 0.0882494)
(70.4429 3.7778 0.00474807)
(70.7978 3.05268 0.0490079)
(70.7077 4.2379 -0.0120938)
(71.3869 2.96648 0.0142051)
(70.4576 3.77356 -0.0112569)
(70.8188 3.0355 0.0041103)
(70.2931 1.09557 0.226989)
(70.7517 2.32671 0.0981095)
(70.4525 2.0223 0.122444)
(71.0656 1.57776 0.0440973)
(70.3088 1.05509 0.0603776)
(70.7692 2.29509 0.021396)
(70.4617 1.98359 0.0310456)
(67.0483 2.80191 0.04519)
(67.1591 2.5011 0.0604348)
(67.5764 2.43793 0.0639616)
(66.9452 2.96271 0.0747583)
(67.045 2.81947 0.0799828)
(67.1594 2.5198 0.127177)
(67.5686 2.4589 0.13692)
(66.8892 2.59526 0.044883)
(67.5461 2.46238 0.0609305)
(67.3435 2.27234 0.0580832)
(67.0251 2.78747 0.0778953)
(66.8848 2.60868 0.0765728)
(67.5345 2.48293 0.128216)
(67.333 2.29309 0.12186)
(67.9166 1.87447 0.0875162)
(66.5202 1.64477 0.0893252)
(66.5547 1.7918 0.0944488)
(67.9351 2.01552 0.207607)
(67.9083 1.90042 0.204718)
(66.5234 1.61875 0.278054)
(66.5515 1.7645 0.288382)
(62.988 -0.088671 -0.106855)
(69.0053 2.68395 -0.0999387)
(68.7746 2.04957 -0.0986042)
(63.3166 0.238433 -0.327046)
(62.9852 -0.132998 -0.326651)
(69.003 2.69674 -0.328907)
(68.7782 2.06538 -0.311615)
(71.3868 2.96686 -0.0158354)
(70.4575 3.77369 0.0105089)
(70.8187 3.03566 -0.00500105)
(70.6823 4.23287 -0.00674594)
(71.3497 2.98065 -0.0897963)
(70.4428 3.77821 -0.00546447)
(70.7977 3.0532 -0.0498355)
(70.3089 1.05571 -0.0613261)
(70.7692 2.29523 -0.0222694)
(70.4618 1.98367 -0.0317862)
(71.0353 1.61131 -0.183135)
(70.2934 1.09745 -0.227489)
(70.7518 2.32714 -0.0988859)
(70.4527 2.02252 -0.123092)
(67.0572 2.86538 0.163056)
(67.1834 2.58395 0.247134)
(67.5751 2.5246 0.254411)
(66.969 3.06248 0.171164)
(67.0498 2.91675 0.177463)
(67.1796 2.66336 0.33636)
(67.5408 2.60271 0.337165)
(66.8941 2.64766 0.162163)
(67.5345 2.5465 0.231628)
(67.3368 2.35734 0.220773)
(67.0235 2.8691 0.168123)
(66.8846 2.68157 0.170181)
(67.4954 2.62268 0.295121)
(67.3067 2.43483 0.289799)
(67.9079 1.96391 0.395096)
(66.5467 1.5967 0.521772)
(66.5633 1.74295 0.530759)
(67.9135 2.18543 0.551773)
(67.8817 2.0733 0.558962)
(66.5689 1.64517 0.836117)
(66.5737 1.77865 0.832408)
(63.0502 -0.185617 -0.601015)
(69.0278 2.73495 -0.58832)
(68.8254 2.12178 -0.559494)
(63.5566 0.165357 -0.918873)
(63.2848 -0.17327 -0.925037)
(69.0302 2.7727 -0.920427)
(68.8463 2.17386 -0.826475)
(71.2803 2.99504 -0.123965)
(70.4221 3.75668 0.0195783)
(70.7649 3.05493 -0.0586813)
(70.5595 4.17054 0.0173669)
(71.153 3.05105 -0.210309)
(70.375 3.76563 0.0195952)
(70.6959 3.10927 -0.0872644)
(70.2876 1.17903 -0.359233)
(70.7274 2.35173 -0.146183)
(70.457 2.05119 -0.18781)
(70.888 1.81048 -0.4716)
(70.2465 1.3437 -0.551006)
(70.6721 2.45711 -0.209464)
(70.4295 2.17302 -0.259329)
(67.0706 3.01811 0.265245)
(67.2254 2.83124 0.401589)
(67.5366 2.75549 0.370043)
(67.016 3.23856 0.15754)
(67.0487 3.06065 0.185751)
(67.1848 3.01398 0.563753)
(67.4318 2.89421 0.493901)
(66.9137 2.76908 0.249575)
(67.4919 2.77497 0.280789)
(67.3254 2.59834 0.282357)
(67.0154 2.95753 0.170936)
(66.8929 2.76808 0.176332)
(67.4076 2.86855 0.35612)
(67.2836 2.69577 0.357025)
(67.8705 2.24171 0.74174)
(66.6539 2.0661 1.22292)
(66.6552 2.17186 1.14376)
(67.9054 2.53562 0.704192)
(67.841 2.36775 0.754989)
(67.4553 2.77343 1.4164)
(67.4454 2.76464 1.32427)
(64.7599 0.473134 -1.32163)
(69.1222 2.86668 -1.37674)
(69.0037 2.32304 -1.25)
(67.6312 2.36317 -1.38388)
(67.4369 2.18752 -1.45259)
(69.1711 2.88699 -1.63839)
(69.0885 2.44922 -1.46164)
(70.9786 3.11435 -0.214948)
(70.3339 3.72102 0.0327121)
(70.6235 3.12781 -0.101905)
(70.3619 3.94316 -0.00232193)
(70.7442 3.22147 -0.311468)
(70.2701 3.70599 0.0910219)
(70.5197 3.19633 -0.0577177)
(70.2583 1.60011 -0.671381)
(70.6205 2.54231 -0.261959)
(70.4487 2.2583 -0.324459)
(70.6119 2.40231 -0.739935)
(70.2118 2.02994 -0.823374)
(70.5396 2.72339 -0.231923)
(70.4148 2.45446 -0.29373)
(67.8075 3.61233 0.544277)
(67.7212 4.16447 0.427936)
(67.6552 3.82843 0.942721)
(67.8856 4.1326 0.208853)
(67.8797 3.77101 0.26471)
(67.8172 4.18609 0.453015)
(67.8703 3.89665 0.776232)
(67.9014 2.63222 0.597131)
(68.1996 3.72532 0.833836)
(68.1922 3.60787 0.825351)
(67.9507 2.83674 0.193413)
(67.867 2.63635 0.161343)
(68.2061 3.40836 0.464285)
(68.2206 3.28126 0.498982)
(68.6337 4.30422 0.839336)
(68.7734 4.40394 0.264868)
(69.0092 4.28291 0.365765)
(68.7414 4.32373 0.290566)
(68.8219 4.16184 0.439626)
(68.7858 4.3583 0.347362)
(68.9906 4.14553 0.397251)
(69.7401 4.81115 3.83742)
(68.9313 4.58553 1.05031)
(69.8191 4.81091 1.16448)
(69.4774 4.49498 0.834842)
(68.7406 4.35377 1.27452)
(69.4185 4.53 1.59908)
(68.9216 4.43615 0.981871)
(69.7317 2.46462 -2.11897)
(68.4324 6.34259 -2.54046)
(69.9562 4.37689 -2.27621)
(68.8289 2.81691 -1.23376)
(69.8043 3.42048 -1.02028)
(69.2377 3.47385 -0.481583)
(69.0958 4.37728 -1.73231)
(68.9959 3.8776 -0.849752)
(69.3249 2.93102 -1.23193)
(69.337 2.67502 -1.04506)
(69.078 3.55479 -0.553457)
(69.0258 3.41474 -0.628039)
(69.3558 2.85972 -0.54799)
(69.368 2.64406 -0.442019)
(67.8725 3.36347 -1.24801)
(68.3573 3.65809 -4.71697)
(68.5584 2.85562 -1.52858)
(68.3101 3.29754 -1.05998)
(67.7014 3.63993 -1.49793)
(67.8991 3.54543 -1.09507)
(68.2933 3.48043 -2.12172)
(69.1696 3.99037 -0.132304)
(70.054 3.6261 -2.58619)
(69.2213 3.25544 -0.735793)
(68.7509 3.3286 -0.677373)
(69.4446 4.04539 -0.266066)
(68.8504 3.67272 -0.138054)
(69.2024 3.59904 -1.43181)
(69.7484 4.83334 -3.80365)
(68.934 4.58644 -1.04731)
(69.8196 4.80745 -1.15714)
(69.4783 4.49504 -0.832292)
(68.7447 4.35838 -1.27029)
(69.422 4.53864 -1.58705)
(68.9236 4.4378 -0.980066)
(71.7075 5.51588 -0.918234)
(70.7263 3.14478 1.52968)
(70.7571 4.2106 0.0981812)
(70.0941 4.35169 -0.271879)
(70.7034 4.44843 1.21104)
(70.4453 4.56636 -0.592307)
(70.2599 3.80876 0.647641)
(67.3714 3.33468 -0.948054)
(66.1648 3.43326 -1.5871)
(67.1928 3.07014 -1.08962)
(67.3232 3.73141 -0.785357)
(67.1583 3.92828 -0.953974)
(67.4173 3.82657 -0.695643)
(66.9776 3.85759 -0.953113)
(65.5934 3.29462 -1.28498)
(66.7945 2.72564 -0.854996)
(66.899 2.89983 -0.924513)
(67.0752 3.67357 -0.650295)
(66.5326 3.78761 -0.699923)
(66.6452 3.80144 -0.763398)
(67.0088 3.60528 -0.627373)
(67.5429 3.52911 -1.24764)
(68.0146 3.58434 -1.41683)
(67.144 2.38181 -2.05103)
(65.926 1.20202 -1.66288)
(67.7835 3.66882 -1.20301)
(67.9179 3.55019 -1.41347)
(65.3466 1.0804 -1.83423)
(67.2252 3.43172 -1.06419)
(65.0564 0.524948 -1.65633)
(67.7035 3.29837 -1.02959)
(64.1318 -0.0527972 -1.57768)
(67.7315 3.48677 -1.19088)
(64.2277 0.366977 -1.76543)
(67.1578 3.18636 -0.952214)
(68.318 4.83665 -0.830942)
(67.1467 4.79775 -1.37245)
(68.1819 5.10535 -0.896161)
(68.184 4.66262 -0.579778)
(68.0168 4.46388 -0.714521)
(68.2721 4.56081 -0.553191)
(67.8451 4.50373 -0.743971)
(66.6191 5.00179 -1.18307)
(67.8351 5.53033 -0.717107)
(67.9235 5.36445 -0.80548)
(67.9503 4.79393 -0.562956)
(67.4233 4.66449 -0.624588)
(67.53 4.61287 -0.6926)
(67.8955 4.85568 -0.52993)
(66.9205 -1.13165 0.999762)
(66.9444 5.39747 1.94712)
(68.6997 1.61618 0.676719)
(63.9739 4.19101 2.12889)
(68.0576 1.38551 0.996438)
(62.3045 4.85234 2.53864)
(67.9124 -0.871391 0.639074)
(66.1389 -1.6055 1.13748)
(61.3039 3.80424 1.41918)
(57.016 4.43821 2.06967)
(67.1064 -2.23464 0.742634)
(59.1473 4.65529 1.57674)
(67.3939 -1.34538 0.802805)
(65.6465 -2.42003 0.998273)
(66.5751 2.62994 -0.670726)
(64.9797 3.1438 -0.663028)
(66.5215 2.55098 -0.597631)
(66.7706 3.51925 -0.467411)
(66.3029 3.74384 -0.543303)
(66.8084 3.55341 -0.498181)
(66.2536 3.73435 -0.493136)
(64.873 3.12722 -0.460619)
(66.4032 2.49513 -0.383672)
(66.4281 2.52897 -0.429608)
(66.6849 3.50558 -0.335298)
(66.1401 3.72111 -0.320721)
(66.1611 3.71983 -0.347256)
(66.6657 3.49005 -0.316177)
(67.0494 2.83851 -0.639016)
(67.6068 3.09944 -0.781196)
(64.1072 -0.381463 -1.06334)
(64.918 -0.262144 -0.84285)
(67.0442 2.95928 -0.72907)
(67.614 2.97422 -0.66724)
(64.1023 -0.419086 -0.805704)
(67.0332 2.79377 -0.46909)
(64.8854 -0.237608 -0.591474)
(67.6005 2.87816 -0.406806)
(64.0785 -0.338623 -0.429628)
(67.5881 2.92244 -0.479289)
(64.0722 -0.384813 -0.559888)
(67.0499 2.75674 -0.401545)
(67.6494 5.68117 -0.54583)
(66.0212 5.28458 -0.583502)
(67.6213 5.76118 -0.477364)
(67.6901 4.98469 -0.380198)
(67.2113 4.74786 -0.468438)
(67.7179 4.94915 -0.404936)
(67.1656 4.76429 -0.424413)
(65.9304 5.34684 -0.40285)
(67.5498 5.87228 -0.297188)
(67.5576 5.84023 -0.335177)
(67.6228 5.04031 -0.275117)
(67.0683 4.82228 -0.278319)
(67.0853 4.81165 -0.304122)
(67.612 5.05519 -0.25913)
(65.0935 -2.77784 0.717703)
(55.413 4.47967 1.47237)
(66.7708 -2.24684 0.705013)
(57.5063 3.41369 1.06078)
(65.2084 -2.46362 0.906611)
(54.9736 4.57579 1.14309)
(66.6968 -2.55906 0.59672)
(64.9769 -2.71474 0.608506)
(57.299 3.5382 0.840089)
(54.7141 4.79313 0.619592)
(66.5903 -2.62664 0.4006)
(54.762 4.72346 0.902124)
(66.5981 -2.47265 0.538812)
(64.9697 -2.87548 0.434423)
(66.3382 2.48692 -0.234443)
(64.7711 3.1324 -0.204116)
(66.329 2.46906 -0.20432)
(66.5922 3.47223 -0.169875)
(66.0756 3.71315 -0.185806)
(66.6022 3.48165 -0.184042)
(66.0662 3.7147 -0.170265)
(64.7532 3.13478 -0.0829108)
(66.3064 2.4685 -0.0620746)
(66.3109 2.46995 -0.0843376)
(66.5748 3.47157 -0.0689875)
(66.0473 3.71495 -0.0576582)
(66.0491 3.71394 -0.0683104)
(66.5728 3.4713 -0.0583249)
(67.0441 2.73657 -0.212087)
(67.568 2.86589 -0.258105)
(64.0468 -0.2876 -0.263136)
(64.866 -0.111898 -0.22248)
(67.0286 2.75077 -0.256406)
(67.5804 2.84773 -0.213418)
(64.0618 -0.249202 -0.211119)
(67.0447 2.741 -0.0895518)
(64.8593 -0.0797582 -0.0902535)
(67.5739 2.84851 -0.0572196)
(64.055 -0.203891 -0.0580961)
(67.5745 2.84958 -0.08922)
(64.0608 -0.218223 -0.084861)
(67.0453 2.74081 -0.056856)
(67.5082 5.91632 -0.174356)
(65.8619 5.41937 -0.172093)
(67.5102 5.93289 -0.155327)
(67.5601 5.09977 -0.137782)
(67.0162 4.85395 -0.15916)
(67.5647 5.09063 -0.146975)
(67.0095 4.85883 -0.146121)
(65.8536 5.43562 -0.0679229)
(67.5033 5.95127 -0.049896)
(67.504 5.95028 -0.0602149)
(67.5506 5.11423 -0.0552117)
(66.998 4.8733 -0.0507362)
(66.9986 4.87193 -0.058986)
(67.5503 5.11439 -0.0494774)
(64.937 -2.88921 0.207055)
(54.651 4.8882 0.479842)
(66.5415 -2.54855 0.341266)
(57.1962 3.72073 0.26821)
(64.92 -2.81047 0.354279)
(54.6559 4.92292 0.278828)
(66.5523 -2.62487 0.203545)
(64.9309 -2.85327 0.152999)
(57.1842 3.76814 0.190854)
(54.6548 4.97961 0.0308496)
(66.5497 -2.60486 0.0203239)
(54.6471 4.96619 0.196674)
(66.5451 -2.58177 0.153685)
(64.938 -2.87752 0.0201179)
(66.3065 2.46829 0.0629918)
(64.7536 3.13409 0.0838377)
(66.3112 2.46982 0.0852886)
(66.575 3.4714 0.0695913)
(66.0474 3.71473 0.0581552)
(66.5729 3.47111 0.0589169)
(66.0493 3.71358 0.068841)
(64.772 3.13101 0.205354)
(66.3391 2.48669 0.235597)
(66.3297 2.46861 0.205381)
(66.5927 3.47173 0.170551)
(66.0763 3.71217 0.186576)
(66.0667 3.71392 0.170916)
(66.6028 3.48121 0.18475)
(67.0447 2.74247 0.0911731)
(67.574 2.84857 0.0590552)
(64.0549 -0.203915 0.0628993)
(64.8592 -0.078898 0.0955776)
(67.0453 2.74086 0.0586433)
(67.5746 2.85109 0.0909444)
(64.0608 -0.217559 0.0900331)
(67.0443 2.73843 0.213029)
(64.866 -0.110702 0.227783)
(67.5684 2.86968 0.258862)
(64.047 -0.28482 0.269356)
(67.5807 2.84958 0.214579)
(64.0618 -0.248229 0.216442)
(67.0289 2.75468 0.256738)
(67.5031 5.95106 0.048606)
(65.8532 5.43489 0.066908)
(67.5035 5.95013 0.0588715)
(67.5503 5.11407 0.0544216)
(66.9978 4.87309 0.0501283)
(67.5502 5.11421 0.0487023)
(66.9984 4.87157 0.0583539)
(65.8609 5.41793 0.170825)
(67.5068 5.91597 0.172677)
(67.5092 5.93237 0.153818)
(67.5594 5.09927 0.136916)
(67.0155 4.85294 0.158342)
(67.009 4.85805 0.145397)
(67.5639 5.09018 0.146062)
(64.931 -2.85176 -0.155812)
(54.6548 4.97962 -0.0365293)
(66.5497 -2.60487 -0.0230124)
(57.1847 3.76914 -0.196463)
(64.9379 -2.87746 -0.0231949)
(54.6476 4.96704 -0.202713)
(66.5451 -2.58035 -0.156158)
(64.9369 -2.88698 -0.208752)
(57.1969 3.72246 -0.27403)
(54.6526 4.89169 -0.487586)
(66.5408 -2.54421 -0.342038)
(54.6567 4.92443 -0.285124)
(66.5521 -2.62283 -0.204945)
(64.9194 -2.80588 -0.355207)
(66.4046 2.49479 0.384919)
(64.8779 3.12306 0.464432)
(66.4297 2.52932 0.430893)
(66.686 3.50496 0.3361)
(66.1414 3.71958 0.32172)
(66.6667 3.48929 0.316957)
(66.163 3.71799 0.348492)
(64.9889 3.13742 0.667277)
(66.5777 2.63202 0.67129)
(66.524 2.55195 0.598373)
(66.7724 3.51844 0.46802)
(66.3072 3.74091 0.544263)
(66.257 3.73179 0.494338)
(66.8104 3.55282 0.498691)
(67.0352 2.80243 0.466304)
(67.6015 2.88298 0.406079)
(64.0788 -0.334292 0.435713)
(64.8873 -0.23001 0.594081)
(67.0509 2.76201 0.400047)
(67.59 2.93015 0.477955)
(64.074 -0.377683 0.564224)
(67.0568 2.84627 0.633533)
(64.9375 -0.257112 0.84537)
(67.618 3.10443 0.779186)
(64.1456 -0.378787 1.06423)
(67.6207 2.98027 0.663384)
(64.1222 -0.414388 0.811458)
(67.0565 2.96717 0.72606)
(67.5476 5.87171 0.295318)
(65.9255 5.34217 0.399362)
(67.5547 5.84011 0.333101)
(67.6211 5.03964 0.274081)
(67.067 4.82069 0.277324)
(67.6107 5.0544 0.25814)
(67.0834 4.80966 0.302906)
(66.0114 5.27654 0.579862)
(67.6442 5.68198 0.54484)
(67.6169 5.76128 0.475786)
(67.6876 4.98379 0.37939)
(67.2068 4.7444 0.467597)
(67.1622 4.76139 0.423282)
(67.7151 4.94842 0.404322)
(64.9717 -2.70467 -0.604244)
(54.7162 4.79904 -0.627116)
(66.588 -2.62003 -0.398707)
(57.2979 3.54601 -0.846133)
(64.9675 -2.86837 -0.432463)
(54.7622 4.7306 -0.910004)
(66.5927 -2.46336 -0.535244)
(65.0761 -2.76891 -0.710099)
(57.4838 3.41539 -1.06588)
(55.3723 4.47655 -1.47468)
(66.743 -2.24039 -0.700642)
(54.9514 4.57714 -1.15122)
(66.6794 -2.55156 -0.589927)
(65.18 -2.45494 -0.901914)
(66.7971 2.72808 0.85472)
(65.6073 3.28631 1.2833)
(66.9013 2.90221 0.923855)
(67.0773 3.67291 0.650175)
(66.5376 3.78442 0.700083)
(67.011 3.60463 0.627386)
(66.6501 3.79833 0.763075)
(66.1761 3.42613 1.58286)
(67.3724 3.33533 0.947495)
(67.1943 3.07217 1.08835)
(67.3248 3.73079 0.784925)
(67.1613 3.92595 0.953146)
(66.9816 3.85484 0.952025)
(67.4187 3.82562 0.695503)
(67.2377 3.43966 1.06596)
(67.7159 3.30383 1.02922)
(64.1735 -0.0509334 1.57597)
(65.0973 0.524938 1.65229)
(67.1712 3.19498 0.951439)
(67.7431 3.49162 1.19223)
(64.2686 0.367077 1.76077)
(67.5514 3.53809 1.25213)
(65.96 1.20437 1.65919)
(68.0168 3.58969 1.42091)
(67.1566 2.38939 2.03744)
(67.9259 3.55606 1.41682)
(65.3798 1.08284 1.8286)
(67.7855 3.67621 1.20911)
(67.8298 5.53131 0.717587)
(66.6044 4.99061 1.18483)
(67.9188 5.36544 0.806808)
(67.9474 4.79309 0.563279)
(67.4184 4.66073 0.62458)
(67.8925 4.85485 0.530008)
(67.5252 4.60919 0.693034)
(67.1346 4.78815 1.37658)
(68.3155 4.83654 0.833026)
(68.1783 5.10616 0.89862)
(68.1816 4.66183 0.580585)
(68.0138 4.46119 0.71545)
(67.841 4.50048 0.745194)
(68.2701 4.55977 0.553726)
(66.1134 -1.59418 -1.1387)
(56.9789 4.43427 -2.0679)
(67.0779 -2.22769 -0.741292)
(61.2771 3.80251 -1.41446)
(65.6174 -2.41092 -0.996541)
(59.1192 4.65205 -1.5709)
(67.3687 -1.33563 -0.803608)
(66.9034 -1.11394 -1.00363)
(63.962 4.19541 -2.12631)
(66.9529 5.4021 -1.93836)
(68.6961 1.6349 -0.679976)
(62.2918 4.85537 -2.53406)
(67.8952 -0.854818 -0.642426)
(68.0545 1.40497 -1.00042)
(67.8735 3.36344 1.24667)
(68.3685 3.63918 4.68315)
(68.5568 2.8606 1.52564)
(68.31 3.29862 1.06012)
(67.7054 3.63623 1.49357)
(67.9003 3.54426 1.09425)
(68.2977 3.47332 2.10878)
(69.1652 3.99902 0.134661)
(70.0611 3.61371 2.57103)
(69.2177 3.26132 0.737698)
(68.7498 3.33084 0.680568)
(69.4448 4.03907 0.250871)
(68.8488 3.67576 0.143443)
(69.2045 3.59186 1.41891)
(71.6991 5.49732 0.931998)
(70.7291 3.1507 -1.52654)
(70.7586 4.21423 -0.0957151)
(70.0944 4.35187 0.271833)
(70.7055 4.44029 -1.19637)
(70.444 4.55695 0.602269)
(70.2609 3.80918 -0.648576)
(68.5568 4.36975 -0.0754633)
(68.8695 4.42757 0.381015)
(67.9858 4.67632 -1.07963)
(68.5679 3.83707 0.0523897)
(68.067 4.07584 -0.618547)
(68.2407 3.65903 -0.256993)
(68.2809 4.43515 -0.018214)
(68.0846 3.59688 -1.22344)
(67.9905 4.38382 -1.37005)
(68.0042 3.75902 -1.0332)
(68.1056 3.43297 -0.457733)
(68.2595 4.21282 -0.462972)
(68.0948 3.27385 -0.582492)
(68.1701 4.30006 -0.353401)
(69.7288 2.4606 2.11869)
(69.952 4.38387 2.28793)
(68.4265 6.35027 2.54221)
(69.8029 3.42069 1.01651)
(68.8281 2.81505 1.23233)
(69.2368 3.47519 0.476505)
(69.0916 4.38322 1.74053)
(68.3871 6.01329 1.45577)
(69.0888 3.29789 0.205945)
(68.774 3.14692 0.455286)
(69.0398 3.54619 0.0532889)
(68.9089 4.25648 1.07432)
(68.8397 4.33553 1.25259)
(69.1729 3.58201 -0.138038)
(68.5534 4.37686 0.0799074)
(67.984 4.66863 1.064)
(68.8688 4.42314 -0.392552)
(68.0662 4.08133 0.62261)
(68.5668 3.84037 -0.0444987)
(68.2406 3.66221 0.265416)
(68.28 4.43249 0.00901124)
(68.0855 3.6005 1.22402)
(67.9903 4.37843 1.35792)
(68.0048 3.76364 1.03572)
(68.1061 3.43608 0.465275)
(68.2585 4.21134 0.455769)
(68.0956 3.2766 0.588615)
(68.1691 4.29836 0.345247)
(68.3912 6.00703 -1.45553)
(69.0877 3.29819 -0.206586)
(68.7735 3.14773 -0.456445)
(69.0401 3.54411 -0.0581758)
(68.9111 4.25151 -1.06838)
(68.8429 4.33019 -1.24596)
(69.1726 3.57953 0.133933)
(68.1618 3.4639 -0.132101)
(68.1481 3.69793 -0.429712)
(68.2938 3.54349 -0.343098)
(68.1474 3.61513 -0.37147)
(68.2129 3.45709 -0.308685)
(68.1946 3.70043 -0.446254)
(68.4251 3.60376 -0.25469)
(68.0431 3.1009 0.0192353)
(68.3108 3.40945 -0.24789)
(68.2762 3.26449 -0.268237)
(68.176 3.32266 -0.212957)
(68.0538 3.12481 -0.1941)
(68.398 3.52874 -0.0530033)
(68.3092 3.38043 -0.111113)
(69.3008 3.58721 0.0666966)
(69.1437 3.79578 -0.283054)
(69.3226 3.49545 -0.125732)
(69.2472 3.84352 -0.302168)
(69.465 3.67159 0.0584417)
(69.2061 3.80926 -0.165463)
(69.4435 3.46052 0.0815708)
(69.1984 3.24673 0.358341)
(69.3938 3.25552 -0.0106492)
(69.4249 3.04286 0.0525226)
(69.3801 3.50502 0.431266)
(69.2015 3.39036 0.385605)
(69.4782 3.16869 0.36044)
(69.4465 2.97223 0.441919)
(67.1087 3.20274 -0.120423)
(67.1481 3.39837 -0.390642)
(67.2582 3.21792 -0.402141)
(67.1352 3.37721 -0.271066)
(67.1256 3.16947 -0.2741)
(67.1676 3.33515 -0.341883)
(67.3495 3.18009 -0.309167)
(66.9698 2.84573 -0.0349931)
(67.2676 3.07912 -0.35144)
(67.2368 2.89402 -0.375852)
(67.0789 3.02807 -0.244037)
(66.9731 2.84477 -0.239214)
(67.352 3.08527 -0.197611)
(67.2869 2.90049 -0.207409)
(70.3845 3.3119 0.347697)
(70.1166 3.68739 -0.158066)
(70.3111 3.30512 -0.0197972)
(70.2732 3.69885 -0.0540778)
(70.5148 3.21753 0.23142)
(70.1631 3.66074 -0.0394527)
(70.387 3.21578 0.110742)
(70.2204 2.66037 0.73706)
(70.3924 2.99415 0.0417114)
(70.4006 2.72989 0.0733291)
(70.4465 2.71278 0.591734)
(70.2156 2.44015 0.664288)
(70.4372 2.83916 0.268162)
(70.4032 2.56926 0.320454)
(67.0049 3.58035 -0.0612014)
(66.9902 3.91942 -0.287073)
(66.9945 3.48573 -0.490146)
(67.0409 3.93008 -0.137632)
(66.973 3.52725 -0.199118)
(66.9681 3.87688 -0.197786)
(66.9833 3.39568 -0.307928)
(67.7384 4.3857 -0.0404731)
(67.7966 4.83554 -0.221257)
(67.6905 4.48424 -0.418704)
(67.8339 4.78034 -0.110471)
(67.6664 4.34617 -0.192916)
(67.7707 4.82708 -0.144725)
(67.6254 4.47727 -0.254447)
(68.4827 4.62994 -0.126384)
(68.5958 4.92374 -0.219241)
(68.6663 4.65234 -0.306144)
(68.5602 4.896 -0.137127)
(68.4101 4.65493 -0.229205)
(68.5876 4.93847 -0.129277)
(68.6575 4.6944 -0.183758)
(69.9564 4.14224 0.0113117)
(69.7412 4.27893 -0.212114)
(69.9765 3.97359 -0.161986)
(69.7511 4.33023 -0.117367)
(69.9555 4.2184 -0.118618)
(69.7563 4.27947 -0.108906)
(70.0076 3.98263 -0.080932)
(66.9221 3.44056 -0.140712)
(66.891 3.80812 -0.153409)
(66.9004 3.28502 -0.249292)
(66.9774 3.85127 -0.0989984)
(66.912 3.40373 -0.12667)
(66.8728 3.78714 -0.128618)
(66.8811 3.23544 -0.192006)
(67.5895 4.30969 -0.138585)
(67.703 4.81317 -0.108686)
(67.516 4.45656 -0.203963)
(67.7666 4.75349 -0.0792278)
(67.5579 4.28109 -0.12289)
(67.6831 4.80914 -0.0918428)
(67.4708 4.4488 -0.156179)
(68.32 4.68069 -0.171222)
(68.5331 4.94999 -0.0917966)
(68.5938 4.71642 -0.145797)
(68.4857 4.91236 -0.0876286)
(68.2838 4.69504 -0.140815)
(68.5224 4.95899 -0.0791782)
(68.5779 4.73981 -0.115479)
(69.9689 4.30948 -0.0742593)
(69.7483 4.33062 -0.0672675)
(70.0136 4.03211 -0.0589477)
(69.746 4.41042 -0.0744843)
(69.9933 4.33954 -0.0698039)
(69.7528 4.33466 -0.0642018)
(70.033 4.03555 -0.0540241)
(66.8853 3.36457 -0.0594334)
(66.8381 3.75161 -0.0577843)
(66.8452 3.18522 -0.0945494)
(66.9473 3.81585 -0.0322805)
(66.8826 3.35343 -0.0377137)
(66.8327 3.74593 -0.0378473)
(66.8398 3.17267 -0.0495898)
(67.5185 4.26769 -0.0610884)
(67.6503 4.80325 -0.0416042)
(67.4227 4.44079 -0.0791383)
(67.7331 4.74388 -0.0250773)
(67.5092 4.25905 -0.0342316)
(67.6442 4.80228 -0.0268482)
(67.4101 4.43895 -0.0389547)
(68.2429 4.70831 -0.0707053)
(68.4969 4.96603 -0.0334322)
(68.5491 4.75351 -0.054473)
(68.4512 4.92082 -0.0259282)
(68.2332 4.71289 -0.0362512)
(68.4935 4.96915 -0.0239689)
(68.5444 4.76128 -0.0310761)
(70.0028 4.37794 -0.0243506)
(69.7484 4.36117 -0.0223433)
(70.0377 4.06113 -0.0155742)
(69.7427 4.44631 -0.0235726)
(70.0123 4.38615 -0.0221631)
(69.7502 4.36243 -0.0210803)
(70.0443 4.06179 -0.018524)
(66.8827 3.3535 0.038168)
(66.8328 3.74597 0.0382053)
(66.84 3.17278 0.0502574)
(66.9501 3.82114 0.042522)
(66.8855 3.36476 0.0598712)
(66.8383 3.7517 0.0581351)
(66.8455 3.1855 0.0952055)
(67.5093 4.25902 0.0344649)
(67.6443 4.80224 0.0269198)
(67.4102 4.43888 0.0391079)
(67.7377 4.74722 0.0351375)
(67.5186 4.26767 0.0613163)
(67.6503 4.80319 0.0416768)
(67.4228 4.44061 0.0793005)
(68.2332 4.71282 0.0360519)
(68.4935 4.96912 0.023842)
(68.5443 4.76125 0.0307961)
(68.4562 4.91918 0.0390475)
(68.2427 4.70814 0.0705032)
(68.4968 4.96601 0.0333099)
(68.5489 4.7535 0.0542046)
(70.0121 4.38626 0.0213859)
(69.7501 4.36247 0.0207628)
(70.0442 4.06187 0.0180098)
(69.7409 4.44184 0.0282117)
(70.0024 4.37822 0.0235936)
(69.7483 4.36126 0.022035)
(70.0375 4.06135 0.0150819)
(66.9123 3.40405 0.127008)
(66.8732 3.78734 0.128889)
(66.8816 3.23597 0.192553)
(66.9858 3.86835 0.107201)
(66.9225 3.44098 0.140964)
(66.8914 3.80837 0.153618)
(66.9011 3.28579 0.249669)
(67.5582 4.28103 0.123081)
(67.6832 4.80901 0.0919042)
(67.4711 4.44848 0.156336)
(67.7803 4.76435 0.0848779)
(67.5898 4.30965 0.138726)
(67.7031 4.81301 0.10874)
(67.5164 4.45615 0.204089)
(68.2835 4.69473 0.14063)
(68.5222 4.95892 0.0790832)
(68.5776 4.73975 0.115257)
(68.5014 4.90777 0.0997104)
(68.3196 4.68028 0.171086)
(68.5329 4.94992 0.0917215)
(68.5934 4.71638 0.145641)
(69.9926 4.34007 0.0691729)
(69.7525 4.33483 0.0639806)
(70.0326 4.03591 0.0536508)
(69.7421 4.39658 0.0779257)
(69.968 4.31024 0.0738325)
(69.7479 4.33083 0.0670839)
(70.0132 4.03259 0.0586709)
(66.9735 3.5277 0.199145)
(66.9686 3.87717 0.197811)
(66.984 3.39655 0.307967)
(67.064 3.96136 0.050547)
(67.0053 3.58078 0.0611488)
(66.9906 3.91969 0.287006)
(66.9952 3.48649 0.489822)
(67.6668 4.34611 0.192951)
(67.7708 4.82689 0.144745)
(67.6259 4.4768 0.254473)
(67.8642 4.80021 0.0117705)
(67.7388 4.38563 0.0404083)
(67.7968 4.83536 0.221304)
(67.6909 4.4838 0.418693)
(68.4096 4.65446 0.229194)
(68.5874 4.93837 0.129256)
(68.657 4.69434 0.18373)
(68.586 4.88949 0.0786063)
(68.4823 4.6295 0.12644)
(68.5956 4.92364 0.219221)
(68.6659 4.65226 0.306222)
(69.9546 4.21924 0.118625)
(69.7559 4.2797 0.108884)
(70.0071 3.98315 0.0809237)
(69.7525 4.308 0.100298)
(69.9555 4.14294 -0.0108974)
(69.7409 4.27914 0.212094)
(69.976 3.97407 0.162062)
(67.1258 3.16997 0.273611)
(67.1678 3.3361 0.3413)
(67.349 3.18172 0.308718)
(67.1319 3.41721 0.179393)
(67.1088 3.20323 0.120004)
(67.1483 3.39904 0.390075)
(67.2582 3.21892 0.401635)
(66.9728 2.84451 0.238738)
(67.3511 3.08733 0.197973)
(67.286 2.90279 0.208411)
(67.0656 3.03193 0.0623445)
(66.9695 2.84592 0.0345564)
(67.2672 3.08031 0.351371)
(67.2363 2.89536 0.376308)
(70.5151 3.21868 -0.230388)
(70.1628 3.66128 0.0399212)
(70.3869 3.2164 -0.11023)
(70.1995 3.68683 0.000205446)
(70.3844 3.31271 -0.34692)
(70.1163 3.68783 0.15849)
(70.3109 3.30563 0.0202265)
(70.2165 2.44192 -0.664474)
(70.4374 2.83955 -0.267727)
(70.4036 2.56927 -0.320069)
(70.376 2.92509 -0.621387)
(70.2208 2.66163 -0.737063)
(70.3924 2.99463 -0.041296)
(70.4009 2.73023 -0.0730308)
(68.2133 3.45714 0.307397)
(68.195 3.69947 0.444947)
(68.4252 3.60236 0.253015)
(68.1287 3.65012 0.253887)
(68.1621 3.46374 0.131233)
(68.1485 3.6973 0.428949)
(68.2941 3.54261 0.342118)
(68.0539 3.1249 0.192597)
(68.3979 3.52727 0.0517223)
(68.3091 3.37903 0.110234)
(68.1412 3.28929 0.0322406)
(68.0433 3.10091 -0.0202508)
(68.311 3.40847 0.246987)
(68.2764 3.2635 0.267452)
(69.4652 3.67017 -0.05689)
(69.2058 3.80908 0.166311)
(69.4433 3.46039 -0.0803732)
(69.1702 3.78965 0.208866)
(69.3007 3.58627 -0.0658664)
(69.1434 3.79545 0.283711)
(69.3225 3.49514 0.126542)
(69.202 3.38877 -0.384842)
(69.4782 3.16848 -0.359005)
(69.4466 2.97186 -0.44032)
(69.2911 3.3952 -0.289759)
(69.1985 3.24561 -0.358021)
(69.3937 3.25523 0.0115382)
(69.4248 3.04255 -0.0516099)
)
;

boundaryField
{
    inlet
    {
        type            fixedValue;
        value           uniform (67.9226 14.4374 0);
    }
    outlet
    {
        type            zeroGradient;
    }
    top
    {
        type            slip;
    }
    bottom
    {
        type            slip;
    }
    front
    {
        type            slip;
    }
    back
    {
        type            slip;
    }
    wing
    {
        type            noSlip;
    }
}


// ************************************************************************* //
